time_s,respiratory_signal_raw_ch1,time_capnogram_raw_ch4
0.0,26,24
0.00390625,27,24
0.0078125,26,24
0.01171875,26,24
0.015625,26,24
0.01953125,26,24
0.0234375,26,24
0.02734375,26,24
0.03125,26,24
0.03515625,27,24
0.0390625,27,24
0.04296875,27,24
0.046875,27,24
0.05078125,27,24
0.0546875,27,24
0.05859375,27,24
0.0625,27,24
0.06640625,27,24
0.0703125,27,24
0.07421875,27,24
0.078125,27,24
0.08203125,28,24
0.0859375,28,24
0.08984375,28,24
0.09375,28,23
0.09765625,28,25
0.1015625,28,25
0.10546875,28,24
0.109375,28,24
0.11328125,28,24
0.1171875,28,24
0.12109375,28,24
0.125,28,24
0.12890625,28,24
0.1328125,27,24
0.13671875,27,24
0.140625,27,24
0.14453125,27,24
0.1484375,26,25
0.15234375,27,24
0.15625,26,24
0.16015625,26,24
0.1640625,27,24
0.16796875,27,24
0.171875,27,24
0.17578125,27,24
0.1796875,27,24
0.18359375,27,24
0.1875,28,24
0.19140625,28,24
0.1953125,28,24
0.19921875,27,24
0.203125,28,24
0.20703125,28,24
0.2109375,28,24
0.21484375,28,24
0.21875,29,24
0.22265625,29,24
0.2265625,29,24
0.23046875,29,25
0.234375,30,25
0.23828125,30,24
0.2421875,30,24
0.24609375,30,25
0.25,30,25
0.25390625,31,24
0.2578125,31,25
0.26171875,31,25
0.265625,31,25
0.26953125,32,25
0.2734375,32,24
0.27734375,32,25
0.28125,33,25
0.28515625,33,25
0.2890625,33,24
0.29296875,33,24
0.296875,33,24
0.30078125,34,24
0.3046875,34,24
0.30859375,34,24
0.3125,34,24
0.31640625,35,24
0.3203125,35,24
0.32421875,35,24
0.328125,35,24
0.33203125,36,24
0.3359375,36,24
0.33984375,36,24
0.34375,36,23
0.34765625,36,24
0.3515625,36,24
0.35546875,36,24
0.359375,36,24
0.36328125,36,24
0.3671875,37,24
0.37109375,38,24
0.375,39,24
0.37890625,39,24
0.3828125,40,24
0.38671875,41,24
0.390625,42,24
0.39453125,43,25
0.3984375,43,25
0.40234375,44,24
0.40625,45,24
0.41015625,45,24
0.4140625,46,24
0.41796875,47,24
0.421875,48,24
0.42578125,48,24
0.4296875,50,24
0.43359375,50,24
0.4375,51,24
0.44140625,52,24
0.4453125,52,24
0.44921875,52,24
0.453125,53,24
0.45703125,54,24
0.4609375,54,25
0.46484375,55,25
0.46875,56,24
0.47265625,57,24
0.4765625,57,25
0.48046875,58,25
0.484375,58,24
0.48828125,59,24
0.4921875,59,24
0.49609375,59,25
0.5,59,25
0.50390625,60,24
0.5078125,60,24
0.51171875,60,25
0.515625,60,25
0.51953125,60,24
0.5234375,61,24
0.52734375,61,24
0.53125,61,24
0.53515625,61,24
0.5390625,61,24
0.54296875,62,24
0.546875,62,25
0.55078125,62,25
0.5546875,63,24
0.55859375,63,24
0.5625,63,24
0.56640625,63,24
0.5703125,63,24
0.57421875,63,24
0.578125,63,24
0.58203125,63,24
0.5859375,64,24
0.58984375,64,24
0.59375,64,24
0.59765625,64,24
0.6015625,64,24
0.60546875,64,24
0.609375,64,24
0.61328125,64,24
0.6171875,64,24
0.62109375,64,24
0.625,64,24
0.62890625,65,24
0.6328125,65,24
0.63671875,66,24
0.640625,66,24
0.64453125,65,24
0.6484375,65,24
0.65234375,65,24
0.65625,65,24
0.66015625,64,24
0.6640625,64,24
0.66796875,64,25
0.671875,65,24
0.67578125,64,24
0.6796875,65,25
0.68359375,64,25
0.6875,64,25
0.69140625,64,24
0.6953125,64,25
0.69921875,64,25
0.703125,64,25
0.70703125,64,25
0.7109375,64,26
0.71484375,65,26
0.71875,66,25
0.72265625,66,24
0.7265625,66,24
0.73046875,66,24
0.734375,66,24
0.73828125,66,24
0.7421875,66,24
0.74609375,66,24
0.75,66,24
0.75390625,67,24
0.7578125,67,24
0.76171875,67,24
0.765625,67,24
0.76953125,67,24
0.7734375,67,24
0.77734375,67,25
0.78125,68,25
0.78515625,68,26
0.7890625,67,26
0.79296875,67,26
0.796875,67,26
0.80078125,67,27
0.8046875,67,26
0.80859375,68,26
0.8125,68,27
0.81640625,68,27
0.8203125,68,27
0.82421875,69,28
0.828125,69,29
0.83203125,69,30
0.8359375,69,31
0.83984375,68,32
0.84375,68,33
0.84765625,68,34
0.8515625,68,35
0.85546875,69,36
0.859375,69,38
0.86328125,68,39
0.8671875,69,41
0.87109375,68,42
0.875,68,44
0.87890625,68,45
0.8828125,68,47
0.88671875,68,49
0.890625,68,50
0.89453125,67,53
0.8984375,67,54
0.90234375,68,56
0.90625,68,58
0.91015625,68,60
0.9140625,68,62
0.91796875,69,64
0.921875,69,66
0.92578125,69,68
0.9296875,69,70
0.93359375,69,71
0.9375,69,73
0.94140625,69,75
0.9453125,68,77
0.94921875,68,79
0.953125,68,80
0.95703125,68,82
0.9609375,68,84
0.96484375,69,86
0.96875,69,87
0.97265625,69,89
0.9765625,69,91
0.98046875,69,94
0.984375,70,96
0.98828125,70,98
0.9921875,69,100
0.99609375,69,102
1.0,69,104
1.00390625,70,105
1.0078125,69,106
1.01171875,69,107
1.015625,69,108
1.01953125,69,108
1.0234375,68,110
1.02734375,68,112
1.03125,68,113
1.03515625,68,115
1.0390625,68,117
1.04296875,68,119
1.046875,68,122
1.05078125,69,124
1.0546875,69,126
1.05859375,69,127
1.0625,69,129
1.06640625,69,130
1.0703125,70,131
1.07421875,70,132
1.078125,70,134
1.08203125,70,135
1.0859375,71,136
1.08984375,71,137
1.09375,71,138
1.09765625,71,139
1.1015625,71,139
1.10546875,71,140
1.109375,70,140
1.11328125,71,141
1.1171875,71,142
1.12109375,71,142
1.125,71,143
1.12890625,71,144
1.1328125,71,144
1.13671875,71,144
1.140625,71,144
1.14453125,71,144
1.1484375,71,145
1.15234375,71,145
1.15625,72,147
1.16015625,71,148
1.1640625,71,149
1.16796875,71,150
1.171875,72,150
1.17578125,71,151
1.1796875,71,151
1.18359375,71,151
1.1875,72,151
1.19140625,72,150
1.1953125,71,151
1.19921875,71,151
1.203125,71,151
1.20703125,71,152
1.2109375,71,152
1.21484375,71,152
1.21875,71,152
1.22265625,71,152
1.2265625,71,153
1.23046875,71,154
1.234375,71,155
1.23828125,71,155
1.2421875,71,155
1.24609375,70,156
1.25,70,156
1.25390625,70,155
1.2578125,70,155
1.26171875,70,155
1.265625,70,155
1.26953125,71,154
1.2734375,71,154
1.27734375,71,155
1.28125,71,156
1.28515625,72,156
1.2890625,71,156
1.29296875,71,156
1.296875,71,157
1.30078125,72,157
1.3046875,72,157
1.30859375,71,157
1.3125,71,157
1.31640625,71,157
1.3203125,72,156
1.32421875,72,156
1.328125,72,157
1.33203125,72,157
1.3359375,72,157
1.33984375,72,157
1.34375,71,157
1.34765625,71,158
1.3515625,71,158
1.35546875,71,157
1.359375,71,157
1.36328125,71,158
1.3671875,71,159
1.37109375,71,158
1.375,71,159
1.37890625,70,159
1.3828125,70,159
1.38671875,70,159
1.390625,70,159
1.39453125,70,159
1.3984375,70,159
1.40234375,71,159
1.40625,71,160
1.41015625,71,160
1.4140625,71,161
1.41796875,71,161
1.421875,71,161
1.42578125,70,161
1.4296875,70,161
1.43359375,70,161
1.4375,70,160
1.44140625,70,160
1.4453125,70,161
1.44921875,70,161
1.453125,70,160
1.45703125,70,161
1.4609375,70,161
1.46484375,69,161
1.46875,69,161
1.47265625,69,160
1.4765625,68,161
1.48046875,68,161
1.484375,68,161
1.48828125,68,161
1.4921875,68,161
1.49609375,68,161
1.5,69,161
1.50390625,69,161
1.5078125,70,162
1.51171875,69,162
1.515625,69,163
1.51953125,69,162
1.5234375,69,162
1.52734375,68,162
1.53125,68,161
1.53515625,68,161
1.5390625,68,161
1.54296875,68,161
1.546875,68,162
1.55078125,68,162
1.5546875,68,162
1.55859375,69,162
1.5625,68,162
1.56640625,68,162
1.5703125,68,162
1.57421875,68,162
1.578125,67,162
1.58203125,67,162
1.5859375,68,162
1.58984375,68,162
1.59375,68,163
1.59765625,68,163
1.6015625,68,163
1.60546875,69,163
1.609375,68,163
1.61328125,68,163
1.6171875,68,164
1.62109375,68,163
1.625,68,164
1.62890625,67,164
1.6328125,67,164
1.63671875,67,165
1.640625,67,165
1.64453125,67,165
1.6484375,67,165
1.65234375,67,165
1.65625,67,165
1.66015625,66,165
1.6640625,66,165
1.66796875,66,165
1.671875,66,165
1.67578125,66,165
1.6796875,66,165
1.68359375,66,165
1.6875,66,165
1.69140625,66,164
1.6953125,65,165
1.69921875,65,165
1.703125,65,164
1.70703125,65,165
1.7109375,65,165
1.71484375,65,165
1.71875,65,165
1.72265625,65,164
1.7265625,65,165
1.73046875,65,165
1.734375,65,165
1.73828125,65,166
1.7421875,65,166
1.74609375,65,166
1.75,65,166
1.75390625,65,166
1.7578125,65,166
1.76171875,65,167
1.765625,65,167
1.76953125,65,167
1.7734375,65,167
1.77734375,64,167
1.78125,64,167
1.78515625,64,167
1.7890625,64,166
1.79296875,64,166
1.796875,63,167
1.80078125,63,167
1.8046875,63,167
1.80859375,63,167
1.8125,63,168
1.81640625,63,168
1.8203125,63,167
1.82421875,63,167
1.828125,63,167
1.83203125,63,167
1.8359375,63,167
1.83984375,63,168
1.84375,63,168
1.84765625,63,169
1.8515625,63,169
1.85546875,63,169
1.859375,63,169
1.86328125,63,168
1.8671875,63,168
1.87109375,63,168
1.875,63,167
1.87890625,63,167
1.8828125,63,168
1.88671875,63,168
1.890625,63,168
1.89453125,62,169
1.8984375,62,170
1.90234375,62,170
1.90625,61,170
1.91015625,60,170
1.9140625,60,170
1.91796875,60,170
1.921875,60,169
1.92578125,60,169
1.9296875,60,170
1.93359375,60,170
1.9375,60,170
1.94140625,60,170
1.9453125,60,170
1.94921875,60,170
1.953125,60,169
1.95703125,59,169
1.9609375,59,169
1.96484375,59,169
1.96875,59,169
1.97265625,59,169
1.9765625,58,169
1.98046875,58,170
1.984375,59,170
1.98828125,59,170
1.9921875,59,170
1.99609375,59,171
2.0,59,171
2.00390625,59,170
2.0078125,59,170
2.01171875,58,171
2.015625,58,171
2.01953125,58,170
2.0234375,58,170
2.02734375,58,171
2.03125,58,171
2.03515625,58,171
2.0390625,58,170
2.04296875,58,170
2.046875,58,171
2.05078125,58,171
2.0546875,57,171
2.05859375,57,172
2.0625,57,172
2.06640625,57,172
2.0703125,57,171
2.07421875,58,171
2.078125,58,171
2.08203125,58,171
2.0859375,58,171
2.08984375,57,171
2.09375,57,171
2.09765625,57,172
2.1015625,57,173
2.10546875,57,173
2.109375,56,173
2.11328125,56,173
2.1171875,57,173
2.12109375,56,172
2.125,56,172
2.12890625,55,172
2.1328125,55,172
2.13671875,55,172
2.140625,55,172
2.14453125,55,172
2.1484375,56,172
2.15234375,56,172
2.15625,57,171
2.16015625,56,171
2.1640625,56,171
2.16796875,57,171
2.171875,57,171
2.17578125,56,171
2.1796875,57,172
2.18359375,56,172
2.1875,57,172
2.19140625,57,172
2.1953125,57,172
2.19921875,56,172
2.203125,56,172
2.20703125,56,172
2.2109375,56,172
2.21484375,55,173
2.21875,56,173
2.22265625,56,173
2.2265625,55,173
2.23046875,55,174
2.234375,56,173
2.23828125,56,173
2.2421875,56,172
2.24609375,55,172
2.25,55,172
2.25390625,55,172
2.2578125,55,173
2.26171875,54,174
2.265625,55,174
2.26953125,55,174
2.2734375,55,174
2.27734375,55,174
2.28125,55,173
2.28515625,55,173
2.2890625,56,172
2.29296875,55,172
2.296875,56,173
2.30078125,56,174
2.3046875,56,174
2.30859375,56,174
2.3125,55,174
2.31640625,55,174
2.3203125,56,174
2.32421875,55,174
2.328125,55,174
2.33203125,55,174
2.3359375,55,174
2.33984375,55,173
2.34375,55,173
2.34765625,54,173
2.3515625,55,173
2.35546875,55,172
2.359375,54,172
2.36328125,54,173
2.3671875,55,174
2.37109375,55,174
2.375,55,175
2.37890625,54,176
2.3828125,54,176
2.38671875,54,175
2.390625,54,174
2.39453125,54,173
2.3984375,55,173
2.40234375,55,172
2.40625,55,172
2.41015625,55,172
2.4140625,55,173
2.41796875,55,174
2.421875,54,174
2.42578125,54,175
2.4296875,54,175
2.43359375,54,175
2.4375,54,174
2.44140625,54,174
2.4453125,53,174
2.44921875,53,174
2.453125,54,174
2.45703125,54,174
2.4609375,53,175
2.46484375,53,175
2.46875,54,175
2.47265625,54,174
2.4765625,53,174
2.48046875,53,174
2.484375,54,175
2.48828125,53,174
2.4921875,54,174
2.49609375,53,175
2.5,53,175
2.50390625,53,174
2.5078125,53,174
2.51171875,53,174
2.515625,53,174
2.51953125,54,174
2.5234375,54,173
2.52734375,53,173
2.53125,53,173
2.53515625,53,173
2.5390625,53,173
2.54296875,53,173
2.546875,52,174
2.55078125,53,174
2.5546875,52,174
2.55859375,52,174
2.5625,52,174
2.56640625,51,173
2.5703125,52,173
2.57421875,51,173
2.578125,51,173
2.58203125,51,173
2.5859375,51,173
2.58984375,52,173
2.59375,51,173
2.59765625,51,174
2.6015625,51,174
2.60546875,51,174
2.609375,50,174
2.61328125,50,175
2.6171875,50,175
2.62109375,50,174
2.625,50,174
2.62890625,50,174
2.6328125,50,174
2.63671875,50,174
2.640625,50,173
2.64453125,49,173
2.6484375,49,172
2.65234375,49,169
2.65625,49,163
2.66015625,49,154
2.6640625,49,143
2.66796875,49,130
2.671875,48,117
2.67578125,48,106
2.6796875,47,98
2.68359375,47,93
2.6875,47,92
2.69140625,47,93
2.6953125,46,95
2.69921875,46,96
2.703125,47,94
2.70703125,47,89
2.7109375,46,81
2.71484375,46,72
2.71875,46,61
2.72265625,45,52
2.7265625,45,45
2.73046875,44,40
2.734375,45,38
2.73828125,44,36
2.7421875,45,36
2.74609375,44,36
2.75,43,34
2.75390625,43,33
2.7578125,43,31
2.76171875,42,30
2.765625,42,29
2.76953125,42,28
2.7734375,41,28
2.77734375,41,30
2.78125,41,29
2.78515625,40,29
2.7890625,40,28
2.79296875,40,28
2.796875,39,28
2.80078125,39,27
2.8046875,39,27
2.80859375,39,26
2.8125,39,27
2.81640625,39,27
2.8203125,40,27
2.82421875,40,27
2.828125,40,27
2.83203125,40,27
2.8359375,40,27
2.83984375,40,26
2.84375,40,26
2.84765625,39,26
2.8515625,40,26
2.85546875,40,26
2.859375,40,26
2.86328125,40,26
2.8671875,40,26
2.87109375,40,26
2.875,40,26
2.87890625,39,26
2.8828125,39,26
2.88671875,38,26
2.890625,38,26
2.89453125,37,26
2.8984375,37,26
2.90234375,37,25
2.90625,37,25
2.91015625,36,25
2.9140625,36,24
2.91796875,36,24
2.921875,36,24
2.92578125,36,24
2.9296875,36,24
2.93359375,35,24
2.9375,35,24
2.94140625,35,24
2.9453125,34,24
2.94921875,34,24
2.953125,34,24
2.95703125,34,24
2.9609375,34,24
2.96484375,35,24
2.96875,35,24
2.97265625,35,24
2.9765625,35,24
2.98046875,34,24
2.984375,35,24
2.98828125,34,24
2.9921875,34,24
2.99609375,33,24
3.0,33,24
3.00390625,33,24
3.0078125,33,24
3.01171875,33,24
3.015625,33,25
3.01953125,33,24
3.0234375,33,24
3.02734375,33,23
3.03125,33,24
3.03515625,33,24
3.0390625,33,24
3.04296875,33,24
3.046875,32,24
3.05078125,32,24
3.0546875,32,24
3.05859375,32,24
3.0625,31,24
3.06640625,31,24
3.0703125,31,24
3.07421875,31,24
3.078125,31,24
3.08203125,31,24
3.0859375,31,24
3.08984375,31,24
3.09375,30,24
3.09765625,30,24
3.1015625,30,24
3.10546875,30,24
3.109375,29,24
3.11328125,29,24
3.1171875,29,24
3.12109375,29,24
3.125,29,24
3.12890625,29,24
3.1328125,29,24
3.13671875,29,24
3.140625,30,24
3.14453125,29,24
3.1484375,29,24
3.15234375,29,23
3.15625,29,24
3.16015625,29,24
3.1640625,29,24
3.16796875,29,24
3.171875,29,23
3.17578125,29,23
3.1796875,29,23
3.18359375,29,23
3.1875,29,23
3.19140625,29,23
3.1953125,28,24
3.19921875,28,24
3.203125,28,24
3.20703125,28,24
3.2109375,27,24
3.21484375,27,24
3.21875,28,24
3.22265625,27,24
3.2265625,27,24
3.23046875,26,24
3.234375,26,24
3.23828125,26,24
3.2421875,25,24
3.24609375,25,24
3.25,25,25
3.25390625,25,24
3.2578125,25,24
3.26171875,24,25
3.265625,24,25
3.26953125,24,24
3.2734375,25,24
3.27734375,24,23
3.28125,25,24
3.28515625,25,24
3.2890625,25,24
3.29296875,25,24
3.296875,25,24
3.30078125,25,24
3.3046875,25,24
3.30859375,24,24
3.3125,24,24
3.31640625,24,24
3.3203125,24,24
3.32421875,24,24
3.328125,24,24
3.33203125,24,24
3.3359375,25,24
3.33984375,25,23
3.34375,24,23
3.34765625,24,24
3.3515625,24,24
3.35546875,24,24
3.359375,24,24
3.36328125,24,24
3.3671875,24,24
3.37109375,25,24
3.375,25,24
3.37890625,24,24
3.3828125,24,24
3.38671875,24,24
3.390625,25,24
3.39453125,24,24
3.3984375,24,24
3.40234375,25,24
3.40625,25,24
3.41015625,25,24
3.4140625,24,24
3.41796875,25,24
3.421875,25,24
3.42578125,25,24
3.4296875,25,24
3.43359375,25,24
3.4375,25,24
3.44140625,25,24
3.4453125,24,24
3.44921875,24,24
3.453125,25,24
3.45703125,25,24
3.4609375,24,24
3.46484375,25,24
3.46875,25,24
3.47265625,25,24
3.4765625,25,24
3.48046875,25,25
3.484375,26,25
3.48828125,26,24
3.4921875,26,24
3.49609375,25,24
3.5,26,24
3.50390625,26,24
3.5078125,26,24
3.51171875,26,24
3.515625,27,24
3.51953125,27,24
3.5234375,27,24
3.52734375,26,23
3.53125,26,24
3.53515625,27,24
3.5390625,26,24
3.54296875,26,24
3.546875,26,24
3.55078125,26,24
3.5546875,26,24
3.55859375,26,24
3.5625,26,24
3.56640625,26,24
3.5703125,26,24
3.57421875,26,24
3.578125,25,24
3.58203125,25,24
3.5859375,25,24
3.58984375,26,24
3.59375,26,24
3.59765625,26,24
3.6015625,27,24
3.60546875,27,24
3.609375,27,24
3.61328125,27,24
3.6171875,27,24
3.62109375,27,24
3.625,27,24
3.62890625,28,24
3.6328125,28,24
3.63671875,28,24
3.640625,29,24
3.64453125,29,24
3.6484375,29,24
3.65234375,29,24
3.65625,29,24
3.66015625,29,24
3.6640625,29,25
3.66796875,30,25
3.671875,30,24
3.67578125,29,24
3.6796875,29,25
3.68359375,29,25
3.6875,30,24
3.69140625,30,24
3.6953125,29,25
3.69921875,30,24
3.703125,30,24
3.70703125,31,24
3.7109375,31,24
3.71484375,31,24
3.71875,32,24
3.72265625,32,24
3.7265625,31,24
3.73046875,32,24
3.734375,32,24
3.73828125,32,24
3.7421875,32,24
3.74609375,31,24
3.75,31,24
3.75390625,31,24
3.7578125,31,24
3.76171875,30,24
3.765625,30,24
3.76953125,30,24
3.7734375,30,24
3.77734375,30,24
3.78125,30,24
3.78515625,31,24
3.7890625,31,24
3.79296875,31,24
3.796875,31,24
3.80078125,31,24
3.8046875,31,24
3.80859375,31,24
3.8125,31,24
3.81640625,31,25
3.8203125,31,24
3.82421875,31,24
3.828125,31,25
3.83203125,31,24
3.8359375,32,24
3.83984375,32,24
3.84375,32,24
3.84765625,32,24
3.8515625,33,24
3.85546875,33,24
3.859375,33,24
3.86328125,33,24
3.8671875,33,24
3.87109375,34,24
3.875,34,24
3.87890625,34,24
3.8828125,33,24
3.88671875,34,24
3.890625,33,24
3.89453125,33,24
3.8984375,33,24
3.90234375,33,24
3.90625,33,24
3.91015625,33,24
3.9140625,33,24
3.91796875,34,25
3.921875,34,24
3.92578125,34,24
3.9296875,34,25
3.93359375,34,25
3.9375,34,24
3.94140625,35,24
3.9453125,35,24
3.94921875,35,24
3.953125,35,24
3.95703125,35,24
3.9609375,35,24
3.96484375,35,24
3.96875,35,24
3.97265625,35,24
3.9765625,35,24
3.98046875,36,24
3.984375,36,24
3.98828125,36,24
3.9921875,36,24
3.99609375,36,24
4.0,37,24
4.00390625,37,24
4.0078125,37,24
4.01171875,37,24
4.015625,37,24
4.01953125,37,24
4.0234375,38,24
4.02734375,38,24
4.03125,38,25
4.03515625,38,25
4.0390625,38,24
4.04296875,38,24
4.046875,38,24
4.05078125,39,24
4.0546875,39,24
4.05859375,39,24
4.0625,40,24
4.06640625,40,24
4.0703125,41,24
4.07421875,41,24
4.078125,41,24
4.08203125,42,24
4.0859375,42,24
4.08984375,43,24
4.09375,43,24
4.09765625,43,24
4.1015625,44,24
4.10546875,44,24
4.109375,44,24
4.11328125,45,24
4.1171875,46,24
4.12109375,46,24
4.125,47,24
4.12890625,48,24
4.1328125,49,25
4.13671875,50,24
4.140625,51,24
4.14453125,52,24
4.1484375,53,24
4.15234375,54,24
4.15625,55,24
4.16015625,55,24
4.1640625,57,24
4.16796875,58,24
4.171875,60,24
4.17578125,61,24
4.1796875,62,24
4.18359375,63,24
4.1875,64,23
4.19140625,64,23
4.1953125,64,24
4.19921875,65,24
4.203125,66,24
4.20703125,66,24
4.2109375,66,24
4.21484375,67,24
4.21875,68,24
4.22265625,69,24
4.2265625,69,24
4.23046875,69,25
4.234375,70,25
4.23828125,70,24
4.2421875,71,24
4.24609375,71,25
4.25,71,25
4.25390625,72,24
4.2578125,72,24
4.26171875,72,25
4.265625,73,25
4.26953125,73,24
4.2734375,74,24
4.27734375,74,24
4.28125,74,25
4.28515625,74,25
4.2890625,75,24
4.29296875,75,24
4.296875,75,25
4.30078125,75,24
4.3046875,76,24
4.30859375,76,24
4.3125,77,24
4.31640625,77,25
4.3203125,77,24
4.32421875,77,24
4.328125,76,24
4.33203125,77,24
4.3359375,77,24
4.33984375,77,24
4.34375,77,24
4.34765625,77,24
4.3515625,78,24
4.35546875,78,24
4.359375,78,24
4.36328125,78,24
4.3671875,78,24
4.37109375,78,24
4.375,79,24
4.37890625,78,24
4.3828125,78,24
4.38671875,79,24
4.390625,79,24
4.39453125,78,24
4.3984375,79,24
4.40234375,79,24
4.40625,79,24
4.41015625,79,24
4.4140625,79,24
4.41796875,80,24
4.421875,80,24
4.42578125,80,24
4.4296875,80,24
4.43359375,80,24
4.4375,80,24
4.44140625,80,24
4.4453125,80,25
4.44921875,80,25
4.453125,80,25
4.45703125,80,26
4.4609375,80,26
4.46484375,80,27
4.46875,80,28
4.47265625,80,28
4.4765625,80,29
4.48046875,79,31
4.484375,80,32
4.48828125,80,33
4.4921875,80,35
4.49609375,80,37
4.5,80,39
4.50390625,81,41
4.5078125,81,43
4.51171875,81,45
4.515625,81,47
4.51953125,81,49
4.5234375,81,50
4.52734375,80,52
4.53125,80,55
4.53515625,81,57
4.5390625,81,59
4.54296875,81,61
4.546875,81,64
4.55078125,81,66
4.5546875,81,69
4.55859375,81,72
4.5625,80,75
4.56640625,80,79
4.5703125,80,82
4.57421875,81,86
4.578125,81,89
4.58203125,81,91
4.5859375,81,93
4.58984375,82,94
4.59375,81,95
4.59765625,81,97
4.6015625,81,99
4.60546875,81,102
4.609375,81,106
4.61328125,81,111
4.6171875,81,116
4.62109375,82,119
4.625,82,122
4.62890625,81,124
4.6328125,81,124
4.63671875,81,124
4.640625,81,124
4.64453125,80,125
4.6484375,80,126
4.65234375,80,128
4.65625,80,130
4.66015625,80,132
4.6640625,81,134
4.66796875,81,135
4.671875,81,135
4.67578125,80,135
4.6796875,80,135
4.68359375,80,135
4.6875,80,135
4.69140625,80,136
4.6953125,80,138
4.69921875,80,139
4.703125,81,140
4.70703125,81,141
4.7109375,80,141
4.71484375,80,141
4.71875,81,140
4.72265625,80,140
4.7265625,80,141
4.73046875,80,142
4.734375,80,143
4.73828125,80,144
4.7421875,80,145
4.74609375,80,146
4.75,79,146
4.75390625,80,145
4.7578125,79,146
4.76171875,79,147
4.765625,79,148
4.76953125,80,148
4.7734375,80,149
4.77734375,80,150
4.78125,80,150
4.78515625,80,150
4.7890625,79,149
4.79296875,79,149
4.796875,79,149
4.80078125,79,150
4.8046875,79,150
4.80859375,79,151
4.8125,79,152
4.81640625,79,153
4.8203125,79,153
4.82421875,78,153
4.828125,78,153
4.83203125,78,153
4.8359375,78,152
4.83984375,78,152
4.84375,78,152
4.84765625,79,153
4.8515625,79,153
4.85546875,79,153
4.859375,79,153
4.86328125,79,153
4.8671875,79,153
4.87109375,79,153
4.875,78,153
4.87890625,78,154
4.8828125,78,154
4.88671875,78,154
4.890625,78,155
4.89453125,78,155
4.8984375,78,155
4.90234375,78,155
4.90625,78,155
4.91015625,77,155
4.9140625,77,156
4.91796875,78,156
4.921875,77,155
4.92578125,76,156
4.9296875,77,156
4.93359375,77,156
4.9375,77,156
4.94140625,77,155
4.9453125,77,156
4.94921875,77,156
4.953125,78,155
4.95703125,78,155
4.9609375,78,156
4.96484375,78,157
4.96875,78,157
4.97265625,78,157
4.9765625,78,157
4.98046875,78,158
4.984375,78,158
4.98828125,78,157
4.9921875,77,157
4.99609375,77,158
5.0,76,158
5.00390625,76,158
5.0078125,76,159
5.01171875,76,159
5.015625,76,160
5.01953125,76,160
5.0234375,76,160
5.02734375,76,159
5.03125,76,159
5.03515625,77,159
5.0390625,77,158
5.04296875,76,159
5.046875,76,159
5.05078125,76,160
5.0546875,76,160
5.05859375,76,160
5.0625,76,161
5.06640625,76,161
5.0703125,76,161
5.07421875,76,161
5.078125,76,161
5.08203125,75,161
5.0859375,76,160
5.08984375,75,160
5.09375,75,160
5.09765625,75,161
5.1015625,75,161
5.10546875,75,161
5.109375,74,161
5.11328125,74,161
5.1171875,74,162
5.12109375,74,162
5.125,73,162
5.12890625,73,163
5.1328125,72,163
5.13671875,72,163
5.140625,72,163
5.14453125,72,163
5.1484375,72,163
5.15234375,72,162
5.15625,72,162
5.16015625,72,162
5.1640625,72,162
5.16796875,72,162
5.171875,72,162
5.17578125,72,162
5.1796875,72,162
5.18359375,71,162
5.1875,71,162
5.19140625,71,162
5.1953125,71,163
5.19921875,70,163
5.203125,71,164
5.20703125,70,164
5.2109375,70,164
5.21484375,70,164
5.21875,70,164
5.22265625,70,163
5.2265625,69,163
5.23046875,69,163
5.234375,69,163
5.23828125,69,163
5.2421875,69,163
5.24609375,69,164
5.25,69,164
5.25390625,70,164
5.2578125,70,164
5.26171875,69,164
5.265625,69,165
5.26953125,69,164
5.2734375,69,165
5.27734375,69,165
5.28125,69,165
5.28515625,69,165
5.2890625,69,164
5.29296875,69,165
5.296875,69,165
5.30078125,69,165
5.3046875,68,165
5.30859375,68,165
5.3125,67,165
5.31640625,66,166
5.3203125,66,165
5.32421875,66,165
5.328125,65,165
5.33203125,65,165
5.3359375,66,164
5.33984375,65,164
5.34375,65,164
5.34765625,65,164
5.3515625,65,164
5.35546875,64,165
5.359375,64,165
5.36328125,64,166
5.3671875,63,166
5.37109375,64,166
5.375,63,167
5.37890625,63,167
5.3828125,63,167
5.38671875,64,166
5.390625,64,166
5.39453125,63,166
5.3984375,63,166
5.40234375,64,166
5.40625,63,166
5.41015625,63,166
5.4140625,63,167
5.41796875,63,167
5.421875,64,166
5.42578125,64,166
5.4296875,63,167
5.43359375,62,167
5.4375,62,167
5.44140625,62,168
5.4453125,61,168
5.44921875,61,169
5.453125,61,169
5.45703125,61,169
5.4609375,61,169
5.46484375,61,169
5.46875,61,169
5.47265625,61,168
5.4765625,61,168
5.48046875,60,168
5.484375,60,168
5.48828125,61,168
5.4921875,60,167
5.49609375,60,168
5.5,60,168
5.50390625,60,168
5.5078125,60,168
5.51171875,60,168
5.515625,60,169
5.51953125,60,168
5.5234375,60,168
5.52734375,60,168
5.53125,61,168
5.53515625,61,168
5.5390625,61,168
5.54296875,60,168
5.546875,60,168
5.55078125,60,168
5.5546875,60,168
5.55859375,60,168
5.5625,59,168
5.56640625,59,168
5.5703125,59,168
5.57421875,59,168
5.578125,59,168
5.58203125,59,168
5.5859375,59,168
5.58984375,59,168
5.59375,59,168
5.59765625,59,168
5.6015625,60,168
5.60546875,60,168
5.609375,59,168
5.61328125,59,168
5.6171875,59,168
5.62109375,59,168
5.625,59,168
5.62890625,59,169
5.6328125,58,169
5.63671875,58,169
5.640625,58,169
5.64453125,58,170
5.6484375,58,170
5.65234375,58,169
5.65625,58,169
5.66015625,58,168
5.6640625,57,169
5.66796875,58,168
5.671875,57,168
5.67578125,57,168
5.6796875,57,169
5.68359375,57,169
5.6875,57,169
5.69140625,57,169
5.6953125,57,169
5.69921875,57,169
5.703125,57,169
5.70703125,57,169
5.7109375,57,170
5.71484375,57,170
5.71875,57,170
5.72265625,57,169
5.7265625,57,169
5.73046875,56,169
5.734375,57,168
5.73828125,56,168
5.7421875,56,167
5.74609375,55,168
5.75,56,168
5.75390625,56,168
5.7578125,56,169
5.76171875,55,169
5.765625,55,170
5.76953125,55,170
5.7734375,55,170
5.77734375,54,170
5.78125,54,170
5.78515625,54,169
5.7890625,53,168
5.79296875,53,168
5.796875,53,168
5.80078125,53,168
5.8046875,52,168
5.80859375,52,168
5.8125,52,168
5.81640625,51,169
5.8203125,51,168
5.82421875,51,168
5.828125,51,167
5.83203125,51,165
5.8359375,51,162
5.83984375,51,155
5.84375,51,148
5.84765625,51,138
5.8515625,51,127
5.85546875,50,115
5.859375,49,105
5.86328125,49,96
5.8671875,49,88
5.87109375,49,83
5.875,48,79
5.87890625,48,75
5.8828125,47,71
5.88671875,47,64
5.890625,47,57
5.89453125,46,50
5.8984375,45,43
5.90234375,45,36
5.90625,45,32
5.91015625,45,29
5.9140625,45,28
5.91796875,45,27
5.921875,45,26
5.92578125,45,26
5.9296875,45,25
5.93359375,45,24
5.9375,45,23
5.94140625,45,22
5.9453125,44,22
5.94921875,44,22
5.953125,44,22
5.95703125,43,23
5.9609375,42,23
5.96484375,42,24
5.96875,42,24
5.97265625,42,24
5.9765625,42,23
5.98046875,42,23
5.984375,42,23
5.98828125,42,23
5.9921875,41,23
5.99609375,41,24
6.0,41,24
6.00390625,40,24
6.0078125,40,24
6.01171875,39,25
6.015625,39,25
6.01953125,40,24
6.0234375,40,24
6.02734375,39,24
6.03125,39,24
6.03515625,39,24
6.0390625,39,24
6.04296875,38,24
6.046875,38,25
6.05078125,38,25
6.0546875,38,24
6.05859375,38,24
6.0625,38,24
6.06640625,38,24
6.0703125,38,24
6.07421875,38,24
6.078125,37,24
6.08203125,37,24
6.0859375,37,24
6.08984375,37,24
6.09375,36,24
6.09765625,36,25
6.1015625,36,25
6.10546875,36,24
6.109375,35,24
6.11328125,35,25
6.1171875,35,25
6.12109375,34,24
6.125,34,24
6.12890625,34,25
6.1328125,34,24
6.13671875,34,24
6.140625,35,24
6.14453125,34,24
6.1484375,34,24
6.15234375,34,24
6.15625,34,24
6.16015625,33,24
6.1640625,33,24
6.16796875,33,24
6.171875,33,24
6.17578125,33,24
6.1796875,33,24
6.18359375,33,24
6.1875,33,24
6.19140625,33,24
6.1953125,33,24
6.19921875,33,24
6.203125,33,24
6.20703125,33,24
6.2109375,33,23
6.21484375,33,24
6.21875,33,24
6.22265625,33,24
6.2265625,32,24
6.23046875,32,24
6.234375,32,25
6.23828125,32,24
6.2421875,32,24
6.24609375,31,25
6.25,31,25
6.25390625,31,24
6.2578125,31,24
6.26171875,31,24
6.265625,31,25
6.26953125,31,24
6.2734375,31,24
6.27734375,30,24
6.28125,30,24
6.28515625,31,24
6.2890625,31,24
6.29296875,30,24
6.296875,30,24
6.30078125,30,24
6.3046875,30,24
6.30859375,30,24
6.3125,30,24
6.31640625,29,24
6.3203125,30,24
6.32421875,30,24
6.328125,29,24
6.33203125,29,24
6.3359375,30,23
6.33984375,29,23
6.34375,29,24
6.34765625,29,24
6.3515625,29,24
6.35546875,29,24
6.359375,29,24
6.36328125,29,24
6.3671875,29,24
6.37109375,29,24
6.375,29,24
6.37890625,28,24
6.3828125,29,24
6.38671875,29,24
6.390625,29,24
6.39453125,29,24
6.3984375,30,24
6.40234375,30,24
6.40625,30,24
6.41015625,30,24
6.4140625,30,24
6.41796875,30,24
6.421875,30,24
6.42578125,30,24
6.4296875,30,24
6.43359375,30,24
6.4375,30,24
6.44140625,30,24
6.4453125,29,24
6.44921875,29,24
6.453125,29,24
6.45703125,29,24
6.4609375,29,24
6.46484375,29,24
6.46875,29,24
6.47265625,29,24
6.4765625,29,24
6.48046875,29,24
6.484375,29,25
6.48828125,29,24
6.4921875,29,24
6.49609375,28,25
6.5,28,25
6.50390625,29,24
6.5078125,29,24
6.51171875,29,24
6.515625,29,24
6.51953125,30,24
6.5234375,30,24
6.52734375,30,24
6.53125,29,24
6.53515625,29,24
6.5390625,29,24
6.54296875,28,24
6.546875,28,24
6.55078125,28,24
6.5546875,28,24
6.55859375,28,24
6.5625,28,24
6.56640625,28,24
6.5703125,29,24
6.57421875,29,24
6.578125,28,24
6.58203125,28,24
6.5859375,29,24
6.58984375,29,24
6.59375,29,24
6.59765625,29,24
6.6015625,29,24
6.60546875,29,24
6.609375,29,24
6.61328125,29,24
6.6171875,29,24
6.62109375,29,24
6.625,29,24
6.62890625,29,24
6.6328125,29,24
6.63671875,29,24
6.640625,29,24
6.64453125,29,24
6.6484375,29,24
6.65234375,29,24
6.65625,29,24
6.66015625,29,24
6.6640625,29,25
6.66796875,29,25
6.671875,29,24
6.67578125,28,24
6.6796875,28,25
6.68359375,28,25
6.6875,28,24
6.69140625,28,24
6.6953125,28,25
6.69921875,28,25
6.703125,29,24
6.70703125,29,24
6.7109375,29,24
6.71484375,29,25
6.71875,30,25
6.72265625,30,24
6.7265625,29,24
6.73046875,29,24
6.734375,30,24
6.73828125,30,24
6.7421875,30,24
6.74609375,30,24
6.75,30,24
6.75390625,30,24
6.7578125,30,24
6.76171875,29,24
6.765625,29,24
6.76953125,29,24
6.7734375,29,24
6.77734375,28,24
6.78125,28,24
6.78515625,28,24
6.7890625,29,24
6.79296875,28,24
6.796875,29,24
6.80078125,29,24
6.8046875,29,24
6.80859375,30,24
6.8125,29,24
6.81640625,30,24
6.8203125,30,24
6.82421875,30,24
6.828125,30,24
6.83203125,31,24
6.8359375,31,24
6.83984375,32,24
6.84375,31,24
6.84765625,31,24
6.8515625,31,24
6.85546875,31,24
6.859375,31,24
6.86328125,31,24
6.8671875,31,24
6.87109375,32,24
6.875,32,24
6.87890625,31,24
6.8828125,32,24
6.88671875,32,24
6.890625,32,24
6.89453125,31,24
6.8984375,31,24
6.90234375,31,24
6.90625,31,24
6.91015625,30,24
6.9140625,30,24
6.91796875,31,24
6.921875,31,24
6.92578125,31,24
6.9296875,30,24
6.93359375,30,25
6.9375,31,24
6.94140625,31,24
6.9453125,31,24
6.94921875,31,24
6.953125,32,24
6.95703125,32,24
6.9609375,32,24
6.96484375,32,24
6.96875,32,24
6.97265625,32,24
6.9765625,32,24
6.98046875,32,24
6.984375,32,24
6.98828125,32,24
6.9921875,32,24
6.99609375,32,24
7.0,32,24
7.00390625,33,24
7.0078125,33,24
7.01171875,33,24
7.015625,33,25
7.01953125,34,24
7.0234375,34,24
7.02734375,34,24
7.03125,34,24
7.03515625,34,24
7.0390625,35,24
7.04296875,34,24
7.046875,35,24
7.05078125,35,24
7.0546875,35,24
7.05859375,36,24
7.0625,36,24
7.06640625,36,24
7.0703125,37,24
7.07421875,36,24
7.078125,36,25
7.08203125,36,25
7.0859375,36,25
7.08984375,36,24
7.09375,36,25
7.09765625,36,25
7.1015625,36,25
7.10546875,36,24
7.109375,36,24
7.11328125,36,24
7.1171875,36,24
7.12109375,36,24
7.125,36,24
7.12890625,36,24
7.1328125,36,24
7.13671875,36,24
7.140625,36,24
7.14453125,37,24
7.1484375,37,24
7.15234375,37,24
7.15625,38,24
7.16015625,38,24
7.1640625,38,24
7.16796875,39,24
7.171875,39,23
7.17578125,39,23
7.1796875,39,24
7.18359375,39,24
7.1875,40,23
7.19140625,40,23
7.1953125,41,24
7.19921875,41,24
7.203125,42,24
7.20703125,42,24
7.2109375,42,24
7.21484375,42,24
7.21875,43,24
7.22265625,43,24
7.2265625,43,24
7.23046875,44,24
7.234375,44,25
7.23828125,45,24
7.2421875,45,24
7.24609375,46,25
7.25,47,25
7.25390625,47,24
7.2578125,48,24
7.26171875,48,25
7.265625,49,25
7.26953125,49,24
7.2734375,50,24
7.27734375,50,24
7.28125,51,25
7.28515625,52,25
7.2890625,53,24
7.29296875,53,24
7.296875,54,25
7.30078125,55,25
7.3046875,55,24
7.30859375,56,24
7.3125,56,24
7.31640625,56,24
7.3203125,57,23
7.32421875,57,23
7.328125,57,23
7.33203125,58,23
7.3359375,58,23
7.33984375,58,23
7.34375,58,24
7.34765625,58,24
7.3515625,58,24
7.35546875,59,24
7.359375,59,24
7.36328125,59,24
7.3671875,59,24
7.37109375,60,24
7.375,60,24
7.37890625,60,24
7.3828125,60,24
7.38671875,61,24
7.390625,61,24
7.39453125,61,24
7.3984375,61,24
7.40234375,61,24
7.40625,61,24
7.41015625,61,24
7.4140625,62,24
7.41796875,62,24
7.421875,62,24
7.42578125,62,24
7.4296875,62,24
7.43359375,62,24
7.4375,62,24
7.44140625,62,24
7.4453125,61,24
7.44921875,61,24
7.453125,62,24
7.45703125,62,24
7.4609375,62,24
7.46484375,62,25
7.46875,62,24
7.47265625,63,24
7.4765625,63,24
7.48046875,63,24
7.484375,64,24
7.48828125,64,24
7.4921875,64,24
7.49609375,64,24
7.5,64,24
7.50390625,65,24
7.5078125,65,24
7.51171875,65,24
7.515625,65,24
7.51953125,66,24
7.5234375,66,24
7.52734375,66,24
7.53125,66,24
7.53515625,66,24
7.5390625,66,24
7.54296875,66,24
7.546875,66,24
7.55078125,66,24
7.5546875,66,24
7.55859375,67,24
7.5625,66,24
7.56640625,67,24
7.5703125,67,24
7.57421875,67,24
7.578125,67,24
7.58203125,67,24
7.5859375,68,24
7.58984375,68,24
7.59375,68,24
7.59765625,68,24
7.6015625,69,24
7.60546875,69,24
7.609375,68,24
7.61328125,69,24
7.6171875,69,24
7.62109375,69,24
7.625,70,24
7.62890625,69,24
7.6328125,70,24
7.63671875,70,24
7.640625,70,24
7.64453125,69,24
7.6484375,69,24
7.65234375,69,24
7.65625,69,24
7.66015625,69,24
7.6640625,69,25
7.66796875,69,25
7.671875,70,25
7.67578125,70,25
7.6796875,70,26
7.68359375,70,26
7.6875,71,26
7.69140625,71,27
7.6953125,70,27
7.69921875,71,28
7.703125,71,28
7.70703125,71,29
7.7109375,71,29
7.71484375,71,30
7.71875,71,31
7.72265625,72,32
7.7265625,72,32
7.73046875,72,34
7.734375,72,35
7.73828125,73,36
7.7421875,73,37
7.74609375,73,39
7.75,73,40
7.75390625,73,42
7.7578125,73,43
7.76171875,73,45
7.765625,73,47
7.76953125,73,49
7.7734375,73,52
7.77734375,73,54
7.78125,73,57
7.78515625,73,59
7.7890625,73,61
7.79296875,73,63
7.796875,73,64
7.80078125,73,66
7.8046875,73,68
7.80859375,73,70
7.8125,73,73
7.81640625,74,76
7.8203125,74,79
7.82421875,75,81
7.828125,75,84
7.83203125,75,86
7.8359375,75,88
7.83984375,75,90
7.84375,75,92
7.84765625,75,95
7.8515625,75,98
7.85546875,75,100
7.859375,74,103
7.86328125,74,105
7.8671875,74,108
7.87109375,74,109
7.875,75,112
7.87890625,74,115
7.8828125,74,118
7.88671875,75,120
7.890625,75,122
7.89453125,74,124
7.8984375,74,126
7.90234375,75,126
7.90625,75,127
7.91015625,75,128
7.9140625,75,129
7.91796875,75,131
7.921875,75,133
7.92578125,75,135
7.9296875,75,137
7.93359375,75,139
7.9375,75,140
7.94140625,76,141
7.9453125,75,142
7.94921875,76,142
7.953125,76,142
7.95703125,76,143
7.9609375,76,143
7.96484375,76,145
7.96875,76,145
7.97265625,76,146
7.9765625,75,147
7.98046875,75,148
7.984375,75,149
7.98828125,75,149
7.9921875,74,149
7.99609375,74,150
8.0,74,150
8.00390625,74,150
8.0078125,74,150
8.01171875,74,151
8.015625,74,152
8.01953125,74,153
8.0234375,74,154
8.02734375,74,155
8.03125,74,156
8.03515625,74,157
8.0390625,74,158
8.04296875,74,158
8.046875,74,159
8.05078125,75,159
8.0546875,75,158
8.05859375,75,158
8.0625,75,158
8.06640625,75,158
8.0703125,75,157
8.07421875,75,157
8.078125,74,157
8.08203125,74,157
8.0859375,75,157
8.08984375,75,158
8.09375,74,158
8.09765625,75,159
8.1015625,75,160
8.10546875,75,160
8.109375,74,160
8.11328125,74,160
8.1171875,74,160
8.12109375,74,160
8.125,74,160
8.12890625,74,161
8.1328125,74,161
8.13671875,74,160
8.140625,74,160
8.14453125,74,160
8.1484375,74,159
8.15234375,74,159
8.15625,73,159
8.16015625,73,159
8.1640625,73,160
8.16796875,73,160
8.171875,73,160
8.17578125,73,160
8.1796875,72,161
8.18359375,72,161
8.1875,73,161
8.19140625,73,161
8.1953125,73,161
8.19921875,73,161
8.203125,73,161
8.20703125,73,161
8.2109375,72,161
8.21484375,72,161
8.21875,72,161
8.22265625,72,161
8.2265625,71,161
8.23046875,71,162
8.234375,71,162
8.23828125,71,162
8.2421875,70,163
8.24609375,70,163
8.25,70,163
8.25390625,70,163
8.2578125,70,163
8.26171875,70,164
8.265625,69,164
8.26953125,70,164
8.2734375,70,164
8.27734375,70,164
8.28125,70,164
8.28515625,70,164
8.2890625,70,163
8.29296875,69,163
8.296875,69,163
8.30078125,69,164
8.3046875,69,164
8.30859375,69,164
8.3125,68,165
8.31640625,68,165
8.3203125,68,165
8.32421875,68,164
8.328125,68,164
8.33203125,68,164
8.3359375,67,164
8.33984375,67,164
8.34375,67,164
8.34765625,67,164
8.3515625,67,164
8.35546875,67,164
8.359375,68,164
8.36328125,67,165
8.3671875,67,165
8.37109375,67,165
8.375,67,165
8.37890625,66,165
8.3828125,66,166
8.38671875,67,165
8.390625,67,165
8.39453125,66,166
8.3984375,66,165
8.40234375,66,166
8.40625,65,166
8.41015625,65,166
8.4140625,65,166
8.41796875,65,166
8.421875,65,166
8.42578125,65,166
8.4296875,65,166
8.43359375,64,166
8.4375,64,166
8.44140625,64,166
8.4453125,63,167
8.44921875,63,168
8.453125,63,168
8.45703125,63,168
8.4609375,63,168
8.46484375,63,168
8.46875,63,168
8.47265625,63,168
8.4765625,63,168
8.48046875,62,169
8.484375,63,169
8.48828125,63,168
8.4921875,63,168
8.49609375,62,168
8.5,63,168
8.50390625,63,167
8.5078125,63,167
8.51171875,62,167
8.515625,62,167
8.51953125,62,167
8.5234375,62,167
8.52734375,61,167
8.53125,61,168
8.53515625,62,168
8.5390625,61,168
8.54296875,61,168
8.546875,61,169
8.55078125,60,170
8.5546875,60,170
8.55859375,60,170
8.5625,59,170
8.56640625,59,170
8.5703125,60,169
8.57421875,60,168
8.578125,60,169
8.58203125,60,169
8.5859375,60,169
8.58984375,60,169
8.59375,59,169
8.59765625,59,170
8.6015625,59,170
8.60546875,59,169
8.609375,59,169
8.61328125,59,170
8.6171875,59,170
8.62109375,59,170
8.625,59,170
8.62890625,58,170
8.6328125,58,171
8.63671875,59,170
8.640625,59,170
8.64453125,59,170
8.6484375,59,170
8.65234375,59,170
8.65625,58,170
8.66015625,58,170
8.6640625,57,171
8.66796875,57,171
8.671875,57,170
8.67578125,57,171
8.6796875,57,171
8.68359375,57,171
8.6875,57,170
8.69140625,57,171
8.6953125,56,171
8.69921875,56,171
8.703125,56,171
8.70703125,56,170
8.7109375,56,170
8.71484375,55,171
8.71875,56,171
8.72265625,56,171
8.7265625,56,171
8.73046875,55,171
8.734375,55,172
8.73828125,55,171
8.7421875,54,171
8.74609375,54,171
8.75,54,171
8.75390625,54,170
8.7578125,54,170
8.76171875,54,170
8.765625,53,170
8.76953125,54,170
8.7734375,53,170
8.77734375,53,171
8.78125,53,171
8.78515625,53,171
8.7890625,53,171
8.79296875,53,171
8.796875,54,171
8.80078125,54,171
8.8046875,54,170
8.80859375,54,170
8.8125,54,171
8.81640625,53,172
8.8203125,53,172
8.82421875,53,172
8.828125,53,172
8.83203125,53,172
8.8359375,53,171
8.83984375,53,170
8.84375,53,169
8.84765625,53,169
8.8515625,53,170
8.85546875,53,170
8.859375,53,171
8.86328125,52,173
8.8671875,52,173
8.87109375,53,173
8.875,52,173
8.87890625,52,173
8.8828125,51,172
8.88671875,51,171
8.890625,51,171
8.89453125,50,172
8.8984375,51,171
8.90234375,51,171
8.90625,51,171
8.91015625,51,172
8.9140625,51,173
8.91796875,51,173
8.921875,50,172
8.92578125,50,172
8.9296875,50,171
8.93359375,50,171
8.9375,50,170
8.94140625,50,170
8.9453125,49,170
8.94921875,49,171
8.953125,50,171
8.95703125,49,171
8.9609375,49,172
8.96484375,48,172
8.96875,48,172
8.97265625,48,171
8.9765625,47,170
8.98046875,47,170
8.984375,47,169
8.98828125,47,168
8.9921875,47,167
8.99609375,46,164
9.0,46,158
9.00390625,46,150
9.0078125,46,139
9.01171875,46,127
9.015625,46,114
9.01953125,46,103
9.0234375,46,95
9.02734375,45,89
9.03125,45,87
9.03515625,45,86
9.0390625,45,85
9.04296875,45,84
9.046875,45,81
9.05078125,45,75
9.0546875,45,67
9.05859375,45,59
9.0625,44,51
9.06640625,44,43
9.0703125,44,37
9.07421875,44,33
9.078125,44,31
9.08203125,43,30
9.0859375,43,29
9.08984375,43,28
9.09375,42,27
9.09765625,42,26
9.1015625,42,25
9.10546875,42,24
9.109375,41,23
9.11328125,40,23
9.1171875,40,23
9.12109375,40,23
9.125,40,23
9.12890625,40,24
9.1328125,40,24
9.13671875,40,23
9.140625,39,23
9.14453125,39,23
9.1484375,39,24
9.15234375,39,24
9.15625,38,24
9.16015625,38,24
9.1640625,38,24
9.16796875,38,24
9.171875,38,23
9.17578125,37,23
9.1796875,37,24
9.18359375,36,24
9.1875,36,23
9.19140625,36,24
9.1953125,35,24
9.19921875,35,24
9.203125,35,24
9.20703125,35,24
9.2109375,35,24
9.21484375,34,24
9.21875,35,24
9.22265625,34,24
9.2265625,33,24
9.23046875,33,24
9.234375,33,24
9.23828125,33,24
9.2421875,33,24
9.24609375,33,24
9.25,33,24
9.25390625,33,24
9.2578125,33,24
9.26171875,33,25
9.265625,33,25
9.26953125,33,24
9.2734375,33,24
9.27734375,33,24
9.28125,33,25
9.28515625,33,24
9.2890625,33,24
9.29296875,33,24
9.296875,33,24
9.30078125,32,24
9.3046875,33,24
9.30859375,32,24
9.3125,32,24
9.31640625,32,24
9.3203125,32,24
9.32421875,32,24
9.328125,31,24
9.33203125,31,24
9.3359375,31,24
9.33984375,31,24
9.34375,30,24
9.34765625,30,24
9.3515625,31,24
9.35546875,31,24
9.359375,31,24
9.36328125,30,24
9.3671875,30,24
9.37109375,31,24
9.375,30,24
9.37890625,30,24
9.3828125,30,24
9.38671875,30,24
9.390625,30,24
9.39453125,30,23
9.3984375,30,24
9.40234375,30,24
9.40625,30,24
9.41015625,30,24
9.4140625,29,24
9.41796875,29,24
9.421875,29,24
9.42578125,29,24
9.4296875,28,24
9.43359375,28,24
9.4375,28,24
9.44140625,28,24
9.4453125,28,24
9.44921875,28,24
9.453125,28,24
9.45703125,28,24
9.4609375,28,24
9.46484375,27,24
9.46875,28,24
9.47265625,28,24
9.4765625,27,24
9.48046875,27,24
9.484375,27,24
9.48828125,27,24
9.4921875,27,24
9.49609375,27,24
9.5,27,24
9.50390625,27,24
9.5078125,27,24
9.51171875,27,24
9.515625,27,24
9.51953125,27,24
9.5234375,27,24
9.52734375,27,24
9.53125,27,24
9.53515625,27,24
9.5390625,27,24
9.54296875,27,24
9.546875,27,23
9.55078125,27,23
9.5546875,27,23
9.55859375,27,23
9.5625,27,24
9.56640625,27,24
9.5703125,27,24
9.57421875,27,24
9.578125,27,24
9.58203125,27,24
9.5859375,27,24
9.58984375,27,24
9.59375,27,24
9.59765625,27,24
9.6015625,27,24
9.60546875,27,24
9.609375,28,23
9.61328125,27,24
9.6171875,28,24
9.62109375,28,24
9.625,28,24
9.62890625,28,24
9.6328125,28,24
9.63671875,28,24
9.640625,28,24
9.64453125,28,24
9.6484375,28,24
9.65234375,29,25
9.65625,29,24
9.66015625,28,24
9.6640625,28,25
9.66796875,28,25
9.671875,28,24
9.67578125,28,24
9.6796875,28,24
9.68359375,28,24
9.6875,28,24
9.69140625,28,24
9.6953125,28,25
9.69921875,28,25
9.703125,28,24
9.70703125,28,24
9.7109375,28,24
9.71484375,28,24
9.71875,28,24
9.72265625,28,24
9.7265625,28,24
9.73046875,28,24
9.734375,28,24
9.73828125,28,24
9.7421875,28,24
9.74609375,28,24
9.75,28,24
9.75390625,28,24
9.7578125,28,24
9.76171875,28,24
9.765625,28,24
9.76953125,28,24
9.7734375,28,24
9.77734375,27,24
9.78125,28,24
9.78515625,28,24
9.7890625,28,24
9.79296875,28,24
9.796875,28,24
9.80078125,28,24
9.8046875,29,24
9.80859375,29,24
9.8125,29,24
9.81640625,29,24
9.8203125,29,24
9.82421875,29,24
9.828125,29,24
9.83203125,29,24
9.8359375,29,24
9.83984375,29,24
9.84375,29,24
9.84765625,29,24
9.8515625,29,24
9.85546875,29,24
9.859375,29,24
9.86328125,29,24
9.8671875,29,24
9.87109375,29,24
9.875,29,24
9.87890625,28,24
9.8828125,28,24
9.88671875,28,24
9.890625,28,24
9.89453125,28,24
9.8984375,28,24
9.90234375,28,24
9.90625,28,24
9.91015625,28,24
9.9140625,28,25
9.91796875,28,24
9.921875,28,24
9.92578125,28,24
9.9296875,28,24
9.93359375,28,24
9.9375,29,24
9.94140625,29,24
9.9453125,29,24
9.94921875,29,24
9.953125,29,24
9.95703125,29,24
9.9609375,29,24
9.96484375,29,24
9.96875,29,24
9.97265625,29,24
9.9765625,29,24
9.98046875,28,24
9.984375,28,24
9.98828125,29,24
9.9921875,29,24
9.99609375,28,24
10.0,28,24
10.00390625,29,24
10.0078125,29,24
10.01171875,28,24
10.015625,29,24
10.01953125,29,24
10.0234375,29,24
10.02734375,29,24
10.03125,30,24
10.03515625,30,24
10.0390625,30,23
10.04296875,30,23
10.046875,30,24
10.05078125,30,24
10.0546875,31,24
10.05859375,30,24
10.0625,30,24
10.06640625,30,24
10.0703125,31,24
10.07421875,31,24
10.078125,30,24
10.08203125,30,25
10.0859375,30,24
10.08984375,31,24
10.09375,30,24
10.09765625,30,25
10.1015625,30,25
10.10546875,31,24
10.109375,31,24
10.11328125,31,25
10.1171875,31,25
10.12109375,32,24
10.125,32,24
10.12890625,31,24
10.1328125,31,24
10.13671875,32,24
10.140625,32,24
10.14453125,32,24
10.1484375,32,24
10.15234375,32,24
10.15625,33,24
10.16015625,33,24
10.1640625,33,24
10.16796875,34,24
10.171875,34,23
10.17578125,34,23
10.1796875,34,24
10.18359375,34,24
10.1875,35,23
10.19140625,35,24
10.1953125,35,24
10.19921875,34,24
10.203125,35,24
10.20703125,34,24
10.2109375,34,24
10.21484375,34,24
10.21875,34,24
10.22265625,34,24
10.2265625,34,24
10.23046875,35,24
10.234375,35,24
10.23828125,36,24
10.2421875,36,24
10.24609375,37,25
10.25,37,25
10.25390625,37,24
10.2578125,38,24
10.26171875,37,25
10.265625,37,24
10.26953125,38,24
10.2734375,38,24
10.27734375,38,24
10.28125,38,24
10.28515625,39,24
10.2890625,39,24
10.29296875,39,24
10.296875,39,24
10.30078125,39,24
10.3046875,40,24
10.30859375,41,24
10.3125,41,24
10.31640625,41,24
10.3203125,41,24
10.32421875,42,24
10.328125,42,24
10.33203125,42,24
10.3359375,42,24
10.33984375,43,24
10.34375,43,24
10.34765625,44,24
10.3515625,44,24
10.35546875,45,24
10.359375,45,24
10.36328125,45,24
10.3671875,45,24
10.37109375,46,24
10.375,47,24
10.37890625,47,24
10.3828125,48,24
10.38671875,49,24
10.390625,50,24
10.39453125,50,24
10.3984375,51,24
10.40234375,52,24
10.40625,52,24
10.41015625,52,24
10.4140625,52,24
10.41796875,53,24
10.421875,54,24
10.42578125,54,24
10.4296875,55,24
10.43359375,55,24
10.4375,56,24
10.44140625,57,24
10.4453125,57,24
10.44921875,58,24
10.453125,58,24
10.45703125,59,24
10.4609375,59,24
10.46484375,59,24
10.46875,60,24
10.47265625,60,24
10.4765625,60,24
10.48046875,60,24
10.484375,61,24
10.48828125,62,24
10.4921875,62,24
10.49609375,62,24
10.5,62,24
10.50390625,62,24
10.5078125,62,24
10.51171875,62,24
10.515625,62,24
10.51953125,62,24
10.5234375,62,24
10.52734375,62,24
10.53125,62,25
10.53515625,62,24
10.5390625,62,24
10.54296875,62,24
10.546875,62,24
10.55078125,62,24
10.5546875,62,24
10.55859375,62,24
10.5625,62,24
10.56640625,62,24
10.5703125,62,24
10.57421875,63,24
10.578125,63,24
10.58203125,63,24
10.5859375,63,24
10.58984375,63,24
10.59375,63,24
10.59765625,63,24
10.6015625,63,24
10.60546875,63,24
10.609375,63,24
10.61328125,63,24
10.6171875,63,24
10.62109375,64,24
10.625,64,24
10.62890625,64,24
10.6328125,64,24
10.63671875,64,24
10.640625,64,24
10.64453125,63,24
10.6484375,64,24
10.65234375,64,25
10.65625,64,24
10.66015625,64,24
10.6640625,64,25
10.66796875,65,25
10.671875,65,24
10.67578125,65,24
10.6796875,65,25
10.68359375,65,25
10.6875,65,24
10.69140625,65,24
10.6953125,65,25
10.69921875,65,24
10.703125,66,24
10.70703125,66,24
10.7109375,66,24
10.71484375,66,24
10.71875,67,24
10.72265625,67,24
10.7265625,67,24
10.73046875,67,24
10.734375,67,24
10.73828125,67,24
10.7421875,67,24
10.74609375,67,25
10.75,67,25
10.75390625,67,25
10.7578125,67,25
10.76171875,67,26
10.765625,67,26
10.76953125,67,25
10.7734375,67,25
10.77734375,67,24
10.78125,67,24
10.78515625,67,24
10.7890625,68,24
10.79296875,68,24
10.796875,68,25
10.80078125,68,26
10.8046875,68,26
10.80859375,68,26
10.8125,68,27
10.81640625,68,27
10.8203125,68,27
10.82421875,68,28
10.828125,68,28
10.83203125,69,28
10.8359375,69,29
10.83984375,69,29
10.84375,69,30
10.84765625,69,31
10.8515625,69,32
10.85546875,68,32
10.859375,68,34
10.86328125,68,36
10.8671875,68,37
10.87109375,68,39
10.875,68,41
10.87890625,68,43
10.8828125,68,44
10.88671875,68,45
10.890625,68,46
10.89453125,69,47
10.8984375,69,48
10.90234375,69,50
10.90625,69,51
10.91015625,69,53
10.9140625,69,56
10.91796875,69,58
10.921875,69,60
10.92578125,70,62
10.9296875,70,64
10.93359375,70,66
10.9375,70,67
10.94140625,70,68
10.9453125,70,70
10.94921875,70,72
10.953125,70,74
10.95703125,70,76
10.9609375,70,79
10.96484375,70,83
10.96875,70,86
10.97265625,69,89
10.9765625,69,91
10.98046875,69,93
10.984375,69,94
10.98828125,69,95
10.9921875,69,95
10.99609375,69,96
11.0,70,97
11.00390625,70,100
11.0078125,70,103
11.01171875,70,107
11.015625,70,110
11.01953125,71,113
11.0234375,70,115
11.02734375,70,117
11.03125,70,118
11.03515625,71,118
11.0390625,71,118
11.04296875,70,119
11.046875,71,122
11.05078125,71,124
11.0546875,71,127
11.05859375,71,129
11.0625,71,131
11.06640625,71,133
11.0703125,72,133
11.07421875,72,134
11.078125,72,135
11.08203125,72,136
11.0859375,72,137
11.08984375,72,138
11.09375,71,140
11.09765625,71,142
11.1015625,71,143
11.10546875,71,144
11.109375,71,144
11.11328125,71,145
11.1171875,71,145
11.12109375,72,145
11.125,72,145
11.12890625,71,145
11.1328125,71,145
11.13671875,71,145
11.140625,71,146
11.14453125,71,147
11.1484375,71,148
11.15234375,71,149
11.15625,71,149
11.16015625,71,150
11.1640625,71,151
11.16796875,70,152
11.171875,70,152
11.17578125,70,153
11.1796875,70,154
11.18359375,70,155
11.1875,70,156
11.19140625,70,156
11.1953125,70,157
11.19921875,70,157
11.203125,71,157
11.20703125,71,156
11.2109375,70,156
11.21484375,70,156
11.21875,70,156
11.22265625,70,157
11.2265625,70,157
11.23046875,70,158
11.234375,70,159
11.23828125,71,160
11.2421875,71,160
11.24609375,70,161
11.25,70,161
11.25390625,70,161
11.2578125,70,161
11.26171875,70,161
11.265625,70,161
11.26953125,71,161
11.2734375,71,161
11.27734375,71,162
11.28125,71,163
11.28515625,71,163
11.2890625,71,164
11.29296875,71,164
11.296875,71,165
11.30078125,71,165
11.3046875,71,165
11.30859375,70,165
11.3125,70,165
11.31640625,69,165
11.3203125,69,164
11.32421875,69,164
11.328125,68,164
11.33203125,68,164
11.3359375,69,164
11.33984375,69,164
11.34375,68,164
11.34765625,68,164
11.3515625,68,164
11.35546875,68,164
11.359375,68,164
11.36328125,68,164
11.3671875,68,164
11.37109375,69,164
11.375,69,164
11.37890625,69,164
11.3828125,69,164
11.38671875,69,164
11.390625,69,164
11.39453125,68,164
11.3984375,68,165
11.40234375,68,165
11.40625,68,165
11.41015625,68,166
11.4140625,68,166
11.41796875,69,167
11.421875,68,166
11.42578125,68,166
11.4296875,68,167
11.43359375,68,167
11.4375,68,166
11.44140625,67,166
11.4453125,67,167
11.44921875,67,167
11.453125,67,167
11.45703125,67,167
11.4609375,67,167
11.46484375,67,168
11.46875,67,168
11.47265625,67,168
11.4765625,66,168
11.48046875,66,168
11.484375,66,168
11.48828125,66,168
11.4921875,66,169
11.49609375,66,169
11.5,65,169
11.50390625,65,169
11.5078125,65,168
11.51171875,65,169
11.515625,65,168
11.51953125,65,168
11.5234375,65,168
11.52734375,64,168
11.53125,64,168
11.53515625,64,168
11.5390625,64,168
11.54296875,64,168
11.546875,63,169
11.55078125,63,169
11.5546875,63,168
11.55859375,63,168
11.5625,63,169
11.56640625,63,169
11.5703125,64,169
11.57421875,64,169
11.578125,63,169
11.58203125,63,170
11.5859375,63,169
11.58984375,64,169
11.59375,63,169
11.59765625,64,169
11.6015625,64,169
11.60546875,65,169
11.609375,64,169
11.61328125,64,170
11.6171875,64,170
11.62109375,64,170
11.625,64,170
11.62890625,63,170
11.6328125,63,170
11.63671875,63,170
11.640625,63,170
11.64453125,62,170
11.6484375,62,170
11.65234375,63,171
11.65625,62,170
11.66015625,62,171
11.6640625,62,171
11.66796875,62,171
11.671875,62,171
11.67578125,62,171
11.6796875,61,171
11.68359375,62,171
11.6875,62,171
11.69140625,62,171
11.6953125,62,170
11.69921875,62,170
11.703125,63,170
11.70703125,63,169
11.7109375,62,169
11.71484375,62,169
11.71875,62,170
11.72265625,62,169
11.7265625,61,170
11.73046875,61,171
11.734375,61,171
11.73828125,61,170
11.7421875,61,170
11.74609375,61,170
11.75,61,170
11.75390625,61,170
11.7578125,61,170
11.76171875,61,171
11.765625,61,171
11.76953125,61,171
11.7734375,61,171
11.77734375,60,171
11.78125,60,171
11.78515625,60,170
11.7890625,60,170
11.79296875,61,170
11.796875,60,170
11.80078125,60,171
11.8046875,61,171
11.80859375,61,171
11.8125,60,172
11.81640625,60,173
11.8203125,61,172
11.82421875,61,172
11.828125,60,172
11.83203125,60,171
11.8359375,60,171
11.83984375,60,170
11.84375,60,170
11.84765625,60,171
11.8515625,60,171
11.85546875,60,171
11.859375,60,172
11.86328125,60,173
11.8671875,60,173
11.87109375,60,173
11.875,59,173
11.87890625,59,173
11.8828125,59,172
11.88671875,59,172
11.890625,59,172
11.89453125,59,172
11.8984375,59,173
11.90234375,59,173
11.90625,59,172
11.91015625,59,172
11.9140625,59,173
11.91796875,59,172
11.921875,60,172
11.92578125,60,172
11.9296875,60,172
11.93359375,59,172
11.9375,60,172
11.94140625,60,172
11.9453125,59,172
11.94921875,59,172
11.953125,59,173
11.95703125,59,172
11.9609375,58,172
11.96484375,58,172
11.96875,59,172
11.97265625,59,172
11.9765625,59,172
11.98046875,58,172
11.984375,58,173
11.98828125,58,172
11.9921875,58,172
11.99609375,57,173
12.0,57,173
12.00390625,57,173
12.0078125,57,173
12.01171875,57,174
12.015625,57,174
12.01953125,58,173
12.0234375,58,172
12.02734375,58,172
12.03125,58,172
12.03515625,58,172
12.0390625,58,172
12.04296875,58,172
12.046875,58,173
12.05078125,58,173
12.0546875,58,173
12.05859375,58,173
12.0625,58,174
12.06640625,58,174
12.0703125,58,174
12.07421875,58,174
12.078125,58,174
12.08203125,58,174
12.0859375,58,173
12.08984375,58,172
12.09375,58,172
12.09765625,58,172
12.1015625,58,172
12.10546875,58,172
12.109375,58,172
12.11328125,57,173
12.1171875,58,173
12.12109375,58,173
12.125,58,172
12.12890625,58,173
12.1328125,57,173
12.13671875,58,172
12.140625,58,172
12.14453125,58,172
12.1484375,58,172
12.15234375,58,172
12.15625,59,172
12.16015625,59,173
12.1640625,59,173
12.16796875,59,173
12.171875,59,173
12.17578125,59,173
12.1796875,59,173
12.18359375,58,173
12.1875,58,173
12.19140625,58,173
12.1953125,57,173
12.19921875,57,173
12.203125,57,172
12.20703125,57,172
12.2109375,57,173
12.21484375,56,173
12.21875,57,173
12.22265625,57,174
12.2265625,57,174
12.23046875,57,175
12.234375,57,175
12.23828125,57,175
12.2421875,57,175
12.24609375,56,175
12.25,56,174
12.25390625,56,173
12.2578125,56,173
12.26171875,56,173
12.265625,56,173
12.26953125,57,173
12.2734375,56,173
12.27734375,56,173
12.28125,56,174
12.28515625,56,175
12.2890625,56,175
12.29296875,56,175
12.296875,56,175
12.30078125,56,175
12.3046875,56,174
12.30859375,56,174
12.3125,56,174
12.31640625,55,174
12.3203125,55,174
12.32421875,55,174
12.328125,55,173
12.33203125,55,174
12.3359375,55,174
12.33984375,56,173
12.34375,56,173
12.34765625,56,173
12.3515625,56,173
12.35546875,56,173
12.359375,55,173
12.36328125,55,174
12.3671875,54,174
12.37109375,54,174
12.375,54,174
12.37890625,54,174
12.3828125,54,175
12.38671875,55,174
12.390625,55,174
12.39453125,54,174
12.3984375,55,174
12.40234375,55,173
12.40625,55,173
12.41015625,54,172
12.4140625,54,172
12.41796875,54,172
12.421875,53,172
12.42578125,53,171
12.4296875,52,170
12.43359375,52,167
12.4375,52,162
12.44140625,52,155
12.4453125,52,145
12.44921875,51,133
12.453125,51,120
12.45703125,51,110
12.4609375,50,101
12.46484375,50,96
12.46875,50,93
12.47265625,50,93
12.4765625,50,94
12.48046875,50,95
12.484375,51,94
12.48828125,51,90
12.4921875,51,83
12.49609375,50,75
12.5,49,66
12.50390625,49,57
12.5078125,49,50
12.51171875,48,45
12.515625,48,41
12.51953125,48,39
12.5234375,48,37
12.52734375,48,36
12.53125,48,34
12.53515625,48,32
12.5390625,48,29
12.54296875,47,28
12.546875,47,26
12.55078125,47,26
12.5546875,47,25
12.55859375,47,25
12.5625,46,26
12.56640625,46,26
12.5703125,46,26
12.57421875,46,25
12.578125,45,24
12.58203125,45,24
12.5859375,45,24
12.58984375,45,23
12.59375,45,23
12.59765625,45,24
12.6015625,45,24
12.60546875,45,24
12.609375,45,24
12.61328125,44,24
12.6171875,44,24
12.62109375,44,24
12.625,43,24
12.62890625,43,24
12.6328125,42,24
12.63671875,42,24
12.640625,42,24
12.64453125,41,24
12.6484375,41,24
12.65234375,41,25
12.65625,41,24
12.66015625,41,24
12.6640625,41,24
12.66796875,41,24
12.671875,42,24
12.67578125,42,24
12.6796875,42,24
12.68359375,42,25
12.6875,42,24
12.69140625,42,24
12.6953125,41,24
12.69921875,41,24
12.703125,41,24
12.70703125,41,24
12.7109375,40,24
12.71484375,40,24
12.71875,40,24
12.72265625,40,24
12.7265625,40,24
12.73046875,40,24
12.734375,40,24
12.73828125,40,24
12.7421875,40,24
12.74609375,39,24
12.75,39,24
12.75390625,39,23
12.7578125,39,23
12.76171875,38,24
12.765625,37,24
12.76953125,37,24
12.7734375,36,24
12.77734375,36,24
12.78125,35,24
12.78515625,35,24
12.7890625,35,24
12.79296875,36,24
12.796875,35,24
12.80078125,35,24
12.8046875,36,24
12.80859375,36,24
12.8125,35,24
12.81640625,35,24
12.8203125,36,24
12.82421875,36,24
12.828125,35,24
12.83203125,35,24
12.8359375,35,24
12.83984375,35,24
12.84375,35,24
12.84765625,35,24
12.8515625,35,24
12.85546875,35,24
12.859375,34,24
12.86328125,33,24
12.8671875,33,24
12.87109375,33,24
12.875,33,24
12.87890625,32,24
12.8828125,32,24
12.88671875,32,24
12.890625,32,24
12.89453125,32,24
12.8984375,32,24
12.90234375,32,24
12.90625,32,24
12.91015625,32,24
12.9140625,32,24
12.91796875,32,24
12.921875,32,24
12.92578125,33,24
12.9296875,32,24
12.93359375,33,24
12.9375,33,24
12.94140625,33,24
12.9453125,32,24
12.94921875,32,24
12.953125,32,24
12.95703125,32,24
12.9609375,31,24
12.96484375,31,24
12.96875,31,24
12.97265625,31,24
12.9765625,31,24
12.98046875,31,24
12.984375,30,24
12.98828125,31,24
12.9921875,30,24
12.99609375,30,24
13.0,30,24
13.00390625,30,24
13.0078125,30,24
13.01171875,30,24
13.015625,31,24
13.01953125,31,24
13.0234375,31,24
13.02734375,31,24
13.03125,31,24
13.03515625,31,24
13.0390625,31,24
13.04296875,31,23
13.046875,31,24
13.05078125,31,24
13.0546875,31,24
13.05859375,31,24
13.0625,31,24
13.06640625,31,24
13.0703125,31,24
13.07421875,31,24
13.078125,30,24
13.08203125,30,25
13.0859375,30,25
13.08984375,29,24
13.09375,29,24
13.09765625,29,25
13.1015625,29,25
13.10546875,29,24
13.109375,29,24
13.11328125,29,25
13.1171875,30,24
13.12109375,30,24
13.125,30,24
13.12890625,30,24
13.1328125,30,24
13.13671875,31,24
13.140625,31,24
13.14453125,31,24
13.1484375,31,24
13.15234375,31,24
13.15625,31,23
13.16015625,30,24
13.1640625,31,24
13.16796875,31,24
13.171875,31,23
13.17578125,32,23
13.1796875,32,24
13.18359375,32,24
13.1875,32,24
13.19140625,32,24
13.1953125,31,24
13.19921875,31,24
13.203125,31,24
13.20703125,31,24
13.2109375,31,24
13.21484375,31,24
13.21875,31,24
13.22265625,31,24
13.2265625,31,24
13.23046875,31,24
13.234375,30,24
13.23828125,31,24
13.2421875,31,24
13.24609375,30,24
13.25,30,24
13.25390625,31,24
13.2578125,31,24
13.26171875,31,24
13.265625,31,24
13.26953125,31,25
13.2734375,32,24
13.27734375,31,24
13.28125,31,24
13.28515625,32,24
13.2890625,32,24
13.29296875,32,24
13.296875,32,24
13.30078125,32,24
13.3046875,32,24
13.30859375,32,24
13.3125,32,24
13.31640625,32,24
13.3203125,31,24
13.32421875,31,24
13.328125,31,24
13.33203125,31,24
13.3359375,32,24
13.33984375,32,24
13.34375,32,24
13.34765625,32,24
13.3515625,33,24
13.35546875,33,24
13.359375,33,24
13.36328125,32,24
13.3671875,32,24
13.37109375,33,24
13.375,33,24
13.37890625,33,24
13.3828125,33,24
13.38671875,33,24
13.390625,33,24
13.39453125,33,24
13.3984375,33,24
13.40234375,33,24
13.40625,33,24
13.41015625,33,24
13.4140625,33,24
13.41796875,33,24
13.421875,33,24
13.42578125,33,24
13.4296875,33,24
13.43359375,33,24
13.4375,33,24
13.44140625,33,24
13.4453125,33,24
13.44921875,33,24
13.453125,33,24
13.45703125,33,24
13.4609375,32,24
13.46484375,32,24
13.46875,33,24
13.47265625,33,24
13.4765625,33,24
13.48046875,33,25
13.484375,33,24
13.48828125,34,24
13.4921875,34,24
13.49609375,33,24
13.5,33,25
13.50390625,34,24
13.5078125,34,24
13.51171875,33,25
13.515625,33,25
13.51953125,34,25
13.5234375,34,24
13.52734375,33,24
13.53125,33,24
13.53515625,33,24
13.5390625,33,24
13.54296875,33,24
13.546875,32,24
13.55078125,33,25
13.5546875,33,24
13.55859375,34,24
13.5625,34,24
13.56640625,34,24
13.5703125,34,24
13.57421875,34,24
13.578125,34,24
13.58203125,34,24
13.5859375,34,24
13.58984375,34,24
13.59375,34,24
13.59765625,34,24
13.6015625,35,24
13.60546875,35,23
13.609375,35,24
13.61328125,35,24
13.6171875,35,24
13.62109375,35,24
13.625,36,24
13.62890625,36,24
13.6328125,36,24
13.63671875,36,24
13.640625,36,24
13.64453125,36,24
13.6484375,36,24
13.65234375,36,24
13.65625,36,24
13.66015625,36,24
13.6640625,36,24
13.66796875,36,24
13.671875,37,24
13.67578125,37,24
13.6796875,37,25
13.68359375,37,25
13.6875,38,24
13.69140625,38,24
13.6953125,38,24
13.69921875,38,24
13.703125,39,24
13.70703125,39,24
13.7109375,40,24
13.71484375,40,24
13.71875,40,24
13.72265625,41,24
13.7265625,41,24
13.73046875,41,24
13.734375,41,24
13.73828125,42,24
13.7421875,42,24
13.74609375,42,24
13.75,42,24
13.75390625,42,24
13.7578125,42,24
13.76171875,42,24
13.765625,43,24
13.76953125,43,24
13.7734375,43,24
13.77734375,43,24
13.78125,43,24
13.78515625,44,24
13.7890625,44,24
13.79296875,44,24
13.796875,43,24
13.80078125,44,24
13.8046875,44,24
13.80859375,44,24
13.8125,44,24
13.81640625,45,24
13.8203125,46,24
13.82421875,46,24
13.828125,47,24
13.83203125,47,25
13.8359375,48,24
13.83984375,49,24
13.84375,48,24
13.84765625,49,24
13.8515625,49,24
13.85546875,50,24
13.859375,50,24
13.86328125,50,24
13.8671875,51,24
13.87109375,52,24
13.875,52,24
13.87890625,53,24
13.8828125,53,25
13.88671875,54,24
13.890625,54,24
13.89453125,54,24
13.8984375,55,24
13.90234375,56,24
13.90625,57,24
13.91015625,57,24
13.9140625,58,24
13.91796875,59,24
13.921875,60,24
13.92578125,60,24
13.9296875,61,24
13.93359375,61,24
13.9375,62,24
13.94140625,62,24
13.9453125,62,24
13.94921875,63,24
13.953125,63,24
13.95703125,64,24
13.9609375,64,24
13.96484375,64,24
13.96875,64,24
13.97265625,64,24
13.9765625,64,23
13.98046875,64,24
13.984375,64,23
13.98828125,64,23
13.9921875,64,23
13.99609375,65,23
14.0,65,23
14.00390625,66,24
14.0078125,66,24
14.01171875,66,24
14.015625,66,25
14.01953125,67,25
14.0234375,67,24
14.02734375,67,24
14.03125,67,24
14.03515625,68,24
14.0390625,68,24
14.04296875,68,24
14.046875,68,24
14.05078125,68,24
14.0546875,68,24
14.05859375,69,24
14.0625,68,24
14.06640625,69,24
14.0703125,69,24
14.07421875,69,24
14.078125,69,24
14.08203125,69,24
14.0859375,69,24
14.08984375,69,24
14.09375,69,24
14.09765625,69,24
14.1015625,68,24
14.10546875,69,24
14.109375,69,24
14.11328125,68,24
14.1171875,68,24
14.12109375,68,24
14.125,69,24
14.12890625,68,25
14.1328125,68,25
14.13671875,69,24
14.140625,69,24
14.14453125,69,24
14.1484375,69,24
14.15234375,69,24
14.15625,69,23
14.16015625,69,23
14.1640625,69,24
14.16796875,69,24
14.171875,69,24
14.17578125,69,24
14.1796875,69,24
14.18359375,68,24
14.1875,69,24
14.19140625,69,24
14.1953125,68,24
14.19921875,69,24
14.203125,69,24
14.20703125,69,24
14.2109375,69,24
14.21484375,69,24
14.21875,69,24
14.22265625,69,24
14.2265625,69,24
14.23046875,69,25
14.234375,70,25
14.23828125,70,25
14.2421875,70,26
14.24609375,70,26
14.25,71,26
14.25390625,71,26
14.2578125,71,26
14.26171875,72,26
14.265625,72,25
14.26953125,72,25
14.2734375,73,24
14.27734375,73,24
14.28125,73,25
14.28515625,73,25
14.2890625,73,25
14.29296875,73,24
14.296875,73,25
14.30078125,72,25
14.3046875,73,25
14.30859375,73,25
14.3125,72,26
14.31640625,73,26
14.3203125,73,26
14.32421875,73,26
14.328125,73,26
14.33203125,73,26
14.3359375,73,26
14.33984375,74,26
14.34375,73,26
14.34765625,73,26
14.3515625,73,27
14.35546875,74,27
14.359375,74,28
14.36328125,74,28
14.3671875,74,29
14.37109375,74,29
14.375,74,30
14.37890625,74,32
14.3828125,74,33
14.38671875,74,34
14.390625,74,36
14.39453125,74,38
14.3984375,74,41
14.40234375,74,43
14.40625,74,44
14.41015625,74,47
14.4140625,74,49
14.41796875,74,51
14.421875,74,52
14.42578125,74,53
14.4296875,73,55
14.43359375,73,56
14.4375,74,56
14.44140625,74,58
14.4453125,74,60
14.44921875,74,63
14.453125,74,66
14.45703125,74,68
14.4609375,74,71
14.46484375,74,73
14.46875,74,75
14.47265625,74,76
14.4765625,75,77
14.48046875,74,78
14.484375,75,80
14.48828125,75,82
14.4921875,75,85
14.49609375,74,87
14.5,75,90
14.50390625,75,91
14.5078125,75,93
14.51171875,75,95
14.515625,75,97
14.51953125,75,99
14.5234375,75,101
14.52734375,75,104
14.53125,75,106
14.53515625,75,108
14.5390625,75,109
14.54296875,76,111
14.546875,75,112
14.55078125,75,114
14.5546875,75,115
14.55859375,75,117
14.5625,75,118
14.56640625,74,119
14.5703125,74,120
14.57421875,74,121
14.578125,74,122
14.58203125,74,124
14.5859375,75,125
14.58984375,75,127
14.59375,74,129
14.59765625,75,131
14.6015625,75,133
14.60546875,75,133
14.609375,75,133
14.61328125,75,134
14.6171875,75,134
14.62109375,75,135
14.625,76,135
14.62890625,75,136
14.6328125,75,137
14.63671875,76,138
14.640625,75,140
14.64453125,75,141
14.6484375,75,142
14.65234375,75,143
14.65625,75,144
14.66015625,74,145
14.6640625,74,146
14.66796875,74,147
14.671875,75,148
14.67578125,75,148
14.6796875,75,150
14.68359375,75,150
14.6875,75,151
14.69140625,75,151
14.6953125,75,151
14.69921875,75,151
14.703125,76,151
14.70703125,76,151
14.7109375,76,151
14.71484375,75,152
14.71875,75,153
14.72265625,75,153
14.7265625,76,153
14.73046875,75,154
14.734375,75,154
14.73828125,75,154
14.7421875,75,154
14.74609375,75,154
14.75,74,155
14.75390625,75,155
14.7578125,74,156
14.76171875,74,157
14.765625,74,157
14.76953125,75,157
14.7734375,75,157
14.77734375,75,158
14.78125,75,158
14.78515625,75,158
14.7890625,75,158
14.79296875,75,158
14.796875,75,158
14.80078125,75,159
14.8046875,75,158
14.80859375,75,158
14.8125,75,159
14.81640625,75,159
14.8203125,75,159
14.82421875,75,159
14.828125,75,160
14.83203125,75,161
14.8359375,75,161
14.83984375,75,162
14.84375,75,163
14.84765625,75,164
14.8515625,75,164
14.85546875,75,164
14.859375,74,164
14.86328125,74,164
14.8671875,74,163
14.87109375,74,163
14.875,74,163
14.87890625,74,163
14.8828125,74,164
14.88671875,74,164
14.890625,74,164
14.89453125,74,165
14.8984375,74,165
14.90234375,74,165
14.90625,74,165
14.91015625,74,164
14.9140625,74,164
14.91796875,74,164
14.921875,74,164
14.92578125,75,164
14.9296875,74,165
14.93359375,74,165
14.9375,74,165
14.94140625,74,165
14.9453125,73,166
14.94921875,73,166
14.953125,73,166
14.95703125,73,165
14.9609375,73,165
14.96484375,73,166
14.96875,73,166
14.97265625,73,166
14.9765625,73,166
14.98046875,72,166
14.984375,72,166
14.98828125,73,165
14.9921875,73,165
14.99609375,72,165
15.0,72,166
15.00390625,72,166
15.0078125,72,166
15.01171875,71,168
15.015625,71,167
15.01953125,71,167
15.0234375,71,166
15.02734375,70,166
15.03125,70,166
15.03515625,71,166
15.0390625,71,166
15.04296875,71,166
15.046875,71,166
15.05078125,71,167
15.0546875,71,166
15.05859375,70,166
15.0625,70,167
15.06640625,70,167
15.0703125,70,168
15.07421875,70,168
15.078125,69,169
15.08203125,69,170
15.0859375,69,170
15.08984375,69,169
15.09375,69,169
15.09765625,69,169
15.1015625,69,169
15.10546875,69,168
15.109375,68,168
15.11328125,68,169
15.1171875,68,169
15.12109375,68,169
15.125,68,170
15.12890625,68,170
15.1328125,68,170
15.13671875,68,169
15.140625,68,169
15.14453125,68,168
15.1484375,68,168
15.15234375,68,169
15.15625,68,168
15.16015625,67,169
15.1640625,67,170
15.16796875,67,170
15.171875,68,170
15.17578125,68,170
15.1796875,67,171
15.18359375,67,170
15.1875,67,170
15.19140625,67,170
15.1953125,66,170
15.19921875,66,170
15.203125,66,170
15.20703125,66,170
15.2109375,65,170
15.21484375,66,171
15.21875,66,171
15.22265625,66,170
15.2265625,66,170
15.23046875,65,171
15.234375,65,171
15.23828125,66,170
15.2421875,66,170
15.24609375,66,170
15.25,66,171
15.25390625,66,170
15.2578125,66,170
15.26171875,66,170
15.265625,66,171
15.26953125,66,171
15.2734375,66,170
15.27734375,65,170
15.28125,65,171
15.28515625,66,171
15.2890625,66,171
15.29296875,66,171
15.296875,66,171
15.30078125,65,171
15.3046875,65,170
15.30859375,65,170
15.3125,64,171
15.31640625,64,170
15.3203125,64,170
15.32421875,64,170
15.328125,64,170
15.33203125,64,171
15.3359375,64,171
15.33984375,64,171
15.34375,64,171
15.34765625,64,171
15.3515625,64,171
15.35546875,64,171
15.359375,64,171
15.36328125,64,171
15.3671875,64,171
15.37109375,64,171
15.375,64,171
15.37890625,64,171
15.3828125,63,171
15.38671875,64,170
15.390625,64,171
15.39453125,63,171
15.3984375,63,172
15.40234375,64,172
15.40625,64,172
15.41015625,63,172
15.4140625,63,173
15.41796875,63,172
15.421875,63,172
15.42578125,63,171
15.4296875,62,171
15.43359375,62,171
15.4375,62,171
15.44140625,63,171
15.4453125,63,171
15.44921875,63,172
15.453125,63,172
15.45703125,63,173
15.4609375,63,173
15.46484375,63,173
15.46875,63,173
15.47265625,63,172
15.4765625,63,172
15.48046875,63,172
15.484375,63,172
15.48828125,63,172
15.4921875,63,171
15.49609375,62,171
15.5,62,171
15.50390625,62,171
15.5078125,62,171
15.51171875,62,170
15.515625,62,172
15.51953125,62,172
15.5234375,62,172
15.52734375,62,172
15.53125,62,173
15.53515625,62,173
15.5390625,61,173
15.54296875,61,173
15.546875,61,173
15.55078125,61,172
15.5546875,61,172
15.55859375,61,172
15.5625,61,172
15.56640625,61,172
15.5703125,61,172
15.57421875,61,172
15.578125,60,172
15.58203125,60,172
15.5859375,60,172
15.58984375,61,172
15.59375,61,172
15.59765625,61,172
15.6015625,61,172
15.60546875,62,172
15.609375,62,172
15.61328125,61,172
15.6171875,61,172
15.62109375,61,172
15.625,61,172
15.62890625,60,173
15.6328125,60,173
15.63671875,60,173
15.640625,59,174
15.64453125,59,174
15.6484375,59,175
15.65234375,59,175
15.65625,59,174
15.66015625,59,174
15.6640625,59,174
15.66796875,59,174
15.671875,59,174
15.67578125,60,174
15.6796875,60,174
15.68359375,60,175
15.6875,61,175
15.69140625,61,175
15.6953125,61,175
15.69921875,61,175
15.703125,61,175
15.70703125,61,174
15.7109375,60,174
15.71484375,60,174
15.71875,60,174
15.72265625,60,173
15.7265625,60,173
15.73046875,59,173
15.734375,60,173
15.73828125,60,173
15.7421875,60,173
15.74609375,60,173
15.75,60,173
15.75390625,60,173
15.7578125,59,173
15.76171875,59,172
15.765625,59,173
15.76953125,59,174
15.7734375,59,173
15.77734375,59,173
15.78125,58,174
15.78515625,59,174
15.7890625,58,174
15.79296875,58,174
15.796875,58,175
15.80078125,58,175
15.8046875,58,175
15.80859375,59,175
15.8125,59,175
15.81640625,59,175
15.8203125,59,175
15.82421875,59,174
15.828125,58,175
15.83203125,58,175
15.8359375,58,176
15.83984375,58,176
15.84375,58,176
15.84765625,58,176
15.8515625,58,176
15.85546875,58,175
15.859375,58,176
15.86328125,58,176
15.8671875,57,176
15.87109375,57,176
15.875,57,176
15.87890625,57,177
15.8828125,57,176
15.88671875,57,176
15.890625,58,175
15.89453125,57,175
15.8984375,57,174
15.90234375,57,174
15.90625,57,174
15.91015625,56,174
15.9140625,56,174
15.91796875,56,174
15.921875,56,174
15.92578125,56,174
15.9296875,56,175
15.93359375,56,175
15.9375,56,175
15.94140625,56,175
15.9453125,56,175
15.94921875,56,175
15.953125,56,175
15.95703125,55,174
15.9609375,55,174
15.96484375,55,174
15.96875,54,174
15.97265625,54,174
15.9765625,54,174
15.98046875,53,174
15.984375,53,174
15.98828125,54,174
15.9921875,54,174
15.99609375,54,174
16.0,54,174
16.00390625,55,174
16.0078125,54,174
16.01171875,54,174
16.015625,54,175
16.01953125,54,175
16.0234375,54,174
16.02734375,53,174
16.03125,53,174
16.03515625,54,174
16.0390625,54,174
16.04296875,54,174
16.046875,54,174
16.05078125,54,174
16.0546875,54,174
16.05859375,53,174
16.0625,53,174
16.06640625,52,174
16.0703125,52,172
16.07421875,52,170
16.078125,52,167
16.08203125,52,163
16.0859375,52,157
16.08984375,52,150
16.09375,52,142
16.09765625,52,135
16.1015625,52,129
16.10546875,52,122
16.109375,52,117
16.11328125,51,113
16.1171875,51,110
16.12109375,51,106
16.125,51,103
16.12890625,50,101
16.1328125,51,97
16.13671875,51,94
16.140625,51,89
16.14453125,51,83
16.1484375,51,76
16.15234375,51,68
16.15625,50,58
16.16015625,49,48
16.1640625,49,40
16.16796875,49,34
16.171875,49,29
16.17578125,49,26
16.1796875,48,26
16.18359375,48,26
16.1875,48,25
16.19140625,47,25
16.1953125,47,25
16.19921875,46,24
16.203125,46,24
16.20703125,45,23
16.2109375,45,23
16.21484375,45,23
16.21875,45,24
16.22265625,45,24
16.2265625,45,24
16.23046875,44,25
16.234375,44,25
16.23828125,44,24
16.2421875,44,24
16.24609375,43,24
16.25,42,24
16.25390625,42,24
16.2578125,42,24
16.26171875,41,24
16.265625,41,24
16.26953125,41,24
16.2734375,41,24
16.27734375,41,24
16.28125,41,24
16.28515625,42,24
16.2890625,41,24
16.29296875,41,24
16.296875,40,24
16.30078125,40,24
16.3046875,39,24
16.30859375,39,24
16.3125,38,25
16.31640625,38,24
16.3203125,39,24
16.32421875,39,24
16.328125,38,24
16.33203125,38,24
16.3359375,38,24
16.33984375,38,24
16.34375,37,24
16.34765625,37,24
16.3515625,37,24
16.35546875,37,24
16.359375,37,24
16.36328125,37,24
16.3671875,37,24
16.37109375,37,24
16.375,36,24
16.37890625,36,24
16.3828125,35,24
16.38671875,36,24
16.390625,35,24
16.39453125,35,24
16.3984375,35,25
16.40234375,35,25
16.40625,35,24
16.41015625,34,25
16.4140625,34,25
16.41796875,34,25
16.421875,34,24
16.42578125,34,24
16.4296875,33,25
16.43359375,33,25
16.4375,34,24
16.44140625,34,24
16.4453125,34,24
16.44921875,34,24
16.453125,34,24
16.45703125,34,24
16.4609375,34,24
16.46484375,34,24
16.46875,34,24
16.47265625,34,24
16.4765625,34,24
16.48046875,34,24
16.484375,34,24
16.48828125,34,24
16.4921875,34,24
16.49609375,33,24
16.5,33,25
16.50390625,33,24
16.5078125,33,24
16.51171875,33,24
16.515625,33,24
16.51953125,33,24
16.5234375,32,24
16.52734375,32,24
16.53125,31,24
16.53515625,31,24
16.5390625,31,24
16.54296875,31,24
16.546875,31,24
16.55078125,31,24
16.5546875,32,24
16.55859375,32,24
16.5625,32,24
16.56640625,32,24
16.5703125,32,24
16.57421875,32,24
16.578125,31,24
16.58203125,31,24
16.5859375,32,24
16.58984375,32,23
16.59375,32,23
16.59765625,32,24
16.6015625,32,24
16.60546875,33,23
16.609375,33,23
16.61328125,32,24
16.6171875,32,24
16.62109375,32,24
16.625,32,24
16.62890625,31,24
16.6328125,31,24
16.63671875,31,24
16.640625,31,24
16.64453125,31,24
16.6484375,32,24
16.65234375,32,24
16.65625,32,24
16.66015625,32,24
16.6640625,32,24
16.66796875,32,24
16.671875,32,24
16.67578125,32,24
16.6796875,32,25
16.68359375,32,25
16.6875,32,24
16.69140625,32,24
16.6953125,32,25
16.69921875,32,24
16.703125,33,24
16.70703125,33,24
16.7109375,33,24
16.71484375,33,24
16.71875,33,24
16.72265625,33,24
16.7265625,33,24
16.73046875,32,24
16.734375,32,24
16.73828125,32,24
16.7421875,32,24
16.74609375,31,24
16.75,31,24
16.75390625,31,24
16.7578125,31,24
16.76171875,31,24
16.765625,32,24
16.76953125,32,24
16.7734375,32,24
16.77734375,32,24
16.78125,32,24
16.78515625,32,24
16.7890625,31,24
16.79296875,31,24
16.796875,31,24
16.80078125,30,24
16.8046875,31,24
16.80859375,31,24
16.8125,31,24
16.81640625,31,24
16.8203125,31,24
16.82421875,31,24
16.828125,31,24
16.83203125,30,24
16.8359375,31,24
16.83984375,31,24
16.84375,30,24
16.84765625,31,24
16.8515625,31,24
16.85546875,31,24
16.859375,31,24
16.86328125,31,24
16.8671875,31,24
16.87109375,31,24
16.875,31,24
16.87890625,31,24
16.8828125,31,24
16.88671875,31,24
16.890625,31,24
16.89453125,31,24
16.8984375,31,24
16.90234375,31,24
16.90625,31,24
16.91015625,31,24
16.9140625,31,24
16.91796875,31,24
16.921875,32,24
16.92578125,32,24
16.9296875,31,24
16.93359375,31,24
16.9375,32,24
16.94140625,32,24
16.9453125,32,24
16.94921875,32,24
16.953125,32,24
16.95703125,32,24
16.9609375,32,24
16.96484375,31,24
16.96875,32,24
16.97265625,31,24
16.9765625,31,24
16.98046875,31,24
16.984375,31,24
16.98828125,32,24
16.9921875,32,24
16.99609375,31,24
17.0,31,24
17.00390625,32,24
17.0078125,32,24
17.01171875,31,24
17.015625,31,25
17.01953125,32,25
17.0234375,32,24
17.02734375,31,24
17.03125,32,24
17.03515625,32,24
17.0390625,32,24
17.04296875,32,24
17.046875,32,24
17.05078125,32,24
17.0546875,32,24
17.05859375,32,24
17.0625,32,24
17.06640625,32,24
17.0703125,32,24
17.07421875,32,24
17.078125,32,24
17.08203125,32,25
17.0859375,32,24
17.08984375,32,24
17.09375,32,24
17.09765625,32,25
17.1015625,32,25
17.10546875,33,24
17.109375,32,24
17.11328125,32,25
17.1171875,32,25
17.12109375,32,24
17.125,32,24
17.12890625,32,25
17.1328125,32,24
17.13671875,32,24
17.140625,32,24
17.14453125,32,24
17.1484375,32,24
17.15234375,32,24
17.15625,32,24
17.16015625,31,24
17.1640625,32,24
17.16796875,32,24
17.171875,32,23
17.17578125,32,23
17.1796875,31,23
17.18359375,31,23
17.1875,31,23
17.19140625,31,23
17.1953125,30,24
17.19921875,30,24
17.203125,30,24
17.20703125,30,24
17.2109375,30,24
17.21484375,30,24
17.21875,31,24
17.22265625,31,24
17.2265625,31,24
17.23046875,31,24
17.234375,31,24
17.23828125,31,24
17.2421875,31,24
17.24609375,31,25
17.25,31,25
17.25390625,32,24
17.2578125,32,24
17.26171875,32,24
17.265625,32,24
17.26953125,33,25
17.2734375,33,24
17.27734375,33,24
17.28125,33,24
17.28515625,33,24
17.2890625,33,24
17.29296875,33,24
17.296875,33,24
17.30078125,32,25
17.3046875,32,24
17.30859375,32,24
17.3125,32,24
17.31640625,32,24
17.3203125,32,24
17.32421875,32,24
17.328125,32,24
17.33203125,32,24
17.3359375,33,24
17.33984375,33,24
17.34375,33,24
17.34765625,33,24
17.3515625,33,24
17.35546875,34,24
17.359375,33,24
17.36328125,33,24
17.3671875,33,24
17.37109375,34,24
17.375,34,24
17.37890625,33,25
17.3828125,34,24
17.38671875,34,24
17.390625,34,24
17.39453125,34,24
17.3984375,34,24
17.40234375,34,24
17.40625,34,24
17.41015625,34,24
17.4140625,34,24
17.41796875,34,24
17.421875,34,24
17.42578125,34,24
17.4296875,34,24
17.43359375,34,24
17.4375,34,24
17.44140625,35,24
17.4453125,35,24
17.44921875,35,25
17.453125,35,24
17.45703125,35,24
17.4609375,35,24
17.46484375,35,24
17.46875,35,24
17.47265625,35,24
17.4765625,36,24
17.48046875,35,25
17.484375,35,24
17.48828125,36,24
17.4921875,36,24
17.49609375,36,24
17.5,36,24
17.50390625,37,24
17.5078125,37,24
17.51171875,36,24
17.515625,36,24
17.51953125,37,24
17.5234375,37,24
17.52734375,36,24
17.53125,36,24
17.53515625,37,24
17.5390625,37,24
17.54296875,38,24
17.546875,38,24
17.55078125,38,24
17.5546875,39,24
17.55859375,39,24
17.5625,38,24
17.56640625,38,24
17.5703125,39,24
17.57421875,39,24
17.578125,39,23
17.58203125,39,24
17.5859375,40,23
17.58984375,40,23
17.59375,40,23
17.59765625,40,24
17.6015625,40,24
17.60546875,41,24
17.609375,41,24
17.61328125,41,24
17.6171875,41,24
17.62109375,41,24
17.625,41,24
17.62890625,41,24
17.6328125,41,24
17.63671875,41,24
17.640625,42,24
17.64453125,42,24
17.6484375,42,25
17.65234375,43,25
17.65625,43,24
17.66015625,44,24
17.6640625,44,25
17.66796875,44,25
17.671875,45,25
17.67578125,45,25
17.6796875,45,25
17.68359375,46,25
17.6875,47,24
17.69140625,47,24
17.6953125,48,24
17.69921875,48,24
17.703125,49,24
17.70703125,50,24
17.7109375,50,24
17.71484375,51,24
17.71875,52,24
17.72265625,52,24
17.7265625,53,24
17.73046875,53,24
17.734375,53,24
17.73828125,54,24
17.7421875,54,24
17.74609375,55,24
17.75,55,24
17.75390625,56,24
17.7578125,56,24
17.76171875,57,24
17.765625,57,24
17.76953125,58,24
17.7734375,58,24
17.77734375,58,24
17.78125,58,24
17.78515625,59,24
17.7890625,59,24
17.79296875,59,24
17.796875,59,24
17.80078125,59,24
17.8046875,60,24
17.80859375,60,24
17.8125,60,24
17.81640625,60,24
17.8203125,60,24
17.82421875,60,24
17.828125,60,24
17.83203125,59,24
17.8359375,60,24
17.83984375,60,24
17.84375,60,24
17.84765625,60,24
17.8515625,60,24
17.85546875,60,24
17.859375,60,24
17.86328125,60,25
17.8671875,60,25
17.87109375,61,24
17.875,61,24
17.87890625,61,25
17.8828125,61,24
17.88671875,62,24
17.890625,62,24
17.89453125,62,24
17.8984375,62,24
17.90234375,62,24
17.90625,62,24
17.91015625,63,24
17.9140625,62,24
17.91796875,62,24
17.921875,63,24
17.92578125,63,24
17.9296875,63,24
17.93359375,63,24
17.9375,63,24
17.94140625,63,24
17.9453125,63,24
17.94921875,63,24
17.953125,64,24
17.95703125,64,24
17.9609375,63,24
17.96484375,63,24
17.96875,64,24
17.97265625,64,24
17.9765625,64,24
17.98046875,63,24
17.984375,64,24
17.98828125,64,24
17.9921875,64,24
17.99609375,64,24
18.0,64,24
18.00390625,65,24
18.0078125,65,24
18.01171875,64,24
18.015625,64,24
18.01953125,65,24
18.0234375,65,24
18.02734375,65,24
18.03125,66,24
18.03515625,66,24
18.0390625,66,24
18.04296875,66,24
18.046875,67,24
18.05078125,67,24
18.0546875,67,24
18.05859375,67,24
18.0625,67,24
18.06640625,67,25
18.0703125,67,25
18.07421875,67,24
18.078125,67,24
18.08203125,67,25
18.0859375,67,25
18.08984375,67,25
18.09375,67,25
18.09765625,67,25
18.1015625,68,25
18.10546875,68,25
18.109375,69,25
18.11328125,68,26
18.1171875,68,26
18.12109375,69,26
18.125,69,26
18.12890625,68,27
18.1328125,69,27
18.13671875,69,26
18.140625,69,26
18.14453125,69,26
18.1484375,69,26
18.15234375,69,26
18.15625,69,26
18.16015625,69,26
18.1640625,68,27
18.16796875,68,28
18.171875,69,28
18.17578125,69,28
18.1796875,68,29
18.18359375,68,29
18.1875,69,30
18.19140625,69,31
18.1953125,68,33
18.19921875,68,34
18.203125,68,35
18.20703125,68,37
18.2109375,67,38
18.21484375,67,40
18.21875,67,42
18.22265625,67,43
18.2265625,67,44
18.23046875,67,46
18.234375,67,47
18.23828125,68,48
18.2421875,68,49
18.24609375,68,50
18.25,68,51
18.25390625,68,51
18.2578125,68,53
18.26171875,68,54
18.265625,68,57
18.26953125,68,59
18.2734375,68,61
18.27734375,68,64
18.28125,68,67
18.28515625,68,69
18.2890625,68,71
18.29296875,69,73
18.296875,68,75
18.30078125,68,77
18.3046875,68,79
18.30859375,68,81
18.3125,68,83
18.31640625,68,85
18.3203125,68,85
18.32421875,68,87
18.328125,68,87
18.33203125,68,88
18.3359375,68,89
18.33984375,68,91
18.34375,68,94
18.34765625,68,97
18.3515625,69,100
18.35546875,69,103
18.359375,69,106
18.36328125,69,108
18.3671875,69,110
18.37109375,69,111
18.375,69,112
18.37890625,69,114
18.3828125,69,116
18.38671875,69,118
18.390625,69,120
18.39453125,69,121
18.3984375,69,123
18.40234375,69,124
18.40625,69,124
18.41015625,68,125
18.4140625,68,125
18.41796875,68,126
18.421875,68,127
18.42578125,69,128
18.4296875,69,131
18.43359375,69,133
18.4375,69,135
18.44140625,69,136
18.4453125,69,136
18.44921875,69,138
18.453125,69,137
18.45703125,69,137
18.4609375,69,137
18.46484375,69,138
18.46875,69,140
18.47265625,70,141
18.4765625,70,143
18.48046875,70,144
18.484375,70,145
18.48828125,70,146
18.4921875,70,146
18.49609375,69,146
18.5,69,147
18.50390625,69,147
18.5078125,69,147
18.51171875,69,148
18.515625,69,150
18.51953125,69,151
18.5234375,69,151
18.52734375,69,151
18.53125,69,152
18.53515625,69,152
18.5390625,69,152
18.54296875,69,152
18.546875,68,153
18.55078125,68,154
18.5546875,69,154
18.55859375,69,155
18.5625,69,155
18.56640625,69,155
18.5703125,70,154
18.57421875,70,154
18.578125,70,155
18.58203125,70,155
18.5859375,70,155
18.58984375,70,156
18.59375,69,157
18.59765625,70,158
18.6015625,70,158
18.60546875,70,159
18.609375,70,159
18.61328125,70,159
18.6171875,70,160
18.62109375,71,159
18.625,70,160
18.62890625,70,160
18.6328125,70,161
18.63671875,70,161
18.640625,71,161
18.64453125,71,161
18.6484375,71,161
18.65234375,71,161
18.65625,71,161
18.66015625,71,161
18.6640625,71,162
18.66796875,71,162
18.671875,71,162
18.67578125,71,163
18.6796875,71,163
18.68359375,71,163
18.6875,72,163
18.69140625,72,163
18.6953125,72,162
18.69921875,72,162
18.703125,73,162
18.70703125,72,162
18.7109375,72,162
18.71484375,72,162
18.71875,72,163
18.72265625,72,162
18.7265625,71,163
18.73046875,71,163
18.734375,71,164
18.73828125,71,164
18.7421875,71,164
18.74609375,71,164
18.75,70,165
18.75390625,71,164
18.7578125,71,164
18.76171875,70,164
18.765625,70,164
18.76953125,70,164
18.7734375,70,164
18.77734375,69,164
18.78125,69,164
18.78515625,69,164
18.7890625,69,164
18.79296875,69,164
18.796875,69,165
18.80078125,69,165
18.8046875,69,165
18.80859375,69,166
18.8125,68,166
18.81640625,68,166
18.8203125,68,166
18.82421875,68,166
18.828125,67,166
18.83203125,67,166
18.8359375,67,166
18.83984375,67,165
18.84375,66,165
18.84765625,66,166
18.8515625,66,166
18.85546875,66,166
18.859375,66,166
18.86328125,65,166
18.8671875,65,167
18.87109375,65,167
18.875,65,167
18.87890625,65,168
18.8828125,65,168
18.88671875,65,168
18.890625,65,168
18.89453125,65,167
18.8984375,65,168
18.90234375,65,167
18.90625,65,167
18.91015625,65,167
18.9140625,65,167
18.91796875,65,168
18.921875,65,168
18.92578125,64,168
18.9296875,64,168
18.93359375,64,169
18.9375,64,168
18.94140625,64,168
18.9453125,64,168
18.94921875,64,169
18.953125,64,169
18.95703125,64,168
18.9609375,63,168
18.96484375,63,168
18.96875,63,168
18.97265625,63,168
18.9765625,63,168
18.98046875,63,169
18.984375,63,168
18.98828125,63,168
18.9921875,63,168
18.99609375,63,169
19.0,63,169
19.00390625,63,169
19.0078125,63,169
19.01171875,62,169
19.015625,62,169
19.01953125,63,169
19.0234375,63,168
19.02734375,63,168
19.03125,63,169
19.03515625,63,169
19.0390625,62,169
19.04296875,62,170
19.046875,62,170
19.05078125,62,170
19.0546875,62,170
19.05859375,62,170
19.0625,62,170
19.06640625,62,170
19.0703125,62,170
19.07421875,62,170
19.078125,61,171
19.08203125,61,171
19.0859375,61,171
19.08984375,60,170
19.09375,60,170
19.09765625,60,171
19.1015625,60,171
19.10546875,60,170
19.109375,60,170
19.11328125,60,171
19.1171875,60,171
19.12109375,60,171
19.125,60,171
19.12890625,60,171
19.1328125,60,171
19.13671875,61,171
19.140625,61,171
19.14453125,60,171
19.1484375,60,171
19.15234375,61,171
19.15625,61,171
19.16015625,60,171
19.1640625,60,171
19.16796875,60,171
19.171875,60,171
19.17578125,60,171
19.1796875,59,172
19.18359375,59,172
19.1875,59,172
19.19140625,59,172
19.1953125,59,172
19.19921875,59,172
19.203125,59,172
19.20703125,59,171
19.2109375,59,171
19.21484375,59,171
19.21875,59,171
19.22265625,60,171
19.2265625,59,171
19.23046875,59,172
19.234375,59,172
19.23828125,60,172
19.2421875,60,172
19.24609375,59,172
19.25,59,172
19.25390625,60,172
19.2578125,59,172
19.26171875,59,173
19.265625,59,173
19.26953125,59,173
19.2734375,59,172
19.27734375,59,172
19.28125,59,173
19.28515625,59,173
19.2890625,59,173
19.29296875,59,173
19.296875,58,173
19.30078125,58,173
19.3046875,58,172
19.30859375,57,172
19.3125,57,173
19.31640625,57,173
19.3203125,57,172
19.32421875,57,172
19.328125,57,172
19.33203125,57,172
19.3359375,58,172
19.33984375,58,172
19.34375,58,172
19.34765625,58,172
19.3515625,57,172
19.35546875,58,172
19.359375,58,172
19.36328125,58,172
19.3671875,58,172
19.37109375,59,173
19.375,59,173
19.37890625,58,173
19.3828125,58,174
19.38671875,58,174
19.390625,58,173
19.39453125,57,173
19.3984375,57,173
19.40234375,57,173
19.40625,57,173
19.41015625,56,173
19.4140625,56,174
19.41796875,56,174
19.421875,57,174
19.42578125,57,174
19.4296875,57,175
19.43359375,57,174
19.4375,57,174
19.44140625,57,173
19.4453125,56,172
19.44921875,56,173
19.453125,57,173
19.45703125,57,173
19.4609375,56,173
19.46484375,56,174
19.46875,57,174
19.47265625,57,174
19.4765625,56,174
19.48046875,56,174
19.484375,56,174
19.48828125,57,174
19.4921875,57,174
19.49609375,56,174
19.5,56,174
19.50390625,56,174
19.5078125,56,173
19.51171875,56,173
19.515625,55,174
19.51953125,55,174
19.5234375,55,174
19.52734375,55,174
19.53125,55,175
19.53515625,55,175
19.5390625,55,175
19.54296875,55,175
19.546875,55,175
19.55078125,55,175
19.5546875,55,174
19.55859375,55,174
19.5625,55,175
19.56640625,55,175
19.5703125,55,174
19.57421875,55,174
19.578125,55,174
19.58203125,55,174
19.5859375,55,174
19.58984375,55,174
19.59375,55,174
19.59765625,55,175
19.6015625,55,175
19.60546875,55,175
19.609375,55,175
19.61328125,55,175
19.6171875,55,175
19.62109375,55,175
19.625,55,175
19.62890625,55,175
19.6328125,55,175
19.63671875,55,175
19.640625,55,174
19.64453125,55,174
19.6484375,55,175
19.65234375,56,175
19.65625,56,175
19.66015625,56,175
19.6640625,56,175
19.66796875,56,175
19.671875,57,174
19.67578125,57,174
19.6796875,57,175
19.68359375,57,175
19.6875,57,174
19.69140625,57,175
19.6953125,57,175
19.69921875,56,176
19.703125,56,176
19.70703125,57,176
19.7109375,56,176
19.71484375,56,176
19.71875,56,176
19.72265625,56,175
19.7265625,56,175
19.73046875,56,174
19.734375,56,174
19.73828125,56,174
19.7421875,56,174
19.74609375,56,175
19.75,56,175
19.75390625,56,175
19.7578125,56,175
19.76171875,56,175
19.765625,56,175
19.76953125,56,175
19.7734375,56,175
19.77734375,56,175
19.78125,56,176
19.78515625,56,176
19.7890625,56,176
19.79296875,56,176
19.796875,56,176
19.80078125,56,175
19.8046875,57,174
19.80859375,56,174
19.8125,56,174
19.81640625,56,175
19.8203125,56,175
19.82421875,56,175
19.828125,55,176
19.83203125,55,176
19.8359375,55,176
19.83984375,55,176
19.84375,55,176
19.84765625,55,176
19.8515625,54,176
19.85546875,54,176
19.859375,54,176
19.86328125,54,177
19.8671875,54,177
19.87109375,54,176
19.875,54,176
19.87890625,54,176
19.8828125,54,176
19.88671875,55,176
19.890625,55,176
19.89453125,55,176
19.8984375,55,176
19.90234375,55,177
19.90625,55,176
19.91015625,55,176
19.9140625,55,176
19.91796875,55,176
19.921875,55,176
19.92578125,55,176
19.9296875,55,176
19.93359375,55,176
19.9375,55,176
19.94140625,55,176
19.9453125,54,176
19.94921875,54,177
19.953125,54,176
19.95703125,55,176
19.9609375,54,176
19.96484375,54,176
19.96875,54,176
19.97265625,54,176
19.9765625,54,176
19.98046875,53,176
19.984375,53,176
19.98828125,54,176
19.9921875,54,176
19.99609375,54,176
20.0,54,176
20.00390625,54,176
20.0078125,54,176
20.01171875,53,176
20.015625,53,177
20.01953125,53,176
20.0234375,54,176
20.02734375,53,176
20.03125,53,176
20.03515625,53,176
20.0390625,54,176
20.04296875,54,176
20.046875,53,176
20.05078125,53,176
20.0546875,53,176
20.05859375,53,176
20.0625,52,177
20.06640625,52,177
20.0703125,52,177
20.07421875,52,176
20.078125,52,176
20.08203125,52,177
20.0859375,52,177
20.08984375,52,177
20.09375,51,177
20.09765625,51,177
20.1015625,51,177
20.10546875,51,177
20.109375,51,177
20.11328125,50,177
20.1171875,50,177
20.12109375,50,176
20.125,50,174
20.12890625,50,173
20.1328125,50,169
20.13671875,50,163
20.140625,49,155
20.14453125,48,146
20.1484375,48,136
20.15234375,48,126
20.15625,48,118
20.16015625,47,112
20.1640625,47,108
20.16796875,46,104
20.171875,46,100
20.17578125,46,95
20.1796875,45,88
20.18359375,45,78
20.1875,45,68
20.19140625,45,58
20.1953125,44,49
20.19921875,44,42
20.203125,44,37
20.20703125,44,34
20.2109375,44,33
20.21484375,44,33
20.21875,44,32
20.22265625,44,31
20.2265625,44,30
20.23046875,44,29
20.234375,44,27
20.23828125,45,26
20.2421875,45,25
20.24609375,45,25
20.25,44,26
20.25390625,45,25
20.2578125,44,26
20.26171875,44,25
20.265625,44,25
20.26953125,43,25
20.2734375,43,24
20.27734375,43,24
20.28125,42,24
20.28515625,42,24
20.2890625,41,24
20.29296875,41,24
20.296875,40,25
20.30078125,40,25
20.3046875,40,24
20.30859375,40,24
20.3125,40,24
20.31640625,40,24
20.3203125,40,24
20.32421875,40,24
20.328125,39,24
20.33203125,38,24
20.3359375,38,24
20.33984375,38,24
20.34375,37,24
20.34765625,37,24
20.3515625,37,24
20.35546875,37,24
20.359375,37,24
20.36328125,37,24
20.3671875,36,24
20.37109375,36,24
20.375,36,24
20.37890625,35,24
20.3828125,35,24
20.38671875,35,24
20.390625,35,24
20.39453125,35,24
20.3984375,34,24
20.40234375,34,24
20.40625,34,24
20.41015625,34,24
20.4140625,34,24
20.41796875,34,24
20.421875,34,24
20.42578125,34,24
20.4296875,33,24
20.43359375,33,24
20.4375,33,24
20.44140625,34,24
20.4453125,33,24
20.44921875,33,24
20.453125,33,24
20.45703125,34,24
20.4609375,33,24
20.46484375,33,24
20.46875,33,24
20.47265625,33,24
20.4765625,33,24
20.48046875,32,24
20.484375,32,24
20.48828125,32,24
20.4921875,32,24
20.49609375,32,24
20.5,32,25
20.50390625,32,24
20.5078125,33,24
20.51171875,32,24
20.515625,32,24
20.51953125,32,24
20.5234375,32,24
20.52734375,31,24
20.53125,31,24
20.53515625,31,24
20.5390625,31,24
20.54296875,32,24
20.546875,31,24
20.55078125,31,24
20.5546875,32,24
20.55859375,31,24
20.5625,31,24
20.56640625,31,24
20.5703125,31,24
20.57421875,31,24
20.578125,31,24
20.58203125,31,24
20.5859375,31,24
20.58984375,30,24
20.59375,31,24
20.59765625,30,24
20.6015625,29,24
20.60546875,29,24
20.609375,29,24
20.61328125,29,24
20.6171875,29,24
20.62109375,29,24
20.625,29,24
20.62890625,28,24
20.6328125,28,24
20.63671875,28,24
20.640625,28,24
20.64453125,28,24
20.6484375,28,25
20.65234375,29,25
20.65625,29,24
20.66015625,29,25
20.6640625,29,25
20.66796875,29,25
20.671875,29,24
20.67578125,29,24
20.6796875,29,25
20.68359375,29,24
20.6875,30,24
20.69140625,29,24
20.6953125,29,24
20.69921875,29,24
20.703125,29,24
20.70703125,29,24
20.7109375,28,24
20.71484375,28,24
20.71875,29,24
20.72265625,28,24
20.7265625,28,24
20.73046875,28,24
20.734375,28,24
20.73828125,28,24
20.7421875,28,24
20.74609375,28,24
20.75,28,24
20.75390625,28,24
20.7578125,29,24
20.76171875,28,24
20.765625,29,24
20.76953125,29,24
20.7734375,29,23
20.77734375,29,24
20.78125,29,24
20.78515625,29,24
20.7890625,29,23
20.79296875,29,24
20.796875,29,24
20.80078125,29,24
20.8046875,29,24
20.80859375,29,24
20.8125,29,24
20.81640625,29,24
20.8203125,29,24
20.82421875,29,24
20.828125,29,24
20.83203125,29,24
20.8359375,29,24
20.83984375,29,24
20.84375,29,24
20.84765625,28,25
20.8515625,28,25
20.85546875,28,24
20.859375,28,24
20.86328125,28,25
20.8671875,28,25
20.87109375,28,24
20.875,28,24
20.87890625,28,25
20.8828125,28,24
20.88671875,28,24
20.890625,28,24
20.89453125,28,24
20.8984375,28,24
20.90234375,29,24
20.90625,29,24
20.91015625,29,24
20.9140625,29,24
20.91796875,29,24
20.921875,29,24
20.92578125,30,24
20.9296875,29,24
20.93359375,29,24
20.9375,29,24
20.94140625,29,24
20.9453125,28,24
20.94921875,28,24
20.953125,29,24
20.95703125,29,24
20.9609375,29,24
20.96484375,29,24
20.96875,30,24
20.97265625,30,24
20.9765625,30,24
20.98046875,29,24
20.984375,29,24
20.98828125,29,24
20.9921875,29,24
20.99609375,29,24
21.0,29,24
21.00390625,29,24
21.0078125,29,24
21.01171875,29,24
21.015625,29,24
21.01953125,29,24
21.0234375,29,24
21.02734375,29,24
21.03125,29,24
21.03515625,29,24
21.0390625,29,24
21.04296875,29,24
21.046875,29,24
21.05078125,29,24
21.0546875,29,24
21.05859375,29,24
21.0625,29,24
21.06640625,29,24
21.0703125,29,24
21.07421875,29,24
21.078125,29,24
21.08203125,29,25
21.0859375,29,25
21.08984375,29,24
21.09375,30,24
21.09765625,29,25
21.1015625,30,25
21.10546875,30,24
21.109375,30,24
21.11328125,30,24
21.1171875,30,25
21.12109375,31,24
21.125,31,24
21.12890625,31,26
21.1328125,31,24
21.13671875,32,24
21.140625,32,24
21.14453125,31,24
21.1484375,31,24
21.15234375,32,24
21.15625,32,24
21.16015625,32,24
21.1640625,32,24
21.16796875,32,24
21.171875,32,23
21.17578125,31,23
21.1796875,31,24
21.18359375,31,24
21.1875,31,24
21.19140625,31,23
21.1953125,31,24
21.19921875,32,24
21.203125,32,24
21.20703125,32,24
21.2109375,32,24
21.21484375,32,24
21.21875,32,24
21.22265625,32,24
21.2265625,32,24
21.23046875,32,25
21.234375,31,25
21.23828125,32,24
21.2421875,32,24
21.24609375,32,25
21.25,32,25
21.25390625,33,25
21.2578125,33,24
21.26171875,33,24
21.265625,33,25
21.26953125,33,24
21.2734375,33,24
21.27734375,33,24
21.28125,33,24
21.28515625,33,23
21.2890625,34,23
21.29296875,34,23
21.296875,34,24
21.30078125,34,24
21.3046875,34,24
21.30859375,34,24
21.3125,34,25
21.31640625,34,25
21.3203125,34,24
21.32421875,34,24
21.328125,34,24
21.33203125,34,24
21.3359375,35,24
21.33984375,35,24
21.34375,35,24
21.34765625,35,24
21.3515625,35,24
21.35546875,35,24
21.359375,35,24
21.36328125,34,24
21.3671875,34,24
21.37109375,35,24
21.375,35,24
21.37890625,35,24
21.3828125,35,24
21.38671875,35,24
21.390625,35,24
21.39453125,35,24
21.3984375,35,24
21.40234375,35,24
21.40625,35,24
21.41015625,34,24
21.4140625,34,24
21.41796875,35,24
21.421875,35,24
21.42578125,35,24
21.4296875,35,24
21.43359375,36,24
21.4375,36,24
21.44140625,36,24
21.4453125,36,24
21.44921875,36,24
21.453125,36,24
21.45703125,37,24
21.4609375,37,24
21.46484375,37,24
21.46875,37,24
21.47265625,37,24
21.4765625,38,24
21.48046875,38,24
21.484375,38,24
21.48828125,38,24
21.4921875,38,24
21.49609375,38,24
21.5,38,24
21.50390625,38,23
21.5078125,39,24
21.51171875,38,24
21.515625,38,24
21.51953125,39,24
21.5234375,39,24
21.52734375,39,24
21.53125,40,24
21.53515625,40,24
21.5390625,41,24
21.54296875,41,24
21.546875,41,24
21.55078125,41,24
21.5546875,42,24
21.55859375,42,24
21.5625,43,24
21.56640625,43,24
21.5703125,44,24
21.57421875,45,24
21.578125,45,24
21.58203125,46,24
21.5859375,46,24
21.58984375,47,24
21.59375,48,24
21.59765625,48,24
21.6015625,49,24
21.60546875,50,24
21.609375,51,24
21.61328125,52,24
21.6171875,53,24
21.62109375,54,23
21.625,54,23
21.62890625,55,23
21.6328125,55,24
21.63671875,57,24
21.640625,58,24
21.64453125,58,24
21.6484375,59,25
21.65234375,60,25
21.65625,61,25
21.66015625,62,25
21.6640625,62,25
21.66796875,62,25
21.671875,63,24
21.67578125,64,24
21.6796875,64,24
21.68359375,64,24
21.6875,65,24
21.69140625,65,24
21.6953125,65,24
21.69921875,66,24
21.703125,67,24
21.70703125,67,24
21.7109375,67,24
21.71484375,67,24
21.71875,68,24
21.72265625,68,24
21.7265625,68,24
21.73046875,68,24
21.734375,68,24
21.73828125,68,24
21.7421875,68,24
21.74609375,68,24
21.75,68,24
21.75390625,68,23
21.7578125,68,24
21.76171875,68,24
21.765625,68,24
21.76953125,69,24
21.7734375,69,24
21.77734375,69,24
21.78125,70,24
21.78515625,70,24
21.7890625,70,24
21.79296875,71,24
21.796875,71,24
21.80078125,71,24
21.8046875,71,24
21.80859375,71,24
21.8125,71,24
21.81640625,71,24
21.8203125,71,24
21.82421875,71,24
21.828125,71,24
21.83203125,71,25
21.8359375,71,25
21.83984375,71,24
21.84375,71,24
21.84765625,71,25
21.8515625,71,25
21.85546875,71,24
21.859375,71,24
21.86328125,71,24
21.8671875,71,24
21.87109375,72,24
21.875,72,24
21.87890625,72,24
21.8828125,72,24
21.88671875,72,24
21.890625,72,24
21.89453125,72,24
21.8984375,72,24
21.90234375,73,24
21.90625,73,24
21.91015625,73,24
21.9140625,73,24
21.91796875,73,24
21.921875,73,24
21.92578125,74,24
21.9296875,73,24
21.93359375,73,25
21.9375,74,25
21.94140625,74,25
21.9453125,73,25
21.94921875,73,25
21.953125,73,25
21.95703125,73,24
21.9609375,73,24
21.96484375,73,24
21.96875,73,24
21.97265625,73,24
21.9765625,74,24
21.98046875,73,25
21.984375,74,26
21.98828125,74,26
21.9921875,74,26
21.99609375,74,27
22.0,74,27
22.00390625,74,27
22.0078125,74,28
22.01171875,73,28
22.015625,74,29
22.01953125,74,30
22.0234375,74,31
22.02734375,73,32
22.03125,73,33
22.03515625,73,35
22.0390625,74,36
22.04296875,74,38
22.046875,73,40
22.05078125,73,42
22.0546875,73,44
22.05859375,73,45
22.0625,72,46
22.06640625,72,47
22.0703125,72,48
22.07421875,72,48
22.078125,72,49
22.08203125,71,51
22.0859375,72,53
22.08984375,72,54
22.09375,72,56
22.09765625,71,59
22.1015625,71,61
22.10546875,72,63
22.109375,72,65
22.11328125,71,68
22.1171875,71,69
22.12109375,72,70
22.125,72,72
22.12890625,72,74
22.1328125,72,77
22.13671875,73,79
22.140625,73,81
22.14453125,73,83
22.1484375,73,85
22.15234375,73,86
22.15625,73,87
22.16015625,73,89
22.1640625,73,91
22.16796875,73,94
22.171875,73,96
22.17578125,73,99
22.1796875,73,103
22.18359375,73,106
22.1875,73,108
22.19140625,74,110
22.1953125,74,112
22.19921875,74,113
22.203125,74,113
22.20703125,75,114
22.2109375,74,115
22.21484375,74,117
22.21875,74,119
22.22265625,74,120
22.2265625,74,123
22.23046875,74,125
22.234375,74,126
22.23828125,75,127
22.2421875,75,128
22.24609375,75,129
22.25,74,130
22.25390625,75,131
22.2578125,75,132
22.26171875,74,133
22.265625,74,134
22.26953125,74,134
22.2734375,74,133
22.27734375,74,134
22.28125,74,135
22.28515625,74,136
22.2890625,74,137
22.29296875,74,139
22.296875,73,141
22.30078125,73,143
22.3046875,74,144
22.30859375,74,145
22.3125,74,145
22.31640625,74,145
22.3203125,74,145
22.32421875,74,145
22.328125,74,145
22.33203125,74,145
22.3359375,74,146
22.33984375,74,146
22.34375,75,146
22.34765625,75,147
22.3515625,75,147
22.35546875,75,148
22.359375,75,148
22.36328125,75,149
22.3671875,75,149
22.37109375,75,149
22.375,75,149
22.37890625,74,150
22.3828125,74,151
22.38671875,75,152
22.390625,75,153
22.39453125,74,153
22.3984375,74,154
22.40234375,74,154
22.40625,74,154
22.41015625,74,154
22.4140625,74,154
22.41796875,74,154
22.421875,74,153
22.42578125,75,154
22.4296875,74,154
22.43359375,75,155
22.4375,75,155
22.44140625,75,155
22.4453125,75,155
22.44921875,75,156
22.453125,75,156
22.45703125,75,156
22.4609375,75,156
22.46484375,75,157
22.46875,75,157
22.47265625,75,157
22.4765625,75,158
22.48046875,75,158
22.484375,75,158
22.48828125,75,158
22.4921875,75,158
22.49609375,74,158
22.5,74,158
22.50390625,75,158
22.5078125,74,159
22.51171875,74,159
22.515625,74,159
22.51953125,74,160
22.5234375,74,160
22.52734375,74,160
22.53125,74,160
22.53515625,74,159
22.5390625,75,159
22.54296875,75,159
22.546875,75,159
22.55078125,75,159
22.5546875,75,159
22.55859375,75,160
22.5625,75,161
22.56640625,75,161
22.5703125,76,162
22.57421875,76,161
22.578125,75,161
22.58203125,75,161
22.5859375,76,161
22.58984375,76,161
22.59375,76,161
22.59765625,75,161
22.6015625,75,161
22.60546875,76,162
22.609375,75,162
22.61328125,75,163
22.6171875,75,164
22.62109375,75,164
22.625,75,164
22.62890625,75,164
22.6328125,75,164
22.63671875,75,164
22.640625,75,163
22.64453125,75,162
22.6484375,75,163
22.65234375,75,163
22.65625,75,163
22.66015625,75,164
22.6640625,75,165
22.66796875,75,165
22.671875,75,165
22.67578125,75,165
22.6796875,75,165
22.68359375,75,165
22.6875,75,165
22.69140625,75,165
22.6953125,74,166
22.69921875,74,166
22.703125,74,167
22.70703125,74,167
22.7109375,74,167
22.71484375,73,167
22.71875,73,167
22.72265625,73,166
22.7265625,73,166
22.73046875,72,166
22.734375,72,166
22.73828125,72,166
22.7421875,72,166
22.74609375,72,167
22.75,72,168
22.75390625,72,168
22.7578125,72,168
22.76171875,72,168
22.765625,72,169
22.76953125,72,169
22.7734375,72,168
22.77734375,72,168
22.78125,72,168
22.78515625,72,168
22.7890625,72,168
22.79296875,72,168
22.796875,71,168
22.80078125,71,168
22.8046875,71,168
22.80859375,71,168
22.8125,70,169
22.81640625,70,169
22.8203125,70,169
22.82421875,69,168
22.828125,69,168
22.83203125,69,169
22.8359375,69,169
22.83984375,69,168
22.84375,69,168
22.84765625,68,169
22.8515625,68,169
22.85546875,68,168
22.859375,67,169
22.86328125,67,169
22.8671875,67,169
22.87109375,67,169
22.875,67,168
22.87890625,67,168
22.8828125,67,169
22.88671875,68,169
22.890625,68,169
22.89453125,67,169
22.8984375,68,170
22.90234375,68,170
22.90625,68,170
22.91015625,68,170
22.9140625,67,170
22.91796875,67,170
22.921875,67,170
22.92578125,67,169
22.9296875,66,169
22.93359375,66,169
22.9375,66,169
22.94140625,66,169
22.9453125,66,170
22.94921875,65,171
22.953125,66,171
22.95703125,66,170
22.9609375,65,170
22.96484375,65,170
22.96875,65,170
22.97265625,65,170
22.9765625,65,170
22.98046875,64,170
22.984375,64,171
22.98828125,64,171
22.9921875,64,171
22.99609375,63,172
23.0,63,172
23.00390625,64,171
23.0078125,64,171
23.01171875,64,170
23.015625,65,170
23.01953125,65,170
23.0234375,64,170
23.02734375,64,170
23.03125,64,171
23.03515625,64,171
23.0390625,64,171
23.04296875,64,172
23.046875,64,173
23.05078125,64,173
23.0546875,64,172
23.05859375,64,172
23.0625,63,172
23.06640625,63,172
23.0703125,63,172
23.07421875,62,172
23.078125,62,172
23.08203125,62,172
23.0859375,62,172
23.08984375,62,171
23.09375,62,172
23.09765625,62,172
23.1015625,62,172
23.10546875,62,172
23.109375,62,173
23.11328125,62,173
23.1171875,62,173
23.12109375,63,172
23.125,63,172
23.12890625,62,172
23.1328125,62,172
23.13671875,62,172
23.140625,62,172
23.14453125,62,172
23.1484375,62,172
23.15234375,62,172
23.15625,62,172
23.16015625,62,172
23.1640625,62,172
23.16796875,62,172
23.171875,62,172
23.17578125,62,172
23.1796875,61,172
23.18359375,61,172
23.1875,62,172
23.19140625,62,172
23.1953125,61,172
23.19921875,61,172
23.203125,61,172
23.20703125,61,172
23.2109375,61,172
23.21484375,61,173
23.21875,61,173
23.22265625,61,173
23.2265625,61,173
23.23046875,61,174
23.234375,61,174
23.23828125,61,174
23.2421875,61,174
23.24609375,61,174
23.25,60,174
23.25390625,61,174
23.2578125,61,173
23.26171875,60,173
23.265625,60,174
23.26953125,60,174
23.2734375,60,173
23.27734375,60,173
23.28125,60,174
23.28515625,60,174
23.2890625,60,173
23.29296875,60,173
23.296875,59,174
23.30078125,59,174
23.3046875,60,173
23.30859375,59,173
23.3125,59,173
23.31640625,60,173
23.3203125,60,173
23.32421875,60,172
23.328125,60,172
23.33203125,60,172
23.3359375,60,172
23.33984375,60,172
23.34375,60,172
23.34765625,59,172
23.3515625,59,172
23.35546875,59,172
23.359375,59,172
23.36328125,59,173
23.3671875,58,173
23.37109375,58,173
23.375,58,173
23.37890625,58,173
23.3828125,58,174
23.38671875,58,174
23.390625,58,173
23.39453125,58,173
23.3984375,58,174
23.40234375,57,173
23.40625,58,173
23.41015625,57,173
23.4140625,57,173
23.41796875,56,173
23.421875,56,172
23.42578125,56,172
23.4296875,56,172
23.43359375,56,172
23.4375,56,172
23.44140625,56,172
23.4453125,55,172
23.44921875,55,172
23.453125,55,172
23.45703125,55,172
23.4609375,54,172
23.46484375,54,172
23.46875,53,171
23.47265625,53,168
23.4765625,53,163
23.48046875,52,156
23.484375,52,146
23.48828125,52,134
23.4921875,51,121
23.49609375,50,109
23.5,50,99
23.50390625,49,91
23.5078125,49,86
23.51171875,48,83
23.515625,48,80
23.51953125,49,77
23.5234375,49,73
23.52734375,49,67
23.53125,49,61
23.53515625,49,54
23.5390625,49,47
23.54296875,48,42
23.546875,48,39
23.55078125,47,36
23.5546875,48,34
23.55859375,47,33
23.5625,47,32
23.56640625,47,31
23.5703125,48,30
23.57421875,48,28
23.578125,47,27
23.58203125,47,27
23.5859375,47,26
23.58984375,47,25
23.59375,47,25
23.59765625,46,26
23.6015625,46,26
23.60546875,46,25
23.609375,46,25
23.61328125,45,25
23.6171875,45,24
23.62109375,45,24
23.625,44,24
23.62890625,44,24
23.6328125,44,24
23.63671875,44,24
23.640625,44,24
23.64453125,44,24
23.6484375,44,25
23.65234375,44,25
23.65625,44,24
23.66015625,43,24
23.6640625,43,24
23.66796875,43,25
23.671875,43,24
23.67578125,44,24
23.6796875,43,24
23.68359375,43,24
23.6875,43,24
23.69140625,43,24
23.6953125,42,24
23.69921875,42,25
23.703125,42,25
23.70703125,42,24
23.7109375,42,24
23.71484375,43,25
23.71875,43,25
23.72265625,43,24
23.7265625,43,24
23.73046875,43,24
23.734375,42,24
23.73828125,43,24
23.7421875,43,24
23.74609375,42,24
23.75,43,24
23.75390625,43,24
23.7578125,43,24
23.76171875,43,24
23.765625,42,24
23.76953125,42,24
23.7734375,42,24
23.77734375,42,24
23.78125,41,24
23.78515625,41,24
23.7890625,41,23
23.79296875,41,24
23.796875,40,24
23.80078125,40,24
23.8046875,41,24
23.80859375,40,24
23.8125,40,24
23.81640625,39,25
23.8203125,39,24
23.82421875,39,24
23.828125,39,24
23.83203125,38,25
23.8359375,38,25
23.83984375,38,24
23.84375,38,24
23.84765625,38,25
23.8515625,38,25
23.85546875,38,25
23.859375,38,24
23.86328125,37,25
23.8671875,37,25
23.87109375,37,24
23.875,37,24
23.87890625,36,24
23.8828125,36,24
23.88671875,37,24
23.890625,37,24
23.89453125,36,24
23.8984375,36,24
23.90234375,37,24
23.90625,37,24
23.91015625,36,24
23.9140625,36,24
23.91796875,36,24
23.921875,36,24
23.92578125,35,24
23.9296875,35,24
23.93359375,35,24
23.9375,35,24
23.94140625,35,24
23.9453125,34,24
23.94921875,34,24
23.953125,34,24
23.95703125,34,24
23.9609375,34,24
23.96484375,34,24
23.96875,34,24
23.97265625,34,24
23.9765625,34,24
23.98046875,33,24
23.984375,33,24
23.98828125,33,24
23.9921875,33,24
23.99609375,33,24
24.0,33,24
24.00390625,33,24
24.0078125,33,24
24.01171875,34,24
24.015625,34,24
24.01953125,34,24
24.0234375,34,24
24.02734375,34,24
24.03125,34,24
24.03515625,34,24
24.0390625,34,24
24.04296875,34,24
24.046875,34,24
24.05078125,34,24
24.0546875,34,24
24.05859375,34,24
24.0625,34,24
24.06640625,33,24
24.0703125,34,24
24.07421875,34,24
24.078125,33,24
24.08203125,34,24
24.0859375,34,24
24.08984375,34,24
24.09375,34,24
24.09765625,34,25
24.1015625,34,25
24.10546875,34,24
24.109375,34,24
24.11328125,34,24
24.1171875,34,24
24.12109375,35,24
24.125,35,24
24.12890625,35,24
24.1328125,35,24
24.13671875,35,24
24.140625,35,24
24.14453125,35,24
24.1484375,34,24
24.15234375,35,24
24.15625,35,24
24.16015625,35,24
24.1640625,35,24
24.16796875,34,24
24.171875,34,24
24.17578125,34,24
24.1796875,34,24
24.18359375,34,24
24.1875,34,25
24.19140625,34,24
24.1953125,34,24
24.19921875,34,24
24.203125,34,24
24.20703125,34,24
24.2109375,34,24
24.21484375,34,24
24.21875,33,24
24.22265625,34,24
24.2265625,34,24
24.23046875,33,24
24.234375,34,24
24.23828125,34,24
24.2421875,34,24
24.24609375,33,25
24.25,33,25
24.25390625,34,25
24.2578125,33,24
24.26171875,33,24
24.265625,33,25
24.26953125,33,25
24.2734375,33,24
24.27734375,33,24
24.28125,33,24
24.28515625,33,24
24.2890625,33,24
24.29296875,33,24
24.296875,33,25
24.30078125,33,24
24.3046875,33,24
24.30859375,33,24
24.3125,33,25
24.31640625,33,24
24.3203125,34,24
24.32421875,34,24
24.328125,34,24
24.33203125,34,24
24.3359375,34,24
24.33984375,34,23
24.34375,34,23
24.34765625,34,24
24.3515625,34,23
24.35546875,34,23
24.359375,34,23
24.36328125,34,24
24.3671875,33,24
24.37109375,34,24
24.375,33,24
24.37890625,33,24
24.3828125,33,24
24.38671875,33,25
24.390625,33,24
24.39453125,32,24
24.3984375,32,24
24.40234375,33,24
24.40625,33,24
24.41015625,33,24
24.4140625,33,24
24.41796875,33,24
24.421875,33,24
24.42578125,33,24
24.4296875,33,24
24.43359375,33,24
24.4375,34,24
24.44140625,34,24
24.4453125,33,24
24.44921875,33,24
24.453125,34,24
24.45703125,34,24
24.4609375,34,24
24.46484375,33,24
24.46875,33,25
24.47265625,34,24
24.4765625,34,24
24.48046875,33,24
24.484375,33,25
24.48828125,33,24
24.4921875,33,24
24.49609375,32,24
24.5,33,24
24.50390625,33,24
24.5078125,33,24
24.51171875,33,24
24.515625,33,24
24.51953125,33,24
24.5234375,33,24
24.52734375,33,24
24.53125,33,24
24.53515625,33,24
24.5390625,33,24
24.54296875,33,24
24.546875,33,24
24.55078125,33,24
24.5546875,34,24
24.55859375,34,24
24.5625,34,23
24.56640625,35,24
24.5703125,35,24
24.57421875,35,23
24.578125,34,24
24.58203125,35,24
24.5859375,35,24
24.58984375,35,24
24.59375,35,24
24.59765625,35,24
24.6015625,36,24
24.60546875,36,24
24.609375,36,24
24.61328125,36,24
24.6171875,36,24
24.62109375,36,24
24.625,36,24
24.62890625,36,24
24.6328125,36,24
24.63671875,36,24
24.640625,37,24
24.64453125,37,24
24.6484375,37,24
24.65234375,37,24
24.65625,37,24
24.66015625,37,24
24.6640625,37,24
24.66796875,37,24
24.671875,37,23
24.67578125,38,23
24.6796875,38,23
24.68359375,38,23
24.6875,38,22
24.69140625,38,23
24.6953125,37,24
24.69921875,37,24
24.703125,38,25
24.70703125,38,25
24.7109375,38,24
24.71484375,38,25
24.71875,38,25
24.72265625,39,24
24.7265625,39,24
24.73046875,38,24
24.734375,38,24
24.73828125,39,24
24.7421875,39,24
24.74609375,38,24
24.75,39,24
24.75390625,39,24
24.7578125,39,24
24.76171875,39,24
24.765625,39,24
24.76953125,40,24
24.7734375,40,24
24.77734375,40,24
24.78125,40,24
24.78515625,41,24
24.7890625,42,24
24.79296875,42,24
24.796875,41,24
24.80078125,42,24
24.8046875,42,24
24.80859375,42,24
24.8125,42,23
24.81640625,42,24
24.8203125,42,24
24.82421875,43,24
24.828125,43,24
24.83203125,43,24
24.8359375,43,25
24.83984375,44,24
24.84375,44,24
24.84765625,44,25
24.8515625,45,25
24.85546875,45,24
24.859375,45,24
24.86328125,45,24
24.8671875,46,25
24.87109375,46,24
24.875,47,24
24.87890625,47,24
24.8828125,47,24
24.88671875,48,24
24.890625,49,24
24.89453125,49,24
24.8984375,50,24
24.90234375,50,24
24.90625,50,24
24.91015625,51,24
24.9140625,51,24
24.91796875,51,24
24.921875,52,24
24.92578125,53,24
24.9296875,53,25
24.93359375,54,24
24.9375,55,24
24.94140625,55,24
24.9453125,55,24
24.94921875,56,24
24.953125,57,24
24.95703125,57,24
24.9609375,58,24
24.96484375,58,24
24.96875,58,24
24.97265625,59,24
24.9765625,59,24
24.98046875,59,24
24.984375,59,24
24.98828125,60,24
24.9921875,60,24
24.99609375,60,24
25.0,61,24
25.00390625,61,24
25.0078125,62,24
25.01171875,62,24
25.015625,62,24
25.01953125,62,24
25.0234375,63,24
25.02734375,62,24
25.03125,62,24
25.03515625,62,24
25.0390625,63,24
25.04296875,63,24
25.046875,63,24
25.05078125,63,24
25.0546875,63,24
25.05859375,63,24
25.0625,63,24
25.06640625,63,24
25.0703125,63,24
25.07421875,63,24
25.078125,63,24
25.08203125,63,25
25.0859375,64,25
25.08984375,64,24
25.09375,64,24
25.09765625,64,25
25.1015625,64,25
25.10546875,65,24
25.109375,65,24
25.11328125,65,25
25.1171875,65,24
25.12109375,65,24
25.125,65,24
25.12890625,65,24
25.1328125,65,24
25.13671875,65,24
25.140625,66,24
25.14453125,66,24
25.1484375,66,24
25.15234375,66,24
25.15625,66,24
25.16015625,66,24
25.1640625,66,24
25.16796875,66,24
25.171875,66,24
25.17578125,66,24
25.1796875,66,24
25.18359375,66,24
25.1875,67,24
25.19140625,67,24
25.1953125,67,24
25.19921875,67,24
25.203125,68,24
25.20703125,68,24
25.2109375,67,24
25.21484375,68,25
25.21875,68,24
25.22265625,69,24
25.2265625,69,24
25.23046875,69,24
25.234375,69,24
25.23828125,69,24
25.2421875,69,24
25.24609375,69,24
25.25,69,25
25.25390625,69,25
25.2578125,69,25
25.26171875,69,25
25.265625,69,26
25.26953125,69,26
25.2734375,69,26
25.27734375,69,26
25.28125,69,27
25.28515625,69,26
25.2890625,70,26
25.29296875,70,26
25.296875,70,26
25.30078125,70,25
25.3046875,70,25
25.30859375,71,25
25.3125,71,25
25.31640625,71,26
25.3203125,71,26
25.32421875,71,26
25.328125,71,26
25.33203125,71,26
25.3359375,71,26
25.33984375,71,26
25.34375,71,26
25.34765625,71,26
25.3515625,71,26
25.35546875,71,26
25.359375,71,26
25.36328125,71,26
25.3671875,71,26
25.37109375,71,26
25.375,71,27
25.37890625,71,27
25.3828125,71,28
25.38671875,71,29
25.390625,71,29
25.39453125,70,30
25.3984375,71,31
25.40234375,71,32
25.40625,71,33
25.41015625,71,34
25.4140625,71,36
25.41796875,71,37
25.421875,72,38
25.42578125,72,39
25.4296875,71,41
25.43359375,72,42
25.4375,72,44
25.44140625,72,45
25.4453125,72,47
25.44921875,72,49
25.453125,73,50
25.45703125,73,51
25.4609375,73,52
25.46484375,72,54
25.46875,73,55
25.47265625,73,56
25.4765625,73,58
25.48046875,73,61
25.484375,73,64
25.48828125,73,68
25.4921875,73,71
25.49609375,72,74
25.5,72,76
25.50390625,73,78
25.5078125,73,80
25.51171875,73,81
25.515625,73,84
25.51953125,74,88
25.5234375,74,91
25.52734375,74,95
25.53125,73,99
25.53515625,73,103
25.5390625,74,105
25.54296875,74,107
25.546875,73,108
25.55078125,73,110
25.5546875,74,110
25.55859375,74,112
25.5625,74,113
25.56640625,74,114
25.5703125,74,115
25.57421875,74,116
25.578125,74,118
25.58203125,74,120
25.5859375,74,122
25.58984375,74,124
25.59375,74,126
25.59765625,74,128
25.6015625,74,130
25.60546875,74,131
25.609375,74,132
25.61328125,73,133
25.6171875,73,133
25.62109375,73,133
25.625,73,134
25.62890625,73,135
25.6328125,73,137
25.63671875,73,140
25.640625,73,141
25.64453125,73,143
25.6484375,73,145
25.65234375,73,147
25.65625,73,147
25.66015625,74,148
25.6640625,74,148
25.66796875,74,148
25.671875,74,148
25.67578125,74,149
25.6796875,74,151
25.68359375,74,152
25.6875,74,153
25.69140625,74,154
25.6953125,74,155
25.69921875,74,156
25.703125,75,157
25.70703125,75,158
25.7109375,74,158
25.71484375,74,159
25.71875,74,159
25.72265625,74,159
25.7265625,74,159
25.73046875,74,160
25.734375,74,160
25.73828125,74,160
25.7421875,74,160
25.74609375,73,160
25.75,74,160
25.75390625,74,161
25.7578125,74,161
25.76171875,74,162
25.765625,74,163
25.76953125,74,163
25.7734375,74,163
25.77734375,73,163
25.78125,73,164
25.78515625,73,163
25.7890625,73,163
25.79296875,73,163
25.796875,73,163
25.80078125,73,163
25.8046875,73,163
25.80859375,73,163
25.8125,73,164
25.81640625,73,164
25.8203125,73,164
25.82421875,73,164
25.828125,72,164
25.83203125,72,164
25.8359375,72,164
25.83984375,72,164
25.84375,72,164
25.84765625,72,165
25.8515625,72,165
25.85546875,72,166
25.859375,72,166
25.86328125,72,166
25.8671875,72,166
25.87109375,71,166
25.875,71,166
25.87890625,71,165
25.8828125,71,166
25.88671875,71,166
25.890625,72,166
25.89453125,72,166
25.8984375,72,167
25.90234375,72,167
25.90625,72,168
25.91015625,72,168
25.9140625,71,168
25.91796875,71,168
25.921875,71,167
25.92578125,71,167
25.9296875,71,168
25.93359375,70,168
25.9375,71,168
25.94140625,70,168
25.9453125,70,168
25.94921875,69,168
25.953125,69,168
25.95703125,69,167
25.9609375,69,167
25.96484375,69,167
25.96875,69,167
25.97265625,69,167
25.9765625,69,167
25.98046875,69,168
25.984375,69,168
25.98828125,69,168
25.9921875,69,168
25.99609375,69,169
26.0,69,170
26.00390625,69,170
26.0078125,69,170
26.01171875,69,170
26.015625,68,170
26.01953125,68,170
26.0234375,68,169
26.02734375,68,169
26.03125,67,169
26.03515625,67,170
26.0390625,67,170
26.04296875,67,170
26.046875,67,171
26.05078125,67,171
26.0546875,67,171
26.05859375,67,170
26.0625,67,170
26.06640625,67,171
26.0703125,67,171
26.07421875,67,171
26.078125,66,171
26.08203125,66,172
26.0859375,66,172
26.08984375,66,172
26.09375,66,172
26.09765625,66,172
26.1015625,66,172
26.10546875,66,172
26.109375,66,172
26.11328125,66,173
26.1171875,66,173
26.12109375,66,173
26.125,65,173
26.12890625,65,173
26.1328125,65,173
26.13671875,65,173
26.140625,65,173
26.14453125,64,173
26.1484375,64,173
26.15234375,64,173
26.15625,64,173
26.16015625,64,173
26.1640625,64,173
26.16796875,63,172
26.171875,63,172
26.17578125,63,172
26.1796875,63,173
26.18359375,63,173
26.1875,63,173
26.19140625,63,173
26.1953125,63,173
26.19921875,63,173
26.203125,63,173
26.20703125,63,173
26.2109375,63,173
26.21484375,63,173
26.21875,63,173
26.22265625,63,172
26.2265625,63,172
26.23046875,63,173
26.234375,63,173
26.23828125,63,173
26.2421875,63,174
26.24609375,63,175
26.25,62,175
26.25390625,63,175
26.2578125,63,175
26.26171875,62,175
26.265625,62,175
26.26953125,63,175
26.2734375,62,174
26.27734375,62,175
26.28125,61,175
26.28515625,61,175
26.2890625,61,175
26.29296875,61,175
26.296875,61,175
26.30078125,61,175
26.3046875,61,174
26.30859375,61,174
26.3125,61,174
26.31640625,61,174
26.3203125,61,174
26.32421875,62,174
26.328125,61,174
26.33203125,61,174
26.3359375,61,174
26.33984375,61,174
26.34375,61,174
26.34765625,60,174
26.3515625,60,175
26.35546875,60,175
26.359375,60,175
26.36328125,59,176
26.3671875,59,176
26.37109375,59,175
26.375,59,175
26.37890625,59,175
26.3828125,59,176
26.38671875,59,176
26.390625,59,176
26.39453125,58,176
26.3984375,58,176
26.40234375,58,176
26.40625,58,175
26.41015625,58,175
26.4140625,58,175
26.41796875,58,175
26.421875,58,175
26.42578125,58,176
26.4296875,58,176
26.43359375,58,177
26.4375,59,177
26.44140625,59,177
26.4453125,58,177
26.44921875,59,176
26.453125,59,176
26.45703125,59,176
26.4609375,58,176
26.46484375,58,176
26.46875,59,176
26.47265625,58,176
26.4765625,58,177
26.48046875,58,177
26.484375,58,177
26.48828125,58,176
26.4921875,58,176
26.49609375,57,177
26.5,57,177
26.50390625,57,177
26.5078125,57,176
26.51171875,57,176
26.515625,57,177
26.51953125,58,177
26.5234375,58,176
26.52734375,58,176
26.53125,57,176
26.53515625,57,177
26.5390625,58,176
26.54296875,58,176
26.546875,57,176
26.55078125,57,176
26.5546875,57,176
26.55859375,57,176
26.5625,57,176
26.56640625,57,177
26.5703125,57,177
26.57421875,57,177
26.578125,57,177
26.58203125,56,177
26.5859375,57,177
26.58984375,57,176
26.59375,57,176
26.59765625,56,176
26.6015625,56,176
26.60546875,56,176
26.609375,56,176
26.61328125,55,177
26.6171875,55,177
26.62109375,55,178
26.625,55,178
26.62890625,55,177
26.6328125,55,177
26.63671875,55,177
26.640625,55,176
26.64453125,55,177
26.6484375,55,177
26.65234375,55,177
26.65625,55,177
26.66015625,55,177
26.6640625,55,178
26.66796875,55,177
26.671875,55,177
26.67578125,55,177
26.6796875,55,177
26.68359375,55,177
26.6875,55,177
26.69140625,55,177
26.6953125,55,177
26.69921875,54,178
26.703125,55,177
26.70703125,55,177
26.7109375,55,177
26.71484375,54,177
26.71875,54,177
26.72265625,54,177
26.7265625,54,177
26.73046875,54,177
26.734375,54,177
26.73828125,54,177
26.7421875,54,176
26.74609375,54,176
26.75,54,176
26.75390625,54,176
26.7578125,54,176
26.76171875,53,176
26.765625,53,176
26.76953125,53,176
26.7734375,53,176
26.77734375,53,176
26.78125,53,176
26.78515625,53,177
26.7890625,53,177
26.79296875,53,177
26.796875,53,177
26.80078125,53,177
26.8046875,52,177
26.80859375,52,177
26.8125,52,177
26.81640625,52,178
26.8203125,52,178
26.82421875,51,178
26.828125,51,178
26.83203125,50,177
26.8359375,51,176
26.83984375,50,173
26.84375,50,169
26.84765625,50,163
26.8515625,50,154
26.85546875,50,143
26.859375,50,131
26.86328125,49,120
26.8671875,49,111
26.87109375,49,104
26.875,49,101
26.87890625,48,101
26.8828125,48,103
26.88671875,49,104
26.890625,49,103
26.89453125,48,99
26.8984375,48,92
26.90234375,48,82
26.90625,48,70
26.91015625,47,59
26.9140625,47,49
26.91796875,46,43
26.921875,46,38
26.92578125,46,36
26.9296875,45,36
26.93359375,45,36
26.9375,45,35
26.94140625,45,34
26.9453125,44,32
26.94921875,44,30
26.953125,44,29
26.95703125,44,28
26.9609375,45,27
26.96484375,44,27
26.96875,44,28
26.97265625,44,27
26.9765625,44,28
26.98046875,43,28
26.984375,43,27
26.98828125,43,26
26.9921875,43,26
26.99609375,42,26
27.0,43,25
27.00390625,43,26
27.0078125,43,26
27.01171875,42,26
27.015625,42,27
27.01953125,42,27
27.0234375,42,26
27.02734375,42,26
27.03125,41,26
27.03515625,41,26
27.0390625,41,25
27.04296875,41,24
27.046875,40,24
27.05078125,40,24
27.0546875,40,24
27.05859375,39,24
27.0625,39,24
27.06640625,39,25
27.0703125,39,25
27.07421875,39,25
27.078125,38,25
27.08203125,38,25
27.0859375,38,25
27.08984375,38,24
27.09375,38,24
27.09765625,37,25
27.1015625,37,24
27.10546875,37,24
27.109375,37,24
27.11328125,37,24
27.1171875,37,25
27.12109375,37,24
27.125,37,24
27.12890625,36,24
27.1328125,36,24
27.13671875,36,24
27.140625,35,24
27.14453125,35,24
27.1484375,35,24
27.15234375,35,24
27.15625,35,24
27.16015625,34,24
27.1640625,34,24
27.16796875,33,24
27.171875,33,24
27.17578125,33,24
27.1796875,33,24
27.18359375,33,24
27.1875,33,24
27.19140625,33,24
27.1953125,33,24
27.19921875,32,24
27.203125,33,24
27.20703125,33,24
27.2109375,32,24
27.21484375,32,24
27.21875,32,24
27.22265625,32,24
27.2265625,32,24
27.23046875,32,24
27.234375,31,24
27.23828125,32,24
27.2421875,32,24
27.24609375,31,25
27.25,31,24
27.25390625,32,25
27.2578125,32,24
27.26171875,32,24
27.265625,32,25
27.26953125,32,25
27.2734375,32,24
27.27734375,32,24
27.28125,31,24
27.28515625,31,25
27.2890625,32,24
27.29296875,32,24
27.296875,32,24
27.30078125,32,25
27.3046875,32,24
27.30859375,33,24
27.3125,32,24
27.31640625,32,24
27.3203125,33,24
27.32421875,33,24
27.328125,32,24
27.33203125,32,24
27.3359375,32,24
27.33984375,32,24
27.34375,32,24
27.34765625,31,24
27.3515625,31,24
27.35546875,31,24
27.359375,31,24
27.36328125,30,24
27.3671875,30,24
27.37109375,31,24
27.375,31,24
27.37890625,30,24
27.3828125,30,24
27.38671875,30,24
27.390625,30,24
27.39453125,30,24
27.3984375,30,24
27.40234375,30,24
27.40625,30,24
27.41015625,30,24
27.4140625,30,24
27.41796875,30,24
27.421875,31,24
27.42578125,31,24
27.4296875,30,24
27.43359375,31,24
27.4375,31,24
27.44140625,31,24
27.4453125,30,24
27.44921875,30,24
27.453125,31,24
27.45703125,31,24
27.4609375,31,24
27.46484375,30,24
27.46875,31,24
27.47265625,31,24
27.4765625,31,24
27.48046875,31,24
27.484375,31,24
27.48828125,31,24
27.4921875,31,24
27.49609375,30,24
27.5,30,24
27.50390625,30,24
27.5078125,30,24
27.51171875,30,24
27.515625,30,24
27.51953125,30,24
27.5234375,30,24
27.52734375,31,24
27.53125,30,24
27.53515625,31,25
27.5390625,31,24
27.54296875,31,24
27.546875,31,24
27.55078125,31,24
27.5546875,31,24
27.55859375,31,24
27.5625,30,24
27.56640625,30,24
27.5703125,30,24
27.57421875,30,24
27.578125,30,24
27.58203125,30,24
27.5859375,30,24
27.58984375,30,24
27.59375,29,24
27.59765625,29,24
27.6015625,29,24
27.60546875,29,24
27.609375,28,24
27.61328125,28,24
27.6171875,28,24
27.62109375,28,23
27.625,28,24
27.62890625,27,24
27.6328125,27,24
27.63671875,27,24
27.640625,27,24
27.64453125,27,24
27.6484375,27,25
27.65234375,27,25
27.65625,27,25
27.66015625,28,24
27.6640625,28,25
27.66796875,28,25
27.671875,29,24
27.67578125,28,24
27.6796875,28,24
27.68359375,28,24
27.6875,28,24
27.69140625,28,24
27.6953125,28,24
27.69921875,27,24
27.703125,27,24
27.70703125,28,24
27.7109375,27,24
27.71484375,27,25
27.71875,27,25
27.72265625,27,24
27.7265625,27,24
27.73046875,27,24
27.734375,27,24
27.73828125,28,24
27.7421875,28,24
27.74609375,28,23
27.75,28,24
27.75390625,28,24
27.7578125,28,24
27.76171875,28,23
27.765625,28,24
27.76953125,29,24
27.7734375,29,23
27.77734375,29,23
27.78125,29,24
27.78515625,29,24
27.7890625,29,23
27.79296875,29,24
27.796875,29,24
27.80078125,29,24
27.8046875,29,24
27.80859375,29,24
27.8125,29,24
27.81640625,29,24
27.8203125,29,24
27.82421875,29,24
27.828125,29,24
27.83203125,29,24
27.8359375,29,24
27.83984375,29,24
27.84375,29,24
27.84765625,29,25
27.8515625,29,25
27.85546875,30,24
27.859375,30,24
27.86328125,29,24
27.8671875,29,24
27.87109375,30,23
27.875,30,24
27.87890625,30,24
27.8828125,30,24
27.88671875,31,24
27.890625,31,24
27.89453125,31,24
27.8984375,31,24
27.90234375,31,24
27.90625,31,24
27.91015625,31,24
27.9140625,31,24
27.91796875,31,24
27.921875,31,24
27.92578125,31,24
27.9296875,31,24
27.93359375,31,24
27.9375,31,24
27.94140625,31,24
27.9453125,31,24
27.94921875,31,24
27.953125,31,24
27.95703125,31,24
27.9609375,31,24
27.96484375,31,25
27.96875,31,24
27.97265625,32,24
27.9765625,32,24
27.98046875,32,24
27.984375,32,24
27.98828125,32,24
27.9921875,32,24
27.99609375,32,23
28.0,32,24
28.00390625,32,24
28.0078125,32,24
28.01171875,32,24
28.015625,32,24
28.01953125,33,24
28.0234375,33,24
28.02734375,33,24
28.03125,33,24
28.03515625,33,24
28.0390625,33,24
28.04296875,33,24
28.046875,33,24
28.05078125,33,24
28.0546875,33,24
28.05859375,33,24
28.0625,33,24
28.06640625,33,24
28.0703125,33,24
28.07421875,34,24
28.078125,33,24
28.08203125,34,24
28.0859375,34,25
28.08984375,34,24
28.09375,34,24
28.09765625,34,24
28.1015625,35,24
28.10546875,35,24
28.109375,36,24
28.11328125,36,24
28.1171875,36,24
28.12109375,37,24
28.125,37,24
28.12890625,37,24
28.1328125,37,24
28.13671875,37,24
28.140625,37,24
28.14453125,37,24
28.1484375,37,24
28.15234375,37,24
28.15625,37,24
28.16015625,37,24
28.1640625,37,24
28.16796875,37,24
28.171875,37,24
28.17578125,37,24
28.1796875,37,24
28.18359375,37,24
28.1875,38,24
28.19140625,38,24
28.1953125,37,24
28.19921875,37,24
28.203125,38,24
28.20703125,37,24
28.2109375,38,24
28.21484375,37,24
28.21875,38,24
28.22265625,39,24
28.2265625,39,24
28.23046875,38,24
28.234375,39,24
28.23828125,39,24
28.2421875,39,24
28.24609375,39,24
28.25,39,24
28.25390625,39,25
28.2578125,39,24
28.26171875,39,24
28.265625,39,25
28.26953125,40,25
28.2734375,40,24
28.27734375,40,24
28.28125,41,24
28.28515625,41,25
28.2890625,42,24
28.29296875,43,24
28.296875,43,25
28.30078125,44,25
28.3046875,44,24
28.30859375,45,24
28.3125,45,24
28.31640625,45,24
28.3203125,46,24
28.32421875,47,24
28.328125,47,23
28.33203125,48,24
28.3359375,48,24
28.33984375,49,23
28.34375,50,24
28.34765625,50,24
28.3515625,50,24
28.35546875,51,24
28.359375,52,24
28.36328125,52,24
28.3671875,53,24
28.37109375,54,24
28.375,55,24
28.37890625,55,24
28.3828125,56,24
28.38671875,56,24
28.390625,57,24
28.39453125,57,24
28.3984375,58,24
28.40234375,59,24
28.40625,59,24
28.41015625,60,24
28.4140625,60,24
28.41796875,61,24
28.421875,62,24
28.42578125,62,24
28.4296875,62,24
28.43359375,63,24
28.4375,63,24
28.44140625,64,24
28.4453125,64,24
28.44921875,64,24
28.453125,64,24
28.45703125,64,24
28.4609375,65,24
28.46484375,64,25
28.46875,65,24
28.47265625,65,24
28.4765625,65,24
28.48046875,65,24
28.484375,65,24
28.48828125,65,24
28.4921875,65,24
28.49609375,65,24
28.5,65,24
28.50390625,65,24
28.5078125,66,24
28.51171875,66,24
28.515625,65,24
28.51953125,66,24
28.5234375,66,24
28.52734375,66,24
28.53125,66,24
28.53515625,66,24
28.5390625,67,24
28.54296875,67,24
28.546875,67,24
28.55078125,67,24
28.5546875,68,24
28.55859375,68,24
28.5625,68,24
28.56640625,68,24
28.5703125,68,24
28.57421875,68,24
28.578125,68,24
28.58203125,68,24
28.5859375,68,24
28.58984375,68,24
28.59375,69,24
28.59765625,68,24
28.6015625,69,24
28.60546875,69,24
28.609375,69,24
28.61328125,69,24
28.6171875,69,24
28.62109375,69,24
28.625,69,24
28.62890625,69,24
28.6328125,70,24
28.63671875,70,25
28.640625,71,24
28.64453125,71,24
28.6484375,71,24
28.65234375,71,24
28.65625,72,24
28.66015625,72,24
28.6640625,72,24
28.66796875,72,24
28.671875,73,24
28.67578125,73,24
28.6796875,73,25
28.68359375,73,25
28.6875,73,25
28.69140625,73,25
28.6953125,73,26
28.69921875,73,26
28.703125,74,27
28.70703125,73,26
28.7109375,73,26
28.71484375,73,26
28.71875,73,26
28.72265625,73,25
28.7265625,73,25
28.73046875,73,25
28.734375,74,25
28.73828125,74,25
28.7421875,74,25
28.74609375,74,25
28.75,74,26
28.75390625,74,27
28.7578125,75,27
28.76171875,74,27
28.765625,75,28
28.76953125,75,29
28.7734375,76,29
28.77734375,76,30
28.78125,75,32
28.78515625,75,34
28.7890625,76,35
28.79296875,76,37
28.796875,75,39
28.80078125,75,41
28.8046875,76,43
28.80859375,76,44
28.8125,75,45
28.81640625,75,47
28.8203125,76,48
28.82421875,75,49
28.828125,75,51
28.83203125,75,52
28.8359375,75,54
28.83984375,76,56
28.84375,76,59
28.84765625,76,62
28.8515625,76,66
28.85546875,76,69
28.859375,76,72
28.86328125,76,75
28.8671875,76,78
28.87109375,76,81
28.875,77,83
28.87890625,77,86
28.8828125,77,88
28.88671875,77,90
28.890625,77,91
28.89453125,77,92
28.8984375,77,93
28.90234375,77,95
28.90625,77,96
28.91015625,77,99
28.9140625,77,104
28.91796875,77,108
28.921875,77,112
28.92578125,77,116
28.9296875,77,119
28.93359375,77,122
28.9375,77,123
28.94140625,77,124
28.9453125,77,126
28.94921875,78,128
28.953125,78,130
28.95703125,78,132
28.9609375,78,134
28.96484375,78,137
28.96875,78,139
28.97265625,78,140
28.9765625,78,140
28.98046875,78,140
28.984375,78,140
28.98828125,79,139
28.9921875,79,139
28.99609375,79,140
29.0,79,141
29.00390625,79,143
29.0078125,79,144
29.01171875,79,145
29.015625,79,147
29.01953125,79,147
29.0234375,79,147
29.02734375,79,147
29.03125,78,147
29.03515625,78,147
29.0390625,78,147
29.04296875,78,148
29.046875,77,149
29.05078125,77,150
29.0546875,78,151
29.05859375,78,153
29.0625,78,154
29.06640625,78,156
29.0703125,79,156
29.07421875,79,156
29.078125,78,156
29.08203125,78,156
29.0859375,78,155
29.08984375,79,155
29.09375,79,154
29.09765625,78,155
29.1015625,78,156
29.10546875,79,156
29.109375,79,157
29.11328125,79,159
29.1171875,79,159
29.12109375,79,159
29.125,79,159
29.12890625,79,158
29.1328125,79,158
29.13671875,79,158
29.140625,78,158
29.14453125,78,159
29.1484375,78,159
29.15234375,78,160
29.15625,78,160
29.16015625,78,160
29.1640625,77,160
29.16796875,78,160
29.171875,78,159
29.17578125,77,159
29.1796875,77,159
29.18359375,77,160
29.1875,77,161
29.19140625,77,161
29.1953125,77,161
29.19921875,77,162
29.203125,77,162
29.20703125,77,162
29.2109375,77,162
29.21484375,76,162
29.21875,76,162
29.22265625,76,162
29.2265625,76,162
29.23046875,76,163
29.234375,76,163
29.23828125,76,162
29.2421875,76,162
29.24609375,75,161
29.25,75,162
29.25390625,75,162
29.2578125,75,162
29.26171875,75,162
29.265625,74,163
29.26953125,74,163
29.2734375,74,163
29.27734375,74,163
29.28125,73,163
29.28515625,73,163
29.2890625,73,162
29.29296875,73,162
29.296875,73,163
29.30078125,73,163
29.3046875,73,163
29.30859375,73,163
29.3125,73,164
29.31640625,72,164
29.3203125,73,164
29.32421875,72,164
29.328125,72,164
29.33203125,72,164
29.3359375,72,164
29.33984375,72,164
29.34375,72,164
29.34765625,71,164
29.3515625,71,164
29.35546875,71,164
29.359375,71,164
29.36328125,70,164
29.3671875,70,164
29.37109375,70,165
29.375,69,164
29.37890625,69,164
29.3828125,68,165
29.38671875,69,165
29.390625,68,164
29.39453125,68,164
29.3984375,68,165
29.40234375,68,165
29.40625,68,165
29.41015625,68,164
29.4140625,68,165
29.41796875,68,165
29.421875,68,165
29.42578125,68,166
29.4296875,68,166
29.43359375,68,167
29.4375,68,167
29.44140625,68,167
29.4453125,67,167
29.44921875,67,167
29.453125,67,167
29.45703125,67,166
29.4609375,67,166
29.46484375,66,167
29.46875,66,167
29.47265625,66,166
29.4765625,66,166
29.48046875,65,167
29.484375,65,167
29.48828125,65,167
29.4921875,65,166
29.49609375,65,166
29.5,65,167
29.50390625,65,167
29.5078125,65,166
29.51171875,65,167
29.515625,65,168
29.51953125,65,168
29.5234375,65,168
29.52734375,65,168
29.53125,65,168
29.53515625,65,168
29.5390625,65,168
29.54296875,65,167
29.546875,65,167
29.55078125,65,167
29.5546875,65,167
29.55859375,65,167
29.5625,64,168
29.56640625,64,169
29.5703125,64,169
29.57421875,64,169
29.578125,63,169
29.58203125,63,169
29.5859375,63,169
29.58984375,63,168
29.59375,63,168
29.59765625,63,168
29.6015625,62,168
29.60546875,62,168
29.609375,62,168
29.61328125,62,168
29.6171875,62,168
29.62109375,62,167
29.625,62,167
29.62890625,62,167
29.6328125,62,167
29.63671875,62,168
29.640625,62,168
29.64453125,62,168
29.6484375,62,169
29.65234375,62,169
29.65625,62,169
29.66015625,62,169
29.6640625,62,170
29.66796875,61,170
29.671875,62,169
29.67578125,61,170
29.6796875,61,170
29.68359375,61,170
29.6875,61,170
29.69140625,61,170
29.6953125,61,170
29.69921875,60,171
29.703125,61,171
29.70703125,61,170
29.7109375,61,170
29.71484375,60,171
29.71875,60,171
29.72265625,60,170
29.7265625,60,170
29.73046875,60,170
29.734375,60,170
29.73828125,60,170
29.7421875,60,170
29.74609375,59,170
29.75,59,170
29.75390625,60,170
29.7578125,59,170
29.76171875,59,170
29.765625,59,170
29.76953125,60,170
29.7734375,59,170
29.77734375,59,170
29.78125,59,170
29.78515625,59,170
29.7890625,59,170
29.79296875,59,170
29.796875,59,170
29.80078125,59,171
29.8046875,59,170
29.80859375,59,170
29.8125,59,170
29.81640625,58,170
29.8203125,59,170
29.82421875,58,170
29.828125,58,170
29.83203125,58,170
29.8359375,58,171
29.83984375,58,170
29.84375,58,171
29.84765625,58,171
29.8515625,58,172
29.85546875,58,172
29.859375,58,172
29.86328125,58,172
29.8671875,58,172
29.87109375,58,172
29.875,58,171
29.87890625,58,171
29.8828125,58,171
29.88671875,58,171
29.890625,58,171
29.89453125,58,171
29.8984375,57,172
29.90234375,57,172
29.90625,58,172
29.91015625,58,172
29.9140625,57,173
29.91796875,57,173
29.921875,57,172
29.92578125,57,172
29.9296875,57,172
29.93359375,56,171
29.9375,56,171
29.94140625,56,170
29.9453125,56,170
29.94921875,56,171
29.953125,56,171
29.95703125,56,171
29.9609375,56,171
29.96484375,56,172
29.96875,56,172
29.97265625,57,172
29.9765625,57,172
29.98046875,57,172
29.984375,57,173
29.98828125,57,172
29.9921875,57,172
29.99609375,57,172
30.0,57,172
30.00390625,57,172
30.0078125,57,172
30.01171875,56,172
30.015625,56,172
30.01953125,57,172
30.0234375,56,171
30.02734375,56,171
30.03125,56,171
30.03515625,56,171
30.0390625,56,171
30.04296875,56,171
30.046875,55,172
30.05078125,55,172
30.0546875,55,173
30.05859375,56,173
30.0625,55,173
30.06640625,55,173
30.0703125,56,173
30.07421875,56,172
30.078125,56,172
30.08203125,56,173
30.0859375,56,173
30.08984375,56,172
30.09375,56,172
30.09765625,56,173
30.1015625,56,173
30.10546875,56,172
30.109375,56,172
30.11328125,56,172
30.1171875,56,171
30.12109375,57,171
30.125,57,171
30.12890625,56,172
30.1328125,56,172
30.13671875,56,172
30.140625,56,172
30.14453125,56,172
30.1484375,56,173
30.15234375,56,172
30.15625,56,172
30.16015625,56,172
30.1640625,55,172
30.16796875,55,172
30.171875,56,172
30.17578125,56,172
30.1796875,56,172
30.18359375,56,172
30.1875,56,172
30.19140625,56,172
30.1953125,56,172
30.19921875,56,172
30.203125,56,172
30.20703125,56,172
30.2109375,56,172
30.21484375,56,172
30.21875,56,172
30.22265625,56,172
30.2265625,56,172
30.23046875,56,172
30.234375,56,173
30.23828125,56,172
30.2421875,56,172
30.24609375,56,173
30.25,55,173
30.25390625,56,174
30.2578125,55,173
30.26171875,55,173
30.265625,55,174
30.26953125,55,173
30.2734375,55,173
30.27734375,55,172
30.28125,55,172
30.28515625,55,173
30.2890625,55,172
30.29296875,55,173
30.296875,55,173
30.30078125,55,173
30.3046875,55,173
30.30859375,55,172
30.3125,55,172
30.31640625,55,172
30.3203125,55,172
30.32421875,55,172
30.328125,55,172
30.33203125,55,172
30.3359375,55,172
30.33984375,55,172
30.34375,55,172
30.34765625,54,172
30.3515625,54,172
30.35546875,54,172
30.359375,54,172
30.36328125,54,172
30.3671875,54,172
30.37109375,54,172
30.375,54,172
30.37890625,54,172
30.3828125,53,173
30.38671875,54,172
30.390625,54,172
30.39453125,54,172
30.3984375,54,172
30.40234375,54,173
30.40625,54,172
30.41015625,54,172
30.4140625,53,173
30.41796875,53,173
30.421875,53,172
30.42578125,53,173
30.4296875,53,174
30.43359375,53,173
30.4375,54,173
30.44140625,53,173
30.4453125,53,173
30.44921875,52,174
30.453125,53,173
30.45703125,53,173
30.4609375,52,173
30.46484375,52,173
30.46875,52,173
30.47265625,52,173
30.4765625,52,172
30.48046875,51,172
30.484375,51,172
30.48828125,51,170
30.4921875,51,166
30.49609375,51,162
30.5,51,155
30.50390625,51,147
30.5078125,51,137
30.51171875,50,127
30.515625,50,118
30.51953125,50,111
30.5234375,50,105
30.52734375,50,100
30.53125,50,97
30.53515625,50,94
30.5390625,50,92
30.54296875,50,90
30.546875,50,89
30.55078125,50,89
30.5546875,50,89
30.55859375,50,89
30.5625,49,89
30.56640625,49,86
30.5703125,49,80
30.57421875,48,70
30.578125,48,58
30.58203125,47,47
30.5859375,47,36
30.58984375,47,28
30.59375,47,24
30.59765625,46,23
30.6015625,46,24
30.60546875,46,25
30.609375,46,26
30.61328125,45,27
30.6171875,45,26
30.62109375,45,25
30.625,45,24
30.62890625,45,23
30.6328125,45,23
30.63671875,45,23
30.640625,45,23
30.64453125,45,24
30.6484375,44,25
30.65234375,45,25
30.65625,45,25
30.66015625,44,24
30.6640625,44,24
30.66796875,43,24
30.671875,43,24
30.67578125,43,24
30.6796875,43,23
30.68359375,43,24
30.6875,43,24
30.69140625,43,24
30.6953125,42,24
30.69921875,41,24
30.703125,41,25
30.70703125,41,24
30.7109375,40,24
30.71484375,39,24
30.71875,39,24
30.72265625,39,24
30.7265625,39,24
30.73046875,38,24
30.734375,38,25
30.73828125,38,24
30.7421875,38,24
30.74609375,37,24
30.75,37,24
30.75390625,37,24
30.7578125,37,24
30.76171875,37,24
30.765625,37,24
30.76953125,37,24
30.7734375,37,24
30.77734375,36,23
30.78125,36,24
30.78515625,36,24
30.7890625,36,23
30.79296875,36,24
30.796875,35,24
30.80078125,35,24
30.8046875,35,23
30.80859375,35,23
30.8125,34,23
30.81640625,34,24
30.8203125,35,24
30.82421875,34,24
30.828125,34,24
30.83203125,34,24
30.8359375,34,24
30.83984375,34,24
30.84375,34,24
30.84765625,33,25
30.8515625,33,25
30.85546875,34,24
30.859375,34,24
30.86328125,33,25
30.8671875,34,24
30.87109375,34,24
30.875,34,24
30.87890625,34,24
30.8828125,33,24
30.88671875,33,24
30.890625,33,24
30.89453125,33,24
30.8984375,32,24
30.90234375,32,24
30.90625,33,24
30.91015625,33,24
30.9140625,32,24
30.91796875,33,24
30.921875,32,24
30.92578125,32,24
30.9296875,31,23
30.93359375,31,25
30.9375,31,24
30.94140625,31,24
30.9453125,31,24
30.94921875,31,24
30.953125,31,24
30.95703125,31,24
30.9609375,31,24
30.96484375,31,24
30.96875,31,24
30.97265625,31,23
30.9765625,31,23
30.98046875,30,24
30.984375,30,24
30.98828125,31,23
30.9921875,31,24
30.99609375,30,24
31.0,30,24
31.00390625,30,24
31.0078125,30,24
31.01171875,29,24
31.015625,29,24
31.01953125,29,24
31.0234375,29,24
31.02734375,29,24
31.03125,29,24
31.03515625,29,24
31.0390625,29,24
31.04296875,29,24
31.046875,28,24
31.05078125,28,24
31.0546875,28,24
31.05859375,28,24
31.0625,28,24
31.06640625,28,24
31.0703125,29,24
31.07421875,28,24
31.078125,28,24
31.08203125,28,24
31.0859375,28,24
31.08984375,28,24
31.09375,28,24
31.09765625,28,24
31.1015625,28,24
31.10546875,28,24
31.109375,28,24
31.11328125,28,25
31.1171875,28,25
31.12109375,28,24
31.125,28,24
31.12890625,28,24
31.1328125,28,24
31.13671875,28,24
31.140625,28,24
31.14453125,28,24
31.1484375,28,24
31.15234375,27,24
31.15625,28,24
31.16015625,28,24
31.1640625,27,24
31.16796875,27,24
31.171875,28,23
31.17578125,28,23
31.1796875,28,23
31.18359375,27,24
31.1875,27,24
31.19140625,27,24
31.1953125,27,24
31.19921875,27,24
31.203125,27,24
31.20703125,27,24
31.2109375,28,24
31.21484375,27,24
31.21875,27,24
31.22265625,27,24
31.2265625,27,24
31.23046875,27,24
31.234375,27,24
31.23828125,27,24
31.2421875,27,24
31.24609375,27,24
31.25,27,25
31.25390625,27,25
31.2578125,27,24
31.26171875,27,24
31.265625,27,25
31.26953125,27,24
31.2734375,27,24
31.27734375,27,24
31.28125,27,24
31.28515625,27,24
31.2890625,27,24
31.29296875,27,24
31.296875,27,24
31.30078125,27,24
31.3046875,27,24
31.30859375,27,24
31.3125,27,24
31.31640625,27,24
31.3203125,28,24
31.32421875,28,24
31.328125,27,24
31.33203125,27,24
31.3359375,27,24
31.33984375,27,23
31.34375,27,24
31.34765625,27,24
31.3515625,27,24
31.35546875,27,24
31.359375,27,24
31.36328125,26,24
31.3671875,26,24
31.37109375,26,24
31.375,26,24
31.37890625,26,24
31.3828125,26,24
31.38671875,26,24
31.390625,27,24
31.39453125,27,24
31.3984375,27,24
31.40234375,27,24
31.40625,27,24
31.41015625,27,24
31.4140625,27,24
31.41796875,27,24
31.421875,28,24
31.42578125,28,24
31.4296875,28,24
31.43359375,28,24
31.4375,28,24
31.44140625,28,24
31.4453125,28,24
31.44921875,28,24
31.453125,29,24
31.45703125,29,24
31.4609375,29,24
31.46484375,29,25
31.46875,29,24
31.47265625,30,24
31.4765625,30,24
31.48046875,29,24
31.484375,29,24
31.48828125,29,24
31.4921875,29,24
31.49609375,29,24
31.5,29,24
31.50390625,29,24
31.5078125,29,24
31.51171875,29,24
31.515625,29,24
31.51953125,29,24
31.5234375,29,24
31.52734375,29,24
31.53125,29,24
31.53515625,29,24
31.5390625,30,24
31.54296875,30,24
31.546875,29,24
31.55078125,29,24
31.5546875,30,24
31.55859375,29,24
31.5625,29,24
31.56640625,29,24
31.5703125,29,24
31.57421875,29,24
31.578125,29,24
31.58203125,29,24
31.5859375,29,24
31.58984375,29,24
31.59375,29,24
31.59765625,29,24
31.6015625,29,24
31.60546875,29,24
31.609375,29,24
31.61328125,29,24
31.6171875,29,24
31.62109375,30,24
31.625,30,24
31.62890625,30,24
31.6328125,30,24
31.63671875,30,24
31.640625,31,24
31.64453125,31,24
31.6484375,31,24
31.65234375,31,24
31.65625,32,24
31.66015625,32,24
31.6640625,32,24
31.66796875,32,25
31.671875,33,24
31.67578125,33,24
31.6796875,33,24
31.68359375,33,25
31.6875,33,25
31.69140625,33,24
31.6953125,33,24
31.69921875,33,25
31.703125,33,25
31.70703125,33,24
31.7109375,33,24
31.71484375,33,24
31.71875,34,24
31.72265625,35,24
31.7265625,35,24
31.73046875,35,24
31.734375,35,24
31.73828125,36,24
31.7421875,37,24
31.74609375,36,24
31.75,37,24
31.75390625,37,24
31.7578125,37,24
31.76171875,37,24
31.765625,37,24
31.76953125,37,24
31.7734375,38,23
31.77734375,38,24
31.78125,38,24
31.78515625,38,24
31.7890625,39,24
31.79296875,39,24
31.796875,39,24
31.80078125,39,24
31.8046875,40,24
31.80859375,40,24
31.8125,40,24
31.81640625,40,24
31.8203125,41,24
31.82421875,42,24
31.828125,42,24
31.83203125,42,24
31.8359375,43,24
31.83984375,44,24
31.84375,44,24
31.84765625,45,24
31.8515625,45,24
31.85546875,46,24
31.859375,46,24
31.86328125,46,24
31.8671875,47,24
31.87109375,48,24
31.875,48,24
31.87890625,49,24
31.8828125,49,24
31.88671875,49,24
31.890625,50,24
31.89453125,51,24
31.8984375,51,24
31.90234375,51,24
31.90625,52,24
31.91015625,53,24
31.9140625,53,24
31.91796875,54,24
31.921875,55,24
31.92578125,55,24
31.9296875,56,24
31.93359375,56,24
31.9375,57,24
31.94140625,58,24
31.9453125,58,24
31.94921875,59,24
31.953125,59,24
31.95703125,60,24
31.9609375,60,24
31.96484375,60,24
31.96875,61,24
31.97265625,61,24
31.9765625,61,24
31.98046875,62,24
31.984375,62,24
31.98828125,63,24
31.9921875,63,24
31.99609375,63,24
32.0,64,24
32.00390625,65,24
32.0078125,65,24
32.01171875,65,24
32.015625,65,25
32.01953125,66,24
32.0234375,66,24
32.02734375,67,24
32.03125,67,24
32.03515625,67,24
32.0390625,67,24
32.04296875,67,24
32.046875,67,24
32.05078125,67,24
32.0546875,68,24
32.05859375,68,24
32.0625,68,24
32.06640625,69,24
32.0703125,70,24
32.07421875,70,24
32.078125,70,24
32.08203125,70,24
32.0859375,70,24
32.08984375,71,24
32.09375,71,24
32.09765625,71,24
32.1015625,72,24
32.10546875,72,24
32.109375,72,24
32.11328125,72,24
32.1171875,72,24
32.12109375,73,24
32.125,73,24
32.12890625,73,24
32.1328125,73,24
32.13671875,73,24
32.140625,73,24
32.14453125,73,24
32.1484375,72,24
32.15234375,72,24
32.15625,72,24
32.16015625,72,24
32.1640625,72,24
32.16796875,73,24
32.171875,73,24
32.17578125,73,23
32.1796875,73,23
32.18359375,73,24
32.1875,73,24
32.19140625,73,24
32.1953125,73,24
32.19921875,73,24
32.203125,73,24
32.20703125,74,24
32.2109375,74,24
32.21484375,73,25
32.21875,73,25
32.22265625,73,25
32.2265625,74,25
32.23046875,73,25
32.234375,74,26
32.23828125,74,25
32.2421875,74,26
32.24609375,74,26
32.25,74,27
32.25390625,74,27
32.2578125,74,27
32.26171875,74,27
32.265625,74,27
32.26953125,74,28
32.2734375,74,28
32.27734375,75,28
32.28125,74,29
32.28515625,75,30
32.2890625,75,31
32.29296875,75,32
32.296875,75,34
32.30078125,75,36
32.3046875,76,38
32.30859375,76,40
32.3125,75,42
32.31640625,75,44
32.3203125,76,46
32.32421875,76,49
32.328125,76,51
32.33203125,76,53
32.3359375,76,55
32.33984375,76,56
32.34375,76,57
32.34765625,75,58
32.3515625,75,58
32.35546875,76,59
32.359375,76,61
32.36328125,75,64
32.3671875,75,68
32.37109375,75,72
32.375,75,76
32.37890625,74,79
32.3828125,74,82
32.38671875,75,84
32.390625,75,85
32.39453125,75,86
32.3984375,75,89
32.40234375,75,92
32.40625,75,96
32.41015625,75,101
32.4140625,75,106
32.41796875,75,111
32.421875,75,114
32.42578125,75,116
32.4296875,75,117
32.43359375,75,118
32.4375,76,117
32.44140625,75,117
32.4453125,75,117
32.44921875,75,119
32.453125,75,120
32.45703125,75,122
32.4609375,75,124
32.46484375,75,127
32.46875,75,129
32.47265625,75,130
32.4765625,75,132
32.48046875,75,133
32.484375,75,134
32.48828125,75,134
32.4921875,75,135
32.49609375,75,136
32.5,75,137
32.50390625,76,138
32.5078125,76,139
32.51171875,76,140
32.515625,76,142
32.51953125,76,143
32.5234375,76,144
32.52734375,76,145
32.53125,76,146
32.53515625,76,146
32.5390625,76,146
32.54296875,76,146
32.546875,76,147
32.55078125,76,148
32.5546875,76,149
32.55859375,76,150
32.5625,76,150
32.56640625,76,151
32.5703125,76,150
32.57421875,76,150
32.578125,75,150
32.58203125,75,150
32.5859375,76,150
32.58984375,76,151
32.59375,76,152
32.59765625,75,153
32.6015625,75,154
32.60546875,75,154
32.609375,75,155
32.61328125,74,155
32.6171875,74,155
32.62109375,75,155
32.625,75,155
32.62890625,75,155
32.6328125,75,155
32.63671875,75,156
32.640625,75,156
32.64453125,75,156
32.6484375,75,157
32.65234375,75,157
32.65625,75,157
32.66015625,75,157
32.6640625,75,157
32.66796875,75,158
32.671875,75,158
32.67578125,75,158
32.6796875,74,158
32.68359375,74,158
32.6875,75,158
32.69140625,75,157
32.6953125,74,157
32.69921875,74,158
32.703125,74,158
32.70703125,74,158
32.7109375,74,159
32.71484375,74,160
32.71875,74,160
32.72265625,74,160
32.7265625,74,160
32.73046875,74,160
32.734375,74,160
32.73828125,74,160
32.7421875,74,160
32.74609375,74,160
32.75,74,161
32.75390625,74,161
32.7578125,74,161
32.76171875,74,161
32.765625,74,161
32.76953125,74,161
32.7734375,74,161
32.77734375,73,162
32.78125,73,162
32.78515625,73,162
32.7890625,73,161
32.79296875,73,161
32.796875,72,161
32.80078125,72,161
32.8046875,72,162
32.80859375,72,162
32.8125,71,162
32.81640625,71,163
32.8203125,71,163
32.82421875,71,163
32.828125,72,163
32.83203125,71,163
32.8359375,71,163
32.83984375,71,162
32.84375,71,163
32.84765625,70,163
32.8515625,70,164
32.85546875,71,164
32.859375,71,164
32.86328125,70,165
32.8671875,70,165
32.87109375,71,165
32.875,71,164
32.87890625,70,164
32.8828125,70,164
32.88671875,70,164
32.890625,70,164
32.89453125,70,164
32.8984375,69,165
32.90234375,69,165
32.90625,69,165
32.91015625,69,164
32.9140625,69,165
32.91796875,68,165
32.921875,68,165
32.92578125,68,165
32.9296875,67,165
32.93359375,68,166
32.9375,68,166
32.94140625,68,166
32.9453125,67,166
32.94921875,67,167
32.953125,68,167
32.95703125,68,166
32.9609375,68,166
32.96484375,67,167
32.96875,67,166
32.97265625,67,166
32.9765625,67,166
32.98046875,67,166
32.984375,67,166
32.98828125,67,166
32.9921875,67,166
32.99609375,67,166
33.0,67,166
33.00390625,67,167
33.0078125,66,166
33.01171875,66,167
33.015625,66,168
33.01953125,65,168
33.0234375,65,168
33.02734375,65,168
33.03125,65,169
33.03515625,65,169
33.0390625,65,169
33.04296875,65,168
33.046875,65,168
33.05078125,65,168
33.0546875,65,168
33.05859375,65,167
33.0625,64,167
33.06640625,64,167
33.0703125,64,167
33.07421875,64,167
33.078125,65,167
33.08203125,64,167
33.0859375,64,168
33.08984375,64,168
33.09375,64,168
33.09765625,64,169
33.1015625,64,169
33.10546875,64,169
33.109375,63,169
33.11328125,63,169
33.1171875,63,168
33.12109375,63,168
33.125,63,168
33.12890625,62,168
33.1328125,62,168
33.13671875,62,168
33.140625,62,168
33.14453125,62,168
33.1484375,61,168
33.15234375,61,168
33.15625,61,168
33.16015625,61,168
33.1640625,61,169
33.16796875,61,169
33.171875,61,169
33.17578125,61,169
33.1796875,61,169
33.18359375,61,169
33.1875,61,169
33.19140625,61,168
33.1953125,61,168
33.19921875,61,168
33.203125,61,169
33.20703125,61,169
33.2109375,61,169
33.21484375,61,170
33.21875,60,170
33.22265625,61,171
33.2265625,61,171
33.23046875,60,171
33.234375,60,171
33.23828125,60,171
33.2421875,60,170
33.24609375,60,170
33.25,60,171
33.25390625,60,171
33.2578125,59,170
33.26171875,59,171
33.265625,59,171
33.26953125,59,171
33.2734375,59,171
33.27734375,59,170
33.28125,59,171
33.28515625,59,171
33.2890625,59,170
33.29296875,59,170
33.296875,59,171
33.30078125,59,171
33.3046875,59,171
33.30859375,59,170
33.3125,58,170
33.31640625,58,170
33.3203125,59,170
33.32421875,58,170
33.328125,58,170
33.33203125,58,170
33.3359375,58,170
33.33984375,59,170
33.34375,58,170
33.34765625,58,170
33.3515625,58,170
33.35546875,58,170
33.359375,58,170
33.36328125,58,171
33.3671875,58,170
33.37109375,58,170
33.375,58,170
33.37890625,58,170
33.3828125,58,170
33.38671875,58,170
33.390625,58,170
33.39453125,58,170
33.3984375,58,171
33.40234375,58,171
33.40625,58,171
33.41015625,58,171
33.4140625,58,172
33.41796875,58,172
33.421875,58,172
33.42578125,58,172
33.4296875,58,172
33.43359375,58,172
33.4375,58,171
33.44140625,58,170
33.4453125,58,170
33.44921875,58,170
33.453125,58,170
33.45703125,58,170
33.4609375,58,170
33.46484375,58,171
33.46875,57,171
33.47265625,58,171
33.4765625,57,171
33.48046875,57,171
33.484375,57,172
33.48828125,57,172
33.4921875,58,172
33.49609375,57,171
33.5,58,172
33.50390625,58,171
33.5078125,58,171
33.51171875,57,170
33.515625,57,170
33.51953125,57,170
33.5234375,57,170
33.52734375,57,171
33.53125,57,172
33.53515625,57,172
33.5390625,58,172
33.54296875,58,173
33.546875,57,173
33.55078125,57,173
33.5546875,58,173
33.55859375,58,172
33.5625,57,172
33.56640625,57,172
33.5703125,58,172
33.57421875,57,172
33.578125,58,172
33.58203125,57,172
33.5859375,57,172
33.58984375,57,172
33.59375,57,172
33.59765625,57,172
33.6015625,57,171
33.60546875,57,171
33.609375,57,171
33.61328125,57,171
33.6171875,57,172
33.62109375,57,172
33.625,57,172
33.62890625,56,173
33.6328125,56,173
33.63671875,56,173
33.640625,56,172
33.64453125,56,172
33.6484375,56,171
33.65234375,57,171
33.65625,57,170
33.66015625,57,170
33.6640625,56,171
33.66796875,56,171
33.671875,56,171
33.67578125,56,172
33.6796875,56,172
33.68359375,56,172
33.6875,56,172
33.69140625,56,171
33.6953125,56,171
33.69921875,56,172
33.703125,56,172
33.70703125,56,172
33.7109375,56,172
33.71484375,56,173
33.71875,56,173
33.72265625,56,172
33.7265625,56,172
33.73046875,56,172
33.734375,55,172
33.73828125,56,171
33.7421875,56,171
33.74609375,55,171
33.75,56,171
33.75390625,56,171
33.7578125,56,171
33.76171875,56,172
33.765625,56,172
33.76953125,56,172
33.7734375,56,172
33.77734375,56,172
33.78125,55,172
33.78515625,55,172
33.7890625,56,172
33.79296875,55,172
33.796875,55,172
33.80078125,55,172
33.8046875,55,172
33.80859375,55,172
33.8125,55,172
33.81640625,55,173
33.8203125,55,173
33.82421875,55,172
33.828125,55,172
33.83203125,55,172
33.8359375,54,172
33.83984375,55,172
33.84375,55,172
33.84765625,55,172
33.8515625,55,172
33.85546875,55,172
33.859375,56,173
33.86328125,55,172
33.8671875,56,174
33.87109375,56,174
33.875,56,174
33.87890625,56,173
33.8828125,56,173
33.88671875,56,173
33.890625,56,172
33.89453125,56,172
33.8984375,56,172
33.90234375,56,172
33.90625,56,172
33.91015625,56,172
33.9140625,56,173
33.91796875,56,172
33.921875,56,172
33.92578125,56,172
33.9296875,55,172
33.93359375,55,172
33.9375,55,173
33.94140625,55,173
33.9453125,55,173
33.94921875,55,174
33.953125,55,173
33.95703125,55,173
33.9609375,55,172
33.96484375,54,172
33.96875,54,172
33.97265625,55,171
33.9765625,55,172
33.98046875,54,172
33.984375,54,172
33.98828125,54,171
33.9921875,54,172
33.99609375,54,172
34.0,54,172
34.00390625,54,172
34.0078125,54,171
34.01171875,54,171
34.015625,54,171
34.01953125,54,171
34.0234375,54,171
34.02734375,54,171
34.03125,54,172
34.03515625,54,172
34.0390625,54,171
34.04296875,54,172
34.046875,54,172
34.05078125,54,173
34.0546875,54,173
34.05859375,55,172
34.0625,54,172
34.06640625,54,173
34.0703125,55,173
34.07421875,55,172
34.078125,55,172
34.08203125,54,172
34.0859375,54,172
34.08984375,55,172
34.09375,55,172
34.09765625,54,173
34.1015625,54,173
34.10546875,54,173
34.109375,54,173
34.11328125,54,172
34.1171875,54,173
34.12109375,54,173
34.125,54,172
34.12890625,54,172
34.1328125,53,172
34.13671875,54,172
34.140625,54,172
34.14453125,53,172
34.1484375,53,172
34.15234375,53,172
34.15625,53,172
34.16015625,53,172
34.1640625,53,172
34.16796875,53,172
34.171875,53,172
34.17578125,53,172
34.1796875,52,172
34.18359375,52,172
34.1875,52,171
34.19140625,52,171
34.1953125,52,171
34.19921875,52,171
34.203125,52,171
34.20703125,52,171
34.2109375,52,171
34.21484375,52,170
34.21875,52,170
34.22265625,52,168
34.2265625,52,165
34.23046875,51,161
34.234375,51,157
34.23828125,50,151
34.2421875,50,146
34.24609375,49,141
34.25,49,137
34.25390625,49,133
34.2578125,48,129
34.26171875,48,125
34.265625,47,120
34.26953125,47,113
34.2734375,47,102
34.27734375,47,89
34.28125,47,75
34.28515625,46,62
34.2890625,47,50
34.29296875,46,41
34.296875,46,36
34.30078125,46,33
34.3046875,46,32
34.30859375,46,31
34.3125,46,31
34.31640625,46,30
34.3203125,46,28
34.32421875,46,26
34.328125,45,25
34.33203125,45,24
34.3359375,45,23
34.33984375,45,23
34.34375,45,23
34.34765625,44,24
34.3515625,44,24
34.35546875,44,24
34.359375,44,24
34.36328125,43,24
34.3671875,43,24
34.37109375,43,24
34.375,42,24
34.37890625,42,24
34.3828125,42,24
34.38671875,42,24
34.390625,42,24
34.39453125,42,24
34.3984375,42,25
34.40234375,42,25
34.40625,42,24
34.41015625,42,24
34.4140625,42,24
34.41796875,42,24
34.421875,42,24
34.42578125,42,24
34.4296875,41,24
34.43359375,41,24
34.4375,41,24
34.44140625,42,24
34.4453125,41,24
34.44921875,41,25
34.453125,41,25
34.45703125,41,24
34.4609375,41,24
34.46484375,40,24
34.46875,40,24
34.47265625,40,24
34.4765625,39,24
34.48046875,38,24
34.484375,38,24
34.48828125,38,24
34.4921875,38,24
34.49609375,37,24
34.5,37,24
34.50390625,38,24
34.5078125,37,24
34.51171875,37,24
34.515625,37,24
34.51953125,37,24
34.5234375,37,24
34.52734375,37,24
34.53125,36,24
34.53515625,36,24
34.5390625,36,23
34.54296875,36,23
34.546875,35,24
34.55078125,35,24
34.5546875,35,24
34.55859375,35,23
34.5625,34,24
34.56640625,34,24
34.5703125,34,24
34.57421875,34,23
34.578125,33,23
34.58203125,33,24
34.5859375,32,24
34.58984375,32,24
34.59375,32,24
34.59765625,31,24
34.6015625,31,24
34.60546875,31,24
34.609375,31,24
34.61328125,31,24
34.6171875,31,24
34.62109375,31,24
34.625,31,24
34.62890625,30,24
34.6328125,30,24
34.63671875,30,24
34.640625,30,24
34.64453125,30,24
34.6484375,30,24
34.65234375,30,25
34.65625,30,24
34.66015625,30,24
34.6640625,29,25
34.66796875,29,25
34.671875,30,24
34.67578125,30,24
34.6796875,29,24
34.68359375,29,25
34.6875,29,25
34.69140625,29,24
34.6953125,29,24
34.69921875,29,25
34.703125,29,25
34.70703125,29,24
34.7109375,29,24
34.71484375,29,25
34.71875,29,24
34.72265625,30,24
34.7265625,30,24
34.73046875,29,24
34.734375,29,24
34.73828125,30,24
34.7421875,29,24
34.74609375,29,24
34.75,29,24
34.75390625,29,24
34.7578125,30,24
34.76171875,29,24
34.765625,29,24
34.76953125,29,24
34.7734375,29,24
34.77734375,29,24
34.78125,29,24
34.78515625,29,24
34.7890625,29,24
34.79296875,29,24
34.796875,29,24
34.80078125,29,24
34.8046875,29,24
34.80859375,28,24
34.8125,28,24
34.81640625,28,24
34.8203125,28,24
34.82421875,28,24
34.828125,29,24
34.83203125,28,25
34.8359375,29,25
34.83984375,29,24
34.84375,29,24
34.84765625,29,25
34.8515625,30,25
34.85546875,30,24
34.859375,30,24
34.86328125,30,24
34.8671875,30,24
34.87109375,31,24
34.875,30,24
34.87890625,30,24
34.8828125,30,24
34.88671875,30,24
34.890625,30,24
34.89453125,30,24
34.8984375,30,24
34.90234375,29,24
34.90625,30,24
34.91015625,29,24
34.9140625,29,24
34.91796875,28,24
34.921875,28,24
34.92578125,28,24
34.9296875,28,24
34.93359375,28,24
34.9375,29,24
34.94140625,29,24
34.9453125,29,24
34.94921875,29,24
34.953125,28,24
34.95703125,29,24
34.9609375,29,24
34.96484375,28,24
34.96875,28,24
34.97265625,29,24
34.9765625,29,24
34.98046875,29,24
34.984375,29,24
34.98828125,29,24
34.9921875,29,24
34.99609375,28,24
35.0,28,24
35.00390625,28,24
35.0078125,28,24
35.01171875,28,24
35.015625,28,24
35.01953125,28,24
35.0234375,28,24
35.02734375,28,24
35.03125,27,24
35.03515625,27,24
35.0390625,28,24
35.04296875,28,24
35.046875,28,24
35.05078125,28,24
35.0546875,28,24
35.05859375,28,24
35.0625,28,24
35.06640625,28,24
35.0703125,28,24
35.07421875,29,24
35.078125,29,24
35.08203125,29,24
35.0859375,29,24
35.08984375,30,24
35.09375,30,24
35.09765625,30,24
35.1015625,30,24
35.10546875,30,24
35.109375,30,24
35.11328125,29,24
35.1171875,29,24
35.12109375,30,25
35.125,30,24
35.12890625,29,24
35.1328125,29,25
35.13671875,30,25
35.140625,30,24
35.14453125,30,24
35.1484375,30,25
35.15234375,30,25
35.15625,30,24
35.16015625,30,24
35.1640625,30,24
35.16796875,30,24
35.171875,31,24
35.17578125,31,24
35.1796875,30,24
35.18359375,31,24
35.1875,31,24
35.19140625,31,24
35.1953125,31,24
35.19921875,31,24
35.203125,31,24
35.20703125,31,24
35.2109375,31,24
35.21484375,31,24
35.21875,31,24
35.22265625,31,24
35.2265625,31,24
35.23046875,30,25
35.234375,30,25
35.23828125,31,25
35.2421875,31,24
35.24609375,31,24
35.25,31,24
35.25390625,31,25
35.2578125,31,24
35.26171875,30,24
35.265625,31,24
35.26953125,31,24
35.2734375,31,24
35.27734375,31,24
35.28125,31,24
35.28515625,31,24
35.2890625,31,24
35.29296875,31,24
35.296875,31,24
35.30078125,31,24
35.3046875,32,24
35.30859375,32,24
35.3125,33,24
35.31640625,32,24
35.3203125,33,24
35.32421875,33,24
35.328125,33,24
35.33203125,32,24
35.3359375,32,24
35.33984375,33,24
35.34375,33,24
35.34765625,33,24
35.3515625,33,24
35.35546875,33,24
35.359375,33,24
35.36328125,32,24
35.3671875,32,24
35.37109375,33,24
35.375,33,24
35.37890625,32,24
35.3828125,32,24
35.38671875,33,24
35.390625,33,24
35.39453125,33,24
35.3984375,33,24
35.40234375,33,24
35.40625,33,24
35.41015625,33,23
35.4140625,33,23
35.41796875,34,23
35.421875,34,22
35.42578125,34,23
35.4296875,34,23
35.43359375,34,24
35.4375,35,24
35.44140625,35,24
35.4453125,34,24
35.44921875,34,25
35.453125,34,25
35.45703125,35,24
35.4609375,35,24
35.46484375,35,24
35.46875,34,24
35.47265625,35,24
35.4765625,35,24
35.48046875,35,24
35.484375,35,24
35.48828125,35,24
35.4921875,36,24
35.49609375,36,24
35.5,36,24
35.50390625,36,24
35.5078125,37,24
35.51171875,37,24
35.515625,37,24
35.51953125,38,24
35.5234375,38,24
35.52734375,39,24
35.53125,39,24
35.53515625,39,24
35.5390625,40,24
35.54296875,40,24
35.546875,40,24
35.55078125,40,24
35.5546875,41,24
35.55859375,41,24
35.5625,41,24
35.56640625,42,24
35.5703125,42,24
35.57421875,43,24
35.578125,43,24
35.58203125,43,24
35.5859375,44,24
35.58984375,45,24
35.59375,45,24
35.59765625,45,24
35.6015625,46,24
35.60546875,47,24
35.609375,47,23
35.61328125,48,24
35.6171875,48,24
35.62109375,49,24
35.625,50,24
35.62890625,50,24
35.6328125,51,24
35.63671875,52,24
35.640625,53,24
35.64453125,54,24
35.6484375,54,24
35.65234375,55,24
35.65625,56,24
35.66015625,57,24
35.6640625,57,25
35.66796875,57,25
35.671875,58,24
35.67578125,59,24
35.6796875,59,24
35.68359375,59,25
35.6875,60,25
35.69140625,60,24
35.6953125,60,24
35.69921875,61,24
35.703125,61,24
35.70703125,62,24
35.7109375,62,24
35.71484375,62,24
35.71875,63,24
35.72265625,64,24
35.7265625,64,24
35.73046875,64,24
35.734375,64,24
35.73828125,65,24
35.7421875,65,24
35.74609375,65,23
35.75,65,24
35.75390625,66,24
35.7578125,66,23
35.76171875,66,23
35.765625,66,24
35.76953125,67,24
35.7734375,67,24
35.77734375,67,23
35.78125,67,24
35.78515625,67,24
35.7890625,67,24
35.79296875,67,24
35.796875,67,24
35.80078125,67,24
35.8046875,67,24
35.80859375,67,24
35.8125,67,24
35.81640625,67,24
35.8203125,68,24
35.82421875,68,24
35.828125,68,24
35.83203125,68,24
35.8359375,69,25
35.83984375,69,24
35.84375,69,25
35.84765625,69,25
35.8515625,70,25
35.85546875,70,24
35.859375,70,24
35.86328125,71,24
35.8671875,71,24
35.87109375,71,24
35.875,71,24
35.87890625,71,24
35.8828125,71,25
35.88671875,72,24
35.890625,71,24
35.89453125,72,24
35.8984375,72,24
35.90234375,72,24
35.90625,72,24
35.91015625,72,24
35.9140625,72,25
35.91796875,72,25
35.921875,72,24
35.92578125,73,24
35.9296875,73,24
35.93359375,73,24
35.9375,74,24
35.94140625,74,24
35.9453125,74,24
35.94921875,74,24
35.953125,74,24
35.95703125,74,24
35.9609375,75,24
35.96484375,74,24
35.96875,75,24
35.97265625,75,24
35.9765625,76,24
35.98046875,75,24
35.984375,75,25
35.98828125,76,25
35.9921875,76,26
35.99609375,75,26
36.0,75,27
36.00390625,76,27
36.0078125,76,27
36.01171875,76,27
36.015625,75,28
36.01953125,75,28
36.0234375,76,29
36.02734375,76,30
36.03125,75,31
36.03515625,75,32
36.0390625,76,33
36.04296875,75,34
36.046875,75,35
36.05078125,76,37
36.0546875,76,38
36.05859375,76,40
36.0625,76,42
36.06640625,76,45
36.0703125,77,48
36.07421875,77,50
36.078125,77,52
36.08203125,77,54
36.0859375,77,55
36.08984375,77,56
36.09375,77,57
36.09765625,77,58
36.1015625,77,60
36.10546875,77,61
36.109375,77,64
36.11328125,76,67
36.1171875,76,71
36.12109375,77,74
36.125,77,77
36.12890625,76,80
36.1328125,76,84
36.13671875,77,87
36.140625,77,90
36.14453125,77,94
36.1484375,76,98
36.15234375,77,102
36.15625,77,105
36.16015625,77,108
36.1640625,77,111
36.16796875,77,113
36.171875,77,113
36.17578125,77,114
36.1796875,77,114
36.18359375,77,115
36.1875,77,116
36.19140625,77,117
36.1953125,77,118
36.19921875,77,120
36.203125,77,122
36.20703125,77,123
36.2109375,77,125
36.21484375,77,127
36.21875,77,129
36.22265625,77,131
36.2265625,77,133
36.23046875,77,136
36.234375,77,138
36.23828125,77,140
36.2421875,77,141
36.24609375,77,142
36.25,77,143
36.25390625,77,143
36.2578125,77,142
36.26171875,77,142
36.265625,77,142
36.26953125,77,142
36.2734375,77,142
36.27734375,77,143
36.28125,77,144
36.28515625,77,145
36.2890625,77,146
36.29296875,77,147
36.296875,77,148
36.30078125,77,149
36.3046875,78,150
36.30859375,78,150
36.3125,77,151
36.31640625,77,152
36.3203125,78,153
36.32421875,77,154
36.328125,77,154
36.33203125,77,155
36.3359375,77,156
36.33984375,77,156
36.34375,77,156
36.34765625,77,156
36.3515625,77,156
36.35546875,77,155
36.359375,77,155
36.36328125,77,155
36.3671875,76,156
36.37109375,77,156
36.375,77,157
36.37890625,77,158
36.3828125,77,159
36.38671875,77,159
36.390625,77,159
36.39453125,77,160
36.3984375,77,160
36.40234375,77,160
36.40625,77,160
36.41015625,77,159
36.4140625,77,160
36.41796875,77,160
36.421875,77,160
36.42578125,77,160
36.4296875,76,160
36.43359375,76,161
36.4375,77,162
36.44140625,77,162
36.4453125,76,162
36.44921875,76,162
36.453125,76,163
36.45703125,76,162
36.4609375,76,163
36.46484375,76,163
36.46875,76,164
36.47265625,75,163
36.4765625,75,163
36.48046875,75,163
36.484375,75,163
36.48828125,75,163
36.4921875,75,162
36.49609375,75,163
36.5,75,163
36.50390625,75,164
36.5078125,75,164
36.51171875,75,164
36.515625,74,165
36.51953125,74,165
36.5234375,74,165
36.52734375,74,164
36.53125,74,165
36.53515625,73,165
36.5390625,74,164
36.54296875,73,164
36.546875,73,165
36.55078125,73,165
36.5546875,72,165
36.55859375,72,165
36.5625,71,165
36.56640625,71,165
36.5703125,71,165
36.57421875,71,164
36.578125,70,165
36.58203125,70,165
36.5859375,70,166
36.58984375,70,166
36.59375,69,166
36.59765625,69,166
36.6015625,69,167
36.60546875,69,167
36.609375,69,167
36.61328125,69,167
36.6171875,69,167
36.62109375,69,167
36.625,69,167
36.62890625,68,167
36.6328125,68,167
36.63671875,68,167
36.640625,69,166
36.64453125,68,166
36.6484375,68,166
36.65234375,68,167
36.65625,68,166
36.66015625,68,167
36.6640625,67,167
36.66796875,67,167
36.671875,67,167
36.67578125,66,167
36.6796875,66,167
36.68359375,66,168
36.6875,66,168
36.69140625,66,168
36.6953125,65,168
36.69921875,65,169
36.703125,65,169
36.70703125,66,168
36.7109375,66,168
36.71484375,65,168
36.71875,65,167
36.72265625,65,167
36.7265625,65,168
36.73046875,65,169
36.734375,64,169
36.73828125,64,170
36.7421875,64,169
36.74609375,64,169
36.75,64,168
36.75390625,64,168
36.7578125,64,166
36.76171875,64,166
36.765625,63,167
36.76953125,64,167
36.7734375,64,168
36.77734375,64,168
36.78125,63,170
36.78515625,63,170
36.7890625,63,170
36.79296875,63,170
36.796875,63,168
36.80078125,63,170
36.8046875,63,169
36.80859375,63,169
36.8125,62,170
36.81640625,62,170
36.8203125,63,170
36.82421875,62,170
36.828125,62,170
36.83203125,62,170
36.8359375,62,170
36.83984375,62,170
36.84375,62,170
36.84765625,62,170
36.8515625,62,171
36.85546875,62,170
36.859375,62,170
36.86328125,62,170
36.8671875,62,170
36.87109375,62,169
36.875,62,169
36.87890625,62,170
36.8828125,62,170
36.88671875,61,171
36.890625,62,171
36.89453125,61,171
36.8984375,61,171
36.90234375,61,171
36.90625,61,170
36.91015625,61,170
36.9140625,61,170
36.91796875,60,170
36.921875,60,170
36.92578125,60,170
36.9296875,60,170
36.93359375,60,171
36.9375,60,171
36.94140625,60,170
36.9453125,60,170
36.94921875,60,171
36.953125,60,171
36.95703125,61,170
36.9609375,61,170
36.96484375,60,170
36.96875,60,170
36.97265625,61,170
36.9765625,61,170
36.98046875,60,170
36.984375,60,170
36.98828125,61,170
36.9921875,61,169
36.99609375,60,169
37.0,60,169
37.00390625,60,169
37.0078125,60,169
37.01171875,60,170
37.015625,60,171
37.01953125,60,171
37.0234375,60,172
37.02734375,60,172
37.03125,59,172
37.03515625,60,172
37.0390625,60,171
37.04296875,60,170
37.046875,60,169
37.05078125,60,170
37.0546875,60,170
37.05859375,60,170
37.0625,60,171
37.06640625,60,171
37.0703125,60,172
37.07421875,60,172
37.078125,60,172
37.08203125,60,172
37.0859375,60,171
37.08984375,60,170
37.09375,59,169
37.09765625,59,169
37.1015625,59,169
37.10546875,59,169
37.109375,59,169
37.11328125,59,170
37.1171875,59,171
37.12109375,59,171
37.125,59,171
37.12890625,58,171
37.1328125,58,172
37.13671875,58,172
37.140625,58,171
37.14453125,58,171
37.1484375,58,171
37.15234375,58,171
37.15625,58,171
37.16015625,58,171
37.1640625,58,171
37.16796875,58,171
37.171875,58,170
37.17578125,58,170
37.1796875,58,170
37.18359375,58,170
37.1875,58,170
37.19140625,58,170
37.1953125,58,170
37.19921875,58,170
37.203125,57,171
37.20703125,58,170
37.2109375,58,170
37.21484375,58,171
37.21875,58,171
37.22265625,58,170
37.2265625,58,170
37.23046875,57,171
37.234375,57,171
37.23828125,57,171
37.2421875,57,171
37.24609375,56,171
37.25,56,171
37.25390625,56,171
37.2578125,56,171
37.26171875,56,172
37.265625,56,172
37.26953125,56,172
37.2734375,56,172
37.27734375,56,171
37.28125,56,171
37.28515625,56,171
37.2890625,56,170
37.29296875,56,170
37.296875,56,170
37.30078125,56,170
37.3046875,57,170
37.30859375,57,170
37.3125,56,170
37.31640625,56,171
37.3203125,56,170
37.32421875,56,170
37.328125,56,170
37.33203125,56,170
37.3359375,56,170
37.33984375,56,170
37.34375,55,170
37.34765625,55,170
37.3515625,54,170
37.35546875,54,170
37.359375,54,170
37.36328125,54,170
37.3671875,54,171
37.37109375,54,171
37.375,54,170
37.37890625,54,170
37.3828125,54,171
37.38671875,53,171
37.390625,53,170
37.39453125,53,170
37.3984375,53,171
37.40234375,53,171
37.40625,53,170
37.41015625,53,170
37.4140625,52,170
37.41796875,52,170
37.421875,52,170
37.42578125,52,170
37.4296875,52,170
37.43359375,52,169
37.4375,52,167
37.44140625,52,164
37.4453125,52,159
37.44921875,52,153
37.453125,52,145
37.45703125,52,135
37.4609375,52,125
37.46484375,51,116
37.46875,51,109
37.47265625,51,103
37.4765625,51,99
37.48046875,51,96
37.484375,51,94
37.48828125,52,92
37.4921875,52,90
37.49609375,52,88
37.5,51,86
37.50390625,52,84
37.5078125,51,82
37.51171875,51,82
37.515625,51,82
37.51953125,51,83
37.5234375,51,84
37.52734375,51,84
37.53125,50,85
37.53515625,50,85
37.5390625,50,82
37.54296875,50,77
37.546875,49,70
37.55078125,49,61
37.5546875,49,52
37.55859375,49,42
37.5625,48,35
37.56640625,48,30
37.5703125,48,27
37.57421875,47,25
37.578125,47,25
37.58203125,46,26
37.5859375,46,26
37.58984375,46,26
37.59375,46,25
37.59765625,45,25
37.6015625,45,24
37.60546875,45,23
37.609375,45,23
37.61328125,44,23
37.6171875,44,23
37.62109375,44,24
37.625,44,24
37.62890625,44,24
37.6328125,44,24
37.63671875,44,24
37.640625,44,24
37.64453125,43,24
37.6484375,43,24
37.65234375,43,24
37.65625,43,24
37.66015625,42,24
37.6640625,42,25
37.66796875,42,25
37.671875,42,25
37.67578125,42,24
37.6796875,41,24
37.68359375,41,25
37.6875,41,25
37.69140625,41,24
37.6953125,40,24
37.69921875,40,25
37.703125,40,25
37.70703125,41,24
37.7109375,41,24
37.71484375,40,24
37.71875,41,24
37.72265625,41,24
37.7265625,41,24
37.73046875,41,24
37.734375,41,24
37.73828125,41,24
37.7421875,41,24
37.74609375,40,23
37.75,40,24
37.75390625,40,24
37.7578125,40,23
37.76171875,40,23
37.765625,39,24
37.76953125,39,24
37.7734375,39,23
37.77734375,39,23
37.78125,38,24
37.78515625,38,24
37.7890625,37,23
37.79296875,37,23
37.796875,37,23
37.80078125,36,23
37.8046875,36,23
37.80859375,37,23
37.8125,36,23
37.81640625,36,24
37.8203125,36,24
37.82421875,36,24
37.828125,36,24
37.83203125,35,25
37.8359375,35,25
37.83984375,35,24
37.84375,35,24
37.84765625,35,24
37.8515625,35,24
37.85546875,35,24
37.859375,36,24
37.86328125,35,24
37.8671875,35,24
37.87109375,35,25
37.875,35,24
37.87890625,35,24
37.8828125,34,25
37.88671875,34,25
37.890625,34,24
37.89453125,34,24
37.8984375,34,24
37.90234375,34,24
37.90625,34,24
37.91015625,33,24
37.9140625,33,24
37.91796875,33,24
37.921875,33,24
37.92578125,33,24
37.9296875,33,24
37.93359375,33,25
37.9375,33,25
37.94140625,33,24
37.9453125,33,24
37.94921875,33,25
37.953125,33,25
37.95703125,33,24
37.9609375,33,24
37.96484375,33,24
37.96875,33,24
37.97265625,33,24
37.9765625,33,24
37.98046875,33,24
37.984375,33,24
37.98828125,33,24
37.9921875,33,24
37.99609375,33,24
38.0,33,24
38.00390625,33,24
38.0078125,33,24
38.01171875,33,24
38.015625,32,24
38.01953125,32,24
38.0234375,32,24
38.02734375,32,24
38.03125,32,24
38.03515625,32,24
38.0390625,32,24
38.04296875,32,24
38.046875,32,24
38.05078125,32,24
38.0546875,32,24
38.05859375,32,24
38.0625,32,24
38.06640625,32,24
38.0703125,32,24
38.07421875,32,24
38.078125,32,24
38.08203125,32,24
38.0859375,32,24
38.08984375,32,24
38.09375,32,24
38.09765625,32,24
38.1015625,32,24
38.10546875,32,24
38.109375,32,24
38.11328125,32,24
38.1171875,32,24
38.12109375,32,24
38.125,32,24
38.12890625,31,24
38.1328125,31,25
38.13671875,31,24
38.140625,31,24
38.14453125,31,24
38.1484375,31,24
38.15234375,31,24
38.15625,32,24
38.16015625,32,24
38.1640625,32,24
38.16796875,32,24
38.171875,32,24
38.17578125,32,24
38.1796875,32,24
38.18359375,32,24
38.1875,32,24
38.19140625,32,24
38.1953125,31,24
38.19921875,31,24
38.203125,31,24
38.20703125,31,24
38.2109375,31,24
38.21484375,30,24
38.21875,30,25
38.22265625,31,24
38.2265625,31,24
38.23046875,31,24
38.234375,31,24
38.23828125,31,24
38.2421875,31,24
38.24609375,31,24
38.25,31,24
38.25390625,31,25
38.2578125,31,24
38.26171875,31,24
38.265625,31,25
38.26953125,32,24
38.2734375,32,24
38.27734375,32,24
38.28125,32,24
38.28515625,32,24
38.2890625,33,23
38.29296875,33,23
38.296875,33,23
38.30078125,33,23
38.3046875,34,23
38.30859375,34,23
38.3125,34,23
38.31640625,34,24
38.3203125,34,24
38.32421875,34,24
38.328125,34,24
38.33203125,34,24
38.3359375,34,24
38.33984375,34,24
38.34375,34,23
38.34765625,34,24
38.3515625,33,24
38.35546875,34,24
38.359375,34,24
38.36328125,33,24
38.3671875,33,24
38.37109375,34,24
38.375,34,24
38.37890625,34,24
38.3828125,34,24
38.38671875,33,24
38.390625,34,24
38.39453125,34,24
38.3984375,33,24
38.40234375,33,24
38.40625,34,24
38.41015625,34,24
38.4140625,34,24
38.41796875,34,24
38.421875,34,24
38.42578125,34,24
38.4296875,34,24
38.43359375,34,24
38.4375,34,24
38.44140625,34,24
38.4453125,34,24
38.44921875,33,24
38.453125,33,24
38.45703125,34,24
38.4609375,33,24
38.46484375,33,24
38.46875,33,24
38.47265625,33,24
38.4765625,33,24
38.48046875,33,25
38.484375,33,24
38.48828125,33,24
38.4921875,33,24
38.49609375,33,24
38.5,33,24
38.50390625,33,25
38.5078125,33,24
38.51171875,34,24
38.515625,33,25
38.51953125,33,24
38.5234375,34,24
38.52734375,34,24
38.53125,34,24
38.53515625,34,24
38.5390625,34,24
38.54296875,34,24
38.546875,34,24
38.55078125,34,24
38.5546875,35,24
38.55859375,35,24
38.5625,35,24
38.56640625,34,24
38.5703125,35,24
38.57421875,35,24
38.578125,35,24
38.58203125,34,24
38.5859375,34,24
38.58984375,35,24
38.59375,35,24
38.59765625,34,24
38.6015625,35,24
38.60546875,35,24
38.609375,35,24
38.61328125,35,24
38.6171875,35,24
38.62109375,36,24
38.625,36,24
38.62890625,36,24
38.6328125,36,24
38.63671875,36,24
38.640625,36,24
38.64453125,36,24
38.6484375,36,24
38.65234375,36,24
38.65625,37,24
38.66015625,37,24
38.6640625,37,25
38.66796875,36,25
38.671875,37,25
38.67578125,36,24
38.6796875,36,24
38.68359375,36,25
38.6875,36,25
38.69140625,36,24
38.6953125,35,24
38.69921875,36,24
38.703125,36,24
38.70703125,36,24
38.7109375,36,24
38.71484375,36,25
38.71875,36,25
38.72265625,36,24
38.7265625,35,24
38.73046875,35,24
38.734375,35,24
38.73828125,36,24
38.7421875,36,24
38.74609375,36,24
38.75,36,24
38.75390625,36,24
38.7578125,36,24
38.76171875,36,24
38.765625,36,24
38.76953125,36,24
38.7734375,36,24
38.77734375,36,24
38.78125,35,24
38.78515625,35,24
38.7890625,35,24
38.79296875,35,24
38.796875,35,24
38.80078125,35,24
38.8046875,35,24
38.80859375,36,24
38.8125,35,24
38.81640625,36,24
38.8203125,36,24
38.82421875,36,24
38.828125,36,24
38.83203125,36,24
38.8359375,36,24
38.83984375,37,24
38.84375,37,24
38.84765625,37,24
38.8515625,37,24
38.85546875,38,24
38.859375,38,24
38.86328125,37,24
38.8671875,37,24
38.87109375,38,24
38.875,38,24
38.87890625,37,24
38.8828125,38,24
38.88671875,37,24
38.890625,38,24
38.89453125,38,24
38.8984375,38,24
38.90234375,38,24
38.90625,38,24
38.91015625,38,24
38.9140625,38,24
38.91796875,38,24
38.921875,39,24
38.92578125,39,24
38.9296875,39,24
38.93359375,39,24
38.9375,40,24
38.94140625,40,24
38.9453125,40,24
38.94921875,40,24
38.953125,40,24
38.95703125,41,24
38.9609375,42,24
38.96484375,42,24
38.96875,42,24
38.97265625,42,24
38.9765625,42,24
38.98046875,42,24
38.984375,43,24
38.98828125,43,24
38.9921875,43,24
38.99609375,43,24
39.0,44,24
39.00390625,44,24
39.0078125,45,24
39.01171875,45,24
39.015625,45,24
39.01953125,45,24
39.0234375,45,24
39.02734375,45,24
39.03125,46,24
39.03515625,46,24
39.0390625,47,24
39.04296875,47,24
39.046875,48,24
39.05078125,48,25
39.0546875,49,24
39.05859375,49,24
39.0625,49,24
39.06640625,50,24
39.0703125,51,25
39.07421875,52,24
39.078125,53,24
39.08203125,53,25
39.0859375,54,25
39.08984375,55,24
39.09375,56,24
39.09765625,57,24
39.1015625,57,24
39.10546875,58,24
39.109375,59,23
39.11328125,59,23
39.1171875,59,23
39.12109375,60,24
39.125,60,24
39.12890625,60,24
39.1328125,60,24
39.13671875,60,24
39.140625,61,24
39.14453125,61,24
39.1484375,61,24
39.15234375,61,24
39.15625,62,24
39.16015625,62,24
39.1640625,62,24
39.16796875,62,24
39.171875,62,24
39.17578125,62,24
39.1796875,62,24
39.18359375,62,24
39.1875,63,24
39.19140625,63,24
39.1953125,64,24
39.19921875,63,24
39.203125,62,24
39.20703125,63,24
39.2109375,62,24
39.21484375,62,24
39.21875,62,25
39.22265625,62,24
39.2265625,62,24
39.23046875,62,25
39.234375,62,25
39.23828125,62,25
39.2421875,62,25
39.24609375,62,24
39.25,62,25
39.25390625,62,25
39.2578125,62,24
39.26171875,62,24
39.265625,62,25
39.26953125,63,25
39.2734375,63,24
39.27734375,63,24
39.28125,63,25
39.28515625,63,24
39.2890625,64,24
39.29296875,64,24
39.296875,64,24
39.30078125,65,24
39.3046875,65,24
39.30859375,65,24
39.3125,65,24
39.31640625,66,24
39.3203125,66,24
39.32421875,66,24
39.328125,66,24
39.33203125,66,24
39.3359375,66,24
39.33984375,67,24
39.34375,67,24
39.34765625,66,24
39.3515625,66,24
39.35546875,67,24
39.359375,67,24
39.36328125,66,24
39.3671875,67,24
39.37109375,67,24
39.375,67,24
39.37890625,67,24
39.3828125,67,24
39.38671875,67,24
39.390625,68,24
39.39453125,68,24
39.3984375,68,25
39.40234375,68,25
39.40625,68,24
39.41015625,69,24
39.4140625,68,24
39.41796875,68,24
39.421875,69,24
39.42578125,69,24
39.4296875,69,24
39.43359375,69,24
39.4375,69,24
39.44140625,70,24
39.4453125,70,24
39.44921875,69,24
39.453125,69,24
39.45703125,70,24
39.4609375,69,24
39.46484375,69,24
39.46875,69,24
39.47265625,69,24
39.4765625,69,24
39.48046875,69,25
39.484375,69,25
39.48828125,70,25
39.4921875,70,24
39.49609375,70,25
39.5,70,25
39.50390625,70,25
39.5078125,70,25
39.51171875,70,25
39.515625,70,26
39.51953125,71,26
39.5234375,71,26
39.52734375,71,26
39.53125,71,26
39.53515625,71,26
39.5390625,71,26
39.54296875,71,26
39.546875,71,26
39.55078125,71,27
39.5546875,71,27
39.55859375,71,28
39.5625,71,29
39.56640625,71,30
39.5703125,72,30
39.57421875,72,31
39.578125,72,32
39.58203125,72,33
39.5859375,72,34
39.58984375,72,35
39.59375,72,36
39.59765625,72,38
39.6015625,71,40
39.60546875,72,42
39.609375,72,43
39.61328125,72,45
39.6171875,72,46
39.62109375,73,47
39.625,73,48
39.62890625,73,49
39.6328125,73,51
39.63671875,73,52
39.640625,73,53
39.64453125,73,55
39.6484375,73,58
39.65234375,73,60
39.65625,73,62
39.66015625,73,64
39.6640625,73,66
39.66796875,73,67
39.671875,73,69
39.67578125,73,70
39.6796875,73,71
39.68359375,73,73
39.6875,73,74
39.69140625,73,76
39.6953125,73,79
39.69921875,73,82
39.703125,73,86
39.70703125,74,88
39.7109375,74,91
39.71484375,74,93
39.71875,74,95
39.72265625,74,96
39.7265625,74,98
39.73046875,74,100
39.734375,75,103
39.73828125,75,105
39.7421875,76,107
39.74609375,75,110
39.75,75,112
39.75390625,75,113
39.7578125,75,114
39.76171875,75,115
39.765625,75,116
39.76953125,75,117
39.7734375,75,119
39.77734375,75,121
39.78125,75,124
39.78515625,75,127
39.7890625,75,129
39.79296875,75,132
39.796875,75,133
39.80078125,75,135
39.8046875,75,135
39.80859375,75,134
39.8125,75,134
39.81640625,75,135
39.8203125,75,135
39.82421875,76,136
39.828125,75,137
39.83203125,75,140
39.8359375,75,141
39.83984375,75,142
39.84375,75,144
39.84765625,75,146
39.8515625,76,147
39.85546875,76,147
39.859375,76,149
39.86328125,76,150
39.8671875,76,151
39.87109375,76,152
39.875,76,152
39.87890625,76,153
39.8828125,75,153
39.88671875,75,153
39.890625,75,153
39.89453125,75,154
39.8984375,75,154
39.90234375,75,155
39.90625,75,155
39.91015625,74,155
39.9140625,74,155
39.91796875,74,156
39.921875,75,156
39.92578125,75,156
39.9296875,75,156
39.93359375,75,157
39.9375,75,157
39.94140625,75,157
39.9453125,75,157
39.94921875,75,157
39.953125,75,157
39.95703125,75,157
39.9609375,75,158
39.96484375,75,159
39.96875,75,160
39.97265625,75,161
39.9765625,75,161
39.98046875,75,161
39.984375,75,163
39.98828125,75,163
39.9921875,75,163
39.99609375,75,163
40.0,74,163
40.00390625,75,163
40.0078125,75,163
40.01171875,74,162
40.015625,74,162
40.01953125,74,162
40.0234375,74,162
40.02734375,74,162
40.03125,74,163
40.03515625,74,163
40.0390625,74,163
40.04296875,74,163
40.046875,74,163
40.05078125,74,164
40.0546875,74,164
40.05859375,74,164
40.0625,74,165
40.06640625,74,165
40.0703125,74,165
40.07421875,74,165
40.078125,75,165
40.08203125,74,165
40.0859375,74,165
40.08984375,74,165
40.09375,74,165
40.09765625,74,166
40.1015625,73,167
40.10546875,73,166
40.109375,73,167
40.11328125,72,167
40.1171875,72,167
40.12109375,72,167
40.125,72,166
40.12890625,71,165
40.1328125,71,165
40.13671875,71,165
40.140625,72,165
40.14453125,72,166
40.1484375,71,166
40.15234375,71,167
40.15625,71,167
40.16015625,71,167
40.1640625,71,167
40.16796875,70,167
40.171875,71,166
40.17578125,71,166
40.1796875,70,166
40.18359375,71,166
40.1875,71,166
40.19140625,71,166
40.1953125,71,166
40.19921875,70,166
40.203125,70,167
40.20703125,71,166
40.2109375,70,166
40.21484375,70,167
40.21875,70,167
40.22265625,70,168
40.2265625,70,168
40.23046875,69,168
40.234375,69,169
40.23828125,69,169
40.2421875,69,169
40.24609375,68,169
40.25,68,169
40.25390625,69,170
40.2578125,69,169
40.26171875,69,170
40.265625,68,170
40.26953125,68,170
40.2734375,68,169
40.27734375,68,169
40.28125,68,169
40.28515625,68,169
40.2890625,68,168
40.29296875,68,168
40.296875,68,168
40.30078125,68,169
40.3046875,68,169
40.30859375,68,168
40.3125,68,168
40.31640625,68,168
40.3203125,68,168
40.32421875,68,168
40.328125,68,168
40.33203125,67,169
40.3359375,67,169
40.33984375,67,170
40.34375,67,170
40.34765625,66,170
40.3515625,66,170
40.35546875,66,169
40.359375,66,169
40.36328125,66,169
40.3671875,66,169
40.37109375,66,169
40.375,66,169
40.37890625,65,169
40.3828125,65,170
40.38671875,65,170
40.390625,65,170
40.39453125,65,170
40.3984375,65,170
40.40234375,65,170
40.40625,66,169
40.41015625,66,170
40.4140625,65,170
40.41796875,65,170
40.421875,65,171
40.42578125,65,171
40.4296875,65,171
40.43359375,64,171
40.4375,64,171
40.44140625,64,170
40.4453125,64,170
40.44921875,64,170
40.453125,64,170
40.45703125,64,170
40.4609375,64,171
40.46484375,63,171
40.46875,63,171
40.47265625,64,171
40.4765625,64,170
40.48046875,64,170
40.484375,64,171
40.48828125,64,170
40.4921875,64,170
40.49609375,64,170
40.5,63,170
40.50390625,63,170
40.5078125,63,169
40.51171875,63,169
40.515625,63,169
40.51953125,63,170
40.5234375,63,170
40.52734375,63,170
40.53125,63,170
40.53515625,63,171
40.5390625,63,170
40.54296875,63,170
40.546875,62,170
40.55078125,62,171
40.5546875,62,171
40.55859375,62,170
40.5625,61,171
40.56640625,61,171
40.5703125,61,171
40.57421875,61,171
40.578125,61,171
40.58203125,61,171
40.5859375,61,171
40.58984375,62,170
40.59375,62,170
40.59765625,61,170
40.6015625,61,170
40.60546875,61,170
40.609375,61,170
40.61328125,61,170
40.6171875,61,171
40.62109375,62,171
40.625,62,171
40.62890625,62,171
40.6328125,61,171
40.63671875,61,171
40.640625,61,171
40.64453125,61,171
40.6484375,61,172
40.65234375,61,172
40.65625,61,172
40.66015625,61,172
40.6640625,60,172
40.66796875,61,172
40.671875,61,172
40.67578125,60,171
40.6796875,60,170
40.68359375,60,170
40.6875,60,170
40.69140625,60,170
40.6953125,60,171
40.69921875,60,171
40.703125,60,172
40.70703125,60,172
40.7109375,60,172
40.71484375,60,172
40.71875,60,172
40.72265625,61,171
40.7265625,61,171
40.73046875,60,171
40.734375,60,172
40.73828125,61,172
40.7421875,61,172
40.74609375,60,172
40.75,60,172
40.75390625,60,172
40.7578125,60,172
40.76171875,60,172
40.765625,60,172
40.76953125,59,172
40.7734375,60,172
40.77734375,59,172
40.78125,59,173
40.78515625,58,173
40.7890625,59,173
40.79296875,58,173
40.796875,58,173
40.80078125,58,173
40.8046875,58,173
40.80859375,58,172
40.8125,58,172
40.81640625,58,173
40.8203125,58,173
40.82421875,58,173
40.828125,58,173
40.83203125,58,174
40.8359375,58,173
40.83984375,58,173
40.84375,58,172
40.84765625,58,172
40.8515625,58,173
40.85546875,58,173
40.859375,58,173
40.86328125,58,174
40.8671875,58,175
40.87109375,58,175
40.875,58,175
40.87890625,57,174
40.8828125,57,174
40.88671875,57,174
40.890625,58,173
40.89453125,57,173
40.8984375,57,173
40.90234375,57,174
40.90625,57,174
40.91015625,57,174
40.9140625,56,174
40.91796875,56,174
40.921875,56,174
40.92578125,56,173
40.9296875,56,173
40.93359375,56,174
40.9375,56,174
40.94140625,56,174
40.9453125,56,174
40.94921875,56,174
40.953125,56,174
40.95703125,56,173
40.9609375,56,173
40.96484375,56,173
40.96875,56,173
40.97265625,56,172
40.9765625,56,172
40.98046875,56,172
40.984375,56,173
40.98828125,56,172
40.9921875,56,172
40.99609375,56,172
41.0,56,172
41.00390625,56,172
41.0078125,56,172
41.01171875,55,172
41.015625,55,173
41.01953125,55,173
41.0234375,55,173
41.02734375,55,174
41.03125,55,174
41.03515625,55,174
41.0390625,56,174
41.04296875,56,174
41.046875,55,173
41.05078125,55,173
41.0546875,55,173
41.05859375,56,173
41.0625,55,173
41.06640625,56,173
41.0703125,56,173
41.07421875,56,173
41.078125,56,173
41.08203125,55,174
41.0859375,55,174
41.08984375,56,173
41.09375,55,173
41.09765625,55,173
41.1015625,55,174
41.10546875,55,174
41.109375,55,173
41.11328125,55,173
41.1171875,55,174
41.12109375,55,174
41.125,55,173
41.12890625,54,173
41.1328125,54,174
41.13671875,54,174
41.140625,55,174
41.14453125,55,174
41.1484375,54,174
41.15234375,55,173
41.15625,55,173
41.16015625,55,172
41.1640625,54,173
41.16796875,55,173
41.171875,55,173
41.17578125,55,172
41.1796875,55,172
41.18359375,55,172
41.1875,55,172
41.19140625,55,172
41.1953125,55,172
41.19921875,55,172
41.203125,54,173
41.20703125,54,173
41.2109375,54,174
41.21484375,54,174
41.21875,54,175
41.22265625,54,174
41.2265625,54,174
41.23046875,53,173
41.234375,53,173
41.23828125,54,173
41.2421875,54,172
41.24609375,53,173
41.25,53,173
41.25390625,54,174
41.2578125,54,174
41.26171875,54,174
41.265625,53,174
41.26953125,53,174
41.2734375,53,173
41.27734375,53,172
41.28125,53,172
41.28515625,53,172
41.2890625,54,172
41.29296875,54,172
41.296875,53,172
41.30078125,53,173
41.3046875,53,173
41.30859375,53,172
41.3125,53,172
41.31640625,53,172
41.3203125,53,173
41.32421875,53,172
41.328125,53,172
41.33203125,53,173
41.3359375,53,173
41.33984375,53,173
41.34375,53,173
41.34765625,52,173
41.3515625,52,173
41.35546875,52,172
41.359375,52,172
41.36328125,52,171
41.3671875,52,171
41.37109375,52,170
41.375,52,168
41.37890625,52,164
41.3828125,52,159
41.38671875,51,152
41.390625,51,143
41.39453125,51,133
41.3984375,51,125
41.40234375,51,117
41.40625,52,110
41.41015625,52,105
41.4140625,51,102
41.41796875,51,99
41.421875,51,98
41.42578125,51,97
41.4296875,50,96
41.43359375,50,96
41.4375,50,93
41.44140625,50,89
41.4453125,49,82
41.44921875,49,73
41.453125,49,63
41.45703125,49,52
41.4609375,48,43
41.46484375,48,37
41.46875,48,33
41.47265625,49,30
41.4765625,49,30
41.48046875,49,30
41.484375,49,30
41.48828125,49,29
41.4921875,49,28
41.49609375,48,27
41.5,48,26
41.50390625,48,25
41.5078125,48,24
41.51171875,48,24
41.515625,48,24
41.51953125,48,24
41.5234375,48,24
41.52734375,48,24
41.53125,47,25
41.53515625,47,25
41.5390625,47,24
41.54296875,47,24
41.546875,47,24
41.55078125,46,24
41.5546875,46,24
41.55859375,46,24
41.5625,45,24
41.56640625,45,24
41.5703125,45,24
41.57421875,45,24
41.578125,45,24
41.58203125,44,24
41.5859375,44,24
41.58984375,45,24
41.59375,45,24
41.59765625,44,24
41.6015625,44,24
41.60546875,45,24
41.609375,45,24
41.61328125,44,24
41.6171875,44,24
41.62109375,44,24
41.625,44,24
41.62890625,44,24
41.6328125,44,24
41.63671875,44,24
41.640625,44,24
41.64453125,43,24
41.6484375,43,24
41.65234375,42,25
41.65625,42,24
41.66015625,41,24
41.6640625,40,25
41.66796875,40,25
41.671875,39,25
41.67578125,39,24
41.6796875,39,24
41.68359375,39,25
41.6875,40,25
41.69140625,40,24
41.6953125,40,24
41.69921875,40,24
41.703125,40,25
41.70703125,40,24
41.7109375,39,24
41.71484375,39,24
41.71875,39,24
41.72265625,39,24
41.7265625,39,24
41.73046875,38,24
41.734375,39,24
41.73828125,39,24
41.7421875,39,24
41.74609375,38,24
41.75,38,24
41.75390625,38,24
41.7578125,38,24
41.76171875,38,24
41.765625,37,24
41.76953125,37,24
41.7734375,37,24
41.77734375,37,24
41.78125,36,24
41.78515625,36,24
41.7890625,36,23
41.79296875,36,24
41.796875,35,23
41.80078125,35,24
41.8046875,36,24
41.80859375,35,24
41.8125,35,24
41.81640625,35,24
41.8203125,35,24
41.82421875,36,24
41.828125,36,24
41.83203125,36,24
41.8359375,36,25
41.83984375,36,24
41.84375,36,24
41.84765625,36,24
41.8515625,36,25
41.85546875,37,24
41.859375,37,24
41.86328125,36,24
41.8671875,36,24
41.87109375,37,24
41.875,37,23
41.87890625,37,23
41.8828125,36,24
41.88671875,36,24
41.890625,36,24
41.89453125,36,24
41.8984375,35,25
41.90234375,35,25
41.90625,35,24
41.91015625,35,24
41.9140625,35,24
41.91796875,35,24
41.921875,35,24
41.92578125,35,24
41.9296875,34,24
41.93359375,34,25
41.9375,34,24
41.94140625,34,24
41.9453125,34,24
41.94921875,34,24
41.953125,34,23
41.95703125,35,22
41.9609375,35,23
41.96484375,35,23
41.96875,35,23
41.97265625,35,23
41.9765625,35,24
41.98046875,35,24
41.984375,34,24
41.98828125,35,24
41.9921875,34,24
41.99609375,34,24
42.0,34,24
42.00390625,34,24
42.0078125,34,24
42.01171875,34,24
42.015625,33,24
42.01953125,33,24
42.0234375,34,24
42.02734375,34,23
42.03125,34,24
42.03515625,34,23
42.0390625,34,23
42.04296875,34,23
42.046875,34,23
42.05078125,34,24
42.0546875,34,24
42.05859375,34,24
42.0625,34,25
42.06640625,34,25
42.0703125,34,25
42.07421875,35,24
42.078125,35,24
42.08203125,35,25
42.0859375,35,24
42.08984375,35,24
42.09375,35,24
42.09765625,34,25
42.1015625,34,25
42.10546875,34,25
42.109375,34,24
42.11328125,33,24
42.1171875,33,25
42.12109375,33,25
42.125,33,24
42.12890625,33,24
42.1328125,32,24
42.13671875,32,24
42.140625,32,24
42.14453125,32,24
42.1484375,32,24
42.15234375,31,24
42.15625,32,24
42.16015625,31,24
42.1640625,31,24
42.16796875,31,24
42.171875,32,24
42.17578125,32,24
42.1796875,32,24
42.18359375,32,24
42.1875,32,24
42.19140625,32,24
42.1953125,32,24
42.19921875,32,24
42.203125,32,24
42.20703125,32,24
42.2109375,32,24
42.21484375,32,24
42.21875,33,24
42.22265625,33,24
42.2265625,33,24
42.23046875,33,24
42.234375,33,24
42.23828125,33,24
42.2421875,33,24
42.24609375,32,24
42.25,32,24
42.25390625,33,24
42.2578125,32,24
42.26171875,32,24
42.265625,32,24
42.26953125,32,24
42.2734375,32,24
42.27734375,32,24
42.28125,32,24
42.28515625,32,24
42.2890625,33,24
42.29296875,33,24
42.296875,33,24
42.30078125,33,24
42.3046875,33,24
42.30859375,33,24
42.3125,33,24
42.31640625,33,24
42.3203125,33,24
42.32421875,33,24
42.328125,33,24
42.33203125,32,24
42.3359375,32,24
42.33984375,32,24
42.34375,32,24
42.34765625,32,24
42.3515625,32,24
42.35546875,32,24
42.359375,32,24
42.36328125,32,24
42.3671875,32,24
42.37109375,32,24
42.375,32,24
42.37890625,32,24
42.3828125,32,24
42.38671875,32,24
42.390625,32,24
42.39453125,32,24
42.3984375,32,24
42.40234375,32,24
42.40625,32,24
42.41015625,32,24
42.4140625,32,24
42.41796875,32,24
42.421875,32,24
42.42578125,32,24
42.4296875,32,24
42.43359375,32,24
42.4375,32,24
42.44140625,32,24
42.4453125,32,24
42.44921875,32,25
42.453125,32,25
42.45703125,32,24
42.4609375,32,25
42.46484375,32,25
42.46875,32,25
42.47265625,33,24
42.4765625,33,24
42.48046875,33,24
42.484375,33,24
42.48828125,34,24
42.4921875,34,23
42.49609375,34,23
42.5,34,23
42.50390625,35,23
42.5078125,35,23
42.51171875,35,23
42.515625,35,24
42.51953125,35,24
42.5234375,35,24
42.52734375,35,24
42.53125,35,25
42.53515625,35,24
42.5390625,35,24
42.54296875,35,24
42.546875,34,23
42.55078125,34,23
42.5546875,34,23
42.55859375,34,23
42.5625,34,23
42.56640625,33,24
42.5703125,33,24
42.57421875,33,24
42.578125,34,24
42.58203125,33,25
42.5859375,33,25
42.58984375,33,24
42.59375,33,24
42.59765625,32,24
42.6015625,32,24
42.60546875,32,24
42.609375,32,24
42.61328125,32,24
42.6171875,32,24
42.62109375,32,24
42.625,32,24
42.62890625,32,24
42.6328125,32,24
42.63671875,32,24
42.640625,32,24
42.64453125,32,24
42.6484375,31,24
42.65234375,31,24
42.65625,32,24
42.66015625,32,24
42.6640625,32,26
42.66796875,32,25
42.671875,32,25
42.67578125,32,24
42.6796875,32,24
42.68359375,32,25
42.6875,32,25
42.69140625,33,24
42.6953125,33,24
42.69921875,33,24
42.703125,33,24
42.70703125,33,24
42.7109375,34,24
42.71484375,34,24
42.71875,34,24
42.72265625,34,24
42.7265625,35,24
42.73046875,34,24
42.734375,35,24
42.73828125,35,24
42.7421875,35,24
42.74609375,35,24
42.75,35,24
42.75390625,35,24
42.7578125,35,24
42.76171875,35,24
42.765625,35,24
42.76953125,35,24
42.7734375,35,24
42.77734375,35,23
42.78125,35,24
42.78515625,35,24
42.7890625,36,24
42.79296875,36,24
42.796875,36,24
42.80078125,36,24
42.8046875,36,24
42.80859375,36,24
42.8125,36,24
42.81640625,37,24
42.8203125,37,25
42.82421875,37,24
42.828125,38,24
42.83203125,38,24
42.8359375,38,24
42.83984375,39,24
42.84375,39,24
42.84765625,39,25
42.8515625,39,24
42.85546875,39,25
42.859375,39,24
42.86328125,39,24
42.8671875,39,25
42.87109375,40,25
42.875,40,24
42.87890625,40,24
42.8828125,40,24
42.88671875,40,24
42.890625,41,24
42.89453125,41,24
42.8984375,40,24
42.90234375,40,24
42.90625,41,24
42.91015625,41,24
42.9140625,41,23
42.91796875,41,24
42.921875,41,24
42.92578125,41,24
42.9296875,41,24
42.93359375,41,24
42.9375,42,24
42.94140625,42,24
42.9453125,42,24
42.94921875,42,24
42.953125,42,24
42.95703125,43,23
42.9609375,43,23
42.96484375,43,24
42.96875,43,24
42.97265625,43,24
42.9765625,43,23
42.98046875,43,24
42.984375,43,24
42.98828125,43,24
42.9921875,43,24
42.99609375,43,24
43.0,43,24
43.00390625,44,25
43.0078125,44,24
43.01171875,44,24
43.015625,44,25
43.01953125,44,25
43.0234375,45,24
43.02734375,45,24
43.03125,45,24
43.03515625,46,24
43.0390625,46,23
43.04296875,47,24
43.046875,47,24
43.05078125,47,24
43.0546875,48,24
43.05859375,48,24
43.0625,49,24
43.06640625,49,24
43.0703125,50,24
43.07421875,50,24
43.078125,51,24
43.08203125,51,25
43.0859375,51,25
43.08984375,52,24
43.09375,52,24
43.09765625,52,24
43.1015625,53,24
43.10546875,54,24
43.109375,54,24
43.11328125,55,24
43.1171875,55,24
43.12109375,56,24
43.125,57,24
43.12890625,58,24
43.1328125,58,24
43.13671875,59,24
43.140625,60,24
43.14453125,60,24
43.1484375,60,24
43.15234375,61,24
43.15625,61,24
43.16015625,61,23
43.1640625,61,23
43.16796875,62,24
43.171875,62,24
43.17578125,62,23
43.1796875,62,23
43.18359375,62,24
43.1875,63,24
43.19140625,63,24
43.1953125,63,24
43.19921875,63,24
43.203125,63,24
43.20703125,64,24
43.2109375,64,24
43.21484375,64,24
43.21875,64,24
43.22265625,65,24
43.2265625,65,24
43.23046875,64,24
43.234375,65,24
43.23828125,65,24
43.2421875,65,24
43.24609375,65,24
43.25,65,24
43.25390625,65,25
43.2578125,66,24
43.26171875,66,24
43.265625,66,24
43.26953125,66,24
43.2734375,66,24
43.27734375,66,24
43.28125,66,24
43.28515625,66,24
43.2890625,67,24
43.29296875,67,24
43.296875,67,24
43.30078125,67,24
43.3046875,67,24
43.30859375,68,24
43.3125,67,24
43.31640625,68,24
43.3203125,68,24
43.32421875,68,24
43.328125,68,24
43.33203125,68,24
43.3359375,68,24
43.33984375,69,24
43.34375,69,23
43.34765625,68,24
43.3515625,69,24
43.35546875,69,24
43.359375,69,24
43.36328125,69,24
43.3671875,69,24
43.37109375,69,24
43.375,70,24
43.37890625,70,24
43.3828125,70,25
43.38671875,70,24
43.390625,70,24
43.39453125,71,24
43.3984375,71,24
43.40234375,71,24
43.40625,71,24
43.41015625,71,24
43.4140625,71,24
43.41796875,71,24
43.421875,72,24
43.42578125,72,24
43.4296875,72,25
43.43359375,72,25
43.4375,72,25
43.44140625,72,25
43.4453125,72,25
43.44921875,72,25
43.453125,71,25
43.45703125,72,24
43.4609375,72,25
43.46484375,72,25
43.46875,72,26
43.47265625,72,26
43.4765625,72,26
43.48046875,72,27
43.484375,72,27
43.48828125,72,27
43.4921875,72,26
43.49609375,72,26
43.5,72,25
43.50390625,73,25
43.5078125,73,24
43.51171875,73,25
43.515625,73,25
43.51953125,73,26
43.5234375,73,27
43.52734375,73,28
43.53125,73,29
43.53515625,73,29
43.5390625,74,30
43.54296875,74,30
43.546875,74,31
43.55078125,74,32
43.5546875,75,33
43.55859375,75,33
43.5625,75,35
43.56640625,75,36
43.5703125,75,38
43.57421875,75,39
43.578125,76,40
43.58203125,75,42
43.5859375,76,44
43.58984375,76,45
43.59375,76,47
43.59765625,76,49
43.6015625,76,51
43.60546875,76,53
43.609375,77,56
43.61328125,76,59
43.6171875,77,62
43.62109375,77,65
43.625,77,68
43.62890625,77,70
43.6328125,77,73
43.63671875,77,75
43.640625,77,77
43.64453125,77,78
43.6484375,77,80
43.65234375,77,82
43.65625,77,84
43.66015625,77,87
43.6640625,77,90
43.66796875,77,94
43.671875,77,97
43.67578125,77,101
43.6796875,77,104
43.68359375,77,108
43.6875,77,110
43.69140625,77,111
43.6953125,77,112
43.69921875,77,112
43.703125,77,111
43.70703125,77,110
43.7109375,77,110
43.71484375,77,111
43.71875,77,114
43.72265625,77,117
43.7265625,78,121
43.73046875,77,125
43.734375,77,128
43.73828125,78,130
43.7421875,78,131
43.74609375,77,132
43.75,78,133
43.75390625,77,135
43.7578125,78,136
43.76171875,78,138
43.765625,77,140
43.76953125,77,141
43.7734375,78,142
43.77734375,78,142
43.78125,77,142
43.78515625,77,142
43.7890625,77,142
43.79296875,77,142
43.796875,77,142
43.80078125,77,143
43.8046875,78,144
43.80859375,78,145
43.8125,78,146
43.81640625,78,148
43.8203125,78,149
43.82421875,78,150
43.828125,78,151
43.83203125,78,152
43.8359375,78,153
43.83984375,79,153
43.84375,79,154
43.84765625,78,155
43.8515625,78,155
43.85546875,79,155
43.859375,79,155
43.86328125,79,155
43.8671875,79,156
43.87109375,79,156
43.875,79,156
43.87890625,79,156
43.8828125,79,157
43.88671875,78,158
43.890625,79,158
43.89453125,78,158
43.8984375,78,158
43.90234375,78,159
43.90625,78,159
43.91015625,78,159
43.9140625,78,159
43.91796875,78,159
43.921875,78,159
43.92578125,78,159
43.9296875,78,159
43.93359375,78,160
43.9375,78,160
43.94140625,78,160
43.9453125,78,160
43.94921875,78,161
43.953125,78,161
43.95703125,79,161
43.9609375,78,162
43.96484375,78,163
43.96875,78,163
43.97265625,78,163
43.9765625,78,163
43.98046875,78,163
43.984375,78,164
43.98828125,78,164
43.9921875,77,163
43.99609375,77,163
44.0,77,164
44.00390625,77,164
44.0078125,76,164
44.01171875,76,164
44.015625,76,165
44.01953125,76,165
44.0234375,76,165
44.02734375,76,165
44.03125,76,165
44.03515625,76,165
44.0390625,76,165
44.04296875,76,165
44.046875,76,165
44.05078125,76,166
44.0546875,76,166
44.05859375,76,165
44.0625,76,165
44.06640625,76,166
44.0703125,76,165
44.07421875,76,165
44.078125,76,165
44.08203125,75,166
44.0859375,75,166
44.08984375,75,166
44.09375,75,166
44.09765625,74,167
44.1015625,74,167
44.10546875,74,167
44.109375,74,167
44.11328125,74,167
44.1171875,73,167
44.12109375,73,167
44.125,73,167
44.12890625,73,167
44.1328125,73,167
44.13671875,73,167
44.140625,73,167
44.14453125,73,167
44.1484375,72,167
44.15234375,72,168
44.15625,72,168
44.16015625,72,168
44.1640625,72,168
44.16796875,71,168
44.171875,72,169
44.17578125,72,168
44.1796875,71,168
44.18359375,71,169
44.1875,71,169
44.19140625,71,168
44.1953125,70,168
44.19921875,70,168
44.203125,69,168
44.20703125,69,167
44.2109375,69,167
44.21484375,69,167
44.21875,68,167
44.22265625,68,168
44.2265625,68,169
44.23046875,68,170
44.234375,68,171
44.23828125,68,171
44.2421875,68,171
44.24609375,68,170
44.25,68,170
44.25390625,68,170
44.2578125,68,169
44.26171875,68,169
44.265625,68,170
44.26953125,67,170
44.2734375,67,170
44.27734375,67,170
44.28125,67,170
44.28515625,67,170
44.2890625,67,170
44.29296875,67,170
44.296875,67,170
44.30078125,67,171
44.3046875,67,171
44.30859375,66,170
44.3125,66,170
44.31640625,65,170
44.3203125,65,170
44.32421875,65,170
44.328125,65,170
44.33203125,65,170
44.3359375,65,170
44.33984375,64,170
44.34375,64,170
44.34765625,64,170
44.3515625,63,170
44.35546875,63,170
44.359375,63,170
44.36328125,63,170
44.3671875,63,171
44.37109375,63,171
44.375,63,171
44.37890625,63,171
44.3828125,63,172
44.38671875,63,171
44.390625,63,171
44.39453125,63,170
44.3984375,63,170
44.40234375,63,170
44.40625,63,170
44.41015625,63,170
44.4140625,63,170
44.41796875,63,171
44.421875,63,171
44.42578125,63,171
44.4296875,62,171
44.43359375,62,171
44.4375,62,171
44.44140625,62,170
44.4453125,62,170
44.44921875,61,171
44.453125,61,171
44.45703125,62,171
44.4609375,62,171
44.46484375,62,171
44.46875,62,171
44.47265625,62,171
44.4765625,62,172
44.48046875,62,172
44.484375,62,173
44.48828125,62,173
44.4921875,62,172
44.49609375,62,172
44.5,62,171
44.50390625,62,171
44.5078125,63,170
44.51171875,62,170
44.515625,62,170
44.51953125,62,171
44.5234375,62,171
44.52734375,62,172
44.53125,62,173
44.53515625,61,173
44.5390625,62,173
44.54296875,61,173
44.546875,61,172
44.55078125,61,173
44.5546875,61,172
44.55859375,61,172
44.5625,60,172
44.56640625,60,173
44.5703125,60,173
44.57421875,61,172
44.578125,61,172
44.58203125,61,172
44.5859375,61,172
44.58984375,61,171
44.59375,61,170
44.59765625,61,170
44.6015625,61,170
44.60546875,61,170
44.609375,61,170
44.61328125,61,171
44.6171875,61,171
44.62109375,61,172
44.625,61,172
44.62890625,60,172
44.6328125,60,173
44.63671875,60,173
44.640625,60,172
44.64453125,60,172
44.6484375,60,172
44.65234375,60,172
44.65625,61,172
44.66015625,60,172
44.6640625,60,172
44.66796875,60,173
44.671875,60,173
44.67578125,60,173
44.6796875,60,173
44.68359375,60,173
44.6875,60,173
44.69140625,60,173
44.6953125,60,173
44.69921875,60,173
44.703125,60,173
44.70703125,60,173
44.7109375,60,172
44.71484375,60,173
44.71875,60,172
44.72265625,61,172
44.7265625,61,172
44.73046875,60,172
44.734375,60,172
44.73828125,60,172
44.7421875,60,172
44.74609375,60,172
44.75,60,172
44.75390625,60,172
44.7578125,60,172
44.76171875,60,172
44.765625,59,172
44.76953125,59,172
44.7734375,59,172
44.77734375,59,172
44.78125,59,172
44.78515625,59,172
44.7890625,59,172
44.79296875,59,172
44.796875,59,172
44.80078125,59,172
44.8046875,59,172
44.80859375,59,172
44.8125,58,172
44.81640625,59,172
44.8203125,59,173
44.82421875,59,172
44.828125,59,172
44.83203125,59,172
44.8359375,59,172
44.83984375,59,172
44.84375,59,173
44.84765625,59,173
44.8515625,59,174
44.85546875,59,174
44.859375,59,173
44.86328125,59,174
44.8671875,59,174
44.87109375,59,173
44.875,59,173
44.87890625,59,172
44.8828125,59,173
44.88671875,59,172
44.890625,59,172
44.89453125,58,172
44.8984375,58,173
44.90234375,58,173
44.90625,58,172
44.91015625,58,173
44.9140625,58,172
44.91796875,58,173
44.921875,58,173
44.92578125,59,172
44.9296875,58,172
44.93359375,59,172
44.9375,59,172
44.94140625,59,172
44.9453125,59,172
44.94921875,59,172
44.953125,59,172
44.95703125,59,172
44.9609375,59,172
44.96484375,59,172
44.96875,59,172
44.97265625,59,172
44.9765625,59,172
44.98046875,58,172
44.984375,58,172
44.98828125,58,172
44.9921875,58,172
44.99609375,58,172
45.0,58,172
45.00390625,57,172
45.0078125,57,172
45.01171875,57,172
45.015625,57,173
45.01953125,57,172
45.0234375,57,172
45.02734375,57,172
45.03125,57,173
45.03515625,57,173
45.0390625,57,173
45.04296875,57,172
45.046875,57,172
45.05078125,57,173
45.0546875,58,172
45.05859375,58,172
45.0625,58,173
45.06640625,58,173
45.0703125,58,173
45.07421875,58,173
45.078125,58,174
45.08203125,58,174
45.0859375,58,174
45.08984375,58,174
45.09375,58,174
45.09765625,58,174
45.1015625,58,174
45.10546875,58,174
45.109375,58,174
45.11328125,57,174
45.1171875,57,174
45.12109375,57,174
45.125,57,173
45.12890625,57,172
45.1328125,57,172
45.13671875,57,172
45.140625,57,172
45.14453125,57,172
45.1484375,57,172
45.15234375,57,173
45.15625,57,173
45.16015625,57,173
45.1640625,57,173
45.16796875,57,173
45.171875,57,173
45.17578125,57,173
45.1796875,57,172
45.18359375,57,172
45.1875,58,172
45.19140625,57,172
45.1953125,57,171
45.19921875,57,172
45.203125,57,172
45.20703125,57,172
45.2109375,57,172
45.21484375,56,172
45.21875,56,172
45.22265625,56,172
45.2265625,56,172
45.23046875,56,172
45.234375,56,173
45.23828125,56,172
45.2421875,56,172
45.24609375,56,172
45.25,56,173
45.25390625,56,173
45.2578125,57,173
45.26171875,57,173
45.265625,56,174
45.26953125,56,174
45.2734375,57,174
45.27734375,57,174
45.28125,57,175
45.28515625,57,174
45.2890625,57,174
45.29296875,57,173
45.296875,56,173
45.30078125,56,173
45.3046875,56,173
45.30859375,57,172
45.3125,57,173
45.31640625,56,174
45.3203125,56,174
45.32421875,56,174
45.328125,56,173
45.33203125,56,174
45.3359375,56,174
45.33984375,56,173
45.34375,56,173
45.34765625,56,174
45.3515625,56,174
45.35546875,57,174
45.359375,57,173
45.36328125,56,173
45.3671875,56,173
45.37109375,56,173
45.375,56,172
45.37890625,56,173
45.3828125,56,173
45.38671875,57,174
45.390625,57,174
45.39453125,57,174
45.3984375,57,175
45.40234375,57,174
45.40625,57,174
45.41015625,57,173
45.4140625,57,173
45.41796875,57,173
45.421875,57,173
45.42578125,57,173
45.4296875,57,174
45.43359375,57,174
45.4375,57,174
45.44140625,57,173
45.4453125,57,173
45.44921875,57,173
45.453125,57,173
45.45703125,57,173
45.4609375,57,173
45.46484375,56,173
45.46875,57,173
45.47265625,57,173
45.4765625,57,173
45.48046875,57,173
45.484375,57,174
45.48828125,57,174
45.4921875,57,174
45.49609375,57,174
45.5,57,174
45.50390625,57,174
45.5078125,58,173
45.51171875,58,173
45.515625,57,173
45.51953125,57,173
45.5234375,57,173
45.52734375,57,173
45.53125,57,174
45.53515625,57,175
45.5390625,57,175
45.54296875,57,174
45.546875,57,174
45.55078125,57,174
45.5546875,57,174
45.55859375,56,174
45.5625,57,174
45.56640625,56,174
45.5703125,56,174
45.57421875,57,174
45.578125,56,174
45.58203125,56,174
45.5859375,56,174
45.58984375,56,174
45.59375,56,173
45.59765625,56,174
45.6015625,56,173
45.60546875,57,172
45.609375,57,172
45.61328125,57,172
45.6171875,57,172
45.62109375,57,173
45.625,57,173
45.62890625,57,174
45.6328125,56,175
45.63671875,56,175
45.640625,56,175
45.64453125,56,175
45.6484375,56,175
45.65234375,56,175
45.65625,56,174
45.66015625,56,174
45.6640625,55,174
45.66796875,55,175
45.671875,56,175
45.67578125,56,175
45.6796875,55,175
45.68359375,55,175
45.6875,56,175
45.69140625,56,175
45.6953125,56,174
45.69921875,56,175
45.703125,55,175
45.70703125,56,174
45.7109375,56,174
45.71484375,56,175
45.71875,55,175
45.72265625,56,175
45.7265625,56,174
45.73046875,55,174
45.734375,55,174
45.73828125,55,174
45.7421875,55,174
45.74609375,54,174
45.75,54,174
45.75390625,54,175
45.7578125,55,174
45.76171875,55,174
45.765625,54,174
45.76953125,54,174
45.7734375,54,174
45.77734375,54,174
45.78125,54,174
45.78515625,54,174
45.7890625,54,174
45.79296875,54,174
45.796875,54,174
45.80078125,54,174
45.8046875,54,174
45.80859375,54,174
45.8125,54,174
45.81640625,54,174
45.8203125,54,174
45.82421875,54,174
45.828125,54,174
45.83203125,53,174
45.8359375,53,174
45.83984375,53,173
45.84375,53,172
45.84765625,52,171
45.8515625,52,168
45.85546875,52,164
45.859375,52,156
45.86328125,51,147
45.8671875,51,137
45.87109375,51,125
45.875,51,114
45.87890625,50,105
45.8828125,50,97
45.88671875,50,91
45.890625,49,85
45.89453125,49,79
45.8984375,49,73
45.90234375,48,66
45.90625,49,57
45.91015625,49,50
45.9140625,48,44
45.91796875,48,39
45.921875,48,37
45.92578125,48,35
45.9296875,48,34
45.93359375,48,34
45.9375,48,33
45.94140625,48,31
45.9453125,48,29
45.94921875,48,28
45.953125,48,26
45.95703125,47,25
45.9609375,47,25
45.96484375,47,25
45.96875,47,25
45.97265625,47,24
45.9765625,47,25
45.98046875,46,25
45.984375,46,25
45.98828125,46,24
45.9921875,45,24
45.99609375,45,24
46.0,44,24
46.00390625,44,24
46.0078125,44,24
46.01171875,44,24
46.015625,44,25
46.01953125,44,25
46.0234375,44,25
46.02734375,44,24
46.03125,43,25
46.03515625,43,25
46.0390625,43,24
46.04296875,43,24
46.046875,43,24
46.05078125,43,24
46.0546875,43,24
46.05859375,43,24
46.0625,43,24
46.06640625,43,24
46.0703125,43,24
46.07421875,43,24
46.078125,43,24
46.08203125,43,24
46.0859375,43,24
46.08984375,43,24
46.09375,43,24
46.09765625,43,23
46.1015625,43,24
46.10546875,42,24
46.109375,42,24
46.11328125,40,24
46.1171875,40,24
46.12109375,39,25
46.125,39,24
46.12890625,39,24
46.1328125,38,25
46.13671875,39,25
46.140625,39,24
46.14453125,40,24
46.1484375,40,24
46.15234375,40,24
46.15625,40,24
46.16015625,40,24
46.1640625,40,24
46.16796875,39,24
46.171875,39,24
46.17578125,39,23
46.1796875,38,24
46.18359375,38,24
46.1875,38,24
46.19140625,38,24
46.1953125,38,24
46.19921875,37,24
46.203125,37,24
46.20703125,37,24
46.2109375,37,24
46.21484375,37,24
46.21875,36,24
46.22265625,36,23
46.2265625,36,24
46.23046875,36,24
46.234375,36,24
46.23828125,36,24
46.2421875,36,24
46.24609375,36,24
46.25,36,24
46.25390625,35,24
46.2578125,36,24
46.26171875,36,24
46.265625,36,25
46.26953125,36,25
46.2734375,36,24
46.27734375,36,24
46.28125,36,25
46.28515625,36,24
46.2890625,36,24
46.29296875,35,24
46.296875,35,24
46.30078125,35,25
46.3046875,35,24
46.30859375,35,24
46.3125,34,24
46.31640625,34,24
46.3203125,34,24
46.32421875,34,24
46.328125,34,24
46.33203125,33,24
46.3359375,33,24
46.33984375,34,24
46.34375,34,24
46.34765625,34,23
46.3515625,33,24
46.35546875,34,24
46.359375,34,24
46.36328125,34,24
46.3671875,34,24
46.37109375,34,24
46.375,34,24
46.37890625,34,24
46.3828125,34,24
46.38671875,34,24
46.390625,34,24
46.39453125,34,24
46.3984375,34,24
46.40234375,33,24
46.40625,34,24
46.41015625,33,24
46.4140625,33,24
46.41796875,33,24
46.421875,33,24
46.42578125,33,24
46.4296875,33,24
46.43359375,33,24
46.4375,33,24
46.44140625,33,24
46.4453125,32,24
46.44921875,32,24
46.453125,32,25
46.45703125,32,24
46.4609375,32,24
46.46484375,32,25
46.46875,32,25
46.47265625,32,24
46.4765625,32,24
46.48046875,32,25
46.484375,32,25
46.48828125,33,25
46.4921875,33,24
46.49609375,33,24
46.5,33,24
46.50390625,33,24
46.5078125,33,24
46.51171875,33,24
46.515625,33,24
46.51953125,33,24
46.5234375,33,24
46.52734375,33,24
46.53125,32,24
46.53515625,33,24
46.5390625,33,24
46.54296875,33,24
46.546875,32,24
46.55078125,32,24
46.5546875,32,24
46.55859375,32,24
46.5625,32,24
46.56640625,32,24
46.5703125,32,24
46.57421875,32,24
46.578125,32,24
46.58203125,32,24
46.5859375,32,24
46.58984375,32,24
46.59375,32,24
46.59765625,31,24
46.6015625,31,24
46.60546875,31,24
46.609375,31,24
46.61328125,31,24
46.6171875,31,24
46.62109375,31,24
46.625,31,24
46.62890625,30,24
46.6328125,30,24
46.63671875,30,24
46.640625,30,24
46.64453125,30,24
46.6484375,30,24
46.65234375,30,25
46.65625,30,24
46.66015625,30,24
46.6640625,30,24
46.66796875,29,24
46.671875,30,24
46.67578125,30,24
46.6796875,30,24
46.68359375,30,25
46.6875,30,25
46.69140625,31,24
46.6953125,31,24
46.69921875,31,25
46.703125,32,25
46.70703125,32,24
46.7109375,32,24
46.71484375,32,24
46.71875,32,24
46.72265625,33,24
46.7265625,33,24
46.73046875,33,24
46.734375,33,24
46.73828125,34,24
46.7421875,34,24
46.74609375,34,23
46.75,34,24
46.75390625,33,24
46.7578125,34,24
46.76171875,33,24
46.765625,33,24
46.76953125,33,24
46.7734375,33,24
46.77734375,33,24
46.78125,33,24
46.78515625,33,24
46.7890625,33,24
46.79296875,33,24
46.796875,32,24
46.80078125,32,24
46.8046875,33,24
46.80859375,33,24
46.8125,33,24
46.81640625,33,25
46.8203125,33,25
46.82421875,33,24
46.828125,33,24
46.83203125,33,24
46.8359375,33,25
46.83984375,34,24
46.84375,34,24
46.84765625,34,24
46.8515625,34,24
46.85546875,35,24
46.859375,35,24
46.86328125,34,24
46.8671875,34,24
46.87109375,35,24
46.875,35,24
46.87890625,35,24
46.8828125,34,25
46.88671875,34,25
46.890625,35,24
46.89453125,35,24
46.8984375,35,25
46.90234375,35,24
46.90625,35,24
46.91015625,35,24
46.9140625,35,24
46.91796875,35,24
46.921875,35,24
46.92578125,35,24
46.9296875,35,24
46.93359375,35,24
46.9375,35,24
46.94140625,36,24
46.9453125,36,24
46.94921875,36,24
46.953125,36,24
46.95703125,37,24
46.9609375,37,24
46.96484375,36,24
46.96875,36,24
46.97265625,37,24
46.9765625,37,24
46.98046875,36,24
46.984375,36,24
46.98828125,37,24
46.9921875,37,24
46.99609375,37,24
47.0,37,24
47.00390625,37,24
47.0078125,38,24
47.01171875,38,24
47.015625,38,24
47.01953125,38,24
47.0234375,38,24
47.02734375,38,24
47.03125,38,24
47.03515625,38,24
47.0390625,39,24
47.04296875,39,24
47.046875,39,24
47.05078125,39,24
47.0546875,40,23
47.05859375,40,23
47.0625,39,23
47.06640625,39,23
47.0703125,39,24
47.07421875,39,24
47.078125,39,24
47.08203125,39,25
47.0859375,39,25
47.08984375,39,24
47.09375,39,24
47.09765625,39,24
47.1015625,39,24
47.10546875,39,24
47.109375,39,24
47.11328125,39,24
47.1171875,39,24
47.12109375,39,24
47.125,39,24
47.12890625,39,24
47.1328125,39,25
47.13671875,39,24
47.140625,39,24
47.14453125,39,24
47.1484375,39,24
47.15234375,39,24
47.15625,40,24
47.16015625,40,24
47.1640625,40,23
47.16796875,40,24
47.171875,40,24
47.17578125,40,23
47.1796875,40,23
47.18359375,40,24
47.1875,40,24
47.19140625,40,24
47.1953125,40,24
47.19921875,40,24
47.203125,40,24
47.20703125,40,24
47.2109375,40,24
47.21484375,39,24
47.21875,39,24
47.22265625,39,24
47.2265625,39,24
47.23046875,39,24
47.234375,40,24
47.23828125,40,24
47.2421875,40,24
47.24609375,40,24
47.25,40,24
47.25390625,40,24
47.2578125,40,24
47.26171875,40,24
47.265625,40,24
47.26953125,40,25
47.2734375,40,24
47.27734375,40,24
47.28125,40,24
47.28515625,40,24
47.2890625,41,24
47.29296875,41,24
47.296875,41,24
47.30078125,41,25
47.3046875,41,24
47.30859375,41,24
47.3125,41,24
47.31640625,41,24
47.3203125,41,24
47.32421875,41,24
47.328125,41,24
47.33203125,41,24
47.3359375,41,24
47.33984375,42,23
47.34375,42,23
47.34765625,42,23
47.3515625,42,24
47.35546875,42,24
47.359375,42,24
47.36328125,42,24
47.3671875,42,24
47.37109375,43,24
47.375,43,24
47.37890625,43,24
47.3828125,43,24
47.38671875,44,24
47.390625,44,24
47.39453125,44,24
47.3984375,44,24
47.40234375,44,24
47.40625,44,24
47.41015625,45,24
47.4140625,45,24
47.41796875,45,24
47.421875,46,24
47.42578125,46,24
47.4296875,46,24
47.43359375,46,24
47.4375,46,24
47.44140625,46,24
47.4453125,47,24
47.44921875,47,25
47.453125,47,25
47.45703125,47,24
47.4609375,48,24
47.46484375,48,24
47.46875,48,24
47.47265625,48,24
47.4765625,48,24
47.48046875,48,24
47.484375,49,24
47.48828125,49,24
47.4921875,50,24
47.49609375,50,24
47.5,50,24
47.50390625,51,24
47.5078125,51,24
47.51171875,51,24
47.515625,51,24
47.51953125,52,24
47.5234375,53,24
47.52734375,54,24
47.53125,54,24
47.53515625,55,24
47.5390625,56,24
47.54296875,56,24
47.546875,57,24
47.55078125,58,24
47.5546875,58,24
47.55859375,59,24
47.5625,59,24
47.56640625,59,24
47.5703125,60,24
47.57421875,60,23
47.578125,61,23
47.58203125,61,23
47.5859375,61,23
47.58984375,61,23
47.59375,61,24
47.59765625,61,24
47.6015625,62,24
47.60546875,62,24
47.609375,63,24
47.61328125,62,24
47.6171875,62,24
47.62109375,62,24
47.625,63,23
47.62890625,63,23
47.6328125,62,24
47.63671875,63,24
47.640625,63,24
47.64453125,63,24
47.6484375,63,24
47.65234375,63,24
47.65625,63,24
47.66015625,63,24
47.6640625,63,24
47.66796875,63,24
47.671875,63,25
47.67578125,64,24
47.6796875,63,24
47.68359375,64,25
47.6875,64,25
47.69140625,64,24
47.6953125,64,24
47.69921875,64,25
47.703125,64,25
47.70703125,65,24
47.7109375,65,24
47.71484375,65,24
47.71875,66,24
47.72265625,66,24
47.7265625,66,24
47.73046875,66,24
47.734375,66,24
47.73828125,66,24
47.7421875,66,24
47.74609375,66,24
47.75,66,24
47.75390625,67,24
47.7578125,67,24
47.76171875,67,24
47.765625,67,24
47.76953125,67,24
47.7734375,68,24
47.77734375,68,24
47.78125,68,24
47.78515625,68,24
47.7890625,68,24
47.79296875,68,24
47.796875,69,24
47.80078125,69,24
47.8046875,69,24
47.80859375,69,24
47.8125,69,24
47.81640625,69,25
47.8203125,69,25
47.82421875,69,24
47.828125,70,24
47.83203125,70,25
47.8359375,70,24
47.83984375,70,24
47.84375,70,24
47.84765625,70,24
47.8515625,70,25
47.85546875,71,24
47.859375,71,24
47.86328125,71,24
47.8671875,71,25
47.87109375,71,25
47.875,71,24
47.87890625,71,24
47.8828125,71,24
47.88671875,71,24
47.890625,72,24
47.89453125,72,24
47.8984375,72,25
47.90234375,72,25
47.90625,73,25
47.91015625,73,26
47.9140625,73,26
47.91796875,72,27
47.921875,73,27
47.92578125,73,26
47.9296875,73,26
47.93359375,73,26
47.9375,73,26
47.94140625,74,26
47.9453125,74,26
47.94921875,73,26
47.953125,73,26
47.95703125,74,26
47.9609375,74,26
47.96484375,74,26
47.96875,74,27
47.97265625,74,27
47.9765625,74,27
47.98046875,74,28
47.984375,74,29
47.98828125,74,30
47.9921875,74,31
47.99609375,74,31
48.0,74,32
48.00390625,74,33
48.0078125,75,33
48.01171875,75,34
48.015625,75,36
48.01953125,75,37
48.0234375,75,38
48.02734375,75,39
48.03125,75,41
48.03515625,76,43
48.0390625,76,44
48.04296875,76,45
48.046875,76,47
48.05078125,77,48
48.0546875,77,50
48.05859375,77,51
48.0625,77,53
48.06640625,77,54
48.0703125,77,56
48.07421875,77,57
48.078125,77,60
48.08203125,77,63
48.0859375,77,67
48.08984375,77,71
48.09375,77,75
48.09765625,77,79
48.1015625,77,83
48.10546875,77,85
48.109375,77,86
48.11328125,77,87
48.1171875,77,88
48.12109375,78,89
48.125,78,92
48.12890625,78,95
48.1328125,77,99
48.13671875,77,103
48.140625,77,106
48.14453125,77,108
48.1484375,77,110
48.15234375,77,111
48.15625,78,111
48.16015625,79,111
48.1640625,78,112
48.16796875,78,114
48.171875,78,116
48.17578125,78,119
48.1796875,78,123
48.18359375,78,127
48.1875,78,131
48.19140625,78,133
48.1953125,78,135
48.19921875,78,136
48.203125,78,136
48.20703125,78,135
48.2109375,78,135
48.21484375,77,136
48.21875,77,138
48.22265625,78,139
48.2265625,78,140
48.23046875,78,141
48.234375,78,142
48.23828125,78,142
48.2421875,78,142
48.24609375,79,143
48.25,78,144
48.25390625,78,145
48.2578125,79,146
48.26171875,79,148
48.265625,78,150
48.26953125,79,151
48.2734375,79,152
48.27734375,79,153
48.28125,78,154
48.28515625,78,155
48.2890625,79,155
48.29296875,78,156
48.296875,78,156
48.30078125,78,157
48.3046875,78,158
48.30859375,78,158
48.3125,78,158
48.31640625,78,159
48.3203125,78,159
48.32421875,78,158
48.328125,78,158
48.33203125,78,158
48.3359375,78,158
48.33984375,78,157
48.34375,78,157
48.34765625,78,158
48.3515625,78,159
48.35546875,78,160
48.359375,78,161
48.36328125,78,163
48.3671875,77,164
48.37109375,78,165
48.375,78,164
48.37890625,78,164
48.3828125,77,163
48.38671875,77,163
48.390625,77,162
48.39453125,77,162
48.3984375,77,163
48.40234375,77,164
48.40625,77,164
48.41015625,77,165
48.4140625,77,165
48.41796875,76,166
48.421875,77,166
48.42578125,76,166
48.4296875,76,166
48.43359375,76,165
48.4375,76,165
48.44140625,76,165
48.4453125,76,164
48.44921875,76,165
48.453125,76,165
48.45703125,76,164
48.4609375,76,165
48.46484375,75,166
48.46875,75,166
48.47265625,75,167
48.4765625,75,167
48.48046875,75,167
48.484375,75,167
48.48828125,75,167
48.4921875,76,167
48.49609375,76,167
48.5,75,167
48.50390625,75,167
48.5078125,75,166
48.51171875,75,166
48.515625,74,166
48.51953125,74,167
48.5234375,74,166
48.52734375,74,166
48.53125,74,167
48.53515625,73,167
48.5390625,73,168
48.54296875,73,168
48.546875,73,168
48.55078125,72,169
48.5546875,72,169
48.55859375,72,169
48.5625,72,168
48.56640625,72,168
48.5703125,72,168
48.57421875,72,167
48.578125,72,167
48.58203125,71,168
48.5859375,71,168
48.58984375,72,168
48.59375,72,168
48.59765625,71,168
48.6015625,71,168
48.60546875,72,167
48.609375,71,167
48.61328125,71,167
48.6171875,71,168
48.62109375,71,168
48.625,71,168
48.62890625,70,169
48.6328125,70,169
48.63671875,70,170
48.640625,70,170
48.64453125,70,170
48.6484375,69,170
48.65234375,69,170
48.65625,69,169
48.66015625,69,169
48.6640625,69,169
48.66796875,69,169
48.671875,69,170
48.67578125,69,170
48.6796875,69,170
48.68359375,69,171
48.6875,69,171
48.69140625,69,171
48.6953125,69,171
48.69921875,68,171
48.703125,68,171
48.70703125,69,170
48.7109375,68,170
48.71484375,68,170
48.71875,68,171
48.72265625,68,170
48.7265625,68,170
48.73046875,68,170
48.734375,67,171
48.73828125,68,171
48.7421875,67,170
48.74609375,67,170
48.75,67,170
48.75390625,67,170
48.7578125,67,170
48.76171875,67,170
48.765625,66,170
48.76953125,66,170
48.7734375,66,170
48.77734375,66,170
48.78125,66,171
48.78515625,66,170
48.7890625,66,170
48.79296875,66,170
48.796875,66,170
48.80078125,66,170
48.8046875,66,170
48.80859375,66,170
48.8125,66,170
48.81640625,65,171
48.8203125,65,171
48.82421875,66,170
48.828125,66,170
48.83203125,65,170
48.8359375,65,170
48.83984375,65,170
48.84375,65,170
48.84765625,65,170
48.8515625,65,171
48.85546875,65,171
48.859375,65,170
48.86328125,64,170
48.8671875,64,171
48.87109375,64,171
48.875,64,171
48.87890625,64,171
48.8828125,63,172
48.88671875,63,172
48.890625,64,171
48.89453125,64,171
48.8984375,63,171
48.90234375,63,171
48.90625,64,171
48.91015625,63,171
48.9140625,63,171
48.91796875,63,172
48.921875,63,172
48.92578125,63,172
48.9296875,63,172
48.93359375,63,172
48.9375,64,172
48.94140625,64,171
48.9453125,63,171
48.94921875,63,171
48.953125,63,171
48.95703125,63,171
48.9609375,63,172
48.96484375,62,172
48.96875,62,172
48.97265625,62,172
48.9765625,62,172
48.98046875,62,172
48.984375,62,172
48.98828125,62,172
48.9921875,62,172
48.99609375,62,172
49.0,62,172
49.00390625,62,173
49.0078125,62,172
49.01171875,62,172
49.015625,62,173
49.01953125,62,173
49.0234375,62,172
49.02734375,62,171
49.03125,62,171
49.03515625,62,171
49.0390625,62,171
49.04296875,62,171
49.046875,62,171
49.05078125,62,172
49.0546875,62,172
49.05859375,62,172
49.0625,62,173
49.06640625,62,173
49.0703125,62,173
49.07421875,62,172
49.078125,62,172
49.08203125,61,173
49.0859375,61,173
49.08984375,62,173
49.09375,61,172
49.09765625,61,172
49.1015625,61,173
49.10546875,61,173
49.109375,61,172
49.11328125,61,173
49.1171875,61,173
49.12109375,61,173
49.125,61,172
49.12890625,61,172
49.1328125,61,173
49.13671875,61,173
49.140625,61,172
49.14453125,61,172
49.1484375,61,173
49.15234375,61,173
49.15625,61,172
49.16015625,62,173
49.1640625,61,173
49.16796875,61,173
49.171875,61,173
49.17578125,61,172
49.1796875,61,172
49.18359375,61,173
49.1875,61,173
49.19140625,61,172
49.1953125,61,172
49.19921875,60,172
49.203125,59,172
49.20703125,59,172
49.2109375,59,172
49.21484375,58,172
49.21875,58,172
49.22265625,58,173
49.2265625,59,172
49.23046875,58,172
49.234375,59,173
49.23828125,59,173
49.2421875,59,173
49.24609375,59,173
49.25,58,174
49.25390625,58,174
49.2578125,59,174
49.26171875,59,174
49.265625,58,174
49.26953125,59,174
49.2734375,59,173
49.27734375,59,173
49.28125,59,173
49.28515625,59,174
49.2890625,59,174
49.29296875,59,173
49.296875,59,174
49.30078125,59,174
49.3046875,59,174
49.30859375,59,174
49.3125,58,174
49.31640625,58,175
49.3203125,58,175
49.32421875,58,174
49.328125,58,174
49.33203125,58,174
49.3359375,58,174
49.33984375,58,174
49.34375,58,174
49.34765625,58,174
49.3515625,58,174
49.35546875,58,174
49.359375,58,173
49.36328125,58,173
49.3671875,58,173
49.37109375,58,172
49.375,58,172
49.37890625,59,172
49.3828125,58,172
49.38671875,58,172
49.390625,58,172
49.39453125,58,172
49.3984375,57,173
49.40234375,57,173
49.40625,57,172
49.41015625,57,173
49.4140625,57,173
49.41796875,57,174
49.421875,57,175
49.42578125,56,175
49.4296875,56,176
49.43359375,55,176
49.4375,55,176
49.44140625,56,175
49.4453125,56,174
49.44921875,55,174
49.453125,55,174
49.45703125,56,174
49.4609375,55,173
49.46484375,55,174
49.46875,55,173
49.47265625,55,173
49.4765625,55,173
49.48046875,54,173
49.484375,54,173
49.48828125,54,173
49.4921875,54,173
49.49609375,54,174
49.5,54,174
49.50390625,54,175
49.5078125,54,174
49.51171875,54,172
49.515625,53,170
49.51953125,53,167
49.5234375,53,161
49.52734375,53,152
49.53125,52,141
49.53515625,52,129
49.5390625,52,115
49.54296875,52,102
49.546875,52,92
49.55078125,52,86
49.5546875,52,83
49.55859375,52,83
49.5625,51,85
49.56640625,51,89
49.5703125,51,92
49.57421875,51,93
49.578125,51,92
49.58203125,51,89
49.5859375,51,82
49.58984375,51,72
49.59375,50,61
49.59765625,50,50
49.6015625,50,40
49.60546875,49,32
49.609375,49,27
49.61328125,48,24
49.6171875,48,24
49.62109375,48,24
49.625,48,24
49.62890625,48,25
49.6328125,47,25
49.63671875,47,25
49.640625,47,24
49.64453125,47,24
49.6484375,46,24
49.65234375,46,24
49.65625,46,24
49.66015625,45,24
49.6640625,45,24
49.66796875,45,25
49.671875,45,25
49.67578125,45,24
49.6796875,44,24
49.68359375,44,24
49.6875,44,24
49.69140625,44,24
49.6953125,44,24
49.69921875,44,25
49.703125,44,25
49.70703125,44,24
49.7109375,44,24
49.71484375,43,24
49.71875,43,24
49.72265625,43,24
49.7265625,43,24
49.73046875,43,24
49.734375,43,24
49.73828125,43,24
49.7421875,43,24
49.74609375,42,24
49.75,42,24
49.75390625,42,24
49.7578125,42,24
49.76171875,42,24
49.765625,41,24
49.76953125,41,24
49.7734375,41,24
49.77734375,41,24
49.78125,41,24
49.78515625,41,24
49.7890625,41,24
49.79296875,41,24
49.796875,40,24
49.80078125,40,24
49.8046875,40,24
49.80859375,40,24
49.8125,40,24
49.81640625,40,24
49.8203125,40,24
49.82421875,40,24
49.828125,40,24
49.83203125,39,24
49.8359375,39,24
49.83984375,39,24
49.84375,39,24
49.84765625,38,24
49.8515625,38,24
49.85546875,38,24
49.859375,38,23
49.86328125,38,23
49.8671875,38,23
49.87109375,37,24
49.875,37,24
49.87890625,37,24
49.8828125,37,25
49.88671875,37,25
49.890625,37,25
49.89453125,37,24
49.8984375,37,25
49.90234375,37,24
49.90625,37,24
49.91015625,37,24
49.9140625,37,24
49.91796875,36,24
49.921875,36,24
49.92578125,36,24
49.9296875,36,24
49.93359375,36,24
49.9375,36,24
49.94140625,36,24
49.9453125,36,24
49.94921875,36,24
49.953125,36,24
49.95703125,37,24
49.9609375,36,24
49.96484375,36,24
49.96875,36,24
49.97265625,36,24
49.9765625,36,24
49.98046875,35,24
49.984375,35,24
49.98828125,35,24
49.9921875,35,24
49.99609375,35,24
50.0,35,24
50.00390625,35,24
50.0078125,35,24
50.01171875,35,24
50.015625,34,24
50.01953125,34,24
50.0234375,35,24
50.02734375,34,24
50.03125,34,24
50.03515625,34,24
50.0390625,34,24
50.04296875,34,24
50.046875,34,24
50.05078125,34,24
50.0546875,34,24
50.05859375,34,24
50.0625,34,24
50.06640625,34,24
50.0703125,34,24
50.07421875,35,24
50.078125,35,24
50.08203125,34,25
50.0859375,34,24
50.08984375,35,24
50.09375,35,24
50.09765625,34,24
50.1015625,34,25
50.10546875,35,25
50.109375,35,24
50.11328125,35,24
50.1171875,35,25
50.12109375,35,25
50.125,35,24
50.12890625,35,24
50.1328125,35,24
50.13671875,34,24
50.140625,35,24
50.14453125,34,24
50.1484375,34,24
50.15234375,34,24
50.15625,35,24
50.16015625,34,24
50.1640625,34,23
50.16796875,34,24
50.171875,34,24
50.17578125,34,23
50.1796875,33,24
50.18359375,33,24
50.1875,33,24
50.19140625,33,24
50.1953125,33,24
50.19921875,32,24
50.203125,32,24
50.20703125,32,24
50.2109375,32,24
50.21484375,32,24
50.21875,32,24
50.22265625,32,24
50.2265625,32,24
50.23046875,31,24
50.234375,32,24
50.23828125,32,24
50.2421875,32,24
50.24609375,32,24
50.25,32,24
50.25390625,32,24
50.2578125,32,24
50.26171875,32,24
50.265625,32,24
50.26953125,32,25
50.2734375,32,24
50.27734375,32,24
50.28125,32,24
50.28515625,33,25
50.2890625,33,25
50.29296875,33,24
50.296875,32,24
50.30078125,32,25
50.3046875,32,24
50.30859375,32,24
50.3125,32,24
50.31640625,32,24
50.3203125,32,24
50.32421875,32,24
50.328125,32,24
50.33203125,32,24
50.3359375,32,24
50.33984375,32,24
50.34375,32,23
50.34765625,32,23
50.3515625,32,23
50.35546875,32,23
50.359375,32,23
50.36328125,31,23
50.3671875,32,24
50.37109375,31,24
50.375,32,24
50.37890625,32,24
50.3828125,31,25
50.38671875,31,24
50.390625,32,24
50.39453125,32,24
50.3984375,32,24
50.40234375,32,24
50.40625,32,24
50.41015625,32,24
50.4140625,32,24
50.41796875,32,24
50.421875,32,24
50.42578125,32,24
50.4296875,32,24
50.43359375,32,24
50.4375,32,24
50.44140625,32,24
50.4453125,32,24
50.44921875,32,24
50.453125,32,24
50.45703125,32,24
50.4609375,32,24
50.46484375,32,25
50.46875,32,25
50.47265625,32,25
50.4765625,32,24
50.48046875,32,24
50.484375,32,24
50.48828125,33,24
50.4921875,33,24
50.49609375,32,24
50.5,32,24
50.50390625,32,24
50.5078125,32,24
50.51171875,32,24
50.515625,31,24
50.51953125,31,24
50.5234375,31,24
50.52734375,31,24
50.53125,30,24
50.53515625,30,24
50.5390625,30,24
50.54296875,29,24
50.546875,29,24
50.55078125,29,24
50.5546875,29,24
50.55859375,29,24
50.5625,30,24
50.56640625,30,24
50.5703125,30,24
50.57421875,30,24
50.578125,30,24
50.58203125,30,24
50.5859375,30,24
50.58984375,30,24
50.59375,31,24
50.59765625,31,23
50.6015625,31,24
50.60546875,31,24
50.609375,31,23
50.61328125,31,24
50.6171875,31,24
50.62109375,31,24
50.625,31,24
50.62890625,31,24
50.6328125,31,24
50.63671875,31,24
50.640625,31,24
50.64453125,31,24
50.6484375,31,24
50.65234375,31,25
50.65625,31,24
50.66015625,31,24
50.6640625,31,24
50.66796875,31,25
50.671875,31,25
50.67578125,32,24
50.6796875,31,24
50.68359375,31,25
50.6875,31,25
50.69140625,32,25
50.6953125,32,24
50.69921875,32,25
50.703125,32,25
50.70703125,33,24
50.7109375,33,24
50.71484375,33,24
50.71875,33,24
50.72265625,33,24
50.7265625,33,24
50.73046875,33,24
50.734375,33,24
50.73828125,34,24
50.7421875,34,24
50.74609375,34,24
50.75,34,24
50.75390625,34,24
50.7578125,34,24
50.76171875,34,24
50.765625,34,24
50.76953125,34,24
50.7734375,35,24
50.77734375,35,24
50.78125,35,24
50.78515625,35,24
50.7890625,35,24
50.79296875,36,24
50.796875,35,24
50.80078125,35,24
50.8046875,36,24
50.80859375,36,24
50.8125,36,24
50.81640625,36,24
50.8203125,36,24
50.82421875,36,24
50.828125,36,24
50.83203125,35,25
50.8359375,35,25
50.83984375,35,24
50.84375,35,24
50.84765625,35,24
50.8515625,35,25
50.85546875,36,25
50.859375,36,24
50.86328125,36,24
50.8671875,36,24
50.87109375,36,24
50.875,37,24
50.87890625,37,24
50.8828125,36,25
50.88671875,37,25
50.890625,37,24
50.89453125,37,24
50.8984375,37,25
50.90234375,37,25
50.90625,38,25
50.91015625,38,24
50.9140625,38,24
50.91796875,38,25
50.921875,39,25
50.92578125,39,24
50.9296875,39,24
50.93359375,39,24
50.9375,40,24
50.94140625,40,24
50.9453125,40,24
50.94921875,40,24
50.953125,40,24
50.95703125,40,24
50.9609375,40,24
50.96484375,39,24
50.96875,39,24
50.97265625,39,24
50.9765625,39,24
50.98046875,39,24
50.984375,39,24
50.98828125,39,24
50.9921875,39,24
50.99609375,39,24
51.0,39,24
51.00390625,39,24
51.0078125,40,24
51.01171875,40,24
51.015625,40,24
51.01953125,40,25
51.0234375,41,24
51.02734375,41,24
51.03125,41,24
51.03515625,42,24
51.0390625,42,24
51.04296875,43,24
51.046875,43,24
51.05078125,43,24
51.0546875,43,24
51.05859375,44,24
51.0625,44,24
51.06640625,45,24
51.0703125,45,24
51.07421875,46,24
51.078125,46,24
51.08203125,47,24
51.0859375,47,25
51.08984375,48,24
51.09375,48,24
51.09765625,48,24
51.1015625,49,24
51.10546875,50,24
51.109375,51,24
51.11328125,51,24
51.1171875,52,24
51.12109375,53,25
51.125,54,24
51.12890625,54,24
51.1328125,54,25
51.13671875,55,24
51.140625,55,24
51.14453125,56,24
51.1484375,56,24
51.15234375,57,24
51.15625,57,24
51.16015625,58,24
51.1640625,57,24
51.16796875,58,24
51.171875,59,24
51.17578125,59,24
51.1796875,59,24
51.18359375,59,24
51.1875,60,24
51.19140625,60,24
51.1953125,61,24
51.19921875,61,24
51.203125,61,24
51.20703125,61,24
51.2109375,61,24
51.21484375,61,24
51.21875,61,24
51.22265625,62,24
51.2265625,62,24
51.23046875,62,24
51.234375,63,24
51.23828125,63,24
51.2421875,64,24
51.24609375,64,24
51.25,64,25
51.25390625,64,25
51.2578125,64,24
51.26171875,65,24
51.265625,65,24
51.26953125,65,25
51.2734375,65,24
51.27734375,65,24
51.28125,65,24
51.28515625,65,25
51.2890625,65,25
51.29296875,65,24
51.296875,65,24
51.30078125,65,25
51.3046875,66,25
51.30859375,66,24
51.3125,66,24
51.31640625,65,24
51.3203125,65,24
51.32421875,66,24
51.328125,66,24
51.33203125,66,24
51.3359375,66,24
51.33984375,66,24
51.34375,67,24
51.34765625,67,24
51.3515625,67,24
51.35546875,67,24
51.359375,68,24
51.36328125,67,24
51.3671875,68,24
51.37109375,68,24
51.375,68,24
51.37890625,68,24
51.3828125,68,24
51.38671875,68,24
51.390625,69,24
51.39453125,69,24
51.3984375,69,24
51.40234375,69,24
51.40625,69,24
51.41015625,70,24
51.4140625,69,24
51.41796875,70,24
51.421875,70,24
51.42578125,70,24
51.4296875,70,24
51.43359375,70,24
51.4375,70,24
51.44140625,71,24
51.4453125,71,24
51.44921875,71,24
51.453125,71,24
51.45703125,71,24
51.4609375,71,24
51.46484375,71,24
51.46875,72,24
51.47265625,72,24
51.4765625,72,24
51.48046875,72,24
51.484375,72,24
51.48828125,72,25
51.4921875,73,25
51.49609375,72,25
51.5,72,26
51.50390625,72,26
51.5078125,73,25
51.51171875,73,25
51.515625,73,25
51.51953125,73,25
51.5234375,73,24
51.52734375,73,24
51.53125,73,24
51.53515625,73,25
51.5390625,74,25
51.54296875,74,25
51.546875,74,26
51.55078125,74,26
51.5546875,74,26
51.55859375,74,26
51.5625,75,26
51.56640625,74,26
51.5703125,75,26
51.57421875,75,26
51.578125,75,26
51.58203125,75,27
51.5859375,75,27
51.58984375,76,27
51.59375,76,28
51.59765625,76,29
51.6015625,76,30
51.60546875,76,31
51.609375,77,32
51.61328125,76,33
51.6171875,76,35
51.62109375,76,36
51.625,77,36
51.62890625,77,38
51.6328125,76,39
51.63671875,76,40
51.640625,76,42
51.64453125,76,44
51.6484375,76,46
51.65234375,76,48
51.65625,76,50
51.66015625,77,51
51.6640625,77,53
51.66796875,77,55
51.671875,78,58
51.67578125,78,60
51.6796875,78,62
51.68359375,78,65
51.6875,78,67
51.69140625,79,69
51.6953125,79,71
51.69921875,78,73
51.703125,79,75
51.70703125,79,78
51.7109375,79,81
51.71484375,79,85
51.71875,79,87
51.72265625,79,90
51.7265625,79,93
51.73046875,79,96
51.734375,79,99
51.73828125,80,102
51.7421875,80,104
51.74609375,80,106
51.75,79,108
51.75390625,79,109
51.7578125,80,110
51.76171875,79,112
51.765625,79,114
51.76953125,79,116
51.7734375,79,118
51.77734375,79,120
51.78125,79,122
51.78515625,79,123
51.7890625,79,124
51.79296875,79,124
51.796875,79,124
51.80078125,79,125
51.8046875,79,126
51.80859375,79,127
51.8125,79,130
51.81640625,79,133
51.8203125,79,137
51.82421875,80,140
51.828125,80,143
51.83203125,79,145
51.8359375,79,146
51.83984375,79,146
51.84375,79,145
51.84765625,79,144
51.8515625,79,144
51.85546875,79,144
51.859375,79,144
51.86328125,79,145
51.8671875,79,146
51.87109375,78,147
51.875,79,148
51.87890625,79,149
51.8828125,79,150
51.88671875,79,151
51.890625,79,151
51.89453125,79,151
51.8984375,79,151
51.90234375,79,151
51.90625,79,151
51.91015625,79,151
51.9140625,79,151
51.91796875,79,151
51.921875,80,152
51.92578125,80,152
51.9296875,80,153
51.93359375,79,154
51.9375,79,154
51.94140625,80,155
51.9453125,80,155
51.94921875,79,156
51.953125,79,156
51.95703125,79,156
51.9609375,79,156
51.96484375,78,156
51.96875,78,156
51.97265625,78,156
51.9765625,78,157
51.98046875,78,158
51.984375,78,159
51.98828125,78,159
51.9921875,78,159
51.99609375,79,159
52.0,78,160
52.00390625,79,160
52.0078125,79,159
52.01171875,79,160
52.015625,78,160
52.01953125,78,160
52.0234375,79,160
52.02734375,79,160
52.03125,79,161
52.03515625,79,161
52.0390625,80,161
52.04296875,80,161
52.046875,79,161
52.05078125,79,161
52.0546875,79,161
52.05859375,79,161
52.0625,79,161
52.06640625,79,161
52.0703125,79,161
52.07421875,79,160
52.078125,79,160
52.08203125,78,160
52.0859375,78,160
52.08984375,78,160
52.09375,78,161
52.09765625,78,162
52.1015625,78,163
52.10546875,78,164
52.109375,78,164
52.11328125,78,164
52.1171875,78,163
52.12109375,77,162
52.125,78,161
52.12890625,78,160
52.1328125,77,161
52.13671875,78,162
52.140625,78,162
52.14453125,78,163
52.1484375,78,164
52.15234375,78,164
52.15625,78,164
52.16015625,77,163
52.1640625,77,162
52.16796875,77,162
52.171875,77,162
52.17578125,77,162
52.1796875,77,162
52.18359375,76,163
52.1875,76,164
52.19140625,76,164
52.1953125,76,165
52.19921875,75,165
52.203125,75,166
52.20703125,75,165
52.2109375,75,166
52.21484375,74,165
52.21875,74,166
52.22265625,74,167
52.2265625,74,166
52.23046875,74,166
52.234375,74,166
52.23828125,74,166
52.2421875,74,166
52.24609375,74,165
52.25,74,166
52.25390625,74,166
52.2578125,74,165
52.26171875,74,165
52.265625,74,165
52.26953125,73,165
52.2734375,73,165
52.27734375,73,165
52.28125,73,166
52.28515625,73,167
52.2890625,73,167
52.29296875,73,167
52.296875,72,167
52.30078125,72,167
52.3046875,72,167
52.30859375,72,166
52.3125,72,166
52.31640625,71,166
52.3203125,71,166
52.32421875,71,166
52.328125,71,166
52.33203125,71,166
52.3359375,71,166
52.33984375,71,166
52.34375,71,166
52.34765625,71,166
52.3515625,70,167
52.35546875,71,167
52.359375,70,167
52.36328125,70,167
52.3671875,70,167
52.37109375,70,167
52.375,70,167
52.37890625,70,167
52.3828125,69,168
52.38671875,69,168
52.390625,69,168
52.39453125,69,169
52.3984375,69,169
52.40234375,68,169
52.40625,69,169
52.41015625,69,169
52.4140625,68,168
52.41796875,68,168
52.421875,68,168
52.42578125,68,167
52.4296875,67,167
52.43359375,67,168
52.4375,67,169
52.44140625,67,169
52.4453125,67,169
52.44921875,67,170
52.453125,67,170
52.45703125,67,170
52.4609375,67,170
52.46484375,67,169
52.46875,67,170
52.47265625,67,170
52.4765625,67,170
52.48046875,67,170
52.484375,66,170
52.48828125,67,170
52.4921875,67,169
52.49609375,67,169
52.5,66,169
52.50390625,66,169
52.5078125,66,169
52.51171875,66,169
52.515625,66,169
52.51953125,65,169
52.5234375,65,169
52.52734375,65,169
52.53125,65,170
52.53515625,64,170
52.5390625,64,170
52.54296875,64,170
52.546875,64,170
52.55078125,64,171
52.5546875,64,171
52.55859375,64,171
52.5625,64,171
52.56640625,64,172
52.5703125,64,172
52.57421875,64,171
52.578125,64,171
52.58203125,64,171
52.5859375,64,171
52.58984375,64,171
52.59375,65,171
52.59765625,64,171
52.6015625,64,171
52.60546875,64,171
52.609375,64,170
52.61328125,64,170
52.6171875,63,170
52.62109375,63,170
52.625,63,170
52.62890625,63,170
52.6328125,63,171
52.63671875,63,171
52.640625,63,171
52.64453125,63,172
52.6484375,62,172
52.65234375,62,173
52.65625,62,173
52.66015625,62,172
52.6640625,62,172
52.66796875,62,172
52.671875,62,171
52.67578125,62,171
52.6796875,62,170
52.68359375,62,171
52.6875,61,171
52.69140625,62,171
52.6953125,62,171
52.69921875,61,172
52.703125,62,172
52.70703125,62,172
52.7109375,62,172
52.71484375,61,171
52.71875,61,172
52.72265625,62,171
52.7265625,61,171
52.73046875,61,171
52.734375,61,171
52.73828125,61,171
52.7421875,61,171
52.74609375,61,171
52.75,61,172
52.75390625,60,172
52.7578125,61,172
52.76171875,61,172
52.765625,60,172
52.76953125,60,172
52.7734375,61,172
52.77734375,60,171
52.78125,60,171
52.78515625,60,171
52.7890625,60,170
52.79296875,60,170
52.796875,60,170
52.80078125,60,170
52.8046875,60,170
52.80859375,60,170
52.8125,61,170
52.81640625,61,170
52.8203125,60,171
52.82421875,61,170
52.828125,61,171
52.83203125,60,171
52.8359375,60,172
52.83984375,61,172
52.84375,60,172
52.84765625,60,173
52.8515625,60,173
52.85546875,60,173
52.859375,60,173
52.86328125,59,173
52.8671875,59,173
52.87109375,59,173
52.875,60,172
52.87890625,60,172
52.8828125,60,173
52.88671875,59,173
52.890625,60,172
52.89453125,60,172
52.8984375,59,172
52.90234375,59,172
52.90625,60,172
52.91015625,60,171
52.9140625,60,171
52.91796875,60,171
52.921875,60,172
52.92578125,60,172
52.9296875,60,172
52.93359375,60,173
52.9375,60,173
52.94140625,60,173
52.9453125,60,172
52.94921875,60,173
52.953125,60,172
52.95703125,60,172
52.9609375,60,172
52.96484375,60,172
52.96875,59,172
52.97265625,60,172
52.9765625,59,172
52.98046875,59,172
52.984375,59,172
52.98828125,59,172
52.9921875,59,172
52.99609375,59,172
53.0,59,172
53.00390625,59,173
53.0078125,60,172
53.01171875,59,172
53.015625,59,173
53.01953125,59,173
53.0234375,59,172
53.02734375,59,172
53.03125,59,172
53.03515625,59,172
53.0390625,59,172
53.04296875,59,172
53.046875,59,172
53.05078125,59,172
53.0546875,59,172
53.05859375,59,172
53.0625,59,172
53.06640625,59,172
53.0703125,59,173
53.07421875,59,172
53.078125,59,172
53.08203125,58,173
53.0859375,58,173
53.08984375,58,173
53.09375,58,172
53.09765625,58,172
53.1015625,58,173
53.10546875,58,173
53.109375,58,173
53.11328125,58,173
53.1171875,58,174
53.12109375,58,174
53.125,58,174
53.12890625,59,173
53.1328125,58,173
53.13671875,59,172
53.140625,59,172
53.14453125,59,171
53.1484375,59,172
53.15234375,59,172
53.15625,59,172
53.16015625,59,172
53.1640625,59,172
53.16796875,58,172
53.171875,59,172
53.17578125,59,172
53.1796875,59,172
53.18359375,58,172
53.1875,58,172
53.19140625,58,172
53.1953125,57,172
53.19921875,57,172
53.203125,57,172
53.20703125,57,172
53.2109375,57,172
53.21484375,57,171
53.21875,57,172
53.22265625,57,172
53.2265625,57,171
53.23046875,57,171
53.234375,57,172
53.23828125,57,173
53.2421875,57,173
53.24609375,57,173
53.25,57,173
53.25390625,57,173
53.2578125,57,173
53.26171875,57,174
53.265625,57,174
53.26953125,57,174
53.2734375,57,174
53.27734375,57,174
53.28125,57,175
53.28515625,57,174
53.2890625,57,174
53.29296875,57,173
53.296875,56,173
53.30078125,56,174
53.3046875,56,174
53.30859375,56,174
53.3125,56,174
53.31640625,56,174
53.3203125,55,174
53.32421875,56,173
53.328125,56,173
53.33203125,56,173
53.3359375,56,173
53.33984375,56,172
53.34375,56,172
53.34765625,55,172
53.3515625,55,172
53.35546875,55,172
53.359375,55,172
53.36328125,55,172
53.3671875,55,172
53.37109375,55,172
53.375,55,172
53.37890625,55,172
53.3828125,54,172
53.38671875,55,172
53.390625,55,171
53.39453125,55,170
53.3984375,55,168
53.40234375,54,164
53.40625,55,159
53.41015625,54,152
53.4140625,54,144
53.41796875,54,136
53.421875,53,127
53.42578125,53,119
53.4296875,53,112
53.43359375,53,107
53.4375,53,102
53.44140625,53,99
53.4453125,53,96
53.44921875,53,94
53.453125,52,91
53.45703125,52,88
53.4609375,52,85
53.46484375,51,83
53.46875,51,82
53.47265625,51,80
53.4765625,51,76
53.48046875,51,72
53.484375,50,66
53.48828125,50,59
53.4921875,50,51
53.49609375,50,44
53.5,49,38
53.50390625,49,33
53.5078125,49,29
53.51171875,48,27
53.515625,48,27
53.51953125,47,26
53.5234375,47,25
53.52734375,47,25
53.53125,46,24
53.53515625,46,24
53.5390625,46,24
53.54296875,46,24
53.546875,45,24
53.55078125,45,24
53.5546875,45,24
53.55859375,46,24
53.5625,45,24
53.56640625,45,25
53.5703125,45,25
53.57421875,45,24
53.578125,45,24
53.58203125,45,24
53.5859375,45,24
53.58984375,45,24
53.59375,45,24
53.59765625,44,24
53.6015625,44,24
53.60546875,44,24
53.609375,44,24
53.61328125,44,24
53.6171875,43,24
53.62109375,43,24
53.625,43,24
53.62890625,43,24
53.6328125,42,24
53.63671875,42,24
53.640625,42,24
53.64453125,42,24
53.6484375,42,24
53.65234375,42,25
53.65625,42,24
53.66015625,42,24
53.6640625,42,24
53.66796875,42,25
53.671875,42,25
53.67578125,42,24
53.6796875,42,25
53.68359375,41,25
53.6875,41,25
53.69140625,41,24
53.6953125,41,24
53.69921875,41,24
53.703125,41,24
53.70703125,41,24
53.7109375,41,24
53.71484375,40,24
53.71875,40,24
53.72265625,40,25
53.7265625,40,24
53.73046875,39,24
53.734375,39,24
53.73828125,39,24
53.7421875,39,24
53.74609375,39,24
53.75,38,24
53.75390625,38,24
53.7578125,38,24
53.76171875,38,24
53.765625,38,24
53.76953125,38,24
53.7734375,38,24
53.77734375,38,24
53.78125,37,24
53.78515625,37,24
53.7890625,37,24
53.79296875,37,24
53.796875,37,24
53.80078125,37,24
53.8046875,37,24
53.80859375,37,24
53.8125,37,24
53.81640625,36,24
53.8203125,35,24
53.82421875,36,24
53.828125,36,24
53.83203125,35,24
53.8359375,35,24
53.83984375,35,24
53.84375,35,24
53.84765625,34,24
53.8515625,34,25
53.85546875,34,25
53.859375,33,24
53.86328125,33,24
53.8671875,33,24
53.87109375,33,25
53.875,33,24
53.87890625,33,24
53.8828125,33,24
53.88671875,33,24
53.890625,33,24
53.89453125,33,24
53.8984375,33,24
53.90234375,33,24
53.90625,33,24
53.91015625,33,24
53.9140625,33,24
53.91796875,33,24
53.921875,33,24
53.92578125,33,24
53.9296875,33,24
53.93359375,32,24
53.9375,32,24
53.94140625,33,24
53.9453125,32,24
53.94921875,32,24
53.953125,32,23
53.95703125,32,23
53.9609375,32,23
53.96484375,32,23
53.96875,31,24
53.97265625,31,24
53.9765625,31,24
53.98046875,31,24
53.984375,31,25
53.98828125,31,24
53.9921875,31,24
53.99609375,31,24
54.0,31,24
54.00390625,31,24
54.0078125,31,24
54.01171875,30,24
54.015625,30,24
54.01953125,30,24
54.0234375,30,24
54.02734375,30,24
54.03125,30,24
54.03515625,30,24
54.0390625,30,24
54.04296875,29,24
54.046875,29,24
54.05078125,29,24
54.0546875,29,24
54.05859375,29,24
54.0625,29,24
54.06640625,29,25
54.0703125,28,25
54.07421875,29,24
54.078125,29,25
54.08203125,28,25
54.0859375,28,25
54.08984375,28,25
54.09375,28,25
54.09765625,27,25
54.1015625,27,25
54.10546875,27,25
54.109375,28,24
54.11328125,27,24
54.1171875,28,25
54.12109375,28,25
54.125,28,24
54.12890625,28,24
54.1328125,28,25
54.13671875,28,24
54.140625,28,24
54.14453125,29,24
54.1484375,28,24
54.15234375,28,24
54.15625,29,24
54.16015625,29,24
54.1640625,29,24
54.16796875,29,24
54.171875,29,24
54.17578125,29,24
54.1796875,29,24
54.18359375,29,24
54.1875,29,24
54.19140625,29,24
54.1953125,29,24
54.19921875,29,24
54.203125,29,24
54.20703125,29,24
54.2109375,29,24
54.21484375,29,24
54.21875,29,24
54.22265625,29,25
54.2265625,30,24
54.23046875,29,25
54.234375,29,25
54.23828125,30,25
54.2421875,30,25
54.24609375,30,24
54.25,30,25
54.25390625,30,24
54.2578125,30,24
54.26171875,30,24
54.265625,30,24
54.26953125,30,25
54.2734375,31,24
54.27734375,31,24
54.28125,30,24
54.28515625,31,24
54.2890625,31,24
54.29296875,31,24
54.296875,30,24
54.30078125,30,24
54.3046875,30,24
54.30859375,30,24
54.3125,30,24
54.31640625,29,24
54.3203125,29,24
54.32421875,30,24
54.328125,29,24
54.33203125,29,24
54.3359375,29,24
54.33984375,29,24
54.34375,29,24
54.34765625,29,23
54.3515625,29,24
54.35546875,30,24
54.359375,30,23
54.36328125,30,23
54.3671875,30,23
54.37109375,29,23
54.375,30,23
54.37890625,30,23
54.3828125,29,24
54.38671875,30,24
54.390625,30,24
54.39453125,30,25
54.3984375,30,25
54.40234375,30,25
54.40625,30,25
54.41015625,30,24
54.4140625,30,24
54.41796875,30,24
54.421875,30,24
54.42578125,31,24
54.4296875,31,24
54.43359375,31,24
54.4375,31,24
54.44140625,31,24
54.4453125,31,24
54.44921875,31,24
54.453125,31,25
54.45703125,32,24
54.4609375,32,24
54.46484375,32,24
54.46875,32,24
54.47265625,32,25
54.4765625,32,24
54.48046875,32,24
54.484375,32,24
54.48828125,32,24
54.4921875,32,24
54.49609375,32,24
54.5,32,24
54.50390625,32,24
54.5078125,32,24
54.51171875,32,24
54.515625,32,24
54.51953125,32,24
54.5234375,32,24
54.52734375,32,24
54.53125,32,24
54.53515625,32,24
54.5390625,32,24
54.54296875,32,24
54.546875,32,24
54.55078125,32,24
54.5546875,32,24
54.55859375,33,24
54.5625,33,24
54.56640625,32,24
54.5703125,32,24
54.57421875,33,24
54.578125,33,23
54.58203125,33,24
54.5859375,33,24
54.58984375,34,24
54.59375,34,24
54.59765625,33,24
54.6015625,33,24
54.60546875,33,24
54.609375,33,24
54.61328125,34,24
54.6171875,33,24
54.62109375,33,24
54.625,34,24
54.62890625,34,24
54.6328125,33,24
54.63671875,33,24
54.640625,34,24
54.64453125,34,24
54.6484375,33,25
54.65234375,34,25
54.65625,34,25
54.66015625,34,24
54.6640625,34,24
54.66796875,34,25
54.671875,34,25
54.67578125,35,24
54.6796875,35,25
54.68359375,35,25
54.6875,35,25
54.69140625,35,25
54.6953125,35,24
54.69921875,36,24
54.703125,35,24
54.70703125,36,24
54.7109375,36,24
54.71484375,35,24
54.71875,35,24
54.72265625,36,24
54.7265625,36,24
54.73046875,36,24
54.734375,36,24
54.73828125,36,24
54.7421875,36,24
54.74609375,37,24
54.75,36,24
54.75390625,36,24
54.7578125,37,24
54.76171875,37,24
54.765625,37,24
54.76953125,37,24
54.7734375,38,24
54.77734375,38,24
54.78125,38,24
54.78515625,38,24
54.7890625,38,24
54.79296875,39,24
54.796875,39,24
54.80078125,39,24
54.8046875,39,24
54.80859375,39,24
54.8125,40,24
54.81640625,39,24
54.8203125,40,24
54.82421875,40,24
54.828125,40,24
54.83203125,40,24
54.8359375,41,24
54.83984375,41,24
54.84375,41,24
54.84765625,41,24
54.8515625,41,25
54.85546875,42,25
54.859375,42,24
54.86328125,42,24
54.8671875,42,25
54.87109375,42,25
54.875,43,24
54.87890625,43,24
54.8828125,43,25
54.88671875,44,25
54.890625,44,24
54.89453125,45,24
54.8984375,45,25
54.90234375,45,24
54.90625,46,24
54.91015625,47,24
54.9140625,47,24
54.91796875,48,24
54.921875,49,24
54.92578125,49,24
54.9296875,50,24
54.93359375,50,24
54.9375,51,24
54.94140625,52,24
54.9453125,52,24
54.94921875,53,24
54.953125,54,24
54.95703125,55,24
54.9609375,55,24
54.96484375,56,24
54.96875,56,24
54.97265625,58,24
54.9765625,58,24
54.98046875,59,24
54.984375,60,24
54.98828125,61,24
54.9921875,62,24
54.99609375,63,24
55.0,63,24
55.00390625,63,24
55.0078125,64,24
55.01171875,64,24
55.015625,64,24
55.01953125,65,24
55.0234375,65,24
55.02734375,65,24
55.03125,65,24
55.03515625,65,24
55.0390625,65,24
55.04296875,65,24
55.046875,65,24
55.05078125,65,24
55.0546875,65,24
55.05859375,65,24
55.0625,65,24
55.06640625,65,25
55.0703125,65,25
55.07421875,65,24
55.078125,65,24
55.08203125,64,25
55.0859375,64,25
55.08984375,65,25
55.09375,65,25
55.09765625,65,25
55.1015625,65,25
55.10546875,65,25
55.109375,65,24
55.11328125,65,24
55.1171875,65,25
55.12109375,65,25
55.125,66,24
55.12890625,66,24
55.1328125,66,24
55.13671875,66,24
55.140625,67,24
55.14453125,67,24
55.1484375,66,23
55.15234375,66,24
55.15625,67,24
55.16015625,67,24
55.1640625,67,24
55.16796875,67,24
55.171875,68,24
55.17578125,68,24
55.1796875,68,24
55.18359375,67,24
55.1875,67,24
55.19140625,68,24
55.1953125,68,24
55.19921875,68,24
55.203125,68,24
55.20703125,69,24
55.2109375,69,24
55.21484375,69,24
55.21875,70,24
55.22265625,71,24
55.2265625,71,24
55.23046875,71,24
55.234375,71,25
55.23828125,71,25
55.2421875,72,24
55.24609375,72,24
55.25,72,24
55.25390625,72,24
55.2578125,73,24
55.26171875,72,24
55.265625,72,25
55.26953125,72,25
55.2734375,72,24
55.27734375,72,24
55.28125,72,24
55.28515625,72,25
55.2890625,73,25
55.29296875,73,24
55.296875,72,24
55.30078125,73,25
55.3046875,73,25
55.30859375,73,24
55.3125,73,24
55.31640625,73,24
55.3203125,74,24
55.32421875,74,24
55.328125,74,24
55.33203125,74,24
55.3359375,74,24
55.33984375,75,24
55.34375,75,24
55.34765625,75,24
55.3515625,75,24
55.35546875,75,25
55.359375,75,25
55.36328125,76,25
55.3671875,75,26
55.37109375,75,26
55.375,75,26
55.37890625,76,26
55.3828125,75,27
55.38671875,75,27
55.390625,75,26
55.39453125,75,26
55.3984375,75,25
55.40234375,75,27
55.40625,76,27
55.41015625,75,27
55.4140625,75,28
55.41796875,75,29
55.421875,75,29
55.42578125,75,29
55.4296875,75,30
55.43359375,75,31
55.4375,75,32
55.44140625,75,33
55.4453125,76,34
55.44921875,75,36
55.453125,75,37
55.45703125,76,38
55.4609375,76,39
55.46484375,76,40
55.46875,76,41
55.47265625,76,42
55.4765625,77,43
55.48046875,76,44
55.484375,76,46
55.48828125,76,48
55.4921875,77,50
55.49609375,77,52
55.5,77,54
55.50390625,77,55
55.5078125,77,56
55.51171875,77,57
55.515625,77,58
55.51953125,77,59
55.5234375,77,60
55.52734375,77,62
55.53125,77,64
55.53515625,76,67
55.5390625,77,69
55.54296875,77,71
55.546875,77,73
55.55078125,77,76
55.5546875,77,78
55.55859375,78,80
55.5625,78,82
55.56640625,77,84
55.5703125,77,86
55.57421875,77,87
55.578125,77,88
55.58203125,77,90
55.5859375,77,91
55.58984375,78,92
55.59375,78,94
55.59765625,78,95
55.6015625,78,98
55.60546875,78,100
55.609375,78,102
55.61328125,78,105
55.6171875,77,108
55.62109375,77,111
55.625,77,112
55.62890625,77,114
55.6328125,77,116
55.63671875,77,117
55.640625,77,117
55.64453125,77,117
55.6484375,77,118
55.65234375,77,119
55.65625,78,121
55.66015625,78,122
55.6640625,78,124
55.66796875,78,126
55.671875,78,127
55.67578125,78,128
55.6796875,78,130
55.68359375,78,131
55.6875,78,132
55.69140625,78,133
55.6953125,78,134
55.69921875,78,136
55.703125,78,137
55.70703125,78,137
55.7109375,78,139
55.71484375,78,140
55.71875,78,141
55.72265625,78,142
55.7265625,78,142
55.73046875,78,143
55.734375,78,143
55.73828125,78,144
55.7421875,78,144
55.74609375,77,144
55.75,77,145
55.75390625,77,145
55.7578125,77,145
55.76171875,78,146
55.765625,77,146
55.76953125,78,147
55.7734375,78,147
55.77734375,78,148
55.78125,78,148
55.78515625,78,149
55.7890625,78,149
55.79296875,78,149
55.796875,78,150
55.80078125,78,151
55.8046875,78,151
55.80859375,79,152
55.8125,79,153
55.81640625,79,154
55.8203125,79,155
55.82421875,79,155
55.828125,79,154
55.83203125,78,154
55.8359375,78,154
55.83984375,79,154
55.84375,79,154
55.84765625,78,154
55.8515625,78,155
55.85546875,78,155
55.859375,78,155
55.86328125,78,156
55.8671875,78,156
55.87109375,78,157
55.875,78,156
55.87890625,78,157
55.8828125,78,157
55.88671875,78,158
55.890625,78,158
55.89453125,78,158
55.8984375,78,158
55.90234375,78,159
55.90625,78,159
55.91015625,78,159
55.9140625,78,158
55.91796875,78,159
55.921875,79,159
55.92578125,78,158
55.9296875,78,158
55.93359375,78,159
55.9375,78,159
55.94140625,78,160
55.9453125,78,160
55.94921875,78,160
55.953125,77,159
55.95703125,78,159
55.9609375,78,158
55.96484375,77,158
55.96875,77,159
55.97265625,77,159
55.9765625,77,160
55.98046875,77,161
55.984375,77,161
55.98828125,77,161
55.9921875,77,161
55.99609375,77,160
56.0,77,161
56.00390625,77,161
56.0078125,77,160
56.01171875,77,160
56.015625,77,161
56.01953125,77,161
56.0234375,77,161
56.02734375,77,161
56.03125,77,162
56.03515625,76,162
56.0390625,76,162
56.04296875,76,162
56.046875,76,162
56.05078125,76,162
56.0546875,75,162
56.05859375,75,161
56.0625,75,162
56.06640625,75,162
56.0703125,75,163
56.07421875,75,163
56.078125,75,163
56.08203125,74,163
56.0859375,74,163
56.08984375,74,163
56.09375,74,163
56.09765625,74,163
56.1015625,74,163
56.10546875,74,164
56.109375,74,163
56.11328125,74,164
56.1171875,74,164
56.12109375,74,164
56.125,74,164
56.12890625,74,164
56.1328125,74,164
56.13671875,74,163
56.140625,74,163
56.14453125,74,163
56.1484375,73,163
56.15234375,73,164
56.15625,73,164
56.16015625,73,164
56.1640625,73,164
56.16796875,73,164
56.171875,73,164
56.17578125,73,164
56.1796875,73,164
56.18359375,72,164
56.1875,72,164
56.19140625,72,163
56.1953125,72,164
56.19921875,72,164
56.203125,71,165
56.20703125,72,165
56.2109375,72,166
56.21484375,71,166
56.21875,72,166
56.22265625,72,166
56.2265625,72,165
56.23046875,72,165
56.234375,72,165
56.23828125,72,165
56.2421875,72,165
56.24609375,72,165
56.25,72,165
56.25390625,72,165
56.2578125,72,164
56.26171875,72,164
56.265625,72,164
56.26953125,72,164
56.2734375,72,164
56.27734375,72,164
56.28125,71,164
56.28515625,71,165
56.2890625,71,165
56.29296875,71,165
56.296875,70,165
56.30078125,70,166
56.3046875,70,166
56.30859375,70,165
56.3125,70,165
56.31640625,70,165
56.3203125,70,165
56.32421875,70,165
56.328125,70,164
56.33203125,70,165
56.3359375,70,165
56.33984375,70,165
56.34375,70,165
56.34765625,70,165
56.3515625,70,165
56.35546875,70,165
56.359375,70,165
56.36328125,70,165
56.3671875,70,166
56.37109375,69,166
56.375,70,166
56.37890625,70,166
56.3828125,69,167
56.38671875,69,167
56.390625,69,167
56.39453125,69,166
56.3984375,69,166
56.40234375,69,166
56.40625,69,166
56.41015625,69,166
56.4140625,68,166
56.41796875,68,167
56.421875,68,167
56.42578125,68,167
56.4296875,68,167
56.43359375,68,168
56.4375,68,169
56.44140625,68,168
56.4453125,68,168
56.44921875,68,168
56.453125,68,168
56.45703125,68,167
56.4609375,68,166
56.46484375,68,166
56.46875,68,166
56.47265625,69,167
56.4765625,68,167
56.48046875,68,168
56.484375,68,169
56.48828125,68,169
56.4921875,68,169
56.49609375,68,169
56.5,68,169
56.50390625,68,169
56.5078125,68,168
56.51171875,68,168
56.515625,67,168
56.51953125,67,167
56.5234375,67,167
56.52734375,67,166
56.53125,66,166
56.53515625,66,167
56.5390625,67,167
56.54296875,67,167
56.546875,66,168
56.55078125,67,169
56.5546875,66,169
56.55859375,67,169
56.5625,66,169
56.56640625,66,169
56.5703125,66,169
56.57421875,66,168
56.578125,66,168
56.58203125,66,168
56.5859375,66,168
56.58984375,66,168
56.59375,65,168
56.59765625,65,169
56.6015625,65,170
56.60546875,65,170
56.609375,65,170
56.61328125,65,170
56.6171875,64,171
56.62109375,64,171
56.625,64,170
56.62890625,64,170
56.6328125,64,170
56.63671875,63,169
56.640625,64,169
56.64453125,64,169
56.6484375,64,169
56.65234375,64,170
56.65625,64,171
56.66015625,64,171
56.6640625,64,171
56.66796875,64,172
56.671875,64,172
56.67578125,64,171
56.6796875,64,171
56.68359375,64,170
56.6875,64,170
56.69140625,64,169
56.6953125,64,169
56.69921875,63,170
56.703125,63,170
56.70703125,63,170
56.7109375,63,170
56.71484375,63,171
56.71875,63,171
56.72265625,63,171
56.7265625,63,170
56.73046875,62,170
56.734375,62,170
56.73828125,62,170
56.7421875,62,170
56.74609375,62,170
56.75,61,170
56.75390625,61,171
56.7578125,62,170
56.76171875,61,170
56.765625,61,171
56.76953125,61,171
56.7734375,61,171
56.77734375,61,171
56.78125,61,171
56.78515625,61,171
56.7890625,61,171
56.79296875,61,170
56.796875,61,170
56.80078125,61,170
56.8046875,61,170
56.80859375,61,170
56.8125,61,170
56.81640625,60,171
56.8203125,61,172
56.82421875,61,172
56.828125,60,172
56.83203125,60,172
56.8359375,60,172
56.83984375,60,172
56.84375,60,171
56.84765625,60,171
56.8515625,60,171
56.85546875,60,171
56.859375,60,171
56.86328125,60,171
56.8671875,60,171
56.87109375,60,171
56.875,60,171
56.87890625,60,171
56.8828125,60,172
56.88671875,60,173
56.890625,60,173
56.89453125,60,173
56.8984375,59,173
56.90234375,59,173
56.90625,60,172
56.91015625,60,172
56.9140625,60,172
56.91796875,60,172
56.921875,60,172
56.92578125,59,172
56.9296875,59,172
56.93359375,59,173
56.9375,59,173
56.94140625,59,172
56.9453125,59,172
56.94921875,59,172
56.953125,59,172
56.95703125,59,172
56.9609375,59,172
56.96484375,59,172
56.96875,58,172
56.97265625,59,172
56.9765625,58,172
56.98046875,58,172
56.984375,58,172
56.98828125,58,172
56.9921875,58,171
56.99609375,58,171
57.0,58,171
57.00390625,58,171
57.0078125,58,171
57.01171875,58,171
57.015625,58,172
57.01953125,58,172
57.0234375,58,172
57.02734375,58,172
57.03125,58,172
57.03515625,58,172
57.0390625,58,173
57.04296875,58,172
57.046875,57,172
57.05078125,57,173
57.0546875,57,172
57.05859375,58,172
57.0625,58,171
57.06640625,58,171
57.0703125,58,172
57.07421875,58,172
57.078125,58,172
57.08203125,57,173
57.0859375,57,173
57.08984375,57,173
57.09375,57,173
57.09765625,57,173
57.1015625,56,173
57.10546875,57,172
57.109375,57,171
57.11328125,56,171
57.1171875,56,172
57.12109375,56,172
57.125,56,172
57.12890625,56,172
57.1328125,56,173
57.13671875,56,173
57.140625,56,172
57.14453125,55,171
57.1484375,55,171
57.15234375,55,169
57.15625,55,166
57.16015625,55,162
57.1640625,54,157
57.16796875,54,150
57.171875,54,142
57.17578125,54,133
57.1796875,54,125
57.18359375,53,119
57.1875,53,113
57.19140625,53,110
57.1953125,52,107
57.19921875,52,106
57.203125,52,104
57.20703125,52,100
57.2109375,52,96
57.21484375,52,89
57.21875,51,81
57.22265625,51,71
57.2265625,51,61
57.23046875,51,52
57.234375,51,45
57.23828125,51,40
57.2421875,51,36
57.24609375,51,33
57.25,50,32
57.25390625,50,30
57.2578125,50,29
57.26171875,50,27
57.265625,49,26
57.26953125,49,25
57.2734375,49,24
57.27734375,49,23
57.28125,48,23
57.28515625,48,23
57.2890625,48,23
57.29296875,48,23
57.296875,48,23
57.30078125,47,24
57.3046875,46,24
57.30859375,46,24
57.3125,46,24
57.31640625,46,24
57.3203125,45,25
57.32421875,46,24
57.328125,45,24
57.33203125,45,24
57.3359375,45,24
57.33984375,45,24
57.34375,44,24
57.34765625,44,24
57.3515625,44,24
57.35546875,44,24
57.359375,44,24
57.36328125,43,24
57.3671875,43,24
57.37109375,43,24
57.375,43,24
57.37890625,43,24
57.3828125,42,25
57.38671875,42,25
57.390625,42,24
57.39453125,42,24
57.3984375,41,24
57.40234375,40,24
57.40625,40,24
57.41015625,39,24
57.4140625,38,24
57.41796875,37,24
57.421875,38,24
57.42578125,37,24
57.4296875,37,24
57.43359375,36,25
57.4375,37,24
57.44140625,37,24
57.4453125,37,24
57.44921875,37,24
57.453125,37,24
57.45703125,37,24
57.4609375,37,24
57.46484375,37,24
57.46875,37,24
57.47265625,36,24
57.4765625,36,23
57.48046875,36,23
57.484375,36,23
57.48828125,35,24
57.4921875,35,24
57.49609375,35,24
57.5,35,25
57.50390625,35,25
57.5078125,35,25
57.51171875,34,25
57.515625,34,24
57.51953125,33,24
57.5234375,33,24
57.52734375,33,23
57.53125,33,23
57.53515625,32,23
57.5390625,32,23
57.54296875,32,23
57.546875,33,23
57.55078125,32,24
57.5546875,32,24
57.55859375,32,24
57.5625,32,24
57.56640625,31,24
57.5703125,31,24
57.57421875,31,24
57.578125,31,23
57.58203125,31,24
57.5859375,31,24
57.58984375,31,24
57.59375,31,24
57.59765625,31,24
57.6015625,31,24
57.60546875,31,24
57.609375,31,24
57.61328125,31,24
57.6171875,30,24
57.62109375,30,24
57.625,30,24
57.62890625,30,24
57.6328125,29,24
57.63671875,30,24
57.640625,30,24
57.64453125,30,24
57.6484375,30,24
57.65234375,30,24
57.65625,31,25
57.66015625,31,24
57.6640625,31,24
57.66796875,31,24
57.671875,31,24
57.67578125,31,24
57.6796875,31,24
57.68359375,31,24
57.6875,31,24
57.69140625,31,24
57.6953125,31,24
57.69921875,31,24
57.703125,31,25
57.70703125,31,24
57.7109375,31,24
57.71484375,31,24
57.71875,31,24
57.72265625,31,24
57.7265625,31,24
57.73046875,30,24
57.734375,30,24
57.73828125,30,24
57.7421875,30,24
57.74609375,30,24
57.75,30,24
57.75390625,30,24
57.7578125,30,24
57.76171875,30,24
57.765625,30,24
57.76953125,30,24
57.7734375,30,24
57.77734375,30,24
57.78125,30,24
57.78515625,30,24
57.7890625,30,24
57.79296875,30,24
57.796875,30,24
57.80078125,29,24
57.8046875,29,24
57.80859375,29,24
57.8125,29,24
57.81640625,29,24
57.8203125,29,24
57.82421875,29,24
57.828125,29,24
57.83203125,28,25
57.8359375,28,24
57.83984375,29,24
57.84375,29,24
57.84765625,28,24
57.8515625,28,24
57.85546875,28,24
57.859375,28,24
57.86328125,28,24
57.8671875,28,24
57.87109375,28,24
57.875,28,24
57.87890625,28,24
57.8828125,28,24
57.88671875,28,24
57.890625,28,24
57.89453125,28,24
57.8984375,28,24
57.90234375,28,24
57.90625,28,24
57.91015625,28,24
57.9140625,28,24
57.91796875,27,24
57.921875,27,24
57.92578125,27,24
57.9296875,27,24
57.93359375,27,24
57.9375,27,24
57.94140625,27,24
57.9453125,27,24
57.94921875,27,24
57.953125,27,24
57.95703125,27,25
57.9609375,27,24
57.96484375,27,24
57.96875,27,24
57.97265625,27,24
57.9765625,27,24
57.98046875,27,24
57.984375,28,24
57.98828125,28,24
57.9921875,28,24
57.99609375,28,24
58.0,28,24
58.00390625,28,24
58.0078125,28,24
58.01171875,28,24
58.015625,28,24
58.01953125,28,24
58.0234375,29,24
58.02734375,29,24
58.03125,29,24
58.03515625,29,24
58.0390625,29,24
58.04296875,29,24
58.046875,29,24
58.05078125,29,24
58.0546875,29,24
58.05859375,29,24
58.0625,29,24
58.06640625,29,24
58.0703125,29,24
58.07421875,29,24
58.078125,29,24
58.08203125,29,24
58.0859375,29,24
58.08984375,29,23
58.09375,29,23
58.09765625,29,24
58.1015625,29,24
58.10546875,29,25
58.109375,29,25
58.11328125,29,25
58.1171875,28,25
58.12109375,28,25
58.125,28,24
58.12890625,28,24
58.1328125,28,24
58.13671875,28,24
58.140625,28,24
58.14453125,28,24
58.1484375,28,24
58.15234375,28,24
58.15625,28,24
58.16015625,28,24
58.1640625,28,24
58.16796875,28,24
58.171875,28,24
58.17578125,28,24
58.1796875,28,24
58.18359375,28,24
58.1875,28,24
58.19140625,29,24
58.1953125,29,24
58.19921875,29,24
58.203125,29,24
58.20703125,29,24
58.2109375,30,24
58.21484375,29,24
58.21875,30,24
58.22265625,30,24
58.2265625,31,24
58.23046875,31,24
58.234375,31,24
58.23828125,31,24
58.2421875,32,24
58.24609375,32,24
58.25,32,25
58.25390625,32,24
58.2578125,33,24
58.26171875,33,24
58.265625,33,24
58.26953125,33,24
58.2734375,33,24
58.27734375,33,23
58.28125,33,23
58.28515625,33,23
58.2890625,33,24
58.29296875,33,24
58.296875,33,24
58.30078125,33,25
58.3046875,33,25
58.30859375,34,25
58.3125,34,24
58.31640625,34,24
58.3203125,34,24
58.32421875,34,24
58.328125,35,24
58.33203125,35,23
58.3359375,35,24
58.33984375,35,24
58.34375,36,24
58.34765625,36,23
58.3515625,37,23
58.35546875,37,23
58.359375,38,23
58.36328125,38,23
58.3671875,38,23
58.37109375,38,23
58.375,38,23
58.37890625,38,24
58.3828125,38,25
58.38671875,38,25
58.390625,39,24
58.39453125,39,24
58.3984375,39,24
58.40234375,39,24
58.40625,40,24
58.41015625,40,24
58.4140625,40,24
58.41796875,40,24
58.421875,40,25
58.42578125,41,24
58.4296875,41,24
58.43359375,41,24
58.4375,42,24
58.44140625,42,24
58.4453125,43,24
58.44921875,43,25
58.453125,43,25
58.45703125,43,24
58.4609375,44,24
58.46484375,44,24
58.46875,44,24
58.47265625,44,24
58.4765625,45,24
58.48046875,45,24
58.484375,45,24
58.48828125,45,24
58.4921875,46,24
58.49609375,46,24
58.5,46,24
58.50390625,47,24
58.5078125,47,24
58.51171875,48,24
58.515625,48,24
58.51953125,48,24
58.5234375,49,24
58.52734375,50,24
58.53125,50,24
58.53515625,51,24
58.5390625,52,24
58.54296875,52,24
58.546875,53,24
58.55078125,54,25
58.5546875,54,24
58.55859375,55,24
58.5625,56,24
58.56640625,57,24
58.5703125,58,24
58.57421875,59,24
58.578125,59,24
58.58203125,60,23
58.5859375,60,24
58.58984375,61,24
58.59375,61,24
58.59765625,61,24
58.6015625,62,24
58.60546875,62,24
58.609375,62,24
58.61328125,63,24
58.6171875,63,24
58.62109375,63,24
58.625,63,24
58.62890625,63,24
58.6328125,63,24
58.63671875,63,24
58.640625,63,24
58.64453125,63,24
58.6484375,63,25
58.65234375,63,25
58.65625,64,25
58.66015625,64,24
58.6640625,64,24
58.66796875,64,25
58.671875,64,25
58.67578125,65,24
58.6796875,65,24
58.68359375,65,24
58.6875,66,24
58.69140625,66,24
58.6953125,66,24
58.69921875,66,24
58.703125,66,24
58.70703125,66,24
58.7109375,66,24
58.71484375,66,24
58.71875,66,24
58.72265625,66,24
58.7265625,66,24
58.73046875,66,24
58.734375,66,24
58.73828125,66,24
58.7421875,66,24
58.74609375,67,24
58.75,67,24
58.75390625,67,24
58.7578125,68,24
58.76171875,68,24
58.765625,68,24
58.76953125,68,24
58.7734375,69,24
58.77734375,69,24
58.78125,68,24
58.78515625,68,24
58.7890625,69,24
58.79296875,69,24
58.796875,69,24
58.80078125,69,24
58.8046875,69,24
58.80859375,70,24
58.8125,70,24
58.81640625,70,24
58.8203125,70,24
58.82421875,71,24
58.828125,71,24
58.83203125,71,24
58.8359375,71,25
58.83984375,71,25
58.84375,71,24
58.84765625,71,24
58.8515625,71,24
58.85546875,71,24
58.859375,72,24
58.86328125,72,24
58.8671875,72,24
58.87109375,72,24
58.875,73,24
58.87890625,73,24
58.8828125,73,24
58.88671875,73,24
58.890625,73,24
58.89453125,73,24
58.8984375,73,24
58.90234375,73,24
58.90625,74,24
58.91015625,74,24
58.9140625,74,24
58.91796875,74,24
58.921875,74,25
58.92578125,74,24
58.9296875,74,24
58.93359375,74,24
58.9375,74,24
58.94140625,74,24
58.9453125,75,24
58.94921875,75,24
58.953125,75,24
58.95703125,75,24
58.9609375,75,24
58.96484375,75,24
58.96875,75,25
58.97265625,75,25
58.9765625,75,25
58.98046875,75,25
58.984375,75,26
58.98828125,76,26
58.9921875,76,26
58.99609375,77,26
59.0,77,27
59.00390625,77,27
59.0078125,77,27
59.01171875,78,27
59.015625,77,28
59.01953125,78,28
59.0234375,78,29
59.02734375,78,29
59.03125,78,31
59.03515625,78,32
59.0390625,78,33
59.04296875,78,34
59.046875,79,36
59.05078125,78,38
59.0546875,78,39
59.05859375,79,39
59.0625,78,40
59.06640625,78,41
59.0703125,78,42
59.07421875,78,43
59.078125,79,44
59.08203125,78,46
59.0859375,79,49
59.08984375,79,52
59.09375,79,55
59.09765625,79,59
59.1015625,79,62
59.10546875,79,65
59.109375,79,67
59.11328125,79,68
59.1171875,79,68
59.12109375,78,69
59.125,79,69
59.12890625,79,70
59.1328125,79,74
59.13671875,79,78
59.140625,79,83
59.14453125,80,88
59.1484375,79,93
59.15234375,79,98
59.15625,80,100
59.16015625,80,100
59.1640625,79,100
59.16796875,79,100
59.171875,79,100
59.17578125,79,100
59.1796875,79,102
59.18359375,79,106
59.1875,79,110
59.19140625,79,113
59.1953125,79,116
59.19921875,79,117
59.203125,79,117
59.20703125,79,117
59.2109375,79,117
59.21484375,79,118
59.21875,79,121
59.22265625,80,123
59.2265625,80,126
59.23046875,80,128
59.234375,80,130
59.23828125,80,131
59.2421875,81,131
59.24609375,81,131
59.25,80,132
59.25390625,81,133
59.2578125,81,134
59.26171875,81,136
59.265625,80,139
59.26953125,81,140
59.2734375,81,142
59.27734375,81,142
59.28125,81,142
59.28515625,81,142
59.2890625,81,142
59.29296875,81,142
59.296875,81,142
59.30078125,81,144
59.3046875,81,145
59.30859375,81,146
59.3125,81,146
59.31640625,81,147
59.3203125,81,147
59.32421875,82,146
59.328125,82,147
59.33203125,82,148
59.3359375,82,149
59.33984375,83,151
59.34375,83,151
59.34765625,82,152
59.3515625,83,152
59.35546875,83,152
59.359375,83,151
59.36328125,82,151
59.3671875,83,151
59.37109375,83,152
59.375,83,152
59.37890625,83,152
59.3828125,83,152
59.38671875,83,152
59.390625,83,152
59.39453125,83,151
59.3984375,82,152
59.40234375,82,153
59.40625,82,154
59.41015625,82,154
59.4140625,82,155
59.41796875,82,155
59.421875,82,156
59.42578125,83,155
59.4296875,83,155
59.43359375,83,155
59.4375,83,156
59.44140625,83,156
59.4453125,83,157
59.44921875,83,158
59.453125,83,158
59.45703125,83,158
59.4609375,83,158
59.46484375,83,158
59.46875,83,158
59.47265625,83,158
59.4765625,83,158
59.48046875,82,158
59.484375,82,159
59.48828125,82,159
59.4921875,82,159
59.49609375,82,159
59.5,82,160
59.50390625,82,160
59.5078125,82,160
59.51171875,82,160
59.515625,81,160
59.51953125,81,159
59.5234375,81,159
59.52734375,81,159
59.53125,80,159
59.53515625,80,159
59.5390625,81,160
59.54296875,81,160
59.546875,81,161
59.55078125,81,162
59.5546875,81,162
59.55859375,81,162
59.5625,81,162
59.56640625,80,162
59.5703125,80,162
59.57421875,80,162
59.578125,80,162
59.58203125,80,161
59.5859375,79,162
59.58984375,80,161
59.59375,79,161
59.59765625,79,161
59.6015625,79,162
59.60546875,79,162
59.609375,79,162
59.61328125,78,163
59.6171875,78,164
59.62109375,77,164
59.625,77,164
59.62890625,77,164
59.6328125,77,164
59.63671875,77,164
59.640625,77,164
59.64453125,77,163
59.6484375,76,163
59.65234375,76,164
59.65625,77,164
59.66015625,77,164
59.6640625,76,165
59.66796875,76,165
59.671875,76,165
59.67578125,77,165
59.6796875,77,165
59.68359375,76,165
59.6875,76,165
59.69140625,76,165
59.6953125,76,165
59.69921875,76,166
59.703125,76,166
59.70703125,76,167
59.7109375,76,167
59.71484375,75,167
59.71875,75,166
59.72265625,75,166
59.7265625,75,165
59.73046875,74,164
59.734375,74,164
59.73828125,73,164
59.7421875,73,164
59.74609375,73,164
59.75,73,165
59.75390625,73,166
59.7578125,73,166
59.76171875,73,166
59.765625,73,166
59.76953125,73,166
59.7734375,73,166
59.77734375,73,166
59.78125,72,166
59.78515625,72,166
59.7890625,72,166
59.79296875,72,166
59.796875,71,166
59.80078125,71,166
59.8046875,70,166
59.80859375,71,166
59.8125,70,166
59.81640625,70,167
59.8203125,70,167
59.82421875,70,167
59.828125,70,167
59.83203125,69,167
59.8359375,69,168
59.83984375,69,168
59.84375,68,168
59.84765625,68,168
59.8515625,67,168
59.85546875,68,167
59.859375,68,167
59.86328125,68,166
59.8671875,68,167
59.87109375,68,167
59.875,68,167
59.87890625,68,167
59.8828125,67,168
59.88671875,67,168
59.890625,67,168
59.89453125,67,168
59.8984375,67,167
59.90234375,67,168
59.90625,67,168
59.91015625,67,167
59.9140625,67,167
59.91796875,67,167
59.921875,67,168
59.92578125,67,168
59.9296875,67,168
59.93359375,66,168
59.9375,66,169
59.94140625,66,168
59.9453125,66,169
59.94921875,65,169
59.953125,65,169
59.95703125,65,169
59.9609375,65,168
59.96484375,64,168
59.96875,64,169
59.97265625,64,169
59.9765625,64,168
59.98046875,64,168
59.984375,64,169
59.98828125,64,169
59.9921875,64,169
59.99609375,64,168
