time_s,raw_ch1,raw_ch2,raw_ch3,raw_ch4,raw_ch5,raw_ch6,raw_ch7,raw_ch8
0.0,26,2179,2179,24,18,-20,-15,-21
0.00390625,27,2179,2179,24,18,-20,-15,-20
0.0078125,26,2179,2179,24,18,-20,-15,-20
0.01171875,26,2179,2179,24,18,-20,-15,-20
0.015625,26,2179,2179,24,18,-20,-15,-20
0.01953125,26,2179,2179,24,18,-20,-15,-20
0.0234375,26,2179,2179,24,18,-20,-15,-20
0.02734375,26,2179,2179,24,18,-20,-15,-20
0.03125,26,2179,2179,24,18,-20,-15,-20
0.03515625,27,2179,2179,24,18,-20,-15,-20
0.0390625,27,2179,2179,24,18,-20,-15,-20
0.04296875,27,2179,2179,24,18,-20,-15,-20
0.046875,27,2179,2179,24,18,-20,-15,-20
0.05078125,27,2179,2179,24,18,-20,-15,-20
0.0546875,27,2179,2179,24,18,-20,-15,-20
0.05859375,27,2179,2179,24,18,-20,-15,-20
0.0625,27,2179,2179,24,18,-20,-15,-20
0.06640625,27,2179,2179,24,18,-20,-15,-20
0.0703125,27,2179,2179,24,18,-20,-15,-20
0.07421875,27,2179,2179,24,18,-20,-15,-20
0.078125,27,2179,2179,24,18,-20,-15,-20
0.08203125,28,2179,2179,24,18,-20,-15,-20
0.0859375,28,2179,2179,24,18,-20,-15,-20
0.08984375,28,2179,2179,24,18,-20,-15,-20
0.09375,28,2179,2179,23,18,-20,-15,-20
0.09765625,28,2179,2179,25,18,-20,-15,-20
0.1015625,28,2179,2179,25,18,-20,-15,-20
0.10546875,28,2179,2179,24,18,-20,-15,-20
0.109375,28,2179,2179,24,18,-20,-15,-21
0.11328125,28,2179,2179,24,18,-20,-15,-21
0.1171875,28,2179,2179,24,18,-20,-15,-20
0.12109375,28,2179,2179,24,18,-20,-15,-20
0.125,28,2179,2179,24,18,-20,-15,-21
0.12890625,28,2179,2179,24,18,-20,-15,-21
0.1328125,27,2179,2179,24,18,-20,-15,-20
0.13671875,27,2179,2179,24,18,-20,-15,-20
0.140625,27,2179,2179,24,18,-20,-15,-20
0.14453125,27,2179,2179,24,18,-20,-15,-20
0.1484375,26,2179,2179,25,18,-20,-15,-20
0.15234375,27,2179,2179,24,18,-20,-15,-20
0.15625,26,2179,2179,24,18,-20,-15,-20
0.16015625,26,2179,2179,24,18,-20,-15,-20
0.1640625,27,2179,2179,24,18,-20,-15,-20
0.16796875,27,2179,2179,24,18,-20,-15,-20
0.171875,27,2179,2179,24,17,-20,-15,-20
0.17578125,27,2179,2179,24,17,-20,-15,-21
0.1796875,27,2179,2179,24,18,-20,-15,-21
0.18359375,27,2179,2179,24,18,-20,-15,-21
0.1875,28,2179,2179,24,17,-20,-15,-21
0.19140625,28,2179,2179,24,17,-20,-15,-20
0.1953125,28,2179,2179,24,18,-20,-15,-20
0.19921875,27,2179,2179,24,18,-20,-15,-21
0.203125,28,2179,2179,24,17,-20,-15,-21
0.20703125,28,2179,2179,24,18,-20,-15,-21
0.2109375,28,2179,2179,24,17,-20,-15,-21
0.21484375,28,2179,2179,24,18,-20,-15,-21
0.21875,29,2179,2179,24,18,-20,-15,-20
0.22265625,29,2179,2179,24,18,-20,-15,-20
0.2265625,29,2179,2179,24,18,-20,-15,-21
0.23046875,29,2179,2179,25,18,-20,-15,-21
0.234375,30,2179,2179,25,18,-20,-15,-20
0.23828125,30,2179,2179,24,18,-20,-15,-20
0.2421875,30,2179,2179,24,18,-20,-15,-20
0.24609375,30,2179,2179,25,19,-20,-15,-20
0.25,30,2179,2179,25,18,-20,-15,-20
0.25390625,31,2179,2179,24,18,-20,-15,-20
0.2578125,31,2179,2179,25,18,-20,-15,-20
0.26171875,31,2179,2179,25,19,-20,-15,-20
0.265625,31,2179,2179,25,19,-20,-15,-20
0.26953125,32,2179,2179,25,18,-20,-15,-20
0.2734375,32,2179,2179,24,18,-20,-15,-20
0.27734375,32,2179,2179,25,18,-20,-15,-20
0.28125,33,2179,2179,25,19,-20,-15,-20
0.28515625,33,2179,2179,25,18,-20,-15,-20
0.2890625,33,2179,2179,24,18,-20,-15,-20
0.29296875,33,2179,2179,24,18,-20,-15,-20
0.296875,33,2179,2179,24,18,-20,-15,-20
0.30078125,34,2179,2179,24,18,-20,-15,-20
0.3046875,34,2179,2179,24,17,-20,-15,-21
0.30859375,34,2179,2179,24,18,-20,-15,-21
0.3125,34,2179,2179,24,18,-20,-15,-20
0.31640625,35,2179,2179,24,18,-20,-15,-21
0.3203125,35,2179,2179,24,17,-20,-15,-20
0.32421875,35,2179,2179,24,17,-20,-15,-21
0.328125,35,2179,2179,24,18,-20,-15,-21
0.33203125,36,2179,2179,24,18,-20,-15,-21
0.3359375,36,2179,2179,24,18,-20,-15,-20
0.33984375,36,2179,2179,24,17,-20,-15,-20
0.34375,36,2179,2179,23,17,-20,-15,-20
0.34765625,36,2179,2179,24,18,-20,-15,-20
0.3515625,36,2179,2179,24,18,-20,-15,-20
0.35546875,36,2179,2179,24,17,-20,-15,-20
0.359375,36,2179,2179,24,17,-20,-15,-20
0.36328125,36,2179,2179,24,18,-20,-15,-20
0.3671875,37,2179,2179,24,18,-20,-15,-20
0.37109375,38,2179,2179,24,18,-20,-14,-19
0.375,39,2179,2179,24,18,-20,-14,-20
0.37890625,39,2179,2179,24,18,-20,-15,-20
0.3828125,40,2179,2179,24,18,-20,-15,-20
0.38671875,41,2179,2179,24,18,-20,-15,-20
0.390625,42,2179,2179,24,18,-20,-15,-20
0.39453125,43,2179,2179,25,18,-20,-15,-21
0.3984375,43,2179,2179,25,18,-20,-15,-21
0.40234375,44,2179,2179,24,18,-20,-15,-21
0.40625,45,2179,2179,24,18,-20,-15,-21
0.41015625,45,2179,2179,24,18,-20,-15,-21
0.4140625,46,2179,2179,24,18,-20,-15,-20
0.41796875,47,2179,2179,24,18,-20,-15,-21
0.421875,48,2179,2179,24,18,-20,-15,-21
0.42578125,48,2179,2179,24,18,-20,-15,-21
0.4296875,50,2179,2179,24,18,-20,-15,-21
0.43359375,50,2179,2179,24,18,-20,-15,-21
0.4375,51,2179,2179,24,18,-20,-15,-21
0.44140625,52,2179,2179,24,18,-20,-15,-21
0.4453125,52,2179,2179,24,18,-20,-15,-21
0.44921875,52,2179,2179,24,18,-20,-15,-21
0.453125,53,2179,2179,24,18,-20,-15,-21
0.45703125,54,2179,2179,24,18,-20,-15,-20
0.4609375,54,2179,2179,25,18,-20,-15,-21
0.46484375,55,2179,2179,25,18,-20,-15,-21
0.46875,56,2179,2179,24,18,-20,-15,-20
0.47265625,57,2179,2179,24,18,-20,-15,-20
0.4765625,57,2179,2179,25,18,-20,-15,-20
0.48046875,58,2179,2179,25,18,-20,-15,-20
0.484375,58,2179,2179,24,18,-20,-15,-20
0.48828125,59,2179,2179,24,18,-20,-15,-20
0.4921875,59,2179,2179,24,18,-20,-15,-20
0.49609375,59,2179,2179,25,18,-20,-15,-20
0.5,59,2179,2179,25,18,-20,-15,-20
0.50390625,60,2179,2179,24,18,-20,-16,-21
0.5078125,60,2179,2179,24,18,-20,-15,-21
0.51171875,60,2179,2179,25,18,-20,-15,-20
0.515625,60,2179,2179,25,18,-20,-15,-20
0.51953125,60,2179,2179,24,18,-20,-15,-20
0.5234375,61,2179,2179,24,18,-20,-15,-20
0.52734375,61,2179,2179,24,18,-20,-15,-21
0.53125,61,2179,2179,24,18,-20,-15,-20
0.53515625,61,2179,2179,24,18,-20,-15,-21
0.5390625,61,2179,2179,24,18,-20,-15,-20
0.54296875,62,2179,2179,24,18,-20,-15,-21
0.546875,62,2179,2179,25,18,-20,-15,-21
0.55078125,62,2179,2179,25,18,-20,-15,-21
0.5546875,63,2179,2179,24,18,-20,-15,-20
0.55859375,63,2179,2179,24,17,-20,-15,-20
0.5625,63,2179,2179,24,18,-20,-15,-20
0.56640625,63,2179,2179,24,18,-20,-15,-20
0.5703125,63,2179,2179,24,17,-20,-15,-20
0.57421875,63,2179,2179,24,17,-20,-15,-20
0.578125,63,2179,2179,24,18,-20,-15,-20
0.58203125,63,2179,2179,24,18,-20,-15,-20
0.5859375,64,2179,2179,24,18,-20,-15,-20
0.58984375,64,2179,2179,24,17,-20,-15,-20
0.59375,64,2179,2179,24,17,-20,-15,-20
0.59765625,64,2179,2179,24,18,-20,-15,-20
0.6015625,64,2179,2179,24,18,-20,-15,-20
0.60546875,64,2179,2179,24,17,-20,-15,-20
0.609375,64,2179,2179,24,17,-20,-15,-20
0.61328125,64,2179,2179,24,18,-20,-15,-20
0.6171875,64,2179,2179,24,18,-20,-15,-20
0.62109375,64,2179,2179,24,17,-20,-15,-20
0.625,64,2179,2179,24,17,-20,-15,-20
0.62890625,65,2179,2179,24,18,-20,-16,-20
0.6328125,65,2179,2179,24,18,-20,-15,-20
0.63671875,66,2179,2179,24,18,-20,-15,-20
0.640625,66,2179,2179,24,18,-20,-15,-20
0.64453125,65,2179,2179,24,18,-20,-15,-21
0.6484375,65,2179,2179,24,18,-20,-15,-20
0.65234375,65,2179,2179,24,18,-20,-15,-20
0.65625,65,2179,2179,24,18,-20,-15,-20
0.66015625,64,2179,2179,24,18,-20,-15,-20
0.6640625,64,2179,2179,24,18,-20,-15,-20
0.66796875,64,2179,2179,25,18,-20,-15,-20
0.671875,65,2179,2179,24,18,-20,-15,-20
0.67578125,64,2179,2179,24,18,-20,-15,-20
0.6796875,65,2179,2179,25,18,-20,-15,-20
0.68359375,64,2179,2179,25,18,-20,-15,-20
0.6875,64,2179,2179,25,18,-20,-15,-20
0.69140625,64,2179,2179,24,18,-20,-15,-20
0.6953125,64,2179,2179,25,18,-20,-15,-20
0.69921875,64,2179,2179,25,18,-20,-15,-20
0.703125,64,2179,2179,25,18,-20,-15,-20
0.70703125,64,2179,2179,25,18,-20,-15,-20
0.7109375,64,2179,2179,26,18,-20,-15,-20
0.71484375,65,2179,2179,26,18,-20,-15,-20
0.71875,66,2179,2179,25,18,-20,-15,-20
0.72265625,66,2179,2179,24,18,-20,-15,-20
0.7265625,66,2179,2179,24,18,-20,-15,-20
0.73046875,66,2179,2179,24,18,-20,-15,-20
0.734375,66,2179,2179,24,18,-20,-15,-20
0.73828125,66,2179,2179,24,18,-20,-15,-20
0.7421875,66,2179,2179,24,17,-20,-15,-20
0.74609375,66,2179,2179,24,18,-20,-15,-20
0.75,66,2179,2179,24,18,-20,-15,-21
0.75390625,67,2179,2179,24,17,-20,-14,-21
0.7578125,67,2179,2179,24,17,-20,-15,-20
0.76171875,67,2179,2179,24,18,-20,-15,-21
0.765625,67,2179,2179,24,18,-20,-15,-21
0.76953125,67,2179,2179,24,18,-20,-15,-21
0.7734375,67,2179,2179,24,18,-20,-15,-20
0.77734375,67,2179,2179,25,18,-20,-15,-21
0.78125,68,2179,2179,25,18,-20,-15,-21
0.78515625,68,2179,2179,26,18,-20,-15,-21
0.7890625,67,2179,2179,26,18,-20,-15,-20
0.79296875,67,2179,2179,26,17,-20,-15,-20
0.796875,67,2179,2179,26,18,-20,-15,-20
0.80078125,67,2179,2179,27,18,-20,-15,-20
0.8046875,67,2179,2179,26,17,-20,-15,-20
0.80859375,68,2179,2179,26,17,-20,-15,-20
0.8125,68,2179,2179,27,18,-20,-15,-20
0.81640625,68,2179,2179,27,18,-20,-15,-20
0.8203125,68,2179,2179,27,17,-20,-15,-20
0.82421875,69,2179,2179,28,17,-20,-15,-20
0.828125,69,2179,2179,29,18,-20,-15,-20
0.83203125,69,2179,2179,30,18,-20,-15,-20
0.8359375,69,2179,2179,31,18,-20,-15,-20
0.83984375,68,2179,2179,32,18,-20,-15,-20
0.84375,68,2179,2179,33,18,-20,-15,-20
0.84765625,68,2179,2179,34,18,-20,-15,-21
0.8515625,68,2179,2179,35,18,-20,-15,-21
0.85546875,69,2179,2179,36,18,-20,-15,-21
0.859375,69,2179,2179,38,18,-20,-15,-21
0.86328125,68,2179,2179,39,18,-20,-15,-21
0.8671875,69,2179,2179,41,18,-20,-15,-21
0.87109375,68,2179,2179,42,18,-20,-15,-20
0.875,68,2179,2179,44,18,-20,-15,-20
0.87890625,68,2179,2179,45,18,-20,-14,-20
0.8828125,68,2179,2179,47,18,-20,-15,-21
0.88671875,68,2179,2179,49,18,-20,-15,-20
0.890625,68,2179,2179,50,18,-20,-15,-20
0.89453125,67,2179,2179,53,18,-20,-15,-20
0.8984375,67,2179,2179,54,19,-20,-15,-20
0.90234375,68,2179,2179,56,18,-20,-15,-20
0.90625,68,2179,2179,58,18,-20,-15,-20
0.91015625,68,2179,2179,60,18,-20,-15,-20
0.9140625,68,2179,2179,62,18,-20,-15,-20
0.91796875,69,2179,2179,64,18,-20,-15,-20
0.921875,69,2179,2179,66,18,-20,-15,-20
0.92578125,69,2179,2179,68,18,-20,-15,-20
0.9296875,69,2179,2179,70,18,-20,-15,-20
0.93359375,69,2179,2179,71,18,-20,-15,-20
0.9375,69,2179,2179,73,18,-20,-15,-20
0.94140625,69,2179,2179,75,18,-19,-15,-20
0.9453125,68,2179,2179,77,18,-20,-15,-20
0.94921875,68,2179,2179,79,18,-20,-15,-20
0.953125,68,2179,2179,80,18,-20,-15,-20
0.95703125,68,2179,2179,82,18,-20,-15,-20
0.9609375,68,2179,2179,84,18,-20,-15,-20
0.96484375,69,2179,2179,86,18,-20,-15,-20
0.96875,69,2179,2179,87,18,-20,-15,-21
0.97265625,69,2179,2179,89,18,-20,-15,-20
0.9765625,69,2179,2179,91,18,-20,-15,-20
0.98046875,69,2179,2179,94,18,-20,-15,-20
0.984375,70,2179,2179,96,18,-20,-15,-20
0.98828125,70,2179,2179,98,18,-20,-15,-20
0.9921875,69,2179,2179,100,17,-20,-15,-21
0.99609375,69,2179,2179,102,18,-20,-15,-20
1.0,69,2179,2179,104,18,-20,-15,-20
1.00390625,70,2179,2179,105,18,-20,-14,-20
1.0078125,69,2179,2179,106,18,-20,-15,-20
1.01171875,69,2179,2179,107,18,-20,-15,-20
1.015625,69,2179,2179,108,18,-20,-15,-20
1.01953125,69,2179,2179,108,18,-20,-15,-20
1.0234375,68,2179,2179,110,18,-20,-15,-20
1.02734375,68,2179,2179,112,18,-20,-15,-20
1.03125,68,2179,2179,113,18,-20,-15,-20
1.03515625,68,2179,2179,115,18,-20,-15,-20
1.0390625,68,2179,2179,117,18,-20,-15,-20
1.04296875,68,2179,2179,119,18,-20,-15,-20
1.046875,68,2179,2179,122,18,-20,-15,-20
1.05078125,69,2179,2179,124,18,-20,-15,-20
1.0546875,69,2179,2179,126,18,-20,-15,-20
1.05859375,69,2179,2179,127,17,-20,-15,-20
1.0625,69,2179,2179,129,18,-20,-15,-20
1.06640625,69,2179,2179,130,18,-20,-15,-20
1.0703125,70,2179,2179,131,18,-20,-15,-20
1.07421875,70,2179,2179,132,18,-20,-15,-20
1.078125,70,2179,2179,134,18,-20,-15,-20
1.08203125,70,2179,2179,135,18,-20,-15,-20
1.0859375,71,2179,2179,136,19,-20,-15,-21
1.08984375,71,2179,2179,137,18,-20,-15,-20
1.09375,71,2179,2179,138,18,-20,-15,-21
1.09765625,71,2179,2179,139,19,-20,-15,-21
1.1015625,71,2179,2179,139,19,-20,-15,-21
1.10546875,71,2179,2179,140,18,-20,-15,-21
1.109375,70,2179,2179,140,18,-20,-15,-20
1.11328125,71,2179,2179,141,19,-20,-15,-20
1.1171875,71,2179,2179,142,19,-20,-15,-20
1.12109375,71,2179,2179,142,18,-20,-15,-20
1.125,71,2179,2179,143,18,-20,-15,-20
1.12890625,71,2179,2179,144,19,-20,-15,-20
1.1328125,71,2179,2179,144,19,-20,-15,-20
1.13671875,71,2179,2179,144,18,-19,-15,-20
1.140625,71,2179,2179,144,18,-20,-15,-20
1.14453125,71,2179,2179,144,18,-20,-15,-20
1.1484375,71,2179,2179,145,18,-20,-15,-20
1.15234375,71,2179,2179,145,18,-20,-15,-20
1.15625,72,2179,2179,147,18,-20,-15,-20
1.16015625,71,2179,2179,148,18,-20,-15,-20
1.1640625,71,2179,2179,149,18,-20,-15,-20
1.16796875,71,2179,2179,150,18,-20,-15,-20
1.171875,72,2179,2179,150,17,-20,-15,-20
1.17578125,71,2179,2179,151,17,-20,-15,-20
1.1796875,71,2179,2179,151,18,-20,-15,-20
1.18359375,71,2179,2179,151,18,-20,-15,-20
1.1875,72,2179,2179,151,17,-20,-15,-20
1.19140625,72,2179,2179,150,17,-20,-15,-20
1.1953125,71,2179,2179,151,18,-20,-15,-21
1.19921875,71,2179,2179,151,18,-20,-15,-20
1.203125,71,2179,2179,151,17,-20,-15,-21
1.20703125,71,2179,2179,152,18,-20,-15,-20
1.2109375,71,2179,2179,152,18,-20,-15,-20
1.21484375,71,2179,2179,152,18,-20,-15,-20
1.21875,71,2179,2179,152,18,-20,-15,-20
1.22265625,71,2179,2179,152,18,-20,-15,-20
1.2265625,71,2179,2179,153,18,-20,-15,-20
1.23046875,71,2179,2179,154,19,-20,-15,-20
1.234375,71,2179,2179,155,19,-20,-15,-20
1.23828125,71,2179,2179,155,18,-20,-15,-20
1.2421875,71,2179,2179,155,18,-20,-15,-20
1.24609375,70,2179,2179,156,19,-20,-15,-20
1.25,70,2179,2179,156,18,-20,-15,-20
1.25390625,70,2179,2179,155,18,-20,-14,-20
1.2578125,70,2179,2179,155,18,-20,-15,-20
1.26171875,70,2179,2179,155,18,-26,-15,-20
1.265625,70,2179,2179,155,18,-20,-15,-20
1.26953125,71,2179,2179,154,18,-20,-15,-20
1.2734375,71,2179,2179,154,18,-20,-15,-20
1.27734375,71,2179,2179,155,18,-20,-15,-20
1.28125,71,2179,2179,156,18,-20,-15,-20
1.28515625,72,2179,2179,156,18,-20,-15,-20
1.2890625,71,2179,2179,156,18,-20,-15,-20
1.29296875,71,2179,2179,156,18,-20,-15,-20
1.296875,71,2179,2179,157,18,-20,-15,-20
1.30078125,72,2179,2179,157,18,-20,-15,-20
1.3046875,72,2179,2179,157,18,-20,-15,-20
1.30859375,71,2179,2179,157,18,-20,-15,-20
1.3125,71,2179,2179,157,18,-20,-15,-20
1.31640625,71,2179,2179,157,18,-20,-15,-20
1.3203125,72,2179,2179,156,18,-20,-15,-20
1.32421875,72,2179,2179,156,17,-20,-15,-20
1.328125,72,2179,2179,157,18,-20,-15,-20
1.33203125,72,2179,2179,157,18,-20,-15,-20
1.3359375,72,2179,2179,157,18,-20,-15,-20
1.33984375,72,2179,2179,157,17,-20,-15,-20
1.34375,71,2179,2179,157,17,-20,-15,-20
1.34765625,71,2179,2179,158,18,-20,-15,-21
1.3515625,71,2179,2179,158,18,-20,-15,-20
1.35546875,71,2179,2179,157,17,-20,-15,-21
1.359375,71,2179,2179,157,17,-20,-15,-20
1.36328125,71,2179,2179,158,18,-20,-15,-20
1.3671875,71,2179,2179,159,18,-20,-15,-20
1.37109375,71,2179,2179,158,18,-20,-15,-20
1.375,71,2179,2179,159,18,-20,-15,-20
1.37890625,70,2179,2179,159,18,-20,-14,-20
1.3828125,70,2179,2179,159,18,-20,-15,-20
1.38671875,70,2179,2179,159,18,-14,-15,-20
1.390625,70,2179,2179,159,18,-20,-15,-20
1.39453125,70,2179,2179,159,18,-20,-15,-20
1.3984375,70,2179,2179,159,18,-20,-15,-20
1.40234375,71,2179,2179,159,18,-20,-15,-20
1.40625,71,2179,2179,160,18,-20,-15,-20
1.41015625,71,2179,2179,160,17,-20,-15,-20
1.4140625,71,2179,2179,161,18,-20,-15,-21
1.41796875,71,2179,2179,161,18,-20,-15,-20
1.421875,71,2179,2179,161,18,-20,-15,-20
1.42578125,70,2179,2179,161,18,-20,-15,-20
1.4296875,70,2179,2179,161,18,-20,-15,-20
1.43359375,70,2179,2179,161,18,-20,-15,-21
1.4375,70,2179,2179,160,18,-20,-15,-20
1.44140625,70,2179,2179,160,18,-20,-15,-21
1.4453125,70,2179,2179,161,18,-20,-15,-20
1.44921875,70,2179,2179,161,18,-20,-15,-20
1.453125,70,2179,2179,160,18,-20,-15,-20
1.45703125,70,2179,2179,161,18,-20,-15,-20
1.4609375,70,2179,2179,161,18,-20,-15,-20
1.46484375,69,2179,2179,161,18,-20,-15,-20
1.46875,69,2179,2179,161,18,-20,-15,-20
1.47265625,69,2179,2179,160,18,-20,-15,-20
1.4765625,68,2179,2179,161,18,-20,-15,-20
1.48046875,68,2179,2179,161,18,-20,-15,-20
1.484375,68,2179,2179,161,18,-20,-15,-20
1.48828125,68,2179,2179,161,18,-20,-15,-20
1.4921875,68,2179,2179,161,18,-20,-15,-20
1.49609375,68,2179,2179,161,18,-20,-15,-20
1.5,69,2179,2179,161,18,-20,-15,-20
1.50390625,69,2179,2179,161,18,-20,-15,-20
1.5078125,70,2179,2179,162,18,-20,-15,-20
1.51171875,69,2179,2179,162,18,-26,-15,-20
1.515625,69,2179,2179,163,18,-20,-15,-20
1.51953125,69,2179,2179,162,17,-20,-15,-20
1.5234375,69,2179,2179,162,17,-20,-15,-20
1.52734375,68,2179,2179,162,18,-20,-15,-20
1.53125,68,2179,2179,161,18,-20,-15,-20
1.53515625,68,2179,2179,161,18,-20,-15,-20
1.5390625,68,2179,2179,161,18,-20,-15,-20
1.54296875,68,2179,2179,161,18,-20,-15,-21
1.546875,68,2179,2179,162,18,-20,-15,-21
1.55078125,68,2179,2179,162,18,-20,-15,-20
1.5546875,68,2179,2179,162,18,-20,-15,-20
1.55859375,69,2179,2179,162,18,-20,-15,-20
1.5625,68,2179,2179,162,18,-20,-15,-20
1.56640625,68,2179,2179,162,18,-20,-15,-20
1.5703125,68,2179,2179,162,18,-20,-15,-20
1.57421875,68,2179,2179,162,17,-20,-15,-20
1.578125,67,2179,2179,162,18,-20,-15,-20
1.58203125,67,2179,2179,162,18,-20,-15,-20
1.5859375,68,2179,2179,162,18,-20,-15,-20
1.58984375,68,2179,2179,162,17,-20,-15,-20
1.59375,68,2179,2179,163,17,-20,-15,-20
1.59765625,68,2179,2179,163,18,-20,-15,-20
1.6015625,68,2179,2179,163,17,-20,-15,-20
1.60546875,69,2179,2179,163,17,-20,-15,-20
1.609375,68,2179,2179,163,17,-20,-15,-20
1.61328125,68,2179,2179,163,17,-20,-15,-20
1.6171875,68,2179,2179,164,18,-20,-15,-20
1.62109375,68,2179,2179,163,17,-20,-15,-20
1.625,68,2179,2179,164,17,-20,-15,-20
1.62890625,67,2179,2179,164,18,-20,-15,-20
1.6328125,67,2179,2179,164,18,-20,-15,-20
1.63671875,67,2179,2179,165,18,-14,-15,-20
1.640625,67,2179,2179,165,18,-20,-15,-20
1.64453125,67,2179,2179,165,18,-20,-15,-20
1.6484375,67,2179,2179,165,18,-20,-15,-20
1.65234375,67,2179,2179,165,18,-20,-15,-20
1.65625,67,2179,2179,165,18,-20,-15,-20
1.66015625,66,2179,2179,165,18,-20,-15,-20
1.6640625,66,2179,2179,165,19,-20,-15,-20
1.66796875,66,2179,2179,165,19,-20,-15,-20
1.671875,66,2179,2179,165,18,-20,-15,-20
1.67578125,66,2179,2179,165,18,-20,-15,-20
1.6796875,66,2179,2179,165,18,-20,-15,-20
1.68359375,66,2179,2179,165,18,-20,-15,-20
1.6875,66,2179,2179,165,18,-20,-15,-20
1.69140625,66,2179,2179,164,18,-20,-15,-20
1.6953125,65,2179,2179,165,18,-20,-15,-20
1.69921875,65,2179,2179,165,18,-20,-15,-20
1.703125,65,2179,2179,164,18,-20,-15,-20
1.70703125,65,2179,2179,165,18,-20,-15,-20
1.7109375,65,2179,2179,165,18,-20,-15,-20
1.71484375,65,2179,2179,165,18,-20,-15,-20
1.71875,65,2179,2179,165,18,-20,-15,-20
1.72265625,65,2179,2179,164,18,-20,-15,-20
1.7265625,65,2179,2179,165,18,-20,-15,-20
1.73046875,65,2179,2179,165,18,-20,-15,-21
1.734375,65,2179,2179,165,18,-20,-15,-20
1.73828125,65,2179,2179,166,17,-20,-15,-20
1.7421875,65,2179,2179,166,17,-20,-15,-20
1.74609375,65,2179,2179,166,18,-20,-15,-20
1.75,65,2179,2179,166,18,-20,-15,-20
1.75390625,65,2179,2179,166,17,-20,-15,-20
1.7578125,65,2179,2179,166,17,-20,-15,-20
1.76171875,65,2179,2179,167,18,-23,-15,-20
1.765625,65,2179,2179,167,18,-20,-15,-21
1.76953125,65,2179,2179,167,17,-20,-15,-21
1.7734375,65,2179,2179,167,17,-20,-15,-20
1.77734375,64,2179,2179,167,17,-20,-15,-20
1.78125,64,2179,2179,167,18,-20,-15,-21
1.78515625,64,2179,2179,167,18,-20,-15,-20
1.7890625,64,2179,2179,166,17,-20,-15,-21
1.79296875,64,2179,2179,166,17,-20,-15,-20
1.796875,63,2179,2179,167,18,-20,-15,-20
1.80078125,63,2179,2179,167,18,-20,-15,-20
1.8046875,63,2179,2179,167,18,-20,-15,-20
1.80859375,63,2179,2179,167,18,-20,-15,-20
1.8125,63,2179,2179,168,18,-20,-15,-20
1.81640625,63,2179,2179,168,18,-20,-15,-20
1.8203125,63,2179,2179,167,18,-20,-15,-20
1.82421875,63,2179,2179,167,18,-20,-15,-20
1.828125,63,2179,2179,167,19,-20,-15,-20
1.83203125,63,2179,2179,167,19,-20,-15,-20
1.8359375,63,2179,2179,167,19,-20,-15,-20
1.83984375,63,2179,2179,168,18,-20,-15,-20
1.84375,63,2179,2179,168,18,-20,-15,-20
1.84765625,63,2179,2179,169,18,-20,-15,-20
1.8515625,63,2179,2179,169,18,-19,-15,-20
1.85546875,63,2179,2179,169,18,-20,-15,-20
1.859375,63,2179,2179,169,18,-20,-15,-20
1.86328125,63,2179,2179,168,18,-20,-15,-21
1.8671875,63,2179,2179,168,18,-20,-15,-21
1.87109375,63,2179,2179,168,18,-20,-15,-21
1.875,63,2179,2179,167,18,-20,-15,-20
1.87890625,63,2179,2179,167,18,-20,-15,-20
1.8828125,63,2179,2179,168,18,-20,-15,-20
1.88671875,63,2179,2179,168,18,-17,-15,-20
1.890625,63,2179,2179,168,18,-20,-15,-20
1.89453125,62,2179,2179,169,19,-20,-15,-20
1.8984375,62,2179,2179,170,18,-20,-15,-20
1.90234375,62,2179,2179,170,18,-20,-15,-20
1.90625,61,2179,2179,170,18,-20,-15,-20
1.91015625,60,2179,2179,170,18,-20,-15,-20
1.9140625,60,2179,2179,170,18,-20,-15,-20
1.91796875,60,2179,2179,170,18,-20,-15,-20
1.921875,60,2179,2179,169,18,-20,-14,-20
1.92578125,60,2179,2179,169,18,-20,-15,-20
1.9296875,60,2179,2179,170,18,-20,-15,-20
1.93359375,60,2179,2179,170,18,-19,-15,-20
1.9375,60,2179,2179,170,18,-20,-15,-20
1.94140625,60,2179,2179,170,18,-20,-15,-20
1.9453125,60,2179,2179,170,18,-20,-15,-20
1.94921875,60,2179,2179,170,18,-20,-15,-20
1.953125,60,2179,2179,169,17,-20,-15,-20
1.95703125,59,2179,2179,169,18,-20,-15,-20
1.9609375,59,2179,2179,169,18,-20,-15,-20
1.96484375,59,2179,2179,169,18,-20,-15,-21
1.96875,59,2179,2179,169,18,-20,-15,-21
1.97265625,59,2179,2179,169,17,-20,-15,-20
1.9765625,58,2179,2179,169,17,-20,-15,-20
1.98046875,58,2179,2179,170,18,-20,-15,-20
1.984375,59,2179,2179,170,18,-20,-15,-20
1.98828125,59,2179,2179,170,18,-20,-15,-20
1.9921875,59,2179,2179,170,18,-20,-15,-20
1.99609375,59,2179,2179,171,18,-20,-15,-20
2.0,59,2179,2179,171,18,-20,-15,-20
2.00390625,59,2179,2179,170,18,-20,-15,-20
2.0078125,59,2179,2179,170,18,-20,-15,-20
2.01171875,58,2179,2179,171,18,-21,-15,-20
2.015625,58,2179,2179,171,19,-20,-15,-20
2.01953125,58,2179,2179,170,19,-20,-15,-20
2.0234375,58,2179,2179,170,18,-20,-15,-20
2.02734375,58,2179,2179,171,18,-20,-15,-20
2.03125,58,2179,2179,171,18,-20,-15,-20
2.03515625,58,2179,2179,171,18,-20,-15,-20
2.0390625,58,2179,2179,170,18,-20,-15,-20
2.04296875,58,2179,2179,170,18,-20,-14,-20
2.046875,58,2179,2179,171,18,-20,-15,-20
2.05078125,58,2179,2179,171,18,-20,-15,-20
2.0546875,57,2179,2179,171,18,-20,-15,-20
2.05859375,57,2179,2179,172,18,-20,-15,-20
2.0625,57,2179,2179,172,18,-20,-15,-20
2.06640625,57,2179,2179,172,18,-20,-15,-20
2.0703125,57,2179,2179,171,18,-20,-15,-20
2.07421875,58,2179,2179,171,18,-20,-15,-20
2.078125,58,2179,2179,171,18,-20,-15,-20
2.08203125,58,2179,2179,171,18,-20,-15,-20
2.0859375,58,2179,2179,171,18,-20,-15,-21
2.08984375,57,2179,2179,171,18,-20,-15,-21
2.09375,57,2179,2179,171,18,-20,-15,-21
2.09765625,57,2179,2179,172,18,-20,-15,-20
2.1015625,57,2179,2179,173,18,-20,-15,-21
2.10546875,57,2179,2179,173,18,-20,-15,-21
2.109375,56,2179,2179,173,18,-20,-15,-21
2.11328125,56,2179,2179,173,18,-20,-15,-20
2.1171875,57,2179,2179,173,18,-20,-15,-20
2.12109375,56,2179,2179,172,18,-20,-15,-20
2.125,56,2179,2179,172,18,-20,-15,-20
2.12890625,55,2179,2179,172,18,-20,-15,-20
2.1328125,55,2179,2179,172,18,-20,-15,-20
2.13671875,55,2179,2179,172,18,-19,-15,-20
2.140625,55,2179,2179,172,18,-20,-15,-20
2.14453125,55,2179,2179,172,17,-20,-15,-20
2.1484375,56,2179,2179,172,18,-20,-15,-20
2.15234375,56,2179,2179,172,18,-20,-15,-20
2.15625,57,2179,2179,171,17,-20,-15,-20
2.16015625,56,2179,2179,171,17,-20,-15,-20
2.1640625,56,2179,2179,171,18,-20,-15,-20
2.16796875,57,2179,2179,171,18,-20,-15,-20
2.171875,57,2179,2179,171,17,-20,-15,-21
2.17578125,56,2179,2179,171,17,-20,-15,-20
2.1796875,57,2179,2179,172,17,-20,-15,-20
2.18359375,56,2179,2179,172,17,-20,-15,-21
2.1875,57,2179,2179,172,17,-20,-15,-21
2.19140625,57,2179,2179,172,17,-20,-15,-21
2.1953125,57,2179,2179,172,17,-20,-15,-21
2.19921875,56,2179,2179,172,17,-20,-15,-21
2.203125,56,2179,2179,172,17,-20,-15,-21
2.20703125,56,2179,2179,172,17,-20,-15,-21
2.2109375,56,2179,2179,172,17,-20,-15,-21
2.21484375,55,2179,2179,173,18,-20,-15,-21
2.21875,56,2179,2179,173,18,-20,-15,-21
2.22265625,56,2179,2179,173,18,-20,-15,-21
2.2265625,55,2179,2179,173,18,-20,-15,-21
2.23046875,55,2179,2179,174,18,-20,-15,-21
2.234375,56,2179,2179,173,18,-20,-15,-20
2.23828125,56,2179,2179,173,18,-20,-15,-20
2.2421875,56,2179,2179,172,18,-20,-15,-20
2.24609375,55,2179,2179,172,18,-20,-15,-20
2.25,55,2179,2179,172,18,-20,-15,-20
2.25390625,55,2179,2179,172,18,-20,-14,-20
2.2578125,55,2179,2179,173,18,-20,-15,-20
2.26171875,54,2179,2179,174,18,-20,-15,-20
2.265625,55,2179,2179,174,18,-20,-15,-20
2.26953125,55,2179,2179,174,17,-20,-15,-20
2.2734375,55,2179,2179,174,18,-20,-15,-20
2.27734375,55,2179,2179,174,18,-20,-15,-20
2.28125,55,2179,2179,173,18,-20,-15,-20
2.28515625,55,2179,2179,173,18,-20,-15,-20
2.2890625,56,2179,2179,172,18,-20,-15,-20
2.29296875,55,2179,2179,172,18,-20,-15,-20
2.296875,56,2179,2179,173,18,-20,-15,-20
2.30078125,56,2179,2179,174,18,-20,-15,-20
2.3046875,56,2179,2179,174,18,-20,-15,-20
2.30859375,56,2179,2179,174,18,-20,-15,-20
2.3125,55,2179,2179,174,18,-20,-15,-20
2.31640625,55,2179,2179,174,18,-20,-15,-20
2.3203125,56,2179,2179,174,18,-20,-15,-20
2.32421875,55,2179,2179,174,18,-20,-15,-20
2.328125,55,2179,2179,174,18,-20,-15,-21
2.33203125,55,2179,2179,174,18,-20,-15,-21
2.3359375,55,2179,2179,174,18,-20,-15,-21
2.33984375,55,2179,2179,173,17,-20,-15,-20
2.34375,55,2179,2179,173,18,-20,-15,-20
2.34765625,54,2179,2179,173,18,-20,-15,-20
2.3515625,55,2179,2179,173,18,-20,-15,-20
2.35546875,55,2179,2179,172,18,-20,-15,-20
2.359375,54,2179,2179,172,18,-20,-15,-20
2.36328125,54,2179,2179,173,18,-20,-15,-20
2.3671875,55,2179,2179,174,18,-20,-15,-20
2.37109375,55,2179,2179,174,18,-20,-15,-20
2.375,55,2179,2179,175,18,-20,-15,-20
2.37890625,54,2179,2179,176,18,-20,-15,-20
2.3828125,54,2179,2179,176,18,-20,-15,-20
2.38671875,54,2179,2179,175,18,-19,-15,-20
2.390625,54,2179,2179,174,17,-20,-15,-20
2.39453125,54,2179,2179,173,16,-20,-15,-20
2.3984375,55,2179,2179,173,18,-20,-15,-20
2.40234375,55,2179,2179,172,18,-20,-15,-20
2.40625,55,2179,2179,172,18,-20,-15,-21
2.41015625,55,2179,2179,172,17,-20,-15,-20
2.4140625,55,2179,2179,173,18,-20,-15,-21
2.41796875,55,2179,2179,174,18,-20,-15,-21
2.421875,54,2179,2179,174,17,-20,-15,-21
2.42578125,54,2179,2179,175,18,-20,-15,-21
2.4296875,54,2179,2179,175,18,-20,-15,-21
2.43359375,54,2179,2179,175,18,-20,-15,-20
2.4375,54,2179,2179,174,18,-20,-15,-20
2.44140625,54,2179,2179,174,18,-20,-15,-20
2.4453125,53,2179,2179,174,18,-20,-15,-20
2.44921875,53,2179,2179,174,18,-20,-15,-21
2.453125,54,2179,2179,174,18,-20,-15,-20
2.45703125,54,2179,2179,174,18,-20,-15,-20
2.4609375,53,2179,2179,175,18,-20,-15,-20
2.46484375,53,2179,2179,175,18,-20,-15,-20
2.46875,54,2179,2179,175,18,-20,-15,-20
2.47265625,54,2179,2179,174,18,-20,-15,-20
2.4765625,53,2179,2179,174,18,-20,-15,-20
2.48046875,53,2179,2179,174,18,-20,-15,-20
2.484375,54,2179,2179,175,18,-20,-15,-20
2.48828125,53,2179,2179,174,18,-20,-15,-20
2.4921875,54,2179,2179,174,18,-20,-15,-20
2.49609375,53,2179,2179,175,18,-20,-15,-20
2.5,53,2179,2179,175,18,-20,-15,-20
2.50390625,53,2179,2179,174,18,-20,-15,-20
2.5078125,53,2179,2179,174,18,-20,-15,-20
2.51171875,53,2179,2179,174,18,-20,-15,-20
2.515625,53,2179,2179,174,18,-20,-15,-20
2.51953125,54,2179,2179,174,17,-20,-15,-20
2.5234375,54,2179,2179,173,18,-20,-15,-20
2.52734375,53,2179,2179,173,18,-20,-15,-20
2.53125,53,2179,2179,173,18,-20,-15,-21
2.53515625,53,2179,2179,173,18,-20,-15,-21
2.5390625,53,2179,2179,173,18,-20,-15,-21
2.54296875,53,2179,2179,173,18,-20,-15,-21
2.546875,52,2179,2179,174,18,-20,-15,-21
2.55078125,53,2179,2179,174,18,-20,-15,-21
2.5546875,52,2179,2179,174,18,-20,-15,-20
2.55859375,52,2179,2179,174,18,-20,-15,-21
2.5625,52,2179,2179,174,18,-20,-15,-20
2.56640625,51,2179,2179,173,18,-20,-15,-20
2.5703125,52,2179,2179,173,18,-20,-15,-20
2.57421875,51,2179,2179,173,18,-20,-15,-20
2.578125,51,2179,2179,173,18,-20,-15,-20
2.58203125,51,2179,2179,173,18,-20,-15,-20
2.5859375,51,2179,2179,173,18,-20,-15,-20
2.58984375,52,2179,2179,173,17,-20,-15,-20
2.59375,51,2179,2179,173,17,-20,-15,-20
2.59765625,51,2179,2179,174,18,-20,-15,-20
2.6015625,51,2179,2179,174,18,-20,-15,-20
2.60546875,51,2179,2179,174,18,-20,-15,-20
2.609375,50,2179,2179,174,17,-20,-15,-20
2.61328125,50,2179,2179,175,18,-20,-15,-20
2.6171875,50,2179,2179,175,18,-20,-15,-20
2.62109375,50,2179,2179,174,18,-20,-15,-20
2.625,50,2179,2179,174,18,-20,-15,-20
2.62890625,50,2179,2179,174,18,-20,-15,-20
2.6328125,50,2179,2179,174,18,-20,-15,-21
2.63671875,50,2179,2179,174,18,-20,-15,-20
2.640625,50,2179,2179,173,18,-20,-15,-21
2.64453125,49,2179,2179,173,17,-20,-15,-21
2.6484375,49,2179,2179,172,18,-20,-15,-21
2.65234375,49,2179,2179,169,18,-20,-15,-20
2.65625,49,2179,2179,163,18,-20,-15,-20
2.66015625,49,2179,2179,154,18,-20,-15,-20
2.6640625,49,2179,2179,143,18,-20,-15,-20
2.66796875,49,2179,2179,130,18,-20,-15,-20
2.671875,48,2179,2179,117,18,-20,-15,-20
2.67578125,48,2179,2179,106,18,-20,-15,-20
2.6796875,47,2179,2179,98,18,-20,-15,-20
2.68359375,47,2179,2179,93,18,-20,-15,-20
2.6875,47,2179,2179,92,18,-20,-15,-20
2.69140625,47,2179,2179,93,18,-20,-15,-20
2.6953125,46,2179,2179,95,18,-20,-15,-20
2.69921875,46,2179,2179,96,18,-20,-15,-20
2.703125,47,2179,2179,94,18,-20,-15,-20
2.70703125,47,2179,2179,89,18,-20,-15,-20
2.7109375,46,2179,2179,81,18,-20,-15,-20
2.71484375,46,2179,2179,72,18,-20,-15,-20
2.71875,46,2179,2179,61,18,-20,-15,-20
2.72265625,45,2179,2179,52,18,-20,-15,-20
2.7265625,45,2179,2179,45,18,-20,-15,-20
2.73046875,44,2179,2179,40,18,-20,-15,-20
2.734375,45,2179,2179,38,18,-20,-15,-20
2.73828125,44,2179,2179,36,18,-20,-15,-20
2.7421875,45,2179,2179,36,17,-20,-15,-20
2.74609375,44,2179,2179,36,18,-20,-15,-20
2.75,43,2179,2179,34,18,-20,-15,-20
2.75390625,43,2179,2179,33,17,-20,-15,-21
2.7578125,43,2179,2179,31,17,-20,-15,-21
2.76171875,42,2179,2179,30,18,-20,-15,-21
2.765625,42,2179,2179,29,18,-20,-15,-20
2.76953125,42,2179,2179,28,17,-20,-15,-21
2.7734375,41,2179,2179,28,17,-20,-15,-20
2.77734375,41,2179,2179,30,18,-20,-15,-21
2.78125,41,2179,2179,29,18,-20,-15,-21
2.78515625,40,2179,2179,29,18,-20,-15,-21
2.7890625,40,2179,2179,28,17,-20,-15,-21
2.79296875,40,2179,2179,28,17,-20,-15,-20
2.796875,39,2179,2179,28,18,-20,-15,-20
2.80078125,39,2179,2179,27,18,-20,-15,-20
2.8046875,39,2179,2179,27,17,-20,-15,-21
2.80859375,39,2179,2179,26,17,-20,-15,-20
2.8125,39,2179,2179,27,18,-20,-15,-20
2.81640625,39,2179,2179,27,18,-20,-15,-20
2.8203125,40,2179,2179,27,17,-20,-15,-20
2.82421875,40,2179,2179,27,18,-20,-15,-20
2.828125,40,2179,2179,27,18,-20,-15,-21
2.83203125,40,2179,2179,27,18,-20,-15,-20
2.8359375,40,2179,2179,27,18,-20,-15,-20
2.83984375,40,2179,2179,26,18,-20,-15,-20
2.84375,40,2179,2179,26,18,-20,-15,-20
2.84765625,39,2179,2179,26,18,-20,-15,-20
2.8515625,40,2179,2179,26,18,-20,-15,-20
2.85546875,40,2179,2179,26,18,-20,-15,-20
2.859375,40,2179,2179,26,18,-20,-15,-20
2.86328125,40,2179,2179,26,18,-20,-15,-20
2.8671875,40,2179,2179,26,18,-20,-15,-20
2.87109375,40,2179,2179,26,18,-20,-15,-20
2.875,40,2179,2179,26,18,-20,-15,-20
2.87890625,39,2179,2179,26,18,-20,-15,-20
2.8828125,39,2179,2179,26,18,-20,-15,-20
2.88671875,38,2179,2179,26,18,-20,-15,-20
2.890625,38,2179,2179,26,18,-20,-15,-20
2.89453125,37,2179,2179,26,18,-20,-15,-20
2.8984375,37,2179,2179,26,18,-20,-15,-20
2.90234375,37,2179,2179,25,18,-20,-15,-20
2.90625,37,2179,2179,25,18,-20,-15,-20
2.91015625,36,2179,2179,25,18,-20,-15,-20
2.9140625,36,2179,2179,24,18,-20,-15,-20
2.91796875,36,2179,2179,24,18,-20,-15,-20
2.921875,36,2179,2179,24,18,-20,-15,-20
2.92578125,36,2179,2179,24,18,-20,-15,-20
2.9296875,36,2179,2179,24,18,-20,-15,-21
2.93359375,35,2179,2179,24,18,-20,-15,-20
2.9375,35,2179,2179,24,18,-20,-15,-20
2.94140625,35,2179,2179,24,17,-20,-15,-20
2.9453125,34,2179,2179,24,18,-20,-15,-20
2.94921875,34,2179,2179,24,18,-20,-15,-20
2.953125,34,2179,2179,24,17,-20,-15,-20
2.95703125,34,2179,2179,24,17,-20,-15,-20
2.9609375,34,2179,2179,24,17,-20,-15,-20
2.96484375,35,2179,2179,24,18,-20,-15,-21
2.96875,35,2179,2179,24,18,-20,-15,-21
2.97265625,35,2179,2179,24,17,-20,-15,-21
2.9765625,35,2179,2179,24,18,-20,-15,-20
2.98046875,34,2179,2179,24,18,-20,-15,-20
2.984375,35,2179,2179,24,18,-20,-15,-20
2.98828125,34,2179,2179,24,18,-20,-15,-21
2.9921875,34,2179,2179,24,18,-20,-15,-21
2.99609375,33,2179,2179,24,18,-20,-15,-20
3.0,33,2179,2179,24,18,-20,-15,-21
3.00390625,33,2179,2179,24,18,-20,-15,-21
3.0078125,33,2179,2179,24,18,-20,-15,-20
3.01171875,33,2179,2179,24,18,-20,-15,-20
3.015625,33,2179,2179,25,18,-20,-15,-20
3.01953125,33,2179,2179,24,18,-20,-15,-20
3.0234375,33,2179,2179,24,18,-20,-15,-20
3.02734375,33,2179,2179,23,18,-20,-15,-20
3.03125,33,2179,2179,24,18,-20,-15,-20
3.03515625,33,2179,2179,24,18,-20,-15,-20
3.0390625,33,2179,2179,24,17,-20,-15,-20
3.04296875,33,2179,2179,24,17,-20,-15,-20
3.046875,32,2179,2179,24,18,-20,-15,-20
3.05078125,32,2179,2179,24,18,-20,-15,-20
3.0546875,32,2179,2179,24,18,-20,-14,-20
3.05859375,32,2179,2179,24,18,-20,-14,-20
3.0625,31,2179,2179,24,18,-20,-15,-20
3.06640625,31,2179,2179,24,18,-20,-15,-20
3.0703125,31,2179,2179,24,17,-20,-15,-20
3.07421875,31,2179,2179,24,17,-20,-15,-20
3.078125,31,2179,2179,24,18,-20,-15,-20
3.08203125,31,2179,2179,24,18,-20,-15,-21
3.0859375,31,2179,2179,24,18,-20,-15,-20
3.08984375,31,2179,2179,24,18,-20,-15,-20
3.09375,30,2179,2179,24,18,-20,-15,-20
3.09765625,30,2179,2179,24,18,-20,-15,-20
3.1015625,30,2179,2179,24,18,-20,-15,-20
3.10546875,30,2179,2179,24,18,-20,-15,-20
3.109375,29,2179,2179,24,18,-20,-15,-20
3.11328125,29,2179,2179,24,18,-20,-15,-20
3.1171875,29,2179,2179,24,18,-20,-15,-20
3.12109375,29,2179,2179,24,18,-20,-15,-20
3.125,29,2179,2179,24,18,-20,-15,-20
3.12890625,29,2179,2179,24,18,-20,-15,-20
3.1328125,29,2179,2179,24,18,-20,-15,-20
3.13671875,29,2179,2179,24,18,-20,-15,-20
3.140625,30,2179,2179,24,18,-20,-15,-20
3.14453125,29,2179,2179,24,18,-20,-15,-20
3.1484375,29,2179,2179,24,18,-20,-15,-20
3.15234375,29,2179,2179,23,18,-20,-15,-20
3.15625,29,2179,2179,24,17,-20,-15,-20
3.16015625,29,2179,2179,24,17,-20,-15,-20
3.1640625,29,2179,2179,24,17,-20,-15,-20
3.16796875,29,2179,2179,24,17,-20,-15,-20
3.171875,29,2179,2179,23,17,-20,-15,-20
3.17578125,29,2179,2179,23,17,-20,-15,-20
3.1796875,29,2179,2179,23,17,-20,-15,-20
3.18359375,29,2179,2179,23,17,-20,-15,-20
3.1875,29,2179,2179,23,17,-20,-15,-20
3.19140625,29,2179,2179,23,17,-20,-15,-20
3.1953125,28,2179,2179,24,17,-20,-15,-20
3.19921875,28,2179,2179,24,18,-20,-15,-20
3.203125,28,2179,2179,24,17,-20,-15,-21
3.20703125,28,2179,2179,24,18,-20,-15,-20
3.2109375,27,2179,2179,24,18,-20,-15,-21
3.21484375,27,2179,2179,24,18,-20,-15,-20
3.21875,28,2179,2179,24,18,-20,-15,-20
3.22265625,27,2179,2179,24,18,-20,-15,-20
3.2265625,27,2179,2179,24,18,-20,-15,-21
3.23046875,26,2179,2179,24,18,-20,-15,-20
3.234375,26,2179,2179,24,18,-20,-15,-20
3.23828125,26,2179,2179,24,18,-20,-15,-20
3.2421875,25,2179,2179,24,18,-20,-15,-20
3.24609375,25,2179,2179,24,18,-20,-15,-20
3.25,25,2179,2179,25,18,-20,-15,-20
3.25390625,25,2179,2179,24,18,-20,-15,-20
3.2578125,25,2179,2179,24,18,-20,-15,-20
3.26171875,24,2179,2179,25,18,-20,-15,-20
3.265625,24,2179,2179,25,18,-20,-15,-20
3.26953125,24,2179,2179,24,18,-20,-15,-20
3.2734375,25,2179,2179,24,18,-20,-15,-20
3.27734375,24,2179,2179,23,18,-20,-15,-20
3.28125,25,2179,2179,24,18,-20,-15,-20
3.28515625,25,2179,2179,24,18,-20,-15,-21
3.2890625,25,2179,2179,24,18,-20,-15,-21
3.29296875,25,2179,2179,24,17,-20,-15,-20
3.296875,25,2179,2179,24,18,-20,-15,-20
3.30078125,25,2179,2179,24,18,-20,-15,-20
3.3046875,25,2179,2179,24,18,-20,-15,-19
3.30859375,24,2179,2179,24,18,-20,-15,-20
3.3125,24,2179,2179,24,18,-20,-15,-20
3.31640625,24,2179,2179,24,18,-20,-15,-20
3.3203125,24,2179,2179,24,18,-20,-15,-20
3.32421875,24,2179,2179,24,18,-20,-15,-21
3.328125,24,2179,2179,24,18,-20,-15,-21
3.33203125,24,2179,2179,24,17,-20,-15,-20
3.3359375,25,2179,2179,24,17,-20,-15,-21
3.33984375,25,2179,2179,23,17,-20,-15,-20
3.34375,24,2179,2179,23,17,-20,-15,-20
3.34765625,24,2179,2179,24,17,-20,-15,-20
3.3515625,24,2179,2179,24,17,-20,-15,-20
3.35546875,24,2179,2179,24,17,-20,-15,-20
3.359375,24,2179,2179,24,17,-20,-15,-20
3.36328125,24,2179,2179,24,18,-20,-15,-20
3.3671875,24,2179,2179,24,18,-20,-15,-20
3.37109375,25,2179,2179,24,17,-20,-15,-20
3.375,25,2179,2179,24,17,-20,-15,-20
3.37890625,24,2179,2179,24,18,-20,-14,-20
3.3828125,24,2179,2179,24,18,-20,-15,-20
3.38671875,24,2179,2179,24,18,-20,-15,-20
3.390625,25,2179,2179,24,18,-20,-15,-20
3.39453125,24,2179,2179,24,18,-20,-15,-20
3.3984375,24,2179,2179,24,18,-20,-15,-20
3.40234375,25,2179,2179,24,18,-20,-15,-20
3.40625,25,2179,2179,24,18,-20,-15,-20
3.41015625,25,2179,2179,24,17,-20,-15,-21
3.4140625,24,2179,2179,24,18,-20,-15,-21
3.41796875,25,2179,2179,24,18,-20,-15,-20
3.421875,25,2179,2179,24,17,-20,-15,-20
3.42578125,25,2179,2179,24,18,-20,-15,-20
3.4296875,25,2179,2179,24,18,-20,-15,-20
3.43359375,25,2179,2179,24,18,-20,-15,-20
3.4375,25,2179,2179,24,18,-20,-15,-20
3.44140625,25,2179,2179,24,18,-20,-15,-20
3.4453125,24,2179,2179,24,18,-20,-15,-20
3.44921875,24,2179,2179,24,18,-20,-15,-20
3.453125,25,2179,2179,24,18,-20,-15,-21
3.45703125,25,2179,2179,24,18,-20,-15,-20
3.4609375,24,2179,2179,24,18,-20,-15,-20
3.46484375,25,2179,2179,24,18,-20,-15,-20
3.46875,25,2179,2179,24,18,-20,-15,-20
3.47265625,25,2179,2179,24,18,-20,-15,-20
3.4765625,25,2179,2179,24,18,-20,-15,-20
3.48046875,25,2179,2179,25,18,-20,-15,-20
3.484375,26,2179,2179,25,18,-20,-15,-20
3.48828125,26,2179,2179,24,18,-20,-15,-20
3.4921875,26,2179,2179,24,18,-20,-15,-20
3.49609375,25,2179,2179,24,18,-20,-15,-20
3.5,26,2179,2179,24,18,-20,-15,-20
3.50390625,26,2179,2179,24,18,-20,-15,-20
3.5078125,26,2179,2179,24,18,-20,-15,-20
3.51171875,26,2179,2179,24,18,-20,-15,-20
3.515625,27,2179,2179,24,18,-20,-15,-20
3.51953125,27,2179,2179,24,18,-20,-15,-20
3.5234375,27,2179,2179,24,17,-20,-15,-20
3.52734375,26,2179,2179,23,17,-20,-15,-20
3.53125,26,2179,2179,24,18,-20,-15,-21
3.53515625,27,2179,2179,24,18,-20,-15,-20
3.5390625,26,2179,2179,24,17,-20,-15,-20
3.54296875,26,2179,2179,24,17,-20,-15,-20
3.546875,26,2179,2179,24,18,-20,-15,-21
3.55078125,26,2179,2179,24,18,-20,-15,-20
3.5546875,26,2179,2179,24,18,-20,-15,-20
3.55859375,26,2179,2179,24,18,-20,-15,-20
3.5625,26,2179,2179,24,18,-20,-16,-20
3.56640625,26,2179,2179,24,18,-20,-15,-20
3.5703125,26,2179,2179,24,18,-20,-15,-20
3.57421875,26,2179,2179,24,18,-20,-15,-20
3.578125,25,2179,2179,24,18,-20,-15,-20
3.58203125,25,2179,2179,24,18,-20,-15,-20
3.5859375,25,2179,2179,24,18,-20,-15,-20
3.58984375,26,2179,2179,24,18,-20,-14,-20
3.59375,26,2179,2179,24,17,-20,-15,-20
3.59765625,26,2179,2179,24,18,-20,-15,-21
3.6015625,27,2179,2179,24,18,-20,-15,-20
3.60546875,27,2179,2179,24,17,-20,-15,-20
3.609375,27,2179,2179,24,17,-20,-15,-20
3.61328125,27,2179,2179,24,18,-20,-15,-20
3.6171875,27,2179,2179,24,18,-20,-15,-21
3.62109375,27,2179,2179,24,17,-20,-15,-20
3.625,27,2179,2179,24,18,-20,-15,-21
3.62890625,28,2179,2179,24,18,-20,-15,-20
3.6328125,28,2179,2179,24,18,-20,-15,-21
3.63671875,28,2179,2179,24,18,-20,-15,-20
3.640625,29,2179,2179,24,18,-20,-15,-21
3.64453125,29,2179,2179,24,18,-20,-15,-21
3.6484375,29,2179,2179,24,18,-20,-15,-21
3.65234375,29,2179,2179,24,18,-20,-15,-21
3.65625,29,2179,2179,24,18,-20,-15,-20
3.66015625,29,2179,2179,24,18,-20,-15,-20
3.6640625,29,2179,2179,25,18,-20,-15,-20
3.66796875,30,2179,2179,25,18,-20,-15,-20
3.671875,30,2179,2179,24,18,-20,-15,-20
3.67578125,29,2179,2179,24,18,-20,-15,-20
3.6796875,29,2179,2179,25,18,-20,-15,-20
3.68359375,29,2179,2179,25,19,-20,-15,-20
3.6875,30,2179,2179,24,18,-20,-15,-20
3.69140625,30,2179,2179,24,18,-20,-15,-20
3.6953125,29,2179,2179,25,19,-20,-15,-20
3.69921875,30,2179,2179,24,18,-20,-15,-20
3.703125,30,2179,2179,24,18,-20,-15,-20
3.70703125,31,2179,2179,24,18,-20,-15,-20
3.7109375,31,2179,2179,24,18,-20,-15,-20
3.71484375,31,2179,2179,24,18,-20,-15,-20
3.71875,32,2179,2179,24,18,-20,-15,-20
3.72265625,32,2179,2179,24,17,-20,-15,-20
3.7265625,31,2179,2179,24,17,-20,-15,-20
3.73046875,32,2179,2179,24,18,-20,-15,-20
3.734375,32,2179,2179,24,18,-20,-15,-20
3.73828125,32,2179,2179,24,17,-20,-15,-20
3.7421875,32,2179,2179,24,17,-20,-15,-20
3.74609375,31,2179,2179,24,18,-20,-15,-20
3.75,31,2179,2179,24,17,-20,-15,-20
3.75390625,31,2179,2179,24,17,-20,-15,-20
3.7578125,31,2179,2179,24,17,-20,-15,-20
3.76171875,30,2179,2179,24,18,-20,-15,-21
3.765625,30,2179,2179,24,18,-20,-15,-21
3.76953125,30,2179,2179,24,18,-20,-15,-21
3.7734375,30,2179,2179,24,17,-20,-15,-21
3.77734375,30,2179,2179,24,17,-20,-15,-21
3.78125,30,2179,2179,24,18,-20,-15,-21
3.78515625,31,2179,2179,24,18,-20,-15,-21
3.7890625,31,2179,2179,24,17,-20,-15,-20
3.79296875,31,2179,2179,24,17,-20,-15,-21
3.796875,31,2179,2179,24,18,-20,-15,-20
3.80078125,31,2179,2179,24,18,-20,-15,-20
3.8046875,31,2179,2179,24,18,-20,-15,-20
3.80859375,31,2179,2179,24,17,-20,-15,-20
3.8125,31,2179,2179,24,18,-20,-15,-20
3.81640625,31,2179,2179,25,18,-20,-15,-20
3.8203125,31,2179,2179,24,18,-20,-15,-20
3.82421875,31,2179,2179,24,18,-20,-15,-20
3.828125,31,2179,2179,25,18,-20,-15,-20
3.83203125,31,2179,2179,24,18,-20,-15,-20
3.8359375,32,2179,2179,24,18,-20,-15,-20
3.83984375,32,2179,2179,24,18,-20,-15,-20
3.84375,32,2179,2179,24,18,-20,-15,-20
3.84765625,32,2179,2179,24,18,-20,-15,-20
3.8515625,33,2179,2179,24,18,-20,-15,-20
3.85546875,33,2179,2179,24,18,-20,-15,-20
3.859375,33,2179,2179,24,18,-20,-15,-20
3.86328125,33,2179,2179,24,18,-20,-15,-21
3.8671875,33,2179,2179,24,18,-20,-15,-21
3.87109375,34,2179,2179,24,18,-20,-15,-21
3.875,34,2179,2179,24,18,-20,-15,-20
3.87890625,34,2179,2179,24,18,-20,-15,-20
3.8828125,33,2179,2179,24,18,-20,-15,-20
3.88671875,34,2179,2179,24,18,-20,-15,-20
3.890625,33,2179,2179,24,18,-20,-15,-20
3.89453125,33,2179,2179,24,18,-20,-15,-20
3.8984375,33,2179,2179,24,18,-20,-15,-20
3.90234375,33,2179,2179,24,18,-20,-15,-20
3.90625,33,2179,2179,24,18,-20,-15,-20
3.91015625,33,2179,2179,24,18,-20,-15,-20
3.9140625,33,2179,2179,24,18,-20,-15,-20
3.91796875,34,2179,2179,25,18,-20,-15,-20
3.921875,34,2179,2179,24,18,-20,-15,-20
3.92578125,34,2179,2179,24,18,-20,-15,-20
3.9296875,34,2179,2179,25,18,-20,-15,-20
3.93359375,34,2179,2179,25,18,-20,-15,-20
3.9375,34,2179,2179,24,18,-20,-14,-20
3.94140625,35,2179,2179,24,18,-20,-15,-20
3.9453125,35,2179,2179,24,18,-20,-15,-20
3.94921875,35,2179,2179,24,18,-20,-15,-20
3.953125,35,2179,2179,24,18,-20,-15,-20
3.95703125,35,2179,2179,24,18,-20,-15,-20
3.9609375,35,2179,2179,24,17,-20,-15,-20
3.96484375,35,2179,2179,24,18,-20,-15,-20
3.96875,35,2179,2179,24,18,-20,-15,-20
3.97265625,35,2179,2179,24,17,-20,-15,-20
3.9765625,35,2179,2179,24,18,-20,-15,-20
3.98046875,36,2179,2179,24,18,-20,-15,-20
3.984375,36,2179,2179,24,18,-20,-15,-20
3.98828125,36,2179,2179,24,18,-20,-15,-20
3.9921875,36,2179,2179,24,18,-20,-15,-20
3.99609375,36,2179,2179,24,18,-20,-15,-20
4.0,37,2179,2179,24,18,-20,-15,-20
4.00390625,37,2179,2179,24,18,-20,-15,-20
4.0078125,37,2179,2179,24,18,-20,-15,-20
4.01171875,37,2179,2179,24,18,-20,-15,-20
4.015625,37,2179,2179,24,18,-20,-15,-20
4.01953125,37,2179,2179,24,18,-20,-15,-20
4.0234375,38,2179,2179,24,18,-20,-15,-20
4.02734375,38,2179,2179,24,18,-20,-15,-20
4.03125,38,2179,2179,25,18,-20,-15,-20
4.03515625,38,2179,2179,25,18,-20,-15,-20
4.0390625,38,2179,2179,24,18,-20,-15,-20
4.04296875,38,2179,2179,24,18,-20,-15,-20
4.046875,38,2179,2179,24,18,-20,-15,-20
4.05078125,39,2179,2179,24,18,-20,-15,-20
4.0546875,39,2179,2179,24,18,-20,-15,-20
4.05859375,39,2179,2179,24,18,-20,-15,-20
4.0625,40,2179,2179,24,18,-20,-14,-20
4.06640625,40,2179,2179,24,18,-20,-15,-20
4.0703125,41,2179,2179,24,17,-20,-15,-20
4.07421875,41,2179,2179,24,18,-20,-15,-21
4.078125,41,2179,2179,24,18,-20,-15,-20
4.08203125,42,2179,2179,24,18,-20,-15,-21
4.0859375,42,2179,2179,24,18,-20,-15,-21
4.08984375,43,2179,2179,24,18,-20,-15,-20
4.09375,43,2179,2179,24,18,-20,-15,-20
4.09765625,43,2179,2179,24,18,-20,-15,-20
4.1015625,44,2179,2179,24,18,-20,-15,-20
4.10546875,44,2179,2179,24,18,-20,-15,-21
4.109375,44,2179,2179,24,18,-20,-15,-21
4.11328125,45,2179,2179,24,18,-20,-15,-21
4.1171875,46,2179,2179,24,18,-20,-15,-20
4.12109375,46,2179,2179,24,18,-20,-15,-21
4.125,47,2179,2179,24,18,-20,-15,-20
4.12890625,48,2179,2179,24,18,-20,-15,-20
4.1328125,49,2179,2179,25,18,-20,-15,-20
4.13671875,50,2179,2179,24,18,-20,-15,-20
4.140625,51,2179,2179,24,18,-20,-15,-20
4.14453125,52,2179,2179,24,18,-20,-15,-20
4.1484375,53,2179,2179,24,18,-20,-15,-20
4.15234375,54,2179,2179,24,18,-20,-15,-20
4.15625,55,2179,2179,24,18,-20,-15,-20
4.16015625,55,2179,2179,24,18,-20,-15,-20
4.1640625,57,2179,2179,24,18,-20,-15,-20
4.16796875,58,2179,2179,24,17,-20,-15,-20
4.171875,60,2179,2179,24,17,-20,-15,-20
4.17578125,61,2179,2179,24,17,-20,-15,-20
4.1796875,62,2179,2179,24,17,-20,-15,-20
4.18359375,63,2179,2179,24,17,-20,-15,-20
4.1875,64,2179,2179,23,17,-20,-14,-20
4.19140625,64,2179,2179,23,17,-20,-15,-20
4.1953125,64,2179,2179,24,18,-21,-15,-20
4.19921875,65,2179,2179,24,18,-20,-15,-20
4.203125,66,2179,2179,24,17,-20,-15,-20
4.20703125,66,2179,2179,24,17,-20,-15,-20
4.2109375,66,2179,2179,24,18,-20,-15,-20
4.21484375,67,2179,2179,24,18,-20,-15,-20
4.21875,68,2179,2179,24,18,-20,-15,-20
4.22265625,69,2179,2179,24,18,-20,-15,-20
4.2265625,69,2179,2179,24,18,-20,-15,-20
4.23046875,69,2179,2179,25,18,-20,-15,-20
4.234375,70,2179,2179,25,18,-20,-15,-20
4.23828125,70,2179,2179,24,18,-20,-15,-20
4.2421875,71,2179,2179,24,18,-20,-15,-20
4.24609375,71,2179,2179,25,19,-20,-15,-20
4.25,71,2179,2179,25,19,-20,-15,-20
4.25390625,72,2179,2179,24,18,-20,-15,-20
4.2578125,72,2179,2179,24,18,-20,-15,-20
4.26171875,72,2179,2179,25,19,-20,-15,-20
4.265625,73,2179,2179,25,19,-20,-15,-20
4.26953125,73,2179,2179,24,19,-20,-15,-20
4.2734375,74,2179,2179,24,18,-20,-15,-20
4.27734375,74,2179,2179,24,18,-20,-15,-20
4.28125,74,2179,2179,25,18,-20,-15,-20
4.28515625,74,2179,2179,25,18,-20,-15,-20
4.2890625,75,2179,2179,24,18,-20,-15,-20
4.29296875,75,2179,2179,24,18,-20,-15,-20
4.296875,75,2179,2179,25,18,-20,-15,-20
4.30078125,75,2179,2179,24,18,-20,-15,-20
4.3046875,76,2179,2179,24,18,-20,-15,-20
4.30859375,76,2179,2179,24,18,-20,-15,-21
4.3125,77,2179,2179,24,18,-20,-15,-20
4.31640625,77,2179,2179,25,18,-20,-15,-20
4.3203125,77,2179,2179,24,18,-18,-15,-20
4.32421875,77,2179,2179,24,18,-20,-15,-20
4.328125,76,2179,2179,24,18,-20,-15,-21
4.33203125,77,2179,2179,24,18,-20,-15,-20
4.3359375,77,2179,2179,24,18,-20,-15,-20
4.33984375,77,2179,2179,24,17,-20,-15,-20
4.34375,77,2179,2179,24,17,-20,-15,-20
4.34765625,77,2179,2179,24,18,-20,-15,-20
4.3515625,78,2179,2179,24,17,-20,-15,-20
4.35546875,78,2179,2179,24,17,-20,-15,-20
4.359375,78,2179,2179,24,17,-20,-15,-20
4.36328125,78,2179,2179,24,17,-20,-15,-20
4.3671875,78,2179,2179,24,18,-20,-15,-20
4.37109375,78,2179,2179,24,17,-20,-15,-20
4.375,79,2179,2179,24,17,-20,-15,-20
4.37890625,78,2179,2179,24,18,-20,-15,-20
4.3828125,78,2179,2179,24,18,-20,-15,-20
4.38671875,79,2179,2179,24,17,-20,-15,-20
4.390625,79,2179,2179,24,17,-20,-15,-20
4.39453125,78,2179,2179,24,17,-20,-15,-20
4.3984375,79,2179,2179,24,18,-20,-15,-20
4.40234375,79,2179,2179,24,17,-20,-15,-20
4.40625,79,2179,2179,24,17,-20,-15,-20
4.41015625,79,2179,2179,24,17,-20,-15,-20
4.4140625,79,2179,2179,24,17,-20,-15,-21
4.41796875,80,2179,2179,24,17,-20,-15,-20
4.421875,80,2179,2179,24,17,-20,-15,-20
4.42578125,80,2179,2179,24,17,-20,-15,-21
4.4296875,80,2179,2179,24,18,-20,-15,-20
4.43359375,80,2179,2179,24,18,-20,-15,-21
4.4375,80,2179,2179,24,18,-20,-15,-21
4.44140625,80,2179,2179,24,18,-20,-15,-20
4.4453125,80,2179,2179,25,18,-28,-15,-20
4.44921875,80,2179,2179,25,18,-20,-15,-20
4.453125,80,2179,2179,25,18,-20,-15,-20
4.45703125,80,2179,2179,26,18,-20,-15,-20
4.4609375,80,2179,2179,26,18,-20,-15,-20
4.46484375,80,2179,2179,27,18,-20,-15,-20
4.46875,80,2179,2179,28,18,-20,-15,-20
4.47265625,80,2179,2179,28,18,-20,-15,-20
4.4765625,80,2179,2179,29,18,-20,-15,-20
4.48046875,79,2179,2179,31,18,-20,-15,-20
4.484375,80,2179,2179,32,18,-20,-15,-20
4.48828125,80,2179,2179,33,18,-20,-15,-20
4.4921875,80,2179,2179,35,18,-20,-15,-20
4.49609375,80,2179,2179,37,18,-20,-15,-20
4.5,80,2179,2179,39,18,-20,-15,-20
4.50390625,81,2179,2179,41,18,-20,-15,-20
4.5078125,81,2179,2179,43,18,-20,-15,-20
4.51171875,81,2179,2179,45,18,-20,-15,-20
4.515625,81,2179,2179,47,18,-20,-15,-20
4.51953125,81,2179,2179,49,18,-20,-15,-20
4.5234375,81,2179,2179,50,17,-20,-15,-20
4.52734375,80,2179,2179,52,18,-20,-15,-20
4.53125,80,2179,2179,55,18,-20,-15,-20
4.53515625,81,2179,2179,57,18,-20,-15,-20
4.5390625,81,2179,2179,59,18,-20,-15,-21
4.54296875,81,2179,2179,61,18,-20,-15,-20
4.546875,81,2179,2179,64,18,-20,-15,-21
4.55078125,81,2179,2179,66,18,-20,-15,-21
4.5546875,81,2179,2179,69,18,-20,-15,-21
4.55859375,81,2179,2179,72,18,-20,-15,-20
4.5625,80,2179,2179,75,18,-20,-15,-20
4.56640625,80,2179,2179,79,18,-20,-15,-20
4.5703125,80,2179,2179,82,18,-13,-15,-20
4.57421875,81,2179,2179,86,17,-20,-15,-20
4.578125,81,2179,2179,89,18,-20,-15,-20
4.58203125,81,2179,2179,91,18,-20,-15,-20
4.5859375,81,2179,2179,93,18,-20,-15,-20
4.58984375,82,2179,2179,94,17,-20,-14,-20
4.59375,81,2179,2179,95,17,-20,-15,-20
4.59765625,81,2179,2179,97,18,-20,-15,-20
4.6015625,81,2179,2179,99,18,-20,-15,-20
4.60546875,81,2179,2179,102,18,-20,-15,-20
4.609375,81,2179,2179,106,17,-20,-15,-20
4.61328125,81,2179,2179,111,18,-20,-15,-20
4.6171875,81,2179,2179,116,18,-20,-15,-20
4.62109375,82,2179,2179,119,17,-20,-15,-20
4.625,82,2179,2179,122,17,-20,-15,-20
4.62890625,81,2179,2179,124,18,-20,-15,-20
4.6328125,81,2179,2179,124,18,-20,-15,-21
4.63671875,81,2179,2179,124,18,-20,-15,-21
4.640625,81,2179,2179,124,18,-20,-15,-21
4.64453125,80,2179,2179,125,18,-20,-15,-21
4.6484375,80,2179,2179,126,18,-20,-15,-21
4.65234375,80,2179,2179,128,18,-20,-15,-20
4.65625,80,2179,2179,130,18,-20,-15,-21
4.66015625,80,2179,2179,132,18,-20,-15,-20
4.6640625,81,2179,2179,134,18,-20,-15,-21
4.66796875,81,2179,2179,135,18,-20,-15,-20
4.671875,81,2179,2179,135,18,-20,-15,-20
4.67578125,80,2179,2179,135,18,-20,-15,-20
4.6796875,80,2179,2179,135,18,-20,-15,-20
4.68359375,80,2179,2179,135,18,-20,-15,-20
4.6875,80,2179,2179,135,18,-20,-15,-20
4.69140625,80,2179,2179,136,18,-20,-15,-20
4.6953125,80,2179,2179,138,18,-25,-15,-20
4.69921875,80,2179,2179,139,18,-20,-15,-20
4.703125,81,2179,2179,140,18,-20,-15,-20
4.70703125,81,2179,2179,141,18,-20,-15,-20
4.7109375,80,2179,2179,141,18,-20,-15,-20
4.71484375,80,2179,2179,141,18,-20,-15,-20
4.71875,81,2179,2179,140,18,-20,-15,-20
4.72265625,80,2179,2179,140,17,-20,-15,-20
4.7265625,80,2179,2179,141,17,-20,-15,-20
4.73046875,80,2179,2179,142,18,-20,-15,-20
4.734375,80,2179,2179,143,18,-20,-15,-20
4.73828125,80,2179,2179,144,17,-20,-15,-20
4.7421875,80,2179,2179,145,17,-20,-15,-20
4.74609375,80,2179,2179,146,18,-20,-15,-20
4.75,79,2179,2179,146,18,-20,-15,-20
4.75390625,80,2179,2179,145,18,-20,-15,-20
4.7578125,79,2179,2179,146,18,-20,-15,-20
4.76171875,79,2179,2179,147,18,-20,-15,-20
4.765625,79,2179,2179,148,18,-20,-15,-21
4.76953125,80,2179,2179,148,18,-20,-15,-20
4.7734375,80,2179,2179,149,18,-20,-15,-21
4.77734375,80,2179,2179,150,18,-20,-15,-21
4.78125,80,2179,2179,150,18,-20,-15,-21
4.78515625,80,2179,2179,150,18,-20,-15,-20
4.7890625,79,2179,2179,149,17,-20,-15,-20
4.79296875,79,2179,2179,149,17,-20,-15,-20
4.796875,79,2179,2179,149,18,-20,-15,-20
4.80078125,79,2179,2179,150,18,-20,-15,-20
4.8046875,79,2179,2179,150,17,-20,-15,-20
4.80859375,79,2179,2179,151,17,-20,-14,-20
4.8125,79,2179,2179,152,18,-20,-15,-20
4.81640625,79,2179,2179,153,18,-20,-15,-20
4.8203125,79,2179,2179,153,17,-16,-15,-20
4.82421875,78,2179,2179,153,18,-20,-15,-20
4.828125,78,2179,2179,153,18,-20,-15,-20
4.83203125,78,2179,2179,153,18,-20,-15,-20
4.8359375,78,2179,2179,152,18,-20,-15,-20
4.83984375,78,2179,2179,152,18,-20,-15,-20
4.84375,78,2179,2179,152,18,-20,-15,-20
4.84765625,79,2179,2179,153,18,-20,-15,-20
4.8515625,79,2179,2179,153,18,-20,-15,-20
4.85546875,79,2179,2179,153,18,-20,-15,-20
4.859375,79,2179,2179,153,18,-20,-15,-21
4.86328125,79,2179,2179,153,18,-20,-15,-21
4.8671875,79,2179,2179,153,18,-20,-15,-21
4.87109375,79,2179,2179,153,18,-20,-15,-21
4.875,78,2179,2179,153,18,-20,-15,-21
4.87890625,78,2179,2179,154,18,-20,-15,-21
4.8828125,78,2179,2179,154,18,-20,-15,-21
4.88671875,78,2179,2179,154,18,-20,-15,-21
4.890625,78,2179,2179,155,18,-20,-15,-20
4.89453125,78,2179,2179,155,18,-20,-15,-21
4.8984375,78,2179,2179,155,18,-20,-15,-20
4.90234375,78,2179,2179,155,18,-20,-15,-21
4.90625,78,2179,2179,155,18,-20,-15,-20
4.91015625,77,2179,2179,155,18,-20,-15,-20
4.9140625,77,2179,2179,156,18,-20,-15,-20
4.91796875,78,2179,2179,156,18,-20,-15,-20
4.921875,77,2179,2179,155,18,-20,-15,-20
4.92578125,76,2179,2179,156,18,-20,-15,-20
4.9296875,77,2179,2179,156,18,-20,-15,-20
4.93359375,77,2179,2179,156,18,-20,-15,-20
4.9375,77,2179,2179,156,18,-20,-15,-20
4.94140625,77,2179,2179,155,18,-20,-15,-20
4.9453125,77,2179,2179,156,18,-22,-15,-20
4.94921875,77,2179,2179,156,18,-20,-15,-20
4.953125,78,2179,2179,155,18,-20,-15,-20
4.95703125,78,2179,2179,155,17,-20,-15,-20
4.9609375,78,2179,2179,156,18,-20,-15,-20
4.96484375,78,2179,2179,157,18,-20,-15,-20
4.96875,78,2179,2179,157,18,-20,-15,-20
4.97265625,78,2179,2179,157,18,-20,-15,-20
4.9765625,78,2179,2179,157,18,-20,-15,-20
4.98046875,78,2179,2179,158,18,-20,-15,-21
4.984375,78,2179,2179,158,18,-20,-15,-20
4.98828125,78,2179,2179,157,17,-20,-15,-20
4.9921875,77,2179,2179,157,17,-20,-15,-20
4.99609375,77,2179,2179,158,18,-20,-15,-21
5.0,76,2179,2179,158,18,-20,-15,-20
5.00390625,76,2179,2179,158,18,-20,-15,-20
5.0078125,76,2179,2179,159,18,-20,-15,-20
5.01171875,76,2179,2179,159,18,-20,-15,-20
5.015625,76,2179,2179,160,18,-20,-15,-20
5.01953125,76,2179,2179,160,18,-20,-15,-20
5.0234375,76,2179,2179,160,18,-20,-15,-20
5.02734375,76,2179,2179,159,18,-20,-15,-20
5.03125,76,2179,2179,159,18,-20,-15,-20
5.03515625,77,2179,2179,159,18,-20,-15,-20
5.0390625,77,2179,2179,158,18,-20,-15,-20
5.04296875,76,2179,2179,159,18,-20,-15,-20
5.046875,76,2179,2179,159,18,-20,-15,-20
5.05078125,76,2179,2179,160,18,-20,-15,-20
5.0546875,76,2179,2179,160,18,-20,-15,-20
5.05859375,76,2179,2179,160,18,-20,-15,-20
5.0625,76,2179,2179,161,18,-20,-15,-21
5.06640625,76,2179,2179,161,18,-20,-15,-21
5.0703125,76,2179,2179,161,18,-18,-15,-21
5.07421875,76,2179,2179,161,18,-20,-15,-21
5.078125,76,2179,2179,161,19,-20,-15,-21
5.08203125,75,2179,2179,161,18,-20,-15,-21
5.0859375,76,2179,2179,160,18,-20,-15,-21
5.08984375,75,2179,2179,160,18,-20,-15,-21
5.09375,75,2179,2179,160,18,-20,-15,-20
5.09765625,75,2179,2179,161,19,-20,-15,-20
5.1015625,75,2179,2179,161,18,-20,-15,-20
5.10546875,75,2179,2179,161,18,-20,-15,-20
5.109375,74,2179,2179,161,18,-20,-15,-20
5.11328125,74,2179,2179,161,18,-20,-15,-21
5.1171875,74,2179,2179,162,18,-20,-15,-20
5.12109375,74,2179,2179,162,18,-20,-15,-20
5.125,73,2179,2179,162,18,-20,-15,-20
5.12890625,73,2179,2179,163,18,-20,-15,-20
5.1328125,72,2179,2179,163,18,-20,-15,-20
5.13671875,72,2179,2179,163,18,-20,-15,-20
5.140625,72,2179,2179,163,18,-20,-15,-20
5.14453125,72,2179,2179,163,18,-20,-15,-20
5.1484375,72,2179,2179,163,18,-20,-15,-20
5.15234375,72,2179,2179,162,18,-20,-15,-20
5.15625,72,2179,2179,162,17,-20,-15,-20
5.16015625,72,2179,2179,162,17,-20,-15,-20
5.1640625,72,2179,2179,162,17,-20,-15,-20
5.16796875,72,2179,2179,162,17,-20,-15,-20
5.171875,72,2179,2179,162,17,-20,-15,-20
5.17578125,72,2179,2179,162,17,-20,-15,-20
5.1796875,72,2179,2179,162,17,-20,-15,-20
5.18359375,71,2179,2179,162,18,-20,-15,-20
5.1875,71,2179,2179,162,17,-20,-15,-21
5.19140625,71,2179,2179,162,17,-20,-15,-21
5.1953125,71,2179,2179,163,18,-21,-15,-21
5.19921875,70,2179,2179,163,18,-20,-15,-21
5.203125,71,2179,2179,164,17,-20,-15,-20
5.20703125,70,2179,2179,164,17,-20,-15,-20
5.2109375,70,2179,2179,164,17,-20,-15,-20
5.21484375,70,2179,2179,164,18,-20,-15,-20
5.21875,70,2179,2179,164,18,-20,-15,-20
5.22265625,70,2179,2179,163,18,-20,-15,-20
5.2265625,69,2179,2179,163,18,-20,-15,-20
5.23046875,69,2179,2179,163,18,-20,-15,-20
5.234375,69,2179,2179,163,18,-20,-15,-20
5.23828125,69,2179,2179,163,18,-20,-15,-20
5.2421875,69,2179,2179,163,18,-20,-15,-20
5.24609375,69,2179,2179,164,18,-20,-15,-20
5.25,69,2179,2179,164,18,-20,-15,-20
5.25390625,70,2179,2179,164,18,-20,-15,-20
5.2578125,70,2179,2179,164,18,-20,-15,-20
5.26171875,69,2179,2179,164,18,-20,-15,-20
5.265625,69,2179,2179,165,18,-20,-15,-20
5.26953125,69,2179,2179,164,18,-20,-15,-20
5.2734375,69,2179,2179,165,18,-20,-15,-20
5.27734375,69,2179,2179,165,18,-20,-15,-20
5.28125,69,2179,2179,165,18,-20,-15,-20
5.28515625,69,2179,2179,165,18,-20,-15,-20
5.2890625,69,2179,2179,164,18,-20,-15,-20
5.29296875,69,2179,2179,165,18,-20,-15,-20
5.296875,69,2179,2179,165,18,-20,-15,-20
5.30078125,69,2179,2179,165,18,-20,-15,-21
5.3046875,68,2179,2179,165,18,-20,-15,-20
5.30859375,68,2179,2179,165,18,-20,-15,-20
5.3125,67,2179,2179,165,18,-20,-15,-20
5.31640625,66,2179,2179,166,18,-20,-15,-20
5.3203125,66,2179,2179,165,18,-19,-15,-20
5.32421875,66,2179,2179,165,18,-20,-15,-20
5.328125,65,2179,2179,165,17,-20,-15,-21
5.33203125,65,2179,2179,165,18,-20,-15,-21
5.3359375,66,2179,2179,164,18,-20,-15,-21
5.33984375,65,2179,2179,164,17,-20,-15,-20
5.34375,65,2179,2179,164,17,-20,-15,-21
5.34765625,65,2179,2179,164,18,-20,-15,-21
5.3515625,65,2179,2179,164,18,-20,-15,-20
5.35546875,64,2179,2179,165,17,-20,-15,-20
5.359375,64,2179,2179,165,17,-20,-15,-20
5.36328125,64,2179,2179,166,18,-20,-15,-20
5.3671875,63,2179,2179,166,18,-20,-15,-20
5.37109375,64,2179,2179,166,17,-20,-15,-20
5.375,63,2179,2179,167,18,-20,-15,-20
5.37890625,63,2179,2179,167,18,-20,-15,-20
5.3828125,63,2179,2179,167,18,-20,-15,-20
5.38671875,64,2179,2179,166,18,-20,-15,-20
5.390625,64,2179,2179,166,17,-20,-15,-20
5.39453125,63,2179,2179,166,18,-20,-15,-20
5.3984375,63,2179,2179,166,18,-20,-15,-20
5.40234375,64,2179,2179,166,18,-20,-15,-20
5.40625,63,2179,2179,166,18,-20,-15,-20
5.41015625,63,2179,2179,166,17,-20,-15,-20
5.4140625,63,2179,2179,167,18,-20,-15,-21
5.41796875,63,2179,2179,167,18,-20,-15,-20
5.421875,64,2179,2179,166,18,-20,-15,-21
5.42578125,64,2179,2179,166,18,-20,-15,-21
5.4296875,63,2179,2179,167,18,-20,-15,-20
5.43359375,62,2179,2179,167,18,-20,-15,-21
5.4375,62,2179,2179,167,18,-20,-15,-21
5.44140625,62,2179,2179,168,18,-20,-15,-20
5.4453125,61,2179,2179,168,18,-20,-15,-20
5.44921875,61,2179,2179,169,18,-20,-15,-20
5.453125,61,2179,2179,169,17,-20,-15,-20
5.45703125,61,2179,2179,169,18,-20,-15,-20
5.4609375,61,2179,2179,169,18,-20,-15,-20
5.46484375,61,2179,2179,169,19,-20,-15,-20
5.46875,61,2179,2179,169,18,-20,-14,-20
5.47265625,61,2179,2179,168,18,-20,-15,-20
5.4765625,61,2179,2179,168,18,-20,-15,-20
5.48046875,60,2179,2179,168,18,-20,-15,-20
5.484375,60,2179,2179,168,19,-20,-15,-20
5.48828125,61,2179,2179,168,18,-20,-15,-20
5.4921875,60,2179,2179,167,18,-20,-15,-20
5.49609375,60,2179,2179,168,18,-20,-15,-20
5.5,60,2179,2179,168,18,-20,-15,-20
5.50390625,60,2179,2179,168,18,-20,-15,-20
5.5078125,60,2179,2179,168,18,-20,-15,-20
5.51171875,60,2179,2179,168,18,-20,-15,-20
5.515625,60,2179,2179,169,18,-20,-15,-20
5.51953125,60,2179,2179,168,18,-20,-15,-20
5.5234375,60,2179,2179,168,17,-20,-15,-20
5.52734375,60,2179,2179,168,18,-20,-15,-20
5.53125,61,2179,2179,168,18,-20,-15,-20
5.53515625,61,2179,2179,168,18,-20,-15,-20
5.5390625,61,2179,2179,168,18,-20,-15,-20
5.54296875,60,2179,2179,168,18,-20,-15,-20
5.546875,60,2179,2179,168,18,-20,-15,-20
5.55078125,60,2179,2179,168,18,-20,-15,-20
5.5546875,60,2179,2179,168,18,-20,-15,-20
5.55859375,60,2179,2179,168,18,-20,-15,-20
5.5625,59,2179,2179,168,18,-20,-15,-20
5.56640625,59,2179,2179,168,18,-20,-15,-20
5.5703125,59,2179,2179,168,18,-20,-15,-20
5.57421875,59,2179,2179,168,18,-20,-15,-20
5.578125,59,2179,2179,168,17,-20,-15,-20
5.58203125,59,2179,2179,168,18,-20,-15,-20
5.5859375,59,2179,2179,168,18,-20,-15,-20
5.58984375,59,2179,2179,168,17,-19,-15,-20
5.59375,59,2179,2179,168,18,-20,-15,-20
5.59765625,59,2179,2179,168,18,-20,-15,-20
5.6015625,60,2179,2179,168,18,-20,-15,-21
5.60546875,60,2179,2179,168,17,-20,-15,-20
5.609375,59,2179,2179,168,17,-20,-15,-20
5.61328125,59,2179,2179,168,18,-20,-15,-20
5.6171875,59,2179,2179,168,18,-20,-15,-20
5.62109375,59,2179,2179,168,17,-20,-15,-21
5.625,59,2179,2179,168,18,-20,-15,-21
5.62890625,59,2179,2179,169,18,-20,-15,-20
5.6328125,58,2179,2179,169,18,-20,-15,-20
5.63671875,58,2179,2179,169,18,-20,-15,-21
5.640625,58,2179,2179,169,18,-20,-15,-21
5.64453125,58,2179,2179,170,18,-20,-15,-20
5.6484375,58,2179,2179,170,18,-20,-15,-21
5.65234375,58,2179,2179,169,18,-20,-15,-20
5.65625,58,2179,2179,169,18,-20,-15,-20
5.66015625,58,2179,2179,168,18,-20,-15,-20
5.6640625,57,2179,2179,169,18,-20,-15,-20
5.66796875,58,2179,2179,168,18,-20,-15,-20
5.671875,57,2179,2179,168,18,-20,-15,-20
5.67578125,57,2179,2179,168,18,-20,-15,-20
5.6796875,57,2179,2179,169,18,-20,-15,-20
5.68359375,57,2179,2179,169,18,-20,-15,-20
5.6875,57,2179,2179,169,18,-20,-15,-20
5.69140625,57,2179,2179,169,18,-20,-15,-20
5.6953125,57,2179,2179,169,18,-20,-15,-20
5.69921875,57,2179,2179,169,18,-19,-15,-20
5.703125,57,2179,2179,169,18,-20,-15,-20
5.70703125,57,2179,2179,169,18,-20,-15,-20
5.7109375,57,2179,2179,170,18,-20,-15,-20
5.71484375,57,2179,2179,170,18,-20,-15,-20
5.71875,57,2179,2179,170,18,-20,-15,-20
5.72265625,57,2179,2179,169,18,-20,-15,-20
5.7265625,57,2179,2179,169,17,-20,-15,-20
5.73046875,56,2179,2179,169,17,-20,-15,-20
5.734375,57,2179,2179,168,17,-20,-15,-21
5.73828125,56,2179,2179,168,17,-20,-15,-21
5.7421875,56,2179,2179,167,17,-20,-15,-21
5.74609375,55,2179,2179,168,18,-20,-15,-21
5.75,56,2179,2179,168,18,-20,-15,-21
5.75390625,56,2179,2179,168,18,-20,-15,-21
5.7578125,56,2179,2179,169,18,-20,-15,-21
5.76171875,55,2179,2179,169,18,-20,-15,-21
5.765625,55,2179,2179,170,18,-20,-15,-21
5.76953125,55,2179,2179,170,18,-20,-15,-21
5.7734375,55,2179,2179,170,17,-20,-15,-21
5.77734375,54,2179,2179,170,17,-20,-15,-20
5.78125,54,2179,2179,170,18,-20,-15,-20
5.78515625,54,2179,2179,169,18,-20,-15,-20
5.7890625,53,2179,2179,168,17,-20,-15,-20
5.79296875,53,2179,2179,168,17,-20,-15,-20
5.796875,53,2179,2179,168,18,-20,-15,-20
5.80078125,53,2179,2179,168,18,-20,-15,-20
5.8046875,52,2179,2179,168,18,-20,-15,-20
5.80859375,52,2179,2179,168,17,-20,-15,-20
5.8125,52,2179,2179,168,18,-20,-15,-20
5.81640625,51,2179,2179,169,18,-20,-15,-20
5.8203125,51,2179,2179,168,18,-20,-15,-20
5.82421875,51,2179,2179,168,18,-20,-15,-20
5.828125,51,2179,2179,167,17,-20,-15,-20
5.83203125,51,2179,2179,165,18,-20,-15,-21
5.8359375,51,2179,2179,162,18,-20,-15,-20
5.83984375,51,2179,2179,155,18,-20,-15,-20
5.84375,51,2179,2179,148,18,-20,-15,-21
5.84765625,51,2179,2179,138,18,-20,-15,-21
5.8515625,51,2179,2179,127,18,-20,-15,-21
5.85546875,50,2179,2179,115,18,-20,-15,-21
5.859375,49,2179,2179,105,18,-20,-15,-21
5.86328125,49,2179,2179,96,18,-20,-15,-22
5.8671875,49,2179,2179,88,18,-20,-15,-21
5.87109375,49,2179,2179,83,18,-20,-15,-20
5.875,48,2179,2179,79,18,-20,-15,-20
5.87890625,48,2179,2179,75,18,-20,-15,-21
5.8828125,47,2179,2179,71,18,-20,-15,-20
5.88671875,47,2179,2179,64,18,-20,-15,-20
5.890625,47,2179,2179,57,18,-20,-15,-20
5.89453125,46,2179,2179,50,18,-20,-15,-20
5.8984375,45,2179,2179,43,18,-20,-15,-20
5.90234375,45,2179,2179,36,18,-20,-15,-20
5.90625,45,2179,2179,32,18,-20,-15,-20
5.91015625,45,2179,2179,29,18,-20,-15,-20
5.9140625,45,2179,2179,28,18,-20,-15,-20
5.91796875,45,2179,2179,27,18,-20,-15,-20
5.921875,45,2179,2179,26,18,-20,-15,-20
5.92578125,45,2179,2179,26,18,-20,-15,-20
5.9296875,45,2179,2179,25,18,-20,-15,-20
5.93359375,45,2179,2179,24,18,-20,-15,-21
5.9375,45,2179,2179,23,18,-20,-15,-20
5.94140625,45,2179,2179,22,17,-20,-15,-21
5.9453125,44,2179,2179,22,18,-20,-15,-20
5.94921875,44,2179,2179,22,18,-20,-15,-20
5.953125,44,2179,2179,22,17,-20,-15,-20
5.95703125,43,2179,2179,23,17,-20,-15,-20
5.9609375,42,2179,2179,23,17,-20,-15,-20
5.96484375,42,2179,2179,24,18,-20,-15,-20
5.96875,42,2179,2179,24,18,-20,-15,-20
5.97265625,42,2179,2179,24,17,-20,-15,-20
5.9765625,42,2179,2179,23,17,-20,-15,-20
5.98046875,42,2179,2179,23,18,-20,-15,-20
5.984375,42,2179,2179,23,18,-20,-15,-20
5.98828125,42,2179,2179,23,18,-20,-15,-21
5.9921875,41,2179,2179,23,18,-20,-15,-20
5.99609375,41,2179,2179,24,18,-20,-15,-20
6.0,41,2179,2179,24,18,-20,-15,-20
6.00390625,40,2179,2179,24,18,-20,-15,-20
6.0078125,40,2179,2179,24,18,-20,-15,-20
6.01171875,39,2179,2179,25,18,-20,-15,-20
6.015625,39,2179,2179,25,18,-20,-15,-20
6.01953125,40,2179,2179,24,18,-20,-15,-20
6.0234375,40,2179,2179,24,18,-20,-15,-20
6.02734375,39,2179,2179,24,18,-20,-15,-20
6.03125,39,2179,2179,24,18,-20,-15,-20
6.03515625,39,2179,2179,24,18,-20,-15,-20
6.0390625,39,2179,2179,24,18,-20,-15,-20
6.04296875,38,2179,2179,24,18,-20,-15,-20
6.046875,38,2179,2179,25,18,-20,-15,-20
6.05078125,38,2179,2179,25,18,-20,-15,-20
6.0546875,38,2179,2179,24,18,-20,-15,-20
6.05859375,38,2179,2179,24,18,-20,-15,-20
6.0625,38,2179,2179,24,18,-20,-15,-20
6.06640625,38,2179,2179,24,18,-20,-15,-20
6.0703125,38,2179,2179,24,18,-20,-15,-21
6.07421875,38,2179,2179,24,18,-20,-15,-21
6.078125,37,2179,2179,24,17,-20,-15,-21
6.08203125,37,2179,2179,24,18,-20,-15,-21
6.0859375,37,2179,2179,24,18,-20,-15,-21
6.08984375,37,2179,2179,24,18,-20,-15,-21
6.09375,36,2179,2179,24,18,-20,-15,-20
6.09765625,36,2179,2179,25,18,-20,-15,-20
6.1015625,36,2179,2179,25,18,-20,-15,-20
6.10546875,36,2179,2179,24,18,-20,-15,-20
6.109375,35,2179,2179,24,18,-20,-15,-20
6.11328125,35,2179,2179,25,19,-20,-15,-21
6.1171875,35,2179,2179,25,18,-20,-15,-20
6.12109375,34,2179,2179,24,18,-20,-15,-20
6.125,34,2179,2179,24,18,-20,-15,-20
6.12890625,34,2179,2179,25,18,-20,-15,-20
6.1328125,34,2179,2179,24,18,-20,-15,-20
6.13671875,34,2179,2179,24,18,-20,-15,-20
6.140625,35,2179,2179,24,18,-20,-15,-20
6.14453125,34,2179,2179,24,18,-20,-15,-20
6.1484375,34,2179,2179,24,18,-20,-15,-20
6.15234375,34,2179,2179,24,18,-20,-15,-20
6.15625,34,2179,2179,24,17,-20,-15,-20
6.16015625,33,2179,2179,24,17,-20,-15,-20
6.1640625,33,2179,2179,24,18,-20,-15,-20
6.16796875,33,2179,2179,24,18,-20,-15,-20
6.171875,33,2179,2179,24,17,-20,-15,-20
6.17578125,33,2179,2179,24,17,-20,-15,-20
6.1796875,33,2179,2179,24,18,-20,-15,-21
6.18359375,33,2179,2179,24,18,-20,-15,-20
6.1875,33,2179,2179,24,17,-20,-15,-21
6.19140625,33,2179,2179,24,17,-20,-15,-21
6.1953125,33,2179,2179,24,18,-20,-15,-21
6.19921875,33,2179,2179,24,18,-20,-15,-21
6.203125,33,2179,2179,24,18,-20,-15,-20
6.20703125,33,2179,2179,24,17,-20,-15,-20
6.2109375,33,2179,2179,23,18,-20,-15,-20
6.21484375,33,2179,2179,24,18,-20,-15,-20
6.21875,33,2179,2179,24,18,-20,-15,-20
6.22265625,33,2179,2179,24,18,-20,-15,-20
6.2265625,32,2179,2179,24,18,-20,-15,-20
6.23046875,32,2179,2179,24,18,-20,-15,-20
6.234375,32,2179,2179,25,18,-20,-15,-20
6.23828125,32,2179,2179,24,18,-20,-15,-19
6.2421875,32,2179,2179,24,18,-20,-15,-20
6.24609375,31,2179,2179,25,19,-20,-15,-20
6.25,31,2179,2179,25,18,-20,-15,-20
6.25390625,31,2179,2179,24,18,-20,-15,-20
6.2578125,31,2179,2179,24,18,-20,-15,-20
6.26171875,31,2179,2179,24,18,-20,-15,-20
6.265625,31,2179,2179,25,18,-20,-15,-20
6.26953125,31,2179,2179,24,18,-20,-15,-20
6.2734375,31,2179,2179,24,18,-20,-15,-20
6.27734375,30,2179,2179,24,18,-20,-15,-20
6.28125,30,2179,2179,24,18,-20,-15,-20
6.28515625,31,2179,2179,24,18,-20,-15,-20
6.2890625,31,2179,2179,24,18,-20,-15,-20
6.29296875,30,2179,2179,24,18,-20,-15,-20
6.296875,30,2179,2179,24,18,-20,-15,-21
6.30078125,30,2179,2179,24,18,-20,-15,-21
6.3046875,30,2179,2179,24,18,-20,-15,-21
6.30859375,30,2179,2179,24,18,-20,-15,-21
6.3125,30,2179,2179,24,18,-20,-15,-21
6.31640625,29,2179,2179,24,18,-20,-15,-20
6.3203125,30,2179,2179,24,18,-20,-15,-21
6.32421875,30,2179,2179,24,18,-20,-15,-20
6.328125,29,2179,2179,24,18,-20,-15,-20
6.33203125,29,2179,2179,24,18,-20,-15,-20
6.3359375,30,2179,2179,23,18,-20,-15,-21
6.33984375,29,2179,2179,23,17,-20,-15,-21
6.34375,29,2179,2179,24,17,-20,-15,-20
6.34765625,29,2179,2179,24,18,-20,-15,-20
6.3515625,29,2179,2179,24,18,-20,-15,-20
6.35546875,29,2179,2179,24,17,-20,-15,-20
6.359375,29,2179,2179,24,17,-20,-15,-20
6.36328125,29,2179,2179,24,18,-20,-15,-20
6.3671875,29,2179,2179,24,18,-20,-15,-20
6.37109375,29,2179,2179,24,18,-20,-15,-20
6.375,29,2179,2179,24,18,-20,-15,-20
6.37890625,28,2179,2179,24,18,-20,-15,-20
6.3828125,29,2179,2179,24,18,-20,-15,-20
6.38671875,29,2179,2179,24,18,-20,-15,-20
6.390625,29,2179,2179,24,17,-20,-15,-20
6.39453125,29,2179,2179,24,18,-20,-15,-20
6.3984375,30,2179,2179,24,18,-20,-15,-20
6.40234375,30,2179,2179,24,18,-20,-15,-20
6.40625,30,2179,2179,24,18,-20,-15,-21
6.41015625,30,2179,2179,24,18,-20,-15,-21
6.4140625,30,2179,2179,24,18,-20,-15,-21
6.41796875,30,2179,2179,24,18,-20,-15,-21
6.421875,30,2179,2179,24,18,-20,-15,-21
6.42578125,30,2179,2179,24,18,-20,-15,-21
6.4296875,30,2179,2179,24,18,-20,-15,-21
6.43359375,30,2179,2179,24,18,-20,-15,-21
6.4375,30,2179,2179,24,18,-20,-15,-21
6.44140625,30,2179,2179,24,18,-20,-15,-21
6.4453125,29,2179,2179,24,18,-20,-15,-20
6.44921875,29,2179,2179,24,18,-20,-15,-20
6.453125,29,2179,2179,24,18,-20,-15,-20
6.45703125,29,2179,2179,24,18,-20,-15,-20
6.4609375,29,2179,2179,24,18,-20,-15,-20
6.46484375,29,2179,2179,24,18,-20,-15,-20
6.46875,29,2179,2179,24,18,-20,-15,-20
6.47265625,29,2179,2179,24,18,-20,-15,-20
6.4765625,29,2179,2179,24,18,-20,-15,-20
6.48046875,29,2179,2179,24,18,-20,-15,-20
6.484375,29,2179,2179,25,18,-20,-15,-20
6.48828125,29,2179,2179,24,18,-20,-15,-19
6.4921875,29,2179,2179,24,18,-20,-15,-20
6.49609375,28,2179,2179,25,18,-20,-15,-20
6.5,28,2179,2179,25,18,-20,-15,-20
6.50390625,29,2179,2179,24,18,-20,-15,-20
6.5078125,29,2179,2179,24,18,-20,-15,-20
6.51171875,29,2179,2179,24,18,-20,-15,-20
6.515625,29,2179,2179,24,18,-20,-15,-20
6.51953125,30,2179,2179,24,18,-20,-15,-21
6.5234375,30,2179,2179,24,18,-20,-15,-20
6.52734375,30,2179,2179,24,17,-20,-15,-21
6.53125,29,2179,2179,24,18,-20,-15,-20
6.53515625,29,2179,2179,24,18,-20,-15,-21
6.5390625,29,2179,2179,24,18,-20,-15,-20
6.54296875,28,2179,2179,24,18,-20,-15,-21
6.546875,28,2179,2179,24,18,-20,-15,-21
6.55078125,28,2179,2179,24,18,-20,-15,-21
6.5546875,28,2179,2179,24,18,-20,-15,-20
6.55859375,28,2179,2179,24,18,-20,-15,-21
6.5625,28,2179,2179,24,18,-20,-15,-20
6.56640625,28,2179,2179,24,18,-20,-15,-20
6.5703125,29,2179,2179,24,17,-20,-15,-20
6.57421875,29,2179,2179,24,17,-19,-15,-20
6.578125,28,2179,2179,24,17,-19,-15,-20
6.58203125,28,2179,2179,24,18,-20,-15,-20
6.5859375,29,2179,2179,24,18,-20,-15,-20
6.58984375,29,2179,2179,24,17,-20,-15,-20
6.59375,29,2179,2179,24,18,-20,-15,-20
6.59765625,29,2179,2179,24,18,-20,-15,-20
6.6015625,29,2179,2179,24,18,-20,-15,-20
6.60546875,29,2179,2179,24,17,-20,-15,-20
6.609375,29,2179,2179,24,17,-20,-15,-20
6.61328125,29,2179,2179,24,18,-20,-15,-20
6.6171875,29,2179,2179,24,17,-20,-15,-20
6.62109375,29,2179,2179,24,17,-20,-16,-20
6.625,29,2179,2179,24,17,-20,-15,-20
6.62890625,29,2179,2179,24,17,-20,-15,-20
6.6328125,29,2179,2179,24,18,-20,-15,-20
6.63671875,29,2179,2179,24,17,-20,-15,-20
6.640625,29,2179,2179,24,17,-20,-15,-20
6.64453125,29,2179,2179,24,18,-20,-15,-20
6.6484375,29,2179,2179,24,18,-20,-15,-20
6.65234375,29,2179,2179,24,18,-20,-15,-21
6.65625,29,2179,2179,24,18,-20,-15,-20
6.66015625,29,2179,2179,24,18,-20,-15,-20
6.6640625,29,2179,2179,25,18,-20,-15,-20
6.66796875,29,2179,2179,25,18,-20,-15,-20
6.671875,29,2179,2179,24,18,-20,-15,-20
6.67578125,28,2179,2179,24,18,-20,-15,-20
6.6796875,28,2179,2179,25,18,-20,-15,-20
6.68359375,28,2179,2179,25,19,-20,-15,-20
6.6875,28,2179,2179,24,18,-20,-15,-20
6.69140625,28,2179,2179,24,18,-20,-15,-20
6.6953125,28,2179,2179,25,18,-20,-15,-20
6.69921875,28,2179,2179,25,19,-20,-15,-20
6.703125,29,2179,2179,24,19,-20,-15,-20
6.70703125,29,2179,2179,24,18,-20,-15,-20
6.7109375,29,2179,2179,24,18,-20,-15,-20
6.71484375,29,2179,2179,25,18,-20,-15,-21
6.71875,30,2179,2179,25,18,-20,-15,-20
6.72265625,30,2179,2179,24,18,-20,-15,-20
6.7265625,29,2179,2179,24,18,-20,-15,-20
6.73046875,29,2179,2179,24,18,-20,-15,-21
6.734375,30,2179,2179,24,18,-20,-15,-20
6.73828125,30,2179,2179,24,17,-20,-15,-20
6.7421875,30,2179,2179,24,17,-20,-15,-20
6.74609375,30,2179,2179,24,18,-20,-16,-21
6.75,30,2179,2179,24,18,-20,-15,-20
6.75390625,30,2179,2179,24,18,-20,-15,-20
6.7578125,30,2179,2179,24,17,-20,-15,-20
6.76171875,29,2179,2179,24,18,-20,-15,-20
6.765625,29,2179,2179,24,18,-20,-15,-20
6.76953125,29,2179,2179,24,18,-20,-15,-20
6.7734375,29,2179,2179,24,17,-20,-15,-20
6.77734375,28,2179,2179,24,17,-20,-15,-20
6.78125,28,2179,2179,24,18,-20,-15,-21
6.78515625,28,2179,2179,24,18,-20,-15,-20
6.7890625,29,2179,2179,24,17,-20,-15,-20
6.79296875,28,2179,2179,24,17,-20,-15,-20
6.796875,29,2179,2179,24,18,-20,-15,-20
6.80078125,29,2179,2179,24,18,-20,-15,-20
6.8046875,29,2179,2179,24,18,-20,-15,-20
6.80859375,30,2179,2179,24,17,-20,-14,-20
6.8125,29,2179,2179,24,18,-20,-14,-20
6.81640625,30,2179,2179,24,18,-19,-15,-20
6.8203125,30,2179,2179,24,18,-20,-15,-20
6.82421875,30,2179,2179,24,18,-20,-15,-20
6.828125,30,2179,2179,24,18,-20,-15,-20
6.83203125,31,2179,2179,24,18,-19,-15,-20
6.8359375,31,2179,2179,24,18,-19,-15,-20
6.83984375,32,2179,2179,24,18,-20,-15,-20
6.84375,31,2179,2179,24,18,-20,-15,-20
6.84765625,31,2179,2179,24,18,-20,-15,-21
6.8515625,31,2179,2179,24,18,-20,-15,-20
6.85546875,31,2179,2179,24,18,-20,-14,-20
6.859375,31,2179,2179,24,18,-20,-15,-21
6.86328125,31,2179,2179,24,19,-20,-15,-20
6.8671875,31,2179,2179,24,18,-20,-15,-21
6.87109375,32,2179,2179,24,18,-20,-14,-20
6.875,32,2179,2179,24,18,-20,-15,-20
6.87890625,31,2179,2179,24,18,-20,-15,-20
6.8828125,32,2179,2179,24,18,-20,-15,-20
6.88671875,32,2179,2179,24,18,-20,-15,-21
6.890625,32,2179,2179,24,17,-20,-15,-21
6.89453125,31,2179,2179,24,18,-20,-15,-20
6.8984375,31,2179,2179,24,18,-20,-15,-20
6.90234375,31,2179,2179,24,18,-20,-15,-20
6.90625,31,2179,2179,24,18,-20,-15,-20
6.91015625,30,2179,2179,24,18,-20,-15,-20
6.9140625,30,2179,2179,24,18,-20,-14,-20
6.91796875,31,2179,2179,24,18,-20,-15,-20
6.921875,31,2179,2179,24,18,-20,-14,-20
6.92578125,31,2179,2179,24,18,-20,-15,-20
6.9296875,30,2179,2179,24,18,-20,-15,-20
6.93359375,30,2179,2179,25,18,-20,-15,-20
6.9375,31,2179,2179,24,18,-20,-15,-20
6.94140625,31,2179,2179,24,18,-20,-15,-20
6.9453125,31,2179,2179,24,18,-20,-15,-20
6.94921875,31,2179,2179,24,18,-20,-15,-20
6.953125,32,2179,2179,24,18,-20,-15,-20
6.95703125,32,2179,2179,24,18,-20,-15,-20
6.9609375,32,2179,2179,24,18,-20,-15,-21
6.96484375,32,2179,2179,24,18,-20,-15,-21
6.96875,32,2179,2179,24,18,-20,-15,-21
6.97265625,32,2179,2179,24,18,-20,-15,-20
6.9765625,32,2179,2179,24,18,-20,-15,-20
6.98046875,32,2179,2179,24,18,-20,-15,-20
6.984375,32,2179,2179,24,18,-20,-15,-20
6.98828125,32,2179,2179,24,18,-20,-15,-20
6.9921875,32,2179,2179,24,18,-20,-15,-21
6.99609375,32,2179,2179,24,18,-20,-15,-20
7.0,32,2179,2179,24,18,-20,-15,-20
7.00390625,33,2179,2179,24,18,-20,-15,-20
7.0078125,33,2179,2179,24,18,-20,-15,-20
7.01171875,33,2179,2179,24,18,-20,-15,-20
7.015625,33,2179,2179,25,18,-20,-15,-20
7.01953125,34,2179,2179,24,18,-20,-15,-20
7.0234375,34,2179,2179,24,18,-20,-15,-20
7.02734375,34,2179,2179,24,18,-20,-15,-20
7.03125,34,2179,2179,24,18,-20,-15,-20
7.03515625,34,2179,2179,24,18,-20,-15,-20
7.0390625,35,2179,2179,24,18,-20,-15,-20
7.04296875,34,2179,2179,24,18,-20,-15,-20
7.046875,35,2179,2179,24,18,-20,-14,-20
7.05078125,35,2179,2179,24,18,-20,-15,-20
7.0546875,35,2179,2179,24,18,-20,-15,-20
7.05859375,36,2179,2179,24,18,-20,-15,-20
7.0625,36,2179,2179,24,18,-20,-15,-20
7.06640625,36,2179,2179,24,18,-20,-15,-21
7.0703125,37,2179,2179,24,18,-20,-15,-20
7.07421875,36,2179,2179,24,18,-20,-15,-20
7.078125,36,2179,2179,25,18,-20,-15,-20
7.08203125,36,2179,2179,25,19,-20,-15,-20
7.0859375,36,2179,2179,25,19,-20,-15,-20
7.08984375,36,2179,2179,24,18,-20,-15,-20
7.09375,36,2179,2179,25,18,-20,-15,-20
7.09765625,36,2179,2179,25,19,-20,-15,-20
7.1015625,36,2179,2179,25,19,-20,-15,-20
7.10546875,36,2179,2179,24,18,-20,-15,-20
7.109375,36,2179,2179,24,18,-20,-15,-20
7.11328125,36,2179,2179,24,18,-20,-15,-20
7.1171875,36,2179,2179,24,18,-20,-15,-20
7.12109375,36,2179,2179,24,18,-20,-14,-20
7.125,36,2179,2179,24,18,-20,-15,-20
7.12890625,36,2179,2179,24,18,-20,-15,-20
7.1328125,36,2179,2179,24,18,-20,-15,-20
7.13671875,36,2179,2179,24,18,-20,-15,-20
7.140625,36,2179,2179,24,18,-20,-15,-20
7.14453125,37,2179,2179,24,18,-20,-15,-20
7.1484375,37,2179,2179,24,18,-20,-15,-20
7.15234375,37,2179,2179,24,18,-20,-15,-20
7.15625,38,2179,2179,24,17,-20,-15,-20
7.16015625,38,2179,2179,24,17,-20,-15,-20
7.1640625,38,2179,2179,24,17,-20,-15,-20
7.16796875,39,2179,2179,24,17,-20,-15,-20
7.171875,39,2179,2179,23,17,-20,-15,-20
7.17578125,39,2179,2179,23,17,-20,-15,-20
7.1796875,39,2179,2179,24,17,-20,-15,-20
7.18359375,39,2179,2179,24,17,-20,-15,-20
7.1875,40,2179,2179,23,17,-20,-15,-20
7.19140625,40,2179,2179,23,17,-20,-15,-20
7.1953125,41,2179,2179,24,17,-20,-15,-20
7.19921875,41,2179,2179,24,17,-20,-15,-20
7.203125,42,2179,2179,24,18,-20,-15,-21
7.20703125,42,2179,2179,24,17,-20,-15,-21
7.2109375,42,2179,2179,24,17,-20,-15,-20
7.21484375,42,2179,2179,24,18,-20,-15,-20
7.21875,43,2179,2179,24,18,-20,-15,-20
7.22265625,43,2179,2179,24,18,-20,-15,-20
7.2265625,43,2179,2179,24,18,-20,-15,-20
7.23046875,44,2179,2179,24,18,-20,-15,-20
7.234375,44,2179,2179,25,18,-20,-15,-20
7.23828125,45,2179,2179,24,18,-20,-15,-20
7.2421875,45,2179,2179,24,18,-20,-15,-20
7.24609375,46,2179,2179,25,18,-20,-14,-20
7.25,47,2179,2179,25,18,-20,-15,-20
7.25390625,47,2179,2179,24,18,-20,-15,-20
7.2578125,48,2179,2179,24,18,-20,-15,-20
7.26171875,48,2179,2179,25,18,-20,-15,-20
7.265625,49,2179,2179,25,18,-20,-15,-20
7.26953125,49,2179,2179,24,18,-20,-15,-20
7.2734375,50,2179,2179,24,18,-20,-15,-20
7.27734375,50,2179,2179,24,18,-20,-15,-20
7.28125,51,2179,2179,25,18,-20,-15,-20
7.28515625,52,2179,2179,25,18,-20,-15,-20
7.2890625,53,2179,2179,24,18,-20,-15,-20
7.29296875,53,2179,2179,24,18,-20,-15,-20
7.296875,54,2179,2179,25,18,-20,-15,-21
7.30078125,55,2179,2179,25,19,-20,-15,-21
7.3046875,55,2179,2179,24,18,-20,-15,-21
7.30859375,56,2179,2179,24,18,-20,-15,-21
7.3125,56,2179,2179,24,18,-20,-15,-21
7.31640625,56,2179,2179,24,18,-20,-15,-20
7.3203125,57,2179,2179,23,18,-20,-15,-21
7.32421875,57,2179,2179,23,18,-20,-15,-20
7.328125,57,2179,2179,23,18,-20,-15,-20
7.33203125,58,2179,2179,23,18,-20,-15,-20
7.3359375,58,2179,2179,23,18,-20,-15,-20
7.33984375,58,2179,2179,23,17,-20,-15,-20
7.34375,58,2179,2179,24,17,-20,-15,-20
7.34765625,58,2179,2179,24,18,-20,-15,-20
7.3515625,58,2179,2179,24,18,-20,-15,-20
7.35546875,59,2179,2179,24,18,-20,-15,-20
7.359375,59,2179,2179,24,17,-20,-15,-20
7.36328125,59,2179,2179,24,18,-20,-15,-20
7.3671875,59,2179,2179,24,18,-20,-15,-20
7.37109375,60,2179,2179,24,18,-20,-14,-20
7.375,60,2179,2179,24,17,-20,-15,-21
7.37890625,60,2179,2179,24,18,-25,-15,-20
7.3828125,60,2179,2179,24,18,-20,-15,-20
7.38671875,61,2179,2179,24,17,-20,-15,-20
7.390625,61,2179,2179,24,17,-20,-15,-20
7.39453125,61,2179,2179,24,18,-20,-15,-20
7.3984375,61,2179,2179,24,18,-20,-15,-21
7.40234375,61,2179,2179,24,18,-20,-15,-20
7.40625,61,2179,2179,24,17,-20,-15,-21
7.41015625,61,2179,2179,24,18,-20,-15,-21
7.4140625,62,2179,2179,24,18,-20,-15,-21
7.41796875,62,2179,2179,24,18,-20,-15,-21
7.421875,62,2179,2179,24,18,-20,-15,-21
7.42578125,62,2179,2179,24,18,-20,-15,-21
7.4296875,62,2179,2179,24,18,-20,-15,-20
7.43359375,62,2179,2179,24,18,-20,-15,-21
7.4375,62,2179,2179,24,18,-20,-15,-21
7.44140625,62,2179,2179,24,18,-20,-15,-20
7.4453125,61,2179,2179,24,18,-20,-15,-20
7.44921875,61,2179,2179,24,18,-20,-15,-20
7.453125,62,2179,2179,24,18,-20,-15,-20
7.45703125,62,2179,2179,24,18,-20,-15,-20
7.4609375,62,2179,2179,24,18,-20,-15,-20
7.46484375,62,2179,2179,25,18,-20,-15,-20
7.46875,62,2179,2179,24,18,-20,-15,-20
7.47265625,63,2179,2179,24,18,-20,-15,-20
7.4765625,63,2179,2179,24,18,-20,-15,-20
7.48046875,63,2179,2179,24,18,-20,-15,-20
7.484375,64,2179,2179,24,18,-20,-15,-20
7.48828125,64,2179,2179,24,18,-20,-15,-20
7.4921875,64,2179,2179,24,18,-20,-15,-20
7.49609375,64,2179,2179,24,18,-20,-15,-20
7.5,64,2179,2179,24,18,-20,-15,-20
7.50390625,65,2179,2179,24,18,-14,-15,-20
7.5078125,65,2179,2179,24,17,-20,-15,-20
7.51171875,65,2179,2179,24,18,-20,-15,-20
7.515625,65,2179,2179,24,18,-20,-15,-20
7.51953125,66,2179,2179,24,18,-20,-15,-20
7.5234375,66,2179,2179,24,17,-20,-15,-20
7.52734375,66,2179,2179,24,17,-20,-15,-21
7.53125,66,2179,2179,24,18,-20,-15,-21
7.53515625,66,2179,2179,24,18,-20,-15,-21
7.5390625,66,2179,2179,24,17,-20,-15,-20
7.54296875,66,2179,2179,24,17,-20,-15,-21
7.546875,66,2179,2179,24,18,-20,-15,-21
7.55078125,66,2179,2179,24,18,-20,-15,-20
7.5546875,66,2179,2179,24,18,-20,-15,-20
7.55859375,67,2179,2179,24,18,-20,-15,-20
7.5625,66,2179,2179,24,18,-20,-15,-20
7.56640625,67,2179,2179,24,18,-20,-15,-20
7.5703125,67,2179,2179,24,18,-20,-15,-20
7.57421875,67,2179,2179,24,18,-20,-15,-20
7.578125,67,2179,2179,24,17,-20,-15,-20
7.58203125,67,2179,2179,24,18,-20,-15,-20
7.5859375,68,2179,2179,24,18,-20,-15,-20
7.58984375,68,2179,2179,24,17,-20,-15,-20
7.59375,68,2179,2179,24,17,-20,-15,-20
7.59765625,68,2179,2179,24,17,-20,-15,-20
7.6015625,69,2179,2179,24,17,-20,-15,-21
7.60546875,69,2179,2179,24,17,-20,-15,-20
7.609375,68,2179,2179,24,17,-20,-15,-20
7.61328125,69,2179,2179,24,18,-20,-15,-20
7.6171875,69,2179,2179,24,18,-20,-15,-20
7.62109375,69,2179,2179,24,18,-20,-15,-20
7.625,70,2179,2179,24,18,-20,-15,-21
7.62890625,69,2179,2179,24,18,-27,-15,-20
7.6328125,70,2179,2179,24,18,-20,-15,-20
7.63671875,70,2179,2179,24,18,-20,-15,-21
7.640625,70,2179,2179,24,18,-20,-15,-21
7.64453125,69,2179,2179,24,18,-20,-15,-21
7.6484375,69,2179,2179,24,18,-20,-15,-21
7.65234375,69,2179,2179,24,18,-20,-15,-21
7.65625,69,2179,2179,24,18,-20,-15,-20
7.66015625,69,2179,2179,24,18,-20,-15,-21
7.6640625,69,2179,2179,25,18,-20,-15,-20
7.66796875,69,2179,2179,25,18,-20,-15,-20
7.671875,70,2179,2179,25,18,-20,-15,-20
7.67578125,70,2179,2179,25,18,-20,-15,-20
7.6796875,70,2179,2179,26,18,-20,-15,-20
7.68359375,70,2179,2179,26,18,-20,-15,-20
7.6875,71,2179,2179,26,18,-19,-15,-20
7.69140625,71,2179,2179,27,18,-19,-15,-20
7.6953125,70,2179,2179,27,18,-20,-15,-20
7.69921875,71,2179,2179,28,18,-20,-15,-20
7.703125,71,2179,2179,28,18,-20,-15,-20
7.70703125,71,2179,2179,29,18,-20,-15,-20
7.7109375,71,2179,2179,29,18,-20,-15,-20
7.71484375,71,2179,2179,30,18,-20,-15,-20
7.71875,71,2179,2179,31,18,-20,-15,-20
7.72265625,72,2179,2179,32,18,-20,-15,-20
7.7265625,72,2179,2179,32,17,-20,-15,-20
7.73046875,72,2179,2179,34,18,-20,-15,-20
7.734375,72,2179,2179,35,18,-20,-15,-20
7.73828125,73,2179,2179,36,17,-20,-15,-20
7.7421875,73,2179,2179,37,18,-20,-15,-20
7.74609375,73,2179,2179,39,18,-20,-15,-21
7.75,73,2179,2179,40,18,-20,-15,-20
7.75390625,73,2179,2179,42,17,-14,-15,-20
7.7578125,73,2179,2179,43,17,-20,-15,-20
7.76171875,73,2179,2179,45,18,-20,-15,-20
7.765625,73,2179,2179,47,18,-20,-15,-21
7.76953125,73,2179,2179,49,17,-20,-15,-20
7.7734375,73,2179,2179,52,17,-20,-15,-20
7.77734375,73,2179,2179,54,17,-20,-15,-20
7.78125,73,2179,2179,57,17,-20,-15,-20
7.78515625,73,2179,2179,59,17,-20,-15,-20
7.7890625,73,2179,2179,61,17,-20,-15,-20
7.79296875,73,2179,2179,63,17,-20,-15,-20
7.796875,73,2179,2179,64,18,-20,-15,-20
7.80078125,73,2179,2179,66,18,-20,-15,-20
7.8046875,73,2179,2179,68,18,-20,-15,-20
7.80859375,73,2179,2179,70,18,-20,-14,-20
7.8125,73,2179,2179,73,18,-20,-14,-20
7.81640625,74,2179,2179,76,18,-19,-15,-20
7.8203125,74,2179,2179,79,18,-20,-15,-21
7.82421875,75,2179,2179,81,18,-20,-15,-20
7.828125,75,2179,2179,84,17,-20,-15,-20
7.83203125,75,2179,2179,86,18,-20,-15,-20
7.8359375,75,2179,2179,88,18,-20,-15,-21
7.83984375,75,2179,2179,90,17,-20,-15,-21
7.84375,75,2179,2179,92,18,-20,-15,-21
7.84765625,75,2179,2179,95,18,-20,-15,-21
7.8515625,75,2179,2179,98,18,-20,-15,-20
7.85546875,75,2179,2179,100,18,-20,-15,-20
7.859375,74,2179,2179,103,18,-20,-15,-20
7.86328125,74,2179,2179,105,18,-20,-15,-21
7.8671875,74,2179,2179,108,18,-20,-15,-21
7.87109375,74,2179,2179,109,18,-20,-15,-20
7.875,75,2179,2179,112,18,-20,-15,-20
7.87890625,74,2179,2179,115,18,-23,-15,-20
7.8828125,74,2179,2179,118,18,-20,-15,-20
7.88671875,75,2179,2179,120,18,-20,-15,-20
7.890625,75,2179,2179,122,17,-20,-15,-20
7.89453125,74,2179,2179,124,18,-20,-15,-20
7.8984375,74,2179,2179,126,18,-20,-15,-20
7.90234375,75,2179,2179,126,18,-20,-15,-20
7.90625,75,2179,2179,127,17,-20,-15,-20
7.91015625,75,2179,2179,128,17,-20,-15,-20
7.9140625,75,2179,2179,129,18,-20,-15,-20
7.91796875,75,2179,2179,131,18,-20,-15,-20
7.921875,75,2179,2179,133,17,-20,-15,-20
7.92578125,75,2179,2179,135,18,-20,-15,-20
7.9296875,75,2179,2179,137,18,-20,-15,-20
7.93359375,75,2179,2179,139,18,-20,-15,-20
7.9375,75,2179,2179,140,18,-20,-15,-20
7.94140625,76,2179,2179,141,18,-20,-15,-20
7.9453125,75,2179,2179,142,18,-20,-15,-20
7.94921875,76,2179,2179,142,18,-20,-15,-20
7.953125,76,2179,2179,142,18,-20,-15,-20
7.95703125,76,2179,2179,143,17,-20,-15,-21
7.9609375,76,2179,2179,143,17,-20,-15,-21
7.96484375,76,2179,2179,145,18,-20,-15,-21
7.96875,76,2179,2179,145,18,-20,-15,-21
7.97265625,76,2179,2179,146,18,-20,-15,-21
7.9765625,75,2179,2179,147,18,-20,-15,-21
7.98046875,75,2179,2179,148,18,-20,-15,-21
7.984375,75,2179,2179,149,18,-20,-15,-21
7.98828125,75,2179,2179,149,18,-20,-15,-20
7.9921875,74,2179,2179,149,17,-20,-15,-21
7.99609375,74,2179,2179,150,18,-20,-15,-20
8.0,74,2179,2179,150,17,-20,-15,-20
8.00390625,74,2179,2179,150,17,-17,-15,-20
8.0078125,74,2179,2179,150,17,-20,-15,-20
8.01171875,74,2179,2179,151,18,-20,-15,-20
8.015625,74,2179,2179,152,18,-20,-14,-20
8.01953125,74,2179,2179,153,18,-20,-15,-20
8.0234375,74,2179,2179,154,18,-20,-15,-20
8.02734375,74,2179,2179,155,18,-20,-15,-20
8.03125,74,2179,2179,156,18,-20,-15,-20
8.03515625,74,2179,2179,157,18,-20,-14,-20
8.0390625,74,2179,2179,158,18,-20,-14,-20
8.04296875,74,2179,2179,158,18,-20,-15,-20
8.046875,74,2179,2179,159,18,-20,-15,-20
8.05078125,75,2179,2179,159,18,-20,-15,-20
8.0546875,75,2179,2179,158,18,-19,-15,-20
8.05859375,75,2179,2179,158,18,-20,-15,-20
8.0625,75,2179,2179,158,18,-20,-15,-20
8.06640625,75,2179,2179,158,18,-20,-15,-20
8.0703125,75,2179,2179,157,18,-20,-15,-20
8.07421875,75,2179,2179,157,18,-20,-15,-20
8.078125,74,2179,2179,157,18,-20,-15,-20
8.08203125,74,2179,2179,157,18,-20,-15,-20
8.0859375,75,2179,2179,157,18,-20,-15,-20
8.08984375,75,2179,2179,158,18,-20,-15,-20
8.09375,74,2179,2179,158,18,-20,-15,-21
8.09765625,75,2179,2179,159,18,-20,-15,-20
8.1015625,75,2179,2179,160,19,-20,-15,-20
8.10546875,75,2179,2179,160,18,-20,-15,-20
8.109375,74,2179,2179,160,18,-20,-15,-20
8.11328125,74,2179,2179,160,18,-20,-15,-20
8.1171875,74,2179,2179,160,18,-20,-15,-20
8.12109375,74,2179,2179,160,18,-20,-15,-20
8.125,74,2179,2179,160,18,-20,-15,-20
8.12890625,74,2179,2179,161,18,-21,-15,-20
8.1328125,74,2179,2179,161,18,-20,-15,-20
8.13671875,74,2179,2179,160,19,-20,-15,-20
8.140625,74,2179,2179,160,18,-20,-15,-20
8.14453125,74,2179,2179,160,18,-20,-15,-20
8.1484375,74,2179,2179,159,18,-20,-15,-20
8.15234375,74,2179,2179,159,18,-20,-15,-20
8.15625,73,2179,2179,159,18,-20,-15,-20
8.16015625,73,2179,2179,159,17,-20,-15,-20
8.1640625,73,2179,2179,160,18,-20,-15,-20
8.16796875,73,2179,2179,160,17,-20,-15,-20
8.171875,73,2179,2179,160,17,-20,-15,-21
8.17578125,73,2179,2179,160,17,-20,-15,-21
8.1796875,72,2179,2179,161,17,-20,-15,-21
8.18359375,72,2179,2179,161,17,-20,-15,-21
8.1875,73,2179,2179,161,17,-20,-15,-20
8.19140625,73,2179,2179,161,17,-20,-15,-21
8.1953125,73,2179,2179,161,18,-20,-15,-21
8.19921875,73,2179,2179,161,18,-20,-15,-21
8.203125,73,2179,2179,161,18,-20,-15,-21
8.20703125,73,2179,2179,161,17,-20,-15,-20
8.2109375,72,2179,2179,161,17,-20,-15,-20
8.21484375,72,2179,2179,161,18,-20,-15,-20
8.21875,72,2179,2179,161,18,-20,-15,-20
8.22265625,72,2179,2179,161,18,-20,-15,-20
8.2265625,71,2179,2179,161,18,-20,-15,-20
8.23046875,71,2179,2179,162,18,-20,-15,-20
8.234375,71,2179,2179,162,18,-20,-15,-20
8.23828125,71,2179,2179,162,18,-20,-15,-20
8.2421875,70,2179,2179,163,18,-20,-15,-20
8.24609375,70,2179,2179,163,18,-20,-15,-20
8.25,70,2179,2179,163,18,-20,-15,-20
8.25390625,70,2179,2179,163,18,-18,-15,-20
8.2578125,70,2179,2179,163,18,-20,-15,-20
8.26171875,70,2179,2179,164,18,-20,-15,-20
8.265625,69,2179,2179,164,18,-20,-15,-20
8.26953125,70,2179,2179,164,18,-20,-15,-20
8.2734375,70,2179,2179,164,18,-20,-14,-20
8.27734375,70,2179,2179,164,18,-20,-15,-20
8.28125,70,2179,2179,164,18,-20,-15,-20
8.28515625,70,2179,2179,164,18,-20,-15,-20
8.2890625,70,2179,2179,163,18,-20,-15,-20
8.29296875,69,2179,2179,163,18,-20,-15,-20
8.296875,69,2179,2179,163,18,-20,-15,-21
8.30078125,69,2179,2179,164,18,-20,-15,-20
8.3046875,69,2179,2179,164,18,-20,-15,-21
8.30859375,69,2179,2179,164,18,-20,-15,-20
8.3125,68,2179,2179,165,18,-20,-15,-21
8.31640625,68,2179,2179,165,18,-20,-15,-21
8.3203125,68,2179,2179,165,18,-20,-15,-21
8.32421875,68,2179,2179,164,18,-20,-15,-21
8.328125,68,2179,2179,164,17,-20,-15,-21
8.33203125,68,2179,2179,164,18,-20,-15,-20
8.3359375,67,2179,2179,164,18,-20,-15,-20
8.33984375,67,2179,2179,164,17,-20,-15,-20
8.34375,67,2179,2179,164,17,-20,-15,-20
8.34765625,67,2179,2179,164,17,-20,-15,-21
8.3515625,67,2179,2179,164,17,-20,-15,-20
8.35546875,67,2179,2179,164,17,-20,-15,-20
8.359375,68,2179,2179,164,17,-20,-15,-20
8.36328125,67,2179,2179,165,18,-20,-15,-20
8.3671875,67,2179,2179,165,18,-20,-15,-20
8.37109375,67,2179,2179,165,17,-20,-15,-20
8.375,67,2179,2179,165,17,-20,-15,-20
8.37890625,66,2179,2179,165,18,-20,-15,-20
8.3828125,66,2179,2179,166,18,-20,-15,-20
8.38671875,67,2179,2179,165,17,-20,-15,-20
8.390625,67,2179,2179,165,17,-20,-15,-20
8.39453125,66,2179,2179,166,18,-20,-15,-21
8.3984375,66,2179,2179,165,18,-20,-15,-21
8.40234375,66,2179,2179,166,18,-20,-15,-21
8.40625,65,2179,2179,166,18,-20,-15,-20
8.41015625,65,2179,2179,166,18,-20,-15,-21
8.4140625,65,2179,2179,166,18,-20,-15,-20
8.41796875,65,2179,2179,166,18,-20,-15,-20
8.421875,65,2179,2179,166,18,-20,-15,-20
8.42578125,65,2179,2179,166,17,-20,-15,-20
8.4296875,65,2179,2179,166,18,-20,-15,-20
8.43359375,64,2179,2179,166,18,-20,-15,-21
8.4375,64,2179,2179,166,17,-20,-15,-21
8.44140625,64,2179,2179,166,18,-20,-15,-20
8.4453125,63,2179,2179,167,18,-20,-15,-20
8.44921875,63,2179,2179,168,18,-20,-15,-20
8.453125,63,2179,2179,168,18,-20,-15,-20
8.45703125,63,2179,2179,168,18,-20,-15,-20
8.4609375,63,2179,2179,168,18,-20,-15,-20
8.46484375,63,2179,2179,168,18,-20,-15,-20
8.46875,63,2179,2179,168,18,-20,-15,-20
8.47265625,63,2179,2179,168,18,-20,-15,-20
8.4765625,63,2179,2179,168,18,-20,-15,-20
8.48046875,62,2179,2179,169,18,-20,-15,-20
8.484375,63,2179,2179,169,18,-20,-15,-20
8.48828125,63,2179,2179,168,18,-20,-15,-20
8.4921875,63,2179,2179,168,18,-20,-15,-20
8.49609375,62,2179,2179,168,18,-20,-15,-20
8.5,63,2179,2179,168,18,-20,-15,-20
8.50390625,63,2179,2179,167,18,-19,-15,-21
8.5078125,63,2179,2179,167,18,-20,-15,-20
8.51171875,62,2179,2179,167,17,-20,-15,-21
8.515625,62,2179,2179,167,18,-20,-15,-21
8.51953125,62,2179,2179,167,18,-20,-15,-21
8.5234375,62,2179,2179,167,18,-20,-15,-21
8.52734375,61,2179,2179,167,18,-20,-15,-21
8.53125,61,2179,2179,168,18,-20,-15,-21
8.53515625,62,2179,2179,168,18,-20,-15,-20
8.5390625,61,2179,2179,168,18,-20,-15,-20
8.54296875,61,2179,2179,168,18,-20,-15,-20
8.546875,61,2179,2179,169,18,-20,-15,-20
8.55078125,60,2179,2179,170,18,-20,-15,-20
8.5546875,60,2179,2179,170,18,-20,-15,-20
8.55859375,60,2179,2179,170,18,-20,-15,-20
8.5625,59,2179,2179,170,18,-20,-15,-20
8.56640625,59,2179,2179,170,18,-20,-15,-20
8.5703125,60,2179,2179,169,18,-20,-15,-20
8.57421875,60,2179,2179,168,18,-20,-15,-20
8.578125,60,2179,2179,169,18,-20,-15,-20
8.58203125,60,2179,2179,169,18,-20,-15,-20
8.5859375,60,2179,2179,169,18,-20,-15,-20
8.58984375,60,2179,2179,169,18,-20,-15,-20
8.59375,59,2179,2179,169,18,-20,-15,-21
8.59765625,59,2179,2179,170,18,-20,-15,-20
8.6015625,59,2179,2179,170,18,-20,-15,-20
8.60546875,59,2179,2179,169,17,-20,-15,-20
8.609375,59,2179,2179,169,17,-20,-15,-20
8.61328125,59,2179,2179,170,17,-20,-15,-20
8.6171875,59,2179,2179,170,18,-20,-15,-21
8.62109375,59,2179,2179,170,17,-20,-15,-21
8.625,59,2179,2179,170,17,-20,-15,-21
8.62890625,58,2179,2179,170,18,-20,-15,-21
8.6328125,58,2179,2179,171,18,-20,-15,-21
8.63671875,59,2179,2179,170,17,-20,-15,-21
8.640625,59,2179,2179,170,17,-20,-15,-21
8.64453125,59,2179,2179,170,18,-20,-15,-21
8.6484375,59,2179,2179,170,18,-20,-15,-20
8.65234375,59,2179,2179,170,18,-20,-15,-21
8.65625,58,2179,2179,170,18,-20,-15,-20
8.66015625,58,2179,2179,170,18,-20,-15,-21
8.6640625,57,2179,2179,171,18,-20,-15,-21
8.66796875,57,2179,2179,171,18,-20,-15,-20
8.671875,57,2179,2179,170,18,-20,-15,-20
8.67578125,57,2179,2179,171,18,-20,-15,-20
8.6796875,57,2179,2179,171,18,-20,-15,-20
8.68359375,57,2179,2179,171,19,-20,-15,-20
8.6875,57,2179,2179,170,18,-20,-15,-20
8.69140625,57,2179,2179,171,18,-20,-15,-20
8.6953125,56,2179,2179,171,18,-20,-15,-20
8.69921875,56,2179,2179,171,18,-20,-15,-20
8.703125,56,2179,2179,171,18,-20,-15,-20
8.70703125,56,2179,2179,170,18,-20,-15,-20
8.7109375,56,2179,2179,170,18,-20,-15,-20
8.71484375,55,2179,2179,171,18,-20,-15,-20
8.71875,56,2179,2179,171,18,-20,-15,-20
8.72265625,56,2179,2179,171,18,-20,-15,-20
8.7265625,56,2179,2179,171,18,-20,-15,-21
8.73046875,55,2179,2179,171,18,-20,-15,-21
8.734375,55,2179,2179,172,18,-20,-15,-21
8.73828125,55,2179,2179,171,18,-20,-15,-21
8.7421875,54,2179,2179,171,18,-20,-15,-21
8.74609375,54,2179,2179,171,18,-20,-15,-20
8.75,54,2179,2179,171,18,-20,-15,-21
8.75390625,54,2179,2179,170,17,-20,-15,-21
8.7578125,54,2179,2179,170,17,-20,-15,-21
8.76171875,54,2179,2179,170,17,-20,-15,-21
8.765625,53,2179,2179,170,17,-20,-15,-20
8.76953125,54,2179,2179,170,17,-20,-15,-20
8.7734375,53,2179,2179,170,17,-20,-15,-20
8.77734375,53,2179,2179,171,17,-20,-15,-20
8.78125,53,2179,2179,171,18,-20,-15,-20
8.78515625,53,2179,2179,171,18,-20,-15,-20
8.7890625,53,2179,2179,171,17,-20,-15,-20
8.79296875,53,2179,2179,171,17,-20,-15,-20
8.796875,54,2179,2179,171,18,-20,-15,-20
8.80078125,54,2179,2179,171,18,-20,-15,-20
8.8046875,54,2179,2179,170,18,-20,-15,-20
8.80859375,54,2179,2179,170,18,-20,-15,-20
8.8125,54,2179,2179,171,18,-20,-15,-20
8.81640625,53,2179,2179,172,18,-20,-15,-20
8.8203125,53,2179,2179,172,18,-20,-15,-20
8.82421875,53,2179,2179,172,18,-20,-15,-20
8.828125,53,2179,2179,172,18,-20,-15,-20
8.83203125,53,2179,2179,172,18,-20,-15,-20
8.8359375,53,2179,2179,171,18,-20,-15,-20
8.83984375,53,2179,2179,170,18,-20,-15,-20
8.84375,53,2179,2179,169,18,-20,-15,-20
8.84765625,53,2179,2179,169,18,-20,-15,-20
8.8515625,53,2179,2179,170,18,-20,-15,-20
8.85546875,53,2179,2179,170,18,-20,-15,-21
8.859375,53,2179,2179,171,18,-20,-15,-21
8.86328125,52,2179,2179,173,18,-20,-15,-21
8.8671875,52,2179,2179,173,18,-20,-15,-21
8.87109375,53,2179,2179,173,18,-20,-15,-20
8.875,52,2179,2179,173,18,-20,-15,-20
8.87890625,52,2179,2179,173,18,-20,-15,-20
8.8828125,51,2179,2179,172,18,-20,-15,-20
8.88671875,51,2179,2179,171,18,-20,-15,-20
8.890625,51,2179,2179,171,18,-20,-15,-20
8.89453125,50,2179,2179,172,18,-20,-15,-20
8.8984375,51,2179,2179,171,18,-20,-15,-20
8.90234375,51,2179,2179,171,18,-20,-15,-20
8.90625,51,2179,2179,171,18,-20,-15,-20
8.91015625,51,2179,2179,172,18,-20,-15,-20
8.9140625,51,2179,2179,173,18,-20,-15,-20
8.91796875,51,2179,2179,173,18,-20,-14,-20
8.921875,50,2179,2179,172,18,-20,-14,-21
8.92578125,50,2179,2179,172,18,-20,-15,-21
8.9296875,50,2179,2179,171,18,-20,-15,-20
8.93359375,50,2179,2179,171,18,-20,-15,-20
8.9375,50,2179,2179,170,17,-20,-15,-21
8.94140625,50,2179,2179,170,17,-20,-15,-20
8.9453125,49,2179,2179,170,18,-20,-15,-20
8.94921875,49,2179,2179,171,18,-20,-15,-21
8.953125,50,2179,2179,171,18,-20,-15,-20
8.95703125,49,2179,2179,171,17,-20,-15,-21
8.9609375,49,2179,2179,172,17,-20,-15,-21
8.96484375,48,2179,2179,172,18,-20,-15,-21
8.96875,48,2179,2179,172,18,-20,-15,-20
8.97265625,48,2179,2179,171,17,-20,-15,-20
8.9765625,47,2179,2179,170,17,-20,-15,-20
8.98046875,47,2179,2179,170,18,-20,-15,-21
8.984375,47,2179,2179,169,18,-20,-15,-20
8.98828125,47,2179,2179,168,17,-20,-15,-20
8.9921875,47,2179,2179,167,17,-20,-15,-20
8.99609375,46,2179,2179,164,18,-20,-15,-20
9.0,46,2179,2179,158,18,-20,-15,-20
9.00390625,46,2179,2179,150,18,-20,-14,-20
9.0078125,46,2179,2179,139,18,-20,-15,-20
9.01171875,46,2179,2179,127,18,-20,-15,-20
9.015625,46,2179,2179,114,18,-20,-15,-21
9.01953125,46,2179,2179,103,18,-20,-15,-20
9.0234375,46,2179,2179,95,18,-20,-15,-20
9.02734375,45,2179,2179,89,18,-20,-15,-20
9.03125,45,2179,2179,87,18,-20,-15,-20
9.03515625,45,2179,2179,86,18,-20,-15,-20
9.0390625,45,2179,2179,85,17,-20,-15,-20
9.04296875,45,2179,2179,84,17,-20,-15,-20
9.046875,45,2179,2179,81,18,-20,-15,-22
9.05078125,45,2179,2179,75,18,-20,-15,-20
9.0546875,45,2179,2179,67,17,-20,-15,-20
9.05859375,45,2179,2179,59,17,-20,-15,-21
9.0625,44,2179,2179,51,18,-20,-15,-20
9.06640625,44,2179,2179,43,18,-20,-15,-20
9.0703125,44,2179,2179,37,18,-20,-15,-21
9.07421875,44,2179,2179,33,18,-20,-15,-20
9.078125,44,2179,2179,31,18,-20,-15,-20
9.08203125,43,2179,2179,30,18,-20,-15,-21
9.0859375,43,2179,2179,29,18,-20,-15,-21
9.08984375,43,2179,2179,28,18,-20,-15,-20
9.09375,42,2179,2179,27,18,-20,-15,-20
9.09765625,42,2179,2179,26,18,-20,-15,-20
9.1015625,42,2179,2179,25,19,-20,-15,-20
9.10546875,42,2179,2179,24,18,-20,-15,-20
9.109375,41,2179,2179,23,18,-20,-15,-20
9.11328125,40,2179,2179,23,19,-20,-15,-20
9.1171875,40,2179,2179,23,18,-20,-15,-20
9.12109375,40,2179,2179,23,18,-20,-15,-20
9.125,40,2179,2179,23,18,-20,-14,-20
9.12890625,40,2179,2179,24,18,-20,-15,-20
9.1328125,40,2179,2179,24,18,-20,-15,-20
9.13671875,40,2179,2179,23,18,-20,-15,-20
9.140625,39,2179,2179,23,18,-20,-15,-21
9.14453125,39,2179,2179,23,18,-20,-15,-20
9.1484375,39,2179,2179,24,18,-20,-15,-20
9.15234375,39,2179,2179,24,18,-20,-15,-20
9.15625,38,2179,2179,24,17,-20,-15,-20
9.16015625,38,2179,2179,24,17,-20,-15,-20
9.1640625,38,2179,2179,24,17,-20,-15,-20
9.16796875,38,2179,2179,24,17,-20,-15,-21
9.171875,38,2179,2179,23,17,-20,-15,-20
9.17578125,37,2179,2179,23,17,-20,-15,-21
9.1796875,37,2179,2179,24,17,-20,-15,-21
9.18359375,36,2179,2179,24,17,-20,-15,-21
9.1875,36,2179,2179,23,17,-20,-15,-21
9.19140625,36,2179,2179,24,17,-20,-15,-21
9.1953125,35,2179,2179,24,18,-20,-15,-21
9.19921875,35,2179,2179,24,18,-20,-15,-21
9.203125,35,2179,2179,24,18,-20,-15,-21
9.20703125,35,2179,2179,24,17,-20,-15,-20
9.2109375,35,2179,2179,24,17,-20,-15,-20
9.21484375,34,2179,2179,24,18,-20,-15,-20
9.21875,35,2179,2179,24,18,-20,-15,-21
9.22265625,34,2179,2179,24,17,-20,-15,-20
9.2265625,33,2179,2179,24,17,-20,-15,-20
9.23046875,33,2179,2179,24,18,-20,-15,-20
9.234375,33,2179,2179,24,18,-20,-15,-20
9.23828125,33,2179,2179,24,17,-20,-15,-20
9.2421875,33,2179,2179,24,18,-20,-15,-20
9.24609375,33,2179,2179,24,18,-20,-15,-20
9.25,33,2179,2179,24,18,-20,-15,-20
9.25390625,33,2179,2179,24,18,-20,-15,-20
9.2578125,33,2179,2179,24,18,-20,-15,-20
9.26171875,33,2179,2179,25,18,-20,-15,-20
9.265625,33,2179,2179,25,18,-20,-15,-20
9.26953125,33,2179,2179,24,18,-20,-15,-21
9.2734375,33,2179,2179,24,18,-20,-15,-20
9.27734375,33,2179,2179,24,18,-20,-15,-21
9.28125,33,2179,2179,25,18,-20,-15,-21
9.28515625,33,2179,2179,24,18,-20,-15,-21
9.2890625,33,2179,2179,24,18,-20,-15,-20
9.29296875,33,2179,2179,24,18,-20,-15,-21
9.296875,33,2179,2179,24,18,-20,-15,-20
9.30078125,32,2179,2179,24,18,-20,-15,-21
9.3046875,33,2179,2179,24,18,-20,-15,-21
9.30859375,32,2179,2179,24,18,-20,-15,-20
9.3125,32,2179,2179,24,18,-20,-15,-21
9.31640625,32,2179,2179,24,18,-20,-15,-21
9.3203125,32,2179,2179,24,18,-20,-15,-21
9.32421875,32,2179,2179,24,18,-20,-15,-21
9.328125,31,2179,2179,24,18,-20,-15,-21
9.33203125,31,2179,2179,24,18,-20,-15,-21
9.3359375,31,2179,2179,24,18,-20,-15,-20
9.33984375,31,2179,2179,24,17,-20,-15,-20
9.34375,30,2179,2179,24,17,-20,-15,-20
9.34765625,30,2179,2179,24,18,-20,-15,-20
9.3515625,31,2179,2179,24,18,-20,-15,-20
9.35546875,31,2179,2179,24,17,-20,-15,-20
9.359375,31,2179,2179,24,17,-20,-15,-20
9.36328125,30,2179,2179,24,18,-20,-15,-20
9.3671875,30,2179,2179,24,18,-20,-15,-20
9.37109375,31,2179,2179,24,18,-20,-15,-20
9.375,30,2179,2179,24,17,-20,-15,-20
9.37890625,30,2179,2179,24,18,-20,-15,-20
9.3828125,30,2179,2179,24,18,-20,-15,-20
9.38671875,30,2179,2179,24,18,-20,-15,-20
9.390625,30,2179,2179,24,17,-20,-15,-20
9.39453125,30,2179,2179,23,18,-20,-15,-20
9.3984375,30,2179,2179,24,18,-20,-15,-20
9.40234375,30,2179,2179,24,18,-20,-15,-21
9.40625,30,2179,2179,24,18,-20,-15,-20
9.41015625,30,2179,2179,24,18,-20,-15,-20
9.4140625,29,2179,2179,24,18,-20,-15,-21
9.41796875,29,2179,2179,24,18,-20,-15,-20
9.421875,29,2179,2179,24,18,-20,-15,-20
9.42578125,29,2179,2179,24,17,-20,-15,-20
9.4296875,28,2179,2179,24,18,-20,-15,-20
9.43359375,28,2179,2179,24,18,-20,-15,-20
9.4375,28,2179,2179,24,18,-20,-15,-20
9.44140625,28,2179,2179,24,18,-20,-15,-20
9.4453125,28,2179,2179,24,18,-20,-15,-20
9.44921875,28,2179,2179,24,18,-20,-15,-20
9.453125,28,2179,2179,24,18,-20,-15,-20
9.45703125,28,2179,2179,24,17,-20,-15,-20
9.4609375,28,2179,2179,24,18,-20,-15,-20
9.46484375,27,2179,2179,24,18,-20,-15,-20
9.46875,28,2179,2179,24,18,-20,-15,-20
9.47265625,28,2179,2179,24,18,-20,-15,-20
9.4765625,27,2179,2179,24,18,-20,-15,-20
9.48046875,27,2179,2179,24,18,-20,-15,-20
9.484375,27,2179,2179,24,18,-20,-15,-20
9.48828125,27,2179,2179,24,18,-20,-15,-20
9.4921875,27,2179,2179,24,18,-20,-15,-20
9.49609375,27,2179,2179,24,18,-20,-15,-20
9.5,27,2179,2179,24,18,-20,-15,-20
9.50390625,27,2179,2179,24,18,-20,-15,-21
9.5078125,27,2179,2179,24,18,-20,-15,-20
9.51171875,27,2179,2179,24,18,-20,-15,-20
9.515625,27,2179,2179,24,18,-20,-15,-20
9.51953125,27,2179,2179,24,18,-20,-15,-21
9.5234375,27,2179,2179,24,18,-20,-15,-20
9.52734375,27,2179,2179,24,18,-20,-15,-20
9.53125,27,2179,2179,24,18,-20,-15,-20
9.53515625,27,2179,2179,24,18,-20,-15,-20
9.5390625,27,2179,2179,24,18,-20,-15,-21
9.54296875,27,2179,2179,24,18,-20,-15,-20
9.546875,27,2179,2179,23,18,-20,-15,-20
9.55078125,27,2179,2179,23,18,-20,-15,-20
9.5546875,27,2179,2179,23,17,-20,-15,-20
9.55859375,27,2179,2179,23,17,-20,-15,-20
9.5625,27,2179,2179,24,18,-20,-15,-20
9.56640625,27,2179,2179,24,18,-20,-15,-20
9.5703125,27,2179,2179,24,17,-19,-15,-20
9.57421875,27,2179,2179,24,17,-20,-15,-20
9.578125,27,2179,2179,24,17,-20,-15,-20
9.58203125,27,2179,2179,24,18,-20,-15,-20
9.5859375,27,2179,2179,24,18,-20,-15,-20
9.58984375,27,2179,2179,24,17,-20,-15,-20
9.59375,27,2179,2179,24,18,-20,-15,-20
9.59765625,27,2179,2179,24,18,-20,-15,-20
9.6015625,27,2179,2179,24,18,-20,-15,-21
9.60546875,27,2179,2179,24,18,-20,-15,-20
9.609375,28,2179,2179,23,17,-20,-15,-21
9.61328125,27,2179,2179,24,18,-20,-15,-20
9.6171875,28,2179,2179,24,18,-20,-15,-21
9.62109375,28,2179,2179,24,17,-20,-15,-21
9.625,28,2179,2179,24,18,-20,-15,-21
9.62890625,28,2179,2179,24,18,-20,-15,-21
9.6328125,28,2179,2179,24,18,-20,-15,-21
9.63671875,28,2179,2179,24,18,-20,-15,-21
9.640625,28,2179,2179,24,18,-20,-15,-21
9.64453125,28,2179,2179,24,18,-20,-15,-21
9.6484375,28,2179,2179,24,18,-20,-15,-21
9.65234375,29,2179,2179,25,19,-20,-15,-21
9.65625,29,2179,2179,24,18,-20,-15,-21
9.66015625,28,2179,2179,24,18,-20,-15,-21
9.6640625,28,2179,2179,25,19,-20,-15,-20
9.66796875,28,2179,2179,25,18,-20,-15,-20
9.671875,28,2179,2179,24,18,-20,-15,-20
9.67578125,28,2179,2179,24,18,-20,-15,-20
9.6796875,28,2179,2179,24,18,-20,-16,-20
9.68359375,28,2179,2179,24,18,-20,-15,-20
9.6875,28,2179,2179,24,18,-20,-15,-20
9.69140625,28,2179,2179,24,18,-20,-15,-20
9.6953125,28,2179,2179,25,18,-20,-15,-20
9.69921875,28,2179,2179,25,18,-20,-15,-20
9.703125,28,2179,2179,24,18,-20,-15,-20
9.70703125,28,2179,2179,24,18,-20,-15,-20
9.7109375,28,2179,2179,24,18,-20,-15,-20
9.71484375,28,2179,2179,24,18,-20,-15,-20
9.71875,28,2179,2179,24,18,-20,-15,-20
9.72265625,28,2179,2179,24,17,-20,-15,-20
9.7265625,28,2179,2179,24,18,-20,-15,-21
9.73046875,28,2179,2179,24,18,-20,-15,-21
9.734375,28,2179,2179,24,18,-20,-15,-20
9.73828125,28,2179,2179,24,17,-20,-15,-21
9.7421875,28,2179,2179,24,17,-20,-15,-21
9.74609375,28,2179,2179,24,18,-20,-15,-20
9.75,28,2179,2179,24,18,-20,-15,-20
9.75390625,28,2179,2179,24,17,-20,-15,-20
9.7578125,28,2179,2179,24,17,-20,-15,-20
9.76171875,28,2179,2179,24,18,-20,-15,-20
9.765625,28,2179,2179,24,18,-20,-15,-20
9.76953125,28,2179,2179,24,18,-20,-15,-20
9.7734375,28,2179,2179,24,17,-20,-15,-20
9.77734375,27,2179,2179,24,17,-20,-15,-20
9.78125,28,2179,2179,24,17,-20,-15,-20
9.78515625,28,2179,2179,24,18,-20,-15,-20
9.7890625,28,2179,2179,24,17,-20,-15,-20
9.79296875,28,2179,2179,24,17,-20,-15,-20
9.796875,28,2179,2179,24,18,-20,-15,-20
9.80078125,28,2179,2179,24,18,-20,-15,-20
9.8046875,29,2179,2179,24,17,-20,-15,-20
9.80859375,29,2179,2179,24,18,-20,-15,-20
9.8125,29,2179,2179,24,18,-20,-15,-20
9.81640625,29,2179,2179,24,18,-20,-15,-20
9.8203125,29,2179,2179,24,17,-20,-15,-20
9.82421875,29,2179,2179,24,18,-20,-15,-20
9.828125,29,2179,2179,24,17,-20,-14,-20
9.83203125,29,2179,2179,24,18,-20,-15,-20
9.8359375,29,2179,2179,24,18,-20,-15,-21
9.83984375,29,2179,2179,24,18,-20,-15,-20
9.84375,29,2179,2179,24,18,-20,-15,-21
9.84765625,29,2179,2179,24,18,-20,-15,-21
9.8515625,29,2179,2179,24,18,-20,-15,-21
9.85546875,29,2179,2179,24,18,-20,-15,-21
9.859375,29,2179,2179,24,18,-20,-15,-21
9.86328125,29,2179,2179,24,18,-20,-15,-21
9.8671875,29,2179,2179,24,18,-20,-15,-21
9.87109375,29,2179,2179,24,18,-20,-15,-21
9.875,29,2179,2179,24,18,-20,-15,-20
9.87890625,28,2179,2179,24,18,-20,-15,-20
9.8828125,28,2179,2179,24,18,-20,-15,-20
9.88671875,28,2179,2179,24,18,-20,-15,-20
9.890625,28,2179,2179,24,18,-20,-15,-20
9.89453125,28,2179,2179,24,18,-20,-15,-20
9.8984375,28,2179,2179,24,18,-20,-15,-20
9.90234375,28,2179,2179,24,18,-20,-15,-20
9.90625,28,2179,2179,24,18,-20,-15,-20
9.91015625,28,2179,2179,24,18,-20,-15,-20
9.9140625,28,2179,2179,25,18,-20,-15,-20
9.91796875,28,2179,2179,24,18,-20,-15,-20
9.921875,28,2179,2179,24,18,-20,-15,-20
9.92578125,28,2179,2179,24,18,-20,-15,-20
9.9296875,28,2179,2179,24,18,-20,-15,-20
9.93359375,28,2179,2179,24,18,-20,-15,-20
9.9375,29,2179,2179,24,17,-20,-15,-20
9.94140625,29,2179,2179,24,17,-20,-15,-20
9.9453125,29,2179,2179,24,18,-20,-15,-21
9.94921875,29,2179,2179,24,18,-20,-15,-21
9.953125,29,2179,2179,24,18,-20,-15,-21
9.95703125,29,2179,2179,24,17,-20,-15,-21
9.9609375,29,2179,2179,24,17,-20,-15,-21
9.96484375,29,2179,2179,24,18,-20,-15,-21
9.96875,29,2179,2179,24,18,-20,-15,-20
9.97265625,29,2179,2179,24,18,-20,-15,-21
9.9765625,29,2179,2179,24,17,-20,-15,-21
9.98046875,28,2179,2179,24,18,-20,-15,-21
9.984375,28,2179,2179,24,18,-20,-15,-21
9.98828125,29,2179,2179,24,17,-20,-15,-20
9.9921875,29,2179,2179,24,17,-20,-15,-20
9.99609375,28,2179,2179,24,18,-20,-15,-20
10.0,28,2179,2179,24,18,-20,-15,-20
10.00390625,29,2179,2179,24,17,-20,-15,-20
10.0078125,29,2179,2179,24,17,-20,-15,-20
10.01171875,28,2179,2179,24,17,-20,-15,-20
10.015625,29,2179,2179,24,18,-20,-15,-20
10.01953125,29,2179,2179,24,18,-20,-15,-20
10.0234375,29,2179,2179,24,17,-20,-15,-20
10.02734375,29,2179,2179,24,17,-20,-15,-20
10.03125,30,2179,2179,24,18,-20,-15,-20
10.03515625,30,2179,2179,24,18,-20,-15,-20
10.0390625,30,2179,2179,23,17,-20,-15,-20
10.04296875,30,2179,2179,23,17,-20,-15,-20
10.046875,30,2179,2179,24,17,-20,-15,-20
10.05078125,30,2179,2179,24,18,-20,-15,-20
10.0546875,31,2179,2179,24,17,-20,-14,-21
10.05859375,30,2179,2179,24,17,-20,-15,-20
10.0625,30,2179,2179,24,18,-20,-15,-20
10.06640625,30,2179,2179,24,18,-20,-15,-20
10.0703125,31,2179,2179,24,18,-20,-15,-20
10.07421875,31,2179,2179,24,18,-20,-15,-21
10.078125,30,2179,2179,24,18,-20,-15,-20
10.08203125,30,2179,2179,25,18,-20,-15,-21
10.0859375,30,2179,2179,24,18,-20,-15,-21
10.08984375,31,2179,2179,24,18,-20,-15,-21
10.09375,30,2179,2179,24,18,-20,-15,-21
10.09765625,30,2179,2179,25,18,-20,-15,-21
10.1015625,30,2179,2179,25,18,-20,-15,-20
10.10546875,31,2179,2179,24,18,-20,-15,-20
10.109375,31,2179,2179,24,18,-20,-15,-20
10.11328125,31,2179,2179,25,18,-20,-15,-20
10.1171875,31,2179,2179,25,18,-20,-15,-20
10.12109375,32,2179,2179,24,18,-20,-15,-20
10.125,32,2179,2179,24,18,-20,-15,-20
10.12890625,31,2179,2179,24,18,-20,-15,-20
10.1328125,31,2179,2179,24,18,-20,-15,-20
10.13671875,32,2179,2179,24,18,-20,-15,-20
10.140625,32,2179,2179,24,18,-20,-15,-20
10.14453125,32,2179,2179,24,18,-20,-15,-20
10.1484375,32,2179,2179,24,18,-20,-15,-20
10.15234375,32,2179,2179,24,18,-20,-15,-20
10.15625,33,2179,2179,24,17,-20,-15,-20
10.16015625,33,2179,2179,24,17,-20,-15,-20
10.1640625,33,2179,2179,24,18,-20,-15,-21
10.16796875,34,2179,2179,24,18,-20,-15,-21
10.171875,34,2179,2179,23,17,-20,-15,-20
10.17578125,34,2179,2179,23,17,-20,-15,-21
10.1796875,34,2179,2179,24,18,-20,-15,-21
10.18359375,34,2179,2179,24,18,-20,-15,-21
10.1875,35,2179,2179,23,17,-20,-15,-20
10.19140625,35,2179,2179,24,17,-20,-15,-20
10.1953125,35,2179,2179,24,18,-20,-15,-20
10.19921875,34,2179,2179,24,18,-20,-15,-21
10.203125,35,2179,2179,24,18,-20,-15,-20
10.20703125,34,2179,2179,24,17,-20,-15,-20
10.2109375,34,2179,2179,24,18,-20,-15,-20
10.21484375,34,2179,2179,24,18,-20,-15,-20
10.21875,34,2179,2179,24,18,-20,-15,-20
10.22265625,34,2179,2179,24,18,-20,-15,-20
10.2265625,34,2179,2179,24,18,-20,-15,-20
10.23046875,35,2179,2179,24,18,-20,-15,-20
10.234375,35,2179,2179,24,18,-20,-15,-20
10.23828125,36,2179,2179,24,18,-20,-15,-20
10.2421875,36,2179,2179,24,18,-20,-15,-20
10.24609375,37,2179,2179,25,18,-20,-15,-20
10.25,37,2179,2179,25,18,-20,-15,-20
10.25390625,37,2179,2179,24,18,-20,-15,-20
10.2578125,38,2179,2179,24,18,-20,-15,-20
10.26171875,37,2179,2179,25,18,-20,-15,-20
10.265625,37,2179,2179,24,18,-20,-15,-20
10.26953125,38,2179,2179,24,18,-20,-15,-20
10.2734375,38,2179,2179,24,17,-20,-15,-20
10.27734375,38,2179,2179,24,17,-20,-15,-20
10.28125,38,2179,2179,24,18,-20,-15,-20
10.28515625,39,2179,2179,24,18,-20,-15,-20
10.2890625,39,2179,2179,24,18,-20,-15,-20
10.29296875,39,2179,2179,24,18,-20,-15,-21
10.296875,39,2179,2179,24,18,-20,-15,-20
10.30078125,39,2179,2179,24,18,-20,-15,-20
10.3046875,40,2179,2179,24,18,-20,-14,-20
10.30859375,41,2179,2179,24,18,-20,-15,-20
10.3125,41,2179,2179,24,18,-20,-15,-20
10.31640625,41,2179,2179,24,18,-20,-15,-20
10.3203125,41,2179,2179,24,18,-20,-15,-21
10.32421875,42,2179,2179,24,17,-20,-15,-20
10.328125,42,2179,2179,24,17,-20,-15,-20
10.33203125,42,2179,2179,24,18,-20,-15,-20
10.3359375,42,2179,2179,24,18,-20,-15,-21
10.33984375,43,2179,2179,24,17,-20,-15,-20
10.34375,43,2179,2179,24,17,-20,-15,-20
10.34765625,44,2179,2179,24,18,-20,-15,-20
10.3515625,44,2179,2179,24,18,-20,-15,-20
10.35546875,45,2179,2179,24,17,-20,-15,-20
10.359375,45,2179,2179,24,17,-20,-15,-20
10.36328125,45,2179,2179,24,18,-20,-15,-20
10.3671875,45,2179,2179,24,18,-20,-15,-20
10.37109375,46,2179,2179,24,18,-20,-15,-20
10.375,47,2179,2179,24,18,-20,-15,-20
10.37890625,47,2179,2179,24,18,-20,-15,-20
10.3828125,48,2179,2179,24,18,-20,-15,-20
10.38671875,49,2179,2179,24,18,-20,-15,-21
10.390625,50,2179,2179,24,18,-20,-15,-20
10.39453125,50,2179,2179,24,18,-20,-15,-20
10.3984375,51,2179,2179,24,18,-20,-15,-21
10.40234375,52,2179,2179,24,18,-20,-15,-21
10.40625,52,2179,2179,24,18,-20,-15,-20
10.41015625,52,2179,2179,24,18,-20,-15,-20
10.4140625,52,2179,2179,24,18,-20,-15,-20
10.41796875,53,2179,2179,24,18,-20,-15,-20
10.421875,54,2179,2179,24,18,-20,-15,-20
10.42578125,54,2179,2179,24,18,-20,-15,-20
10.4296875,55,2179,2179,24,18,-20,-15,-20
10.43359375,55,2179,2179,24,18,-20,-15,-20
10.4375,56,2179,2179,24,18,-18,-15,-20
10.44140625,57,2179,2179,24,18,-20,-15,-20
10.4453125,57,2179,2179,24,18,-20,-15,-20
10.44921875,58,2179,2179,24,18,-20,-15,-20
10.453125,58,2179,2179,24,18,-20,-15,-20
10.45703125,59,2179,2179,24,18,-20,-15,-20
10.4609375,59,2179,2179,24,18,-20,-15,-20
10.46484375,59,2179,2179,24,18,-20,-15,-20
10.46875,60,2179,2179,24,18,-20,-15,-20
10.47265625,60,2179,2179,24,18,-20,-15,-20
10.4765625,60,2179,2179,24,18,-20,-15,-20
10.48046875,60,2179,2179,24,18,-20,-15,-20
10.484375,61,2179,2179,24,18,-20,-15,-20
10.48828125,62,2179,2179,24,18,-20,-14,-21
10.4921875,62,2179,2179,24,18,-20,-15,-20
10.49609375,62,2179,2179,24,18,-20,-15,-20
10.5,62,2179,2179,24,18,-20,-15,-21
10.50390625,62,2179,2179,24,18,-20,-15,-20
10.5078125,62,2179,2179,24,18,-20,-15,-20
10.51171875,62,2179,2179,24,18,-20,-15,-20
10.515625,62,2179,2179,24,18,-20,-15,-20
10.51953125,62,2179,2179,24,18,-20,-15,-21
10.5234375,62,2179,2179,24,18,-20,-15,-21
10.52734375,62,2179,2179,24,18,-20,-15,-21
10.53125,62,2179,2179,25,18,-20,-15,-20
10.53515625,62,2179,2179,24,18,-20,-15,-20
10.5390625,62,2179,2179,24,18,-20,-15,-20
10.54296875,62,2179,2179,24,18,-20,-15,-21
10.546875,62,2179,2179,24,18,-20,-15,-20
10.55078125,62,2179,2179,24,18,-20,-15,-20
10.5546875,62,2179,2179,24,18,-20,-14,-20
10.55859375,62,2179,2179,24,17,-20,-15,-20
10.5625,62,2179,2179,24,18,-27,-15,-20
10.56640625,62,2179,2179,24,18,-20,-15,-20
10.5703125,62,2179,2179,24,17,-20,-15,-20
10.57421875,63,2179,2179,24,17,-20,-14,-20
10.578125,63,2179,2179,24,17,-20,-15,-21
10.58203125,63,2179,2179,24,18,-20,-15,-20
10.5859375,63,2179,2179,24,18,-20,-15,-20
10.58984375,63,2179,2179,24,17,-20,-14,-20
10.59375,63,2179,2179,24,17,-20,-15,-20
10.59765625,63,2179,2179,24,18,-20,-15,-20
10.6015625,63,2179,2179,24,18,-20,-15,-20
10.60546875,63,2179,2179,24,17,-20,-15,-20
10.609375,63,2179,2179,24,17,-20,-15,-21
10.61328125,63,2179,2179,24,18,-20,-15,-20
10.6171875,63,2179,2179,24,18,-20,-15,-20
10.62109375,64,2179,2179,24,18,-20,-15,-20
10.625,64,2179,2179,24,18,-20,-15,-20
10.62890625,64,2179,2179,24,18,-20,-15,-20
10.6328125,64,2179,2179,24,18,-20,-15,-20
10.63671875,64,2179,2179,24,18,-20,-15,-20
10.640625,64,2179,2179,24,18,-20,-15,-20
10.64453125,63,2179,2179,24,18,-20,-15,-20
10.6484375,64,2179,2179,24,18,-20,-15,-20
10.65234375,64,2179,2179,25,18,-20,-15,-20
10.65625,64,2179,2179,24,18,-20,-15,-20
10.66015625,64,2179,2179,24,18,-20,-15,-20
10.6640625,64,2179,2179,25,18,-20,-15,-20
10.66796875,65,2179,2179,25,18,-20,-15,-20
10.671875,65,2179,2179,24,18,-20,-15,-20
10.67578125,65,2179,2179,24,18,-20,-15,-20
10.6796875,65,2179,2179,25,18,-20,-15,-20
10.68359375,65,2179,2179,25,18,-19,-15,-20
10.6875,65,2179,2179,24,18,-13,-15,-20
10.69140625,65,2179,2179,24,18,-20,-15,-20
10.6953125,65,2179,2179,25,18,-20,-15,-20
10.69921875,65,2179,2179,24,18,-20,-15,-20
10.703125,66,2179,2179,24,18,-20,-15,-20
10.70703125,66,2179,2179,24,18,-20,-15,-20
10.7109375,66,2179,2179,24,18,-20,-15,-20
10.71484375,66,2179,2179,24,18,-20,-15,-21
10.71875,67,2179,2179,24,18,-20,-15,-21
10.72265625,67,2179,2179,24,18,-20,-15,-21
10.7265625,67,2179,2179,24,17,-20,-15,-21
10.73046875,67,2179,2179,24,18,-20,-15,-21
10.734375,67,2179,2179,24,18,-20,-15,-21
10.73828125,67,2179,2179,24,17,-20,-15,-21
10.7421875,67,2179,2179,24,17,-20,-15,-20
10.74609375,67,2179,2179,25,18,-20,-15,-21
10.75,67,2179,2179,25,18,-20,-15,-20
10.75390625,67,2179,2179,25,17,-20,-15,-20
10.7578125,67,2179,2179,25,17,-20,-15,-21
10.76171875,67,2179,2179,26,17,-20,-15,-21
10.765625,67,2179,2179,26,18,-20,-15,-21
10.76953125,67,2179,2179,25,18,-20,-15,-20
10.7734375,67,2179,2179,25,17,-20,-15,-20
10.77734375,67,2179,2179,24,17,-20,-15,-20
10.78125,67,2179,2179,24,18,-20,-15,-20
10.78515625,67,2179,2179,24,18,-20,-15,-20
10.7890625,68,2179,2179,24,18,-20,-15,-20
10.79296875,68,2179,2179,24,18,-20,-15,-20
10.796875,68,2179,2179,25,18,-20,-15,-20
10.80078125,68,2179,2179,26,18,-20,-15,-20
10.8046875,68,2179,2179,26,18,-20,-15,-20
10.80859375,68,2179,2179,26,18,-20,-15,-20
10.8125,68,2179,2179,27,18,-25,-15,-20
10.81640625,68,2179,2179,27,18,-20,-15,-20
10.8203125,68,2179,2179,27,17,-20,-15,-20
10.82421875,68,2179,2179,28,17,-20,-15,-20
10.828125,68,2179,2179,28,17,-20,-15,-20
10.83203125,69,2179,2179,28,18,-20,-15,-20
10.8359375,69,2179,2179,29,18,-20,-15,-20
10.83984375,69,2179,2179,29,17,-20,-15,-20
10.84375,69,2179,2179,30,18,-20,-15,-20
10.84765625,69,2179,2179,31,18,-20,-15,-20
10.8515625,69,2179,2179,32,18,-20,-15,-20
10.85546875,68,2179,2179,32,18,-20,-15,-20
10.859375,68,2179,2179,34,18,-20,-15,-20
10.86328125,68,2179,2179,36,18,-20,-15,-20
10.8671875,68,2179,2179,37,18,-20,-15,-20
10.87109375,68,2179,2179,39,18,-20,-15,-20
10.875,68,2179,2179,41,18,-20,-15,-20
10.87890625,68,2179,2179,43,18,-20,-15,-20
10.8828125,68,2179,2179,44,18,-20,-15,-20
10.88671875,68,2179,2179,45,18,-20,-15,-20
10.890625,68,2179,2179,46,18,-20,-15,-20
10.89453125,69,2179,2179,47,18,-20,-15,-20
10.8984375,69,2179,2179,48,18,-20,-15,-20
10.90234375,69,2179,2179,50,18,-20,-15,-20
10.90625,69,2179,2179,51,18,-20,-15,-20
10.91015625,69,2179,2179,53,18,-20,-15,-20
10.9140625,69,2179,2179,56,18,-20,-15,-20
10.91796875,69,2179,2179,58,18,-20,-15,-20
10.921875,69,2179,2179,60,18,-20,-15,-20
10.92578125,70,2179,2179,62,18,-20,-15,-20
10.9296875,70,2179,2179,64,18,-20,-15,-20
10.93359375,70,2179,2179,66,18,-20,-15,-20
10.9375,70,2179,2179,67,17,-16,-15,-20
10.94140625,70,2179,2179,68,17,-20,-15,-21
10.9453125,70,2179,2179,70,18,-20,-15,-21
10.94921875,70,2179,2179,72,18,-20,-15,-21
10.953125,70,2179,2179,74,18,-20,-15,-21
10.95703125,70,2179,2179,76,18,-20,-15,-21
10.9609375,70,2179,2179,79,18,-20,-15,-21
10.96484375,70,2179,2179,83,18,-20,-15,-21
10.96875,70,2179,2179,86,18,-20,-15,-21
10.97265625,69,2179,2179,89,18,-20,-15,-21
10.9765625,69,2179,2179,91,18,-20,-15,-21
10.98046875,69,2179,2179,93,18,-20,-15,-21
10.984375,69,2179,2179,94,18,-20,-15,-20
10.98828125,69,2179,2179,95,18,-20,-15,-20
10.9921875,69,2179,2179,95,18,-20,-15,-20
10.99609375,69,2179,2179,96,18,-20,-15,-20
11.0,70,2179,2179,97,18,-20,-15,-20
11.00390625,70,2179,2179,100,18,-20,-15,-20
11.0078125,70,2179,2179,103,18,-20,-15,-20
11.01171875,70,2179,2179,107,18,-20,-15,-20
11.015625,70,2179,2179,110,18,-20,-15,-20
11.01953125,71,2179,2179,113,18,-20,-15,-20
11.0234375,70,2179,2179,115,18,-20,-15,-20
11.02734375,70,2179,2179,117,18,-20,-15,-20
11.03125,70,2179,2179,118,18,-20,-15,-20
11.03515625,71,2179,2179,118,18,-20,-15,-20
11.0390625,71,2179,2179,118,17,-20,-15,-20
11.04296875,70,2179,2179,119,18,-20,-15,-21
11.046875,71,2179,2179,122,18,-20,-15,-20
11.05078125,71,2179,2179,124,18,-20,-15,-20
11.0546875,71,2179,2179,127,18,-20,-15,-20
11.05859375,71,2179,2179,129,18,-20,-15,-20
11.0625,71,2179,2179,131,18,-22,-15,-21
11.06640625,71,2179,2179,133,18,-20,-15,-21
11.0703125,72,2179,2179,133,18,-20,-15,-21
11.07421875,72,2179,2179,134,18,-20,-15,-21
11.078125,72,2179,2179,135,18,-20,-15,-21
11.08203125,72,2179,2179,136,18,-20,-15,-21
11.0859375,72,2179,2179,137,18,-20,-15,-21
11.08984375,72,2179,2179,138,18,-20,-15,-21
11.09375,71,2179,2179,140,18,-20,-15,-20
11.09765625,71,2179,2179,142,18,-20,-15,-21
11.1015625,71,2179,2179,143,19,-20,-15,-20
11.10546875,71,2179,2179,144,18,-20,-15,-21
11.109375,71,2179,2179,144,18,-20,-15,-20
11.11328125,71,2179,2179,145,19,-20,-15,-20
11.1171875,71,2179,2179,145,18,-20,-15,-20
11.12109375,72,2179,2179,145,18,-20,-15,-20
11.125,72,2179,2179,145,18,-20,-15,-20
11.12890625,71,2179,2179,145,18,-20,-15,-20
11.1328125,71,2179,2179,145,18,-20,-15,-20
11.13671875,71,2179,2179,145,18,-20,-15,-20
11.140625,71,2179,2179,146,17,-20,-15,-20
11.14453125,71,2179,2179,147,17,-20,-15,-20
11.1484375,71,2179,2179,148,18,-20,-14,-20
11.15234375,71,2179,2179,149,18,-20,-15,-20
11.15625,71,2179,2179,149,17,-20,-15,-20
11.16015625,71,2179,2179,150,17,-20,-15,-20
11.1640625,71,2179,2179,151,18,-20,-15,-21
11.16796875,70,2179,2179,152,18,-20,-15,-20
11.171875,70,2179,2179,152,17,-20,-15,-21
11.17578125,70,2179,2179,153,17,-20,-15,-21
11.1796875,70,2179,2179,154,18,-20,-15,-20
11.18359375,70,2179,2179,155,18,-20,-15,-21
11.1875,70,2179,2179,156,18,-18,-15,-21
11.19140625,70,2179,2179,156,18,-20,-15,-21
11.1953125,70,2179,2179,157,19,-20,-15,-20
11.19921875,70,2179,2179,157,18,-20,-15,-21
11.203125,71,2179,2179,157,18,-20,-15,-20
11.20703125,71,2179,2179,156,18,-20,-15,-20
11.2109375,70,2179,2179,156,18,-20,-15,-20
11.21484375,70,2179,2179,156,18,-20,-15,-20
11.21875,70,2179,2179,156,18,-20,-15,-20
11.22265625,70,2179,2179,157,18,-20,-15,-20
11.2265625,70,2179,2179,157,18,-20,-15,-20
11.23046875,70,2179,2179,158,18,-20,-15,-20
11.234375,70,2179,2179,159,18,-20,-15,-20
11.23828125,71,2179,2179,160,18,-20,-14,-20
11.2421875,71,2179,2179,160,18,-20,-14,-20
11.24609375,70,2179,2179,161,18,-20,-14,-20
11.25,70,2179,2179,161,18,-20,-14,-20
11.25390625,70,2179,2179,161,18,-20,-15,-20
11.2578125,70,2179,2179,161,18,-20,-15,-20
11.26171875,70,2179,2179,161,18,-20,-15,-20
11.265625,70,2179,2179,161,18,-20,-15,-20
11.26953125,71,2179,2179,161,18,-20,-15,-20
11.2734375,71,2179,2179,161,18,-20,-15,-20
11.27734375,71,2179,2179,162,18,-20,-15,-20
11.28125,71,2179,2179,163,18,-20,-15,-20
11.28515625,71,2179,2179,163,18,-20,-15,-20
11.2890625,71,2179,2179,164,18,-20,-15,-20
11.29296875,71,2179,2179,164,18,-20,-15,-20
11.296875,71,2179,2179,165,18,-20,-15,-20
11.30078125,71,2179,2179,165,18,-20,-15,-20
11.3046875,71,2179,2179,165,18,-20,-15,-20
11.30859375,70,2179,2179,165,18,-20,-15,-20
11.3125,70,2179,2179,165,18,-21,-15,-20
11.31640625,69,2179,2179,165,18,-20,-15,-20
11.3203125,69,2179,2179,164,18,-20,-15,-20
11.32421875,69,2179,2179,164,17,-20,-15,-20
11.328125,68,2179,2179,164,17,-20,-15,-20
11.33203125,68,2179,2179,164,18,-20,-15,-20
11.3359375,69,2179,2179,164,18,-20,-15,-21
11.33984375,69,2179,2179,164,17,-20,-15,-20
11.34375,68,2179,2179,164,17,-20,-15,-20
11.34765625,68,2179,2179,164,18,-20,-15,-20
11.3515625,68,2179,2179,164,18,-20,-15,-20
11.35546875,68,2179,2179,164,17,-20,-15,-20
11.359375,68,2179,2179,164,17,-20,-15,-20
11.36328125,68,2179,2179,164,18,-20,-15,-20
11.3671875,68,2179,2179,164,18,-20,-15,-20
11.37109375,69,2179,2179,164,18,-20,-15,-20
11.375,69,2179,2179,164,17,-20,-15,-20
11.37890625,69,2179,2179,164,18,-20,-15,-20
11.3828125,69,2179,2179,164,18,-20,-15,-20
11.38671875,69,2179,2179,164,18,-20,-15,-20
11.390625,69,2179,2179,164,17,-20,-15,-20
11.39453125,68,2179,2179,164,17,-20,-15,-20
11.3984375,68,2179,2179,165,18,-20,-15,-21
11.40234375,68,2179,2179,165,18,-20,-15,-21
11.40625,68,2179,2179,165,18,-20,-15,-20
11.41015625,68,2179,2179,166,18,-20,-15,-21
11.4140625,68,2179,2179,166,18,-20,-15,-20
11.41796875,69,2179,2179,167,18,-20,-15,-21
11.421875,68,2179,2179,166,18,-20,-15,-21
11.42578125,68,2179,2179,166,18,-20,-15,-20
11.4296875,68,2179,2179,167,18,-20,-15,-20
11.43359375,68,2179,2179,167,18,-20,-15,-20
11.4375,68,2179,2179,166,18,-19,-15,-20
11.44140625,67,2179,2179,166,18,-20,-15,-20
11.4453125,67,2179,2179,167,17,-20,-15,-20
11.44921875,67,2179,2179,167,18,-20,-15,-20
11.453125,67,2179,2179,167,18,-20,-15,-20
11.45703125,67,2179,2179,167,18,-20,-15,-20
11.4609375,67,2179,2179,167,18,-20,-15,-20
11.46484375,67,2179,2179,168,18,-20,-15,-20
11.46875,67,2179,2179,168,18,-20,-15,-20
11.47265625,67,2179,2179,168,18,-20,-15,-20
11.4765625,66,2179,2179,168,18,-20,-15,-20
11.48046875,66,2179,2179,168,18,-20,-15,-20
11.484375,66,2179,2179,168,18,-20,-15,-20
11.48828125,66,2179,2179,168,17,-20,-15,-20
11.4921875,66,2179,2179,169,18,-20,-15,-20
11.49609375,66,2179,2179,169,18,-20,-15,-21
11.5,65,2179,2179,169,18,-20,-15,-20
11.50390625,65,2179,2179,169,18,-20,-15,-21
11.5078125,65,2179,2179,168,17,-20,-15,-21
11.51171875,65,2179,2179,169,18,-20,-15,-21
11.515625,65,2179,2179,168,18,-20,-15,-21
11.51953125,65,2179,2179,168,18,-20,-15,-21
11.5234375,65,2179,2179,168,18,-20,-15,-21
11.52734375,64,2179,2179,168,18,-20,-15,-21
11.53125,64,2179,2179,168,18,-20,-15,-21
11.53515625,64,2179,2179,168,18,-20,-15,-20
11.5390625,64,2179,2179,168,18,-20,-15,-21
11.54296875,64,2179,2179,168,18,-20,-15,-20
11.546875,63,2179,2179,169,18,-20,-15,-21
11.55078125,63,2179,2179,169,18,-20,-15,-20
11.5546875,63,2179,2179,168,18,-20,-15,-20
11.55859375,63,2179,2179,168,18,-20,-15,-20
11.5625,63,2179,2179,169,18,-20,-15,-20
11.56640625,63,2179,2179,169,18,-20,-14,-20
11.5703125,64,2179,2179,169,17,-20,-15,-20
11.57421875,64,2179,2179,169,17,-20,-15,-20
11.578125,63,2179,2179,169,17,-20,-15,-20
11.58203125,63,2179,2179,170,18,-20,-15,-21
11.5859375,63,2179,2179,169,18,-20,-15,-21
11.58984375,64,2179,2179,169,17,-20,-15,-20
11.59375,63,2179,2179,169,17,-20,-15,-20
11.59765625,64,2179,2179,169,17,-20,-15,-21
11.6015625,64,2179,2179,169,17,-20,-15,-20
11.60546875,65,2179,2179,169,17,-20,-15,-20
11.609375,64,2179,2179,169,17,-20,-15,-20
11.61328125,64,2179,2179,170,18,-20,-15,-21
11.6171875,64,2179,2179,170,18,-20,-15,-20
11.62109375,64,2179,2179,170,18,-20,-15,-21
11.625,64,2179,2179,170,18,-20,-15,-21
11.62890625,63,2179,2179,170,18,-20,-15,-21
11.6328125,63,2179,2179,170,18,-20,-15,-20
11.63671875,63,2179,2179,170,18,-20,-15,-21
11.640625,63,2179,2179,170,18,-20,-15,-20
11.64453125,62,2179,2179,170,18,-20,-15,-20
11.6484375,62,2179,2179,170,18,-20,-15,-20
11.65234375,63,2179,2179,171,18,-20,-15,-20
11.65625,62,2179,2179,170,18,-20,-15,-20
11.66015625,62,2179,2179,171,18,-20,-15,-20
11.6640625,62,2179,2179,171,19,-20,-15,-20
11.66796875,62,2179,2179,171,19,-20,-15,-20
11.671875,62,2179,2179,171,18,-20,-15,-20
11.67578125,62,2179,2179,171,18,-20,-15,-20
11.6796875,61,2179,2179,171,19,-20,-15,-20
11.68359375,62,2179,2179,171,19,-20,-15,-20
11.6875,62,2179,2179,171,18,-19,-15,-20
11.69140625,62,2179,2179,171,18,-20,-15,-20
11.6953125,62,2179,2179,170,17,-20,-15,-20
11.69921875,62,2179,2179,170,18,-20,-15,-20
11.703125,63,2179,2179,170,18,-20,-15,-20
11.70703125,63,2179,2179,169,18,-20,-15,-20
11.7109375,62,2179,2179,169,18,-20,-15,-20
11.71484375,62,2179,2179,169,18,-20,-15,-20
11.71875,62,2179,2179,170,18,-20,-15,-20
11.72265625,62,2179,2179,169,18,-20,-15,-20
11.7265625,61,2179,2179,170,17,-20,-15,-20
11.73046875,61,2179,2179,171,18,-20,-15,-21
11.734375,61,2179,2179,171,18,-20,-15,-20
11.73828125,61,2179,2179,170,17,-20,-15,-21
11.7421875,61,2179,2179,170,17,-20,-15,-21
11.74609375,61,2179,2179,170,17,-20,-15,-20
11.75,61,2179,2179,170,17,-20,-15,-21
11.75390625,61,2179,2179,170,17,-20,-15,-20
11.7578125,61,2179,2179,170,17,-20,-15,-20
11.76171875,61,2179,2179,171,17,-20,-15,-20
11.765625,61,2179,2179,171,18,-20,-15,-20
11.76953125,61,2179,2179,171,18,-20,-15,-20
11.7734375,61,2179,2179,171,18,-20,-15,-20
11.77734375,60,2179,2179,171,18,-20,-15,-20
11.78125,60,2179,2179,171,18,-20,-15,-20
11.78515625,60,2179,2179,170,18,-20,-15,-20
11.7890625,60,2179,2179,170,18,-20,-15,-20
11.79296875,61,2179,2179,170,18,-20,-15,-20
11.796875,60,2179,2179,170,18,-20,-15,-20
11.80078125,60,2179,2179,171,18,-20,-15,-20
11.8046875,61,2179,2179,171,18,-19,-15,-20
11.80859375,61,2179,2179,171,18,-20,-14,-20
11.8125,60,2179,2179,172,18,-20,-15,-20
11.81640625,60,2179,2179,173,18,-20,-15,-20
11.8203125,61,2179,2179,172,17,-20,-15,-20
11.82421875,61,2179,2179,172,17,-20,-15,-20
11.828125,60,2179,2179,172,18,-20,-15,-21
11.83203125,60,2179,2179,171,18,-20,-15,-21
11.8359375,60,2179,2179,171,18,-20,-15,-21
11.83984375,60,2179,2179,170,18,-20,-15,-21
11.84375,60,2179,2179,170,18,-20,-15,-21
11.84765625,60,2179,2179,171,18,-20,-15,-21
11.8515625,60,2179,2179,171,18,-20,-15,-20
11.85546875,60,2179,2179,171,18,-20,-15,-20
11.859375,60,2179,2179,172,18,-20,-15,-20
11.86328125,60,2179,2179,173,18,-20,-15,-20
11.8671875,60,2179,2179,173,18,-20,-15,-20
11.87109375,60,2179,2179,173,18,-20,-15,-20
11.875,59,2179,2179,173,18,-20,-15,-20
11.87890625,59,2179,2179,173,18,-20,-15,-20
11.8828125,59,2179,2179,172,18,-20,-15,-20
11.88671875,59,2179,2179,172,18,-20,-15,-20
11.890625,59,2179,2179,172,18,-20,-15,-20
11.89453125,59,2179,2179,172,18,-20,-15,-20
11.8984375,59,2179,2179,173,18,-20,-15,-20
11.90234375,59,2179,2179,173,18,-20,-15,-20
11.90625,59,2179,2179,172,18,-20,-15,-20
11.91015625,59,2179,2179,172,18,-20,-15,-20
11.9140625,59,2179,2179,173,18,-20,-15,-20
11.91796875,59,2179,2179,172,18,-20,-15,-20
11.921875,60,2179,2179,172,18,-20,-15,-20
11.92578125,60,2179,2179,172,18,-20,-15,-20
11.9296875,60,2179,2179,172,18,-20,-15,-20
11.93359375,59,2179,2179,172,18,-20,-15,-20
11.9375,60,2179,2179,172,17,-19,-15,-21
11.94140625,60,2179,2179,172,18,-20,-15,-20
11.9453125,59,2179,2179,172,17,-20,-15,-20
11.94921875,59,2179,2179,172,18,-20,-15,-20
11.953125,59,2179,2179,173,18,-20,-15,-20
11.95703125,59,2179,2179,172,18,-20,-15,-20
11.9609375,58,2179,2179,172,18,-20,-15,-20
11.96484375,58,2179,2179,172,18,-20,-15,-21
11.96875,59,2179,2179,172,18,-20,-15,-20
11.97265625,59,2179,2179,172,18,-20,-15,-20
11.9765625,59,2179,2179,172,18,-20,-15,-20
11.98046875,58,2179,2179,172,18,-20,-15,-22
11.984375,58,2179,2179,173,18,-20,-15,-20
11.98828125,58,2179,2179,172,18,-20,-15,-20
11.9921875,58,2179,2179,172,18,-20,-15,-20
11.99609375,57,2179,2179,173,18,-20,-15,-20
12.0,57,2179,2179,173,18,-20,-15,-20
12.00390625,57,2179,2179,173,18,-20,-14,-20
12.0078125,57,2179,2179,173,18,-20,-15,-20
12.01171875,57,2179,2179,174,18,-20,-15,-20
12.015625,57,2179,2179,174,18,-20,-15,-20
12.01953125,58,2179,2179,173,18,-20,-15,-20
12.0234375,58,2179,2179,172,18,-20,-15,-20
12.02734375,58,2179,2179,172,18,-20,-15,-20
12.03125,58,2179,2179,172,18,-20,-15,-20
12.03515625,58,2179,2179,172,18,-20,-15,-20
12.0390625,58,2179,2179,172,18,-20,-15,-20
12.04296875,58,2179,2179,172,18,-20,-15,-20
12.046875,58,2179,2179,173,18,-20,-15,-20
12.05078125,58,2179,2179,173,18,-20,-15,-20
12.0546875,58,2179,2179,173,17,-20,-15,-20
12.05859375,58,2179,2179,173,17,-20,-15,-20
12.0625,58,2179,2179,174,18,-20,-15,-21
12.06640625,58,2179,2179,174,18,-20,-15,-20
12.0703125,58,2179,2179,174,18,-20,-15,-20
12.07421875,58,2179,2179,174,18,-20,-15,-20
12.078125,58,2179,2179,174,18,-20,-15,-20
12.08203125,58,2179,2179,174,18,-20,-15,-21
12.0859375,58,2179,2179,173,18,-20,-15,-21
12.08984375,58,2179,2179,172,18,-20,-15,-21
12.09375,58,2179,2179,172,18,-20,-15,-20
12.09765625,58,2179,2179,172,18,-20,-15,-20
12.1015625,58,2179,2179,172,19,-20,-15,-20
12.10546875,58,2179,2179,172,18,-20,-15,-21
12.109375,58,2179,2179,172,18,-20,-15,-20
12.11328125,57,2179,2179,173,18,-20,-15,-20
12.1171875,58,2179,2179,173,18,-19,-15,-20
12.12109375,58,2179,2179,173,18,-20,-15,-20
12.125,58,2179,2179,172,18,-20,-15,-20
12.12890625,58,2179,2179,173,18,-20,-15,-20
12.1328125,57,2179,2179,173,18,-20,-15,-20
12.13671875,58,2179,2179,172,18,-20,-15,-20
12.140625,58,2179,2179,172,18,-20,-15,-20
12.14453125,58,2179,2179,172,18,-20,-15,-20
12.1484375,58,2179,2179,172,18,-20,-15,-20
12.15234375,58,2179,2179,172,18,-20,-15,-20
12.15625,59,2179,2179,172,17,-20,-15,-21
12.16015625,59,2179,2179,173,17,-20,-15,-21
12.1640625,59,2179,2179,173,18,-20,-15,-21
12.16796875,59,2179,2179,173,18,-20,-15,-20
12.171875,59,2179,2179,173,17,-20,-15,-21
12.17578125,59,2179,2179,173,17,-20,-15,-20
12.1796875,59,2179,2179,173,18,-20,-15,-21
12.18359375,58,2179,2179,173,18,-20,-15,-21
12.1875,58,2179,2179,173,17,-20,-15,-21
12.19140625,58,2179,2179,173,17,-20,-15,-20
12.1953125,57,2179,2179,173,17,-20,-15,-20
12.19921875,57,2179,2179,173,18,-20,-15,-20
12.203125,57,2179,2179,172,18,-20,-15,-20
12.20703125,57,2179,2179,172,17,-20,-15,-20
12.2109375,57,2179,2179,173,18,-20,-15,-20
12.21484375,56,2179,2179,173,18,-20,-15,-20
12.21875,57,2179,2179,173,18,-20,-15,-20
12.22265625,57,2179,2179,174,18,-20,-15,-20
12.2265625,57,2179,2179,174,18,-20,-15,-20
12.23046875,57,2179,2179,175,18,-20,-15,-21
12.234375,57,2179,2179,175,18,-20,-15,-20
12.23828125,57,2179,2179,175,18,-20,-15,-20
12.2421875,57,2179,2179,175,18,-20,-15,-20
12.24609375,56,2179,2179,175,18,-20,-15,-20
12.25,56,2179,2179,174,18,-20,-15,-20
12.25390625,56,2179,2179,173,18,-20,-15,-20
12.2578125,56,2179,2179,173,18,-20,-15,-20
12.26171875,56,2179,2179,173,18,-20,-15,-20
12.265625,56,2179,2179,173,18,-20,-15,-20
12.26953125,57,2179,2179,173,18,-20,-15,-20
12.2734375,56,2179,2179,173,18,-20,-15,-20
12.27734375,56,2179,2179,173,18,-20,-15,-20
12.28125,56,2179,2179,174,18,-20,-15,-21
12.28515625,56,2179,2179,175,18,-20,-15,-21
12.2890625,56,2179,2179,175,18,-20,-15,-20
12.29296875,56,2179,2179,175,18,-20,-15,-20
12.296875,56,2179,2179,175,18,-20,-15,-20
12.30078125,56,2179,2179,175,18,-20,-15,-20
12.3046875,56,2179,2179,174,18,-20,-15,-20
12.30859375,56,2179,2179,174,18,-20,-15,-20
12.3125,56,2179,2179,174,18,-20,-15,-20
12.31640625,55,2179,2179,174,18,-20,-15,-20
12.3203125,55,2179,2179,174,18,-20,-15,-20
12.32421875,55,2179,2179,174,17,-20,-15,-20
12.328125,55,2179,2179,173,17,-20,-15,-20
12.33203125,55,2179,2179,174,18,-20,-15,-20
12.3359375,55,2179,2179,174,18,-20,-15,-20
12.33984375,56,2179,2179,173,17,-20,-15,-20
12.34375,56,2179,2179,173,17,-20,-15,-20
12.34765625,56,2179,2179,173,18,-20,-15,-20
12.3515625,56,2179,2179,173,18,-20,-15,-20
12.35546875,56,2179,2179,173,17,-20,-15,-19
12.359375,55,2179,2179,173,17,-20,-15,-20
12.36328125,55,2179,2179,174,18,-20,-15,-21
12.3671875,54,2179,2179,174,18,-20,-15,-21
12.37109375,54,2179,2179,174,18,-20,-15,-20
12.375,54,2179,2179,174,17,-20,-15,-20
12.37890625,54,2179,2179,174,18,-20,-15,-20
12.3828125,54,2179,2179,175,18,-20,-15,-20
12.38671875,55,2179,2179,174,18,-20,-15,-20
12.390625,55,2179,2179,174,17,-20,-15,-20
12.39453125,54,2179,2179,174,18,-20,-15,-20
12.3984375,55,2179,2179,174,18,-20,-15,-21
12.40234375,55,2179,2179,173,18,-20,-15,-21
12.40625,55,2179,2179,173,18,-20,-15,-21
12.41015625,54,2179,2179,172,18,-20,-15,-20
12.4140625,54,2179,2179,172,18,-20,-15,-21
12.41796875,54,2179,2179,172,18,-20,-15,-20
12.421875,53,2179,2179,172,18,-20,-15,-20
12.42578125,53,2179,2179,171,18,-20,-15,-20
12.4296875,52,2179,2179,170,18,-20,-15,-20
12.43359375,52,2179,2179,167,18,-20,-15,-20
12.4375,52,2179,2179,162,18,-20,-15,-20
12.44140625,52,2179,2179,155,18,-20,-15,-20
12.4453125,52,2179,2179,145,18,-20,-15,-20
12.44921875,51,2179,2179,133,18,-20,-15,-20
12.453125,51,2179,2179,120,18,-20,-15,-20
12.45703125,51,2179,2179,110,17,-20,-15,-20
12.4609375,50,2179,2179,101,18,-20,-15,-20
12.46484375,50,2179,2179,96,18,-20,-15,-20
12.46875,50,2179,2179,93,18,-20,-15,-20
12.47265625,50,2179,2179,93,18,-20,-15,-20
12.4765625,50,2179,2179,94,18,-20,-15,-20
12.48046875,50,2179,2179,95,18,-20,-15,-20
12.484375,51,2179,2179,94,18,-20,-15,-20
12.48828125,51,2179,2179,90,18,-20,-15,-20
12.4921875,51,2179,2179,83,18,-20,-15,-21
12.49609375,50,2179,2179,75,18,-20,-15,-21
12.5,49,2179,2179,66,18,-20,-15,-21
12.50390625,49,2179,2179,57,18,-20,-15,-21
12.5078125,49,2179,2179,50,18,-20,-15,-21
12.51171875,48,2179,2179,45,18,-20,-15,-21
12.515625,48,2179,2179,41,18,-20,-15,-20
12.51953125,48,2179,2179,39,18,-20,-15,-21
12.5234375,48,2179,2179,37,18,-20,-15,-21
12.52734375,48,2179,2179,36,18,-20,-15,-21
12.53125,48,2179,2179,34,18,-20,-15,-20
12.53515625,48,2179,2179,32,18,-20,-15,-20
12.5390625,48,2179,2179,29,17,-20,-15,-20
12.54296875,47,2179,2179,28,18,-20,-15,-20
12.546875,47,2179,2179,26,18,-20,-15,-20
12.55078125,47,2179,2179,26,18,-20,-15,-20
12.5546875,47,2179,2179,25,18,-20,-15,-20
12.55859375,47,2179,2179,25,17,-20,-15,-20
12.5625,46,2179,2179,26,18,-20,-15,-20
12.56640625,46,2179,2179,26,18,-20,-15,-20
12.5703125,46,2179,2179,26,18,-20,-15,-20
12.57421875,46,2179,2179,25,18,-20,-15,-20
12.578125,45,2179,2179,24,18,-20,-15,-20
12.58203125,45,2179,2179,24,18,-20,-15,-20
12.5859375,45,2179,2179,24,18,-20,-15,-20
12.58984375,45,2179,2179,23,17,-20,-15,-20
12.59375,45,2179,2179,23,17,-20,-15,-20
12.59765625,45,2179,2179,24,17,-20,-15,-21
12.6015625,45,2179,2179,24,17,-20,-15,-21
12.60546875,45,2179,2179,24,17,-20,-15,-20
12.609375,45,2179,2179,24,17,-20,-15,-21
12.61328125,44,2179,2179,24,17,-20,-15,-21
12.6171875,44,2179,2179,24,17,-20,-15,-21
12.62109375,44,2179,2179,24,17,-20,-15,-21
12.625,43,2179,2179,24,17,-20,-15,-21
12.62890625,43,2179,2179,24,18,-20,-15,-21
12.6328125,42,2179,2179,24,18,-20,-15,-21
12.63671875,42,2179,2179,24,18,-20,-15,-21
12.640625,42,2179,2179,24,18,-20,-15,-20
12.64453125,41,2179,2179,24,18,-20,-15,-20
12.6484375,41,2179,2179,24,18,-20,-15,-20
12.65234375,41,2179,2179,25,18,-20,-15,-20
12.65625,41,2179,2179,24,18,-20,-15,-20
12.66015625,41,2179,2179,24,18,-20,-15,-20
12.6640625,41,2179,2179,24,18,-20,-15,-20
12.66796875,41,2179,2179,24,18,-20,-15,-20
12.671875,42,2179,2179,24,18,-20,-15,-20
12.67578125,42,2179,2179,24,18,-20,-15,-20
12.6796875,42,2179,2179,24,18,-20,-15,-20
12.68359375,42,2179,2179,25,18,-20,-15,-20
12.6875,42,2179,2179,24,18,-20,-15,-20
12.69140625,42,2179,2179,24,18,-20,-15,-20
12.6953125,41,2179,2179,24,18,-20,-15,-20
12.69921875,41,2179,2179,24,18,-20,-15,-20
12.703125,41,2179,2179,24,18,-20,-15,-21
12.70703125,41,2179,2179,24,18,-20,-15,-21
12.7109375,40,2179,2179,24,18,-20,-15,-21
12.71484375,40,2179,2179,24,18,-20,-15,-21
12.71875,40,2179,2179,24,18,-20,-15,-20
12.72265625,40,2179,2179,24,17,-20,-15,-21
12.7265625,40,2179,2179,24,17,-20,-15,-21
12.73046875,40,2179,2179,24,18,-20,-15,-20
12.734375,40,2179,2179,24,18,-20,-15,-21
12.73828125,40,2179,2179,24,17,-20,-16,-21
12.7421875,40,2179,2179,24,17,-20,-15,-20
12.74609375,39,2179,2179,24,17,-20,-15,-20
12.75,39,2179,2179,24,17,-20,-15,-20
12.75390625,39,2179,2179,23,17,-20,-15,-20
12.7578125,39,2179,2179,23,17,-20,-15,-20
12.76171875,38,2179,2179,24,17,-20,-15,-20
12.765625,37,2179,2179,24,17,-20,-15,-20
12.76953125,37,2179,2179,24,17,-20,-15,-20
12.7734375,36,2179,2179,24,17,-20,-15,-20
12.77734375,36,2179,2179,24,17,-20,-15,-20
12.78125,35,2179,2179,24,18,-20,-15,-20
12.78515625,35,2179,2179,24,17,-20,-15,-20
12.7890625,35,2179,2179,24,17,-20,-15,-20
12.79296875,36,2179,2179,24,17,-20,-15,-20
12.796875,35,2179,2179,24,18,-20,-15,-20
12.80078125,35,2179,2179,24,18,-20,-15,-20
12.8046875,36,2179,2179,24,17,-20,-15,-20
12.80859375,36,2179,2179,24,17,-20,-15,-20
12.8125,35,2179,2179,24,18,-20,-15,-20
12.81640625,35,2179,2179,24,18,-20,-15,-20
12.8203125,36,2179,2179,24,18,-20,-15,-20
12.82421875,36,2179,2179,24,17,-20,-15,-21
12.828125,35,2179,2179,24,18,-20,-15,-21
12.83203125,35,2179,2179,24,18,-20,-15,-21
12.8359375,35,2179,2179,24,18,-20,-15,-21
12.83984375,35,2179,2179,24,18,-20,-15,-21
12.84375,35,2179,2179,24,18,-20,-15,-21
12.84765625,35,2179,2179,24,18,-20,-15,-21
12.8515625,35,2179,2179,24,18,-20,-15,-21
12.85546875,35,2179,2179,24,18,-20,-15,-20
12.859375,34,2179,2179,24,18,-20,-15,-20
12.86328125,33,2179,2179,24,18,-20,-16,-20
12.8671875,33,2179,2179,24,18,-20,-15,-20
12.87109375,33,2179,2179,24,17,-20,-15,-20
12.875,33,2179,2179,24,17,-20,-15,-20
12.87890625,32,2179,2179,24,18,-20,-15,-20
12.8828125,32,2179,2179,24,18,-20,-15,-20
12.88671875,32,2179,2179,24,18,-20,-15,-20
12.890625,32,2179,2179,24,17,-20,-15,-20
12.89453125,32,2179,2179,24,17,-20,-15,-20
12.8984375,32,2179,2179,24,18,-20,-15,-20
12.90234375,32,2179,2179,24,18,-20,-15,-21
12.90625,32,2179,2179,24,17,-20,-15,-20
12.91015625,32,2179,2179,24,18,-20,-15,-20
12.9140625,32,2179,2179,24,18,-20,-15,-20
12.91796875,32,2179,2179,24,18,-20,-15,-20
12.921875,32,2179,2179,24,18,-20,-15,-20
12.92578125,33,2179,2179,24,18,-20,-14,-20
12.9296875,32,2179,2179,24,18,-20,-15,-20
12.93359375,33,2179,2179,24,18,-20,-15,-20
12.9375,33,2179,2179,24,17,-20,-15,-20
12.94140625,33,2179,2179,24,18,-20,-15,-20
12.9453125,32,2179,2179,24,18,-20,-15,-21
12.94921875,32,2179,2179,24,18,-20,-15,-21
12.953125,32,2179,2179,24,18,-20,-15,-20
12.95703125,32,2179,2179,24,18,-20,-15,-21
12.9609375,31,2179,2179,24,18,-20,-15,-21
12.96484375,31,2179,2179,24,18,-20,-15,-21
12.96875,31,2179,2179,24,18,-20,-15,-21
12.97265625,31,2179,2179,24,17,-20,-15,-20
12.9765625,31,2179,2179,24,17,-20,-15,-20
12.98046875,31,2179,2179,24,18,-20,-15,-20
12.984375,30,2179,2179,24,18,-20,-15,-20
12.98828125,31,2179,2179,24,17,-20,-14,-20
12.9921875,30,2179,2179,24,17,-20,-15,-20
12.99609375,30,2179,2179,24,18,-20,-15,-20
13.0,30,2179,2179,24,18,-20,-15,-20
13.00390625,30,2179,2179,24,18,-20,-15,-20
13.0078125,30,2179,2179,24,18,-20,-15,-20
13.01171875,30,2179,2179,24,18,-20,-15,-20
13.015625,31,2179,2179,24,18,-20,-15,-20
13.01953125,31,2179,2179,24,18,-20,-15,-20
13.0234375,31,2179,2179,24,18,-20,-15,-20
13.02734375,31,2179,2179,24,18,-20,-15,-20
13.03125,31,2179,2179,24,18,-20,-15,-20
13.03515625,31,2179,2179,24,18,-20,-15,-20
13.0390625,31,2179,2179,24,17,-20,-15,-20
13.04296875,31,2179,2179,23,17,-20,-15,-20
13.046875,31,2179,2179,24,18,-20,-15,-20
13.05078125,31,2179,2179,24,18,-20,-15,-20
13.0546875,31,2179,2179,24,17,-20,-15,-21
13.05859375,31,2179,2179,24,18,-20,-15,-21
13.0625,31,2179,2179,24,18,-20,-15,-21
13.06640625,31,2179,2179,24,18,-20,-15,-21
13.0703125,31,2179,2179,24,18,-20,-15,-21
13.07421875,31,2179,2179,24,18,-20,-15,-20
13.078125,30,2179,2179,24,18,-20,-15,-20
13.08203125,30,2179,2179,25,18,-20,-15,-20
13.0859375,30,2179,2179,25,18,-20,-15,-20
13.08984375,29,2179,2179,24,18,-20,-15,-20
13.09375,29,2179,2179,24,18,-20,-15,-20
13.09765625,29,2179,2179,25,19,-20,-15,-20
13.1015625,29,2179,2179,25,18,-20,-15,-20
13.10546875,29,2179,2179,24,18,-20,-15,-20
13.109375,29,2179,2179,24,18,-20,-15,-20
13.11328125,29,2179,2179,25,18,-20,-15,-20
13.1171875,30,2179,2179,24,18,-20,-15,-20
13.12109375,30,2179,2179,24,18,-20,-15,-20
13.125,30,2179,2179,24,18,-20,-15,-20
13.12890625,30,2179,2179,24,18,-20,-15,-20
13.1328125,30,2179,2179,24,18,-20,-15,-20
13.13671875,31,2179,2179,24,18,-20,-15,-20
13.140625,31,2179,2179,24,18,-20,-15,-20
13.14453125,31,2179,2179,24,18,-20,-15,-20
13.1484375,31,2179,2179,24,18,-20,-15,-20
13.15234375,31,2179,2179,24,17,-20,-15,-20
13.15625,31,2179,2179,23,17,-20,-15,-20
13.16015625,30,2179,2179,24,17,-20,-15,-21
13.1640625,31,2179,2179,24,17,-20,-15,-21
13.16796875,31,2179,2179,24,17,-20,-15,-21
13.171875,31,2179,2179,23,17,-20,-15,-21
13.17578125,32,2179,2179,23,17,-20,-15,-21
13.1796875,32,2179,2179,24,18,-20,-15,-21
13.18359375,32,2179,2179,24,18,-20,-15,-21
13.1875,32,2179,2179,24,17,-20,-15,-20
13.19140625,32,2179,2179,24,18,-20,-15,-20
13.1953125,31,2179,2179,24,18,-20,-15,-20
13.19921875,31,2179,2179,24,18,-20,-15,-20
13.203125,31,2179,2179,24,18,-20,-15,-20
13.20703125,31,2179,2179,24,17,-20,-15,-20
13.2109375,31,2179,2179,24,17,-20,-15,-20
13.21484375,31,2179,2179,24,18,-20,-15,-20
13.21875,31,2179,2179,24,18,-20,-15,-20
13.22265625,31,2179,2179,24,18,-20,-15,-20
13.2265625,31,2179,2179,24,18,-20,-15,-20
13.23046875,31,2179,2179,24,18,-20,-15,-20
13.234375,30,2179,2179,24,18,-20,-15,-20
13.23828125,31,2179,2179,24,18,-20,-14,-20
13.2421875,31,2179,2179,24,18,-20,-15,-20
13.24609375,30,2179,2179,24,18,-20,-15,-20
13.25,30,2179,2179,24,18,-20,-15,-20
13.25390625,31,2179,2179,24,18,-20,-15,-20
13.2578125,31,2179,2179,24,18,-20,-15,-20
13.26171875,31,2179,2179,24,18,-20,-15,-20
13.265625,31,2179,2179,24,18,-20,-15,-20
13.26953125,31,2179,2179,25,18,-20,-15,-20
13.2734375,32,2179,2179,24,18,-20,-15,-20
13.27734375,31,2179,2179,24,18,-20,-15,-20
13.28125,31,2179,2179,24,18,-20,-15,-20
13.28515625,32,2179,2179,24,18,-20,-15,-20
13.2890625,32,2179,2179,24,18,-20,-15,-21
13.29296875,32,2179,2179,24,18,-20,-15,-20
13.296875,32,2179,2179,24,18,-20,-15,-20
13.30078125,32,2179,2179,24,18,-20,-15,-20
13.3046875,32,2179,2179,24,18,-20,-15,-20
13.30859375,32,2179,2179,24,18,-20,-15,-20
13.3125,32,2179,2179,24,18,-20,-15,-20
13.31640625,32,2179,2179,24,18,-20,-15,-20
13.3203125,31,2179,2179,24,18,-20,-15,-20
13.32421875,31,2179,2179,24,17,-20,-15,-20
13.328125,31,2179,2179,24,17,-20,-15,-20
13.33203125,31,2179,2179,24,18,-20,-15,-20
13.3359375,32,2179,2179,24,17,-20,-15,-20
13.33984375,32,2179,2179,24,17,-20,-15,-20
13.34375,32,2179,2179,24,17,-20,-15,-20
13.34765625,32,2179,2179,24,17,-20,-15,-20
13.3515625,33,2179,2179,24,18,-20,-15,-20
13.35546875,33,2179,2179,24,17,-20,-15,-20
13.359375,33,2179,2179,24,17,-20,-15,-20
13.36328125,32,2179,2179,24,18,-20,-14,-20
13.3671875,32,2179,2179,24,18,-20,-15,-20
13.37109375,33,2179,2179,24,18,-20,-15,-20
13.375,33,2179,2179,24,17,-20,-15,-20
13.37890625,33,2179,2179,24,18,-20,-15,-20
13.3828125,33,2179,2179,24,18,-20,-15,-20
13.38671875,33,2179,2179,24,18,-20,-15,-20
13.390625,33,2179,2179,24,18,-20,-15,-20
13.39453125,33,2179,2179,24,18,-20,-15,-20
13.3984375,33,2179,2179,24,18,-20,-15,-20
13.40234375,33,2179,2179,24,18,-20,-15,-20
13.40625,33,2179,2179,24,18,-20,-15,-20
13.41015625,33,2179,2179,24,18,-20,-15,-20
13.4140625,33,2179,2179,24,18,-20,-15,-20
13.41796875,33,2179,2179,24,18,-20,-15,-20
13.421875,33,2179,2179,24,18,-20,-15,-20
13.42578125,33,2179,2179,24,18,-20,-15,-20
13.4296875,33,2179,2179,24,18,-20,-15,-20
13.43359375,33,2179,2179,24,18,-20,-15,-20
13.4375,33,2179,2179,24,18,-20,-15,-20
13.44140625,33,2179,2179,24,18,-20,-15,-20
13.4453125,33,2179,2179,24,18,-20,-15,-20
13.44921875,33,2179,2179,24,18,-20,-15,-20
13.453125,33,2179,2179,24,18,-20,-15,-20
13.45703125,33,2179,2179,24,18,-20,-15,-20
13.4609375,32,2179,2179,24,18,-20,-15,-20
13.46484375,32,2179,2179,24,19,-20,-15,-20
13.46875,33,2179,2179,24,18,-20,-15,-20
13.47265625,33,2179,2179,24,18,-20,-15,-20
13.4765625,33,2179,2179,24,18,-20,-15,-20
13.48046875,33,2179,2179,25,18,-20,-15,-20
13.484375,33,2179,2179,24,18,-20,-15,-20
13.48828125,34,2179,2179,24,18,-20,-14,-20
13.4921875,34,2179,2179,24,18,-20,-15,-20
13.49609375,33,2179,2179,24,18,-25,-15,-20
13.5,33,2179,2179,25,18,-20,-15,-21
13.50390625,34,2179,2179,24,18,-20,-15,-20
13.5078125,34,2179,2179,24,18,-20,-15,-20
13.51171875,33,2179,2179,25,18,-20,-15,-20
13.515625,33,2179,2179,25,18,-20,-15,-20
13.51953125,34,2179,2179,25,18,-20,-15,-21
13.5234375,34,2179,2179,24,18,-20,-15,-20
13.52734375,33,2179,2179,24,18,-20,-15,-21
13.53125,33,2179,2179,24,18,-20,-15,-20
13.53515625,33,2179,2179,24,18,-20,-15,-20
13.5390625,33,2179,2179,24,18,-20,-15,-20
13.54296875,33,2179,2179,24,18,-20,-15,-20
13.546875,32,2179,2179,24,18,-20,-15,-20
13.55078125,33,2179,2179,25,18,-20,-15,-20
13.5546875,33,2179,2179,24,18,-20,-15,-20
13.55859375,34,2179,2179,24,18,-20,-15,-20
13.5625,34,2179,2179,24,18,-20,-15,-20
13.56640625,34,2179,2179,24,18,-20,-15,-20
13.5703125,34,2179,2179,24,18,-20,-15,-20
13.57421875,34,2179,2179,24,18,-20,-15,-20
13.578125,34,2179,2179,24,18,-20,-15,-20
13.58203125,34,2179,2179,24,18,-20,-15,-20
13.5859375,34,2179,2179,24,18,-20,-15,-20
13.58984375,34,2179,2179,24,17,-20,-15,-20
13.59375,34,2179,2179,24,17,-20,-15,-20
13.59765625,34,2179,2179,24,17,-20,-15,-20
13.6015625,35,2179,2179,24,17,-20,-15,-20
13.60546875,35,2179,2179,23,17,-20,-15,-20
13.609375,35,2179,2179,24,17,-20,-15,-21
13.61328125,35,2179,2179,24,18,-20,-15,-21
13.6171875,35,2179,2179,24,18,-20,-15,-21
13.62109375,35,2179,2179,24,17,-15,-15,-21
13.625,36,2179,2179,24,17,-20,-15,-20
13.62890625,36,2179,2179,24,18,-20,-15,-20
13.6328125,36,2179,2179,24,18,-20,-15,-20
13.63671875,36,2179,2179,24,18,-20,-15,-21
13.640625,36,2179,2179,24,18,-20,-15,-20
13.64453125,36,2179,2179,24,18,-20,-15,-20
13.6484375,36,2179,2179,24,18,-20,-15,-20
13.65234375,36,2179,2179,24,18,-20,-15,-20
13.65625,36,2179,2179,24,18,-20,-15,-20
13.66015625,36,2179,2179,24,18,-20,-15,-20
13.6640625,36,2179,2179,24,18,-20,-15,-20
13.66796875,36,2179,2179,24,18,-20,-15,-20
13.671875,37,2179,2179,24,18,-20,-15,-20
13.67578125,37,2179,2179,24,18,-20,-15,-20
13.6796875,37,2179,2179,25,18,-20,-15,-20
13.68359375,37,2179,2179,25,18,-20,-15,-20
13.6875,38,2179,2179,24,18,-20,-15,-20
13.69140625,38,2179,2179,24,18,-20,-15,-20
13.6953125,38,2179,2179,24,18,-20,-15,-21
13.69921875,38,2179,2179,24,18,-20,-15,-20
13.703125,39,2179,2179,24,18,-20,-15,-20
13.70703125,39,2179,2179,24,18,-20,-15,-20
13.7109375,40,2179,2179,24,18,-20,-15,-20
13.71484375,40,2179,2179,24,18,-20,-15,-20
13.71875,40,2179,2179,24,18,-20,-15,-20
13.72265625,41,2179,2179,24,17,-20,-15,-20
13.7265625,41,2179,2179,24,17,-20,-15,-20
13.73046875,41,2179,2179,24,18,-20,-15,-20
13.734375,41,2179,2179,24,18,-20,-15,-20
13.73828125,42,2179,2179,24,17,-20,-15,-21
13.7421875,42,2179,2179,24,18,-20,-15,-20
13.74609375,42,2179,2179,24,18,-27,-15,-20
13.75,42,2179,2179,24,18,-20,-15,-20
13.75390625,42,2179,2179,24,17,-20,-15,-20
13.7578125,42,2179,2179,24,17,-20,-15,-20
13.76171875,42,2179,2179,24,17,-20,-15,-20
13.765625,43,2179,2179,24,17,-20,-15,-20
13.76953125,43,2179,2179,24,18,-20,-15,-20
13.7734375,43,2179,2179,24,17,-20,-15,-20
13.77734375,43,2179,2179,24,17,-20,-15,-20
13.78125,43,2179,2179,24,18,-20,-15,-20
13.78515625,44,2179,2179,24,17,-20,-15,-20
13.7890625,44,2179,2179,24,17,-20,-15,-20
13.79296875,44,2179,2179,24,17,-20,-15,-20
13.796875,43,2179,2179,24,18,-20,-15,-20
13.80078125,44,2179,2179,24,18,-20,-15,-20
13.8046875,44,2179,2179,24,17,-20,-14,-20
13.80859375,44,2179,2179,24,17,-20,-15,-20
13.8125,44,2179,2179,24,18,-20,-15,-20
13.81640625,45,2179,2179,24,18,-20,-15,-20
13.8203125,46,2179,2179,24,18,-20,-15,-20
13.82421875,46,2179,2179,24,18,-20,-15,-20
13.828125,47,2179,2179,24,18,-20,-15,-21
13.83203125,47,2179,2179,25,18,-20,-15,-21
13.8359375,48,2179,2179,24,18,-20,-15,-21
13.83984375,49,2179,2179,24,18,-20,-15,-20
13.84375,48,2179,2179,24,18,-20,-15,-20
13.84765625,49,2179,2179,24,18,-20,-15,-20
13.8515625,49,2179,2179,24,19,-20,-15,-20
13.85546875,50,2179,2179,24,18,-20,-15,-21
13.859375,50,2179,2179,24,18,-20,-15,-20
13.86328125,50,2179,2179,24,18,-20,-15,-20
13.8671875,51,2179,2179,24,18,-20,-15,-20
13.87109375,52,2179,2179,24,18,-14,-15,-20
13.875,52,2179,2179,24,18,-20,-15,-20
13.87890625,53,2179,2179,24,18,-20,-15,-20
13.8828125,53,2179,2179,25,18,-20,-15,-20
13.88671875,54,2179,2179,24,18,-20,-15,-20
13.890625,54,2179,2179,24,18,-20,-15,-20
13.89453125,54,2179,2179,24,18,-20,-15,-20
13.8984375,55,2179,2179,24,18,-20,-15,-20
13.90234375,56,2179,2179,24,18,-20,-15,-20
13.90625,57,2179,2179,24,18,-20,-15,-20
13.91015625,57,2179,2179,24,18,-20,-15,-20
13.9140625,58,2179,2179,24,18,-20,-15,-20
13.91796875,59,2179,2179,24,18,-20,-15,-20
13.921875,60,2179,2179,24,18,-20,-15,-20
13.92578125,60,2179,2179,24,18,-20,-15,-20
13.9296875,61,2179,2179,24,18,-20,-15,-20
13.93359375,61,2179,2179,24,18,-20,-15,-20
13.9375,62,2179,2179,24,18,-20,-15,-20
13.94140625,62,2179,2179,24,18,-20,-15,-21
13.9453125,62,2179,2179,24,18,-20,-15,-20
13.94921875,63,2179,2179,24,18,-20,-15,-21
13.953125,63,2179,2179,24,18,-20,-15,-20
13.95703125,64,2179,2179,24,17,-20,-15,-21
13.9609375,64,2179,2179,24,17,-20,-15,-20
13.96484375,64,2179,2179,24,18,-20,-15,-20
13.96875,64,2179,2179,24,18,-20,-15,-20
13.97265625,64,2179,2179,24,17,-20,-15,-20
13.9765625,64,2179,2179,23,17,-20,-15,-21
13.98046875,64,2179,2179,24,18,-20,-15,-20
13.984375,64,2179,2179,23,18,-20,-15,-20
13.98828125,64,2179,2179,23,17,-20,-15,-20
13.9921875,64,2179,2179,23,18,-20,-15,-20
13.99609375,65,2179,2179,23,18,-24,-15,-20
14.0,65,2179,2179,23,18,-20,-15,-20
14.00390625,66,2179,2179,24,18,-20,-15,-20
14.0078125,66,2179,2179,24,18,-20,-15,-20
14.01171875,66,2179,2179,24,18,-20,-15,-20
14.015625,66,2179,2179,25,18,-20,-15,-20
14.01953125,67,2179,2179,25,18,-20,-15,-20
14.0234375,67,2179,2179,24,18,-20,-14,-20
14.02734375,67,2179,2179,24,18,-20,-14,-20
14.03125,67,2179,2179,24,18,-20,-15,-20
14.03515625,68,2179,2179,24,18,-20,-15,-20
14.0390625,68,2179,2179,24,17,-20,-15,-20
14.04296875,68,2179,2179,24,17,-20,-15,-21
14.046875,68,2179,2179,24,18,-20,-15,-20
14.05078125,68,2179,2179,24,18,-20,-15,-21
14.0546875,68,2179,2179,24,17,-20,-15,-21
14.05859375,69,2179,2179,24,17,-20,-15,-20
14.0625,68,2179,2179,24,18,-20,-15,-20
14.06640625,69,2179,2179,24,18,-20,-15,-20
14.0703125,69,2179,2179,24,18,-20,-15,-20
14.07421875,69,2179,2179,24,18,-20,-15,-20
14.078125,69,2179,2179,24,18,-20,-15,-20
14.08203125,69,2179,2179,24,18,-20,-15,-20
14.0859375,69,2179,2179,24,18,-20,-15,-20
14.08984375,69,2179,2179,24,18,-20,-15,-20
14.09375,69,2179,2179,24,18,-20,-15,-20
14.09765625,69,2179,2179,24,18,-20,-15,-20
14.1015625,68,2179,2179,24,18,-20,-15,-20
14.10546875,69,2179,2179,24,18,-20,-15,-20
14.109375,69,2179,2179,24,18,-20,-15,-20
14.11328125,68,2179,2179,24,18,-20,-15,-20
14.1171875,68,2179,2179,24,18,-20,-15,-20
14.12109375,68,2179,2179,24,18,-16,-15,-20
14.125,69,2179,2179,24,18,-20,-15,-20
14.12890625,68,2179,2179,25,19,-20,-15,-20
14.1328125,68,2179,2179,25,18,-20,-15,-20
14.13671875,69,2179,2179,24,18,-20,-15,-20
14.140625,69,2179,2179,24,18,-20,-15,-20
14.14453125,69,2179,2179,24,17,-20,-15,-20
14.1484375,69,2179,2179,24,18,-20,-15,-20
14.15234375,69,2179,2179,24,17,-20,-15,-21
14.15625,69,2179,2179,23,17,-20,-15,-21
14.16015625,69,2179,2179,23,17,-20,-15,-20
14.1640625,69,2179,2179,24,17,-20,-15,-21
14.16796875,69,2179,2179,24,17,-20,-15,-20
14.171875,69,2179,2179,24,17,-20,-15,-21
14.17578125,69,2179,2179,24,17,-20,-15,-21
14.1796875,69,2179,2179,24,18,-20,-15,-21
14.18359375,68,2179,2179,24,18,-20,-15,-21
14.1875,69,2179,2179,24,17,-20,-15,-20
14.19140625,69,2179,2179,24,18,-20,-15,-20
14.1953125,68,2179,2179,24,17,-20,-15,-21
14.19921875,69,2179,2179,24,18,-20,-15,-20
14.203125,69,2179,2179,24,18,-20,-15,-20
14.20703125,69,2179,2179,24,17,-20,-15,-20
14.2109375,69,2179,2179,24,17,-20,-15,-20
14.21484375,69,2179,2179,24,18,-20,-15,-20
14.21875,69,2179,2179,24,18,-20,-15,-20
14.22265625,69,2179,2179,24,18,-20,-15,-20
14.2265625,69,2179,2179,24,18,-20,-15,-20
14.23046875,69,2179,2179,25,18,-20,-15,-20
14.234375,70,2179,2179,25,18,-20,-15,-20
14.23828125,70,2179,2179,25,18,-20,-15,-20
14.2421875,70,2179,2179,26,18,-20,-15,-20
14.24609375,70,2179,2179,26,18,-21,-15,-21
14.25,71,2179,2179,26,18,-20,-15,-20
14.25390625,71,2179,2179,26,19,-20,-15,-20
14.2578125,71,2179,2179,26,18,-20,-15,-20
14.26171875,72,2179,2179,26,18,-20,-15,-20
14.265625,72,2179,2179,25,18,-20,-15,-20
14.26953125,72,2179,2179,25,18,-20,-15,-20
14.2734375,73,2179,2179,24,18,-20,-15,-20
14.27734375,73,2179,2179,24,18,-20,-15,-21
14.28125,73,2179,2179,25,18,-20,-15,-20
14.28515625,73,2179,2179,25,18,-20,-15,-20
14.2890625,73,2179,2179,25,18,-20,-15,-21
14.29296875,73,2179,2179,24,18,-20,-15,-21
14.296875,73,2179,2179,25,18,-20,-15,-21
14.30078125,72,2179,2179,25,18,-20,-15,-21
14.3046875,73,2179,2179,25,18,-20,-15,-20
14.30859375,73,2179,2179,25,18,-20,-15,-20
14.3125,72,2179,2179,26,18,-20,-15,-20
14.31640625,73,2179,2179,26,18,-20,-15,-20
14.3203125,73,2179,2179,26,18,-20,-15,-20
14.32421875,73,2179,2179,26,18,-20,-15,-20
14.328125,73,2179,2179,26,18,-20,-15,-20
14.33203125,73,2179,2179,26,18,-20,-15,-20
14.3359375,73,2179,2179,26,18,-20,-15,-20
14.33984375,74,2179,2179,26,17,-20,-15,-20
14.34375,73,2179,2179,26,17,-20,-15,-20
14.34765625,73,2179,2179,26,18,-20,-15,-20
14.3515625,73,2179,2179,27,18,-20,-15,-20
14.35546875,74,2179,2179,27,17,-20,-15,-20
14.359375,74,2179,2179,28,17,-20,-15,-20
14.36328125,74,2179,2179,28,18,-20,-15,-20
14.3671875,74,2179,2179,29,18,-20,-15,-20
14.37109375,74,2179,2179,29,17,-18,-15,-20
14.375,74,2179,2179,30,17,-20,-15,-20
14.37890625,74,2179,2179,32,18,-20,-15,-20
14.3828125,74,2179,2179,33,18,-20,-15,-20
14.38671875,74,2179,2179,34,18,-20,-15,-20
14.390625,74,2179,2179,36,18,-20,-15,-20
14.39453125,74,2179,2179,38,18,-20,-15,-20
14.3984375,74,2179,2179,41,18,-20,-15,-21
14.40234375,74,2179,2179,43,18,-20,-15,-20
14.40625,74,2179,2179,44,18,-20,-15,-21
14.41015625,74,2179,2179,47,18,-20,-15,-20
14.4140625,74,2179,2179,49,18,-20,-15,-21
14.41796875,74,2179,2179,51,18,-20,-15,-20
14.421875,74,2179,2179,52,18,-20,-15,-20
14.42578125,74,2179,2179,53,18,-20,-15,-20
14.4296875,73,2179,2179,55,18,-20,-15,-20
14.43359375,73,2179,2179,56,18,-20,-15,-20
14.4375,74,2179,2179,56,18,-20,-15,-20
14.44140625,74,2179,2179,58,18,-20,-15,-20
14.4453125,74,2179,2179,60,18,-20,-15,-20
14.44921875,74,2179,2179,63,18,-20,-15,-20
14.453125,74,2179,2179,66,18,-20,-15,-20
14.45703125,74,2179,2179,68,18,-20,-15,-20
14.4609375,74,2179,2179,71,18,-20,-15,-20
14.46484375,74,2179,2179,73,18,-20,-15,-20
14.46875,74,2179,2179,75,18,-20,-15,-20
14.47265625,74,2179,2179,76,18,-20,-14,-20
14.4765625,75,2179,2179,77,18,-20,-15,-20
14.48046875,74,2179,2179,78,18,-20,-15,-20
14.484375,75,2179,2179,80,18,-20,-15,-20
14.48828125,75,2179,2179,82,18,-20,-15,-20
14.4921875,75,2179,2179,85,18,-20,-15,-20
14.49609375,74,2179,2179,87,18,-21,-15,-20
14.5,75,2179,2179,90,18,-20,-15,-20
14.50390625,75,2179,2179,91,17,-20,-15,-20
14.5078125,75,2179,2179,93,17,-20,-15,-20
14.51171875,75,2179,2179,95,18,-20,-15,-20
14.515625,75,2179,2179,97,18,-20,-15,-21
14.51953125,75,2179,2179,99,18,-20,-15,-20
14.5234375,75,2179,2179,101,18,-20,-15,-20
14.52734375,75,2179,2179,104,18,-20,-15,-20
14.53125,75,2179,2179,106,18,-20,-15,-20
14.53515625,75,2179,2179,108,18,-20,-15,-20
14.5390625,75,2179,2179,109,18,-20,-15,-20
14.54296875,76,2179,2179,111,18,-20,-15,-20
14.546875,75,2179,2179,112,18,-20,-15,-20
14.55078125,75,2179,2179,114,18,-20,-15,-20
14.5546875,75,2179,2179,115,18,-20,-15,-20
14.55859375,75,2179,2179,117,18,-20,-15,-20
14.5625,75,2179,2179,118,18,-20,-15,-20
14.56640625,74,2179,2179,119,18,-20,-15,-20
14.5703125,74,2179,2179,120,18,-20,-15,-20
14.57421875,74,2179,2179,121,18,-20,-15,-20
14.578125,74,2179,2179,122,18,-20,-15,-20
14.58203125,74,2179,2179,124,18,-20,-15,-21
14.5859375,75,2179,2179,125,18,-20,-15,-21
14.58984375,75,2179,2179,127,17,-20,-15,-20
14.59375,74,2179,2179,129,17,-20,-15,-21
14.59765625,75,2179,2179,131,17,-20,-15,-21
14.6015625,75,2179,2179,133,18,-20,-15,-21
14.60546875,75,2179,2179,133,17,-20,-15,-21
14.609375,75,2179,2179,133,17,-20,-15,-21
14.61328125,75,2179,2179,134,18,-20,-15,-21
14.6171875,75,2179,2179,134,18,-20,-15,-21
14.62109375,75,2179,2179,135,18,-19,-15,-21
14.625,76,2179,2179,135,18,-20,-15,-21
14.62890625,75,2179,2179,136,17,-20,-15,-20
14.6328125,75,2179,2179,137,18,-20,-15,-20
14.63671875,76,2179,2179,138,18,-20,-15,-20
14.640625,75,2179,2179,140,18,-20,-15,-20
14.64453125,75,2179,2179,141,18,-20,-15,-20
14.6484375,75,2179,2179,142,18,-20,-15,-20
14.65234375,75,2179,2179,143,18,-20,-15,-20
14.65625,75,2179,2179,144,18,-20,-15,-20
14.66015625,74,2179,2179,145,18,-20,-15,-20
14.6640625,74,2179,2179,146,18,-20,-15,-20
14.66796875,74,2179,2179,147,18,-19,-15,-20
14.671875,75,2179,2179,148,18,-20,-15,-20
14.67578125,75,2179,2179,148,18,-20,-15,-20
14.6796875,75,2179,2179,150,19,-20,-15,-20
14.68359375,75,2179,2179,150,19,-20,-15,-20
14.6875,75,2179,2179,151,18,-20,-15,-20
14.69140625,75,2179,2179,151,18,-20,-15,-20
14.6953125,75,2179,2179,151,18,-20,-15,-20
14.69921875,75,2179,2179,151,18,-20,-15,-20
14.703125,76,2179,2179,151,18,-20,-15,-20
14.70703125,76,2179,2179,151,18,-20,-15,-20
14.7109375,76,2179,2179,151,18,-20,-15,-20
14.71484375,75,2179,2179,152,18,-20,-15,-20
14.71875,75,2179,2179,153,18,-20,-15,-20
14.72265625,75,2179,2179,153,18,-20,-15,-20
14.7265625,76,2179,2179,153,18,-20,-15,-21
14.73046875,75,2179,2179,154,18,-20,-15,-21
14.734375,75,2179,2179,154,18,-20,-15,-21
14.73828125,75,2179,2179,154,18,-20,-15,-21
14.7421875,75,2179,2179,154,18,-20,-15,-20
14.74609375,75,2179,2179,154,18,-20,-15,-20
14.75,74,2179,2179,155,18,-20,-15,-20
14.75390625,75,2179,2179,155,17,-20,-15,-20
14.7578125,74,2179,2179,156,18,-20,-15,-20
14.76171875,74,2179,2179,157,18,-20,-15,-20
14.765625,74,2179,2179,157,18,-20,-15,-20
14.76953125,75,2179,2179,157,18,-20,-15,-20
14.7734375,75,2179,2179,157,17,-20,-15,-20
14.77734375,75,2179,2179,158,17,-20,-15,-20
14.78125,75,2179,2179,158,18,-20,-15,-20
14.78515625,75,2179,2179,158,18,-20,-15,-20
14.7890625,75,2179,2179,158,17,-20,-15,-20
14.79296875,75,2179,2179,158,17,-20,-15,-20
14.796875,75,2179,2179,158,18,-20,-15,-20
14.80078125,75,2179,2179,159,18,-20,-15,-20
14.8046875,75,2179,2179,158,17,-20,-15,-20
14.80859375,75,2179,2179,158,17,-20,-15,-20
14.8125,75,2179,2179,159,18,-20,-15,-20
14.81640625,75,2179,2179,159,18,-20,-15,-20
14.8203125,75,2179,2179,159,18,-20,-15,-20
14.82421875,75,2179,2179,159,17,-20,-15,-20
14.828125,75,2179,2179,160,18,-20,-15,-20
14.83203125,75,2179,2179,161,18,-20,-15,-20
14.8359375,75,2179,2179,161,18,-20,-15,-21
14.83984375,75,2179,2179,162,18,-20,-15,-21
14.84375,75,2179,2179,163,18,-20,-15,-21
14.84765625,75,2179,2179,164,19,-20,-15,-21
14.8515625,75,2179,2179,164,19,-20,-15,-21
14.85546875,75,2179,2179,164,18,-20,-15,-21
14.859375,74,2179,2179,164,18,-20,-15,-20
14.86328125,74,2179,2179,164,19,-20,-15,-20
14.8671875,74,2179,2179,163,18,-20,-15,-20
14.87109375,74,2179,2179,163,18,-20,-15,-21
14.875,74,2179,2179,163,18,-20,-15,-20
14.87890625,74,2179,2179,163,17,-20,-15,-20
14.8828125,74,2179,2179,164,18,-20,-15,-20
14.88671875,74,2179,2179,164,18,-20,-15,-20
14.890625,74,2179,2179,164,18,-20,-15,-20
14.89453125,74,2179,2179,165,18,-20,-15,-20
14.8984375,74,2179,2179,165,18,-20,-15,-20
14.90234375,74,2179,2179,165,18,-20,-15,-20
14.90625,74,2179,2179,165,18,-20,-15,-20
14.91015625,74,2179,2179,164,18,-20,-15,-20
14.9140625,74,2179,2179,164,18,-20,-15,-20
14.91796875,74,2179,2179,164,18,-20,-15,-20
14.921875,74,2179,2179,164,18,-20,-15,-20
14.92578125,75,2179,2179,164,18,-20,-15,-20
14.9296875,74,2179,2179,165,18,-20,-15,-20
14.93359375,74,2179,2179,165,18,-20,-15,-20
14.9375,74,2179,2179,165,18,-20,-15,-21
14.94140625,74,2179,2179,165,18,-20,-15,-21
14.9453125,73,2179,2179,166,18,-20,-15,-21
14.94921875,73,2179,2179,166,18,-20,-15,-21
14.953125,73,2179,2179,166,18,-20,-15,-21
14.95703125,73,2179,2179,165,18,-20,-15,-21
14.9609375,73,2179,2179,165,18,-20,-15,-21
14.96484375,73,2179,2179,166,18,-20,-15,-21
14.96875,73,2179,2179,166,18,-20,-15,-21
14.97265625,73,2179,2179,166,17,-20,-15,-20
14.9765625,73,2179,2179,166,17,-20,-15,-20
14.98046875,72,2179,2179,166,18,-20,-15,-20
14.984375,72,2179,2179,166,18,-20,-15,-20
14.98828125,73,2179,2179,165,17,-20,-15,-20
14.9921875,73,2179,2179,165,18,-20,-15,-20
14.99609375,72,2179,2179,165,18,-20,-15,-20
15.0,72,2179,2179,166,18,-20,-14,-20
15.00390625,72,2179,2179,166,17,-20,-15,-20
15.0078125,72,2179,2179,166,18,-20,-14,-20
15.01171875,71,2179,2179,168,18,-20,-14,-20
15.015625,71,2179,2179,167,18,-20,-15,-20
15.01953125,71,2179,2179,167,18,-20,-15,-20
15.0234375,71,2179,2179,166,17,-20,-15,-20
15.02734375,70,2179,2179,166,17,-20,-15,-20
15.03125,70,2179,2179,166,18,-20,-15,-21
15.03515625,71,2179,2179,166,18,-20,-15,-20
15.0390625,71,2179,2179,166,17,-20,-15,-21
15.04296875,71,2179,2179,166,17,-20,-15,-21
15.046875,71,2179,2179,166,18,-20,-15,-21
15.05078125,71,2179,2179,167,18,-20,-15,-21
15.0546875,71,2179,2179,166,18,-20,-15,-21
15.05859375,70,2179,2179,166,18,-20,-15,-21
15.0625,70,2179,2179,167,18,-20,-15,-21
15.06640625,70,2179,2179,167,18,-20,-15,-21
15.0703125,70,2179,2179,168,19,-20,-15,-20
15.07421875,70,2179,2179,168,18,-20,-15,-20
15.078125,69,2179,2179,169,18,-20,-15,-20
15.08203125,69,2179,2179,170,18,-20,-15,-21
15.0859375,69,2179,2179,170,18,-20,-15,-20
15.08984375,69,2179,2179,169,18,-20,-15,-20
15.09375,69,2179,2179,169,18,-20,-15,-21
15.09765625,69,2179,2179,169,18,-20,-15,-21
15.1015625,69,2179,2179,169,19,-20,-15,-20
15.10546875,69,2179,2179,168,18,-20,-14,-20
15.109375,68,2179,2179,168,18,-20,-15,-20
15.11328125,68,2179,2179,169,18,-20,-15,-20
15.1171875,68,2179,2179,169,18,-20,-15,-20
15.12109375,68,2179,2179,169,18,-20,-15,-20
15.125,68,2179,2179,170,18,-20,-15,-20
15.12890625,68,2179,2179,170,18,-20,-15,-20
15.1328125,68,2179,2179,170,18,-20,-15,-20
15.13671875,68,2179,2179,169,18,-20,-15,-20
15.140625,68,2179,2179,169,17,-20,-15,-20
15.14453125,68,2179,2179,168,17,-20,-15,-20
15.1484375,68,2179,2179,168,18,-20,-15,-21
15.15234375,68,2179,2179,169,18,-20,-15,-21
15.15625,68,2179,2179,168,17,-20,-15,-21
15.16015625,67,2179,2179,169,17,-20,-15,-21
15.1640625,67,2179,2179,170,18,-20,-15,-22
15.16796875,67,2179,2179,170,18,-20,-15,-21
15.171875,68,2179,2179,170,17,-20,-15,-21
15.17578125,68,2179,2179,170,17,-20,-15,-21
15.1796875,67,2179,2179,171,18,-20,-15,-21
15.18359375,67,2179,2179,170,18,-20,-15,-21
15.1875,67,2179,2179,170,17,-20,-15,-21
15.19140625,67,2179,2179,170,18,-20,-15,-20
15.1953125,66,2179,2179,170,18,-20,-15,-20
15.19921875,66,2179,2179,170,18,-20,-15,-20
15.203125,66,2179,2179,170,18,-20,-15,-20
15.20703125,66,2179,2179,170,18,-20,-15,-20
15.2109375,65,2179,2179,170,18,-20,-15,-20
15.21484375,66,2179,2179,171,18,-20,-15,-20
15.21875,66,2179,2179,171,18,-20,-15,-20
15.22265625,66,2179,2179,170,18,-20,-15,-20
15.2265625,66,2179,2179,170,18,-20,-15,-20
15.23046875,65,2179,2179,171,18,-20,-15,-20
15.234375,65,2179,2179,171,18,-20,-15,-20
15.23828125,66,2179,2179,170,18,-20,-15,-20
15.2421875,66,2179,2179,170,18,-20,-15,-20
15.24609375,66,2179,2179,170,18,-20,-15,-20
15.25,66,2179,2179,171,18,-20,-15,-20
15.25390625,66,2179,2179,170,18,-20,-15,-20
15.2578125,66,2179,2179,170,18,-20,-15,-20
15.26171875,66,2179,2179,170,18,-20,-15,-21
15.265625,66,2179,2179,171,18,-20,-15,-21
15.26953125,66,2179,2179,171,18,-20,-15,-21
15.2734375,66,2179,2179,170,18,-20,-15,-21
15.27734375,65,2179,2179,170,18,-20,-15,-21
15.28125,65,2179,2179,171,18,-20,-15,-21
15.28515625,66,2179,2179,171,18,-20,-15,-21
15.2890625,66,2179,2179,171,18,-20,-15,-20
15.29296875,66,2179,2179,171,18,-20,-15,-21
15.296875,66,2179,2179,171,18,-20,-15,-21
15.30078125,65,2179,2179,171,18,-20,-15,-21
15.3046875,65,2179,2179,170,18,-20,-15,-21
15.30859375,65,2179,2179,170,18,-20,-15,-20
15.3125,64,2179,2179,171,18,-20,-15,-20
15.31640625,64,2179,2179,170,18,-20,-15,-20
15.3203125,64,2179,2179,170,18,-20,-15,-20
15.32421875,64,2179,2179,170,18,-20,-15,-20
15.328125,64,2179,2179,170,18,-20,-15,-20
15.33203125,64,2179,2179,171,18,-20,-15,-20
15.3359375,64,2179,2179,171,18,-20,-15,-20
15.33984375,64,2179,2179,171,17,-20,-15,-20
15.34375,64,2179,2179,171,17,-20,-15,-20
15.34765625,64,2179,2179,171,18,-20,-15,-20
15.3515625,64,2179,2179,171,18,-20,-15,-20
15.35546875,64,2179,2179,171,17,-20,-15,-20
15.359375,64,2179,2179,171,17,-20,-15,-20
15.36328125,64,2179,2179,171,18,-20,-15,-20
15.3671875,64,2179,2179,171,18,-20,-15,-20
15.37109375,64,2179,2179,171,18,-20,-15,-20
15.375,64,2179,2179,171,18,-20,-15,-20
15.37890625,64,2179,2179,171,18,-20,-15,-20
15.3828125,63,2179,2179,171,18,-20,-15,-20
15.38671875,64,2179,2179,170,18,-20,-15,-20
15.390625,64,2179,2179,171,18,-20,-15,-20
15.39453125,63,2179,2179,171,18,-20,-15,-20
15.3984375,63,2179,2179,172,18,-20,-15,-20
15.40234375,64,2179,2179,172,18,-20,-15,-20
15.40625,64,2179,2179,172,18,-20,-15,-21
15.41015625,63,2179,2179,172,18,-20,-15,-21
15.4140625,63,2179,2179,173,18,-20,-15,-20
15.41796875,63,2179,2179,172,18,-20,-15,-20
15.421875,63,2179,2179,172,17,-20,-15,-21
15.42578125,63,2179,2179,171,17,-20,-15,-20
15.4296875,62,2179,2179,171,18,-20,-15,-20
15.43359375,62,2179,2179,171,18,-20,-15,-20
15.4375,62,2179,2179,171,18,-20,-15,-20
15.44140625,63,2179,2179,171,18,-20,-15,-20
15.4453125,63,2179,2179,171,18,-20,-15,-20
15.44921875,63,2179,2179,172,18,-20,-15,-20
15.453125,63,2179,2179,172,18,-20,-15,-20
15.45703125,63,2179,2179,173,18,-20,-15,-20
15.4609375,63,2179,2179,173,18,-20,-15,-20
15.46484375,63,2179,2179,173,18,-20,-15,-20
15.46875,63,2179,2179,173,18,-20,-15,-20
15.47265625,63,2179,2179,172,18,-20,-15,-20
15.4765625,63,2179,2179,172,18,-20,-15,-20
15.48046875,63,2179,2179,172,18,-20,-15,-21
15.484375,63,2179,2179,172,18,-20,-15,-21
15.48828125,63,2179,2179,172,18,-20,-15,-21
15.4921875,63,2179,2179,171,18,-20,-15,-21
15.49609375,62,2179,2179,171,18,-20,-15,-21
15.5,62,2179,2179,171,18,-20,-15,-21
15.50390625,62,2179,2179,171,18,-20,-15,-21
15.5078125,62,2179,2179,171,17,-20,-15,-20
15.51171875,62,2179,2179,170,18,-20,-15,-20
15.515625,62,2179,2179,172,18,-20,-15,-20
15.51953125,62,2179,2179,172,18,-20,-15,-20
15.5234375,62,2179,2179,172,18,-20,-15,-21
15.52734375,62,2179,2179,172,18,-20,-15,-20
15.53125,62,2179,2179,173,18,-20,-15,-20
15.53515625,62,2179,2179,173,18,-20,-15,-20
15.5390625,61,2179,2179,173,18,-20,-15,-19
15.54296875,61,2179,2179,173,18,-20,-15,-20
15.546875,61,2179,2179,173,18,-20,-15,-20
15.55078125,61,2179,2179,172,18,-20,-15,-20
15.5546875,61,2179,2179,172,18,-20,-14,-20
15.55859375,61,2179,2179,172,18,-20,-15,-20
15.5625,61,2179,2179,172,18,-20,-15,-20
15.56640625,61,2179,2179,172,18,-20,-15,-20
15.5703125,61,2179,2179,172,18,-20,-15,-20
15.57421875,61,2179,2179,172,18,-20,-15,-20
15.578125,60,2179,2179,172,17,-20,-15,-20
15.58203125,60,2179,2179,172,18,-20,-15,-20
15.5859375,60,2179,2179,172,18,-20,-15,-20
15.58984375,61,2179,2179,172,17,-20,-15,-20
15.59375,61,2179,2179,172,17,-20,-15,-20
15.59765625,61,2179,2179,172,17,-20,-15,-20
15.6015625,61,2179,2179,172,17,-20,-15,-20
15.60546875,62,2179,2179,172,17,-20,-15,-21
15.609375,62,2179,2179,172,17,-20,-15,-21
15.61328125,61,2179,2179,172,18,-20,-15,-20
15.6171875,61,2179,2179,172,18,-20,-15,-21
15.62109375,61,2179,2179,172,18,-20,-15,-20
15.625,61,2179,2179,172,18,-20,-15,-21
15.62890625,60,2179,2179,173,18,-20,-15,-20
15.6328125,60,2179,2179,173,18,-20,-15,-20
15.63671875,60,2179,2179,173,18,-20,-15,-20
15.640625,59,2179,2179,174,18,-20,-15,-20
15.64453125,59,2179,2179,174,18,-20,-15,-20
15.6484375,59,2179,2179,175,18,-20,-15,-20
15.65234375,59,2179,2179,175,18,-20,-15,-20
15.65625,59,2179,2179,174,18,-20,-15,-20
15.66015625,59,2179,2179,174,18,-20,-15,-20
15.6640625,59,2179,2179,174,19,-20,-15,-20
15.66796875,59,2179,2179,174,19,-20,-15,-20
15.671875,59,2179,2179,174,18,-20,-15,-20
15.67578125,60,2179,2179,174,18,-20,-15,-20
15.6796875,60,2179,2179,174,19,-20,-15,-20
15.68359375,60,2179,2179,175,19,-20,-15,-20
15.6875,61,2179,2179,175,18,-20,-15,-20
15.69140625,61,2179,2179,175,18,-20,-15,-20
15.6953125,61,2179,2179,175,18,-20,-15,-20
15.69921875,61,2179,2179,175,18,-20,-15,-20
15.703125,61,2179,2179,175,18,-20,-15,-20
15.70703125,61,2179,2179,174,18,-20,-15,-20
15.7109375,60,2179,2179,174,18,-20,-15,-20
15.71484375,60,2179,2179,174,18,-20,-15,-20
15.71875,60,2179,2179,174,18,-20,-15,-21
15.72265625,60,2179,2179,173,17,-20,-15,-20
15.7265625,60,2179,2179,173,17,-20,-15,-21
15.73046875,59,2179,2179,173,18,-20,-15,-20
15.734375,60,2179,2179,173,18,-20,-15,-21
15.73828125,60,2179,2179,173,17,-20,-15,-20
15.7421875,60,2179,2179,173,17,-20,-15,-20
15.74609375,60,2179,2179,173,17,-20,-15,-20
15.75,60,2179,2179,173,18,-20,-15,-20
15.75390625,60,2179,2179,173,17,-20,-15,-20
15.7578125,59,2179,2179,173,17,-20,-15,-20
15.76171875,59,2179,2179,172,17,-20,-15,-20
15.765625,59,2179,2179,173,17,-20,-15,-20
15.76953125,59,2179,2179,174,18,-20,-15,-20
15.7734375,59,2179,2179,173,17,-20,-15,-20
15.77734375,59,2179,2179,173,17,-20,-15,-20
15.78125,58,2179,2179,174,17,-20,-15,-20
15.78515625,59,2179,2179,174,18,-20,-15,-20
15.7890625,58,2179,2179,174,17,-20,-15,-20
15.79296875,58,2179,2179,174,17,-20,-15,-20
15.796875,58,2179,2179,175,18,-20,-16,-20
15.80078125,58,2179,2179,175,18,-20,-15,-20
15.8046875,58,2179,2179,175,17,-20,-15,-20
15.80859375,59,2179,2179,175,17,-20,-15,-20
15.8125,59,2179,2179,175,18,-20,-15,-20
15.81640625,59,2179,2179,175,18,-20,-15,-20
15.8203125,59,2179,2179,175,18,-20,-15,-20
15.82421875,59,2179,2179,174,18,-20,-15,-20
15.828125,58,2179,2179,175,18,-20,-15,-20
15.83203125,58,2179,2179,175,18,-20,-15,-20
15.8359375,58,2179,2179,176,18,-20,-15,-20
15.83984375,58,2179,2179,176,18,-20,-15,-20
15.84375,58,2179,2179,176,18,-20,-15,-20
15.84765625,58,2179,2179,176,18,-20,-15,-20
15.8515625,58,2179,2179,176,18,-20,-15,-20
15.85546875,58,2179,2179,175,18,-20,-15,-20
15.859375,58,2179,2179,176,18,-20,-15,-20
15.86328125,58,2179,2179,176,18,-20,-15,-20
15.8671875,57,2179,2179,176,18,-20,-15,-20
15.87109375,57,2179,2179,176,18,-20,-15,-20
15.875,57,2179,2179,176,18,-20,-15,-20
15.87890625,57,2179,2179,177,18,-20,-15,-20
15.8828125,57,2179,2179,176,18,-20,-15,-20
15.88671875,57,2179,2179,176,18,-20,-15,-20
15.890625,58,2179,2179,175,18,-19,-15,-20
15.89453125,57,2179,2179,175,18,-20,-15,-20
15.8984375,57,2179,2179,174,18,-20,-15,-20
15.90234375,57,2179,2179,174,18,-20,-15,-20
15.90625,57,2179,2179,174,18,-20,-15,-20
15.91015625,56,2179,2179,174,18,-20,-15,-20
15.9140625,56,2179,2179,174,18,-20,-15,-20
15.91796875,56,2179,2179,174,18,-20,-15,-20
15.921875,56,2179,2179,174,18,-20,-16,-20
15.92578125,56,2179,2179,174,17,-20,-15,-20
15.9296875,56,2179,2179,175,18,-20,-15,-21
15.93359375,56,2179,2179,175,18,-20,-15,-20
15.9375,56,2179,2179,175,17,-20,-15,-21
15.94140625,56,2179,2179,175,17,-20,-15,-21
15.9453125,56,2179,2179,175,18,-20,-15,-21
15.94921875,56,2179,2179,175,18,-20,-15,-21
15.953125,56,2179,2179,175,18,-20,-15,-21
15.95703125,55,2179,2179,174,18,-20,-15,-21
15.9609375,55,2179,2179,174,18,-20,-15,-21
15.96484375,55,2179,2179,174,18,-20,-15,-20
15.96875,54,2179,2179,174,18,-20,-15,-20
15.97265625,54,2179,2179,174,18,-20,-15,-20
15.9765625,54,2179,2179,174,17,-20,-15,-20
15.98046875,53,2179,2179,174,18,-20,-15,-20
15.984375,53,2179,2179,174,18,-20,-15,-20
15.98828125,54,2179,2179,174,17,-20,-15,-20
15.9921875,54,2179,2179,174,17,-20,-15,-20
15.99609375,54,2179,2179,174,18,-20,-15,-20
16.0,54,2179,2179,174,18,-20,-15,-20
16.00390625,55,2179,2179,174,18,-20,-15,-20
16.0078125,54,2179,2179,174,18,-20,-15,-20
16.01171875,54,2179,2179,174,18,-20,-15,-20
16.015625,54,2179,2179,175,18,-20,-15,-20
16.01953125,54,2179,2179,175,18,-20,-15,-20
16.0234375,54,2179,2179,174,18,-20,-15,-20
16.02734375,53,2179,2179,174,18,-20,-15,-20
16.03125,53,2179,2179,174,18,-20,-15,-21
16.03515625,54,2179,2179,174,18,-20,-15,-21
16.0390625,54,2179,2179,174,18,-20,-15,-20
16.04296875,54,2179,2179,174,17,-20,-15,-21
16.046875,54,2179,2179,174,17,-20,-15,-21
16.05078125,54,2179,2179,174,18,-20,-15,-20
16.0546875,54,2179,2179,174,17,-20,-15,-21
16.05859375,53,2179,2179,174,17,-20,-15,-20
16.0625,53,2179,2179,174,18,-20,-15,-20
16.06640625,52,2179,2179,174,18,-20,-15,-20
16.0703125,52,2179,2179,172,18,-20,-15,-20
16.07421875,52,2179,2179,170,18,-20,-15,-20
16.078125,52,2179,2179,167,18,-20,-15,-20
16.08203125,52,2179,2179,163,18,-20,-15,-20
16.0859375,52,2179,2179,157,18,-20,-15,-20
16.08984375,52,2179,2179,150,18,-20,-15,-20
16.09375,52,2179,2179,142,18,-20,-15,-20
16.09765625,52,2179,2179,135,18,-20,-15,-20
16.1015625,52,2179,2179,129,18,-20,-15,-20
16.10546875,52,2179,2179,122,18,-20,-15,-20
16.109375,52,2179,2179,117,18,-20,-15,-20
16.11328125,51,2179,2179,113,18,-20,-15,-20
16.1171875,51,2179,2179,110,18,-20,-15,-20
16.12109375,51,2179,2179,106,18,-20,-15,-20
16.125,51,2179,2179,103,18,-20,-15,-20
16.12890625,50,2179,2179,101,18,-20,-15,-20
16.1328125,51,2179,2179,97,18,-20,-15,-20
16.13671875,51,2179,2179,94,18,-20,-15,-20
16.140625,51,2179,2179,89,17,-20,-15,-20
16.14453125,51,2179,2179,83,17,-20,-15,-20
16.1484375,51,2179,2179,76,18,-20,-15,-20
16.15234375,51,2179,2179,68,18,-20,-15,-20
16.15625,50,2179,2179,58,17,-20,-15,-20
16.16015625,49,2179,2179,48,17,-20,-15,-20
16.1640625,49,2179,2179,40,18,-20,-15,-20
16.16796875,49,2179,2179,34,18,-20,-15,-20
16.171875,49,2179,2179,29,17,-20,-14,-20
16.17578125,49,2179,2179,26,17,-20,-15,-21
16.1796875,48,2179,2179,26,18,-20,-15,-20
16.18359375,48,2179,2179,26,18,-20,-15,-20
16.1875,48,2179,2179,25,17,-20,-15,-20
16.19140625,47,2179,2179,25,17,-20,-15,-20
16.1953125,47,2179,2179,25,17,-20,-15,-20
16.19921875,46,2179,2179,24,18,-20,-15,-20
16.203125,46,2179,2179,24,18,-20,-15,-20
16.20703125,45,2179,2179,23,17,-20,-14,-20
16.2109375,45,2179,2179,23,17,-20,-15,-20
16.21484375,45,2179,2179,23,18,-20,-15,-20
16.21875,45,2179,2179,24,18,-20,-15,-20
16.22265625,45,2179,2179,24,18,-20,-15,-20
16.2265625,45,2179,2179,24,18,-20,-15,-20
16.23046875,44,2179,2179,25,18,-20,-15,-20
16.234375,44,2179,2179,25,18,-20,-15,-20
16.23828125,44,2179,2179,24,18,-20,-15,-20
16.2421875,44,2179,2179,24,18,-20,-15,-20
16.24609375,43,2179,2179,24,18,-20,-15,-20
16.25,42,2179,2179,24,18,-20,-15,-20
16.25390625,42,2179,2179,24,18,-20,-15,-20
16.2578125,42,2179,2179,24,18,-20,-15,-20
16.26171875,41,2179,2179,24,18,-20,-15,-20
16.265625,41,2179,2179,24,18,-20,-15,-20
16.26953125,41,2179,2179,24,18,-20,-15,-21
16.2734375,41,2179,2179,24,18,-20,-15,-20
16.27734375,41,2179,2179,24,18,-20,-15,-21
16.28125,41,2179,2179,24,18,-20,-15,-21
16.28515625,42,2179,2179,24,18,-20,-15,-21
16.2890625,41,2179,2179,24,18,-20,-15,-21
16.29296875,41,2179,2179,24,18,-20,-15,-21
16.296875,40,2179,2179,24,18,-20,-14,-20
16.30078125,40,2179,2179,24,18,-20,-15,-20
16.3046875,39,2179,2179,24,18,-20,-15,-20
16.30859375,39,2179,2179,24,18,-20,-15,-20
16.3125,38,2179,2179,25,18,-20,-15,-20
16.31640625,38,2179,2179,24,18,-20,-15,-20
16.3203125,39,2179,2179,24,18,-20,-15,-20
16.32421875,39,2179,2179,24,18,-20,-15,-20
16.328125,38,2179,2179,24,18,-20,-15,-20
16.33203125,38,2179,2179,24,18,-20,-15,-20
16.3359375,38,2179,2179,24,18,-20,-15,-20
16.33984375,38,2179,2179,24,18,-20,-15,-20
16.34375,37,2179,2179,24,18,-20,-15,-20
16.34765625,37,2179,2179,24,18,-20,-15,-20
16.3515625,37,2179,2179,24,18,-20,-15,-20
16.35546875,37,2179,2179,24,17,-20,-15,-20
16.359375,37,2179,2179,24,17,-20,-15,-20
16.36328125,37,2179,2179,24,18,-20,-15,-20
16.3671875,37,2179,2179,24,18,-20,-15,-20
16.37109375,37,2179,2179,24,17,-20,-15,-20
16.375,36,2179,2179,24,17,-20,-15,-20
16.37890625,36,2179,2179,24,17,-20,-15,-20
16.3828125,35,2179,2179,24,18,-20,-15,-20
16.38671875,36,2179,2179,24,18,-20,-15,-20
16.390625,35,2179,2179,24,18,-20,-15,-20
16.39453125,35,2179,2179,24,18,-20,-15,-20
16.3984375,35,2179,2179,25,18,-20,-15,-20
16.40234375,35,2179,2179,25,18,-20,-15,-20
16.40625,35,2179,2179,24,18,-20,-15,-20
16.41015625,34,2179,2179,25,18,-20,-15,-20
16.4140625,34,2179,2179,25,18,-20,-15,-20
16.41796875,34,2179,2179,25,19,-20,-15,-20
16.421875,34,2179,2179,24,18,-20,-14,-20
16.42578125,34,2179,2179,24,18,-20,-15,-20
16.4296875,33,2179,2179,25,18,-20,-15,-20
16.43359375,33,2179,2179,25,18,-20,-15,-20
16.4375,34,2179,2179,24,18,-20,-15,-20
16.44140625,34,2179,2179,24,18,-20,-15,-20
16.4453125,34,2179,2179,24,18,-20,-15,-20
16.44921875,34,2179,2179,24,18,-20,-15,-20
16.453125,34,2179,2179,24,18,-20,-15,-20
16.45703125,34,2179,2179,24,18,-20,-15,-20
16.4609375,34,2179,2179,24,18,-20,-15,-20
16.46484375,34,2179,2179,24,18,-20,-15,-20
16.46875,34,2179,2179,24,18,-20,-15,-20
16.47265625,34,2179,2179,24,18,-20,-15,-20
16.4765625,34,2179,2179,24,17,-20,-15,-20
16.48046875,34,2179,2179,24,18,-20,-15,-20
16.484375,34,2179,2179,24,18,-20,-15,-20
16.48828125,34,2179,2179,24,18,-20,-15,-20
16.4921875,34,2179,2179,24,18,-20,-15,-20
16.49609375,33,2179,2179,24,18,-20,-15,-20
16.5,33,2179,2179,25,18,-20,-15,-20
16.50390625,33,2179,2179,24,18,-20,-15,-21
16.5078125,33,2179,2179,24,18,-20,-15,-20
16.51171875,33,2179,2179,24,18,-20,-15,-20
16.515625,33,2179,2179,24,18,-20,-15,-20
16.51953125,33,2179,2179,24,18,-20,-15,-20
16.5234375,32,2179,2179,24,18,-20,-15,-20
16.52734375,32,2179,2179,24,18,-20,-15,-20
16.53125,31,2179,2179,24,18,-20,-15,-20
16.53515625,31,2179,2179,24,18,-20,-15,-20
16.5390625,31,2179,2179,24,18,-20,-15,-20
16.54296875,31,2179,2179,24,18,-20,-15,-20
16.546875,31,2179,2179,24,18,-20,-14,-20
16.55078125,31,2179,2179,24,18,-19,-15,-20
16.5546875,32,2179,2179,24,18,-19,-15,-20
16.55859375,32,2179,2179,24,18,-20,-15,-20
16.5625,32,2179,2179,24,18,-20,-15,-20
16.56640625,32,2179,2179,24,18,-20,-15,-20
16.5703125,32,2179,2179,24,18,-20,-15,-20
16.57421875,32,2179,2179,24,18,-20,-15,-20
16.578125,31,2179,2179,24,18,-20,-15,-20
16.58203125,31,2179,2179,24,18,-20,-15,-20
16.5859375,32,2179,2179,24,17,-20,-15,-20
16.58984375,32,2179,2179,23,17,-20,-15,-20
16.59375,32,2179,2179,23,17,-20,-15,-21
16.59765625,32,2179,2179,24,17,-20,-15,-20
16.6015625,32,2179,2179,24,17,-20,-15,-20
16.60546875,33,2179,2179,23,17,-20,-15,-21
16.609375,33,2179,2179,23,17,-20,-15,-20
16.61328125,32,2179,2179,24,18,-20,-15,-20
16.6171875,32,2179,2179,24,18,-20,-15,-20
16.62109375,32,2179,2179,24,18,-20,-15,-20
16.625,32,2179,2179,24,18,-20,-15,-20
16.62890625,31,2179,2179,24,18,-20,-15,-20
16.6328125,31,2179,2179,24,18,-20,-15,-20
16.63671875,31,2179,2179,24,18,-20,-15,-20
16.640625,31,2179,2179,24,18,-20,-15,-20
16.64453125,31,2179,2179,24,18,-20,-15,-20
16.6484375,32,2179,2179,24,18,-20,-15,-20
16.65234375,32,2179,2179,24,18,-19,-15,-20
16.65625,32,2179,2179,24,18,-20,-15,-20
16.66015625,32,2179,2179,24,18,-20,-15,-20
16.6640625,32,2179,2179,24,18,-20,-15,-20
16.66796875,32,2179,2179,24,19,-20,-15,-20
16.671875,32,2179,2179,24,18,-20,-14,-20
16.67578125,32,2179,2179,24,18,-20,-15,-20
16.6796875,32,2179,2179,25,18,-27,-15,-20
16.68359375,32,2179,2179,25,18,-20,-15,-20
16.6875,32,2179,2179,24,18,-20,-15,-20
16.69140625,32,2179,2179,24,18,-20,-15,-20
16.6953125,32,2179,2179,25,18,-20,-15,-20
16.69921875,32,2179,2179,24,18,-20,-15,-21
16.703125,33,2179,2179,24,18,-20,-15,-21
16.70703125,33,2179,2179,24,18,-20,-15,-20
16.7109375,33,2179,2179,24,18,-20,-15,-20
16.71484375,33,2179,2179,24,18,-20,-15,-20
16.71875,33,2179,2179,24,18,-20,-15,-21
16.72265625,33,2179,2179,24,18,-20,-15,-21
16.7265625,33,2179,2179,24,18,-20,-15,-21
16.73046875,32,2179,2179,24,18,-20,-15,-21
16.734375,32,2179,2179,24,18,-20,-15,-21
16.73828125,32,2179,2179,24,18,-20,-15,-20
16.7421875,32,2179,2179,24,18,-20,-15,-20
16.74609375,31,2179,2179,24,18,-20,-15,-20
16.75,31,2179,2179,24,18,-20,-15,-20
16.75390625,31,2179,2179,24,18,-20,-15,-20
16.7578125,31,2179,2179,24,17,-20,-15,-20
16.76171875,31,2179,2179,24,18,-20,-15,-20
16.765625,32,2179,2179,24,18,-20,-15,-20
16.76953125,32,2179,2179,24,18,-20,-15,-20
16.7734375,32,2179,2179,24,17,-20,-15,-20
16.77734375,32,2179,2179,24,17,-20,-15,-20
16.78125,32,2179,2179,24,18,-20,-15,-21
16.78515625,32,2179,2179,24,18,-20,-15,-21
16.7890625,31,2179,2179,24,17,-20,-15,-20
16.79296875,31,2179,2179,24,17,-20,-15,-20
16.796875,31,2179,2179,24,18,-20,-15,-20
16.80078125,30,2179,2179,24,18,-20,-15,-21
16.8046875,31,2179,2179,24,18,-13,-15,-20
16.80859375,31,2179,2179,24,18,-20,-15,-21
16.8125,31,2179,2179,24,18,-20,-15,-21
16.81640625,31,2179,2179,24,18,-20,-15,-21
16.8203125,31,2179,2179,24,18,-20,-15,-21
16.82421875,31,2179,2179,24,18,-20,-15,-21
16.828125,31,2179,2179,24,18,-20,-15,-20
16.83203125,30,2179,2179,24,19,-20,-15,-21
16.8359375,31,2179,2179,24,18,-20,-15,-21
16.83984375,31,2179,2179,24,18,-20,-15,-21
16.84375,30,2179,2179,24,18,-20,-15,-21
16.84765625,31,2179,2179,24,19,-20,-15,-21
16.8515625,31,2179,2179,24,19,-20,-15,-21
16.85546875,31,2179,2179,24,18,-20,-15,-20
16.859375,31,2179,2179,24,18,-20,-15,-20
16.86328125,31,2179,2179,24,18,-20,-15,-20
16.8671875,31,2179,2179,24,18,-20,-15,-20
16.87109375,31,2179,2179,24,18,-20,-15,-20
16.875,31,2179,2179,24,18,-20,-15,-20
16.87890625,31,2179,2179,24,18,-20,-15,-20
16.8828125,31,2179,2179,24,18,-20,-15,-20
16.88671875,31,2179,2179,24,18,-20,-15,-20
16.890625,31,2179,2179,24,18,-20,-15,-20
16.89453125,31,2179,2179,24,18,-20,-15,-20
16.8984375,31,2179,2179,24,18,-20,-15,-20
16.90234375,31,2179,2179,24,18,-20,-15,-20
16.90625,31,2179,2179,24,18,-20,-15,-20
16.91015625,31,2179,2179,24,18,-20,-15,-20
16.9140625,31,2179,2179,24,18,-20,-15,-20
16.91796875,31,2179,2179,24,18,-20,-15,-20
16.921875,32,2179,2179,24,17,-20,-15,-20
16.92578125,32,2179,2179,24,17,-20,-15,-20
16.9296875,31,2179,2179,24,18,-26,-15,-20
16.93359375,31,2179,2179,24,18,-20,-15,-20
16.9375,32,2179,2179,24,18,-20,-15,-20
16.94140625,32,2179,2179,24,18,-20,-15,-21
16.9453125,32,2179,2179,24,18,-20,-15,-21
16.94921875,32,2179,2179,24,18,-20,-15,-20
16.953125,32,2179,2179,24,18,-20,-15,-20
16.95703125,32,2179,2179,24,18,-20,-15,-20
16.9609375,32,2179,2179,24,18,-20,-15,-20
16.96484375,31,2179,2179,24,18,-20,-15,-20
16.96875,32,2179,2179,24,18,-20,-15,-20
16.97265625,31,2179,2179,24,17,-20,-15,-20
16.9765625,31,2179,2179,24,17,-20,-15,-20
16.98046875,31,2179,2179,24,18,-20,-15,-20
16.984375,31,2179,2179,24,18,-20,-15,-20
16.98828125,32,2179,2179,24,17,-20,-15,-20
16.9921875,32,2179,2179,24,17,-19,-15,-20
16.99609375,31,2179,2179,24,18,-20,-15,-20
17.0,31,2179,2179,24,18,-20,-15,-20
17.00390625,32,2179,2179,24,18,-20,-14,-20
17.0078125,32,2179,2179,24,18,-20,-15,-20
17.01171875,31,2179,2179,24,18,-20,-14,-20
17.015625,31,2179,2179,25,18,-20,-15,-20
17.01953125,32,2179,2179,25,18,-20,-15,-20
17.0234375,32,2179,2179,24,18,-20,-15,-20
17.02734375,31,2179,2179,24,18,-20,-15,-20
17.03125,32,2179,2179,24,18,-20,-15,-20
17.03515625,32,2179,2179,24,18,-20,-15,-21
17.0390625,32,2179,2179,24,18,-20,-15,-21
17.04296875,32,2179,2179,24,18,-20,-15,-21
17.046875,32,2179,2179,24,18,-20,-15,-21
17.05078125,32,2179,2179,24,18,-20,-15,-20
17.0546875,32,2179,2179,24,18,-15,-15,-21
17.05859375,32,2179,2179,24,18,-20,-15,-20
17.0625,32,2179,2179,24,18,-20,-15,-20
17.06640625,32,2179,2179,24,18,-20,-15,-20
17.0703125,32,2179,2179,24,18,-20,-15,-21
17.07421875,32,2179,2179,24,18,-20,-15,-21
17.078125,32,2179,2179,24,18,-20,-15,-20
17.08203125,32,2179,2179,25,18,-20,-15,-21
17.0859375,32,2179,2179,24,18,-20,-15,-20
17.08984375,32,2179,2179,24,18,-20,-15,-20
17.09375,32,2179,2179,24,18,-20,-15,-20
17.09765625,32,2179,2179,25,18,-20,-15,-20
17.1015625,32,2179,2179,25,18,-20,-15,-20
17.10546875,33,2179,2179,24,18,-20,-15,-20
17.109375,32,2179,2179,24,18,-20,-15,-20
17.11328125,32,2179,2179,25,19,-20,-15,-20
17.1171875,32,2179,2179,25,19,-20,-15,-20
17.12109375,32,2179,2179,24,18,-20,-15,-20
17.125,32,2179,2179,24,18,-20,-15,-20
17.12890625,32,2179,2179,25,18,-20,-15,-20
17.1328125,32,2179,2179,24,18,-20,-15,-20
17.13671875,32,2179,2179,24,18,-20,-15,-20
17.140625,32,2179,2179,24,18,-20,-15,-20
17.14453125,32,2179,2179,24,17,-20,-15,-21
17.1484375,32,2179,2179,24,18,-20,-15,-21
17.15234375,32,2179,2179,24,18,-20,-15,-20
17.15625,32,2179,2179,24,17,-20,-15,-21
17.16015625,31,2179,2179,24,18,-20,-15,-20
17.1640625,32,2179,2179,24,18,-20,-15,-20
17.16796875,32,2179,2179,24,18,-20,-15,-21
17.171875,32,2179,2179,23,17,-20,-15,-21
17.17578125,32,2179,2179,23,17,-20,-15,-21
17.1796875,31,2179,2179,23,18,-23,-15,-21
17.18359375,31,2179,2179,23,18,-20,-15,-21
17.1875,31,2179,2179,23,17,-20,-15,-21
17.19140625,31,2179,2179,23,17,-20,-15,-21
17.1953125,30,2179,2179,24,17,-20,-15,-20
17.19921875,30,2179,2179,24,18,-20,-15,-20
17.203125,30,2179,2179,24,18,-20,-15,-20
17.20703125,30,2179,2179,24,18,-19,-15,-20
17.2109375,30,2179,2179,24,18,-20,-15,-20
17.21484375,30,2179,2179,24,18,-20,-15,-20
17.21875,31,2179,2179,24,18,-20,-15,-20
17.22265625,31,2179,2179,24,18,-20,-15,-20
17.2265625,31,2179,2179,24,18,-20,-15,-20
17.23046875,31,2179,2179,24,19,-20,-15,-20
17.234375,31,2179,2179,24,18,-20,-15,-20
17.23828125,31,2179,2179,24,18,-20,-15,-21
17.2421875,31,2179,2179,24,18,-20,-15,-20
17.24609375,31,2179,2179,25,18,-20,-15,-20
17.25,31,2179,2179,25,18,-20,-15,-21
17.25390625,32,2179,2179,24,18,-20,-15,-20
17.2578125,32,2179,2179,24,18,-20,-15,-20
17.26171875,32,2179,2179,24,18,-20,-15,-20
17.265625,32,2179,2179,24,18,-20,-15,-21
17.26953125,33,2179,2179,25,18,-20,-15,-20
17.2734375,33,2179,2179,24,18,-20,-15,-20
17.27734375,33,2179,2179,24,18,-20,-15,-21
17.28125,33,2179,2179,24,18,-20,-15,-20
17.28515625,33,2179,2179,24,18,-20,-15,-20
17.2890625,33,2179,2179,24,18,-20,-15,-20
17.29296875,33,2179,2179,24,18,-20,-15,-20
17.296875,33,2179,2179,24,18,-20,-15,-20
17.30078125,32,2179,2179,25,18,-20,-15,-20
17.3046875,32,2179,2179,24,18,-18,-15,-20
17.30859375,32,2179,2179,24,18,-20,-15,-20
17.3125,32,2179,2179,24,20,-20,-15,-20
17.31640625,32,2179,2179,24,18,-20,-15,-20
17.3203125,32,2179,2179,24,18,-20,-15,-20
17.32421875,32,2179,2179,24,18,-20,-15,-20
17.328125,32,2179,2179,24,17,-20,-15,-20
17.33203125,32,2179,2179,24,18,-20,-15,-20
17.3359375,33,2179,2179,24,18,-20,-15,-20
17.33984375,33,2179,2179,24,17,-20,-15,-20
17.34375,33,2179,2179,24,17,-20,-15,-20
17.34765625,33,2179,2179,24,18,-20,-15,-20
17.3515625,33,2179,2179,24,18,-20,-15,-20
17.35546875,34,2179,2179,24,18,-20,-15,-20
17.359375,33,2179,2179,24,17,-20,-15,-21
17.36328125,33,2179,2179,24,18,-20,-15,-20
17.3671875,33,2179,2179,24,18,-20,-15,-20
17.37109375,34,2179,2179,24,18,-20,-15,-20
17.375,34,2179,2179,24,18,-20,-15,-20
17.37890625,33,2179,2179,25,18,-20,-15,-20
17.3828125,34,2179,2179,24,18,-20,-15,-20
17.38671875,34,2179,2179,24,18,-20,-15,-20
17.390625,34,2179,2179,24,18,-20,-15,-20
17.39453125,34,2179,2179,24,18,-20,-15,-20
17.3984375,34,2179,2179,24,18,-20,-15,-20
17.40234375,34,2179,2179,24,18,-20,-15,-20
17.40625,34,2179,2179,24,18,-20,-15,-20
17.41015625,34,2179,2179,24,18,-20,-15,-20
17.4140625,34,2179,2179,24,18,-20,-15,-20
17.41796875,34,2179,2179,24,18,-20,-15,-20
17.421875,34,2179,2179,24,18,-20,-15,-20
17.42578125,34,2179,2179,24,18,-20,-15,-20
17.4296875,34,2179,2179,24,18,-21,-15,-20
17.43359375,34,2179,2179,24,18,-19,-15,-20
17.4375,34,2179,2179,24,18,-19,-15,-20
17.44140625,35,2179,2179,24,18,-19,-15,-20
17.4453125,35,2179,2179,24,18,-20,-15,-20
17.44921875,35,2179,2179,25,18,-20,-15,-20
17.453125,35,2179,2179,24,18,-20,-15,-20
17.45703125,35,2179,2179,24,18,-20,-15,-20
17.4609375,35,2179,2179,24,18,-20,-15,-20
17.46484375,35,2179,2179,24,18,-20,-15,-20
17.46875,35,2179,2179,24,18,-20,-15,-20
17.47265625,35,2179,2179,24,18,-20,-15,-20
17.4765625,36,2179,2179,24,18,-20,-15,-21
17.48046875,35,2179,2179,25,18,-20,-15,-21
17.484375,35,2179,2179,24,18,-20,-15,-21
17.48828125,36,2179,2179,24,18,-20,-15,-21
17.4921875,36,2179,2179,24,18,-20,-15,-20
17.49609375,36,2179,2179,24,18,-20,-15,-20
17.5,36,2179,2179,24,18,-20,-15,-21
17.50390625,37,2179,2179,24,18,-20,-15,-20
17.5078125,37,2179,2179,24,18,-20,-15,-20
17.51171875,36,2179,2179,24,18,-20,-15,-21
17.515625,36,2179,2179,24,18,-20,-15,-21
17.51953125,37,2179,2179,24,18,-20,-15,-21
17.5234375,37,2179,2179,24,18,-20,-15,-20
17.52734375,36,2179,2179,24,18,-20,-15,-20
17.53125,36,2179,2179,24,18,-20,-15,-21
17.53515625,37,2179,2179,24,18,-20,-15,-20
17.5390625,37,2179,2179,24,18,-20,-15,-20
17.54296875,38,2179,2179,24,18,-20,-15,-20
17.546875,38,2179,2179,24,18,-20,-15,-20
17.55078125,38,2179,2179,24,18,-20,-15,-20
17.5546875,39,2179,2179,24,18,-19,-15,-20
17.55859375,39,2179,2179,24,18,-20,-15,-20
17.5625,38,2179,2179,24,17,-20,-15,-20
17.56640625,38,2179,2179,24,18,-20,-15,-20
17.5703125,39,2179,2179,24,18,-20,-15,-20
17.57421875,39,2179,2179,24,17,-20,-15,-20
17.578125,39,2179,2179,23,17,-20,-15,-20
17.58203125,39,2179,2179,24,17,-20,-15,-20
17.5859375,40,2179,2179,23,17,-20,-15,-20
17.58984375,40,2179,2179,23,17,-20,-15,-20
17.59375,40,2179,2179,23,17,-20,-15,-20
17.59765625,40,2179,2179,24,18,-20,-15,-20
17.6015625,40,2179,2179,24,18,-20,-15,-20
17.60546875,41,2179,2179,24,18,-20,-15,-21
17.609375,41,2179,2179,24,18,-20,-15,-21
17.61328125,41,2179,2179,24,18,-20,-15,-21
17.6171875,41,2179,2179,24,18,-20,-15,-21
17.62109375,41,2179,2179,24,18,-20,-15,-21
17.625,41,2179,2179,24,18,-20,-15,-21
17.62890625,41,2179,2179,24,18,-20,-15,-20
17.6328125,41,2179,2179,24,18,-20,-15,-21
17.63671875,41,2179,2179,24,18,-20,-15,-21
17.640625,42,2179,2179,24,18,-20,-15,-21
17.64453125,42,2179,2179,24,18,-20,-15,-20
17.6484375,42,2179,2179,25,18,-20,-15,-20
17.65234375,43,2179,2179,25,18,-20,-15,-20
17.65625,43,2179,2179,24,18,-20,-15,-20
17.66015625,44,2179,2179,24,18,-20,-15,-20
17.6640625,44,2179,2179,25,19,-20,-15,-20
17.66796875,44,2179,2179,25,19,-20,-15,-20
17.671875,45,2179,2179,25,18,-19,-15,-20
17.67578125,45,2179,2179,25,18,-20,-15,-20
17.6796875,45,2179,2179,25,19,-20,-15,-20
17.68359375,46,2179,2179,25,18,-19,-15,-20
17.6875,47,2179,2179,24,17,-19,-15,-20
17.69140625,47,2179,2179,24,18,-20,-15,-20
17.6953125,48,2179,2179,24,18,-20,-15,-20
17.69921875,48,2179,2179,24,18,-20,-15,-20
17.703125,49,2179,2179,24,18,-20,-15,-20
17.70703125,50,2179,2179,24,18,-20,-15,-21
17.7109375,50,2179,2179,24,18,-20,-15,-21
17.71484375,51,2179,2179,24,18,-20,-15,-21
17.71875,52,2179,2179,24,18,-20,-15,-20
17.72265625,52,2179,2179,24,18,-20,-15,-20
17.7265625,53,2179,2179,24,18,-20,-15,-20
17.73046875,53,2179,2179,24,18,-20,-15,-20
17.734375,53,2179,2179,24,18,-20,-15,-20
17.73828125,54,2179,2179,24,18,-20,-15,-20
17.7421875,54,2179,2179,24,17,-20,-15,-20
17.74609375,55,2179,2179,24,18,-20,-15,-20
17.75,55,2179,2179,24,18,-20,-15,-20
17.75390625,56,2179,2179,24,18,-20,-15,-20
17.7578125,56,2179,2179,24,17,-20,-15,-20
17.76171875,57,2179,2179,24,17,-20,-15,-20
17.765625,57,2179,2179,24,17,-20,-15,-20
17.76953125,58,2179,2179,24,17,-20,-15,-20
17.7734375,58,2179,2179,24,17,-20,-15,-20
17.77734375,58,2179,2179,24,17,-20,-15,-20
17.78125,58,2179,2179,24,18,-20,-15,-20
17.78515625,59,2179,2179,24,17,-20,-15,-20
17.7890625,59,2179,2179,24,17,-20,-15,-20
17.79296875,59,2179,2179,24,17,-20,-15,-20
17.796875,59,2179,2179,24,17,-20,-15,-20
17.80078125,59,2179,2179,24,18,-20,-15,-20
17.8046875,60,2179,2179,24,17,-19,-15,-21
17.80859375,60,2179,2179,24,17,-20,-15,-21
17.8125,60,2179,2179,24,17,-20,-15,-20
17.81640625,60,2179,2179,24,18,-20,-15,-21
17.8203125,60,2179,2179,24,18,-20,-15,-20
17.82421875,60,2179,2179,24,18,-20,-15,-20
17.828125,60,2179,2179,24,18,-20,-15,-20
17.83203125,59,2179,2179,24,18,-20,-15,-21
17.8359375,60,2179,2179,24,18,-20,-15,-21
17.83984375,60,2179,2179,24,18,-20,-15,-21
17.84375,60,2179,2179,24,18,-20,-15,-21
17.84765625,60,2179,2179,24,18,-20,-15,-21
17.8515625,60,2179,2179,24,18,-20,-15,-21
17.85546875,60,2179,2179,24,18,-20,-15,-21
17.859375,60,2179,2179,24,18,-20,-15,-20
17.86328125,60,2179,2179,25,19,-20,-15,-20
17.8671875,60,2179,2179,25,18,-20,-15,-20
17.87109375,61,2179,2179,24,18,-20,-15,-20
17.875,61,2179,2179,24,18,-20,-15,-20
17.87890625,61,2179,2179,25,18,-20,-15,-20
17.8828125,61,2179,2179,24,18,-20,-15,-20
17.88671875,62,2179,2179,24,18,-20,-15,-20
17.890625,62,2179,2179,24,18,-20,-15,-20
17.89453125,62,2179,2179,24,18,-20,-15,-20
17.8984375,62,2179,2179,24,18,-20,-15,-20
17.90234375,62,2179,2179,24,18,-20,-15,-21
17.90625,62,2179,2179,24,17,-20,-15,-20
17.91015625,63,2179,2179,24,17,-20,-15,-20
17.9140625,62,2179,2179,24,17,-20,-15,-20
17.91796875,62,2179,2179,24,18,-20,-15,-20
17.921875,63,2179,2179,24,17,-20,-15,-21
17.92578125,63,2179,2179,24,17,-20,-15,-20
17.9296875,63,2179,2179,24,18,-20,-15,-20
17.93359375,63,2179,2179,24,18,-20,-15,-20
17.9375,63,2179,2179,24,17,-20,-15,-21
17.94140625,63,2179,2179,24,18,-20,-15,-20
17.9453125,63,2179,2179,24,18,-20,-15,-20
17.94921875,63,2179,2179,24,18,-20,-15,-20
17.953125,64,2179,2179,24,18,-20,-15,-20
17.95703125,64,2179,2179,24,18,-20,-15,-21
17.9609375,63,2179,2179,24,18,-20,-15,-21
17.96484375,63,2179,2179,24,18,-20,-15,-21
17.96875,64,2179,2179,24,18,-20,-15,-20
17.97265625,64,2179,2179,24,18,-20,-15,-20
17.9765625,64,2179,2179,24,17,-20,-15,-20
17.98046875,63,2179,2179,24,18,-20,-15,-20
17.984375,64,2179,2179,24,18,-20,-15,-20
17.98828125,64,2179,2179,24,18,-20,-15,-20
17.9921875,64,2179,2179,24,17,-20,-15,-20
17.99609375,64,2179,2179,24,18,-20,-15,-20
18.0,64,2179,2179,24,18,-20,-15,-20
18.00390625,65,2179,2179,24,18,-19,-15,-20
18.0078125,65,2179,2179,24,18,-19,-15,-20
18.01171875,64,2179,2179,24,18,-20,-14,-20
18.015625,64,2179,2179,24,18,-20,-15,-20
18.01953125,65,2179,2179,24,18,-20,-14,-20
18.0234375,65,2179,2179,24,18,-20,-15,-20
18.02734375,65,2179,2179,24,18,-20,-15,-21
18.03125,66,2179,2179,24,18,-20,-15,-21
18.03515625,66,2179,2179,24,18,-20,-15,-21
18.0390625,66,2179,2179,24,17,-20,-15,-21
18.04296875,66,2179,2179,24,17,-20,-15,-21
18.046875,67,2179,2179,24,18,-20,-15,-21
18.05078125,67,2179,2179,24,18,-20,-15,-20
18.0546875,67,2179,2179,24,18,-20,-15,-21
18.05859375,67,2179,2179,24,18,-20,-15,-21
18.0625,67,2179,2179,24,18,-20,-15,-20
18.06640625,67,2179,2179,25,18,-20,-15,-20
18.0703125,67,2179,2179,25,19,-20,-15,-20
18.07421875,67,2179,2179,24,18,-20,-15,-21
18.078125,67,2179,2179,24,18,-20,-15,-20
18.08203125,67,2179,2179,25,19,-20,-15,-20
18.0859375,67,2179,2179,25,18,-20,-15,-20
18.08984375,67,2179,2179,25,18,-20,-15,-20
18.09375,67,2179,2179,25,18,-20,-15,-20
18.09765625,67,2179,2179,25,19,-20,-15,-21
18.1015625,68,2179,2179,25,18,-20,-14,-20
18.10546875,68,2179,2179,25,18,-20,-15,-20
18.109375,69,2179,2179,25,18,-20,-14,-20
18.11328125,68,2179,2179,26,18,-20,-15,-20
18.1171875,68,2179,2179,26,18,-20,-15,-21
18.12109375,69,2179,2179,26,18,-20,-15,-20
18.125,69,2179,2179,26,18,-20,-15,-20
18.12890625,68,2179,2179,27,18,-20,-15,-20
18.1328125,69,2179,2179,27,18,-20,-15,-20
18.13671875,69,2179,2179,26,18,-20,-15,-20
18.140625,69,2179,2179,26,17,-20,-15,-20
18.14453125,69,2179,2179,26,17,-20,-15,-20
18.1484375,69,2179,2179,26,18,-20,-15,-20
18.15234375,69,2179,2179,26,17,-20,-15,-21
18.15625,69,2179,2179,26,17,-20,-15,-21
18.16015625,69,2179,2179,26,17,-20,-15,-21
18.1640625,68,2179,2179,27,17,-20,-15,-21
18.16796875,68,2179,2179,28,18,-20,-15,-21
18.171875,69,2179,2179,28,17,-20,-15,-21
18.17578125,69,2179,2179,28,17,-20,-15,-21
18.1796875,68,2179,2179,29,18,-20,-15,-21
18.18359375,68,2179,2179,29,18,-20,-15,-20
18.1875,69,2179,2179,30,17,-20,-15,-20
18.19140625,69,2179,2179,31,17,-20,-15,-20
18.1953125,68,2179,2179,33,17,-20,-15,-20
18.19921875,68,2179,2179,34,18,-20,-15,-20
18.203125,68,2179,2179,35,18,-20,-15,-20
18.20703125,68,2179,2179,37,18,-20,-15,-20
18.2109375,67,2179,2179,38,18,-20,-15,-20
18.21484375,67,2179,2179,40,18,-20,-15,-20
18.21875,67,2179,2179,42,18,-20,-15,-20
18.22265625,67,2179,2179,43,18,-20,-15,-21
18.2265625,67,2179,2179,44,18,-20,-15,-20
18.23046875,67,2179,2179,46,19,-20,-15,-20
18.234375,67,2179,2179,47,18,-20,-15,-20
18.23828125,68,2179,2179,48,18,-20,-15,-20
18.2421875,68,2179,2179,49,18,-20,-15,-20
18.24609375,68,2179,2179,50,18,-20,-15,-20
18.25,68,2179,2179,51,18,-20,-15,-20
18.25390625,68,2179,2179,51,18,-20,-15,-21
18.2578125,68,2179,2179,53,18,-20,-15,-21
18.26171875,68,2179,2179,54,18,-20,-15,-21
18.265625,68,2179,2179,57,18,-20,-15,-21
18.26953125,68,2179,2179,59,18,-20,-15,-21
18.2734375,68,2179,2179,61,18,-20,-15,-20
18.27734375,68,2179,2179,64,18,-20,-15,-20
18.28125,68,2179,2179,67,18,-20,-15,-20
18.28515625,68,2179,2179,69,18,-20,-15,-20
18.2890625,68,2179,2179,71,18,-20,-15,-20
18.29296875,69,2179,2179,73,18,-20,-15,-20
18.296875,68,2179,2179,75,18,-20,-15,-20
18.30078125,68,2179,2179,77,18,-20,-15,-20
18.3046875,68,2179,2179,79,18,-20,-15,-20
18.30859375,68,2179,2179,81,18,-20,-15,-20
18.3125,68,2179,2179,83,18,-20,-15,-20
18.31640625,68,2179,2179,85,18,-20,-15,-20
18.3203125,68,2179,2179,85,18,-20,-15,-20
18.32421875,68,2179,2179,87,18,-20,-15,-20
18.328125,68,2179,2179,87,17,-20,-15,-20
18.33203125,68,2179,2179,88,18,-20,-15,-20
18.3359375,68,2179,2179,89,18,-20,-15,-20
18.33984375,68,2179,2179,91,17,-20,-15,-20
18.34375,68,2179,2179,94,17,-20,-15,-20
18.34765625,68,2179,2179,97,17,-20,-15,-21
18.3515625,69,2179,2179,100,17,-20,-15,-20
18.35546875,69,2179,2179,103,17,-20,-15,-20
18.359375,69,2179,2179,106,17,-20,-15,-20
18.36328125,69,2179,2179,108,17,-20,-15,-20
18.3671875,69,2179,2179,110,18,-20,-15,-21
18.37109375,69,2179,2179,111,17,-20,-15,-20
18.375,69,2179,2179,112,17,-20,-15,-21
18.37890625,69,2179,2179,114,18,-20,-15,-21
18.3828125,69,2179,2179,116,18,-20,-15,-21
18.38671875,69,2179,2179,118,18,-20,-15,-21
18.390625,69,2179,2179,120,18,-20,-15,-20
18.39453125,69,2179,2179,121,17,-20,-15,-21
18.3984375,69,2179,2179,123,18,-20,-15,-21
18.40234375,69,2179,2179,124,18,-20,-15,-21
18.40625,69,2179,2179,124,18,-20,-15,-21
18.41015625,68,2179,2179,125,18,-20,-15,-20
18.4140625,68,2179,2179,125,18,-20,-15,-20
18.41796875,68,2179,2179,126,18,-20,-15,-20
18.421875,68,2179,2179,127,18,-20,-15,-20
18.42578125,69,2179,2179,128,18,-20,-15,-20
18.4296875,69,2179,2179,131,18,-20,-15,-20
18.43359375,69,2179,2179,133,18,-20,-15,-20
18.4375,69,2179,2179,135,18,-20,-15,-20
18.44140625,69,2179,2179,136,18,-20,-15,-20
18.4453125,69,2179,2179,136,18,-20,-15,-20
18.44921875,69,2179,2179,138,18,-20,-15,-20
18.453125,69,2179,2179,137,18,-20,-15,-20
18.45703125,69,2179,2179,137,18,-20,-15,-20
18.4609375,69,2179,2179,137,18,-20,-15,-20
18.46484375,69,2179,2179,138,18,-20,-15,-20
18.46875,69,2179,2179,140,18,-20,-15,-21
18.47265625,70,2179,2179,141,18,-20,-15,-20
18.4765625,70,2179,2179,143,18,-20,-15,-21
18.48046875,70,2179,2179,144,18,-20,-15,-21
18.484375,70,2179,2179,145,18,-20,-15,-21
18.48828125,70,2179,2179,146,18,-20,-15,-20
18.4921875,70,2179,2179,146,18,-20,-15,-21
18.49609375,69,2179,2179,146,18,-20,-15,-21
18.5,69,2179,2179,147,18,-20,-15,-20
18.50390625,69,2179,2179,147,18,-20,-15,-20
18.5078125,69,2179,2179,147,18,-20,-15,-20
18.51171875,69,2179,2179,148,18,-20,-15,-20
18.515625,69,2179,2179,150,18,-20,-15,-20
18.51953125,69,2179,2179,151,18,-20,-15,-20
18.5234375,69,2179,2179,151,18,-20,-15,-20
18.52734375,69,2179,2179,151,18,-20,-15,-20
18.53125,69,2179,2179,152,18,-20,-15,-20
18.53515625,69,2179,2179,152,18,-20,-15,-20
18.5390625,69,2179,2179,152,18,-20,-15,-20
18.54296875,69,2179,2179,152,18,-20,-15,-20
18.546875,68,2179,2179,153,18,-20,-14,-20
18.55078125,68,2179,2179,154,18,-20,-15,-20
18.5546875,69,2179,2179,154,18,-20,-15,-20
18.55859375,69,2179,2179,155,18,-20,-15,-20
18.5625,69,2179,2179,155,18,-20,-15,-20
18.56640625,69,2179,2179,155,18,-20,-15,-20
18.5703125,70,2179,2179,154,18,-20,-15,-20
18.57421875,70,2179,2179,154,17,-20,-15,-20
18.578125,70,2179,2179,155,17,-20,-15,-20
18.58203125,70,2179,2179,155,18,-20,-15,-20
18.5859375,70,2179,2179,155,18,-20,-15,-21
18.58984375,70,2179,2179,156,17,-20,-15,-21
18.59375,69,2179,2179,157,17,-20,-15,-21
18.59765625,70,2179,2179,158,18,-20,-15,-20
18.6015625,70,2179,2179,158,18,-20,-15,-21
18.60546875,70,2179,2179,159,18,-20,-15,-21
18.609375,70,2179,2179,159,18,-20,-15,-20
18.61328125,70,2179,2179,159,18,-20,-15,-21
18.6171875,70,2179,2179,160,18,-20,-15,-21
18.62109375,71,2179,2179,159,18,-20,-15,-21
18.625,70,2179,2179,160,18,-20,-15,-20
18.62890625,70,2179,2179,160,18,-20,-15,-20
18.6328125,70,2179,2179,161,18,-20,-15,-20
18.63671875,70,2179,2179,161,18,-20,-15,-20
18.640625,71,2179,2179,161,18,-20,-15,-20
18.64453125,71,2179,2179,161,18,-20,-15,-20
18.6484375,71,2179,2179,161,18,-20,-15,-20
18.65234375,71,2179,2179,161,18,-20,-15,-20
18.65625,71,2179,2179,161,18,-20,-15,-20
18.66015625,71,2179,2179,161,18,-20,-15,-20
18.6640625,71,2179,2179,162,18,-20,-15,-20
18.66796875,71,2179,2179,162,18,-20,-15,-20
18.671875,71,2179,2179,162,18,-20,-15,-20
18.67578125,71,2179,2179,163,18,-20,-15,-20
18.6796875,71,2179,2179,163,18,-20,-15,-20
18.68359375,71,2179,2179,163,18,-20,-15,-20
18.6875,72,2179,2179,163,18,-20,-15,-20
18.69140625,72,2179,2179,163,18,-20,-15,-20
18.6953125,72,2179,2179,162,18,-20,-15,-20
18.69921875,72,2179,2179,162,18,-20,-15,-21
18.703125,73,2179,2179,162,18,-20,-15,-21
18.70703125,72,2179,2179,162,18,-20,-15,-21
18.7109375,72,2179,2179,162,18,-20,-15,-21
18.71484375,72,2179,2179,162,18,-20,-15,-21
18.71875,72,2179,2179,163,18,-20,-15,-21
18.72265625,72,2179,2179,162,18,-20,-15,-20
18.7265625,71,2179,2179,163,18,-20,-15,-21
18.73046875,71,2179,2179,163,18,-20,-15,-21
18.734375,71,2179,2179,164,18,-20,-15,-21
18.73828125,71,2179,2179,164,18,-20,-15,-21
18.7421875,71,2179,2179,164,17,-20,-15,-20
18.74609375,71,2179,2179,164,18,-20,-15,-20
18.75,70,2179,2179,165,18,-20,-15,-20
18.75390625,71,2179,2179,164,18,-20,-15,-20
18.7578125,71,2179,2179,164,18,-20,-15,-20
18.76171875,70,2179,2179,164,17,-20,-15,-20
18.765625,70,2179,2179,164,17,-20,-15,-20
18.76953125,70,2179,2179,164,18,-20,-15,-20
18.7734375,70,2179,2179,164,17,-20,-15,-21
18.77734375,69,2179,2179,164,17,-20,-15,-20
18.78125,69,2179,2179,164,18,-20,-15,-20
18.78515625,69,2179,2179,164,18,-20,-15,-20
18.7890625,69,2179,2179,164,17,-20,-15,-20
18.79296875,69,2179,2179,164,17,-20,-15,-20
18.796875,69,2179,2179,165,18,-20,-15,-20
18.80078125,69,2179,2179,165,18,-20,-15,-20
18.8046875,69,2179,2179,165,17,-20,-15,-20
18.80859375,69,2179,2179,166,17,-20,-15,-20
18.8125,68,2179,2179,166,17,-20,-15,-20
18.81640625,68,2179,2179,166,18,-20,-15,-20
18.8203125,68,2179,2179,166,18,-20,-15,-21
18.82421875,68,2179,2179,166,18,-20,-15,-20
18.828125,67,2179,2179,166,18,-20,-15,-20
18.83203125,67,2179,2179,166,19,-20,-15,-20
18.8359375,67,2179,2179,166,18,-20,-15,-20
18.83984375,67,2179,2179,165,18,-20,-15,-20
18.84375,66,2179,2179,165,18,-20,-15,-20
18.84765625,66,2179,2179,166,19,-20,-15,-20
18.8515625,66,2179,2179,166,18,-20,-15,-20
18.85546875,66,2179,2179,166,18,-20,-16,-20
18.859375,66,2179,2179,166,18,-20,-15,-21
18.86328125,65,2179,2179,166,18,-20,-15,-20
18.8671875,65,2179,2179,167,18,-20,-15,-20
18.87109375,65,2179,2179,167,18,-20,-15,-20
18.875,65,2179,2179,167,18,-20,-15,-20
18.87890625,65,2179,2179,168,18,-20,-15,-20
18.8828125,65,2179,2179,168,18,-20,-15,-20
18.88671875,65,2179,2179,168,18,-20,-15,-20
18.890625,65,2179,2179,168,18,-20,-15,-20
18.89453125,65,2179,2179,167,18,-20,-15,-20
18.8984375,65,2179,2179,168,18,-20,-15,-20
18.90234375,65,2179,2179,167,18,-20,-15,-20
18.90625,65,2179,2179,167,18,-20,-15,-20
18.91015625,65,2179,2179,167,18,-20,-15,-20
18.9140625,65,2179,2179,167,18,-20,-15,-20
18.91796875,65,2179,2179,168,18,-20,-15,-20
18.921875,65,2179,2179,168,18,-20,-15,-20
18.92578125,64,2179,2179,168,18,-20,-15,-20
18.9296875,64,2179,2179,168,18,-20,-15,-20
18.93359375,64,2179,2179,169,18,-20,-15,-21
18.9375,64,2179,2179,168,18,-20,-15,-20
18.94140625,64,2179,2179,168,18,-20,-15,-21
18.9453125,64,2179,2179,168,18,-20,-15,-21
18.94921875,64,2179,2179,169,18,-20,-15,-20
18.953125,64,2179,2179,169,18,-20,-15,-21
18.95703125,64,2179,2179,168,18,-20,-15,-21
18.9609375,63,2179,2179,168,18,-20,-15,-21
18.96484375,63,2179,2179,168,18,-20,-15,-21
18.96875,63,2179,2179,168,18,-20,-15,-20
18.97265625,63,2179,2179,168,18,-20,-15,-20
18.9765625,63,2179,2179,168,17,-20,-15,-20
18.98046875,63,2179,2179,169,18,-20,-16,-20
18.984375,63,2179,2179,168,18,-20,-15,-20
18.98828125,63,2179,2179,168,18,-20,-15,-20
18.9921875,63,2179,2179,168,18,-20,-15,-20
18.99609375,63,2179,2179,169,18,-20,-15,-20
19.0,63,2179,2179,169,18,-20,-15,-21
19.00390625,63,2179,2179,169,18,-20,-15,-20
19.0078125,63,2179,2179,169,18,-20,-15,-21
19.01171875,62,2179,2179,169,18,-20,-15,-21
19.015625,62,2179,2179,169,18,-20,-15,-21
19.01953125,63,2179,2179,169,18,-20,-15,-20
19.0234375,63,2179,2179,168,17,-20,-15,-20
19.02734375,63,2179,2179,168,18,-20,-15,-21
19.03125,63,2179,2179,169,18,-20,-15,-20
19.03515625,63,2179,2179,169,18,-20,-15,-21
19.0390625,62,2179,2179,169,18,-20,-15,-21
19.04296875,62,2179,2179,170,18,-20,-15,-20
19.046875,62,2179,2179,170,18,-20,-15,-20
19.05078125,62,2179,2179,170,19,-20,-15,-21
19.0546875,62,2179,2179,170,18,-20,-15,-21
19.05859375,62,2179,2179,170,18,-20,-15,-20
19.0625,62,2179,2179,170,18,-20,-15,-20
19.06640625,62,2179,2179,170,18,-20,-15,-20
19.0703125,62,2179,2179,170,18,-20,-15,-20
19.07421875,62,2179,2179,170,18,-20,-15,-20
19.078125,61,2179,2179,171,18,-20,-15,-20
19.08203125,61,2179,2179,171,18,-20,-15,-20
19.0859375,61,2179,2179,171,18,-20,-15,-20
19.08984375,60,2179,2179,170,18,-20,-15,-20
19.09375,60,2179,2179,170,18,-20,-15,-20
19.09765625,60,2179,2179,171,18,-20,-15,-20
19.1015625,60,2179,2179,171,18,-20,-15,-20
19.10546875,60,2179,2179,170,18,-20,-14,-20
19.109375,60,2179,2179,170,18,-20,-15,-20
19.11328125,60,2179,2179,171,18,-20,-15,-20
19.1171875,60,2179,2179,171,19,-20,-15,-20
19.12109375,60,2179,2179,171,18,-20,-15,-20
19.125,60,2179,2179,171,18,-20,-15,-20
19.12890625,60,2179,2179,171,18,-20,-15,-20
19.1328125,60,2179,2179,171,18,-20,-15,-20
19.13671875,61,2179,2179,171,18,-20,-15,-20
19.140625,61,2179,2179,171,17,-20,-15,-20
19.14453125,60,2179,2179,171,17,-20,-15,-20
19.1484375,60,2179,2179,171,18,-20,-15,-21
19.15234375,61,2179,2179,171,17,-20,-15,-20
19.15625,61,2179,2179,171,17,-20,-15,-21
19.16015625,60,2179,2179,171,17,-20,-15,-21
19.1640625,60,2179,2179,171,17,-20,-15,-21
19.16796875,60,2179,2179,171,18,-20,-15,-21
19.171875,60,2179,2179,171,17,-20,-15,-21
19.17578125,60,2179,2179,171,17,-20,-15,-21
19.1796875,59,2179,2179,172,18,-20,-15,-21
19.18359375,59,2179,2179,172,18,-20,-15,-21
19.1875,59,2179,2179,172,18,-20,-15,-20
19.19140625,59,2179,2179,172,17,-20,-15,-20
19.1953125,59,2179,2179,172,17,-20,-15,-20
19.19921875,59,2179,2179,172,18,-20,-15,-20
19.203125,59,2179,2179,172,18,-20,-15,-20
19.20703125,59,2179,2179,171,18,-20,-15,-20
19.2109375,59,2179,2179,171,18,-20,-15,-20
19.21484375,59,2179,2179,171,18,-20,-15,-20
19.21875,59,2179,2179,171,18,-20,-15,-20
19.22265625,60,2179,2179,171,18,-20,-15,-20
19.2265625,59,2179,2179,171,18,-20,-15,-20
19.23046875,59,2179,2179,172,18,-20,-14,-20
19.234375,59,2179,2179,172,18,-20,-15,-20
19.23828125,60,2179,2179,172,18,-20,-15,-20
19.2421875,60,2179,2179,172,18,-20,-15,-20
19.24609375,59,2179,2179,172,18,-20,-15,-20
19.25,59,2179,2179,172,18,-20,-15,-20
19.25390625,60,2179,2179,172,18,-20,-15,-21
19.2578125,59,2179,2179,172,18,-20,-15,-20
19.26171875,59,2179,2179,173,18,-20,-15,-21
19.265625,59,2179,2179,173,18,-20,-15,-21
19.26953125,59,2179,2179,173,18,-20,-15,-21
19.2734375,59,2179,2179,172,18,-20,-15,-21
19.27734375,59,2179,2179,172,18,-20,-15,-21
19.28125,59,2179,2179,173,18,-20,-15,-21
19.28515625,59,2179,2179,173,19,-20,-15,-20
19.2890625,59,2179,2179,173,18,-20,-15,-20
19.29296875,59,2179,2179,173,18,-20,-15,-20
19.296875,58,2179,2179,173,18,-20,-15,-20
19.30078125,58,2179,2179,173,19,-20,-15,-20
19.3046875,58,2179,2179,172,18,-20,-15,-20
19.30859375,57,2179,2179,172,18,-20,-15,-20
19.3125,57,2179,2179,173,18,-20,-15,-20
19.31640625,57,2179,2179,173,18,-20,-15,-20
19.3203125,57,2179,2179,172,18,-20,-15,-20
19.32421875,57,2179,2179,172,18,-20,-15,-20
19.328125,57,2179,2179,172,18,-20,-15,-20
19.33203125,57,2179,2179,172,18,-20,-15,-21
19.3359375,58,2179,2179,172,18,-20,-15,-20
19.33984375,58,2179,2179,172,18,-20,-15,-21
19.34375,58,2179,2179,172,17,-20,-15,-21
19.34765625,58,2179,2179,172,18,-20,-15,-20
19.3515625,57,2179,2179,172,18,-20,-15,-20
19.35546875,58,2179,2179,172,17,-20,-14,-21
19.359375,58,2179,2179,172,17,-20,-15,-21
19.36328125,58,2179,2179,172,18,-20,-15,-21
19.3671875,58,2179,2179,172,18,-20,-15,-21
19.37109375,59,2179,2179,173,17,-20,-15,-21
19.375,59,2179,2179,173,18,-20,-15,-21
19.37890625,58,2179,2179,173,18,-20,-15,-21
19.3828125,58,2179,2179,174,18,-20,-15,-21
19.38671875,58,2179,2179,174,18,-20,-15,-21
19.390625,58,2179,2179,173,18,-20,-15,-20
19.39453125,57,2179,2179,173,18,-20,-15,-21
19.3984375,57,2179,2179,173,18,-20,-15,-21
19.40234375,57,2179,2179,173,18,-20,-15,-20
19.40625,57,2179,2179,173,18,-20,-15,-20
19.41015625,56,2179,2179,173,18,-20,-15,-20
19.4140625,56,2179,2179,174,18,-20,-15,-20
19.41796875,56,2179,2179,174,18,-20,-15,-20
19.421875,57,2179,2179,174,18,-20,-15,-20
19.42578125,57,2179,2179,174,18,-20,-15,-20
19.4296875,57,2179,2179,175,18,-20,-15,-20
19.43359375,57,2179,2179,174,18,-20,-15,-20
19.4375,57,2179,2179,174,18,-20,-15,-20
19.44140625,57,2179,2179,173,18,-20,-15,-20
19.4453125,56,2179,2179,172,18,-20,-15,-20
19.44921875,56,2179,2179,173,18,-20,-15,-20
19.453125,57,2179,2179,173,18,-20,-15,-20
19.45703125,57,2179,2179,173,18,-20,-15,-20
19.4609375,56,2179,2179,173,18,-20,-15,-20
19.46484375,56,2179,2179,174,18,-20,-15,-21
19.46875,57,2179,2179,174,18,-20,-15,-21
19.47265625,57,2179,2179,174,18,-20,-15,-21
19.4765625,56,2179,2179,174,18,-20,-15,-21
19.48046875,56,2179,2179,174,18,-20,-14,-21
19.484375,56,2179,2179,174,18,-20,-15,-20
19.48828125,57,2179,2179,174,18,-20,-15,-20
19.4921875,57,2179,2179,174,18,-20,-15,-21
19.49609375,56,2179,2179,174,18,-20,-15,-21
19.5,56,2179,2179,174,18,-20,-15,-21
19.50390625,56,2179,2179,174,18,-20,-15,-20
19.5078125,56,2179,2179,173,18,-20,-15,-21
19.51171875,56,2179,2179,173,18,-20,-15,-20
19.515625,55,2179,2179,174,18,-20,-15,-20
19.51953125,55,2179,2179,174,18,-20,-15,-20
19.5234375,55,2179,2179,174,18,-20,-15,-20
19.52734375,55,2179,2179,174,18,-20,-15,-20
19.53125,55,2179,2179,175,18,-20,-15,-20
19.53515625,55,2179,2179,175,18,-20,-15,-20
19.5390625,55,2179,2179,175,18,-20,-15,-20
19.54296875,55,2179,2179,175,18,-20,-15,-20
19.546875,55,2179,2179,175,19,-20,-15,-20
19.55078125,55,2179,2179,175,18,-20,-15,-20
19.5546875,55,2179,2179,174,18,-20,-15,-20
19.55859375,55,2179,2179,174,18,-20,-15,-20
19.5625,55,2179,2179,175,18,-20,-15,-20
19.56640625,55,2179,2179,175,18,-20,-15,-20
19.5703125,55,2179,2179,174,18,-20,-15,-20
19.57421875,55,2179,2179,174,18,-20,-15,-20
19.578125,55,2179,2179,174,18,-20,-15,-20
19.58203125,55,2179,2179,174,18,-20,-15,-20
19.5859375,55,2179,2179,174,18,-20,-15,-20
19.58984375,55,2179,2179,174,17,-20,-15,-20
19.59375,55,2179,2179,174,17,-20,-15,-21
19.59765625,55,2179,2179,175,18,-20,-15,-21
19.6015625,55,2179,2179,175,18,-20,-15,-21
19.60546875,55,2179,2179,175,17,-20,-15,-20
19.609375,55,2179,2179,175,17,-20,-15,-20
19.61328125,55,2179,2179,175,18,-24,-15,-20
19.6171875,55,2179,2179,175,18,-20,-15,-21
19.62109375,55,2179,2179,175,18,-20,-15,-20
19.625,55,2179,2179,175,18,-20,-15,-20
19.62890625,55,2179,2179,175,18,-20,-15,-20
19.6328125,55,2179,2179,175,18,-20,-15,-20
19.63671875,55,2179,2179,175,19,-20,-15,-20
19.640625,55,2179,2179,174,18,-20,-15,-20
19.64453125,55,2179,2179,174,18,-20,-15,-20
19.6484375,55,2179,2179,175,19,-19,-15,-20
19.65234375,56,2179,2179,175,19,-20,-15,-20
19.65625,56,2179,2179,175,18,-20,-14,-20
19.66015625,56,2179,2179,175,18,-20,-14,-20
19.6640625,56,2179,2179,175,19,-20,-15,-20
19.66796875,56,2179,2179,175,19,-20,-15,-20
19.671875,57,2179,2179,174,18,-20,-15,-20
19.67578125,57,2179,2179,174,18,-20,-15,-20
19.6796875,57,2179,2179,175,18,-20,-15,-20
19.68359375,57,2179,2179,175,18,-20,-15,-20
19.6875,57,2179,2179,174,18,-20,-15,-20
19.69140625,57,2179,2179,175,18,-20,-15,-20
19.6953125,57,2179,2179,175,18,-20,-15,-21
19.69921875,56,2179,2179,176,18,-20,-15,-20
19.703125,56,2179,2179,176,18,-20,-15,-21
19.70703125,57,2179,2179,176,18,-20,-15,-21
19.7109375,56,2179,2179,176,18,-20,-15,-21
19.71484375,56,2179,2179,176,18,-20,-15,-21
19.71875,56,2179,2179,176,18,-20,-15,-21
19.72265625,56,2179,2179,175,18,-20,-15,-21
19.7265625,56,2179,2179,175,18,-20,-15,-21
19.73046875,56,2179,2179,174,18,-20,-15,-21
19.734375,56,2179,2179,174,18,-20,-15,-20
19.73828125,56,2179,2179,174,18,-16,-15,-21
19.7421875,56,2179,2179,174,17,-20,-15,-20
19.74609375,56,2179,2179,175,18,-20,-15,-20
19.75,56,2179,2179,175,18,-20,-15,-20
19.75390625,56,2179,2179,175,18,-20,-15,-20
19.7578125,56,2179,2179,175,17,-20,-15,-20
19.76171875,56,2179,2179,175,17,-20,-15,-20
19.765625,56,2179,2179,175,17,-20,-15,-20
19.76953125,56,2179,2179,175,17,-19,-15,-20
19.7734375,56,2179,2179,175,17,-20,-15,-20
19.77734375,56,2179,2179,175,17,-20,-15,-20
19.78125,56,2179,2179,176,17,-20,-15,-20
19.78515625,56,2179,2179,176,17,-20,-15,-20
19.7890625,56,2179,2179,176,17,-20,-15,-20
19.79296875,56,2179,2179,176,17,-20,-15,-20
19.796875,56,2179,2179,176,17,-20,-15,-20
19.80078125,56,2179,2179,175,17,-20,-15,-20
19.8046875,57,2179,2179,174,17,-20,-15,-21
19.80859375,56,2179,2179,174,17,-20,-15,-21
19.8125,56,2179,2179,174,17,-20,-15,-21
19.81640625,56,2179,2179,175,18,-20,-15,-21
19.8203125,56,2179,2179,175,18,-20,-15,-21
19.82421875,56,2179,2179,175,18,-20,-15,-21
19.828125,55,2179,2179,176,18,-20,-15,-21
19.83203125,55,2179,2179,176,18,-20,-15,-21
19.8359375,55,2179,2179,176,19,-20,-15,-21
19.83984375,55,2179,2179,176,18,-20,-15,-21
19.84375,55,2179,2179,176,18,-20,-15,-21
19.84765625,55,2179,2179,176,19,-20,-15,-21
19.8515625,54,2179,2179,176,19,-20,-15,-20
19.85546875,54,2179,2179,176,19,-20,-15,-21
19.859375,54,2179,2179,176,19,-20,-15,-20
19.86328125,54,2179,2179,177,19,-27,-15,-20
19.8671875,54,2179,2179,177,19,-20,-15,-20
19.87109375,54,2179,2179,176,18,-20,-15,-20
19.875,54,2179,2179,176,18,-20,-15,-20
19.87890625,54,2179,2179,176,18,-20,-15,-20
19.8828125,54,2179,2179,176,18,-20,-15,-20
19.88671875,55,2179,2179,176,18,-20,-15,-20
19.890625,55,2179,2179,176,18,-20,-15,-20
19.89453125,55,2179,2179,176,18,-20,-15,-20
19.8984375,55,2179,2179,176,18,-20,-15,-20
19.90234375,55,2179,2179,177,18,-20,-15,-20
19.90625,55,2179,2179,176,17,-20,-15,-20
19.91015625,55,2179,2179,176,17,-20,-15,-20
19.9140625,55,2179,2179,176,17,-20,-15,-20
19.91796875,55,2179,2179,176,18,-20,-15,-20
19.921875,55,2179,2179,176,17,-20,-15,-21
19.92578125,55,2179,2179,176,17,-20,-15,-21
19.9296875,55,2179,2179,176,18,-20,-15,-20
19.93359375,55,2179,2179,176,18,-20,-15,-21
19.9375,55,2179,2179,176,18,-20,-15,-21
19.94140625,55,2179,2179,176,18,-20,-15,-21
19.9453125,54,2179,2179,176,18,-20,-15,-20
19.94921875,54,2179,2179,177,18,-20,-15,-21
19.953125,54,2179,2179,176,18,-20,-15,-20
19.95703125,55,2179,2179,176,18,-20,-15,-20
19.9609375,54,2179,2179,176,18,-20,-15,-20
19.96484375,54,2179,2179,176,18,-20,-15,-20
19.96875,54,2179,2179,176,18,-20,-15,-20
19.97265625,54,2179,2179,176,17,-20,-15,-20
19.9765625,54,2179,2179,176,17,-20,-15,-20
19.98046875,53,2179,2179,176,18,-20,-15,-20
19.984375,53,2179,2179,176,18,-19,-15,-20
19.98828125,54,2179,2179,176,17,-14,-15,-20
19.9921875,54,2179,2179,176,17,-20,-15,-20
19.99609375,54,2179,2179,176,18,-20,-15,-20
20.0,54,2179,2179,176,18,-20,-15,-20
20.00390625,54,2179,2179,176,18,-20,-15,-20
20.0078125,54,2179,2179,176,18,-20,-15,-20
20.01171875,53,2179,2179,176,18,-20,-15,-20
20.015625,53,2179,2179,177,18,-20,-15,-21
20.01953125,53,2179,2179,176,18,-20,-15,-20
20.0234375,54,2179,2179,176,17,-20,-15,-20
20.02734375,53,2179,2179,176,17,-20,-15,-21
20.03125,53,2179,2179,176,18,-20,-15,-21
20.03515625,53,2179,2179,176,17,-20,-15,-21
20.0390625,54,2179,2179,176,17,-20,-15,-21
20.04296875,54,2179,2179,176,18,-20,-15,-21
20.046875,53,2179,2179,176,18,-20,-15,-20
20.05078125,53,2179,2179,176,18,-20,-15,-20
20.0546875,53,2179,2179,176,18,-20,-15,-21
20.05859375,53,2179,2179,176,18,-20,-15,-21
20.0625,52,2179,2179,177,18,-20,-15,-20
20.06640625,52,2179,2179,177,18,-20,-15,-20
20.0703125,52,2179,2179,177,18,-20,-15,-20
20.07421875,52,2179,2179,176,18,-20,-15,-20
20.078125,52,2179,2179,176,18,-20,-15,-20
20.08203125,52,2179,2179,177,18,-20,-15,-20
20.0859375,52,2179,2179,177,18,-20,-15,-20
20.08984375,52,2179,2179,177,18,-20,-15,-20
20.09375,51,2179,2179,177,18,-20,-15,-20
20.09765625,51,2179,2179,177,18,-20,-15,-20
20.1015625,51,2179,2179,177,18,-20,-15,-20
20.10546875,51,2179,2179,177,18,-20,-15,-20
20.109375,51,2179,2179,177,18,-20,-15,-20
20.11328125,50,2179,2179,177,18,-24,-15,-20
20.1171875,50,2179,2179,177,18,-20,-15,-20
20.12109375,50,2179,2179,176,18,-20,-15,-20
20.125,50,2179,2179,174,18,-20,-15,-20
20.12890625,50,2179,2179,173,18,-20,-15,-20
20.1328125,50,2179,2179,169,18,-20,-15,-20
20.13671875,50,2179,2179,163,18,-20,-15,-21
20.140625,49,2179,2179,155,17,-20,-15,-20
20.14453125,48,2179,2179,146,17,-20,-15,-20
20.1484375,48,2179,2179,136,18,-20,-15,-20
20.15234375,48,2179,2179,126,18,-20,-15,-21
20.15625,48,2179,2179,118,18,-20,-15,-20
20.16015625,47,2179,2179,112,18,-20,-15,-20
20.1640625,47,2179,2179,108,18,-20,-15,-20
20.16796875,46,2179,2179,104,18,-20,-15,-20
20.171875,46,2179,2179,100,17,-20,-15,-20
20.17578125,46,2179,2179,95,17,-20,-15,-21
20.1796875,45,2179,2179,88,17,-20,-15,-21
20.18359375,45,2179,2179,78,17,-20,-15,-20
20.1875,45,2179,2179,68,17,-20,-15,-20
20.19140625,45,2179,2179,58,17,-20,-15,-20
20.1953125,44,2179,2179,49,17,-20,-15,-20
20.19921875,44,2179,2179,42,18,-20,-15,-20
20.203125,44,2179,2179,37,18,-20,-15,-20
20.20703125,44,2179,2179,34,17,-20,-15,-20
20.2109375,44,2179,2179,33,17,-20,-15,-20
20.21484375,44,2179,2179,33,18,-20,-15,-20
20.21875,44,2179,2179,32,18,-20,-15,-20
20.22265625,44,2179,2179,31,18,-20,-15,-20
20.2265625,44,2179,2179,30,18,-20,-15,-20
20.23046875,44,2179,2179,29,18,-20,-15,-20
20.234375,44,2179,2179,27,18,-20,-15,-20
20.23828125,45,2179,2179,26,18,-16,-15,-20
20.2421875,45,2179,2179,25,18,-20,-15,-20
20.24609375,45,2179,2179,25,18,-20,-15,-20
20.25,44,2179,2179,26,18,-20,-15,-20
20.25390625,45,2179,2179,25,18,-20,-15,-20
20.2578125,44,2179,2179,26,18,-20,-15,-21
20.26171875,44,2179,2179,25,18,-20,-15,-20
20.265625,44,2179,2179,25,18,-20,-15,-20
20.26953125,43,2179,2179,25,18,-20,-15,-20
20.2734375,43,2179,2179,24,18,-20,-15,-20
20.27734375,43,2179,2179,24,18,-20,-15,-20
20.28125,42,2179,2179,24,18,-20,-15,-20
20.28515625,42,2179,2179,24,18,-20,-15,-20
20.2890625,41,2179,2179,24,18,-20,-15,-21
20.29296875,41,2179,2179,24,18,-20,-15,-20
20.296875,40,2179,2179,25,18,-20,-15,-20
20.30078125,40,2179,2179,25,18,-20,-15,-20
20.3046875,40,2179,2179,24,18,-20,-15,-20
20.30859375,40,2179,2179,24,18,-20,-15,-20
20.3125,40,2179,2179,24,18,-20,-15,-20
20.31640625,40,2179,2179,24,18,-20,-15,-20
20.3203125,40,2179,2179,24,18,-20,-15,-20
20.32421875,40,2179,2179,24,18,-20,-15,-20
20.328125,39,2179,2179,24,18,-20,-15,-20
20.33203125,38,2179,2179,24,18,-20,-15,-20
20.3359375,38,2179,2179,24,18,-20,-15,-20
20.33984375,38,2179,2179,24,18,-20,-15,-20
20.34375,37,2179,2179,24,18,-20,-15,-20
20.34765625,37,2179,2179,24,18,-20,-15,-21
20.3515625,37,2179,2179,24,18,-20,-15,-21
20.35546875,37,2179,2179,24,17,-20,-15,-21
20.359375,37,2179,2179,24,17,-20,-15,-20
20.36328125,37,2179,2179,24,18,-21,-15,-20
20.3671875,36,2179,2179,24,17,-20,-15,-21
20.37109375,36,2179,2179,24,19,-20,-15,-21
20.375,36,2179,2179,24,17,-20,-15,-20
20.37890625,35,2179,2179,24,18,-20,-15,-20
20.3828125,35,2179,2179,24,18,-20,-15,-21
20.38671875,35,2179,2179,24,18,-20,-15,-21
20.390625,35,2179,2179,24,18,-20,-15,-21
20.39453125,35,2179,2179,24,18,-20,-15,-21
20.3984375,34,2179,2179,24,18,-20,-15,-21
20.40234375,34,2179,2179,24,18,-20,-15,-20
20.40625,34,2179,2179,24,18,-20,-15,-20
20.41015625,34,2179,2179,24,18,-20,-15,-20
20.4140625,34,2179,2179,24,18,-20,-15,-20
20.41796875,34,2179,2179,24,18,-20,-15,-20
20.421875,34,2179,2179,24,18,-20,-15,-20
20.42578125,34,2179,2179,24,18,-20,-15,-20
20.4296875,33,2179,2179,24,18,-20,-15,-20
20.43359375,33,2179,2179,24,18,-20,-15,-20
20.4375,33,2179,2179,24,18,-20,-15,-20
20.44140625,34,2179,2179,24,18,-20,-15,-20
20.4453125,33,2179,2179,24,18,-20,-15,-20
20.44921875,33,2179,2179,24,18,-20,-15,-20
20.453125,33,2179,2179,24,18,-20,-15,-21
20.45703125,34,2179,2179,24,18,-20,-15,-20
20.4609375,33,2179,2179,24,18,-20,-15,-20
20.46484375,33,2179,2179,24,18,-20,-15,-21
20.46875,33,2179,2179,24,18,-20,-15,-21
20.47265625,33,2179,2179,24,18,-20,-15,-21
20.4765625,33,2179,2179,24,18,-20,-15,-21
20.48046875,32,2179,2179,24,18,-20,-15,-20
20.484375,32,2179,2179,24,18,-20,-15,-21
20.48828125,32,2179,2179,24,18,-19,-15,-20
20.4921875,32,2179,2179,24,18,-20,-15,-21
20.49609375,32,2179,2179,24,18,-20,-15,-21
20.5,32,2179,2179,25,18,-20,-15,-21
20.50390625,32,2179,2179,24,18,-20,-15,-20
20.5078125,33,2179,2179,24,18,-20,-15,-20
20.51171875,32,2179,2179,24,18,-20,-15,-20
20.515625,32,2179,2179,24,18,-20,-15,-20
20.51953125,32,2179,2179,24,18,-20,-15,-20
20.5234375,32,2179,2179,24,18,-20,-15,-20
20.52734375,31,2179,2179,24,18,-20,-15,-20
20.53125,31,2179,2179,24,18,-20,-15,-20
20.53515625,31,2179,2179,24,18,-20,-14,-20
20.5390625,31,2179,2179,24,18,-20,-15,-20
20.54296875,32,2179,2179,24,18,-20,-15,-20
20.546875,31,2179,2179,24,18,-20,-15,-20
20.55078125,31,2179,2179,24,18,-20,-15,-20
20.5546875,32,2179,2179,24,18,-20,-15,-20
20.55859375,31,2179,2179,24,18,-20,-15,-20
20.5625,31,2179,2179,24,18,-20,-15,-20
20.56640625,31,2179,2179,24,18,-20,-15,-20
20.5703125,31,2179,2179,24,18,-20,-15,-20
20.57421875,31,2179,2179,24,17,-20,-15,-20
20.578125,31,2179,2179,24,17,-20,-15,-21
20.58203125,31,2179,2179,24,18,-20,-15,-20
20.5859375,31,2179,2179,24,17,-20,-15,-21
20.58984375,30,2179,2179,24,17,-20,-15,-20
20.59375,31,2179,2179,24,17,-20,-15,-20
20.59765625,30,2179,2179,24,18,-20,-15,-20
20.6015625,29,2179,2179,24,18,-20,-15,-20
20.60546875,29,2179,2179,24,17,-20,-15,-20
20.609375,29,2179,2179,24,17,-20,-15,-20
20.61328125,29,2179,2179,24,18,-21,-15,-21
20.6171875,29,2179,2179,24,18,-20,-15,-20
20.62109375,29,2179,2179,24,17,-20,-15,-20
20.625,29,2179,2179,24,17,-20,-15,-20
20.62890625,28,2179,2179,24,18,-20,-15,-20
20.6328125,28,2179,2179,24,18,-20,-15,-20
20.63671875,28,2179,2179,24,18,-20,-15,-20
20.640625,28,2179,2179,24,18,-20,-15,-20
20.64453125,28,2179,2179,24,18,-20,-15,-20
20.6484375,28,2179,2179,25,19,-20,-15,-20
20.65234375,29,2179,2179,25,18,-20,-15,-20
20.65625,29,2179,2179,24,18,-20,-15,-20
20.66015625,29,2179,2179,25,18,-20,-15,-20
20.6640625,29,2179,2179,25,18,-20,-15,-20
20.66796875,29,2179,2179,25,19,-20,-15,-20
20.671875,29,2179,2179,24,18,-20,-15,-20
20.67578125,29,2179,2179,24,18,-20,-15,-20
20.6796875,29,2179,2179,25,18,-20,-15,-20
20.68359375,29,2179,2179,24,18,-20,-15,-20
20.6875,30,2179,2179,24,18,-20,-15,-20
20.69140625,29,2179,2179,24,18,-20,-15,-20
20.6953125,29,2179,2179,24,18,-20,-15,-20
20.69921875,29,2179,2179,24,18,-20,-15,-20
20.703125,29,2179,2179,24,18,-20,-15,-21
20.70703125,29,2179,2179,24,18,-20,-15,-21
20.7109375,28,2179,2179,24,18,-20,-15,-21
20.71484375,28,2179,2179,24,18,-20,-15,-20
20.71875,29,2179,2179,24,18,-20,-15,-20
20.72265625,28,2179,2179,24,18,-20,-15,-20
20.7265625,28,2179,2179,24,18,-20,-15,-20
20.73046875,28,2179,2179,24,18,-20,-15,-20
20.734375,28,2179,2179,24,18,-20,-15,-20
20.73828125,28,2179,2179,24,18,-19,-15,-20
20.7421875,28,2179,2179,24,18,-20,-15,-20
20.74609375,28,2179,2179,24,17,-20,-15,-20
20.75,28,2179,2179,24,18,-20,-15,-20
20.75390625,28,2179,2179,24,18,-20,-15,-20
20.7578125,29,2179,2179,24,18,-20,-15,-20
20.76171875,28,2179,2179,24,18,-20,-15,-20
20.765625,29,2179,2179,24,18,-20,-15,-20
20.76953125,29,2179,2179,24,18,-20,-15,-20
20.7734375,29,2179,2179,23,17,-20,-15,-20
20.77734375,29,2179,2179,24,17,-20,-15,-20
20.78125,29,2179,2179,24,17,-20,-15,-20
20.78515625,29,2179,2179,24,17,-20,-15,-20
20.7890625,29,2179,2179,23,17,-20,-15,-21
20.79296875,29,2179,2179,24,17,-20,-15,-20
20.796875,29,2179,2179,24,17,-20,-15,-21
20.80078125,29,2179,2179,24,18,-20,-15,-21
20.8046875,29,2179,2179,24,17,-20,-15,-21
20.80859375,29,2179,2179,24,17,-20,-15,-21
20.8125,29,2179,2179,24,18,-20,-15,-20
20.81640625,29,2179,2179,24,18,-20,-15,-21
20.8203125,29,2179,2179,24,18,-20,-15,-21
20.82421875,29,2179,2179,24,18,-20,-15,-20
20.828125,29,2179,2179,24,18,-20,-15,-21
20.83203125,29,2179,2179,24,18,-20,-15,-21
20.8359375,29,2179,2179,24,18,-20,-15,-21
20.83984375,29,2179,2179,24,18,-20,-15,-21
20.84375,29,2179,2179,24,18,-20,-15,-21
20.84765625,28,2179,2179,25,18,-20,-15,-20
20.8515625,28,2179,2179,25,18,-20,-15,-20
20.85546875,28,2179,2179,24,18,-20,-15,-20
20.859375,28,2179,2179,24,18,-20,-15,-20
20.86328125,28,2179,2179,25,19,-20,-15,-20
20.8671875,28,2179,2179,25,19,-20,-15,-20
20.87109375,28,2179,2179,24,17,-20,-15,-20
20.875,28,2179,2179,24,18,-20,-15,-20
20.87890625,28,2179,2179,25,18,-20,-15,-20
20.8828125,28,2179,2179,24,18,-20,-15,-20
20.88671875,28,2179,2179,24,18,-20,-15,-20
20.890625,28,2179,2179,24,18,-20,-15,-20
20.89453125,28,2179,2179,24,18,-20,-15,-20
20.8984375,28,2179,2179,24,18,-20,-15,-20
20.90234375,29,2179,2179,24,18,-20,-15,-20
20.90625,29,2179,2179,24,18,-20,-15,-20
20.91015625,29,2179,2179,24,18,-20,-15,-20
20.9140625,29,2179,2179,24,18,-20,-15,-20
20.91796875,29,2179,2179,24,18,-20,-15,-20
20.921875,29,2179,2179,24,18,-20,-15,-20
20.92578125,30,2179,2179,24,18,-20,-15,-20
20.9296875,29,2179,2179,24,18,-20,-15,-21
20.93359375,29,2179,2179,24,18,-20,-15,-21
20.9375,29,2179,2179,24,18,-20,-15,-20
20.94140625,29,2179,2179,24,18,-20,-15,-20
20.9453125,28,2179,2179,24,18,-20,-15,-20
20.94921875,28,2179,2179,24,18,-20,-15,-21
20.953125,29,2179,2179,24,18,-20,-15,-21
20.95703125,29,2179,2179,24,18,-20,-15,-21
20.9609375,29,2179,2179,24,17,-20,-15,-20
20.96484375,29,2179,2179,24,18,-20,-15,-20
20.96875,30,2179,2179,24,18,-20,-15,-20
20.97265625,30,2179,2179,24,17,-20,-15,-20
20.9765625,30,2179,2179,24,17,-20,-15,-20
20.98046875,29,2179,2179,24,18,-20,-15,-20
20.984375,29,2179,2179,24,18,-20,-15,-20
20.98828125,29,2179,2179,24,18,-19,-14,-20
20.9921875,29,2179,2179,24,17,-20,-14,-20
20.99609375,29,2179,2179,24,17,-20,-14,-20
21.0,29,2179,2179,24,18,-20,-14,-21
21.00390625,29,2179,2179,24,18,-20,-14,-20
21.0078125,29,2179,2179,24,18,-20,-14,-20
21.01171875,29,2179,2179,24,17,-20,-15,-20
21.015625,29,2179,2179,24,18,-20,-15,-20
21.01953125,29,2179,2179,24,18,-20,-15,-20
21.0234375,29,2179,2179,24,18,-20,-15,-21
21.02734375,29,2179,2179,24,18,-20,-15,-21
21.03125,29,2179,2179,24,18,-20,-15,-21
21.03515625,29,2179,2179,24,18,-20,-15,-21
21.0390625,29,2179,2179,24,18,-20,-15,-21
21.04296875,29,2179,2179,24,17,-20,-15,-21
21.046875,29,2179,2179,24,18,-20,-15,-21
21.05078125,29,2179,2179,24,18,-20,-15,-21
21.0546875,29,2179,2179,24,18,-20,-15,-20
21.05859375,29,2179,2179,24,18,-20,-15,-20
21.0625,29,2179,2179,24,18,-20,-15,-20
21.06640625,29,2179,2179,24,18,-20,-15,-20
21.0703125,29,2179,2179,24,18,-20,-15,-20
21.07421875,29,2179,2179,24,18,-20,-15,-20
21.078125,29,2179,2179,24,18,-20,-15,-20
21.08203125,29,2179,2179,25,19,-20,-15,-20
21.0859375,29,2179,2179,25,19,-20,-15,-20
21.08984375,29,2179,2179,24,18,-20,-14,-20
21.09375,30,2179,2179,24,18,-20,-14,-20
21.09765625,29,2179,2179,25,18,-20,-15,-20
21.1015625,30,2179,2179,25,19,-20,-15,-20
21.10546875,30,2179,2179,24,18,-20,-15,-20
21.109375,30,2179,2179,24,18,-20,-15,-20
21.11328125,30,2179,2179,24,18,-20,-15,-20
21.1171875,30,2179,2179,25,18,-20,-15,-21
21.12109375,31,2179,2179,24,18,-20,-15,-20
21.125,31,2179,2179,24,18,-20,-15,-20
21.12890625,31,2179,2179,26,18,-20,-15,-20
21.1328125,31,2179,2179,24,18,-20,-15,-21
21.13671875,32,2179,2179,24,18,-20,-15,-20
21.140625,32,2179,2179,24,17,-20,-15,-20
21.14453125,31,2179,2179,24,17,-20,-15,-20
21.1484375,31,2179,2179,24,18,-20,-15,-20
21.15234375,32,2179,2179,24,17,-20,-15,-20
21.15625,32,2179,2179,24,17,-20,-15,-21
21.16015625,32,2179,2179,24,17,-20,-15,-21
21.1640625,32,2179,2179,24,17,-20,-15,-21
21.16796875,32,2179,2179,24,17,-20,-15,-21
21.171875,32,2179,2179,23,17,-20,-15,-21
21.17578125,31,2179,2179,23,17,-20,-15,-21
21.1796875,31,2179,2179,24,17,-20,-15,-20
21.18359375,31,2179,2179,24,17,-20,-15,-20
21.1875,31,2179,2179,24,17,-20,-15,-21
21.19140625,31,2179,2179,23,17,-20,-15,-20
21.1953125,31,2179,2179,24,17,-20,-15,-20
21.19921875,32,2179,2179,24,18,-20,-15,-20
21.203125,32,2179,2179,24,17,-20,-15,-20
21.20703125,32,2179,2179,24,17,-20,-15,-20
21.2109375,32,2179,2179,24,17,-20,-15,-20
21.21484375,32,2179,2179,24,18,-20,-15,-20
21.21875,32,2179,2179,24,18,-20,-15,-20
21.22265625,32,2179,2179,24,18,-20,-15,-20
21.2265625,32,2179,2179,24,18,-20,-15,-20
21.23046875,32,2179,2179,25,18,-20,-15,-20
21.234375,31,2179,2179,25,18,-20,-15,-21
21.23828125,32,2179,2179,24,18,-20,-15,-21
21.2421875,32,2179,2179,24,18,-20,-15,-21
21.24609375,32,2179,2179,25,18,-20,-15,-21
21.25,32,2179,2179,25,18,-20,-15,-20
21.25390625,33,2179,2179,25,18,-20,-15,-21
21.2578125,33,2179,2179,24,18,-20,-15,-20
21.26171875,33,2179,2179,24,18,-20,-15,-20
21.265625,33,2179,2179,25,19,-20,-15,-21
21.26953125,33,2179,2179,24,18,-20,-15,-21
21.2734375,33,2179,2179,24,18,-20,-15,-21
21.27734375,33,2179,2179,24,18,-20,-15,-21
21.28125,33,2179,2179,24,18,-20,-15,-22
21.28515625,33,2179,2179,23,18,-20,-15,-20
21.2890625,34,2179,2179,23,18,-20,-15,-20
21.29296875,34,2179,2179,23,18,-20,-15,-21
21.296875,34,2179,2179,24,18,-20,-15,-20
21.30078125,34,2179,2179,24,18,-20,-15,-20
21.3046875,34,2179,2179,24,18,-20,-15,-20
21.30859375,34,2179,2179,24,18,-20,-15,-20
21.3125,34,2179,2179,25,18,-20,-14,-21
21.31640625,34,2179,2179,25,18,-20,-15,-20
21.3203125,34,2179,2179,24,18,-20,-15,-21
21.32421875,34,2179,2179,24,18,-20,-15,-20
21.328125,34,2179,2179,24,18,-20,-15,-21
21.33203125,34,2179,2179,24,18,-20,-15,-21
21.3359375,35,2179,2179,24,18,-20,-15,-21
21.33984375,35,2179,2179,24,17,-20,-15,-21
21.34375,35,2179,2179,24,17,-20,-15,-21
21.34765625,35,2179,2179,24,17,-20,-15,-20
21.3515625,35,2179,2179,24,17,-20,-15,-20
21.35546875,35,2179,2179,24,17,-20,-15,-21
21.359375,35,2179,2179,24,17,-20,-15,-21
21.36328125,34,2179,2179,24,18,-20,-15,-21
21.3671875,34,2179,2179,24,18,-20,-15,-21
21.37109375,35,2179,2179,24,18,-20,-15,-21
21.375,35,2179,2179,24,18,-20,-15,-21
21.37890625,35,2179,2179,24,18,-20,-15,-21
21.3828125,35,2179,2179,24,18,-20,-15,-21
21.38671875,35,2179,2179,24,18,-20,-15,-21
21.390625,35,2179,2179,24,18,-20,-15,-21
21.39453125,35,2179,2179,24,18,-20,-15,-21
21.3984375,35,2179,2179,24,18,-20,-15,-21
21.40234375,35,2179,2179,24,18,-20,-15,-20
21.40625,35,2179,2179,24,18,-20,-15,-20
21.41015625,34,2179,2179,24,18,-20,-15,-20
21.4140625,34,2179,2179,24,18,-20,-15,-20
21.41796875,35,2179,2179,24,18,-20,-15,-20
21.421875,35,2179,2179,24,18,-20,-15,-20
21.42578125,35,2179,2179,24,18,-20,-15,-20
21.4296875,35,2179,2179,24,18,-20,-15,-20
21.43359375,36,2179,2179,24,18,-20,-15,-20
21.4375,36,2179,2179,24,18,-20,-15,-20
21.44140625,36,2179,2179,24,18,-20,-15,-20
21.4453125,36,2179,2179,24,18,-20,-15,-20
21.44921875,36,2179,2179,24,18,-20,-15,-20
21.453125,36,2179,2179,24,18,-20,-15,-20
21.45703125,37,2179,2179,24,17,-20,-15,-20
21.4609375,37,2179,2179,24,17,-20,-15,-21
21.46484375,37,2179,2179,24,18,-20,-15,-21
21.46875,37,2179,2179,24,18,-20,-15,-21
21.47265625,37,2179,2179,24,17,-20,-15,-21
21.4765625,38,2179,2179,24,18,-20,-15,-21
21.48046875,38,2179,2179,24,18,-20,-15,-21
21.484375,38,2179,2179,24,18,-20,-15,-21
21.48828125,38,2179,2179,24,18,-20,-15,-21
21.4921875,38,2179,2179,24,18,-20,-15,-21
21.49609375,38,2179,2179,24,18,-20,-15,-21
21.5,38,2179,2179,24,18,-20,-15,-21
21.50390625,38,2179,2179,23,18,-20,-15,-21
21.5078125,39,2179,2179,24,18,-20,-15,-21
21.51171875,38,2179,2179,24,18,-20,-15,-20
21.515625,38,2179,2179,24,18,-20,-15,-21
21.51953125,39,2179,2179,24,18,-20,-15,-20
21.5234375,39,2179,2179,24,18,-20,-15,-20
21.52734375,39,2179,2179,24,18,-20,-15,-20
21.53125,40,2179,2179,24,18,-20,-15,-20
21.53515625,40,2179,2179,24,18,-20,-15,-20
21.5390625,41,2179,2179,24,18,-20,-14,-20
21.54296875,41,2179,2179,24,17,-20,-14,-20
21.546875,41,2179,2179,24,18,-20,-15,-20
21.55078125,41,2179,2179,24,18,-20,-15,-20
21.5546875,42,2179,2179,24,18,-20,-15,-20
21.55859375,42,2179,2179,24,18,-20,-15,-20
21.5625,43,2179,2179,24,18,-20,-15,-20
21.56640625,43,2179,2179,24,18,-20,-15,-20
21.5703125,44,2179,2179,24,18,-20,-15,-20
21.57421875,45,2179,2179,24,17,-20,-15,-21
21.578125,45,2179,2179,24,17,-20,-15,-21
21.58203125,46,2179,2179,24,18,-20,-15,-21
21.5859375,46,2179,2179,24,18,-20,-15,-20
21.58984375,47,2179,2179,24,17,-20,-15,-20
21.59375,48,2179,2179,24,17,-20,-15,-20
21.59765625,48,2179,2179,24,18,-20,-15,-20
21.6015625,49,2179,2179,24,18,-20,-15,-21
21.60546875,50,2179,2179,24,17,-20,-15,-20
21.609375,51,2179,2179,24,17,-20,-15,-20
21.61328125,52,2179,2179,24,18,-20,-15,-21
21.6171875,53,2179,2179,24,18,-20,-15,-21
21.62109375,54,2179,2179,23,17,-20,-15,-21
21.625,54,2179,2179,23,17,-20,-15,-21
21.62890625,55,2179,2179,23,17,-20,-15,-20
21.6328125,55,2179,2179,24,18,-20,-15,-20
21.63671875,57,2179,2179,24,18,-19,-15,-20
21.640625,58,2179,2179,24,18,-20,-14,-20
21.64453125,58,2179,2179,24,18,-20,-15,-20
21.6484375,59,2179,2179,25,18,-20,-15,-20
21.65234375,60,2179,2179,25,19,-20,-15,-20
21.65625,61,2179,2179,25,18,-20,-15,-19
21.66015625,62,2179,2179,25,18,-20,-15,-20
21.6640625,62,2179,2179,25,19,-20,-15,-21
21.66796875,62,2179,2179,25,19,-20,-14,-20
21.671875,63,2179,2179,24,18,-20,-15,-20
21.67578125,64,2179,2179,24,18,-20,-15,-20
21.6796875,64,2179,2179,24,18,-20,-15,-20
21.68359375,64,2179,2179,24,18,-20,-15,-21
21.6875,65,2179,2179,24,18,-20,-15,-21
21.69140625,65,2179,2179,24,18,-20,-15,-21
21.6953125,65,2179,2179,24,18,-20,-15,-21
21.69921875,66,2179,2179,24,18,-20,-15,-21
21.703125,67,2179,2179,24,18,-20,-15,-21
21.70703125,67,2179,2179,24,18,-20,-15,-20
21.7109375,67,2179,2179,24,18,-20,-15,-20
21.71484375,67,2179,2179,24,18,-20,-15,-20
21.71875,68,2179,2179,24,18,-20,-15,-20
21.72265625,68,2179,2179,24,18,-20,-15,-21
21.7265625,68,2179,2179,24,18,-20,-15,-21
21.73046875,68,2179,2179,24,18,-20,-15,-20
21.734375,68,2179,2179,24,18,-20,-15,-20
21.73828125,68,2179,2179,24,18,-20,-15,-20
21.7421875,68,2179,2179,24,18,-20,-15,-20
21.74609375,68,2179,2179,24,18,-20,-15,-20
21.75,68,2179,2179,24,18,-20,-15,-20
21.75390625,68,2179,2179,23,18,-20,-15,-20
21.7578125,68,2179,2179,24,17,-20,-15,-20
21.76171875,68,2179,2179,24,17,-20,-15,-20
21.765625,68,2179,2179,24,18,-20,-15,-20
21.76953125,69,2179,2179,24,18,-20,-15,-20
21.7734375,69,2179,2179,24,17,-20,-15,-20
21.77734375,69,2179,2179,24,17,-20,-15,-20
21.78125,70,2179,2179,24,18,-20,-15,-20
21.78515625,70,2179,2179,24,17,-20,-15,-20
21.7890625,70,2179,2179,24,17,-20,-15,-20
21.79296875,71,2179,2179,24,17,-20,-15,-21
21.796875,71,2179,2179,24,18,-20,-15,-21
21.80078125,71,2179,2179,24,18,-20,-15,-21
21.8046875,71,2179,2179,24,18,-20,-15,-21
21.80859375,71,2179,2179,24,17,-20,-15,-20
21.8125,71,2179,2179,24,18,-20,-15,-21
21.81640625,71,2179,2179,24,18,-20,-15,-21
21.8203125,71,2179,2179,24,18,-20,-15,-21
21.82421875,71,2179,2179,24,18,-20,-15,-20
21.828125,71,2179,2179,24,18,-20,-15,-21
21.83203125,71,2179,2179,25,18,-20,-15,-21
21.8359375,71,2179,2179,25,19,-20,-15,-21
21.83984375,71,2179,2179,24,18,-20,-15,-20
21.84375,71,2179,2179,24,18,-20,-15,-20
21.84765625,71,2179,2179,25,19,-20,-15,-20
21.8515625,71,2179,2179,25,19,-20,-15,-20
21.85546875,71,2179,2179,24,18,-20,-15,-20
21.859375,71,2179,2179,24,18,-20,-15,-20
21.86328125,71,2179,2179,24,18,-20,-14,-20
21.8671875,71,2179,2179,24,18,-20,-15,-20
21.87109375,72,2179,2179,24,18,-20,-15,-20
21.875,72,2179,2179,24,18,-20,-15,-20
21.87890625,72,2179,2179,24,18,-20,-15,-20
21.8828125,72,2179,2179,24,18,-20,-15,-20
21.88671875,72,2179,2179,24,18,-20,-15,-20
21.890625,72,2179,2179,24,18,-20,-15,-20
21.89453125,72,2179,2179,24,18,-20,-15,-20
21.8984375,72,2179,2179,24,18,-20,-15,-20
21.90234375,73,2179,2179,24,18,-20,-15,-20
21.90625,73,2179,2179,24,18,-20,-15,-20
21.91015625,73,2179,2179,24,18,-20,-15,-21
21.9140625,73,2179,2179,24,18,-20,-16,-21
21.91796875,73,2179,2179,24,18,-20,-15,-20
21.921875,73,2179,2179,24,17,-20,-15,-20
21.92578125,74,2179,2179,24,17,-20,-15,-20
21.9296875,73,2179,2179,24,18,-20,-15,-20
21.93359375,73,2179,2179,25,18,-20,-15,-20
21.9375,74,2179,2179,25,18,-20,-15,-21
21.94140625,74,2179,2179,25,17,-20,-15,-20
21.9453125,73,2179,2179,25,17,-20,-15,-20
21.94921875,73,2179,2179,25,18,-20,-15,-20
21.953125,73,2179,2179,25,18,-20,-15,-20
21.95703125,73,2179,2179,24,17,-20,-15,-20
21.9609375,73,2179,2179,24,17,-20,-15,-20
21.96484375,73,2179,2179,24,18,-20,-15,-20
21.96875,73,2179,2179,24,18,-19,-15,-20
21.97265625,73,2179,2179,24,18,-20,-15,-20
21.9765625,74,2179,2179,24,18,-20,-15,-20
21.98046875,73,2179,2179,25,18,-20,-15,-20
21.984375,74,2179,2179,26,18,-20,-15,-20
21.98828125,74,2179,2179,26,18,-20,-14,-20
21.9921875,74,2179,2179,26,18,-20,-15,-20
21.99609375,74,2179,2179,27,18,-20,-15,-20
22.0,74,2179,2179,27,18,-20,-15,-20
22.00390625,74,2179,2179,27,18,-20,-14,-20
22.0078125,74,2179,2179,28,18,-20,-14,-20
22.01171875,73,2179,2179,28,17,-20,-15,-20
22.015625,74,2179,2179,29,18,-20,-15,-20
22.01953125,74,2179,2179,30,18,-20,-15,-21
22.0234375,74,2179,2179,31,17,-20,-15,-20
22.02734375,73,2179,2179,32,17,-20,-15,-20
22.03125,73,2179,2179,33,18,-20,-15,-20
22.03515625,73,2179,2179,35,18,-20,-15,-20
22.0390625,74,2179,2179,36,18,-20,-16,-21
22.04296875,74,2179,2179,38,18,-20,-15,-20
22.046875,73,2179,2179,40,18,-20,-15,-20
22.05078125,73,2179,2179,42,18,-20,-15,-20
22.0546875,73,2179,2179,44,18,-20,-15,-21
22.05859375,73,2179,2179,45,18,-20,-15,-20
22.0625,72,2179,2179,46,18,-20,-15,-21
22.06640625,72,2179,2179,47,18,-20,-15,-21
22.0703125,72,2179,2179,48,18,-20,-15,-20
22.07421875,72,2179,2179,48,18,-20,-15,-20
22.078125,72,2179,2179,49,18,-20,-15,-20
22.08203125,71,2179,2179,51,18,-20,-15,-20
22.0859375,72,2179,2179,53,18,-19,-15,-20
22.08984375,72,2179,2179,54,18,-20,-15,-20
22.09375,72,2179,2179,56,18,-20,-15,-20
22.09765625,71,2179,2179,59,18,-20,-15,-20
22.1015625,71,2179,2179,61,18,-19,-15,-20
22.10546875,72,2179,2179,63,18,-20,-15,-20
22.109375,72,2179,2179,65,18,-20,-15,-20
22.11328125,71,2179,2179,68,18,-20,-15,-20
22.1171875,71,2179,2179,69,18,-20,-15,-20
22.12109375,72,2179,2179,70,18,-20,-15,-20
22.125,72,2179,2179,72,17,-20,-15,-20
22.12890625,72,2179,2179,74,17,-20,-15,-20
22.1328125,72,2179,2179,77,18,-20,-15,-20
22.13671875,73,2179,2179,79,18,-20,-15,-20
22.140625,73,2179,2179,81,17,-20,-15,-20
22.14453125,73,2179,2179,83,17,-20,-15,-20
22.1484375,73,2179,2179,85,18,-20,-15,-21
22.15234375,73,2179,2179,86,18,-20,-15,-21
22.15625,73,2179,2179,87,17,-20,-15,-20
22.16015625,73,2179,2179,89,17,-20,-15,-21
22.1640625,73,2179,2179,91,18,-20,-15,-20
22.16796875,73,2179,2179,94,18,-20,-15,-21
22.171875,73,2179,2179,96,17,-20,-15,-20
22.17578125,73,2179,2179,99,17,-20,-15,-21
22.1796875,73,2179,2179,103,17,-20,-15,-21
22.18359375,73,2179,2179,106,18,-20,-15,-20
22.1875,73,2179,2179,108,18,-20,-15,-20
22.19140625,74,2179,2179,110,17,-20,-15,-20
22.1953125,74,2179,2179,112,17,-20,-15,-20
22.19921875,74,2179,2179,113,18,-20,-15,-20
22.203125,74,2179,2179,113,17,-20,-15,-20
22.20703125,75,2179,2179,114,17,-20,-15,-20
22.2109375,74,2179,2179,115,17,-20,-15,-20
22.21484375,74,2179,2179,117,18,-19,-15,-20
22.21875,74,2179,2179,119,18,-19,-15,-20
22.22265625,74,2179,2179,120,18,-19,-15,-20
22.2265625,74,2179,2179,123,18,-20,-15,-20
22.23046875,74,2179,2179,125,18,-20,-15,-20
22.234375,74,2179,2179,126,18,-20,-15,-20
22.23828125,75,2179,2179,127,18,-20,-15,-20
22.2421875,75,2179,2179,128,18,-20,-15,-21
22.24609375,75,2179,2179,129,18,-20,-15,-20
22.25,74,2179,2179,130,18,-20,-15,-20
22.25390625,75,2179,2179,131,18,-20,-15,-21
22.2578125,75,2179,2179,132,18,-20,-15,-21
22.26171875,74,2179,2179,133,18,-20,-15,-21
22.265625,74,2179,2179,134,18,-20,-15,-21
22.26953125,74,2179,2179,134,18,-20,-15,-20
22.2734375,74,2179,2179,133,18,-20,-15,-20
22.27734375,74,2179,2179,134,18,-20,-15,-21
22.28125,74,2179,2179,135,18,-20,-15,-20
22.28515625,74,2179,2179,136,18,-20,-15,-20
22.2890625,74,2179,2179,137,18,-20,-14,-20
22.29296875,74,2179,2179,139,18,-20,-15,-20
22.296875,73,2179,2179,141,18,-20,-15,-20
22.30078125,73,2179,2179,143,18,-20,-15,-20
22.3046875,74,2179,2179,144,18,-20,-15,-20
22.30859375,74,2179,2179,145,18,-20,-15,-20
22.3125,74,2179,2179,145,18,-20,-15,-20
22.31640625,74,2179,2179,145,18,-20,-15,-20
22.3203125,74,2179,2179,145,18,-20,-15,-20
22.32421875,74,2179,2179,145,18,-20,-15,-20
22.328125,74,2179,2179,145,18,-20,-15,-20
22.33203125,74,2179,2179,145,18,-20,-15,-20
22.3359375,74,2179,2179,146,18,-20,-15,-21
22.33984375,74,2179,2179,146,17,-20,-15,-20
22.34375,75,2179,2179,146,17,-20,-15,-20
22.34765625,75,2179,2179,147,18,-20,-15,-21
22.3515625,75,2179,2179,147,17,-20,-15,-21
22.35546875,75,2179,2179,148,17,-20,-15,-20
22.359375,75,2179,2179,148,17,-20,-15,-21
22.36328125,75,2179,2179,149,18,-20,-15,-21
22.3671875,75,2179,2179,149,18,-20,-15,-20
22.37109375,75,2179,2179,149,18,-20,-15,-20
22.375,75,2179,2179,149,18,-20,-15,-20
22.37890625,74,2179,2179,150,18,-20,-15,-21
22.3828125,74,2179,2179,151,18,-20,-15,-20
22.38671875,75,2179,2179,152,18,-20,-15,-20
22.390625,75,2179,2179,153,18,-20,-15,-20
22.39453125,74,2179,2179,153,18,-20,-15,-20
22.3984375,74,2179,2179,154,18,-20,-15,-20
22.40234375,74,2179,2179,154,18,-20,-15,-20
22.40625,74,2179,2179,154,18,-20,-15,-20
22.41015625,74,2179,2179,154,17,-19,-15,-20
22.4140625,74,2179,2179,154,18,-20,-14,-20
22.41796875,74,2179,2179,154,18,-20,-15,-20
22.421875,74,2179,2179,153,18,-20,-15,-20
22.42578125,75,2179,2179,154,18,-20,-15,-20
22.4296875,74,2179,2179,154,18,-20,-15,-20
22.43359375,75,2179,2179,155,18,-20,-15,-20
22.4375,75,2179,2179,155,18,-20,-15,-20
22.44140625,75,2179,2179,155,18,-20,-15,-20
22.4453125,75,2179,2179,155,18,-20,-15,-21
22.44921875,75,2179,2179,156,18,-20,-15,-20
22.453125,75,2179,2179,156,18,-20,-15,-20
22.45703125,75,2179,2179,156,18,-20,-15,-20
22.4609375,75,2179,2179,156,17,-20,-15,-20
22.46484375,75,2179,2179,157,18,-20,-15,-20
22.46875,75,2179,2179,157,18,-20,-15,-20
22.47265625,75,2179,2179,157,18,-20,-15,-21
22.4765625,75,2179,2179,158,18,-20,-15,-20
22.48046875,75,2179,2179,158,18,-20,-15,-20
22.484375,75,2179,2179,158,18,-20,-15,-20
22.48828125,75,2179,2179,158,18,-20,-15,-20
22.4921875,75,2179,2179,158,18,-20,-15,-20
22.49609375,74,2179,2179,158,18,-20,-15,-20
22.5,74,2179,2179,158,19,-20,-15,-20
22.50390625,75,2179,2179,158,18,-20,-15,-20
22.5078125,74,2179,2179,159,18,-20,-15,-20
22.51171875,74,2179,2179,159,18,-20,-15,-20
22.515625,74,2179,2179,159,18,-20,-15,-20
22.51953125,74,2179,2179,160,18,-20,-15,-20
22.5234375,74,2179,2179,160,18,-20,-15,-20
22.52734375,74,2179,2179,160,18,-20,-15,-20
22.53125,74,2179,2179,160,18,-20,-15,-20
22.53515625,74,2179,2179,159,18,-19,-15,-20
22.5390625,75,2179,2179,159,18,-20,-14,-20
22.54296875,75,2179,2179,159,18,-20,-15,-20
22.546875,75,2179,2179,159,18,-20,-15,-20
22.55078125,75,2179,2179,159,18,-20,-15,-20
22.5546875,75,2179,2179,159,18,-20,-15,-20
22.55859375,75,2179,2179,160,18,-20,-15,-20
22.5625,75,2179,2179,161,17,-20,-15,-20
22.56640625,75,2179,2179,161,17,-20,-15,-20
22.5703125,76,2179,2179,162,17,-20,-15,-20
22.57421875,76,2179,2179,161,17,-20,-15,-20
22.578125,75,2179,2179,161,17,-20,-15,-20
22.58203125,75,2179,2179,161,17,-20,-15,-21
22.5859375,76,2179,2179,161,17,-20,-15,-21
22.58984375,76,2179,2179,161,17,-20,-15,-20
22.59375,76,2179,2179,161,17,-20,-15,-21
22.59765625,75,2179,2179,161,18,-20,-15,-21
22.6015625,75,2179,2179,161,18,-20,-15,-21
22.60546875,76,2179,2179,162,17,-20,-15,-21
22.609375,75,2179,2179,162,17,-20,-15,-20
22.61328125,75,2179,2179,163,18,-20,-15,-20
22.6171875,75,2179,2179,164,18,-20,-15,-20
22.62109375,75,2179,2179,164,18,-20,-15,-20
22.625,75,2179,2179,164,17,-20,-15,-20
22.62890625,75,2179,2179,164,17,-20,-15,-20
22.6328125,75,2179,2179,164,18,-19,-15,-20
22.63671875,75,2179,2179,164,18,-20,-15,-20
22.640625,75,2179,2179,163,18,-20,-15,-20
22.64453125,75,2179,2179,162,18,-20,-15,-20
22.6484375,75,2179,2179,163,18,-20,-15,-20
22.65234375,75,2179,2179,163,18,-20,-15,-20
22.65625,75,2179,2179,163,18,-20,-15,-20
22.66015625,75,2179,2179,164,18,-20,-15,-20
22.6640625,75,2179,2179,165,18,-20,-14,-20
22.66796875,75,2179,2179,165,18,-20,-15,-20
22.671875,75,2179,2179,165,18,-19,-15,-20
22.67578125,75,2179,2179,165,18,-20,-15,-20
22.6796875,75,2179,2179,165,18,-20,-15,-20
22.68359375,75,2179,2179,165,18,-20,-15,-21
22.6875,75,2179,2179,165,18,-20,-15,-21
22.69140625,75,2179,2179,165,18,-20,-15,-20
22.6953125,74,2179,2179,166,18,-20,-15,-21
22.69921875,74,2179,2179,166,18,-20,-15,-21
22.703125,74,2179,2179,167,18,-20,-15,-21
22.70703125,74,2179,2179,167,18,-20,-15,-20
22.7109375,74,2179,2179,167,18,-20,-15,-21
22.71484375,73,2179,2179,167,18,-20,-15,-20
22.71875,73,2179,2179,167,18,-20,-15,-21
22.72265625,73,2179,2179,166,18,-20,-15,-20
22.7265625,73,2179,2179,166,18,-20,-15,-20
22.73046875,72,2179,2179,166,18,-20,-15,-20
22.734375,72,2179,2179,166,18,-20,-15,-20
22.73828125,72,2179,2179,166,17,-20,-15,-20
22.7421875,72,2179,2179,166,17,-20,-15,-20
22.74609375,72,2179,2179,167,17,-20,-15,-20
22.75,72,2179,2179,168,18,-20,-14,-20
22.75390625,72,2179,2179,168,18,-20,-15,-20
22.7578125,72,2179,2179,168,18,-20,-15,-20
22.76171875,72,2179,2179,168,18,-20,-15,-20
22.765625,72,2179,2179,169,18,-20,-15,-20
22.76953125,72,2179,2179,169,18,-20,-15,-20
22.7734375,72,2179,2179,168,17,-20,-15,-20
22.77734375,72,2179,2179,168,17,-20,-15,-20
22.78125,72,2179,2179,168,18,-20,-15,-20
22.78515625,72,2179,2179,168,18,-20,-15,-21
22.7890625,72,2179,2179,168,17,-20,-14,-21
22.79296875,72,2179,2179,168,17,-20,-15,-21
22.796875,71,2179,2179,168,18,-27,-15,-20
22.80078125,71,2179,2179,168,17,-20,-15,-20
22.8046875,71,2179,2179,168,17,-20,-15,-20
22.80859375,71,2179,2179,168,18,-20,-15,-20
22.8125,70,2179,2179,169,18,-20,-15,-20
22.81640625,70,2179,2179,169,18,-20,-15,-20
22.8203125,70,2179,2179,169,18,-20,-15,-21
22.82421875,69,2179,2179,168,18,-20,-15,-20
22.828125,69,2179,2179,168,18,-20,-15,-21
22.83203125,69,2179,2179,169,18,-20,-15,-20
22.8359375,69,2179,2179,169,18,-20,-15,-20
22.83984375,69,2179,2179,168,18,-20,-15,-20
22.84375,69,2179,2179,168,18,-20,-15,-20
22.84765625,68,2179,2179,169,19,-20,-15,-20
22.8515625,68,2179,2179,169,18,-20,-15,-20
22.85546875,68,2179,2179,168,18,-20,-15,-20
22.859375,67,2179,2179,169,18,-20,-15,-20
22.86328125,67,2179,2179,169,18,-20,-15,-20
22.8671875,67,2179,2179,169,18,-20,-15,-20
22.87109375,67,2179,2179,169,18,-20,-15,-20
22.875,67,2179,2179,168,18,-20,-15,-20
22.87890625,67,2179,2179,168,18,-20,-15,-20
22.8828125,67,2179,2179,169,18,-20,-15,-20
22.88671875,68,2179,2179,169,18,-20,-15,-20
22.890625,68,2179,2179,169,18,-20,-15,-20
22.89453125,67,2179,2179,169,18,-20,-15,-20
22.8984375,68,2179,2179,170,18,-20,-15,-20
22.90234375,68,2179,2179,170,18,-20,-15,-20
22.90625,68,2179,2179,170,18,-20,-15,-20
22.91015625,68,2179,2179,170,18,-20,-15,-20
22.9140625,67,2179,2179,170,18,-20,-15,-20
22.91796875,67,2179,2179,170,18,-20,-15,-20
22.921875,67,2179,2179,170,18,-14,-15,-20
22.92578125,67,2179,2179,169,18,-20,-15,-20
22.9296875,66,2179,2179,169,18,-20,-15,-20
22.93359375,66,2179,2179,169,18,-20,-15,-21
22.9375,66,2179,2179,169,18,-20,-15,-21
22.94140625,66,2179,2179,169,17,-20,-15,-20
22.9453125,66,2179,2179,170,18,-20,-15,-20
22.94921875,65,2179,2179,171,18,-20,-15,-20
22.953125,66,2179,2179,171,18,-20,-15,-20
22.95703125,66,2179,2179,170,17,-20,-15,-20
22.9609375,65,2179,2179,170,17,-20,-15,-20
22.96484375,65,2179,2179,170,17,-20,-15,-20
22.96875,65,2179,2179,170,18,-20,-15,-20
22.97265625,65,2179,2179,170,17,-20,-15,-20
22.9765625,65,2179,2179,170,17,-20,-15,-20
22.98046875,64,2179,2179,170,17,-20,-15,-20
22.984375,64,2179,2179,171,18,-20,-15,-20
22.98828125,64,2179,2179,171,18,-20,-15,-20
22.9921875,64,2179,2179,171,17,-20,-15,-20
22.99609375,63,2179,2179,172,18,-20,-15,-20
23.0,63,2179,2179,172,18,-20,-15,-20
23.00390625,64,2179,2179,171,18,-20,-15,-20
23.0078125,64,2179,2179,171,18,-20,-15,-20
23.01171875,64,2179,2179,170,18,-20,-15,-20
23.015625,65,2179,2179,170,18,-20,-15,-20
23.01953125,65,2179,2179,170,18,-20,-15,-20
23.0234375,64,2179,2179,170,17,-20,-15,-20
23.02734375,64,2179,2179,170,18,-20,-15,-20
23.03125,64,2179,2179,171,18,-20,-15,-21
23.03515625,64,2179,2179,171,18,-20,-15,-21
23.0390625,64,2179,2179,171,18,-20,-15,-20
23.04296875,64,2179,2179,172,17,-20,-15,-20
23.046875,64,2179,2179,173,18,-26,-15,-20
23.05078125,64,2179,2179,173,18,-20,-15,-20
23.0546875,64,2179,2179,172,17,-20,-15,-20
23.05859375,64,2179,2179,172,18,-20,-15,-20
23.0625,63,2179,2179,172,17,-20,-15,-20
23.06640625,63,2179,2179,172,18,-20,-15,-20
23.0703125,63,2179,2179,172,18,-20,-15,-20
23.07421875,62,2179,2179,172,18,-20,-15,-20
23.078125,62,2179,2179,172,18,-20,-15,-20
23.08203125,62,2179,2179,172,18,-20,-15,-20
23.0859375,62,2179,2179,172,18,-20,-15,-20
23.08984375,62,2179,2179,171,18,-20,-15,-20
23.09375,62,2179,2179,172,18,-20,-15,-20
23.09765625,62,2179,2179,172,19,-20,-15,-20
23.1015625,62,2179,2179,172,19,-20,-15,-20
23.10546875,62,2179,2179,172,18,-20,-15,-20
23.109375,62,2179,2179,173,18,-20,-15,-20
23.11328125,62,2179,2179,173,18,-20,-15,-20
23.1171875,62,2179,2179,173,18,-20,-15,-20
23.12109375,63,2179,2179,172,18,-20,-15,-20
23.125,63,2179,2179,172,18,-20,-15,-20
23.12890625,62,2179,2179,172,18,-20,-15,-20
23.1328125,62,2179,2179,172,18,-20,-15,-21
23.13671875,62,2179,2179,172,18,-20,-15,-20
23.140625,62,2179,2179,172,18,-20,-15,-21
23.14453125,62,2179,2179,172,18,-20,-15,-20
23.1484375,62,2179,2179,172,18,-20,-15,-21
23.15234375,62,2179,2179,172,18,-20,-15,-21
23.15625,62,2179,2179,172,18,-20,-15,-21
23.16015625,62,2179,2179,172,18,-20,-15,-21
23.1640625,62,2179,2179,172,18,-20,-15,-21
23.16796875,62,2179,2179,172,18,-20,-15,-20
23.171875,62,2179,2179,172,17,-15,-15,-21
23.17578125,62,2179,2179,172,17,-20,-15,-20
23.1796875,61,2179,2179,172,17,-20,-15,-20
23.18359375,61,2179,2179,172,17,-20,-15,-20
23.1875,62,2179,2179,172,17,-20,-15,-20
23.19140625,62,2179,2179,172,17,-20,-15,-20
23.1953125,61,2179,2179,172,17,-20,-15,-20
23.19921875,61,2179,2179,172,18,-20,-15,-20
23.203125,61,2179,2179,172,17,-20,-15,-20
23.20703125,61,2179,2179,172,18,-20,-15,-20
23.2109375,61,2179,2179,172,18,-20,-15,-20
23.21484375,61,2179,2179,173,18,-20,-15,-20
23.21875,61,2179,2179,173,18,-20,-15,-21
23.22265625,61,2179,2179,173,18,-20,-15,-21
23.2265625,61,2179,2179,173,18,-20,-15,-20
23.23046875,61,2179,2179,174,18,-20,-15,-20
23.234375,61,2179,2179,174,18,-20,-15,-20
23.23828125,61,2179,2179,174,18,-20,-15,-20
23.2421875,61,2179,2179,174,18,-20,-15,-20
23.24609375,61,2179,2179,174,18,-20,-15,-20
23.25,60,2179,2179,174,18,-20,-15,-21
23.25390625,61,2179,2179,174,18,-20,-15,-21
23.2578125,61,2179,2179,173,18,-20,-15,-21
23.26171875,60,2179,2179,173,18,-20,-15,-21
23.265625,60,2179,2179,174,18,-20,-15,-21
23.26953125,60,2179,2179,174,19,-20,-15,-21
23.2734375,60,2179,2179,173,18,-20,-15,-21
23.27734375,60,2179,2179,173,18,-20,-15,-21
23.28125,60,2179,2179,174,18,-20,-15,-20
23.28515625,60,2179,2179,174,18,-20,-15,-21
23.2890625,60,2179,2179,173,18,-20,-15,-20
23.29296875,60,2179,2179,173,18,-20,-15,-20
23.296875,59,2179,2179,174,18,-22,-15,-20
23.30078125,59,2179,2179,174,19,-20,-15,-20
23.3046875,60,2179,2179,173,18,-20,-15,-20
23.30859375,59,2179,2179,173,18,-20,-15,-20
23.3125,59,2179,2179,173,18,-20,-15,-20
23.31640625,60,2179,2179,173,18,-20,-15,-20
23.3203125,60,2179,2179,173,18,-20,-15,-20
23.32421875,60,2179,2179,172,17,-20,-15,-21
23.328125,60,2179,2179,172,17,-20,-15,-21
23.33203125,60,2179,2179,172,18,-20,-15,-20
23.3359375,60,2179,2179,172,18,-20,-15,-21
23.33984375,60,2179,2179,172,17,-20,-15,-20
23.34375,60,2179,2179,172,17,-20,-15,-20
23.34765625,59,2179,2179,172,17,-20,-15,-20
23.3515625,59,2179,2179,172,18,-20,-15,-21
23.35546875,59,2179,2179,172,17,-20,-15,-21
23.359375,59,2179,2179,172,18,-20,-15,-21
23.36328125,59,2179,2179,173,18,-20,-15,-21
23.3671875,58,2179,2179,173,18,-20,-15,-21
23.37109375,58,2179,2179,173,18,-20,-15,-21
23.375,58,2179,2179,173,18,-20,-15,-21
23.37890625,58,2179,2179,173,18,-20,-15,-21
23.3828125,58,2179,2179,174,18,-20,-15,-20
23.38671875,58,2179,2179,174,18,-20,-15,-20
23.390625,58,2179,2179,173,18,-20,-15,-20
23.39453125,58,2179,2179,173,18,-20,-15,-20
23.3984375,58,2179,2179,174,18,-20,-15,-20
23.40234375,57,2179,2179,173,18,-20,-15,-20
23.40625,58,2179,2179,173,18,-20,-15,-20
23.41015625,57,2179,2179,173,18,-20,-15,-20
23.4140625,57,2179,2179,173,18,-19,-15,-20
23.41796875,56,2179,2179,173,18,-19,-15,-20
23.421875,56,2179,2179,172,17,-17,-14,-20
23.42578125,56,2179,2179,172,18,-20,-15,-20
23.4296875,56,2179,2179,172,19,-20,-14,-20
23.43359375,56,2179,2179,172,18,-20,-15,-20
23.4375,56,2179,2179,172,18,-20,-15,-20
23.44140625,56,2179,2179,172,17,-20,-15,-20
23.4453125,55,2179,2179,172,18,-20,-15,-20
23.44921875,55,2179,2179,172,18,-20,-15,-21
23.453125,55,2179,2179,172,18,-20,-15,-21
23.45703125,55,2179,2179,172,17,-20,-15,-20
23.4609375,54,2179,2179,172,18,-20,-15,-21
23.46484375,54,2179,2179,172,18,-20,-15,-20
23.46875,53,2179,2179,171,18,-20,-15,-21
23.47265625,53,2179,2179,168,18,-20,-15,-21
23.4765625,53,2179,2179,163,18,-20,-15,-20
23.48046875,52,2179,2179,156,18,-20,-15,-20
23.484375,52,2179,2179,146,18,-20,-15,-20
23.48828125,52,2179,2179,134,18,-20,-15,-20
23.4921875,51,2179,2179,121,18,-20,-15,-20
23.49609375,50,2179,2179,109,18,-20,-15,-20
23.5,50,2179,2179,99,18,-20,-15,-21
23.50390625,49,2179,2179,91,18,-20,-15,-21
23.5078125,49,2179,2179,86,18,-20,-15,-21
23.51171875,48,2179,2179,83,18,-20,-15,-21
23.515625,48,2179,2179,80,18,-20,-15,-20
23.51953125,49,2179,2179,77,18,-20,-15,-21
23.5234375,49,2179,2179,73,18,-20,-15,-20
23.52734375,49,2179,2179,67,18,-20,-15,-20
23.53125,49,2179,2179,61,18,-20,-15,-20
23.53515625,49,2179,2179,54,18,-20,-15,-20
23.5390625,49,2179,2179,47,18,-20,-15,-20
23.54296875,48,2179,2179,42,18,-20,-15,-20
23.546875,48,2179,2179,39,18,-21,-15,-20
23.55078125,47,2179,2179,36,18,-20,-15,-20
23.5546875,48,2179,2179,34,18,-20,-15,-20
23.55859375,47,2179,2179,33,17,-20,-15,-20
23.5625,47,2179,2179,32,17,-20,-15,-20
23.56640625,47,2179,2179,31,18,-20,-15,-20
23.5703125,48,2179,2179,30,17,-20,-15,-20
23.57421875,48,2179,2179,28,17,-20,-15,-20
23.578125,47,2179,2179,27,17,-20,-15,-21
23.58203125,47,2179,2179,27,18,-20,-15,-21
23.5859375,47,2179,2179,26,18,-20,-15,-21
23.58984375,47,2179,2179,25,17,-20,-15,-21
23.59375,47,2179,2179,25,17,-20,-15,-21
23.59765625,46,2179,2179,26,18,-20,-15,-21
23.6015625,46,2179,2179,26,18,-20,-15,-20
23.60546875,46,2179,2179,25,18,-20,-15,-20
23.609375,46,2179,2179,25,18,-20,-15,-20
23.61328125,45,2179,2179,25,18,-20,-15,-20
23.6171875,45,2179,2179,24,18,-20,-15,-20
23.62109375,45,2179,2179,24,18,-20,-15,-20
23.625,44,2179,2179,24,17,-20,-15,-20
23.62890625,44,2179,2179,24,17,-20,-15,-20
23.6328125,44,2179,2179,24,18,-20,-15,-20
23.63671875,44,2179,2179,24,18,-20,-15,-20
23.640625,44,2179,2179,24,18,-20,-15,-20
23.64453125,44,2179,2179,24,18,-20,-15,-20
23.6484375,44,2179,2179,25,18,-20,-15,-20
23.65234375,44,2179,2179,25,18,-20,-15,-20
23.65625,44,2179,2179,24,18,-20,-15,-20
23.66015625,43,2179,2179,24,18,-20,-15,-20
23.6640625,43,2179,2179,24,18,-20,-15,-20
23.66796875,43,2179,2179,25,18,-20,-15,-20
23.671875,43,2179,2179,24,18,-19,-15,-20
23.67578125,44,2179,2179,24,18,-20,-15,-20
23.6796875,43,2179,2179,24,17,-20,-15,-20
23.68359375,43,2179,2179,24,18,-20,-15,-20
23.6875,43,2179,2179,24,18,-20,-15,-20
23.69140625,43,2179,2179,24,18,-20,-15,-20
23.6953125,42,2179,2179,24,18,-20,-15,-20
23.69921875,42,2179,2179,25,18,-20,-15,-21
23.703125,42,2179,2179,25,18,-20,-15,-21
23.70703125,42,2179,2179,24,18,-20,-15,-21
23.7109375,42,2179,2179,24,18,-20,-15,-20
23.71484375,43,2179,2179,25,18,-20,-15,-21
23.71875,43,2179,2179,25,18,-20,-15,-21
23.72265625,43,2179,2179,24,18,-20,-15,-20
23.7265625,43,2179,2179,24,18,-20,-15,-20
23.73046875,43,2179,2179,24,18,-20,-15,-20
23.734375,42,2179,2179,24,18,-20,-15,-20
23.73828125,43,2179,2179,24,18,-20,-15,-20
23.7421875,43,2179,2179,24,17,-20,-15,-20
23.74609375,42,2179,2179,24,17,-20,-15,-20
23.75,43,2179,2179,24,17,-20,-15,-20
23.75390625,43,2179,2179,24,17,-20,-15,-20
23.7578125,43,2179,2179,24,17,-20,-15,-20
23.76171875,43,2179,2179,24,17,-20,-15,-20
23.765625,42,2179,2179,24,18,-20,-15,-20
23.76953125,42,2179,2179,24,18,-20,-15,-20
23.7734375,42,2179,2179,24,17,-20,-15,-20
23.77734375,42,2179,2179,24,17,-20,-15,-20
23.78125,41,2179,2179,24,17,-20,-15,-20
23.78515625,41,2179,2179,24,17,-20,-15,-20
23.7890625,41,2179,2179,23,17,-20,-15,-20
23.79296875,41,2179,2179,24,17,-20,-15,-20
23.796875,40,2179,2179,24,18,-21,-15,-20
23.80078125,40,2179,2179,24,17,-20,-15,-21
23.8046875,41,2179,2179,24,16,-20,-15,-20
23.80859375,40,2179,2179,24,18,-20,-15,-21
23.8125,40,2179,2179,24,18,-20,-15,-20
23.81640625,39,2179,2179,25,18,-20,-15,-20
23.8203125,39,2179,2179,24,18,-20,-15,-20
23.82421875,39,2179,2179,24,18,-20,-15,-20
23.828125,39,2179,2179,24,18,-20,-15,-20
23.83203125,38,2179,2179,25,18,-20,-15,-20
23.8359375,38,2179,2179,25,18,-20,-15,-20
23.83984375,38,2179,2179,24,18,-20,-15,-21
23.84375,38,2179,2179,24,18,-20,-15,-21
23.84765625,38,2179,2179,25,19,-20,-15,-20
23.8515625,38,2179,2179,25,18,-20,-15,-20
23.85546875,38,2179,2179,25,18,-19,-15,-20
23.859375,38,2179,2179,24,18,-20,-15,-21
23.86328125,37,2179,2179,25,18,-20,-14,-20
23.8671875,37,2179,2179,25,18,-20,-15,-20
23.87109375,37,2179,2179,24,18,-20,-15,-20
23.875,37,2179,2179,24,18,-20,-15,-20
23.87890625,36,2179,2179,24,18,-20,-15,-20
23.8828125,36,2179,2179,24,18,-20,-15,-20
23.88671875,37,2179,2179,24,18,-20,-15,-20
23.890625,37,2179,2179,24,18,-20,-15,-20
23.89453125,36,2179,2179,24,18,-20,-15,-20
23.8984375,36,2179,2179,24,18,-20,-15,-21
23.90234375,37,2179,2179,24,18,-20,-15,-20
23.90625,37,2179,2179,24,18,-20,-15,-20
23.91015625,36,2179,2179,24,18,-20,-15,-21
23.9140625,36,2179,2179,24,18,-20,-15,-20
23.91796875,36,2179,2179,24,18,-20,-15,-20
23.921875,36,2179,2179,24,18,-20,-15,-20
23.92578125,35,2179,2179,24,18,-20,-15,-20
23.9296875,35,2179,2179,24,17,-20,-15,-20
23.93359375,35,2179,2179,24,18,-20,-15,-21
23.9375,35,2179,2179,24,18,-20,-15,-21
23.94140625,35,2179,2179,24,17,-20,-15,-20
23.9453125,34,2179,2179,24,17,-20,-15,-20
23.94921875,34,2179,2179,24,18,-20,-15,-20
23.953125,34,2179,2179,24,18,-20,-15,-20
23.95703125,34,2179,2179,24,17,-20,-15,-20
23.9609375,34,2179,2179,24,17,-20,-15,-20
23.96484375,34,2179,2179,24,18,-20,-15,-20
23.96875,34,2179,2179,24,18,-20,-15,-20
23.97265625,34,2179,2179,24,17,-20,-15,-20
23.9765625,34,2179,2179,24,18,-20,-15,-20
23.98046875,33,2179,2179,24,18,-20,-15,-20
23.984375,33,2179,2179,24,18,-20,-15,-20
23.98828125,33,2179,2179,24,18,-20,-15,-20
23.9921875,33,2179,2179,24,18,-20,-15,-20
23.99609375,33,2179,2179,24,18,-20,-15,-20
24.0,33,2179,2179,24,18,-20,-15,-20
24.00390625,33,2179,2179,24,18,-20,-15,-20
24.0078125,33,2179,2179,24,17,-20,-15,-20
24.01171875,34,2179,2179,24,17,-20,-15,-20
24.015625,34,2179,2179,24,18,-20,-15,-20
24.01953125,34,2179,2179,24,18,-20,-15,-20
24.0234375,34,2179,2179,24,18,-20,-15,-21
24.02734375,34,2179,2179,24,18,-20,-15,-20
24.03125,34,2179,2179,24,18,-20,-15,-20
24.03515625,34,2179,2179,24,18,-20,-15,-20
24.0390625,34,2179,2179,24,18,-20,-15,-20
24.04296875,34,2179,2179,24,18,-20,-15,-20
24.046875,34,2179,2179,24,18,-20,-15,-21
24.05078125,34,2179,2179,24,18,-20,-15,-21
24.0546875,34,2179,2179,24,17,-20,-15,-21
24.05859375,34,2179,2179,24,18,-20,-15,-21
24.0625,34,2179,2179,24,18,-20,-15,-20
24.06640625,33,2179,2179,24,18,-20,-15,-20
24.0703125,34,2179,2179,24,18,-20,-15,-20
24.07421875,34,2179,2179,24,18,-20,-15,-20
24.078125,33,2179,2179,24,18,-20,-15,-20
24.08203125,34,2179,2179,24,18,-20,-15,-20
24.0859375,34,2179,2179,24,18,-20,-14,-20
24.08984375,34,2179,2179,24,18,-20,-14,-20
24.09375,34,2179,2179,24,18,-20,-14,-20
24.09765625,34,2179,2179,25,18,-20,-15,-20
24.1015625,34,2179,2179,25,18,-20,-15,-20
24.10546875,34,2179,2179,24,18,-20,-15,-20
24.109375,34,2179,2179,24,18,-20,-15,-20
24.11328125,34,2179,2179,24,18,-20,-15,-20
24.1171875,34,2179,2179,24,18,-20,-15,-20
24.12109375,35,2179,2179,24,18,-20,-15,-21
24.125,35,2179,2179,24,18,-20,-15,-21
24.12890625,35,2179,2179,24,18,-20,-15,-21
24.1328125,35,2179,2179,24,18,-20,-15,-21
24.13671875,35,2179,2179,24,18,-20,-15,-20
24.140625,35,2179,2179,24,18,-20,-15,-21
24.14453125,35,2179,2179,24,18,-20,-15,-20
24.1484375,34,2179,2179,24,18,-20,-15,-21
24.15234375,35,2179,2179,24,17,-20,-15,-21
24.15625,35,2179,2179,24,17,-20,-15,-21
24.16015625,35,2179,2179,24,17,-20,-15,-21
24.1640625,35,2179,2179,24,17,-20,-15,-21
24.16796875,34,2179,2179,24,18,-20,-15,-21
24.171875,34,2179,2179,24,17,-20,-15,-20
24.17578125,34,2179,2179,24,17,-20,-15,-20
24.1796875,34,2179,2179,24,17,-20,-15,-20
24.18359375,34,2179,2179,24,17,-20,-15,-20
24.1875,34,2179,2179,25,18,-20,-15,-20
24.19140625,34,2179,2179,24,17,-20,-15,-20
24.1953125,34,2179,2179,24,17,-20,-15,-20
24.19921875,34,2179,2179,24,18,-20,-15,-20
24.203125,34,2179,2179,24,18,-20,-15,-20
24.20703125,34,2179,2179,24,18,-20,-15,-20
24.2109375,34,2179,2179,24,18,-20,-15,-20
24.21484375,34,2179,2179,24,18,-20,-15,-21
24.21875,33,2179,2179,24,18,-20,-15,-20
24.22265625,34,2179,2179,24,18,-20,-15,-20
24.2265625,34,2179,2179,24,18,-20,-15,-20
24.23046875,33,2179,2179,24,18,-20,-15,-21
24.234375,34,2179,2179,24,18,-20,-15,-20
24.23828125,34,2179,2179,24,18,-20,-15,-21
24.2421875,34,2179,2179,24,18,-20,-15,-20
24.24609375,33,2179,2179,25,18,-20,-15,-20
24.25,33,2179,2179,25,18,-20,-15,-20
24.25390625,34,2179,2179,25,18,-20,-15,-20
24.2578125,33,2179,2179,24,18,-20,-15,-20
24.26171875,33,2179,2179,24,18,-20,-15,-20
24.265625,33,2179,2179,25,19,-20,-15,-21
24.26953125,33,2179,2179,25,18,-20,-15,-20
24.2734375,33,2179,2179,24,18,-20,-15,-20
24.27734375,33,2179,2179,24,18,-20,-15,-20
24.28125,33,2179,2179,24,18,-20,-15,-20
24.28515625,33,2179,2179,24,18,-20,-15,-20
24.2890625,33,2179,2179,24,18,-20,-15,-20
24.29296875,33,2179,2179,24,18,-20,-15,-20
24.296875,33,2179,2179,25,18,-20,-15,-20
24.30078125,33,2179,2179,24,18,-20,-15,-20
24.3046875,33,2179,2179,24,18,-20,-15,-20
24.30859375,33,2179,2179,24,18,-20,-14,-20
24.3125,33,2179,2179,25,18,-20,-15,-20
24.31640625,33,2179,2179,24,18,-20,-15,-21
24.3203125,34,2179,2179,24,18,-20,-15,-21
24.32421875,34,2179,2179,24,17,-20,-15,-21
24.328125,34,2179,2179,24,17,-20,-15,-20
24.33203125,34,2179,2179,24,17,-20,-15,-20
24.3359375,34,2179,2179,24,17,-20,-15,-21
24.33984375,34,2179,2179,23,17,-20,-15,-21
24.34375,34,2179,2179,23,17,-20,-15,-21
24.34765625,34,2179,2179,24,17,-20,-15,-21
24.3515625,34,2179,2179,23,17,-20,-15,-21
24.35546875,34,2179,2179,23,17,-20,-15,-21
24.359375,34,2179,2179,23,17,-20,-15,-21
24.36328125,34,2179,2179,24,17,-20,-15,-21
24.3671875,33,2179,2179,24,18,-20,-15,-20
24.37109375,34,2179,2179,24,18,-20,-15,-21
24.375,33,2179,2179,24,18,-20,-15,-21
24.37890625,33,2179,2179,24,18,-20,-15,-21
24.3828125,33,2179,2179,24,18,-20,-15,-20
24.38671875,33,2179,2179,25,18,-20,-15,-20
24.390625,33,2179,2179,24,18,-20,-15,-20
24.39453125,32,2179,2179,24,18,-20,-15,-20
24.3984375,32,2179,2179,24,18,-20,-15,-20
24.40234375,33,2179,2179,24,18,-20,-15,-20
24.40625,33,2179,2179,24,18,-20,-15,-20
24.41015625,33,2179,2179,24,18,-20,-15,-20
24.4140625,33,2179,2179,24,18,-20,-14,-20
24.41796875,33,2179,2179,24,18,-20,-15,-20
24.421875,33,2179,2179,24,18,-20,-15,-20
24.42578125,33,2179,2179,24,18,-20,-15,-20
24.4296875,33,2179,2179,24,18,-20,-15,-20
24.43359375,33,2179,2179,24,18,-20,-15,-20
24.4375,34,2179,2179,24,18,-20,-15,-20
24.44140625,34,2179,2179,24,18,-20,-15,-20
24.4453125,33,2179,2179,24,18,-20,-15,-20
24.44921875,33,2179,2179,24,18,-20,-15,-20
24.453125,34,2179,2179,24,18,-20,-15,-20
24.45703125,34,2179,2179,24,18,-20,-15,-20
24.4609375,34,2179,2179,24,18,-20,-15,-20
24.46484375,33,2179,2179,24,18,-20,-15,-21
24.46875,33,2179,2179,25,18,-20,-15,-21
24.47265625,34,2179,2179,24,18,-20,-15,-21
24.4765625,34,2179,2179,24,18,-20,-15,-21
24.48046875,33,2179,2179,24,18,-20,-15,-20
24.484375,33,2179,2179,25,18,-20,-15,-20
24.48828125,33,2179,2179,24,18,-20,-15,-20
24.4921875,33,2179,2179,24,18,-20,-15,-21
24.49609375,32,2179,2179,24,18,-20,-15,-21
24.5,33,2179,2179,24,18,-20,-15,-20
24.50390625,33,2179,2179,24,18,-20,-15,-21
24.5078125,33,2179,2179,24,18,-20,-15,-20
24.51171875,33,2179,2179,24,18,-20,-15,-20
24.515625,33,2179,2179,24,18,-20,-15,-20
24.51953125,33,2179,2179,24,18,-20,-15,-20
24.5234375,33,2179,2179,24,18,-20,-15,-20
24.52734375,33,2179,2179,24,18,-20,-15,-20
24.53125,33,2179,2179,24,18,-20,-15,-20
24.53515625,33,2179,2179,24,18,-20,-15,-20
24.5390625,33,2179,2179,24,18,-20,-15,-20
24.54296875,33,2179,2179,24,18,-20,-15,-20
24.546875,33,2179,2179,24,18,-20,-15,-20
24.55078125,33,2179,2179,24,18,-20,-15,-20
24.5546875,34,2179,2179,24,18,-20,-15,-20
24.55859375,34,2179,2179,24,17,-20,-15,-20
24.5625,34,2179,2179,23,17,-20,-15,-20
24.56640625,35,2179,2179,24,17,-20,-15,-20
24.5703125,35,2179,2179,24,18,-20,-15,-21
24.57421875,35,2179,2179,23,17,-20,-15,-21
24.578125,34,2179,2179,24,17,-20,-15,-21
24.58203125,35,2179,2179,24,18,-20,-15,-21
24.5859375,35,2179,2179,24,18,-20,-15,-21
24.58984375,35,2179,2179,24,17,-20,-15,-20
24.59375,35,2179,2179,24,17,-20,-15,-21
24.59765625,35,2179,2179,24,18,-20,-15,-21
24.6015625,36,2179,2179,24,18,-20,-15,-21
24.60546875,36,2179,2179,24,18,-20,-15,-21
24.609375,36,2179,2179,24,17,-20,-15,-20
24.61328125,36,2179,2179,24,18,-20,-15,-20
24.6171875,36,2179,2179,24,18,-20,-15,-20
24.62109375,36,2179,2179,24,18,-20,-15,-20
24.625,36,2179,2179,24,17,-20,-15,-20
24.62890625,36,2179,2179,24,18,-20,-15,-20
24.6328125,36,2179,2179,24,18,-20,-15,-20
24.63671875,36,2179,2179,24,18,-20,-15,-20
24.640625,37,2179,2179,24,17,-20,-15,-20
24.64453125,37,2179,2179,24,18,-20,-15,-20
24.6484375,37,2179,2179,24,18,-20,-15,-21
24.65234375,37,2179,2179,24,18,-20,-15,-20
24.65625,37,2179,2179,24,18,-20,-15,-20
24.66015625,37,2179,2179,24,18,-20,-15,-20
24.6640625,37,2179,2179,24,18,-20,-15,-20
24.66796875,37,2179,2179,24,18,-20,-15,-20
24.671875,37,2179,2179,23,18,-20,-15,-21
24.67578125,38,2179,2179,23,18,-20,-15,-20
24.6796875,38,2179,2179,23,18,-20,-15,-21
24.68359375,38,2179,2179,23,18,-20,-15,-21
24.6875,38,2179,2179,22,18,-20,-15,-21
24.69140625,38,2179,2179,23,18,-20,-15,-21
24.6953125,37,2179,2179,24,18,-20,-15,-21
24.69921875,37,2179,2179,24,18,-20,-15,-21
24.703125,38,2179,2179,25,18,-20,-15,-20
24.70703125,38,2179,2179,25,18,-20,-15,-20
24.7109375,38,2179,2179,24,18,-20,-15,-20
24.71484375,38,2179,2179,25,18,-20,-15,-20
24.71875,38,2179,2179,25,18,-20,-15,-20
24.72265625,39,2179,2179,24,18,-20,-15,-20
24.7265625,39,2179,2179,24,18,-20,-15,-20
24.73046875,38,2179,2179,24,18,-20,-15,-20
24.734375,38,2179,2179,24,18,-20,-15,-20
24.73828125,39,2179,2179,24,17,-20,-15,-20
24.7421875,39,2179,2179,24,17,-20,-15,-20
24.74609375,38,2179,2179,24,18,-20,-15,-20
24.75,39,2179,2179,24,18,-20,-15,-20
24.75390625,39,2179,2179,24,18,-20,-15,-20
24.7578125,39,2179,2179,24,17,-20,-15,-20
24.76171875,39,2179,2179,24,17,-20,-15,-20
24.765625,39,2179,2179,24,18,-20,-15,-20
24.76953125,40,2179,2179,24,17,-20,-15,-20
24.7734375,40,2179,2179,24,17,-20,-15,-20
24.77734375,40,2179,2179,24,17,-20,-15,-20
24.78125,40,2179,2179,24,17,-20,-15,-20
24.78515625,41,2179,2179,24,17,-20,-15,-20
24.7890625,42,2179,2179,24,17,-20,-15,-21
24.79296875,42,2179,2179,24,17,-20,-15,-21
24.796875,41,2179,2179,24,18,-20,-15,-21
24.80078125,42,2179,2179,24,18,-20,-15,-21
24.8046875,42,2179,2179,24,18,-20,-15,-21
24.80859375,42,2179,2179,24,18,-20,-15,-21
24.8125,42,2179,2179,23,18,-20,-15,-20
24.81640625,42,2179,2179,24,18,-20,-15,-21
24.8203125,42,2179,2179,24,18,-20,-15,-20
24.82421875,43,2179,2179,24,18,-20,-15,-20
24.828125,43,2179,2179,24,18,-20,-15,-21
24.83203125,43,2179,2179,24,18,-20,-15,-21
24.8359375,43,2179,2179,25,18,-20,-15,-20
24.83984375,44,2179,2179,24,18,-20,-15,-20
24.84375,44,2179,2179,24,18,-20,-15,-20
24.84765625,44,2179,2179,25,18,-20,-15,-20
24.8515625,45,2179,2179,25,19,-20,-15,-20
24.85546875,45,2179,2179,24,18,-20,-15,-20
24.859375,45,2179,2179,24,18,-20,-15,-20
24.86328125,45,2179,2179,24,18,-20,-15,-20
24.8671875,46,2179,2179,25,18,-20,-15,-20
24.87109375,46,2179,2179,24,18,-20,-15,-20
24.875,47,2179,2179,24,18,-20,-15,-20
24.87890625,47,2179,2179,24,18,-20,-15,-20
24.8828125,47,2179,2179,24,18,-20,-15,-20
24.88671875,48,2179,2179,24,18,-20,-15,-20
24.890625,49,2179,2179,24,17,-20,-15,-21
24.89453125,49,2179,2179,24,17,-20,-15,-21
24.8984375,50,2179,2179,24,18,-20,-15,-21
24.90234375,50,2179,2179,24,18,-20,-15,-20
24.90625,50,2179,2179,24,18,-20,-15,-20
24.91015625,51,2179,2179,24,18,-20,-15,-20
24.9140625,51,2179,2179,24,18,-20,-15,-20
24.91796875,51,2179,2179,24,18,-20,-15,-21
24.921875,52,2179,2179,24,18,-20,-15,-20
24.92578125,53,2179,2179,24,18,-20,-15,-21
24.9296875,53,2179,2179,25,18,-20,-15,-21
24.93359375,54,2179,2179,24,18,-20,-15,-21
24.9375,55,2179,2179,24,18,-20,-15,-20
24.94140625,55,2179,2179,24,18,-20,-15,-20
24.9453125,55,2179,2179,24,18,-20,-15,-20
24.94921875,56,2179,2179,24,18,-20,-15,-20
24.953125,57,2179,2179,24,18,-20,-15,-20
24.95703125,57,2179,2179,24,18,-20,-15,-20
24.9609375,58,2179,2179,24,17,-20,-15,-20
24.96484375,58,2179,2179,24,18,-20,-15,-20
24.96875,58,2179,2179,24,18,-20,-15,-20
24.97265625,59,2179,2179,24,17,-20,-15,-20
24.9765625,59,2179,2179,24,18,-20,-15,-20
24.98046875,59,2179,2179,24,18,-20,-15,-20
24.984375,59,2179,2179,24,18,-20,-15,-20
24.98828125,60,2179,2179,24,17,-20,-15,-20
24.9921875,60,2179,2179,24,17,-20,-15,-20
24.99609375,60,2179,2179,24,17,-20,-15,-20
25.0,61,2179,2179,24,18,-20,-15,-20
25.00390625,61,2179,2179,24,18,-20,-15,-20
25.0078125,62,2179,2179,24,17,-20,-15,-20
25.01171875,62,2179,2179,24,17,-20,-15,-21
25.015625,62,2179,2179,24,18,-20,-15,-21
25.01953125,62,2179,2179,24,18,-20,-15,-21
25.0234375,63,2179,2179,24,18,-20,-15,-21
25.02734375,62,2179,2179,24,18,-20,-15,-21
25.03125,62,2179,2179,24,18,-20,-15,-21
25.03515625,62,2179,2179,24,18,-20,-15,-21
25.0390625,63,2179,2179,24,18,-20,-15,-21
25.04296875,63,2179,2179,24,18,-20,-15,-21
25.046875,63,2179,2179,24,18,-20,-15,-21
25.05078125,63,2179,2179,24,18,-20,-15,-21
25.0546875,63,2179,2179,24,18,-20,-15,-21
25.05859375,63,2179,2179,24,18,-20,-15,-20
25.0625,63,2179,2179,24,18,-20,-15,-20
25.06640625,63,2179,2179,24,18,-20,-15,-20
25.0703125,63,2179,2179,24,18,-20,-15,-20
25.07421875,63,2179,2179,24,18,-20,-15,-20
25.078125,63,2179,2179,24,18,-20,-15,-20
25.08203125,63,2179,2179,25,18,-20,-15,-20
25.0859375,64,2179,2179,25,18,-20,-15,-20
25.08984375,64,2179,2179,24,18,-20,-15,-20
25.09375,64,2179,2179,24,18,-20,-15,-20
25.09765625,64,2179,2179,25,18,-20,-16,-20
25.1015625,64,2179,2179,25,18,-20,-15,-21
25.10546875,65,2179,2179,24,18,-20,-15,-21
25.109375,65,2179,2179,24,18,-20,-15,-20
25.11328125,65,2179,2179,25,18,-20,-15,-20
25.1171875,65,2179,2179,24,18,-20,-15,-20
25.12109375,65,2179,2179,24,18,-20,-15,-21
25.125,65,2179,2179,24,18,-20,-15,-20
25.12890625,65,2179,2179,24,18,-20,-15,-20
25.1328125,65,2179,2179,24,18,-20,-15,-21
25.13671875,65,2179,2179,24,18,-20,-15,-21
25.140625,66,2179,2179,24,18,-20,-15,-21
25.14453125,66,2179,2179,24,18,-20,-15,-21
25.1484375,66,2179,2179,24,18,-20,-15,-20
25.15234375,66,2179,2179,24,18,-20,-15,-20
25.15625,66,2179,2179,24,17,-20,-15,-20
25.16015625,66,2179,2179,24,17,-20,-15,-20
25.1640625,66,2179,2179,24,18,-20,-15,-20
25.16796875,66,2179,2179,24,18,-20,-15,-20
25.171875,66,2179,2179,24,17,-20,-15,-21
25.17578125,66,2179,2179,24,17,-20,-15,-20
25.1796875,66,2179,2179,24,17,-20,-15,-20
25.18359375,66,2179,2179,24,17,-20,-15,-20
25.1875,67,2179,2179,24,17,-20,-15,-20
25.19140625,67,2179,2179,24,17,-20,-15,-20
25.1953125,67,2179,2179,24,17,-20,-15,-20
25.19921875,67,2179,2179,24,17,-20,-15,-20
25.203125,68,2179,2179,24,18,-20,-15,-20
25.20703125,68,2179,2179,24,18,-20,-15,-20
25.2109375,67,2179,2179,24,17,-20,-15,-20
25.21484375,68,2179,2179,25,18,-20,-15,-20
25.21875,68,2179,2179,24,18,-20,-15,-20
25.22265625,69,2179,2179,24,18,-20,-15,-20
25.2265625,69,2179,2179,24,18,-20,-15,-20
25.23046875,69,2179,2179,24,18,-20,-15,-21
25.234375,69,2179,2179,24,18,-20,-15,-21
25.23828125,69,2179,2179,24,18,-20,-15,-21
25.2421875,69,2179,2179,24,18,-20,-15,-20
25.24609375,69,2179,2179,24,18,-20,-15,-20
25.25,69,2179,2179,25,18,-20,-15,-20
25.25390625,69,2179,2179,25,18,-20,-15,-20
25.2578125,69,2179,2179,25,18,-20,-15,-21
25.26171875,69,2179,2179,25,18,-20,-15,-21
25.265625,69,2179,2179,26,19,-20,-15,-21
25.26953125,69,2179,2179,26,18,-20,-15,-20
25.2734375,69,2179,2179,26,18,-20,-15,-20
25.27734375,69,2179,2179,26,18,-20,-15,-20
25.28125,69,2179,2179,27,19,-20,-15,-20
25.28515625,69,2179,2179,26,19,-20,-15,-20
25.2890625,70,2179,2179,26,18,-20,-15,-20
25.29296875,70,2179,2179,26,18,-20,-15,-20
25.296875,70,2179,2179,26,19,-20,-15,-20
25.30078125,70,2179,2179,25,18,-20,-15,-20
25.3046875,70,2179,2179,25,18,-20,-15,-20
25.30859375,71,2179,2179,25,18,-20,-15,-20
25.3125,71,2179,2179,25,18,-20,-15,-20
25.31640625,71,2179,2179,26,18,-20,-15,-20
25.3203125,71,2179,2179,26,18,-20,-15,-20
25.32421875,71,2179,2179,26,18,-20,-15,-20
25.328125,71,2179,2179,26,18,-20,-15,-20
25.33203125,71,2179,2179,26,18,-20,-15,-20
25.3359375,71,2179,2179,26,18,-20,-15,-20
25.33984375,71,2179,2179,26,17,-20,-15,-20
25.34375,71,2179,2179,26,17,-20,-15,-20
25.34765625,71,2179,2179,26,18,-20,-15,-20
25.3515625,71,2179,2179,26,18,-20,-15,-21
25.35546875,71,2179,2179,26,17,-20,-15,-21
25.359375,71,2179,2179,26,17,-20,-15,-21
25.36328125,71,2179,2179,26,18,-20,-15,-21
25.3671875,71,2179,2179,26,18,-20,-15,-21
25.37109375,71,2179,2179,26,18,-20,-15,-21
25.375,71,2179,2179,27,18,-20,-15,-21
25.37890625,71,2179,2179,27,18,-20,-15,-21
25.3828125,71,2179,2179,28,18,-20,-15,-20
25.38671875,71,2179,2179,29,18,-20,-15,-20
25.390625,71,2179,2179,29,18,-20,-15,-20
25.39453125,70,2179,2179,30,18,-20,-15,-20
25.3984375,71,2179,2179,31,18,-20,-15,-20
25.40234375,71,2179,2179,32,18,-20,-15,-20
25.40625,71,2179,2179,33,18,-20,-15,-20
25.41015625,71,2179,2179,34,18,-20,-15,-20
25.4140625,71,2179,2179,36,18,-20,-15,-20
25.41796875,71,2179,2179,37,18,-20,-15,-20
25.421875,72,2179,2179,38,18,-20,-15,-20
25.42578125,72,2179,2179,39,18,-20,-15,-20
25.4296875,71,2179,2179,41,18,-20,-15,-20
25.43359375,72,2179,2179,42,18,-20,-15,-20
25.4375,72,2179,2179,44,18,-20,-15,-20
25.44140625,72,2179,2179,45,18,-20,-15,-20
25.4453125,72,2179,2179,47,18,-20,-15,-20
25.44921875,72,2179,2179,49,18,-20,-15,-20
25.453125,73,2179,2179,50,18,-20,-15,-20
25.45703125,73,2179,2179,51,18,-20,-15,-20
25.4609375,73,2179,2179,52,18,-20,-15,-20
25.46484375,72,2179,2179,54,18,-20,-15,-20
25.46875,73,2179,2179,55,18,-20,-15,-20
25.47265625,73,2179,2179,56,18,-20,-14,-20
25.4765625,73,2179,2179,58,18,-20,-15,-20
25.48046875,73,2179,2179,61,18,-20,-15,-20
25.484375,73,2179,2179,64,18,-20,-15,-20
25.48828125,73,2179,2179,68,18,-20,-15,-20
25.4921875,73,2179,2179,71,18,-20,-15,-20
25.49609375,72,2179,2179,74,18,-20,-15,-20
25.5,72,2179,2179,76,18,-20,-15,-20
25.50390625,73,2179,2179,78,18,-20,-15,-20
25.5078125,73,2179,2179,80,18,-20,-15,-20
25.51171875,73,2179,2179,81,18,-20,-15,-20
25.515625,73,2179,2179,84,18,-20,-15,-20
25.51953125,74,2179,2179,88,18,-20,-15,-20
25.5234375,74,2179,2179,91,18,-20,-15,-20
25.52734375,74,2179,2179,95,18,-20,-15,-20
25.53125,73,2179,2179,99,18,-20,-15,-20
25.53515625,73,2179,2179,103,18,-20,-15,-20
25.5390625,74,2179,2179,105,18,-20,-15,-20
25.54296875,74,2179,2179,107,18,-20,-15,-20
25.546875,73,2179,2179,108,18,-20,-15,-20
25.55078125,73,2179,2179,110,18,-20,-15,-20
25.5546875,74,2179,2179,110,18,-20,-15,-20
25.55859375,74,2179,2179,112,17,-20,-15,-20
25.5625,74,2179,2179,113,17,-20,-15,-21
25.56640625,74,2179,2179,114,18,-20,-15,-21
25.5703125,74,2179,2179,115,17,-20,-15,-20
25.57421875,74,2179,2179,116,17,-20,-15,-20
25.578125,74,2179,2179,118,17,-20,-15,-20
25.58203125,74,2179,2179,120,18,-20,-15,-20
25.5859375,74,2179,2179,122,18,-20,-15,-21
25.58984375,74,2179,2179,124,17,-20,-15,-20
25.59375,74,2179,2179,126,17,-20,-15,-20
25.59765625,74,2179,2179,128,17,-20,-15,-20
25.6015625,74,2179,2179,130,18,-20,-15,-21
25.60546875,74,2179,2179,131,17,-20,-15,-21
25.609375,74,2179,2179,132,17,-20,-15,-21
25.61328125,73,2179,2179,133,18,-20,-15,-21
25.6171875,73,2179,2179,133,18,-20,-15,-21
25.62109375,73,2179,2179,133,18,-20,-15,-20
25.625,73,2179,2179,134,18,-20,-15,-20
25.62890625,73,2179,2179,135,18,-20,-15,-20
25.6328125,73,2179,2179,137,18,-20,-15,-20
25.63671875,73,2179,2179,140,18,-20,-15,-20
25.640625,73,2179,2179,141,18,-20,-15,-20
25.64453125,73,2179,2179,143,18,-20,-15,-20
25.6484375,73,2179,2179,145,18,-20,-15,-20
25.65234375,73,2179,2179,147,18,-20,-15,-20
25.65625,73,2179,2179,147,18,-20,-15,-20
25.66015625,74,2179,2179,148,18,-20,-15,-20
25.6640625,74,2179,2179,148,18,-20,-15,-20
25.66796875,74,2179,2179,148,18,-20,-15,-20
25.671875,74,2179,2179,148,18,-20,-15,-20
25.67578125,74,2179,2179,149,18,-20,-15,-20
25.6796875,74,2179,2179,151,18,-20,-15,-20
25.68359375,74,2179,2179,152,18,-20,-15,-20
25.6875,74,2179,2179,153,18,-20,-15,-20
25.69140625,74,2179,2179,154,18,-20,-15,-20
25.6953125,74,2179,2179,155,18,-20,-15,-21
25.69921875,74,2179,2179,156,18,-20,-15,-20
25.703125,75,2179,2179,157,18,-20,-15,-20
25.70703125,75,2179,2179,158,18,-20,-15,-20
25.7109375,74,2179,2179,158,18,-20,-15,-20
25.71484375,74,2179,2179,159,18,-20,-15,-20
25.71875,74,2179,2179,159,18,-20,-15,-20
25.72265625,74,2179,2179,159,18,-20,-14,-20
25.7265625,74,2179,2179,159,18,-20,-15,-20
25.73046875,74,2179,2179,160,18,-23,-15,-20
25.734375,74,2179,2179,160,18,-20,-15,-20
25.73828125,74,2179,2179,160,18,-20,-15,-20
25.7421875,74,2179,2179,160,17,-20,-15,-20
25.74609375,73,2179,2179,160,18,-20,-15,-20
25.75,74,2179,2179,160,18,-20,-15,-20
25.75390625,74,2179,2179,161,18,-20,-14,-20
25.7578125,74,2179,2179,161,18,-20,-15,-20
25.76171875,74,2179,2179,162,18,-20,-15,-20
25.765625,74,2179,2179,163,18,-20,-15,-20
25.76953125,74,2179,2179,163,18,-20,-15,-20
25.7734375,74,2179,2179,163,17,-20,-15,-20
25.77734375,73,2179,2179,163,17,-20,-15,-20
25.78125,73,2179,2179,164,17,-20,-15,-20
25.78515625,73,2179,2179,163,17,-20,-15,-20
25.7890625,73,2179,2179,163,17,-20,-15,-20
25.79296875,73,2179,2179,163,17,-20,-15,-20
25.796875,73,2179,2179,163,18,-20,-15,-21
25.80078125,73,2179,2179,163,18,-20,-15,-20
25.8046875,73,2179,2179,163,18,-20,-15,-21
25.80859375,73,2179,2179,163,18,-20,-15,-21
25.8125,73,2179,2179,164,18,-20,-15,-21
25.81640625,73,2179,2179,164,18,-20,-15,-21
25.8203125,73,2179,2179,164,18,-20,-15,-21
25.82421875,73,2179,2179,164,18,-20,-15,-20
25.828125,72,2179,2179,164,18,-20,-15,-20
25.83203125,72,2179,2179,164,18,-20,-15,-21
25.8359375,72,2179,2179,164,18,-20,-15,-20
25.83984375,72,2179,2179,164,18,-20,-15,-20
25.84375,72,2179,2179,164,18,-20,-15,-20
25.84765625,72,2179,2179,165,18,-20,-14,-20
25.8515625,72,2179,2179,165,18,-20,-15,-20
25.85546875,72,2179,2179,166,18,-16,-15,-20
25.859375,72,2179,2179,166,18,-20,-15,-20
25.86328125,72,2179,2179,166,18,-20,-15,-20
25.8671875,72,2179,2179,166,18,-20,-15,-20
25.87109375,71,2179,2179,166,18,-20,-15,-20
25.875,71,2179,2179,166,18,-20,-15,-20
25.87890625,71,2179,2179,165,18,-20,-15,-20
25.8828125,71,2179,2179,166,18,-20,-15,-20
25.88671875,71,2179,2179,166,18,-20,-15,-20
25.890625,72,2179,2179,166,18,-20,-15,-20
25.89453125,72,2179,2179,166,18,-20,-15,-20
25.8984375,72,2179,2179,167,18,-20,-15,-21
25.90234375,72,2179,2179,167,18,-20,-15,-20
25.90625,72,2179,2179,168,18,-20,-15,-21
25.91015625,72,2179,2179,168,18,-20,-15,-20
25.9140625,71,2179,2179,168,18,-20,-15,-20
25.91796875,71,2179,2179,168,18,-20,-15,-21
25.921875,71,2179,2179,167,18,-20,-15,-20
25.92578125,71,2179,2179,167,18,-20,-15,-20
25.9296875,71,2179,2179,168,18,-20,-15,-20
25.93359375,70,2179,2179,168,18,-20,-15,-21
25.9375,71,2179,2179,168,18,-20,-15,-20
25.94140625,70,2179,2179,168,18,-20,-15,-20
25.9453125,70,2179,2179,168,18,-20,-15,-20
25.94921875,69,2179,2179,168,18,-20,-15,-20
25.953125,69,2179,2179,168,18,-20,-15,-20
25.95703125,69,2179,2179,167,18,-20,-15,-20
25.9609375,69,2179,2179,167,18,-20,-15,-20
25.96484375,69,2179,2179,167,18,-20,-15,-20
25.96875,69,2179,2179,167,18,-20,-15,-20
25.97265625,69,2179,2179,167,18,-20,-14,-20
25.9765625,69,2179,2179,167,18,-20,-15,-20
25.98046875,69,2179,2179,168,18,-27,-15,-20
25.984375,69,2179,2179,168,18,-20,-15,-20
25.98828125,69,2179,2179,168,18,-20,-15,-20
25.9921875,69,2179,2179,168,18,-20,-15,-20
25.99609375,69,2179,2179,169,18,-20,-15,-20
26.0,69,2179,2179,170,18,-20,-15,-20
26.00390625,69,2179,2179,170,18,-20,-15,-20
26.0078125,69,2179,2179,170,18,-20,-15,-20
26.01171875,69,2179,2179,170,18,-20,-15,-20
26.015625,68,2179,2179,170,18,-20,-15,-20
26.01953125,68,2179,2179,170,18,-20,-15,-20
26.0234375,68,2179,2179,169,18,-20,-15,-20
26.02734375,68,2179,2179,169,18,-20,-15,-20
26.03125,67,2179,2179,169,18,-20,-15,-20
26.03515625,67,2179,2179,170,18,-20,-15,-21
26.0390625,67,2179,2179,170,18,-20,-15,-21
26.04296875,67,2179,2179,170,18,-20,-15,-21
26.046875,67,2179,2179,171,18,-20,-15,-20
26.05078125,67,2179,2179,171,18,-20,-15,-21
26.0546875,67,2179,2179,171,18,-20,-15,-20
26.05859375,67,2179,2179,170,18,-20,-15,-20
26.0625,67,2179,2179,170,18,-20,-15,-20
26.06640625,67,2179,2179,171,18,-20,-15,-20
26.0703125,67,2179,2179,171,18,-20,-15,-20
26.07421875,67,2179,2179,171,18,-20,-15,-20
26.078125,66,2179,2179,171,18,-20,-15,-20
26.08203125,66,2179,2179,172,18,-20,-15,-20
26.0859375,66,2179,2179,172,19,-20,-15,-20
26.08984375,66,2179,2179,172,18,-20,-15,-20
26.09375,66,2179,2179,172,18,-20,-15,-20
26.09765625,66,2179,2179,172,18,-20,-15,-20
26.1015625,66,2179,2179,172,18,-20,-15,-20
26.10546875,66,2179,2179,172,18,-14,-14,-20
26.109375,66,2179,2179,172,18,-20,-15,-20
26.11328125,66,2179,2179,173,18,-20,-15,-21
26.1171875,66,2179,2179,173,18,-20,-15,-21
26.12109375,66,2179,2179,173,18,-20,-15,-20
26.125,65,2179,2179,173,18,-20,-15,-20
26.12890625,65,2179,2179,173,18,-20,-15,-21
26.1328125,65,2179,2179,173,18,-20,-15,-20
26.13671875,65,2179,2179,173,18,-20,-15,-21
26.140625,65,2179,2179,173,18,-20,-15,-20
26.14453125,64,2179,2179,173,18,-20,-15,-20
26.1484375,64,2179,2179,173,18,-20,-15,-20
26.15234375,64,2179,2179,173,18,-20,-15,-20
26.15625,64,2179,2179,173,17,-20,-15,-20
26.16015625,64,2179,2179,173,17,-20,-15,-20
26.1640625,64,2179,2179,173,18,-20,-15,-20
26.16796875,63,2179,2179,172,18,-20,-15,-20
26.171875,63,2179,2179,172,17,-20,-15,-20
26.17578125,63,2179,2179,172,17,-20,-15,-20
26.1796875,63,2179,2179,173,17,-20,-15,-20
26.18359375,63,2179,2179,173,18,-20,-15,-20
26.1875,63,2179,2179,173,18,-20,-15,-20
26.19140625,63,2179,2179,173,17,-20,-15,-20
26.1953125,63,2179,2179,173,17,-20,-15,-21
26.19921875,63,2179,2179,173,18,-20,-15,-20
26.203125,63,2179,2179,173,18,-20,-15,-20
26.20703125,63,2179,2179,173,17,-20,-15,-20
26.2109375,63,2179,2179,173,17,-20,-15,-20
26.21484375,63,2179,2179,173,18,-20,-15,-20
26.21875,63,2179,2179,173,18,-20,-15,-20
26.22265625,63,2179,2179,172,17,-20,-15,-20
26.2265625,63,2179,2179,172,17,-20,-15,-20
26.23046875,63,2179,2179,173,18,-24,-15,-20
26.234375,63,2179,2179,173,18,-20,-15,-20
26.23828125,63,2179,2179,173,18,-20,-15,-21
26.2421875,63,2179,2179,174,18,-20,-15,-20
26.24609375,63,2179,2179,175,18,-20,-15,-20
26.25,62,2179,2179,175,18,-20,-15,-21
26.25390625,63,2179,2179,175,19,-20,-15,-21
26.2578125,63,2179,2179,175,18,-20,-15,-20
26.26171875,62,2179,2179,175,18,-20,-15,-21
26.265625,62,2179,2179,175,19,-20,-15,-20
26.26953125,63,2179,2179,175,19,-20,-15,-21
26.2734375,62,2179,2179,174,18,-20,-15,-20
26.27734375,62,2179,2179,175,18,-20,-15,-21
26.28125,61,2179,2179,175,19,-20,-15,-21
26.28515625,61,2179,2179,175,19,-20,-15,-20
26.2890625,61,2179,2179,175,18,-20,-15,-20
26.29296875,61,2179,2179,175,18,-20,-15,-20
26.296875,61,2179,2179,175,18,-20,-15,-20
26.30078125,61,2179,2179,175,18,-20,-15,-20
26.3046875,61,2179,2179,174,18,-20,-15,-20
26.30859375,61,2179,2179,174,18,-20,-15,-20
26.3125,61,2179,2179,174,18,-20,-15,-20
26.31640625,61,2179,2179,174,18,-20,-15,-20
26.3203125,61,2179,2179,174,18,-20,-15,-20
26.32421875,62,2179,2179,174,17,-20,-15,-20
26.328125,61,2179,2179,174,17,-20,-15,-20
26.33203125,61,2179,2179,174,17,-20,-15,-20
26.3359375,61,2179,2179,174,17,-20,-15,-20
26.33984375,61,2179,2179,174,17,-20,-15,-21
26.34375,61,2179,2179,174,17,-20,-15,-20
26.34765625,60,2179,2179,174,18,-20,-15,-20
26.3515625,60,2179,2179,175,18,-20,-15,-21
26.35546875,60,2179,2179,175,18,-16,-15,-20
26.359375,60,2179,2179,175,18,-20,-15,-21
26.36328125,59,2179,2179,176,18,-20,-15,-20
26.3671875,59,2179,2179,176,18,-20,-15,-21
26.37109375,59,2179,2179,175,18,-20,-15,-20
26.375,59,2179,2179,175,18,-20,-15,-20
26.37890625,59,2179,2179,175,18,-20,-15,-21
26.3828125,59,2179,2179,176,18,-20,-15,-21
26.38671875,59,2179,2179,176,18,-20,-15,-20
26.390625,59,2179,2179,176,17,-20,-15,-21
26.39453125,58,2179,2179,176,18,-20,-15,-20
26.3984375,58,2179,2179,176,18,-20,-15,-21
26.40234375,58,2179,2179,176,18,-20,-15,-20
26.40625,58,2179,2179,175,18,-20,-15,-20
26.41015625,58,2179,2179,175,18,-20,-15,-20
26.4140625,58,2179,2179,175,18,-20,-15,-20
26.41796875,58,2179,2179,175,18,-20,-15,-20
26.421875,58,2179,2179,175,18,-20,-15,-20
26.42578125,58,2179,2179,176,18,-20,-15,-20
26.4296875,58,2179,2179,176,18,-20,-15,-20
26.43359375,58,2179,2179,177,18,-20,-15,-20
26.4375,59,2179,2179,177,18,-20,-15,-20
26.44140625,59,2179,2179,177,18,-20,-15,-20
26.4453125,58,2179,2179,177,18,-20,-15,-20
26.44921875,59,2179,2179,176,18,-20,-15,-20
26.453125,59,2179,2179,176,18,-20,-15,-20
26.45703125,59,2179,2179,176,18,-20,-15,-20
26.4609375,58,2179,2179,176,18,-20,-15,-20
26.46484375,58,2179,2179,176,18,-20,-15,-20
26.46875,59,2179,2179,176,18,-20,-15,-21
26.47265625,58,2179,2179,176,18,-20,-15,-21
26.4765625,58,2179,2179,177,18,-20,-15,-21
26.48046875,58,2179,2179,177,18,-22,-15,-21
26.484375,58,2179,2179,177,19,-20,-15,-21
26.48828125,58,2179,2179,176,19,-20,-15,-20
26.4921875,58,2179,2179,176,18,-20,-15,-21
26.49609375,57,2179,2179,177,18,-20,-15,-20
26.5,57,2179,2179,177,18,-20,-15,-20
26.50390625,57,2179,2179,177,18,-20,-15,-20
26.5078125,57,2179,2179,176,18,-20,-15,-20
26.51171875,57,2179,2179,176,18,-19,-15,-20
26.515625,57,2179,2179,177,18,-20,-15,-20
26.51953125,58,2179,2179,177,18,-19,-15,-20
26.5234375,58,2179,2179,176,18,-20,-14,-20
26.52734375,58,2179,2179,176,18,-20,-14,-20
26.53125,57,2179,2179,176,18,-20,-15,-20
26.53515625,57,2179,2179,177,18,-20,-15,-20
26.5390625,58,2179,2179,176,18,-20,-15,-20
26.54296875,58,2179,2179,176,18,-20,-15,-20
26.546875,57,2179,2179,176,18,-20,-15,-20
26.55078125,57,2179,2179,176,18,-20,-15,-20
26.5546875,57,2179,2179,176,18,-20,-15,-20
26.55859375,57,2179,2179,176,17,-20,-15,-20
26.5625,57,2179,2179,176,17,-20,-15,-20
26.56640625,57,2179,2179,177,18,-20,-15,-20
26.5703125,57,2179,2179,177,18,-20,-15,-20
26.57421875,57,2179,2179,177,18,-20,-15,-20
26.578125,57,2179,2179,177,18,-20,-15,-20
26.58203125,56,2179,2179,177,18,-20,-15,-20
26.5859375,57,2179,2179,177,18,-20,-15,-20
26.58984375,57,2179,2179,176,18,-20,-15,-21
26.59375,57,2179,2179,176,18,-20,-15,-21
26.59765625,56,2179,2179,176,18,-20,-15,-21
26.6015625,56,2179,2179,176,18,-20,-15,-21
26.60546875,56,2179,2179,176,18,-18,-15,-21
26.609375,56,2179,2179,176,18,-20,-15,-20
26.61328125,55,2179,2179,177,18,-20,-15,-20
26.6171875,55,2179,2179,177,18,-20,-15,-20
26.62109375,55,2179,2179,178,18,-20,-15,-20
26.625,55,2179,2179,178,18,-20,-15,-20
26.62890625,55,2179,2179,177,18,-20,-15,-20
26.6328125,55,2179,2179,177,18,-20,-15,-20
26.63671875,55,2179,2179,177,18,-20,-15,-20
26.640625,55,2179,2179,176,18,-20,-15,-20
26.64453125,55,2179,2179,177,18,-20,-15,-20
26.6484375,55,2179,2179,177,18,-20,-15,-20
26.65234375,55,2179,2179,177,18,-20,-15,-20
26.65625,55,2179,2179,177,18,-20,-15,-20
26.66015625,55,2179,2179,177,18,-20,-15,-21
26.6640625,55,2179,2179,178,18,-20,-15,-20
26.66796875,55,2179,2179,177,18,-20,-15,-20
26.671875,55,2179,2179,177,18,-20,-15,-20
26.67578125,55,2179,2179,177,18,-20,-15,-20
26.6796875,55,2179,2179,177,18,-20,-15,-20
26.68359375,55,2179,2179,177,18,-20,-15,-21
26.6875,55,2179,2179,177,18,-20,-15,-21
26.69140625,55,2179,2179,177,18,-20,-15,-21
26.6953125,55,2179,2179,177,18,-20,-15,-21
26.69921875,54,2179,2179,178,18,-20,-15,-21
26.703125,55,2179,2179,177,18,-20,-15,-20
26.70703125,55,2179,2179,177,18,-20,-15,-20
26.7109375,55,2179,2179,177,18,-20,-15,-20
26.71484375,54,2179,2179,177,18,-20,-15,-20
26.71875,54,2179,2179,177,18,-20,-15,-20
26.72265625,54,2179,2179,177,18,-20,-15,-20
26.7265625,54,2179,2179,177,18,-20,-15,-20
26.73046875,54,2179,2179,177,18,-20,-15,-20
26.734375,54,2179,2179,177,18,-20,-15,-20
26.73828125,54,2179,2179,177,17,-20,-15,-20
26.7421875,54,2179,2179,176,17,-20,-15,-20
26.74609375,54,2179,2179,176,17,-20,-15,-20
26.75,54,2179,2179,176,18,-20,-15,-20
26.75390625,54,2179,2179,176,18,-20,-15,-20
26.7578125,54,2179,2179,176,17,-20,-15,-20
26.76171875,53,2179,2179,176,17,-20,-15,-20
26.765625,53,2179,2179,176,17,-20,-15,-20
26.76953125,53,2179,2179,176,17,-20,-15,-20
26.7734375,53,2179,2179,176,17,-20,-15,-20
26.77734375,53,2179,2179,176,17,-20,-15,-20
26.78125,53,2179,2179,176,17,-20,-15,-20
26.78515625,53,2179,2179,177,18,-20,-15,-20
26.7890625,53,2179,2179,177,17,-20,-15,-21
26.79296875,53,2179,2179,177,17,-20,-15,-21
26.796875,53,2179,2179,177,18,-20,-15,-21
26.80078125,53,2179,2179,177,18,-20,-15,-20
26.8046875,52,2179,2179,177,18,-20,-15,-21
26.80859375,52,2179,2179,177,17,-20,-15,-20
26.8125,52,2179,2179,177,18,-20,-15,-21
26.81640625,52,2179,2179,178,18,-20,-15,-21
26.8203125,52,2179,2179,178,18,-20,-15,-20
26.82421875,51,2179,2179,178,18,-20,-15,-20
26.828125,51,2179,2179,178,18,-20,-15,-20
26.83203125,50,2179,2179,177,18,-20,-15,-20
26.8359375,51,2179,2179,176,18,-20,-15,-20
26.83984375,50,2179,2179,173,18,-20,-15,-20
26.84375,50,2179,2179,169,18,-20,-15,-20
26.84765625,50,2179,2179,163,19,-20,-15,-20
26.8515625,50,2179,2179,154,18,-20,-15,-20
26.85546875,50,2179,2179,143,18,-19,-15,-20
26.859375,50,2179,2179,131,18,-20,-15,-20
26.86328125,49,2179,2179,120,17,-20,-15,-20
26.8671875,49,2179,2179,111,19,-20,-15,-20
26.87109375,49,2179,2179,104,18,-20,-15,-20
26.875,49,2179,2179,101,18,-20,-15,-20
26.87890625,48,2179,2179,101,18,-20,-15,-21
26.8828125,48,2179,2179,103,18,-20,-15,-20
26.88671875,49,2179,2179,104,18,-20,-15,-20
26.890625,49,2179,2179,103,17,-20,-15,-20
26.89453125,48,2179,2179,99,17,-20,-15,-20
26.8984375,48,2179,2179,92,18,-20,-15,-20
26.90234375,48,2179,2179,82,18,-20,-15,-20
26.90625,48,2179,2179,70,18,-20,-15,-20
26.91015625,47,2179,2179,59,18,-20,-15,-20
26.9140625,47,2179,2179,49,18,-20,-15,-21
26.91796875,46,2179,2179,43,18,-20,-15,-20
26.921875,46,2179,2179,38,18,-20,-15,-21
26.92578125,46,2179,2179,36,18,-20,-15,-20
26.9296875,45,2179,2179,36,18,-20,-15,-20
26.93359375,45,2179,2179,36,18,-20,-15,-21
26.9375,45,2179,2179,35,18,-20,-15,-20
26.94140625,45,2179,2179,34,18,-20,-15,-20
26.9453125,44,2179,2179,32,18,-20,-15,-20
26.94921875,44,2179,2179,30,18,-20,-15,-20
26.953125,44,2179,2179,29,18,-20,-15,-20
26.95703125,44,2179,2179,28,18,-20,-15,-20
26.9609375,45,2179,2179,27,18,-20,-15,-20
26.96484375,44,2179,2179,27,18,-20,-15,-20
26.96875,44,2179,2179,28,18,-20,-15,-20
26.97265625,44,2179,2179,27,17,-20,-15,-20
26.9765625,44,2179,2179,28,17,-20,-15,-20
26.98046875,43,2179,2179,28,18,-20,-15,-20
26.984375,43,2179,2179,27,18,-20,-15,-20
26.98828125,43,2179,2179,26,17,-20,-15,-20
26.9921875,43,2179,2179,26,17,-20,-15,-20
26.99609375,42,2179,2179,26,18,-20,-15,-20
27.0,43,2179,2179,25,18,-20,-15,-20
27.00390625,43,2179,2179,26,18,-20,-15,-20
27.0078125,43,2179,2179,26,18,-20,-15,-20
27.01171875,42,2179,2179,26,18,-20,-15,-20
27.015625,42,2179,2179,27,18,-20,-15,-21
27.01953125,42,2179,2179,27,18,-20,-15,-21
27.0234375,42,2179,2179,26,18,-20,-15,-20
27.02734375,42,2179,2179,26,18,-20,-15,-20
27.03125,41,2179,2179,26,18,-20,-15,-20
27.03515625,41,2179,2179,26,18,-20,-15,-20
27.0390625,41,2179,2179,25,18,-20,-15,-21
27.04296875,41,2179,2179,24,18,-20,-15,-20
27.046875,40,2179,2179,24,18,-20,-15,-20
27.05078125,40,2179,2179,24,18,-20,-15,-20
27.0546875,40,2179,2179,24,18,-20,-15,-20
27.05859375,39,2179,2179,24,18,-20,-15,-20
27.0625,39,2179,2179,24,18,-20,-15,-20
27.06640625,39,2179,2179,25,19,-20,-15,-20
27.0703125,39,2179,2179,25,19,-20,-15,-20
27.07421875,39,2179,2179,25,18,-20,-15,-20
27.078125,38,2179,2179,25,18,-20,-15,-20
27.08203125,38,2179,2179,25,19,-20,-15,-20
27.0859375,38,2179,2179,25,19,-20,-15,-20
27.08984375,38,2179,2179,24,18,-20,-15,-20
27.09375,38,2179,2179,24,18,-20,-15,-20
27.09765625,37,2179,2179,25,18,-20,-15,-20
27.1015625,37,2179,2179,24,18,-20,-15,-20
27.10546875,37,2179,2179,24,18,-20,-15,-20
27.109375,37,2179,2179,24,18,-20,-15,-20
27.11328125,37,2179,2179,24,17,-20,-15,-20
27.1171875,37,2179,2179,25,18,-20,-15,-20
27.12109375,37,2179,2179,24,18,-20,-15,-20
27.125,37,2179,2179,24,18,-20,-15,-20
27.12890625,36,2179,2179,24,18,-20,-15,-20
27.1328125,36,2179,2179,24,18,-20,-15,-21
27.13671875,36,2179,2179,24,18,-20,-15,-21
27.140625,35,2179,2179,24,17,-20,-15,-20
27.14453125,35,2179,2179,24,18,-20,-15,-21
27.1484375,35,2179,2179,24,18,-20,-15,-21
27.15234375,35,2179,2179,24,18,-20,-15,-20
27.15625,35,2179,2179,24,18,-20,-15,-20
27.16015625,34,2179,2179,24,18,-20,-15,-20
27.1640625,34,2179,2179,24,18,-20,-15,-20
27.16796875,33,2179,2179,24,18,-20,-15,-20
27.171875,33,2179,2179,24,17,-20,-15,-20
27.17578125,33,2179,2179,24,17,-20,-15,-20
27.1796875,33,2179,2179,24,17,-20,-15,-20
27.18359375,33,2179,2179,24,18,-20,-15,-20
27.1875,33,2179,2179,24,18,-20,-15,-20
27.19140625,33,2179,2179,24,17,-20,-15,-20
27.1953125,33,2179,2179,24,18,-20,-15,-20
27.19921875,32,2179,2179,24,18,-20,-15,-20
27.203125,33,2179,2179,24,18,-20,-15,-20
27.20703125,33,2179,2179,24,18,-20,-15,-20
27.2109375,32,2179,2179,24,18,-20,-15,-20
27.21484375,32,2179,2179,24,18,-20,-15,-20
27.21875,32,2179,2179,24,18,-20,-15,-20
27.22265625,32,2179,2179,24,17,-20,-15,-20
27.2265625,32,2179,2179,24,17,-20,-15,-20
27.23046875,32,2179,2179,24,18,-20,-15,-20
27.234375,31,2179,2179,24,18,-20,-15,-20
27.23828125,32,2179,2179,24,18,-20,-15,-20
27.2421875,32,2179,2179,24,18,-20,-15,-20
27.24609375,31,2179,2179,25,18,-20,-15,-20
27.25,31,2179,2179,24,18,-20,-15,-20
27.25390625,32,2179,2179,25,18,-20,-15,-20
27.2578125,32,2179,2179,24,18,-20,-15,-20
27.26171875,32,2179,2179,24,18,-20,-15,-20
27.265625,32,2179,2179,25,18,-20,-15,-20
27.26953125,32,2179,2179,25,18,-20,-15,-20
27.2734375,32,2179,2179,24,18,-20,-15,-20
27.27734375,32,2179,2179,24,18,-20,-15,-20
27.28125,31,2179,2179,24,18,-20,-15,-20
27.28515625,31,2179,2179,25,18,-20,-15,-20
27.2890625,32,2179,2179,24,18,-20,-15,-20
27.29296875,32,2179,2179,24,18,-20,-15,-20
27.296875,32,2179,2179,24,18,-20,-15,-20
27.30078125,32,2179,2179,25,18,-20,-15,-20
27.3046875,32,2179,2179,24,18,-20,-15,-20
27.30859375,33,2179,2179,24,18,-20,-15,-20
27.3125,32,2179,2179,24,18,-20,-15,-20
27.31640625,32,2179,2179,24,18,-20,-15,-20
27.3203125,33,2179,2179,24,18,-20,-15,-20
27.32421875,33,2179,2179,24,18,-20,-15,-20
27.328125,32,2179,2179,24,18,-20,-15,-20
27.33203125,32,2179,2179,24,18,-20,-15,-20
27.3359375,32,2179,2179,24,18,-20,-15,-20
27.33984375,32,2179,2179,24,17,-20,-15,-20
27.34375,32,2179,2179,24,17,-20,-15,-20
27.34765625,31,2179,2179,24,18,-20,-15,-21
27.3515625,31,2179,2179,24,18,-20,-15,-21
27.35546875,31,2179,2179,24,18,-20,-15,-21
27.359375,31,2179,2179,24,18,-20,-15,-21
27.36328125,30,2179,2179,24,17,-20,-15,-21
27.3671875,30,2179,2179,24,18,-20,-15,-20
27.37109375,31,2179,2179,24,18,-20,-15,-20
27.375,31,2179,2179,24,18,-20,-15,-20
27.37890625,30,2179,2179,24,18,-20,-15,-20
27.3828125,30,2179,2179,24,18,-20,-15,-20
27.38671875,30,2179,2179,24,18,-20,-15,-20
27.390625,30,2179,2179,24,18,-20,-15,-20
27.39453125,30,2179,2179,24,18,-20,-15,-20
27.3984375,30,2179,2179,24,18,-20,-15,-22
27.40234375,30,2179,2179,24,18,-20,-15,-20
27.40625,30,2179,2179,24,18,-20,-14,-20
27.41015625,30,2179,2179,24,18,-20,-15,-20
27.4140625,30,2179,2179,24,18,-20,-15,-20
27.41796875,30,2179,2179,24,18,-20,-15,-20
27.421875,31,2179,2179,24,18,-20,-15,-20
27.42578125,31,2179,2179,24,18,-20,-15,-20
27.4296875,30,2179,2179,24,18,-20,-15,-20
27.43359375,31,2179,2179,24,18,-20,-15,-20
27.4375,31,2179,2179,24,18,-20,-15,-20
27.44140625,31,2179,2179,24,17,-20,-15,-20
27.4453125,30,2179,2179,24,18,-20,-15,-20
27.44921875,30,2179,2179,24,18,-20,-15,-21
27.453125,31,2179,2179,24,18,-20,-15,-21
27.45703125,31,2179,2179,24,18,-20,-15,-21
27.4609375,31,2179,2179,24,18,-20,-15,-21
27.46484375,30,2179,2179,24,18,-20,-15,-20
27.46875,31,2179,2179,24,18,-20,-15,-20
27.47265625,31,2179,2179,24,18,-20,-15,-21
27.4765625,31,2179,2179,24,18,-20,-15,-20
27.48046875,31,2179,2179,24,18,-20,-15,-20
27.484375,31,2179,2179,24,18,-20,-15,-20
27.48828125,31,2179,2179,24,18,-20,-15,-20
27.4921875,31,2179,2179,24,18,-20,-15,-20
27.49609375,30,2179,2179,24,18,-20,-15,-21
27.5,30,2179,2179,24,18,-20,-15,-20
27.50390625,30,2179,2179,24,18,-20,-15,-20
27.5078125,30,2179,2179,24,18,-20,-15,-20
27.51171875,30,2179,2179,24,18,-20,-15,-20
27.515625,30,2179,2179,24,18,-20,-15,-20
27.51953125,30,2179,2179,24,18,-19,-15,-20
27.5234375,30,2179,2179,24,18,-20,-15,-20
27.52734375,31,2179,2179,24,18,-20,-15,-20
27.53125,30,2179,2179,24,18,-20,-15,-21
27.53515625,31,2179,2179,25,18,-19,-15,-20
27.5390625,31,2179,2179,24,18,-20,-15,-20
27.54296875,31,2179,2179,24,18,-20,-15,-20
27.546875,31,2179,2179,24,18,-20,-15,-20
27.55078125,31,2179,2179,24,18,-20,-15,-20
27.5546875,31,2179,2179,24,18,-20,-15,-20
27.55859375,31,2179,2179,24,17,-20,-15,-20
27.5625,30,2179,2179,24,17,-20,-15,-20
27.56640625,30,2179,2179,24,18,-20,-15,-20
27.5703125,30,2179,2179,24,18,-20,-15,-20
27.57421875,30,2179,2179,24,17,-20,-15,-20
27.578125,30,2179,2179,24,18,-20,-15,-20
27.58203125,30,2179,2179,24,18,-20,-15,-20
27.5859375,30,2179,2179,24,18,-20,-15,-20
27.58984375,30,2179,2179,24,18,-20,-15,-20
27.59375,29,2179,2179,24,18,-20,-15,-20
27.59765625,29,2179,2179,24,18,-20,-15,-20
27.6015625,29,2179,2179,24,18,-20,-15,-20
27.60546875,29,2179,2179,24,18,-20,-15,-20
27.609375,28,2179,2179,24,18,-20,-15,-20
27.61328125,28,2179,2179,24,18,-20,-15,-20
27.6171875,28,2179,2179,24,18,-20,-15,-20
27.62109375,28,2179,2179,23,18,-20,-15,-20
27.625,28,2179,2179,24,17,-20,-15,-20
27.62890625,27,2179,2179,24,18,-20,-15,-20
27.6328125,27,2179,2179,24,18,-20,-15,-20
27.63671875,27,2179,2179,24,18,-20,-15,-20
27.640625,27,2179,2179,24,18,-20,-15,-20
27.64453125,27,2179,2179,24,18,-20,-15,-20
27.6484375,27,2179,2179,25,19,-20,-15,-20
27.65234375,27,2179,2179,25,19,-20,-15,-20
27.65625,27,2179,2179,25,18,-20,-15,-21
27.66015625,28,2179,2179,24,18,-20,-15,-20
27.6640625,28,2179,2179,25,18,-20,-15,-20
27.66796875,28,2179,2179,25,18,-20,-15,-20
27.671875,29,2179,2179,24,18,-20,-15,-20
27.67578125,28,2179,2179,24,18,-20,-15,-20
27.6796875,28,2179,2179,24,18,-20,-15,-20
27.68359375,28,2179,2179,24,18,-20,-15,-20
27.6875,28,2179,2179,24,18,-20,-15,-20
27.69140625,28,2179,2179,24,18,-20,-15,-20
27.6953125,28,2179,2179,24,18,-20,-15,-20
27.69921875,27,2179,2179,24,18,-20,-15,-20
27.703125,27,2179,2179,24,18,-20,-15,-20
27.70703125,28,2179,2179,24,18,-20,-15,-20
27.7109375,27,2179,2179,24,18,-20,-15,-20
27.71484375,27,2179,2179,25,18,-20,-15,-20
27.71875,27,2179,2179,25,18,-20,-15,-20
27.72265625,27,2179,2179,24,18,-20,-15,-20
27.7265625,27,2179,2179,24,18,-20,-15,-20
27.73046875,27,2179,2179,24,18,-20,-15,-20
27.734375,27,2179,2179,24,18,-20,-15,-20
27.73828125,28,2179,2179,24,18,-20,-15,-20
27.7421875,28,2179,2179,24,17,-20,-15,-20
27.74609375,28,2179,2179,23,17,-20,-15,-20
27.75,28,2179,2179,24,17,-20,-15,-20
27.75390625,28,2179,2179,24,18,-20,-15,-20
27.7578125,28,2179,2179,24,17,-20,-15,-20
27.76171875,28,2179,2179,23,17,-20,-15,-20
27.765625,28,2179,2179,24,17,-20,-15,-20
27.76953125,29,2179,2179,24,17,-20,-15,-20
27.7734375,29,2179,2179,23,17,-20,-15,-19
27.77734375,29,2179,2179,23,17,-20,-15,-20
27.78125,29,2179,2179,24,17,-20,-15,-20
27.78515625,29,2179,2179,24,17,-20,-15,-20
27.7890625,29,2179,2179,23,17,-20,-15,-20
27.79296875,29,2179,2179,24,17,-20,-15,-20
27.796875,29,2179,2179,24,18,-20,-15,-21
27.80078125,29,2179,2179,24,18,-20,-15,-20
27.8046875,29,2179,2179,24,18,-20,-15,-21
27.80859375,29,2179,2179,24,17,-20,-15,-20
27.8125,29,2179,2179,24,18,-20,-15,-20
27.81640625,29,2179,2179,24,18,-20,-15,-20
27.8203125,29,2179,2179,24,18,-20,-15,-20
27.82421875,29,2179,2179,24,18,-20,-15,-20
27.828125,29,2179,2179,24,18,-20,-15,-20
27.83203125,29,2179,2179,24,18,-20,-15,-20
27.8359375,29,2179,2179,24,18,-20,-15,-20
27.83984375,29,2179,2179,24,18,-20,-15,-20
27.84375,29,2179,2179,24,18,-20,-15,-20
27.84765625,29,2179,2179,25,19,-20,-15,-20
27.8515625,29,2179,2179,25,18,-20,-15,-20
27.85546875,30,2179,2179,24,18,-20,-15,-20
27.859375,30,2179,2179,24,18,-20,-15,-20
27.86328125,29,2179,2179,24,18,-20,-15,-20
27.8671875,29,2179,2179,24,18,-20,-15,-20
27.87109375,30,2179,2179,23,18,-20,-15,-20
27.875,30,2179,2179,24,18,-20,-15,-20
27.87890625,30,2179,2179,24,18,-20,-15,-20
27.8828125,30,2179,2179,24,18,-20,-15,-20
27.88671875,31,2179,2179,24,18,-20,-15,-20
27.890625,31,2179,2179,24,17,-20,-15,-20
27.89453125,31,2179,2179,24,18,-20,-15,-20
27.8984375,31,2179,2179,24,18,-20,-15,-20
27.90234375,31,2179,2179,24,18,-20,-15,-20
27.90625,31,2179,2179,24,18,-20,-15,-20
27.91015625,31,2179,2179,24,18,-20,-15,-20
27.9140625,31,2179,2179,24,18,-20,-15,-20
27.91796875,31,2179,2179,24,18,-20,-15,-20
27.921875,31,2179,2179,24,18,-20,-15,-20
27.92578125,31,2179,2179,24,18,-20,-15,-20
27.9296875,31,2179,2179,24,18,-20,-15,-20
27.93359375,31,2179,2179,24,18,-20,-15,-20
27.9375,31,2179,2179,24,18,-20,-15,-20
27.94140625,31,2179,2179,24,18,-20,-15,-20
27.9453125,31,2179,2179,24,18,-20,-15,-20
27.94921875,31,2179,2179,24,18,-20,-15,-20
27.953125,31,2179,2179,24,18,-20,-15,-20
27.95703125,31,2179,2179,24,18,-19,-15,-20
27.9609375,31,2179,2179,24,18,-20,-15,-20
27.96484375,31,2179,2179,25,18,-20,-15,-20
27.96875,31,2179,2179,24,18,-19,-15,-20
27.97265625,32,2179,2179,24,18,-20,-15,-20
27.9765625,32,2179,2179,24,18,-20,-15,-20
27.98046875,32,2179,2179,24,18,-20,-15,-20
27.984375,32,2179,2179,24,18,-20,-15,-21
27.98828125,32,2179,2179,24,18,-20,-15,-21
27.9921875,32,2179,2179,24,17,-20,-15,-20
27.99609375,32,2179,2179,23,17,-20,-15,-20
28.0,32,2179,2179,24,18,-20,-15,-20
28.00390625,32,2179,2179,24,18,-20,-15,-20
28.0078125,32,2179,2179,24,17,-20,-15,-20
28.01171875,32,2179,2179,24,17,-20,-15,-20
28.015625,32,2179,2179,24,18,-20,-15,-21
28.01953125,33,2179,2179,24,18,-20,-15,-20
28.0234375,33,2179,2179,24,18,-20,-15,-20
28.02734375,33,2179,2179,24,18,-20,-15,-21
28.03125,33,2179,2179,24,18,-20,-16,-21
28.03515625,33,2179,2179,24,18,-20,-15,-20
28.0390625,33,2179,2179,24,18,-20,-15,-20
28.04296875,33,2179,2179,24,18,-20,-15,-20
28.046875,33,2179,2179,24,18,-20,-15,-20
28.05078125,33,2179,2179,24,18,-20,-15,-20
28.0546875,33,2179,2179,24,18,-20,-15,-20
28.05859375,33,2179,2179,24,18,-20,-15,-20
28.0625,33,2179,2179,24,18,-20,-15,-20
28.06640625,33,2179,2179,24,18,-20,-15,-20
28.0703125,33,2179,2179,24,18,-19,-15,-20
28.07421875,34,2179,2179,24,18,-20,-15,-20
28.078125,33,2179,2179,24,18,-20,-15,-20
28.08203125,34,2179,2179,24,18,-20,-15,-21
28.0859375,34,2179,2179,25,18,-20,-15,-20
28.08984375,34,2179,2179,24,18,-20,-15,-20
28.09375,34,2179,2179,24,18,-20,-15,-20
28.09765625,34,2179,2179,24,18,-20,-15,-20
28.1015625,35,2179,2179,24,18,-20,-15,-20
28.10546875,35,2179,2179,24,18,-20,-15,-20
28.109375,36,2179,2179,24,17,-20,-15,-20
28.11328125,36,2179,2179,24,18,-20,-15,-20
28.1171875,36,2179,2179,24,18,-20,-15,-20
28.12109375,37,2179,2179,24,18,-20,-15,-20
28.125,37,2179,2179,24,18,-20,-15,-20
28.12890625,37,2179,2179,24,18,-20,-15,-20
28.1328125,37,2179,2179,24,18,-20,-15,-20
28.13671875,37,2179,2179,24,18,-20,-15,-20
28.140625,37,2179,2179,24,18,-20,-15,-20
28.14453125,37,2179,2179,24,18,-20,-15,-20
28.1484375,37,2179,2179,24,18,-20,-15,-20
28.15234375,37,2179,2179,24,18,-20,-15,-20
28.15625,37,2179,2179,24,18,-20,-16,-20
28.16015625,37,2179,2179,24,17,-20,-15,-20
28.1640625,37,2179,2179,24,18,-20,-15,-20
28.16796875,37,2179,2179,24,18,-20,-15,-20
28.171875,37,2179,2179,24,17,-20,-15,-20
28.17578125,37,2179,2179,24,17,-20,-15,-20
28.1796875,37,2179,2179,24,17,-20,-15,-20
28.18359375,37,2179,2179,24,17,-20,-15,-20
28.1875,38,2179,2179,24,17,-20,-15,-20
28.19140625,38,2179,2179,24,17,-20,-15,-20
28.1953125,37,2179,2179,24,17,-20,-15,-20
28.19921875,37,2179,2179,24,18,-20,-15,-20
28.203125,38,2179,2179,24,18,-20,-15,-20
28.20703125,37,2179,2179,24,17,-20,-15,-20
28.2109375,38,2179,2179,24,17,-20,-15,-20
28.21484375,37,2179,2179,24,18,-20,-15,-20
28.21875,38,2179,2179,24,18,-20,-15,-20
28.22265625,39,2179,2179,24,17,-20,-15,-20
28.2265625,39,2179,2179,24,18,-20,-15,-20
28.23046875,38,2179,2179,24,18,-20,-15,-20
28.234375,39,2179,2179,24,18,-20,-15,-20
28.23828125,39,2179,2179,24,18,-20,-15,-21
28.2421875,39,2179,2179,24,18,-20,-15,-21
28.24609375,39,2179,2179,24,18,-20,-15,-21
28.25,39,2179,2179,24,18,-20,-15,-21
28.25390625,39,2179,2179,25,18,-20,-15,-21
28.2578125,39,2179,2179,24,18,-20,-15,-21
28.26171875,39,2179,2179,24,18,-20,-15,-21
28.265625,39,2179,2179,25,19,-20,-15,-21
28.26953125,40,2179,2179,25,19,-20,-15,-21
28.2734375,40,2179,2179,24,18,-20,-15,-20
28.27734375,40,2179,2179,24,18,-20,-15,-20
28.28125,41,2179,2179,24,18,-19,-15,-20
28.28515625,41,2179,2179,25,19,-20,-15,-20
28.2890625,42,2179,2179,24,18,-20,-15,-20
28.29296875,43,2179,2179,24,18,-20,-15,-20
28.296875,43,2179,2179,25,18,-20,-14,-20
28.30078125,44,2179,2179,25,18,-20,-15,-20
28.3046875,44,2179,2179,24,18,-20,-15,-20
28.30859375,45,2179,2179,24,18,-20,-15,-20
28.3125,45,2179,2179,24,18,-20,-15,-21
28.31640625,45,2179,2179,24,18,-20,-15,-20
28.3203125,46,2179,2179,24,18,-20,-15,-21
28.32421875,47,2179,2179,24,18,-20,-15,-20
28.328125,47,2179,2179,23,17,-20,-15,-21
28.33203125,48,2179,2179,24,17,-20,-15,-21
28.3359375,48,2179,2179,24,18,-20,-15,-21
28.33984375,49,2179,2179,23,17,-20,-15,-21
28.34375,50,2179,2179,24,17,-20,-15,-21
28.34765625,50,2179,2179,24,18,-20,-15,-21
28.3515625,50,2179,2179,24,18,-20,-15,-21
28.35546875,51,2179,2179,24,17,-20,-15,-21
28.359375,52,2179,2179,24,17,-20,-15,-21
28.36328125,52,2179,2179,24,17,-20,-15,-21
28.3671875,53,2179,2179,24,18,-20,-15,-20
28.37109375,54,2179,2179,24,18,-20,-15,-21
28.375,55,2179,2179,24,18,-20,-15,-20
28.37890625,55,2179,2179,24,17,-20,-15,-20
28.3828125,56,2179,2179,24,18,-20,-15,-20
28.38671875,56,2179,2179,24,18,-20,-15,-20
28.390625,57,2179,2179,24,17,-20,-15,-20
28.39453125,57,2179,2179,24,18,-20,-15,-20
28.3984375,58,2179,2179,24,18,-20,-15,-20
28.40234375,59,2179,2179,24,18,-20,-15,-20
28.40625,59,2179,2179,24,18,-20,-14,-20
28.41015625,60,2179,2179,24,17,-20,-15,-20
28.4140625,60,2179,2179,24,18,-20,-14,-20
28.41796875,61,2179,2179,24,18,-20,-15,-20
28.421875,62,2179,2179,24,17,-20,-15,-20
28.42578125,62,2179,2179,24,17,-20,-15,-20
28.4296875,62,2179,2179,24,17,-20,-15,-20
28.43359375,63,2179,2179,24,18,-20,-15,-20
28.4375,63,2179,2179,24,18,-20,-15,-21
28.44140625,64,2179,2179,24,17,-20,-15,-20
28.4453125,64,2179,2179,24,17,-20,-15,-21
28.44921875,64,2179,2179,24,18,-20,-15,-20
28.453125,64,2179,2179,24,18,-20,-15,-20
28.45703125,64,2179,2179,24,18,-20,-15,-21
28.4609375,65,2179,2179,24,18,-20,-15,-21
28.46484375,64,2179,2179,25,18,-20,-15,-21
28.46875,65,2179,2179,24,18,-20,-15,-21
28.47265625,65,2179,2179,24,18,-20,-15,-21
28.4765625,65,2179,2179,24,18,-20,-15,-20
28.48046875,65,2179,2179,24,18,-20,-15,-21
28.484375,65,2179,2179,24,18,-20,-15,-20
28.48828125,65,2179,2179,24,18,-20,-15,-20
28.4921875,65,2179,2179,24,18,-20,-15,-20
28.49609375,65,2179,2179,24,18,-20,-15,-20
28.5,65,2179,2179,24,18,-20,-15,-20
28.50390625,65,2179,2179,24,18,-20,-15,-20
28.5078125,66,2179,2179,24,18,-20,-15,-20
28.51171875,66,2179,2179,24,18,-20,-15,-20
28.515625,65,2179,2179,24,18,-19,-15,-20
28.51953125,66,2179,2179,24,18,-20,-15,-20
28.5234375,66,2179,2179,24,18,-20,-15,-20
28.52734375,66,2179,2179,24,18,-20,-15,-20
28.53125,66,2179,2179,24,18,-20,-14,-20
28.53515625,66,2179,2179,24,18,-20,-15,-20
28.5390625,67,2179,2179,24,18,-20,-15,-20
28.54296875,67,2179,2179,24,18,-20,-15,-20
28.546875,67,2179,2179,24,18,-20,-15,-20
28.55078125,67,2179,2179,24,18,-20,-15,-20
28.5546875,68,2179,2179,24,18,-20,-15,-20
28.55859375,68,2179,2179,24,18,-20,-15,-20
28.5625,68,2179,2179,24,18,-20,-15,-20
28.56640625,68,2179,2179,24,18,-20,-15,-20
28.5703125,68,2179,2179,24,18,-20,-15,-20
28.57421875,68,2179,2179,24,17,-20,-15,-20
28.578125,68,2179,2179,24,17,-20,-15,-21
28.58203125,68,2179,2179,24,18,-20,-15,-21
28.5859375,68,2179,2179,24,18,-20,-15,-20
28.58984375,68,2179,2179,24,17,-20,-15,-21
28.59375,69,2179,2179,24,18,-20,-15,-20
28.59765625,68,2179,2179,24,18,-20,-15,-20
28.6015625,69,2179,2179,24,18,-20,-15,-20
28.60546875,69,2179,2179,24,17,-20,-15,-20
28.609375,69,2179,2179,24,17,-20,-15,-20
28.61328125,69,2179,2179,24,17,-20,-15,-20
28.6171875,69,2179,2179,24,18,-20,-15,-20
28.62109375,69,2179,2179,24,18,-20,-15,-20
28.625,69,2179,2179,24,18,-20,-15,-20
28.62890625,69,2179,2179,24,17,-20,-15,-20
28.6328125,70,2179,2179,24,18,-20,-15,-20
28.63671875,70,2179,2179,25,18,-20,-15,-20
28.640625,71,2179,2179,24,18,-20,-15,-20
28.64453125,71,2179,2179,24,18,-20,-15,-20
28.6484375,71,2179,2179,24,18,-20,-15,-20
28.65234375,71,2179,2179,24,18,-20,-15,-20
28.65625,72,2179,2179,24,18,-20,-14,-20
28.66015625,72,2179,2179,24,17,-20,-15,-20
28.6640625,72,2179,2179,24,18,-20,-15,-20
28.66796875,72,2179,2179,24,18,-20,-15,-21
28.671875,73,2179,2179,24,18,-20,-15,-21
28.67578125,73,2179,2179,24,18,-20,-15,-21
28.6796875,73,2179,2179,25,18,-20,-15,-21
28.68359375,73,2179,2179,25,18,-20,-15,-21
28.6875,73,2179,2179,25,18,-20,-15,-21
28.69140625,73,2179,2179,25,18,-20,-15,-21
28.6953125,73,2179,2179,26,18,-20,-15,-20
28.69921875,73,2179,2179,26,18,-20,-15,-20
28.703125,74,2179,2179,27,18,-20,-15,-20
28.70703125,73,2179,2179,26,18,-20,-15,-20
28.7109375,73,2179,2179,26,18,-20,-15,-20
28.71484375,73,2179,2179,26,18,-20,-15,-20
28.71875,73,2179,2179,26,18,-20,-15,-20
28.72265625,73,2179,2179,25,18,-20,-15,-20
28.7265625,73,2179,2179,25,18,-20,-15,-20
28.73046875,73,2179,2179,25,18,-20,-15,-20
28.734375,74,2179,2179,25,18,-20,-15,-20
28.73828125,74,2179,2179,25,18,-20,-15,-20
28.7421875,74,2179,2179,25,17,-20,-15,-20
28.74609375,74,2179,2179,25,17,-20,-15,-20
28.75,74,2179,2179,26,18,-20,-15,-20
28.75390625,74,2179,2179,27,18,-20,-15,-20
28.7578125,75,2179,2179,27,17,-20,-15,-20
28.76171875,74,2179,2179,27,17,-20,-15,-20
28.765625,75,2179,2179,28,18,-20,-15,-20
28.76953125,75,2179,2179,29,18,-20,-15,-20
28.7734375,76,2179,2179,29,17,-20,-15,-20
28.77734375,76,2179,2179,30,17,-20,-15,-21
28.78125,75,2179,2179,32,18,-20,-15,-21
28.78515625,75,2179,2179,34,18,-20,-15,-21
28.7890625,76,2179,2179,35,17,-20,-15,-20
28.79296875,76,2179,2179,37,17,-20,-15,-21
28.796875,75,2179,2179,39,18,-20,-15,-21
28.80078125,75,2179,2179,41,18,-20,-15,-21
28.8046875,76,2179,2179,43,18,-20,-15,-21
28.80859375,76,2179,2179,44,18,-20,-15,-20
28.8125,75,2179,2179,45,18,-20,-15,-20
28.81640625,75,2179,2179,47,18,-20,-15,-21
28.8203125,76,2179,2179,48,18,-20,-15,-21
28.82421875,75,2179,2179,49,18,-20,-15,-20
28.828125,75,2179,2179,51,18,-20,-15,-20
28.83203125,75,2179,2179,52,18,-20,-15,-20
28.8359375,75,2179,2179,54,18,-20,-15,-20
28.83984375,76,2179,2179,56,18,-20,-15,-20
28.84375,76,2179,2179,59,18,-20,-14,-20
28.84765625,76,2179,2179,62,18,-20,-14,-20
28.8515625,76,2179,2179,66,18,-20,-15,-20
28.85546875,76,2179,2179,69,18,-20,-15,-20
28.859375,76,2179,2179,72,18,-20,-15,-20
28.86328125,76,2179,2179,75,18,-20,-15,-20
28.8671875,76,2179,2179,78,18,-20,-15,-20
28.87109375,76,2179,2179,81,19,-20,-15,-20
28.875,77,2179,2179,83,18,-20,-15,-20
28.87890625,77,2179,2179,86,18,-20,-15,-20
28.8828125,77,2179,2179,88,18,-20,-15,-20
28.88671875,77,2179,2179,90,18,-20,-15,-20
28.890625,77,2179,2179,91,18,-20,-15,-20
28.89453125,77,2179,2179,92,18,-20,-15,-21
28.8984375,77,2179,2179,93,18,-20,-15,-20
28.90234375,77,2179,2179,95,18,-20,-15,-21
28.90625,77,2179,2179,96,18,-20,-15,-20
28.91015625,77,2179,2179,99,18,-20,-15,-21
28.9140625,77,2179,2179,104,18,-27,-15,-20
28.91796875,77,2179,2179,108,18,-20,-15,-21
28.921875,77,2179,2179,112,18,-20,-15,-21
28.92578125,77,2179,2179,116,18,-20,-15,-20
28.9296875,77,2179,2179,119,18,-20,-15,-21
28.93359375,77,2179,2179,122,18,-20,-15,-20
28.9375,77,2179,2179,123,18,-20,-15,-20
28.94140625,77,2179,2179,124,18,-20,-15,-20
28.9453125,77,2179,2179,126,18,-20,-15,-20
28.94921875,78,2179,2179,128,18,-20,-15,-20
28.953125,78,2179,2179,130,18,-20,-15,-20
28.95703125,78,2179,2179,132,17,-20,-15,-20
28.9609375,78,2179,2179,134,17,-20,-15,-20
28.96484375,78,2179,2179,137,18,-20,-15,-20
28.96875,78,2179,2179,139,18,-20,-15,-20
28.97265625,78,2179,2179,140,18,-20,-15,-20
28.9765625,78,2179,2179,140,17,-20,-15,-20
28.98046875,78,2179,2179,140,18,-20,-15,-20
28.984375,78,2179,2179,140,18,-20,-15,-20
28.98828125,79,2179,2179,139,18,-20,-15,-20
28.9921875,79,2179,2179,139,17,-20,-15,-20
28.99609375,79,2179,2179,140,17,-20,-15,-20
29.0,79,2179,2179,141,18,-20,-15,-20
29.00390625,79,2179,2179,143,18,-20,-15,-20
29.0078125,79,2179,2179,144,17,-20,-15,-20
29.01171875,79,2179,2179,145,18,-20,-15,-21
29.015625,79,2179,2179,147,18,-20,-15,-21
29.01953125,79,2179,2179,147,18,-20,-15,-20
29.0234375,79,2179,2179,147,18,-20,-15,-21
29.02734375,79,2179,2179,147,18,-20,-15,-20
29.03125,78,2179,2179,147,18,-20,-15,-21
29.03515625,78,2179,2179,147,18,-20,-15,-20
29.0390625,78,2179,2179,147,18,-14,-15,-20
29.04296875,78,2179,2179,148,18,-20,-15,-20
29.046875,77,2179,2179,149,18,-20,-15,-20
29.05078125,77,2179,2179,150,18,-20,-15,-20
29.0546875,78,2179,2179,151,18,-20,-15,-20
29.05859375,78,2179,2179,153,18,-20,-15,-20
29.0625,78,2179,2179,154,18,-20,-15,-20
29.06640625,78,2179,2179,156,18,-20,-15,-20
29.0703125,79,2179,2179,156,18,-20,-15,-20
29.07421875,79,2179,2179,156,18,-20,-15,-20
29.078125,78,2179,2179,156,18,-20,-15,-20
29.08203125,78,2179,2179,156,18,-20,-15,-20
29.0859375,78,2179,2179,155,18,-20,-15,-20
29.08984375,79,2179,2179,155,18,-20,-15,-21
29.09375,79,2179,2179,154,18,-20,-15,-20
29.09765625,78,2179,2179,155,18,-20,-15,-20
29.1015625,78,2179,2179,156,18,-20,-15,-20
29.10546875,79,2179,2179,156,18,-20,-15,-20
29.109375,79,2179,2179,157,18,-20,-15,-21
29.11328125,79,2179,2179,159,18,-20,-15,-20
29.1171875,79,2179,2179,159,18,-20,-15,-21
29.12109375,79,2179,2179,159,18,-20,-15,-20
29.125,79,2179,2179,159,18,-20,-15,-21
29.12890625,79,2179,2179,158,18,-20,-15,-21
29.1328125,79,2179,2179,158,18,-20,-15,-21
29.13671875,79,2179,2179,158,18,-20,-15,-21
29.140625,78,2179,2179,158,18,-20,-15,-21
29.14453125,78,2179,2179,159,18,-20,-15,-20
29.1484375,78,2179,2179,159,18,-20,-15,-21
29.15234375,78,2179,2179,160,18,-20,-15,-21
29.15625,78,2179,2179,160,18,-20,-15,-20
29.16015625,78,2179,2179,160,17,-20,-15,-20
29.1640625,77,2179,2179,160,18,-26,-15,-20
29.16796875,78,2179,2179,160,17,-20,-15,-20
29.171875,78,2179,2179,159,17,-20,-15,-20
29.17578125,77,2179,2179,159,17,-20,-15,-20
29.1796875,77,2179,2179,159,17,-20,-15,-20
29.18359375,77,2179,2179,160,17,-20,-15,-20
29.1875,77,2179,2179,161,17,-20,-15,-20
29.19140625,77,2179,2179,161,17,-20,-15,-20
29.1953125,77,2179,2179,161,17,-20,-15,-20
29.19921875,77,2179,2179,162,18,-20,-15,-20
29.203125,77,2179,2179,162,18,-20,-15,-20
29.20703125,77,2179,2179,162,17,-20,-15,-20
29.2109375,77,2179,2179,162,17,-20,-15,-20
29.21484375,76,2179,2179,162,18,-20,-15,-20
29.21875,76,2179,2179,162,18,-20,-15,-21
29.22265625,76,2179,2179,162,18,-20,-15,-21
29.2265625,76,2179,2179,162,18,-20,-15,-21
29.23046875,76,2179,2179,163,18,-20,-15,-21
29.234375,76,2179,2179,163,18,-20,-15,-21
29.23828125,76,2179,2179,162,18,-20,-15,-20
29.2421875,76,2179,2179,162,18,-20,-15,-21
29.24609375,75,2179,2179,161,18,-20,-15,-21
29.25,75,2179,2179,162,19,-20,-15,-21
29.25390625,75,2179,2179,162,19,-20,-15,-21
29.2578125,75,2179,2179,162,18,-20,-15,-20
29.26171875,75,2179,2179,162,18,-20,-15,-20
29.265625,74,2179,2179,163,19,-20,-15,-20
29.26953125,74,2179,2179,163,18,-20,-15,-20
29.2734375,74,2179,2179,163,18,-20,-15,-20
29.27734375,74,2179,2179,163,18,-20,-15,-20
29.28125,73,2179,2179,163,18,-20,-15,-20
29.28515625,73,2179,2179,163,18,-20,-15,-20
29.2890625,73,2179,2179,162,18,-15,-15,-20
29.29296875,73,2179,2179,162,18,-20,-15,-20
29.296875,73,2179,2179,163,18,-20,-14,-20
29.30078125,73,2179,2179,163,18,-20,-14,-20
29.3046875,73,2179,2179,163,18,-20,-15,-20
29.30859375,73,2179,2179,163,18,-20,-15,-20
29.3125,73,2179,2179,164,18,-20,-15,-20
29.31640625,72,2179,2179,164,18,-20,-15,-20
29.3203125,73,2179,2179,164,18,-20,-15,-20
29.32421875,72,2179,2179,164,17,-20,-15,-20
29.328125,72,2179,2179,164,17,-20,-15,-21
29.33203125,72,2179,2179,164,18,-20,-15,-21
29.3359375,72,2179,2179,164,18,-20,-15,-21
29.33984375,72,2179,2179,164,17,-20,-15,-20
29.34375,72,2179,2179,164,17,-20,-15,-21
29.34765625,71,2179,2179,164,18,-20,-15,-20
29.3515625,71,2179,2179,164,18,-20,-15,-21
29.35546875,71,2179,2179,164,18,-20,-15,-21
29.359375,71,2179,2179,164,18,-20,-15,-21
29.36328125,70,2179,2179,164,18,-20,-15,-20
29.3671875,70,2179,2179,164,18,-20,-15,-20
29.37109375,70,2179,2179,165,18,-20,-15,-20
29.375,69,2179,2179,164,18,-20,-15,-20
29.37890625,69,2179,2179,164,18,-20,-15,-20
29.3828125,68,2179,2179,165,18,-20,-15,-20
29.38671875,69,2179,2179,165,18,-20,-15,-20
29.390625,68,2179,2179,164,18,-20,-15,-20
29.39453125,68,2179,2179,164,18,-20,-15,-20
29.3984375,68,2179,2179,165,18,-20,-15,-20
29.40234375,68,2179,2179,165,18,-20,-15,-20
29.40625,68,2179,2179,165,18,-20,-15,-20
29.41015625,68,2179,2179,164,18,-20,-15,-20
29.4140625,68,2179,2179,165,18,-23,-15,-20
29.41796875,68,2179,2179,165,18,-20,-15,-20
29.421875,68,2179,2179,165,18,-20,-15,-20
29.42578125,68,2179,2179,166,18,-20,-15,-20
29.4296875,68,2179,2179,166,18,-20,-15,-20
29.43359375,68,2179,2179,167,18,-20,-15,-20
29.4375,68,2179,2179,167,18,-20,-15,-20
29.44140625,68,2179,2179,167,17,-20,-15,-20
29.4453125,67,2179,2179,167,18,-20,-15,-21
29.44921875,67,2179,2179,167,18,-20,-15,-20
29.453125,67,2179,2179,167,18,-20,-15,-21
29.45703125,67,2179,2179,166,18,-20,-15,-20
29.4609375,67,2179,2179,166,18,-20,-15,-21
29.46484375,66,2179,2179,167,18,-20,-15,-21
29.46875,66,2179,2179,167,18,-20,-15,-21
29.47265625,66,2179,2179,166,18,-20,-15,-21
29.4765625,66,2179,2179,166,18,-20,-15,-21
29.48046875,65,2179,2179,167,18,-20,-15,-21
29.484375,65,2179,2179,167,19,-20,-15,-20
29.48828125,65,2179,2179,167,18,-20,-15,-20
29.4921875,65,2179,2179,166,18,-20,-15,-20
29.49609375,65,2179,2179,166,18,-20,-15,-20
29.5,65,2179,2179,167,18,-20,-15,-20
29.50390625,65,2179,2179,167,18,-20,-15,-20
29.5078125,65,2179,2179,166,18,-20,-15,-20
29.51171875,65,2179,2179,167,18,-20,-15,-20
29.515625,65,2179,2179,168,18,-20,-15,-20
29.51953125,65,2179,2179,168,18,-20,-15,-20
29.5234375,65,2179,2179,168,18,-20,-15,-20
29.52734375,65,2179,2179,168,18,-20,-15,-20
29.53125,65,2179,2179,168,18,-20,-15,-20
29.53515625,65,2179,2179,168,18,-20,-15,-20
29.5390625,65,2179,2179,168,18,-17,-15,-20
29.54296875,65,2179,2179,167,18,-20,-15,-20
29.546875,65,2179,2179,167,19,-20,-15,-20
29.55078125,65,2179,2179,167,18,-20,-15,-20
29.5546875,65,2179,2179,167,18,-20,-15,-20
29.55859375,65,2179,2179,167,18,-20,-15,-20
29.5625,64,2179,2179,168,18,-20,-15,-20
29.56640625,64,2179,2179,169,18,-20,-15,-20
29.5703125,64,2179,2179,169,18,-20,-15,-20
29.57421875,64,2179,2179,169,18,-20,-15,-20
29.578125,63,2179,2179,169,18,-20,-15,-20
29.58203125,63,2179,2179,169,18,-20,-15,-20
29.5859375,63,2179,2179,169,18,-20,-15,-20
29.58984375,63,2179,2179,168,18,-20,-15,-20
29.59375,63,2179,2179,168,18,-20,-15,-20
29.59765625,63,2179,2179,168,18,-20,-15,-20
29.6015625,62,2179,2179,168,18,-20,-15,-20
29.60546875,62,2179,2179,168,18,-20,-15,-20
29.609375,62,2179,2179,168,17,-20,-15,-20
29.61328125,62,2179,2179,168,18,-20,-15,-20
29.6171875,62,2179,2179,168,18,-20,-15,-20
29.62109375,62,2179,2179,167,18,-20,-15,-20
29.625,62,2179,2179,167,17,-20,-15,-20
29.62890625,62,2179,2179,167,17,-20,-15,-20
29.6328125,62,2179,2179,167,18,-20,-14,-20
29.63671875,62,2179,2179,168,18,-20,-15,-20
29.640625,62,2179,2179,168,18,-20,-15,-20
29.64453125,62,2179,2179,168,18,-20,-15,-20
29.6484375,62,2179,2179,169,18,-20,-15,-20
29.65234375,62,2179,2179,169,18,-20,-15,-20
29.65625,62,2179,2179,169,18,-20,-15,-20
29.66015625,62,2179,2179,169,18,-20,-15,-20
29.6640625,62,2179,2179,170,18,-21,-15,-21
29.66796875,61,2179,2179,170,18,-20,-15,-21
29.671875,62,2179,2179,169,19,-20,-15,-21
29.67578125,61,2179,2179,170,18,-20,-15,-21
29.6796875,61,2179,2179,170,18,-20,-15,-21
29.68359375,61,2179,2179,170,18,-20,-15,-21
29.6875,61,2179,2179,170,18,-20,-15,-20
29.69140625,61,2179,2179,170,18,-20,-15,-20
29.6953125,61,2179,2179,170,18,-20,-15,-20
29.69921875,60,2179,2179,171,18,-20,-15,-20
29.703125,61,2179,2179,171,18,-20,-15,-20
29.70703125,61,2179,2179,170,18,-20,-15,-20
29.7109375,61,2179,2179,170,18,-20,-15,-20
29.71484375,60,2179,2179,171,18,-20,-15,-20
29.71875,60,2179,2179,171,18,-20,-15,-20
29.72265625,60,2179,2179,170,18,-20,-15,-20
29.7265625,60,2179,2179,170,18,-20,-15,-20
29.73046875,60,2179,2179,170,18,-20,-15,-20
29.734375,60,2179,2179,170,18,-20,-15,-20
29.73828125,60,2179,2179,170,18,-20,-15,-20
29.7421875,60,2179,2179,170,17,-20,-15,-20
29.74609375,59,2179,2179,170,17,-20,-15,-20
29.75,59,2179,2179,170,17,-20,-15,-20
29.75390625,60,2179,2179,170,17,-20,-15,-20
29.7578125,59,2179,2179,170,17,-20,-15,-20
29.76171875,59,2179,2179,170,17,-20,-15,-20
29.765625,59,2179,2179,170,18,-20,-15,-20
29.76953125,60,2179,2179,170,17,-20,-15,-20
29.7734375,59,2179,2179,170,17,-20,-15,-20
29.77734375,59,2179,2179,170,17,-20,-15,-20
29.78125,59,2179,2179,170,18,-20,-15,-20
29.78515625,59,2179,2179,170,18,-20,-15,-20
29.7890625,59,2179,2179,170,18,-19,-15,-21
29.79296875,59,2179,2179,170,18,-20,-15,-21
29.796875,59,2179,2179,170,17,-20,-15,-21
29.80078125,59,2179,2179,171,18,-20,-15,-20
29.8046875,59,2179,2179,170,18,-20,-15,-20
29.80859375,59,2179,2179,170,18,-20,-15,-20
29.8125,59,2179,2179,170,18,-20,-15,-20
29.81640625,58,2179,2179,170,18,-20,-15,-20
29.8203125,59,2179,2179,170,18,-20,-15,-20
29.82421875,58,2179,2179,170,18,-20,-15,-20
29.828125,58,2179,2179,170,18,-20,-15,-20
29.83203125,58,2179,2179,170,18,-20,-15,-20
29.8359375,58,2179,2179,171,18,-20,-15,-20
29.83984375,58,2179,2179,170,18,-20,-15,-20
29.84375,58,2179,2179,171,18,-20,-15,-20
29.84765625,58,2179,2179,171,18,-20,-15,-20
29.8515625,58,2179,2179,172,18,-20,-15,-20
29.85546875,58,2179,2179,172,18,-20,-15,-20
29.859375,58,2179,2179,172,18,-20,-15,-20
29.86328125,58,2179,2179,172,18,-20,-15,-20
29.8671875,58,2179,2179,172,18,-20,-15,-20
29.87109375,58,2179,2179,172,18,-20,-15,-20
29.875,58,2179,2179,171,18,-20,-15,-20
29.87890625,58,2179,2179,171,18,-20,-15,-20
29.8828125,58,2179,2179,171,18,-20,-15,-20
29.88671875,58,2179,2179,171,18,-20,-15,-20
29.890625,58,2179,2179,171,17,-20,-15,-20
29.89453125,58,2179,2179,171,18,-20,-15,-20
29.8984375,57,2179,2179,172,18,-20,-15,-20
29.90234375,57,2179,2179,172,18,-20,-15,-20
29.90625,58,2179,2179,172,18,-20,-15,-20
29.91015625,58,2179,2179,172,18,-20,-15,-21
29.9140625,57,2179,2179,173,18,-20,-15,-20
29.91796875,57,2179,2179,173,18,-20,-15,-20
29.921875,57,2179,2179,172,17,-20,-15,-20
29.92578125,57,2179,2179,172,18,-20,-15,-20
29.9296875,57,2179,2179,172,18,-20,-15,-20
29.93359375,56,2179,2179,171,18,-20,-15,-20
29.9375,56,2179,2179,171,18,-20,-15,-20
29.94140625,56,2179,2179,170,18,-20,-15,-20
29.9453125,56,2179,2179,170,18,-20,-15,-20
29.94921875,56,2179,2179,171,18,-20,-15,-20
29.953125,56,2179,2179,171,18,-20,-15,-20
29.95703125,56,2179,2179,171,18,-19,-15,-20
29.9609375,56,2179,2179,171,18,-20,-15,-20
29.96484375,56,2179,2179,172,18,-20,-15,-20
29.96875,56,2179,2179,172,18,-20,-15,-20
29.97265625,57,2179,2179,172,18,-20,-15,-20
29.9765625,57,2179,2179,172,18,-20,-15,-20
29.98046875,57,2179,2179,172,18,-20,-15,-20
29.984375,57,2179,2179,173,18,-20,-15,-20
29.98828125,57,2179,2179,172,18,-20,-15,-20
29.9921875,57,2179,2179,172,17,-20,-15,-20
29.99609375,57,2179,2179,172,17,-20,-15,-20
30.0,57,2179,2179,172,18,-20,-15,-20
30.00390625,57,2179,2179,172,18,-20,-15,-20
30.0078125,57,2179,2179,172,18,-20,-15,-20
30.01171875,56,2179,2179,172,18,-20,-15,-21
30.015625,56,2179,2179,172,18,-20,-15,-21
30.01953125,57,2179,2179,172,18,-20,-15,-20
30.0234375,56,2179,2179,171,18,-20,-15,-20
30.02734375,56,2179,2179,171,18,-20,-15,-20
30.03125,56,2179,2179,171,18,-20,-15,-20
30.03515625,56,2179,2179,171,18,-20,-15,-20
30.0390625,56,2179,2179,171,18,-19,-15,-20
30.04296875,56,2179,2179,171,18,-20,-15,-20
30.046875,55,2179,2179,172,17,-20,-15,-20
30.05078125,55,2179,2179,172,18,-20,-15,-20
30.0546875,55,2179,2179,173,18,-20,-15,-20
30.05859375,56,2179,2179,173,18,-20,-15,-20
30.0625,55,2179,2179,173,18,-20,-15,-20
30.06640625,55,2179,2179,173,18,-20,-15,-20
30.0703125,56,2179,2179,173,18,-20,-15,-20
30.07421875,56,2179,2179,172,18,-20,-15,-20
30.078125,56,2179,2179,172,18,-20,-15,-20
30.08203125,56,2179,2179,173,18,-20,-15,-20
30.0859375,56,2179,2179,173,18,-20,-15,-20
30.08984375,56,2179,2179,172,18,-20,-15,-20
30.09375,56,2179,2179,172,18,-20,-15,-20
30.09765625,56,2179,2179,173,18,-20,-15,-20
30.1015625,56,2179,2179,173,18,-20,-15,-21
30.10546875,56,2179,2179,172,18,-20,-15,-21
30.109375,56,2179,2179,172,18,-20,-15,-21
30.11328125,56,2179,2179,172,18,-20,-15,-21
30.1171875,56,2179,2179,171,18,-20,-15,-21
30.12109375,57,2179,2179,171,18,-20,-15,-21
30.125,57,2179,2179,171,18,-20,-15,-21
30.12890625,56,2179,2179,172,18,-20,-15,-20
30.1328125,56,2179,2179,172,18,-20,-15,-20
30.13671875,56,2179,2179,172,18,-20,-15,-20
30.140625,56,2179,2179,172,18,-20,-15,-20
30.14453125,56,2179,2179,172,18,-20,-15,-20
30.1484375,56,2179,2179,173,18,-20,-15,-20
30.15234375,56,2179,2179,172,18,-20,-15,-21
30.15625,56,2179,2179,172,17,-20,-15,-21
30.16015625,56,2179,2179,172,17,-20,-15,-20
30.1640625,55,2179,2179,172,18,-20,-15,-20
30.16796875,55,2179,2179,172,18,-20,-15,-20
30.171875,56,2179,2179,172,17,-20,-15,-20
30.17578125,56,2179,2179,172,17,-20,-15,-20
30.1796875,56,2179,2179,172,17,-20,-15,-20
30.18359375,56,2179,2179,172,18,-20,-15,-20
30.1875,56,2179,2179,172,18,-20,-15,-20
30.19140625,56,2179,2179,172,17,-20,-15,-20
30.1953125,56,2179,2179,172,17,-20,-15,-20
30.19921875,56,2179,2179,172,18,-20,-15,-20
30.203125,56,2179,2179,172,18,-20,-15,-20
30.20703125,56,2179,2179,172,17,-20,-15,-20
30.2109375,56,2179,2179,172,17,-20,-15,-20
30.21484375,56,2179,2179,172,18,-20,-15,-20
30.21875,56,2179,2179,172,18,-20,-15,-20
30.22265625,56,2179,2179,172,17,-20,-15,-21
30.2265625,56,2179,2179,172,18,-20,-15,-21
30.23046875,56,2179,2179,172,18,-20,-15,-21
30.234375,56,2179,2179,173,18,-20,-15,-21
30.23828125,56,2179,2179,172,18,-20,-15,-20
30.2421875,56,2179,2179,172,18,-20,-15,-20
30.24609375,56,2179,2179,173,18,-20,-15,-20
30.25,55,2179,2179,173,18,-20,-15,-20
30.25390625,56,2179,2179,174,18,-20,-15,-20
30.2578125,55,2179,2179,173,18,-20,-15,-20
30.26171875,55,2179,2179,173,18,-20,-15,-20
30.265625,55,2179,2179,174,18,-20,-15,-20
30.26953125,55,2179,2179,173,19,-20,-15,-20
30.2734375,55,2179,2179,173,18,-20,-15,-20
30.27734375,55,2179,2179,172,18,-20,-15,-20
30.28125,55,2179,2179,172,18,-20,-15,-20
30.28515625,55,2179,2179,173,18,-20,-15,-20
30.2890625,55,2179,2179,172,18,-20,-15,-20
30.29296875,55,2179,2179,173,18,-20,-15,-20
30.296875,55,2179,2179,173,17,-20,-15,-20
30.30078125,55,2179,2179,173,18,-20,-14,-20
30.3046875,55,2179,2179,173,18,-20,-15,-20
30.30859375,55,2179,2179,172,18,-20,-15,-20
30.3125,55,2179,2179,172,18,-20,-15,-20
30.31640625,55,2179,2179,172,18,-20,-15,-21
30.3203125,55,2179,2179,172,18,-20,-15,-20
30.32421875,55,2179,2179,172,17,-20,-15,-20
30.328125,55,2179,2179,172,17,-20,-15,-20
30.33203125,55,2179,2179,172,17,-20,-15,-20
30.3359375,55,2179,2179,172,17,-20,-15,-20
30.33984375,55,2179,2179,172,17,-20,-15,-20
30.34375,55,2179,2179,172,17,-20,-15,-20
30.34765625,54,2179,2179,172,18,-20,-15,-21
30.3515625,54,2179,2179,172,18,-20,-15,-20
30.35546875,54,2179,2179,172,18,-20,-15,-20
30.359375,54,2179,2179,172,18,-20,-15,-20
30.36328125,54,2179,2179,172,18,-20,-15,-20
30.3671875,54,2179,2179,172,18,-20,-15,-20
30.37109375,54,2179,2179,172,18,-20,-15,-20
30.375,54,2179,2179,172,18,-20,-15,-20
30.37890625,54,2179,2179,172,18,-20,-15,-20
30.3828125,53,2179,2179,173,18,-20,-15,-20
30.38671875,54,2179,2179,172,18,-20,-15,-20
30.390625,54,2179,2179,172,18,-20,-15,-20
30.39453125,54,2179,2179,172,18,-20,-15,-20
30.3984375,54,2179,2179,172,18,-20,-15,-20
30.40234375,54,2179,2179,173,18,-20,-15,-20
30.40625,54,2179,2179,172,18,-20,-15,-20
30.41015625,54,2179,2179,172,18,-20,-15,-20
30.4140625,53,2179,2179,173,18,-20,-15,-20
30.41796875,53,2179,2179,173,18,-20,-15,-20
30.421875,53,2179,2179,172,17,-20,-15,-20
30.42578125,53,2179,2179,173,18,-20,-15,-20
30.4296875,53,2179,2179,174,18,-20,-15,-20
30.43359375,53,2179,2179,173,18,-20,-15,-20
30.4375,54,2179,2179,173,18,-20,-15,-20
30.44140625,53,2179,2179,173,18,-20,-15,-20
30.4453125,53,2179,2179,173,18,-20,-15,-20
30.44921875,52,2179,2179,174,18,-20,-15,-20
30.453125,53,2179,2179,173,18,-20,-15,-20
30.45703125,53,2179,2179,173,18,-20,-15,-21
30.4609375,52,2179,2179,173,18,-20,-15,-21
30.46484375,52,2179,2179,173,18,-20,-15,-20
30.46875,52,2179,2179,173,18,-20,-15,-21
30.47265625,52,2179,2179,173,18,-20,-15,-20
30.4765625,52,2179,2179,172,18,-20,-15,-20
30.48046875,51,2179,2179,172,18,-20,-15,-20
30.484375,51,2179,2179,172,18,-20,-15,-20
30.48828125,51,2179,2179,170,18,-20,-15,-20
30.4921875,51,2179,2179,166,18,-20,-15,-20
30.49609375,51,2179,2179,162,18,-20,-15,-20
30.5,51,2179,2179,155,18,-20,-15,-20
30.50390625,51,2179,2179,147,18,-20,-15,-20
30.5078125,51,2179,2179,137,18,-20,-15,-20
30.51171875,50,2179,2179,127,18,-20,-15,-20
30.515625,50,2179,2179,118,18,-20,-15,-20
30.51953125,50,2179,2179,111,18,-20,-15,-20
30.5234375,50,2179,2179,105,18,-20,-15,-20
30.52734375,50,2179,2179,100,18,-20,-15,-20
30.53125,50,2179,2179,97,18,-20,-15,-20
30.53515625,50,2179,2179,94,18,-20,-15,-20
30.5390625,50,2179,2179,92,18,-20,-15,-20
30.54296875,50,2179,2179,90,18,-20,-15,-20
30.546875,50,2179,2179,89,17,-20,-15,-20
30.55078125,50,2179,2179,89,18,-20,-15,-20
30.5546875,50,2179,2179,89,18,-20,-15,-20
30.55859375,50,2179,2179,89,18,-20,-15,-20
30.5625,49,2179,2179,89,18,-20,-15,-20
30.56640625,49,2179,2179,86,18,-20,-15,-20
30.5703125,49,2179,2179,80,18,-20,-15,-20
30.57421875,48,2179,2179,70,18,-20,-15,-20
30.578125,48,2179,2179,58,17,-20,-15,-20
30.58203125,47,2179,2179,47,18,-20,-15,-21
30.5859375,47,2179,2179,36,18,-20,-15,-20
30.58984375,47,2179,2179,28,17,-20,-15,-20
30.59375,47,2179,2179,24,17,-20,-15,-20
30.59765625,46,2179,2179,23,18,-20,-15,-20
30.6015625,46,2179,2179,24,18,-20,-15,-20
30.60546875,46,2179,2179,25,17,-20,-15,-20
30.609375,46,2179,2179,26,17,-20,-15,-20
30.61328125,45,2179,2179,27,17,-20,-15,-20
30.6171875,45,2179,2179,26,18,-20,-15,-20
30.62109375,45,2179,2179,25,18,-20,-15,-20
30.625,45,2179,2179,24,17,-20,-15,-20
30.62890625,45,2179,2179,23,17,-20,-15,-20
30.6328125,45,2179,2179,23,18,-20,-15,-20
30.63671875,45,2179,2179,23,18,-20,-15,-20
30.640625,45,2179,2179,23,18,-20,-15,-20
30.64453125,45,2179,2179,24,18,-20,-15,-20
30.6484375,44,2179,2179,25,18,-20,-15,-20
30.65234375,45,2179,2179,25,18,-20,-15,-20
30.65625,45,2179,2179,25,18,-20,-15,-20
30.66015625,44,2179,2179,24,18,-20,-15,-20
30.6640625,44,2179,2179,24,18,-20,-15,-20
30.66796875,43,2179,2179,24,18,-20,-15,-20
30.671875,43,2179,2179,24,18,-20,-15,-20
30.67578125,43,2179,2179,24,18,-20,-15,-20
30.6796875,43,2179,2179,23,18,-20,-15,-21
30.68359375,43,2179,2179,24,18,-20,-15,-20
30.6875,43,2179,2179,24,18,-20,-15,-21
30.69140625,43,2179,2179,24,18,-20,-15,-21
30.6953125,42,2179,2179,24,18,-20,-15,-20
30.69921875,41,2179,2179,24,18,-20,-15,-20
30.703125,41,2179,2179,25,19,-20,-15,-21
30.70703125,41,2179,2179,24,18,-20,-15,-20
30.7109375,40,2179,2179,24,18,-20,-15,-20
30.71484375,39,2179,2179,24,18,-20,-15,-20
30.71875,39,2179,2179,24,18,-20,-15,-20
30.72265625,39,2179,2179,24,18,-20,-15,-20
30.7265625,39,2179,2179,24,18,-20,-15,-20
30.73046875,38,2179,2179,24,18,-20,-15,-20
30.734375,38,2179,2179,25,18,-20,-15,-20
30.73828125,38,2179,2179,24,18,-20,-15,-20
30.7421875,38,2179,2179,24,18,-20,-15,-20
30.74609375,37,2179,2179,24,18,-20,-15,-20
30.75,37,2179,2179,24,18,-20,-15,-20
30.75390625,37,2179,2179,24,18,-20,-15,-20
30.7578125,37,2179,2179,24,17,-20,-15,-20
30.76171875,37,2179,2179,24,17,-20,-15,-20
30.765625,37,2179,2179,24,18,-20,-15,-20
30.76953125,37,2179,2179,24,17,-20,-15,-20
30.7734375,37,2179,2179,24,17,-20,-15,-21
30.77734375,36,2179,2179,23,17,-20,-15,-20
30.78125,36,2179,2179,24,17,-20,-15,-20
30.78515625,36,2179,2179,24,17,-20,-15,-20
30.7890625,36,2179,2179,23,17,-20,-15,-21
30.79296875,36,2179,2179,24,17,-20,-15,-20
30.796875,35,2179,2179,24,17,-20,-15,-20
30.80078125,35,2179,2179,24,17,-20,-15,-20
30.8046875,35,2179,2179,23,17,-20,-15,-20
30.80859375,35,2179,2179,23,17,-20,-15,-20
30.8125,34,2179,2179,23,17,-20,-15,-20
30.81640625,34,2179,2179,24,18,-20,-15,-20
30.8203125,35,2179,2179,24,18,-20,-15,-20
30.82421875,34,2179,2179,24,18,-20,-15,-20
30.828125,34,2179,2179,24,18,-20,-15,-20
30.83203125,34,2179,2179,24,18,-20,-15,-20
30.8359375,34,2179,2179,24,18,-20,-15,-20
30.83984375,34,2179,2179,24,18,-19,-15,-20
30.84375,34,2179,2179,24,18,-19,-15,-20
30.84765625,33,2179,2179,25,18,-20,-15,-20
30.8515625,33,2179,2179,25,18,-20,-15,-20
30.85546875,34,2179,2179,24,18,-20,-15,-20
30.859375,34,2179,2179,24,18,-20,-15,-20
30.86328125,33,2179,2179,25,18,-20,-15,-20
30.8671875,34,2179,2179,24,18,-20,-15,-20
30.87109375,34,2179,2179,24,18,-20,-15,-20
30.875,34,2179,2179,24,18,-20,-15,-20
30.87890625,34,2179,2179,24,17,-20,-15,-20
30.8828125,33,2179,2179,24,18,-20,-15,-20
30.88671875,33,2179,2179,24,18,-20,-15,-20
30.890625,33,2179,2179,24,18,-20,-15,-20
30.89453125,33,2179,2179,24,18,-20,-15,-21
30.8984375,32,2179,2179,24,18,-20,-15,-20
30.90234375,32,2179,2179,24,18,-20,-15,-20
30.90625,33,2179,2179,24,18,-20,-15,-20
30.91015625,33,2179,2179,24,18,-20,-15,-20
30.9140625,32,2179,2179,24,18,-20,-15,-20
30.91796875,33,2179,2179,24,18,-20,-15,-20
30.921875,32,2179,2179,24,18,-20,-15,-20
30.92578125,32,2179,2179,24,18,-20,-15,-20
30.9296875,31,2179,2179,23,18,-20,-15,-20
30.93359375,31,2179,2179,25,18,-20,-15,-20
30.9375,31,2179,2179,24,18,-20,-15,-20
30.94140625,31,2179,2179,24,18,-20,-15,-20
30.9453125,31,2179,2179,24,18,-20,-15,-20
30.94921875,31,2179,2179,24,18,-20,-15,-20
30.953125,31,2179,2179,24,18,-20,-15,-20
30.95703125,31,2179,2179,24,18,-20,-15,-19
30.9609375,31,2179,2179,24,18,-20,-15,-20
30.96484375,31,2179,2179,24,18,-20,-15,-20
30.96875,31,2179,2179,24,18,-20,-15,-21
30.97265625,31,2179,2179,23,17,-20,-15,-21
30.9765625,31,2179,2179,23,17,-20,-15,-21
30.98046875,30,2179,2179,24,17,-20,-15,-21
30.984375,30,2179,2179,24,17,-20,-15,-20
30.98828125,31,2179,2179,23,17,-20,-15,-20
30.9921875,31,2179,2179,24,17,-20,-15,-20
30.99609375,30,2179,2179,24,17,-20,-15,-21
31.0,30,2179,2179,24,18,-20,-15,-20
31.00390625,30,2179,2179,24,18,-20,-15,-21
31.0078125,30,2179,2179,24,17,-20,-15,-21
31.01171875,29,2179,2179,24,17,-20,-15,-21
31.015625,29,2179,2179,24,18,-20,-15,-21
31.01953125,29,2179,2179,24,18,-20,-15,-20
31.0234375,29,2179,2179,24,18,-20,-15,-20
31.02734375,29,2179,2179,24,18,-20,-15,-20
31.03125,29,2179,2179,24,18,-20,-15,-20
31.03515625,29,2179,2179,24,18,-20,-15,-20
31.0390625,29,2179,2179,24,18,-20,-15,-20
31.04296875,29,2179,2179,24,18,-20,-15,-20
31.046875,28,2179,2179,24,18,-20,-15,-20
31.05078125,28,2179,2179,24,18,-20,-15,-20
31.0546875,28,2179,2179,24,18,-20,-15,-20
31.05859375,28,2179,2179,24,18,-20,-15,-20
31.0625,28,2179,2179,24,18,-20,-15,-20
31.06640625,28,2179,2179,24,18,-20,-15,-20
31.0703125,29,2179,2179,24,18,-20,-15,-20
31.07421875,28,2179,2179,24,18,-20,-15,-20
31.078125,28,2179,2179,24,18,-20,-15,-20
31.08203125,28,2179,2179,24,18,-20,-15,-20
31.0859375,28,2179,2179,24,18,-20,-15,-20
31.08984375,28,2179,2179,24,18,-20,-15,-20
31.09375,28,2179,2179,24,18,-20,-15,-20
31.09765625,28,2179,2179,24,18,-20,-15,-20
31.1015625,28,2179,2179,24,18,-20,-15,-20
31.10546875,28,2179,2179,24,18,-20,-15,-21
31.109375,28,2179,2179,24,18,-20,-15,-20
31.11328125,28,2179,2179,25,18,-20,-15,-21
31.1171875,28,2179,2179,25,18,-20,-15,-20
31.12109375,28,2179,2179,24,18,-20,-15,-20
31.125,28,2179,2179,24,18,-20,-15,-20
31.12890625,28,2179,2179,24,18,-20,-15,-20
31.1328125,28,2179,2179,24,18,-20,-15,-20
31.13671875,28,2179,2179,24,18,-20,-15,-20
31.140625,28,2179,2179,24,18,-20,-15,-20
31.14453125,28,2179,2179,24,17,-20,-15,-21
31.1484375,28,2179,2179,24,17,-20,-15,-20
31.15234375,27,2179,2179,24,18,-20,-15,-20
31.15625,28,2179,2179,24,17,-20,-15,-20
31.16015625,28,2179,2179,24,17,-20,-15,-20
31.1640625,27,2179,2179,24,18,-20,-15,-20
31.16796875,27,2179,2179,24,18,-20,-15,-20
31.171875,28,2179,2179,23,17,-20,-15,-20
31.17578125,28,2179,2179,23,17,-20,-15,-20
31.1796875,28,2179,2179,23,17,-20,-15,-20
31.18359375,27,2179,2179,24,17,-20,-15,-20
31.1875,27,2179,2179,24,17,-20,-15,-20
31.19140625,27,2179,2179,24,17,-20,-15,-20
31.1953125,27,2179,2179,24,17,-20,-15,-20
31.19921875,27,2179,2179,24,18,-20,-15,-20
31.203125,27,2179,2179,24,18,-20,-15,-20
31.20703125,27,2179,2179,24,17,-20,-15,-20
31.2109375,28,2179,2179,24,17,-20,-15,-20
31.21484375,27,2179,2179,24,18,-20,-17,-21
31.21875,27,2179,2179,24,18,-20,-15,-21
31.22265625,27,2179,2179,24,18,-20,-15,-21
31.2265625,27,2179,2179,24,18,-20,-15,-21
31.23046875,27,2179,2179,24,18,-20,-15,-21
31.234375,27,2179,2179,24,18,-20,-15,-21
31.23828125,27,2179,2179,24,18,-20,-15,-21
31.2421875,27,2179,2179,24,18,-20,-15,-20
31.24609375,27,2179,2179,24,18,-20,-15,-20
31.25,27,2179,2179,25,18,-20,-15,-21
31.25390625,27,2179,2179,25,19,-20,-15,-21
31.2578125,27,2179,2179,24,18,-20,-15,-20
31.26171875,27,2179,2179,24,18,-20,-15,-20
31.265625,27,2179,2179,25,18,-20,-15,-20
31.26953125,27,2179,2179,24,18,-20,-15,-20
31.2734375,27,2179,2179,24,18,-20,-15,-20
31.27734375,27,2179,2179,24,18,-20,-15,-20
31.28125,27,2179,2179,24,18,-20,-15,-20
31.28515625,27,2179,2179,24,18,-20,-15,-20
31.2890625,27,2179,2179,24,18,-20,-15,-20
31.29296875,27,2179,2179,24,18,-20,-15,-20
31.296875,27,2179,2179,24,18,-20,-15,-20
31.30078125,27,2179,2179,24,18,-20,-15,-20
31.3046875,27,2179,2179,24,18,-20,-15,-20
31.30859375,27,2179,2179,24,18,-20,-15,-20
31.3125,27,2179,2179,24,18,-20,-15,-20
31.31640625,27,2179,2179,24,18,-20,-15,-20
31.3203125,28,2179,2179,24,18,-20,-15,-20
31.32421875,28,2179,2179,24,17,-20,-15,-20
31.328125,27,2179,2179,24,17,-20,-15,-20
31.33203125,27,2179,2179,24,17,-20,-15,-20
31.3359375,27,2179,2179,24,17,-20,-15,-20
31.33984375,27,2179,2179,23,17,-20,-15,-21
31.34375,27,2179,2179,24,17,-20,-15,-21
31.34765625,27,2179,2179,24,17,-20,-15,-20
31.3515625,27,2179,2179,24,18,-20,-15,-20
31.35546875,27,2179,2179,24,17,-20,-15,-20
31.359375,27,2179,2179,24,18,-20,-15,-20
31.36328125,26,2179,2179,24,18,-20,-15,-20
31.3671875,26,2179,2179,24,18,-20,-15,-21
31.37109375,26,2179,2179,24,18,-20,-15,-20
31.375,26,2179,2179,24,18,-20,-15,-20
31.37890625,26,2179,2179,24,18,-20,-15,-20
31.3828125,26,2179,2179,24,18,-20,-15,-20
31.38671875,26,2179,2179,24,18,-20,-15,-20
31.390625,27,2179,2179,24,18,-20,-15,-20
31.39453125,27,2179,2179,24,18,-20,-15,-20
31.3984375,27,2179,2179,24,18,-20,-15,-20
31.40234375,27,2179,2179,24,18,-20,-15,-20
31.40625,27,2179,2179,24,18,-20,-15,-20
31.41015625,27,2179,2179,24,18,-20,-15,-20
31.4140625,27,2179,2179,24,18,-20,-15,-20
31.41796875,27,2179,2179,24,18,-20,-15,-20
31.421875,28,2179,2179,24,18,-20,-15,-20
31.42578125,28,2179,2179,24,17,-20,-15,-20
31.4296875,28,2179,2179,24,17,-20,-15,-20
31.43359375,28,2179,2179,24,18,-20,-15,-20
31.4375,28,2179,2179,24,18,-20,-15,-21
31.44140625,28,2179,2179,24,17,-20,-15,-21
31.4453125,28,2179,2179,24,18,-20,-15,-20
31.44921875,28,2179,2179,24,18,-20,-15,-21
31.453125,29,2179,2179,24,18,-20,-15,-21
31.45703125,29,2179,2179,24,18,-20,-15,-20
31.4609375,29,2179,2179,24,18,-20,-15,-20
31.46484375,29,2179,2179,25,18,-20,-15,-20
31.46875,29,2179,2179,24,18,-20,-15,-20
31.47265625,30,2179,2179,24,18,-20,-15,-20
31.4765625,30,2179,2179,24,18,-20,-15,-20
31.48046875,29,2179,2179,24,18,-20,-15,-20
31.484375,29,2179,2179,24,18,-20,-15,-20
31.48828125,29,2179,2179,24,18,-20,-15,-20
31.4921875,29,2179,2179,24,18,-20,-15,-20
31.49609375,29,2179,2179,24,18,-20,-15,-20
31.5,29,2179,2179,24,18,-20,-15,-20
31.50390625,29,2179,2179,24,18,-20,-15,-20
31.5078125,29,2179,2179,24,18,-20,-15,-20
31.51171875,29,2179,2179,24,18,-20,-15,-20
31.515625,29,2179,2179,24,18,-20,-15,-20
31.51953125,29,2179,2179,24,18,-20,-15,-20
31.5234375,29,2179,2179,24,18,-20,-15,-20
31.52734375,29,2179,2179,24,18,-20,-15,-20
31.53125,29,2179,2179,24,18,-20,-15,-20
31.53515625,29,2179,2179,24,18,-20,-15,-20
31.5390625,30,2179,2179,24,18,-20,-15,-20
31.54296875,30,2179,2179,24,18,-20,-15,-20
31.546875,29,2179,2179,24,17,-20,-15,-20
31.55078125,29,2179,2179,24,18,-20,-15,-21
31.5546875,30,2179,2179,24,18,-20,-15,-21
31.55859375,29,2179,2179,24,18,-20,-15,-21
31.5625,29,2179,2179,24,18,-20,-15,-21
31.56640625,29,2179,2179,24,18,-20,-15,-21
31.5703125,29,2179,2179,24,18,-20,-15,-21
31.57421875,29,2179,2179,24,18,-20,-15,-21
31.578125,29,2179,2179,24,18,-20,-15,-21
31.58203125,29,2179,2179,24,18,-20,-15,-20
31.5859375,29,2179,2179,24,18,-20,-15,-20
31.58984375,29,2179,2179,24,18,-20,-14,-20
31.59375,29,2179,2179,24,18,-20,-15,-20
31.59765625,29,2179,2179,24,18,-20,-15,-20
31.6015625,29,2179,2179,24,18,-20,-15,-20
31.60546875,29,2179,2179,24,18,-20,-15,-20
31.609375,29,2179,2179,24,17,-20,-15,-20
31.61328125,29,2179,2179,24,17,-20,-15,-20
31.6171875,29,2179,2179,24,18,-20,-15,-20
31.62109375,30,2179,2179,24,18,-20,-15,-20
31.625,30,2179,2179,24,18,-20,-14,-20
31.62890625,30,2179,2179,24,18,-20,-15,-20
31.6328125,30,2179,2179,24,18,-20,-15,-20
31.63671875,30,2179,2179,24,18,-20,-15,-20
31.640625,31,2179,2179,24,18,-20,-15,-20
31.64453125,31,2179,2179,24,18,-20,-15,-20
31.6484375,31,2179,2179,24,18,-20,-15,-20
31.65234375,31,2179,2179,24,18,-20,-15,-20
31.65625,32,2179,2179,24,18,-20,-15,-21
31.66015625,32,2179,2179,24,18,-20,-15,-20
31.6640625,32,2179,2179,24,18,-20,-15,-21
31.66796875,32,2179,2179,25,18,-20,-15,-21
31.671875,33,2179,2179,24,18,-20,-15,-21
31.67578125,33,2179,2179,24,18,-20,-15,-20
31.6796875,33,2179,2179,24,18,-20,-15,-20
31.68359375,33,2179,2179,25,18,-20,-15,-20
31.6875,33,2179,2179,25,18,-20,-15,-20
31.69140625,33,2179,2179,24,18,-20,-15,-20
31.6953125,33,2179,2179,24,18,-20,-15,-20
31.69921875,33,2179,2179,25,18,-20,-15,-20
31.703125,33,2179,2179,25,18,-20,-15,-20
31.70703125,33,2179,2179,24,18,-20,-15,-20
31.7109375,33,2179,2179,24,18,-20,-15,-20
31.71484375,33,2179,2179,24,18,-20,-14,-20
31.71875,34,2179,2179,24,18,-19,-15,-20
31.72265625,35,2179,2179,24,18,-20,-15,-20
31.7265625,35,2179,2179,24,18,-19,-15,-20
31.73046875,35,2179,2179,24,18,-20,-15,-20
31.734375,35,2179,2179,24,18,-20,-15,-20
31.73828125,36,2179,2179,24,18,-20,-15,-20
31.7421875,37,2179,2179,24,17,-20,-15,-20
31.74609375,36,2179,2179,24,17,-20,-15,-20
31.75,37,2179,2179,24,17,-20,-15,-21
31.75390625,37,2179,2179,24,18,-20,-15,-20
31.7578125,37,2179,2179,24,17,-20,-15,-20
31.76171875,37,2179,2179,24,17,-20,-15,-20
31.765625,37,2179,2179,24,17,-20,-15,-20
31.76953125,37,2179,2179,24,18,-20,-15,-21
31.7734375,38,2179,2179,23,17,-20,-15,-20
31.77734375,38,2179,2179,24,17,-20,-15,-20
31.78125,38,2179,2179,24,17,-20,-15,-21
31.78515625,38,2179,2179,24,18,-20,-15,-21
31.7890625,39,2179,2179,24,17,-20,-15,-21
31.79296875,39,2179,2179,24,17,-20,-15,-20
31.796875,39,2179,2179,24,18,-20,-15,-21
31.80078125,39,2179,2179,24,18,-20,-15,-20
31.8046875,40,2179,2179,24,18,-20,-15,-20
31.80859375,40,2179,2179,24,18,-20,-15,-20
31.8125,40,2179,2179,24,18,-20,-15,-20
31.81640625,40,2179,2179,24,18,-20,-15,-20
31.8203125,41,2179,2179,24,18,-20,-15,-20
31.82421875,42,2179,2179,24,18,-20,-15,-20
31.828125,42,2179,2179,24,18,-20,-15,-20
31.83203125,42,2179,2179,24,18,-20,-15,-20
31.8359375,43,2179,2179,24,18,-19,-15,-20
31.83984375,44,2179,2179,24,18,-20,-14,-20
31.84375,44,2179,2179,24,18,-20,-15,-20
31.84765625,45,2179,2179,24,18,-22,-15,-20
31.8515625,45,2179,2179,24,18,-20,-15,-20
31.85546875,46,2179,2179,24,18,-20,-15,-20
31.859375,46,2179,2179,24,17,-20,-15,-20
31.86328125,46,2179,2179,24,17,-20,-15,-20
31.8671875,47,2179,2179,24,18,-20,-15,-20
31.87109375,48,2179,2179,24,18,-20,-15,-20
31.875,48,2179,2179,24,17,-20,-15,-21
31.87890625,49,2179,2179,24,18,-20,-15,-21
31.8828125,49,2179,2179,24,18,-20,-15,-21
31.88671875,49,2179,2179,24,18,-20,-15,-21
31.890625,50,2179,2179,24,18,-20,-15,-21
31.89453125,51,2179,2179,24,18,-20,-15,-21
31.8984375,51,2179,2179,24,18,-20,-15,-21
31.90234375,51,2179,2179,24,18,-20,-15,-21
31.90625,52,2179,2179,24,18,-20,-15,-21
31.91015625,53,2179,2179,24,18,-20,-15,-21
31.9140625,53,2179,2179,24,18,-20,-15,-21
31.91796875,54,2179,2179,24,18,-20,-15,-21
31.921875,55,2179,2179,24,18,-20,-15,-20
31.92578125,55,2179,2179,24,17,-20,-15,-20
31.9296875,56,2179,2179,24,18,-20,-15,-20
31.93359375,56,2179,2179,24,18,-20,-15,-20
31.9375,57,2179,2179,24,18,-20,-15,-20
31.94140625,58,2179,2179,24,18,-20,-15,-20
31.9453125,58,2179,2179,24,18,-20,-15,-20
31.94921875,59,2179,2179,24,18,-20,-15,-20
31.953125,59,2179,2179,24,18,-20,-15,-20
31.95703125,60,2179,2179,24,17,-20,-14,-20
31.9609375,60,2179,2179,24,17,-20,-15,-20
31.96484375,60,2179,2179,24,18,-20,-14,-20
31.96875,61,2179,2179,24,18,-20,-15,-20
31.97265625,61,2179,2179,24,17,-16,-15,-20
31.9765625,61,2179,2179,24,17,-20,-15,-20
31.98046875,62,2179,2179,24,17,-20,-15,-20
31.984375,62,2179,2179,24,17,-20,-15,-20
31.98828125,63,2179,2179,24,17,-20,-15,-20
31.9921875,63,2179,2179,24,17,-20,-15,-20
31.99609375,63,2179,2179,24,17,-20,-15,-20
32.0,64,2179,2179,24,18,-20,-15,-21
32.00390625,65,2179,2179,24,18,-20,-15,-21
32.0078125,65,2179,2179,24,18,-20,-15,-20
32.01171875,65,2179,2179,24,18,-20,-15,-21
32.015625,65,2179,2179,25,18,-20,-15,-21
32.01953125,66,2179,2179,24,18,-20,-15,-20
32.0234375,66,2179,2179,24,18,-20,-15,-20
32.02734375,67,2179,2179,24,18,-20,-15,-20
32.03125,67,2179,2179,24,18,-20,-15,-20
32.03515625,67,2179,2179,24,18,-20,-15,-20
32.0390625,67,2179,2179,24,18,-20,-15,-20
32.04296875,67,2179,2179,24,18,-20,-15,-20
32.046875,67,2179,2179,24,17,-20,-15,-20
32.05078125,67,2179,2179,24,18,-20,-15,-20
32.0546875,68,2179,2179,24,18,-20,-15,-20
32.05859375,68,2179,2179,24,17,-20,-15,-20
32.0625,68,2179,2179,24,17,-20,-15,-20
32.06640625,69,2179,2179,24,18,-20,-15,-20
32.0703125,70,2179,2179,24,18,-20,-15,-20
32.07421875,70,2179,2179,24,18,-20,-15,-20
32.078125,70,2179,2179,24,18,-20,-15,-20
32.08203125,70,2179,2179,24,18,-20,-15,-20
32.0859375,70,2179,2179,24,18,-20,-15,-21
32.08984375,71,2179,2179,24,18,-20,-15,-20
32.09375,71,2179,2179,24,18,-20,-15,-20
32.09765625,71,2179,2179,24,18,-27,-15,-20
32.1015625,72,2179,2179,24,18,-20,-15,-20
32.10546875,72,2179,2179,24,18,-20,-15,-20
32.109375,72,2179,2179,24,18,-20,-15,-20
32.11328125,72,2179,2179,24,18,-20,-15,-20
32.1171875,72,2179,2179,24,18,-20,-15,-20
32.12109375,73,2179,2179,24,18,-20,-15,-20
32.125,73,2179,2179,24,18,-20,-15,-20
32.12890625,73,2179,2179,24,18,-20,-15,-20
32.1328125,73,2179,2179,24,18,-20,-15,-21
32.13671875,73,2179,2179,24,18,-20,-15,-21
32.140625,73,2179,2179,24,17,-20,-15,-20
32.14453125,73,2179,2179,24,18,-20,-15,-20
32.1484375,72,2179,2179,24,18,-20,-15,-20
32.15234375,72,2179,2179,24,18,-20,-15,-20
32.15625,72,2179,2179,24,17,-20,-15,-20
32.16015625,72,2179,2179,24,17,-20,-15,-20
32.1640625,72,2179,2179,24,18,-20,-15,-20
32.16796875,73,2179,2179,24,17,-20,-15,-20
32.171875,73,2179,2179,24,17,-20,-15,-20
32.17578125,73,2179,2179,23,17,-20,-15,-20
32.1796875,73,2179,2179,23,17,-20,-15,-20
32.18359375,73,2179,2179,24,17,-20,-15,-20
32.1875,73,2179,2179,24,17,-20,-15,-20
32.19140625,73,2179,2179,24,17,-20,-15,-20
32.1953125,73,2179,2179,24,17,-20,-15,-20
32.19921875,73,2179,2179,24,17,-20,-15,-20
32.203125,73,2179,2179,24,18,-20,-15,-20
32.20703125,74,2179,2179,24,17,-20,-15,-20
32.2109375,74,2179,2179,24,17,-20,-15,-21
32.21484375,73,2179,2179,25,18,-20,-15,-20
32.21875,73,2179,2179,25,18,-20,-15,-20
32.22265625,73,2179,2179,25,18,-14,-15,-20
32.2265625,74,2179,2179,25,18,-20,-15,-20
32.23046875,73,2179,2179,25,18,-20,-15,-21
32.234375,74,2179,2179,26,18,-20,-15,-21
32.23828125,74,2179,2179,25,18,-20,-15,-21
32.2421875,74,2179,2179,26,18,-20,-15,-20
32.24609375,74,2179,2179,26,18,-20,-15,-20
32.25,74,2179,2179,27,19,-20,-15,-20
32.25390625,74,2179,2179,27,19,-20,-15,-20
32.2578125,74,2179,2179,27,18,-20,-15,-20
32.26171875,74,2179,2179,27,18,-20,-15,-20
32.265625,74,2179,2179,27,18,-20,-15,-20
32.26953125,74,2179,2179,28,18,-20,-15,-20
32.2734375,74,2179,2179,28,18,-20,-15,-20
32.27734375,75,2179,2179,28,18,-20,-15,-20
32.28125,74,2179,2179,29,18,-20,-15,-20
32.28515625,75,2179,2179,30,18,-20,-15,-20
32.2890625,75,2179,2179,31,18,-20,-15,-20
32.29296875,75,2179,2179,32,18,-20,-15,-20
32.296875,75,2179,2179,34,18,-20,-15,-20
32.30078125,75,2179,2179,36,18,-20,-15,-20
32.3046875,76,2179,2179,38,18,-20,-15,-20
32.30859375,76,2179,2179,40,18,-20,-15,-20
32.3125,75,2179,2179,42,18,-20,-15,-20
32.31640625,75,2179,2179,44,18,-20,-15,-20
32.3203125,76,2179,2179,46,18,-20,-15,-20
32.32421875,76,2179,2179,49,18,-20,-15,-20
32.328125,76,2179,2179,51,17,-20,-15,-21
32.33203125,76,2179,2179,53,17,-20,-15,-21
32.3359375,76,2179,2179,55,17,-20,-15,-21
32.33984375,76,2179,2179,56,17,-20,-15,-21
32.34375,76,2179,2179,57,17,-20,-15,-20
32.34765625,75,2179,2179,58,17,-25,-15,-21
32.3515625,75,2179,2179,58,17,-20,-15,-21
32.35546875,76,2179,2179,59,17,-20,-15,-21
32.359375,76,2179,2179,61,17,-20,-15,-20
32.36328125,75,2179,2179,64,18,-20,-15,-21
32.3671875,75,2179,2179,68,18,-20,-15,-21
32.37109375,75,2179,2179,72,18,-20,-15,-20
32.375,75,2179,2179,76,18,-20,-15,-20
32.37890625,74,2179,2179,79,18,-20,-15,-20
32.3828125,74,2179,2179,82,18,-20,-15,-20
32.38671875,75,2179,2179,84,18,-20,-15,-20
32.390625,75,2179,2179,85,18,-19,-15,-20
32.39453125,75,2179,2179,86,18,-20,-15,-20
32.3984375,75,2179,2179,89,18,-20,-15,-20
32.40234375,75,2179,2179,92,18,-20,-15,-20
32.40625,75,2179,2179,96,17,-20,-15,-20
32.41015625,75,2179,2179,101,17,-20,-15,-20
32.4140625,75,2179,2179,106,18,-20,-15,-20
32.41796875,75,2179,2179,111,18,-20,-15,-20
32.421875,75,2179,2179,114,18,-20,-15,-20
32.42578125,75,2179,2179,116,18,-20,-15,-20
32.4296875,75,2179,2179,117,17,-20,-15,-20
32.43359375,75,2179,2179,118,18,-20,-15,-20
32.4375,76,2179,2179,117,18,-20,-15,-20
32.44140625,75,2179,2179,117,17,-20,-15,-20
32.4453125,75,2179,2179,117,17,-20,-15,-20
32.44921875,75,2179,2179,119,18,-20,-15,-20
32.453125,75,2179,2179,120,18,-20,-15,-20
32.45703125,75,2179,2179,122,18,-20,-15,-21
32.4609375,75,2179,2179,124,18,-20,-15,-21
32.46484375,75,2179,2179,127,18,-20,-15,-21
32.46875,75,2179,2179,129,18,-20,-15,-21
32.47265625,75,2179,2179,130,18,-16,-15,-21
32.4765625,75,2179,2179,132,18,-20,-15,-20
32.48046875,75,2179,2179,133,18,-20,-15,-20
32.484375,75,2179,2179,134,18,-20,-15,-20
32.48828125,75,2179,2179,134,18,-20,-15,-20
32.4921875,75,2179,2179,135,18,-20,-15,-20
32.49609375,75,2179,2179,136,18,-20,-15,-20
32.5,75,2179,2179,137,18,-20,-15,-20
32.50390625,76,2179,2179,138,18,-20,-15,-20
32.5078125,76,2179,2179,139,18,-20,-15,-20
32.51171875,76,2179,2179,140,18,-20,-15,-20
32.515625,76,2179,2179,142,18,-20,-15,-20
32.51953125,76,2179,2179,143,18,-20,-15,-20
32.5234375,76,2179,2179,144,18,-20,-15,-20
32.52734375,76,2179,2179,145,17,-20,-15,-20
32.53125,76,2179,2179,146,18,-20,-15,-20
32.53515625,76,2179,2179,146,18,-20,-15,-21
32.5390625,76,2179,2179,146,17,-20,-15,-20
32.54296875,76,2179,2179,146,17,-20,-15,-21
32.546875,76,2179,2179,147,17,-20,-15,-20
32.55078125,76,2179,2179,148,18,-20,-15,-21
32.5546875,76,2179,2179,149,18,-20,-15,-21
32.55859375,76,2179,2179,150,17,-20,-15,-20
32.5625,76,2179,2179,150,18,-20,-15,-21
32.56640625,76,2179,2179,151,18,-20,-15,-21
32.5703125,76,2179,2179,150,18,-20,-15,-21
32.57421875,76,2179,2179,150,18,-20,-15,-21
32.578125,75,2179,2179,150,17,-20,-15,-20
32.58203125,75,2179,2179,150,18,-20,-15,-20
32.5859375,76,2179,2179,150,18,-20,-15,-20
32.58984375,76,2179,2179,151,17,-20,-15,-20
32.59375,76,2179,2179,152,17,-20,-15,-20
32.59765625,75,2179,2179,153,18,-22,-15,-20
32.6015625,75,2179,2179,154,18,-20,-15,-20
32.60546875,75,2179,2179,154,18,-20,-15,-20
32.609375,75,2179,2179,155,17,-20,-15,-20
32.61328125,74,2179,2179,155,17,-20,-15,-20
32.6171875,74,2179,2179,155,18,-20,-15,-20
32.62109375,75,2179,2179,155,18,-20,-15,-20
32.625,75,2179,2179,155,18,-20,-15,-20
32.62890625,75,2179,2179,155,18,-20,-15,-20
32.6328125,75,2179,2179,155,18,-20,-15,-20
32.63671875,75,2179,2179,156,18,-20,-15,-20
32.640625,75,2179,2179,156,18,-20,-15,-20
32.64453125,75,2179,2179,156,18,-20,-15,-20
32.6484375,75,2179,2179,157,18,-20,-15,-20
32.65234375,75,2179,2179,157,18,-20,-15,-20
32.65625,75,2179,2179,157,18,-20,-15,-20
32.66015625,75,2179,2179,157,18,-20,-15,-20
32.6640625,75,2179,2179,157,18,-20,-15,-20
32.66796875,75,2179,2179,158,18,-20,-15,-21
32.671875,75,2179,2179,158,19,-20,-15,-21
32.67578125,75,2179,2179,158,18,-20,-15,-21
32.6796875,74,2179,2179,158,18,-20,-15,-21
32.68359375,74,2179,2179,158,19,-20,-15,-20
32.6875,75,2179,2179,158,19,-20,-15,-21
32.69140625,75,2179,2179,157,18,-20,-15,-20
32.6953125,74,2179,2179,157,18,-20,-15,-21
32.69921875,74,2179,2179,158,18,-20,-15,-21
32.703125,74,2179,2179,158,18,-20,-15,-20
32.70703125,74,2179,2179,158,18,-20,-15,-20
32.7109375,74,2179,2179,159,18,-20,-15,-20
32.71484375,74,2179,2179,160,18,-20,-15,-20
32.71875,74,2179,2179,160,18,-20,-15,-20
32.72265625,74,2179,2179,160,18,-18,-15,-20
32.7265625,74,2179,2179,160,18,-20,-15,-20
32.73046875,74,2179,2179,160,18,-20,-15,-20
32.734375,74,2179,2179,160,18,-20,-15,-20
32.73828125,74,2179,2179,160,18,-20,-15,-20
32.7421875,74,2179,2179,160,18,-20,-15,-20
32.74609375,74,2179,2179,160,17,-20,-15,-20
32.75,74,2179,2179,161,18,-20,-15,-20
32.75390625,74,2179,2179,161,18,-20,-15,-20
32.7578125,74,2179,2179,161,17,-20,-15,-20
32.76171875,74,2179,2179,161,17,-20,-15,-20
32.765625,74,2179,2179,161,17,-20,-15,-20
32.76953125,74,2179,2179,161,17,-20,-15,-20
32.7734375,74,2179,2179,161,17,-20,-15,-21
32.77734375,73,2179,2179,162,17,-20,-15,-20
32.78125,73,2179,2179,162,18,-20,-15,-21
32.78515625,73,2179,2179,162,18,-20,-15,-21
32.7890625,73,2179,2179,161,17,-20,-15,-21
32.79296875,73,2179,2179,161,17,-20,-15,-21
32.796875,72,2179,2179,161,17,-20,-15,-21
32.80078125,72,2179,2179,161,18,-20,-15,-20
32.8046875,72,2179,2179,162,18,-20,-15,-20
32.80859375,72,2179,2179,162,18,-20,-15,-20
32.8125,71,2179,2179,162,18,-20,-15,-20
32.81640625,71,2179,2179,163,18,-20,-15,-20
32.8203125,71,2179,2179,163,18,-20,-15,-20
32.82421875,71,2179,2179,163,18,-20,-15,-20
32.828125,72,2179,2179,163,18,-20,-15,-20
32.83203125,71,2179,2179,163,18,-20,-15,-20
32.8359375,71,2179,2179,163,18,-20,-15,-20
32.83984375,71,2179,2179,162,18,-20,-15,-20
32.84375,71,2179,2179,163,18,-20,-15,-20
32.84765625,70,2179,2179,163,19,-21,-15,-20
32.8515625,70,2179,2179,164,19,-20,-15,-20
32.85546875,71,2179,2179,164,18,-20,-15,-20
32.859375,71,2179,2179,164,18,-20,-15,-20
32.86328125,70,2179,2179,165,18,-20,-15,-20
32.8671875,70,2179,2179,165,18,-20,-15,-20
32.87109375,71,2179,2179,165,18,-20,-15,-20
32.875,71,2179,2179,164,17,-20,-15,-21
32.87890625,70,2179,2179,164,18,-20,-15,-20
32.8828125,70,2179,2179,164,18,-20,-15,-21
32.88671875,70,2179,2179,164,18,-20,-15,-20
32.890625,70,2179,2179,164,18,-20,-15,-20
32.89453125,70,2179,2179,164,18,-20,-15,-20
32.8984375,69,2179,2179,165,18,-20,-15,-20
32.90234375,69,2179,2179,165,18,-20,-15,-20
32.90625,69,2179,2179,165,18,-20,-15,-20
32.91015625,69,2179,2179,164,18,-20,-15,-20
32.9140625,69,2179,2179,165,18,-20,-15,-20
32.91796875,68,2179,2179,165,18,-20,-15,-20
32.921875,68,2179,2179,165,18,-20,-15,-20
32.92578125,68,2179,2179,165,18,-20,-15,-20
32.9296875,67,2179,2179,165,18,-20,-15,-20
32.93359375,68,2179,2179,166,18,-20,-15,-20
32.9375,68,2179,2179,166,18,-20,-15,-20
32.94140625,68,2179,2179,166,18,-20,-15,-20
32.9453125,67,2179,2179,166,18,-20,-15,-20
32.94921875,67,2179,2179,167,18,-20,-15,-20
32.953125,68,2179,2179,167,18,-20,-15,-20
32.95703125,68,2179,2179,166,18,-20,-15,-20
32.9609375,68,2179,2179,166,18,-20,-15,-21
32.96484375,67,2179,2179,167,18,-20,-15,-20
32.96875,67,2179,2179,166,18,-20,-15,-20
32.97265625,67,2179,2179,166,17,-19,-15,-21
32.9765625,67,2179,2179,166,17,-20,-15,-20
32.98046875,67,2179,2179,166,16,-20,-15,-20
32.984375,67,2179,2179,166,17,-20,-15,-20
32.98828125,67,2179,2179,166,18,-20,-15,-20
32.9921875,67,2179,2179,166,17,-20,-15,-20
32.99609375,67,2179,2179,166,17,-20,-15,-20
33.0,67,2179,2179,166,18,-20,-15,-20
33.00390625,67,2179,2179,167,18,-20,-15,-20
33.0078125,66,2179,2179,166,18,-20,-15,-20
33.01171875,66,2179,2179,167,18,-20,-15,-20
33.015625,66,2179,2179,168,18,-20,-15,-20
33.01953125,65,2179,2179,168,18,-20,-15,-20
33.0234375,65,2179,2179,168,18,-20,-15,-21
33.02734375,65,2179,2179,168,18,-20,-15,-20
33.03125,65,2179,2179,169,18,-20,-15,-20
33.03515625,65,2179,2179,169,18,-20,-15,-20
33.0390625,65,2179,2179,169,18,-20,-15,-20
33.04296875,65,2179,2179,168,18,-20,-15,-20
33.046875,65,2179,2179,168,18,-20,-15,-20
33.05078125,65,2179,2179,168,18,-20,-15,-20
33.0546875,65,2179,2179,168,18,-20,-15,-20
33.05859375,65,2179,2179,167,18,-20,-15,-20
33.0625,64,2179,2179,167,18,-20,-15,-20
33.06640625,64,2179,2179,167,18,-20,-15,-20
33.0703125,64,2179,2179,167,18,-20,-15,-20
33.07421875,64,2179,2179,167,18,-20,-15,-20
33.078125,65,2179,2179,167,18,-20,-15,-20
33.08203125,64,2179,2179,167,19,-20,-15,-20
33.0859375,64,2179,2179,168,18,-20,-15,-20
33.08984375,64,2179,2179,168,18,-20,-15,-20
33.09375,64,2179,2179,168,18,-20,-15,-20
33.09765625,64,2179,2179,169,18,-20,-15,-20
33.1015625,64,2179,2179,169,18,-20,-15,-20
33.10546875,64,2179,2179,169,17,-20,-15,-20
33.109375,63,2179,2179,169,18,-20,-15,-21
33.11328125,63,2179,2179,169,18,-20,-15,-20
33.1171875,63,2179,2179,168,18,-20,-15,-21
33.12109375,63,2179,2179,168,18,-20,-15,-20
33.125,63,2179,2179,168,18,-20,-15,-21
33.12890625,62,2179,2179,168,18,-20,-15,-21
33.1328125,62,2179,2179,168,18,-20,-15,-20
33.13671875,62,2179,2179,168,18,-20,-15,-20
33.140625,62,2179,2179,168,18,-20,-15,-20
33.14453125,62,2179,2179,168,18,-20,-15,-20
33.1484375,61,2179,2179,168,18,-20,-15,-20
33.15234375,61,2179,2179,168,18,-20,-15,-20
33.15625,61,2179,2179,168,17,-20,-15,-20
33.16015625,61,2179,2179,168,17,-20,-15,-20
33.1640625,61,2179,2179,169,17,-19,-15,-20
33.16796875,61,2179,2179,169,18,-20,-15,-20
33.171875,61,2179,2179,169,17,-20,-15,-20
33.17578125,61,2179,2179,169,17,-20,-15,-20
33.1796875,61,2179,2179,169,17,-20,-15,-20
33.18359375,61,2179,2179,169,18,-20,-15,-20
33.1875,61,2179,2179,169,18,-20,-15,-20
33.19140625,61,2179,2179,168,17,-20,-15,-20
33.1953125,61,2179,2179,168,17,-20,-15,-20
33.19921875,61,2179,2179,168,18,-20,-15,-20
33.203125,61,2179,2179,169,18,-20,-15,-20
33.20703125,61,2179,2179,169,17,-20,-15,-20
33.2109375,61,2179,2179,169,17,-20,-15,-20
33.21484375,61,2179,2179,170,18,-20,-15,-20
33.21875,60,2179,2179,170,18,-20,-15,-21
33.22265625,61,2179,2179,171,18,-20,-15,-20
33.2265625,61,2179,2179,171,18,-20,-15,-21
33.23046875,60,2179,2179,171,17,-20,-15,-20
33.234375,60,2179,2179,171,18,-20,-15,-20
33.23828125,60,2179,2179,171,18,-20,-15,-20
33.2421875,60,2179,2179,170,18,-20,-15,-20
33.24609375,60,2179,2179,170,18,-20,-15,-20
33.25,60,2179,2179,171,19,-20,-15,-20
33.25390625,60,2179,2179,171,19,-20,-15,-20
33.2578125,59,2179,2179,170,18,-20,-15,-20
33.26171875,59,2179,2179,171,18,-20,-15,-20
33.265625,59,2179,2179,171,19,-20,-15,-20
33.26953125,59,2179,2179,171,19,-20,-15,-20
33.2734375,59,2179,2179,171,18,-20,-15,-20
33.27734375,59,2179,2179,170,18,-20,-15,-20
33.28125,59,2179,2179,171,18,-20,-15,-20
33.28515625,59,2179,2179,171,19,-20,-15,-20
33.2890625,59,2179,2179,170,18,-20,-15,-20
33.29296875,59,2179,2179,170,18,-20,-15,-20
33.296875,59,2179,2179,171,18,-20,-15,-20
33.30078125,59,2179,2179,171,18,-20,-14,-20
33.3046875,59,2179,2179,171,18,-20,-15,-20
33.30859375,59,2179,2179,170,18,-20,-15,-20
33.3125,58,2179,2179,170,18,-20,-15,-20
33.31640625,58,2179,2179,170,18,-20,-15,-20
33.3203125,59,2179,2179,170,18,-20,-15,-20
33.32421875,58,2179,2179,170,17,-20,-15,-20
33.328125,58,2179,2179,170,17,-20,-15,-20
33.33203125,58,2179,2179,170,18,-20,-15,-20
33.3359375,58,2179,2179,170,18,-20,-15,-20
33.33984375,59,2179,2179,170,18,-20,-15,-20
33.34375,58,2179,2179,170,17,-20,-15,-20
33.34765625,58,2179,2179,170,18,-20,-15,-21
33.3515625,58,2179,2179,170,18,-20,-15,-20
33.35546875,58,2179,2179,170,17,-20,-15,-21
33.359375,58,2179,2179,170,17,-20,-15,-20
33.36328125,58,2179,2179,171,18,-20,-15,-20
33.3671875,58,2179,2179,170,18,-20,-15,-20
33.37109375,58,2179,2179,170,18,-20,-15,-20
33.375,58,2179,2179,170,17,-20,-15,-20
33.37890625,58,2179,2179,170,17,-20,-15,-20
33.3828125,58,2179,2179,170,18,-20,-15,-20
33.38671875,58,2179,2179,170,18,-20,-15,-20
33.390625,58,2179,2179,170,18,-20,-15,-20
33.39453125,58,2179,2179,170,18,-20,-15,-20
33.3984375,58,2179,2179,171,18,-20,-15,-20
33.40234375,58,2179,2179,171,18,-20,-15,-20
33.40625,58,2179,2179,171,18,-20,-15,-20
33.41015625,58,2179,2179,171,18,-20,-15,-20
33.4140625,58,2179,2179,172,18,-20,-15,-20
33.41796875,58,2179,2179,172,18,-20,-15,-20
33.421875,58,2179,2179,172,18,-20,-15,-20
33.42578125,58,2179,2179,172,17,-20,-15,-20
33.4296875,58,2179,2179,172,17,-20,-15,-21
33.43359375,58,2179,2179,172,18,-20,-15,-21
33.4375,58,2179,2179,171,18,-20,-15,-20
33.44140625,58,2179,2179,170,18,-20,-15,-20
33.4453125,58,2179,2179,170,18,-20,-15,-20
33.44921875,58,2179,2179,170,18,-20,-15,-21
33.453125,58,2179,2179,170,18,-20,-15,-20
33.45703125,58,2179,2179,170,18,-20,-15,-21
33.4609375,58,2179,2179,170,18,-20,-15,-20
33.46484375,58,2179,2179,171,18,-20,-15,-20
33.46875,57,2179,2179,171,18,-20,-15,-20
33.47265625,58,2179,2179,171,18,-20,-15,-20
33.4765625,57,2179,2179,171,18,-20,-15,-20
33.48046875,57,2179,2179,171,18,-20,-15,-20
33.484375,57,2179,2179,172,18,-20,-15,-20
33.48828125,57,2179,2179,172,18,-20,-15,-20
33.4921875,58,2179,2179,172,18,-20,-15,-20
33.49609375,57,2179,2179,171,18,-20,-15,-20
33.5,58,2179,2179,172,18,-20,-15,-20
33.50390625,58,2179,2179,171,18,-20,-15,-20
33.5078125,58,2179,2179,171,18,-20,-15,-20
33.51171875,57,2179,2179,170,18,-20,-15,-20
33.515625,57,2179,2179,170,18,-20,-15,-22
33.51953125,57,2179,2179,170,18,-20,-15,-21
33.5234375,57,2179,2179,170,18,-20,-15,-20
33.52734375,57,2179,2179,171,18,-20,-15,-20
33.53125,57,2179,2179,172,18,-20,-15,-20
33.53515625,57,2179,2179,172,18,-20,-15,-20
33.5390625,58,2179,2179,172,18,-20,-15,-20
33.54296875,58,2179,2179,173,18,-20,-15,-20
33.546875,57,2179,2179,173,18,-20,-15,-20
33.55078125,57,2179,2179,173,18,-20,-15,-21
33.5546875,58,2179,2179,173,18,-20,-15,-20
33.55859375,58,2179,2179,172,18,-20,-15,-20
33.5625,57,2179,2179,172,18,-20,-15,-20
33.56640625,57,2179,2179,172,18,-20,-15,-20
33.5703125,58,2179,2179,172,18,-20,-15,-20
33.57421875,57,2179,2179,172,17,-20,-15,-20
33.578125,58,2179,2179,172,17,-20,-15,-20
33.58203125,57,2179,2179,172,18,-20,-15,-20
33.5859375,57,2179,2179,172,18,-20,-15,-21
33.58984375,57,2179,2179,172,17,-20,-15,-20
33.59375,57,2179,2179,172,17,-20,-15,-20
33.59765625,57,2179,2179,172,18,-20,-15,-20
33.6015625,57,2179,2179,171,18,-20,-15,-20
33.60546875,57,2179,2179,171,18,-20,-15,-20
33.609375,57,2179,2179,171,18,-20,-15,-20
33.61328125,57,2179,2179,171,18,-20,-15,-20
33.6171875,57,2179,2179,172,18,-20,-15,-20
33.62109375,57,2179,2179,172,18,-20,-15,-20
33.625,57,2179,2179,172,18,-20,-15,-20
33.62890625,56,2179,2179,173,18,-20,-15,-20
33.6328125,56,2179,2179,173,18,-20,-15,-20
33.63671875,56,2179,2179,173,18,-20,-15,-20
33.640625,56,2179,2179,172,18,-20,-15,-20
33.64453125,56,2179,2179,172,18,-20,-15,-21
33.6484375,56,2179,2179,171,18,-20,-15,-20
33.65234375,57,2179,2179,171,18,-20,-15,-21
33.65625,57,2179,2179,170,18,-20,-15,-21
33.66015625,57,2179,2179,170,18,-20,-15,-21
33.6640625,56,2179,2179,171,18,-20,-15,-21
33.66796875,56,2179,2179,171,18,-20,-15,-21
33.671875,56,2179,2179,171,18,-20,-15,-21
33.67578125,56,2179,2179,172,18,-20,-15,-21
33.6796875,56,2179,2179,172,18,-20,-15,-21
33.68359375,56,2179,2179,172,18,-20,-15,-21
33.6875,56,2179,2179,172,18,-20,-15,-21
33.69140625,56,2179,2179,171,18,-20,-15,-20
33.6953125,56,2179,2179,171,18,-20,-15,-21
33.69921875,56,2179,2179,172,18,-20,-15,-21
33.703125,56,2179,2179,172,18,-20,-15,-20
33.70703125,56,2179,2179,172,18,-20,-15,-20
33.7109375,56,2179,2179,172,18,-20,-15,-20
33.71484375,56,2179,2179,173,18,-20,-15,-20
33.71875,56,2179,2179,173,18,-20,-15,-20
33.72265625,56,2179,2179,172,18,-19,-15,-20
33.7265625,56,2179,2179,172,18,-20,-15,-20
33.73046875,56,2179,2179,172,17,-20,-15,-20
33.734375,55,2179,2179,172,18,-20,-15,-20
33.73828125,56,2179,2179,171,18,-20,-15,-20
33.7421875,56,2179,2179,171,18,-20,-15,-20
33.74609375,55,2179,2179,171,17,-20,-15,-20
33.75,56,2179,2179,171,18,-20,-15,-20
33.75390625,56,2179,2179,171,18,-20,-15,-20
33.7578125,56,2179,2179,171,17,-20,-15,-20
33.76171875,56,2179,2179,172,17,-20,-15,-20
33.765625,56,2179,2179,172,17,-20,-15,-20
33.76953125,56,2179,2179,172,17,-20,-15,-21
33.7734375,56,2179,2179,172,17,-20,-15,-21
33.77734375,56,2179,2179,172,17,-20,-15,-21
33.78125,55,2179,2179,172,18,-20,-15,-21
33.78515625,55,2179,2179,172,18,-20,-15,-21
33.7890625,56,2179,2179,172,17,-20,-15,-21
33.79296875,55,2179,2179,172,18,-20,-15,-21
33.796875,55,2179,2179,172,18,-20,-15,-20
33.80078125,55,2179,2179,172,18,-20,-15,-21
33.8046875,55,2179,2179,172,18,-20,-15,-21
33.80859375,55,2179,2179,172,18,-20,-15,-20
33.8125,55,2179,2179,172,18,-20,-15,-21
33.81640625,55,2179,2179,173,18,-20,-15,-20
33.8203125,55,2179,2179,173,18,-20,-15,-20
33.82421875,55,2179,2179,172,18,-20,-15,-20
33.828125,55,2179,2179,172,18,-20,-15,-20
33.83203125,55,2179,2179,172,19,-20,-15,-20
33.8359375,54,2179,2179,172,19,-20,-15,-20
33.83984375,55,2179,2179,172,18,-19,-15,-20
33.84375,55,2179,2179,172,19,-20,-15,-20
33.84765625,55,2179,2179,172,19,-20,-15,-20
33.8515625,55,2179,2179,172,19,-20,-15,-20
33.85546875,55,2179,2179,172,19,-20,-15,-20
33.859375,56,2179,2179,173,18,-20,-15,-20
33.86328125,55,2179,2179,172,18,-20,-15,-20
33.8671875,56,2179,2179,174,18,-20,-15,-20
33.87109375,56,2179,2179,174,18,-20,-15,-20
33.875,56,2179,2179,174,18,-20,-15,-20
33.87890625,56,2179,2179,173,17,-20,-15,-20
33.8828125,56,2179,2179,173,18,-20,-15,-21
33.88671875,56,2179,2179,173,18,-20,-15,-20
33.890625,56,2179,2179,172,18,-20,-15,-19
33.89453125,56,2179,2179,172,18,-20,-15,-21
33.8984375,56,2179,2179,172,18,-20,-15,-21
33.90234375,56,2179,2179,172,18,-20,-15,-21
33.90625,56,2179,2179,172,18,-20,-15,-21
33.91015625,56,2179,2179,172,18,-20,-15,-21
33.9140625,56,2179,2179,173,18,-20,-15,-20
33.91796875,56,2179,2179,172,18,-20,-15,-20
33.921875,56,2179,2179,172,18,-20,-15,-20
33.92578125,56,2179,2179,172,18,-20,-15,-20
33.9296875,55,2179,2179,172,18,-20,-15,-20
33.93359375,55,2179,2179,172,18,-20,-15,-20
33.9375,55,2179,2179,173,18,-20,-15,-20
33.94140625,55,2179,2179,173,18,-20,-15,-20
33.9453125,55,2179,2179,173,18,-20,-15,-20
33.94921875,55,2179,2179,174,18,-20,-15,-20
33.953125,55,2179,2179,173,18,-20,-15,-20
33.95703125,55,2179,2179,173,18,-20,-15,-20
33.9609375,55,2179,2179,172,17,-20,-15,-20
33.96484375,54,2179,2179,172,18,-20,-15,-20
33.96875,54,2179,2179,172,18,-20,-15,-20
33.97265625,55,2179,2179,171,17,-20,-15,-21
33.9765625,55,2179,2179,172,17,-20,-15,-20
33.98046875,54,2179,2179,172,17,-20,-15,-21
33.984375,54,2179,2179,172,18,-20,-15,-21
33.98828125,54,2179,2179,171,17,-20,-15,-21
33.9921875,54,2179,2179,172,17,-20,-15,-21
33.99609375,54,2179,2179,172,17,-20,-15,-21
34.0,54,2179,2179,172,18,-20,-15,-21
34.00390625,54,2179,2179,172,18,-20,-15,-21
34.0078125,54,2179,2179,171,18,-20,-15,-20
34.01171875,54,2179,2179,171,18,-20,-15,-20
34.015625,54,2179,2179,171,18,-20,-15,-20
34.01953125,54,2179,2179,171,18,-20,-15,-20
34.0234375,54,2179,2179,171,18,-20,-15,-20
34.02734375,54,2179,2179,171,18,-20,-15,-20
34.03125,54,2179,2179,172,18,-20,-15,-20
34.03515625,54,2179,2179,172,18,-20,-15,-20
34.0390625,54,2179,2179,171,18,-20,-15,-20
34.04296875,54,2179,2179,172,18,-20,-15,-20
34.046875,54,2179,2179,172,17,-20,-15,-20
34.05078125,54,2179,2179,173,18,-20,-15,-20
34.0546875,54,2179,2179,173,18,-20,-15,-20
34.05859375,55,2179,2179,172,18,-20,-15,-20
34.0625,54,2179,2179,172,18,-20,-15,-20
34.06640625,54,2179,2179,173,18,-20,-15,-20
34.0703125,55,2179,2179,173,18,-20,-15,-20
34.07421875,55,2179,2179,172,18,-20,-15,-20
34.078125,55,2179,2179,172,17,-20,-15,-20
34.08203125,54,2179,2179,172,18,-20,-15,-20
34.0859375,54,2179,2179,172,18,-20,-15,-20
34.08984375,55,2179,2179,172,17,-20,-15,-20
34.09375,55,2179,2179,172,17,-20,-15,-20
34.09765625,54,2179,2179,173,18,-20,-15,-20
34.1015625,54,2179,2179,173,18,-20,-15,-20
34.10546875,54,2179,2179,173,18,-20,-15,-20
34.109375,54,2179,2179,173,18,-20,-15,-20
34.11328125,54,2179,2179,172,18,-20,-15,-20
34.1171875,54,2179,2179,173,18,-20,-15,-20
34.12109375,54,2179,2179,173,18,-20,-15,-20
34.125,54,2179,2179,172,18,-20,-15,-20
34.12890625,54,2179,2179,172,18,-20,-15,-20
34.1328125,53,2179,2179,172,18,-20,-15,-21
34.13671875,54,2179,2179,172,18,-20,-15,-20
34.140625,54,2179,2179,172,18,-20,-15,-20
34.14453125,53,2179,2179,172,17,-20,-15,-20
34.1484375,53,2179,2179,172,18,-20,-15,-20
34.15234375,53,2179,2179,172,18,-20,-15,-20
34.15625,53,2179,2179,172,17,-20,-15,-20
34.16015625,53,2179,2179,172,17,-20,-15,-20
34.1640625,53,2179,2179,172,17,-20,-15,-20
34.16796875,53,2179,2179,172,17,-20,-15,-20
34.171875,53,2179,2179,172,18,-20,-15,-20
34.17578125,53,2179,2179,172,17,-20,-15,-20
34.1796875,52,2179,2179,172,17,-20,-15,-20
34.18359375,52,2179,2179,172,18,-20,-15,-20
34.1875,52,2179,2179,171,18,-20,-15,-20
34.19140625,52,2179,2179,171,17,-20,-15,-20
34.1953125,52,2179,2179,171,17,-20,-15,-20
34.19921875,52,2179,2179,171,17,-20,-15,-21
34.203125,52,2179,2179,171,17,-20,-15,-21
34.20703125,52,2179,2179,171,17,-20,-15,-21
34.2109375,52,2179,2179,171,17,-20,-15,-21
34.21484375,52,2179,2179,170,18,-20,-15,-21
34.21875,52,2179,2179,170,18,-20,-15,-21
34.22265625,52,2179,2179,168,18,-20,-15,-20
34.2265625,52,2179,2179,165,18,-20,-15,-21
34.23046875,51,2179,2179,161,18,-20,-15,-21
34.234375,51,2179,2179,157,19,-20,-15,-21
34.23828125,50,2179,2179,151,19,-20,-15,-21
34.2421875,50,2179,2179,146,18,-20,-15,-21
34.24609375,49,2179,2179,141,18,-20,-15,-20
34.25,49,2179,2179,137,19,-20,-15,-21
34.25390625,49,2179,2179,133,19,-20,-15,-20
34.2578125,48,2179,2179,129,19,-20,-15,-20
34.26171875,48,2179,2179,125,19,-20,-14,-20
34.265625,47,2179,2179,120,19,-20,-15,-20
34.26953125,47,2179,2179,113,19,-20,-15,-20
34.2734375,47,2179,2179,102,19,-20,-16,-20
34.27734375,47,2179,2179,89,18,-20,-15,-20
34.28125,47,2179,2179,75,19,-20,-15,-20
34.28515625,46,2179,2179,62,19,-20,-15,-20
34.2890625,47,2179,2179,50,18,-20,-15,-20
34.29296875,46,2179,2179,41,18,-20,-15,-20
34.296875,46,2179,2179,36,18,-20,-15,-20
34.30078125,46,2179,2179,33,18,-20,-15,-20
34.3046875,46,2179,2179,32,18,-20,-15,-20
34.30859375,46,2179,2179,31,18,-20,-15,-20
34.3125,46,2179,2179,31,18,-20,-15,-21
34.31640625,46,2179,2179,30,18,-20,-15,-20
34.3203125,46,2179,2179,28,18,-20,-15,-21
34.32421875,46,2179,2179,26,17,-20,-15,-21
34.328125,45,2179,2179,25,17,-20,-15,-21
34.33203125,45,2179,2179,24,18,-20,-15,-21
34.3359375,45,2179,2179,23,18,-20,-15,-21
34.33984375,45,2179,2179,23,17,-20,-15,-20
34.34375,45,2179,2179,23,17,-20,-15,-20
34.34765625,44,2179,2179,24,17,-20,-15,-20
34.3515625,44,2179,2179,24,18,-20,-15,-20
34.35546875,44,2179,2179,24,18,-20,-15,-20
34.359375,44,2179,2179,24,17,-20,-15,-20
34.36328125,43,2179,2179,24,17,-20,-15,-20
34.3671875,43,2179,2179,24,18,-20,-15,-20
34.37109375,43,2179,2179,24,18,-20,-15,-20
34.375,42,2179,2179,24,18,-20,-15,-20
34.37890625,42,2179,2179,24,18,-20,-15,-20
34.3828125,42,2179,2179,24,18,-19,-15,-20
34.38671875,42,2179,2179,24,18,-20,-15,-20
34.390625,42,2179,2179,24,18,-20,-15,-20
34.39453125,42,2179,2179,24,18,-20,-15,-20
34.3984375,42,2179,2179,25,18,-20,-15,-20
34.40234375,42,2179,2179,25,18,-20,-15,-20
34.40625,42,2179,2179,24,18,-20,-15,-20
34.41015625,42,2179,2179,24,18,-20,-15,-20
34.4140625,42,2179,2179,24,18,-20,-15,-20
34.41796875,42,2179,2179,24,18,-20,-15,-20
34.421875,42,2179,2179,24,18,-20,-15,-21
34.42578125,42,2179,2179,24,18,-20,-15,-21
34.4296875,41,2179,2179,24,18,-20,-15,-20
34.43359375,41,2179,2179,24,18,-20,-15,-21
34.4375,41,2179,2179,24,18,-20,-15,-20
34.44140625,42,2179,2179,24,18,-20,-15,-20
34.4453125,41,2179,2179,24,18,-20,-15,-20
34.44921875,41,2179,2179,25,18,-20,-15,-21
34.453125,41,2179,2179,25,19,-20,-15,-21
34.45703125,41,2179,2179,24,18,-20,-15,-21
34.4609375,41,2179,2179,24,18,-20,-15,-21
34.46484375,40,2179,2179,24,18,-20,-15,-21
34.46875,40,2179,2179,24,18,-20,-15,-21
34.47265625,40,2179,2179,24,18,-20,-15,-20
34.4765625,39,2179,2179,24,18,-20,-15,-20
34.48046875,38,2179,2179,24,18,-20,-15,-20
34.484375,38,2179,2179,24,18,-20,-15,-20
34.48828125,38,2179,2179,24,18,-20,-15,-20
34.4921875,38,2179,2179,24,18,-20,-15,-20
34.49609375,37,2179,2179,24,18,-20,-15,-20
34.5,37,2179,2179,24,18,-20,-15,-20
34.50390625,38,2179,2179,24,18,-20,-15,-20
34.5078125,37,2179,2179,24,18,-20,-15,-20
34.51171875,37,2179,2179,24,18,-20,-15,-20
34.515625,37,2179,2179,24,18,-20,-15,-20
34.51953125,37,2179,2179,24,18,-20,-15,-20
34.5234375,37,2179,2179,24,18,-20,-14,-20
34.52734375,37,2179,2179,24,18,-20,-15,-20
34.53125,36,2179,2179,24,18,-20,-15,-20
34.53515625,36,2179,2179,24,18,-20,-15,-20
34.5390625,36,2179,2179,23,17,-20,-15,-20
34.54296875,36,2179,2179,23,17,-20,-15,-20
34.546875,35,2179,2179,24,17,-20,-15,-21
34.55078125,35,2179,2179,24,18,-20,-15,-21
34.5546875,35,2179,2179,24,17,-20,-15,-21
34.55859375,35,2179,2179,23,17,-20,-15,-21
34.5625,34,2179,2179,24,17,-20,-15,-21
34.56640625,34,2179,2179,24,17,-20,-15,-21
34.5703125,34,2179,2179,24,17,-20,-15,-21
34.57421875,34,2179,2179,23,17,-20,-15,-20
34.578125,33,2179,2179,23,17,-20,-15,-20
34.58203125,33,2179,2179,24,18,-20,-15,-20
34.5859375,32,2179,2179,24,18,-20,-15,-20
34.58984375,32,2179,2179,24,17,-20,-15,-20
34.59375,32,2179,2179,24,17,-20,-15,-20
34.59765625,31,2179,2179,24,18,-20,-15,-20
34.6015625,31,2179,2179,24,18,-20,-15,-20
34.60546875,31,2179,2179,24,18,-20,-15,-20
34.609375,31,2179,2179,24,17,-20,-15,-20
34.61328125,31,2179,2179,24,17,-20,-15,-20
34.6171875,31,2179,2179,24,18,-20,-15,-21
34.62109375,31,2179,2179,24,18,-20,-15,-20
34.625,31,2179,2179,24,18,-20,-15,-21
34.62890625,30,2179,2179,24,18,-20,-15,-20
34.6328125,30,2179,2179,24,18,-20,-15,-20
34.63671875,30,2179,2179,24,18,-20,-15,-20
34.640625,30,2179,2179,24,18,-20,-15,-20
34.64453125,30,2179,2179,24,18,-20,-15,-20
34.6484375,30,2179,2179,24,18,-20,-15,-21
34.65234375,30,2179,2179,25,18,-20,-15,-20
34.65625,30,2179,2179,24,18,-20,-15,-21
34.66015625,30,2179,2179,24,18,-20,-15,-20
34.6640625,29,2179,2179,25,19,-20,-15,-20
34.66796875,29,2179,2179,25,19,-20,-15,-20
34.671875,30,2179,2179,24,19,-20,-15,-20
34.67578125,30,2179,2179,24,18,-20,-15,-20
34.6796875,29,2179,2179,24,18,-20,-15,-20
34.68359375,29,2179,2179,25,19,-20,-15,-20
34.6875,29,2179,2179,25,19,-20,-15,-20
34.69140625,29,2179,2179,24,18,-20,-15,-20
34.6953125,29,2179,2179,24,18,-20,-15,-20
34.69921875,29,2179,2179,25,18,-20,-15,-20
34.703125,29,2179,2179,25,19,-20,-15,-20
34.70703125,29,2179,2179,24,18,-20,-15,-20
34.7109375,29,2179,2179,24,18,-20,-15,-20
34.71484375,29,2179,2179,25,18,-20,-15,-20
34.71875,29,2179,2179,24,18,-20,-15,-20
34.72265625,30,2179,2179,24,18,-20,-15,-20
34.7265625,30,2179,2179,24,18,-20,-15,-20
34.73046875,29,2179,2179,24,18,-20,-15,-20
34.734375,29,2179,2179,24,18,-20,-15,-20
34.73828125,30,2179,2179,24,18,-20,-15,-20
34.7421875,29,2179,2179,24,18,-20,-15,-20
34.74609375,29,2179,2179,24,17,-20,-15,-20
34.75,29,2179,2179,24,18,-20,-15,-20
34.75390625,29,2179,2179,24,18,-20,-15,-20
34.7578125,30,2179,2179,24,17,-20,-15,-21
34.76171875,29,2179,2179,24,17,-20,-15,-21
34.765625,29,2179,2179,24,18,-20,-15,-21
34.76953125,29,2179,2179,24,18,-20,-15,-21
34.7734375,29,2179,2179,24,17,-20,-14,-21
34.77734375,29,2179,2179,24,17,-20,-15,-21
34.78125,29,2179,2179,24,18,-20,-15,-21
34.78515625,29,2179,2179,24,18,-20,-15,-21
34.7890625,29,2179,2179,24,17,-20,-15,-21
34.79296875,29,2179,2179,24,18,-20,-15,-21
34.796875,29,2179,2179,24,18,-20,-15,-21
34.80078125,29,2179,2179,24,18,-20,-15,-21
34.8046875,29,2179,2179,24,18,-20,-15,-20
34.80859375,28,2179,2179,24,18,-20,-15,-20
34.8125,28,2179,2179,24,18,-20,-15,-20
34.81640625,28,2179,2179,24,18,-20,-15,-20
34.8203125,28,2179,2179,24,18,-20,-15,-20
34.82421875,28,2179,2179,24,18,-20,-15,-20
34.828125,29,2179,2179,24,18,-20,-15,-20
34.83203125,28,2179,2179,25,18,-20,-15,-20
34.8359375,29,2179,2179,25,18,-20,-15,-20
34.83984375,29,2179,2179,24,18,-20,-15,-20
34.84375,29,2179,2179,24,18,-20,-15,-20
34.84765625,29,2179,2179,25,18,-20,-15,-21
34.8515625,30,2179,2179,25,18,-20,-15,-21
34.85546875,30,2179,2179,24,18,-20,-15,-21
34.859375,30,2179,2179,24,18,-20,-15,-20
34.86328125,30,2179,2179,24,18,-20,-15,-20
34.8671875,30,2179,2179,24,18,-20,-15,-20
34.87109375,31,2179,2179,24,18,-20,-15,-21
34.875,30,2179,2179,24,18,-20,-15,-20
34.87890625,30,2179,2179,24,18,-20,-15,-21
34.8828125,30,2179,2179,24,18,-20,-15,-21
34.88671875,30,2179,2179,24,18,-20,-15,-21
34.890625,30,2179,2179,24,18,-20,-15,-21
34.89453125,30,2179,2179,24,18,-20,-15,-20
34.8984375,30,2179,2179,24,18,-20,-15,-20
34.90234375,29,2179,2179,24,18,-20,-15,-20
34.90625,30,2179,2179,24,18,-20,-15,-21
34.91015625,29,2179,2179,24,18,-20,-15,-20
34.9140625,29,2179,2179,24,18,-20,-15,-21
34.91796875,28,2179,2179,24,18,-20,-15,-20
34.921875,28,2179,2179,24,18,-20,-15,-20
34.92578125,28,2179,2179,24,17,-20,-15,-20
34.9296875,28,2179,2179,24,17,-20,-15,-20
34.93359375,28,2179,2179,24,18,-20,-15,-20
34.9375,29,2179,2179,24,18,-20,-15,-20
34.94140625,29,2179,2179,24,17,-20,-15,-20
34.9453125,29,2179,2179,24,17,-20,-15,-20
34.94921875,29,2179,2179,24,18,-20,-15,-20
34.953125,28,2179,2179,24,18,-20,-15,-20
34.95703125,29,2179,2179,24,17,-20,-15,-20
34.9609375,29,2179,2179,24,17,-20,-15,-20
34.96484375,28,2179,2179,24,18,-20,-15,-20
34.96875,28,2179,2179,24,18,-20,-15,-20
34.97265625,29,2179,2179,24,17,-20,-15,-20
34.9765625,29,2179,2179,24,17,-20,-15,-20
34.98046875,29,2179,2179,24,17,-20,-15,-20
34.984375,29,2179,2179,24,18,-20,-15,-20
34.98828125,29,2179,2179,24,18,-20,-15,-21
34.9921875,29,2179,2179,24,17,-20,-15,-20
34.99609375,28,2179,2179,24,18,-20,-15,-20
35.0,28,2179,2179,24,18,-20,-15,-20
35.00390625,28,2179,2179,24,18,-20,-15,-20
35.0078125,28,2179,2179,24,18,-20,-15,-20
35.01171875,28,2179,2179,24,17,-20,-15,-20
35.015625,28,2179,2179,24,18,-20,-15,-20
35.01953125,28,2179,2179,24,18,-20,-15,-20
35.0234375,28,2179,2179,24,18,-20,-14,-21
35.02734375,28,2179,2179,24,17,-20,-15,-21
35.03125,27,2179,2179,24,18,-26,-15,-21
35.03515625,27,2179,2179,24,18,-20,-15,-20
35.0390625,28,2179,2179,24,18,-20,-15,-20
35.04296875,28,2179,2179,24,18,-20,-15,-20
35.046875,28,2179,2179,24,18,-20,-15,-20
35.05078125,28,2179,2179,24,18,-20,-15,-20
35.0546875,28,2179,2179,24,18,-20,-15,-20
35.05859375,28,2179,2179,24,18,-20,-15,-20
35.0625,28,2179,2179,24,18,-20,-15,-20
35.06640625,28,2179,2179,24,18,-20,-15,-20
35.0703125,28,2179,2179,24,18,-20,-15,-20
35.07421875,29,2179,2179,24,18,-20,-15,-20
35.078125,29,2179,2179,24,17,-20,-15,-20
35.08203125,29,2179,2179,24,18,-20,-15,-20
35.0859375,29,2179,2179,24,18,-20,-15,-20
35.08984375,30,2179,2179,24,17,-20,-15,-20
35.09375,30,2179,2179,24,17,-20,-15,-20
35.09765625,30,2179,2179,24,17,-20,-15,-20
35.1015625,30,2179,2179,24,18,-20,-15,-21
35.10546875,30,2179,2179,24,18,-20,-15,-21
35.109375,30,2179,2179,24,18,-20,-15,-20
35.11328125,29,2179,2179,24,18,-20,-15,-20
35.1171875,29,2179,2179,24,18,-20,-15,-20
35.12109375,30,2179,2179,25,18,-20,-15,-20
35.125,30,2179,2179,24,18,-20,-15,-20
35.12890625,29,2179,2179,24,18,-20,-15,-20
35.1328125,29,2179,2179,25,19,-20,-15,-21
35.13671875,30,2179,2179,25,18,-20,-15,-20
35.140625,30,2179,2179,24,18,-20,-15,-20
35.14453125,30,2179,2179,24,18,-20,-15,-20
35.1484375,30,2179,2179,25,18,-20,-15,-20
35.15234375,30,2179,2179,25,18,-20,-15,-20
35.15625,30,2179,2179,24,18,-14,-15,-20
35.16015625,30,2179,2179,24,17,-20,-15,-20
35.1640625,30,2179,2179,24,18,-20,-15,-20
35.16796875,30,2179,2179,24,18,-20,-15,-20
35.171875,31,2179,2179,24,18,-20,-15,-20
35.17578125,31,2179,2179,24,17,-20,-15,-20
35.1796875,30,2179,2179,24,17,-20,-15,-20
35.18359375,31,2179,2179,24,17,-20,-15,-20
35.1875,31,2179,2179,24,17,-20,-15,-20
35.19140625,31,2179,2179,24,17,-20,-15,-21
35.1953125,31,2179,2179,24,17,-20,-15,-20
35.19921875,31,2179,2179,24,17,-20,-15,-20
35.203125,31,2179,2179,24,18,-20,-15,-20
35.20703125,31,2179,2179,24,17,-20,-15,-20
35.2109375,31,2179,2179,24,17,-20,-15,-20
35.21484375,31,2179,2179,24,18,-20,-15,-20
35.21875,31,2179,2179,24,18,-20,-15,-20
35.22265625,31,2179,2179,24,18,-20,-15,-20
35.2265625,31,2179,2179,24,18,-20,-15,-21
35.23046875,30,2179,2179,25,18,-20,-15,-20
35.234375,30,2179,2179,25,19,-20,-15,-20
35.23828125,31,2179,2179,25,18,-20,-15,-20
35.2421875,31,2179,2179,24,18,-20,-15,-20
35.24609375,31,2179,2179,24,18,-20,-15,-20
35.25,31,2179,2179,24,18,-20,-15,-20
35.25390625,31,2179,2179,25,19,-20,-15,-20
35.2578125,31,2179,2179,24,18,-20,-15,-20
35.26171875,30,2179,2179,24,18,-20,-15,-20
35.265625,31,2179,2179,24,18,-20,-15,-20
35.26953125,31,2179,2179,24,18,-20,-15,-20
35.2734375,31,2179,2179,24,18,-20,-15,-20
35.27734375,31,2179,2179,24,18,-20,-15,-20
35.28125,31,2179,2179,24,18,-26,-15,-20
35.28515625,31,2179,2179,24,18,-20,-15,-20
35.2890625,31,2179,2179,24,18,-20,-15,-20
35.29296875,31,2179,2179,24,18,-20,-15,-20
35.296875,31,2179,2179,24,18,-20,-15,-20
35.30078125,31,2179,2179,24,18,-20,-15,-20
35.3046875,32,2179,2179,24,18,-20,-15,-20
35.30859375,32,2179,2179,24,17,-20,-15,-20
35.3125,33,2179,2179,24,17,-20,-15,-21
35.31640625,32,2179,2179,24,18,-20,-15,-21
35.3203125,33,2179,2179,24,17,-20,-15,-21
35.32421875,33,2179,2179,24,17,-20,-15,-20
35.328125,33,2179,2179,24,17,-20,-15,-21
35.33203125,32,2179,2179,24,18,-20,-15,-21
35.3359375,32,2179,2179,24,17,-20,-15,-21
35.33984375,33,2179,2179,24,17,-20,-15,-21
35.34375,33,2179,2179,24,17,-20,-15,-21
35.34765625,33,2179,2179,24,17,-20,-15,-21
35.3515625,33,2179,2179,24,18,-20,-15,-21
35.35546875,33,2179,2179,24,18,-20,-15,-20
35.359375,33,2179,2179,24,17,-20,-15,-20
35.36328125,32,2179,2179,24,17,-20,-15,-20
35.3671875,32,2179,2179,24,18,-20,-15,-20
35.37109375,33,2179,2179,24,18,-20,-15,-20
35.375,33,2179,2179,24,18,-20,-15,-20
35.37890625,32,2179,2179,24,18,-20,-15,-20
35.3828125,32,2179,2179,24,18,-20,-15,-20
35.38671875,33,2179,2179,24,18,-20,-15,-20
35.390625,33,2179,2179,24,18,-20,-15,-20
35.39453125,33,2179,2179,24,18,-20,-15,-20
35.3984375,33,2179,2179,24,18,-20,-15,-20
35.40234375,33,2179,2179,24,18,-20,-15,-20
35.40625,33,2179,2179,24,18,-14,-15,-20
35.41015625,33,2179,2179,23,18,-20,-15,-20
35.4140625,33,2179,2179,23,18,-20,-15,-20
35.41796875,34,2179,2179,23,18,-20,-15,-20
35.421875,34,2179,2179,22,17,-20,-15,-20
35.42578125,34,2179,2179,23,17,-20,-15,-20
35.4296875,34,2179,2179,23,17,-20,-15,-20
35.43359375,34,2179,2179,24,18,-20,-15,-20
35.4375,35,2179,2179,24,18,-20,-15,-20
35.44140625,35,2179,2179,24,18,-20,-15,-20
35.4453125,34,2179,2179,24,18,-20,-15,-20
35.44921875,34,2179,2179,25,18,-20,-15,-21
35.453125,34,2179,2179,25,18,-20,-15,-21
35.45703125,35,2179,2179,24,18,-20,-15,-21
35.4609375,35,2179,2179,24,18,-20,-15,-21
35.46484375,35,2179,2179,24,18,-20,-15,-21
35.46875,34,2179,2179,24,18,-20,-15,-21
35.47265625,35,2179,2179,24,18,-20,-15,-21
35.4765625,35,2179,2179,24,18,-20,-15,-20
35.48046875,35,2179,2179,24,18,-20,-15,-20
35.484375,35,2179,2179,24,18,-19,-15,-20
35.48828125,35,2179,2179,24,18,-20,-15,-20
35.4921875,36,2179,2179,24,18,-20,-15,-20
35.49609375,36,2179,2179,24,18,-20,-15,-20
35.5,36,2179,2179,24,18,-20,-15,-20
35.50390625,36,2179,2179,24,18,-20,-15,-20
35.5078125,37,2179,2179,24,18,-20,-15,-20
35.51171875,37,2179,2179,24,18,-20,-15,-21
35.515625,37,2179,2179,24,18,-20,-15,-21
35.51953125,38,2179,2179,24,18,-20,-15,-20
35.5234375,38,2179,2179,24,17,-20,-15,-20
35.52734375,39,2179,2179,24,17,-20,-15,-20
35.53125,39,2179,2179,24,18,-23,-15,-20
35.53515625,39,2179,2179,24,18,-20,-15,-20
35.5390625,40,2179,2179,24,18,-20,-15,-20
35.54296875,40,2179,2179,24,18,-20,-15,-20
35.546875,40,2179,2179,24,18,-20,-15,-20
35.55078125,40,2179,2179,24,18,-20,-15,-20
35.5546875,41,2179,2179,24,18,-20,-15,-20
35.55859375,41,2179,2179,24,17,-20,-15,-20
35.5625,41,2179,2179,24,17,-20,-15,-20
35.56640625,42,2179,2179,24,18,-20,-15,-20
35.5703125,42,2179,2179,24,18,-20,-15,-20
35.57421875,43,2179,2179,24,17,-20,-15,-20
35.578125,43,2179,2179,24,17,-20,-15,-20
35.58203125,43,2179,2179,24,18,-20,-15,-20
35.5859375,44,2179,2179,24,18,-20,-15,-20
35.58984375,45,2179,2179,24,17,-20,-15,-20
35.59375,45,2179,2179,24,17,-20,-15,-20
35.59765625,45,2179,2179,24,18,-20,-15,-20
35.6015625,46,2179,2179,24,18,-20,-15,-20
35.60546875,47,2179,2179,24,18,-20,-15,-20
35.609375,47,2179,2179,23,17,-20,-15,-20
35.61328125,48,2179,2179,24,18,-20,-14,-20
35.6171875,48,2179,2179,24,18,-20,-15,-20
35.62109375,49,2179,2179,24,18,-19,-15,-20
35.625,50,2179,2179,24,17,-19,-14,-20
35.62890625,50,2179,2179,24,17,-20,-15,-20
35.6328125,51,2179,2179,24,18,-20,-15,-20
35.63671875,52,2179,2179,24,18,-20,-15,-20
35.640625,53,2179,2179,24,18,-20,-15,-21
35.64453125,54,2179,2179,24,18,-20,-15,-20
35.6484375,54,2179,2179,24,18,-20,-15,-21
35.65234375,55,2179,2179,24,18,-20,-15,-21
35.65625,56,2179,2179,24,18,-17,-15,-21
35.66015625,57,2179,2179,24,18,-20,-15,-21
35.6640625,57,2179,2179,25,20,-20,-15,-21
35.66796875,57,2179,2179,25,18,-20,-15,-21
35.671875,58,2179,2179,24,18,-20,-15,-21
35.67578125,59,2179,2179,24,18,-20,-15,-21
35.6796875,59,2179,2179,24,18,-20,-15,-20
35.68359375,59,2179,2179,25,18,-20,-15,-20
35.6875,60,2179,2179,25,18,-20,-15,-20
35.69140625,60,2179,2179,24,18,-20,-15,-20
35.6953125,60,2179,2179,24,18,-20,-15,-20
35.69921875,61,2179,2179,24,18,-20,-15,-20
35.703125,61,2179,2179,24,18,-20,-15,-20
35.70703125,62,2179,2179,24,18,-20,-15,-20
35.7109375,62,2179,2179,24,18,-20,-15,-20
35.71484375,62,2179,2179,24,18,-20,-15,-20
35.71875,63,2179,2179,24,18,-20,-15,-20
35.72265625,64,2179,2179,24,18,-20,-15,-20
35.7265625,64,2179,2179,24,18,-20,-15,-20
35.73046875,64,2179,2179,24,18,-20,-15,-20
35.734375,64,2179,2179,24,18,-20,-15,-20
35.73828125,65,2179,2179,24,18,-20,-15,-20
35.7421875,65,2179,2179,24,17,-20,-15,-20
35.74609375,65,2179,2179,23,17,-20,-14,-20
35.75,65,2179,2179,24,17,-20,-14,-20
35.75390625,66,2179,2179,24,17,-20,-15,-20
35.7578125,66,2179,2179,23,17,-20,-15,-21
35.76171875,66,2179,2179,23,17,-20,-15,-21
35.765625,66,2179,2179,24,17,-20,-15,-21
35.76953125,67,2179,2179,24,17,-20,-15,-21
35.7734375,67,2179,2179,24,17,-20,-15,-21
35.77734375,67,2179,2179,23,17,-20,-15,-20
35.78125,67,2179,2179,24,18,-21,-15,-20
35.78515625,67,2179,2179,24,18,-20,-15,-21
35.7890625,67,2179,2179,24,18,-20,-15,-20
35.79296875,67,2179,2179,24,18,-20,-15,-20
35.796875,67,2179,2179,24,17,-20,-15,-20
35.80078125,67,2179,2179,24,18,-20,-15,-21
35.8046875,67,2179,2179,24,18,-20,-15,-21
35.80859375,67,2179,2179,24,18,-20,-15,-20
35.8125,67,2179,2179,24,18,-20,-15,-20
35.81640625,67,2179,2179,24,18,-20,-15,-21
35.8203125,68,2179,2179,24,18,-20,-15,-20
35.82421875,68,2179,2179,24,18,-20,-15,-20
35.828125,68,2179,2179,24,18,-20,-15,-20
35.83203125,68,2179,2179,24,18,-20,-15,-20
35.8359375,69,2179,2179,25,18,-20,-14,-20
35.83984375,69,2179,2179,24,18,-20,-14,-20
35.84375,69,2179,2179,25,18,-20,-14,-21
35.84765625,69,2179,2179,25,18,-20,-14,-20
35.8515625,70,2179,2179,25,18,-20,-14,-20
35.85546875,70,2179,2179,24,18,-20,-15,-20
35.859375,70,2179,2179,24,18,-20,-15,-20
35.86328125,71,2179,2179,24,18,-20,-15,-20
35.8671875,71,2179,2179,24,18,-20,-15,-20
35.87109375,71,2179,2179,24,18,-20,-15,-20
35.875,71,2179,2179,24,18,-20,-15,-20
35.87890625,71,2179,2179,24,18,-20,-15,-20
35.8828125,71,2179,2179,25,18,-20,-15,-20
35.88671875,72,2179,2179,24,18,-20,-15,-20
35.890625,71,2179,2179,24,18,-20,-15,-20
35.89453125,72,2179,2179,24,18,-20,-15,-20
35.8984375,72,2179,2179,24,18,-20,-15,-20
35.90234375,72,2179,2179,24,19,-20,-15,-20
35.90625,72,2179,2179,24,18,-19,-15,-20
35.91015625,72,2179,2179,24,18,-20,-15,-20
35.9140625,72,2179,2179,25,18,-20,-15,-20
35.91796875,72,2179,2179,25,18,-20,-15,-20
35.921875,72,2179,2179,24,18,-20,-15,-20
35.92578125,73,2179,2179,24,18,-20,-15,-20
35.9296875,73,2179,2179,24,18,-20,-15,-20
35.93359375,73,2179,2179,24,18,-20,-15,-20
35.9375,74,2179,2179,24,18,-20,-15,-20
35.94140625,74,2179,2179,24,18,-20,-15,-20
35.9453125,74,2179,2179,24,18,-20,-15,-20
35.94921875,74,2179,2179,24,18,-20,-15,-20
35.953125,74,2179,2179,24,18,-20,-15,-20
35.95703125,74,2179,2179,24,18,-20,-15,-20
35.9609375,75,2179,2179,24,18,-20,-15,-20
35.96484375,74,2179,2179,24,18,-20,-15,-20
35.96875,75,2179,2179,24,18,-20,-15,-21
35.97265625,75,2179,2179,24,17,-20,-15,-20
35.9765625,76,2179,2179,24,17,-20,-15,-21
35.98046875,75,2179,2179,24,17,-20,-15,-21
35.984375,75,2179,2179,25,18,-20,-15,-20
35.98828125,76,2179,2179,25,18,-20,-15,-20
35.9921875,76,2179,2179,26,18,-20,-15,-20
35.99609375,75,2179,2179,26,18,-20,-15,-20
36.0,75,2179,2179,27,18,-20,-15,-21
36.00390625,76,2179,2179,27,18,-20,-15,-21
36.0078125,76,2179,2179,27,18,-20,-15,-20
36.01171875,76,2179,2179,27,18,-20,-15,-21
36.015625,75,2179,2179,28,18,-20,-15,-20
36.01953125,75,2179,2179,28,18,-20,-15,-20
36.0234375,76,2179,2179,29,18,-20,-15,-20
36.02734375,76,2179,2179,30,18,-20,-15,-20
36.03125,75,2179,2179,31,18,-20,-15,-20
36.03515625,75,2179,2179,32,18,-20,-15,-20
36.0390625,76,2179,2179,33,17,-19,-14,-20
36.04296875,75,2179,2179,34,18,-19,-15,-20
36.046875,75,2179,2179,35,18,-20,-15,-20
36.05078125,76,2179,2179,37,18,-20,-15,-20
36.0546875,76,2179,2179,38,18,-20,-15,-20
36.05859375,76,2179,2179,40,18,-20,-15,-20
36.0625,76,2179,2179,42,18,-20,-15,-20
36.06640625,76,2179,2179,45,18,-20,-15,-20
36.0703125,77,2179,2179,48,18,-20,-15,-20
36.07421875,77,2179,2179,50,18,-20,-14,-20
36.078125,77,2179,2179,52,18,-20,-15,-20
36.08203125,77,2179,2179,54,18,-20,-15,-20
36.0859375,77,2179,2179,55,18,-20,-15,-20
36.08984375,77,2179,2179,56,18,-20,-15,-21
36.09375,77,2179,2179,57,18,-20,-15,-21
36.09765625,77,2179,2179,58,18,-20,-15,-21
36.1015625,77,2179,2179,60,18,-20,-15,-21
36.10546875,77,2179,2179,61,18,-20,-15,-21
36.109375,77,2179,2179,64,18,-20,-15,-20
36.11328125,76,2179,2179,67,18,-20,-15,-21
36.1171875,76,2179,2179,71,18,-20,-15,-21
36.12109375,77,2179,2179,74,18,-20,-15,-21
36.125,77,2179,2179,77,18,-20,-15,-20
36.12890625,76,2179,2179,80,18,-20,-15,-21
36.1328125,76,2179,2179,84,18,-20,-15,-21
36.13671875,77,2179,2179,87,18,-20,-15,-21
36.140625,77,2179,2179,90,18,-20,-15,-20
36.14453125,77,2179,2179,94,18,-20,-15,-20
36.1484375,76,2179,2179,98,18,-20,-15,-20
36.15234375,77,2179,2179,102,18,-20,-15,-20
36.15625,77,2179,2179,105,17,-19,-15,-20
36.16015625,77,2179,2179,108,17,-20,-15,-20
36.1640625,77,2179,2179,111,16,-20,-15,-20
36.16796875,77,2179,2179,113,17,-20,-15,-20
36.171875,77,2179,2179,113,18,-20,-15,-20
36.17578125,77,2179,2179,114,17,-20,-15,-20
36.1796875,77,2179,2179,114,17,-20,-15,-20
36.18359375,77,2179,2179,115,18,-20,-15,-20
36.1875,77,2179,2179,116,18,-20,-15,-20
36.19140625,77,2179,2179,117,18,-20,-15,-20
36.1953125,77,2179,2179,118,17,-20,-15,-20
36.19921875,77,2179,2179,120,18,-20,-15,-21
36.203125,77,2179,2179,122,18,-20,-15,-20
36.20703125,77,2179,2179,123,17,-20,-15,-21
36.2109375,77,2179,2179,125,17,-20,-15,-21
36.21484375,77,2179,2179,127,18,-20,-15,-21
36.21875,77,2179,2179,129,18,-20,-15,-21
36.22265625,77,2179,2179,131,18,-20,-15,-21
36.2265625,77,2179,2179,133,18,-20,-15,-21
36.23046875,77,2179,2179,136,18,-20,-15,-21
36.234375,77,2179,2179,138,18,-20,-15,-21
36.23828125,77,2179,2179,140,18,-20,-15,-20
36.2421875,77,2179,2179,141,18,-20,-15,-20
36.24609375,77,2179,2179,142,18,-20,-15,-21
36.25,77,2179,2179,143,18,-20,-15,-21
36.25390625,77,2179,2179,143,18,-20,-15,-20
36.2578125,77,2179,2179,142,18,-20,-15,-20
36.26171875,77,2179,2179,142,18,-20,-15,-20
36.265625,77,2179,2179,142,18,-20,-15,-20
36.26953125,77,2179,2179,142,18,-20,-15,-20
36.2734375,77,2179,2179,142,18,-20,-15,-20
36.27734375,77,2179,2179,143,18,-20,-15,-20
36.28125,77,2179,2179,144,18,-20,-15,-20
36.28515625,77,2179,2179,145,18,-20,-15,-20
36.2890625,77,2179,2179,146,17,-20,-14,-20
36.29296875,77,2179,2179,147,18,-20,-14,-20
36.296875,77,2179,2179,148,18,-20,-15,-20
36.30078125,77,2179,2179,149,18,-20,-15,-20
36.3046875,78,2179,2179,150,18,-20,-15,-20
36.30859375,78,2179,2179,150,17,-20,-15,-21
36.3125,77,2179,2179,151,18,-20,-15,-20
36.31640625,77,2179,2179,152,18,-20,-15,-21
36.3203125,78,2179,2179,153,18,-20,-15,-20
36.32421875,77,2179,2179,154,17,-20,-15,-20
36.328125,77,2179,2179,154,17,-20,-15,-21
36.33203125,77,2179,2179,155,18,-20,-15,-21
36.3359375,77,2179,2179,156,18,-20,-15,-21
36.33984375,77,2179,2179,156,17,-20,-15,-21
36.34375,77,2179,2179,156,17,-20,-15,-20
36.34765625,77,2179,2179,156,17,-20,-15,-21
36.3515625,77,2179,2179,156,18,-20,-15,-20
36.35546875,77,2179,2179,155,17,-20,-15,-20
36.359375,77,2179,2179,155,17,-20,-15,-20
36.36328125,77,2179,2179,155,17,-20,-15,-20
36.3671875,76,2179,2179,156,18,-20,-15,-20
36.37109375,77,2179,2179,156,18,-20,-15,-20
36.375,77,2179,2179,157,18,-19,-15,-20
36.37890625,77,2179,2179,158,18,-20,-14,-20
36.3828125,77,2179,2179,159,18,-20,-14,-20
36.38671875,77,2179,2179,159,18,-20,-15,-20
36.390625,77,2179,2179,159,18,-20,-15,-20
36.39453125,77,2179,2179,160,18,-20,-15,-20
36.3984375,77,2179,2179,160,18,-20,-15,-20
36.40234375,77,2179,2179,160,18,-20,-15,-20
36.40625,77,2179,2179,160,18,-20,-15,-20
36.41015625,77,2179,2179,159,18,-20,-15,-20
36.4140625,77,2179,2179,160,17,-20,-15,-20
36.41796875,77,2179,2179,160,18,-20,-15,-20
36.421875,77,2179,2179,160,18,-20,-15,-20
36.42578125,77,2179,2179,160,18,-20,-15,-20
36.4296875,76,2179,2179,160,18,-20,-15,-20
36.43359375,76,2179,2179,161,18,-20,-15,-20
36.4375,77,2179,2179,162,18,-20,-15,-20
36.44140625,77,2179,2179,162,18,-20,-15,-20
36.4453125,76,2179,2179,162,18,-20,-15,-20
36.44921875,76,2179,2179,162,18,-20,-15,-20
36.453125,76,2179,2179,163,18,-20,-15,-21
36.45703125,76,2179,2179,162,18,-20,-15,-20
36.4609375,76,2179,2179,163,18,-20,-15,-20
36.46484375,76,2179,2179,163,18,-20,-15,-20
36.46875,76,2179,2179,164,18,-20,-15,-21
36.47265625,75,2179,2179,163,18,-20,-15,-20
36.4765625,75,2179,2179,163,18,-20,-15,-20
36.48046875,75,2179,2179,163,18,-20,-15,-20
36.484375,75,2179,2179,163,18,-20,-15,-20
36.48828125,75,2179,2179,163,18,-20,-14,-20
36.4921875,75,2179,2179,162,18,-20,-15,-20
36.49609375,75,2179,2179,163,18,-20,-15,-20
36.5,75,2179,2179,163,18,-20,-15,-20
36.50390625,75,2179,2179,164,18,-20,-15,-20
36.5078125,75,2179,2179,164,18,-20,-15,-20
36.51171875,75,2179,2179,164,18,-20,-15,-21
36.515625,74,2179,2179,165,18,-20,-15,-20
36.51953125,74,2179,2179,165,18,-20,-15,-20
36.5234375,74,2179,2179,165,18,-20,-15,-20
36.52734375,74,2179,2179,164,18,-20,-15,-20
36.53125,74,2179,2179,165,18,-20,-15,-20
36.53515625,73,2179,2179,165,18,-20,-15,-20
36.5390625,74,2179,2179,164,18,-20,-15,-20
36.54296875,73,2179,2179,164,18,-20,-15,-20
36.546875,73,2179,2179,165,18,-20,-15,-21
36.55078125,73,2179,2179,165,18,-20,-15,-20
36.5546875,72,2179,2179,165,18,-20,-15,-21
36.55859375,72,2179,2179,165,18,-20,-15,-20
36.5625,71,2179,2179,165,18,-20,-15,-21
36.56640625,71,2179,2179,165,18,-20,-15,-21
36.5703125,71,2179,2179,165,18,-20,-15,-21
36.57421875,71,2179,2179,164,17,-20,-15,-21
36.578125,70,2179,2179,165,18,-20,-15,-20
36.58203125,70,2179,2179,165,18,-20,-15,-20
36.5859375,70,2179,2179,166,18,-20,-15,-20
36.58984375,70,2179,2179,166,17,-20,-15,-20
36.59375,69,2179,2179,166,18,-20,-15,-20
36.59765625,69,2179,2179,166,18,-20,-14,-20
36.6015625,69,2179,2179,167,18,-20,-15,-20
36.60546875,69,2179,2179,167,18,-20,-15,-20
36.609375,69,2179,2179,167,17,-20,-15,-20
36.61328125,69,2179,2179,167,17,-20,-15,-20
36.6171875,69,2179,2179,167,18,-20,-15,-20
36.62109375,69,2179,2179,167,18,-20,-15,-20
36.625,69,2179,2179,167,17,-20,-15,-20
36.62890625,68,2179,2179,167,17,-20,-15,-20
36.6328125,68,2179,2179,167,18,-20,-15,-20
36.63671875,68,2179,2179,167,18,-20,-15,-20
36.640625,69,2179,2179,166,18,-20,-15,-21
36.64453125,68,2179,2179,166,18,-20,-15,-20
36.6484375,68,2179,2179,166,18,-20,-15,-21
36.65234375,68,2179,2179,167,18,-20,-15,-21
36.65625,68,2179,2179,166,18,-20,-15,-21
36.66015625,68,2179,2179,167,18,-20,-15,-20
36.6640625,67,2179,2179,167,18,-20,-15,-21
36.66796875,67,2179,2179,167,19,-20,-15,-20
36.671875,67,2179,2179,167,19,-20,-15,-20
36.67578125,66,2179,2179,167,19,-20,-15,-20
36.6796875,66,2179,2179,167,19,-20,-15,-20
36.68359375,66,2179,2179,168,19,-20,-15,-21
36.6875,66,2179,2179,168,19,-20,-15,-21
36.69140625,66,2179,2179,168,18,-20,-15,-21
36.6953125,65,2179,2179,168,18,-20,-15,-21
36.69921875,65,2179,2179,169,18,-20,-15,-21
36.703125,65,2179,2179,169,18,-20,-15,-21
36.70703125,66,2179,2179,168,18,-20,-15,-21
36.7109375,66,2179,2179,168,18,-20,-15,-20
36.71484375,65,2179,2179,168,18,-20,-15,-20
36.71875,65,2179,2179,167,18,-20,-15,-20
36.72265625,65,2179,2179,167,18,-20,-15,-20
36.7265625,65,2179,2179,168,18,-20,-15,-20
36.73046875,65,2179,2179,169,18,-20,-15,-20
36.734375,64,2179,2179,169,18,-20,-15,-20
36.73828125,64,2179,2179,170,18,-20,-15,-20
36.7421875,64,2179,2179,169,17,-20,-15,-20
36.74609375,64,2179,2179,169,17,-20,-15,-20
36.75,64,2179,2179,168,17,-20,-15,-21
36.75390625,64,2179,2179,168,18,-20,-15,-21
36.7578125,64,2179,2179,166,17,-20,-15,-20
36.76171875,64,2179,2179,166,17,-20,-15,-20
36.765625,63,2179,2179,167,18,-20,-15,-20
36.76953125,64,2179,2179,167,18,-20,-15,-20
36.7734375,64,2179,2179,168,17,-20,-15,-20
36.77734375,64,2179,2179,168,17,-20,-15,-20
36.78125,63,2179,2179,170,18,-20,-15,-20
36.78515625,63,2179,2179,170,18,-20,-15,-20
36.7890625,63,2179,2179,170,18,-20,-15,-20
36.79296875,63,2179,2179,170,17,-20,-15,-20
36.796875,63,2179,2179,168,17,-20,-15,-20
36.80078125,63,2179,2179,170,18,-20,-15,-20
36.8046875,63,2179,2179,169,18,-20,-15,-20
36.80859375,63,2179,2179,169,17,-20,-15,-20
36.8125,62,2179,2179,170,18,-20,-15,-20
36.81640625,62,2179,2179,170,18,-20,-15,-20
36.8203125,63,2179,2179,170,18,-20,-15,-20
36.82421875,62,2179,2179,170,18,-20,-15,-19
36.828125,62,2179,2179,170,18,-20,-15,-20
36.83203125,62,2179,2179,170,19,-20,-15,-20
36.8359375,62,2179,2179,170,19,-20,-15,-20
36.83984375,62,2179,2179,170,18,-20,-15,-20
36.84375,62,2179,2179,170,18,-20,-15,-20
36.84765625,62,2179,2179,170,18,-20,-15,-20
36.8515625,62,2179,2179,171,18,-20,-15,-20
36.85546875,62,2179,2179,170,18,-20,-15,-20
36.859375,62,2179,2179,170,18,-20,-15,-20
36.86328125,62,2179,2179,170,18,-20,-15,-20
36.8671875,62,2179,2179,170,18,-20,-15,-20
36.87109375,62,2179,2179,169,18,-20,-15,-20
36.875,62,2179,2179,169,18,-20,-15,-20
36.87890625,62,2179,2179,170,18,-20,-15,-20
36.8828125,62,2179,2179,170,18,-20,-15,-20
36.88671875,61,2179,2179,171,18,-20,-15,-20
36.890625,62,2179,2179,171,18,-20,-15,-20
36.89453125,61,2179,2179,171,18,-20,-15,-20
36.8984375,61,2179,2179,171,18,-20,-15,-20
36.90234375,61,2179,2179,171,18,-20,-15,-20
36.90625,61,2179,2179,170,18,-20,-15,-20
36.91015625,61,2179,2179,170,18,-20,-15,-20
36.9140625,61,2179,2179,170,18,-20,-15,-20
36.91796875,60,2179,2179,170,18,-20,-15,-20
36.921875,60,2179,2179,170,18,-20,-15,-20
36.92578125,60,2179,2179,170,18,-20,-15,-20
36.9296875,60,2179,2179,170,18,-20,-15,-20
36.93359375,60,2179,2179,171,18,-20,-15,-20
36.9375,60,2179,2179,171,18,-20,-15,-20
36.94140625,60,2179,2179,170,18,-20,-15,-20
36.9453125,60,2179,2179,170,18,-20,-15,-20
36.94921875,60,2179,2179,171,18,-20,-15,-20
36.953125,60,2179,2179,171,18,-20,-15,-20
36.95703125,61,2179,2179,170,18,-20,-15,-20
36.9609375,61,2179,2179,170,18,-20,-15,-21
36.96484375,60,2179,2179,170,18,-20,-15,-20
36.96875,60,2179,2179,170,18,-20,-15,-20
36.97265625,61,2179,2179,170,17,-20,-15,-20
36.9765625,61,2179,2179,170,17,-20,-15,-20
36.98046875,60,2179,2179,170,17,-20,-15,-21
36.984375,60,2179,2179,170,18,-20,-15,-21
36.98828125,61,2179,2179,170,18,-20,-15,-20
36.9921875,61,2179,2179,169,18,-20,-15,-21
36.99609375,60,2179,2179,169,18,-20,-15,-21
37.0,60,2179,2179,169,18,-20,-15,-20
37.00390625,60,2179,2179,169,18,-20,-15,-20
37.0078125,60,2179,2179,169,18,-20,-15,-20
37.01171875,60,2179,2179,170,18,-20,-15,-21
37.015625,60,2179,2179,171,18,-20,-15,-20
37.01953125,60,2179,2179,171,18,-20,-15,-20
37.0234375,60,2179,2179,172,18,-20,-15,-20
37.02734375,60,2179,2179,172,18,-20,-15,-20
37.03125,59,2179,2179,172,18,-20,-15,-20
37.03515625,60,2179,2179,172,18,-20,-15,-20
37.0390625,60,2179,2179,171,18,-20,-15,-20
37.04296875,60,2179,2179,170,18,-20,-15,-20
37.046875,60,2179,2179,169,18,-20,-15,-20
37.05078125,60,2179,2179,170,18,-20,-15,-20
37.0546875,60,2179,2179,170,18,-20,-15,-20
37.05859375,60,2179,2179,170,18,-20,-15,-20
37.0625,60,2179,2179,171,18,-20,-15,-20
37.06640625,60,2179,2179,171,18,-20,-15,-20
37.0703125,60,2179,2179,172,18,-20,-15,-20
37.07421875,60,2179,2179,172,18,-20,-15,-19
37.078125,60,2179,2179,172,18,-20,-15,-20
37.08203125,60,2179,2179,172,18,-20,-15,-21
37.0859375,60,2179,2179,171,18,-20,-15,-21
37.08984375,60,2179,2179,170,18,-20,-15,-21
37.09375,59,2179,2179,169,18,-20,-15,-21
37.09765625,59,2179,2179,169,18,-20,-15,-20
37.1015625,59,2179,2179,169,18,-20,-15,-20
37.10546875,59,2179,2179,169,18,-20,-15,-20
37.109375,59,2179,2179,169,18,-20,-15,-20
37.11328125,59,2179,2179,170,18,-20,-15,-21
37.1171875,59,2179,2179,171,18,-20,-15,-20
37.12109375,59,2179,2179,171,18,-20,-15,-20
37.125,59,2179,2179,171,18,-20,-15,-20
37.12890625,58,2179,2179,171,18,-20,-15,-20
37.1328125,58,2179,2179,172,18,-20,-15,-20
37.13671875,58,2179,2179,172,18,-20,-15,-20
37.140625,58,2179,2179,171,18,-20,-15,-20
37.14453125,58,2179,2179,171,18,-20,-15,-20
37.1484375,58,2179,2179,171,18,-20,-15,-20
37.15234375,58,2179,2179,171,18,-20,-15,-20
37.15625,58,2179,2179,171,17,-20,-15,-20
37.16015625,58,2179,2179,171,17,-20,-15,-20
37.1640625,58,2179,2179,171,17,-20,-15,-20
37.16796875,58,2179,2179,171,18,-20,-15,-20
37.171875,58,2179,2179,170,18,-20,-15,-20
37.17578125,58,2179,2179,170,17,-20,-15,-20
37.1796875,58,2179,2179,170,17,-20,-15,-20
37.18359375,58,2179,2179,170,18,-20,-15,-20
37.1875,58,2179,2179,170,18,-20,-15,-20
37.19140625,58,2179,2179,170,17,-20,-15,-20
37.1953125,58,2179,2179,170,17,-20,-15,-21
37.19921875,58,2179,2179,170,18,-20,-15,-20
37.203125,57,2179,2179,171,18,-20,-15,-21
37.20703125,58,2179,2179,170,18,-20,-15,-21
37.2109375,58,2179,2179,170,18,-20,-15,-21
37.21484375,58,2179,2179,171,18,-20,-15,-21
37.21875,58,2179,2179,171,18,-20,-15,-21
37.22265625,58,2179,2179,170,18,-20,-15,-21
37.2265625,58,2179,2179,170,18,-20,-15,-21
37.23046875,57,2179,2179,171,18,-20,-15,-20
37.234375,57,2179,2179,171,19,-20,-15,-21
37.23828125,57,2179,2179,171,19,-20,-15,-21
37.2421875,57,2179,2179,171,18,-20,-15,-20
37.24609375,56,2179,2179,171,18,-20,-15,-20
37.25,56,2179,2179,171,19,-20,-15,-21
37.25390625,56,2179,2179,171,18,-20,-15,-20
37.2578125,56,2179,2179,171,18,-20,-15,-20
37.26171875,56,2179,2179,172,18,-20,-15,-20
37.265625,56,2179,2179,172,18,-20,-15,-20
37.26953125,56,2179,2179,172,18,-20,-15,-20
37.2734375,56,2179,2179,172,18,-20,-15,-20
37.27734375,56,2179,2179,171,18,-20,-15,-20
37.28125,56,2179,2179,171,18,-20,-15,-20
37.28515625,56,2179,2179,171,18,-20,-15,-20
37.2890625,56,2179,2179,170,18,-20,-15,-20
37.29296875,56,2179,2179,170,18,-20,-15,-20
37.296875,56,2179,2179,170,18,-20,-15,-20
37.30078125,56,2179,2179,170,18,-20,-15,-20
37.3046875,57,2179,2179,170,18,-20,-15,-20
37.30859375,57,2179,2179,170,18,-20,-15,-20
37.3125,56,2179,2179,170,18,-20,-15,-20
37.31640625,56,2179,2179,171,18,-20,-15,-21
37.3203125,56,2179,2179,170,18,-20,-15,-20
37.32421875,56,2179,2179,170,18,-20,-15,-20
37.328125,56,2179,2179,170,17,-20,-15,-20
37.33203125,56,2179,2179,170,18,-20,-17,-20
37.3359375,56,2179,2179,170,18,-20,-15,-20
37.33984375,56,2179,2179,170,17,-20,-15,-20
37.34375,55,2179,2179,170,18,-20,-15,-20
37.34765625,55,2179,2179,170,18,-20,-15,-20
37.3515625,54,2179,2179,170,18,-20,-15,-20
37.35546875,54,2179,2179,170,18,-20,-15,-20
37.359375,54,2179,2179,170,18,-20,-15,-20
37.36328125,54,2179,2179,170,18,-20,-15,-20
37.3671875,54,2179,2179,171,18,-20,-15,-20
37.37109375,54,2179,2179,171,18,-20,-15,-20
37.375,54,2179,2179,170,18,-20,-15,-20
37.37890625,54,2179,2179,170,18,-20,-15,-20
37.3828125,54,2179,2179,171,18,-20,-15,-20
37.38671875,53,2179,2179,171,18,-20,-15,-20
37.390625,53,2179,2179,170,18,-20,-15,-20
37.39453125,53,2179,2179,170,18,-20,-15,-20
37.3984375,53,2179,2179,171,18,-20,-15,-20
37.40234375,53,2179,2179,171,18,-20,-15,-21
37.40625,53,2179,2179,170,18,-20,-15,-20
37.41015625,53,2179,2179,170,18,-20,-15,-21
37.4140625,52,2179,2179,170,18,-20,-15,-20
37.41796875,52,2179,2179,170,18,-20,-15,-21
37.421875,52,2179,2179,170,18,-20,-15,-21
37.42578125,52,2179,2179,170,18,-20,-15,-21
37.4296875,52,2179,2179,170,18,-20,-15,-21
37.43359375,52,2179,2179,169,18,-20,-15,-21
37.4375,52,2179,2179,167,18,-20,-15,-21
37.44140625,52,2179,2179,164,18,-20,-15,-21
37.4453125,52,2179,2179,159,18,-20,-15,-21
37.44921875,52,2179,2179,153,18,-20,-15,-20
37.453125,52,2179,2179,145,18,-20,-15,-21
37.45703125,52,2179,2179,135,18,-20,-15,-20
37.4609375,52,2179,2179,125,18,-20,-15,-20
37.46484375,51,2179,2179,116,18,-20,-15,-20
37.46875,51,2179,2179,109,19,-20,-15,-20
37.47265625,51,2179,2179,103,18,-20,-15,-20
37.4765625,51,2179,2179,99,18,-20,-15,-20
37.48046875,51,2179,2179,96,18,-20,-15,-20
37.484375,51,2179,2179,94,19,-20,-15,-20
37.48828125,52,2179,2179,92,19,-20,-15,-20
37.4921875,52,2179,2179,90,18,-20,-15,-20
37.49609375,52,2179,2179,88,18,-20,-15,-20
37.5,51,2179,2179,86,18,-20,-15,-20
37.50390625,52,2179,2179,84,18,-20,-15,-20
37.5078125,51,2179,2179,82,17,-20,-15,-20
37.51171875,51,2179,2179,82,17,-20,-15,-20
37.515625,51,2179,2179,82,18,-20,-15,-20
37.51953125,51,2179,2179,83,18,-20,-15,-20
37.5234375,51,2179,2179,84,17,-20,-15,-20
37.52734375,51,2179,2179,84,17,-20,-15,-20
37.53125,50,2179,2179,85,18,-20,-15,-20
37.53515625,50,2179,2179,85,18,-20,-15,-21
37.5390625,50,2179,2179,82,18,-20,-15,-21
37.54296875,50,2179,2179,77,18,-20,-15,-21
37.546875,49,2179,2179,70,18,-20,-15,-21
37.55078125,49,2179,2179,61,18,-20,-15,-21
37.5546875,49,2179,2179,52,18,-20,-15,-20
37.55859375,49,2179,2179,42,18,-20,-15,-20
37.5625,48,2179,2179,35,18,-20,-15,-20
37.56640625,48,2179,2179,30,18,-20,-15,-20
37.5703125,48,2179,2179,27,18,-20,-15,-20
37.57421875,47,2179,2179,25,17,-20,-15,-20
37.578125,47,2179,2179,25,17,-20,-15,-20
37.58203125,46,2179,2179,26,18,-20,-15,-20
37.5859375,46,2179,2179,26,18,-20,-14,-20
37.58984375,46,2179,2179,26,17,-20,-14,-20
37.59375,46,2179,2179,25,17,-20,-14,-20
37.59765625,45,2179,2179,25,18,-20,-14,-20
37.6015625,45,2179,2179,24,18,-20,-15,-20
37.60546875,45,2179,2179,23,18,-20,-15,-20
37.609375,45,2179,2179,23,17,-20,-15,-20
37.61328125,44,2179,2179,23,17,-20,-15,-20
37.6171875,44,2179,2179,23,18,-20,-15,-20
37.62109375,44,2179,2179,24,18,-20,-15,-20
37.625,44,2179,2179,24,17,-20,-15,-20
37.62890625,44,2179,2179,24,17,-20,-15,-20
37.6328125,44,2179,2179,24,18,-20,-15,-20
37.63671875,44,2179,2179,24,17,-20,-15,-20
37.640625,44,2179,2179,24,17,-20,-15,-20
37.64453125,43,2179,2179,24,17,-20,-15,-20
37.6484375,43,2179,2179,24,18,-20,-15,-21
37.65234375,43,2179,2179,24,18,-20,-15,-21
37.65625,43,2179,2179,24,18,-20,-15,-21
37.66015625,42,2179,2179,24,18,-20,-15,-20
37.6640625,42,2179,2179,25,18,-20,-15,-21
37.66796875,42,2179,2179,25,18,-20,-15,-21
37.671875,42,2179,2179,25,18,-20,-15,-21
37.67578125,42,2179,2179,24,18,-20,-15,-20
37.6796875,41,2179,2179,24,18,-20,-15,-20
37.68359375,41,2179,2179,25,19,-20,-15,-20
37.6875,41,2179,2179,25,19,-20,-15,-20
37.69140625,41,2179,2179,24,18,-20,-15,-20
37.6953125,40,2179,2179,24,18,-20,-15,-20
37.69921875,40,2179,2179,25,19,-20,-15,-20
37.703125,40,2179,2179,25,19,-20,-15,-20
37.70703125,41,2179,2179,24,18,-20,-14,-20
37.7109375,41,2179,2179,24,18,-20,-15,-20
37.71484375,40,2179,2179,24,18,-20,-15,-20
37.71875,41,2179,2179,24,18,-20,-15,-20
37.72265625,41,2179,2179,24,18,-20,-15,-20
37.7265625,41,2179,2179,24,17,-20,-15,-20
37.73046875,41,2179,2179,24,17,-20,-15,-20
37.734375,41,2179,2179,24,18,-20,-15,-20
37.73828125,41,2179,2179,24,18,-20,-15,-20
37.7421875,41,2179,2179,24,17,-20,-15,-20
37.74609375,40,2179,2179,23,17,-20,-15,-20
37.75,40,2179,2179,24,17,-20,-15,-20
37.75390625,40,2179,2179,24,18,-20,-15,-20
37.7578125,40,2179,2179,23,17,-20,-15,-21
37.76171875,40,2179,2179,23,17,-20,-15,-20
37.765625,39,2179,2179,24,17,-20,-15,-21
37.76953125,39,2179,2179,24,17,-20,-15,-21
37.7734375,39,2179,2179,23,17,-20,-15,-21
37.77734375,39,2179,2179,23,17,-20,-15,-21
37.78125,38,2179,2179,24,17,-20,-15,-20
37.78515625,38,2179,2179,24,17,-20,-15,-20
37.7890625,37,2179,2179,23,18,-20,-15,-20
37.79296875,37,2179,2179,23,17,-20,-15,-20
37.796875,37,2179,2179,23,17,-20,-15,-20
37.80078125,36,2179,2179,23,18,-20,-15,-20
37.8046875,36,2179,2179,23,18,-20,-15,-20
37.80859375,37,2179,2179,23,17,-20,-15,-20
37.8125,36,2179,2179,23,18,-20,-15,-20
37.81640625,36,2179,2179,24,18,-20,-15,-20
37.8203125,36,2179,2179,24,18,-20,-15,-20
37.82421875,36,2179,2179,24,18,-20,-15,-20
37.828125,36,2179,2179,24,18,-20,-15,-20
37.83203125,35,2179,2179,25,19,-20,-14,-20
37.8359375,35,2179,2179,25,18,-20,-15,-20
37.83984375,35,2179,2179,24,18,-20,-15,-20
37.84375,35,2179,2179,24,18,-20,-15,-20
37.84765625,35,2179,2179,24,18,-20,-15,-20
37.8515625,35,2179,2179,24,18,-20,-15,-20
37.85546875,35,2179,2179,24,18,-20,-15,-20
37.859375,36,2179,2179,24,18,-20,-15,-20
37.86328125,35,2179,2179,24,18,-20,-15,-20
37.8671875,35,2179,2179,24,18,-20,-15,-20
37.87109375,35,2179,2179,25,18,-20,-15,-20
37.875,35,2179,2179,24,18,-20,-15,-20
37.87890625,35,2179,2179,24,18,-20,-15,-20
37.8828125,34,2179,2179,25,18,-20,-15,-21
37.88671875,34,2179,2179,25,18,-20,-15,-20
37.890625,34,2179,2179,24,18,-20,-15,-21
37.89453125,34,2179,2179,24,18,-20,-15,-21
37.8984375,34,2179,2179,24,18,-20,-15,-21
37.90234375,34,2179,2179,24,18,-20,-15,-20
37.90625,34,2179,2179,24,18,-20,-15,-20
37.91015625,33,2179,2179,24,18,-20,-15,-20
37.9140625,33,2179,2179,24,18,-20,-15,-20
37.91796875,33,2179,2179,24,18,-20,-15,-20
37.921875,33,2179,2179,24,18,-20,-15,-20
37.92578125,33,2179,2179,24,18,-20,-15,-20
37.9296875,33,2179,2179,24,18,-20,-15,-20
37.93359375,33,2179,2179,25,18,-20,-15,-20
37.9375,33,2179,2179,25,18,-20,-15,-20
37.94140625,33,2179,2179,24,18,-20,-15,-20
37.9453125,33,2179,2179,24,18,-20,-15,-20
37.94921875,33,2179,2179,25,18,-20,-15,-20
37.953125,33,2179,2179,25,18,-20,-15,-20
37.95703125,33,2179,2179,24,18,-20,-14,-20
37.9609375,33,2179,2179,24,18,-20,-15,-20
37.96484375,33,2179,2179,24,18,-21,-15,-20
37.96875,33,2179,2179,24,18,-20,-15,-21
37.97265625,33,2179,2179,24,18,-20,-15,-21
37.9765625,33,2179,2179,24,17,-20,-15,-21
37.98046875,33,2179,2179,24,17,-20,-15,-21
37.984375,33,2179,2179,24,18,-20,-15,-21
37.98828125,33,2179,2179,24,18,-20,-15,-21
37.9921875,33,2179,2179,24,18,-20,-15,-20
37.99609375,33,2179,2179,24,18,-20,-15,-20
38.0,33,2179,2179,24,18,-20,-15,-20
38.00390625,33,2179,2179,24,18,-20,-15,-20
38.0078125,33,2179,2179,24,18,-20,-15,-20
38.01171875,33,2179,2179,24,18,-20,-15,-20
38.015625,32,2179,2179,24,18,-20,-15,-20
38.01953125,32,2179,2179,24,18,-20,-15,-20
38.0234375,32,2179,2179,24,18,-20,-15,-20
38.02734375,32,2179,2179,24,18,-20,-15,-20
38.03125,32,2179,2179,24,18,-20,-15,-20
38.03515625,32,2179,2179,24,18,-20,-15,-20
38.0390625,32,2179,2179,24,18,-20,-15,-20
38.04296875,32,2179,2179,24,18,-20,-15,-20
38.046875,32,2179,2179,24,18,-20,-15,-20
38.05078125,32,2179,2179,24,18,-20,-15,-20
38.0546875,32,2179,2179,24,18,-20,-15,-20
38.05859375,32,2179,2179,24,18,-20,-15,-20
38.0625,32,2179,2179,24,18,-20,-15,-20
38.06640625,32,2179,2179,24,18,-20,-15,-20
38.0703125,32,2179,2179,24,18,-20,-15,-20
38.07421875,32,2179,2179,24,18,-20,-15,-20
38.078125,32,2179,2179,24,18,-20,-15,-20
38.08203125,32,2179,2179,24,18,-20,-15,-20
38.0859375,32,2179,2179,24,18,-20,-15,-20
38.08984375,32,2179,2179,24,18,-17,-15,-20
38.09375,32,2179,2179,24,18,-20,-15,-20
38.09765625,32,2179,2179,24,18,-20,-15,-20
38.1015625,32,2179,2179,24,18,-20,-15,-20
38.10546875,32,2179,2179,24,18,-20,-15,-21
38.109375,32,2179,2179,24,18,-20,-15,-20
38.11328125,32,2179,2179,24,18,-20,-15,-20
38.1171875,32,2179,2179,24,18,-20,-15,-20
38.12109375,32,2179,2179,24,18,-20,-15,-20
38.125,32,2179,2179,24,18,-20,-15,-20
38.12890625,31,2179,2179,24,18,-20,-15,-20
38.1328125,31,2179,2179,25,18,-20,-15,-20
38.13671875,31,2179,2179,24,18,-20,-15,-20
38.140625,31,2179,2179,24,18,-20,-15,-20
38.14453125,31,2179,2179,24,18,-20,-15,-20
38.1484375,31,2179,2179,24,18,-20,-15,-20
38.15234375,31,2179,2179,24,18,-20,-15,-20
38.15625,32,2179,2179,24,17,-20,-15,-20
38.16015625,32,2179,2179,24,17,-20,-15,-20
38.1640625,32,2179,2179,24,17,-20,-15,-20
38.16796875,32,2179,2179,24,18,-20,-15,-20
38.171875,32,2179,2179,24,18,-20,-15,-20
38.17578125,32,2179,2179,24,17,-20,-15,-20
38.1796875,32,2179,2179,24,17,-20,-15,-20
38.18359375,32,2179,2179,24,17,-20,-15,-20
38.1875,32,2179,2179,24,17,-20,-15,-20
38.19140625,32,2179,2179,24,17,-20,-15,-20
38.1953125,31,2179,2179,24,18,-20,-15,-20
38.19921875,31,2179,2179,24,18,-20,-15,-21
38.203125,31,2179,2179,24,18,-20,-15,-20
38.20703125,31,2179,2179,24,18,-20,-15,-21
38.2109375,31,2179,2179,24,18,-20,-15,-20
38.21484375,30,2179,2179,24,18,-28,-15,-21
38.21875,30,2179,2179,25,18,-20,-15,-21
38.22265625,31,2179,2179,24,18,-20,-15,-21
38.2265625,31,2179,2179,24,18,-20,-15,-20
38.23046875,31,2179,2179,24,18,-20,-15,-21
38.234375,31,2179,2179,24,18,-20,-15,-21
38.23828125,31,2179,2179,24,18,-20,-15,-21
38.2421875,31,2179,2179,24,18,-20,-15,-20
38.24609375,31,2179,2179,24,18,-20,-15,-20
38.25,31,2179,2179,24,18,-20,-15,-20
38.25390625,31,2179,2179,25,18,-20,-15,-20
38.2578125,31,2179,2179,24,18,-19,-14,-20
38.26171875,31,2179,2179,24,18,-20,-14,-20
38.265625,31,2179,2179,25,18,-20,-14,-20
38.26953125,32,2179,2179,24,18,-20,-15,-20
38.2734375,32,2179,2179,24,18,-20,-15,-20
38.27734375,32,2179,2179,24,18,-20,-15,-20
38.28125,32,2179,2179,24,18,-20,-15,-20
38.28515625,32,2179,2179,24,18,-20,-15,-20
38.2890625,33,2179,2179,23,18,-20,-15,-20
38.29296875,33,2179,2179,23,18,-20,-15,-20
38.296875,33,2179,2179,23,18,-20,-15,-21
38.30078125,33,2179,2179,23,18,-20,-15,-21
38.3046875,34,2179,2179,23,18,-20,-15,-21
38.30859375,34,2179,2179,23,17,-20,-15,-21
38.3125,34,2179,2179,23,18,-20,-15,-21
38.31640625,34,2179,2179,24,18,-20,-15,-21
38.3203125,34,2179,2179,24,18,-20,-15,-20
38.32421875,34,2179,2179,24,17,-20,-15,-20
38.328125,34,2179,2179,24,17,-20,-15,-21
38.33203125,34,2179,2179,24,18,-20,-15,-20
38.3359375,34,2179,2179,24,18,-20,-15,-20
38.33984375,34,2179,2179,24,17,-14,-15,-21
38.34375,34,2179,2179,23,17,-20,-15,-20
38.34765625,34,2179,2179,24,18,-20,-15,-20
38.3515625,33,2179,2179,24,17,-20,-15,-20
38.35546875,34,2179,2179,24,18,-20,-15,-20
38.359375,34,2179,2179,24,17,-20,-15,-20
38.36328125,33,2179,2179,24,18,-20,-15,-20
38.3671875,33,2179,2179,24,18,-20,-15,-20
38.37109375,34,2179,2179,24,18,-20,-15,-20
38.375,34,2179,2179,24,18,-20,-15,-20
38.37890625,34,2179,2179,24,18,-20,-15,-20
38.3828125,34,2179,2179,24,18,-20,-15,-20
38.38671875,33,2179,2179,24,18,-20,-15,-20
38.390625,34,2179,2179,24,18,-20,-15,-20
38.39453125,34,2179,2179,24,18,-20,-15,-20
38.3984375,33,2179,2179,24,18,-20,-15,-20
38.40234375,33,2179,2179,24,18,-20,-15,-20
38.40625,34,2179,2179,24,18,-20,-15,-20
38.41015625,34,2179,2179,24,18,-20,-15,-20
38.4140625,34,2179,2179,24,18,-20,-15,-20
38.41796875,34,2179,2179,24,18,-20,-15,-21
38.421875,34,2179,2179,24,18,-20,-15,-20
38.42578125,34,2179,2179,24,18,-20,-15,-20
38.4296875,34,2179,2179,24,18,-20,-15,-21
38.43359375,34,2179,2179,24,18,-20,-15,-21
38.4375,34,2179,2179,24,18,-20,-15,-21
38.44140625,34,2179,2179,24,18,-20,-15,-21
38.4453125,34,2179,2179,24,18,-20,-15,-20
38.44921875,33,2179,2179,24,18,-20,-15,-21
38.453125,33,2179,2179,24,18,-20,-15,-20
38.45703125,34,2179,2179,24,18,-20,-15,-21
38.4609375,33,2179,2179,24,18,-20,-15,-20
38.46484375,33,2179,2179,24,18,-25,-15,-20
38.46875,33,2179,2179,24,18,-20,-15,-20
38.47265625,33,2179,2179,24,18,-20,-15,-20
38.4765625,33,2179,2179,24,18,-20,-15,-20
38.48046875,33,2179,2179,25,18,-20,-15,-20
38.484375,33,2179,2179,24,18,-20,-15,-20
38.48828125,33,2179,2179,24,18,-20,-15,-20
38.4921875,33,2179,2179,24,18,-20,-15,-20
38.49609375,33,2179,2179,24,18,-20,-15,-20
38.5,33,2179,2179,24,18,-20,-15,-20
38.50390625,33,2179,2179,25,18,-20,-15,-20
38.5078125,33,2179,2179,24,18,-20,-15,-20
38.51171875,34,2179,2179,24,18,-20,-15,-20
38.515625,33,2179,2179,25,18,-20,-15,-20
38.51953125,33,2179,2179,24,18,-20,-15,-20
38.5234375,34,2179,2179,24,18,-20,-15,-21
38.52734375,34,2179,2179,24,18,-20,-15,-21
38.53125,34,2179,2179,24,18,-20,-15,-20
38.53515625,34,2179,2179,24,18,-20,-15,-21
38.5390625,34,2179,2179,24,18,-20,-15,-20
38.54296875,34,2179,2179,24,18,-20,-15,-21
38.546875,34,2179,2179,24,18,-20,-15,-20
38.55078125,34,2179,2179,24,18,-20,-15,-21
38.5546875,35,2179,2179,24,18,-20,-15,-21
38.55859375,35,2179,2179,24,18,-20,-15,-20
38.5625,35,2179,2179,24,18,-20,-15,-21
38.56640625,34,2179,2179,24,18,-20,-15,-21
38.5703125,35,2179,2179,24,18,-20,-15,-20
38.57421875,35,2179,2179,24,18,-20,-15,-20
38.578125,35,2179,2179,24,17,-20,-15,-20
38.58203125,34,2179,2179,24,18,-20,-15,-20
38.5859375,34,2179,2179,24,18,-20,-15,-20
38.58984375,35,2179,2179,24,17,-16,-15,-20
38.59375,35,2179,2179,24,17,-20,-15,-20
38.59765625,34,2179,2179,24,17,-20,-15,-20
38.6015625,35,2179,2179,24,18,-20,-15,-20
38.60546875,35,2179,2179,24,18,-20,-15,-20
38.609375,35,2179,2179,24,17,-20,-15,-20
38.61328125,35,2179,2179,24,17,-20,-15,-20
38.6171875,35,2179,2179,24,18,-20,-15,-20
38.62109375,36,2179,2179,24,18,-20,-15,-20
38.625,36,2179,2179,24,17,-20,-14,-20
38.62890625,36,2179,2179,24,17,-20,-15,-20
38.6328125,36,2179,2179,24,18,-20,-15,-20
38.63671875,36,2179,2179,24,18,-20,-15,-20
38.640625,36,2179,2179,24,18,-20,-15,-20
38.64453125,36,2179,2179,24,17,-20,-15,-20
38.6484375,36,2179,2179,24,18,-20,-15,-20
38.65234375,36,2179,2179,24,18,-20,-15,-20
38.65625,37,2179,2179,24,18,-20,-15,-20
38.66015625,37,2179,2179,24,18,-20,-15,-20
38.6640625,37,2179,2179,25,18,-20,-15,-20
38.66796875,36,2179,2179,25,19,-20,-15,-20
38.671875,37,2179,2179,25,19,-20,-15,-20
38.67578125,36,2179,2179,24,18,-20,-15,-20
38.6796875,36,2179,2179,24,18,-20,-15,-20
38.68359375,36,2179,2179,25,19,-20,-15,-20
38.6875,36,2179,2179,25,19,-20,-15,-20
38.69140625,36,2179,2179,24,18,-20,-15,-20
38.6953125,35,2179,2179,24,18,-20,-15,-20
38.69921875,36,2179,2179,24,18,-20,-14,-20
38.703125,36,2179,2179,24,18,-20,-14,-20
38.70703125,36,2179,2179,24,18,-20,-14,-20
38.7109375,36,2179,2179,24,18,-20,-14,-20
38.71484375,36,2179,2179,25,18,-22,-15,-20
38.71875,36,2179,2179,25,18,-20,-15,-20
38.72265625,36,2179,2179,24,19,-20,-15,-20
38.7265625,35,2179,2179,24,18,-20,-15,-20
38.73046875,35,2179,2179,24,18,-20,-15,-20
38.734375,35,2179,2179,24,18,-20,-15,-20
38.73828125,36,2179,2179,24,18,-20,-15,-20
38.7421875,36,2179,2179,24,17,-20,-15,-20
38.74609375,36,2179,2179,24,17,-20,-15,-20
38.75,36,2179,2179,24,18,-20,-15,-20
38.75390625,36,2179,2179,24,18,-20,-15,-20
38.7578125,36,2179,2179,24,17,-20,-15,-20
38.76171875,36,2179,2179,24,17,-20,-15,-20
38.765625,36,2179,2179,24,18,-20,-15,-21
38.76953125,36,2179,2179,24,17,-20,-15,-20
38.7734375,36,2179,2179,24,17,-20,-15,-20
38.77734375,36,2179,2179,24,17,-20,-15,-20
38.78125,35,2179,2179,24,18,-20,-15,-21
38.78515625,35,2179,2179,24,18,-20,-15,-20
38.7890625,35,2179,2179,24,18,-20,-15,-21
38.79296875,35,2179,2179,24,18,-20,-15,-21
38.796875,35,2179,2179,24,18,-20,-15,-20
38.80078125,35,2179,2179,24,18,-20,-15,-20
38.8046875,35,2179,2179,24,18,-20,-15,-20
38.80859375,36,2179,2179,24,17,-20,-15,-20
38.8125,35,2179,2179,24,18,-20,-15,-20
38.81640625,36,2179,2179,24,18,-20,-15,-20
38.8203125,36,2179,2179,24,18,-20,-15,-20
38.82421875,36,2179,2179,24,18,-20,-15,-20
38.828125,36,2179,2179,24,18,-20,-15,-20
38.83203125,36,2179,2179,24,18,-20,-15,-20
38.8359375,36,2179,2179,24,18,-20,-15,-20
38.83984375,37,2179,2179,24,18,-18,-14,-20
38.84375,37,2179,2179,24,18,-20,-15,-20
38.84765625,37,2179,2179,24,19,-20,-15,-20
38.8515625,37,2179,2179,24,18,-20,-15,-20
38.85546875,38,2179,2179,24,18,-20,-15,-20
38.859375,38,2179,2179,24,18,-20,-15,-20
38.86328125,37,2179,2179,24,18,-20,-15,-20
38.8671875,37,2179,2179,24,18,-20,-15,-20
38.87109375,38,2179,2179,24,18,-20,-15,-20
38.875,38,2179,2179,24,18,-20,-15,-20
38.87890625,37,2179,2179,24,18,-20,-15,-20
38.8828125,38,2179,2179,24,18,-20,-15,-21
38.88671875,37,2179,2179,24,18,-20,-15,-21
38.890625,38,2179,2179,24,18,-20,-15,-21
38.89453125,38,2179,2179,24,18,-20,-15,-20
38.8984375,38,2179,2179,24,18,-20,-15,-20
38.90234375,38,2179,2179,24,18,-20,-15,-20
38.90625,38,2179,2179,24,18,-20,-15,-20
38.91015625,38,2179,2179,24,18,-20,-15,-20
38.9140625,38,2179,2179,24,18,-20,-15,-20
38.91796875,38,2179,2179,24,18,-20,-15,-20
38.921875,39,2179,2179,24,18,-20,-15,-20
38.92578125,39,2179,2179,24,18,-20,-15,-20
38.9296875,39,2179,2179,24,18,-20,-15,-20
38.93359375,39,2179,2179,24,18,-19,-15,-20
38.9375,40,2179,2179,24,18,-20,-15,-20
38.94140625,40,2179,2179,24,18,-20,-15,-20
38.9453125,40,2179,2179,24,18,-20,-15,-20
38.94921875,40,2179,2179,24,18,-20,-15,-20
38.953125,40,2179,2179,24,18,-20,-15,-20
38.95703125,41,2179,2179,24,18,-20,-15,-20
38.9609375,42,2179,2179,24,18,-20,-15,-20
38.96484375,42,2179,2179,24,18,-21,-15,-20
38.96875,42,2179,2179,24,18,-20,-15,-21
38.97265625,42,2179,2179,24,17,-20,-15,-21
38.9765625,42,2179,2179,24,17,-20,-15,-21
38.98046875,42,2179,2179,24,17,-20,-15,-21
38.984375,43,2179,2179,24,18,-20,-15,-21
38.98828125,43,2179,2179,24,18,-20,-15,-21
38.9921875,43,2179,2179,24,17,-20,-15,-21
38.99609375,43,2179,2179,24,17,-20,-15,-20
39.0,44,2179,2179,24,18,-20,-15,-20
39.00390625,44,2179,2179,24,18,-20,-15,-20
39.0078125,45,2179,2179,24,18,-20,-15,-20
39.01171875,45,2179,2179,24,18,-20,-15,-20
39.015625,45,2179,2179,24,18,-20,-15,-20
39.01953125,45,2179,2179,24,18,-20,-15,-20
39.0234375,45,2179,2179,24,18,-20,-15,-20
39.02734375,45,2179,2179,24,18,-20,-15,-20
39.03125,46,2179,2179,24,18,-20,-15,-20
39.03515625,46,2179,2179,24,18,-20,-15,-20
39.0390625,47,2179,2179,24,18,-20,-15,-20
39.04296875,47,2179,2179,24,18,-20,-15,-20
39.046875,48,2179,2179,24,18,-20,-15,-20
39.05078125,48,2179,2179,25,18,-20,-15,-20
39.0546875,49,2179,2179,24,18,-20,-15,-20
39.05859375,49,2179,2179,24,18,-20,-15,-20
39.0625,49,2179,2179,24,18,-20,-15,-20
39.06640625,50,2179,2179,24,18,-20,-15,-21
39.0703125,51,2179,2179,25,18,-20,-15,-20
39.07421875,52,2179,2179,24,18,-20,-15,-20
39.078125,53,2179,2179,24,18,-20,-15,-20
39.08203125,53,2179,2179,25,18,-20,-15,-20
39.0859375,54,2179,2179,25,18,-20,-15,-21
39.08984375,55,2179,2179,24,18,-19,-15,-20
39.09375,56,2179,2179,24,18,-20,-15,-21
39.09765625,57,2179,2179,24,17,-20,-15,-20
39.1015625,57,2179,2179,24,18,-20,-15,-21
39.10546875,58,2179,2179,24,18,-20,-15,-20
39.109375,59,2179,2179,23,18,-20,-15,-20
39.11328125,59,2179,2179,23,18,-20,-15,-20
39.1171875,59,2179,2179,23,18,-20,-15,-20
39.12109375,60,2179,2179,24,18,-20,-15,-21
39.125,60,2179,2179,24,18,-20,-15,-20
39.12890625,60,2179,2179,24,18,-20,-15,-20
39.1328125,60,2179,2179,24,18,-20,-15,-20
39.13671875,60,2179,2179,24,18,-20,-15,-20
39.140625,61,2179,2179,24,18,-20,-15,-20
39.14453125,61,2179,2179,24,18,-20,-15,-20
39.1484375,61,2179,2179,24,18,-20,-15,-20
39.15234375,61,2179,2179,24,18,-20,-15,-20
39.15625,62,2179,2179,24,17,-20,-15,-20
39.16015625,62,2179,2179,24,17,-20,-15,-20
39.1640625,62,2179,2179,24,17,-20,-15,-20
39.16796875,62,2179,2179,24,18,-20,-15,-20
39.171875,62,2179,2179,24,18,-20,-15,-20
39.17578125,62,2179,2179,24,17,-20,-15,-20
39.1796875,62,2179,2179,24,17,-20,-15,-20
39.18359375,62,2179,2179,24,17,-20,-15,-20
39.1875,63,2179,2179,24,17,-20,-15,-21
39.19140625,63,2179,2179,24,17,-20,-15,-21
39.1953125,64,2179,2179,24,17,-20,-15,-21
39.19921875,63,2179,2179,24,18,-20,-15,-21
39.203125,62,2179,2179,24,18,-20,-15,-21
39.20703125,63,2179,2179,24,18,-20,-15,-21
39.2109375,62,2179,2179,24,18,-20,-15,-21
39.21484375,62,2179,2179,24,18,-20,-15,-21
39.21875,62,2179,2179,25,19,-20,-15,-20
39.22265625,62,2179,2179,24,18,-20,-15,-21
39.2265625,62,2179,2179,24,18,-20,-15,-20
39.23046875,62,2179,2179,25,18,-20,-15,-20
39.234375,62,2179,2179,25,19,-20,-15,-20
39.23828125,62,2179,2179,25,19,-20,-15,-20
39.2421875,62,2179,2179,25,18,-20,-15,-20
39.24609375,62,2179,2179,24,18,-20,-15,-20
39.25,62,2179,2179,25,18,-20,-15,-20
39.25390625,62,2179,2179,25,19,-20,-15,-20
39.2578125,62,2179,2179,24,18,-19,-15,-20
39.26171875,62,2179,2179,24,18,-20,-15,-20
39.265625,62,2179,2179,25,18,-20,-15,-20
39.26953125,63,2179,2179,25,18,-20,-15,-20
39.2734375,63,2179,2179,24,18,-20,-15,-20
39.27734375,63,2179,2179,24,18,-20,-15,-20
39.28125,63,2179,2179,25,18,-20,-15,-20
39.28515625,63,2179,2179,24,18,-20,-15,-20
39.2890625,64,2179,2179,24,18,-20,-15,-20
39.29296875,64,2179,2179,24,18,-20,-15,-20
39.296875,64,2179,2179,24,18,-20,-15,-20
39.30078125,65,2179,2179,24,18,-20,-15,-20
39.3046875,65,2179,2179,24,18,-20,-15,-20
39.30859375,65,2179,2179,24,18,-20,-15,-20
39.3125,65,2179,2179,24,18,-20,-15,-21
39.31640625,66,2179,2179,24,18,-20,-15,-21
39.3203125,66,2179,2179,24,18,-20,-15,-21
39.32421875,66,2179,2179,24,18,-20,-15,-21
39.328125,66,2179,2179,24,17,-20,-15,-21
39.33203125,66,2179,2179,24,18,-20,-15,-21
39.3359375,66,2179,2179,24,18,-20,-15,-21
39.33984375,67,2179,2179,24,17,-20,-15,-20
39.34375,67,2179,2179,24,17,-20,-15,-20
39.34765625,66,2179,2179,24,16,-20,-15,-20
39.3515625,66,2179,2179,24,17,-20,-15,-20
39.35546875,67,2179,2179,24,17,-20,-15,-20
39.359375,67,2179,2179,24,17,-20,-15,-20
39.36328125,66,2179,2179,24,17,-20,-15,-20
39.3671875,67,2179,2179,24,18,-20,-15,-20
39.37109375,67,2179,2179,24,18,-20,-15,-20
39.375,67,2179,2179,24,18,-20,-15,-20
39.37890625,67,2179,2179,24,18,-20,-15,-20
39.3828125,67,2179,2179,24,18,-20,-15,-20
39.38671875,67,2179,2179,24,18,-20,-15,-20
39.390625,68,2179,2179,24,18,-20,-15,-21
39.39453125,68,2179,2179,24,18,-20,-15,-20
39.3984375,68,2179,2179,25,18,-20,-15,-21
39.40234375,68,2179,2179,25,18,-20,-15,-21
39.40625,68,2179,2179,24,18,-20,-15,-21
39.41015625,69,2179,2179,24,18,-20,-15,-20
39.4140625,68,2179,2179,24,18,-20,-15,-21
39.41796875,68,2179,2179,24,18,-20,-15,-21
39.421875,69,2179,2179,24,18,-20,-15,-20
39.42578125,69,2179,2179,24,17,-20,-15,-21
39.4296875,69,2179,2179,24,18,-20,-15,-21
39.43359375,69,2179,2179,24,18,-20,-15,-21
39.4375,69,2179,2179,24,18,-20,-15,-21
39.44140625,70,2179,2179,24,18,-20,-15,-21
39.4453125,70,2179,2179,24,18,-20,-15,-21
39.44921875,69,2179,2179,24,18,-20,-15,-21
39.453125,69,2179,2179,24,18,-20,-15,-20
39.45703125,70,2179,2179,24,18,-20,-15,-20
39.4609375,69,2179,2179,24,18,-20,-15,-20
39.46484375,69,2179,2179,24,18,-20,-15,-21
39.46875,69,2179,2179,24,18,-20,-15,-20
39.47265625,69,2179,2179,24,18,-20,-15,-20
39.4765625,69,2179,2179,24,18,-20,-15,-20
39.48046875,69,2179,2179,25,18,-20,-15,-20
39.484375,69,2179,2179,25,18,-20,-15,-20
39.48828125,70,2179,2179,25,18,-20,-15,-20
39.4921875,70,2179,2179,24,18,-20,-15,-20
39.49609375,70,2179,2179,25,18,-20,-15,-20
39.5,70,2179,2179,25,18,-20,-15,-20
39.50390625,70,2179,2179,25,18,-20,-15,-20
39.5078125,70,2179,2179,25,18,-20,-15,-20
39.51171875,70,2179,2179,25,17,-20,-15,-20
39.515625,70,2179,2179,26,18,-20,-15,-20
39.51953125,71,2179,2179,26,18,-20,-15,-20
39.5234375,71,2179,2179,26,18,-20,-15,-20
39.52734375,71,2179,2179,26,18,-20,-15,-20
39.53125,71,2179,2179,26,18,-20,-15,-20
39.53515625,71,2179,2179,26,18,-20,-15,-20
39.5390625,71,2179,2179,26,18,-20,-15,-20
39.54296875,71,2179,2179,26,18,-20,-15,-20
39.546875,71,2179,2179,26,18,-20,-15,-20
39.55078125,71,2179,2179,27,18,-20,-15,-21
39.5546875,71,2179,2179,27,18,-20,-15,-21
39.55859375,71,2179,2179,28,17,-20,-15,-21
39.5625,71,2179,2179,29,18,-20,-15,-20
39.56640625,71,2179,2179,30,18,-20,-15,-20
39.5703125,72,2179,2179,30,18,-20,-15,-20
39.57421875,72,2179,2179,31,17,-20,-15,-20
39.578125,72,2179,2179,32,17,-20,-15,-20
39.58203125,72,2179,2179,33,18,-20,-15,-20
39.5859375,72,2179,2179,34,18,-20,-15,-20
39.58984375,72,2179,2179,35,17,-20,-15,-20
39.59375,72,2179,2179,36,17,-20,-15,-20
39.59765625,72,2179,2179,38,17,-20,-15,-20
39.6015625,71,2179,2179,40,18,-20,-15,-20
39.60546875,72,2179,2179,42,18,-20,-15,-20
39.609375,72,2179,2179,43,18,-20,-15,-20
39.61328125,72,2179,2179,45,18,-20,-15,-20
39.6171875,72,2179,2179,46,18,-20,-15,-20
39.62109375,73,2179,2179,47,18,-20,-15,-20
39.625,73,2179,2179,48,17,-20,-15,-20
39.62890625,73,2179,2179,49,17,-20,-15,-20
39.6328125,73,2179,2179,51,18,-20,-15,-22
39.63671875,73,2179,2179,52,18,-20,-15,-20
39.640625,73,2179,2179,53,18,-20,-15,-20
39.64453125,73,2179,2179,55,17,-20,-15,-20
39.6484375,73,2179,2179,58,18,-20,-15,-20
39.65234375,73,2179,2179,60,18,-20,-15,-20
39.65625,73,2179,2179,62,18,-20,-15,-20
39.66015625,73,2179,2179,64,18,-20,-15,-20
39.6640625,73,2179,2179,66,18,-20,-15,-21
39.66796875,73,2179,2179,67,19,-20,-15,-21
39.671875,73,2179,2179,69,19,-20,-15,-20
39.67578125,73,2179,2179,70,19,-20,-15,-20
39.6796875,73,2179,2179,71,19,-20,-15,-20
39.68359375,73,2179,2179,73,19,-20,-15,-20
39.6875,73,2179,2179,74,19,-20,-15,-20
39.69140625,73,2179,2179,76,18,-20,-15,-20
39.6953125,73,2179,2179,79,18,-20,-15,-20
39.69921875,73,2179,2179,82,19,-20,-15,-20
39.703125,73,2179,2179,86,18,-20,-15,-20
39.70703125,74,2179,2179,88,18,-20,-15,-20
39.7109375,74,2179,2179,91,18,-20,-15,-20
39.71484375,74,2179,2179,93,18,-20,-15,-20
39.71875,74,2179,2179,95,18,-20,-15,-20
39.72265625,74,2179,2179,96,18,-20,-15,-20
39.7265625,74,2179,2179,98,18,-20,-15,-20
39.73046875,74,2179,2179,100,18,-20,-15,-20
39.734375,75,2179,2179,103,18,-20,-15,-21
39.73828125,75,2179,2179,105,18,-20,-15,-21
39.7421875,76,2179,2179,107,17,-20,-15,-20
39.74609375,75,2179,2179,110,17,-20,-15,-21
39.75,75,2179,2179,112,17,-20,-15,-21
39.75390625,75,2179,2179,113,18,-20,-15,-21
39.7578125,75,2179,2179,114,17,-20,-15,-21
39.76171875,75,2179,2179,115,17,-20,-15,-21
39.765625,75,2179,2179,116,18,-20,-15,-21
39.76953125,75,2179,2179,117,18,-20,-15,-21
39.7734375,75,2179,2179,119,17,-20,-15,-21
39.77734375,75,2179,2179,121,18,-20,-15,-21
39.78125,75,2179,2179,124,18,-20,-15,-21
39.78515625,75,2179,2179,127,18,-20,-15,-21
39.7890625,75,2179,2179,129,18,-20,-15,-21
39.79296875,75,2179,2179,132,18,-20,-15,-20
39.796875,75,2179,2179,133,17,-20,-15,-20
39.80078125,75,2179,2179,135,18,-20,-14,-20
39.8046875,75,2179,2179,135,18,-20,-15,-20
39.80859375,75,2179,2179,134,17,-20,-15,-20
39.8125,75,2179,2179,134,18,-20,-15,-20
39.81640625,75,2179,2179,135,18,-20,-15,-20
39.8203125,75,2179,2179,135,18,-20,-15,-20
39.82421875,76,2179,2179,136,18,-20,-15,-20
39.828125,75,2179,2179,137,18,-20,-15,-20
39.83203125,75,2179,2179,140,18,-20,-15,-20
39.8359375,75,2179,2179,141,18,-20,-15,-20
39.83984375,75,2179,2179,142,18,-20,-15,-20
39.84375,75,2179,2179,144,18,-20,-15,-20
39.84765625,75,2179,2179,146,18,-20,-15,-21
39.8515625,76,2179,2179,147,18,-20,-15,-20
39.85546875,76,2179,2179,147,18,-20,-15,-21
39.859375,76,2179,2179,149,18,-20,-15,-20
39.86328125,76,2179,2179,150,18,-20,-15,-21
39.8671875,76,2179,2179,151,18,-20,-15,-20
39.87109375,76,2179,2179,152,19,-20,-15,-20
39.875,76,2179,2179,152,18,-20,-15,-21
39.87890625,76,2179,2179,153,18,-20,-15,-21
39.8828125,75,2179,2179,153,18,-20,-15,-21
39.88671875,75,2179,2179,153,18,-20,-15,-21
39.890625,75,2179,2179,153,18,-20,-15,-20
39.89453125,75,2179,2179,154,18,-20,-15,-20
39.8984375,75,2179,2179,154,18,-20,-15,-20
39.90234375,75,2179,2179,155,18,-20,-15,-20
39.90625,75,2179,2179,155,18,-20,-15,-20
39.91015625,74,2179,2179,155,18,-20,-15,-20
39.9140625,74,2179,2179,155,18,-20,-15,-20
39.91796875,74,2179,2179,156,18,-20,-15,-20
39.921875,75,2179,2179,156,18,-20,-15,-20
39.92578125,75,2179,2179,156,18,-20,-15,-20
39.9296875,75,2179,2179,156,18,-20,-15,-20
39.93359375,75,2179,2179,157,18,-20,-15,-20
39.9375,75,2179,2179,157,18,-20,-15,-20
39.94140625,75,2179,2179,157,18,-20,-15,-20
39.9453125,75,2179,2179,157,18,-20,-15,-20
39.94921875,75,2179,2179,157,18,-20,-15,-20
39.953125,75,2179,2179,157,18,-20,-15,-20
39.95703125,75,2179,2179,157,17,-20,-15,-20
39.9609375,75,2179,2179,158,17,-20,-15,-20
39.96484375,75,2179,2179,159,18,-20,-15,-20
39.96875,75,2179,2179,160,17,-20,-15,-20
39.97265625,75,2179,2179,161,17,-20,-15,-21
39.9765625,75,2179,2179,161,17,-20,-15,-21
39.98046875,75,2179,2179,161,17,-20,-15,-21
39.984375,75,2179,2179,163,18,-20,-15,-21
39.98828125,75,2179,2179,163,18,-20,-15,-21
39.9921875,75,2179,2179,163,17,-20,-15,-20
39.99609375,75,2179,2179,163,17,-20,-15,-20
40.0,74,2179,2179,163,18,-20,-15,-21
40.00390625,75,2179,2179,163,18,-20,-15,-20
40.0078125,75,2179,2179,163,18,-20,-15,-19
40.01171875,74,2179,2179,162,18,-20,-15,-20
40.015625,74,2179,2179,162,18,-20,-15,-20
40.01953125,74,2179,2179,162,18,-20,-15,-20
40.0234375,74,2179,2179,162,18,-20,-15,-20
40.02734375,74,2179,2179,162,18,-20,-15,-20
40.03125,74,2179,2179,163,18,-20,-15,-20
40.03515625,74,2179,2179,163,18,-20,-15,-20
40.0390625,74,2179,2179,163,18,-20,-15,-20
40.04296875,74,2179,2179,163,18,-20,-15,-20
40.046875,74,2179,2179,163,18,-20,-15,-20
40.05078125,74,2179,2179,164,18,-20,-15,-21
40.0546875,74,2179,2179,164,18,-20,-15,-20
40.05859375,74,2179,2179,164,18,-20,-15,-20
40.0625,74,2179,2179,165,18,-20,-15,-20
40.06640625,74,2179,2179,165,18,-20,-15,-20
40.0703125,74,2179,2179,165,18,-20,-15,-20
40.07421875,74,2179,2179,165,18,-20,-15,-20
40.078125,75,2179,2179,165,18,-20,-15,-20
40.08203125,74,2179,2179,165,18,-20,-15,-20
40.0859375,74,2179,2179,165,18,-20,-15,-20
40.08984375,74,2179,2179,165,18,-20,-15,-20
40.09375,74,2179,2179,165,18,-20,-15,-21
40.09765625,74,2179,2179,166,18,-20,-15,-21
40.1015625,73,2179,2179,167,18,-20,-15,-21
40.10546875,73,2179,2179,166,18,-20,-15,-20
40.109375,73,2179,2179,167,18,-20,-15,-21
40.11328125,72,2179,2179,167,18,-20,-15,-20
40.1171875,72,2179,2179,167,18,-20,-15,-20
40.12109375,72,2179,2179,167,18,-20,-15,-20
40.125,72,2179,2179,166,18,-20,-15,-20
40.12890625,71,2179,2179,165,18,-20,-15,-20
40.1328125,71,2179,2179,165,18,-20,-15,-20
40.13671875,71,2179,2179,165,18,-20,-15,-20
40.140625,72,2179,2179,165,18,-20,-15,-20
40.14453125,72,2179,2179,166,18,-20,-15,-20
40.1484375,71,2179,2179,166,18,-20,-15,-20
40.15234375,71,2179,2179,167,18,-20,-15,-20
40.15625,71,2179,2179,167,18,-20,-15,-20
40.16015625,71,2179,2179,167,18,-20,-15,-20
40.1640625,71,2179,2179,167,18,-20,-15,-20
40.16796875,70,2179,2179,167,18,-20,-15,-20
40.171875,71,2179,2179,166,18,-20,-15,-20
40.17578125,71,2179,2179,166,17,-20,-15,-20
40.1796875,70,2179,2179,166,17,-20,-15,-20
40.18359375,71,2179,2179,166,17,-20,-15,-20
40.1875,71,2179,2179,166,17,-20,-15,-20
40.19140625,71,2179,2179,166,17,-20,-15,-20
40.1953125,71,2179,2179,166,17,-20,-15,-20
40.19921875,70,2179,2179,166,18,-20,-15,-20
40.203125,70,2179,2179,167,18,-20,-15,-20
40.20703125,71,2179,2179,166,18,-20,-15,-20
40.2109375,70,2179,2179,166,18,-20,-15,-20
40.21484375,70,2179,2179,167,18,-20,-15,-20
40.21875,70,2179,2179,167,18,-20,-15,-21
40.22265625,70,2179,2179,168,18,-20,-15,-21
40.2265625,70,2179,2179,168,18,-20,-15,-21
40.23046875,69,2179,2179,168,18,-20,-15,-20
40.234375,69,2179,2179,169,19,-20,-15,-21
40.23828125,69,2179,2179,169,18,-20,-15,-20
40.2421875,69,2179,2179,169,18,-20,-15,-20
40.24609375,68,2179,2179,169,18,-20,-15,-20
40.25,68,2179,2179,169,18,-20,-15,-20
40.25390625,69,2179,2179,170,18,-20,-15,-20
40.2578125,69,2179,2179,169,18,-19,-15,-19
40.26171875,69,2179,2179,170,18,-20,-14,-20
40.265625,68,2179,2179,170,18,-20,-15,-20
40.26953125,68,2179,2179,170,18,-20,-15,-20
40.2734375,68,2179,2179,169,18,-20,-15,-20
40.27734375,68,2179,2179,169,18,-20,-15,-20
40.28125,68,2179,2179,169,19,-20,-15,-20
40.28515625,68,2179,2179,169,18,-20,-15,-20
40.2890625,68,2179,2179,168,18,-20,-15,-21
40.29296875,68,2179,2179,168,18,-20,-15,-21
40.296875,68,2179,2179,168,18,-20,-15,-21
40.30078125,68,2179,2179,169,18,-20,-15,-20
40.3046875,68,2179,2179,169,18,-20,-15,-20
40.30859375,68,2179,2179,168,18,-20,-15,-20
40.3125,68,2179,2179,168,18,-20,-15,-20
40.31640625,68,2179,2179,168,18,-20,-15,-20
40.3203125,68,2179,2179,168,18,-20,-15,-20
40.32421875,68,2179,2179,168,18,-20,-15,-20
40.328125,68,2179,2179,168,17,-20,-15,-20
40.33203125,67,2179,2179,169,18,-20,-15,-21
40.3359375,67,2179,2179,169,18,-20,-15,-21
40.33984375,67,2179,2179,170,18,-20,-15,-20
40.34375,67,2179,2179,170,17,-20,-15,-20
40.34765625,66,2179,2179,170,17,-20,-15,-20
40.3515625,66,2179,2179,170,18,-20,-15,-20
40.35546875,66,2179,2179,169,18,-20,-15,-20
40.359375,66,2179,2179,169,18,-20,-15,-20
40.36328125,66,2179,2179,169,18,-20,-15,-20
40.3671875,66,2179,2179,169,18,-20,-15,-20
40.37109375,66,2179,2179,169,18,-20,-15,-20
40.375,66,2179,2179,169,18,-20,-15,-20
40.37890625,65,2179,2179,169,18,-20,-15,-20
40.3828125,65,2179,2179,170,18,-20,-15,-20
40.38671875,65,2179,2179,170,18,-20,-15,-20
40.390625,65,2179,2179,170,18,-20,-16,-20
40.39453125,65,2179,2179,170,18,-20,-15,-20
40.3984375,65,2179,2179,170,18,-20,-15,-20
40.40234375,65,2179,2179,170,18,-20,-15,-20
40.40625,66,2179,2179,169,18,-20,-15,-20
40.41015625,66,2179,2179,170,18,-20,-15,-20
40.4140625,65,2179,2179,170,18,-20,-15,-21
40.41796875,65,2179,2179,170,18,-20,-15,-21
40.421875,65,2179,2179,171,18,-20,-15,-21
40.42578125,65,2179,2179,171,18,-20,-15,-20
40.4296875,65,2179,2179,171,18,-20,-15,-21
40.43359375,64,2179,2179,171,18,-20,-15,-20
40.4375,64,2179,2179,171,18,-20,-15,-20
40.44140625,64,2179,2179,170,18,-20,-15,-20
40.4453125,64,2179,2179,170,18,-20,-15,-20
40.44921875,64,2179,2179,170,18,-20,-15,-20
40.453125,64,2179,2179,170,18,-20,-15,-20
40.45703125,64,2179,2179,170,18,-20,-15,-20
40.4609375,64,2179,2179,171,18,-20,-15,-20
40.46484375,63,2179,2179,171,18,-20,-15,-20
40.46875,63,2179,2179,171,18,-20,-15,-20
40.47265625,64,2179,2179,171,18,-19,-15,-20
40.4765625,64,2179,2179,170,18,-20,-15,-20
40.48046875,64,2179,2179,170,18,-20,-15,-20
40.484375,64,2179,2179,171,18,-20,-15,-20
40.48828125,64,2179,2179,170,18,-20,-15,-20
40.4921875,64,2179,2179,170,18,-20,-15,-20
40.49609375,64,2179,2179,170,18,-20,-15,-20
40.5,63,2179,2179,170,18,-20,-15,-20
40.50390625,63,2179,2179,170,18,-20,-15,-20
40.5078125,63,2179,2179,169,18,-20,-15,-20
40.51171875,63,2179,2179,169,18,-20,-15,-20
40.515625,63,2179,2179,169,18,-20,-16,-20
40.51953125,63,2179,2179,170,18,-20,-15,-20
40.5234375,63,2179,2179,170,18,-20,-15,-20
40.52734375,63,2179,2179,170,18,-20,-15,-20
40.53125,63,2179,2179,170,18,-20,-15,-20
40.53515625,63,2179,2179,171,18,-20,-15,-21
40.5390625,63,2179,2179,170,18,-20,-15,-21
40.54296875,63,2179,2179,170,18,-20,-15,-20
40.546875,62,2179,2179,170,18,-20,-15,-20
40.55078125,62,2179,2179,171,18,-20,-15,-20
40.5546875,62,2179,2179,171,18,-20,-15,-20
40.55859375,62,2179,2179,170,18,-20,-15,-20
40.5625,61,2179,2179,171,18,-20,-15,-20
40.56640625,61,2179,2179,171,18,-20,-15,-20
40.5703125,61,2179,2179,171,18,-20,-15,-20
40.57421875,61,2179,2179,171,17,-20,-15,-20
40.578125,61,2179,2179,171,17,-20,-15,-20
40.58203125,61,2179,2179,171,18,-20,-15,-20
40.5859375,61,2179,2179,171,18,-20,-15,-20
40.58984375,62,2179,2179,170,17,-20,-15,-20
40.59375,62,2179,2179,170,17,-20,-15,-20
40.59765625,61,2179,2179,170,17,-20,-15,-20
40.6015625,61,2179,2179,170,18,-20,-15,-20
40.60546875,61,2179,2179,170,18,-20,-15,-20
40.609375,61,2179,2179,170,17,-20,-15,-20
40.61328125,61,2179,2179,170,17,-20,-15,-20
40.6171875,61,2179,2179,171,17,-20,-15,-20
40.62109375,62,2179,2179,171,18,-20,-15,-20
40.625,62,2179,2179,171,17,-20,-15,-20
40.62890625,62,2179,2179,171,17,-20,-15,-20
40.6328125,61,2179,2179,171,18,-20,-15,-20
40.63671875,61,2179,2179,171,18,-20,-15,-20
40.640625,61,2179,2179,171,17,-20,-14,-20
40.64453125,61,2179,2179,171,18,-20,-15,-20
40.6484375,61,2179,2179,172,18,-20,-15,-20
40.65234375,61,2179,2179,172,18,-20,-15,-20
40.65625,61,2179,2179,172,18,-20,-15,-20
40.66015625,61,2179,2179,172,18,-20,-15,-20
40.6640625,60,2179,2179,172,18,-20,-15,-20
40.66796875,61,2179,2179,172,19,-20,-15,-20
40.671875,61,2179,2179,172,19,-20,-15,-20
40.67578125,60,2179,2179,171,18,-20,-15,-20
40.6796875,60,2179,2179,170,18,-20,-15,-20
40.68359375,60,2179,2179,170,19,-20,-15,-20
40.6875,60,2179,2179,170,18,-20,-15,-20
40.69140625,60,2179,2179,170,18,-20,-15,-20
40.6953125,60,2179,2179,171,18,-20,-15,-20
40.69921875,60,2179,2179,171,18,-20,-15,-20
40.703125,60,2179,2179,172,18,-20,-15,-20
40.70703125,60,2179,2179,172,18,-20,-15,-20
40.7109375,60,2179,2179,172,18,-20,-15,-20
40.71484375,60,2179,2179,172,18,-20,-15,-20
40.71875,60,2179,2179,172,18,-20,-15,-20
40.72265625,61,2179,2179,171,18,-20,-15,-20
40.7265625,61,2179,2179,171,17,-20,-15,-20
40.73046875,60,2179,2179,171,18,-20,-15,-20
40.734375,60,2179,2179,172,18,-20,-15,-20
40.73828125,61,2179,2179,172,17,-20,-15,-20
40.7421875,61,2179,2179,172,17,-20,-15,-20
40.74609375,60,2179,2179,172,17,-20,-15,-21
40.75,60,2179,2179,172,17,-20,-15,-20
40.75390625,60,2179,2179,172,18,-20,-15,-20
40.7578125,60,2179,2179,172,17,-20,-15,-20
40.76171875,60,2179,2179,172,17,-20,-15,-20
40.765625,60,2179,2179,172,18,-20,-15,-20
40.76953125,59,2179,2179,172,18,-20,-15,-20
40.7734375,60,2179,2179,172,17,-20,-15,-20
40.77734375,59,2179,2179,172,17,-20,-15,-20
40.78125,59,2179,2179,173,18,-20,-15,-20
40.78515625,58,2179,2179,173,18,-20,-15,-20
40.7890625,59,2179,2179,173,18,-20,-15,-20
40.79296875,58,2179,2179,173,18,-20,-15,-20
40.796875,58,2179,2179,173,18,-20,-15,-20
40.80078125,58,2179,2179,173,18,-20,-15,-20
40.8046875,58,2179,2179,173,18,-20,-14,-20
40.80859375,58,2179,2179,172,17,-19,-15,-20
40.8125,58,2179,2179,172,18,-19,-15,-20
40.81640625,58,2179,2179,173,18,-20,-15,-20
40.8203125,58,2179,2179,173,18,-20,-15,-20
40.82421875,58,2179,2179,173,18,-20,-15,-20
40.828125,58,2179,2179,173,18,-20,-15,-20
40.83203125,58,2179,2179,174,18,-20,-15,-20
40.8359375,58,2179,2179,173,18,-20,-15,-20
40.83984375,58,2179,2179,173,18,-20,-15,-20
40.84375,58,2179,2179,172,18,-20,-15,-20
40.84765625,58,2179,2179,172,18,-20,-15,-20
40.8515625,58,2179,2179,173,18,-20,-15,-20
40.85546875,58,2179,2179,173,19,-20,-15,-20
40.859375,58,2179,2179,173,18,-20,-15,-20
40.86328125,58,2179,2179,174,18,-20,-15,-20
40.8671875,58,2179,2179,175,18,-20,-15,-20
40.87109375,58,2179,2179,175,19,-20,-15,-20
40.875,58,2179,2179,175,18,-20,-15,-20
40.87890625,57,2179,2179,174,18,-20,-15,-20
40.8828125,57,2179,2179,174,18,-20,-15,-20
40.88671875,57,2179,2179,174,18,-20,-15,-21
40.890625,58,2179,2179,173,18,-20,-14,-21
40.89453125,57,2179,2179,173,18,-20,-15,-20
40.8984375,57,2179,2179,173,18,-20,-15,-20
40.90234375,57,2179,2179,174,18,-20,-15,-20
40.90625,57,2179,2179,174,18,-20,-15,-20
40.91015625,57,2179,2179,174,18,-20,-15,-20
40.9140625,56,2179,2179,174,18,-20,-15,-20
40.91796875,56,2179,2179,174,18,-20,-15,-20
40.921875,56,2179,2179,174,18,-20,-15,-20
40.92578125,56,2179,2179,173,18,-20,-15,-20
40.9296875,56,2179,2179,173,18,-20,-15,-20
40.93359375,56,2179,2179,174,18,-20,-15,-20
40.9375,56,2179,2179,174,18,-20,-14,-20
40.94140625,56,2179,2179,174,18,-20,-15,-20
40.9453125,56,2179,2179,174,18,-20,-15,-20
40.94921875,56,2179,2179,174,18,-20,-15,-20
40.953125,56,2179,2179,174,18,-20,-15,-20
40.95703125,56,2179,2179,173,17,-20,-15,-20
40.9609375,56,2179,2179,173,17,-20,-15,-20
40.96484375,56,2179,2179,173,18,-20,-15,-20
40.96875,56,2179,2179,173,18,-20,-15,-20
40.97265625,56,2179,2179,172,18,-20,-15,-20
40.9765625,56,2179,2179,172,17,-20,-15,-20
40.98046875,56,2179,2179,172,17,-20,-15,-20
40.984375,56,2179,2179,173,18,-20,-15,-20
40.98828125,56,2179,2179,172,18,-20,-15,-21
40.9921875,56,2179,2179,172,17,-20,-15,-20
40.99609375,56,2179,2179,172,17,-20,-15,-20
41.0,56,2179,2179,172,18,-20,-15,-20
41.00390625,56,2179,2179,172,18,-20,-15,-20
41.0078125,56,2179,2179,172,17,-20,-15,-20
41.01171875,55,2179,2179,172,18,-20,-15,-20
41.015625,55,2179,2179,173,18,-20,-14,-20
41.01953125,55,2179,2179,173,18,-20,-15,-20
41.0234375,55,2179,2179,173,18,-19,-15,-20
41.02734375,55,2179,2179,174,18,-20,-15,-20
41.03125,55,2179,2179,174,18,-20,-15,-20
41.03515625,55,2179,2179,174,18,-20,-15,-20
41.0390625,56,2179,2179,174,18,-19,-15,-20
41.04296875,56,2179,2179,174,18,-20,-15,-20
41.046875,55,2179,2179,173,18,-20,-15,-20
41.05078125,55,2179,2179,173,18,-20,-15,-20
41.0546875,55,2179,2179,173,18,-20,-15,-20
41.05859375,56,2179,2179,173,18,-20,-15,-20
41.0625,55,2179,2179,173,18,-20,-15,-20
41.06640625,56,2179,2179,173,18,-20,-15,-20
41.0703125,56,2179,2179,173,18,-20,-15,-20
41.07421875,56,2179,2179,173,18,-20,-15,-21
41.078125,56,2179,2179,173,18,-20,-15,-20
41.08203125,55,2179,2179,174,18,-20,-15,-21
41.0859375,55,2179,2179,174,18,-20,-15,-21
41.08984375,56,2179,2179,173,18,-20,-15,-21
41.09375,55,2179,2179,173,18,-20,-15,-21
41.09765625,55,2179,2179,173,18,-20,-15,-20
41.1015625,55,2179,2179,174,18,-20,-15,-21
41.10546875,55,2179,2179,174,18,-20,-15,-20
41.109375,55,2179,2179,173,18,-20,-15,-20
41.11328125,55,2179,2179,173,18,-20,-15,-20
41.1171875,55,2179,2179,174,18,-20,-15,-20
41.12109375,55,2179,2179,174,18,-20,-15,-20
41.125,55,2179,2179,173,18,-20,-15,-20
41.12890625,54,2179,2179,173,18,-20,-15,-20
41.1328125,54,2179,2179,174,18,-20,-15,-20
41.13671875,54,2179,2179,174,18,-19,-15,-20
41.140625,55,2179,2179,174,18,-20,-14,-20
41.14453125,55,2179,2179,174,18,-20,-15,-20
41.1484375,54,2179,2179,174,18,-26,-15,-20
41.15234375,55,2179,2179,173,18,-20,-15,-20
41.15625,55,2179,2179,173,17,-20,-14,-20
41.16015625,55,2179,2179,172,17,-20,-14,-20
41.1640625,54,2179,2179,173,17,-20,-15,-20
41.16796875,55,2179,2179,173,18,-20,-15,-20
41.171875,55,2179,2179,173,18,-20,-15,-20
41.17578125,55,2179,2179,172,17,-20,-15,-20
41.1796875,55,2179,2179,172,17,-20,-15,-20
41.18359375,55,2179,2179,172,18,-20,-15,-20
41.1875,55,2179,2179,172,18,-20,-15,-21
41.19140625,55,2179,2179,172,17,-20,-15,-20
41.1953125,55,2179,2179,172,17,-20,-15,-21
41.19921875,55,2179,2179,172,18,-20,-15,-20
41.203125,54,2179,2179,173,18,-20,-15,-20
41.20703125,54,2179,2179,173,18,-20,-15,-20
41.2109375,54,2179,2179,174,18,-20,-15,-20
41.21484375,54,2179,2179,174,18,-20,-15,-20
41.21875,54,2179,2179,175,18,-20,-15,-20
41.22265625,54,2179,2179,174,18,-20,-15,-20
41.2265625,54,2179,2179,174,18,-20,-15,-21
41.23046875,53,2179,2179,173,18,-20,-15,-20
41.234375,53,2179,2179,173,18,-20,-15,-20
41.23828125,54,2179,2179,173,18,-20,-15,-20
41.2421875,54,2179,2179,172,18,-20,-15,-20
41.24609375,53,2179,2179,173,18,-20,-15,-20
41.25,53,2179,2179,173,18,-20,-15,-20
41.25390625,54,2179,2179,174,18,-20,-15,-20
41.2578125,54,2179,2179,174,18,-20,-14,-20
41.26171875,54,2179,2179,174,18,-20,-15,-20
41.265625,53,2179,2179,174,19,-20,-14,-20
41.26953125,53,2179,2179,174,19,-20,-15,-20
41.2734375,53,2179,2179,173,18,-14,-15,-20
41.27734375,53,2179,2179,172,18,-20,-15,-20
41.28125,53,2179,2179,172,18,-20,-15,-20
41.28515625,53,2179,2179,172,18,-20,-15,-20
41.2890625,54,2179,2179,172,18,-20,-15,-20
41.29296875,54,2179,2179,172,18,-20,-15,-20
41.296875,53,2179,2179,172,18,-20,-15,-20
41.30078125,53,2179,2179,173,18,-20,-15,-20
41.3046875,53,2179,2179,173,18,-20,-15,-20
41.30859375,53,2179,2179,172,18,-20,-15,-20
41.3125,53,2179,2179,172,18,-20,-15,-20
41.31640625,53,2179,2179,172,18,-20,-15,-20
41.3203125,53,2179,2179,173,18,-20,-15,-20
41.32421875,53,2179,2179,172,18,-20,-15,-20
41.328125,53,2179,2179,172,18,-20,-15,-20
41.33203125,53,2179,2179,173,18,-20,-15,-20
41.3359375,53,2179,2179,173,18,-20,-15,-20
41.33984375,53,2179,2179,173,17,-20,-15,-20
41.34375,53,2179,2179,173,17,-20,-15,-20
41.34765625,52,2179,2179,173,17,-20,-15,-20
41.3515625,52,2179,2179,173,18,-20,-15,-20
41.35546875,52,2179,2179,172,18,-20,-15,-20
41.359375,52,2179,2179,172,17,-20,-15,-20
41.36328125,52,2179,2179,171,17,-20,-15,-20
41.3671875,52,2179,2179,171,18,-20,-15,-20
41.37109375,52,2179,2179,170,18,-20,-15,-20
41.375,52,2179,2179,168,17,-20,-15,-20
41.37890625,52,2179,2179,164,17,-20,-15,-20
41.3828125,52,2179,2179,159,18,-20,-15,-20
41.38671875,51,2179,2179,152,18,-20,-15,-20
41.390625,51,2179,2179,143,18,-20,-15,-20
41.39453125,51,2179,2179,133,18,-20,-15,-20
41.3984375,51,2179,2179,125,18,-27,-15,-20
41.40234375,51,2179,2179,117,18,-20,-15,-20
41.40625,52,2179,2179,110,18,-20,-15,-21
41.41015625,52,2179,2179,105,18,-20,-15,-20
41.4140625,51,2179,2179,102,18,-20,-15,-21
41.41796875,51,2179,2179,99,18,-20,-15,-20
41.421875,51,2179,2179,98,18,-20,-15,-20
41.42578125,51,2179,2179,97,18,-20,-15,-20
41.4296875,50,2179,2179,96,18,-20,-15,-20
41.43359375,50,2179,2179,96,18,-20,-15,-20
41.4375,50,2179,2179,93,18,-20,-15,-20
41.44140625,50,2179,2179,89,18,-20,-15,-20
41.4453125,49,2179,2179,82,18,-20,-15,-20
41.44921875,49,2179,2179,73,18,-20,-15,-20
41.453125,49,2179,2179,63,18,-20,-15,-20
41.45703125,49,2179,2179,52,18,-20,-15,-20
41.4609375,48,2179,2179,43,18,-20,-15,-20
41.46484375,48,2179,2179,37,18,-20,-15,-20
41.46875,48,2179,2179,33,18,-20,-15,-20
41.47265625,49,2179,2179,30,18,-20,-15,-20
41.4765625,49,2179,2179,30,18,-20,-15,-20
41.48046875,49,2179,2179,30,18,-20,-15,-20
41.484375,49,2179,2179,30,18,-20,-15,-20
41.48828125,49,2179,2179,29,18,-20,-15,-20
41.4921875,49,2179,2179,28,18,-20,-15,-20
41.49609375,48,2179,2179,27,18,-20,-15,-20
41.5,48,2179,2179,26,18,-20,-15,-20
41.50390625,48,2179,2179,25,18,-20,-15,-20
41.5078125,48,2179,2179,24,18,-20,-15,-20
41.51171875,48,2179,2179,24,18,-20,-15,-20
41.515625,48,2179,2179,24,18,-20,-15,-20
41.51953125,48,2179,2179,24,18,-20,-15,-20
41.5234375,48,2179,2179,24,18,-14,-15,-20
41.52734375,48,2179,2179,24,18,-20,-15,-20
41.53125,47,2179,2179,25,18,-20,-15,-20
41.53515625,47,2179,2179,25,18,-20,-15,-20
41.5390625,47,2179,2179,24,18,-20,-15,-20
41.54296875,47,2179,2179,24,18,-20,-15,-20
41.546875,47,2179,2179,24,18,-20,-15,-21
41.55078125,46,2179,2179,24,18,-20,-15,-20
41.5546875,46,2179,2179,24,18,-20,-15,-20
41.55859375,46,2179,2179,24,17,-20,-15,-20
41.5625,45,2179,2179,24,17,-20,-15,-20
41.56640625,45,2179,2179,24,17,-20,-15,-20
41.5703125,45,2179,2179,24,18,-20,-15,-20
41.57421875,45,2179,2179,24,17,-20,-15,-20
41.578125,45,2179,2179,24,17,-20,-15,-20
41.58203125,44,2179,2179,24,18,-20,-15,-20
41.5859375,44,2179,2179,24,18,-20,-15,-20
41.58984375,45,2179,2179,24,17,-20,-15,-20
41.59375,45,2179,2179,24,17,-20,-15,-20
41.59765625,44,2179,2179,24,17,-20,-15,-20
41.6015625,44,2179,2179,24,18,-20,-15,-20
41.60546875,45,2179,2179,24,18,-20,-15,-20
41.609375,45,2179,2179,24,17,-20,-15,-20
41.61328125,44,2179,2179,24,17,-20,-15,-20
41.6171875,44,2179,2179,24,17,-19,-15,-20
41.62109375,44,2179,2179,24,18,-20,-15,-20
41.625,44,2179,2179,24,17,-20,-15,-20
41.62890625,44,2179,2179,24,17,-20,-15,-20
41.6328125,44,2179,2179,24,18,-20,-15,-21
41.63671875,44,2179,2179,24,18,-20,-15,-21
41.640625,44,2179,2179,24,18,-20,-15,-21
41.64453125,43,2179,2179,24,18,-20,-15,-20
41.6484375,43,2179,2179,24,18,-23,-15,-21
41.65234375,42,2179,2179,25,18,-20,-15,-20
41.65625,42,2179,2179,24,18,-20,-15,-20
41.66015625,41,2179,2179,24,18,-20,-15,-20
41.6640625,40,2179,2179,25,18,-20,-15,-21
41.66796875,40,2179,2179,25,18,-20,-15,-21
41.671875,39,2179,2179,25,19,-20,-15,-20
41.67578125,39,2179,2179,24,18,-20,-15,-21
41.6796875,39,2179,2179,24,18,-20,-15,-20
41.68359375,39,2179,2179,25,18,-20,-15,-20
41.6875,40,2179,2179,25,18,-20,-15,-20
41.69140625,40,2179,2179,24,18,-20,-14,-20
41.6953125,40,2179,2179,24,18,-20,-15,-20
41.69921875,40,2179,2179,24,18,-20,-15,-20
41.703125,40,2179,2179,25,18,-20,-15,-20
41.70703125,40,2179,2179,24,18,-20,-15,-20
41.7109375,39,2179,2179,24,18,-20,-15,-20
41.71484375,39,2179,2179,24,18,-20,-15,-20
41.71875,39,2179,2179,24,18,-20,-15,-20
41.72265625,39,2179,2179,24,18,-20,-15,-20
41.7265625,39,2179,2179,24,17,-20,-15,-20
41.73046875,38,2179,2179,24,17,-20,-15,-20
41.734375,39,2179,2179,24,17,-20,-15,-20
41.73828125,39,2179,2179,24,17,-20,-15,-20
41.7421875,39,2179,2179,24,17,-20,-15,-21
41.74609375,38,2179,2179,24,17,-20,-15,-21
41.75,38,2179,2179,24,18,-20,-15,-21
41.75390625,38,2179,2179,24,18,-20,-15,-21
41.7578125,38,2179,2179,24,17,-20,-15,-20
41.76171875,38,2179,2179,24,18,-20,-15,-20
41.765625,37,2179,2179,24,18,-20,-15,-20
41.76953125,37,2179,2179,24,18,-20,-15,-20
41.7734375,37,2179,2179,24,17,-17,-15,-21
41.77734375,37,2179,2179,24,17,-20,-15,-20
41.78125,36,2179,2179,24,19,-20,-15,-20
41.78515625,36,2179,2179,24,18,-20,-15,-20
41.7890625,36,2179,2179,23,18,-20,-15,-20
41.79296875,36,2179,2179,24,17,-20,-15,-20
41.796875,35,2179,2179,23,17,-20,-15,-20
41.80078125,35,2179,2179,24,18,-20,-15,-20
41.8046875,36,2179,2179,24,17,-20,-15,-20
41.80859375,35,2179,2179,24,17,-20,-15,-20
41.8125,35,2179,2179,24,18,-20,-15,-20
41.81640625,35,2179,2179,24,18,-20,-15,-20
41.8203125,35,2179,2179,24,18,-20,-15,-20
41.82421875,36,2179,2179,24,18,-20,-15,-20
41.828125,36,2179,2179,24,18,-20,-15,-20
41.83203125,36,2179,2179,24,18,-20,-15,-20
41.8359375,36,2179,2179,25,18,-20,-15,-20
41.83984375,36,2179,2179,24,18,-20,-15,-20
41.84375,36,2179,2179,24,18,-20,-15,-20
41.84765625,36,2179,2179,24,18,-20,-15,-20
41.8515625,36,2179,2179,25,19,-20,-15,-21
41.85546875,37,2179,2179,24,18,-20,-15,-20
41.859375,37,2179,2179,24,18,-20,-15,-21
41.86328125,36,2179,2179,24,18,-20,-15,-21
41.8671875,36,2179,2179,24,18,-20,-15,-21
41.87109375,37,2179,2179,24,18,-20,-15,-21
41.875,37,2179,2179,23,18,-20,-15,-20
41.87890625,37,2179,2179,23,18,-20,-15,-20
41.8828125,36,2179,2179,24,18,-20,-15,-20
41.88671875,36,2179,2179,24,18,-20,-15,-20
41.890625,36,2179,2179,24,18,-20,-15,-20
41.89453125,36,2179,2179,24,18,-20,-15,-20
41.8984375,35,2179,2179,25,18,-21,-15,-20
41.90234375,35,2179,2179,25,18,-20,-15,-20
41.90625,35,2179,2179,24,19,-20,-15,-20
41.91015625,35,2179,2179,24,18,-20,-15,-20
41.9140625,35,2179,2179,24,18,-20,-15,-20
41.91796875,35,2179,2179,24,18,-20,-14,-20
41.921875,35,2179,2179,24,18,-20,-14,-20
41.92578125,35,2179,2179,24,18,-20,-14,-20
41.9296875,34,2179,2179,24,18,-20,-15,-20
41.93359375,34,2179,2179,25,18,-20,-15,-20
41.9375,34,2179,2179,24,18,-20,-15,-20
41.94140625,34,2179,2179,24,18,-20,-15,-20
41.9453125,34,2179,2179,24,18,-20,-15,-20
41.94921875,34,2179,2179,24,18,-20,-15,-20
41.953125,34,2179,2179,23,18,-20,-15,-20
41.95703125,35,2179,2179,22,17,-20,-15,-20
41.9609375,35,2179,2179,23,18,-20,-15,-20
41.96484375,35,2179,2179,23,18,-20,-15,-20
41.96875,35,2179,2179,23,17,-20,-15,-20
41.97265625,35,2179,2179,23,18,-20,-15,-20
41.9765625,35,2179,2179,24,17,-20,-15,-20
41.98046875,35,2179,2179,24,17,-20,-15,-20
41.984375,34,2179,2179,24,18,-20,-15,-20
41.98828125,35,2179,2179,24,18,-20,-15,-20
41.9921875,34,2179,2179,24,17,-20,-15,-20
41.99609375,34,2179,2179,24,18,-20,-15,-20
42.0,34,2179,2179,24,18,-20,-15,-20
42.00390625,34,2179,2179,24,18,-20,-15,-20
42.0078125,34,2179,2179,24,18,-20,-15,-20
42.01171875,34,2179,2179,24,18,-20,-15,-20
42.015625,33,2179,2179,24,18,-20,-15,-20
42.01953125,33,2179,2179,24,18,-20,-15,-20
42.0234375,34,2179,2179,24,18,-18,-15,-20
42.02734375,34,2179,2179,23,18,-20,-15,-20
42.03125,34,2179,2179,24,18,-20,-15,-20
42.03515625,34,2179,2179,23,18,-20,-15,-20
42.0390625,34,2179,2179,23,18,-20,-15,-20
42.04296875,34,2179,2179,23,18,-20,-15,-20
42.046875,34,2179,2179,23,18,-20,-15,-21
42.05078125,34,2179,2179,24,18,-20,-15,-20
42.0546875,34,2179,2179,24,18,-20,-15,-20
42.05859375,34,2179,2179,24,18,-20,-15,-20
42.0625,34,2179,2179,25,18,-20,-15,-20
42.06640625,34,2179,2179,25,18,-20,-15,-20
42.0703125,34,2179,2179,25,18,-20,-15,-20
42.07421875,35,2179,2179,24,18,-20,-15,-20
42.078125,35,2179,2179,24,18,-20,-15,-20
42.08203125,35,2179,2179,25,19,-20,-15,-20
42.0859375,35,2179,2179,24,19,-20,-15,-20
42.08984375,35,2179,2179,24,18,-20,-15,-21
42.09375,35,2179,2179,24,18,-20,-15,-20
42.09765625,34,2179,2179,25,18,-20,-15,-20
42.1015625,34,2179,2179,25,19,-20,-15,-20
42.10546875,34,2179,2179,25,19,-20,-15,-20
42.109375,34,2179,2179,24,18,-20,-15,-20
42.11328125,33,2179,2179,24,18,-20,-15,-20
42.1171875,33,2179,2179,25,18,-20,-15,-20
42.12109375,33,2179,2179,25,19,-20,-15,-20
42.125,33,2179,2179,24,18,-20,-15,-20
42.12890625,33,2179,2179,24,18,-20,-15,-20
42.1328125,32,2179,2179,24,18,-20,-15,-20
42.13671875,32,2179,2179,24,18,-20,-15,-20
42.140625,32,2179,2179,24,18,-20,-15,-20
42.14453125,32,2179,2179,24,18,-20,-15,-20
42.1484375,32,2179,2179,24,18,-20,-15,-20
42.15234375,31,2179,2179,24,18,-20,-15,-20
42.15625,32,2179,2179,24,17,-20,-15,-20
42.16015625,31,2179,2179,24,17,-20,-15,-20
42.1640625,31,2179,2179,24,17,-20,-15,-20
42.16796875,31,2179,2179,24,18,-20,-15,-21
42.171875,32,2179,2179,24,17,-20,-15,-21
42.17578125,32,2179,2179,24,17,-20,-15,-20
42.1796875,32,2179,2179,24,17,-20,-15,-21
42.18359375,32,2179,2179,24,17,-20,-15,-20
42.1875,32,2179,2179,24,17,-20,-15,-20
42.19140625,32,2179,2179,24,17,-20,-15,-20
42.1953125,32,2179,2179,24,17,-20,-15,-20
42.19921875,32,2179,2179,24,18,-20,-15,-20
42.203125,32,2179,2179,24,18,-20,-15,-20
42.20703125,32,2179,2179,24,18,-20,-15,-20
42.2109375,32,2179,2179,24,18,-20,-15,-20
42.21484375,32,2179,2179,24,18,-20,-15,-20
42.21875,33,2179,2179,24,18,-20,-15,-20
42.22265625,33,2179,2179,24,18,-20,-15,-20
42.2265625,33,2179,2179,24,18,-20,-15,-20
42.23046875,33,2179,2179,24,18,-20,-15,-20
42.234375,33,2179,2179,24,18,-20,-15,-20
42.23828125,33,2179,2179,24,18,-20,-15,-20
42.2421875,33,2179,2179,24,18,-20,-15,-20
42.24609375,32,2179,2179,24,18,-20,-15,-20
42.25,32,2179,2179,24,18,-20,-15,-20
42.25390625,33,2179,2179,24,18,-20,-15,-20
42.2578125,32,2179,2179,24,18,-20,-15,-20
42.26171875,32,2179,2179,24,18,-20,-15,-20
42.265625,32,2179,2179,24,19,-20,-15,-20
42.26953125,32,2179,2179,24,19,-20,-15,-20
42.2734375,32,2179,2179,24,18,-19,-15,-20
42.27734375,32,2179,2179,24,18,-20,-15,-20
42.28125,32,2179,2179,24,17,-20,-15,-20
42.28515625,32,2179,2179,24,18,-20,-15,-20
42.2890625,33,2179,2179,24,18,-20,-15,-20
42.29296875,33,2179,2179,24,18,-20,-15,-20
42.296875,33,2179,2179,24,18,-20,-15,-20
42.30078125,33,2179,2179,24,18,-20,-15,-21
42.3046875,33,2179,2179,24,18,-20,-15,-21
42.30859375,33,2179,2179,24,18,-20,-15,-20
42.3125,33,2179,2179,24,18,-20,-15,-21
42.31640625,33,2179,2179,24,18,-20,-15,-21
42.3203125,33,2179,2179,24,18,-20,-15,-20
42.32421875,33,2179,2179,24,18,-20,-15,-21
42.328125,33,2179,2179,24,17,-20,-15,-20
42.33203125,32,2179,2179,24,18,-20,-15,-20
42.3359375,32,2179,2179,24,18,-20,-15,-20
42.33984375,32,2179,2179,24,17,-20,-15,-20
42.34375,32,2179,2179,24,17,-20,-15,-20
42.34765625,32,2179,2179,24,17,-20,-15,-20
42.3515625,32,2179,2179,24,18,-20,-15,-20
42.35546875,32,2179,2179,24,18,-20,-15,-20
42.359375,32,2179,2179,24,17,-20,-15,-20
42.36328125,32,2179,2179,24,17,-20,-15,-20
42.3671875,32,2179,2179,24,18,-20,-15,-20
42.37109375,32,2179,2179,24,18,-20,-15,-20
42.375,32,2179,2179,24,17,-20,-15,-20
42.37890625,32,2179,2179,24,17,-20,-15,-21
42.3828125,32,2179,2179,24,18,-20,-15,-20
42.38671875,32,2179,2179,24,18,-20,-15,-20
42.390625,32,2179,2179,24,17,-20,-15,-20
42.39453125,32,2179,2179,24,18,-20,-15,-20
42.3984375,32,2179,2179,24,18,-20,-15,-20
42.40234375,32,2179,2179,24,18,-20,-15,-21
42.40625,32,2179,2179,24,17,-20,-15,-20
42.41015625,32,2179,2179,24,18,-20,-15,-20
42.4140625,32,2179,2179,24,18,-20,-15,-20
42.41796875,32,2179,2179,24,18,-20,-15,-20
42.421875,32,2179,2179,24,18,-20,-15,-20
42.42578125,32,2179,2179,24,18,-20,-15,-20
42.4296875,32,2179,2179,24,18,-20,-15,-20
42.43359375,32,2179,2179,24,18,-20,-15,-20
42.4375,32,2179,2179,24,18,-20,-15,-20
42.44140625,32,2179,2179,24,18,-20,-15,-20
42.4453125,32,2179,2179,24,18,-20,-15,-20
42.44921875,32,2179,2179,25,18,-20,-15,-20
42.453125,32,2179,2179,25,18,-20,-15,-20
42.45703125,32,2179,2179,24,18,-20,-15,-20
42.4609375,32,2179,2179,25,18,-20,-15,-20
42.46484375,32,2179,2179,25,18,-20,-15,-20
42.46875,32,2179,2179,25,18,-19,-15,-20
42.47265625,33,2179,2179,24,18,-19,-15,-20
42.4765625,33,2179,2179,24,18,-19,-15,-20
42.48046875,33,2179,2179,24,18,-20,-15,-20
42.484375,33,2179,2179,24,19,-20,-15,-20
42.48828125,34,2179,2179,24,18,-20,-15,-20
42.4921875,34,2179,2179,23,18,-20,-15,-20
42.49609375,34,2179,2179,23,18,-20,-15,-20
42.5,34,2179,2179,23,18,-20,-15,-20
42.50390625,35,2179,2179,23,18,-20,-15,-20
42.5078125,35,2179,2179,23,17,-20,-15,-20
42.51171875,35,2179,2179,23,18,-20,-15,-20
42.515625,35,2179,2179,24,18,-20,-15,-20
42.51953125,35,2179,2179,24,18,-20,-15,-20
42.5234375,35,2179,2179,24,18,-20,-15,-20
42.52734375,35,2179,2179,24,18,-20,-15,-20
42.53125,35,2179,2179,25,17,-20,-15,-21
42.53515625,35,2179,2179,24,18,-20,-15,-20
42.5390625,35,2179,2179,24,18,-20,-15,-20
42.54296875,35,2179,2179,24,18,-20,-15,-20
42.546875,34,2179,2179,23,18,-20,-15,-20
42.55078125,34,2179,2179,23,18,-20,-15,-20
42.5546875,34,2179,2179,23,18,-20,-15,-20
42.55859375,34,2179,2179,23,18,-20,-15,-20
42.5625,34,2179,2179,23,18,-20,-15,-20
42.56640625,33,2179,2179,24,18,-20,-15,-20
42.5703125,33,2179,2179,24,18,-20,-15,-20
42.57421875,33,2179,2179,24,18,-20,-15,-20
42.578125,34,2179,2179,24,18,-20,-15,-20
42.58203125,33,2179,2179,25,18,-20,-15,-20
42.5859375,33,2179,2179,25,18,-20,-15,-20
42.58984375,33,2179,2179,24,18,-20,-15,-20
42.59375,33,2179,2179,24,17,-20,-15,-20
42.59765625,32,2179,2179,24,17,-20,-15,-20
42.6015625,32,2179,2179,24,18,-20,-15,-20
42.60546875,32,2179,2179,24,18,-20,-15,-20
42.609375,32,2179,2179,24,18,-20,-15,-20
42.61328125,32,2179,2179,24,17,-20,-15,-21
42.6171875,32,2179,2179,24,18,-20,-15,-20
42.62109375,32,2179,2179,24,18,-20,-15,-21
42.625,32,2179,2179,24,17,-20,-15,-21
42.62890625,32,2179,2179,24,17,-20,-15,-21
42.6328125,32,2179,2179,24,18,-20,-15,-21
42.63671875,32,2179,2179,24,18,-20,-15,-21
42.640625,32,2179,2179,24,18,-20,-15,-21
42.64453125,32,2179,2179,24,18,-20,-15,-21
42.6484375,31,2179,2179,24,18,-20,-15,-21
42.65234375,31,2179,2179,24,18,-20,-15,-21
42.65625,32,2179,2179,24,18,-20,-15,-20
42.66015625,32,2179,2179,24,18,-20,-15,-20
42.6640625,32,2179,2179,26,18,-20,-15,-20
42.66796875,32,2179,2179,25,18,-20,-15,-20
42.671875,32,2179,2179,25,18,-20,-15,-20
42.67578125,32,2179,2179,24,18,-20,-15,-20
42.6796875,32,2179,2179,24,18,-20,-15,-20
42.68359375,32,2179,2179,25,18,-20,-15,-20
42.6875,32,2179,2179,25,18,-20,-15,-20
42.69140625,33,2179,2179,24,18,-20,-14,-21
42.6953125,33,2179,2179,24,18,-20,-15,-20
42.69921875,33,2179,2179,24,18,-20,-15,-20
42.703125,33,2179,2179,24,18,-20,-15,-20
42.70703125,33,2179,2179,24,18,-20,-15,-20
42.7109375,34,2179,2179,24,18,-20,-15,-20
42.71484375,34,2179,2179,24,18,-20,-15,-20
42.71875,34,2179,2179,24,18,-20,-15,-20
42.72265625,34,2179,2179,24,18,-20,-15,-20
42.7265625,35,2179,2179,24,17,-20,-15,-20
42.73046875,34,2179,2179,24,17,-20,-15,-20
42.734375,35,2179,2179,24,18,-20,-15,-21
42.73828125,35,2179,2179,24,18,-20,-15,-21
42.7421875,35,2179,2179,24,17,-20,-15,-21
42.74609375,35,2179,2179,24,17,-20,-15,-21
42.75,35,2179,2179,24,17,-20,-15,-21
42.75390625,35,2179,2179,24,18,-20,-15,-21
42.7578125,35,2179,2179,24,17,-20,-15,-21
42.76171875,35,2179,2179,24,17,-20,-15,-21
42.765625,35,2179,2179,24,18,-20,-15,-21
42.76953125,35,2179,2179,24,18,-20,-15,-20
42.7734375,35,2179,2179,24,17,-20,-15,-21
42.77734375,35,2179,2179,23,17,-20,-15,-20
42.78125,35,2179,2179,24,17,-20,-15,-20
42.78515625,35,2179,2179,24,17,-20,-15,-20
42.7890625,36,2179,2179,24,18,-20,-15,-20
42.79296875,36,2179,2179,24,17,-20,-15,-20
42.796875,36,2179,2179,24,17,-20,-15,-20
42.80078125,36,2179,2179,24,18,-20,-15,-20
42.8046875,36,2179,2179,24,18,-20,-15,-20
42.80859375,36,2179,2179,24,18,-20,-15,-20
42.8125,36,2179,2179,24,18,-20,-15,-20
42.81640625,37,2179,2179,24,18,-20,-15,-21
42.8203125,37,2179,2179,25,18,-20,-15,-20
42.82421875,37,2179,2179,24,18,-20,-15,-20
42.828125,38,2179,2179,24,18,-20,-15,-20
42.83203125,38,2179,2179,24,18,-20,-15,-21
42.8359375,38,2179,2179,24,18,-20,-15,-21
42.83984375,39,2179,2179,24,18,-20,-15,-20
42.84375,39,2179,2179,24,18,-20,-15,-20
42.84765625,39,2179,2179,25,18,-20,-15,-21
42.8515625,39,2179,2179,24,18,-20,-15,-21
42.85546875,39,2179,2179,25,18,-20,-15,-21
42.859375,39,2179,2179,24,18,-20,-15,-21
42.86328125,39,2179,2179,24,18,-20,-15,-21
42.8671875,39,2179,2179,25,18,-20,-15,-21
42.87109375,40,2179,2179,25,18,-20,-15,-21
42.875,40,2179,2179,24,18,-20,-15,-21
42.87890625,40,2179,2179,24,18,-20,-15,-21
42.8828125,40,2179,2179,24,18,-20,-15,-20
42.88671875,40,2179,2179,24,18,-20,-15,-20
42.890625,41,2179,2179,24,18,-20,-15,-20
42.89453125,41,2179,2179,24,18,-20,-15,-20
42.8984375,40,2179,2179,24,18,-20,-15,-20
42.90234375,40,2179,2179,24,18,-20,-15,-20
42.90625,41,2179,2179,24,18,-20,-15,-20
42.91015625,41,2179,2179,24,18,-20,-15,-20
42.9140625,41,2179,2179,23,18,-20,-15,-20
42.91796875,41,2179,2179,24,18,-20,-15,-20
42.921875,41,2179,2179,24,18,-20,-15,-20
42.92578125,41,2179,2179,24,18,-20,-15,-20
42.9296875,41,2179,2179,24,18,-20,-15,-20
42.93359375,41,2179,2179,24,18,-20,-15,-20
42.9375,42,2179,2179,24,18,-20,-15,-20
42.94140625,42,2179,2179,24,18,-20,-15,-19
42.9453125,42,2179,2179,24,18,-20,-15,-20
42.94921875,42,2179,2179,24,18,-20,-15,-20
42.953125,42,2179,2179,24,18,-20,-15,-20
42.95703125,43,2179,2179,23,17,-20,-15,-20
42.9609375,43,2179,2179,23,17,-20,-15,-20
42.96484375,43,2179,2179,24,17,-20,-15,-20
42.96875,43,2179,2179,24,18,-20,-15,-21
42.97265625,43,2179,2179,24,18,-20,-15,-20
42.9765625,43,2179,2179,23,17,-20,-15,-20
42.98046875,43,2179,2179,24,18,-20,-15,-20
42.984375,43,2179,2179,24,18,-20,-15,-20
42.98828125,43,2179,2179,24,18,-20,-15,-20
42.9921875,43,2179,2179,24,18,-20,-15,-20
42.99609375,43,2179,2179,24,18,-20,-15,-20
43.0,43,2179,2179,24,18,-20,-15,-20
43.00390625,44,2179,2179,25,18,-20,-15,-20
43.0078125,44,2179,2179,24,18,-20,-15,-20
43.01171875,44,2179,2179,24,18,-20,-15,-20
43.015625,44,2179,2179,25,18,-20,-15,-20
43.01953125,44,2179,2179,25,18,-20,-15,-20
43.0234375,45,2179,2179,24,18,-20,-15,-20
43.02734375,45,2179,2179,24,18,-20,-15,-20
43.03125,45,2179,2179,24,18,-20,-15,-20
43.03515625,46,2179,2179,24,18,-20,-15,-20
43.0390625,46,2179,2179,23,18,-20,-15,-20
43.04296875,47,2179,2179,24,18,-20,-15,-20
43.046875,47,2179,2179,24,17,-20,-15,-21
43.05078125,47,2179,2179,24,18,-20,-15,-21
43.0546875,48,2179,2179,24,18,-20,-15,-21
43.05859375,48,2179,2179,24,18,-20,-15,-20
43.0625,49,2179,2179,24,18,-20,-15,-20
43.06640625,49,2179,2179,24,18,-20,-15,-20
43.0703125,50,2179,2179,24,18,-20,-15,-20
43.07421875,50,2179,2179,24,18,-20,-15,-21
43.078125,51,2179,2179,24,18,-20,-15,-21
43.08203125,51,2179,2179,25,18,-20,-15,-20
43.0859375,51,2179,2179,25,18,-20,-15,-21
43.08984375,52,2179,2179,24,18,-20,-15,-20
43.09375,52,2179,2179,24,18,-20,-15,-20
43.09765625,52,2179,2179,24,18,-20,-15,-20
43.1015625,53,2179,2179,24,18,-20,-15,-20
43.10546875,54,2179,2179,24,18,-20,-15,-20
43.109375,54,2179,2179,24,18,-20,-15,-20
43.11328125,55,2179,2179,24,18,-20,-15,-20
43.1171875,55,2179,2179,24,18,-20,-15,-20
43.12109375,56,2179,2179,24,18,-20,-15,-20
43.125,57,2179,2179,24,18,-20,-15,-20
43.12890625,58,2179,2179,24,18,-20,-15,-20
43.1328125,58,2179,2179,24,18,-20,-15,-20
43.13671875,59,2179,2179,24,18,-20,-15,-20
43.140625,60,2179,2179,24,18,-20,-15,-20
43.14453125,60,2179,2179,24,18,-20,-15,-20
43.1484375,60,2179,2179,24,18,-20,-15,-20
43.15234375,61,2179,2179,24,18,-20,-15,-20
43.15625,61,2179,2179,24,18,-20,-15,-20
43.16015625,61,2179,2179,23,17,-20,-15,-20
43.1640625,61,2179,2179,23,17,-20,-15,-20
43.16796875,62,2179,2179,24,17,-20,-15,-20
43.171875,62,2179,2179,24,17,-20,-15,-20
43.17578125,62,2179,2179,23,17,-20,-15,-20
43.1796875,62,2179,2179,23,17,-20,-15,-20
43.18359375,62,2179,2179,24,18,-20,-15,-20
43.1875,63,2179,2179,24,17,-20,-15,-21
43.19140625,63,2179,2179,24,17,-20,-15,-20
43.1953125,63,2179,2179,24,17,-20,-15,-21
43.19921875,63,2179,2179,24,18,-20,-15,-21
43.203125,63,2179,2179,24,18,-20,-15,-20
43.20703125,64,2179,2179,24,18,-20,-15,-21
43.2109375,64,2179,2179,24,18,-20,-15,-20
43.21484375,64,2179,2179,24,18,-20,-15,-21
43.21875,64,2179,2179,24,18,-20,-15,-20
43.22265625,65,2179,2179,24,18,-20,-15,-20
43.2265625,65,2179,2179,24,18,-20,-15,-20
43.23046875,64,2179,2179,24,18,-20,-15,-20
43.234375,65,2179,2179,24,18,-20,-15,-20
43.23828125,65,2179,2179,24,18,-20,-15,-20
43.2421875,65,2179,2179,24,18,-20,-15,-20
43.24609375,65,2179,2179,24,18,-20,-15,-20
43.25,65,2179,2179,24,18,-20,-15,-20
43.25390625,65,2179,2179,25,18,-20,-15,-20
43.2578125,66,2179,2179,24,18,-20,-15,-20
43.26171875,66,2179,2179,24,18,-20,-15,-20
43.265625,66,2179,2179,24,18,-20,-15,-20
43.26953125,66,2179,2179,24,18,-20,-15,-20
43.2734375,66,2179,2179,24,18,-20,-15,-21
43.27734375,66,2179,2179,24,18,-20,-15,-20
43.28125,66,2179,2179,24,18,-20,-14,-20
43.28515625,66,2179,2179,24,18,-20,-15,-20
43.2890625,67,2179,2179,24,18,-20,-15,-21
43.29296875,67,2179,2179,24,18,-20,-15,-20
43.296875,67,2179,2179,24,18,-20,-15,-20
43.30078125,67,2179,2179,24,18,-20,-15,-21
43.3046875,67,2179,2179,24,18,-20,-15,-20
43.30859375,68,2179,2179,24,18,-20,-15,-21
43.3125,67,2179,2179,24,18,-20,-15,-20
43.31640625,68,2179,2179,24,18,-20,-15,-20
43.3203125,68,2179,2179,24,18,-20,-15,-20
43.32421875,68,2179,2179,24,18,-20,-15,-20
43.328125,68,2179,2179,24,17,-20,-15,-20
43.33203125,68,2179,2179,24,18,-20,-15,-21
43.3359375,68,2179,2179,24,18,-20,-15,-20
43.33984375,69,2179,2179,24,17,-20,-15,-20
43.34375,69,2179,2179,23,17,-20,-15,-20
43.34765625,68,2179,2179,24,17,-20,-15,-20
43.3515625,69,2179,2179,24,17,-20,-15,-20
43.35546875,69,2179,2179,24,17,-20,-15,-20
43.359375,69,2179,2179,24,17,-20,-15,-20
43.36328125,69,2179,2179,24,17,-20,-15,-20
43.3671875,69,2179,2179,24,18,-20,-15,-20
43.37109375,69,2179,2179,24,18,-20,-15,-20
43.375,70,2179,2179,24,18,-20,-15,-20
43.37890625,70,2179,2179,24,18,-20,-15,-20
43.3828125,70,2179,2179,25,18,-20,-15,-20
43.38671875,70,2179,2179,24,18,-20,-15,-20
43.390625,70,2179,2179,24,18,-20,-15,-20
43.39453125,71,2179,2179,24,18,-20,-15,-21
43.3984375,71,2179,2179,24,18,-20,-15,-21
43.40234375,71,2179,2179,24,18,-20,-15,-21
43.40625,71,2179,2179,24,18,-20,-15,-21
43.41015625,71,2179,2179,24,18,-20,-15,-21
43.4140625,71,2179,2179,24,18,-20,-15,-20
43.41796875,71,2179,2179,24,18,-20,-15,-21
43.421875,72,2179,2179,24,18,-20,-15,-21
43.42578125,72,2179,2179,24,18,-20,-15,-21
43.4296875,72,2179,2179,25,18,-20,-15,-21
43.43359375,72,2179,2179,25,18,-20,-15,-20
43.4375,72,2179,2179,25,18,-20,-15,-20
43.44140625,72,2179,2179,25,18,-20,-15,-20
43.4453125,72,2179,2179,25,18,-20,-15,-20
43.44921875,72,2179,2179,25,18,-20,-16,-20
43.453125,71,2179,2179,25,18,-20,-15,-20
43.45703125,72,2179,2179,24,18,-20,-15,-20
43.4609375,72,2179,2179,25,18,-20,-15,-20
43.46484375,72,2179,2179,25,18,-20,-15,-20
43.46875,72,2179,2179,26,18,-20,-15,-20
43.47265625,72,2179,2179,26,19,-20,-15,-20
43.4765625,72,2179,2179,26,18,-20,-15,-20
43.48046875,72,2179,2179,27,18,-20,-15,-20
43.484375,72,2179,2179,27,19,-20,-15,-20
43.48828125,72,2179,2179,27,19,-20,-15,-21
43.4921875,72,2179,2179,26,18,-20,-15,-20
43.49609375,72,2179,2179,26,18,-20,-15,-20
43.5,72,2179,2179,25,18,-20,-15,-20
43.50390625,73,2179,2179,25,18,-20,-15,-20
43.5078125,73,2179,2179,24,17,-20,-15,-20
43.51171875,73,2179,2179,25,18,-20,-15,-21
43.515625,73,2179,2179,25,18,-20,-15,-20
43.51953125,73,2179,2179,26,18,-20,-15,-20
43.5234375,73,2179,2179,27,18,-20,-15,-20
43.52734375,73,2179,2179,28,18,-20,-15,-21
43.53125,73,2179,2179,29,18,-20,-15,-21
43.53515625,73,2179,2179,29,18,-20,-15,-21
43.5390625,74,2179,2179,30,18,-20,-15,-21
43.54296875,74,2179,2179,30,18,-20,-15,-21
43.546875,74,2179,2179,31,18,-20,-15,-21
43.55078125,74,2179,2179,32,18,-20,-15,-20
43.5546875,75,2179,2179,33,18,-20,-15,-21
43.55859375,75,2179,2179,33,17,-20,-15,-20
43.5625,75,2179,2179,35,17,-20,-15,-20
43.56640625,75,2179,2179,36,17,-20,-15,-20
43.5703125,75,2179,2179,38,18,-20,-15,-20
43.57421875,75,2179,2179,39,17,-20,-15,-20
43.578125,76,2179,2179,40,17,-19,-15,-20
43.58203125,75,2179,2179,42,18,-20,-15,-20
43.5859375,76,2179,2179,44,18,-20,-15,-20
43.58984375,76,2179,2179,45,18,-20,-15,-20
43.59375,76,2179,2179,47,18,-20,-15,-20
43.59765625,76,2179,2179,49,18,-20,-15,-20
43.6015625,76,2179,2179,51,18,-20,-15,-21
43.60546875,76,2179,2179,53,18,-20,-15,-21
43.609375,77,2179,2179,56,18,-20,-15,-20
43.61328125,76,2179,2179,59,18,-20,-15,-21
43.6171875,77,2179,2179,62,18,-20,-15,-21
43.62109375,77,2179,2179,65,18,-20,-15,-21
43.625,77,2179,2179,68,18,-20,-15,-20
43.62890625,77,2179,2179,70,18,-20,-15,-21
43.6328125,77,2179,2179,73,18,-20,-15,-21
43.63671875,77,2179,2179,75,18,-20,-15,-21
43.640625,77,2179,2179,77,18,-20,-15,-21
43.64453125,77,2179,2179,78,18,-20,-15,-21
43.6484375,77,2179,2179,80,18,-20,-15,-21
43.65234375,77,2179,2179,82,18,-20,-15,-21
43.65625,77,2179,2179,84,18,-20,-15,-21
43.66015625,77,2179,2179,87,18,-20,-15,-21
43.6640625,77,2179,2179,90,18,-20,-15,-21
43.66796875,77,2179,2179,94,18,-20,-15,-20
43.671875,77,2179,2179,97,18,-20,-15,-21
43.67578125,77,2179,2179,101,18,-20,-15,-20
43.6796875,77,2179,2179,104,18,-20,-15,-20
43.68359375,77,2179,2179,108,19,-20,-15,-20
43.6875,77,2179,2179,110,19,-20,-15,-20
43.69140625,77,2179,2179,111,18,-20,-14,-20
43.6953125,77,2179,2179,112,18,-20,-14,-20
43.69921875,77,2179,2179,112,18,-20,-15,-20
43.703125,77,2179,2179,111,18,-20,-15,-20
43.70703125,77,2179,2179,110,18,-20,-15,-20
43.7109375,77,2179,2179,110,18,-20,-15,-20
43.71484375,77,2179,2179,111,18,-20,-15,-20
43.71875,77,2179,2179,114,18,-20,-15,-20
43.72265625,77,2179,2179,117,18,-20,-15,-20
43.7265625,78,2179,2179,121,17,-20,-15,-20
43.73046875,77,2179,2179,125,17,-20,-15,-21
43.734375,77,2179,2179,128,18,-20,-15,-21
43.73828125,78,2179,2179,130,17,-20,-15,-21
43.7421875,78,2179,2179,131,17,-20,-15,-21
43.74609375,77,2179,2179,132,17,-20,-15,-20
43.75,78,2179,2179,133,18,-20,-15,-21
43.75390625,77,2179,2179,135,18,-20,-15,-20
43.7578125,78,2179,2179,136,17,-20,-15,-21
43.76171875,78,2179,2179,138,17,-20,-15,-20
43.765625,77,2179,2179,140,18,-20,-15,-21
43.76953125,77,2179,2179,141,18,-20,-15,-20
43.7734375,78,2179,2179,142,17,-20,-15,-21
43.77734375,78,2179,2179,142,17,-20,-15,-20
43.78125,77,2179,2179,142,18,-20,-15,-20
43.78515625,77,2179,2179,142,18,-20,-15,-20
43.7890625,77,2179,2179,142,18,-20,-15,-20
43.79296875,77,2179,2179,142,18,-20,-15,-20
43.796875,77,2179,2179,142,18,-19,-15,-20
43.80078125,77,2179,2179,143,18,-19,-15,-20
43.8046875,78,2179,2179,144,18,-20,-15,-20
43.80859375,78,2179,2179,145,18,-20,-15,-21
43.8125,78,2179,2179,146,18,-20,-15,-20
43.81640625,78,2179,2179,148,18,-20,-15,-20
43.8203125,78,2179,2179,149,18,-20,-15,-20
43.82421875,78,2179,2179,150,18,-20,-14,-20
43.828125,78,2179,2179,151,18,-20,-15,-20
43.83203125,78,2179,2179,152,18,-20,-15,-20
43.8359375,78,2179,2179,153,18,-20,-15,-20
43.83984375,79,2179,2179,153,18,-20,-15,-21
43.84375,79,2179,2179,154,18,-20,-15,-21
43.84765625,78,2179,2179,155,18,-20,-15,-21
43.8515625,78,2179,2179,155,18,-20,-15,-21
43.85546875,79,2179,2179,155,18,-20,-15,-21
43.859375,79,2179,2179,155,18,-20,-15,-21
43.86328125,79,2179,2179,155,18,-20,-15,-21
43.8671875,79,2179,2179,156,18,-20,-15,-21
43.87109375,79,2179,2179,156,18,-20,-15,-21
43.875,79,2179,2179,156,18,-20,-15,-21
43.87890625,79,2179,2179,156,18,-20,-15,-21
43.8828125,79,2179,2179,157,18,-20,-15,-20
43.88671875,78,2179,2179,158,18,-20,-15,-20
43.890625,79,2179,2179,158,18,-20,-15,-20
43.89453125,78,2179,2179,158,18,-20,-15,-20
43.8984375,78,2179,2179,158,18,-20,-15,-20
43.90234375,78,2179,2179,159,18,-20,-15,-20
43.90625,78,2179,2179,159,18,-20,-15,-20
43.91015625,78,2179,2179,159,18,-20,-15,-20
43.9140625,78,2179,2179,159,18,-20,-15,-20
43.91796875,78,2179,2179,159,18,-20,-15,-20
43.921875,78,2179,2179,159,18,-20,-15,-20
43.92578125,78,2179,2179,159,18,-20,-14,-20
43.9296875,78,2179,2179,159,18,-20,-15,-20
43.93359375,78,2179,2179,160,18,-20,-15,-20
43.9375,78,2179,2179,160,18,-20,-15,-20
43.94140625,78,2179,2179,160,18,-20,-15,-20
43.9453125,78,2179,2179,160,18,-20,-15,-20
43.94921875,78,2179,2179,161,18,-20,-14,-20
43.953125,78,2179,2179,161,18,-20,-15,-21
43.95703125,79,2179,2179,161,17,-20,-15,-21
43.9609375,78,2179,2179,162,18,-20,-15,-21
43.96484375,78,2179,2179,163,18,-20,-15,-21
43.96875,78,2179,2179,163,18,-20,-15,-21
43.97265625,78,2179,2179,163,18,-20,-15,-21
43.9765625,78,2179,2179,163,18,-20,-15,-21
43.98046875,78,2179,2179,163,18,-20,-15,-20
43.984375,78,2179,2179,164,18,-20,-15,-20
43.98828125,78,2179,2179,164,18,-20,-15,-20
43.9921875,77,2179,2179,163,18,-20,-15,-20
43.99609375,77,2179,2179,163,18,-20,-15,-20
44.0,77,2179,2179,164,18,-20,-15,-20
44.00390625,77,2179,2179,164,18,-20,-15,-20
44.0078125,76,2179,2179,164,18,-20,-15,-20
44.01171875,76,2179,2179,164,18,-20,-15,-20
44.015625,76,2179,2179,165,18,-20,-15,-20
44.01953125,76,2179,2179,165,18,-20,-15,-20
44.0234375,76,2179,2179,165,18,-20,-15,-20
44.02734375,76,2179,2179,165,18,-20,-15,-20
44.03125,76,2179,2179,165,18,-20,-15,-20
44.03515625,76,2179,2179,165,18,-20,-15,-20
44.0390625,76,2179,2179,165,18,-20,-15,-20
44.04296875,76,2179,2179,165,18,-20,-15,-20
44.046875,76,2179,2179,165,18,-20,-15,-20
44.05078125,76,2179,2179,166,18,-20,-15,-20
44.0546875,76,2179,2179,166,18,-20,-15,-20
44.05859375,76,2179,2179,165,17,-20,-15,-20
44.0625,76,2179,2179,165,18,-20,-15,-20
44.06640625,76,2179,2179,166,18,-20,-15,-21
44.0703125,76,2179,2179,165,18,-20,-15,-21
44.07421875,76,2179,2179,165,18,-20,-14,-21
44.078125,76,2179,2179,165,18,-20,-15,-20
44.08203125,75,2179,2179,166,18,-21,-15,-20
44.0859375,75,2179,2179,166,18,-20,-15,-20
44.08984375,75,2179,2179,166,18,-20,-15,-20
44.09375,75,2179,2179,166,18,-20,-15,-20
44.09765625,74,2179,2179,167,18,-20,-15,-20
44.1015625,74,2179,2179,167,19,-20,-15,-21
44.10546875,74,2179,2179,167,18,-20,-15,-20
44.109375,74,2179,2179,167,18,-20,-15,-21
44.11328125,74,2179,2179,167,18,-20,-15,-21
44.1171875,73,2179,2179,167,18,-20,-15,-20
44.12109375,73,2179,2179,167,18,-20,-15,-20
44.125,73,2179,2179,167,18,-20,-15,-20
44.12890625,73,2179,2179,167,18,-20,-15,-20
44.1328125,73,2179,2179,167,18,-20,-15,-20
44.13671875,73,2179,2179,167,19,-20,-15,-20
44.140625,73,2179,2179,167,18,-20,-15,-20
44.14453125,73,2179,2179,167,18,-20,-15,-20
44.1484375,72,2179,2179,167,19,-20,-15,-21
44.15234375,72,2179,2179,168,19,-20,-15,-20
44.15625,72,2179,2179,168,18,-20,-15,-20
44.16015625,72,2179,2179,168,18,-20,-15,-20
44.1640625,72,2179,2179,168,18,-20,-15,-21
44.16796875,71,2179,2179,168,18,-20,-15,-20
44.171875,72,2179,2179,169,17,-20,-15,-21
44.17578125,72,2179,2179,168,17,-20,-15,-20
44.1796875,71,2179,2179,168,17,-20,-15,-20
44.18359375,71,2179,2179,169,17,-20,-15,-21
44.1875,71,2179,2179,169,18,-20,-15,-21
44.19140625,71,2179,2179,168,18,-20,-15,-20
44.1953125,70,2179,2179,168,18,-20,-15,-21
44.19921875,70,2179,2179,168,18,-20,-15,-21
44.203125,69,2179,2179,168,18,-20,-15,-20
44.20703125,69,2179,2179,167,18,-18,-15,-20
44.2109375,69,2179,2179,167,18,-20,-15,-20
44.21484375,69,2179,2179,167,18,-20,-15,-20
44.21875,68,2179,2179,167,18,-20,-15,-20
44.22265625,68,2179,2179,168,18,-20,-15,-20
44.2265625,68,2179,2179,169,18,-20,-15,-20
44.23046875,68,2179,2179,170,18,-20,-15,-20
44.234375,68,2179,2179,171,18,-20,-15,-20
44.23828125,68,2179,2179,171,18,-20,-14,-20
44.2421875,68,2179,2179,171,18,-20,-14,-20
44.24609375,68,2179,2179,170,18,-20,-14,-20
44.25,68,2179,2179,170,18,-20,-15,-20
44.25390625,68,2179,2179,170,18,-20,-15,-20
44.2578125,68,2179,2179,169,18,-20,-14,-20
44.26171875,68,2179,2179,169,18,-20,-14,-20
44.265625,68,2179,2179,170,18,-20,-15,-20
44.26953125,67,2179,2179,170,18,-20,-15,-20
44.2734375,67,2179,2179,170,18,-20,-15,-21
44.27734375,67,2179,2179,170,18,-20,-15,-21
44.28125,67,2179,2179,170,18,-20,-15,-21
44.28515625,67,2179,2179,170,18,-20,-15,-21
44.2890625,67,2179,2179,170,18,-20,-15,-21
44.29296875,67,2179,2179,170,18,-20,-15,-21
44.296875,67,2179,2179,170,18,-20,-15,-20
44.30078125,67,2179,2179,171,18,-20,-15,-21
44.3046875,67,2179,2179,171,18,-20,-15,-21
44.30859375,66,2179,2179,170,18,-20,-15,-21
44.3125,66,2179,2179,170,18,-20,-15,-20
44.31640625,65,2179,2179,170,18,-20,-15,-20
44.3203125,65,2179,2179,170,18,-20,-15,-20
44.32421875,65,2179,2179,170,17,-20,-15,-21
44.328125,65,2179,2179,170,17,-20,-15,-20
44.33203125,65,2179,2179,170,18,-28,-15,-21
44.3359375,65,2179,2179,170,17,-20,-15,-21
44.33984375,64,2179,2179,170,17,-20,-15,-20
44.34375,64,2179,2179,170,17,-20,-15,-20
44.34765625,64,2179,2179,170,17,-20,-15,-20
44.3515625,63,2179,2179,170,18,-20,-15,-20
44.35546875,63,2179,2179,170,18,-20,-15,-20
44.359375,63,2179,2179,170,17,-20,-15,-20
44.36328125,63,2179,2179,170,18,-20,-15,-20
44.3671875,63,2179,2179,171,18,-20,-15,-20
44.37109375,63,2179,2179,171,18,-20,-15,-20
44.375,63,2179,2179,171,18,-20,-15,-20
44.37890625,63,2179,2179,171,18,-20,-15,-20
44.3828125,63,2179,2179,172,18,-20,-15,-20
44.38671875,63,2179,2179,171,18,-20,-15,-20
44.390625,63,2179,2179,171,18,-20,-15,-20
44.39453125,63,2179,2179,170,17,-20,-15,-20
44.3984375,63,2179,2179,170,18,-20,-15,-20
44.40234375,63,2179,2179,170,18,-20,-15,-20
44.40625,63,2179,2179,170,18,-20,-15,-21
44.41015625,63,2179,2179,170,18,-20,-15,-21
44.4140625,63,2179,2179,170,18,-20,-15,-20
44.41796875,63,2179,2179,171,18,-20,-15,-21
44.421875,63,2179,2179,171,18,-20,-15,-21
44.42578125,63,2179,2179,171,18,-20,-15,-21
44.4296875,62,2179,2179,171,18,-20,-15,-20
44.43359375,62,2179,2179,171,18,-20,-15,-21
44.4375,62,2179,2179,171,18,-20,-15,-20
44.44140625,62,2179,2179,170,18,-20,-15,-20
44.4453125,62,2179,2179,170,18,-20,-15,-21
44.44921875,61,2179,2179,171,18,-20,-15,-20
44.453125,61,2179,2179,171,18,-20,-15,-20
44.45703125,62,2179,2179,171,18,-13,-15,-20
44.4609375,62,2179,2179,171,18,-20,-15,-20
44.46484375,62,2179,2179,171,18,-20,-15,-20
44.46875,62,2179,2179,171,18,-20,-15,-20
44.47265625,62,2179,2179,171,18,-19,-15,-20
44.4765625,62,2179,2179,172,18,-19,-14,-20
44.48046875,62,2179,2179,172,18,-20,-14,-20
44.484375,62,2179,2179,173,18,-20,-14,-20
44.48828125,62,2179,2179,173,18,-19,-15,-20
44.4921875,62,2179,2179,172,18,-20,-15,-20
44.49609375,62,2179,2179,172,17,-20,-15,-20
44.5,62,2179,2179,171,18,-20,-15,-20
44.50390625,62,2179,2179,171,18,-20,-15,-20
44.5078125,63,2179,2179,170,17,-20,-15,-21
44.51171875,62,2179,2179,170,17,-20,-15,-21
44.515625,62,2179,2179,170,18,-20,-15,-21
44.51953125,62,2179,2179,171,18,-20,-15,-21
44.5234375,62,2179,2179,171,18,-20,-15,-21
44.52734375,62,2179,2179,172,18,-20,-15,-21
44.53125,62,2179,2179,173,18,-20,-15,-20
44.53515625,61,2179,2179,173,18,-20,-15,-20
44.5390625,62,2179,2179,173,18,-20,-15,-20
44.54296875,61,2179,2179,173,18,-20,-15,-20
44.546875,61,2179,2179,172,18,-20,-15,-20
44.55078125,61,2179,2179,173,18,-20,-15,-21
44.5546875,61,2179,2179,172,18,-20,-15,-20
44.55859375,61,2179,2179,172,18,-20,-15,-20
44.5625,60,2179,2179,172,18,-20,-15,-20
44.56640625,60,2179,2179,173,18,-20,-15,-20
44.5703125,60,2179,2179,173,18,-20,-15,-20
44.57421875,61,2179,2179,172,18,-20,-15,-20
44.578125,61,2179,2179,172,18,-20,-15,-20
44.58203125,61,2179,2179,172,18,-25,-15,-20
44.5859375,61,2179,2179,172,18,-20,-15,-20
44.58984375,61,2179,2179,171,17,-20,-15,-20
44.59375,61,2179,2179,170,17,-20,-15,-20
44.59765625,61,2179,2179,170,17,-20,-15,-20
44.6015625,61,2179,2179,170,17,-20,-15,-20
44.60546875,61,2179,2179,170,17,-20,-15,-21
44.609375,61,2179,2179,170,17,-20,-15,-20
44.61328125,61,2179,2179,171,17,-20,-15,-20
44.6171875,61,2179,2179,171,17,-20,-15,-21
44.62109375,61,2179,2179,172,18,-20,-15,-21
44.625,61,2179,2179,172,17,-20,-15,-20
44.62890625,60,2179,2179,172,17,-20,-15,-21
44.6328125,60,2179,2179,173,18,-20,-15,-20
44.63671875,60,2179,2179,173,18,-20,-15,-21
44.640625,60,2179,2179,172,18,-20,-15,-20
44.64453125,60,2179,2179,172,18,-20,-15,-21
44.6484375,60,2179,2179,172,18,-20,-15,-20
44.65234375,60,2179,2179,172,18,-20,-15,-21
44.65625,61,2179,2179,172,18,-20,-15,-20
44.66015625,60,2179,2179,172,18,-20,-15,-20
44.6640625,60,2179,2179,172,18,-20,-15,-20
44.66796875,60,2179,2179,173,18,-20,-15,-20
44.671875,60,2179,2179,173,19,-20,-15,-20
44.67578125,60,2179,2179,173,18,-20,-15,-20
44.6796875,60,2179,2179,173,18,-20,-15,-20
44.68359375,60,2179,2179,173,19,-20,-15,-20
44.6875,60,2179,2179,173,18,-20,-15,-20
44.69140625,60,2179,2179,173,18,-20,-15,-20
44.6953125,60,2179,2179,173,18,-20,-14,-20
44.69921875,60,2179,2179,173,18,-20,-14,-20
44.703125,60,2179,2179,173,18,-19,-15,-20
44.70703125,60,2179,2179,173,18,-15,-15,-20
44.7109375,60,2179,2179,172,18,-20,-15,-20
44.71484375,60,2179,2179,173,18,-20,-15,-20
44.71875,60,2179,2179,172,18,-20,-15,-20
44.72265625,61,2179,2179,172,18,-20,-15,-20
44.7265625,61,2179,2179,172,17,-20,-15,-20
44.73046875,60,2179,2179,172,17,-20,-15,-21
44.734375,60,2179,2179,172,18,-20,-15,-20
44.73828125,60,2179,2179,172,18,-20,-15,-20
44.7421875,60,2179,2179,172,17,-20,-15,-20
44.74609375,60,2179,2179,172,17,-20,-15,-20
44.75,60,2179,2179,172,18,-20,-15,-20
44.75390625,60,2179,2179,172,18,-20,-15,-21
44.7578125,60,2179,2179,172,17,-20,-15,-21
44.76171875,60,2179,2179,172,18,-20,-15,-21
44.765625,59,2179,2179,172,18,-20,-15,-21
44.76953125,59,2179,2179,172,18,-20,-15,-20
44.7734375,59,2179,2179,172,17,-20,-15,-21
44.77734375,59,2179,2179,172,17,-20,-15,-20
44.78125,59,2179,2179,172,18,-20,-15,-20
44.78515625,59,2179,2179,172,18,-20,-15,-20
44.7890625,59,2179,2179,172,18,-20,-15,-20
44.79296875,59,2179,2179,172,17,-20,-15,-20
44.796875,59,2179,2179,172,17,-20,-15,-20
44.80078125,59,2179,2179,172,18,-20,-15,-20
44.8046875,59,2179,2179,172,18,-20,-15,-20
44.80859375,59,2179,2179,172,17,-20,-14,-20
44.8125,58,2179,2179,172,18,-20,-14,-20
44.81640625,59,2179,2179,172,18,-20,-14,-20
44.8203125,59,2179,2179,173,18,-20,-14,-20
44.82421875,59,2179,2179,172,18,-20,-15,-21
44.828125,59,2179,2179,172,18,-20,-15,-21
44.83203125,59,2179,2179,172,18,-22,-15,-20
44.8359375,59,2179,2179,172,18,-20,-15,-20
44.83984375,59,2179,2179,172,18,-20,-15,-21
44.84375,59,2179,2179,173,18,-20,-15,-20
44.84765625,59,2179,2179,173,18,-20,-15,-20
44.8515625,59,2179,2179,174,18,-20,-15,-21
44.85546875,59,2179,2179,174,18,-20,-15,-20
44.859375,59,2179,2179,173,18,-20,-15,-20
44.86328125,59,2179,2179,174,18,-20,-15,-20
44.8671875,59,2179,2179,174,18,-20,-15,-20
44.87109375,59,2179,2179,173,18,-20,-15,-20
44.875,59,2179,2179,173,18,-20,-15,-20
44.87890625,59,2179,2179,172,18,-20,-15,-20
44.8828125,59,2179,2179,173,18,-20,-15,-20
44.88671875,59,2179,2179,172,18,-20,-15,-20
44.890625,59,2179,2179,172,18,-20,-15,-20
44.89453125,58,2179,2179,172,18,-20,-15,-20
44.8984375,58,2179,2179,173,18,-20,-15,-20
44.90234375,58,2179,2179,173,18,-20,-15,-20
44.90625,58,2179,2179,172,18,-20,-15,-20
44.91015625,58,2179,2179,173,18,-20,-15,-20
44.9140625,58,2179,2179,172,18,-20,-15,-20
44.91796875,58,2179,2179,173,18,-20,-15,-20
44.921875,58,2179,2179,173,19,-20,-15,-20
44.92578125,59,2179,2179,172,18,-20,-15,-21
44.9296875,58,2179,2179,172,18,-20,-15,-20
44.93359375,59,2179,2179,172,18,-20,-15,-20
44.9375,59,2179,2179,172,18,-20,-15,-20
44.94140625,59,2179,2179,172,18,-20,-15,-21
44.9453125,59,2179,2179,172,17,-20,-15,-20
44.94921875,59,2179,2179,172,17,-20,-15,-21
44.953125,59,2179,2179,172,18,-20,-15,-21
44.95703125,59,2179,2179,172,17,-18,-15,-21
44.9609375,59,2179,2179,172,17,-20,-15,-21
44.96484375,59,2179,2179,172,19,-20,-15,-21
44.96875,59,2179,2179,172,18,-20,-15,-21
44.97265625,59,2179,2179,172,18,-20,-15,-21
44.9765625,59,2179,2179,172,18,-20,-15,-21
44.98046875,58,2179,2179,172,18,-20,-15,-21
44.984375,58,2179,2179,172,18,-20,-15,-21
44.98828125,58,2179,2179,172,18,-20,-15,-21
44.9921875,58,2179,2179,172,18,-20,-15,-21
44.99609375,58,2179,2179,172,18,-20,-15,-21
45.0,58,2179,2179,172,18,-20,-15,-21
45.00390625,57,2179,2179,172,18,-20,-15,-20
45.0078125,57,2179,2179,172,18,-20,-15,-20
45.01171875,57,2179,2179,172,18,-20,-15,-20
45.015625,57,2179,2179,173,18,-20,-15,-20
45.01953125,57,2179,2179,172,18,-20,-15,-20
45.0234375,57,2179,2179,172,18,-20,-15,-20
45.02734375,57,2179,2179,172,18,-20,-15,-20
45.03125,57,2179,2179,173,18,-20,-15,-20
45.03515625,57,2179,2179,173,18,-20,-15,-20
45.0390625,57,2179,2179,173,18,-20,-15,-20
45.04296875,57,2179,2179,172,18,-20,-15,-20
45.046875,57,2179,2179,172,18,-20,-15,-20
45.05078125,57,2179,2179,173,18,-20,-15,-20
45.0546875,58,2179,2179,172,18,-20,-15,-20
45.05859375,58,2179,2179,172,17,-20,-15,-20
45.0625,58,2179,2179,173,18,-20,-15,-21
45.06640625,58,2179,2179,173,18,-20,-15,-21
45.0703125,58,2179,2179,173,18,-20,-15,-21
45.07421875,58,2179,2179,173,18,-20,-15,-21
45.078125,58,2179,2179,174,18,-20,-15,-21
45.08203125,58,2179,2179,174,18,-21,-15,-21
45.0859375,58,2179,2179,174,18,-20,-15,-21
45.08984375,58,2179,2179,174,18,-20,-15,-20
45.09375,58,2179,2179,174,18,-20,-15,-20
45.09765625,58,2179,2179,174,18,-20,-15,-20
45.1015625,58,2179,2179,174,18,-20,-15,-20
45.10546875,58,2179,2179,174,18,-20,-15,-20
45.109375,58,2179,2179,174,18,-20,-15,-20
45.11328125,57,2179,2179,174,18,-20,-15,-20
45.1171875,57,2179,2179,174,18,-20,-15,-20
45.12109375,57,2179,2179,174,18,-19,-14,-20
45.125,57,2179,2179,173,18,-20,-14,-20
45.12890625,57,2179,2179,172,18,-20,-14,-20
45.1328125,57,2179,2179,172,18,-20,-15,-20
45.13671875,57,2179,2179,172,18,-20,-15,-20
45.140625,57,2179,2179,172,18,-20,-15,-20
45.14453125,57,2179,2179,172,18,-20,-14,-20
45.1484375,57,2179,2179,172,18,-20,-15,-20
45.15234375,57,2179,2179,173,18,-20,-15,-20
45.15625,57,2179,2179,173,18,-20,-15,-20
45.16015625,57,2179,2179,173,17,-20,-15,-20
45.1640625,57,2179,2179,173,17,-20,-15,-20
45.16796875,57,2179,2179,173,17,-20,-15,-20
45.171875,57,2179,2179,173,17,-20,-15,-20
45.17578125,57,2179,2179,173,17,-20,-15,-20
45.1796875,57,2179,2179,172,17,-20,-15,-21
45.18359375,57,2179,2179,172,17,-20,-15,-21
45.1875,58,2179,2179,172,17,-20,-15,-21
45.19140625,57,2179,2179,172,17,-20,-15,-21
45.1953125,57,2179,2179,171,17,-20,-15,-21
45.19921875,57,2179,2179,172,17,-20,-15,-21
45.203125,57,2179,2179,172,17,-20,-15,-21
45.20703125,57,2179,2179,172,17,-19,-15,-21
45.2109375,57,2179,2179,172,17,-20,-15,-20
45.21484375,56,2179,2179,172,16,-20,-15,-20
45.21875,56,2179,2179,172,18,-20,-15,-20
45.22265625,56,2179,2179,172,18,-20,-15,-20
45.2265625,56,2179,2179,172,18,-20,-15,-20
45.23046875,56,2179,2179,172,18,-20,-15,-20
45.234375,56,2179,2179,173,18,-20,-15,-20
45.23828125,56,2179,2179,172,18,-19,-15,-20
45.2421875,56,2179,2179,172,18,-19,-15,-20
45.24609375,56,2179,2179,172,18,-20,-15,-20
45.25,56,2179,2179,173,18,-20,-15,-20
45.25390625,56,2179,2179,173,19,-20,-15,-20
45.2578125,57,2179,2179,173,18,-20,-14,-20
45.26171875,57,2179,2179,173,18,-20,-15,-20
45.265625,56,2179,2179,174,18,-20,-14,-20
45.26953125,56,2179,2179,174,18,-20,-15,-20
45.2734375,57,2179,2179,174,18,-20,-15,-21
45.27734375,57,2179,2179,174,18,-20,-15,-20
45.28125,57,2179,2179,175,18,-20,-15,-21
45.28515625,57,2179,2179,174,18,-20,-15,-20
45.2890625,57,2179,2179,174,18,-20,-15,-20
45.29296875,57,2179,2179,173,18,-20,-15,-20
45.296875,56,2179,2179,173,18,-20,-15,-20
45.30078125,56,2179,2179,173,19,-20,-15,-20
45.3046875,56,2179,2179,173,19,-20,-15,-21
45.30859375,57,2179,2179,172,18,-20,-15,-21
45.3125,57,2179,2179,173,18,-20,-15,-21
45.31640625,56,2179,2179,174,18,-20,-15,-21
45.3203125,56,2179,2179,174,18,-20,-15,-21
45.32421875,56,2179,2179,174,18,-20,-15,-21
45.328125,56,2179,2179,173,18,-20,-15,-21
45.33203125,56,2179,2179,174,18,-20,-15,-21
45.3359375,56,2179,2179,174,18,-20,-15,-20
45.33984375,56,2179,2179,173,17,-20,-15,-21
45.34375,56,2179,2179,173,17,-20,-15,-20
45.34765625,56,2179,2179,174,17,-20,-15,-20
45.3515625,56,2179,2179,174,18,-20,-15,-20
45.35546875,57,2179,2179,174,18,-20,-15,-20
45.359375,57,2179,2179,173,17,-20,-15,-20
45.36328125,56,2179,2179,173,17,-20,-15,-20
45.3671875,56,2179,2179,173,18,-20,-15,-20
45.37109375,56,2179,2179,173,18,-20,-15,-20
45.375,56,2179,2179,172,18,-20,-15,-20
45.37890625,56,2179,2179,173,18,-20,-15,-20
45.3828125,56,2179,2179,173,18,-20,-15,-20
45.38671875,57,2179,2179,174,18,-20,-15,-20
45.390625,57,2179,2179,174,18,-20,-15,-20
45.39453125,57,2179,2179,174,18,-20,-15,-20
45.3984375,57,2179,2179,175,18,-20,-15,-20
45.40234375,57,2179,2179,174,18,-20,-15,-20
45.40625,57,2179,2179,174,18,-20,-15,-21
45.41015625,57,2179,2179,173,18,-20,-15,-20
45.4140625,57,2179,2179,173,18,-20,-15,-20
45.41796875,57,2179,2179,173,18,-20,-15,-21
45.421875,57,2179,2179,173,18,-20,-15,-21
45.42578125,57,2179,2179,173,18,-20,-15,-21
45.4296875,57,2179,2179,174,17,-20,-15,-20
45.43359375,57,2179,2179,174,18,-20,-15,-21
45.4375,57,2179,2179,174,18,-20,-15,-20
45.44140625,57,2179,2179,173,18,-20,-15,-20
45.4453125,57,2179,2179,173,17,-20,-15,-20
45.44921875,57,2179,2179,173,18,-20,-15,-21
45.453125,57,2179,2179,173,18,-20,-15,-20
45.45703125,57,2179,2179,173,18,-19,-15,-20
45.4609375,57,2179,2179,173,18,-20,-15,-20
45.46484375,56,2179,2179,173,17,-20,-15,-20
45.46875,57,2179,2179,173,18,-20,-15,-20
45.47265625,57,2179,2179,173,18,-20,-15,-20
45.4765625,57,2179,2179,173,18,-20,-15,-20
45.48046875,57,2179,2179,173,18,-20,-15,-20
45.484375,57,2179,2179,174,18,-20,-15,-20
45.48828125,57,2179,2179,174,18,-20,-15,-20
45.4921875,57,2179,2179,174,18,-20,-15,-20
45.49609375,57,2179,2179,174,18,-20,-15,-20
45.5,57,2179,2179,174,18,-20,-15,-20
45.50390625,57,2179,2179,174,18,-20,-15,-20
45.5078125,58,2179,2179,173,17,-20,-15,-20
45.51171875,58,2179,2179,173,18,-20,-15,-20
45.515625,57,2179,2179,173,18,-20,-15,-21
45.51953125,57,2179,2179,173,18,-20,-15,-21
45.5234375,57,2179,2179,173,18,-20,-15,-21
45.52734375,57,2179,2179,173,18,-20,-15,-21
45.53125,57,2179,2179,174,18,-20,-15,-21
45.53515625,57,2179,2179,175,18,-20,-15,-21
45.5390625,57,2179,2179,175,18,-20,-15,-21
45.54296875,57,2179,2179,174,18,-20,-15,-21
45.546875,57,2179,2179,174,18,-20,-15,-21
45.55078125,57,2179,2179,174,18,-20,-15,-20
45.5546875,57,2179,2179,174,18,-20,-15,-20
45.55859375,56,2179,2179,174,18,-20,-15,-20
45.5625,57,2179,2179,174,18,-20,-15,-20
45.56640625,56,2179,2179,174,18,-20,-15,-20
45.5703125,56,2179,2179,174,18,-19,-15,-20
45.57421875,57,2179,2179,174,17,-20,-15,-20
45.578125,56,2179,2179,174,17,-20,-15,-20
45.58203125,56,2179,2179,174,18,-20,-15,-20
45.5859375,56,2179,2179,174,18,-20,-15,-20
45.58984375,56,2179,2179,174,17,-20,-15,-20
45.59375,56,2179,2179,173,17,-20,-15,-21
45.59765625,56,2179,2179,174,17,-20,-15,-20
45.6015625,56,2179,2179,173,18,-20,-15,-20
45.60546875,57,2179,2179,172,18,-20,-15,-20
45.609375,57,2179,2179,172,17,-20,-15,-20
45.61328125,57,2179,2179,172,17,-20,-15,-20
45.6171875,57,2179,2179,172,18,-20,-15,-20
45.62109375,57,2179,2179,173,18,-20,-15,-20
45.625,57,2179,2179,173,17,-20,-15,-20
45.62890625,57,2179,2179,174,18,-20,-15,-21
45.6328125,56,2179,2179,175,18,-20,-15,-21
45.63671875,56,2179,2179,175,18,-20,-15,-21
45.640625,56,2179,2179,175,18,-20,-15,-21
45.64453125,56,2179,2179,175,18,-20,-15,-21
45.6484375,56,2179,2179,175,18,-20,-15,-21
45.65234375,56,2179,2179,175,18,-20,-15,-21
45.65625,56,2179,2179,174,18,-20,-15,-21
45.66015625,56,2179,2179,174,18,-20,-15,-20
45.6640625,55,2179,2179,174,18,-20,-15,-20
45.66796875,55,2179,2179,175,18,-20,-15,-20
45.671875,56,2179,2179,175,18,-20,-15,-20
45.67578125,56,2179,2179,175,18,-20,-15,-20
45.6796875,55,2179,2179,175,18,-20,-15,-20
45.68359375,55,2179,2179,175,19,-20,-15,-20
45.6875,56,2179,2179,175,18,-20,-15,-20
45.69140625,56,2179,2179,175,18,-20,-15,-20
45.6953125,56,2179,2179,174,18,-20,-15,-20
45.69921875,56,2179,2179,175,18,-20,-15,-20
45.703125,55,2179,2179,175,18,-20,-15,-20
45.70703125,56,2179,2179,174,18,-20,-15,-20
45.7109375,56,2179,2179,174,18,-20,-15,-20
45.71484375,56,2179,2179,175,17,-20,-15,-20
45.71875,55,2179,2179,175,18,-20,-15,-20
45.72265625,56,2179,2179,175,18,-20,-15,-20
45.7265625,56,2179,2179,174,17,-20,-15,-20
45.73046875,55,2179,2179,174,18,-20,-15,-20
45.734375,55,2179,2179,174,18,-20,-15,-20
45.73828125,55,2179,2179,174,18,-20,-15,-21
45.7421875,55,2179,2179,174,18,-20,-15,-20
45.74609375,54,2179,2179,174,18,-20,-15,-21
45.75,54,2179,2179,174,18,-20,-15,-22
45.75390625,54,2179,2179,175,18,-20,-15,-21
45.7578125,55,2179,2179,174,18,-20,-15,-20
45.76171875,55,2179,2179,174,18,-20,-15,-21
45.765625,54,2179,2179,174,18,-20,-15,-21
45.76953125,54,2179,2179,174,18,-20,-15,-20
45.7734375,54,2179,2179,174,17,-20,-15,-21
45.77734375,54,2179,2179,174,17,-20,-15,-21
45.78125,54,2179,2179,174,17,-20,-15,-21
45.78515625,54,2179,2179,174,18,-20,-15,-20
45.7890625,54,2179,2179,174,18,-20,-15,-20
45.79296875,54,2179,2179,174,17,-20,-15,-20
45.796875,54,2179,2179,174,17,-20,-15,-20
45.80078125,54,2179,2179,174,18,-20,-15,-20
45.8046875,54,2179,2179,174,18,-20,-15,-20
45.80859375,54,2179,2179,174,17,-20,-15,-20
45.8125,54,2179,2179,174,17,-20,-15,-21
45.81640625,54,2179,2179,174,18,-20,-15,-20
45.8203125,54,2179,2179,174,18,-20,-15,-20
45.82421875,54,2179,2179,174,18,-20,-15,-20
45.828125,54,2179,2179,174,18,-20,-15,-20
45.83203125,53,2179,2179,174,18,-20,-15,-20
45.8359375,53,2179,2179,174,18,-20,-15,-20
45.83984375,53,2179,2179,173,18,-20,-15,-21
45.84375,53,2179,2179,172,18,-20,-15,-20
45.84765625,52,2179,2179,171,18,-20,-15,-21
45.8515625,52,2179,2179,168,19,-20,-15,-21
45.85546875,52,2179,2179,164,19,-20,-15,-21
45.859375,52,2179,2179,156,18,-20,-15,-21
45.86328125,51,2179,2179,147,18,-20,-15,-21
45.8671875,51,2179,2179,137,18,-20,-15,-21
45.87109375,51,2179,2179,125,19,-20,-15,-21
45.875,51,2179,2179,114,18,-20,-15,-21
45.87890625,50,2179,2179,105,18,-20,-15,-20
45.8828125,50,2179,2179,97,18,-20,-15,-21
45.88671875,50,2179,2179,91,18,-20,-15,-21
45.890625,49,2179,2179,85,18,-20,-15,-21
45.89453125,49,2179,2179,79,18,-20,-15,-20
45.8984375,49,2179,2179,73,18,-20,-15,-20
45.90234375,48,2179,2179,66,18,-20,-15,-20
45.90625,49,2179,2179,57,18,-20,-15,-20
45.91015625,49,2179,2179,50,18,-20,-15,-20
45.9140625,48,2179,2179,44,18,-20,-15,-20
45.91796875,48,2179,2179,39,18,-20,-15,-20
45.921875,48,2179,2179,37,18,-20,-15,-20
45.92578125,48,2179,2179,35,18,-20,-15,-20
45.9296875,48,2179,2179,34,18,-20,-15,-20
45.93359375,48,2179,2179,34,18,-20,-15,-20
45.9375,48,2179,2179,33,18,-20,-15,-20
45.94140625,48,2179,2179,31,18,-20,-15,-20
45.9453125,48,2179,2179,29,17,-20,-15,-20
45.94921875,48,2179,2179,28,18,-20,-15,-20
45.953125,48,2179,2179,26,18,-20,-15,-20
45.95703125,47,2179,2179,25,17,-20,-15,-20
45.9609375,47,2179,2179,25,17,-20,-15,-20
45.96484375,47,2179,2179,25,17,-20,-15,-20
45.96875,47,2179,2179,25,18,-20,-15,-20
45.97265625,47,2179,2179,24,17,-20,-15,-20
45.9765625,47,2179,2179,25,17,-20,-15,-20
45.98046875,46,2179,2179,25,17,-20,-15,-20
45.984375,46,2179,2179,25,18,-20,-15,-20
45.98828125,46,2179,2179,24,18,-20,-15,-21
45.9921875,45,2179,2179,24,18,-20,-15,-21
45.99609375,45,2179,2179,24,18,-20,-15,-20
46.0,44,2179,2179,24,18,-20,-15,-21
46.00390625,44,2179,2179,24,18,-20,-15,-20
46.0078125,44,2179,2179,24,18,-20,-15,-20
46.01171875,44,2179,2179,24,18,-20,-15,-20
46.015625,44,2179,2179,25,18,-20,-15,-20
46.01953125,44,2179,2179,25,18,-19,-15,-20
46.0234375,44,2179,2179,25,18,-20,-15,-20
46.02734375,44,2179,2179,24,18,-20,-15,-20
46.03125,43,2179,2179,25,18,-20,-15,-20
46.03515625,43,2179,2179,25,18,-20,-15,-20
46.0390625,43,2179,2179,24,18,-20,-15,-20
46.04296875,43,2179,2179,24,18,-20,-15,-20
46.046875,43,2179,2179,24,18,-20,-15,-20
46.05078125,43,2179,2179,24,18,-20,-15,-21
46.0546875,43,2179,2179,24,18,-20,-15,-20
46.05859375,43,2179,2179,24,18,-20,-15,-20
46.0625,43,2179,2179,24,18,-20,-15,-20
46.06640625,43,2179,2179,24,18,-20,-15,-20
46.0703125,43,2179,2179,24,18,-20,-15,-20
46.07421875,43,2179,2179,24,18,-20,-15,-20
46.078125,43,2179,2179,24,18,-20,-15,-20
46.08203125,43,2179,2179,24,18,-20,-15,-21
46.0859375,43,2179,2179,24,18,-20,-15,-21
46.08984375,43,2179,2179,24,18,-20,-15,-21
46.09375,43,2179,2179,24,18,-20,-15,-21
46.09765625,43,2179,2179,23,18,-20,-15,-21
46.1015625,43,2179,2179,24,18,-20,-15,-20
46.10546875,42,2179,2179,24,18,-20,-15,-20
46.109375,42,2179,2179,24,18,-20,-15,-20
46.11328125,40,2179,2179,24,18,-20,-15,-20
46.1171875,40,2179,2179,24,18,-20,-15,-20
46.12109375,39,2179,2179,25,19,-20,-15,-20
46.125,39,2179,2179,24,18,-20,-15,-19
46.12890625,39,2179,2179,24,18,-20,-15,-20
46.1328125,38,2179,2179,25,19,-20,-15,-20
46.13671875,39,2179,2179,25,18,-20,-15,-20
46.140625,39,2179,2179,24,18,-20,-15,-20
46.14453125,40,2179,2179,24,18,-20,-15,-20
46.1484375,40,2179,2179,24,18,-20,-15,-20
46.15234375,40,2179,2179,24,18,-20,-15,-21
46.15625,40,2179,2179,24,18,-20,-15,-20
46.16015625,40,2179,2179,24,17,-20,-15,-20
46.1640625,40,2179,2179,24,17,-20,-15,-20
46.16796875,39,2179,2179,24,17,-20,-15,-21
46.171875,39,2179,2179,24,17,-20,-15,-20
46.17578125,39,2179,2179,23,17,-20,-15,-21
46.1796875,38,2179,2179,24,17,-20,-15,-21
46.18359375,38,2179,2179,24,18,-20,-15,-21
46.1875,38,2179,2179,24,18,-20,-15,-21
46.19140625,38,2179,2179,24,18,-20,-15,-21
46.1953125,38,2179,2179,24,17,-20,-15,-21
46.19921875,37,2179,2179,24,18,-20,-15,-20
46.203125,37,2179,2179,24,18,-20,-15,-20
46.20703125,37,2179,2179,24,18,-20,-15,-20
46.2109375,37,2179,2179,24,18,-20,-15,-20
46.21484375,37,2179,2179,24,18,-20,-15,-20
46.21875,36,2179,2179,24,18,-20,-15,-20
46.22265625,36,2179,2179,23,18,-20,-15,-20
46.2265625,36,2179,2179,24,18,-20,-15,-20
46.23046875,36,2179,2179,24,18,-20,-15,-20
46.234375,36,2179,2179,24,18,-20,-15,-20
46.23828125,36,2179,2179,24,18,-20,-15,-20
46.2421875,36,2179,2179,24,18,-20,-14,-20
46.24609375,36,2179,2179,24,18,-20,-14,-20
46.25,36,2179,2179,24,18,-20,-15,-20
46.25390625,35,2179,2179,24,18,-20,-14,-20
46.2578125,36,2179,2179,24,18,-20,-14,-20
46.26171875,36,2179,2179,24,18,-20,-15,-21
46.265625,36,2179,2179,25,18,-20,-15,-20
46.26953125,36,2179,2179,25,18,-20,-15,-21
46.2734375,36,2179,2179,24,18,-20,-15,-20
46.27734375,36,2179,2179,24,18,-20,-15,-20
46.28125,36,2179,2179,25,18,-20,-15,-21
46.28515625,36,2179,2179,24,18,-20,-15,-21
46.2890625,36,2179,2179,24,18,-20,-15,-21
46.29296875,35,2179,2179,24,18,-20,-15,-21
46.296875,35,2179,2179,24,18,-20,-15,-21
46.30078125,35,2179,2179,25,18,-20,-15,-21
46.3046875,35,2179,2179,24,18,-20,-15,-21
46.30859375,35,2179,2179,24,18,-20,-15,-20
46.3125,34,2179,2179,24,18,-20,-15,-20
46.31640625,34,2179,2179,24,18,-20,-15,-20
46.3203125,34,2179,2179,24,18,-20,-15,-20
46.32421875,34,2179,2179,24,17,-20,-15,-20
46.328125,34,2179,2179,24,17,-20,-15,-21
46.33203125,33,2179,2179,24,18,-20,-15,-20
46.3359375,33,2179,2179,24,18,-20,-15,-20
46.33984375,34,2179,2179,24,18,-20,-15,-20
46.34375,34,2179,2179,24,17,-20,-15,-20
46.34765625,34,2179,2179,23,17,-20,-15,-20
46.3515625,33,2179,2179,24,18,-20,-15,-20
46.35546875,34,2179,2179,24,18,-20,-15,-21
46.359375,34,2179,2179,24,17,-20,-14,-20
46.36328125,34,2179,2179,24,17,-20,-15,-20
46.3671875,34,2179,2179,24,18,-20,-15,-20
46.37109375,34,2179,2179,24,18,-20,-15,-20
46.375,34,2179,2179,24,17,-20,-15,-20
46.37890625,34,2179,2179,24,17,-20,-15,-20
46.3828125,34,2179,2179,24,18,-20,-14,-20
46.38671875,34,2179,2179,24,18,-20,-15,-20
46.390625,34,2179,2179,24,18,-20,-15,-21
46.39453125,34,2179,2179,24,18,-20,-15,-21
46.3984375,34,2179,2179,24,18,-20,-15,-21
46.40234375,33,2179,2179,24,18,-20,-15,-21
46.40625,34,2179,2179,24,18,-20,-15,-21
46.41015625,33,2179,2179,24,18,-20,-15,-20
46.4140625,33,2179,2179,24,18,-20,-15,-21
46.41796875,33,2179,2179,24,18,-20,-15,-21
46.421875,33,2179,2179,24,18,-20,-15,-21
46.42578125,33,2179,2179,24,18,-20,-15,-20
46.4296875,33,2179,2179,24,18,-20,-15,-21
46.43359375,33,2179,2179,24,18,-20,-15,-21
46.4375,33,2179,2179,24,18,-20,-15,-21
46.44140625,33,2179,2179,24,18,-20,-15,-20
46.4453125,32,2179,2179,24,18,-20,-15,-20
46.44921875,32,2179,2179,24,18,-20,-15,-20
46.453125,32,2179,2179,25,19,-20,-15,-20
46.45703125,32,2179,2179,24,18,-20,-15,-20
46.4609375,32,2179,2179,24,18,-20,-15,-20
46.46484375,32,2179,2179,25,18,-20,-15,-20
46.46875,32,2179,2179,25,19,-20,-15,-20
46.47265625,32,2179,2179,24,19,-20,-14,-21
46.4765625,32,2179,2179,24,18,-20,-14,-20
46.48046875,32,2179,2179,25,18,-20,-15,-20
46.484375,32,2179,2179,25,19,-20,-15,-20
46.48828125,33,2179,2179,25,18,-20,-15,-20
46.4921875,33,2179,2179,24,18,-20,-15,-20
46.49609375,33,2179,2179,24,18,-20,-15,-20
46.5,33,2179,2179,24,18,-20,-15,-20
46.50390625,33,2179,2179,24,18,-20,-15,-20
46.5078125,33,2179,2179,24,18,-20,-16,-21
46.51171875,33,2179,2179,24,18,-20,-15,-20
46.515625,33,2179,2179,24,18,-20,-15,-20
46.51953125,33,2179,2179,24,18,-20,-15,-21
46.5234375,33,2179,2179,24,18,-20,-15,-21
46.52734375,33,2179,2179,24,18,-20,-15,-20
46.53125,32,2179,2179,24,18,-20,-15,-21
46.53515625,33,2179,2179,24,18,-20,-15,-20
46.5390625,33,2179,2179,24,18,-20,-15,-20
46.54296875,33,2179,2179,24,18,-20,-15,-20
46.546875,32,2179,2179,24,18,-20,-15,-20
46.55078125,32,2179,2179,24,18,-20,-15,-20
46.5546875,32,2179,2179,24,18,-20,-15,-20
46.55859375,32,2179,2179,24,18,-20,-14,-20
46.5625,32,2179,2179,24,18,-20,-15,-20
46.56640625,32,2179,2179,24,18,-20,-15,-20
46.5703125,32,2179,2179,24,18,-20,-15,-20
46.57421875,32,2179,2179,24,18,-20,-15,-20
46.578125,32,2179,2179,24,17,-20,-15,-20
46.58203125,32,2179,2179,24,18,-20,-14,-20
46.5859375,32,2179,2179,24,18,-20,-15,-20
46.58984375,32,2179,2179,24,18,-20,-15,-20
46.59375,32,2179,2179,24,17,-20,-15,-20
46.59765625,31,2179,2179,24,17,-20,-15,-20
46.6015625,31,2179,2179,24,18,-20,-15,-20
46.60546875,31,2179,2179,24,17,-20,-15,-20
46.609375,31,2179,2179,24,17,-20,-15,-21
46.61328125,31,2179,2179,24,17,-20,-15,-21
46.6171875,31,2179,2179,24,18,-20,-15,-21
46.62109375,31,2179,2179,24,18,-20,-15,-20
46.625,31,2179,2179,24,17,-20,-15,-20
46.62890625,30,2179,2179,24,18,-20,-15,-21
46.6328125,30,2179,2179,24,18,-20,-16,-21
46.63671875,30,2179,2179,24,18,-20,-15,-21
46.640625,30,2179,2179,24,18,-20,-15,-21
46.64453125,30,2179,2179,24,18,-20,-15,-21
46.6484375,30,2179,2179,24,18,-20,-15,-20
46.65234375,30,2179,2179,25,18,-20,-15,-21
46.65625,30,2179,2179,24,18,-20,-15,-20
46.66015625,30,2179,2179,24,18,-20,-15,-20
46.6640625,30,2179,2179,24,18,-20,-15,-20
46.66796875,29,2179,2179,24,18,-20,-15,-20
46.671875,30,2179,2179,24,18,-20,-15,-20
46.67578125,30,2179,2179,24,18,-20,-15,-20
46.6796875,30,2179,2179,24,18,-20,-15,-20
46.68359375,30,2179,2179,25,18,-20,-15,-20
46.6875,30,2179,2179,25,18,-20,-15,-20
46.69140625,31,2179,2179,24,18,-20,-15,-20
46.6953125,31,2179,2179,24,18,-20,-15,-20
46.69921875,31,2179,2179,25,18,-20,-15,-20
46.703125,32,2179,2179,25,18,-20,-15,-20
46.70703125,32,2179,2179,24,18,-20,-15,-20
46.7109375,32,2179,2179,24,18,-20,-15,-20
46.71484375,32,2179,2179,24,18,-20,-15,-20
46.71875,32,2179,2179,24,18,-20,-15,-20
46.72265625,33,2179,2179,24,18,-20,-15,-20
46.7265625,33,2179,2179,24,17,-20,-15,-20
46.73046875,33,2179,2179,24,17,-20,-15,-21
46.734375,33,2179,2179,24,18,-20,-15,-21
46.73828125,34,2179,2179,24,18,-20,-15,-21
46.7421875,34,2179,2179,24,17,-20,-15,-21
46.74609375,34,2179,2179,23,17,-20,-15,-21
46.75,34,2179,2179,24,18,-20,-15,-20
46.75390625,33,2179,2179,24,18,-20,-15,-21
46.7578125,34,2179,2179,24,17,-20,-15,-20
46.76171875,33,2179,2179,24,17,-20,-15,-20
46.765625,33,2179,2179,24,18,-20,-15,-20
46.76953125,33,2179,2179,24,18,-20,-15,-20
46.7734375,33,2179,2179,24,17,-20,-15,-20
46.77734375,33,2179,2179,24,17,-20,-15,-20
46.78125,33,2179,2179,24,18,-20,-15,-20
46.78515625,33,2179,2179,24,18,-20,-15,-20
46.7890625,33,2179,2179,24,18,-20,-15,-20
46.79296875,33,2179,2179,24,18,-20,-14,-20
46.796875,32,2179,2179,24,18,-20,-14,-20
46.80078125,32,2179,2179,24,18,-20,-14,-20
46.8046875,33,2179,2179,24,18,-20,-14,-20
46.80859375,33,2179,2179,24,18,-20,-15,-20
46.8125,33,2179,2179,24,18,-20,-15,-20
46.81640625,33,2179,2179,25,18,-20,-15,-20
46.8203125,33,2179,2179,25,18,-19,-15,-20
46.82421875,33,2179,2179,24,18,-20,-15,-20
46.828125,33,2179,2179,24,18,-20,-15,-20
46.83203125,33,2179,2179,24,18,-20,-15,-20
46.8359375,33,2179,2179,25,18,-20,-15,-21
46.83984375,34,2179,2179,24,18,-20,-15,-20
46.84375,34,2179,2179,24,18,-20,-15,-20
46.84765625,34,2179,2179,24,18,-20,-15,-21
46.8515625,34,2179,2179,24,18,-20,-15,-21
46.85546875,35,2179,2179,24,18,-20,-15,-21
46.859375,35,2179,2179,24,18,-20,-15,-20
46.86328125,34,2179,2179,24,18,-20,-15,-21
46.8671875,34,2179,2179,24,18,-20,-15,-21
46.87109375,35,2179,2179,24,18,-20,-15,-21
46.875,35,2179,2179,24,18,-20,-15,-20
46.87890625,35,2179,2179,24,18,-20,-15,-21
46.8828125,34,2179,2179,25,18,-20,-14,-20
46.88671875,34,2179,2179,25,18,-20,-15,-20
46.890625,35,2179,2179,24,18,-20,-15,-20
46.89453125,35,2179,2179,24,18,-20,-15,-20
46.8984375,35,2179,2179,25,18,-20,-15,-20
46.90234375,35,2179,2179,24,18,-20,-15,-20
46.90625,35,2179,2179,24,18,-20,-15,-21
46.91015625,35,2179,2179,24,18,-20,-15,-20
46.9140625,35,2179,2179,24,18,-20,-15,-21
46.91796875,35,2179,2179,24,18,-20,-15,-20
46.921875,35,2179,2179,24,18,-20,-15,-21
46.92578125,35,2179,2179,24,18,-20,-15,-20
46.9296875,35,2179,2179,24,18,-20,-15,-21
46.93359375,35,2179,2179,24,18,-20,-15,-21
46.9375,35,2179,2179,24,18,-20,-15,-20
46.94140625,36,2179,2179,24,18,-20,-15,-20
46.9453125,36,2179,2179,24,17,-20,-15,-21
46.94921875,36,2179,2179,24,18,-20,-15,-20
46.953125,36,2179,2179,24,18,-20,-15,-20
46.95703125,37,2179,2179,24,17,-20,-15,-20
46.9609375,37,2179,2179,24,18,-20,-15,-21
46.96484375,36,2179,2179,24,17,-20,-15,-21
46.96875,36,2179,2179,24,18,-20,-15,-20
46.97265625,37,2179,2179,24,18,-20,-15,-21
46.9765625,37,2179,2179,24,17,-20,-15,-20
46.98046875,36,2179,2179,24,17,-20,-15,-21
46.984375,36,2179,2179,24,18,-20,-15,-20
46.98828125,37,2179,2179,24,18,-20,-15,-20
46.9921875,37,2179,2179,24,18,-20,-15,-20
46.99609375,37,2179,2179,24,18,-20,-15,-20
47.0,37,2179,2179,24,18,-20,-15,-20
47.00390625,37,2179,2179,24,18,-20,-15,-20
47.0078125,38,2179,2179,24,17,-20,-14,-20
47.01171875,38,2179,2179,24,18,-20,-15,-20
47.015625,38,2179,2179,24,18,-20,-15,-20
47.01953125,38,2179,2179,24,18,-20,-15,-20
47.0234375,38,2179,2179,24,18,-20,-15,-20
47.02734375,38,2179,2179,24,18,-20,-15,-20
47.03125,38,2179,2179,24,18,-20,-15,-20
47.03515625,38,2179,2179,24,18,-20,-15,-20
47.0390625,39,2179,2179,24,18,-20,-15,-20
47.04296875,39,2179,2179,24,18,-20,-15,-20
47.046875,39,2179,2179,24,17,-20,-15,-20
47.05078125,39,2179,2179,24,18,-20,-15,-20
47.0546875,40,2179,2179,23,18,-20,-15,-21
47.05859375,40,2179,2179,23,18,-20,-15,-20
47.0625,39,2179,2179,23,18,-20,-15,-21
47.06640625,39,2179,2179,23,18,-20,-15,-21
47.0703125,39,2179,2179,24,18,-20,-15,-20
47.07421875,39,2179,2179,24,18,-20,-15,-21
47.078125,39,2179,2179,24,18,-20,-15,-20
47.08203125,39,2179,2179,25,18,-20,-15,-20
47.0859375,39,2179,2179,25,18,-20,-15,-20
47.08984375,39,2179,2179,24,18,-20,-15,-20
47.09375,39,2179,2179,24,18,-20,-15,-20
47.09765625,39,2179,2179,24,18,-20,-15,-20
47.1015625,39,2179,2179,24,18,-20,-15,-20
47.10546875,39,2179,2179,24,18,-20,-15,-20
47.109375,39,2179,2179,24,18,-20,-15,-20
47.11328125,39,2179,2179,24,18,-20,-15,-20
47.1171875,39,2179,2179,24,18,-20,-15,-20
47.12109375,39,2179,2179,24,19,-20,-15,-20
47.125,39,2179,2179,24,18,-20,-14,-20
47.12890625,39,2179,2179,24,18,-20,-15,-20
47.1328125,39,2179,2179,25,19,-20,-14,-20
47.13671875,39,2179,2179,24,18,-20,-15,-20
47.140625,39,2179,2179,24,18,-20,-15,-20
47.14453125,39,2179,2179,24,18,-20,-15,-20
47.1484375,39,2179,2179,24,18,-20,-15,-20
47.15234375,39,2179,2179,24,18,-20,-15,-20
47.15625,40,2179,2179,24,17,-20,-15,-20
47.16015625,40,2179,2179,24,17,-20,-15,-20
47.1640625,40,2179,2179,23,17,-20,-15,-21
47.16796875,40,2179,2179,24,17,-20,-15,-21
47.171875,40,2179,2179,24,17,-20,-15,-21
47.17578125,40,2179,2179,23,17,-20,-15,-21
47.1796875,40,2179,2179,23,17,-20,-15,-21
47.18359375,40,2179,2179,24,17,-20,-15,-21
47.1875,40,2179,2179,24,17,-20,-15,-20
47.19140625,40,2179,2179,24,17,-20,-15,-20
47.1953125,40,2179,2179,24,17,-20,-15,-20
47.19921875,40,2179,2179,24,18,-20,-15,-20
47.203125,40,2179,2179,24,18,-20,-15,-20
47.20703125,40,2179,2179,24,18,-20,-15,-20
47.2109375,40,2179,2179,24,18,-20,-15,-20
47.21484375,39,2179,2179,24,18,-20,-15,-20
47.21875,39,2179,2179,24,18,-20,-15,-20
47.22265625,39,2179,2179,24,18,-20,-15,-20
47.2265625,39,2179,2179,24,18,-20,-15,-20
47.23046875,39,2179,2179,24,18,-20,-15,-20
47.234375,40,2179,2179,24,18,-20,-15,-20
47.23828125,40,2179,2179,24,18,-20,-15,-20
47.2421875,40,2179,2179,24,18,-20,-14,-20
47.24609375,40,2179,2179,24,18,-20,-15,-20
47.25,40,2179,2179,24,18,-20,-15,-20
47.25390625,40,2179,2179,24,18,-20,-15,-20
47.2578125,40,2179,2179,24,18,-20,-14,-20
47.26171875,40,2179,2179,24,18,-20,-15,-20
47.265625,40,2179,2179,24,18,-26,-15,-20
47.26953125,40,2179,2179,25,18,-20,-15,-20
47.2734375,40,2179,2179,24,18,-20,-15,-20
47.27734375,40,2179,2179,24,18,-20,-15,-20
47.28125,40,2179,2179,24,18,-20,-15,-20
47.28515625,40,2179,2179,24,18,-20,-15,-21
47.2890625,41,2179,2179,24,18,-20,-15,-20
47.29296875,41,2179,2179,24,18,-20,-15,-20
47.296875,41,2179,2179,24,18,-20,-15,-20
47.30078125,41,2179,2179,25,18,-20,-15,-20
47.3046875,41,2179,2179,24,18,-20,-15,-20
47.30859375,41,2179,2179,24,18,-20,-15,-20
47.3125,41,2179,2179,24,18,-20,-15,-21
47.31640625,41,2179,2179,24,18,-20,-15,-20
47.3203125,41,2179,2179,24,18,-20,-15,-20
47.32421875,41,2179,2179,24,17,-20,-15,-20
47.328125,41,2179,2179,24,17,-20,-15,-20
47.33203125,41,2179,2179,24,18,-20,-15,-20
47.3359375,41,2179,2179,24,17,-20,-15,-20
47.33984375,42,2179,2179,23,17,-20,-15,-20
47.34375,42,2179,2179,23,17,-20,-15,-20
47.34765625,42,2179,2179,23,17,-20,-15,-20
47.3515625,42,2179,2179,24,18,-20,-15,-20
47.35546875,42,2179,2179,24,17,-20,-15,-20
47.359375,42,2179,2179,24,17,-20,-15,-20
47.36328125,42,2179,2179,24,17,-20,-15,-20
47.3671875,42,2179,2179,24,18,-20,-15,-20
47.37109375,43,2179,2179,24,18,-20,-15,-20
47.375,43,2179,2179,24,17,-20,-15,-20
47.37890625,43,2179,2179,24,17,-20,-15,-20
47.3828125,43,2179,2179,24,18,-20,-15,-20
47.38671875,44,2179,2179,24,18,-20,-15,-21
47.390625,44,2179,2179,24,18,-15,-15,-21
47.39453125,44,2179,2179,24,18,-20,-15,-21
47.3984375,44,2179,2179,24,18,-20,-15,-21
47.40234375,44,2179,2179,24,18,-20,-15,-21
47.40625,44,2179,2179,24,18,-20,-15,-21
47.41015625,45,2179,2179,24,18,-20,-15,-21
47.4140625,45,2179,2179,24,18,-20,-15,-20
47.41796875,45,2179,2179,24,18,-20,-15,-20
47.421875,46,2179,2179,24,18,-20,-15,-20
47.42578125,46,2179,2179,24,18,-20,-15,-20
47.4296875,46,2179,2179,24,18,-20,-15,-20
47.43359375,46,2179,2179,24,18,-20,-15,-20
47.4375,46,2179,2179,24,18,-20,-15,-21
47.44140625,46,2179,2179,24,18,-20,-15,-20
47.4453125,47,2179,2179,24,18,-20,-15,-21
47.44921875,47,2179,2179,25,18,-20,-15,-20
47.453125,47,2179,2179,25,18,-20,-15,-20
47.45703125,47,2179,2179,24,18,-20,-15,-20
47.4609375,48,2179,2179,24,18,-20,-14,-20
47.46484375,48,2179,2179,24,18,-20,-15,-20
47.46875,48,2179,2179,24,18,-20,-15,-20
47.47265625,48,2179,2179,24,18,-20,-15,-20
47.4765625,48,2179,2179,24,18,-20,-15,-20
47.48046875,48,2179,2179,24,18,-20,-15,-21
47.484375,49,2179,2179,24,18,-20,-15,-21
47.48828125,49,2179,2179,24,18,-20,-15,-20
47.4921875,50,2179,2179,24,17,-20,-15,-20
47.49609375,50,2179,2179,24,17,-20,-15,-20
47.5,50,2179,2179,24,18,-20,-15,-20
47.50390625,51,2179,2179,24,18,-20,-15,-21
47.5078125,51,2179,2179,24,17,-20,-15,-21
47.51171875,51,2179,2179,24,18,-20,-15,-21
47.515625,51,2179,2179,24,18,-27,-15,-21
47.51953125,52,2179,2179,24,18,-20,-15,-21
47.5234375,53,2179,2179,24,18,-20,-15,-20
47.52734375,54,2179,2179,24,18,-20,-15,-20
47.53125,54,2179,2179,24,18,-20,-15,-21
47.53515625,55,2179,2179,24,18,-20,-15,-20
47.5390625,56,2179,2179,24,18,-20,-15,-20
47.54296875,56,2179,2179,24,18,-20,-15,-20
47.546875,57,2179,2179,24,18,-20,-15,-20
47.55078125,58,2179,2179,24,18,-20,-15,-20
47.5546875,58,2179,2179,24,18,-20,-15,-20
47.55859375,59,2179,2179,24,18,-19,-15,-21
47.5625,59,2179,2179,24,18,-20,-15,-20
47.56640625,59,2179,2179,24,18,-20,-15,-21
47.5703125,60,2179,2179,24,18,-20,-14,-20
47.57421875,60,2179,2179,23,18,-20,-15,-20
47.578125,61,2179,2179,23,17,-20,-15,-20
47.58203125,61,2179,2179,23,18,-20,-15,-20
47.5859375,61,2179,2179,23,18,-20,-15,-20
47.58984375,61,2179,2179,23,17,-20,-15,-21
47.59375,61,2179,2179,24,17,-20,-15,-20
47.59765625,61,2179,2179,24,17,-20,-15,-21
47.6015625,62,2179,2179,24,18,-20,-15,-20
47.60546875,62,2179,2179,24,18,-20,-15,-20
47.609375,63,2179,2179,24,17,-20,-15,-21
47.61328125,62,2179,2179,24,17,-20,-15,-21
47.6171875,62,2179,2179,24,18,-20,-15,-21
47.62109375,62,2179,2179,24,18,-20,-15,-21
47.625,63,2179,2179,23,17,-20,-15,-21
47.62890625,63,2179,2179,23,17,-20,-15,-21
47.6328125,62,2179,2179,24,18,-20,-15,-21
47.63671875,63,2179,2179,24,18,-20,-15,-21
47.640625,63,2179,2179,24,18,-14,-15,-21
47.64453125,63,2179,2179,24,18,-20,-15,-21
47.6484375,63,2179,2179,24,18,-20,-15,-21
47.65234375,63,2179,2179,24,18,-20,-15,-21
47.65625,63,2179,2179,24,18,-20,-15,-20
47.66015625,63,2179,2179,24,18,-20,-15,-20
47.6640625,63,2179,2179,24,18,-20,-15,-20
47.66796875,63,2179,2179,24,18,-20,-15,-20
47.671875,63,2179,2179,25,18,-20,-15,-20
47.67578125,64,2179,2179,24,18,-20,-15,-20
47.6796875,63,2179,2179,24,18,-20,-15,-20
47.68359375,64,2179,2179,25,18,-20,-15,-20
47.6875,64,2179,2179,25,18,-20,-15,-20
47.69140625,64,2179,2179,24,18,-20,-15,-20
47.6953125,64,2179,2179,24,18,-20,-15,-20
47.69921875,64,2179,2179,25,18,-20,-15,-20
47.703125,64,2179,2179,25,18,-20,-15,-20
47.70703125,65,2179,2179,24,18,-20,-15,-20
47.7109375,65,2179,2179,24,18,-20,-15,-20
47.71484375,65,2179,2179,24,17,-20,-15,-20
47.71875,66,2179,2179,24,18,-20,-15,-20
47.72265625,66,2179,2179,24,18,-20,-15,-20
47.7265625,66,2179,2179,24,17,-20,-15,-20
47.73046875,66,2179,2179,24,17,-20,-15,-21
47.734375,66,2179,2179,24,18,-20,-15,-21
47.73828125,66,2179,2179,24,18,-20,-15,-21
47.7421875,66,2179,2179,24,17,-20,-15,-21
47.74609375,66,2179,2179,24,17,-20,-15,-21
47.75,66,2179,2179,24,18,-20,-15,-21
47.75390625,67,2179,2179,24,18,-20,-15,-21
47.7578125,67,2179,2179,24,17,-20,-15,-20
47.76171875,67,2179,2179,24,18,-20,-15,-21
47.765625,67,2179,2179,24,18,-23,-15,-20
47.76953125,67,2179,2179,24,18,-20,-15,-20
47.7734375,68,2179,2179,24,17,-20,-15,-20
47.77734375,68,2179,2179,24,17,-20,-15,-20
47.78125,68,2179,2179,24,17,-20,-15,-20
47.78515625,68,2179,2179,24,18,-20,-15,-20
47.7890625,68,2179,2179,24,18,-20,-15,-20
47.79296875,68,2179,2179,24,17,-20,-15,-20
47.796875,69,2179,2179,24,17,-20,-15,-20
47.80078125,69,2179,2179,24,18,-20,-15,-20
47.8046875,69,2179,2179,24,18,-20,-15,-20
47.80859375,69,2179,2179,24,18,-20,-15,-20
47.8125,69,2179,2179,24,18,-20,-15,-20
47.81640625,69,2179,2179,25,18,-20,-15,-20
47.8203125,69,2179,2179,25,18,-20,-15,-20
47.82421875,69,2179,2179,24,18,-20,-15,-20
47.828125,70,2179,2179,24,18,-20,-15,-20
47.83203125,70,2179,2179,25,18,-20,-15,-20
47.8359375,70,2179,2179,24,18,-20,-15,-20
47.83984375,70,2179,2179,24,18,-20,-15,-20
47.84375,70,2179,2179,24,18,-20,-15,-20
47.84765625,70,2179,2179,24,18,-20,-15,-21
47.8515625,70,2179,2179,25,18,-20,-15,-21
47.85546875,71,2179,2179,24,18,-20,-15,-21
47.859375,71,2179,2179,24,18,-20,-15,-21
47.86328125,71,2179,2179,24,18,-20,-15,-21
47.8671875,71,2179,2179,25,18,-20,-15,-21
47.87109375,71,2179,2179,25,19,-20,-15,-21
47.875,71,2179,2179,24,18,-20,-15,-20
47.87890625,71,2179,2179,24,18,-20,-15,-21
47.8828125,71,2179,2179,24,18,-20,-15,-20
47.88671875,71,2179,2179,24,18,-20,-15,-20
47.890625,72,2179,2179,24,18,-17,-15,-20
47.89453125,72,2179,2179,24,18,-20,-15,-20
47.8984375,72,2179,2179,25,19,-20,-15,-20
47.90234375,72,2179,2179,25,18,-20,-15,-20
47.90625,73,2179,2179,25,18,-20,-15,-20
47.91015625,73,2179,2179,26,18,-20,-15,-20
47.9140625,73,2179,2179,26,18,-20,-15,-20
47.91796875,72,2179,2179,27,18,-20,-15,-20
47.921875,73,2179,2179,27,18,-20,-15,-20
47.92578125,73,2179,2179,26,18,-20,-15,-20
47.9296875,73,2179,2179,26,18,-20,-15,-20
47.93359375,73,2179,2179,26,18,-20,-15,-20
47.9375,73,2179,2179,26,18,-20,-15,-20
47.94140625,74,2179,2179,26,17,-20,-15,-20
47.9453125,74,2179,2179,26,17,-20,-15,-20
47.94921875,73,2179,2179,26,18,-20,-15,-21
47.953125,73,2179,2179,26,18,-20,-15,-21
47.95703125,74,2179,2179,26,17,-20,-15,-20
47.9609375,74,2179,2179,26,18,-20,-15,-20
47.96484375,74,2179,2179,26,17,-20,-15,-20
47.96875,74,2179,2179,27,18,-20,-15,-20
47.97265625,74,2179,2179,27,18,-20,-15,-21
47.9765625,74,2179,2179,27,17,-20,-15,-20
47.98046875,74,2179,2179,28,18,-20,-15,-20
47.984375,74,2179,2179,29,18,-20,-15,-20
47.98828125,74,2179,2179,30,18,-20,-15,-20
47.9921875,74,2179,2179,31,18,-20,-15,-20
47.99609375,74,2179,2179,31,18,-20,-15,-20
48.0,74,2179,2179,32,18,-20,-15,-20
48.00390625,74,2179,2179,33,18,-20,-15,-20
48.0078125,75,2179,2179,33,18,-20,-15,-20
48.01171875,75,2179,2179,34,18,-20,-15,-20
48.015625,75,2179,2179,36,18,-21,-15,-20
48.01953125,75,2179,2179,37,18,-20,-15,-20
48.0234375,75,2179,2179,38,19,-20,-15,-20
48.02734375,75,2179,2179,39,18,-20,-15,-20
48.03125,75,2179,2179,41,18,-20,-15,-20
48.03515625,76,2179,2179,43,18,-20,-15,-20
48.0390625,76,2179,2179,44,18,-20,-15,-20
48.04296875,76,2179,2179,45,18,-20,-15,-20
48.046875,76,2179,2179,47,18,-20,-15,-21
48.05078125,77,2179,2179,48,18,-20,-15,-21
48.0546875,77,2179,2179,50,18,-20,-15,-21
48.05859375,77,2179,2179,51,17,-20,-15,-20
48.0625,77,2179,2179,53,18,-20,-15,-20
48.06640625,77,2179,2179,54,18,-20,-15,-20
48.0703125,77,2179,2179,56,18,-20,-15,-20
48.07421875,77,2179,2179,57,18,-20,-15,-21
48.078125,77,2179,2179,60,18,-20,-15,-20
48.08203125,77,2179,2179,63,19,-20,-15,-21
48.0859375,77,2179,2179,67,18,-20,-15,-21
48.08984375,77,2179,2179,71,19,-20,-15,-20
48.09375,77,2179,2179,75,18,-20,-15,-20
48.09765625,77,2179,2179,79,18,-20,-15,-20
48.1015625,77,2179,2179,83,19,-20,-15,-20
48.10546875,77,2179,2179,85,19,-20,-15,-20
48.109375,77,2179,2179,86,18,-20,-15,-20
48.11328125,77,2179,2179,87,18,-20,-15,-20
48.1171875,77,2179,2179,88,18,-20,-15,-20
48.12109375,78,2179,2179,89,18,-20,-15,-20
48.125,78,2179,2179,92,18,-20,-15,-20
48.12890625,78,2179,2179,95,18,-20,-15,-20
48.1328125,77,2179,2179,99,18,-20,-15,-20
48.13671875,77,2179,2179,103,18,-20,-15,-20
48.140625,77,2179,2179,106,18,-19,-15,-21
48.14453125,77,2179,2179,108,18,-20,-15,-20
48.1484375,77,2179,2179,110,18,-20,-15,-20
48.15234375,77,2179,2179,111,18,-20,-15,-20
48.15625,78,2179,2179,111,18,-20,-15,-20
48.16015625,79,2179,2179,111,17,-20,-15,-20
48.1640625,78,2179,2179,112,17,-20,-15,-20
48.16796875,78,2179,2179,114,17,-20,-15,-21
48.171875,78,2179,2179,116,17,-20,-15,-20
48.17578125,78,2179,2179,119,17,-20,-15,-20
48.1796875,78,2179,2179,123,17,-20,-15,-21
48.18359375,78,2179,2179,127,18,-20,-15,-21
48.1875,78,2179,2179,131,18,-20,-15,-21
48.19140625,78,2179,2179,133,18,-20,-15,-21
48.1953125,78,2179,2179,135,18,-20,-15,-21
48.19921875,78,2179,2179,136,18,-20,-15,-21
48.203125,78,2179,2179,136,18,-20,-15,-20
48.20703125,78,2179,2179,135,18,-20,-15,-20
48.2109375,78,2179,2179,135,18,-20,-15,-20
48.21484375,77,2179,2179,136,18,-20,-15,-20
48.21875,77,2179,2179,138,18,-20,-15,-20
48.22265625,78,2179,2179,139,18,-19,-15,-20
48.2265625,78,2179,2179,140,18,-20,-15,-20
48.23046875,78,2179,2179,141,18,-20,-15,-20
48.234375,78,2179,2179,142,18,-20,-15,-20
48.23828125,78,2179,2179,142,18,-20,-15,-20
48.2421875,78,2179,2179,142,18,-20,-15,-20
48.24609375,79,2179,2179,143,18,-20,-15,-20
48.25,78,2179,2179,144,18,-20,-15,-20
48.25390625,78,2179,2179,145,18,-20,-15,-20
48.2578125,79,2179,2179,146,18,-20,-15,-20
48.26171875,79,2179,2179,148,18,-20,-15,-20
48.265625,78,2179,2179,150,18,-20,-15,-20
48.26953125,79,2179,2179,151,18,-20,-15,-21
48.2734375,79,2179,2179,152,17,-20,-15,-21
48.27734375,79,2179,2179,153,18,-20,-15,-20
48.28125,78,2179,2179,154,18,-20,-15,-20
48.28515625,78,2179,2179,155,18,-20,-15,-20
48.2890625,79,2179,2179,155,18,-20,-15,-20
48.29296875,78,2179,2179,156,18,-20,-15,-20
48.296875,78,2179,2179,156,18,-20,-15,-20
48.30078125,78,2179,2179,157,19,-20,-15,-20
48.3046875,78,2179,2179,158,18,-20,-15,-20
48.30859375,78,2179,2179,158,18,-20,-15,-20
48.3125,78,2179,2179,158,18,-20,-15,-20
48.31640625,78,2179,2179,159,18,-20,-15,-20
48.3203125,78,2179,2179,159,18,-20,-15,-21
48.32421875,78,2179,2179,158,18,-20,-15,-20
48.328125,78,2179,2179,158,18,-20,-15,-20
48.33203125,78,2179,2179,158,18,-20,-15,-20
48.3359375,78,2179,2179,158,18,-20,-15,-20
48.33984375,78,2179,2179,157,18,-20,-15,-20
48.34375,78,2179,2179,157,17,-20,-15,-20
48.34765625,78,2179,2179,158,17,-20,-15,-20
48.3515625,78,2179,2179,159,18,-20,-15,-20
48.35546875,78,2179,2179,160,18,-20,-15,-20
48.359375,78,2179,2179,161,17,-20,-15,-20
48.36328125,78,2179,2179,163,17,-20,-15,-20
48.3671875,77,2179,2179,164,18,-20,-15,-20
48.37109375,78,2179,2179,165,18,-20,-15,-20
48.375,78,2179,2179,164,17,-20,-14,-20
48.37890625,78,2179,2179,164,17,-20,-15,-20
48.3828125,77,2179,2179,163,18,-20,-15,-20
48.38671875,77,2179,2179,163,18,-20,-15,-20
48.390625,77,2179,2179,162,17,-19,-15,-21
48.39453125,77,2179,2179,162,17,-20,-15,-21
48.3984375,77,2179,2179,163,16,-20,-15,-21
48.40234375,77,2179,2179,164,18,-20,-15,-20
48.40625,77,2179,2179,164,18,-20,-15,-21
48.41015625,77,2179,2179,165,18,-20,-15,-21
48.4140625,77,2179,2179,165,18,-20,-15,-21
48.41796875,76,2179,2179,166,18,-20,-15,-21
48.421875,77,2179,2179,166,18,-20,-15,-20
48.42578125,76,2179,2179,166,18,-20,-15,-20
48.4296875,76,2179,2179,166,18,-20,-15,-21
48.43359375,76,2179,2179,165,18,-20,-15,-20
48.4375,76,2179,2179,165,18,-20,-15,-20
48.44140625,76,2179,2179,165,18,-20,-15,-20
48.4453125,76,2179,2179,164,18,-20,-15,-20
48.44921875,76,2179,2179,165,18,-20,-15,-20
48.453125,76,2179,2179,165,18,-20,-15,-20
48.45703125,76,2179,2179,164,18,-20,-15,-20
48.4609375,76,2179,2179,165,18,-20,-15,-20
48.46484375,75,2179,2179,166,18,-20,-15,-20
48.46875,75,2179,2179,166,18,-20,-15,-20
48.47265625,75,2179,2179,167,18,-20,-15,-20
48.4765625,75,2179,2179,167,18,-20,-15,-20
48.48046875,75,2179,2179,167,18,-20,-15,-20
48.484375,75,2179,2179,167,18,-20,-15,-20
48.48828125,75,2179,2179,167,18,-20,-15,-20
48.4921875,76,2179,2179,167,18,-20,-15,-20
48.49609375,76,2179,2179,167,18,-20,-15,-20
48.5,75,2179,2179,167,18,-20,-15,-20
48.50390625,75,2179,2179,167,18,-20,-15,-20
48.5078125,75,2179,2179,166,18,-20,-15,-20
48.51171875,75,2179,2179,166,18,-20,-15,-20
48.515625,74,2179,2179,166,18,-20,-15,-21
48.51953125,74,2179,2179,167,18,-20,-15,-20
48.5234375,74,2179,2179,166,17,-20,-15,-20
48.52734375,74,2179,2179,166,18,-20,-15,-20
48.53125,74,2179,2179,167,18,-20,-15,-20
48.53515625,73,2179,2179,167,18,-20,-15,-20
48.5390625,73,2179,2179,168,18,-20,-15,-20
48.54296875,73,2179,2179,168,18,-20,-15,-20
48.546875,73,2179,2179,168,18,-20,-15,-20
48.55078125,72,2179,2179,169,18,-20,-15,-20
48.5546875,72,2179,2179,169,18,-20,-15,-20
48.55859375,72,2179,2179,169,18,-20,-15,-20
48.5625,72,2179,2179,168,18,-20,-15,-20
48.56640625,72,2179,2179,168,18,-20,-15,-20
48.5703125,72,2179,2179,168,18,-20,-15,-20
48.57421875,72,2179,2179,167,18,-20,-15,-20
48.578125,72,2179,2179,167,17,-20,-15,-20
48.58203125,71,2179,2179,168,18,-20,-15,-20
48.5859375,71,2179,2179,168,17,-20,-15,-20
48.58984375,72,2179,2179,168,17,-20,-15,-20
48.59375,72,2179,2179,168,17,-20,-15,-20
48.59765625,71,2179,2179,168,17,-20,-15,-20
48.6015625,71,2179,2179,168,17,-20,-15,-21
48.60546875,72,2179,2179,167,17,-20,-15,-21
48.609375,71,2179,2179,167,17,-20,-15,-20
48.61328125,71,2179,2179,167,17,-20,-15,-20
48.6171875,71,2179,2179,168,17,-20,-15,-21
48.62109375,71,2179,2179,168,18,-20,-15,-20
48.625,71,2179,2179,168,18,-20,-15,-20
48.62890625,70,2179,2179,169,18,-20,-15,-20
48.6328125,70,2179,2179,169,18,-20,-15,-20
48.63671875,70,2179,2179,170,18,-20,-15,-20
48.640625,70,2179,2179,170,18,-20,-15,-20
48.64453125,70,2179,2179,170,18,-20,-15,-20
48.6484375,69,2179,2179,170,17,-20,-15,-20
48.65234375,69,2179,2179,170,18,-20,-15,-20
48.65625,69,2179,2179,169,18,-20,-15,-20
48.66015625,69,2179,2179,169,18,-20,-15,-20
48.6640625,69,2179,2179,169,18,-20,-15,-20
48.66796875,69,2179,2179,169,18,-20,-15,-20
48.671875,69,2179,2179,170,19,-20,-15,-20
48.67578125,69,2179,2179,170,18,-20,-15,-20
48.6796875,69,2179,2179,170,18,-20,-15,-20
48.68359375,69,2179,2179,171,18,-20,-15,-20
48.6875,69,2179,2179,171,18,-20,-15,-20
48.69140625,69,2179,2179,171,18,-20,-15,-20
48.6953125,69,2179,2179,171,18,-20,-15,-20
48.69921875,68,2179,2179,171,18,-20,-15,-20
48.703125,68,2179,2179,171,18,-20,-15,-20
48.70703125,69,2179,2179,170,18,-20,-15,-20
48.7109375,68,2179,2179,170,18,-20,-15,-20
48.71484375,68,2179,2179,170,17,-20,-15,-20
48.71875,68,2179,2179,171,18,-20,-15,-20
48.72265625,68,2179,2179,170,18,-20,-15,-20
48.7265625,68,2179,2179,170,18,-20,-15,-20
48.73046875,68,2179,2179,170,18,-20,-15,-21
48.734375,67,2179,2179,171,18,-20,-15,-21
48.73828125,68,2179,2179,171,18,-20,-15,-21
48.7421875,67,2179,2179,170,18,-20,-15,-20
48.74609375,67,2179,2179,170,18,-20,-15,-21
48.75,67,2179,2179,170,18,-20,-15,-21
48.75390625,67,2179,2179,170,18,-20,-15,-21
48.7578125,67,2179,2179,170,18,-20,-15,-21
48.76171875,67,2179,2179,170,18,-20,-15,-20
48.765625,66,2179,2179,170,18,-20,-15,-20
48.76953125,66,2179,2179,170,18,-20,-15,-20
48.7734375,66,2179,2179,170,17,-20,-15,-20
48.77734375,66,2179,2179,170,17,-20,-15,-20
48.78125,66,2179,2179,171,18,-20,-15,-20
48.78515625,66,2179,2179,170,18,-20,-15,-20
48.7890625,66,2179,2179,170,18,-20,-15,-20
48.79296875,66,2179,2179,170,17,-20,-15,-20
48.796875,66,2179,2179,170,17,-20,-15,-20
48.80078125,66,2179,2179,170,18,-20,-15,-20
48.8046875,66,2179,2179,170,18,-20,-15,-20
48.80859375,66,2179,2179,170,17,-20,-15,-21
48.8125,66,2179,2179,170,17,-20,-15,-20
48.81640625,65,2179,2179,171,18,-20,-15,-20
48.8203125,65,2179,2179,171,18,-20,-15,-20
48.82421875,66,2179,2179,170,17,-20,-15,-20
48.828125,66,2179,2179,170,18,-20,-15,-21
48.83203125,65,2179,2179,170,18,-20,-15,-20
48.8359375,65,2179,2179,170,18,-20,-15,-20
48.83984375,65,2179,2179,170,18,-20,-15,-20
48.84375,65,2179,2179,170,18,-20,-15,-20
48.84765625,65,2179,2179,170,18,-20,-15,-21
48.8515625,65,2179,2179,171,18,-20,-15,-21
48.85546875,65,2179,2179,171,18,-20,-15,-20
48.859375,65,2179,2179,170,18,-20,-15,-20
48.86328125,64,2179,2179,170,18,-20,-15,-21
48.8671875,64,2179,2179,171,18,-20,-15,-21
48.87109375,64,2179,2179,171,18,-20,-15,-20
48.875,64,2179,2179,171,18,-20,-15,-20
48.87890625,64,2179,2179,171,18,-20,-15,-20
48.8828125,63,2179,2179,172,18,-20,-15,-20
48.88671875,63,2179,2179,172,18,-20,-15,-20
48.890625,64,2179,2179,171,18,-20,-15,-20
48.89453125,64,2179,2179,171,18,-20,-15,-20
48.8984375,63,2179,2179,171,18,-20,-15,-20
48.90234375,63,2179,2179,171,18,-20,-15,-20
48.90625,64,2179,2179,171,18,-20,-15,-20
48.91015625,63,2179,2179,171,18,-20,-15,-20
48.9140625,63,2179,2179,171,18,-20,-15,-20
48.91796875,63,2179,2179,172,18,-20,-15,-20
48.921875,63,2179,2179,172,18,-20,-15,-20
48.92578125,63,2179,2179,172,18,-20,-15,-20
48.9296875,63,2179,2179,172,18,-20,-15,-20
48.93359375,63,2179,2179,172,18,-20,-15,-21
48.9375,64,2179,2179,172,18,-20,-15,-20
48.94140625,64,2179,2179,171,18,-20,-15,-20
48.9453125,63,2179,2179,171,17,-20,-15,-21
48.94921875,63,2179,2179,171,18,-20,-15,-21
48.953125,63,2179,2179,171,18,-20,-15,-21
48.95703125,63,2179,2179,171,18,-20,-15,-21
48.9609375,63,2179,2179,172,18,-20,-15,-21
48.96484375,62,2179,2179,172,18,-20,-15,-20
48.96875,62,2179,2179,172,18,-20,-15,-21
48.97265625,62,2179,2179,172,18,-20,-15,-20
48.9765625,62,2179,2179,172,17,-20,-15,-21
48.98046875,62,2179,2179,172,18,-20,-15,-21
48.984375,62,2179,2179,172,18,-20,-15,-20
48.98828125,62,2179,2179,172,18,-20,-15,-20
48.9921875,62,2179,2179,172,17,-20,-15,-20
48.99609375,62,2179,2179,172,17,-20,-15,-20
49.0,62,2179,2179,172,18,-20,-15,-20
49.00390625,62,2179,2179,173,18,-20,-15,-20
49.0078125,62,2179,2179,172,18,-20,-15,-20
49.01171875,62,2179,2179,172,18,-20,-15,-20
49.015625,62,2179,2179,173,18,-20,-15,-20
49.01953125,62,2179,2179,173,18,-20,-15,-20
49.0234375,62,2179,2179,172,18,-20,-15,-20
49.02734375,62,2179,2179,171,18,-20,-15,-20
49.03125,62,2179,2179,171,18,-20,-15,-20
49.03515625,62,2179,2179,171,18,-20,-15,-20
49.0390625,62,2179,2179,171,18,-20,-15,-20
49.04296875,62,2179,2179,171,17,-20,-15,-20
49.046875,62,2179,2179,171,17,-20,-15,-20
49.05078125,62,2179,2179,172,18,-20,-15,-20
49.0546875,62,2179,2179,172,18,-20,-15,-20
49.05859375,62,2179,2179,172,18,-20,-15,-20
49.0625,62,2179,2179,173,18,-20,-15,-20
49.06640625,62,2179,2179,173,18,-20,-15,-20
49.0703125,62,2179,2179,173,18,-20,-15,-20
49.07421875,62,2179,2179,172,18,-20,-15,-20
49.078125,62,2179,2179,172,18,-20,-15,-20
49.08203125,61,2179,2179,173,18,-20,-15,-20
49.0859375,61,2179,2179,173,18,-20,-15,-20
49.08984375,62,2179,2179,173,19,-20,-15,-20
49.09375,61,2179,2179,172,18,-20,-15,-20
49.09765625,61,2179,2179,172,18,-20,-15,-20
49.1015625,61,2179,2179,173,18,-20,-15,-20
49.10546875,61,2179,2179,173,18,-20,-15,-20
49.109375,61,2179,2179,172,18,-20,-15,-20
49.11328125,61,2179,2179,173,18,-20,-15,-20
49.1171875,61,2179,2179,173,18,-20,-15,-20
49.12109375,61,2179,2179,173,19,-20,-15,-20
49.125,61,2179,2179,172,18,-20,-15,-20
49.12890625,61,2179,2179,172,18,-20,-15,-20
49.1328125,61,2179,2179,173,18,-20,-15,-20
49.13671875,61,2179,2179,173,18,-20,-15,-20
49.140625,61,2179,2179,172,18,-20,-15,-20
49.14453125,61,2179,2179,172,17,-20,-15,-20
49.1484375,61,2179,2179,173,17,-20,-15,-20
49.15234375,61,2179,2179,173,18,-20,-15,-20
49.15625,61,2179,2179,172,17,-20,-15,-20
49.16015625,62,2179,2179,173,17,-20,-15,-20
49.1640625,61,2179,2179,173,17,-20,-15,-21
49.16796875,61,2179,2179,173,17,-20,-15,-21
49.171875,61,2179,2179,173,17,-20,-15,-21
49.17578125,61,2179,2179,172,17,-20,-15,-21
49.1796875,61,2179,2179,172,17,-20,-15,-21
49.18359375,61,2179,2179,173,17,-20,-15,-20
49.1875,61,2179,2179,173,17,-20,-15,-20
49.19140625,61,2179,2179,172,17,-20,-15,-21
49.1953125,61,2179,2179,172,17,-20,-15,-21
49.19921875,60,2179,2179,172,18,-20,-15,-21
49.203125,59,2179,2179,172,18,-20,-15,-20
49.20703125,59,2179,2179,172,18,-20,-15,-21
49.2109375,59,2179,2179,172,18,-20,-15,-21
49.21484375,58,2179,2179,172,18,-20,-15,-21
49.21875,58,2179,2179,172,18,-20,-15,-20
49.22265625,58,2179,2179,173,18,-20,-15,-20
49.2265625,59,2179,2179,172,18,-20,-15,-20
49.23046875,58,2179,2179,172,18,-20,-15,-20
49.234375,59,2179,2179,173,18,-20,-15,-20
49.23828125,59,2179,2179,173,18,-20,-15,-20
49.2421875,59,2179,2179,173,18,-20,-15,-20
49.24609375,59,2179,2179,173,18,-20,-15,-20
49.25,58,2179,2179,174,19,-20,-15,-20
49.25390625,58,2179,2179,174,19,-20,-15,-20
49.2578125,59,2179,2179,174,18,-20,-15,-20
49.26171875,59,2179,2179,174,18,-20,-15,-20
49.265625,58,2179,2179,174,18,-20,-15,-20
49.26953125,59,2179,2179,174,18,-20,-15,-21
49.2734375,59,2179,2179,173,18,-20,-15,-21
49.27734375,59,2179,2179,173,18,-20,-15,-21
49.28125,59,2179,2179,173,18,-20,-15,-21
49.28515625,59,2179,2179,174,18,-20,-15,-21
49.2890625,59,2179,2179,174,18,-20,-15,-21
49.29296875,59,2179,2179,173,18,-20,-15,-21
49.296875,59,2179,2179,174,18,-20,-15,-20
49.30078125,59,2179,2179,174,18,-20,-15,-20
49.3046875,59,2179,2179,174,18,-20,-15,-20
49.30859375,59,2179,2179,174,18,-20,-15,-19
49.3125,58,2179,2179,174,18,-20,-15,-20
49.31640625,58,2179,2179,175,18,-20,-15,-20
49.3203125,58,2179,2179,175,18,-20,-15,-20
49.32421875,58,2179,2179,174,18,-20,-15,-20
49.328125,58,2179,2179,174,17,-20,-15,-20
49.33203125,58,2179,2179,174,18,-20,-15,-20
49.3359375,58,2179,2179,174,18,-20,-15,-20
49.33984375,58,2179,2179,174,18,-20,-15,-20
49.34375,58,2179,2179,174,17,-20,-15,-20
49.34765625,58,2179,2179,174,17,-20,-15,-20
49.3515625,58,2179,2179,174,17,-20,-15,-20
49.35546875,58,2179,2179,174,18,-20,-15,-20
49.359375,58,2179,2179,173,17,-20,-15,-20
49.36328125,58,2179,2179,173,17,-20,-15,-20
49.3671875,58,2179,2179,173,18,-20,-15,-21
49.37109375,58,2179,2179,172,18,-20,-15,-20
49.375,58,2179,2179,172,17,-20,-15,-20
49.37890625,59,2179,2179,172,17,-20,-15,-20
49.3828125,58,2179,2179,172,18,-20,-15,-20
49.38671875,58,2179,2179,172,18,-20,-15,-20
49.390625,58,2179,2179,172,18,-20,-15,-21
49.39453125,58,2179,2179,172,18,-20,-15,-21
49.3984375,57,2179,2179,173,18,-20,-15,-20
49.40234375,57,2179,2179,173,18,-20,-15,-21
49.40625,57,2179,2179,172,18,-20,-15,-21
49.41015625,57,2179,2179,173,18,-20,-15,-21
49.4140625,57,2179,2179,173,18,-20,-15,-21
49.41796875,57,2179,2179,174,18,-20,-15,-21
49.421875,57,2179,2179,175,18,-20,-15,-20
49.42578125,56,2179,2179,175,18,-20,-15,-20
49.4296875,56,2179,2179,176,18,-20,-15,-20
49.43359375,55,2179,2179,176,18,-20,-15,-20
49.4375,55,2179,2179,176,18,-20,-15,-20
49.44140625,56,2179,2179,175,18,-20,-15,-20
49.4453125,56,2179,2179,174,18,-20,-15,-20
49.44921875,55,2179,2179,174,18,-20,-15,-20
49.453125,55,2179,2179,174,18,-20,-15,-20
49.45703125,56,2179,2179,174,18,-20,-15,-20
49.4609375,55,2179,2179,173,18,-20,-15,-20
49.46484375,55,2179,2179,174,18,-20,-15,-20
49.46875,55,2179,2179,173,18,-20,-15,-20
49.47265625,55,2179,2179,173,18,-20,-15,-20
49.4765625,55,2179,2179,173,18,-20,-15,-20
49.48046875,54,2179,2179,173,18,-20,-15,-20
49.484375,54,2179,2179,173,18,-20,-15,-21
49.48828125,54,2179,2179,173,18,-20,-15,-20
49.4921875,54,2179,2179,173,18,-20,-15,-20
49.49609375,54,2179,2179,174,18,-20,-15,-20
49.5,54,2179,2179,174,18,-20,-15,-20
49.50390625,54,2179,2179,175,18,-20,-15,-21
49.5078125,54,2179,2179,174,18,-20,-15,-20
49.51171875,54,2179,2179,172,18,-20,-15,-21
49.515625,53,2179,2179,170,18,-20,-15,-21
49.51953125,53,2179,2179,167,18,-20,-15,-21
49.5234375,53,2179,2179,161,18,-20,-15,-21
49.52734375,53,2179,2179,152,18,-20,-15,-21
49.53125,52,2179,2179,141,18,-20,-15,-21
49.53515625,52,2179,2179,129,18,-20,-15,-21
49.5390625,52,2179,2179,115,18,-20,-15,-20
49.54296875,52,2179,2179,102,18,-20,-15,-20
49.546875,52,2179,2179,92,18,-20,-15,-20
49.55078125,52,2179,2179,86,18,-20,-15,-20
49.5546875,52,2179,2179,83,18,-20,-15,-20
49.55859375,52,2179,2179,83,18,-20,-15,-20
49.5625,51,2179,2179,85,18,-20,-15,-20
49.56640625,51,2179,2179,89,18,-20,-17,-20
49.5703125,51,2179,2179,92,18,-20,-15,-20
49.57421875,51,2179,2179,93,17,-20,-15,-20
49.578125,51,2179,2179,92,17,-20,-15,-20
49.58203125,51,2179,2179,89,18,-20,-15,-20
49.5859375,51,2179,2179,82,17,-20,-15,-20
49.58984375,51,2179,2179,72,18,-20,-15,-20
49.59375,50,2179,2179,61,17,-20,-15,-20
49.59765625,50,2179,2179,50,17,-20,-15,-20
49.6015625,50,2179,2179,40,17,-20,-15,-20
49.60546875,49,2179,2179,32,17,-20,-15,-20
49.609375,49,2179,2179,27,17,-20,-15,-20
49.61328125,48,2179,2179,24,17,-20,-15,-20
49.6171875,48,2179,2179,24,17,-20,-15,-20
49.62109375,48,2179,2179,24,18,-20,-15,-20
49.625,48,2179,2179,24,17,-20,-15,-20
49.62890625,48,2179,2179,25,17,-20,-15,-21
49.6328125,47,2179,2179,25,18,-20,-15,-21
49.63671875,47,2179,2179,25,18,-20,-15,-20
49.640625,47,2179,2179,24,17,-20,-15,-20
49.64453125,47,2179,2179,24,18,-20,-15,-21
49.6484375,46,2179,2179,24,18,-20,-15,-21
49.65234375,46,2179,2179,24,18,-20,-15,-20
49.65625,46,2179,2179,24,18,-20,-15,-20
49.66015625,45,2179,2179,24,18,-20,-15,-20
49.6640625,45,2179,2179,24,18,-20,-15,-20
49.66796875,45,2179,2179,25,18,-20,-15,-20
49.671875,45,2179,2179,25,18,-20,-15,-20
49.67578125,45,2179,2179,24,18,-20,-15,-20
49.6796875,44,2179,2179,24,18,-20,-15,-20
49.68359375,44,2179,2179,24,19,-20,-15,-20
49.6875,44,2179,2179,24,19,-20,-15,-20
49.69140625,44,2179,2179,24,18,-20,-15,-20
49.6953125,44,2179,2179,24,18,-20,-15,-20
49.69921875,44,2179,2179,25,18,-20,-15,-20
49.703125,44,2179,2179,25,18,-20,-15,-20
49.70703125,44,2179,2179,24,18,-20,-15,-20
49.7109375,44,2179,2179,24,18,-20,-15,-20
49.71484375,43,2179,2179,24,18,-20,-15,-20
49.71875,43,2179,2179,24,18,-20,-15,-20
49.72265625,43,2179,2179,24,18,-20,-15,-21
49.7265625,43,2179,2179,24,18,-20,-15,-20
49.73046875,43,2179,2179,24,18,-20,-15,-20
49.734375,43,2179,2179,24,18,-20,-15,-21
49.73828125,43,2179,2179,24,18,-20,-15,-21
49.7421875,43,2179,2179,24,18,-20,-15,-20
49.74609375,42,2179,2179,24,17,-20,-15,-20
49.75,42,2179,2179,24,18,-20,-15,-20
49.75390625,42,2179,2179,24,18,-20,-15,-21
49.7578125,42,2179,2179,24,17,-20,-15,-20
49.76171875,42,2179,2179,24,17,-20,-15,-20
49.765625,41,2179,2179,24,18,-20,-15,-21
49.76953125,41,2179,2179,24,18,-20,-15,-20
49.7734375,41,2179,2179,24,18,-20,-15,-20
49.77734375,41,2179,2179,24,17,-20,-15,-20
49.78125,41,2179,2179,24,18,-20,-15,-20
49.78515625,41,2179,2179,24,18,-20,-15,-20
49.7890625,41,2179,2179,24,17,-20,-15,-20
49.79296875,41,2179,2179,24,17,-20,-15,-20
49.796875,40,2179,2179,24,17,-20,-15,-20
49.80078125,40,2179,2179,24,18,-20,-15,-20
49.8046875,40,2179,2179,24,18,-20,-15,-20
49.80859375,40,2179,2179,24,18,-20,-15,-20
49.8125,40,2179,2179,24,18,-20,-15,-20
49.81640625,40,2179,2179,24,18,-20,-15,-20
49.8203125,40,2179,2179,24,18,-20,-15,-20
49.82421875,40,2179,2179,24,18,-20,-15,-21
49.828125,40,2179,2179,24,18,-20,-15,-20
49.83203125,39,2179,2179,24,18,-20,-15,-21
49.8359375,39,2179,2179,24,18,-20,-15,-21
49.83984375,39,2179,2179,24,18,-20,-15,-21
49.84375,39,2179,2179,24,18,-20,-15,-20
49.84765625,38,2179,2179,24,18,-20,-15,-21
49.8515625,38,2179,2179,24,18,-20,-15,-21
49.85546875,38,2179,2179,24,18,-20,-15,-21
49.859375,38,2179,2179,23,18,-20,-15,-20
49.86328125,38,2179,2179,23,18,-20,-15,-20
49.8671875,38,2179,2179,23,19,-20,-15,-21
49.87109375,37,2179,2179,24,19,-20,-15,-20
49.875,37,2179,2179,24,18,-20,-15,-20
49.87890625,37,2179,2179,24,18,-20,-15,-20
49.8828125,37,2179,2179,25,18,-20,-15,-20
49.88671875,37,2179,2179,25,18,-20,-15,-20
49.890625,37,2179,2179,25,18,-20,-15,-20
49.89453125,37,2179,2179,24,18,-20,-15,-20
49.8984375,37,2179,2179,25,18,-20,-15,-20
49.90234375,37,2179,2179,24,18,-20,-15,-20
49.90625,37,2179,2179,24,18,-20,-15,-20
49.91015625,37,2179,2179,24,18,-20,-15,-20
49.9140625,37,2179,2179,24,18,-20,-15,-20
49.91796875,36,2179,2179,24,18,-20,-15,-20
49.921875,36,2179,2179,24,18,-20,-15,-20
49.92578125,36,2179,2179,24,17,-20,-15,-20
49.9296875,36,2179,2179,24,17,-20,-15,-20
49.93359375,36,2179,2179,24,18,-20,-15,-20
49.9375,36,2179,2179,24,18,-20,-15,-20
49.94140625,36,2179,2179,24,17,-20,-14,-20
49.9453125,36,2179,2179,24,17,-20,-15,-21
49.94921875,36,2179,2179,24,18,-20,-15,-20
49.953125,36,2179,2179,24,18,-20,-15,-21
49.95703125,37,2179,2179,24,17,-20,-15,-21
49.9609375,36,2179,2179,24,17,-20,-15,-20
49.96484375,36,2179,2179,24,17,-20,-15,-20
49.96875,36,2179,2179,24,17,-20,-15,-20
49.97265625,36,2179,2179,24,17,-20,-15,-20
49.9765625,36,2179,2179,24,17,-20,-15,-20
49.98046875,35,2179,2179,24,17,-20,-15,-20
49.984375,35,2179,2179,24,18,-20,-15,-20
49.98828125,35,2179,2179,24,18,-20,-15,-20
49.9921875,35,2179,2179,24,17,-20,-15,-20
49.99609375,35,2179,2179,24,18,-20,-15,-20
50.0,35,2179,2179,24,18,-20,-15,-20
50.00390625,35,2179,2179,24,18,-20,-15,-20
50.0078125,35,2179,2179,24,18,-20,-15,-20
50.01171875,35,2179,2179,24,18,-20,-15,-20
50.015625,34,2179,2179,24,18,-20,-15,-20
50.01953125,34,2179,2179,24,18,-20,-15,-20
50.0234375,35,2179,2179,24,18,-20,-15,-20
50.02734375,34,2179,2179,24,18,-20,-15,-20
50.03125,34,2179,2179,24,18,-20,-15,-20
50.03515625,34,2179,2179,24,18,-20,-15,-20
50.0390625,34,2179,2179,24,18,-20,-15,-20
50.04296875,34,2179,2179,24,17,-20,-15,-21
50.046875,34,2179,2179,24,17,-20,-15,-21
50.05078125,34,2179,2179,24,18,-20,-15,-21
50.0546875,34,2179,2179,24,18,-20,-15,-20
50.05859375,34,2179,2179,24,18,-20,-15,-20
50.0625,34,2179,2179,24,18,-20,-15,-20
50.06640625,34,2179,2179,24,18,-20,-15,-20
50.0703125,34,2179,2179,24,18,-20,-15,-20
50.07421875,35,2179,2179,24,18,-20,-15,-20
50.078125,35,2179,2179,24,18,-20,-15,-21
50.08203125,34,2179,2179,25,19,-20,-15,-21
50.0859375,34,2179,2179,24,18,-20,-15,-21
50.08984375,35,2179,2179,24,18,-20,-15,-20
50.09375,35,2179,2179,24,18,-20,-15,-20
50.09765625,34,2179,2179,24,18,-20,-15,-20
50.1015625,34,2179,2179,25,18,-20,-15,-20
50.10546875,35,2179,2179,25,18,-20,-15,-20
50.109375,35,2179,2179,24,18,-20,-15,-20
50.11328125,35,2179,2179,24,18,-20,-15,-20
50.1171875,35,2179,2179,25,18,-20,-15,-20
50.12109375,35,2179,2179,25,19,-20,-15,-20
50.125,35,2179,2179,24,18,-20,-14,-20
50.12890625,35,2179,2179,24,18,-20,-15,-21
50.1328125,35,2179,2179,24,18,-20,-15,-20
50.13671875,34,2179,2179,24,18,-20,-15,-20
50.140625,35,2179,2179,24,18,-20,-15,-20
50.14453125,34,2179,2179,24,18,-20,-15,-20
50.1484375,34,2179,2179,24,18,-20,-15,-20
50.15234375,34,2179,2179,24,18,-20,-15,-20
50.15625,35,2179,2179,24,18,-20,-15,-20
50.16015625,34,2179,2179,24,17,-20,-15,-20
50.1640625,34,2179,2179,23,17,-20,-15,-20
50.16796875,34,2179,2179,24,17,-20,-15,-21
50.171875,34,2179,2179,24,18,-20,-15,-21
50.17578125,34,2179,2179,23,17,-20,-15,-20
50.1796875,33,2179,2179,24,17,-20,-15,-21
50.18359375,33,2179,2179,24,18,-20,-15,-20
50.1875,33,2179,2179,24,18,-20,-15,-21
50.19140625,33,2179,2179,24,17,-20,-14,-21
50.1953125,33,2179,2179,24,17,-20,-15,-20
50.19921875,32,2179,2179,24,18,-20,-15,-20
50.203125,32,2179,2179,24,18,-20,-15,-20
50.20703125,32,2179,2179,24,18,-20,-15,-20
50.2109375,32,2179,2179,24,18,-20,-15,-20
50.21484375,32,2179,2179,24,18,-20,-15,-20
50.21875,32,2179,2179,24,18,-20,-15,-20
50.22265625,32,2179,2179,24,18,-20,-15,-20
50.2265625,32,2179,2179,24,18,-20,-15,-20
50.23046875,31,2179,2179,24,18,-20,-15,-20
50.234375,32,2179,2179,24,19,-20,-15,-20
50.23828125,32,2179,2179,24,18,-20,-15,-20
50.2421875,32,2179,2179,24,18,-20,-15,-20
50.24609375,32,2179,2179,24,18,-20,-15,-20
50.25,32,2179,2179,24,18,-20,-15,-20
50.25390625,32,2179,2179,24,18,-20,-15,-20
50.2578125,32,2179,2179,24,18,-20,-15,-20
50.26171875,32,2179,2179,24,18,-20,-15,-20
50.265625,32,2179,2179,24,18,-20,-15,-20
50.26953125,32,2179,2179,25,18,-20,-15,-20
50.2734375,32,2179,2179,24,18,-20,-15,-20
50.27734375,32,2179,2179,24,18,-20,-15,-20
50.28125,32,2179,2179,24,18,-20,-15,-20
50.28515625,33,2179,2179,25,18,-20,-15,-20
50.2890625,33,2179,2179,25,18,-20,-15,-21
50.29296875,33,2179,2179,24,18,-20,-15,-21
50.296875,32,2179,2179,24,18,-20,-15,-21
50.30078125,32,2179,2179,25,18,-20,-15,-21
50.3046875,32,2179,2179,24,18,-20,-15,-20
50.30859375,32,2179,2179,24,18,-20,-15,-21
50.3125,32,2179,2179,24,18,-20,-15,-21
50.31640625,32,2179,2179,24,18,-20,-15,-21
50.3203125,32,2179,2179,24,18,-20,-15,-21
50.32421875,32,2179,2179,24,18,-18,-15,-20
50.328125,32,2179,2179,24,18,-20,-15,-20
50.33203125,32,2179,2179,24,18,-20,-15,-20
50.3359375,32,2179,2179,24,18,-20,-15,-20
50.33984375,32,2179,2179,24,18,-20,-15,-20
50.34375,32,2179,2179,23,17,-20,-15,-20
50.34765625,32,2179,2179,23,17,-20,-15,-20
50.3515625,32,2179,2179,23,18,-20,-15,-20
50.35546875,32,2179,2179,23,18,-20,-15,-20
50.359375,32,2179,2179,23,17,-20,-15,-20
50.36328125,31,2179,2179,23,17,-20,-15,-20
50.3671875,32,2179,2179,24,18,-20,-15,-20
50.37109375,31,2179,2179,24,18,-20,-15,-20
50.375,32,2179,2179,24,17,-20,-15,-20
50.37890625,32,2179,2179,24,17,-20,-15,-20
50.3828125,31,2179,2179,25,18,-20,-15,-20
50.38671875,31,2179,2179,24,18,-20,-15,-21
50.390625,32,2179,2179,24,18,-20,-15,-21
50.39453125,32,2179,2179,24,18,-20,-15,-21
50.3984375,32,2179,2179,24,18,-20,-15,-20
50.40234375,32,2179,2179,24,18,-20,-15,-21
50.40625,32,2179,2179,24,18,-20,-15,-20
50.41015625,32,2179,2179,24,18,-20,-15,-20
50.4140625,32,2179,2179,24,18,-20,-15,-20
50.41796875,32,2179,2179,24,18,-20,-15,-20
50.421875,32,2179,2179,24,18,-20,-15,-20
50.42578125,32,2179,2179,24,17,-20,-15,-20
50.4296875,32,2179,2179,24,18,-20,-15,-20
50.43359375,32,2179,2179,24,18,-20,-15,-20
50.4375,32,2179,2179,24,18,-20,-15,-20
50.44140625,32,2179,2179,24,18,-20,-14,-20
50.4453125,32,2179,2179,24,18,-20,-15,-20
50.44921875,32,2179,2179,24,18,-27,-15,-20
50.453125,32,2179,2179,24,18,-20,-15,-20
50.45703125,32,2179,2179,24,18,-20,-14,-20
50.4609375,32,2179,2179,24,18,-20,-15,-20
50.46484375,32,2179,2179,25,18,-20,-15,-20
50.46875,32,2179,2179,25,18,-20,-15,-20
50.47265625,32,2179,2179,25,18,-20,-15,-20
50.4765625,32,2179,2179,24,18,-20,-15,-20
50.48046875,32,2179,2179,24,18,-20,-15,-20
50.484375,32,2179,2179,24,18,-20,-15,-20
50.48828125,33,2179,2179,24,18,-20,-15,-20
50.4921875,33,2179,2179,24,18,-20,-15,-20
50.49609375,32,2179,2179,24,18,-20,-15,-20
50.5,32,2179,2179,24,18,-20,-15,-20
50.50390625,32,2179,2179,24,18,-20,-15,-20
50.5078125,32,2179,2179,24,17,-20,-15,-20
50.51171875,32,2179,2179,24,18,-20,-15,-21
50.515625,31,2179,2179,24,18,-20,-15,-21
50.51953125,31,2179,2179,24,18,-20,-15,-21
50.5234375,31,2179,2179,24,18,-20,-15,-21
50.52734375,31,2179,2179,24,18,-20,-15,-21
50.53125,30,2179,2179,24,18,-20,-15,-20
50.53515625,30,2179,2179,24,18,-20,-15,-20
50.5390625,30,2179,2179,24,18,-20,-15,-20
50.54296875,29,2179,2179,24,18,-20,-15,-20
50.546875,29,2179,2179,24,18,-20,-15,-20
50.55078125,29,2179,2179,24,18,-20,-15,-20
50.5546875,29,2179,2179,24,18,-20,-15,-20
50.55859375,29,2179,2179,24,18,-20,-15,-20
50.5625,30,2179,2179,24,18,-20,-15,-20
50.56640625,30,2179,2179,24,18,-20,-15,-20
50.5703125,30,2179,2179,24,18,-20,-15,-20
50.57421875,30,2179,2179,24,18,-13,-15,-20
50.578125,30,2179,2179,24,17,-20,-15,-20
50.58203125,30,2179,2179,24,18,-20,-15,-20
50.5859375,30,2179,2179,24,18,-20,-15,-21
50.58984375,30,2179,2179,24,18,-20,-15,-20
50.59375,31,2179,2179,24,17,-20,-15,-20
50.59765625,31,2179,2179,23,17,-20,-15,-20
50.6015625,31,2179,2179,24,18,-20,-15,-21
50.60546875,31,2179,2179,24,17,-20,-15,-21
50.609375,31,2179,2179,23,17,-20,-15,-21
50.61328125,31,2179,2179,24,17,-20,-15,-21
50.6171875,31,2179,2179,24,18,-20,-15,-21
50.62109375,31,2179,2179,24,18,-20,-15,-21
50.625,31,2179,2179,24,17,-20,-15,-20
50.62890625,31,2179,2179,24,17,-20,-15,-21
50.6328125,31,2179,2179,24,18,-20,-15,-20
50.63671875,31,2179,2179,24,18,-20,-15,-21
50.640625,31,2179,2179,24,18,-20,-15,-20
50.64453125,31,2179,2179,24,18,-20,-15,-20
50.6484375,31,2179,2179,24,18,-20,-15,-20
50.65234375,31,2179,2179,25,18,-20,-15,-20
50.65625,31,2179,2179,24,18,-20,-15,-20
50.66015625,31,2179,2179,24,18,-20,-15,-20
50.6640625,31,2179,2179,24,18,-20,-15,-20
50.66796875,31,2179,2179,25,18,-20,-15,-20
50.671875,31,2179,2179,25,18,-20,-15,-20
50.67578125,32,2179,2179,24,18,-20,-15,-20
50.6796875,31,2179,2179,24,18,-20,-15,-20
50.68359375,31,2179,2179,25,18,-20,-15,-20
50.6875,31,2179,2179,25,18,-20,-15,-20
50.69140625,32,2179,2179,25,18,-20,-14,-20
50.6953125,32,2179,2179,24,18,-20,-15,-20
50.69921875,32,2179,2179,25,18,-25,-15,-20
50.703125,32,2179,2179,25,18,-20,-15,-20
50.70703125,33,2179,2179,24,18,-20,-15,-20
50.7109375,33,2179,2179,24,18,-20,-15,-21
50.71484375,33,2179,2179,24,18,-20,-15,-20
50.71875,33,2179,2179,24,18,-20,-15,-20
50.72265625,33,2179,2179,24,18,-20,-15,-21
50.7265625,33,2179,2179,24,18,-20,-15,-20
50.73046875,33,2179,2179,24,18,-20,-15,-21
50.734375,33,2179,2179,24,18,-20,-15,-21
50.73828125,34,2179,2179,24,18,-20,-15,-21
50.7421875,34,2179,2179,24,17,-20,-15,-20
50.74609375,34,2179,2179,24,17,-20,-15,-20
50.75,34,2179,2179,24,18,-20,-15,-20
50.75390625,34,2179,2179,24,18,-20,-15,-20
50.7578125,34,2179,2179,24,17,-20,-15,-20
50.76171875,34,2179,2179,24,17,-20,-15,-20
50.765625,34,2179,2179,24,17,-20,-15,-20
50.76953125,34,2179,2179,24,18,-20,-15,-20
50.7734375,35,2179,2179,24,18,-20,-15,-20
50.77734375,35,2179,2179,24,17,-20,-15,-20
50.78125,35,2179,2179,24,17,-20,-15,-20
50.78515625,35,2179,2179,24,18,-20,-15,-20
50.7890625,35,2179,2179,24,18,-20,-15,-21
50.79296875,36,2179,2179,24,17,-20,-15,-20
50.796875,35,2179,2179,24,17,-20,-14,-20
50.80078125,35,2179,2179,24,18,-20,-15,-20
50.8046875,36,2179,2179,24,18,-20,-15,-20
50.80859375,36,2179,2179,24,17,-20,-15,-20
50.8125,36,2179,2179,24,18,-20,-15,-20
50.81640625,36,2179,2179,24,18,-20,-15,-20
50.8203125,36,2179,2179,24,18,-20,-15,-20
50.82421875,36,2179,2179,24,18,-16,-15,-20
50.828125,36,2179,2179,24,18,-20,-15,-21
50.83203125,35,2179,2179,25,18,-20,-15,-21
50.8359375,35,2179,2179,25,18,-20,-15,-20
50.83984375,35,2179,2179,24,18,-20,-15,-21
50.84375,35,2179,2179,24,18,-20,-15,-20
50.84765625,35,2179,2179,24,18,-20,-15,-21
50.8515625,35,2179,2179,25,18,-20,-15,-21
50.85546875,36,2179,2179,25,18,-20,-15,-20
50.859375,36,2179,2179,24,18,-20,-15,-20
50.86328125,36,2179,2179,24,18,-20,-15,-21
50.8671875,36,2179,2179,24,18,-20,-15,-21
50.87109375,36,2179,2179,24,18,-20,-15,-21
50.875,37,2179,2179,24,18,-20,-15,-20
50.87890625,37,2179,2179,24,18,-20,-15,-20
50.8828125,36,2179,2179,25,18,-20,-15,-20
50.88671875,37,2179,2179,25,18,-20,-15,-20
50.890625,37,2179,2179,24,18,-20,-15,-20
50.89453125,37,2179,2179,24,18,-20,-14,-20
50.8984375,37,2179,2179,25,18,-20,-14,-20
50.90234375,37,2179,2179,25,18,-20,-15,-20
50.90625,38,2179,2179,25,18,-20,-15,-20
50.91015625,38,2179,2179,24,18,-20,-15,-20
50.9140625,38,2179,2179,24,18,-20,-15,-20
50.91796875,38,2179,2179,25,18,-20,-15,-20
50.921875,39,2179,2179,25,18,-20,-15,-20
50.92578125,39,2179,2179,24,18,-20,-15,-20
50.9296875,39,2179,2179,24,17,-20,-15,-20
50.93359375,39,2179,2179,24,18,-20,-15,-21
50.9375,40,2179,2179,24,18,-20,-15,-20
50.94140625,40,2179,2179,24,18,-20,-15,-21
50.9453125,40,2179,2179,24,18,-20,-15,-21
50.94921875,40,2179,2179,24,18,-22,-15,-21
50.953125,40,2179,2179,24,18,-20,-15,-21
50.95703125,40,2179,2179,24,17,-20,-15,-20
50.9609375,40,2179,2179,24,17,-20,-15,-21
50.96484375,39,2179,2179,24,17,-20,-15,-21
50.96875,39,2179,2179,24,17,-20,-15,-21
50.97265625,39,2179,2179,24,18,-20,-15,-21
50.9765625,39,2179,2179,24,17,-20,-15,-21
50.98046875,39,2179,2179,24,17,-20,-15,-20
50.984375,39,2179,2179,24,18,-20,-15,-20
50.98828125,39,2179,2179,24,18,-20,-15,-20
50.9921875,39,2179,2179,24,17,-20,-15,-20
50.99609375,39,2179,2179,24,18,-20,-15,-20
51.0,39,2179,2179,24,18,-20,-15,-20
51.00390625,39,2179,2179,24,18,-20,-15,-20
51.0078125,40,2179,2179,24,18,-20,-15,-20
51.01171875,40,2179,2179,24,18,-20,-15,-20
51.015625,40,2179,2179,24,18,-20,-15,-20
51.01953125,40,2179,2179,25,18,-20,-15,-20
51.0234375,41,2179,2179,24,18,-20,-15,-20
51.02734375,41,2179,2179,24,18,-20,-15,-20
51.03125,41,2179,2179,24,18,-20,-15,-20
51.03515625,42,2179,2179,24,18,-20,-15,-20
51.0390625,42,2179,2179,24,18,-20,-15,-20
51.04296875,43,2179,2179,24,17,-20,-15,-20
51.046875,43,2179,2179,24,17,-20,-15,-20
51.05078125,43,2179,2179,24,18,-20,-15,-21
51.0546875,43,2179,2179,24,18,-20,-15,-21
51.05859375,44,2179,2179,24,18,-20,-15,-21
51.0625,44,2179,2179,24,18,-20,-15,-20
51.06640625,45,2179,2179,24,18,-20,-15,-21
51.0703125,45,2179,2179,24,18,-20,-15,-21
51.07421875,46,2179,2179,24,18,-18,-15,-21
51.078125,46,2179,2179,24,18,-20,-15,-20
51.08203125,47,2179,2179,24,20,-20,-15,-20
51.0859375,47,2179,2179,25,18,-20,-15,-20
51.08984375,48,2179,2179,24,18,-20,-15,-20
51.09375,48,2179,2179,24,18,-20,-15,-20
51.09765625,48,2179,2179,24,18,-20,-15,-20
51.1015625,49,2179,2179,24,18,-20,-15,-20
51.10546875,50,2179,2179,24,18,-20,-15,-20
51.109375,51,2179,2179,24,18,-20,-15,-20
51.11328125,51,2179,2179,24,18,-20,-15,-20
51.1171875,52,2179,2179,24,18,-20,-15,-20
51.12109375,53,2179,2179,25,18,-20,-15,-20
51.125,54,2179,2179,24,18,-20,-15,-20
51.12890625,54,2179,2179,24,18,-20,-15,-20
51.1328125,54,2179,2179,25,18,-20,-15,-20
51.13671875,55,2179,2179,24,18,-20,-15,-20
51.140625,55,2179,2179,24,18,-20,-15,-20
51.14453125,56,2179,2179,24,18,-20,-15,-20
51.1484375,56,2179,2179,24,17,-20,-15,-20
51.15234375,57,2179,2179,24,18,-20,-15,-20
51.15625,57,2179,2179,24,18,-20,-15,-20
51.16015625,58,2179,2179,24,17,-20,-15,-20
51.1640625,57,2179,2179,24,17,-20,-15,-21
51.16796875,58,2179,2179,24,17,-20,-15,-21
51.171875,59,2179,2179,24,18,-20,-15,-21
51.17578125,59,2179,2179,24,17,-20,-15,-21
51.1796875,59,2179,2179,24,17,-20,-15,-21
51.18359375,59,2179,2179,24,18,-20,-15,-21
51.1875,60,2179,2179,24,18,-20,-15,-21
51.19140625,60,2179,2179,24,17,-20,-15,-21
51.1953125,61,2179,2179,24,17,-20,-15,-21
51.19921875,61,2179,2179,24,18,-21,-15,-21
51.203125,61,2179,2179,24,18,-20,-15,-21
51.20703125,61,2179,2179,24,18,-20,-15,-20
51.2109375,61,2179,2179,24,18,-20,-15,-20
51.21484375,61,2179,2179,24,17,-20,-15,-20
51.21875,61,2179,2179,24,18,-20,-15,-20
51.22265625,62,2179,2179,24,18,-20,-15,-20
51.2265625,62,2179,2179,24,18,-20,-15,-20
51.23046875,62,2179,2179,24,18,-20,-15,-20
51.234375,63,2179,2179,24,18,-20,-15,-20
51.23828125,63,2179,2179,24,18,-20,-15,-20
51.2421875,64,2179,2179,24,18,-20,-14,-20
51.24609375,64,2179,2179,24,18,-20,-15,-20
51.25,64,2179,2179,25,18,-20,-15,-20
51.25390625,64,2179,2179,25,18,-20,-15,-20
51.2578125,64,2179,2179,24,18,-20,-15,-20
51.26171875,65,2179,2179,24,18,-20,-15,-20
51.265625,65,2179,2179,24,18,-20,-15,-21
51.26953125,65,2179,2179,25,18,-20,-15,-21
51.2734375,65,2179,2179,24,18,-20,-15,-21
51.27734375,65,2179,2179,24,18,-20,-15,-20
51.28125,65,2179,2179,24,18,-20,-15,-20
51.28515625,65,2179,2179,25,18,-20,-15,-20
51.2890625,65,2179,2179,25,18,-20,-15,-20
51.29296875,65,2179,2179,24,18,-20,-15,-20
51.296875,65,2179,2179,24,18,-20,-15,-20
51.30078125,65,2179,2179,25,18,-20,-15,-20
51.3046875,66,2179,2179,25,18,-20,-15,-20
51.30859375,66,2179,2179,24,18,-20,-15,-20
51.3125,66,2179,2179,24,18,-20,-15,-20
51.31640625,65,2179,2179,24,18,-20,-15,-20
51.3203125,65,2179,2179,24,18,-20,-15,-20
51.32421875,66,2179,2179,24,18,-19,-15,-20
51.328125,66,2179,2179,24,18,-20,-15,-20
51.33203125,66,2179,2179,24,17,-20,-15,-20
51.3359375,66,2179,2179,24,18,-20,-15,-21
51.33984375,66,2179,2179,24,18,-20,-15,-21
51.34375,67,2179,2179,24,17,-20,-15,-21
51.34765625,67,2179,2179,24,17,-20,-15,-21
51.3515625,67,2179,2179,24,18,-20,-15,-20
51.35546875,67,2179,2179,24,18,-20,-15,-20
51.359375,68,2179,2179,24,17,-20,-15,-20
51.36328125,67,2179,2179,24,17,-20,-15,-20
51.3671875,68,2179,2179,24,18,-20,-15,-20
51.37109375,68,2179,2179,24,18,-20,-15,-20
51.375,68,2179,2179,24,17,-20,-15,-20
51.37890625,68,2179,2179,24,17,-20,-15,-20
51.3828125,68,2179,2179,24,18,-20,-15,-20
51.38671875,68,2179,2179,24,18,-20,-15,-20
51.390625,69,2179,2179,24,18,-20,-15,-20
51.39453125,69,2179,2179,24,18,-20,-15,-20
51.3984375,69,2179,2179,24,18,-20,-15,-20
51.40234375,69,2179,2179,24,18,-20,-15,-20
51.40625,69,2179,2179,24,18,-20,-15,-20
51.41015625,70,2179,2179,24,18,-20,-15,-20
51.4140625,69,2179,2179,24,18,-20,-15,-21
51.41796875,70,2179,2179,24,18,-20,-15,-21
51.421875,70,2179,2179,24,18,-20,-15,-20
51.42578125,70,2179,2179,24,17,-20,-15,-20
51.4296875,70,2179,2179,24,18,-20,-15,-20
51.43359375,70,2179,2179,24,18,-20,-15,-20
51.4375,70,2179,2179,24,18,-20,-15,-20
51.44140625,71,2179,2179,24,17,-20,-15,-20
51.4453125,71,2179,2179,24,17,-20,-15,-20
51.44921875,71,2179,2179,24,18,-20,-14,-20
51.453125,71,2179,2179,24,18,-20,-15,-20
51.45703125,71,2179,2179,24,17,-20,-15,-20
51.4609375,71,2179,2179,24,18,-20,-15,-20
51.46484375,71,2179,2179,24,18,-20,-15,-20
51.46875,72,2179,2179,24,18,-20,-15,-20
51.47265625,72,2179,2179,24,18,-20,-15,-20
51.4765625,72,2179,2179,24,18,-20,-15,-20
51.48046875,72,2179,2179,24,18,-20,-15,-20
51.484375,72,2179,2179,24,18,-20,-15,-20
51.48828125,72,2179,2179,25,18,-20,-15,-20
51.4921875,73,2179,2179,25,18,-20,-15,-20
51.49609375,72,2179,2179,25,18,-20,-15,-20
51.5,72,2179,2179,26,19,-20,-15,-21
51.50390625,72,2179,2179,26,19,-20,-15,-21
51.5078125,73,2179,2179,25,18,-20,-15,-21
51.51171875,73,2179,2179,25,18,-20,-15,-21
51.515625,73,2179,2179,25,18,-20,-15,-21
51.51953125,73,2179,2179,25,19,-20,-15,-20
51.5234375,73,2179,2179,24,19,-20,-15,-21
51.52734375,73,2179,2179,24,18,-20,-15,-21
51.53125,73,2179,2179,24,18,-20,-15,-20
51.53515625,73,2179,2179,25,18,-20,-15,-21
51.5390625,74,2179,2179,25,18,-20,-15,-20
51.54296875,74,2179,2179,25,18,-20,-15,-20
51.546875,74,2179,2179,26,18,-20,-15,-20
51.55078125,74,2179,2179,26,18,-20,-15,-20
51.5546875,74,2179,2179,26,18,-20,-15,-20
51.55859375,74,2179,2179,26,17,-20,-15,-20
51.5625,75,2179,2179,26,18,-20,-15,-20
51.56640625,74,2179,2179,26,18,-20,-15,-20
51.5703125,75,2179,2179,26,18,-20,-15,-20
51.57421875,75,2179,2179,26,17,-20,-15,-20
51.578125,75,2179,2179,26,17,-20,-15,-20
51.58203125,75,2179,2179,27,16,-20,-15,-20
51.5859375,75,2179,2179,27,17,-20,-15,-20
51.58984375,76,2179,2179,27,17,-20,-15,-20
51.59375,76,2179,2179,28,17,-20,-15,-20
51.59765625,76,2179,2179,29,17,-20,-15,-20
51.6015625,76,2179,2179,30,17,-20,-15,-20
51.60546875,76,2179,2179,31,17,-20,-15,-20
51.609375,77,2179,2179,32,17,-20,-15,-20
51.61328125,76,2179,2179,33,17,-20,-15,-20
51.6171875,76,2179,2179,35,18,-20,-15,-20
51.62109375,76,2179,2179,36,18,-20,-15,-20
51.625,77,2179,2179,36,17,-20,-15,-20
51.62890625,77,2179,2179,38,17,-20,-15,-20
51.6328125,76,2179,2179,39,18,-20,-15,-20
51.63671875,76,2179,2179,40,18,-20,-15,-21
51.640625,76,2179,2179,42,18,-20,-15,-20
51.64453125,76,2179,2179,44,17,-20,-15,-21
51.6484375,76,2179,2179,46,18,-20,-15,-20
51.65234375,76,2179,2179,48,18,-20,-15,-20
51.65625,76,2179,2179,50,18,-20,-15,-20
51.66015625,77,2179,2179,51,18,-20,-15,-20
51.6640625,77,2179,2179,53,18,-19,-15,-20
51.66796875,77,2179,2179,55,18,-20,-15,-20
51.671875,78,2179,2179,58,18,-20,-15,-20
51.67578125,78,2179,2179,60,18,-20,-15,-20
51.6796875,78,2179,2179,62,18,-20,-15,-20
51.68359375,78,2179,2179,65,18,-20,-15,-20
51.6875,78,2179,2179,67,18,-20,-15,-20
51.69140625,79,2179,2179,69,18,-20,-15,-20
51.6953125,79,2179,2179,71,18,-20,-15,-20
51.69921875,78,2179,2179,73,18,-20,-15,-20
51.703125,79,2179,2179,75,18,-20,-15,-20
51.70703125,79,2179,2179,78,17,-20,-15,-20
51.7109375,79,2179,2179,81,18,-20,-15,-20
51.71484375,79,2179,2179,85,18,-20,-15,-20
51.71875,79,2179,2179,87,18,-20,-15,-20
51.72265625,79,2179,2179,90,18,-20,-15,-20
51.7265625,79,2179,2179,93,18,-20,-15,-20
51.73046875,79,2179,2179,96,18,-20,-15,-20
51.734375,79,2179,2179,99,18,-20,-15,-20
51.73828125,80,2179,2179,102,18,-20,-15,-21
51.7421875,80,2179,2179,104,18,-20,-15,-20
51.74609375,80,2179,2179,106,18,-20,-15,-20
51.75,79,2179,2179,108,18,-20,-15,-20
51.75390625,79,2179,2179,109,18,-20,-15,-20
51.7578125,80,2179,2179,110,18,-20,-15,-20
51.76171875,79,2179,2179,112,18,-20,-15,-20
51.765625,79,2179,2179,114,18,-20,-15,-20
51.76953125,79,2179,2179,116,18,-20,-15,-20
51.7734375,79,2179,2179,118,18,-20,-15,-20
51.77734375,79,2179,2179,120,17,-20,-15,-20
51.78125,79,2179,2179,122,17,-20,-15,-20
51.78515625,79,2179,2179,123,18,-20,-15,-20
51.7890625,79,2179,2179,124,18,-20,-15,-20
51.79296875,79,2179,2179,124,17,-20,-15,-20
51.796875,79,2179,2179,124,17,-20,-15,-20
51.80078125,79,2179,2179,125,18,-20,-15,-20
51.8046875,79,2179,2179,126,18,-20,-15,-21
51.80859375,79,2179,2179,127,17,-20,-15,-20
51.8125,79,2179,2179,130,18,-20,-15,-20
51.81640625,79,2179,2179,133,18,-20,-15,-20
51.8203125,79,2179,2179,137,18,-20,-15,-20
51.82421875,80,2179,2179,140,18,-20,-15,-20
51.828125,80,2179,2179,143,18,-20,-15,-20
51.83203125,79,2179,2179,145,17,-20,-15,-20
51.8359375,79,2179,2179,146,18,-20,-15,-20
51.83984375,79,2179,2179,146,18,-20,-15,-20
51.84375,79,2179,2179,145,18,-20,-15,-20
51.84765625,79,2179,2179,144,18,-20,-15,-20
51.8515625,79,2179,2179,144,18,-20,-15,-20
51.85546875,79,2179,2179,144,18,-20,-15,-20
51.859375,79,2179,2179,144,18,-20,-15,-20
51.86328125,79,2179,2179,145,18,-20,-15,-20
51.8671875,79,2179,2179,146,18,-20,-15,-22
51.87109375,78,2179,2179,147,18,-20,-15,-20
51.875,79,2179,2179,148,18,-20,-15,-20
51.87890625,79,2179,2179,149,17,-20,-15,-20
51.8828125,79,2179,2179,150,18,-20,-15,-20
51.88671875,79,2179,2179,151,18,-20,-15,-20
51.890625,79,2179,2179,151,18,-20,-15,-20
51.89453125,79,2179,2179,151,18,-20,-15,-20
51.8984375,79,2179,2179,151,18,-20,-15,-20
51.90234375,79,2179,2179,151,18,-20,-15,-20
51.90625,79,2179,2179,151,18,-20,-15,-20
51.91015625,79,2179,2179,151,18,-20,-15,-20
51.9140625,79,2179,2179,151,18,-20,-15,-20
51.91796875,79,2179,2179,151,18,-20,-15,-20
51.921875,80,2179,2179,152,18,-20,-15,-20
51.92578125,80,2179,2179,152,18,-20,-15,-20
51.9296875,80,2179,2179,153,18,-20,-15,-21
51.93359375,79,2179,2179,154,18,-20,-15,-21
51.9375,79,2179,2179,154,18,-20,-15,-20
51.94140625,80,2179,2179,155,18,-20,-15,-20
51.9453125,80,2179,2179,155,18,-20,-15,-20
51.94921875,79,2179,2179,156,18,-20,-15,-21
51.953125,79,2179,2179,156,18,-20,-15,-20
51.95703125,79,2179,2179,156,18,-20,-15,-21
51.9609375,79,2179,2179,156,18,-20,-15,-20
51.96484375,78,2179,2179,156,17,-20,-15,-20
51.96875,78,2179,2179,156,18,-20,-15,-20
51.97265625,78,2179,2179,156,18,-20,-15,-20
51.9765625,78,2179,2179,157,18,-20,-15,-20
51.98046875,78,2179,2179,158,18,-20,-15,-20
51.984375,78,2179,2179,159,18,-20,-15,-21
51.98828125,78,2179,2179,159,18,-20,-15,-20
51.9921875,78,2179,2179,159,18,-20,-15,-21
51.99609375,79,2179,2179,159,18,-20,-15,-20
52.0,78,2179,2179,160,18,-20,-15,-20
52.00390625,79,2179,2179,160,18,-20,-15,-20
52.0078125,79,2179,2179,159,18,-20,-15,-20
52.01171875,79,2179,2179,160,18,-20,-15,-20
52.015625,78,2179,2179,160,18,-20,-15,-20
52.01953125,78,2179,2179,160,18,-20,-15,-20
52.0234375,79,2179,2179,160,18,-20,-15,-21
52.02734375,79,2179,2179,160,18,-20,-15,-21
52.03125,79,2179,2179,161,18,-20,-15,-20
52.03515625,79,2179,2179,161,18,-20,-15,-20
52.0390625,80,2179,2179,161,18,-20,-15,-20
52.04296875,80,2179,2179,161,18,-20,-15,-20
52.046875,79,2179,2179,161,18,-20,-15,-20
52.05078125,79,2179,2179,161,18,-20,-15,-21
52.0546875,79,2179,2179,161,18,-20,-15,-20
52.05859375,79,2179,2179,161,18,-20,-15,-20
52.0625,79,2179,2179,161,18,-20,-15,-20
52.06640625,79,2179,2179,161,18,-20,-15,-20
52.0703125,79,2179,2179,161,18,-20,-15,-21
52.07421875,79,2179,2179,160,18,-20,-15,-21
52.078125,79,2179,2179,160,18,-20,-15,-20
52.08203125,78,2179,2179,160,18,-20,-15,-20
52.0859375,78,2179,2179,160,18,-20,-15,-21
52.08984375,78,2179,2179,160,19,-20,-15,-20
52.09375,78,2179,2179,161,18,-20,-15,-20
52.09765625,78,2179,2179,162,18,-20,-15,-20
52.1015625,78,2179,2179,163,19,-20,-15,-20
52.10546875,78,2179,2179,164,18,-20,-15,-20
52.109375,78,2179,2179,164,18,-20,-15,-20
52.11328125,78,2179,2179,164,18,-20,-15,-20
52.1171875,78,2179,2179,163,18,-20,-15,-21
52.12109375,77,2179,2179,162,18,-20,-15,-20
52.125,78,2179,2179,161,18,-20,-15,-20
52.12890625,78,2179,2179,160,18,-20,-15,-20
52.1328125,77,2179,2179,161,18,-20,-15,-20
52.13671875,78,2179,2179,162,18,-20,-15,-20
52.140625,78,2179,2179,162,17,-20,-15,-20
52.14453125,78,2179,2179,163,17,-20,-15,-21
52.1484375,78,2179,2179,164,17,-20,-15,-20
52.15234375,78,2179,2179,164,18,-20,-15,-21
52.15625,78,2179,2179,164,18,-20,-15,-20
52.16015625,77,2179,2179,163,17,-20,-15,-21
52.1640625,77,2179,2179,162,17,-20,-15,-21
52.16796875,77,2179,2179,162,17,-20,-15,-21
52.171875,77,2179,2179,162,18,-20,-15,-21
52.17578125,77,2179,2179,162,17,-20,-15,-21
52.1796875,77,2179,2179,162,17,-20,-15,-21
52.18359375,76,2179,2179,163,18,-20,-15,-21
52.1875,76,2179,2179,164,18,-20,-15,-21
52.19140625,76,2179,2179,164,18,-20,-15,-21
52.1953125,76,2179,2179,165,18,-20,-15,-21
52.19921875,75,2179,2179,165,18,-20,-15,-20
52.203125,75,2179,2179,166,18,-20,-15,-20
52.20703125,75,2179,2179,165,18,-20,-15,-20
52.2109375,75,2179,2179,166,18,-20,-15,-20
52.21484375,74,2179,2179,165,18,-20,-15,-20
52.21875,74,2179,2179,166,18,-20,-15,-20
52.22265625,74,2179,2179,167,18,-20,-15,-20
52.2265625,74,2179,2179,166,18,-20,-15,-20
52.23046875,74,2179,2179,166,18,-20,-15,-20
52.234375,74,2179,2179,166,18,-20,-15,-20
52.23828125,74,2179,2179,166,18,-20,-15,-21
52.2421875,74,2179,2179,166,18,-20,-15,-19
52.24609375,74,2179,2179,165,18,-20,-15,-20
52.25,74,2179,2179,166,18,-20,-15,-20
52.25390625,74,2179,2179,166,18,-20,-15,-20
52.2578125,74,2179,2179,165,18,-20,-15,-20
52.26171875,74,2179,2179,165,18,-20,-15,-21
52.265625,74,2179,2179,165,18,-20,-15,-20
52.26953125,73,2179,2179,165,18,-20,-15,-21
52.2734375,73,2179,2179,165,18,-20,-15,-21
52.27734375,73,2179,2179,165,18,-20,-15,-20
52.28125,73,2179,2179,166,18,-20,-15,-20
52.28515625,73,2179,2179,167,18,-20,-15,-20
52.2890625,73,2179,2179,167,18,-20,-15,-21
52.29296875,73,2179,2179,167,18,-20,-15,-20
52.296875,72,2179,2179,167,18,-20,-15,-21
52.30078125,72,2179,2179,167,18,-20,-15,-21
52.3046875,72,2179,2179,167,18,-20,-15,-21
52.30859375,72,2179,2179,166,18,-20,-15,-20
52.3125,72,2179,2179,166,18,-20,-15,-20
52.31640625,71,2179,2179,166,18,-20,-15,-20
52.3203125,71,2179,2179,166,18,-20,-15,-20
52.32421875,71,2179,2179,166,18,-20,-15,-20
52.328125,71,2179,2179,166,17,-20,-15,-20
52.33203125,71,2179,2179,166,17,-20,-15,-20
52.3359375,71,2179,2179,166,18,-20,-15,-20
52.33984375,71,2179,2179,166,18,-20,-15,-20
52.34375,71,2179,2179,166,17,-20,-15,-20
52.34765625,71,2179,2179,166,17,-20,-15,-20
52.3515625,70,2179,2179,167,18,-20,-15,-20
52.35546875,71,2179,2179,167,18,-20,-15,-20
52.359375,70,2179,2179,167,17,-20,-14,-20
52.36328125,70,2179,2179,167,17,-20,-15,-20
52.3671875,70,2179,2179,167,18,-20,-15,-20
52.37109375,70,2179,2179,167,18,-20,-15,-20
52.375,70,2179,2179,167,17,-20,-15,-20
52.37890625,70,2179,2179,167,17,-20,-15,-21
52.3828125,69,2179,2179,168,18,-20,-15,-20
52.38671875,69,2179,2179,168,18,-20,-15,-20
52.390625,69,2179,2179,168,18,-20,-15,-21
52.39453125,69,2179,2179,169,18,-20,-15,-21
52.3984375,69,2179,2179,169,18,-20,-15,-21
52.40234375,68,2179,2179,169,18,-20,-15,-21
52.40625,69,2179,2179,169,18,-20,-15,-21
52.41015625,69,2179,2179,169,18,-20,-15,-20
52.4140625,68,2179,2179,168,18,-20,-15,-20
52.41796875,68,2179,2179,168,18,-20,-15,-20
52.421875,68,2179,2179,168,18,-20,-15,-20
52.42578125,68,2179,2179,167,18,-20,-15,-20
52.4296875,67,2179,2179,167,18,-20,-15,-20
52.43359375,67,2179,2179,168,18,-20,-15,-20
52.4375,67,2179,2179,169,19,-20,-15,-20
52.44140625,67,2179,2179,169,18,-20,-15,-20
52.4453125,67,2179,2179,169,18,-20,-15,-20
52.44921875,67,2179,2179,170,19,-20,-15,-20
52.453125,67,2179,2179,170,19,-20,-15,-20
52.45703125,67,2179,2179,170,19,-20,-15,-20
52.4609375,67,2179,2179,170,19,-20,-15,-20
52.46484375,67,2179,2179,169,18,-20,-15,-20
52.46875,67,2179,2179,170,18,-20,-15,-20
52.47265625,67,2179,2179,170,18,-20,-15,-20
52.4765625,67,2179,2179,170,18,-20,-15,-20
52.48046875,67,2179,2179,170,18,-20,-15,-20
52.484375,66,2179,2179,170,18,-20,-15,-20
52.48828125,67,2179,2179,170,18,-20,-15,-20
52.4921875,67,2179,2179,169,18,-20,-15,-20
52.49609375,67,2179,2179,169,18,-20,-15,-20
52.5,66,2179,2179,169,18,-20,-15,-21
52.50390625,66,2179,2179,169,18,-20,-15,-21
52.5078125,66,2179,2179,169,18,-20,-15,-21
52.51171875,66,2179,2179,169,18,-20,-15,-21
52.515625,66,2179,2179,169,18,-20,-15,-21
52.51953125,65,2179,2179,169,18,-20,-15,-21
52.5234375,65,2179,2179,169,18,-20,-15,-21
52.52734375,65,2179,2179,169,18,-20,-15,-20
52.53125,65,2179,2179,170,18,-20,-15,-20
52.53515625,64,2179,2179,170,18,-20,-15,-20
52.5390625,64,2179,2179,170,18,-20,-15,-20
52.54296875,64,2179,2179,170,18,-20,-15,-20
52.546875,64,2179,2179,170,18,-20,-15,-20
52.55078125,64,2179,2179,171,18,-20,-15,-20
52.5546875,64,2179,2179,171,18,-20,-15,-20
52.55859375,64,2179,2179,171,18,-20,-15,-20
52.5625,64,2179,2179,171,18,-20,-15,-20
52.56640625,64,2179,2179,172,18,-20,-15,-20
52.5703125,64,2179,2179,172,18,-20,-15,-20
52.57421875,64,2179,2179,171,18,-20,-15,-20
52.578125,64,2179,2179,171,18,-20,-15,-20
52.58203125,64,2179,2179,171,17,-20,-15,-21
52.5859375,64,2179,2179,171,18,-20,-15,-21
52.58984375,64,2179,2179,171,18,-20,-15,-21
52.59375,65,2179,2179,171,17,-20,-15,-21
52.59765625,64,2179,2179,171,17,-20,-15,-21
52.6015625,64,2179,2179,171,18,-20,-15,-21
52.60546875,64,2179,2179,171,18,-20,-15,-21
52.609375,64,2179,2179,170,17,-20,-15,-21
52.61328125,64,2179,2179,170,17,-20,-15,-20
52.6171875,63,2179,2179,170,18,-20,-15,-20
52.62109375,63,2179,2179,170,18,-20,-15,-20
52.625,63,2179,2179,170,18,-20,-16,-20
52.62890625,63,2179,2179,170,18,-20,-15,-20
52.6328125,63,2179,2179,171,18,-20,-15,-20
52.63671875,63,2179,2179,171,18,-20,-15,-20
52.640625,63,2179,2179,171,18,-20,-15,-20
52.64453125,63,2179,2179,172,18,-20,-15,-20
52.6484375,62,2179,2179,172,18,-20,-15,-20
52.65234375,62,2179,2179,173,18,-20,-15,-20
52.65625,62,2179,2179,173,18,-20,-15,-20
52.66015625,62,2179,2179,172,18,-20,-15,-20
52.6640625,62,2179,2179,172,18,-20,-15,-20
52.66796875,62,2179,2179,172,18,-20,-15,-20
52.671875,62,2179,2179,171,18,-20,-15,-20
52.67578125,62,2179,2179,171,18,-20,-15,-20
52.6796875,62,2179,2179,170,18,-20,-15,-20
52.68359375,62,2179,2179,171,18,-20,-15,-20
52.6875,61,2179,2179,171,18,-20,-15,-20
52.69140625,62,2179,2179,171,18,-20,-15,-20
52.6953125,62,2179,2179,171,18,-20,-15,-20
52.69921875,61,2179,2179,172,18,-20,-15,-20
52.703125,62,2179,2179,172,18,-20,-15,-20
52.70703125,62,2179,2179,172,18,-20,-15,-20
52.7109375,62,2179,2179,172,18,-20,-15,-20
52.71484375,61,2179,2179,171,18,-20,-15,-20
52.71875,61,2179,2179,172,18,-20,-15,-21
52.72265625,62,2179,2179,171,18,-20,-15,-20
52.7265625,61,2179,2179,171,18,-20,-15,-21
52.73046875,61,2179,2179,171,18,-20,-15,-20
52.734375,61,2179,2179,171,18,-20,-15,-20
52.73828125,61,2179,2179,171,18,-20,-15,-20
52.7421875,61,2179,2179,171,18,-20,-15,-20
52.74609375,61,2179,2179,171,18,-20,-15,-20
52.75,61,2179,2179,172,18,-20,-16,-20
52.75390625,60,2179,2179,172,18,-20,-15,-20
52.7578125,61,2179,2179,172,18,-20,-15,-20
52.76171875,61,2179,2179,172,17,-20,-15,-20
52.765625,60,2179,2179,172,18,-20,-15,-20
52.76953125,60,2179,2179,172,18,-20,-15,-20
52.7734375,61,2179,2179,172,18,-20,-15,-20
52.77734375,60,2179,2179,171,17,-20,-15,-20
52.78125,60,2179,2179,171,17,-20,-15,-20
52.78515625,60,2179,2179,171,18,-20,-15,-20
52.7890625,60,2179,2179,170,18,-20,-15,-21
52.79296875,60,2179,2179,170,17,-20,-15,-20
52.796875,60,2179,2179,170,17,-20,-15,-20
52.80078125,60,2179,2179,170,18,-20,-15,-20
52.8046875,60,2179,2179,170,18,-20,-15,-20
52.80859375,60,2179,2179,170,17,-20,-15,-20
52.8125,61,2179,2179,170,17,-20,-15,-20
52.81640625,61,2179,2179,170,18,-20,-15,-20
52.8203125,60,2179,2179,171,18,-20,-15,-20
52.82421875,61,2179,2179,170,18,-20,-15,-21
52.828125,61,2179,2179,171,18,-20,-15,-21
52.83203125,60,2179,2179,171,18,-20,-15,-21
52.8359375,60,2179,2179,172,18,-20,-15,-21
52.83984375,61,2179,2179,172,18,-20,-15,-21
52.84375,60,2179,2179,172,18,-20,-15,-20
52.84765625,60,2179,2179,173,18,-20,-15,-21
52.8515625,60,2179,2179,173,18,-20,-15,-20
52.85546875,60,2179,2179,173,18,-20,-15,-20
52.859375,60,2179,2179,173,18,-20,-15,-20
52.86328125,59,2179,2179,173,18,-20,-15,-20
52.8671875,59,2179,2179,173,18,-20,-15,-20
52.87109375,59,2179,2179,173,18,-20,-15,-20
52.875,60,2179,2179,172,18,-20,-14,-20
52.87890625,60,2179,2179,172,18,-20,-15,-20
52.8828125,60,2179,2179,173,18,-20,-15,-20
52.88671875,59,2179,2179,173,18,-20,-15,-20
52.890625,60,2179,2179,172,18,-20,-15,-20
52.89453125,60,2179,2179,172,18,-20,-15,-20
52.8984375,59,2179,2179,172,18,-20,-15,-20
52.90234375,59,2179,2179,172,18,-20,-15,-20
52.90625,60,2179,2179,172,18,-20,-15,-20
52.91015625,60,2179,2179,171,18,-20,-15,-20
52.9140625,60,2179,2179,171,17,-20,-15,-20
52.91796875,60,2179,2179,171,18,-20,-15,-20
52.921875,60,2179,2179,172,18,-20,-15,-20
52.92578125,60,2179,2179,172,17,-20,-15,-21
52.9296875,60,2179,2179,172,18,-20,-15,-21
52.93359375,60,2179,2179,173,18,-20,-15,-21
52.9375,60,2179,2179,173,18,-20,-15,-21
52.94140625,60,2179,2179,173,18,-20,-15,-21
52.9453125,60,2179,2179,172,18,-20,-15,-21
52.94921875,60,2179,2179,173,18,-20,-15,-21
52.953125,60,2179,2179,172,18,-20,-15,-21
52.95703125,60,2179,2179,172,18,-20,-15,-21
52.9609375,60,2179,2179,172,17,-20,-15,-20
52.96484375,60,2179,2179,172,17,-20,-15,-20
52.96875,59,2179,2179,172,18,-20,-15,-20
52.97265625,60,2179,2179,172,18,-20,-15,-20
52.9765625,59,2179,2179,172,17,-20,-15,-20
52.98046875,59,2179,2179,172,17,-20,-15,-20
52.984375,59,2179,2179,172,18,-20,-15,-20
52.98828125,59,2179,2179,172,18,-20,-15,-20
52.9921875,59,2179,2179,172,18,-20,-15,-20
52.99609375,59,2179,2179,172,18,-20,-15,-20
53.0,59,2179,2179,172,18,-20,-14,-20
53.00390625,59,2179,2179,173,18,-20,-15,-20
53.0078125,60,2179,2179,172,18,-20,-15,-20
53.01171875,59,2179,2179,172,18,-20,-15,-20
53.015625,59,2179,2179,173,18,-20,-15,-20
53.01953125,59,2179,2179,173,18,-19,-15,-20
53.0234375,59,2179,2179,172,18,-19,-15,-20
53.02734375,59,2179,2179,172,18,-20,-15,-20
53.03125,59,2179,2179,172,18,-20,-15,-20
53.03515625,59,2179,2179,172,18,-20,-15,-20
53.0390625,59,2179,2179,172,18,-20,-15,-20
53.04296875,59,2179,2179,172,17,-20,-15,-20
53.046875,59,2179,2179,172,17,-20,-15,-21
53.05078125,59,2179,2179,172,18,-20,-15,-21
53.0546875,59,2179,2179,172,18,-20,-15,-21
53.05859375,59,2179,2179,172,17,-20,-15,-21
53.0625,59,2179,2179,172,17,-20,-15,-21
53.06640625,59,2179,2179,172,18,-20,-15,-21
53.0703125,59,2179,2179,173,18,-20,-15,-20
53.07421875,59,2179,2179,172,18,-20,-15,-20
53.078125,59,2179,2179,172,18,-20,-15,-20
53.08203125,58,2179,2179,173,18,-20,-15,-20
53.0859375,58,2179,2179,173,18,-20,-15,-20
53.08984375,58,2179,2179,173,18,-20,-15,-20
53.09375,58,2179,2179,172,18,-20,-15,-20
53.09765625,58,2179,2179,172,18,-20,-15,-20
53.1015625,58,2179,2179,173,18,-20,-15,-20
53.10546875,58,2179,2179,173,18,-20,-15,-20
53.109375,58,2179,2179,173,18,-20,-15,-20
53.11328125,58,2179,2179,173,18,-20,-15,-20
53.1171875,58,2179,2179,174,18,-20,-15,-20
53.12109375,58,2179,2179,174,18,-20,-15,-20
53.125,58,2179,2179,174,18,-20,-14,-20
53.12890625,59,2179,2179,173,18,-20,-15,-20
53.1328125,58,2179,2179,173,18,-20,-15,-21
53.13671875,59,2179,2179,172,18,-20,-15,-20
53.140625,59,2179,2179,172,17,-20,-15,-21
53.14453125,59,2179,2179,171,17,-20,-15,-20
53.1484375,59,2179,2179,172,17,-20,-15,-21
53.15234375,59,2179,2179,172,17,-20,-15,-21
53.15625,59,2179,2179,172,17,-20,-15,-21
53.16015625,59,2179,2179,172,17,-20,-15,-21
53.1640625,59,2179,2179,172,17,-20,-15,-21
53.16796875,58,2179,2179,172,17,-20,-15,-21
53.171875,59,2179,2179,172,17,-20,-15,-21
53.17578125,59,2179,2179,172,17,-20,-15,-21
53.1796875,59,2179,2179,172,17,-20,-15,-21
53.18359375,58,2179,2179,172,18,-20,-15,-21
53.1875,58,2179,2179,172,18,-20,-15,-21
53.19140625,58,2179,2179,172,18,-20,-15,-20
53.1953125,57,2179,2179,172,18,-20,-15,-20
53.19921875,57,2179,2179,172,18,-20,-15,-20
53.203125,57,2179,2179,172,18,-20,-15,-20
53.20703125,57,2179,2179,172,18,-20,-15,-20
53.2109375,57,2179,2179,172,18,-20,-15,-20
53.21484375,57,2179,2179,171,18,-20,-15,-20
53.21875,57,2179,2179,172,18,-20,-15,-20
53.22265625,57,2179,2179,172,18,-20,-15,-20
53.2265625,57,2179,2179,171,18,-20,-14,-20
53.23046875,57,2179,2179,171,18,-20,-14,-20
53.234375,57,2179,2179,172,18,-20,-15,-20
53.23828125,57,2179,2179,173,18,-20,-15,-20
53.2421875,57,2179,2179,173,18,-20,-15,-20
53.24609375,57,2179,2179,173,18,-20,-15,-20
53.25,57,2179,2179,173,18,-20,-14,-20
53.25390625,57,2179,2179,173,18,-20,-15,-21
53.2578125,57,2179,2179,173,18,-20,-15,-21
53.26171875,57,2179,2179,174,18,-20,-15,-21
53.265625,57,2179,2179,174,18,-20,-15,-20
53.26953125,57,2179,2179,174,18,-20,-15,-21
53.2734375,57,2179,2179,174,18,-20,-15,-21
53.27734375,57,2179,2179,174,18,-20,-15,-20
53.28125,57,2179,2179,175,18,-20,-15,-21
53.28515625,57,2179,2179,174,19,-20,-15,-21
53.2890625,57,2179,2179,174,18,-20,-15,-21
53.29296875,57,2179,2179,173,18,-20,-15,-21
53.296875,56,2179,2179,173,18,-20,-15,-21
53.30078125,56,2179,2179,174,18,-20,-15,-21
53.3046875,56,2179,2179,174,18,-20,-15,-21
53.30859375,56,2179,2179,174,18,-20,-15,-20
53.3125,56,2179,2179,174,18,-20,-15,-20
53.31640625,56,2179,2179,174,18,-20,-15,-20
53.3203125,55,2179,2179,174,18,-20,-15,-20
53.32421875,56,2179,2179,173,18,-20,-15,-20
53.328125,56,2179,2179,173,17,-20,-15,-20
53.33203125,56,2179,2179,173,17,-20,-15,-20
53.3359375,56,2179,2179,173,18,-20,-15,-20
53.33984375,56,2179,2179,172,18,-20,-15,-20
53.34375,56,2179,2179,172,17,-20,-15,-20
53.34765625,55,2179,2179,172,17,-20,-15,-20
53.3515625,55,2179,2179,172,18,-20,-15,-20
53.35546875,55,2179,2179,172,18,-20,-15,-20
53.359375,55,2179,2179,172,17,-20,-15,-20
53.36328125,55,2179,2179,172,17,-20,-15,-21
53.3671875,55,2179,2179,172,17,-20,-15,-20
53.37109375,55,2179,2179,172,18,-20,-15,-21
53.375,55,2179,2179,172,17,-20,-14,-21
53.37890625,55,2179,2179,172,17,-20,-15,-21
53.3828125,54,2179,2179,172,18,-25,-15,-21
53.38671875,55,2179,2179,172,17,-20,-15,-21
53.390625,55,2179,2179,171,17,-20,-15,-21
53.39453125,55,2179,2179,170,17,-20,-15,-21
53.3984375,55,2179,2179,168,17,-20,-15,-21
53.40234375,54,2179,2179,164,18,-20,-15,-21
53.40625,55,2179,2179,159,18,-20,-15,-21
53.41015625,54,2179,2179,152,17,-20,-15,-21
53.4140625,54,2179,2179,144,18,-20,-15,-21
53.41796875,54,2179,2179,136,18,-20,-15,-20
53.421875,53,2179,2179,127,18,-20,-15,-20
53.42578125,53,2179,2179,119,18,-20,-15,-20
53.4296875,53,2179,2179,112,18,-20,-15,-20
53.43359375,53,2179,2179,107,18,-20,-15,-20
53.4375,53,2179,2179,102,18,-20,-15,-20
53.44140625,53,2179,2179,99,18,-20,-15,-20
53.4453125,53,2179,2179,96,18,-20,-15,-20
53.44921875,53,2179,2179,94,18,-20,-15,-20
53.453125,52,2179,2179,91,18,-20,-15,-20
53.45703125,52,2179,2179,88,18,-20,-15,-20
53.4609375,52,2179,2179,85,18,-20,-15,-20
53.46484375,51,2179,2179,83,18,-20,-15,-20
53.46875,51,2179,2179,82,18,-20,-15,-20
53.47265625,51,2179,2179,80,18,-20,-15,-20
53.4765625,51,2179,2179,76,17,-20,-15,-20
53.48046875,51,2179,2179,72,17,-20,-15,-20
53.484375,50,2179,2179,66,18,-20,-15,-21
53.48828125,50,2179,2179,59,18,-20,-15,-21
53.4921875,50,2179,2179,51,17,-20,-15,-21
53.49609375,50,2179,2179,44,17,-20,-15,-21
53.5,49,2179,2179,38,18,-20,-15,-20
53.50390625,49,2179,2179,33,18,-20,-15,-20
53.5078125,49,2179,2179,29,18,-15,-15,-20
53.51171875,48,2179,2179,27,18,-20,-15,-20
53.515625,48,2179,2179,27,18,-20,-15,-20
53.51953125,47,2179,2179,26,18,-20,-15,-20
53.5234375,47,2179,2179,25,18,-20,-15,-21
53.52734375,47,2179,2179,25,18,-20,-15,-21
53.53125,46,2179,2179,24,18,-20,-15,-20
53.53515625,46,2179,2179,24,18,-20,-15,-20
53.5390625,46,2179,2179,24,18,-20,-15,-20
53.54296875,46,2179,2179,24,18,-20,-15,-20
53.546875,45,2179,2179,24,18,-20,-15,-20
53.55078125,45,2179,2179,24,18,-20,-15,-20
53.5546875,45,2179,2179,24,18,-20,-15,-20
53.55859375,46,2179,2179,24,18,-20,-15,-20
53.5625,45,2179,2179,24,18,-20,-15,-20
53.56640625,45,2179,2179,25,18,-20,-15,-20
53.5703125,45,2179,2179,25,18,-20,-15,-20
53.57421875,45,2179,2179,24,17,-20,-15,-21
53.578125,45,2179,2179,24,17,-20,-15,-20
53.58203125,45,2179,2179,24,17,-20,-15,-21
53.5859375,45,2179,2179,24,17,-20,-15,-20
53.58984375,45,2179,2179,24,17,-20,-15,-20
53.59375,45,2179,2179,24,17,-20,-15,-20
53.59765625,44,2179,2179,24,17,-20,-15,-20
53.6015625,44,2179,2179,24,18,-20,-15,-21
53.60546875,44,2179,2179,24,18,-20,-15,-20
53.609375,44,2179,2179,24,18,-20,-15,-21
53.61328125,44,2179,2179,24,18,-20,-15,-20
53.6171875,43,2179,2179,24,18,-20,-15,-21
53.62109375,43,2179,2179,24,18,-20,-15,-20
53.625,43,2179,2179,24,18,-20,-15,-20
53.62890625,43,2179,2179,24,18,-20,-15,-20
53.6328125,42,2179,2179,24,18,-27,-15,-20
53.63671875,42,2179,2179,24,18,-20,-15,-20
53.640625,42,2179,2179,24,18,-20,-15,-20
53.64453125,42,2179,2179,24,18,-20,-15,-20
53.6484375,42,2179,2179,24,18,-20,-15,-20
53.65234375,42,2179,2179,25,18,-20,-15,-21
53.65625,42,2179,2179,24,19,-20,-15,-20
53.66015625,42,2179,2179,24,18,-20,-15,-20
53.6640625,42,2179,2179,24,18,-20,-15,-20
53.66796875,42,2179,2179,25,18,-20,-15,-21
53.671875,42,2179,2179,25,18,-20,-15,-20
53.67578125,42,2179,2179,24,18,-20,-15,-20
53.6796875,42,2179,2179,25,18,-20,-15,-20
53.68359375,41,2179,2179,25,18,-20,-15,-20
53.6875,41,2179,2179,25,18,-20,-15,-20
53.69140625,41,2179,2179,24,18,-20,-15,-20
53.6953125,41,2179,2179,24,18,-20,-15,-20
53.69921875,41,2179,2179,24,18,-20,-15,-20
53.703125,41,2179,2179,24,18,-20,-15,-20
53.70703125,41,2179,2179,24,18,-20,-15,-21
53.7109375,41,2179,2179,24,18,-20,-15,-21
53.71484375,40,2179,2179,24,18,-20,-15,-21
53.71875,40,2179,2179,24,18,-20,-15,-21
53.72265625,40,2179,2179,25,18,-20,-15,-20
53.7265625,40,2179,2179,24,18,-20,-15,-21
53.73046875,39,2179,2179,24,18,-20,-15,-21
53.734375,39,2179,2179,24,18,-20,-15,-21
53.73828125,39,2179,2179,24,18,-20,-15,-20
53.7421875,39,2179,2179,24,18,-20,-15,-20
53.74609375,39,2179,2179,24,18,-20,-15,-20
53.75,38,2179,2179,24,18,-20,-15,-20
53.75390625,38,2179,2179,24,18,-20,-15,-20
53.7578125,38,2179,2179,24,17,-14,-15,-20
53.76171875,38,2179,2179,24,17,-20,-15,-20
53.765625,38,2179,2179,24,18,-20,-15,-20
53.76953125,38,2179,2179,24,18,-20,-15,-20
53.7734375,38,2179,2179,24,18,-20,-15,-20
53.77734375,38,2179,2179,24,17,-20,-15,-20
53.78125,37,2179,2179,24,17,-20,-15,-20
53.78515625,37,2179,2179,24,18,-20,-15,-21
53.7890625,37,2179,2179,24,18,-20,-15,-20
53.79296875,37,2179,2179,24,17,-20,-15,-21
53.796875,37,2179,2179,24,17,-20,-15,-20
53.80078125,37,2179,2179,24,18,-20,-15,-21
53.8046875,37,2179,2179,24,17,-20,-15,-21
53.80859375,37,2179,2179,24,17,-20,-15,-21
53.8125,37,2179,2179,24,17,-20,-15,-21
53.81640625,36,2179,2179,24,17,-20,-15,-20
53.8203125,35,2179,2179,24,18,-20,-15,-21
53.82421875,36,2179,2179,24,17,-20,-15,-21
53.828125,36,2179,2179,24,18,-20,-15,-21
53.83203125,35,2179,2179,24,18,-20,-15,-21
53.8359375,35,2179,2179,24,18,-20,-15,-21
53.83984375,35,2179,2179,24,18,-20,-15,-21
53.84375,35,2179,2179,24,18,-20,-15,-21
53.84765625,34,2179,2179,24,18,-20,-15,-20
53.8515625,34,2179,2179,25,18,-20,-15,-21
53.85546875,34,2179,2179,25,18,-20,-15,-21
53.859375,33,2179,2179,24,18,-20,-15,-20
53.86328125,33,2179,2179,24,18,-20,-15,-20
53.8671875,33,2179,2179,24,18,-20,-15,-20
53.87109375,33,2179,2179,25,18,-20,-15,-20
53.875,33,2179,2179,24,18,-20,-15,-20
53.87890625,33,2179,2179,24,18,-20,-15,-20
53.8828125,33,2179,2179,24,18,-23,-14,-20
53.88671875,33,2179,2179,24,18,-20,-15,-20
53.890625,33,2179,2179,24,18,-20,-15,-20
53.89453125,33,2179,2179,24,17,-20,-15,-20
53.8984375,33,2179,2179,24,17,-20,-15,-20
53.90234375,33,2179,2179,24,18,-20,-15,-20
53.90625,33,2179,2179,24,18,-20,-15,-20
53.91015625,33,2179,2179,24,17,-20,-15,-20
53.9140625,33,2179,2179,24,17,-20,-15,-21
53.91796875,33,2179,2179,24,18,-20,-15,-21
53.921875,33,2179,2179,24,18,-20,-15,-21
53.92578125,33,2179,2179,24,18,-20,-15,-20
53.9296875,33,2179,2179,24,18,-20,-15,-20
53.93359375,32,2179,2179,24,18,-20,-15,-20
53.9375,32,2179,2179,24,18,-20,-15,-21
53.94140625,33,2179,2179,24,18,-20,-15,-20
53.9453125,32,2179,2179,24,18,-20,-15,-21
53.94921875,32,2179,2179,24,18,-20,-15,-21
53.953125,32,2179,2179,23,18,-20,-15,-21
53.95703125,32,2179,2179,23,18,-20,-15,-21
53.9609375,32,2179,2179,23,18,-20,-15,-21
53.96484375,32,2179,2179,23,18,-20,-15,-20
53.96875,31,2179,2179,24,18,-20,-15,-20
53.97265625,31,2179,2179,24,18,-20,-15,-20
53.9765625,31,2179,2179,24,17,-20,-15,-20
53.98046875,31,2179,2179,24,17,-20,-15,-20
53.984375,31,2179,2179,25,18,-20,-15,-20
53.98828125,31,2179,2179,24,18,-20,-15,-20
53.9921875,31,2179,2179,24,17,-20,-15,-20
53.99609375,31,2179,2179,24,17,-20,-15,-20
54.0,31,2179,2179,24,18,-20,-15,-20
54.00390625,31,2179,2179,24,18,-20,-15,-20
54.0078125,31,2179,2179,24,18,-17,-15,-20
54.01171875,30,2179,2179,24,18,-20,-15,-20
54.015625,30,2179,2179,24,18,-20,-15,-20
54.01953125,30,2179,2179,24,18,-20,-15,-20
54.0234375,30,2179,2179,24,18,-20,-15,-20
54.02734375,30,2179,2179,24,17,-20,-15,-20
54.03125,30,2179,2179,24,17,-20,-15,-20
54.03515625,30,2179,2179,24,17,-20,-15,-20
54.0390625,30,2179,2179,24,18,-20,-15,-21
54.04296875,29,2179,2179,24,17,-20,-15,-20
54.046875,29,2179,2179,24,17,-20,-15,-21
54.05078125,29,2179,2179,24,18,-20,-15,-20
54.0546875,29,2179,2179,24,18,-20,-15,-20
54.05859375,29,2179,2179,24,18,-20,-15,-21
54.0625,29,2179,2179,24,18,-20,-15,-20
54.06640625,29,2179,2179,25,18,-20,-15,-20
54.0703125,28,2179,2179,25,18,-20,-15,-20
54.07421875,29,2179,2179,24,18,-20,-15,-20
54.078125,29,2179,2179,25,18,-20,-15,-20
54.08203125,28,2179,2179,25,18,-20,-15,-20
54.0859375,28,2179,2179,25,19,-20,-15,-20
54.08984375,28,2179,2179,25,19,-20,-15,-20
54.09375,28,2179,2179,25,18,-20,-15,-20
54.09765625,27,2179,2179,25,19,-20,-15,-20
54.1015625,27,2179,2179,25,19,-20,-15,-20
54.10546875,27,2179,2179,25,19,-19,-15,-20
54.109375,28,2179,2179,24,18,-20,-15,-20
54.11328125,27,2179,2179,24,18,-20,-15,-20
54.1171875,28,2179,2179,25,18,-20,-15,-20
54.12109375,28,2179,2179,25,18,-20,-15,-20
54.125,28,2179,2179,24,18,-20,-15,-20
54.12890625,28,2179,2179,24,18,-20,-15,-20
54.1328125,28,2179,2179,25,18,-21,-15,-20
54.13671875,28,2179,2179,24,18,-20,-15,-21
54.140625,28,2179,2179,24,19,-20,-15,-21
54.14453125,29,2179,2179,24,17,-20,-15,-21
54.1484375,28,2179,2179,24,18,-20,-15,-21
54.15234375,28,2179,2179,24,18,-20,-15,-21
54.15625,29,2179,2179,24,18,-20,-15,-21
54.16015625,29,2179,2179,24,17,-20,-15,-21
54.1640625,29,2179,2179,24,17,-20,-15,-21
54.16796875,29,2179,2179,24,18,-20,-15,-21
54.171875,29,2179,2179,24,18,-20,-15,-21
54.17578125,29,2179,2179,24,17,-20,-15,-21
54.1796875,29,2179,2179,24,17,-20,-15,-21
54.18359375,29,2179,2179,24,17,-20,-15,-20
54.1875,29,2179,2179,24,17,-20,-15,-21
54.19140625,29,2179,2179,24,17,-20,-15,-21
54.1953125,29,2179,2179,24,17,-20,-15,-20
54.19921875,29,2179,2179,24,17,-20,-15,-20
54.203125,29,2179,2179,24,18,-20,-15,-20
54.20703125,29,2179,2179,24,18,-20,-15,-20
54.2109375,29,2179,2179,24,18,-20,-15,-20
54.21484375,29,2179,2179,24,18,-20,-15,-20
54.21875,29,2179,2179,24,18,-20,-15,-20
54.22265625,29,2179,2179,25,18,-20,-15,-20
54.2265625,30,2179,2179,24,18,-20,-15,-20
54.23046875,29,2179,2179,25,18,-20,-15,-20
54.234375,29,2179,2179,25,18,-20,-15,-21
54.23828125,30,2179,2179,25,18,-20,-15,-20
54.2421875,30,2179,2179,25,18,-20,-15,-20
54.24609375,30,2179,2179,24,18,-20,-15,-21
54.25,30,2179,2179,25,18,-20,-15,-21
54.25390625,30,2179,2179,24,18,-20,-15,-21
54.2578125,30,2179,2179,24,18,-19,-15,-21
54.26171875,30,2179,2179,24,18,-20,-15,-21
54.265625,30,2179,2179,24,18,-20,-15,-21
54.26953125,30,2179,2179,25,18,-20,-15,-21
54.2734375,31,2179,2179,24,18,-20,-15,-21
54.27734375,31,2179,2179,24,18,-20,-15,-21
54.28125,30,2179,2179,24,18,-20,-15,-20
54.28515625,31,2179,2179,24,18,-20,-15,-21
54.2890625,31,2179,2179,24,18,-20,-15,-21
54.29296875,31,2179,2179,24,18,-20,-15,-20
54.296875,30,2179,2179,24,18,-20,-15,-20
54.30078125,30,2179,2179,24,18,-20,-15,-20
54.3046875,30,2179,2179,24,18,-20,-15,-20
54.30859375,30,2179,2179,24,17,-20,-15,-20
54.3125,30,2179,2179,24,18,-20,-15,-20
54.31640625,29,2179,2179,24,18,-20,-15,-20
54.3203125,29,2179,2179,24,18,-20,-15,-20
54.32421875,30,2179,2179,24,18,-20,-15,-20
54.328125,29,2179,2179,24,18,-20,-15,-20
54.33203125,29,2179,2179,24,18,-20,-15,-20
54.3359375,29,2179,2179,24,18,-20,-15,-20
54.33984375,29,2179,2179,24,18,-20,-15,-20
54.34375,29,2179,2179,24,17,-20,-15,-20
54.34765625,29,2179,2179,23,17,-20,-15,-20
54.3515625,29,2179,2179,24,18,-20,-15,-20
54.35546875,30,2179,2179,24,17,-20,-15,-20
54.359375,30,2179,2179,23,17,-20,-15,-20
54.36328125,30,2179,2179,23,17,-20,-15,-20
54.3671875,30,2179,2179,23,17,-20,-15,-21
54.37109375,29,2179,2179,23,18,-20,-15,-21
54.375,30,2179,2179,23,18,-20,-15,-20
54.37890625,30,2179,2179,23,18,-20,-15,-21
54.3828125,29,2179,2179,24,18,-21,-15,-20
54.38671875,30,2179,2179,24,18,-20,-15,-21
54.390625,30,2179,2179,24,17,-20,-15,-21
54.39453125,30,2179,2179,25,18,-20,-15,-21
54.3984375,30,2179,2179,25,18,-20,-15,-21
54.40234375,30,2179,2179,25,18,-20,-15,-21
54.40625,30,2179,2179,25,18,-20,-15,-21
54.41015625,30,2179,2179,24,18,-20,-15,-21
54.4140625,30,2179,2179,24,18,-20,-15,-20
54.41796875,30,2179,2179,24,18,-20,-15,-20
54.421875,30,2179,2179,24,18,-20,-15,-20
54.42578125,31,2179,2179,24,18,-20,-15,-20
54.4296875,31,2179,2179,24,18,-20,-15,-20
54.43359375,31,2179,2179,24,18,-20,-15,-20
54.4375,31,2179,2179,24,18,-20,-14,-20
54.44140625,31,2179,2179,24,18,-19,-15,-20
54.4453125,31,2179,2179,24,17,-20,-15,-20
54.44921875,31,2179,2179,24,18,-20,-15,-20
54.453125,31,2179,2179,25,18,-20,-15,-20
54.45703125,32,2179,2179,24,18,-20,-15,-20
54.4609375,32,2179,2179,24,18,-20,-15,-20
54.46484375,32,2179,2179,24,18,-20,-15,-20
54.46875,32,2179,2179,24,18,-20,-15,-20
54.47265625,32,2179,2179,25,18,-20,-15,-20
54.4765625,32,2179,2179,24,18,-20,-15,-21
54.48046875,32,2179,2179,24,18,-20,-15,-21
54.484375,32,2179,2179,24,18,-20,-15,-21
54.48828125,32,2179,2179,24,18,-20,-15,-21
54.4921875,32,2179,2179,24,18,-20,-15,-21
54.49609375,32,2179,2179,24,18,-20,-15,-21
54.5,32,2179,2179,24,18,-20,-15,-21
54.50390625,32,2179,2179,24,18,-20,-15,-20
54.5078125,32,2179,2179,24,18,-19,-15,-21
54.51171875,32,2179,2179,24,18,-20,-15,-21
54.515625,32,2179,2179,24,16,-20,-15,-20
54.51953125,32,2179,2179,24,18,-20,-15,-20
54.5234375,32,2179,2179,24,18,-20,-15,-20
54.52734375,32,2179,2179,24,18,-20,-15,-20
54.53125,32,2179,2179,24,18,-20,-15,-20
54.53515625,32,2179,2179,24,18,-20,-15,-20
54.5390625,32,2179,2179,24,18,-20,-15,-20
54.54296875,32,2179,2179,24,18,-20,-15,-20
54.546875,32,2179,2179,24,17,-20,-15,-20
54.55078125,32,2179,2179,24,18,-20,-15,-20
54.5546875,32,2179,2179,24,18,-20,-15,-20
54.55859375,33,2179,2179,24,17,-20,-15,-20
54.5625,33,2179,2179,24,17,-20,-15,-20
54.56640625,32,2179,2179,24,18,-20,-15,-20
54.5703125,32,2179,2179,24,18,-20,-15,-20
54.57421875,33,2179,2179,24,17,-20,-15,-20
54.578125,33,2179,2179,23,17,-20,-15,-20
54.58203125,33,2179,2179,24,17,-20,-15,-20
54.5859375,33,2179,2179,24,17,-20,-15,-20
54.58984375,34,2179,2179,24,17,-20,-15,-20
54.59375,34,2179,2179,24,17,-20,-15,-20
54.59765625,33,2179,2179,24,17,-20,-15,-20
54.6015625,33,2179,2179,24,18,-20,-15,-20
54.60546875,33,2179,2179,24,18,-20,-15,-20
54.609375,33,2179,2179,24,17,-20,-15,-21
54.61328125,34,2179,2179,24,17,-20,-15,-21
54.6171875,33,2179,2179,24,18,-20,-15,-21
54.62109375,33,2179,2179,24,18,-20,-15,-21
54.625,34,2179,2179,24,17,-20,-15,-21
54.62890625,34,2179,2179,24,18,-20,-15,-20
54.6328125,33,2179,2179,24,18,-20,-15,-20
54.63671875,33,2179,2179,24,18,-20,-15,-20
54.640625,34,2179,2179,24,17,-20,-15,-20
54.64453125,34,2179,2179,24,18,-20,-15,-20
54.6484375,33,2179,2179,25,18,-20,-15,-20
54.65234375,34,2179,2179,25,18,-20,-15,-20
54.65625,34,2179,2179,25,18,-20,-15,-20
54.66015625,34,2179,2179,24,18,-20,-15,-20
54.6640625,34,2179,2179,24,18,-20,-15,-20
54.66796875,34,2179,2179,25,18,-20,-15,-20
54.671875,34,2179,2179,25,19,-20,-15,-20
54.67578125,35,2179,2179,24,18,-20,-15,-20
54.6796875,35,2179,2179,25,18,-20,-15,-20
54.68359375,35,2179,2179,25,18,-20,-15,-20
54.6875,35,2179,2179,25,18,-20,-15,-20
54.69140625,35,2179,2179,25,18,-20,-15,-20
54.6953125,35,2179,2179,24,18,-20,-15,-20
54.69921875,36,2179,2179,24,18,-20,-15,-20
54.703125,35,2179,2179,24,18,-20,-15,-20
54.70703125,36,2179,2179,24,18,-20,-15,-21
54.7109375,36,2179,2179,24,18,-20,-15,-20
54.71484375,35,2179,2179,24,18,-20,-15,-20
54.71875,35,2179,2179,24,18,-20,-15,-20
54.72265625,36,2179,2179,24,18,-20,-15,-20
54.7265625,36,2179,2179,24,17,-20,-15,-20
54.73046875,36,2179,2179,24,17,-20,-15,-20
54.734375,36,2179,2179,24,18,-20,-15,-21
54.73828125,36,2179,2179,24,18,-20,-15,-20
54.7421875,36,2179,2179,24,17,-20,-15,-21
54.74609375,37,2179,2179,24,17,-20,-15,-21
54.75,36,2179,2179,24,18,-20,-15,-21
54.75390625,36,2179,2179,24,18,-20,-15,-20
54.7578125,37,2179,2179,24,17,-20,-15,-20
54.76171875,37,2179,2179,24,17,-20,-15,-20
54.765625,37,2179,2179,24,17,-20,-15,-20
54.76953125,37,2179,2179,24,18,-20,-15,-20
54.7734375,38,2179,2179,24,18,-20,-15,-20
54.77734375,38,2179,2179,24,17,-20,-15,-20
54.78125,38,2179,2179,24,17,-20,-15,-20
54.78515625,38,2179,2179,24,18,-20,-15,-20
54.7890625,38,2179,2179,24,18,-20,-15,-20
54.79296875,39,2179,2179,24,17,-20,-15,-20
54.796875,39,2179,2179,24,17,-20,-15,-20
54.80078125,39,2179,2179,24,18,-20,-15,-20
54.8046875,39,2179,2179,24,18,-20,-15,-20
54.80859375,39,2179,2179,24,17,-20,-15,-20
54.8125,40,2179,2179,24,18,-20,-15,-20
54.81640625,39,2179,2179,24,18,-20,-15,-21
54.8203125,40,2179,2179,24,18,-20,-15,-21
54.82421875,40,2179,2179,24,18,-20,-15,-20
54.828125,40,2179,2179,24,18,-20,-15,-21
54.83203125,40,2179,2179,24,18,-20,-15,-21
54.8359375,41,2179,2179,24,18,-20,-15,-21
54.83984375,41,2179,2179,24,18,-20,-15,-21
54.84375,41,2179,2179,24,18,-20,-15,-21
54.84765625,41,2179,2179,24,18,-20,-15,-20
54.8515625,41,2179,2179,25,19,-20,-15,-20
54.85546875,42,2179,2179,25,18,-20,-15,-20
54.859375,42,2179,2179,24,18,-20,-15,-20
54.86328125,42,2179,2179,24,18,-20,-15,-20
54.8671875,42,2179,2179,25,18,-20,-15,-20
54.87109375,42,2179,2179,25,18,-20,-15,-20
54.875,43,2179,2179,24,18,-20,-15,-20
54.87890625,43,2179,2179,24,18,-20,-15,-20
54.8828125,43,2179,2179,25,18,-20,-15,-20
54.88671875,44,2179,2179,25,18,-20,-15,-20
54.890625,44,2179,2179,24,18,-20,-15,-20
54.89453125,45,2179,2179,24,18,-20,-15,-20
54.8984375,45,2179,2179,25,18,-20,-15,-20
54.90234375,45,2179,2179,24,18,-20,-15,-20
54.90625,46,2179,2179,24,18,-20,-15,-20
54.91015625,47,2179,2179,24,17,-20,-15,-20
54.9140625,47,2179,2179,24,17,-20,-15,-20
54.91796875,48,2179,2179,24,18,-20,-15,-20
54.921875,49,2179,2179,24,18,-20,-15,-20
54.92578125,49,2179,2179,24,17,-20,-15,-21
54.9296875,50,2179,2179,24,17,-20,-15,-21
54.93359375,50,2179,2179,24,18,-20,-15,-20
54.9375,51,2179,2179,24,18,-20,-15,-21
54.94140625,52,2179,2179,24,18,-20,-15,-20
54.9453125,52,2179,2179,24,18,-20,-15,-21
54.94921875,53,2179,2179,24,18,-20,-15,-21
54.953125,54,2179,2179,24,18,-20,-15,-21
54.95703125,55,2179,2179,24,18,-20,-15,-20
54.9609375,55,2179,2179,24,18,-20,-15,-21
54.96484375,56,2179,2179,24,18,-20,-15,-20
54.96875,56,2179,2179,24,18,-20,-15,-20
54.97265625,58,2179,2179,24,18,-20,-15,-20
54.9765625,58,2179,2179,24,17,-20,-15,-20
54.98046875,59,2179,2179,24,18,-20,-15,-20
54.984375,60,2179,2179,24,18,-20,-15,-20
54.98828125,61,2179,2179,24,18,-20,-15,-20
54.9921875,62,2179,2179,24,18,-20,-15,-20
54.99609375,63,2179,2179,24,18,-20,-15,-20
55.0,63,2179,2179,24,18,-20,-15,-20
55.00390625,63,2179,2179,24,18,-20,-15,-20
55.0078125,64,2179,2179,24,18,-20,-15,-20
55.01171875,64,2179,2179,24,18,-20,-15,-20
55.015625,64,2179,2179,24,17,-20,-15,-20
55.01953125,65,2179,2179,24,18,-20,-15,-20
55.0234375,65,2179,2179,24,18,-20,-15,-20
55.02734375,65,2179,2179,24,17,-20,-15,-20
55.03125,65,2179,2179,24,17,-20,-15,-21
55.03515625,65,2179,2179,24,18,-20,-15,-20
55.0390625,65,2179,2179,24,18,-20,-15,-21
55.04296875,65,2179,2179,24,17,-20,-15,-20
55.046875,65,2179,2179,24,18,-20,-15,-20
55.05078125,65,2179,2179,24,18,-20,-15,-22
55.0546875,65,2179,2179,24,18,-20,-15,-20
55.05859375,65,2179,2179,24,18,-20,-15,-21
55.0625,65,2179,2179,24,18,-20,-15,-20
55.06640625,65,2179,2179,25,18,-20,-15,-20
55.0703125,65,2179,2179,25,18,-20,-15,-20
55.07421875,65,2179,2179,24,18,-20,-15,-20
55.078125,65,2179,2179,24,18,-20,-15,-20
55.08203125,64,2179,2179,25,18,-20,-15,-20
55.0859375,64,2179,2179,25,18,-20,-15,-20
55.08984375,65,2179,2179,25,18,-20,-15,-20
55.09375,65,2179,2179,25,18,-20,-15,-20
55.09765625,65,2179,2179,25,18,-20,-15,-20
55.1015625,65,2179,2179,25,18,-20,-15,-20
55.10546875,65,2179,2179,25,18,-20,-15,-20
55.109375,65,2179,2179,24,18,-20,-15,-20
55.11328125,65,2179,2179,24,18,-20,-15,-20
55.1171875,65,2179,2179,25,18,-20,-15,-20
55.12109375,65,2179,2179,25,18,-20,-15,-20
55.125,66,2179,2179,24,18,-20,-15,-20
55.12890625,66,2179,2179,24,18,-20,-15,-20
55.1328125,66,2179,2179,24,18,-20,-15,-20
55.13671875,66,2179,2179,24,18,-20,-15,-20
55.140625,67,2179,2179,24,17,-20,-15,-21
55.14453125,67,2179,2179,24,17,-20,-15,-21
55.1484375,66,2179,2179,23,17,-20,-15,-21
55.15234375,66,2179,2179,24,18,-20,-15,-21
55.15625,67,2179,2179,24,17,-20,-15,-21
55.16015625,67,2179,2179,24,17,-20,-15,-20
55.1640625,67,2179,2179,24,17,-20,-15,-21
55.16796875,67,2179,2179,24,17,-20,-15,-21
55.171875,68,2179,2179,24,17,-20,-15,-21
55.17578125,68,2179,2179,24,17,-20,-15,-20
55.1796875,68,2179,2179,24,17,-20,-15,-21
55.18359375,67,2179,2179,24,17,-20,-15,-21
55.1875,67,2179,2179,24,17,-20,-15,-20
55.19140625,68,2179,2179,24,17,-20,-15,-20
55.1953125,68,2179,2179,24,17,-20,-15,-20
55.19921875,68,2179,2179,24,17,-20,-15,-20
55.203125,68,2179,2179,24,18,-19,-15,-20
55.20703125,69,2179,2179,24,18,-20,-15,-20
55.2109375,69,2179,2179,24,17,-20,-14,-20
55.21484375,69,2179,2179,24,17,-20,-14,-20
55.21875,70,2179,2179,24,18,-20,-14,-20
55.22265625,71,2179,2179,24,18,-20,-15,-20
55.2265625,71,2179,2179,24,18,-20,-14,-20
55.23046875,71,2179,2179,24,18,-20,-15,-20
55.234375,71,2179,2179,25,18,-20,-15,-20
55.23828125,71,2179,2179,25,18,-20,-15,-20
55.2421875,72,2179,2179,24,18,-20,-15,-20
55.24609375,72,2179,2179,24,18,-20,-15,-20
55.25,72,2179,2179,24,18,-20,-15,-20
55.25390625,72,2179,2179,24,18,-20,-15,-21
55.2578125,73,2179,2179,24,18,-20,-15,-21
55.26171875,72,2179,2179,24,18,-20,-15,-21
55.265625,72,2179,2179,25,18,-20,-15,-21
55.26953125,72,2179,2179,25,18,-20,-15,-20
55.2734375,72,2179,2179,24,18,-20,-15,-21
55.27734375,72,2179,2179,24,18,-20,-15,-20
55.28125,72,2179,2179,24,18,-20,-15,-20
55.28515625,72,2179,2179,25,18,-20,-15,-21
55.2890625,73,2179,2179,25,18,-20,-15,-20
55.29296875,73,2179,2179,24,18,-20,-15,-20
55.296875,72,2179,2179,24,18,-20,-15,-20
55.30078125,73,2179,2179,25,18,-20,-15,-20
55.3046875,73,2179,2179,25,18,-20,-15,-20
55.30859375,73,2179,2179,24,18,-20,-15,-20
55.3125,73,2179,2179,24,18,-20,-15,-20
55.31640625,73,2179,2179,24,18,-20,-15,-20
55.3203125,74,2179,2179,24,18,-20,-15,-20
55.32421875,74,2179,2179,24,17,-20,-15,-20
55.328125,74,2179,2179,24,17,-20,-15,-20
55.33203125,74,2179,2179,24,17,-20,-15,-20
55.3359375,74,2179,2179,24,18,-20,-15,-20
55.33984375,75,2179,2179,24,17,-20,-15,-20
55.34375,75,2179,2179,24,17,-20,-15,-20
55.34765625,75,2179,2179,24,17,-20,-15,-20
55.3515625,75,2179,2179,24,18,-20,-15,-20
55.35546875,75,2179,2179,25,18,-20,-15,-20
55.359375,75,2179,2179,25,17,-20,-15,-20
55.36328125,76,2179,2179,25,17,-20,-15,-20
55.3671875,75,2179,2179,26,18,-20,-15,-20
55.37109375,75,2179,2179,26,18,-20,-15,-20
55.375,75,2179,2179,26,18,-20,-15,-21
55.37890625,76,2179,2179,26,18,-20,-15,-20
55.3828125,75,2179,2179,27,18,-20,-15,-20
55.38671875,75,2179,2179,27,18,-20,-15,-21
55.390625,75,2179,2179,26,18,-20,-15,-20
55.39453125,75,2179,2179,26,18,-20,-15,-20
55.3984375,75,2179,2179,25,17,-20,-15,-20
55.40234375,75,2179,2179,27,18,-20,-15,-20
55.40625,76,2179,2179,27,18,-20,-15,-20
55.41015625,75,2179,2179,27,17,-20,-15,-20
55.4140625,75,2179,2179,28,18,-20,-15,-20
55.41796875,75,2179,2179,29,18,-20,-15,-20
55.421875,75,2179,2179,29,18,-20,-15,-20
55.42578125,75,2179,2179,29,18,-20,-15,-19
55.4296875,75,2179,2179,30,18,-20,-15,-20
55.43359375,75,2179,2179,31,18,-20,-15,-20
55.4375,75,2179,2179,32,18,-20,-15,-20
55.44140625,75,2179,2179,33,18,-20,-15,-20
55.4453125,76,2179,2179,34,18,-20,-15,-20
55.44921875,75,2179,2179,36,18,-20,-15,-20
55.453125,75,2179,2179,37,18,-20,-15,-20
55.45703125,76,2179,2179,38,18,-20,-15,-20
55.4609375,76,2179,2179,39,18,-20,-15,-20
55.46484375,76,2179,2179,40,18,-20,-15,-21
55.46875,76,2179,2179,41,18,-20,-15,-21
55.47265625,76,2179,2179,42,18,-20,-15,-20
55.4765625,77,2179,2179,43,18,-20,-15,-20
55.48046875,76,2179,2179,44,18,-20,-15,-20
55.484375,76,2179,2179,46,18,-20,-15,-20
55.48828125,76,2179,2179,48,18,-20,-15,-21
55.4921875,77,2179,2179,50,18,-20,-15,-20
55.49609375,77,2179,2179,52,18,-20,-15,-20
55.5,77,2179,2179,54,18,-20,-15,-20
55.50390625,77,2179,2179,55,18,-20,-15,-20
55.5078125,77,2179,2179,56,18,-20,-15,-20
55.51171875,77,2179,2179,57,18,-20,-15,-20
55.515625,77,2179,2179,58,18,-20,-15,-20
55.51953125,77,2179,2179,59,18,-20,-15,-21
55.5234375,77,2179,2179,60,18,-20,-15,-20
55.52734375,77,2179,2179,62,18,-20,-15,-20
55.53125,77,2179,2179,64,18,-20,-15,-20
55.53515625,76,2179,2179,67,18,-20,-15,-20
55.5390625,77,2179,2179,69,18,-20,-15,-20
55.54296875,77,2179,2179,71,18,-20,-15,-20
55.546875,77,2179,2179,73,18,-20,-15,-20
55.55078125,77,2179,2179,76,18,-20,-15,-20
55.5546875,77,2179,2179,78,18,-20,-15,-20
55.55859375,78,2179,2179,80,18,-20,-15,-20
55.5625,78,2179,2179,82,18,-20,-15,-20
55.56640625,77,2179,2179,84,18,-20,-15,-20
55.5703125,77,2179,2179,86,18,-20,-15,-20
55.57421875,77,2179,2179,87,17,-20,-15,-20
55.578125,77,2179,2179,88,17,-20,-15,-20
55.58203125,77,2179,2179,90,17,-20,-15,-20
55.5859375,77,2179,2179,91,18,-20,-15,-21
55.58984375,78,2179,2179,92,18,-20,-15,-21
55.59375,78,2179,2179,94,17,-20,-15,-20
55.59765625,78,2179,2179,95,17,-20,-15,-20
55.6015625,78,2179,2179,98,18,-20,-15,-20
55.60546875,78,2179,2179,100,18,-20,-15,-21
55.609375,78,2179,2179,102,17,-20,-15,-20
55.61328125,78,2179,2179,105,17,-20,-15,-21
55.6171875,77,2179,2179,108,18,-20,-15,-20
55.62109375,77,2179,2179,111,18,-20,-15,-21
55.625,77,2179,2179,112,18,-20,-15,-20
55.62890625,77,2179,2179,114,18,-20,-15,-20
55.6328125,77,2179,2179,116,18,-20,-15,-20
55.63671875,77,2179,2179,117,18,-20,-15,-20
55.640625,77,2179,2179,117,18,-20,-15,-20
55.64453125,77,2179,2179,117,18,-20,-15,-20
55.6484375,77,2179,2179,118,18,-20,-15,-20
55.65234375,77,2179,2179,119,18,-20,-15,-20
55.65625,78,2179,2179,121,18,-20,-15,-20
55.66015625,78,2179,2179,122,18,-19,-15,-20
55.6640625,78,2179,2179,124,18,-20,-15,-20
55.66796875,78,2179,2179,126,18,-20,-15,-20
55.671875,78,2179,2179,127,18,-20,-15,-20
55.67578125,78,2179,2179,128,18,-20,-14,-20
55.6796875,78,2179,2179,130,18,-20,-15,-20
55.68359375,78,2179,2179,131,18,-20,-16,-20
55.6875,78,2179,2179,132,18,-20,-15,-20
55.69140625,78,2179,2179,133,18,-20,-15,-20
55.6953125,78,2179,2179,134,18,-20,-15,-20
55.69921875,78,2179,2179,136,18,-20,-15,-20
55.703125,78,2179,2179,137,18,-20,-15,-20
55.70703125,78,2179,2179,137,18,-20,-15,-20
55.7109375,78,2179,2179,139,18,-20,-15,-20
55.71484375,78,2179,2179,140,18,-20,-15,-20
55.71875,78,2179,2179,141,18,-20,-15,-20
55.72265625,78,2179,2179,142,18,-20,-15,-20
55.7265625,78,2179,2179,142,18,-20,-15,-20
55.73046875,78,2179,2179,143,18,-20,-15,-20
55.734375,78,2179,2179,143,18,-20,-15,-20
55.73828125,78,2179,2179,144,18,-20,-15,-20
55.7421875,78,2179,2179,144,18,-20,-15,-20
55.74609375,77,2179,2179,144,17,-20,-15,-20
55.75,77,2179,2179,145,18,-20,-15,-20
55.75390625,77,2179,2179,145,18,-20,-15,-20
55.7578125,77,2179,2179,145,17,-20,-15,-20
55.76171875,78,2179,2179,146,17,-20,-15,-20
55.765625,77,2179,2179,146,17,-20,-15,-20
55.76953125,78,2179,2179,147,18,-20,-15,-20
55.7734375,78,2179,2179,147,18,-20,-15,-20
55.77734375,78,2179,2179,148,17,-20,-15,-20
55.78125,78,2179,2179,148,17,-20,-15,-20
55.78515625,78,2179,2179,149,18,-20,-15,-20
55.7890625,78,2179,2179,149,18,-20,-15,-20
55.79296875,78,2179,2179,149,17,-20,-15,-20
55.796875,78,2179,2179,150,17,-20,-15,-20
55.80078125,78,2179,2179,151,18,-20,-15,-20
55.8046875,78,2179,2179,151,17,-20,-15,-20
55.80859375,79,2179,2179,152,17,-20,-15,-20
55.8125,79,2179,2179,153,17,-20,-15,-20
55.81640625,79,2179,2179,154,18,-20,-15,-20
55.8203125,79,2179,2179,155,18,-20,-15,-20
55.82421875,79,2179,2179,155,18,-20,-15,-20
55.828125,79,2179,2179,154,18,-20,-15,-21
55.83203125,78,2179,2179,154,18,-20,-15,-20
55.8359375,78,2179,2179,154,18,-20,-15,-20
55.83984375,79,2179,2179,154,18,-20,-15,-21
55.84375,79,2179,2179,154,18,-20,-15,-21
55.84765625,78,2179,2179,154,18,-20,-15,-21
55.8515625,78,2179,2179,155,18,-20,-15,-21
55.85546875,78,2179,2179,155,18,-20,-15,-20
55.859375,78,2179,2179,155,18,-20,-15,-20
55.86328125,78,2179,2179,156,18,-20,-15,-20
55.8671875,78,2179,2179,156,18,-20,-15,-20
55.87109375,78,2179,2179,157,18,-20,-15,-20
55.875,78,2179,2179,156,18,-20,-15,-20
55.87890625,78,2179,2179,157,18,-20,-15,-20
55.8828125,78,2179,2179,157,18,-20,-15,-20
55.88671875,78,2179,2179,158,18,-20,-15,-20
55.890625,78,2179,2179,158,18,-20,-15,-20
55.89453125,78,2179,2179,158,17,-20,-15,-20
55.8984375,78,2179,2179,158,18,-20,-15,-20
55.90234375,78,2179,2179,159,18,-20,-15,-20
55.90625,78,2179,2179,159,18,-20,-15,-20
55.91015625,78,2179,2179,159,17,-20,-15,-20
55.9140625,78,2179,2179,158,17,-20,-15,-20
55.91796875,78,2179,2179,159,18,-20,-15,-20
55.921875,79,2179,2179,159,18,-20,-15,-20
55.92578125,78,2179,2179,158,17,-20,-15,-20
55.9296875,78,2179,2179,158,17,-20,-15,-20
55.93359375,78,2179,2179,159,18,-20,-15,-20
55.9375,78,2179,2179,159,18,-20,-15,-20
55.94140625,78,2179,2179,160,18,-20,-15,-20
55.9453125,78,2179,2179,160,18,-20,-15,-20
55.94921875,78,2179,2179,160,18,-20,-15,-20
55.953125,77,2179,2179,159,18,-20,-15,-20
55.95703125,78,2179,2179,159,18,-20,-15,-20
55.9609375,78,2179,2179,158,18,-20,-15,-20
55.96484375,77,2179,2179,158,17,-20,-15,-20
55.96875,77,2179,2179,159,17,-20,-15,-20
55.97265625,77,2179,2179,159,17,-20,-15,-20
55.9765625,77,2179,2179,160,17,-20,-15,-20
55.98046875,77,2179,2179,161,17,-20,-15,-20
55.984375,77,2179,2179,161,18,-20,-15,-20
55.98828125,77,2179,2179,161,18,-20,-15,-20
55.9921875,77,2179,2179,161,17,-20,-15,-20
55.99609375,77,2179,2179,160,17,-20,-15,-20
56.0,77,2179,2179,161,18,-20,-15,-20
56.00390625,77,2179,2179,161,18,-20,-15,-20
56.0078125,77,2179,2179,160,18,-20,-15,-20
56.01171875,77,2179,2179,160,18,-20,-15,-20
56.015625,77,2179,2179,161,18,-20,-15,-20
56.01953125,77,2179,2179,161,18,-20,-15,-20
56.0234375,77,2179,2179,161,18,-20,-15,-20
56.02734375,77,2179,2179,161,17,-20,-15,-21
56.03125,77,2179,2179,162,17,-20,-15,-20
56.03515625,76,2179,2179,162,18,-20,-15,-20
56.0390625,76,2179,2179,162,18,-20,-15,-20
56.04296875,76,2179,2179,162,17,-20,-15,-20
56.046875,76,2179,2179,162,17,-20,-15,-20
56.05078125,76,2179,2179,162,18,-20,-15,-20
56.0546875,75,2179,2179,162,18,-20,-15,-20
56.05859375,75,2179,2179,161,18,-20,-14,-20
56.0625,75,2179,2179,162,18,-20,-15,-20
56.06640625,75,2179,2179,162,18,-20,-15,-21
56.0703125,75,2179,2179,163,18,-20,-15,-20
56.07421875,75,2179,2179,163,18,-20,-15,-20
56.078125,75,2179,2179,163,18,-20,-15,-20
56.08203125,74,2179,2179,163,18,-20,-15,-20
56.0859375,74,2179,2179,163,18,-20,-15,-20
56.08984375,74,2179,2179,163,18,-20,-15,-20
56.09375,74,2179,2179,163,18,-20,-15,-20
56.09765625,74,2179,2179,163,18,-20,-15,-20
56.1015625,74,2179,2179,163,18,-20,-15,-20
56.10546875,74,2179,2179,164,18,-20,-15,-20
56.109375,74,2179,2179,163,18,-20,-15,-20
56.11328125,74,2179,2179,164,18,-20,-15,-20
56.1171875,74,2179,2179,164,18,-20,-15,-20
56.12109375,74,2179,2179,164,18,-20,-15,-20
56.125,74,2179,2179,164,18,-20,-15,-20
56.12890625,74,2179,2179,164,18,-20,-15,-20
56.1328125,74,2179,2179,164,18,-20,-15,-20
56.13671875,74,2179,2179,163,18,-20,-15,-20
56.140625,74,2179,2179,163,18,-20,-15,-21
56.14453125,74,2179,2179,163,18,-20,-15,-21
56.1484375,73,2179,2179,163,18,-20,-15,-21
56.15234375,73,2179,2179,164,18,-20,-15,-21
56.15625,73,2179,2179,164,18,-20,-15,-21
56.16015625,73,2179,2179,164,17,-20,-15,-20
56.1640625,73,2179,2179,164,17,-20,-15,-21
56.16796875,73,2179,2179,164,17,-20,-15,-21
56.171875,73,2179,2179,164,18,-20,-15,-21
56.17578125,73,2179,2179,164,17,-20,-15,-20
56.1796875,73,2179,2179,164,17,-20,-15,-20
56.18359375,72,2179,2179,164,18,-20,-15,-20
56.1875,72,2179,2179,164,17,-20,-15,-20
56.19140625,72,2179,2179,163,17,-20,-15,-20
56.1953125,72,2179,2179,164,17,-20,-15,-20
56.19921875,72,2179,2179,164,18,-20,-15,-20
56.203125,71,2179,2179,165,18,-20,-15,-20
56.20703125,72,2179,2179,165,18,-20,-15,-20
56.2109375,72,2179,2179,166,18,-20,-15,-20
56.21484375,71,2179,2179,166,18,-20,-15,-20
56.21875,72,2179,2179,166,18,-20,-15,-20
56.22265625,72,2179,2179,166,18,-20,-15,-20
56.2265625,72,2179,2179,165,18,-20,-15,-20
56.23046875,72,2179,2179,165,18,-20,-15,-20
56.234375,72,2179,2179,165,18,-20,-15,-20
56.23828125,72,2179,2179,165,18,-20,-15,-20
56.2421875,72,2179,2179,165,18,-20,-15,-20
56.24609375,72,2179,2179,165,18,-20,-15,-20
56.25,72,2179,2179,165,18,-20,-15,-20
56.25390625,72,2179,2179,165,18,-20,-15,-20
56.2578125,72,2179,2179,164,18,-20,-15,-20
56.26171875,72,2179,2179,164,18,-20,-15,-20
56.265625,72,2179,2179,164,18,-20,-15,-21
56.26953125,72,2179,2179,164,18,-20,-15,-20
56.2734375,72,2179,2179,164,18,-20,-15,-21
56.27734375,72,2179,2179,164,18,-20,-15,-21
56.28125,71,2179,2179,164,18,-20,-15,-21
56.28515625,71,2179,2179,165,18,-20,-15,-20
56.2890625,71,2179,2179,165,18,-20,-15,-20
56.29296875,71,2179,2179,165,18,-20,-15,-20
56.296875,70,2179,2179,165,18,-20,-15,-20
56.30078125,70,2179,2179,166,18,-20,-15,-20
56.3046875,70,2179,2179,166,18,-20,-15,-20
56.30859375,70,2179,2179,165,18,-20,-14,-20
56.3125,70,2179,2179,165,18,-20,-15,-20
56.31640625,70,2179,2179,165,18,-20,-15,-20
56.3203125,70,2179,2179,165,18,-20,-15,-20
56.32421875,70,2179,2179,165,18,-20,-15,-20
56.328125,70,2179,2179,164,17,-20,-15,-20
56.33203125,70,2179,2179,165,18,-20,-15,-20
56.3359375,70,2179,2179,165,18,-20,-15,-20
56.33984375,70,2179,2179,165,18,-20,-15,-20
56.34375,70,2179,2179,165,17,-20,-15,-20
56.34765625,70,2179,2179,165,17,-20,-15,-20
56.3515625,70,2179,2179,165,17,-20,-15,-20
56.35546875,70,2179,2179,165,17,-20,-15,-20
56.359375,70,2179,2179,165,17,-20,-15,-20
56.36328125,70,2179,2179,165,17,-20,-15,-20
56.3671875,70,2179,2179,166,17,-20,-15,-20
56.37109375,69,2179,2179,166,18,-20,-15,-20
56.375,70,2179,2179,166,17,-20,-15,-20
56.37890625,70,2179,2179,166,18,-20,-15,-20
56.3828125,69,2179,2179,167,18,-20,-15,-20
56.38671875,69,2179,2179,167,18,-20,-15,-20
56.390625,69,2179,2179,167,18,-20,-15,-20
56.39453125,69,2179,2179,166,18,-20,-15,-20
56.3984375,69,2179,2179,166,18,-20,-15,-20
56.40234375,69,2179,2179,166,18,-20,-15,-20
56.40625,69,2179,2179,166,18,-20,-15,-20
56.41015625,69,2179,2179,166,18,-20,-15,-20
56.4140625,68,2179,2179,166,18,-20,-15,-20
56.41796875,68,2179,2179,167,18,-20,-15,-20
56.421875,68,2179,2179,167,18,-20,-15,-20
56.42578125,68,2179,2179,167,18,-20,-15,-20
56.4296875,68,2179,2179,167,18,-20,-15,-20
56.43359375,68,2179,2179,168,18,-20,-14,-20
56.4375,68,2179,2179,169,18,-20,-15,-20
56.44140625,68,2179,2179,168,18,-18,-15,-20
56.4453125,68,2179,2179,168,18,-20,-15,-20
56.44921875,68,2179,2179,168,18,-20,-15,-20
56.453125,68,2179,2179,168,18,-20,-15,-20
56.45703125,68,2179,2179,167,18,-20,-15,-20
56.4609375,68,2179,2179,166,18,-20,-15,-20
56.46484375,68,2179,2179,166,18,-20,-15,-20
56.46875,68,2179,2179,166,18,-20,-15,-21
56.47265625,69,2179,2179,167,18,-20,-15,-21
56.4765625,68,2179,2179,167,18,-20,-15,-21
56.48046875,68,2179,2179,168,18,-20,-15,-21
56.484375,68,2179,2179,169,18,-20,-15,-21
56.48828125,68,2179,2179,169,18,-20,-15,-21
56.4921875,68,2179,2179,169,18,-20,-15,-21
56.49609375,68,2179,2179,169,18,-20,-15,-20
56.5,68,2179,2179,169,18,-20,-15,-20
56.50390625,68,2179,2179,169,18,-20,-15,-21
56.5078125,68,2179,2179,168,18,-20,-15,-20
56.51171875,68,2179,2179,168,18,-20,-15,-20
56.515625,67,2179,2179,168,17,-20,-15,-20
56.51953125,67,2179,2179,167,18,-20,-15,-20
56.5234375,67,2179,2179,167,18,-20,-15,-20
56.52734375,67,2179,2179,166,17,-20,-15,-20
56.53125,66,2179,2179,166,18,-20,-15,-20
56.53515625,66,2179,2179,167,18,-20,-15,-20
56.5390625,67,2179,2179,167,18,-20,-15,-20
56.54296875,67,2179,2179,167,18,-20,-15,-20
56.546875,66,2179,2179,168,18,-20,-15,-20
56.55078125,67,2179,2179,169,18,-20,-15,-20
56.5546875,66,2179,2179,169,18,-20,-15,-20
56.55859375,67,2179,2179,169,18,-20,-15,-20
56.5625,66,2179,2179,169,18,-20,-15,-20
56.56640625,66,2179,2179,169,18,-27,-15,-20
56.5703125,66,2179,2179,169,18,-20,-15,-20
56.57421875,66,2179,2179,168,17,-20,-15,-20
56.578125,66,2179,2179,168,17,-20,-15,-20
56.58203125,66,2179,2179,168,17,-20,-15,-20
56.5859375,66,2179,2179,168,17,-20,-15,-21
56.58984375,66,2179,2179,168,17,-20,-15,-21
56.59375,65,2179,2179,168,17,-20,-15,-21
56.59765625,65,2179,2179,169,17,-20,-15,-20
56.6015625,65,2179,2179,170,18,-20,-15,-20
56.60546875,65,2179,2179,170,18,-20,-15,-20
56.609375,65,2179,2179,170,17,-20,-15,-20
56.61328125,65,2179,2179,170,18,-20,-15,-20
56.6171875,64,2179,2179,171,18,-20,-15,-20
56.62109375,64,2179,2179,171,18,-20,-15,-20
56.625,64,2179,2179,170,17,-20,-15,-20
56.62890625,64,2179,2179,170,17,-20,-15,-20
56.6328125,64,2179,2179,170,18,-20,-15,-20
56.63671875,63,2179,2179,169,18,-20,-15,-20
56.640625,64,2179,2179,169,18,-20,-15,-20
56.64453125,64,2179,2179,169,18,-20,-15,-20
56.6484375,64,2179,2179,169,18,-20,-15,-20
56.65234375,64,2179,2179,170,18,-20,-14,-20
56.65625,64,2179,2179,171,18,-20,-14,-20
56.66015625,64,2179,2179,171,18,-20,-15,-20
56.6640625,64,2179,2179,171,18,-20,-15,-20
56.66796875,64,2179,2179,172,18,-20,-15,-20
56.671875,64,2179,2179,172,19,-20,-15,-20
56.67578125,64,2179,2179,171,18,-20,-15,-20
56.6796875,64,2179,2179,171,18,-20,-15,-20
56.68359375,64,2179,2179,170,18,-20,-15,-21
56.6875,64,2179,2179,170,18,-20,-15,-20
56.69140625,64,2179,2179,169,18,-13,-15,-20
56.6953125,64,2179,2179,169,18,-20,-15,-20
56.69921875,63,2179,2179,170,18,-20,-15,-20
56.703125,63,2179,2179,170,18,-20,-15,-20
56.70703125,63,2179,2179,170,18,-20,-15,-20
56.7109375,63,2179,2179,170,18,-20,-15,-20
56.71484375,63,2179,2179,171,18,-20,-15,-21
56.71875,63,2179,2179,171,18,-20,-15,-20
56.72265625,63,2179,2179,171,18,-20,-15,-20
56.7265625,63,2179,2179,170,18,-20,-15,-20
56.73046875,62,2179,2179,170,18,-20,-15,-20
56.734375,62,2179,2179,170,18,-20,-15,-20
56.73828125,62,2179,2179,170,18,-20,-15,-20
56.7421875,62,2179,2179,170,18,-20,-15,-20
56.74609375,62,2179,2179,170,18,-20,-15,-20
56.75,61,2179,2179,170,18,-20,-15,-20
56.75390625,61,2179,2179,171,18,-20,-15,-20
56.7578125,62,2179,2179,170,17,-20,-15,-20
56.76171875,61,2179,2179,170,17,-20,-15,-20
56.765625,61,2179,2179,171,17,-20,-15,-20
56.76953125,61,2179,2179,171,18,-20,-15,-20
56.7734375,61,2179,2179,171,18,-20,-15,-20
56.77734375,61,2179,2179,171,17,-20,-15,-20
56.78125,61,2179,2179,171,17,-20,-15,-20
56.78515625,61,2179,2179,171,17,-20,-15,-20
56.7890625,61,2179,2179,171,17,-20,-15,-20
56.79296875,61,2179,2179,170,17,-20,-15,-20
56.796875,61,2179,2179,170,17,-20,-15,-20
56.80078125,61,2179,2179,170,18,-20,-15,-21
56.8046875,61,2179,2179,170,18,-20,-15,-20
56.80859375,61,2179,2179,170,18,-20,-15,-20
56.8125,61,2179,2179,170,18,-20,-15,-20
56.81640625,60,2179,2179,171,18,-25,-15,-20
56.8203125,61,2179,2179,172,18,-20,-15,-20
56.82421875,61,2179,2179,172,18,-20,-15,-21
56.828125,60,2179,2179,172,18,-20,-15,-20
56.83203125,60,2179,2179,172,18,-20,-15,-20
56.8359375,60,2179,2179,172,18,-20,-15,-20
56.83984375,60,2179,2179,172,18,-20,-15,-21
56.84375,60,2179,2179,171,18,-20,-15,-20
56.84765625,60,2179,2179,171,18,-20,-15,-20
56.8515625,60,2179,2179,171,18,-20,-15,-20
56.85546875,60,2179,2179,171,18,-20,-15,-20
56.859375,60,2179,2179,171,18,-20,-15,-20
56.86328125,60,2179,2179,171,18,-20,-15,-20
56.8671875,60,2179,2179,171,18,-20,-15,-20
56.87109375,60,2179,2179,171,18,-20,-15,-20
56.875,60,2179,2179,171,18,-20,-15,-20
56.87890625,60,2179,2179,171,18,-20,-15,-20
56.8828125,60,2179,2179,172,18,-20,-15,-20
56.88671875,60,2179,2179,173,18,-20,-15,-20
56.890625,60,2179,2179,173,18,-20,-15,-20
56.89453125,60,2179,2179,173,18,-20,-15,-20
56.8984375,59,2179,2179,173,18,-20,-15,-20
56.90234375,59,2179,2179,173,18,-20,-15,-20
56.90625,60,2179,2179,172,18,-20,-15,-20
56.91015625,60,2179,2179,172,18,-20,-15,-20
56.9140625,60,2179,2179,172,18,-20,-15,-20
56.91796875,60,2179,2179,172,18,-20,-15,-20
56.921875,60,2179,2179,172,18,-20,-15,-20
56.92578125,59,2179,2179,172,18,-20,-15,-21
56.9296875,59,2179,2179,172,18,-20,-15,-21
56.93359375,59,2179,2179,173,18,-20,-15,-20
56.9375,59,2179,2179,173,18,-20,-15,-20
56.94140625,59,2179,2179,172,18,-16,-15,-20
56.9453125,59,2179,2179,172,18,-20,-15,-20
56.94921875,59,2179,2179,172,18,-20,-15,-20
56.953125,59,2179,2179,172,18,-20,-15,-20
56.95703125,59,2179,2179,172,18,-20,-15,-20
56.9609375,59,2179,2179,172,17,-20,-15,-20
56.96484375,59,2179,2179,172,17,-20,-15,-20
56.96875,58,2179,2179,172,17,-20,-15,-20
56.97265625,59,2179,2179,172,18,-20,-15,-20
56.9765625,58,2179,2179,172,17,-20,-15,-20
56.98046875,58,2179,2179,172,18,-20,-15,-20
56.984375,58,2179,2179,172,18,-20,-15,-20
56.98828125,58,2179,2179,172,18,-20,-15,-20
56.9921875,58,2179,2179,171,18,-20,-14,-20
56.99609375,58,2179,2179,171,18,-20,-15,-20
57.0,58,2179,2179,171,18,-20,-15,-20
57.00390625,58,2179,2179,171,18,-20,-15,-20
57.0078125,58,2179,2179,171,18,-20,-15,-20
57.01171875,58,2179,2179,171,18,-20,-15,-20
57.015625,58,2179,2179,172,18,-20,-15,-20
57.01953125,58,2179,2179,172,18,-20,-15,-20
57.0234375,58,2179,2179,172,18,-20,-15,-20
57.02734375,58,2179,2179,172,18,-20,-15,-20
57.03125,58,2179,2179,172,18,-20,-15,-20
57.03515625,58,2179,2179,172,18,-20,-15,-20
57.0390625,58,2179,2179,173,18,-20,-15,-20
57.04296875,58,2179,2179,172,18,-20,-15,-20
57.046875,57,2179,2179,172,18,-20,-15,-21
57.05078125,57,2179,2179,173,18,-20,-15,-20
57.0546875,57,2179,2179,172,18,-20,-15,-20
57.05859375,58,2179,2179,172,18,-20,-15,-20
57.0625,58,2179,2179,171,18,-20,-15,-20
57.06640625,58,2179,2179,171,18,-22,-15,-20
57.0703125,58,2179,2179,172,18,-20,-15,-20
57.07421875,58,2179,2179,172,18,-20,-15,-20
57.078125,58,2179,2179,172,18,-20,-15,-20
57.08203125,57,2179,2179,173,18,-20,-15,-20
57.0859375,57,2179,2179,173,18,-20,-15,-20
57.08984375,57,2179,2179,173,19,-20,-15,-20
57.09375,57,2179,2179,173,18,-20,-15,-20
57.09765625,57,2179,2179,173,18,-20,-15,-20
57.1015625,56,2179,2179,173,19,-20,-15,-20
57.10546875,57,2179,2179,172,19,-20,-15,-20
57.109375,57,2179,2179,171,18,-20,-15,-20
57.11328125,56,2179,2179,171,18,-20,-15,-20
57.1171875,56,2179,2179,172,18,-20,-15,-20
57.12109375,56,2179,2179,172,18,-20,-15,-20
57.125,56,2179,2179,172,18,-20,-15,-20
57.12890625,56,2179,2179,172,18,-20,-15,-20
57.1328125,56,2179,2179,173,18,-20,-15,-20
57.13671875,56,2179,2179,173,18,-20,-15,-20
57.140625,56,2179,2179,172,18,-20,-15,-20
57.14453125,55,2179,2179,171,17,-20,-15,-20
57.1484375,55,2179,2179,171,17,-20,-15,-21
57.15234375,55,2179,2179,169,18,-20,-15,-21
57.15625,55,2179,2179,166,18,-20,-15,-21
57.16015625,55,2179,2179,162,18,-20,-15,-21
57.1640625,54,2179,2179,157,18,-20,-15,-20
57.16796875,54,2179,2179,150,18,-20,-15,-21
57.171875,54,2179,2179,142,18,-20,-15,-21
57.17578125,54,2179,2179,133,17,-20,-15,-21
57.1796875,54,2179,2179,125,17,-20,-15,-21
57.18359375,53,2179,2179,119,18,-20,-15,-20
57.1875,53,2179,2179,113,18,-20,-15,-20
57.19140625,53,2179,2179,110,17,-18,-15,-20
57.1953125,52,2179,2179,107,17,-20,-15,-20
57.19921875,52,2179,2179,106,19,-19,-15,-20
57.203125,52,2179,2179,104,18,-19,-15,-20
57.20703125,52,2179,2179,100,18,-20,-15,-20
57.2109375,52,2179,2179,96,18,-20,-15,-20
57.21484375,52,2179,2179,89,18,-20,-15,-20
57.21875,51,2179,2179,81,18,-20,-15,-20
57.22265625,51,2179,2179,71,18,-20,-15,-20
57.2265625,51,2179,2179,61,18,-20,-15,-20
57.23046875,51,2179,2179,52,18,-20,-15,-20
57.234375,51,2179,2179,45,18,-20,-15,-20
57.23828125,51,2179,2179,40,18,-20,-15,-20
57.2421875,51,2179,2179,36,18,-20,-15,-20
57.24609375,51,2179,2179,33,18,-20,-15,-20
57.25,50,2179,2179,32,18,-20,-15,-20
57.25390625,50,2179,2179,30,18,-20,-15,-20
57.2578125,50,2179,2179,29,18,-20,-15,-20
57.26171875,50,2179,2179,27,18,-20,-15,-20
57.265625,49,2179,2179,26,18,-20,-15,-20
57.26953125,49,2179,2179,25,18,-20,-15,-21
57.2734375,49,2179,2179,24,18,-20,-15,-20
57.27734375,49,2179,2179,23,18,-20,-15,-20
57.28125,48,2179,2179,23,18,-20,-15,-21
57.28515625,48,2179,2179,23,18,-20,-15,-20
57.2890625,48,2179,2179,23,18,-20,-15,-20
57.29296875,48,2179,2179,23,18,-20,-15,-20
57.296875,48,2179,2179,23,18,-20,-15,-20
57.30078125,47,2179,2179,24,18,-20,-15,-20
57.3046875,46,2179,2179,24,18,-20,-15,-20
57.30859375,46,2179,2179,24,18,-20,-15,-20
57.3125,46,2179,2179,24,18,-20,-15,-20
57.31640625,46,2179,2179,24,18,-21,-15,-20
57.3203125,45,2179,2179,25,18,-20,-15,-20
57.32421875,46,2179,2179,24,18,-20,-15,-20
57.328125,45,2179,2179,24,18,-20,-15,-20
57.33203125,45,2179,2179,24,18,-20,-15,-20
57.3359375,45,2179,2179,24,18,-20,-15,-20
57.33984375,45,2179,2179,24,18,-20,-15,-20
57.34375,44,2179,2179,24,17,-20,-15,-20
57.34765625,44,2179,2179,24,17,-20,-15,-20
57.3515625,44,2179,2179,24,18,-20,-15,-20
57.35546875,44,2179,2179,24,17,-20,-15,-20
57.359375,44,2179,2179,24,17,-20,-15,-20
57.36328125,43,2179,2179,24,17,-20,-15,-20
57.3671875,43,2179,2179,24,18,-20,-15,-20
57.37109375,43,2179,2179,24,18,-20,-15,-20
57.375,43,2179,2179,24,18,-20,-15,-20
57.37890625,43,2179,2179,24,18,-20,-15,-20
57.3828125,42,2179,2179,25,18,-20,-15,-20
57.38671875,42,2179,2179,25,18,-20,-15,-20
57.390625,42,2179,2179,24,18,-20,-15,-20
57.39453125,42,2179,2179,24,18,-20,-15,-20
57.3984375,41,2179,2179,24,18,-20,-15,-20
57.40234375,40,2179,2179,24,18,-20,-15,-20
57.40625,40,2179,2179,24,18,-20,-15,-20
57.41015625,39,2179,2179,24,18,-20,-15,-20
57.4140625,38,2179,2179,24,17,-20,-15,-20
57.41796875,37,2179,2179,24,18,-20,-15,-20
57.421875,38,2179,2179,24,18,-20,-15,-20
57.42578125,37,2179,2179,24,18,-20,-15,-20
57.4296875,37,2179,2179,24,18,-20,-15,-20
57.43359375,36,2179,2179,25,18,-20,-15,-20
57.4375,37,2179,2179,24,18,-20,-15,-20
57.44140625,37,2179,2179,24,18,-19,-15,-20
57.4453125,37,2179,2179,24,18,-20,-15,-20
57.44921875,37,2179,2179,24,17,-20,-15,-20
57.453125,37,2179,2179,24,18,-20,-15,-20
57.45703125,37,2179,2179,24,18,-20,-15,-20
57.4609375,37,2179,2179,24,18,-20,-15,-20
57.46484375,37,2179,2179,24,18,-20,-15,-20
57.46875,37,2179,2179,24,18,-20,-15,-20
57.47265625,36,2179,2179,24,18,-20,-15,-20
57.4765625,36,2179,2179,23,18,-20,-15,-20
57.48046875,36,2179,2179,23,18,-20,-15,-20
57.484375,36,2179,2179,23,18,-20,-15,-20
57.48828125,35,2179,2179,24,18,-20,-15,-20
57.4921875,35,2179,2179,24,18,-20,-15,-20
57.49609375,35,2179,2179,24,18,-20,-15,-20
57.5,35,2179,2179,25,18,-20,-15,-20
57.50390625,35,2179,2179,25,18,-20,-15,-20
57.5078125,35,2179,2179,25,18,-20,-15,-21
57.51171875,34,2179,2179,25,18,-20,-15,-20
57.515625,34,2179,2179,24,18,-20,-15,-20
57.51953125,33,2179,2179,24,18,-20,-15,-20
57.5234375,33,2179,2179,24,18,-20,-15,-20
57.52734375,33,2179,2179,23,18,-20,-15,-20
57.53125,33,2179,2179,23,18,-20,-15,-20
57.53515625,32,2179,2179,23,18,-20,-15,-20
57.5390625,32,2179,2179,23,18,-20,-15,-20
57.54296875,32,2179,2179,23,18,-20,-15,-20
57.546875,33,2179,2179,23,18,-20,-15,-20
57.55078125,32,2179,2179,24,18,-20,-15,-20
57.5546875,32,2179,2179,24,18,-20,-15,-20
57.55859375,32,2179,2179,24,18,-20,-15,-20
57.5625,32,2179,2179,24,18,-20,-15,-20
57.56640625,31,2179,2179,24,18,-20,-15,-20
57.5703125,31,2179,2179,24,18,-20,-15,-21
57.57421875,31,2179,2179,24,16,-20,-15,-20
57.578125,31,2179,2179,23,17,-20,-15,-20
57.58203125,31,2179,2179,24,17,-20,-15,-20
57.5859375,31,2179,2179,24,17,-20,-15,-21
57.58984375,31,2179,2179,24,18,-20,-15,-20
57.59375,31,2179,2179,24,17,-20,-15,-20
57.59765625,31,2179,2179,24,17,-20,-15,-20
57.6015625,31,2179,2179,24,18,-20,-15,-21
57.60546875,31,2179,2179,24,18,-20,-15,-21
57.609375,31,2179,2179,24,17,-20,-15,-20
57.61328125,31,2179,2179,24,17,-20,-15,-20
57.6171875,30,2179,2179,24,18,-20,-15,-20
57.62109375,30,2179,2179,24,18,-20,-15,-20
57.625,30,2179,2179,24,17,-20,-15,-20
57.62890625,30,2179,2179,24,17,-20,-15,-20
57.6328125,29,2179,2179,24,18,-20,-15,-20
57.63671875,30,2179,2179,24,18,-20,-15,-20
57.640625,30,2179,2179,24,18,-20,-15,-20
57.64453125,30,2179,2179,24,18,-20,-15,-20
57.6484375,30,2179,2179,24,17,-20,-15,-20
57.65234375,30,2179,2179,24,18,-20,-15,-20
57.65625,31,2179,2179,25,18,-20,-15,-20
57.66015625,31,2179,2179,24,18,-20,-15,-20
57.6640625,31,2179,2179,24,18,-20,-15,-20
57.66796875,31,2179,2179,24,18,-20,-15,-20
57.671875,31,2179,2179,24,18,-20,-15,-20
57.67578125,31,2179,2179,24,18,-20,-15,-20
57.6796875,31,2179,2179,24,18,-20,-15,-20
57.68359375,31,2179,2179,24,18,-20,-15,-20
57.6875,31,2179,2179,24,18,-20,-15,-20
57.69140625,31,2179,2179,24,18,-20,-15,-20
57.6953125,31,2179,2179,24,18,-20,-15,-20
57.69921875,31,2179,2179,24,17,-20,-15,-20
57.703125,31,2179,2179,25,18,-20,-15,-20
57.70703125,31,2179,2179,24,18,-20,-15,-20
57.7109375,31,2179,2179,24,18,-20,-15,-20
57.71484375,31,2179,2179,24,18,-20,-15,-20
57.71875,31,2179,2179,24,18,-20,-15,-21
57.72265625,31,2179,2179,24,18,-20,-15,-21
57.7265625,31,2179,2179,24,18,-20,-15,-21
57.73046875,30,2179,2179,24,18,-20,-15,-21
57.734375,30,2179,2179,24,18,-20,-15,-20
57.73828125,30,2179,2179,24,18,-20,-15,-20
57.7421875,30,2179,2179,24,17,-20,-15,-20
57.74609375,30,2179,2179,24,17,-20,-15,-20
57.75,30,2179,2179,24,18,-20,-15,-20
57.75390625,30,2179,2179,24,18,-20,-15,-20
57.7578125,30,2179,2179,24,17,-20,-15,-20
57.76171875,30,2179,2179,24,17,-20,-15,-20
57.765625,30,2179,2179,24,17,-20,-15,-20
57.76953125,30,2179,2179,24,17,-20,-15,-20
57.7734375,30,2179,2179,24,18,-20,-15,-20
57.77734375,30,2179,2179,24,17,-20,-15,-20
57.78125,30,2179,2179,24,17,-20,-15,-20
57.78515625,30,2179,2179,24,18,-20,-15,-20
57.7890625,30,2179,2179,24,18,-20,-15,-20
57.79296875,30,2179,2179,24,17,-20,-15,-20
57.796875,30,2179,2179,24,17,-20,-15,-20
57.80078125,29,2179,2179,24,17,-20,-15,-20
57.8046875,29,2179,2179,24,18,-20,-15,-20
57.80859375,29,2179,2179,24,17,-20,-15,-20
57.8125,29,2179,2179,24,17,-20,-15,-20
57.81640625,29,2179,2179,24,18,-20,-15,-21
57.8203125,29,2179,2179,24,18,-20,-15,-21
57.82421875,29,2179,2179,24,17,-20,-15,-21
57.828125,29,2179,2179,24,18,-20,-15,-20
57.83203125,28,2179,2179,25,18,-20,-15,-21
57.8359375,28,2179,2179,24,18,-20,-15,-20
57.83984375,29,2179,2179,24,18,-20,-15,-20
57.84375,29,2179,2179,24,18,-20,-15,-20
57.84765625,28,2179,2179,24,18,-20,-15,-20
57.8515625,28,2179,2179,24,18,-20,-15,-20
57.85546875,28,2179,2179,24,18,-20,-15,-20
57.859375,28,2179,2179,24,18,-20,-15,-20
57.86328125,28,2179,2179,24,18,-20,-15,-20
57.8671875,28,2179,2179,24,18,-20,-15,-20
57.87109375,28,2179,2179,24,18,-20,-14,-20
57.875,28,2179,2179,24,18,-20,-15,-20
57.87890625,28,2179,2179,24,18,-20,-15,-20
57.8828125,28,2179,2179,24,18,-20,-15,-20
57.88671875,28,2179,2179,24,18,-20,-15,-20
57.890625,28,2179,2179,24,18,-20,-15,-20
57.89453125,28,2179,2179,24,18,-20,-15,-20
57.8984375,28,2179,2179,24,18,-20,-15,-20
57.90234375,28,2179,2179,24,18,-20,-15,-20
57.90625,28,2179,2179,24,18,-20,-15,-20
57.91015625,28,2179,2179,24,17,-20,-15,-20
57.9140625,28,2179,2179,24,18,-20,-15,-20
57.91796875,27,2179,2179,24,18,-20,-15,-20
57.921875,27,2179,2179,24,18,-20,-15,-20
57.92578125,27,2179,2179,24,18,-20,-15,-20
57.9296875,27,2179,2179,24,18,-20,-15,-20
57.93359375,27,2179,2179,24,18,-20,-15,-21
57.9375,27,2179,2179,24,18,-20,-15,-21
57.94140625,27,2179,2179,24,18,-20,-15,-21
57.9453125,27,2179,2179,24,18,-20,-15,-21
57.94921875,27,2179,2179,24,17,-20,-15,-20
57.953125,27,2179,2179,24,18,-20,-15,-20
57.95703125,27,2179,2179,25,18,-20,-15,-20
57.9609375,27,2179,2179,24,18,-20,-15,-20
57.96484375,27,2179,2179,24,18,-20,-15,-20
57.96875,27,2179,2179,24,18,-20,-15,-20
57.97265625,27,2179,2179,24,18,-20,-15,-20
57.9765625,27,2179,2179,24,17,-20,-15,-20
57.98046875,27,2179,2179,24,17,-20,-15,-20
57.984375,28,2179,2179,24,18,-20,-15,-22
57.98828125,28,2179,2179,24,17,-20,-15,-20
57.9921875,28,2179,2179,24,17,-20,-15,-20
57.99609375,28,2179,2179,24,17,-20,-15,-20
58.0,28,2179,2179,24,18,-20,-15,-20
58.00390625,28,2179,2179,24,18,-19,-15,-20
58.0078125,28,2179,2179,24,17,-20,-15,-20
58.01171875,28,2179,2179,24,17,-20,-15,-20
58.015625,28,2179,2179,24,18,-20,-15,-20
58.01953125,28,2179,2179,24,18,-20,-15,-20
58.0234375,29,2179,2179,24,18,-20,-15,-20
58.02734375,29,2179,2179,24,17,-20,-15,-20
58.03125,29,2179,2179,24,17,-20,-15,-20
58.03515625,29,2179,2179,24,18,-20,-15,-20
58.0390625,29,2179,2179,24,18,-20,-15,-20
58.04296875,29,2179,2179,24,18,-20,-15,-20
58.046875,29,2179,2179,24,17,-20,-15,-20
58.05078125,29,2179,2179,24,18,-20,-15,-20
58.0546875,29,2179,2179,24,18,-20,-15,-20
58.05859375,29,2179,2179,24,18,-20,-15,-20
58.0625,29,2179,2179,24,18,-20,-15,-20
58.06640625,29,2179,2179,24,18,-20,-15,-20
58.0703125,29,2179,2179,24,18,-20,-15,-20
58.07421875,29,2179,2179,24,18,-20,-15,-20
58.078125,29,2179,2179,24,18,-20,-15,-20
58.08203125,29,2179,2179,24,18,-20,-15,-20
58.0859375,29,2179,2179,24,18,-20,-15,-20
58.08984375,29,2179,2179,23,18,-20,-15,-20
58.09375,29,2179,2179,23,18,-20,-15,-20
58.09765625,29,2179,2179,24,18,-20,-15,-20
58.1015625,29,2179,2179,24,18,-20,-15,-20
58.10546875,29,2179,2179,25,18,-20,-15,-20
58.109375,29,2179,2179,25,18,-20,-14,-21
58.11328125,29,2179,2179,25,18,-20,-15,-20
58.1171875,28,2179,2179,25,18,-20,-15,-20
58.12109375,28,2179,2179,25,18,-20,-15,-20
58.125,28,2179,2179,24,18,-20,-15,-20
58.12890625,28,2179,2179,24,17,-20,-15,-20
58.1328125,28,2179,2179,24,18,-20,-15,-21
58.13671875,28,2179,2179,24,18,-20,-15,-20
58.140625,28,2179,2179,24,18,-20,-15,-20
58.14453125,28,2179,2179,24,17,-20,-15,-20
58.1484375,28,2179,2179,24,17,-20,-15,-21
58.15234375,28,2179,2179,24,18,-20,-15,-21
58.15625,28,2179,2179,24,18,-20,-15,-21
58.16015625,28,2179,2179,24,17,-20,-15,-21
58.1640625,28,2179,2179,24,17,-20,-15,-21
58.16796875,28,2179,2179,24,18,-20,-15,-21
58.171875,28,2179,2179,24,18,-20,-15,-20
58.17578125,28,2179,2179,24,17,-20,-15,-20
58.1796875,28,2179,2179,24,17,-20,-15,-20
58.18359375,28,2179,2179,24,17,-20,-15,-20
58.1875,28,2179,2179,24,18,-20,-15,-20
58.19140625,29,2179,2179,24,17,-20,-15,-20
58.1953125,29,2179,2179,24,17,-20,-15,-20
58.19921875,29,2179,2179,24,17,-20,-15,-20
58.203125,29,2179,2179,24,18,-20,-15,-20
58.20703125,29,2179,2179,24,18,-20,-15,-20
58.2109375,30,2179,2179,24,18,-20,-15,-20
58.21484375,29,2179,2179,24,18,-20,-15,-20
58.21875,30,2179,2179,24,18,-20,-15,-20
58.22265625,30,2179,2179,24,18,-20,-15,-20
58.2265625,31,2179,2179,24,18,-20,-15,-20
58.23046875,31,2179,2179,24,18,-20,-15,-21
58.234375,31,2179,2179,24,18,-20,-15,-21
58.23828125,31,2179,2179,24,18,-20,-15,-20
58.2421875,32,2179,2179,24,18,-20,-15,-21
58.24609375,32,2179,2179,24,18,-20,-15,-21
58.25,32,2179,2179,25,18,-20,-15,-21
58.25390625,32,2179,2179,24,18,-20,-15,-21
58.2578125,33,2179,2179,24,18,-20,-15,-21
58.26171875,33,2179,2179,24,18,-20,-15,-21
58.265625,33,2179,2179,24,18,-20,-15,-21
58.26953125,33,2179,2179,24,18,-20,-15,-21
58.2734375,33,2179,2179,24,18,-20,-15,-20
58.27734375,33,2179,2179,23,18,-20,-15,-20
58.28125,33,2179,2179,23,18,-20,-15,-20
58.28515625,33,2179,2179,23,18,-20,-15,-20
58.2890625,33,2179,2179,24,18,-20,-15,-20
58.29296875,33,2179,2179,24,18,-20,-15,-20
58.296875,33,2179,2179,24,18,-20,-15,-20
58.30078125,33,2179,2179,25,18,-20,-15,-20
58.3046875,33,2179,2179,25,18,-20,-15,-20
58.30859375,34,2179,2179,25,18,-20,-15,-20
58.3125,34,2179,2179,24,18,-20,-15,-20
58.31640625,34,2179,2179,24,18,-20,-15,-20
58.3203125,34,2179,2179,24,18,-20,-15,-20
58.32421875,34,2179,2179,24,18,-20,-15,-20
58.328125,35,2179,2179,24,17,-20,-15,-20
58.33203125,35,2179,2179,23,17,-20,-15,-20
58.3359375,35,2179,2179,24,18,-20,-15,-20
58.33984375,35,2179,2179,24,18,-20,-15,-20
58.34375,36,2179,2179,24,17,-20,-15,-20
58.34765625,36,2179,2179,23,17,-20,-15,-20
58.3515625,37,2179,2179,23,18,-20,-15,-20
58.35546875,37,2179,2179,23,18,-20,-15,-20
58.359375,38,2179,2179,23,17,-20,-15,-19
58.36328125,38,2179,2179,23,18,-20,-15,-21
58.3671875,38,2179,2179,23,18,-20,-15,-21
58.37109375,38,2179,2179,23,18,-20,-15,-21
58.375,38,2179,2179,23,18,-20,-15,-21
58.37890625,38,2179,2179,24,18,-20,-15,-21
58.3828125,38,2179,2179,25,18,-20,-15,-21
58.38671875,38,2179,2179,25,18,-20,-15,-21
58.390625,39,2179,2179,24,18,-20,-15,-21
58.39453125,39,2179,2179,24,18,-20,-15,-21
58.3984375,39,2179,2179,24,18,-20,-15,-21
58.40234375,39,2179,2179,24,18,-20,-15,-20
58.40625,40,2179,2179,24,18,-20,-15,-21
58.41015625,40,2179,2179,24,18,-20,-15,-20
58.4140625,40,2179,2179,24,18,-20,-15,-20
58.41796875,40,2179,2179,24,18,-20,-15,-20
58.421875,40,2179,2179,25,18,-19,-15,-20
58.42578125,41,2179,2179,24,18,-20,-15,-20
58.4296875,41,2179,2179,24,18,-20,-15,-20
58.43359375,41,2179,2179,24,18,-20,-15,-20
58.4375,42,2179,2179,24,18,-20,-15,-20
58.44140625,42,2179,2179,24,18,-20,-15,-20
58.4453125,43,2179,2179,24,18,-20,-15,-20
58.44921875,43,2179,2179,25,18,-20,-15,-20
58.453125,43,2179,2179,25,18,-20,-15,-20
58.45703125,43,2179,2179,24,18,-20,-15,-20
58.4609375,44,2179,2179,24,18,-20,-15,-20
58.46484375,44,2179,2179,24,18,-20,-15,-20
58.46875,44,2179,2179,24,18,-20,-15,-20
58.47265625,44,2179,2179,24,18,-20,-15,-20
58.4765625,45,2179,2179,24,18,-20,-15,-20
58.48046875,45,2179,2179,24,18,-20,-15,-20
58.484375,45,2179,2179,24,18,-20,-15,-20
58.48828125,45,2179,2179,24,18,-20,-15,-20
58.4921875,46,2179,2179,24,18,-20,-15,-20
58.49609375,46,2179,2179,24,18,-20,-15,-20
58.5,46,2179,2179,24,18,-20,-15,-20
58.50390625,47,2179,2179,24,18,-20,-15,-20
58.5078125,47,2179,2179,24,18,-20,-15,-20
58.51171875,48,2179,2179,24,18,-20,-15,-20
58.515625,48,2179,2179,24,18,-20,-15,-20
58.51953125,48,2179,2179,24,18,-20,-15,-20
58.5234375,49,2179,2179,24,18,-20,-15,-20
58.52734375,50,2179,2179,24,18,-20,-15,-20
58.53125,50,2179,2179,24,18,-20,-14,-20
58.53515625,51,2179,2179,24,18,-20,-15,-20
58.5390625,52,2179,2179,24,18,-20,-15,-20
58.54296875,52,2179,2179,24,18,-20,-15,-20
58.546875,53,2179,2179,24,18,-20,-15,-20
58.55078125,54,2179,2179,25,18,-20,-15,-20
58.5546875,54,2179,2179,24,18,-20,-15,-20
58.55859375,55,2179,2179,24,18,-20,-15,-20
58.5625,56,2179,2179,24,18,-20,-15,-20
58.56640625,57,2179,2179,24,18,-20,-15,-20
58.5703125,58,2179,2179,24,18,-20,-15,-20
58.57421875,59,2179,2179,24,17,-20,-15,-20
58.578125,59,2179,2179,24,17,-20,-15,-21
58.58203125,60,2179,2179,23,17,-20,-15,-20
58.5859375,60,2179,2179,24,17,-20,-15,-21
58.58984375,61,2179,2179,24,18,-20,-15,-21
58.59375,61,2179,2179,24,17,-20,-15,-21
58.59765625,61,2179,2179,24,17,-20,-15,-20
58.6015625,62,2179,2179,24,18,-20,-15,-20
58.60546875,62,2179,2179,24,17,-20,-15,-20
58.609375,62,2179,2179,24,17,-20,-15,-20
58.61328125,63,2179,2179,24,17,-20,-15,-20
58.6171875,63,2179,2179,24,18,-20,-15,-20
58.62109375,63,2179,2179,24,18,-20,-15,-20
58.625,63,2179,2179,24,18,-20,-15,-21
58.62890625,63,2179,2179,24,18,-20,-15,-20
58.6328125,63,2179,2179,24,18,-20,-15,-20
58.63671875,63,2179,2179,24,18,-19,-15,-20
58.640625,63,2179,2179,24,18,-20,-15,-20
58.64453125,63,2179,2179,24,18,-20,-15,-20
58.6484375,63,2179,2179,25,18,-20,-15,-20
58.65234375,63,2179,2179,25,18,-20,-15,-20
58.65625,64,2179,2179,25,18,-20,-15,-20
58.66015625,64,2179,2179,24,18,-20,-15,-20
58.6640625,64,2179,2179,24,18,-20,-15,-20
58.66796875,64,2179,2179,25,18,-20,-15,-20
58.671875,64,2179,2179,25,18,-20,-15,-20
58.67578125,65,2179,2179,24,18,-20,-15,-20
58.6796875,65,2179,2179,24,18,-20,-15,-20
58.68359375,65,2179,2179,24,18,-20,-15,-20
58.6875,66,2179,2179,24,18,-20,-15,-21
58.69140625,66,2179,2179,24,18,-20,-15,-20
58.6953125,66,2179,2179,24,18,-20,-15,-20
58.69921875,66,2179,2179,24,18,-20,-15,-20
58.703125,66,2179,2179,24,18,-20,-15,-21
58.70703125,66,2179,2179,24,18,-20,-15,-21
58.7109375,66,2179,2179,24,18,-20,-15,-21
58.71484375,66,2179,2179,24,18,-20,-15,-20
58.71875,66,2179,2179,24,18,-20,-15,-20
58.72265625,66,2179,2179,24,18,-20,-15,-21
58.7265625,66,2179,2179,24,18,-20,-15,-20
58.73046875,66,2179,2179,24,18,-20,-15,-20
58.734375,66,2179,2179,24,18,-20,-15,-20
58.73828125,66,2179,2179,24,18,-20,-15,-20
58.7421875,66,2179,2179,24,18,-20,-16,-20
58.74609375,67,2179,2179,24,18,-20,-15,-20
58.75,67,2179,2179,24,18,-20,-15,-20
58.75390625,67,2179,2179,24,18,-20,-15,-20
58.7578125,68,2179,2179,24,17,-20,-15,-20
58.76171875,68,2179,2179,24,18,-20,-15,-20
58.765625,68,2179,2179,24,18,-20,-15,-20
58.76953125,68,2179,2179,24,18,-20,-15,-20
58.7734375,69,2179,2179,24,18,-20,-15,-20
58.77734375,69,2179,2179,24,18,-20,-15,-20
58.78125,68,2179,2179,24,18,-20,-15,-20
58.78515625,68,2179,2179,24,18,-20,-15,-20
58.7890625,69,2179,2179,24,18,-20,-15,-20
58.79296875,69,2179,2179,24,18,-20,-15,-20
58.796875,69,2179,2179,24,17,-20,-15,-21
58.80078125,69,2179,2179,24,18,-20,-15,-20
58.8046875,69,2179,2179,24,18,-20,-15,-20
58.80859375,70,2179,2179,24,17,-20,-15,-21
58.8125,70,2179,2179,24,18,-20,-15,-20
58.81640625,70,2179,2179,24,18,-20,-15,-20
58.8203125,70,2179,2179,24,18,-20,-15,-20
58.82421875,71,2179,2179,24,18,-20,-15,-20
58.828125,71,2179,2179,24,18,-20,-15,-20
58.83203125,71,2179,2179,24,18,-20,-15,-21
58.8359375,71,2179,2179,25,19,-20,-15,-20
58.83984375,71,2179,2179,25,18,-20,-15,-20
58.84375,71,2179,2179,24,18,-20,-15,-20
58.84765625,71,2179,2179,24,18,-20,-15,-20
58.8515625,71,2179,2179,24,18,-20,-15,-20
58.85546875,71,2179,2179,24,18,-20,-15,-20
58.859375,72,2179,2179,24,18,-20,-15,-20
58.86328125,72,2179,2179,24,18,-20,-15,-20
58.8671875,72,2179,2179,24,18,-20,-16,-20
58.87109375,72,2179,2179,24,18,-20,-15,-20
58.875,73,2179,2179,24,18,-20,-15,-20
58.87890625,73,2179,2179,24,17,-20,-15,-20
58.8828125,73,2179,2179,24,18,-20,-15,-20
58.88671875,73,2179,2179,24,18,-20,-15,-20
58.890625,73,2179,2179,24,18,-20,-15,-20
58.89453125,73,2179,2179,24,18,-20,-15,-20
58.8984375,73,2179,2179,24,18,-20,-15,-20
58.90234375,73,2179,2179,24,18,-20,-15,-20
58.90625,74,2179,2179,24,18,-20,-15,-20
58.91015625,74,2179,2179,24,18,-20,-15,-20
58.9140625,74,2179,2179,24,18,-20,-15,-20
58.91796875,74,2179,2179,24,18,-20,-15,-20
58.921875,74,2179,2179,25,18,-20,-15,-20
58.92578125,74,2179,2179,24,18,-20,-15,-21
58.9296875,74,2179,2179,24,18,-20,-15,-20
58.93359375,74,2179,2179,24,18,-20,-15,-20
58.9375,74,2179,2179,24,18,-20,-15,-20
58.94140625,74,2179,2179,24,18,-20,-15,-20
58.9453125,75,2179,2179,24,18,-20,-15,-20
58.94921875,75,2179,2179,24,18,-20,-15,-20
58.953125,75,2179,2179,24,18,-20,-15,-20
58.95703125,75,2179,2179,24,18,-20,-15,-20
58.9609375,75,2179,2179,24,18,-20,-15,-20
58.96484375,75,2179,2179,24,17,-20,-15,-20
58.96875,75,2179,2179,25,18,-20,-15,-20
58.97265625,75,2179,2179,25,18,-20,-15,-20
58.9765625,75,2179,2179,25,17,-19,-15,-20
58.98046875,75,2179,2179,25,17,-20,-15,-20
58.984375,75,2179,2179,26,18,-19,-15,-20
58.98828125,76,2179,2179,26,18,-20,-15,-20
58.9921875,76,2179,2179,26,18,-20,-14,-20
58.99609375,77,2179,2179,26,17,-20,-15,-20
59.0,77,2179,2179,27,18,-20,-15,-20
59.00390625,77,2179,2179,27,18,-20,-15,-20
59.0078125,77,2179,2179,27,17,-20,-15,-20
59.01171875,78,2179,2179,27,17,-20,-15,-20
59.015625,77,2179,2179,28,17,-20,-15,-20
59.01953125,78,2179,2179,28,18,-20,-15,-20
59.0234375,78,2179,2179,29,18,-20,-15,-20
59.02734375,78,2179,2179,29,17,-20,-15,-20
59.03125,78,2179,2179,31,18,-20,-15,-20
59.03515625,78,2179,2179,32,18,-20,-15,-21
59.0390625,78,2179,2179,33,18,-20,-15,-20
59.04296875,78,2179,2179,34,18,-20,-15,-20
59.046875,79,2179,2179,36,18,-20,-15,-20
59.05078125,78,2179,2179,38,18,-20,-15,-20
59.0546875,78,2179,2179,39,18,-20,-15,-20
59.05859375,79,2179,2179,39,18,-20,-15,-21
59.0625,78,2179,2179,40,18,-20,-15,-21
59.06640625,78,2179,2179,41,18,-20,-15,-21
59.0703125,78,2179,2179,42,18,-20,-15,-21
59.07421875,78,2179,2179,43,19,-20,-15,-21
59.078125,79,2179,2179,44,18,-20,-15,-20
59.08203125,78,2179,2179,46,18,-20,-15,-20
59.0859375,79,2179,2179,49,19,-20,-15,-20
59.08984375,79,2179,2179,52,19,-20,-15,-20
59.09375,79,2179,2179,55,18,-20,-15,-20
59.09765625,79,2179,2179,59,18,-20,-15,-20
59.1015625,79,2179,2179,62,18,-20,-15,-20
59.10546875,79,2179,2179,65,18,-20,-15,-20
59.109375,79,2179,2179,67,18,-20,-15,-20
59.11328125,79,2179,2179,68,18,-20,-15,-20
59.1171875,79,2179,2179,68,18,-20,-14,-20
59.12109375,78,2179,2179,69,18,-20,-15,-20
59.125,79,2179,2179,69,18,-20,-15,-20
59.12890625,79,2179,2179,70,18,-20,-15,-20
59.1328125,79,2179,2179,74,18,-20,-15,-20
59.13671875,79,2179,2179,78,18,-20,-15,-20
59.140625,79,2179,2179,83,18,-20,-15,-21
59.14453125,80,2179,2179,88,18,-20,-15,-20
59.1484375,79,2179,2179,93,18,-20,-15,-21
59.15234375,79,2179,2179,98,18,-20,-15,-21
59.15625,80,2179,2179,100,18,-20,-15,-21
59.16015625,80,2179,2179,100,17,-20,-15,-21
59.1640625,79,2179,2179,100,17,-20,-15,-20
59.16796875,79,2179,2179,100,18,-20,-15,-21
59.171875,79,2179,2179,100,18,-20,-15,-20
59.17578125,79,2179,2179,100,17,-20,-15,-20
59.1796875,79,2179,2179,102,17,-20,-15,-20
59.18359375,79,2179,2179,106,18,-20,-15,-20
59.1875,79,2179,2179,110,17,-20,-15,-20
59.19140625,79,2179,2179,113,17,-20,-15,-20
59.1953125,79,2179,2179,116,17,-20,-15,-20
59.19921875,79,2179,2179,117,17,-20,-15,-20
59.203125,79,2179,2179,117,18,-20,-15,-20
59.20703125,79,2179,2179,117,18,-20,-15,-20
59.2109375,79,2179,2179,117,17,-20,-15,-20
59.21484375,79,2179,2179,118,17,-20,-15,-20
59.21875,79,2179,2179,121,18,-20,-15,-20
59.22265625,80,2179,2179,123,18,-20,-15,-20
59.2265625,80,2179,2179,126,18,-20,-15,-20
59.23046875,80,2179,2179,128,18,-20,-15,-20
59.234375,80,2179,2179,130,18,-20,-15,-20
59.23828125,80,2179,2179,131,18,-20,-15,-20
59.2421875,81,2179,2179,131,18,-20,-14,-20
59.24609375,81,2179,2179,131,18,-20,-15,-20
59.25,80,2179,2179,132,18,-20,-15,-20
59.25390625,81,2179,2179,133,18,-20,-15,-21
59.2578125,81,2179,2179,134,18,-20,-15,-21
59.26171875,81,2179,2179,136,18,-20,-15,-21
59.265625,80,2179,2179,139,18,-20,-15,-21
59.26953125,81,2179,2179,140,18,-20,-15,-21
59.2734375,81,2179,2179,142,18,-20,-15,-20
59.27734375,81,2179,2179,142,18,-20,-15,-20
59.28125,81,2179,2179,142,18,-20,-15,-20
59.28515625,81,2179,2179,142,18,-20,-15,-20
59.2890625,81,2179,2179,142,18,-20,-15,-20
59.29296875,81,2179,2179,142,18,-20,-15,-20
59.296875,81,2179,2179,142,18,-20,-15,-20
59.30078125,81,2179,2179,144,18,-20,-15,-20
59.3046875,81,2179,2179,145,18,-20,-15,-20
59.30859375,81,2179,2179,146,18,-20,-15,-20
59.3125,81,2179,2179,146,18,-20,-15,-20
59.31640625,81,2179,2179,147,18,-20,-15,-20
59.3203125,81,2179,2179,147,18,-20,-15,-20
59.32421875,82,2179,2179,146,18,-20,-15,-20
59.328125,82,2179,2179,147,17,-20,-15,-20
59.33203125,82,2179,2179,148,17,-20,-15,-20
59.3359375,82,2179,2179,149,17,-20,-15,-21
59.33984375,83,2179,2179,151,17,-20,-15,-20
59.34375,83,2179,2179,151,17,-20,-15,-20
59.34765625,82,2179,2179,152,17,-20,-15,-21
59.3515625,83,2179,2179,152,17,-20,-15,-20
59.35546875,83,2179,2179,152,18,-20,-15,-21
59.359375,83,2179,2179,151,18,-20,-15,-20
59.36328125,82,2179,2179,151,18,-20,-15,-21
59.3671875,83,2179,2179,151,18,-20,-15,-21
59.37109375,83,2179,2179,152,18,-20,-15,-20
59.375,83,2179,2179,152,18,-20,-15,-20
59.37890625,83,2179,2179,152,18,-20,-15,-21
59.3828125,83,2179,2179,152,18,-20,-15,-21
59.38671875,83,2179,2179,152,18,-20,-15,-21
59.390625,83,2179,2179,152,18,-20,-15,-21
59.39453125,83,2179,2179,151,18,-20,-15,-20
59.3984375,82,2179,2179,152,18,-20,-15,-21
59.40234375,82,2179,2179,153,18,-20,-15,-20
59.40625,82,2179,2179,154,18,-20,-15,-20
59.41015625,82,2179,2179,154,17,-20,-15,-20
59.4140625,82,2179,2179,155,18,-20,-15,-20
59.41796875,82,2179,2179,155,18,-20,-15,-20
59.421875,82,2179,2179,156,18,-20,-15,-20
59.42578125,83,2179,2179,155,18,-20,-15,-20
59.4296875,83,2179,2179,155,18,-20,-15,-20
59.43359375,83,2179,2179,155,18,-20,-15,-20
59.4375,83,2179,2179,156,18,-20,-15,-20
59.44140625,83,2179,2179,156,18,-20,-15,-20
59.4453125,83,2179,2179,157,17,-20,-15,-20
59.44921875,83,2179,2179,158,17,-20,-15,-20
59.453125,83,2179,2179,158,18,-20,-15,-20
59.45703125,83,2179,2179,158,18,-20,-15,-20
59.4609375,83,2179,2179,158,17,-20,-15,-20
59.46484375,83,2179,2179,158,18,-20,-15,-20
59.46875,83,2179,2179,158,18,-20,-15,-20
59.47265625,83,2179,2179,158,18,-20,-15,-20
59.4765625,83,2179,2179,158,18,-20,-15,-20
59.48046875,82,2179,2179,158,18,-20,-15,-20
59.484375,82,2179,2179,159,18,-20,-15,-20
59.48828125,82,2179,2179,159,18,-20,-15,-20
59.4921875,82,2179,2179,159,18,-20,-14,-20
59.49609375,82,2179,2179,159,18,-20,-15,-20
59.5,82,2179,2179,160,18,-25,-15,-21
59.50390625,82,2179,2179,160,18,-20,-15,-20
59.5078125,82,2179,2179,160,18,-20,-15,-20
59.51171875,82,2179,2179,160,18,-20,-15,-20
59.515625,81,2179,2179,160,18,-20,-15,-20
59.51953125,81,2179,2179,159,18,-20,-15,-20
59.5234375,81,2179,2179,159,18,-20,-15,-20
59.52734375,81,2179,2179,159,18,-20,-15,-20
59.53125,80,2179,2179,159,18,-20,-15,-20
59.53515625,80,2179,2179,159,18,-20,-15,-20
59.5390625,81,2179,2179,160,18,-20,-15,-20
59.54296875,81,2179,2179,160,18,-20,-15,-20
59.546875,81,2179,2179,161,18,-20,-15,-20
59.55078125,81,2179,2179,162,18,-20,-15,-20
59.5546875,81,2179,2179,162,18,-20,-15,-20
59.55859375,81,2179,2179,162,17,-20,-15,-21
59.5625,81,2179,2179,162,18,-20,-15,-20
59.56640625,80,2179,2179,162,18,-20,-15,-20
59.5703125,80,2179,2179,162,18,-20,-15,-20
59.57421875,80,2179,2179,162,18,-20,-15,-21
59.578125,80,2179,2179,162,17,-20,-15,-20
59.58203125,80,2179,2179,161,17,-20,-15,-21
59.5859375,79,2179,2179,162,18,-20,-15,-21
59.58984375,80,2179,2179,161,18,-20,-15,-21
59.59375,79,2179,2179,161,17,-20,-15,-21
59.59765625,79,2179,2179,161,17,-20,-15,-20
59.6015625,79,2179,2179,162,18,-20,-15,-20
59.60546875,79,2179,2179,162,18,-20,-15,-20
59.609375,79,2179,2179,162,17,-20,-15,-20
59.61328125,78,2179,2179,163,17,-20,-15,-20
59.6171875,78,2179,2179,164,18,-20,-15,-20
59.62109375,77,2179,2179,164,18,-20,-15,-20
59.625,77,2179,2179,164,18,-15,-15,-20
59.62890625,77,2179,2179,164,17,-20,-15,-20
59.6328125,77,2179,2179,164,18,-20,-15,-20
59.63671875,77,2179,2179,164,18,-20,-15,-20
59.640625,77,2179,2179,164,18,-20,-15,-20
59.64453125,77,2179,2179,163,18,-20,-15,-20
59.6484375,76,2179,2179,163,18,-20,-15,-20
59.65234375,76,2179,2179,164,18,-20,-15,-20
59.65625,77,2179,2179,164,18,-20,-15,-20
59.66015625,77,2179,2179,164,18,-20,-15,-21
59.6640625,76,2179,2179,165,18,-20,-15,-21
59.66796875,76,2179,2179,165,19,-20,-15,-21
59.671875,76,2179,2179,165,19,-20,-15,-20
59.67578125,77,2179,2179,165,18,-20,-15,-20
59.6796875,77,2179,2179,165,18,-20,-15,-20
59.68359375,76,2179,2179,165,18,-20,-15,-20
59.6875,76,2179,2179,165,18,-20,-15,-20
59.69140625,76,2179,2179,165,18,-20,-15,-20
59.6953125,76,2179,2179,165,18,-20,-15,-21
59.69921875,76,2179,2179,166,18,-20,-15,-20
59.703125,76,2179,2179,166,19,-20,-15,-21
59.70703125,76,2179,2179,167,18,-20,-15,-20
59.7109375,76,2179,2179,167,18,-20,-15,-20
59.71484375,75,2179,2179,167,18,-20,-15,-20
59.71875,75,2179,2179,166,18,-20,-15,-21
59.72265625,75,2179,2179,166,18,-20,-15,-20
59.7265625,75,2179,2179,165,18,-20,-15,-21
59.73046875,74,2179,2179,164,18,-20,-15,-20
59.734375,74,2179,2179,164,18,-20,-15,-21
59.73828125,73,2179,2179,164,18,-20,-15,-20
59.7421875,73,2179,2179,164,18,-20,-15,-20
59.74609375,73,2179,2179,164,18,-20,-15,-20
59.75,73,2179,2179,165,18,-27,-15,-20
59.75390625,73,2179,2179,166,18,-20,-15,-20
59.7578125,73,2179,2179,166,17,-20,-15,-20
59.76171875,73,2179,2179,166,18,-20,-15,-20
59.765625,73,2179,2179,166,17,-20,-15,-20
59.76953125,73,2179,2179,166,18,-20,-15,-21
59.7734375,73,2179,2179,166,17,-20,-15,-20
59.77734375,73,2179,2179,166,17,-20,-15,-21
59.78125,72,2179,2179,166,17,-20,-15,-20
59.78515625,72,2179,2179,166,17,-20,-15,-21
59.7890625,72,2179,2179,166,17,-20,-15,-20
59.79296875,72,2179,2179,166,17,-20,-15,-20
59.796875,71,2179,2179,166,17,-20,-15,-20
59.80078125,71,2179,2179,166,18,-20,-15,-20
59.8046875,70,2179,2179,166,18,-20,-15,-20
59.80859375,71,2179,2179,166,17,-20,-15,-21
59.8125,70,2179,2179,166,18,-20,-15,-21
59.81640625,70,2179,2179,167,18,-20,-15,-20
59.8203125,70,2179,2179,167,18,-20,-15,-20
59.82421875,70,2179,2179,167,18,-20,-15,-20
59.828125,70,2179,2179,167,18,-20,-15,-20
59.83203125,69,2179,2179,167,18,-20,-15,-20
59.8359375,69,2179,2179,168,18,-20,-15,-20
59.83984375,69,2179,2179,168,18,-20,-15,-20
59.84375,68,2179,2179,168,18,-20,-15,-20
59.84765625,68,2179,2179,168,18,-20,-15,-20
59.8515625,67,2179,2179,168,18,-20,-15,-20
59.85546875,68,2179,2179,167,18,-20,-15,-20
59.859375,68,2179,2179,167,18,-20,-15,-20
59.86328125,68,2179,2179,166,18,-20,-15,-20
59.8671875,68,2179,2179,167,18,-20,-15,-20
59.87109375,68,2179,2179,167,19,-20,-15,-20
59.875,68,2179,2179,167,18,-14,-15,-20
59.87890625,68,2179,2179,167,18,-20,-15,-20
59.8828125,67,2179,2179,168,18,-20,-15,-20
59.88671875,67,2179,2179,168,18,-20,-15,-20
59.890625,67,2179,2179,168,18,-20,-15,-20
59.89453125,67,2179,2179,168,18,-20,-15,-20
59.8984375,67,2179,2179,167,18,-20,-15,-20
59.90234375,67,2179,2179,168,18,-20,-15,-20
59.90625,67,2179,2179,168,18,-20,-15,-20
59.91015625,67,2179,2179,167,18,-20,-15,-20
59.9140625,67,2179,2179,167,18,-20,-15,-20
59.91796875,67,2179,2179,167,18,-20,-15,-21
59.921875,67,2179,2179,168,18,-20,-15,-21
59.92578125,67,2179,2179,168,18,-20,-15,-21
59.9296875,67,2179,2179,168,18,-20,-15,-21
59.93359375,66,2179,2179,168,18,-20,-15,-21
59.9375,66,2179,2179,169,18,-20,-15,-21
59.94140625,66,2179,2179,168,18,-20,-15,-20
59.9453125,66,2179,2179,169,18,-20,-15,-20
59.94921875,65,2179,2179,169,18,-20,-15,-20
59.953125,65,2179,2179,169,18,-20,-15,-20
59.95703125,65,2179,2179,169,18,-20,-15,-20
59.9609375,65,2179,2179,168,18,-20,-15,-20
59.96484375,64,2179,2179,168,17,-20,-15,-20
59.96875,64,2179,2179,169,18,-20,-15,-20
59.97265625,64,2179,2179,169,18,-20,-15,-20
59.9765625,64,2179,2179,168,17,-20,-15,-20
59.98046875,64,2179,2179,168,17,-20,-15,-20
59.984375,64,2179,2179,169,18,-20,-15,-20
59.98828125,64,2179,2179,169,18,-20,-15,-20
59.9921875,64,2179,2179,169,18,-20,-15,-20
59.99609375,64,2179,2179,168,18,-20,-15,-20
