time_s,raw_ch1,raw_ch2,raw_ch3,raw_ch4,raw_ch5,raw_ch6,raw_ch7,raw_ch8
0.000000,3,2179,2179,17,7,-25,-21,-23
0.003906,3,2179,2179,17,7,-25,-21,-24
0.007812,3,2179,2179,17,7,-25,-21,-23
0.011719,3,2179,2179,17,7,-25,-21,-23
0.015625,3,2179,2179,17,7,-25,-21,-23
0.019531,3,2179,2179,17,7,-25,-21,-23
0.023438,3,2179,2179,17,7,-25,-21,-23
0.027344,2,2179,2179,17,7,-25,-20,-23
0.031250,2,2179,2179,17,8,-25,-21,-23
0.035156,2,2179,2179,17,8,-25,-20,-23
0.039062,2,2179,2179,17,7,-25,-21,-23
0.042969,2,2179,2179,17,7,-25,-20,-23
0.046875,2,2179,2179,17,8,-25,-20,-23
0.050781,2,2179,2179,17,8,-25,-21,-23
0.054688,2,2179,2179,17,8,-25,-21,-23
0.058594,3,2179,2179,17,7,-25,-21,-23
0.062500,3,2179,2179,17,7,-25,-20,-23
0.066406,3,2179,2179,17,8,-25,-21,-23
0.070312,4,2179,2179,17,7,-25,-21,-23
0.074219,4,2179,2179,17,7,-25,-21,-23
0.078125,3,2179,2179,17,7,-25,-21,-23
0.082031,4,2179,2179,17,7,-25,-21,-23
0.085938,4,2179,2179,17,7,-25,-21,-23
0.089844,4,2179,2179,16,7,-25,-21,-24
0.093750,4,2179,2179,17,7,-26,-21,-24
0.097656,4,2179,2179,17,7,-25,-21,-24
0.101562,4,2179,2179,17,7,-25,-21,-24
0.105469,4,2179,2179,17,7,-25,-21,-24
0.109375,4,2179,2179,17,7,-26,-21,-24
0.113281,4,2179,2179,17,6,-25,-21,-24
0.117188,3,2179,2179,17,7,-25,-21,-24
0.121094,4,2179,2179,17,7,-25,-21,-23
0.125000,4,2179,2179,17,7,-25,-21,-23
0.128906,4,2179,2179,17,7,-25,-21,-23
0.132812,4,2179,2179,17,8,-25,-20,-23
0.136719,5,2179,2179,17,8,-25,-20,-23
0.140625,5,2179,2179,17,7,-25,-20,-23
0.144531,5,2179,2179,17,7,-25,-20,-23
0.148438,5,2179,2179,17,7,-25,-21,-23
0.152344,5,2179,2179,17,7,-25,-21,-23
0.156250,6,2179,2179,17,7,-25,-21,-23
0.160156,5,2179,2179,17,7,-25,-21,-23
0.164062,5,2179,2179,17,7,-25,-21,-23
0.167969,5,2179,2179,17,7,-25,-21,-23
0.171875,6,2179,2179,16,6,-25,-21,-23
0.175781,6,2179,2179,16,7,-25,-21,-23
0.179688,5,2179,2179,17,6,-25,-21,-24
0.183594,6,2179,2179,17,7,-25,-21,-23
0.187500,6,2179,2179,17,7,-26,-21,-24
0.191406,6,2179,2179,16,7,-26,-21,-24
0.195312,6,2179,2179,17,7,-25,-21,-24
0.199219,6,2179,2179,17,7,-25,-21,-23
0.203125,6,2179,2179,17,7,-25,-21,-23
0.207031,6,2179,2179,17,7,-25,-21,-23
0.210938,7,2179,2179,17,7,-26,-21,-24
0.214844,6,2179,2179,17,7,-25,-21,-23
0.218750,6,2179,2179,17,7,-25,-21,-23
0.222656,6,2179,2179,17,7,-25,-21,-23
0.226562,7,2179,2179,17,7,-25,-21,-23
0.230469,6,2179,2179,17,7,-26,-21,-23
0.234375,6,2179,2179,17,7,-25,-21,-23
0.238281,7,2179,2179,17,6,-25,-20,-23
0.242188,7,2179,2179,16,7,-25,-20,-23
0.246094,6,2179,2179,17,7,-25,-20,-23
0.250000,7,2179,2179,17,7,-25,-20,-23
0.253906,7,2179,2179,17,7,-25,-20,-23
0.257812,7,2179,2179,17,7,-25,-20,-23
0.261719,7,2179,2179,17,7,-25,-20,-24
0.265625,7,2179,2179,17,7,-25,-20,-23
0.269531,8,2179,2179,17,7,-25,-21,-24
0.273438,8,2179,2179,17,7,-25,-20,-24
0.277344,8,2179,2179,17,7,-25,-21,-23
0.281250,8,2179,2179,17,7,-25,-21,-24
0.285156,8,2179,2179,17,7,-25,-21,-24
0.289062,8,2179,2179,17,7,-25,-21,-24
0.292969,8,2179,2179,17,7,-25,-21,-24
0.296875,8,2179,2179,17,8,-25,-21,-24
0.300781,8,2179,2179,17,8,-25,-21,-24
0.304688,8,2179,2179,17,8,-25,-21,-24
0.308594,8,2179,2179,17,7,-25,-21,-23
0.312500,7,2179,2179,17,7,-25,-21,-23
0.316406,7,2179,2179,17,7,-25,-21,-23
0.320312,7,2179,2179,17,8,-25,-20,-23
0.324219,7,2179,2179,17,7,-25,-20,-23
0.328125,7,2179,2179,17,7,-25,-21,-23
0.332031,7,2179,2179,17,8,-25,-21,-23
0.335938,8,2179,2179,17,8,-25,-20,-23
0.339844,8,2179,2179,17,7,-25,-20,-23
0.343750,8,2179,2179,17,7,-25,-21,-23
0.347656,7,2179,2179,17,7,-25,-21,-23
0.351562,7,2179,2179,17,7,-25,-21,-23
0.355469,7,2179,2179,17,7,-24,-21,-23
0.359375,8,2179,2179,16,7,-25,-21,-23
0.363281,7,2179,2179,17,6,-25,-21,-24
0.367188,7,2179,2179,17,7,-25,-21,-23
0.371094,8,2179,2179,16,6,-25,-21,-23
0.375000,8,2179,2179,16,6,-25,-21,-23
0.378906,8,2179,2179,16,6,-25,-21,-23
0.382812,8,2179,2179,16,6,-25,-21,-24
0.386719,8,2179,2179,16,7,-25,-21,-24
0.390625,8,2179,2179,16,6,-25,-21,-24
0.394531,8,2179,2179,16,6,-25,-21,-24
0.398438,8,2179,2179,17,7,-25,-21,-24
0.402344,8,2179,2179,17,7,-26,-21,-24
0.406250,8,2179,2179,16,7,-26,-21,-24
0.410156,8,2179,2179,17,7,-26,-21,-23
0.414062,8,2179,2179,17,7,-25,-21,-23
0.417969,7,2179,2179,17,7,-25,-21,-24
0.421875,7,2179,2179,17,7,-25,-21,-24
0.425781,7,2179,2179,17,7,-25,-21,-23
0.429688,7,2179,2179,17,7,-25,-21,-23
0.433594,7,2179,2179,17,8,-25,-21,-23
0.437500,7,2179,2179,17,7,-25,-20,-23
0.441406,7,2179,2179,17,7,-25,-20,-23
0.445312,7,2179,2179,17,7,-25,-21,-23
0.449219,8,2179,2179,17,7,-25,-21,-23
0.453125,8,2179,2179,17,7,-25,-21,-23
0.457031,9,2179,2179,17,7,-25,-21,-23
0.460938,9,2179,2179,17,7,-25,-21,-23
0.464844,8,2179,2179,17,7,-25,-21,-23
0.468750,9,2179,2179,17,7,-25,-21,-23
0.472656,9,2179,2179,17,7,-25,-20,-23
0.476562,9,2179,2179,17,7,-25,-21,-23
0.480469,9,2179,2179,17,7,-26,-21,-23
0.484375,9,2179,2179,17,7,-25,-21,-24
0.488281,10,2179,2179,17,7,-25,-21,-24
0.492188,10,2179,2179,17,7,-26,-21,-23
0.496094,10,2179,2179,17,7,-25,-21,-23
0.500000,11,2179,2179,17,7,-26,-21,-24
0.503906,11,2179,2179,17,8,-25,-21,-23
0.507812,12,2179,2179,17,7,-25,-21,-23
0.511719,12,2179,2179,17,7,-25,-21,-23
0.515625,12,2179,2179,17,7,-25,-21,-23
0.519531,13,2179,2179,17,7,-25,-21,-23
0.523438,13,2179,2179,17,7,-25,-21,-23
0.527344,13,2179,2179,16,7,-25,-21,-23
0.531250,13,2179,2179,17,7,-25,-21,-23
0.535156,13,2179,2179,17,7,-25,-21,-23
0.539062,13,2179,2179,16,6,-25,-21,-23
0.542969,13,2179,2179,16,6,-25,-21,-23
0.546875,13,2179,2179,16,7,-25,-21,-23
0.550781,14,2179,2179,16,6,-25,-21,-23
0.554688,14,2179,2179,16,7,-25,-21,-23
0.558594,14,2179,2179,16,6,-25,-20,-23
0.562500,14,2179,2179,16,6,-25,-21,-23
0.566406,14,2179,2179,17,7,-25,-21,-23
0.570312,15,2179,2179,17,7,-25,-21,-23
0.574219,15,2179,2179,16,7,-25,-20,-23
0.578125,15,2179,2179,17,6,-25,-21,-23
0.582031,15,2179,2179,17,7,-25,-21,-23
0.585938,16,2179,2179,17,7,-25,-21,-24
0.589844,16,2179,2179,17,7,-25,-21,-23
0.593750,17,2179,2179,17,7,-25,-21,-23
0.597656,16,2179,2179,17,7,-25,-21,-23
0.601562,16,2179,2179,17,7,-25,-21,-23
0.605469,17,2179,2179,17,7,-24,-21,-23
0.609375,17,2179,2179,17,7,-25,-21,-23
0.613281,16,2179,2179,17,7,-25,-21,-23
0.617188,16,2179,2179,17,7,-25,-21,-23
0.621094,16,2179,2179,17,7,-25,-21,-23
0.625000,16,2179,2179,17,7,-25,-21,-23
0.628906,16,2179,2179,17,7,-25,-21,-23
0.632812,16,2179,2179,17,7,-25,-21,-23
0.636719,17,2179,2179,17,7,-25,-21,-23
0.640625,17,2179,2179,17,7,-25,-21,-23
0.644531,17,2179,2179,17,7,-25,-21,-23
0.648438,18,2179,2179,17,8,-25,-21,-23
0.652344,18,2179,2179,17,8,-25,-21,-23
0.656250,18,2179,2179,17,7,-25,-21,-23
0.660156,18,2179,2179,17,7,-25,-21,-23
0.664062,18,2179,2179,17,8,-25,-21,-23
0.667969,19,2179,2179,17,7,-25,-20,-23
0.671875,19,2179,2179,17,7,-25,-21,-23
0.675781,20,2179,2179,17,7,-25,-21,-23
0.679688,20,2179,2179,17,7,-25,-21,-23
0.683594,20,2179,2179,17,7,-25,-21,-23
0.687500,21,2179,2179,17,7,-25,-20,-24
0.691406,22,2179,2179,17,7,-26,-21,-24
0.695312,22,2179,2179,17,7,-25,-21,-24
0.699219,23,2179,2179,17,8,-26,-21,-24
0.703125,23,2179,2179,17,8,-25,-21,-24
0.707031,24,2179,2179,17,7,-25,-21,-24
0.710938,24,2179,2179,17,7,-25,-21,-24
0.714844,24,2179,2179,17,7,-25,-21,-23
0.718750,24,2179,2179,17,7,-25,-21,-24
0.722656,25,2179,2179,17,7,-25,-21,-23
0.726562,25,2179,2179,17,7,-25,-21,-23
0.730469,25,2179,2179,17,7,-27,-21,-23
0.734375,25,2179,2179,17,7,-25,-21,-23
0.738281,26,2179,2179,17,8,-25,-20,-23
0.742188,26,2179,2179,17,7,-25,-20,-23
0.746094,27,2179,2179,17,7,-25,-20,-23
0.750000,27,2179,2179,17,7,-25,-20,-23
0.753906,28,2179,2179,17,7,-25,-20,-23
0.757812,28,2179,2179,16,7,-25,-20,-23
0.761719,28,2179,2179,17,7,-25,-20,-23
0.765625,28,2179,2179,17,7,-25,-21,-23
0.769531,28,2179,2179,17,7,-25,-21,-23
0.773438,28,2179,2179,16,7,-25,-21,-23
0.777344,28,2179,2179,16,6,-25,-21,-23
0.781250,29,2179,2179,17,7,-25,-21,-23
0.785156,29,2179,2179,17,7,-25,-21,-23
0.789062,29,2179,2179,16,6,-25,-21,-23
0.792969,30,2179,2179,16,6,-25,-21,-23
0.796875,30,2179,2179,17,7,-25,-21,-23
0.800781,30,2179,2179,17,7,-25,-21,-23
0.804688,30,2179,2179,16,7,-25,-21,-23
0.808594,30,2179,2179,16,7,-25,-21,-23
0.812500,30,2179,2179,17,7,-25,-21,-23
0.816406,30,2179,2179,17,7,-25,-21,-23
0.820312,31,2179,2179,17,7,-25,-21,-23
0.824219,31,2179,2179,17,7,-25,-21,-23
0.828125,31,2179,2179,17,7,-25,-21,-23
0.832031,31,2179,2179,17,7,-25,-21,-23
0.835938,30,2179,2179,17,7,-25,-21,-23
0.839844,31,2179,2179,17,7,-25,-21,-23
0.843750,31,2179,2179,17,7,-25,-21,-23
0.847656,31,2179,2179,17,7,-25,-21,-23
0.851562,31,2179,2179,17,7,-25,-21,-23
0.855469,32,2179,2179,17,7,-23,-21,-23
0.859375,32,2179,2179,17,7,-25,-21,-23
0.863281,32,2179,2179,17,9,-25,-21,-23
0.867188,32,2179,2179,17,7,-25,-21,-23
0.871094,32,2179,2179,17,7,-25,-21,-23
0.875000,33,2179,2179,17,7,-25,-21,-23
0.878906,33,2179,2179,17,7,-25,-21,-23
0.882812,33,2179,2179,17,8,-25,-21,-23
0.886719,33,2179,2179,17,7,-25,-21,-23
0.890625,33,2179,2179,17,7,-25,-21,-23
0.894531,33,2179,2179,17,7,-25,-21,-23
0.898438,34,2179,2179,17,8,-26,-21,-24
0.902344,34,2179,2179,17,7,-25,-21,-24
0.906250,35,2179,2179,17,7,-26,-21,-23
0.910156,35,2179,2179,17,7,-26,-21,-23
0.914062,36,2179,2179,17,7,-25,-21,-23
0.917969,36,2179,2179,17,7,-25,-21,-23
0.921875,37,2179,2179,17,7,-25,-21,-23
0.925781,36,2179,2179,17,7,-25,-21,-23
0.929688,36,2179,2179,17,7,-25,-21,-23
0.933594,36,2179,2179,17,7,-25,-21,-23
0.937500,36,2179,2179,17,7,-25,-21,-23
0.941406,36,2179,2179,16,7,-25,-21,-23
0.945312,36,2179,2179,16,7,-25,-21,-23
0.949219,36,2179,2179,17,7,-25,-21,-23
0.953125,37,2179,2179,17,7,-25,-21,-23
0.957031,37,2179,2179,16,7,-25,-21,-23
0.960938,37,2179,2179,16,6,-25,-21,-23
0.964844,37,2179,2179,17,7,-25,-21,-23
0.968750,38,2179,2179,17,7,-25,-21,-23
0.972656,38,2179,2179,16,6,-25,-21,-23
0.976562,38,2179,2179,16,6,-25,-21,-23
0.980469,38,2179,2179,17,6,-27,-21,-23
0.984375,38,2179,2179,17,7,-25,-21,-24
0.988281,39,2179,2179,16,6,-25,-21,-23
0.992188,38,2179,2179,16,6,-25,-21,-24
0.996094,38,2179,2179,17,7,-25,-21,-24
1.000000,39,2179,2179,17,7,-25,-21,-23
1.003906,39,2179,2179,17,7,-25,-21,-23
1.007812,39,2179,2179,17,7,-25,-21,-23
1.011719,39,2179,2179,17,7,-25,-21,-23
1.015625,39,2179,2179,17,7,-25,-21,-23
1.019531,39,2179,2179,17,7,-25,-21,-23
1.023438,39,2179,2179,17,7,-25,-21,-23
1.027344,39,2179,2179,17,7,-25,-21,-23
1.031250,39,2179,2179,17,7,-25,-21,-23
1.035156,39,2179,2179,17,8,-25,-21,-23
1.039062,39,2179,2179,17,7,-25,-21,-23
1.042969,40,2179,2179,17,7,-25,-21,-23
1.046875,39,2179,2179,17,8,-25,-21,-23
1.050781,40,2179,2179,17,8,-25,-20,-23
1.054688,40,2179,2179,17,8,-25,-21,-23
1.058594,40,2179,2179,17,7,-25,-20,-23
1.062500,40,2179,2179,17,7,-25,-20,-23
1.066406,40,2179,2179,17,7,-25,-21,-23
1.070312,41,2179,2179,17,7,-25,-21,-23
1.074219,41,2179,2179,17,7,-25,-20,-23
1.078125,41,2179,2179,16,6,-25,-21,-23
1.082031,42,2179,2179,16,7,-25,-21,-23
1.085938,42,2179,2179,17,7,-25,-21,-23
1.089844,42,2179,2179,16,6,-25,-21,-24
1.093750,42,2179,2179,16,6,-25,-21,-24
1.097656,42,2179,2179,17,7,-25,-21,-24
1.101562,43,2179,2179,17,7,-25,-21,-23
1.105469,43,2179,2179,17,7,-22,-21,-23
1.109375,44,2179,2179,17,7,-25,-21,-23
1.113281,44,2179,2179,17,7,-25,-21,-23
1.117188,44,2179,2179,18,7,-25,-21,-23
1.121094,45,2179,2179,18,7,-25,-21,-23
1.125000,45,2179,2179,18,7,-25,-21,-23
1.128906,45,2179,2179,19,7,-25,-21,-23
1.132812,45,2179,2179,19,7,-25,-21,-23
1.136719,46,2179,2179,19,7,-25,-21,-23
1.140625,46,2179,2179,19,7,-25,-20,-23
1.144531,46,2179,2179,19,7,-25,-20,-23
1.148438,46,2179,2179,19,7,-25,-20,-23
1.152344,47,2179,2179,19,7,-25,-20,-23
1.156250,47,2179,2179,18,7,-25,-20,-23
1.160156,48,2179,2179,18,7,-25,-20,-23
1.164062,48,2179,2179,19,7,-25,-20,-23
1.167969,48,2179,2179,19,7,-25,-20,-23
1.171875,49,2179,2179,18,7,-25,-20,-23
1.175781,49,2179,2179,18,7,-25,-21,-23
1.179688,49,2179,2179,19,7,-25,-21,-23
1.183594,49,2179,2179,19,7,-25,-21,-23
1.187500,50,2179,2179,19,7,-25,-21,-23
1.191406,50,2179,2179,18,7,-25,-21,-23
1.195312,49,2179,2179,18,7,-25,-21,-23
1.199219,50,2179,2179,19,7,-25,-21,-23
1.203125,50,2179,2179,19,7,-25,-21,-23
1.207031,50,2179,2179,19,7,-25,-21,-23
1.210938,50,2179,2179,19,7,-25,-21,-23
1.214844,50,2179,2179,19,7,-26,-21,-23
1.218750,50,2179,2179,19,8,-25,-21,-23
1.222656,51,2179,2179,19,7,-25,-21,-23
1.226562,51,2179,2179,19,7,-25,-21,-23
1.230469,50,2179,2179,19,7,-29,-21,-23
1.234375,50,2179,2179,19,7,-25,-21,-23
1.238281,50,2179,2179,19,7,-25,-21,-23
1.242188,50,2179,2179,19,7,-25,-21,-23
1.246094,50,2179,2179,20,7,-25,-21,-23
1.250000,50,2179,2179,20,7,-25,-20,-23
1.253906,51,2179,2179,21,7,-25,-20,-23
1.257812,51,2179,2179,21,7,-25,-20,-23
1.261719,51,2179,2179,21,7,-25,-21,-23
1.265625,52,2179,2179,22,8,-25,-21,-23
1.269531,52,2179,2179,23,7,-25,-21,-23
1.273438,52,2179,2179,24,7,-25,-21,-23
1.277344,53,2179,2179,25,7,-25,-21,-23
1.281250,52,2179,2179,26,7,-25,-21,-23
1.285156,53,2179,2179,28,7,-25,-21,-23
1.289062,53,2179,2179,29,7,-25,-21,-23
1.292969,53,2179,2179,31,7,-25,-21,-23
1.296875,53,2179,2179,33,7,-25,-21,-23
1.300781,53,2179,2179,35,8,-25,-21,-23
1.304688,53,2179,2179,37,8,-26,-21,-23
1.308594,53,2179,2179,39,7,-26,-21,-23
1.312500,52,2179,2179,40,8,-25,-21,-23
1.316406,52,2179,2179,42,8,-25,-21,-24
1.320312,53,2179,2179,43,8,-25,-21,-24
1.324219,53,2179,2179,44,8,-25,-21,-23
1.328125,53,2179,2179,45,7,-25,-21,-23
1.332031,53,2179,2179,48,8,-25,-21,-23
1.335938,54,2179,2179,50,7,-25,-21,-23
1.339844,54,2179,2179,52,7,-25,-21,-23
1.343750,54,2179,2179,56,7,-25,-21,-23
1.347656,53,2179,2179,59,7,-25,-21,-23
1.351562,54,2179,2179,63,7,-25,-21,-23
1.355469,54,2179,2179,66,6,-20,-21,-23
1.359375,54,2179,2179,70,6,-25,-21,-23
1.363281,54,2179,2179,73,7,-25,-21,-23
1.367188,54,2179,2179,76,7,-25,-21,-23
1.371094,55,2179,2179,79,7,-25,-21,-23
1.375000,55,2179,2179,81,6,-25,-21,-23
1.378906,54,2179,2179,84,6,-25,-21,-23
1.382812,54,2179,2179,87,7,-25,-21,-23
1.386719,55,2179,2179,90,6,-25,-21,-23
1.390625,55,2179,2179,93,6,-25,-21,-23
1.394531,54,2179,2179,97,6,-25,-21,-24
1.398438,54,2179,2179,101,7,-25,-21,-23
1.402344,55,2179,2179,105,7,-26,-21,-24
1.406250,55,2179,2179,107,6,-25,-21,-23
1.410156,55,2179,2179,108,7,-25,-21,-24
1.414062,54,2179,2179,109,7,-25,-21,-23
1.417969,54,2179,2179,109,7,-25,-21,-24
1.421875,54,2179,2179,110,7,-25,-21,-24
1.425781,54,2179,2179,112,7,-25,-21,-23
1.429688,54,2179,2179,116,7,-25,-21,-23
1.433594,53,2179,2179,121,8,-25,-21,-23
1.437500,54,2179,2179,125,7,-25,-21,-23
1.441406,54,2179,2179,129,7,-25,-21,-23
1.445312,54,2179,2179,132,7,-25,-21,-23
1.449219,54,2179,2179,134,8,-25,-21,-23
1.453125,54,2179,2179,135,8,-25,-20,-23
1.457031,54,2179,2179,135,7,-25,-21,-23
1.460938,53,2179,2179,135,7,-25,-21,-23
1.464844,53,2179,2179,135,7,-25,-21,-23
1.468750,53,2179,2179,136,7,-25,-21,-23
1.472656,53,2179,2179,137,7,-25,-21,-23
1.476562,53,2179,2179,138,7,-25,-21,-23
1.480469,53,2179,2179,139,7,-30,-21,-23
1.484375,53,2179,2179,140,7,-25,-21,-23
1.488281,53,2179,2179,141,7,-25,-21,-24
1.492188,53,2179,2179,142,7,-25,-21,-23
1.496094,53,2179,2179,143,7,-25,-21,-23
1.500000,52,2179,2179,145,7,-25,-21,-23
1.503906,53,2179,2179,146,7,-25,-21,-23
1.507812,53,2179,2179,148,7,-25,-21,-23
1.511719,52,2179,2179,150,8,-25,-21,-23
1.515625,52,2179,2179,152,8,-25,-21,-23
1.519531,53,2179,2179,153,8,-25,-21,-23
1.523438,52,2179,2179,154,7,-25,-21,-23
1.527344,52,2179,2179,155,7,-26,-21,-23
1.531250,52,2179,2179,155,7,-25,-21,-23
1.535156,52,2179,2179,155,7,-25,-21,-23
1.539062,52,2179,2179,154,7,-25,-21,-23
1.542969,52,2179,2179,153,6,-25,-21,-23
1.546875,52,2179,2179,153,7,-25,-21,-23
1.550781,52,2179,2179,153,7,-25,-21,-23
1.554688,52,2179,2179,154,7,-25,-21,-23
1.558594,52,2179,2179,154,6,-25,-21,-23
1.562500,52,2179,2179,155,7,-25,-21,-23
1.566406,52,2179,2179,156,7,-25,-21,-23
1.570312,52,2179,2179,157,7,-25,-21,-23
1.574219,52,2179,2179,157,7,-25,-21,-23
1.578125,51,2179,2179,157,7,-25,-21,-23
1.582031,51,2179,2179,157,7,-25,-21,-23
1.585938,51,2179,2179,157,7,-25,-21,-23
1.589844,51,2179,2179,157,7,-25,-21,-23
1.593750,51,2179,2179,158,7,-25,-21,-23
1.597656,51,2179,2179,159,7,-25,-21,-23
1.601562,51,2179,2179,160,7,-25,-21,-23
1.605469,51,2179,2179,161,7,-19,-21,-23
1.609375,51,2179,2179,161,7,-25,-21,-24
1.613281,50,2179,2179,162,7,-25,-21,-24
1.617188,50,2179,2179,162,7,-25,-21,-23
1.621094,50,2179,2179,161,7,-25,-21,-24
1.625000,50,2179,2179,161,7,-25,-21,-23
1.628906,49,2179,2179,161,7,-26,-21,-24
1.632812,49,2179,2179,162,7,-25,-21,-23
1.636719,50,2179,2179,162,7,-25,-21,-23
1.640625,49,2179,2179,162,7,-25,-21,-23
1.644531,49,2179,2179,162,7,-25,-21,-23
1.648438,49,2179,2179,162,7,-25,-21,-23
1.652344,49,2179,2179,162,7,-25,-21,-23
1.656250,49,2179,2179,161,7,-25,-21,-23
1.660156,49,2179,2179,161,7,-25,-21,-23
1.664062,48,2179,2179,162,8,-25,-20,-23
1.667969,48,2179,2179,162,7,-25,-21,-23
1.671875,48,2179,2179,162,7,-25,-21,-23
1.675781,48,2179,2179,163,7,-25,-20,-23
1.679688,47,2179,2179,163,7,-25,-20,-23
1.683594,47,2179,2179,164,7,-25,-21,-23
1.687500,48,2179,2179,164,7,-25,-21,-23
1.691406,48,2179,2179,163,7,-25,-21,-23
1.695312,47,2179,2179,164,7,-25,-21,-24
1.699219,48,2179,2179,164,7,-25,-21,-24
1.703125,47,2179,2179,164,7,-25,-21,-24
1.707031,47,2179,2179,164,7,-25,-21,-23
1.710938,47,2179,2179,164,7,-25,-21,-24
1.714844,47,2179,2179,165,7,-25,-21,-23
1.718750,47,2179,2179,166,7,-25,-21,-23
1.722656,47,2179,2179,166,7,-25,-21,-23
1.726562,47,2179,2179,166,7,-25,-21,-24
1.730469,46,2179,2179,166,7,-32,-21,-23
1.734375,46,2179,2179,166,8,-25,-21,-23
1.738281,46,2179,2179,166,7,-25,-21,-23
1.742188,46,2179,2179,166,7,-25,-21,-23
1.746094,45,2179,2179,166,7,-25,-21,-23
1.750000,45,2179,2179,166,8,-25,-21,-23
1.753906,45,2179,2179,166,8,-25,-21,-23
1.757812,45,2179,2179,165,7,-25,-21,-23
1.761719,45,2179,2179,166,7,-25,-21,-23
1.765625,45,2179,2179,167,7,-25,-21,-23
1.769531,45,2179,2179,167,7,-25,-21,-23
1.773438,45,2179,2179,167,7,-25,-20,-23
1.777344,45,2179,2179,167,7,-25,-21,-23
1.781250,45,2179,2179,167,7,-25,-21,-23
1.785156,45,2179,2179,167,7,-25,-21,-23
1.789062,45,2179,2179,166,7,-25,-21,-23
1.792969,45,2179,2179,166,7,-25,-21,-23
1.796875,44,2179,2179,166,7,-25,-21,-23
1.800781,44,2179,2179,165,7,-25,-21,-23
1.804688,44,2179,2179,165,7,-25,-21,-23
1.808594,45,2179,2179,166,6,-25,-21,-23
1.812500,45,2179,2179,166,7,-25,-21,-23
1.816406,45,2179,2179,167,7,-25,-21,-23
1.820312,45,2179,2179,167,7,-25,-21,-23
1.824219,45,2179,2179,168,7,-25,-21,-24
1.828125,44,2179,2179,168,7,-25,-21,-24
1.832031,44,2179,2179,168,7,-25,-21,-23
1.835938,44,2179,2179,169,7,-25,-21,-23
1.839844,44,2179,2179,169,7,-25,-21,-23
1.843750,44,2179,2179,169,7,-25,-21,-23
1.847656,43,2179,2179,169,7,-25,-20,-23
1.851562,43,2179,2179,169,7,-25,-21,-23
1.855469,43,2179,2179,169,7,-19,-21,-23
1.859375,43,2179,2179,169,7,-25,-20,-23
1.863281,43,2179,2179,169,8,-25,-20,-23
1.867188,43,2179,2179,169,8,-25,-20,-23
1.871094,43,2179,2179,169,8,-25,-21,-23
1.875000,43,2179,2179,169,7,-25,-20,-23
1.878906,43,2179,2179,170,8,-25,-21,-23
1.882812,42,2179,2179,170,8,-25,-21,-23
1.886719,43,2179,2179,171,8,-25,-21,-23
1.890625,43,2179,2179,171,8,-25,-21,-23
1.894531,42,2179,2179,171,8,-25,-21,-23
1.898438,42,2179,2179,172,8,-25,-21,-23
1.902344,42,2179,2179,172,8,-25,-21,-23
1.906250,42,2179,2179,171,7,-25,-21,-23
1.910156,42,2179,2179,171,7,-25,-21,-23
1.914062,42,2179,2179,171,7,-25,-21,-23
1.917969,42,2179,2179,171,7,-25,-21,-23
1.921875,42,2179,2179,170,7,-25,-21,-23
1.925781,42,2179,2179,170,7,-25,-21,-24
1.929688,41,2179,2179,170,7,-26,-21,-24
1.933594,41,2179,2179,170,7,-25,-21,-24
1.937500,41,2179,2179,170,7,-25,-21,-23
1.941406,41,2179,2179,169,7,-25,-21,-23
1.945312,40,2179,2179,170,7,-25,-21,-23
1.949219,41,2179,2179,170,7,-25,-20,-23
1.953125,41,2179,2179,171,7,-25,-21,-23
1.957031,41,2179,2179,171,7,-25,-20,-23
1.960938,40,2179,2179,171,7,-25,-21,-23
1.964844,40,2179,2179,171,7,-25,-21,-23
1.968750,40,2179,2179,171,7,-25,-21,-23
1.972656,40,2179,2179,171,7,-25,-20,-23
1.976562,40,2179,2179,171,6,-25,-20,-23
1.980469,39,2179,2179,171,7,-33,-20,-23
1.984375,39,2179,2179,171,7,-25,-20,-24
1.988281,40,2179,2179,171,6,-25,-21,-23
1.992188,40,2179,2179,172,6,-25,-21,-24
1.996094,40,2179,2179,172,6,-25,-21,-23
2.000000,40,2179,2179,173,7,-25,-21,-24
2.003906,40,2179,2179,173,7,-25,-21,-24
2.007812,39,2179,2179,172,7,-25,-21,-24
2.011719,39,2179,2179,172,7,-25,-21,-24
2.015625,39,2179,2179,172,8,-25,-21,-24
2.019531,39,2179,2179,171,7,-25,-21,-23
2.023438,38,2179,2179,171,7,-25,-21,-23
2.027344,38,2179,2179,171,7,-25,-21,-23
2.031250,38,2179,2179,171,7,-26,-21,-23
2.035156,38,2179,2179,172,8,-25,-21,-23
2.039062,38,2179,2179,172,7,-25,-21,-23
2.042969,38,2179,2179,173,7,-25,-21,-24
2.046875,38,2179,2179,173,8,-25,-21,-23
2.050781,38,2179,2179,174,8,-25,-21,-23
2.054688,38,2179,2179,173,8,-25,-21,-23
2.058594,38,2179,2179,173,7,-25,-20,-23
2.062500,38,2179,2179,173,7,-25,-20,-23
2.066406,38,2179,2179,173,8,-25,-20,-23
2.070312,38,2179,2179,172,7,-25,-21,-23
2.074219,38,2179,2179,172,7,-25,-21,-23
2.078125,37,2179,2179,171,7,-25,-21,-23
2.082031,37,2179,2179,172,7,-25,-21,-23
2.085938,38,2179,2179,172,7,-25,-21,-23
2.089844,37,2179,2179,172,7,-25,-21,-23
2.093750,37,2179,2179,172,7,-25,-21,-23
2.097656,37,2179,2179,172,7,-25,-20,-23
2.101562,37,2179,2179,173,7,-25,-21,-23
2.105469,37,2179,2179,173,7,-22,-21,-23
2.109375,37,2179,2179,173,7,-25,-21,-23
2.113281,37,2179,2179,174,7,-25,-21,-23
2.117188,37,2179,2179,174,7,-25,-21,-23
2.121094,37,2179,2179,174,7,-25,-21,-23
2.125000,37,2179,2179,173,7,-25,-21,-23
2.128906,37,2179,2179,173,7,-25,-21,-24
2.132812,36,2179,2179,174,7,-25,-21,-24
2.136719,37,2179,2179,174,7,-25,-21,-24
2.140625,36,2179,2179,173,7,-26,-21,-23
2.144531,36,2179,2179,174,7,-25,-21,-23
2.148438,35,2179,2179,174,7,-25,-21,-23
2.152344,35,2179,2179,174,7,-25,-21,-23
2.156250,36,2179,2179,174,7,-25,-21,-23
2.160156,36,2179,2179,174,7,-25,-21,-23
2.164062,35,2179,2179,174,7,-25,-21,-23
2.167969,35,2179,2179,174,7,-25,-21,-23
2.171875,36,2179,2179,174,7,-25,-21,-23
2.175781,35,2179,2179,174,7,-25,-21,-23
2.179688,35,2179,2179,174,7,-25,-21,-23
2.183594,35,2179,2179,174,7,-25,-21,-23
2.187500,35,2179,2179,174,7,-25,-21,-23
2.191406,35,2179,2179,174,7,-25,-21,-23
2.195312,35,2179,2179,174,7,-25,-21,-23
2.199219,35,2179,2179,174,7,-25,-21,-23
2.203125,35,2179,2179,174,7,-25,-21,-23
2.207031,35,2179,2179,174,7,-25,-21,-23
2.210938,35,2179,2179,175,7,-25,-21,-23
2.214844,35,2179,2179,176,7,-25,-21,-23
2.218750,35,2179,2179,176,8,-25,-21,-23
2.222656,35,2179,2179,176,8,-25,-20,-23
2.226562,35,2179,2179,175,7,-25,-21,-23
2.230469,35,2179,2179,175,8,-30,-21,-23
2.234375,35,2179,2179,175,8,-25,-21,-23
2.238281,35,2179,2179,175,7,-25,-21,-24
2.242188,35,2179,2179,175,7,-26,-21,-23
2.246094,35,2179,2179,175,7,-25,-21,-24
2.250000,34,2179,2179,175,7,-25,-21,-23
2.253906,35,2179,2179,175,7,-25,-21,-23
2.257812,34,2179,2179,175,7,-25,-21,-23
2.261719,34,2179,2179,175,7,-25,-20,-23
2.265625,34,2179,2179,175,7,-25,-20,-23
2.269531,34,2179,2179,175,7,-25,-20,-23
2.273438,34,2179,2179,175,7,-25,-20,-23
2.277344,34,2179,2179,175,7,-25,-20,-23
2.281250,34,2179,2179,175,7,-25,-21,-23
2.285156,34,2179,2179,175,8,-25,-21,-23
2.289062,34,2179,2179,175,7,-25,-21,-23
2.292969,34,2179,2179,175,7,-25,-21,-23
2.296875,34,2179,2179,175,8,-25,-21,-23
2.300781,34,2179,2179,175,7,-25,-21,-23
2.304688,34,2179,2179,175,8,-25,-21,-23
2.308594,34,2179,2179,175,7,-25,-21,-23
2.312500,33,2179,2179,175,7,-25,-21,-24
2.316406,33,2179,2179,175,8,-25,-21,-23
2.320312,33,2179,2179,175,8,-25,-21,-24
2.324219,33,2179,2179,175,7,-25,-21,-23
2.328125,33,2179,2179,175,7,-25,-21,-23
2.332031,32,2179,2179,175,8,-25,-21,-23
2.335938,32,2179,2179,175,7,-25,-21,-23
2.339844,32,2179,2179,175,7,-25,-20,-23
2.343750,32,2179,2179,175,7,-25,-21,-23
2.347656,31,2179,2179,175,7,-25,-20,-23
2.351562,30,2179,2179,175,7,-25,-21,-23
2.355469,30,2179,2179,175,7,-25,-21,-23
2.359375,30,2179,2179,175,7,-25,-21,-23
2.363281,30,2179,2179,175,7,-25,-21,-23
2.367188,30,2179,2179,175,7,-25,-21,-23
2.371094,30,2179,2179,175,7,-25,-21,-24
2.375000,30,2179,2179,174,7,-25,-21,-23
2.378906,30,2179,2179,174,6,-25,-20,-23
2.382812,29,2179,2179,175,7,-25,-21,-23
2.386719,29,2179,2179,175,7,-25,-21,-23
2.390625,29,2179,2179,174,6,-25,-21,-23
2.394531,29,2179,2179,174,6,-25,-21,-23
2.398438,29,2179,2179,175,7,-25,-21,-23
2.402344,30,2179,2179,175,7,-25,-21,-23
2.406250,30,2179,2179,174,7,-25,-21,-23
2.410156,30,2179,2179,174,6,-25,-21,-23
2.414062,30,2179,2179,175,7,-25,-21,-23
2.417969,30,2179,2179,175,7,-25,-21,-23
2.421875,31,2179,2179,175,7,-25,-21,-23
2.425781,31,2179,2179,175,7,-25,-21,-23
2.429688,31,2179,2179,175,7,-25,-21,-23
2.433594,31,2179,2179,175,8,-25,-21,-24
2.437500,31,2179,2179,175,8,-25,-21,-23
2.441406,31,2179,2179,175,7,-25,-21,-23
2.445312,31,2179,2179,175,7,-25,-21,-23
2.449219,31,2179,2179,175,8,-25,-21,-23
2.453125,31,2179,2179,175,8,-25,-21,-23
2.457031,31,2179,2179,175,7,-25,-21,-23
2.460938,31,2179,2179,175,7,-25,-21,-23
2.464844,31,2179,2179,175,8,-25,-20,-23
2.468750,31,2179,2179,174,8,-25,-21,-23
2.472656,31,2179,2179,174,7,-25,-20,-23
2.476562,31,2179,2179,174,7,-25,-20,-23
2.480469,31,2179,2179,174,8,-25,-21,-23
2.484375,31,2179,2179,174,8,-25,-21,-23
2.488281,31,2179,2179,174,7,-25,-21,-24
2.492188,31,2179,2179,175,7,-25,-21,-23
2.496094,30,2179,2179,175,7,-25,-21,-23
2.500000,30,2179,2179,175,7,-25,-21,-23
2.503906,31,2179,2179,175,7,-25,-21,-23
2.507812,31,2179,2179,175,7,-25,-21,-23
2.511719,30,2179,2179,175,7,-25,-21,-23
2.515625,30,2179,2179,175,7,-25,-21,-24
2.519531,31,2179,2179,175,7,-25,-21,-24
2.523438,31,2179,2179,174,7,-25,-21,-24
2.527344,31,2179,2179,174,7,-25,-21,-24
2.531250,31,2179,2179,175,7,-25,-21,-24
2.535156,31,2179,2179,175,7,-25,-21,-24
2.539062,31,2179,2179,175,7,-25,-21,-23
2.542969,31,2179,2179,175,7,-25,-21,-23
2.546875,30,2179,2179,176,7,-25,-21,-23
2.550781,30,2179,2179,176,7,-25,-21,-23
2.554688,30,2179,2179,175,7,-25,-21,-23
2.558594,30,2179,2179,175,7,-25,-21,-23
2.562500,29,2179,2179,175,7,-25,-21,-23
2.566406,29,2179,2179,175,7,-25,-21,-23
2.570312,29,2179,2179,175,7,-25,-21,-23
2.574219,30,2179,2179,175,7,-25,-21,-23
2.578125,30,2179,2179,175,7,-25,-21,-23
2.582031,30,2179,2179,175,7,-25,-21,-23
2.585938,30,2179,2179,176,7,-25,-21,-23
2.589844,30,2179,2179,176,7,-25,-21,-23
2.593750,30,2179,2179,176,7,-25,-21,-23
2.597656,30,2179,2179,176,7,-25,-20,-23
2.601562,30,2179,2179,176,7,-25,-21,-23
2.605469,31,2179,2179,175,7,-25,-21,-23
2.609375,30,2179,2179,175,7,-25,-21,-23
2.613281,30,2179,2179,175,7,-25,-21,-23
2.617188,30,2179,2179,176,7,-25,-21,-23
2.621094,31,2179,2179,176,7,-25,-21,-23
2.625000,31,2179,2179,176,7,-25,-21,-23
2.628906,30,2179,2179,177,7,-25,-21,-23
2.632812,30,2179,2179,177,7,-25,-21,-23
2.636719,31,2179,2179,177,7,-25,-21,-23
2.640625,31,2179,2179,176,7,-25,-21,-23
2.644531,30,2179,2179,176,7,-25,-21,-23
2.648438,30,2179,2179,176,7,-25,-21,-23
2.652344,30,2179,2179,175,7,-25,-21,-24
2.656250,29,2179,2179,175,7,-25,-21,-23
2.660156,29,2179,2179,175,7,-25,-21,-23
2.664062,29,2179,2179,175,7,-25,-21,-23
2.667969,29,2179,2179,175,7,-25,-21,-23
2.671875,29,2179,2179,175,7,-25,-21,-23
2.675781,29,2179,2179,175,7,-25,-20,-23
2.679688,29,2179,2179,176,7,-25,-20,-23
2.683594,29,2179,2179,176,7,-25,-21,-23
2.687500,30,2179,2179,176,7,-25,-21,-23
2.691406,30,2179,2179,176,7,-25,-20,-23
2.695312,30,2179,2179,176,7,-25,-21,-24
2.699219,30,2179,2179,176,7,-25,-21,-24
2.703125,30,2179,2179,176,7,-25,-21,-23
2.707031,31,2179,2179,176,7,-25,-21,-23
2.710938,30,2179,2179,176,7,-25,-21,-23
2.714844,30,2179,2179,176,7,-25,-21,-23
2.718750,30,2179,2179,177,7,-25,-21,-23
2.722656,30,2179,2179,177,7,-25,-20,-23
2.726562,30,2179,2179,177,7,-25,-21,-23
2.730469,30,2179,2179,177,7,-25,-21,-23
2.734375,30,2179,2179,177,7,-25,-21,-24
2.738281,30,2179,2179,176,7,-25,-21,-23
2.742188,30,2179,2179,177,7,-25,-21,-23
2.746094,30,2179,2179,177,7,-25,-21,-23
2.750000,30,2179,2179,177,7,-25,-21,-23
2.753906,31,2179,2179,177,7,-25,-21,-23
2.757812,30,2179,2179,177,7,-25,-21,-23
2.761719,30,2179,2179,177,7,-25,-21,-23
2.765625,30,2179,2179,177,7,-25,-21,-23
2.769531,30,2179,2179,177,7,-25,-21,-23
2.773438,30,2179,2179,177,7,-25,-21,-23
2.777344,30,2179,2179,177,7,-25,-21,-23
2.781250,30,2179,2179,178,7,-25,-21,-23
2.785156,30,2179,2179,178,7,-25,-20,-23
2.789062,30,2179,2179,177,6,-25,-21,-23
2.792969,30,2179,2179,177,6,-25,-20,-23
2.796875,30,2179,2179,177,7,-25,-21,-23
2.800781,30,2179,2179,177,7,-25,-21,-23
2.804688,30,2179,2179,176,7,-25,-20,-24
2.808594,31,2179,2179,175,6,-25,-20,-24
2.812500,30,2179,2179,175,7,-25,-21,-24
2.816406,30,2179,2179,175,7,-25,-21,-24
2.820312,30,2179,2179,176,7,-25,-21,-24
2.824219,30,2179,2179,176,7,-25,-21,-23
2.828125,29,2179,2179,177,7,-25,-21,-24
2.832031,29,2179,2179,178,7,-25,-21,-24
2.835938,29,2179,2179,178,7,-25,-21,-24
2.839844,29,2179,2179,178,7,-25,-21,-23
2.843750,29,2179,2179,178,7,-25,-21,-24
2.847656,29,2179,2179,178,7,-25,-20,-24
2.851562,29,2179,2179,178,8,-25,-21,-23
2.855469,29,2179,2179,178,7,-25,-21,-23
2.859375,29,2179,2179,177,7,-25,-21,-23
2.863281,29,2179,2179,178,7,-25,-21,-23
2.867188,29,2179,2179,178,8,-25,-21,-23
2.871094,29,2179,2179,178,8,-25,-21,-23
2.875000,29,2179,2179,178,7,-25,-21,-23
2.878906,29,2179,2179,178,7,-25,-21,-23
2.882812,28,2179,2179,178,8,-25,-21,-23
2.886719,29,2179,2179,177,8,-25,-21,-23
2.890625,29,2179,2179,176,7,-25,-21,-23
2.894531,28,2179,2179,176,7,-25,-21,-23
2.898438,28,2179,2179,176,8,-25,-21,-23
2.902344,28,2179,2179,176,8,-25,-21,-23
2.906250,28,2179,2179,176,7,-25,-21,-23
2.910156,29,2179,2179,176,7,-25,-21,-23
2.914062,28,2179,2179,177,8,-25,-21,-23
2.917969,28,2179,2179,177,7,-25,-21,-23
2.921875,28,2179,2179,177,7,-25,-21,-23
2.925781,28,2179,2179,177,7,-25,-21,-23
2.929688,27,2179,2179,177,7,-25,-21,-23
2.933594,27,2179,2179,177,7,-25,-21,-23
2.937500,28,2179,2179,177,7,-25,-21,-24
2.941406,28,2179,2179,176,7,-25,-21,-23
2.945312,27,2179,2179,176,7,-25,-21,-23
2.949219,28,2179,2179,176,7,-25,-21,-23
2.953125,28,2179,2179,176,7,-25,-21,-23
2.957031,28,2179,2179,175,7,-25,-21,-23
2.960938,27,2179,2179,175,7,-25,-21,-23
2.964844,27,2179,2179,176,7,-25,-21,-23
2.968750,27,2179,2179,176,7,-25,-21,-23
2.972656,27,2179,2179,177,7,-25,-20,-24
2.976562,27,2179,2179,177,7,-25,-20,-23
2.980469,27,2179,2179,179,7,-25,-20,-23
2.984375,27,2179,2179,179,7,-25,-20,-23
2.988281,28,2179,2179,179,7,-25,-20,-23
2.992188,28,2179,2179,179,7,-25,-21,-23
2.996094,28,2179,2179,179,7,-25,-20,-23
3.000000,28,2179,2179,178,7,-25,-21,-23
3.003906,28,2179,2179,177,7,-25,-20,-23
3.007812,28,2179,2179,176,7,-25,-21,-23
3.011719,28,2179,2179,176,7,-25,-21,-23
3.015625,28,2179,2179,176,7,-25,-21,-23
3.019531,28,2179,2179,177,7,-25,-21,-23
3.023438,28,2179,2179,177,7,-25,-21,-23
3.027344,28,2179,2179,177,7,-26,-21,-24
3.031250,28,2179,2179,178,7,-25,-21,-24
3.035156,28,2179,2179,178,8,-25,-21,-24
3.039062,28,2179,2179,178,7,-25,-21,-24
3.042969,28,2179,2179,178,8,-25,-21,-23
3.046875,28,2179,2179,178,8,-25,-21,-23
3.050781,28,2179,2179,178,8,-25,-21,-23
3.054688,28,2179,2179,177,8,-25,-21,-23
3.058594,28,2179,2179,177,7,-25,-21,-23
3.062500,27,2179,2179,177,8,-25,-21,-23
3.066406,27,2179,2179,177,8,-25,-21,-23
3.070312,27,2179,2179,177,8,-25,-21,-23
3.074219,28,2179,2179,177,7,-25,-21,-23
3.078125,27,2179,2179,177,7,-25,-21,-23
3.082031,27,2179,2179,177,7,-25,-21,-23
3.085938,27,2179,2179,177,7,-25,-21,-23
3.089844,28,2179,2179,177,7,-25,-21,-23
3.093750,27,2179,2179,177,7,-25,-21,-23
3.097656,27,2179,2179,177,7,-25,-21,-23
3.101562,27,2179,2179,178,7,-25,-21,-23
3.105469,27,2179,2179,177,7,-25,-21,-23
3.109375,28,2179,2179,177,7,-25,-21,-23
3.113281,28,2179,2179,177,7,-25,-21,-23
3.117188,28,2179,2179,177,7,-25,-21,-23
3.121094,28,2179,2179,176,7,-25,-21,-23
3.125000,28,2179,2179,176,7,-25,-21,-23
3.128906,28,2179,2179,176,7,-25,-21,-23
3.132812,28,2179,2179,176,7,-25,-21,-23
3.136719,28,2179,2179,177,7,-25,-21,-23
3.140625,27,2179,2179,177,7,-25,-21,-23
3.144531,27,2179,2179,177,7,-25,-21,-23
3.148438,27,2179,2179,177,8,-25,-21,-23
3.152344,26,2179,2179,178,8,-25,-21,-23
3.156250,26,2179,2179,178,7,-25,-21,-23
3.160156,26,2179,2179,178,7,-25,-21,-23
3.164062,25,2179,2179,178,7,-25,-21,-23
3.167969,25,2179,2179,178,7,-25,-21,-23
3.171875,25,2179,2179,178,7,-25,-21,-23
3.175781,25,2179,2179,177,7,-25,-20,-23
3.179688,25,2179,2179,176,7,-25,-21,-23
3.183594,25,2179,2179,175,7,-25,-21,-23
3.187500,25,2179,2179,171,7,-25,-21,-23
3.191406,25,2179,2179,167,7,-25,-20,-23
3.195312,24,2179,2179,162,7,-25,-21,-23
3.199219,24,2179,2179,156,7,-25,-21,-23
3.203125,24,2179,2179,150,7,-25,-21,-23
3.207031,23,2179,2179,144,7,-25,-21,-23
3.210938,23,2179,2179,139,7,-25,-21,-23
3.214844,23,2179,2179,135,7,-25,-21,-23
3.218750,23,2179,2179,132,7,-25,-21,-23
3.222656,23,2179,2179,128,7,-25,-20,-23
3.226562,23,2179,2179,123,7,-25,-21,-23
3.230469,23,2179,2179,117,7,-25,-21,-23
3.234375,23,2179,2179,108,7,-25,-21,-23
3.238281,23,2179,2179,96,7,-25,-21,-23
3.242188,22,2179,2179,83,7,-25,-21,-23
3.246094,22,2179,2179,70,7,-25,-21,-23
3.250000,22,2179,2179,58,7,-26,-21,-24
3.253906,21,2179,2179,48,7,-26,-21,-23
3.257812,21,2179,2179,40,7,-25,-21,-23
3.261719,20,2179,2179,36,7,-25,-21,-23
3.265625,19,2179,2179,34,7,-25,-21,-23
3.269531,19,2179,2179,33,7,-25,-21,-23
3.273438,19,2179,2179,32,7,-25,-21,-23
3.277344,19,2179,2179,31,7,-25,-21,-23
3.281250,18,2179,2179,30,8,-25,-21,-23
3.285156,18,2179,2179,29,8,-25,-21,-23
3.289062,18,2179,2179,27,7,-25,-21,-23
3.292969,18,2179,2179,25,7,-25,-21,-23
3.296875,17,2179,2179,25,8,-25,-21,-23
3.300781,17,2179,2179,24,8,-25,-21,-23
3.304688,18,2179,2179,23,8,-25,-21,-23
3.308594,18,2179,2179,23,7,-25,-21,-23
3.312500,17,2179,2179,23,7,-25,-21,-23
3.316406,18,2179,2179,23,7,-25,-21,-23
3.320312,18,2179,2179,23,7,-25,-21,-23
3.324219,18,2179,2179,23,7,-25,-21,-24
3.328125,18,2179,2179,22,7,-25,-21,-23
3.332031,18,2179,2179,22,8,-25,-21,-24
3.335938,18,2179,2179,22,7,-25,-21,-24
3.339844,18,2179,2179,21,7,-25,-21,-23
3.343750,18,2179,2179,21,7,-25,-21,-23
3.347656,18,2179,2179,21,7,-25,-21,-23
3.351562,18,2179,2179,21,7,-25,-21,-23
3.355469,18,2179,2179,20,7,-25,-21,-23
3.359375,18,2179,2179,20,7,-25,-21,-23
3.363281,18,2179,2179,20,7,-25,-21,-24
3.367188,17,2179,2179,20,7,-25,-21,-24
3.371094,18,2179,2179,20,7,-25,-21,-23
3.375000,18,2179,2179,20,7,-25,-21,-23
3.378906,18,2179,2179,19,7,-25,-21,-23
3.382812,18,2179,2179,19,7,-25,-21,-24
3.386719,18,2179,2179,19,7,-25,-21,-23
3.390625,18,2179,2179,18,6,-25,-21,-23
3.394531,18,2179,2179,18,6,-25,-21,-23
3.398438,18,2179,2179,18,7,-25,-21,-23
3.402344,18,2179,2179,18,7,-25,-21,-23
3.406250,18,2179,2179,18,6,-25,-21,-23
3.410156,18,2179,2179,17,6,-25,-21,-23
3.414062,17,2179,2179,17,7,-25,-21,-23
3.417969,17,2179,2179,17,7,-25,-21,-23
3.421875,18,2179,2179,17,7,-25,-21,-23
3.425781,18,2179,2179,16,7,-25,-21,-24
3.429688,17,2179,2179,17,7,-25,-21,-23
3.433594,17,2179,2179,17,7,-25,-21,-23
3.437500,18,2179,2179,17,7,-25,-21,-23
3.441406,18,2179,2179,17,7,-25,-21,-23
3.445312,17,2179,2179,17,7,-25,-21,-23
3.449219,17,2179,2179,17,8,-25,-21,-23
3.453125,17,2179,2179,18,8,-25,-21,-23
3.457031,17,2179,2179,17,7,-25,-21,-23
3.460938,17,2179,2179,17,7,-25,-21,-23
3.464844,17,2179,2179,17,8,-25,-21,-23
3.468750,17,2179,2179,17,8,-25,-21,-23
3.472656,17,2179,2179,17,7,-25,-21,-23
3.476562,17,2179,2179,17,7,-25,-21,-23
3.480469,17,2179,2179,17,8,-25,-21,-23
3.484375,17,2179,2179,17,8,-25,-21,-23
3.488281,18,2179,2179,17,7,-25,-21,-23
3.492188,17,2179,2179,17,7,-25,-20,-23
3.496094,17,2179,2179,17,7,-25,-21,-23
3.500000,17,2179,2179,17,7,-25,-21,-23
3.503906,17,2179,2179,17,7,-25,-21,-23
3.507812,17,2179,2179,17,7,-25,-21,-23
3.511719,17,2179,2179,17,7,-25,-21,-23
3.515625,18,2179,2179,17,7,-25,-21,-23
3.519531,18,2179,2179,17,7,-25,-21,-24
3.523438,18,2179,2179,16,7,-25,-21,-23
3.527344,19,2179,2179,16,6,-25,-21,-24
3.531250,19,2179,2179,17,7,-26,-21,-24
3.535156,19,2179,2179,17,7,-25,-21,-24
3.539062,19,2179,2179,16,7,-25,-21,-24
3.542969,19,2179,2179,16,7,-26,-21,-23
3.546875,19,2179,2179,17,7,-25,-21,-24
3.550781,19,2179,2179,17,7,-25,-21,-24
3.554688,19,2179,2179,16,7,-25,-21,-24
3.558594,19,2179,2179,16,7,-25,-21,-23
3.562500,18,2179,2179,16,7,-25,-21,-24
3.566406,18,2179,2179,17,7,-25,-21,-23
3.570312,18,2179,2179,17,7,-25,-21,-23
3.574219,18,2179,2179,17,7,-25,-21,-23
3.578125,18,2179,2179,17,7,-25,-20,-23
3.582031,18,2179,2179,17,7,-25,-21,-23
3.585938,18,2179,2179,17,7,-25,-21,-23
3.589844,19,2179,2179,17,7,-25,-21,-23
3.593750,19,2179,2179,17,7,-25,-21,-23
3.597656,19,2179,2179,17,7,-25,-22,-23
3.601562,19,2179,2179,17,8,-25,-21,-23
3.605469,20,2179,2179,17,7,-25,-21,-23
3.609375,20,2179,2179,17,7,-25,-21,-23
3.613281,20,2179,2179,17,7,-25,-20,-23
3.617188,20,2179,2179,17,7,-25,-20,-23
3.621094,20,2179,2179,17,7,-25,-21,-23
3.625000,20,2179,2179,17,7,-25,-21,-23
3.628906,20,2179,2179,17,7,-25,-21,-24
3.632812,20,2179,2179,17,7,-25,-21,-24
3.636719,21,2179,2179,17,7,-25,-21,-24
3.640625,21,2179,2179,17,7,-25,-21,-24
3.644531,21,2179,2179,17,7,-25,-21,-24
3.648438,21,2179,2179,17,7,-25,-21,-24
3.652344,21,2179,2179,17,8,-25,-21,-23
3.656250,21,2179,2179,17,7,-25,-20,-23
3.660156,21,2179,2179,17,7,-25,-21,-23
3.664062,20,2179,2179,17,8,-25,-21,-23
3.667969,20,2179,2179,17,8,-25,-21,-23
3.671875,20,2179,2179,17,8,-25,-21,-23
3.675781,20,2179,2179,17,7,-25,-21,-23
3.679688,19,2179,2179,17,8,-25,-20,-23
3.683594,19,2179,2179,18,8,-25,-21,-23
3.687500,19,2179,2179,17,8,-25,-20,-23
3.691406,19,2179,2179,17,8,-25,-21,-23
3.695312,19,2179,2179,17,8,-25,-20,-23
3.699219,18,2179,2179,17,8,-25,-21,-23
3.703125,19,2179,2179,17,8,-25,-21,-23
3.707031,18,2179,2179,17,7,-25,-21,-23
3.710938,18,2179,2179,17,7,-25,-21,-23
3.714844,17,2179,2179,17,7,-25,-21,-23
3.718750,17,2179,2179,17,7,-25,-21,-23
3.722656,17,2179,2179,17,7,-25,-21,-23
3.726562,17,2179,2179,17,7,-25,-21,-23
3.730469,16,2179,2179,17,7,-25,-21,-23
3.734375,16,2179,2179,17,7,-25,-21,-23
3.738281,17,2179,2179,17,7,-25,-21,-23
3.742188,16,2179,2179,17,7,-25,-21,-23
3.746094,16,2179,2179,17,7,-25,-21,-23
3.750000,16,2179,2179,17,8,-25,-21,-23
3.753906,16,2179,2179,17,7,-25,-21,-23
3.757812,16,2179,2179,17,7,-25,-21,-23
3.761719,15,2179,2179,17,7,-25,-21,-23
3.765625,15,2179,2179,17,7,-25,-21,-24
3.769531,15,2179,2179,17,7,-25,-21,-23
3.773438,15,2179,2179,17,7,-25,-21,-23
3.777344,15,2179,2179,17,7,-25,-21,-23
3.781250,14,2179,2179,17,7,-25,-21,-23
3.785156,14,2179,2179,17,7,-25,-20,-23
3.789062,14,2179,2179,17,7,-25,-21,-23
3.792969,14,2179,2179,17,7,-25,-20,-23
3.796875,14,2179,2179,17,7,-25,-20,-23
3.800781,13,2179,2179,17,7,-25,-20,-23
3.804688,14,2179,2179,16,7,-25,-21,-23
3.808594,13,2179,2179,17,7,-25,-20,-23
3.812500,13,2179,2179,16,7,-25,-21,-23
3.816406,13,2179,2179,17,7,-25,-21,-23
3.820312,13,2179,2179,17,7,-25,-20,-23
3.824219,13,2179,2179,17,7,-25,-21,-23
3.828125,13,2179,2179,17,7,-25,-21,-23
3.832031,13,2179,2179,17,7,-25,-21,-24
3.835938,13,2179,2179,17,7,-25,-21,-23
3.839844,13,2179,2179,17,7,-25,-21,-23
3.843750,13,2179,2179,17,7,-25,-21,-24
3.847656,12,2179,2179,17,7,-25,-21,-23
3.851562,12,2179,2179,17,8,-25,-21,-23
3.855469,12,2179,2179,17,7,-25,-21,-24
3.859375,12,2179,2179,17,7,-25,-21,-23
3.863281,12,2179,2179,17,8,-25,-21,-23
3.867188,11,2179,2179,17,7,-25,-21,-23
3.871094,11,2179,2179,17,8,-25,-21,-23
3.875000,11,2179,2179,17,7,-25,-21,-23
3.878906,11,2179,2179,17,7,-25,-21,-23
3.882812,11,2179,2179,17,8,-25,-21,-23
3.886719,11,2179,2179,17,8,-25,-21,-23
3.890625,11,2179,2179,17,7,-25,-20,-23
3.894531,11,2179,2179,17,7,-25,-21,-23
3.898438,11,2179,2179,17,8,-25,-21,-23
3.902344,11,2179,2179,17,8,-25,-21,-23
3.906250,11,2179,2179,17,7,-25,-21,-23
3.910156,11,2179,2179,17,7,-25,-21,-23
3.914062,11,2179,2179,17,7,-25,-21,-23
3.917969,11,2179,2179,17,7,-25,-21,-23
3.921875,11,2179,2179,17,7,-25,-21,-23
3.925781,11,2179,2179,17,7,-25,-21,-23
3.929688,10,2179,2179,17,7,-25,-21,-23
3.933594,10,2179,2179,17,7,-25,-21,-23
3.937500,10,2179,2179,16,7,-25,-21,-23
3.941406,10,2179,2179,17,7,-25,-21,-23
3.945312,10,2179,2179,16,7,-25,-21,-23
3.949219,10,2179,2179,17,7,-25,-21,-23
3.953125,10,2179,2179,17,7,-25,-21,-23
3.957031,10,2179,2179,16,7,-25,-21,-23
3.960938,10,2179,2179,17,7,-25,-21,-23
3.964844,10,2179,2179,17,7,-25,-21,-23
3.968750,9,2179,2179,17,7,-25,-21,-23
3.972656,9,2179,2179,17,7,-25,-21,-23
3.976562,9,2179,2179,16,7,-25,-21,-23
3.980469,9,2179,2179,17,7,-25,-21,-23
3.984375,9,2179,2179,17,7,-25,-21,-23
3.988281,10,2179,2179,16,7,-25,-21,-23
3.992188,10,2179,2179,17,7,-25,-21,-23
3.996094,10,2179,2179,17,7,-25,-21,-23
4.000000,10,2179,2179,17,7,-25,-21,-23
4.003906,10,2179,2179,17,7,-25,-21,-23
4.007812,11,2179,2179,16,7,-25,-20,-23
4.011719,10,2179,2179,17,7,-25,-21,-23
4.015625,10,2179,2179,17,7,-25,-21,-23
4.019531,10,2179,2179,17,7,-25,-21,-23
4.023438,10,2179,2179,17,7,-25,-21,-23
4.027344,10,2179,2179,17,7,-25,-21,-23
4.031250,10,2179,2179,17,7,-25,-21,-23
4.035156,10,2179,2179,17,7,-25,-21,-23
4.039062,11,2179,2179,17,7,-25,-21,-23
4.042969,11,2179,2179,17,7,-25,-21,-23
4.046875,11,2179,2179,17,7,-25,-21,-23
4.050781,11,2179,2179,17,8,-25,-21,-24
4.054688,11,2179,2179,17,8,-25,-21,-23
4.058594,11,2179,2179,17,7,-25,-21,-23
4.062500,11,2179,2179,16,8,-25,-21,-23
4.066406,11,2179,2179,17,8,-25,-21,-23
4.070312,12,2179,2179,17,8,-25,-21,-23
4.074219,12,2179,2179,17,8,-25,-21,-23
4.078125,12,2179,2179,17,7,-25,-21,-23
4.082031,12,2179,2179,17,8,-25,-21,-23
4.085938,12,2179,2179,17,8,-25,-21,-23
4.089844,12,2179,2179,17,7,-25,-21,-22
4.093750,12,2179,2179,17,7,-25,-20,-23
4.097656,12,2179,2179,17,7,-25,-21,-23
4.101562,12,2179,2179,17,7,-25,-20,-23
4.105469,13,2179,2179,17,7,-25,-21,-23
4.109375,13,2179,2179,17,7,-25,-20,-23
4.113281,12,2179,2179,17,7,-25,-20,-23
4.117188,12,2179,2179,17,7,-25,-21,-23
4.121094,13,2179,2179,17,7,-25,-21,-23
4.125000,13,2179,2179,16,7,-25,-21,-23
4.128906,13,2179,2179,16,6,-25,-21,-23
4.132812,12,2179,2179,17,7,-25,-21,-23
4.136719,13,2179,2179,17,7,-25,-21,-23
4.140625,12,2179,2179,17,7,-25,-21,-23
4.144531,12,2179,2179,17,7,-25,-21,-23
4.148438,12,2179,2179,17,7,-25,-21,-23
4.152344,12,2179,2179,17,7,-25,-21,-24
4.156250,12,2179,2179,17,7,-25,-21,-23
4.160156,12,2179,2179,16,7,-25,-21,-23
4.164062,11,2179,2179,17,7,-25,-21,-23
4.167969,11,2179,2179,17,7,-25,-21,-23
4.171875,11,2179,2179,16,7,-25,-21,-23
4.175781,11,2179,2179,16,7,-25,-21,-23
4.179688,11,2179,2179,17,7,-25,-21,-23
4.183594,10,2179,2179,17,7,-25,-21,-23
4.187500,10,2179,2179,16,7,-25,-21,-23
4.191406,10,2179,2179,17,7,-25,-21,-23
4.195312,10,2179,2179,17,7,-25,-20,-23
4.199219,10,2179,2179,17,7,-25,-21,-23
4.203125,10,2179,2179,17,8,-25,-20,-23
4.207031,10,2179,2179,17,7,-25,-20,-23
4.210938,10,2179,2179,17,7,-25,-21,-23
4.214844,10,2179,2179,17,7,-25,-21,-23
4.218750,10,2179,2179,17,7,-25,-21,-23
4.222656,11,2179,2179,17,7,-25,-21,-23
4.226562,11,2179,2179,17,7,-25,-21,-23
4.230469,11,2179,2179,17,7,-25,-21,-23
4.234375,11,2179,2179,17,7,-25,-21,-23
4.238281,11,2179,2179,17,7,-25,-21,-23
4.242188,11,2179,2179,17,7,-25,-21,-23
4.246094,11,2179,2179,17,7,-25,-21,-23
4.250000,11,2179,2179,17,7,-25,-21,-23
4.253906,12,2179,2179,17,7,-25,-21,-23
4.257812,12,2179,2179,16,7,-25,-21,-23
4.261719,12,2179,2179,17,7,-25,-21,-23
4.265625,12,2179,2179,17,7,-25,-21,-24
4.269531,12,2179,2179,17,7,-25,-21,-24
4.273438,12,2179,2179,17,7,-25,-21,-23
4.277344,12,2179,2179,17,7,-25,-21,-23
4.281250,12,2179,2179,17,8,-25,-21,-23
4.285156,11,2179,2179,17,8,-25,-20,-23
4.289062,12,2179,2179,17,7,-25,-20,-23
4.292969,12,2179,2179,17,7,-25,-20,-23
4.296875,11,2179,2179,17,7,-25,-20,-23
4.300781,11,2179,2179,17,8,-25,-20,-23
4.304688,12,2179,2179,17,8,-25,-20,-23
4.308594,12,2179,2179,17,7,-25,-20,-23
4.312500,11,2179,2179,16,7,-25,-20,-23
4.316406,11,2179,2179,17,8,-25,-21,-23
4.320312,12,2179,2179,17,8,-25,-20,-23
4.324219,12,2179,2179,17,7,-25,-20,-23
4.328125,12,2179,2179,17,7,-25,-20,-23
4.332031,12,2179,2179,17,7,-25,-21,-23
4.335938,12,2179,2179,17,7,-25,-21,-23
4.339844,12,2179,2179,16,7,-25,-21,-22
4.343750,12,2179,2179,17,7,-25,-21,-23
4.347656,12,2179,2179,17,7,-25,-21,-23
4.351562,12,2179,2179,17,7,-25,-21,-24
4.355469,12,2179,2179,16,7,-25,-21,-23
4.359375,12,2179,2179,16,7,-26,-21,-23
4.363281,12,2179,2179,17,7,-26,-21,-23
4.367188,12,2179,2179,17,7,-25,-21,-23
4.371094,12,2179,2179,16,7,-25,-21,-23
4.375000,12,2179,2179,16,7,-25,-21,-23
4.378906,11,2179,2179,16,7,-25,-21,-23
4.382812,11,2179,2179,17,7,-25,-21,-23
4.386719,12,2179,2179,17,7,-25,-21,-23
4.390625,12,2179,2179,16,7,-25,-21,-23
4.394531,11,2179,2179,16,6,-25,-20,-23
4.398438,11,2179,2179,17,7,-25,-21,-23
4.402344,11,2179,2179,17,7,-25,-20,-23
4.406250,12,2179,2179,17,7,-25,-21,-23
4.410156,12,2179,2179,17,7,-25,-20,-23
4.414062,12,2179,2179,17,7,-25,-20,-23
4.417969,12,2179,2179,17,7,-25,-21,-23
4.421875,12,2179,2179,17,7,-25,-21,-23
4.425781,13,2179,2179,17,7,-25,-21,-23
4.429688,13,2179,2179,17,7,-25,-21,-23
4.433594,13,2179,2179,17,7,-25,-21,-23
4.437500,14,2179,2179,16,7,-25,-21,-23
4.441406,13,2179,2179,17,7,-25,-21,-23
4.445312,13,2179,2179,17,7,-25,-21,-23
4.449219,13,2179,2179,17,7,-25,-21,-23
4.453125,14,2179,2179,17,8,-25,-21,-24
4.457031,14,2179,2179,17,7,-25,-21,-24
4.460938,14,2179,2179,17,7,-25,-21,-24
4.464844,14,2179,2179,17,7,-25,-21,-23
4.468750,14,2179,2179,17,7,-25,-21,-23
4.472656,15,2179,2179,17,7,-25,-21,-23
4.476562,15,2179,2179,17,7,-25,-21,-23
4.480469,15,2179,2179,17,7,-25,-21,-23
4.484375,15,2179,2179,17,7,-25,-21,-23
4.488281,15,2179,2179,17,7,-25,-20,-23
4.492188,15,2179,2179,17,7,-25,-20,-23
4.496094,15,2179,2179,17,7,-25,-20,-23
4.500000,15,2179,2179,17,8,-25,-21,-23
4.503906,16,2179,2179,17,8,-25,-20,-23
4.507812,16,2179,2179,17,7,-25,-21,-23
4.511719,16,2179,2179,17,7,-25,-21,-23
4.515625,17,2179,2179,17,7,-25,-21,-23
4.519531,17,2179,2179,17,7,-25,-21,-23
4.523438,18,2179,2179,17,7,-25,-21,-23
4.527344,18,2179,2179,17,7,-25,-21,-23
4.531250,18,2179,2179,17,7,-25,-21,-23
4.535156,18,2179,2179,17,7,-25,-21,-24
4.539062,18,2179,2179,16,7,-25,-21,-23
4.542969,18,2179,2179,16,6,-25,-21,-23
4.546875,17,2179,2179,17,7,-25,-21,-23
4.550781,18,2179,2179,17,7,-25,-21,-23
4.554688,17,2179,2179,16,7,-25,-21,-23
4.558594,17,2179,2179,16,7,-25,-21,-23
4.562500,17,2179,2179,16,7,-25,-21,-23
4.566406,17,2179,2179,17,7,-25,-21,-24
4.570312,17,2179,2179,17,7,-25,-21,-23
4.574219,17,2179,2179,17,7,-25,-21,-23
4.578125,16,2179,2179,16,7,-25,-21,-23
4.582031,16,2179,2179,17,7,-25,-21,-23
4.585938,16,2179,2179,17,7,-25,-20,-23
4.589844,16,2179,2179,17,7,-25,-20,-22
4.593750,16,2179,2179,17,7,-25,-20,-23
4.597656,16,2179,2179,17,7,-25,-20,-23
4.601562,16,2179,2179,17,7,-25,-20,-23
4.605469,16,2179,2179,17,7,-25,-20,-23
4.609375,16,2179,2179,17,7,-25,-20,-23
4.613281,16,2179,2179,17,7,-25,-21,-23
4.617188,16,2179,2179,17,7,-25,-21,-23
4.621094,16,2179,2179,17,7,-25,-20,-23
4.625000,16,2179,2179,17,7,-25,-21,-23
4.628906,16,2179,2179,17,7,-25,-21,-23
4.632812,16,2179,2179,17,7,-25,-21,-24
4.636719,16,2179,2179,17,7,-25,-21,-23
4.640625,16,2179,2179,17,7,-25,-21,-23
4.644531,16,2179,2179,17,7,-25,-21,-23
4.648438,16,2179,2179,17,7,-25,-21,-23
4.652344,16,2179,2179,17,7,-25,-21,-23
4.656250,16,2179,2179,17,7,-25,-21,-23
4.660156,15,2179,2179,17,7,-25,-21,-23
4.664062,15,2179,2179,17,7,-25,-21,-23
4.667969,15,2179,2179,17,7,-25,-21,-24
4.671875,15,2179,2179,17,7,-25,-21,-23
4.675781,15,2179,2179,17,7,-25,-21,-23
4.679688,14,2179,2179,17,7,-25,-21,-23
4.683594,14,2179,2179,17,8,-25,-21,-23
4.687500,14,2179,2179,16,7,-25,-21,-23
4.691406,14,2179,2179,17,7,-25,-21,-23
4.695312,13,2179,2179,17,7,-25,-21,-23
4.699219,13,2179,2179,17,8,-25,-21,-23
4.703125,14,2179,2179,17,7,-25,-21,-23
4.707031,14,2179,2179,17,7,-25,-21,-23
4.710938,14,2179,2179,17,7,-25,-21,-23
4.714844,14,2179,2179,17,7,-25,-21,-24
4.718750,14,2179,2179,17,7,-25,-21,-23
4.722656,14,2179,2179,17,7,-25,-21,-23
4.726562,15,2179,2179,16,7,-25,-21,-23
4.730469,14,2179,2179,17,7,-25,-21,-23
4.734375,14,2179,2179,17,7,-25,-21,-23
4.738281,15,2179,2179,16,7,-25,-21,-23
4.742188,15,2179,2179,16,7,-25,-20,-23
4.746094,14,2179,2179,17,7,-25,-21,-23
4.750000,14,2179,2179,17,7,-25,-21,-24
4.753906,15,2179,2179,17,7,-25,-20,-23
4.757812,15,2179,2179,17,7,-25,-20,-23
4.761719,15,2179,2179,16,7,-25,-21,-23
4.765625,15,2179,2179,17,7,-25,-21,-23
4.769531,15,2179,2179,17,7,-25,-21,-23
4.773438,15,2179,2179,16,7,-25,-21,-23
4.777344,15,2179,2179,16,7,-25,-21,-23
4.781250,15,2179,2179,17,7,-25,-21,-23
4.785156,15,2179,2179,17,7,-25,-21,-23
4.789062,16,2179,2179,16,6,-25,-21,-23
4.792969,16,2179,2179,16,6,-25,-21,-23
4.796875,15,2179,2179,16,7,-25,-20,-23
4.800781,15,2179,2179,17,7,-25,-21,-23
4.804688,15,2179,2179,16,7,-25,-20,-23
4.808594,15,2179,2179,16,7,-25,-21,-23
4.812500,15,2179,2179,16,7,-25,-21,-23
4.816406,15,2179,2179,17,7,-25,-21,-23
4.820312,15,2179,2179,17,7,-25,-21,-23
4.824219,16,2179,2179,16,7,-25,-21,-23
4.828125,16,2179,2179,16,7,-25,-21,-23
4.832031,16,2179,2179,17,7,-25,-21,-23
4.835938,16,2179,2179,17,7,-25,-20,-23
4.839844,16,2179,2179,17,7,-25,-21,-23
4.843750,16,2179,2179,17,7,-25,-21,-23
4.847656,16,2179,2179,17,7,-25,-21,-23
4.851562,16,2179,2179,17,8,-25,-21,-23
4.855469,17,2179,2179,17,7,-25,-21,-23
4.859375,17,2179,2179,17,7,-25,-21,-23
4.863281,17,2179,2179,17,8,-25,-21,-23
4.867188,17,2179,2179,17,8,-25,-21,-23
4.871094,18,2179,2179,17,8,-25,-21,-23
4.875000,18,2179,2179,17,7,-25,-21,-23
4.878906,18,2179,2179,17,7,-25,-21,-23
4.882812,17,2179,2179,17,7,-25,-21,-24
4.886719,18,2179,2179,17,7,-25,-21,-23
4.890625,18,2179,2179,17,7,-25,-20,-23
4.894531,18,2179,2179,17,7,-25,-21,-23
4.898438,18,2179,2179,17,8,-25,-20,-23
4.902344,19,2179,2179,17,7,-25,-20,-23
4.906250,19,2179,2179,17,7,-25,-20,-23
4.910156,20,2179,2179,17,7,-25,-20,-23
4.914062,20,2179,2179,17,7,-25,-20,-23
4.917969,20,2179,2179,17,7,-25,-20,-23
4.921875,21,2179,2179,17,7,-25,-20,-23
4.925781,21,2179,2179,17,7,-25,-20,-23
4.929688,21,2179,2179,17,7,-25,-20,-23
4.933594,21,2179,2179,17,7,-25,-20,-23
4.937500,22,2179,2179,16,7,-25,-20,-23
4.941406,22,2179,2179,17,7,-25,-21,-23
4.945312,22,2179,2179,16,7,-25,-21,-23
4.949219,21,2179,2179,17,7,-25,-21,-23
4.953125,22,2179,2179,17,7,-25,-21,-23
4.957031,22,2179,2179,17,7,-25,-21,-23
4.960938,21,2179,2179,17,7,-25,-21,-24
4.964844,21,2179,2179,17,7,-25,-21,-25
4.968750,21,2179,2179,17,7,-25,-21,-23
4.972656,21,2179,2179,17,7,-25,-21,-24
4.976562,21,2179,2179,16,7,-25,-21,-24
4.980469,21,2179,2179,17,7,-25,-21,-24
4.984375,21,2179,2179,17,7,-25,-21,-23
4.988281,21,2179,2179,16,7,-25,-21,-23
4.992188,21,2179,2179,16,7,-25,-21,-23
4.996094,21,2179,2179,17,7,-25,-20,-23
5.000000,21,2179,2179,17,8,-25,-20,-23
5.003906,21,2179,2179,16,7,-25,-20,-23
5.007812,21,2179,2179,16,7,-25,-20,-23
5.011719,21,2179,2179,16,7,-25,-20,-23
5.015625,21,2179,2179,16,7,-25,-21,-23
5.019531,22,2179,2179,16,7,-25,-20,-23
5.023438,22,2179,2179,16,7,-25,-20,-23
5.027344,22,2179,2179,16,7,-25,-21,-23
5.031250,22,2179,2179,17,7,-25,-21,-23
5.035156,22,2179,2179,17,7,-25,-20,-23
5.039062,23,2179,2179,17,7,-25,-21,-23
5.042969,23,2179,2179,17,7,-25,-21,-23
5.046875,22,2179,2179,17,7,-25,-21,-23
5.050781,22,2179,2179,17,7,-25,-21,-23
5.054688,22,2179,2179,17,7,-25,-21,-24
5.058594,22,2179,2179,17,7,-26,-21,-23
5.062500,22,2179,2179,17,7,-25,-21,-24
5.066406,22,2179,2179,17,8,-25,-21,-23
5.070312,22,2179,2179,17,8,-25,-21,-24
5.074219,22,2179,2179,17,7,-25,-21,-23
5.078125,22,2179,2179,17,7,-25,-21,-23
5.082031,22,2179,2179,17,7,-25,-21,-23
5.085938,22,2179,2179,17,7,-25,-21,-23
5.089844,22,2179,2179,17,7,-25,-21,-24
5.093750,22,2179,2179,17,7,-25,-21,-23
5.097656,22,2179,2179,17,7,-25,-21,-23
5.101562,23,2179,2179,17,7,-25,-20,-23
5.105469,23,2179,2179,17,7,-25,-20,-23
5.109375,23,2179,2179,17,7,-25,-20,-23
5.113281,24,2179,2179,17,7,-25,-20,-23
5.117188,24,2179,2179,17,7,-25,-21,-23
5.121094,25,2179,2179,17,7,-25,-20,-23
5.125000,25,2179,2179,16,7,-25,-20,-23
5.128906,25,2179,2179,16,7,-25,-20,-23
5.132812,25,2179,2179,16,7,-25,-21,-24
5.136719,25,2179,2179,16,7,-25,-20,-23
5.140625,25,2179,2179,15,7,-25,-20,-23
5.144531,24,2179,2179,16,7,-25,-20,-23
5.148438,24,2179,2179,16,7,-25,-20,-24
5.152344,24,2179,2179,16,7,-25,-21,-23
5.156250,24,2179,2179,16,7,-25,-21,-24
5.160156,24,2179,2179,17,7,-25,-21,-23
5.164062,23,2179,2179,17,7,-25,-21,-23
5.167969,23,2179,2179,17,7,-25,-21,-23
5.171875,24,2179,2179,17,7,-25,-21,-23
5.175781,24,2179,2179,16,7,-25,-21,-23
5.179688,23,2179,2179,16,6,-25,-21,-23
5.183594,23,2179,2179,16,7,-25,-21,-23
5.187500,23,2179,2179,17,7,-25,-21,-23
5.191406,23,2179,2179,16,7,-25,-21,-23
5.195312,22,2179,2179,16,7,-25,-20,-23
5.199219,22,2179,2179,17,7,-25,-21,-23
5.203125,23,2179,2179,17,7,-25,-20,-23
5.207031,23,2179,2179,17,7,-25,-20,-23
5.210938,22,2179,2179,17,7,-25,-20,-23
5.214844,23,2179,2179,17,7,-25,-20,-24
5.218750,23,2179,2179,17,7,-25,-20,-23
5.222656,23,2179,2179,17,7,-25,-20,-23
5.226562,24,2179,2179,17,7,-25,-20,-23
5.230469,23,2179,2179,17,7,-25,-20,-24
5.234375,24,2179,2179,17,7,-25,-20,-23
5.238281,24,2179,2179,17,7,-25,-20,-23
5.242188,25,2179,2179,16,7,-25,-21,-23
5.246094,24,2179,2179,17,7,-25,-21,-23
5.250000,25,2179,2179,17,7,-25,-21,-23
5.253906,25,2179,2179,17,7,-25,-21,-23
5.257812,25,2179,2179,17,7,-25,-21,-23
5.261719,25,2179,2179,17,7,-25,-21,-23
5.265625,25,2179,2179,17,7,-25,-21,-24
5.269531,25,2179,2179,17,8,-25,-21,-23
5.273438,25,2179,2179,17,7,-25,-21,-23
5.277344,26,2179,2179,17,7,-25,-21,-23
5.281250,25,2179,2179,17,8,-25,-21,-23
5.285156,25,2179,2179,17,8,-25,-21,-23
5.289062,26,2179,2179,17,8,-25,-21,-23
5.292969,26,2179,2179,17,7,-25,-21,-23
5.296875,26,2179,2179,17,8,-25,-21,-23
5.300781,27,2179,2179,17,8,-25,-21,-23
5.304688,28,2179,2179,17,7,-25,-20,-23
5.308594,28,2179,2179,17,7,-25,-20,-23
5.312500,29,2179,2179,18,7,-25,-21,-23
5.316406,29,2179,2179,17,8,-25,-20,-23
5.320312,30,2179,2179,17,8,-25,-21,-23
5.324219,30,2179,2179,17,7,-25,-21,-23
5.328125,30,2179,2179,17,7,-25,-21,-23
5.332031,31,2179,2179,17,7,-25,-21,-23
5.335938,31,2179,2179,17,7,-25,-21,-23
5.339844,32,2179,2179,17,7,-25,-21,-23
5.343750,32,2179,2179,16,6,-25,-21,-23
5.347656,32,2179,2179,17,7,-25,-21,-23
5.351562,33,2179,2179,16,6,-25,-21,-24
5.355469,33,2179,2179,16,6,-25,-21,-24
5.359375,34,2179,2179,16,6,-25,-21,-24
5.363281,34,2179,2179,16,7,-25,-21,-24
5.367188,35,2179,2179,16,7,-25,-21,-24
5.371094,36,2179,2179,16,7,-25,-21,-24
5.375000,36,2179,2179,16,6,-25,-21,-24
5.378906,36,2179,2179,16,6,-26,-21,-24
5.382812,36,2179,2179,17,7,-25,-21,-24
5.386719,37,2179,2179,17,7,-25,-21,-24
5.390625,37,2179,2179,16,6,-25,-21,-23
5.394531,37,2179,2179,16,6,-25,-21,-23
5.398438,37,2179,2179,17,7,-25,-21,-23
5.402344,38,2179,2179,17,7,-25,-21,-23
5.406250,39,2179,2179,16,6,-25,-20,-23
5.410156,39,2179,2179,16,6,-25,-21,-23
5.414062,40,2179,2179,17,7,-25,-20,-23
5.417969,40,2179,2179,17,7,-25,-21,-23
5.421875,41,2179,2179,17,7,-25,-21,-23
5.425781,41,2179,2179,17,7,-25,-21,-23
5.429688,41,2179,2179,17,6,-25,-21,-23
5.433594,42,2179,2179,17,7,-25,-21,-23
5.437500,42,2179,2179,17,7,-25,-21,-23
5.441406,43,2179,2179,17,7,-25,-20,-23
5.445312,43,2179,2179,16,7,-25,-21,-23
5.449219,44,2179,2179,17,7,-25,-21,-23
5.453125,44,2179,2179,17,7,-25,-21,-23
5.457031,45,2179,2179,17,7,-25,-21,-23
5.460938,45,2179,2179,17,7,-25,-21,-23
5.464844,45,2179,2179,17,7,-25,-21,-23
5.468750,45,2179,2179,17,8,-25,-21,-23
5.472656,45,2179,2179,17,7,-25,-21,-23
5.476562,45,2179,2179,17,7,-25,-21,-23
5.480469,45,2179,2179,17,8,-25,-21,-23
5.484375,45,2179,2179,17,8,-25,-21,-23
5.488281,45,2179,2179,17,8,-25,-21,-23
5.492188,45,2179,2179,17,8,-25,-21,-23
5.496094,45,2179,2179,17,8,-25,-21,-23
5.500000,45,2179,2179,17,8,-25,-21,-23
5.503906,45,2179,2179,17,8,-25,-21,-23
5.507812,45,2179,2179,17,7,-25,-20,-23
5.511719,45,2179,2179,17,7,-25,-20,-23
5.515625,45,2179,2179,17,7,-25,-21,-23
5.519531,45,2179,2179,17,7,-25,-20,-23
5.523438,45,2179,2179,16,7,-25,-20,-23
5.527344,46,2179,2179,16,7,-25,-20,-23
5.531250,45,2179,2179,17,7,-25,-21,-23
5.535156,45,2179,2179,17,7,-25,-21,-23
5.539062,46,2179,2179,16,7,-25,-21,-23
5.542969,46,2179,2179,16,7,-25,-21,-23
5.546875,46,2179,2179,16,7,-25,-21,-23
5.550781,46,2179,2179,17,7,-25,-21,-23
5.554688,46,2179,2179,16,6,-25,-21,-23
5.558594,46,2179,2179,16,6,-25,-21,-23
5.562500,46,2179,2179,17,7,-25,-21,-23
5.566406,46,2179,2179,17,7,-25,-21,-23
5.570312,46,2179,2179,17,7,-25,-21,-23
5.574219,46,2179,2179,17,7,-25,-21,-23
5.578125,46,2179,2179,17,7,-25,-21,-23
5.582031,46,2179,2179,18,7,-25,-21,-23
5.585938,47,2179,2179,19,7,-25,-21,-23
5.589844,47,2179,2179,19,7,-25,-21,-23
5.593750,47,2179,2179,19,7,-25,-21,-24
5.597656,47,2179,2179,19,7,-25,-21,-23
5.601562,47,2179,2179,19,7,-25,-21,-23
5.605469,48,2179,2179,19,7,-25,-20,-23
5.609375,48,2179,2179,19,7,-25,-20,-23
5.613281,49,2179,2179,19,7,-25,-20,-23
5.617188,49,2179,2179,19,7,-25,-20,-23
5.621094,50,2179,2179,19,7,-25,-20,-23
5.625000,50,2179,2179,19,7,-25,-20,-23
5.628906,51,2179,2179,19,7,-25,-20,-23
5.632812,51,2179,2179,19,7,-25,-20,-23
5.636719,51,2179,2179,19,7,-25,-20,-23
5.640625,51,2179,2179,19,7,-25,-20,-23
5.644531,51,2179,2179,19,7,-25,-21,-23
5.648438,52,2179,2179,20,7,-25,-21,-23
5.652344,52,2179,2179,20,7,-25,-21,-23
5.656250,52,2179,2179,20,7,-25,-21,-23
5.660156,52,2179,2179,21,7,-25,-21,-23
5.664062,52,2179,2179,21,7,-25,-21,-23
5.667969,53,2179,2179,21,7,-25,-21,-24
5.671875,53,2179,2179,21,7,-25,-21,-24
5.675781,53,2179,2179,21,7,-25,-21,-23
5.679688,53,2179,2179,21,7,-25,-21,-23
5.683594,53,2179,2179,21,8,-25,-21,-24
5.687500,53,2179,2179,21,8,-25,-21,-23
5.691406,53,2179,2179,21,8,-25,-21,-23
5.695312,53,2179,2179,21,7,-25,-21,-23
5.699219,53,2179,2179,21,8,-25,-20,-23
5.703125,53,2179,2179,21,8,-25,-20,-23
5.707031,53,2179,2179,21,7,-25,-20,-23
5.710938,53,2179,2179,21,7,-25,-20,-23
5.714844,53,2179,2179,22,7,-25,-20,-23
5.718750,54,2179,2179,23,8,-25,-21,-23
5.722656,54,2179,2179,24,7,-25,-21,-23
5.726562,54,2179,2179,25,7,-25,-21,-23
5.730469,54,2179,2179,26,8,-25,-21,-23
5.734375,54,2179,2179,27,8,-25,-21,-23
5.738281,54,2179,2179,27,7,-25,-20,-23
5.742188,54,2179,2179,28,7,-25,-20,-23
5.746094,54,2179,2179,29,7,-25,-20,-23
5.750000,54,2179,2179,30,7,-25,-20,-23
5.753906,54,2179,2179,32,7,-25,-20,-23
5.757812,54,2179,2179,33,7,-25,-21,-23
5.761719,54,2179,2179,35,7,-25,-21,-23
5.765625,55,2179,2179,37,7,-25,-21,-24
5.769531,55,2179,2179,39,7,-25,-21,-23
5.773438,55,2179,2179,40,7,-25,-21,-24
5.777344,56,2179,2179,42,7,-25,-21,-24
5.781250,55,2179,2179,44,7,-25,-21,-24
5.785156,55,2179,2179,46,7,-25,-21,-23
5.789062,55,2179,2179,48,7,-25,-21,-23
5.792969,54,2179,2179,50,7,-25,-21,-23
5.796875,54,2179,2179,51,7,-25,-21,-23
5.800781,53,2179,2179,53,7,-25,-21,-23
5.804688,54,2179,2179,54,6,-25,-21,-23
5.808594,53,2179,2179,56,7,-25,-20,-23
5.812500,53,2179,2179,59,7,-25,-20,-23
5.816406,53,2179,2179,61,7,-25,-20,-23
5.820312,53,2179,2179,65,7,-25,-21,-23
5.824219,53,2179,2179,68,7,-25,-21,-23
5.828125,53,2179,2179,71,7,-25,-21,-23
5.832031,53,2179,2179,75,7,-25,-21,-23
5.835938,53,2179,2179,78,7,-25,-21,-23
5.839844,53,2179,2179,81,7,-25,-20,-23
5.843750,53,2179,2179,84,7,-25,-21,-23
5.847656,53,2179,2179,88,7,-25,-21,-23
5.851562,53,2179,2179,91,7,-25,-21,-23
5.855469,53,2179,2179,94,7,-25,-21,-23
5.859375,53,2179,2179,96,7,-25,-21,-23
5.863281,53,2179,2179,98,7,-25,-21,-23
5.867188,53,2179,2179,98,7,-25,-21,-23
5.871094,53,2179,2179,98,8,-25,-21,-23
5.875000,53,2179,2179,99,7,-25,-21,-23
5.878906,52,2179,2179,100,8,-25,-21,-23
5.882812,52,2179,2179,103,8,-25,-21,-23
5.886719,52,2179,2179,106,8,-25,-21,-23
5.890625,51,2179,2179,109,7,-25,-21,-23
5.894531,51,2179,2179,112,7,-25,-21,-23
5.898438,51,2179,2179,116,7,-25,-21,-23
5.902344,51,2179,2179,118,7,-25,-21,-23
5.906250,51,2179,2179,119,7,-25,-21,-23
5.910156,51,2179,2179,120,7,-25,-21,-23
5.914062,51,2179,2179,121,7,-25,-21,-23
5.917969,50,2179,2179,122,7,-25,-21,-23
5.921875,51,2179,2179,123,7,-24,-20,-23
5.925781,51,2179,2179,125,7,-25,-21,-23
5.929688,50,2179,2179,127,6,-25,-21,-23
5.933594,50,2179,2179,129,7,-25,-21,-23
5.937500,51,2179,2179,131,7,-25,-21,-23
5.941406,51,2179,2179,133,7,-25,-20,-23
5.945312,51,2179,2179,134,7,-25,-21,-23
5.949219,51,2179,2179,136,7,-25,-21,-23
5.953125,51,2179,2179,137,7,-25,-21,-23
5.957031,51,2179,2179,138,7,-25,-21,-23
5.960938,51,2179,2179,140,6,-25,-21,-23
5.964844,50,2179,2179,142,7,-25,-21,-23
5.968750,50,2179,2179,143,7,-25,-21,-23
5.972656,51,2179,2179,145,6,-25,-21,-23
5.976562,51,2179,2179,146,6,-25,-21,-23
5.980469,51,2179,2179,148,7,-25,-21,-23
5.984375,51,2179,2179,150,7,-25,-21,-24
5.988281,51,2179,2179,151,7,-25,-21,-24
5.992188,51,2179,2179,152,7,-25,-21,-23
5.996094,50,2179,2179,153,7,-25,-21,-23
6.000000,50,2179,2179,154,7,-25,-21,-23
6.003906,49,2179,2179,154,7,-25,-21,-23
6.007812,49,2179,2179,154,7,-25,-21,-23
6.011719,49,2179,2179,155,7,-25,-21,-23
6.015625,49,2179,2179,156,7,-25,-21,-23
6.019531,49,2179,2179,157,7,-25,-21,-23
6.023438,49,2179,2179,157,7,-25,-21,-23
6.027344,50,2179,2179,158,7,-25,-21,-23
6.031250,49,2179,2179,159,7,-25,-21,-23
6.035156,48,2179,2179,159,7,-25,-21,-23
6.039062,49,2179,2179,159,7,-25,-21,-23
6.042969,48,2179,2179,159,7,-25,-21,-23
6.046875,48,2179,2179,159,8,-26,-21,-23
6.050781,48,2179,2179,159,8,-25,-21,-23
6.054688,48,2179,2179,159,6,-25,-21,-23
6.058594,48,2179,2179,160,7,-25,-21,-23
6.062500,48,2179,2179,160,7,-25,-20,-23
6.066406,48,2179,2179,161,7,-25,-21,-24
6.070312,48,2179,2179,162,8,-25,-21,-23
6.074219,48,2179,2179,162,7,-25,-21,-23
6.078125,47,2179,2179,163,7,-25,-21,-23
6.082031,47,2179,2179,164,7,-25,-21,-23
6.085938,47,2179,2179,164,7,-25,-21,-23
6.089844,47,2179,2179,165,7,-26,-21,-23
6.093750,47,2179,2179,165,7,-25,-21,-23
6.097656,47,2179,2179,165,7,-25,-21,-23
6.101562,47,2179,2179,166,7,-25,-21,-23
6.105469,47,2179,2179,165,7,-25,-21,-23
6.109375,47,2179,2179,165,7,-25,-21,-23
6.113281,46,2179,2179,166,8,-25,-21,-23
6.117188,46,2179,2179,166,7,-25,-21,-23
6.121094,46,2179,2179,166,7,-25,-21,-23
6.125000,47,2179,2179,166,7,-25,-21,-23
6.128906,46,2179,2179,166,7,-25,-20,-23
6.132812,46,2179,2179,167,7,-25,-21,-23
6.136719,47,2179,2179,167,7,-25,-20,-23
6.140625,47,2179,2179,167,7,-25,-20,-23
6.144531,46,2179,2179,167,7,-25,-21,-23
6.148438,46,2179,2179,168,7,-25,-21,-23
6.152344,47,2179,2179,169,7,-25,-21,-23
6.156250,47,2179,2179,169,7,-25,-21,-23
6.160156,47,2179,2179,170,7,-25,-21,-23
6.164062,47,2179,2179,170,7,-25,-21,-23
6.167969,46,2179,2179,170,7,-25,-21,-24
6.171875,47,2179,2179,170,7,-25,-21,-23
6.175781,47,2179,2179,170,7,-25,-21,-23
6.179688,46,2179,2179,170,6,-25,-21,-23
6.183594,46,2179,2179,169,7,-25,-21,-23
6.187500,46,2179,2179,169,7,-25,-21,-23
6.191406,46,2179,2179,169,7,-25,-21,-24
6.195312,46,2179,2179,169,7,-25,-21,-24
6.199219,46,2179,2179,170,7,-25,-21,-23
6.203125,46,2179,2179,170,7,-25,-21,-23
6.207031,46,2179,2179,171,7,-25,-21,-23
6.210938,45,2179,2179,172,7,-25,-21,-23
6.214844,45,2179,2179,173,7,-25,-21,-23
6.218750,45,2179,2179,173,8,-25,-21,-23
6.222656,45,2179,2179,173,7,-25,-20,-23
6.226562,45,2179,2179,173,7,-25,-20,-23
6.230469,45,2179,2179,173,8,-25,-20,-23
6.234375,44,2179,2179,173,7,-25,-20,-23
6.238281,45,2179,2179,173,7,-25,-21,-23
6.242188,44,2179,2179,173,7,-25,-20,-23
6.246094,44,2179,2179,173,7,-25,-20,-23
6.250000,44,2179,2179,173,7,-25,-21,-23
6.253906,44,2179,2179,174,7,-25,-21,-23
6.257812,44,2179,2179,174,7,-25,-21,-23
6.261719,44,2179,2179,174,7,-25,-21,-23
6.265625,43,2179,2179,175,7,-25,-21,-23
6.269531,44,2179,2179,175,7,-25,-21,-23
6.273438,44,2179,2179,175,7,-25,-21,-23
6.277344,44,2179,2179,175,7,-25,-21,-23
6.281250,43,2179,2179,175,8,-25,-21,-23
6.285156,42,2179,2179,175,8,-25,-21,-24
6.289062,42,2179,2179,175,7,-25,-21,-23
6.292969,42,2179,2179,175,7,-25,-21,-23
6.296875,42,2179,2179,176,8,-26,-21,-23
6.300781,41,2179,2179,176,8,-25,-21,-23
6.304688,41,2179,2179,176,7,-25,-21,-23
6.308594,41,2179,2179,176,7,-25,-21,-23
6.312500,41,2179,2179,176,7,-25,-21,-23
6.316406,41,2179,2179,175,7,-25,-21,-23
6.320312,41,2179,2179,175,8,-25,-20,-23
6.324219,41,2179,2179,175,7,-25,-21,-23
6.328125,40,2179,2179,176,7,-25,-20,-23
6.332031,40,2179,2179,177,8,-25,-21,-23
6.335938,40,2179,2179,177,8,-25,-20,-23
6.339844,40,2179,2179,177,7,-25,-20,-23
6.343750,40,2179,2179,177,7,-25,-20,-23
6.347656,40,2179,2179,177,7,-25,-21,-23
6.351562,40,2179,2179,177,7,-25,-21,-23
6.355469,40,2179,2179,176,7,-25,-21,-23
6.359375,40,2179,2179,175,7,-25,-21,-23
6.363281,40,2179,2179,175,7,-25,-21,-23
6.367188,40,2179,2179,175,7,-25,-21,-23
6.371094,40,2179,2179,174,7,-25,-21,-23
6.375000,40,2179,2179,174,6,-25,-21,-23
6.378906,39,2179,2179,175,7,-25,-21,-24
6.382812,39,2179,2179,175,7,-25,-21,-23
6.386719,39,2179,2179,176,7,-25,-21,-24
6.390625,39,2179,2179,176,7,-25,-21,-24
6.394531,38,2179,2179,176,7,-25,-21,-24
6.398438,38,2179,2179,177,7,-25,-21,-23
6.402344,38,2179,2179,177,7,-25,-21,-23
6.406250,38,2179,2179,177,7,-25,-21,-23
6.410156,38,2179,2179,177,7,-25,-21,-23
6.414062,37,2179,2179,177,7,-25,-21,-23
6.417969,37,2179,2179,178,7,-25,-21,-23
6.421875,38,2179,2179,178,7,-24,-20,-23
6.425781,37,2179,2179,178,7,-25,-20,-23
6.429688,37,2179,2179,179,7,-25,-20,-23
6.433594,37,2179,2179,179,8,-25,-21,-23
6.437500,38,2179,2179,179,8,-25,-21,-23
6.441406,38,2179,2179,179,7,-25,-21,-23
6.445312,38,2179,2179,179,7,-25,-21,-23
6.449219,38,2179,2179,178,8,-25,-21,-23
6.453125,38,2179,2179,178,8,-25,-21,-23
6.457031,38,2179,2179,177,7,-25,-21,-23
6.460938,38,2179,2179,177,7,-25,-21,-23
6.464844,38,2179,2179,177,7,-25,-21,-23
6.468750,38,2179,2179,177,8,-25,-21,-23
6.472656,38,2179,2179,177,7,-25,-21,-23
6.476562,39,2179,2179,178,7,-25,-21,-23
6.480469,38,2179,2179,179,8,-25,-21,-24
6.484375,38,2179,2179,179,8,-25,-21,-24
6.488281,38,2179,2179,179,7,-25,-21,-24
6.492188,38,2179,2179,179,7,-25,-21,-23
6.496094,37,2179,2179,179,7,-25,-21,-23
6.500000,37,2179,2179,179,8,-25,-21,-23
6.503906,37,2179,2179,179,7,-25,-21,-23
6.507812,37,2179,2179,178,7,-25,-21,-23
6.511719,36,2179,2179,179,7,-25,-21,-23
6.515625,36,2179,2179,179,7,-25,-20,-23
6.519531,37,2179,2179,179,8,-25,-20,-23
6.523438,37,2179,2179,179,7,-25,-21,-23
6.527344,37,2179,2179,179,7,-25,-21,-23
6.531250,37,2179,2179,179,7,-25,-21,-23
6.535156,36,2179,2179,179,7,-25,-21,-23
6.539062,37,2179,2179,179,7,-25,-21,-23
6.542969,36,2179,2179,178,7,-25,-21,-23
6.546875,36,2179,2179,178,7,-26,-21,-24
6.550781,36,2179,2179,179,7,-25,-21,-23
6.554688,37,2179,2179,178,7,-25,-21,-23
6.558594,37,2179,2179,179,7,-25,-21,-23
6.562500,37,2179,2179,179,7,-25,-21,-23
6.566406,37,2179,2179,180,7,-25,-21,-23
6.570312,37,2179,2179,180,7,-25,-21,-23
6.574219,37,2179,2179,180,7,-25,-21,-23
6.578125,37,2179,2179,181,7,-25,-21,-23
6.582031,36,2179,2179,181,8,-25,-21,-23
6.585938,37,2179,2179,181,8,-25,-21,-24
6.589844,37,2179,2179,180,7,-25,-21,-24
6.593750,37,2179,2179,180,7,-25,-21,-23
6.597656,36,2179,2179,180,8,-25,-21,-23
6.601562,36,2179,2179,179,8,-25,-21,-23
6.605469,37,2179,2179,179,7,-25,-21,-23
6.609375,36,2179,2179,179,7,-25,-21,-23
6.613281,36,2179,2179,179,7,-25,-21,-23
6.617188,36,2179,2179,179,7,-25,-21,-23
6.621094,36,2179,2179,179,8,-25,-21,-23
6.625000,36,2179,2179,179,7,-25,-21,-23
6.628906,36,2179,2179,179,7,-25,-21,-23
6.632812,36,2179,2179,180,8,-25,-21,-23
6.636719,37,2179,2179,181,7,-25,-21,-23
6.640625,37,2179,2179,181,7,-25,-21,-23
6.644531,36,2179,2179,181,7,-25,-21,-23
6.648438,36,2179,2179,181,7,-25,-21,-23
6.652344,36,2179,2179,181,7,-25,-20,-23
6.656250,37,2179,2179,180,7,-25,-20,-23
6.660156,37,2179,2179,180,7,-25,-20,-23
6.664062,37,2179,2179,180,7,-25,-20,-23
6.667969,37,2179,2179,180,7,-25,-21,-23
6.671875,37,2179,2179,180,7,-23,-21,-23
6.675781,37,2179,2179,180,7,-25,-21,-23
6.679688,36,2179,2179,180,9,-25,-20,-23
6.683594,36,2179,2179,180,7,-25,-21,-23
6.687500,36,2179,2179,180,7,-25,-21,-23
6.691406,36,2179,2179,179,7,-25,-21,-23
6.695312,35,2179,2179,180,7,-25,-21,-23
6.699219,35,2179,2179,180,7,-25,-21,-23
6.703125,35,2179,2179,180,7,-25,-21,-23
6.707031,34,2179,2179,180,7,-25,-21,-23
6.710938,34,2179,2179,181,7,-25,-21,-23
6.714844,34,2179,2179,181,7,-25,-21,-23
6.718750,33,2179,2179,181,7,-25,-21,-23
6.722656,34,2179,2179,181,7,-25,-21,-23
6.726562,34,2179,2179,181,7,-25,-21,-23
6.730469,33,2179,2179,181,7,-25,-21,-23
6.734375,34,2179,2179,181,7,-25,-20,-23
6.738281,34,2179,2179,181,7,-25,-21,-23
6.742188,33,2179,2179,180,7,-25,-20,-23
6.746094,32,2179,2179,181,7,-25,-21,-23
6.750000,32,2179,2179,181,7,-25,-20,-23
6.753906,32,2179,2179,181,7,-25,-20,-23
6.757812,32,2179,2179,181,7,-25,-20,-23
6.761719,32,2179,2179,181,7,-25,-20,-23
6.765625,32,2179,2179,181,7,-25,-21,-24
6.769531,32,2179,2179,181,7,-25,-21,-23
6.773438,32,2179,2179,181,7,-25,-21,-23
6.777344,31,2179,2179,181,7,-25,-21,-23
6.781250,31,2179,2179,182,7,-25,-21,-23
6.785156,31,2179,2179,181,7,-25,-21,-23
6.789062,31,2179,2179,181,7,-25,-21,-23
6.792969,31,2179,2179,180,7,-25,-21,-23
6.796875,31,2179,2179,180,7,-27,-21,-23
6.800781,31,2179,2179,180,7,-25,-21,-23
6.804688,31,2179,2179,179,8,-25,-21,-23
6.808594,31,2179,2179,179,7,-25,-21,-23
6.812500,31,2179,2179,180,6,-25,-21,-23
6.816406,31,2179,2179,180,7,-25,-21,-23
6.820312,31,2179,2179,181,7,-25,-21,-23
6.824219,31,2179,2179,181,7,-25,-20,-23
6.828125,31,2179,2179,181,7,-25,-20,-23
6.832031,31,2179,2179,182,7,-25,-20,-23
6.835938,32,2179,2179,182,7,-25,-20,-23
6.839844,32,2179,2179,181,7,-25,-20,-23
6.843750,32,2179,2179,181,7,-25,-20,-23
6.847656,32,2179,2179,181,8,-25,-20,-23
6.851562,33,2179,2179,181,8,-25,-20,-23
6.855469,33,2179,2179,180,7,-25,-20,-23
6.859375,33,2179,2179,180,7,-25,-20,-23
6.863281,33,2179,2179,181,7,-25,-21,-23
6.867188,33,2179,2179,181,7,-25,-21,-23
6.871094,33,2179,2179,181,7,-25,-21,-23
6.875000,33,2179,2179,181,7,-25,-21,-23
6.878906,32,2179,2179,181,7,-25,-21,-23
6.882812,32,2179,2179,181,8,-25,-21,-23
6.886719,33,2179,2179,181,8,-25,-21,-24
6.890625,32,2179,2179,181,8,-25,-21,-23
6.894531,32,2179,2179,181,7,-25,-21,-23
6.898438,32,2179,2179,181,8,-25,-21,-23
6.902344,32,2179,2179,181,8,-25,-21,-23
6.906250,33,2179,2179,181,7,-25,-21,-23
6.910156,32,2179,2179,181,7,-25,-21,-23
6.914062,32,2179,2179,181,8,-25,-21,-23
6.917969,32,2179,2179,181,8,-25,-20,-23
6.921875,31,2179,2179,181,7,-22,-20,-23
6.925781,31,2179,2179,181,7,-25,-20,-23
6.929688,31,2179,2179,181,9,-25,-20,-23
6.933594,31,2179,2179,181,7,-25,-20,-23
6.937500,31,2179,2179,181,7,-25,-20,-23
6.941406,31,2179,2179,181,7,-25,-20,-23
6.945312,31,2179,2179,181,7,-25,-20,-23
6.949219,31,2179,2179,181,7,-25,-20,-23
6.953125,31,2179,2179,181,7,-25,-20,-23
6.957031,31,2179,2179,180,7,-25,-21,-23
6.960938,31,2179,2179,181,7,-25,-21,-23
6.964844,31,2179,2179,181,7,-25,-21,-23
6.968750,32,2179,2179,181,7,-25,-21,-23
6.972656,32,2179,2179,181,7,-25,-21,-23
6.976562,32,2179,2179,181,6,-25,-21,-24
6.980469,31,2179,2179,182,7,-25,-21,-24
6.984375,31,2179,2179,181,7,-25,-21,-24
6.988281,31,2179,2179,181,7,-25,-21,-24
6.992188,31,2179,2179,180,7,-25,-21,-23
6.996094,31,2179,2179,180,7,-25,-21,-23
7.000000,31,2179,2179,181,7,-25,-21,-23
7.003906,31,2179,2179,181,7,-25,-21,-24
7.007812,31,2179,2179,180,7,-25,-21,-23
7.011719,31,2179,2179,181,7,-25,-21,-23
7.015625,31,2179,2179,181,8,-25,-21,-23
7.019531,31,2179,2179,181,8,-25,-21,-23
7.023438,31,2179,2179,181,7,-25,-21,-23
7.027344,30,2179,2179,181,8,-25,-21,-23
7.031250,31,2179,2179,182,8,-25,-21,-23
7.035156,31,2179,2179,182,8,-25,-20,-23
7.039062,32,2179,2179,182,7,-25,-20,-23
7.042969,32,2179,2179,182,7,-25,-20,-23
7.046875,31,2179,2179,182,8,-28,-20,-23
7.050781,32,2179,2179,182,8,-25,-20,-23
7.054688,32,2179,2179,182,7,-25,-20,-23
7.058594,32,2179,2179,181,7,-25,-20,-23
7.062500,32,2179,2179,181,7,-25,-20,-23
7.066406,32,2179,2179,181,7,-25,-20,-23
7.070312,32,2179,2179,181,7,-25,-20,-24
7.074219,32,2179,2179,180,7,-25,-21,-23
7.078125,32,2179,2179,181,7,-25,-21,-23
7.082031,32,2179,2179,181,7,-25,-21,-23
7.085938,32,2179,2179,182,7,-25,-21,-23
7.089844,33,2179,2179,182,7,-25,-21,-23
7.093750,33,2179,2179,182,7,-25,-21,-23
7.097656,32,2179,2179,182,7,-25,-21,-23
7.101562,32,2179,2179,181,7,-25,-21,-23
7.105469,33,2179,2179,181,7,-25,-21,-23
7.109375,32,2179,2179,181,7,-25,-21,-23
7.113281,32,2179,2179,181,7,-25,-21,-23
7.117188,32,2179,2179,181,7,-25,-21,-23
7.121094,32,2179,2179,181,7,-25,-20,-23
7.125000,32,2179,2179,181,7,-25,-21,-23
7.128906,32,2179,2179,182,7,-25,-20,-23
7.132812,32,2179,2179,182,8,-25,-20,-23
7.136719,33,2179,2179,182,8,-25,-21,-23
7.140625,34,2179,2179,182,7,-25,-20,-23
7.144531,33,2179,2179,182,7,-25,-20,-23
7.148438,34,2179,2179,183,8,-25,-20,-23
7.152344,34,2179,2179,182,8,-25,-21,-23
7.156250,34,2179,2179,182,7,-25,-20,-23
7.160156,34,2179,2179,182,7,-25,-21,-23
7.164062,34,2179,2179,182,7,-25,-20,-23
7.167969,34,2179,2179,182,7,-25,-21,-23
7.171875,34,2179,2179,181,7,-21,-21,-23
7.175781,34,2179,2179,181,7,-25,-21,-23
7.179688,33,2179,2179,182,7,-25,-21,-23
7.183594,33,2179,2179,183,7,-25,-21,-23
7.187500,33,2179,2179,183,7,-25,-21,-23
7.191406,33,2179,2179,184,7,-25,-21,-23
7.195312,32,2179,2179,184,7,-25,-21,-23
7.199219,32,2179,2179,185,7,-25,-21,-23
7.203125,32,2179,2179,185,7,-25,-21,-23
7.207031,32,2179,2179,184,7,-25,-21,-23
7.210938,32,2179,2179,183,7,-25,-21,-23
7.214844,32,2179,2179,183,7,-25,-20,-23
7.218750,32,2179,2179,183,8,-25,-21,-23
7.222656,32,2179,2179,182,7,-25,-20,-23
7.226562,32,2179,2179,182,7,-25,-21,-23
7.230469,32,2179,2179,183,8,-25,-20,-23
7.234375,32,2179,2179,183,8,-25,-20,-23
7.238281,32,2179,2179,183,7,-25,-20,-23
7.242188,32,2179,2179,183,7,-25,-21,-23
7.246094,31,2179,2179,184,7,-25,-20,-23
7.250000,31,2179,2179,184,8,-25,-21,-23
7.253906,31,2179,2179,184,8,-25,-21,-23
7.257812,31,2179,2179,183,7,-25,-20,-23
7.261719,31,2179,2179,183,7,-25,-20,-23
7.265625,31,2179,2179,183,7,-25,-20,-23
7.269531,31,2179,2179,183,7,-25,-20,-23
7.273438,31,2179,2179,182,7,-25,-20,-23
7.277344,31,2179,2179,181,7,-25,-21,-23
7.281250,31,2179,2179,182,7,-25,-20,-23
7.285156,31,2179,2179,182,7,-25,-21,-23
7.289062,31,2179,2179,181,7,-25,-21,-24
7.292969,31,2179,2179,182,7,-25,-21,-24
7.296875,30,2179,2179,183,7,-29,-21,-24
7.300781,30,2179,2179,183,8,-25,-21,-24
7.304688,30,2179,2179,183,7,-25,-21,-24
7.308594,30,2179,2179,184,7,-25,-21,-23
7.312500,29,2179,2179,184,7,-25,-21,-23
7.316406,29,2179,2179,184,8,-25,-21,-23
7.320312,29,2179,2179,184,8,-25,-21,-23
7.324219,29,2179,2179,183,7,-25,-20,-23
7.328125,29,2179,2179,183,8,-25,-21,-23
7.332031,29,2179,2179,183,8,-25,-21,-23
7.335938,29,2179,2179,183,8,-25,-21,-23
7.339844,29,2179,2179,182,7,-25,-21,-23
7.343750,29,2179,2179,182,7,-25,-21,-23
7.347656,29,2179,2179,183,7,-25,-21,-23
7.351562,29,2179,2179,183,7,-25,-21,-23
7.355469,30,2179,2179,182,7,-25,-21,-23
7.359375,29,2179,2179,182,6,-25,-21,-23
7.363281,29,2179,2179,182,7,-25,-21,-23
7.367188,29,2179,2179,182,7,-25,-21,-23
7.371094,30,2179,2179,182,6,-25,-21,-23
7.375000,30,2179,2179,182,6,-25,-21,-23
7.378906,29,2179,2179,182,6,-25,-21,-23
7.382812,29,2179,2179,182,7,-25,-21,-23
7.386719,29,2179,2179,182,7,-25,-21,-23
7.390625,30,2179,2179,182,7,-25,-21,-24
7.394531,29,2179,2179,182,7,-26,-21,-23
7.398438,29,2179,2179,183,7,-25,-21,-24
7.402344,29,2179,2179,183,7,-25,-21,-23
7.406250,29,2179,2179,183,7,-26,-21,-24
7.410156,29,2179,2179,183,7,-25,-21,-23
7.414062,29,2179,2179,183,8,-25,-21,-23
7.417969,28,2179,2179,183,8,-25,-21,-23
7.421875,28,2179,2179,182,7,-20,-21,-23
7.425781,28,2179,2179,182,7,-25,-21,-23
7.429688,28,2179,2179,182,8,-25,-21,-23
7.433594,28,2179,2179,182,7,-25,-21,-23
7.437500,28,2179,2179,182,7,-25,-21,-23
7.441406,28,2179,2179,182,7,-25,-20,-23
7.445312,28,2179,2179,182,7,-25,-21,-23
7.449219,27,2179,2179,183,8,-25,-21,-23
7.453125,28,2179,2179,182,7,-25,-21,-23
7.457031,27,2179,2179,181,7,-25,-21,-23
7.460938,27,2179,2179,178,7,-25,-21,-23
7.464844,26,2179,2179,174,7,-25,-21,-23
7.468750,26,2179,2179,168,8,-25,-21,-23
7.472656,26,2179,2179,160,7,-25,-21,-23
7.476562,26,2179,2179,151,7,-25,-21,-23
7.480469,26,2179,2179,143,8,-25,-21,-23
7.484375,26,2179,2179,135,7,-25,-21,-23
7.488281,26,2179,2179,130,7,-25,-21,-23
7.492188,26,2179,2179,126,7,-25,-21,-23
7.496094,25,2179,2179,125,7,-25,-21,-24
7.500000,25,2179,2179,124,8,-25,-21,-24
7.503906,25,2179,2179,123,8,-25,-21,-24
7.507812,24,2179,2179,118,7,-25,-21,-24
7.511719,24,2179,2179,110,7,-25,-21,-24
7.515625,24,2179,2179,99,8,-25,-21,-23
7.519531,23,2179,2179,85,8,-25,-21,-23
7.523438,23,2179,2179,69,7,-25,-21,-23
7.527344,22,2179,2179,54,7,-25,-21,-23
7.531250,22,2179,2179,42,7,-25,-21,-23
7.535156,21,2179,2179,33,7,-25,-21,-23
7.539062,21,2179,2179,27,7,-25,-20,-23
7.542969,21,2179,2179,25,6,-25,-21,-23
7.546875,20,2179,2179,24,7,-31,-21,-23
7.550781,20,2179,2179,24,7,-25,-21,-23
7.554688,20,2179,2179,24,7,-25,-21,-23
7.558594,20,2179,2179,22,7,-25,-20,-23
7.562500,20,2179,2179,21,7,-25,-20,-23
7.566406,20,2179,2179,19,7,-25,-20,-23
7.570312,20,2179,2179,18,7,-25,-20,-23
7.574219,19,2179,2179,17,7,-25,-20,-23
7.578125,19,2179,2179,17,7,-25,-21,-23
7.582031,18,2179,2179,17,7,-25,-21,-23
7.585938,18,2179,2179,18,7,-25,-21,-23
7.589844,18,2179,2179,19,7,-25,-21,-23
7.593750,18,2179,2179,19,7,-25,-21,-23
7.597656,17,2179,2179,20,7,-25,-21,-23
7.601562,17,2179,2179,19,7,-25,-21,-24
7.605469,17,2179,2179,19,7,-25,-21,-23
7.609375,17,2179,2179,18,7,-25,-21,-23
7.613281,16,2179,2179,18,7,-25,-21,-23
7.617188,16,2179,2179,18,7,-25,-21,-23
7.621094,16,2179,2179,18,7,-25,-21,-23
7.625000,15,2179,2179,18,7,-25,-21,-23
7.628906,15,2179,2179,18,7,-25,-21,-23
7.632812,14,2179,2179,18,7,-25,-21,-23
7.636719,14,2179,2179,18,7,-25,-21,-23
7.640625,14,2179,2179,17,7,-25,-20,-23
7.644531,13,2179,2179,17,7,-25,-20,-23
7.648438,13,2179,2179,17,7,-25,-20,-23
7.652344,14,2179,2179,17,7,-25,-20,-23
7.656250,13,2179,2179,16,7,-25,-20,-23
7.660156,13,2179,2179,17,7,-25,-20,-23
7.664062,13,2179,2179,17,8,-25,-21,-23
7.667969,12,2179,2179,17,8,-25,-20,-23
7.671875,13,2179,2179,17,7,-19,-21,-23
7.675781,13,2179,2179,17,7,-25,-20,-23
7.679688,12,2179,2179,17,7,-25,-20,-23
7.683594,12,2179,2179,17,7,-25,-21,-23
7.687500,13,2179,2179,16,7,-25,-21,-23
7.691406,13,2179,2179,16,7,-25,-20,-23
7.695312,13,2179,2179,17,7,-25,-21,-23
7.699219,13,2179,2179,17,8,-25,-21,-23
7.703125,14,2179,2179,17,8,-25,-21,-23
7.707031,14,2179,2179,17,7,-25,-21,-23
7.710938,14,2179,2179,17,7,-25,-21,-23
7.714844,14,2179,2179,17,7,-25,-21,-23
7.718750,14,2179,2179,17,8,-25,-21,-23
7.722656,14,2179,2179,17,7,-25,-21,-23
7.726562,13,2179,2179,17,7,-25,-21,-23
7.730469,13,2179,2179,17,7,-25,-21,-23
7.734375,13,2179,2179,17,7,-25,-21,-23
7.738281,13,2179,2179,17,7,-25,-20,-23
7.742188,13,2179,2179,17,7,-25,-20,-23
7.746094,13,2179,2179,17,7,-25,-20,-23
7.750000,12,2179,2179,17,8,-25,-20,-23
7.753906,13,2179,2179,17,7,-25,-20,-23
7.757812,12,2179,2179,17,7,-25,-20,-23
7.761719,12,2179,2179,17,7,-25,-20,-23
7.765625,12,2179,2179,17,7,-25,-21,-23
7.769531,13,2179,2179,17,8,-25,-21,-23
7.773438,13,2179,2179,17,7,-25,-21,-23
7.777344,13,2179,2179,17,7,-25,-21,-23
7.781250,12,2179,2179,17,7,-25,-21,-23
7.785156,12,2179,2179,17,7,-25,-21,-23
7.789062,12,2179,2179,17,7,-25,-21,-23
7.792969,12,2179,2179,17,7,-25,-21,-23
7.796875,12,2179,2179,17,7,-32,-21,-23
7.800781,12,2179,2179,17,7,-25,-21,-23
7.804688,12,2179,2179,16,7,-25,-21,-23
7.808594,12,2179,2179,17,7,-25,-21,-23
7.812500,11,2179,2179,17,7,-25,-21,-23
7.816406,11,2179,2179,17,7,-25,-21,-23
7.820312,11,2179,2179,17,7,-25,-21,-23
7.824219,11,2179,2179,17,7,-25,-21,-23
7.828125,11,2179,2179,17,7,-25,-21,-23
7.832031,11,2179,2179,17,7,-25,-21,-23
7.835938,11,2179,2179,17,7,-25,-21,-23
7.839844,11,2179,2179,17,7,-25,-20,-23
7.843750,11,2179,2179,17,7,-25,-20,-23
7.847656,10,2179,2179,17,8,-25,-20,-23
7.851562,10,2179,2179,17,8,-25,-20,-23
7.855469,10,2179,2179,17,7,-25,-20,-23
7.859375,10,2179,2179,17,8,-25,-20,-23
7.863281,10,2179,2179,17,8,-25,-20,-23
7.867188,10,2179,2179,17,8,-25,-20,-23
7.871094,11,2179,2179,17,8,-25,-20,-23
7.875000,11,2179,2179,17,7,-25,-20,-23
7.878906,10,2179,2179,17,7,-25,-20,-23
7.882812,10,2179,2179,17,8,-25,-21,-23
7.886719,10,2179,2179,17,8,-25,-21,-23
7.890625,10,2179,2179,17,7,-25,-21,-23
7.894531,10,2179,2179,17,7,-25,-21,-23
7.898438,10,2179,2179,17,7,-25,-21,-24
7.902344,10,2179,2179,17,7,-25,-21,-24
7.906250,10,2179,2179,17,7,-25,-21,-23
7.910156,11,2179,2179,17,7,-25,-21,-23
7.914062,11,2179,2179,17,7,-25,-20,-23
7.917969,11,2179,2179,17,8,-25,-21,-23
7.921875,11,2179,2179,17,7,-19,-21,-23
7.925781,11,2179,2179,16,7,-25,-21,-23
7.929688,10,2179,2179,17,7,-25,-21,-23
7.933594,10,2179,2179,16,7,-25,-20,-23
7.937500,10,2179,2179,16,7,-25,-21,-23
7.941406,10,2179,2179,16,7,-25,-20,-23
7.945312,10,2179,2179,16,7,-25,-20,-23
7.949219,10,2179,2179,17,7,-25,-20,-23
7.953125,10,2179,2179,17,7,-25,-20,-23
7.957031,10,2179,2179,17,7,-25,-20,-23
7.960938,10,2179,2179,17,7,-25,-20,-23
7.964844,10,2179,2179,17,7,-25,-21,-23
7.968750,10,2179,2179,17,7,-25,-21,-23
7.972656,11,2179,2179,16,7,-25,-21,-23
7.976562,11,2179,2179,16,7,-25,-21,-23
7.980469,11,2179,2179,16,7,-25,-21,-23
7.984375,11,2179,2179,17,7,-25,-21,-23
7.988281,11,2179,2179,16,7,-25,-21,-23
7.992188,11,2179,2179,16,7,-25,-21,-23
7.996094,11,2179,2179,17,7,-25,-21,-23
8.000000,11,2179,2179,17,7,-25,-21,-23
8.003906,12,2179,2179,17,7,-25,-21,-23
8.007812,12,2179,2179,17,7,-25,-21,-23
8.011719,12,2179,2179,17,7,-25,-21,-23
8.015625,12,2179,2179,17,8,-25,-21,-23
8.019531,12,2179,2179,17,7,-25,-21,-23
8.023438,12,2179,2179,17,7,-25,-21,-23
8.027344,11,2179,2179,17,7,-25,-21,-23
8.031250,11,2179,2179,17,7,-25,-21,-23
8.035156,11,2179,2179,17,8,-25,-21,-23
8.039062,12,2179,2179,17,7,-25,-20,-23
8.042969,12,2179,2179,17,7,-25,-21,-23
8.046875,11,2179,2179,17,8,-32,-21,-23
8.050781,12,2179,2179,17,7,-25,-21,-23
8.054688,12,2179,2179,17,7,-25,-21,-23
8.058594,12,2179,2179,17,7,-25,-21,-23
8.062500,12,2179,2179,17,7,-25,-21,-23
8.066406,12,2179,2179,17,7,-25,-21,-23
8.070312,12,2179,2179,17,7,-25,-21,-23
8.074219,12,2179,2179,17,7,-25,-21,-23
8.078125,12,2179,2179,17,7,-25,-21,-23
8.082031,12,2179,2179,17,7,-25,-21,-24
8.085938,12,2179,2179,17,7,-25,-21,-24
8.089844,12,2179,2179,16,7,-25,-21,-23
8.093750,12,2179,2179,16,7,-25,-21,-23
8.097656,11,2179,2179,17,7,-25,-21,-23
8.101562,11,2179,2179,17,7,-25,-21,-23
8.105469,11,2179,2179,17,7,-25,-21,-23
8.109375,11,2179,2179,17,7,-25,-21,-23
8.113281,11,2179,2179,17,7,-25,-21,-23
8.117188,11,2179,2179,17,8,-25,-21,-23
8.121094,11,2179,2179,17,8,-25,-21,-23
8.125000,11,2179,2179,17,7,-25,-21,-23
8.128906,11,2179,2179,17,8,-25,-21,-23
8.132812,11,2179,2179,17,8,-25,-21,-23
8.136719,11,2179,2179,17,8,-25,-21,-23
8.140625,11,2179,2179,17,7,-25,-21,-23
8.144531,11,2179,2179,17,7,-25,-21,-23
8.148438,11,2179,2179,17,8,-25,-21,-23
8.152344,11,2179,2179,17,7,-25,-21,-23
8.156250,11,2179,2179,16,7,-25,-21,-23
8.160156,11,2179,2179,17,7,-25,-21,-23
8.164062,11,2179,2179,17,7,-25,-20,-23
8.167969,11,2179,2179,17,7,-25,-21,-23
8.171875,11,2179,2179,16,7,-23,-21,-23
8.175781,11,2179,2179,16,7,-25,-21,-23
8.179688,10,2179,2179,17,7,-25,-20,-23
8.183594,10,2179,2179,17,7,-25,-21,-23
8.187500,11,2179,2179,16,7,-25,-21,-23
8.191406,11,2179,2179,16,7,-25,-21,-23
8.195312,10,2179,2179,16,7,-25,-21,-23
8.199219,10,2179,2179,17,7,-25,-21,-23
8.203125,11,2179,2179,17,7,-25,-21,-23
8.207031,11,2179,2179,17,7,-25,-21,-23
8.210938,11,2179,2179,17,7,-25,-21,-24
8.214844,11,2179,2179,17,8,-25,-21,-24
8.218750,11,2179,2179,17,8,-25,-21,-23
8.222656,11,2179,2179,17,7,-25,-21,-23
8.226562,11,2179,2179,17,7,-25,-21,-23
8.230469,10,2179,2179,17,8,-25,-21,-23
8.234375,10,2179,2179,17,7,-25,-21,-23
8.238281,10,2179,2179,17,7,-25,-21,-23
8.242188,10,2179,2179,17,7,-25,-21,-23
8.246094,9,2179,2179,17,7,-25,-21,-23
8.250000,9,2179,2179,17,7,-25,-21,-23
8.253906,9,2179,2179,17,7,-25,-20,-23
8.257812,9,2179,2179,17,7,-25,-20,-23
8.261719,9,2179,2179,17,7,-25,-20,-23
8.265625,9,2179,2179,17,8,-25,-20,-23
8.269531,9,2179,2179,17,8,-25,-20,-23
8.273438,9,2179,2179,17,7,-25,-20,-23
8.277344,9,2179,2179,17,7,-25,-20,-23
8.281250,9,2179,2179,17,7,-25,-21,-23
8.285156,9,2179,2179,17,7,-25,-20,-23
8.289062,10,2179,2179,17,7,-25,-20,-23
8.292969,10,2179,2179,17,7,-25,-21,-23
8.296875,9,2179,2179,17,8,-29,-21,-23
8.300781,9,2179,2179,17,8,-25,-21,-23
8.304688,10,2179,2179,17,7,-25,-21,-23
8.308594,9,2179,2179,17,7,-25,-21,-23
8.312500,9,2179,2179,17,8,-25,-21,-23
8.316406,9,2179,2179,17,8,-25,-21,-24
8.320312,9,2179,2179,17,8,-25,-20,-23
8.324219,9,2179,2179,17,7,-25,-21,-23
8.328125,8,2179,2179,17,8,-25,-21,-24
8.332031,8,2179,2179,17,8,-25,-21,-23
8.335938,8,2179,2179,17,8,-25,-21,-23
8.339844,8,2179,2179,17,7,-25,-20,-23
8.343750,8,2179,2179,17,7,-25,-20,-23
8.347656,7,2179,2179,17,7,-25,-21,-23
8.351562,7,2179,2179,17,7,-25,-20,-23
8.355469,8,2179,2179,16,7,-25,-20,-23
8.359375,8,2179,2179,16,7,-25,-20,-23
8.363281,8,2179,2179,17,7,-25,-21,-23
8.367188,8,2179,2179,17,7,-25,-21,-23
8.371094,8,2179,2179,16,7,-25,-21,-23
8.375000,8,2179,2179,16,6,-25,-20,-23
8.378906,8,2179,2179,16,6,-25,-21,-23
8.382812,8,2179,2179,16,6,-25,-21,-23
8.386719,9,2179,2179,16,6,-25,-21,-23
8.390625,9,2179,2179,16,6,-25,-21,-24
8.394531,9,2179,2179,16,6,-25,-21,-23
8.398438,9,2179,2179,16,7,-25,-21,-24
8.402344,9,2179,2179,17,7,-25,-21,-24
8.406250,9,2179,2179,16,7,-25,-21,-23
8.410156,9,2179,2179,17,7,-25,-21,-23
8.414062,9,2179,2179,17,7,-25,-20,-23
8.417969,9,2179,2179,17,7,-25,-21,-23
8.421875,9,2179,2179,17,7,-25,-21,-23
8.425781,9,2179,2179,17,7,-25,-21,-23
8.429688,9,2179,2179,17,8,-25,-21,-23
8.433594,9,2179,2179,17,7,-25,-21,-23
8.437500,10,2179,2179,17,8,-25,-21,-23
8.441406,10,2179,2179,17,7,-25,-21,-23
8.445312,9,2179,2179,17,7,-25,-21,-23
8.449219,9,2179,2179,17,8,-25,-21,-23
8.453125,10,2179,2179,17,7,-25,-20,-23
8.457031,10,2179,2179,17,7,-25,-20,-23
8.460938,10,2179,2179,17,7,-25,-20,-23
8.464844,10,2179,2179,17,8,-25,-21,-23
8.468750,10,2179,2179,17,8,-25,-21,-23
8.472656,10,2179,2179,17,7,-25,-21,-23
8.476562,10,2179,2179,17,7,-25,-21,-23
8.480469,10,2179,2179,17,7,-25,-21,-23
8.484375,10,2179,2179,17,7,-25,-21,-23
8.488281,10,2179,2179,17,7,-25,-21,-23
8.492188,10,2179,2179,17,7,-25,-21,-23
8.496094,10,2179,2179,17,7,-25,-20,-23
8.500000,10,2179,2179,17,7,-25,-21,-23
8.503906,11,2179,2179,17,8,-25,-21,-23
8.507812,11,2179,2179,17,7,-25,-21,-23
8.511719,10,2179,2179,17,7,-25,-21,-23
8.515625,10,2179,2179,17,8,-25,-21,-23
8.519531,11,2179,2179,17,8,-25,-21,-23
8.523438,11,2179,2179,17,7,-25,-21,-23
8.527344,10,2179,2179,17,7,-25,-21,-24
8.531250,10,2179,2179,17,7,-25,-21,-23
8.535156,10,2179,2179,17,7,-25,-21,-23
8.539062,10,2179,2179,16,7,-25,-20,-23
8.542969,9,2179,2179,16,7,-25,-21,-23
8.546875,9,2179,2179,17,7,-25,-21,-23
8.550781,9,2179,2179,17,7,-25,-21,-23
8.554688,10,2179,2179,17,7,-25,-21,-23
8.558594,10,2179,2179,17,7,-25,-21,-23
8.562500,10,2179,2179,17,7,-25,-20,-23
8.566406,10,2179,2179,17,7,-25,-21,-23
8.570312,10,2179,2179,17,7,-25,-21,-23
8.574219,10,2179,2179,17,7,-25,-21,-23
8.578125,10,2179,2179,17,7,-25,-21,-23
8.582031,10,2179,2179,17,7,-25,-21,-23
8.585938,11,2179,2179,17,7,-25,-21,-23
8.589844,11,2179,2179,16,7,-25,-20,-23
8.593750,11,2179,2179,16,7,-25,-21,-23
8.597656,11,2179,2179,17,7,-25,-21,-23
8.601562,11,2179,2179,17,7,-25,-21,-23
8.605469,12,2179,2179,17,7,-25,-21,-23
8.609375,12,2179,2179,17,7,-25,-21,-23
8.613281,12,2179,2179,17,7,-25,-21,-23
8.617188,12,2179,2179,17,8,-25,-21,-23
8.621094,13,2179,2179,17,8,-25,-21,-23
8.625000,13,2179,2179,17,7,-25,-21,-23
8.628906,12,2179,2179,17,7,-25,-21,-23
8.632812,12,2179,2179,17,7,-25,-21,-23
8.636719,12,2179,2179,17,8,-25,-21,-23
8.640625,12,2179,2179,17,7,-25,-21,-23
8.644531,12,2179,2179,17,7,-25,-21,-23
8.648438,12,2179,2179,17,8,-25,-21,-23
8.652344,12,2179,2179,17,7,-25,-20,-23
8.656250,12,2179,2179,17,7,-25,-20,-23
8.660156,12,2179,2179,17,7,-25,-21,-23
8.664062,12,2179,2179,17,7,-25,-20,-23
8.667969,12,2179,2179,17,8,-25,-20,-23
8.671875,12,2179,2179,17,7,-25,-21,-23
8.675781,12,2179,2179,17,7,-25,-21,-23
8.679688,12,2179,2179,17,7,-25,-21,-23
8.683594,11,2179,2179,17,8,-25,-21,-23
8.687500,11,2179,2179,17,8,-25,-21,-23
8.691406,12,2179,2179,17,7,-25,-20,-23
8.695312,11,2179,2179,17,7,-25,-21,-24
8.699219,11,2179,2179,17,8,-25,-21,-24
8.703125,12,2179,2179,17,7,-25,-21,-23
8.707031,12,2179,2179,17,7,-25,-21,-23
8.710938,12,2179,2179,17,7,-25,-21,-23
8.714844,12,2179,2179,17,7,-25,-21,-24
8.718750,12,2179,2179,17,8,-25,-21,-23
8.722656,13,2179,2179,17,7,-25,-21,-23
8.726562,13,2179,2179,17,7,-25,-21,-23
8.730469,12,2179,2179,17,7,-25,-21,-23
8.734375,12,2179,2179,17,7,-25,-21,-23
8.738281,12,2179,2179,17,7,-25,-21,-23
8.742188,12,2179,2179,17,7,-25,-21,-23
8.746094,12,2179,2179,17,7,-25,-21,-23
8.750000,12,2179,2179,17,8,-25,-21,-23
8.753906,12,2179,2179,17,8,-25,-21,-23
8.757812,13,2179,2179,17,7,-25,-20,-23
8.761719,13,2179,2179,17,7,-25,-21,-23
8.765625,13,2179,2179,17,7,-25,-21,-23
8.769531,14,2179,2179,17,7,-25,-21,-23
8.773438,14,2179,2179,16,7,-25,-21,-23
8.777344,14,2179,2179,17,7,-25,-21,-23
8.781250,14,2179,2179,17,7,-25,-21,-23
8.785156,14,2179,2179,17,7,-25,-21,-23
8.789062,15,2179,2179,16,6,-25,-20,-23
8.792969,15,2179,2179,16,6,-25,-21,-23
8.796875,15,2179,2179,17,7,-25,-21,-23
8.800781,15,2179,2179,17,7,-25,-21,-23
8.804688,16,2179,2179,16,7,-25,-21,-23
8.808594,16,2179,2179,16,7,-25,-21,-23
8.812500,16,2179,2179,17,7,-25,-21,-23
8.816406,16,2179,2179,17,7,-25,-21,-23
8.820312,16,2179,2179,17,7,-25,-21,-23
8.824219,16,2179,2179,16,7,-25,-21,-23
8.828125,16,2179,2179,17,7,-25,-21,-23
8.832031,15,2179,2179,17,7,-25,-21,-23
8.835938,16,2179,2179,17,7,-25,-21,-23
8.839844,16,2179,2179,17,7,-25,-21,-23
8.843750,16,2179,2179,17,7,-25,-21,-23
8.847656,16,2179,2179,17,8,-25,-21,-23
8.851562,16,2179,2179,17,8,-25,-21,-23
8.855469,17,2179,2179,17,8,-25,-21,-23
8.859375,17,2179,2179,17,7,-25,-20,-23
8.863281,17,2179,2179,17,8,-25,-20,-23
8.867188,17,2179,2179,17,8,-25,-20,-23
8.871094,17,2179,2179,17,8,-25,-20,-23
8.875000,17,2179,2179,17,7,-25,-20,-23
8.878906,17,2179,2179,17,7,-25,-21,-23
8.882812,17,2179,2179,17,8,-25,-21,-23
8.886719,18,2179,2179,17,8,-25,-20,-23
8.890625,18,2179,2179,17,7,-25,-21,-23
8.894531,18,2179,2179,16,7,-25,-21,-23
8.898438,18,2179,2179,17,7,-25,-21,-23
8.902344,19,2179,2179,17,7,-25,-21,-23
8.906250,19,2179,2179,16,7,-25,-21,-23
8.910156,19,2179,2179,17,7,-25,-21,-23
8.914062,18,2179,2179,17,7,-25,-20,-24
8.917969,18,2179,2179,17,7,-25,-21,-24
8.921875,19,2179,2179,16,7,-25,-21,-23
8.925781,19,2179,2179,16,7,-25,-21,-24
8.929688,18,2179,2179,16,7,-25,-21,-24
8.933594,18,2179,2179,15,7,-25,-21,-23
8.937500,18,2179,2179,15,7,-25,-21,-23
8.941406,18,2179,2179,15,7,-25,-21,-23
8.945312,18,2179,2179,16,7,-25,-21,-23
8.949219,18,2179,2179,16,7,-25,-21,-23
8.953125,18,2179,2179,17,7,-25,-21,-23
8.957031,18,2179,2179,17,7,-25,-21,-23
8.960938,18,2179,2179,17,7,-25,-21,-23
8.964844,18,2179,2179,17,7,-25,-20,-23
8.968750,18,2179,2179,17,7,-25,-20,-23
8.972656,19,2179,2179,17,7,-25,-20,-23
8.976562,19,2179,2179,17,7,-25,-20,-23
8.980469,19,2179,2179,17,7,-25,-20,-23
8.984375,20,2179,2179,17,7,-25,-20,-23
8.988281,20,2179,2179,16,7,-25,-20,-23
8.992188,21,2179,2179,16,7,-25,-20,-23
8.996094,21,2179,2179,17,7,-25,-20,-24
9.000000,21,2179,2179,17,7,-25,-21,-24
9.003906,21,2179,2179,17,7,-25,-20,-24
9.007812,21,2179,2179,17,7,-25,-20,-23
9.011719,21,2179,2179,17,7,-25,-20,-23
9.015625,21,2179,2179,17,7,-25,-21,-23
9.019531,21,2179,2179,17,8,-25,-21,-23
9.023438,21,2179,2179,17,7,-25,-21,-23
9.027344,21,2179,2179,17,7,-25,-21,-23
9.031250,21,2179,2179,17,8,-25,-21,-23
9.035156,21,2179,2179,17,8,-25,-21,-23
9.039062,22,2179,2179,17,7,-25,-20,-23
9.042969,22,2179,2179,17,7,-25,-21,-23
9.046875,22,2179,2179,17,8,-25,-21,-23
9.050781,22,2179,2179,17,8,-25,-21,-23
9.054688,22,2179,2179,17,8,-25,-20,-23
9.058594,22,2179,2179,17,8,-25,-20,-23
9.062500,22,2179,2179,17,7,-25,-20,-23
9.066406,23,2179,2179,17,8,-25,-20,-23
9.070312,23,2179,2179,17,8,-25,-20,-23
9.074219,23,2179,2179,17,7,-25,-20,-23
9.078125,23,2179,2179,17,7,-25,-20,-23
9.082031,23,2179,2179,17,7,-25,-20,-23
9.085938,23,2179,2179,17,7,-25,-20,-23
9.089844,24,2179,2179,17,7,-25,-20,-23
9.093750,24,2179,2179,16,7,-25,-20,-23
9.097656,24,2179,2179,17,7,-25,-21,-23
9.101562,24,2179,2179,17,7,-25,-21,-23
9.105469,24,2179,2179,16,7,-25,-21,-23
9.109375,24,2179,2179,16,7,-25,-21,-23
9.113281,24,2179,2179,17,7,-25,-21,-23
9.117188,24,2179,2179,17,7,-25,-21,-23
9.121094,25,2179,2179,17,7,-25,-21,-23
9.125000,25,2179,2179,17,7,-25,-21,-23
9.128906,25,2179,2179,17,7,-25,-21,-23
9.132812,25,2179,2179,17,7,-25,-21,-23
9.136719,25,2179,2179,17,8,-25,-21,-23
9.140625,25,2179,2179,17,7,-25,-21,-23
9.144531,25,2179,2179,17,7,-25,-21,-23
9.148438,25,2179,2179,17,7,-25,-21,-23
9.152344,26,2179,2179,17,7,-25,-21,-23
9.156250,26,2179,2179,17,7,-25,-20,-23
9.160156,27,2179,2179,17,7,-25,-20,-23
9.164062,27,2179,2179,17,7,-25,-20,-23
9.167969,28,2179,2179,17,7,-25,-20,-23
9.171875,28,2179,2179,17,7,-25,-20,-23
9.175781,29,2179,2179,17,7,-25,-20,-23
9.179688,29,2179,2179,17,7,-25,-20,-23
9.183594,29,2179,2179,17,7,-25,-20,-23
9.187500,30,2179,2179,17,7,-25,-20,-23
9.191406,30,2179,2179,17,7,-25,-20,-23
9.195312,30,2179,2179,16,7,-25,-20,-23
9.199219,31,2179,2179,17,7,-25,-20,-23
9.203125,31,2179,2179,17,7,-25,-20,-24
9.207031,32,2179,2179,16,7,-25,-20,-23
9.210938,32,2179,2179,16,7,-25,-21,-23
9.214844,32,2179,2179,17,7,-25,-21,-23
9.218750,32,2179,2179,17,7,-25,-21,-23
9.222656,32,2179,2179,17,7,-25,-21,-24
9.226562,32,2179,2179,17,7,-26,-21,-23
9.230469,32,2179,2179,17,7,-25,-21,-23
9.234375,32,2179,2179,17,8,-25,-21,-23
9.238281,33,2179,2179,17,7,-25,-21,-23
9.242188,33,2179,2179,17,7,-25,-21,-23
9.246094,33,2179,2179,17,8,-25,-21,-23
9.250000,33,2179,2179,17,8,-25,-21,-23
9.253906,34,2179,2179,17,8,-25,-21,-23
9.257812,34,2179,2179,17,8,-25,-20,-23
9.261719,34,2179,2179,17,7,-25,-21,-23
9.265625,34,2179,2179,17,8,-25,-21,-23
9.269531,34,2179,2179,17,8,-25,-21,-23
9.273438,34,2179,2179,17,8,-25,-21,-23
9.277344,34,2179,2179,17,8,-25,-21,-23
9.281250,34,2179,2179,18,8,-25,-21,-23
9.285156,34,2179,2179,18,8,-25,-21,-23
9.289062,34,2179,2179,17,8,-25,-20,-23
9.292969,34,2179,2179,17,8,-25,-21,-23
9.296875,34,2179,2179,18,8,-25,-20,-23
9.300781,34,2179,2179,17,8,-25,-20,-23
9.304688,35,2179,2179,17,8,-25,-21,-24
9.308594,35,2179,2179,17,7,-25,-21,-23
9.312500,34,2179,2179,17,7,-25,-21,-24
9.316406,35,2179,2179,17,8,-25,-21,-24
9.320312,34,2179,2179,17,8,-25,-21,-23
9.324219,34,2179,2179,17,7,-25,-21,-23
9.328125,34,2179,2179,17,7,-25,-21,-23
9.332031,34,2179,2179,17,8,-25,-21,-23
9.335938,34,2179,2179,17,8,-26,-21,-23
9.339844,34,2179,2179,17,7,-25,-21,-23
9.343750,33,2179,2179,17,7,-25,-21,-23
9.347656,33,2179,2179,17,7,-25,-21,-23
9.351562,32,2179,2179,17,7,-25,-20,-23
9.355469,32,2179,2179,16,7,-25,-21,-23
9.359375,32,2179,2179,16,7,-25,-21,-23
9.363281,32,2179,2179,17,7,-25,-21,-23
9.367188,31,2179,2179,17,7,-25,-20,-23
9.371094,32,2179,2179,16,7,-25,-20,-23
9.375000,32,2179,2179,16,7,-25,-20,-23
9.378906,31,2179,2179,16,7,-25,-21,-23
9.382812,31,2179,2179,17,7,-25,-21,-23
9.386719,32,2179,2179,17,7,-25,-21,-23
9.390625,32,2179,2179,17,7,-25,-20,-23
9.394531,31,2179,2179,17,7,-25,-20,-23
9.398438,31,2179,2179,17,7,-25,-20,-24
9.402344,32,2179,2179,17,7,-25,-21,-23
9.406250,32,2179,2179,17,7,-25,-20,-23
9.410156,32,2179,2179,16,7,-25,-21,-23
9.414062,32,2179,2179,17,7,-25,-21,-23
9.417969,32,2179,2179,17,7,-25,-21,-23
9.421875,33,2179,2179,17,7,-25,-21,-23
9.425781,33,2179,2179,17,7,-25,-21,-23
9.429688,33,2179,2179,17,7,-25,-21,-23
9.433594,34,2179,2179,17,8,-25,-21,-23
9.437500,34,2179,2179,17,8,-25,-21,-23
9.441406,34,2179,2179,17,7,-25,-21,-23
9.445312,34,2179,2179,17,7,-25,-21,-23
9.449219,34,2179,2179,17,8,-25,-21,-23
9.453125,34,2179,2179,17,8,-25,-21,-23
9.457031,34,2179,2179,17,7,-25,-20,-23
9.460938,34,2179,2179,17,7,-25,-21,-23
9.464844,34,2179,2179,17,8,-25,-21,-23
9.468750,34,2179,2179,17,8,-25,-21,-23
9.472656,35,2179,2179,17,7,-25,-20,-23
9.476562,35,2179,2179,17,8,-25,-20,-23
9.480469,35,2179,2179,17,8,-25,-20,-23
9.484375,35,2179,2179,17,8,-25,-20,-23
9.488281,35,2179,2179,17,7,-25,-21,-23
9.492188,35,2179,2179,17,7,-25,-21,-23
9.496094,35,2179,2179,17,7,-25,-21,-23
9.500000,34,2179,2179,17,8,-25,-21,-23
9.503906,35,2179,2179,17,7,-25,-21,-23
9.507812,35,2179,2179,17,7,-25,-21,-23
9.511719,34,2179,2179,17,7,-25,-21,-23
9.515625,34,2179,2179,17,7,-25,-21,-23
9.519531,34,2179,2179,17,8,-25,-21,-23
9.523438,34,2179,2179,17,7,-25,-21,-23
9.527344,33,2179,2179,17,7,-25,-21,-23
9.531250,33,2179,2179,17,7,-26,-21,-23
9.535156,33,2179,2179,17,7,-25,-21,-23
9.539062,33,2179,2179,16,7,-25,-21,-23
9.542969,33,2179,2179,16,7,-25,-21,-23
9.546875,33,2179,2179,16,7,-25,-21,-23
9.550781,33,2179,2179,16,7,-25,-21,-23
9.554688,33,2179,2179,16,7,-25,-21,-23
9.558594,33,2179,2179,16,7,-25,-21,-23
9.562500,32,2179,2179,17,7,-25,-21,-23
9.566406,32,2179,2179,17,7,-25,-21,-23
9.570312,32,2179,2179,17,7,-25,-21,-23
9.574219,32,2179,2179,17,7,-25,-21,-23
9.578125,32,2179,2179,17,7,-25,-21,-23
9.582031,32,2179,2179,17,8,-25,-20,-23
9.585938,32,2179,2179,17,8,-25,-21,-23
9.589844,32,2179,2179,17,7,-25,-20,-23
9.593750,32,2179,2179,17,7,-25,-21,-23
9.597656,32,2179,2179,17,7,-25,-21,-23
9.601562,32,2179,2179,17,7,-25,-21,-23
9.605469,32,2179,2179,17,7,-25,-21,-23
9.609375,32,2179,2179,17,7,-25,-21,-23
9.613281,32,2179,2179,17,7,-25,-21,-23
9.617188,32,2179,2179,17,7,-25,-21,-23
9.621094,32,2179,2179,17,7,-25,-21,-23
9.625000,32,2179,2179,17,7,-25,-21,-23
9.628906,32,2179,2179,17,7,-25,-21,-23
9.632812,32,2179,2179,17,7,-25,-21,-23
9.636719,33,2179,2179,17,8,-25,-21,-23
9.640625,33,2179,2179,17,7,-25,-21,-23
9.644531,34,2179,2179,17,7,-25,-21,-23
9.648438,34,2179,2179,17,8,-25,-21,-23
9.652344,35,2179,2179,17,8,-25,-21,-23
9.656250,35,2179,2179,17,7,-25,-20,-23
9.660156,35,2179,2179,17,7,-25,-21,-23
9.664062,35,2179,2179,17,8,-25,-22,-23
9.667969,35,2179,2179,17,8,-25,-21,-23
9.671875,35,2179,2179,17,7,-25,-21,-23
9.675781,36,2179,2179,18,8,-25,-21,-23
9.679688,36,2179,2179,18,8,-25,-21,-23
9.683594,36,2179,2179,18,8,-25,-21,-23
9.687500,36,2179,2179,18,8,-25,-21,-23
9.691406,37,2179,2179,18,7,-25,-20,-23
9.695312,36,2179,2179,18,7,-25,-20,-23
9.699219,37,2179,2179,18,8,-25,-20,-23
9.703125,37,2179,2179,18,7,-25,-20,-23
9.707031,38,2179,2179,18,7,-25,-20,-23
9.710938,37,2179,2179,18,7,-25,-20,-23
9.714844,38,2179,2179,19,7,-25,-21,-23
9.718750,38,2179,2179,19,7,-25,-21,-23
9.722656,39,2179,2179,19,7,-25,-21,-23
9.726562,39,2179,2179,19,7,-25,-21,-23
9.730469,39,2179,2179,19,8,-25,-21,-23
9.734375,39,2179,2179,19,8,-25,-21,-23
9.738281,39,2179,2179,19,7,-25,-21,-23
9.742188,39,2179,2179,19,7,-25,-21,-23
9.746094,39,2179,2179,19,8,-25,-21,-23
9.750000,39,2179,2179,19,8,-25,-21,-23
9.753906,40,2179,2179,19,8,-25,-21,-23
9.757812,40,2179,2179,19,7,-25,-21,-23
9.761719,40,2179,2179,19,7,-25,-21,-23
9.765625,41,2179,2179,19,8,-25,-21,-23
9.769531,41,2179,2179,19,7,-25,-21,-23
9.773438,42,2179,2179,19,7,-25,-21,-23
9.777344,42,2179,2179,19,7,-25,-21,-23
9.781250,42,2179,2179,20,7,-25,-21,-23
9.785156,43,2179,2179,20,7,-25,-21,-23
9.789062,43,2179,2179,20,7,-25,-21,-23
9.792969,43,2179,2179,21,7,-25,-21,-23
9.796875,43,2179,2179,21,7,-25,-21,-23
9.800781,43,2179,2179,21,7,-25,-21,-23
9.804688,44,2179,2179,20,7,-25,-21,-23
9.808594,44,2179,2179,20,7,-25,-21,-23
9.812500,44,2179,2179,20,7,-25,-21,-23
9.816406,45,2179,2179,20,7,-25,-21,-23
9.820312,45,2179,2179,20,7,-25,-21,-24
9.824219,46,2179,2179,20,7,-25,-21,-23
9.828125,46,2179,2179,21,7,-25,-21,-23
9.832031,46,2179,2179,21,7,-25,-21,-23
9.835938,46,2179,2179,22,8,-25,-21,-23
9.839844,46,2179,2179,22,7,-25,-21,-23
9.843750,46,2179,2179,22,7,-26,-21,-23
9.847656,46,2179,2179,23,7,-25,-21,-23
9.851562,46,2179,2179,23,8,-25,-21,-23
9.855469,46,2179,2179,23,7,-25,-21,-23
9.859375,46,2179,2179,23,7,-25,-21,-23
9.863281,46,2179,2179,23,8,-25,-21,-23
9.867188,46,2179,2179,23,8,-25,-21,-23
9.871094,46,2179,2179,23,8,-25,-20,-23
9.875000,46,2179,2179,23,8,-25,-20,-23
9.878906,46,2179,2179,23,8,-25,-21,-23
9.882812,46,2179,2179,24,8,-25,-21,-23
9.886719,46,2179,2179,25,8,-25,-21,-23
9.890625,46,2179,2179,25,8,-25,-21,-23
9.894531,46,2179,2179,25,7,-25,-21,-23
9.898438,46,2179,2179,26,8,-25,-21,-23
9.902344,47,2179,2179,26,8,-25,-21,-23
9.906250,47,2179,2179,26,7,-25,-21,-23
9.910156,47,2179,2179,27,7,-25,-21,-23
9.914062,47,2179,2179,27,8,-25,-21,-23
9.917969,47,2179,2179,28,8,-25,-21,-23
9.921875,47,2179,2179,29,7,-25,-21,-23
9.925781,47,2179,2179,30,7,-25,-21,-23
9.929688,47,2179,2179,31,7,-25,-21,-23
9.933594,47,2179,2179,32,8,-25,-21,-23
9.937500,47,2179,2179,32,7,-25,-21,-23
9.941406,47,2179,2179,33,7,-25,-21,-23
9.945312,47,2179,2179,35,7,-25,-21,-23
9.949219,47,2179,2179,36,7,-25,-21,-23
9.953125,47,2179,2179,38,7,-25,-21,-23
9.957031,47,2179,2179,39,7,-25,-21,-23
9.960938,47,2179,2179,39,7,-25,-21,-23
9.964844,47,2179,2179,41,7,-25,-21,-23
9.968750,47,2179,2179,42,7,-25,-21,-23
9.972656,48,2179,2179,42,7,-25,-21,-23
9.976562,48,2179,2179,43,7,-25,-21,-23
9.980469,48,2179,2179,45,7,-25,-21,-23
9.984375,48,2179,2179,46,7,-25,-21,-23
9.988281,48,2179,2179,48,7,-25,-21,-23
9.992188,48,2179,2179,50,7,-25,-20,-23
9.996094,48,2179,2179,53,7,-25,-21,-23
10.000000,48,2179,2179,55,7,-25,-20,-23
10.003906,48,2179,2179,57,7,-25,-20,-23
10.007812,48,2179,2179,60,7,-25,-20,-23
10.011719,49,2179,2179,62,7,-25,-20,-23
10.015625,49,2179,2179,64,7,-25,-20,-23
10.019531,49,2179,2179,66,7,-25,-21,-23
10.023438,49,2179,2179,68,7,-25,-21,-23
10.027344,49,2179,2179,70,7,-25,-21,-23
10.031250,49,2179,2179,72,8,-25,-21,-23
10.035156,49,2179,2179,74,8,-25,-21,-23
10.039062,50,2179,2179,76,7,-25,-21,-23
10.042969,50,2179,2179,78,7,-25,-21,-23
10.046875,49,2179,2179,81,8,-25,-21,-23
10.050781,49,2179,2179,83,8,-25,-21,-23
10.054688,50,2179,2179,85,8,-25,-21,-23
10.058594,49,2179,2179,87,7,-25,-21,-23
10.062500,49,2179,2179,90,7,-25,-21,-23
10.066406,49,2179,2179,93,8,-25,-21,-23
10.070312,49,2179,2179,95,8,-25,-21,-23
10.074219,49,2179,2179,98,7,-25,-21,-23
10.078125,49,2179,2179,100,7,-25,-20,-23
10.082031,49,2179,2179,103,8,-25,-21,-23
10.085938,49,2179,2179,106,8,-25,-20,-23
10.089844,49,2179,2179,107,7,-25,-20,-23
10.093750,49,2179,2179,109,7,-25,-20,-23
10.097656,49,2179,2179,111,7,-25,-21,-23
10.101562,49,2179,2179,113,7,-25,-21,-23
10.105469,49,2179,2179,114,7,-25,-20,-23
10.109375,49,2179,2179,117,7,-25,-20,-23
10.113281,49,2179,2179,119,7,-25,-20,-23
10.117188,50,2179,2179,122,7,-25,-20,-23
10.121094,50,2179,2179,124,7,-25,-20,-23
10.125000,49,2179,2179,126,7,-25,-21,-23
10.128906,49,2179,2179,127,7,-25,-21,-23
10.132812,49,2179,2179,130,7,-25,-21,-23
10.136719,49,2179,2179,132,7,-25,-21,-23
10.140625,49,2179,2179,133,7,-25,-21,-23
10.144531,49,2179,2179,134,7,-25,-21,-23
10.148438,48,2179,2179,136,8,-25,-21,-23
10.152344,49,2179,2179,138,7,-25,-21,-23
10.156250,48,2179,2179,139,7,-25,-21,-22
10.160156,48,2179,2179,140,7,-25,-21,-23
10.164062,48,2179,2179,142,7,-25,-21,-23
10.167969,48,2179,2179,143,7,-25,-21,-23
10.171875,48,2179,2179,144,7,-25,-21,-23
10.175781,48,2179,2179,144,7,-25,-20,-23
10.179688,48,2179,2179,145,7,-25,-20,-23
10.183594,48,2179,2179,146,7,-25,-21,-23
10.187500,48,2179,2179,147,7,-25,-21,-23
10.191406,48,2179,2179,148,7,-25,-20,-23
10.195312,47,2179,2179,149,7,-25,-20,-23
10.199219,47,2179,2179,151,8,-25,-20,-23
10.203125,48,2179,2179,152,7,-25,-21,-23
10.207031,47,2179,2179,153,7,-25,-20,-23
10.210938,47,2179,2179,154,7,-25,-21,-23
10.214844,48,2179,2179,155,7,-25,-21,-23
10.218750,48,2179,2179,156,7,-25,-21,-23
10.222656,48,2179,2179,156,7,-25,-21,-23
10.226562,48,2179,2179,156,7,-25,-21,-23
10.230469,47,2179,2179,157,7,-25,-21,-23
10.234375,47,2179,2179,158,7,-25,-21,-23
10.238281,47,2179,2179,158,7,-25,-21,-23
10.242188,47,2179,2179,159,7,-25,-21,-23
10.246094,47,2179,2179,161,7,-25,-21,-23
10.250000,46,2179,2179,162,8,-25,-21,-23
10.253906,47,2179,2179,162,8,-25,-21,-23
10.257812,46,2179,2179,163,7,-25,-21,-23
10.261719,46,2179,2179,163,7,-25,-21,-23
10.265625,45,2179,2179,164,8,-25,-21,-23
10.269531,46,2179,2179,164,8,-25,-21,-23
10.273438,45,2179,2179,164,7,-25,-21,-23
10.277344,45,2179,2179,165,8,-25,-20,-23
10.281250,45,2179,2179,166,8,-25,-21,-22
10.285156,46,2179,2179,167,8,-25,-21,-23
10.289062,46,2179,2179,168,7,-25,-20,-23
10.292969,46,2179,2179,168,8,-25,-20,-23
10.296875,46,2179,2179,169,8,-25,-20,-23
10.300781,46,2179,2179,169,8,-25,-21,-23
10.304688,46,2179,2179,169,8,-25,-21,-23
10.308594,46,2179,2179,168,7,-25,-20,-23
10.312500,46,2179,2179,168,7,-25,-20,-23
10.316406,46,2179,2179,168,8,-25,-21,-23
10.320312,46,2179,2179,169,8,-25,-21,-23
10.324219,46,2179,2179,169,7,-25,-20,-23
10.328125,46,2179,2179,169,7,-25,-21,-23
10.332031,46,2179,2179,170,8,-25,-21,-23
10.335938,46,2179,2179,171,8,-25,-21,-23
10.339844,46,2179,2179,171,7,-25,-21,-23
10.343750,46,2179,2179,172,7,-25,-21,-23
10.347656,46,2179,2179,172,7,-25,-21,-23
10.351562,46,2179,2179,172,7,-25,-21,-24
10.355469,46,2179,2179,172,7,-25,-21,-23
10.359375,46,2179,2179,172,7,-25,-21,-23
10.363281,45,2179,2179,172,7,-25,-21,-23
10.367188,45,2179,2179,173,7,-25,-21,-23
10.371094,45,2179,2179,172,7,-25,-21,-23
10.375000,45,2179,2179,172,7,-25,-21,-23
10.378906,45,2179,2179,171,7,-25,-21,-23
10.382812,44,2179,2179,172,7,-25,-21,-23
10.386719,45,2179,2179,172,7,-25,-21,-23
10.390625,45,2179,2179,172,7,-25,-20,-23
10.394531,44,2179,2179,172,7,-25,-21,-23
10.398438,44,2179,2179,174,7,-25,-21,-23
10.402344,45,2179,2179,175,7,-25,-21,-23
10.406250,44,2179,2179,175,7,-25,-21,-22
10.410156,44,2179,2179,176,7,-25,-21,-23
10.414062,44,2179,2179,177,7,-25,-21,-23
10.417969,44,2179,2179,177,7,-25,-21,-23
10.421875,44,2179,2179,176,7,-25,-21,-23
10.425781,44,2179,2179,176,7,-25,-21,-23
10.429688,44,2179,2179,176,7,-25,-21,-23
10.433594,44,2179,2179,177,7,-25,-21,-23
10.437500,44,2179,2179,176,8,-25,-21,-23
10.441406,44,2179,2179,177,7,-25,-21,-23
10.445312,43,2179,2179,177,7,-25,-21,-23
10.449219,43,2179,2179,178,8,-25,-21,-23
10.453125,43,2179,2179,177,8,-25,-21,-23
10.457031,43,2179,2179,177,8,-25,-21,-23
10.460938,42,2179,2179,177,8,-25,-21,-23
10.464844,42,2179,2179,177,8,-25,-21,-23
10.468750,42,2179,2179,177,8,-25,-21,-23
10.472656,42,2179,2179,177,7,-25,-21,-23
10.476562,42,2179,2179,177,8,-25,-21,-23
10.480469,42,2179,2179,177,8,-25,-21,-23
10.484375,42,2179,2179,177,8,-25,-20,-23
10.488281,43,2179,2179,177,7,-25,-21,-23
10.492188,43,2179,2179,177,7,-25,-20,-23
10.496094,43,2179,2179,177,7,-25,-20,-23
10.500000,43,2179,2179,177,8,-25,-21,-23
10.503906,44,2179,2179,176,8,-25,-21,-23
10.507812,44,2179,2179,178,7,-25,-21,-23
10.511719,43,2179,2179,178,7,-25,-21,-23
10.515625,43,2179,2179,179,7,-25,-21,-23
10.519531,44,2179,2179,179,7,-25,-21,-23
10.523438,43,2179,2179,179,7,-25,-21,-23
10.527344,43,2179,2179,179,7,-25,-21,-23
10.531250,43,2179,2179,179,7,-25,-21,-23
10.535156,42,2179,2179,179,7,-25,-21,-23
10.539062,43,2179,2179,178,7,-25,-21,-23
10.542969,43,2179,2179,178,7,-25,-21,-23
10.546875,43,2179,2179,178,7,-25,-21,-23
10.550781,42,2179,2179,178,7,-25,-21,-23
10.554688,43,2179,2179,178,7,-25,-21,-23
10.558594,43,2179,2179,178,7,-25,-21,-23
10.562500,42,2179,2179,179,7,-25,-21,-23
10.566406,42,2179,2179,180,7,-25,-21,-23
10.570312,42,2179,2179,180,7,-25,-21,-23
10.574219,42,2179,2179,180,7,-25,-20,-23
10.578125,41,2179,2179,180,7,-25,-20,-23
10.582031,42,2179,2179,181,7,-25,-21,-23
10.585938,42,2179,2179,181,7,-25,-20,-23
10.589844,42,2179,2179,181,7,-25,-20,-23
10.593750,42,2179,2179,181,7,-25,-20,-23
10.597656,41,2179,2179,181,7,-25,-20,-23
10.601562,41,2179,2179,181,7,-25,-20,-23
10.605469,41,2179,2179,181,7,-25,-20,-23
10.609375,41,2179,2179,181,7,-25,-21,-23
10.613281,41,2179,2179,181,7,-25,-20,-23
10.617188,41,2179,2179,181,7,-25,-21,-23
10.621094,42,2179,2179,180,7,-25,-21,-23
10.625000,42,2179,2179,180,7,-25,-21,-23
10.628906,41,2179,2179,179,7,-25,-21,-23
10.632812,41,2179,2179,181,7,-25,-21,-23
10.636719,41,2179,2179,181,8,-25,-21,-23
10.640625,41,2179,2179,181,7,-25,-21,-23
10.644531,40,2179,2179,181,7,-25,-21,-23
10.648438,40,2179,2179,182,8,-25,-21,-23
10.652344,41,2179,2179,182,7,-25,-21,-23
10.656250,41,2179,2179,182,7,-25,-21,-22
10.660156,40,2179,2179,183,7,-25,-21,-23
10.664062,40,2179,2179,184,8,-25,-21,-23
10.667969,40,2179,2179,184,8,-25,-21,-23
10.671875,40,2179,2179,183,8,-25,-20,-23
10.675781,39,2179,2179,183,8,-25,-20,-23
10.679688,39,2179,2179,183,8,-25,-20,-23
10.683594,39,2179,2179,183,8,-25,-20,-23
10.687500,39,2179,2179,183,8,-25,-20,-23
10.691406,39,2179,2179,183,8,-25,-20,-23
10.695312,38,2179,2179,183,8,-25,-20,-23
10.699219,38,2179,2179,183,8,-25,-20,-23
10.703125,39,2179,2179,183,7,-25,-20,-23
10.707031,39,2179,2179,183,7,-25,-20,-23
10.710938,39,2179,2179,183,7,-25,-20,-23
10.714844,39,2179,2179,183,7,-25,-20,-23
10.718750,38,2179,2179,183,7,-25,-20,-23
10.722656,39,2179,2179,182,7,-25,-20,-23
10.726562,38,2179,2179,182,7,-25,-21,-23
10.730469,38,2179,2179,183,7,-25,-20,-23
10.734375,38,2179,2179,183,7,-25,-21,-23
10.738281,38,2179,2179,182,7,-25,-21,-23
10.742188,38,2179,2179,182,7,-25,-21,-23
10.746094,38,2179,2179,183,7,-25,-21,-24
10.750000,37,2179,2179,183,7,-25,-21,-23
10.753906,37,2179,2179,182,7,-25,-21,-23
10.757812,37,2179,2179,183,7,-25,-21,-23
10.761719,37,2179,2179,183,7,-25,-21,-23
10.765625,36,2179,2179,184,7,-25,-21,-24
10.769531,37,2179,2179,184,7,-25,-21,-23
10.773438,36,2179,2179,184,7,-25,-21,-23
10.777344,36,2179,2179,185,7,-25,-21,-23
10.781250,36,2179,2179,185,7,-25,-21,-24
10.785156,36,2179,2179,185,7,-25,-21,-23
10.789062,36,2179,2179,184,7,-25,-21,-23
10.792969,36,2179,2179,184,7,-25,-21,-23
10.796875,36,2179,2179,184,7,-25,-21,-23
10.800781,36,2179,2179,184,7,-25,-21,-23
10.804688,36,2179,2179,183,7,-25,-21,-23
10.808594,36,2179,2179,183,7,-25,-21,-23
10.812500,35,2179,2179,183,7,-25,-21,-23
10.816406,35,2179,2179,184,7,-25,-21,-23
10.820312,36,2179,2179,184,7,-25,-21,-23
10.824219,36,2179,2179,183,7,-25,-21,-23
10.828125,35,2179,2179,183,7,-25,-21,-23
10.832031,35,2179,2179,184,7,-25,-21,-23
10.835938,35,2179,2179,184,7,-25,-21,-23
10.839844,35,2179,2179,184,7,-25,-20,-23
10.843750,35,2179,2179,184,7,-25,-21,-23
10.847656,35,2179,2179,185,8,-25,-21,-23
10.851562,35,2179,2179,185,8,-25,-21,-23
10.855469,35,2179,2179,185,7,-25,-21,-24
10.859375,35,2179,2179,184,7,-25,-21,-24
10.863281,35,2179,2179,184,8,-25,-21,-23
10.867188,34,2179,2179,184,8,-25,-21,-23
10.871094,35,2179,2179,183,7,-25,-21,-23
10.875000,34,2179,2179,183,7,-25,-21,-23
10.878906,34,2179,2179,182,7,-25,-21,-23
10.882812,34,2179,2179,183,8,-25,-20,-23
10.886719,34,2179,2179,183,8,-25,-20,-23
10.890625,34,2179,2179,183,7,-25,-20,-23
10.894531,34,2179,2179,184,8,-25,-20,-23
10.898438,34,2179,2179,184,8,-25,-20,-23
10.902344,35,2179,2179,184,8,-25,-20,-23
10.906250,35,2179,2179,184,7,-25,-21,-23
10.910156,35,2179,2179,184,7,-25,-21,-23
10.914062,34,2179,2179,184,8,-25,-21,-23
10.917969,34,2179,2179,184,7,-25,-21,-23
10.921875,34,2179,2179,183,7,-25,-21,-23
10.925781,34,2179,2179,183,7,-25,-21,-23
10.929688,34,2179,2179,184,7,-25,-21,-23
10.933594,34,2179,2179,184,8,-25,-21,-23
10.937500,34,2179,2179,184,8,-25,-21,-23
10.941406,34,2179,2179,184,7,-25,-21,-23
10.945312,33,2179,2179,184,8,-25,-21,-23
10.949219,33,2179,2179,185,8,-25,-21,-23
10.953125,33,2179,2179,185,7,-25,-21,-23
10.957031,33,2179,2179,185,7,-25,-21,-23
10.960938,33,2179,2179,185,7,-25,-21,-23
10.964844,33,2179,2179,185,7,-25,-21,-23
10.968750,33,2179,2179,185,7,-25,-21,-23
10.972656,33,2179,2179,184,7,-25,-21,-23
10.976562,33,2179,2179,184,7,-25,-21,-23
10.980469,32,2179,2179,184,7,-25,-21,-23
10.984375,32,2179,2179,184,7,-25,-21,-23
10.988281,32,2179,2179,184,7,-25,-21,-23
10.992188,33,2179,2179,184,7,-25,-21,-23
10.996094,32,2179,2179,184,7,-25,-21,-23
11.000000,32,2179,2179,184,7,-25,-21,-23
11.003906,33,2179,2179,184,7,-25,-21,-23
11.007812,32,2179,2179,184,7,-25,-21,-23
11.011719,32,2179,2179,184,7,-25,-21,-23
11.015625,32,2179,2179,185,7,-25,-21,-23
11.019531,32,2179,2179,185,7,-25,-21,-23
11.023438,32,2179,2179,185,7,-25,-21,-23
11.027344,32,2179,2179,185,7,-25,-21,-23
11.031250,32,2179,2179,185,7,-25,-21,-25
11.035156,32,2179,2179,185,8,-25,-21,-23
11.039062,32,2179,2179,185,7,-25,-21,-23
11.042969,33,2179,2179,186,7,-26,-21,-23
11.046875,32,2179,2179,186,8,-25,-21,-23
11.050781,32,2179,2179,187,8,-25,-21,-23
11.054688,32,2179,2179,187,8,-25,-21,-23
11.058594,32,2179,2179,186,7,-25,-21,-23
11.062500,32,2179,2179,186,7,-25,-21,-23
11.066406,31,2179,2179,186,8,-25,-21,-23
11.070312,32,2179,2179,186,8,-25,-21,-23
11.074219,31,2179,2179,185,7,-25,-21,-23
11.078125,31,2179,2179,185,7,-25,-20,-23
11.082031,31,2179,2179,185,7,-25,-20,-23
11.085938,31,2179,2179,185,8,-25,-20,-23
11.089844,31,2179,2179,185,7,-25,-20,-23
11.093750,31,2179,2179,185,7,-25,-20,-23
11.097656,30,2179,2179,185,8,-25,-20,-23
11.101562,30,2179,2179,186,8,-25,-21,-23
11.105469,30,2179,2179,186,7,-25,-21,-23
11.109375,30,2179,2179,186,7,-25,-21,-23
11.113281,29,2179,2179,187,8,-25,-21,-23
11.117188,29,2179,2179,187,8,-25,-20,-23
11.121094,29,2179,2179,187,7,-25,-20,-23
11.125000,29,2179,2179,186,7,-25,-21,-23
11.128906,29,2179,2179,186,7,-25,-21,-23
11.132812,29,2179,2179,185,7,-25,-21,-23
11.136719,28,2179,2179,185,7,-25,-21,-23
11.140625,28,2179,2179,184,7,-25,-21,-23
11.144531,27,2179,2179,184,7,-25,-21,-23
11.148438,27,2179,2179,184,7,-25,-21,-23
11.152344,27,2179,2179,184,7,-25,-21,-23
11.156250,27,2179,2179,184,7,-25,-21,-24
11.160156,26,2179,2179,184,7,-25,-21,-23
11.164062,26,2179,2179,185,7,-25,-21,-23
11.167969,26,2179,2179,185,7,-25,-21,-23
11.171875,26,2179,2179,185,7,-25,-21,-23
11.175781,26,2179,2179,185,7,-25,-21,-23
11.179688,26,2179,2179,185,7,-25,-21,-23
11.183594,26,2179,2179,185,7,-25,-21,-23
11.187500,27,2179,2179,185,7,-25,-21,-23
11.191406,27,2179,2179,184,7,-25,-21,-23
11.195312,27,2179,2179,184,7,-25,-20,-23
11.199219,28,2179,2179,184,8,-25,-20,-23
11.203125,28,2179,2179,184,8,-25,-21,-23
11.207031,28,2179,2179,184,8,-25,-21,-23
11.210938,28,2179,2179,184,7,-25,-21,-23
11.214844,29,2179,2179,185,8,-25,-21,-23
11.218750,29,2179,2179,186,8,-25,-21,-23
11.222656,29,2179,2179,186,7,-25,-21,-23
11.226562,29,2179,2179,186,7,-25,-21,-23
11.230469,30,2179,2179,187,7,-25,-21,-23
11.234375,30,2179,2179,187,7,-25,-21,-23
11.238281,30,2179,2179,186,7,-25,-21,-23
11.242188,30,2179,2179,186,7,-25,-21,-23
11.246094,30,2179,2179,186,7,-25,-21,-24
11.250000,30,2179,2179,185,8,-25,-21,-23
11.253906,30,2179,2179,185,8,-25,-21,-23
11.257812,29,2179,2179,184,7,-25,-21,-23
11.261719,29,2179,2179,184,7,-25,-21,-24
11.265625,29,2179,2179,185,8,-25,-21,-23
11.269531,29,2179,2179,185,8,-25,-21,-23
11.273438,29,2179,2179,185,7,-25,-21,-23
11.277344,28,2179,2179,186,7,-25,-21,-23
11.281250,28,2179,2179,186,8,-25,-21,-24
11.285156,28,2179,2179,186,8,-25,-21,-23
11.289062,28,2179,2179,186,7,-25,-21,-23
11.292969,28,2179,2179,186,7,-25,-21,-23
11.296875,27,2179,2179,186,8,-25,-20,-23
11.300781,27,2179,2179,186,8,-25,-20,-23
11.304688,27,2179,2179,186,7,-25,-20,-23
11.308594,27,2179,2179,186,7,-25,-20,-23
11.312500,26,2179,2179,186,7,-25,-21,-23
11.316406,26,2179,2179,186,8,-25,-21,-23
11.320312,27,2179,2179,186,7,-25,-21,-23
11.324219,26,2179,2179,185,7,-25,-21,-23
11.328125,26,2179,2179,184,7,-25,-21,-23
11.332031,26,2179,2179,185,7,-25,-21,-23
11.335938,26,2179,2179,185,8,-25,-21,-23
11.339844,25,2179,2179,184,7,-25,-21,-23
11.343750,25,2179,2179,183,7,-25,-21,-23
11.347656,24,2179,2179,181,7,-25,-21,-23
11.351562,24,2179,2179,177,7,-25,-21,-23
11.355469,24,2179,2179,171,7,-25,-21,-23
11.359375,24,2179,2179,163,7,-25,-21,-23
11.363281,23,2179,2179,154,7,-25,-21,-24
11.367188,23,2179,2179,144,7,-25,-21,-24
11.371094,24,2179,2179,134,7,-26,-21,-24
11.375000,23,2179,2179,125,7,-25,-21,-23
11.378906,23,2179,2179,120,7,-25,-21,-24
11.382812,22,2179,2179,113,7,-25,-21,-23
11.386719,22,2179,2179,108,7,-25,-21,-23
11.390625,22,2179,2179,102,7,-25,-21,-23
11.394531,22,2179,2179,96,7,-25,-21,-23
11.398438,22,2179,2179,89,7,-25,-21,-23
11.402344,22,2179,2179,80,7,-25,-21,-23
11.406250,22,2179,2179,70,7,-25,-21,-23
11.410156,22,2179,2179,60,7,-25,-21,-23
11.414062,22,2179,2179,50,8,-25,-21,-23
11.417969,22,2179,2179,43,8,-25,-21,-23
11.421875,22,2179,2179,36,7,-25,-21,-23
11.425781,22,2179,2179,32,7,-25,-21,-23
11.429688,21,2179,2179,29,8,-25,-21,-23
11.433594,21,2179,2179,28,8,-25,-21,-23
11.437500,21,2179,2179,26,8,-25,-21,-23
11.441406,21,2179,2179,25,7,-25,-21,-23
11.445312,20,2179,2179,23,7,-25,-21,-23
11.449219,20,2179,2179,22,8,-25,-21,-23
11.453125,20,2179,2179,21,8,-25,-21,-23
11.457031,20,2179,2179,20,7,-25,-21,-23
11.460938,19,2179,2179,19,7,-25,-21,-23
11.464844,19,2179,2179,19,8,-25,-21,-23
11.468750,19,2179,2179,19,8,-25,-21,-23
11.472656,19,2179,2179,19,7,-25,-21,-23
11.476562,19,2179,2179,19,7,-25,-21,-23
11.480469,18,2179,2179,19,8,-25,-21,-23
11.484375,18,2179,2179,19,8,-25,-21,-23
11.488281,18,2179,2179,19,7,-25,-21,-23
11.492188,18,2179,2179,18,7,-25,-21,-23
11.496094,17,2179,2179,18,7,-25,-20,-23
11.500000,17,2179,2179,18,8,-25,-21,-23
11.503906,17,2179,2179,17,7,-25,-20,-23
11.507812,17,2179,2179,17,7,-25,-21,-23
11.511719,17,2179,2179,17,7,-25,-20,-23
11.515625,16,2179,2179,17,8,-25,-21,-23
11.519531,17,2179,2179,17,8,-25,-21,-23
11.523438,17,2179,2179,16,7,-25,-21,-23
11.527344,16,2179,2179,16,7,-25,-21,-23
11.531250,16,2179,2179,17,7,-25,-21,-23
11.535156,16,2179,2179,17,7,-25,-21,-23
11.539062,16,2179,2179,16,7,-25,-21,-23
11.542969,16,2179,2179,16,6,-25,-21,-23
11.546875,15,2179,2179,17,7,-25,-21,-23
11.550781,15,2179,2179,17,7,-25,-21,-23
11.554688,15,2179,2179,16,7,-25,-21,-23
11.558594,14,2179,2179,16,7,-25,-21,-23
11.562500,13,2179,2179,17,7,-25,-21,-23
11.566406,13,2179,2179,17,7,-25,-21,-23
11.570312,13,2179,2179,17,7,-25,-21,-23
11.574219,12,2179,2179,17,7,-25,-21,-23
11.578125,12,2179,2179,17,7,-25,-21,-23
11.582031,12,2179,2179,17,8,-25,-21,-23
11.585938,12,2179,2179,17,8,-25,-21,-23
11.589844,12,2179,2179,17,7,-25,-21,-23
11.593750,12,2179,2179,17,7,-25,-21,-23
11.597656,11,2179,2179,17,7,-25,-20,-23
11.601562,11,2179,2179,17,7,-25,-21,-23
11.605469,11,2179,2179,17,7,-25,-21,-23
11.609375,11,2179,2179,17,7,-25,-21,-23
11.613281,10,2179,2179,17,7,-25,-21,-23
11.617188,10,2179,2179,17,7,-25,-21,-23
11.621094,10,2179,2179,17,6,-25,-21,-23
11.625000,10,2179,2179,17,7,-25,-21,-23
11.628906,10,2179,2179,17,7,-25,-21,-23
11.632812,10,2179,2179,17,7,-25,-21,-23
11.636719,10,2179,2179,17,7,-25,-21,-23
11.640625,10,2179,2179,16,7,-25,-21,-23
11.644531,9,2179,2179,16,7,-25,-21,-23
11.648438,9,2179,2179,17,7,-25,-21,-23
11.652344,10,2179,2179,17,7,-25,-21,-23
11.656250,9,2179,2179,16,7,-25,-21,-23
11.660156,9,2179,2179,17,7,-25,-21,-23
11.664062,8,2179,2179,17,8,-25,-21,-23
11.667969,8,2179,2179,17,8,-25,-21,-23
11.671875,8,2179,2179,17,7,-25,-21,-23
11.675781,8,2179,2179,17,7,-25,-21,-23
11.679688,7,2179,2179,17,8,-25,-21,-23
11.683594,7,2179,2179,17,8,-25,-21,-23
11.687500,7,2179,2179,17,8,-25,-21,-23
11.691406,7,2179,2179,17,7,-25,-21,-23
11.695312,7,2179,2179,17,8,-25,-20,-23
11.699219,6,2179,2179,17,8,-25,-21,-23
11.703125,7,2179,2179,17,8,-25,-21,-23
11.707031,7,2179,2179,17,7,-25,-21,-23
11.710938,7,2179,2179,17,7,-25,-21,-23
11.714844,6,2179,2179,17,8,-25,-21,-23
11.718750,7,2179,2179,17,7,-25,-21,-23
11.722656,7,2179,2179,17,7,-25,-21,-23
11.726562,6,2179,2179,17,7,-25,-20,-23
11.730469,6,2179,2179,17,7,-25,-21,-23
11.734375,6,2179,2179,17,8,-25,-21,-23
11.738281,6,2179,2179,17,7,-25,-21,-23
11.742188,6,2179,2179,17,7,-25,-20,-23
11.746094,5,2179,2179,17,6,-25,-21,-23
11.750000,5,2179,2179,17,7,-25,-21,-23
11.753906,6,2179,2179,16,8,-25,-21,-23
11.757812,6,2179,2179,16,7,-25,-21,-23
11.761719,5,2179,2179,16,7,-25,-21,-23
11.765625,6,2179,2179,16,8,-25,-21,-23
11.769531,6,2179,2179,16,8,-25,-21,-23
11.773438,6,2179,2179,16,7,-25,-21,-23
11.777344,5,2179,2179,16,7,-25,-21,-23
11.781250,5,2179,2179,16,7,-25,-21,-23
11.785156,4,2179,2179,17,7,-25,-21,-23
11.789062,4,2179,2179,17,7,-25,-21,-23
11.792969,4,2179,2179,17,7,-25,-21,-23
11.796875,4,2179,2179,17,7,-25,-20,-23
11.800781,4,2179,2179,17,7,-25,-21,-23
11.804688,4,2179,2179,17,7,-25,-21,-23
11.808594,4,2179,2179,17,7,-25,-21,-23
11.812500,4,2179,2179,17,7,-25,-21,-23
11.816406,4,2179,2179,17,7,-25,-21,-23
11.820312,4,2179,2179,17,7,-25,-21,-23
11.824219,4,2179,2179,17,7,-25,-20,-23
11.828125,4,2179,2179,17,7,-25,-20,-23
11.832031,4,2179,2179,17,7,-25,-20,-23
11.835938,4,2179,2179,17,7,-25,-20,-23
11.839844,5,2179,2179,17,7,-25,-21,-23
11.843750,5,2179,2179,17,7,-25,-21,-23
11.847656,5,2179,2179,17,7,-25,-21,-23
11.851562,5,2179,2179,17,7,-25,-21,-23
11.855469,5,2179,2179,17,7,-25,-21,-23
11.859375,5,2179,2179,17,7,-25,-21,-23
11.863281,5,2179,2179,17,8,-25,-21,-23
11.867188,5,2179,2179,17,8,-25,-21,-23
11.871094,5,2179,2179,17,7,-25,-21,-23
11.875000,5,2179,2179,17,8,-25,-21,-23
11.878906,5,2179,2179,17,8,-25,-21,-23
11.882812,4,2179,2179,17,8,-25,-21,-23
11.886719,5,2179,2179,17,8,-25,-21,-23
11.890625,5,2179,2179,17,8,-25,-20,-23
11.894531,4,2179,2179,17,8,-25,-20,-23
11.898438,5,2179,2179,17,8,-25,-21,-23
11.902344,5,2179,2179,17,8,-25,-20,-23
11.906250,5,2179,2179,17,7,-25,-20,-23
11.910156,6,2179,2179,17,7,-25,-21,-23
11.914062,6,2179,2179,17,7,-25,-21,-23
11.917969,6,2179,2179,17,7,-25,-21,-23
11.921875,6,2179,2179,17,7,-25,-21,-23
11.925781,6,2179,2179,17,7,-25,-21,-23
11.929688,6,2179,2179,17,7,-25,-21,-23
11.933594,6,2179,2179,17,7,-25,-21,-23
11.937500,6,2179,2179,17,7,-25,-20,-23
11.941406,6,2179,2179,16,7,-25,-21,-23
11.945312,6,2179,2179,16,7,-25,-21,-23
11.949219,6,2179,2179,17,7,-25,-20,-24
11.953125,6,2179,2179,17,7,-25,-21,-24
11.957031,6,2179,2179,16,7,-25,-21,-24
11.960938,6,2179,2179,16,7,-25,-21,-24
11.964844,6,2179,2179,17,7,-25,-21,-23
11.968750,6,2179,2179,17,7,-25,-21,-24
11.972656,6,2179,2179,16,7,-25,-21,-24
11.976562,6,2179,2179,16,7,-25,-21,-24
11.980469,6,2179,2179,17,7,-25,-21,-24
11.984375,5,2179,2179,17,7,-25,-21,-23
11.988281,6,2179,2179,16,7,-25,-21,-23
11.992188,5,2179,2179,16,7,-25,-21,-23
11.996094,5,2179,2179,17,6,-25,-21,-23
12.000000,5,2179,2179,17,7,-25,-21,-23
12.003906,5,2179,2179,16,7,-25,-20,-23
12.007812,5,2179,2179,17,7,-25,-20,-23
12.011719,4,2179,2179,17,7,-25,-20,-23
12.015625,4,2179,2179,17,8,-25,-21,-23
12.019531,5,2179,2179,17,8,-25,-20,-23
12.023438,5,2179,2179,17,7,-25,-20,-23
12.027344,5,2179,2179,17,7,-25,-21,-23
12.031250,5,2179,2179,17,7,-25,-20,-23
12.035156,5,2179,2179,17,8,-25,-20,-23
12.039062,5,2179,2179,17,7,-25,-20,-23
12.042969,5,2179,2179,17,7,-25,-21,-23
12.046875,5,2179,2179,17,8,-25,-20,-23
12.050781,4,2179,2179,17,7,-25,-20,-23
12.054688,4,2179,2179,17,7,-25,-21,-24
12.058594,4,2179,2179,17,7,-25,-21,-23
12.062500,4,2179,2179,17,8,-25,-21,-24
12.066406,4,2179,2179,17,8,-25,-21,-24
12.070312,4,2179,2179,17,8,-25,-21,-23
12.074219,4,2179,2179,17,8,-25,-21,-24
12.078125,4,2179,2179,17,7,-25,-21,-23
12.082031,4,2179,2179,17,8,-25,-21,-23
12.085938,4,2179,2179,17,8,-25,-21,-23
12.089844,5,2179,2179,17,7,-25,-21,-23
12.093750,5,2179,2179,17,7,-25,-21,-23
12.097656,4,2179,2179,17,7,-25,-21,-23
12.101562,5,2179,2179,17,8,-25,-21,-23
12.105469,5,2179,2179,17,7,-25,-20,-23
12.109375,5,2179,2179,17,7,-25,-20,-23
12.113281,5,2179,2179,17,8,-25,-20,-23
12.117188,5,2179,2179,17,8,-25,-21,-23
12.121094,6,2179,2179,16,6,-25,-20,-23
12.125000,6,2179,2179,17,7,-25,-21,-23
12.128906,5,2179,2179,17,7,-25,-21,-23
12.132812,5,2179,2179,17,7,-25,-21,-23
12.136719,6,2179,2179,17,7,-25,-20,-23
12.140625,6,2179,2179,17,7,-25,-21,-23
12.144531,5,2179,2179,17,7,-25,-21,-23
12.148438,5,2179,2179,17,7,-25,-21,-23
12.152344,5,2179,2179,17,7,-25,-21,-23
12.156250,5,2179,2179,17,7,-25,-21,-23
12.160156,5,2179,2179,17,7,-25,-21,-23
12.164062,5,2179,2179,17,7,-25,-21,-23
12.167969,4,2179,2179,17,7,-25,-21,-23
12.171875,5,2179,2179,16,7,-25,-21,-23
12.175781,5,2179,2179,16,7,-25,-21,-23
12.179688,4,2179,2179,17,7,-25,-21,-23
12.183594,4,2179,2179,17,7,-25,-21,-23
12.187500,4,2179,2179,16,7,-25,-21,-23
12.191406,4,2179,2179,16,6,-25,-21,-23
12.195312,3,2179,2179,16,7,-25,-20,-23
12.199219,3,2179,2179,17,7,-25,-20,-23
12.203125,3,2179,2179,17,7,-25,-20,-23
12.207031,3,2179,2179,16,7,-25,-20,-23
12.210938,3,2179,2179,16,7,-25,-20,-23
12.214844,3,2179,2179,17,7,-25,-20,-23
12.218750,4,2179,2179,17,7,-25,-20,-23
12.222656,3,2179,2179,16,7,-25,-20,-23
12.226562,3,2179,2179,16,7,-25,-20,-23
12.230469,3,2179,2179,17,7,-25,-20,-23
12.234375,3,2179,2179,17,7,-25,-20,-23
12.238281,3,2179,2179,17,7,-24,-21,-23
12.242188,3,2179,2179,17,7,-25,-21,-23
12.246094,3,2179,2179,17,6,-25,-21,-23
12.250000,3,2179,2179,17,7,-25,-21,-23
12.253906,3,2179,2179,16,7,-25,-21,-23
12.257812,3,2179,2179,16,7,-25,-21,-24
12.261719,3,2179,2179,16,7,-25,-21,-23
12.265625,3,2179,2179,17,7,-25,-21,-24
12.269531,3,2179,2179,17,7,-25,-21,-24
12.273438,3,2179,2179,17,7,-25,-21,-24
12.277344,3,2179,2179,17,7,-25,-21,-23
12.281250,3,2179,2179,17,7,-25,-21,-23
12.285156,2,2179,2179,17,8,-25,-21,-23
12.289062,3,2179,2179,17,7,-25,-21,-23
12.292969,3,2179,2179,17,7,-25,-21,-23
12.296875,2,2179,2179,17,8,-25,-21,-23
12.300781,3,2179,2179,17,8,-25,-21,-23
12.304688,3,2179,2179,17,8,-25,-20,-23
12.308594,3,2179,2179,17,7,-25,-20,-23
12.312500,3,2179,2179,17,7,-25,-20,-23
12.316406,4,2179,2179,17,8,-25,-20,-23
12.320312,4,2179,2179,17,8,-25,-20,-23
12.324219,4,2179,2179,17,8,-25,-20,-23
12.328125,4,2179,2179,17,7,-25,-20,-23
12.332031,4,2179,2179,17,8,-25,-21,-23
12.335938,4,2179,2179,17,8,-25,-21,-23
12.339844,4,2179,2179,17,7,-25,-21,-23
12.343750,5,2179,2179,17,7,-25,-21,-23
12.347656,5,2179,2179,17,7,-25,-21,-23
12.351562,5,2179,2179,17,7,-25,-21,-23
12.355469,5,2179,2179,16,7,-25,-21,-23
12.359375,6,2179,2179,16,6,-25,-21,-23
12.363281,6,2179,2179,17,7,-26,-21,-23
12.367188,6,2179,2179,17,7,-25,-21,-23
12.371094,6,2179,2179,16,6,-25,-21,-23
12.375000,6,2179,2179,16,7,-25,-21,-23
12.378906,6,2179,2179,16,7,-25,-21,-23
12.382812,6,2179,2179,17,7,-25,-21,-23
12.386719,6,2179,2179,17,7,-25,-21,-23
12.390625,7,2179,2179,16,7,-25,-21,-23
12.394531,6,2179,2179,16,7,-25,-21,-23
12.398438,6,2179,2179,17,7,-25,-21,-23
12.402344,7,2179,2179,17,7,-25,-21,-23
12.406250,7,2179,2179,16,7,-25,-21,-23
12.410156,8,2179,2179,16,7,-25,-21,-23
12.414062,7,2179,2179,17,7,-25,-21,-23
12.417969,8,2179,2179,17,7,-25,-21,-23
12.421875,8,2179,2179,17,7,-25,-21,-23
12.425781,8,2179,2179,17,7,-25,-21,-23
12.429688,8,2179,2179,17,7,-25,-21,-23
12.433594,8,2179,2179,17,8,-25,-21,-23
12.437500,8,2179,2179,17,7,-25,-21,-23
12.441406,8,2179,2179,17,7,-25,-21,-23
12.445312,8,2179,2179,17,7,-25,-21,-23
12.449219,8,2179,2179,17,7,-25,-21,-23
12.453125,8,2179,2179,17,8,-25,-21,-23
12.457031,8,2179,2179,17,7,-25,-20,-23
12.460938,8,2179,2179,17,7,-25,-21,-23
12.464844,8,2179,2179,17,8,-25,-21,-23
12.468750,8,2179,2179,17,8,-25,-21,-23
12.472656,8,2179,2179,17,7,-25,-21,-24
12.476562,8,2179,2179,17,7,-25,-21,-23
12.480469,7,2179,2179,17,8,-25,-21,-23
12.484375,7,2179,2179,17,8,-25,-21,-23
12.488281,8,2179,2179,17,7,-24,-21,-23
12.492188,8,2179,2179,17,7,-25,-21,-23
12.496094,7,2179,2179,17,7,-25,-21,-23
12.500000,7,2179,2179,17,8,-25,-21,-23
12.503906,8,2179,2179,17,8,-25,-20,-23
12.507812,7,2179,2179,17,7,-25,-20,-23
12.511719,7,2179,2179,16,7,-25,-20,-23
12.515625,7,2179,2179,17,7,-25,-20,-23
12.519531,8,2179,2179,17,7,-25,-20,-23
12.523438,8,2179,2179,16,7,-25,-21,-23
12.527344,8,2179,2179,16,7,-25,-21,-23
12.531250,8,2179,2179,17,7,-25,-21,-23
12.535156,8,2179,2179,17,7,-25,-20,-23
12.539062,8,2179,2179,16,7,-25,-21,-23
12.542969,8,2179,2179,16,7,-25,-21,-23
12.546875,8,2179,2179,16,7,-25,-21,-23
12.550781,8,2179,2179,16,7,-25,-21,-24
12.554688,8,2179,2179,16,7,-25,-21,-23
12.558594,8,2179,2179,16,7,-25,-21,-23
12.562500,8,2179,2179,17,7,-25,-21,-23
12.566406,9,2179,2179,17,7,-25,-21,-23
12.570312,9,2179,2179,17,7,-25,-21,-23
12.574219,9,2179,2179,17,7,-25,-21,-23
12.578125,9,2179,2179,17,7,-25,-21,-23
12.582031,8,2179,2179,17,7,-25,-21,-23
12.585938,9,2179,2179,17,7,-25,-21,-23
12.589844,8,2179,2179,17,7,-25,-20,-23
12.593750,8,2179,2179,17,7,-25,-20,-23
12.597656,8,2179,2179,17,7,-25,-21,-23
12.601562,8,2179,2179,17,7,-25,-21,-23
12.605469,8,2179,2179,17,7,-25,-21,-23
12.609375,8,2179,2179,16,7,-25,-21,-23
12.613281,8,2179,2179,17,7,-26,-20,-23
12.617188,8,2179,2179,17,7,-25,-21,-23
12.621094,9,2179,2179,17,8,-25,-21,-23
12.625000,9,2179,2179,17,7,-25,-20,-23
12.628906,9,2179,2179,17,7,-25,-20,-23
12.632812,9,2179,2179,17,8,-25,-20,-23
12.636719,10,2179,2179,17,8,-25,-20,-23
12.640625,10,2179,2179,17,7,-25,-20,-23
12.644531,10,2179,2179,17,7,-25,-21,-23
12.648438,11,2179,2179,17,7,-25,-21,-23
12.652344,12,2179,2179,17,7,-25,-21,-23
12.656250,12,2179,2179,16,7,-25,-21,-23
12.660156,12,2179,2179,16,7,-25,-21,-23
12.664062,12,2179,2179,17,7,-25,-21,-24
12.667969,12,2179,2179,17,7,-25,-21,-23
12.671875,12,2179,2179,17,7,-25,-21,-23
12.675781,13,2179,2179,17,7,-25,-21,-23
12.679688,12,2179,2179,17,8,-25,-21,-23
12.683594,13,2179,2179,17,8,-25,-21,-23
12.687500,13,2179,2179,17,8,-25,-21,-23
12.691406,13,2179,2179,17,7,-25,-21,-23
12.695312,13,2179,2179,17,7,-25,-21,-23
12.699219,13,2179,2179,17,7,-25,-21,-23
12.703125,14,2179,2179,17,7,-25,-21,-23
12.707031,14,2179,2179,16,7,-25,-21,-23
12.710938,14,2179,2179,17,7,-25,-21,-23
12.714844,15,2179,2179,17,7,-25,-21,-23
12.718750,15,2179,2179,17,7,-25,-20,-23
12.722656,16,2179,2179,17,7,-25,-20,-23
12.726562,16,2179,2179,17,7,-25,-20,-23
12.730469,16,2179,2179,17,7,-25,-20,-23
12.734375,16,2179,2179,17,8,-25,-20,-23
12.738281,17,2179,2179,17,7,-24,-20,-23
12.742188,17,2179,2179,17,7,-25,-21,-23
12.746094,17,2179,2179,17,8,-25,-20,-23
12.750000,18,2179,2179,17,7,-25,-20,-23
12.753906,19,2179,2179,17,8,-25,-21,-23
12.757812,19,2179,2179,17,7,-25,-20,-23
12.761719,20,2179,2179,17,7,-25,-21,-23
12.765625,20,2179,2179,17,7,-25,-21,-23
12.769531,21,2179,2179,17,7,-25,-21,-24
12.773438,21,2179,2179,17,7,-25,-21,-23
12.777344,21,2179,2179,16,7,-25,-21,-24
12.781250,22,2179,2179,17,7,-25,-21,-24
12.785156,22,2179,2179,16,7,-25,-21,-23
12.789062,23,2179,2179,16,7,-25,-21,-23
12.792969,23,2179,2179,16,7,-25,-21,-23
12.796875,23,2179,2179,17,7,-25,-21,-23
12.800781,24,2179,2179,17,7,-25,-21,-23
12.804688,25,2179,2179,16,7,-25,-21,-23
12.808594,25,2179,2179,16,7,-25,-20,-23
12.812500,25,2179,2179,17,7,-25,-20,-23
12.816406,26,2179,2179,17,7,-25,-20,-23
12.820312,27,2179,2179,17,7,-25,-20,-23
12.824219,27,2179,2179,17,7,-25,-20,-23
12.828125,27,2179,2179,17,7,-25,-20,-23
12.832031,28,2179,2179,17,7,-25,-21,-23
12.835938,29,2179,2179,17,7,-25,-21,-23
12.839844,29,2179,2179,16,7,-25,-20,-23
12.843750,29,2179,2179,17,7,-25,-21,-23
12.847656,30,2179,2179,17,7,-25,-20,-23
12.851562,30,2179,2179,17,7,-25,-21,-23
12.855469,30,2179,2179,17,7,-25,-21,-23
12.859375,30,2179,2179,17,7,-25,-21,-23
12.863281,30,2179,2179,17,7,-27,-21,-23
12.867188,30,2179,2179,17,8,-25,-21,-23
12.871094,30,2179,2179,17,9,-25,-20,-23
12.875000,30,2179,2179,17,8,-25,-21,-23
12.878906,30,2179,2179,17,8,-25,-21,-23
12.882812,30,2179,2179,17,8,-25,-20,-23
12.886719,30,2179,2179,17,8,-25,-21,-23
12.890625,30,2179,2179,17,8,-25,-21,-23
12.894531,30,2179,2179,17,7,-25,-21,-23
12.898438,29,2179,2179,17,8,-25,-21,-23
12.902344,29,2179,2179,17,8,-25,-21,-23
12.906250,29,2179,2179,17,7,-25,-20,-23
12.910156,28,2179,2179,17,7,-25,-21,-23
12.914062,28,2179,2179,17,8,-25,-21,-23
12.917969,28,2179,2179,17,8,-25,-20,-23
12.921875,28,2179,2179,17,7,-25,-20,-23
12.925781,28,2179,2179,17,7,-25,-20,-23
12.929688,28,2179,2179,17,7,-25,-20,-23
12.933594,28,2179,2179,17,7,-25,-20,-23
12.937500,28,2179,2179,17,7,-25,-21,-23
12.941406,28,2179,2179,17,7,-25,-21,-23
12.945312,28,2179,2179,17,7,-25,-21,-23
12.949219,28,2179,2179,17,7,-25,-21,-23
12.953125,28,2179,2179,17,7,-25,-21,-23
12.957031,29,2179,2179,16,7,-25,-21,-23
12.960938,29,2179,2179,16,7,-25,-21,-23
12.964844,28,2179,2179,17,7,-25,-21,-23
12.968750,29,2179,2179,17,7,-25,-21,-23
12.972656,29,2179,2179,16,7,-25,-21,-23
12.976562,29,2179,2179,16,7,-25,-21,-23
12.980469,29,2179,2179,16,7,-25,-21,-23
12.984375,29,2179,2179,17,7,-25,-21,-23
12.988281,29,2179,2179,16,7,-23,-21,-23
12.992188,29,2179,2179,16,7,-25,-21,-23
12.996094,29,2179,2179,16,8,-25,-21,-23
13.000000,29,2179,2179,16,7,-25,-21,-24
13.003906,29,2179,2179,16,7,-25,-21,-23
13.007812,29,2179,2179,15,7,-25,-20,-23
13.011719,30,2179,2179,15,7,-25,-20,-23
13.015625,30,2179,2179,16,7,-25,-20,-23
13.019531,30,2179,2179,16,7,-25,-20,-23
13.023438,30,2179,2179,16,7,-25,-20,-23
13.027344,29,2179,2179,17,7,-25,-20,-23
13.031250,29,2179,2179,17,7,-25,-21,-23
13.035156,29,2179,2179,17,8,-25,-20,-23
13.039062,29,2179,2179,17,7,-25,-20,-23
13.042969,29,2179,2179,17,7,-25,-21,-23
13.046875,28,2179,2179,17,8,-25,-21,-23
13.050781,28,2179,2179,17,8,-25,-21,-23
13.054688,29,2179,2179,17,7,-25,-21,-23
13.058594,29,2179,2179,17,7,-25,-21,-24
13.062500,29,2179,2179,17,7,-25,-21,-23
13.066406,29,2179,2179,17,7,-25,-21,-23
13.070312,30,2179,2179,17,7,-25,-21,-24
13.074219,30,2179,2179,17,7,-25,-21,-24
13.078125,29,2179,2179,17,7,-25,-21,-24
13.082031,30,2179,2179,17,7,-25,-21,-24
13.085938,30,2179,2179,17,7,-25,-21,-23
13.089844,30,2179,2179,17,7,-25,-21,-23
13.093750,29,2179,2179,17,7,-25,-21,-23
13.097656,30,2179,2179,17,7,-25,-21,-23
13.101562,30,2179,2179,17,7,-25,-20,-23
13.105469,30,2179,2179,17,7,-25,-20,-23
13.109375,30,2179,2179,17,7,-25,-20,-23
13.113281,30,2179,2179,17,8,-27,-20,-23
13.117188,30,2179,2179,17,8,-25,-20,-23
13.121094,30,2179,2179,17,7,-25,-20,-23
13.125000,30,2179,2179,17,7,-25,-20,-23
13.128906,30,2179,2179,17,7,-25,-21,-23
13.132812,30,2179,2179,17,8,-25,-21,-23
13.136719,30,2179,2179,17,8,-25,-20,-23
13.140625,31,2179,2179,17,7,-25,-21,-23
13.144531,31,2179,2179,17,7,-25,-20,-23
13.148438,31,2179,2179,17,7,-25,-20,-23
13.152344,31,2179,2179,17,7,-25,-20,-23
13.156250,32,2179,2179,16,7,-25,-20,-23
13.160156,32,2179,2179,16,6,-25,-21,-23
13.164062,32,2179,2179,17,7,-25,-21,-23
13.167969,32,2179,2179,17,7,-25,-21,-23
13.171875,32,2179,2179,16,7,-25,-21,-24
13.175781,32,2179,2179,16,7,-25,-21,-23
13.179688,32,2179,2179,17,7,-25,-21,-23
13.183594,33,2179,2179,17,7,-25,-21,-24
13.187500,33,2179,2179,17,7,-25,-21,-23
13.191406,34,2179,2179,17,7,-25,-21,-23
13.195312,34,2179,2179,17,7,-25,-21,-23
13.199219,35,2179,2179,17,8,-25,-21,-23
13.203125,35,2179,2179,17,8,-25,-21,-23
13.207031,36,2179,2179,17,7,-25,-21,-23
13.210938,36,2179,2179,17,7,-25,-21,-23
13.214844,36,2179,2179,17,7,-25,-21,-23
13.218750,37,2179,2179,17,8,-25,-20,-23
13.222656,37,2179,2179,17,7,-25,-20,-23
13.226562,37,2179,2179,17,7,-25,-20,-23
13.230469,37,2179,2179,17,7,-25,-20,-23
13.234375,37,2179,2179,17,7,-25,-20,-23
13.238281,38,2179,2179,17,7,-21,-20,-23
13.242188,38,2179,2179,17,7,-25,-20,-24
13.246094,38,2179,2179,17,7,-25,-21,-23
13.250000,39,2179,2179,17,7,-25,-21,-23
13.253906,40,2179,2179,17,7,-25,-21,-23
13.257812,40,2179,2179,17,7,-25,-21,-23
13.261719,40,2179,2179,17,7,-25,-21,-24
13.265625,40,2179,2179,17,8,-25,-21,-24
13.269531,41,2179,2179,17,7,-25,-21,-23
13.273438,41,2179,2179,17,8,-25,-21,-23
13.277344,41,2179,2179,17,8,-25,-21,-23
13.281250,41,2179,2179,17,8,-25,-21,-23
13.285156,42,2179,2179,17,8,-25,-21,-23
13.289062,42,2179,2179,17,7,-25,-20,-23
13.292969,42,2179,2179,17,8,-25,-21,-23
13.296875,42,2179,2179,17,8,-25,-21,-23
13.300781,42,2179,2179,17,8,-25,-21,-23
13.304688,43,2179,2179,17,8,-25,-21,-23
13.308594,43,2179,2179,17,7,-25,-21,-23
13.312500,43,2179,2179,17,8,-25,-20,-23
13.316406,43,2179,2179,17,8,-25,-20,-23
13.320312,44,2179,2179,17,8,-25,-20,-23
13.324219,44,2179,2179,17,7,-25,-20,-23
13.328125,44,2179,2179,17,7,-25,-20,-23
13.332031,45,2179,2179,17,8,-25,-20,-23
13.335938,45,2179,2179,17,8,-25,-20,-23
13.339844,45,2179,2179,17,7,-25,-20,-23
13.343750,45,2179,2179,18,7,-25,-21,-23
13.347656,45,2179,2179,18,8,-25,-21,-23
13.351562,45,2179,2179,19,8,-25,-21,-23
13.355469,46,2179,2179,19,7,-25,-21,-23
13.359375,46,2179,2179,19,7,-25,-21,-23
13.363281,46,2179,2179,19,7,-29,-21,-23
13.367188,46,2179,2179,19,7,-25,-21,-23
13.371094,47,2179,2179,19,7,-25,-21,-23
13.375000,47,2179,2179,19,7,-25,-21,-23
13.378906,47,2179,2179,19,7,-25,-21,-23
13.382812,47,2179,2179,19,7,-25,-21,-23
13.386719,47,2179,2179,19,7,-25,-21,-24
13.390625,47,2179,2179,18,7,-25,-21,-23
13.394531,47,2179,2179,18,7,-25,-20,-23
13.398438,47,2179,2179,19,7,-25,-21,-23
13.402344,47,2179,2179,19,7,-25,-20,-23
13.406250,47,2179,2179,18,7,-25,-20,-23
13.410156,47,2179,2179,19,7,-25,-20,-23
13.414062,46,2179,2179,19,8,-25,-20,-23
13.417969,47,2179,2179,19,7,-25,-20,-23
13.421875,47,2179,2179,19,7,-25,-20,-23
13.425781,47,2179,2179,19,7,-25,-21,-23
13.429688,47,2179,2179,19,8,-25,-20,-23
13.433594,47,2179,2179,19,8,-25,-20,-23
13.437500,48,2179,2179,19,8,-25,-20,-23
13.441406,48,2179,2179,19,8,-25,-21,-23
13.445312,48,2179,2179,19,8,-25,-20,-23
13.449219,48,2179,2179,19,8,-25,-20,-23
13.453125,48,2179,2179,20,8,-25,-21,-23
13.457031,49,2179,2179,19,7,-25,-20,-23
13.460938,49,2179,2179,20,7,-25,-20,-23
13.464844,49,2179,2179,20,8,-25,-20,-23
13.468750,50,2179,2179,20,8,-25,-20,-23
13.472656,50,2179,2179,20,7,-25,-21,-23
13.476562,50,2179,2179,20,7,-25,-21,-23
13.480469,50,2179,2179,20,8,-25,-21,-24
13.484375,50,2179,2179,20,8,-25,-21,-23
13.488281,50,2179,2179,20,7,-20,-21,-23
13.492188,50,2179,2179,21,8,-25,-21,-23
13.496094,50,2179,2179,21,8,-25,-21,-23
13.500000,50,2179,2179,22,8,-25,-21,-23
13.503906,50,2179,2179,22,8,-25,-21,-23
13.507812,50,2179,2179,22,7,-25,-21,-23
13.511719,50,2179,2179,23,8,-25,-21,-23
13.515625,50,2179,2179,24,8,-25,-21,-23
13.519531,50,2179,2179,24,7,-25,-21,-23
13.523438,50,2179,2179,25,7,-25,-21,-23
13.527344,50,2179,2179,25,7,-25,-21,-23
13.531250,50,2179,2179,26,7,-25,-21,-23
13.535156,50,2179,2179,27,7,-25,-21,-23
13.539062,51,2179,2179,28,7,-25,-20,-23
13.542969,51,2179,2179,29,7,-25,-20,-23
13.546875,51,2179,2179,30,7,-25,-20,-23
13.550781,50,2179,2179,32,7,-25,-21,-23
13.554688,51,2179,2179,34,7,-25,-21,-23
13.558594,51,2179,2179,36,7,-25,-21,-23
13.562500,50,2179,2179,38,7,-25,-21,-23
13.566406,50,2179,2179,40,7,-25,-21,-23
13.570312,50,2179,2179,42,7,-25,-20,-23
13.574219,50,2179,2179,43,7,-25,-21,-23
13.578125,50,2179,2179,45,7,-25,-21,-23
13.582031,50,2179,2179,47,8,-25,-21,-23
13.585938,50,2179,2179,49,8,-25,-21,-23
13.589844,50,2179,2179,51,7,-25,-21,-23
13.593750,50,2179,2179,54,7,-25,-21,-23
13.597656,50,2179,2179,57,8,-25,-21,-24
13.601562,50,2179,2179,61,8,-25,-21,-23
13.605469,50,2179,2179,63,7,-25,-21,-23
13.609375,50,2179,2179,66,7,-25,-21,-23
13.613281,49,2179,2179,69,7,-31,-21,-23
13.617188,49,2179,2179,71,7,-25,-20,-23
13.621094,50,2179,2179,72,7,-25,-20,-23
13.625000,49,2179,2179,74,7,-25,-20,-23
13.628906,49,2179,2179,76,7,-25,-20,-23
13.632812,49,2179,2179,78,8,-25,-20,-23
13.636719,49,2179,2179,81,8,-25,-20,-23
13.640625,49,2179,2179,84,7,-25,-20,-23
13.644531,49,2179,2179,88,7,-25,-20,-23
13.648438,50,2179,2179,92,7,-25,-20,-23
13.652344,50,2179,2179,96,8,-25,-21,-23
13.656250,50,2179,2179,99,7,-25,-20,-23
13.660156,50,2179,2179,102,7,-25,-21,-23
13.664062,50,2179,2179,104,7,-25,-21,-23
13.667969,50,2179,2179,106,7,-25,-21,-23
13.671875,50,2179,2179,108,7,-25,-21,-23
13.675781,50,2179,2179,109,7,-25,-21,-23
13.679688,50,2179,2179,111,7,-25,-21,-23
13.683594,50,2179,2179,113,8,-25,-21,-23
13.687500,50,2179,2179,114,7,-25,-21,-23
13.691406,50,2179,2179,116,7,-25,-20,-23
13.695312,49,2179,2179,118,7,-25,-21,-23
13.699219,49,2179,2179,119,8,-25,-21,-23
13.703125,50,2179,2179,120,8,-25,-21,-23
13.707031,50,2179,2179,121,7,-25,-21,-23
13.710938,49,2179,2179,122,7,-25,-21,-23
13.714844,49,2179,2179,124,8,-25,-21,-23
13.718750,49,2179,2179,125,7,-25,-21,-23
13.722656,49,2179,2179,127,7,-25,-20,-23
13.726562,49,2179,2179,128,7,-25,-20,-23
13.730469,49,2179,2179,130,7,-25,-20,-23
13.734375,49,2179,2179,131,8,-25,-20,-23
13.738281,49,2179,2179,133,7,-19,-20,-23
13.742188,49,2179,2179,134,8,-25,-20,-23
13.746094,49,2179,2179,136,8,-25,-20,-23
13.750000,49,2179,2179,138,8,-25,-20,-23
13.753906,49,2179,2179,139,8,-25,-21,-23
13.757812,49,2179,2179,141,7,-25,-21,-23
13.761719,49,2179,2179,142,7,-25,-21,-23
13.765625,49,2179,2179,144,7,-25,-21,-23
13.769531,50,2179,2179,144,7,-25,-21,-23
13.773438,49,2179,2179,145,7,-25,-21,-23
13.777344,49,2179,2179,146,7,-25,-21,-23
13.781250,49,2179,2179,147,7,-25,-21,-23
13.785156,49,2179,2179,148,7,-25,-21,-23
13.789062,49,2179,2179,149,7,-25,-21,-23
13.792969,49,2179,2179,150,7,-25,-21,-23
13.796875,49,2179,2179,152,7,-25,-21,-23
13.800781,49,2179,2179,154,7,-25,-21,-23
13.804688,49,2179,2179,155,7,-25,-21,-23
13.808594,49,2179,2179,156,7,-25,-21,-23
13.812500,48,2179,2179,157,7,-25,-21,-23
13.816406,48,2179,2179,157,7,-25,-21,-23
13.820312,48,2179,2179,157,7,-25,-21,-23
13.824219,48,2179,2179,157,7,-25,-20,-23
13.828125,48,2179,2179,157,7,-25,-20,-23
13.832031,48,2179,2179,157,8,-25,-20,-23
13.835938,48,2179,2179,157,7,-25,-20,-23
13.839844,48,2179,2179,156,7,-25,-21,-23
13.843750,48,2179,2179,156,7,-25,-21,-23
13.847656,48,2179,2179,157,8,-25,-21,-23
13.851562,49,2179,2179,157,8,-25,-20,-23
13.855469,49,2179,2179,158,7,-25,-20,-23
13.859375,49,2179,2179,158,7,-25,-21,-23
13.863281,49,2179,2179,160,8,-32,-20,-23
13.867188,49,2179,2179,161,8,-25,-20,-23
13.871094,50,2179,2179,162,8,-25,-21,-23
13.875000,50,2179,2179,163,8,-25,-20,-23
13.878906,49,2179,2179,164,7,-25,-21,-23
13.882812,49,2179,2179,165,8,-25,-21,-23
13.886719,50,2179,2179,165,8,-25,-21,-23
13.890625,49,2179,2179,164,8,-25,-21,-23
13.894531,49,2179,2179,164,8,-25,-21,-23
13.898438,49,2179,2179,165,8,-25,-21,-23
13.902344,49,2179,2179,165,8,-25,-21,-23
13.906250,49,2179,2179,165,8,-25,-21,-23
13.910156,49,2179,2179,165,7,-25,-21,-23
13.914062,48,2179,2179,166,8,-25,-21,-23
13.917969,48,2179,2179,166,8,-25,-21,-23
13.921875,48,2179,2179,166,7,-25,-20,-23
13.925781,47,2179,2179,166,7,-25,-20,-23
13.929688,47,2179,2179,167,8,-25,-20,-23
13.933594,47,2179,2179,168,8,-25,-20,-23
13.937500,47,2179,2179,168,7,-25,-20,-23
13.941406,47,2179,2179,169,7,-25,-20,-23
13.945312,47,2179,2179,169,7,-25,-20,-23
13.949219,47,2179,2179,170,7,-25,-20,-23
13.953125,47,2179,2179,170,7,-25,-20,-23
13.957031,47,2179,2179,169,7,-25,-21,-23
13.960938,47,2179,2179,169,7,-25,-20,-23
13.964844,47,2179,2179,169,7,-25,-20,-23
13.968750,47,2179,2179,169,7,-25,-20,-23
13.972656,47,2179,2179,169,7,-25,-21,-23
13.976562,47,2179,2179,169,7,-25,-20,-23
13.980469,47,2179,2179,170,7,-25,-21,-23
13.984375,47,2179,2179,171,7,-25,-21,-23
13.988281,47,2179,2179,171,7,-19,-21,-24
13.992188,47,2179,2179,171,7,-25,-21,-24
13.996094,46,2179,2179,171,7,-25,-21,-24
14.000000,46,2179,2179,170,7,-25,-21,-23
14.003906,46,2179,2179,170,7,-25,-21,-23
14.007812,46,2179,2179,169,7,-25,-21,-23
14.011719,45,2179,2179,170,7,-25,-21,-23
14.015625,45,2179,2179,170,8,-25,-21,-23
14.019531,45,2179,2179,171,8,-25,-21,-23
14.023438,45,2179,2179,171,7,-25,-21,-23
14.027344,44,2179,2179,172,7,-25,-21,-23
14.031250,45,2179,2179,173,8,-25,-21,-23
14.035156,45,2179,2179,173,8,-25,-20,-23
14.039062,45,2179,2179,173,7,-25,-21,-23
14.042969,46,2179,2179,173,7,-25,-21,-23
14.046875,45,2179,2179,174,8,-25,-20,-23
14.050781,45,2179,2179,174,8,-25,-20,-23
14.054688,45,2179,2179,174,7,-25,-20,-23
14.058594,45,2179,2179,174,7,-25,-20,-23
14.062500,45,2179,2179,174,7,-25,-20,-23
14.066406,45,2179,2179,174,8,-25,-20,-23
14.070312,45,2179,2179,174,7,-25,-21,-24
14.074219,46,2179,2179,174,7,-25,-21,-23
14.078125,45,2179,2179,174,7,-25,-20,-23
14.082031,45,2179,2179,174,7,-25,-21,-23
14.085938,45,2179,2179,174,7,-25,-21,-23
14.089844,45,2179,2179,174,7,-25,-21,-23
14.093750,44,2179,2179,175,7,-25,-21,-23
14.097656,44,2179,2179,175,7,-25,-21,-23
14.101562,44,2179,2179,175,8,-25,-21,-23
14.105469,44,2179,2179,175,7,-25,-20,-23
14.109375,44,2179,2179,175,7,-25,-21,-23
14.113281,43,2179,2179,175,7,-33,-21,-23
14.117188,43,2179,2179,175,7,-25,-21,-23
14.121094,43,2179,2179,175,7,-25,-21,-23
14.125000,43,2179,2179,174,7,-25,-21,-23
14.128906,43,2179,2179,175,7,-25,-21,-23
14.132812,43,2179,2179,175,8,-25,-21,-23
14.136719,43,2179,2179,175,7,-25,-20,-23
14.140625,43,2179,2179,175,7,-25,-20,-23
14.144531,43,2179,2179,176,7,-25,-21,-23
14.148438,43,2179,2179,176,7,-25,-21,-23
14.152344,43,2179,2179,177,8,-25,-20,-23
14.156250,43,2179,2179,176,7,-25,-20,-23
14.160156,44,2179,2179,177,7,-25,-20,-23
14.164062,43,2179,2179,177,7,-25,-21,-23
14.167969,43,2179,2179,177,7,-25,-20,-23
14.171875,44,2179,2179,177,7,-25,-21,-23
14.175781,44,2179,2179,177,7,-25,-20,-23
14.179688,43,2179,2179,177,7,-25,-20,-23
14.183594,43,2179,2179,177,7,-25,-21,-23
14.187500,43,2179,2179,177,7,-25,-21,-23
14.191406,43,2179,2179,177,7,-25,-21,-23
14.195312,43,2179,2179,177,7,-25,-21,-23
14.199219,43,2179,2179,177,7,-25,-21,-23
14.203125,43,2179,2179,177,8,-25,-21,-23
14.207031,43,2179,2179,177,7,-25,-21,-23
14.210938,43,2179,2179,177,7,-25,-21,-23
14.214844,43,2179,2179,177,8,-25,-21,-23
14.218750,43,2179,2179,177,8,-25,-21,-23
14.222656,42,2179,2179,177,7,-25,-21,-23
14.226562,42,2179,2179,177,7,-25,-21,-23
14.230469,42,2179,2179,178,8,-25,-20,-23
14.234375,42,2179,2179,178,8,-25,-20,-23
14.238281,42,2179,2179,178,7,-22,-20,-23
14.242188,42,2179,2179,178,8,-25,-21,-23
14.246094,41,2179,2179,179,8,-25,-20,-23
14.250000,41,2179,2179,178,8,-25,-20,-23
14.253906,41,2179,2179,178,8,-25,-21,-23
14.257812,41,2179,2179,178,8,-25,-20,-23
14.261719,41,2179,2179,178,8,-25,-21,-23
14.265625,40,2179,2179,178,8,-25,-21,-23
14.269531,41,2179,2179,178,8,-25,-21,-23
14.273438,41,2179,2179,177,7,-25,-20,-23
14.277344,41,2179,2179,177,7,-25,-21,-23
14.281250,41,2179,2179,178,8,-25,-21,-23
14.285156,41,2179,2179,178,8,-25,-21,-23
14.289062,41,2179,2179,178,7,-25,-21,-23
14.292969,41,2179,2179,178,7,-25,-21,-23
14.296875,40,2179,2179,179,8,-25,-21,-23
14.300781,40,2179,2179,180,8,-25,-21,-23
14.304688,40,2179,2179,180,8,-25,-21,-23
14.308594,39,2179,2179,180,7,-25,-21,-23
14.312500,39,2179,2179,181,8,-25,-21,-23
14.316406,38,2179,2179,180,8,-25,-21,-23
14.320312,38,2179,2179,180,8,-25,-21,-23
14.324219,38,2179,2179,179,7,-25,-21,-23
14.328125,38,2179,2179,179,7,-25,-21,-23
14.332031,38,2179,2179,179,8,-25,-21,-23
14.335938,39,2179,2179,179,8,-25,-20,-23
14.339844,39,2179,2179,178,7,-25,-20,-23
14.343750,39,2179,2179,178,7,-25,-20,-23
14.347656,39,2179,2179,179,7,-25,-20,-23
14.351562,39,2179,2179,179,7,-25,-20,-23
14.355469,40,2179,2179,179,7,-25,-20,-23
14.359375,39,2179,2179,179,7,-25,-21,-23
14.363281,39,2179,2179,179,7,-30,-21,-23
14.367188,39,2179,2179,179,7,-25,-21,-23
14.371094,39,2179,2179,178,7,-25,-21,-23
14.375000,39,2179,2179,178,6,-25,-21,-23
14.378906,38,2179,2179,178,6,-25,-21,-24
14.382812,38,2179,2179,178,7,-25,-21,-24
14.386719,38,2179,2179,178,7,-25,-21,-23
14.390625,38,2179,2179,178,7,-25,-21,-24
14.394531,38,2179,2179,179,7,-25,-21,-23
14.398438,37,2179,2179,179,7,-25,-21,-23
14.402344,38,2179,2179,180,7,-25,-21,-23
14.406250,37,2179,2179,180,7,-25,-21,-23
14.410156,37,2179,2179,181,7,-25,-21,-23
14.414062,37,2179,2179,181,8,-25,-21,-23
14.417969,37,2179,2179,181,8,-25,-21,-23
14.421875,37,2179,2179,180,7,-25,-21,-23
14.425781,37,2179,2179,180,7,-25,-21,-23
14.429688,36,2179,2179,180,8,-25,-21,-23
14.433594,36,2179,2179,179,8,-25,-21,-23
14.437500,37,2179,2179,179,8,-25,-21,-23
14.441406,37,2179,2179,179,7,-25,-20,-23
14.445312,37,2179,2179,179,7,-25,-20,-23
14.449219,37,2179,2179,180,8,-25,-21,-23
14.453125,37,2179,2179,180,8,-25,-20,-23
14.457031,37,2179,2179,180,7,-25,-20,-23
14.460938,37,2179,2179,180,7,-25,-20,-23
14.464844,36,2179,2179,181,8,-25,-20,-23
14.468750,37,2179,2179,180,8,-25,-20,-23
14.472656,37,2179,2179,180,7,-25,-20,-23
14.476562,37,2179,2179,179,7,-25,-20,-23
14.480469,37,2179,2179,180,7,-25,-20,-23
14.484375,37,2179,2179,180,8,-25,-21,-23
14.488281,37,2179,2179,179,7,-25,-21,-23
14.492188,37,2179,2179,180,7,-25,-21,-23
14.496094,36,2179,2179,180,8,-25,-21,-23
14.500000,36,2179,2179,181,8,-25,-21,-23
14.503906,36,2179,2179,181,8,-25,-21,-23
14.507812,36,2179,2179,181,8,-25,-21,-23
14.511719,36,2179,2179,181,8,-25,-21,-23
14.515625,36,2179,2179,181,8,-25,-21,-23
14.519531,36,2179,2179,181,8,-25,-21,-23
14.523438,36,2179,2179,181,8,-25,-21,-23
14.527344,36,2179,2179,180,7,-25,-21,-23
14.531250,35,2179,2179,180,8,-25,-21,-23
14.535156,35,2179,2179,180,7,-25,-21,-23
14.539062,35,2179,2179,179,7,-25,-20,-23
14.542969,35,2179,2179,179,7,-25,-20,-23
14.546875,35,2179,2179,179,7,-25,-21,-23
14.550781,35,2179,2179,180,7,-25,-21,-23
14.554688,35,2179,2179,179,7,-25,-21,-23
14.558594,35,2179,2179,180,7,-25,-21,-23
14.562500,35,2179,2179,181,7,-25,-21,-23
14.566406,35,2179,2179,181,7,-25,-21,-23
14.570312,35,2179,2179,181,7,-25,-21,-23
14.574219,35,2179,2179,181,7,-25,-21,-23
14.578125,35,2179,2179,181,7,-25,-21,-23
14.582031,35,2179,2179,181,7,-25,-21,-23
14.585938,35,2179,2179,181,7,-25,-21,-23
14.589844,35,2179,2179,181,7,-25,-21,-23
14.593750,35,2179,2179,181,7,-25,-21,-23
14.597656,35,2179,2179,181,7,-25,-21,-23
14.601562,35,2179,2179,181,8,-25,-21,-23
14.605469,35,2179,2179,181,7,-25,-20,-24
14.609375,35,2179,2179,181,7,-25,-21,-23
14.613281,35,2179,2179,181,8,-25,-21,-23
14.617188,35,2179,2179,181,8,-25,-21,-23
14.621094,35,2179,2179,181,7,-25,-21,-23
14.625000,35,2179,2179,181,7,-25,-21,-23
14.628906,34,2179,2179,181,7,-25,-21,-23
14.632812,34,2179,2179,181,7,-25,-20,-23
14.636719,34,2179,2179,181,7,-25,-20,-23
14.640625,34,2179,2179,181,7,-25,-20,-23
14.644531,34,2179,2179,181,7,-25,-20,-23
14.648438,34,2179,2179,181,7,-25,-20,-23
14.652344,34,2179,2179,181,8,-25,-20,-23
14.656250,34,2179,2179,181,7,-25,-20,-23
14.660156,34,2179,2179,181,7,-25,-20,-23
14.664062,33,2179,2179,181,8,-25,-21,-23
14.667969,33,2179,2179,181,8,-25,-21,-23
14.671875,34,2179,2179,181,8,-25,-21,-23
14.675781,34,2179,2179,181,7,-25,-21,-23
14.679688,33,2179,2179,181,7,-25,-21,-23
14.683594,33,2179,2179,181,7,-25,-21,-23
14.687500,34,2179,2179,181,7,-25,-20,-23
14.691406,33,2179,2179,181,7,-25,-20,-23
14.695312,33,2179,2179,181,7,-25,-20,-23
14.699219,33,2179,2179,181,7,-25,-20,-23
14.703125,33,2179,2179,181,7,-25,-21,-24
14.707031,33,2179,2179,181,7,-25,-21,-23
14.710938,32,2179,2179,181,7,-25,-21,-24
14.714844,32,2179,2179,181,8,-25,-21,-23
14.718750,32,2179,2179,181,7,-25,-21,-23
14.722656,32,2179,2179,181,7,-25,-21,-23
14.726562,32,2179,2179,182,7,-25,-21,-23
14.730469,31,2179,2179,182,8,-25,-20,-23
14.734375,31,2179,2179,182,8,-25,-20,-23
14.738281,31,2179,2179,182,7,-25,-20,-23
14.742188,30,2179,2179,181,7,-25,-20,-23
14.746094,30,2179,2179,181,8,-25,-20,-23
14.750000,30,2179,2179,181,8,-25,-20,-23
14.753906,30,2179,2179,180,8,-25,-20,-23
14.757812,30,2179,2179,180,7,-25,-20,-23
14.761719,29,2179,2179,181,7,-25,-20,-23
14.765625,29,2179,2179,181,8,-25,-21,-23
14.769531,30,2179,2179,181,7,-25,-21,-23
14.773438,30,2179,2179,180,7,-25,-20,-23
14.777344,30,2179,2179,180,7,-25,-20,-23
14.781250,30,2179,2179,181,7,-25,-20,-23
14.785156,31,2179,2179,180,7,-25,-20,-23
14.789062,31,2179,2179,180,7,-25,-20,-23
14.792969,31,2179,2179,180,7,-25,-20,-23
14.796875,31,2179,2179,180,7,-25,-21,-23
14.800781,31,2179,2179,180,7,-25,-21,-23
14.804688,31,2179,2179,180,7,-25,-21,-23
14.808594,32,2179,2179,180,7,-25,-21,-23
14.812500,31,2179,2179,181,7,-25,-21,-23
14.816406,31,2179,2179,181,7,-25,-21,-23
14.820312,32,2179,2179,181,7,-25,-21,-23
14.824219,32,2179,2179,181,7,-25,-21,-23
14.828125,32,2179,2179,181,7,-25,-21,-23
14.832031,32,2179,2179,182,8,-25,-21,-23
14.835938,32,2179,2179,182,7,-25,-21,-23
14.839844,32,2179,2179,182,7,-25,-20,-23
14.843750,32,2179,2179,181,7,-25,-21,-23
14.847656,32,2179,2179,181,7,-25,-21,-23
14.851562,32,2179,2179,181,8,-25,-21,-23
14.855469,33,2179,2179,181,7,-25,-20,-23
14.859375,33,2179,2179,181,7,-25,-20,-23
14.863281,32,2179,2179,181,8,-25,-20,-23
14.867188,32,2179,2179,182,8,-25,-20,-23
14.871094,33,2179,2179,182,8,-25,-20,-23
14.875000,33,2179,2179,182,7,-25,-20,-23
14.878906,33,2179,2179,182,7,-25,-20,-23
14.882812,33,2179,2179,182,8,-25,-20,-23
14.886719,33,2179,2179,182,8,-25,-20,-23
14.890625,33,2179,2179,182,7,-25,-20,-23
14.894531,33,2179,2179,182,7,-25,-21,-23
14.898438,33,2179,2179,182,8,-25,-21,-24
14.902344,33,2179,2179,183,8,-25,-21,-23
14.906250,32,2179,2179,183,7,-25,-21,-23
14.910156,32,2179,2179,183,7,-25,-21,-23
14.914062,31,2179,2179,183,8,-25,-21,-23
14.917969,31,2179,2179,183,8,-25,-21,-23
14.921875,31,2179,2179,183,7,-25,-21,-23
14.925781,31,2179,2179,183,7,-25,-21,-23
14.929688,31,2179,2179,183,8,-25,-20,-23
14.933594,30,2179,2179,183,8,-25,-21,-23
14.937500,31,2179,2179,182,7,-25,-21,-23
14.941406,30,2179,2179,183,7,-25,-21,-23
14.945312,30,2179,2179,182,7,-25,-21,-23
14.949219,30,2179,2179,183,7,-25,-21,-23
14.953125,30,2179,2179,183,7,-25,-20,-23
14.957031,31,2179,2179,182,7,-25,-20,-23
14.960938,30,2179,2179,183,7,-25,-21,-23
14.964844,30,2179,2179,183,7,-25,-21,-23
14.968750,31,2179,2179,183,7,-25,-21,-23
14.972656,31,2179,2179,182,7,-25,-21,-23
14.976562,31,2179,2179,182,7,-25,-21,-23
14.980469,31,2179,2179,183,7,-25,-20,-23
14.984375,31,2179,2179,182,7,-25,-21,-23
14.988281,32,2179,2179,182,7,-25,-21,-23
14.992188,31,2179,2179,182,7,-25,-21,-23
14.996094,31,2179,2179,182,7,-25,-21,-23
15.000000,31,2179,2179,182,7,-25,-21,-23
15.003906,32,2179,2179,181,7,-25,-21,-23
15.007812,32,2179,2179,181,7,-25,-21,-23
15.011719,31,2179,2179,181,7,-25,-21,-23
15.015625,31,2179,2179,182,7,-25,-21,-23
15.019531,32,2179,2179,182,8,-25,-21,-23
15.023438,32,2179,2179,182,7,-25,-21,-23
15.027344,31,2179,2179,182,7,-25,-21,-23
15.031250,31,2179,2179,182,8,-25,-21,-23
15.035156,30,2179,2179,182,7,-25,-21,-23
15.039062,30,2179,2179,182,7,-25,-20,-23
15.042969,30,2179,2179,182,7,-25,-21,-23
15.046875,30,2179,2179,182,8,-25,-21,-23
15.050781,30,2179,2179,182,8,-25,-20,-23
15.054688,31,2179,2179,182,8,-25,-21,-23
15.058594,31,2179,2179,182,8,-25,-21,-23
15.062500,30,2179,2179,183,8,-25,-21,-23
15.066406,30,2179,2179,183,8,-25,-20,-23
15.070312,31,2179,2179,183,8,-25,-20,-23
15.074219,30,2179,2179,183,7,-25,-20,-23
15.078125,30,2179,2179,183,7,-25,-20,-23
15.082031,30,2179,2179,183,8,-25,-20,-23
15.085938,30,2179,2179,183,7,-25,-21,-23
15.089844,30,2179,2179,182,7,-25,-21,-23
15.093750,29,2179,2179,182,7,-25,-21,-23
15.097656,29,2179,2179,182,7,-25,-21,-23
15.101562,29,2179,2179,182,7,-25,-21,-23
15.105469,29,2179,2179,181,7,-25,-20,-23
15.109375,29,2179,2179,181,7,-25,-21,-23
15.113281,29,2179,2179,182,8,-25,-21,-23
15.117188,29,2179,2179,182,8,-25,-21,-23
15.121094,29,2179,2179,182,7,-25,-21,-23
15.125000,29,2179,2179,182,7,-25,-21,-23
15.128906,28,2179,2179,183,7,-25,-21,-23
15.132812,28,2179,2179,183,7,-25,-21,-23
15.136719,28,2179,2179,183,7,-25,-21,-23
15.140625,28,2179,2179,181,7,-25,-20,-23
15.144531,27,2179,2179,179,7,-25,-20,-23
15.148438,27,2179,2179,175,8,-25,-20,-23
15.152344,27,2179,2179,168,8,-25,-20,-23
15.156250,27,2179,2179,158,7,-25,-20,-23
15.160156,26,2179,2179,147,7,-25,-20,-23
15.164062,26,2179,2179,135,7,-25,-20,-23
15.167969,26,2179,2179,123,7,-25,-20,-23
15.171875,26,2179,2179,113,7,-25,-20,-23
15.175781,26,2179,2179,105,7,-25,-20,-23
15.179688,25,2179,2179,101,7,-25,-20,-23
15.183594,25,2179,2179,99,7,-25,-20,-23
15.187500,26,2179,2179,97,7,-25,-21,-23
15.191406,25,2179,2179,97,7,-25,-21,-23
15.195312,25,2179,2179,97,7,-25,-21,-23
15.199219,24,2179,2179,95,7,-25,-21,-23
15.203125,24,2179,2179,91,7,-25,-21,-23
15.207031,24,2179,2179,84,7,-25,-21,-23
15.210938,23,2179,2179,76,7,-25,-21,-24
15.214844,23,2179,2179,67,8,-25,-21,-24
15.218750,23,2179,2179,57,7,-25,-21,-23
15.222656,23,2179,2179,48,8,-25,-21,-23
15.226562,22,2179,2179,41,7,-25,-21,-23
15.230469,22,2179,2179,36,8,-25,-20,-23
15.234375,22,2179,2179,32,8,-25,-21,-23
15.238281,22,2179,2179,30,8,-25,-21,-23
15.242188,21,2179,2179,29,7,-25,-20,-23
15.246094,21,2179,2179,28,8,-25,-20,-23
15.250000,20,2179,2179,27,8,-25,-20,-23
15.253906,21,2179,2179,25,8,-25,-20,-23
15.257812,21,2179,2179,24,7,-25,-20,-23
15.261719,20,2179,2179,23,8,-25,-20,-23
15.265625,20,2179,2179,22,8,-25,-20,-23
15.269531,20,2179,2179,22,8,-25,-20,-23
15.273438,20,2179,2179,21,7,-25,-20,-23
15.277344,20,2179,2179,21,7,-25,-21,-23
15.281250,20,2179,2179,21,8,-25,-21,-23
15.285156,20,2179,2179,21,8,-25,-20,-23
15.289062,21,2179,2179,21,7,-25,-20,-23
15.292969,21,2179,2179,21,7,-25,-20,-24
15.296875,20,2179,2179,21,7,-25,-21,-23
15.300781,20,2179,2179,21,8,-25,-20,-23
15.304688,20,2179,2179,20,7,-25,-21,-23
15.308594,19,2179,2179,20,7,-25,-21,-23
15.312500,19,2179,2179,20,7,-25,-21,-23
15.316406,19,2179,2179,19,8,-25,-21,-23
15.320312,19,2179,2179,19,8,-25,-21,-23
15.324219,19,2179,2179,19,8,-25,-21,-23
15.328125,19,2179,2179,19,7,-25,-21,-23
15.332031,18,2179,2179,19,8,-25,-21,-23
15.335938,18,2179,2179,19,7,-25,-21,-23
15.339844,18,2179,2179,19,7,-25,-21,-23
15.343750,18,2179,2179,19,7,-25,-21,-23
15.347656,18,2179,2179,19,7,-25,-20,-23
15.351562,17,2179,2179,19,7,-25,-20,-23
15.355469,18,2179,2179,18,7,-25,-20,-23
15.359375,18,2179,2179,18,7,-25,-20,-23
15.363281,17,2179,2179,19,7,-25,-20,-23
15.367188,17,2179,2179,18,7,-25,-20,-23
15.371094,18,2179,2179,18,7,-25,-20,-23
15.375000,17,2179,2179,17,7,-25,-20,-23
15.378906,17,2179,2179,17,7,-25,-21,-23
15.382812,17,2179,2179,17,7,-25,-21,-23
15.386719,17,2179,2179,16,7,-25,-21,-23
15.390625,16,2179,2179,16,6,-25,-21,-23
15.394531,16,2179,2179,16,6,-25,-21,-23
15.398438,16,2179,2179,16,7,-25,-21,-23
15.402344,16,2179,2179,16,7,-25,-21,-23
15.406250,16,2179,2179,16,7,-25,-20,-23
15.410156,16,2179,2179,17,7,-25,-21,-23
15.414062,15,2179,2179,17,7,-25,-21,-23
15.417969,15,2179,2179,17,7,-25,-21,-23
15.421875,15,2179,2179,17,7,-25,-21,-23
15.425781,15,2179,2179,17,7,-25,-21,-23
15.429688,15,2179,2179,17,8,-25,-21,-23
15.433594,15,2179,2179,17,8,-26,-21,-23
15.437500,15,2179,2179,17,8,-25,-21,-23
15.441406,15,2179,2179,17,8,-25,-21,-23
15.445312,14,2179,2179,17,7,-25,-21,-23
15.449219,14,2179,2179,17,8,-25,-21,-23
15.453125,14,2179,2179,18,8,-25,-20,-23
15.457031,14,2179,2179,17,7,-25,-20,-23
15.460938,13,2179,2179,17,8,-25,-21,-23
15.464844,14,2179,2179,17,8,-25,-21,-23
15.468750,14,2179,2179,17,8,-25,-20,-23
15.472656,14,2179,2179,17,7,-25,-20,-23
15.476562,14,2179,2179,17,7,-25,-21,-23
15.480469,14,2179,2179,17,8,-25,-21,-23
15.484375,14,2179,2179,17,8,-25,-21,-23
15.488281,14,2179,2179,17,7,-25,-21,-23
15.492188,14,2179,2179,17,7,-25,-21,-23
15.496094,14,2179,2179,17,7,-25,-21,-23
15.500000,13,2179,2179,17,7,-25,-21,-23
15.503906,13,2179,2179,17,7,-25,-21,-23
15.507812,14,2179,2179,17,7,-25,-21,-23
15.511719,13,2179,2179,17,7,-25,-21,-23
15.515625,13,2179,2179,17,7,-25,-21,-23
15.519531,13,2179,2179,17,7,-25,-21,-24
15.523438,13,2179,2179,17,7,-25,-21,-23
15.527344,12,2179,2179,17,7,-25,-21,-23
15.531250,12,2179,2179,17,7,-25,-21,-23
15.535156,12,2179,2179,17,7,-25,-21,-23
15.539062,12,2179,2179,16,7,-25,-20,-23
15.542969,12,2179,2179,16,7,-25,-21,-23
15.546875,11,2179,2179,16,7,-25,-21,-23
15.550781,11,2179,2179,16,7,-25,-21,-23
15.554688,11,2179,2179,16,7,-25,-21,-23
15.558594,11,2179,2179,16,7,-25,-20,-23
15.562500,11,2179,2179,16,7,-25,-20,-23
15.566406,11,2179,2179,16,7,-25,-21,-23
15.570312,11,2179,2179,16,7,-25,-20,-23
15.574219,11,2179,2179,16,7,-25,-20,-23
15.578125,11,2179,2179,16,7,-25,-20,-23
15.582031,11,2179,2179,17,7,-25,-20,-23
15.585938,12,2179,2179,17,7,-25,-20,-23
15.589844,12,2179,2179,17,7,-25,-20,-23
15.593750,12,2179,2179,17,7,-25,-20,-23
15.597656,12,2179,2179,17,7,-25,-21,-23
15.601562,11,2179,2179,17,7,-25,-20,-23
15.605469,12,2179,2179,16,7,-25,-21,-23
15.609375,11,2179,2179,16,7,-25,-20,-23
15.613281,11,2179,2179,17,7,-25,-21,-23
15.617188,11,2179,2179,17,7,-25,-21,-23
15.621094,11,2179,2179,17,7,-25,-21,-23
15.625000,11,2179,2179,17,7,-25,-21,-23
15.628906,10,2179,2179,17,7,-25,-21,-23
15.632812,10,2179,2179,17,7,-25,-21,-23
15.636719,10,2179,2179,17,7,-25,-21,-23
15.640625,10,2179,2179,17,7,-25,-21,-23
15.644531,10,2179,2179,17,7,-25,-21,-23
15.648438,9,2179,2179,17,8,-25,-21,-23
15.652344,9,2179,2179,17,8,-25,-21,-23
15.656250,9,2179,2179,17,7,-25,-21,-23
15.660156,9,2179,2179,17,7,-25,-20,-23
15.664062,9,2179,2179,17,7,-25,-20,-23
15.667969,9,2179,2179,17,7,-25,-20,-23
15.671875,9,2179,2179,17,7,-25,-20,-23
15.675781,10,2179,2179,17,7,-25,-21,-23
15.679688,9,2179,2179,17,7,-25,-20,-23
15.683594,9,2179,2179,17,7,-25,-21,-23
15.687500,10,2179,2179,17,7,-25,-21,-23
15.691406,10,2179,2179,17,7,-25,-21,-23
15.695312,9,2179,2179,16,7,-25,-21,-23
15.699219,9,2179,2179,17,7,-25,-21,-23
15.703125,9,2179,2179,17,7,-25,-21,-23
15.707031,9,2179,2179,17,7,-25,-21,-23
15.710938,9,2179,2179,17,7,-25,-21,-23
15.714844,9,2179,2179,17,7,-25,-21,-23
15.718750,9,2179,2179,17,7,-25,-21,-23
15.722656,9,2179,2179,17,7,-25,-21,-23
15.726562,9,2179,2179,17,7,-25,-21,-23
15.730469,9,2179,2179,17,8,-25,-22,-23
15.734375,9,2179,2179,17,7,-25,-21,-23
15.738281,10,2179,2179,17,7,-25,-21,-23
15.742188,10,2179,2179,17,7,-25,-21,-23
15.746094,10,2179,2179,17,8,-25,-21,-23
15.750000,10,2179,2179,17,8,-25,-21,-23
15.753906,10,2179,2179,17,7,-25,-20,-23
15.757812,10,2179,2179,17,7,-25,-20,-23
15.761719,10,2179,2179,17,7,-25,-20,-23
15.765625,10,2179,2179,17,8,-25,-21,-23
15.769531,10,2179,2179,17,8,-25,-20,-23
15.773438,10,2179,2179,17,7,-25,-20,-23
15.777344,10,2179,2179,17,7,-25,-21,-23
15.781250,10,2179,2179,17,8,-25,-21,-23
15.785156,10,2179,2179,17,7,-25,-21,-23
15.789062,10,2179,2179,16,7,-25,-20,-23
15.792969,10,2179,2179,16,7,-25,-20,-23
15.796875,10,2179,2179,17,7,-25,-21,-23
15.800781,10,2179,2179,17,7,-25,-21,-24
15.804688,11,2179,2179,16,7,-25,-21,-23
15.808594,10,2179,2179,16,7,-25,-21,-23
15.812500,10,2179,2179,17,7,-25,-21,-23
15.816406,10,2179,2179,17,7,-25,-21,-23
15.820312,10,2179,2179,16,7,-25,-21,-23
15.824219,9,2179,2179,16,7,-25,-21,-23
15.828125,9,2179,2179,16,7,-25,-21,-23
15.832031,9,2179,2179,17,7,-25,-21,-23
15.835938,9,2179,2179,17,7,-25,-21,-23
15.839844,8,2179,2179,17,7,-25,-21,-23
15.843750,8,2179,2179,17,7,-25,-21,-23
15.847656,8,2179,2179,17,7,-25,-21,-23
15.851562,7,2179,2179,17,8,-25,-21,-23
15.855469,7,2179,2179,17,7,-25,-22,-23
15.859375,7,2179,2179,17,8,-25,-21,-23
15.863281,7,2179,2179,17,8,-25,-21,-23
15.867188,7,2179,2179,17,8,-25,-21,-23
15.871094,7,2179,2179,17,8,-25,-21,-23
15.875000,7,2179,2179,17,7,-25,-21,-23
15.878906,7,2179,2179,17,8,-25,-21,-23
15.882812,7,2179,2179,17,8,-25,-20,-23
15.886719,7,2179,2179,17,8,-25,-21,-23
15.890625,7,2179,2179,17,8,-25,-20,-23
15.894531,7,2179,2179,17,7,-25,-20,-23
15.898438,7,2179,2179,17,8,-25,-21,-23
15.902344,7,2179,2179,17,8,-25,-21,-23
15.906250,7,2179,2179,17,7,-25,-21,-23
15.910156,6,2179,2179,17,7,-25,-21,-23
15.914062,6,2179,2179,17,8,-25,-21,-23
15.917969,6,2179,2179,17,8,-25,-21,-23
15.921875,6,2179,2179,17,7,-25,-21,-23
15.925781,6,2179,2179,17,7,-25,-21,-23
15.929688,6,2179,2179,17,7,-25,-21,-23
15.933594,6,2179,2179,17,7,-25,-21,-23
15.937500,7,2179,2179,17,7,-25,-21,-23
15.941406,7,2179,2179,17,7,-25,-21,-23
15.945312,6,2179,2179,16,7,-25,-21,-23
15.949219,6,2179,2179,17,7,-25,-21,-23
15.953125,7,2179,2179,17,7,-25,-21,-23
15.957031,7,2179,2179,16,7,-25,-21,-23
15.960938,7,2179,2179,16,7,-25,-21,-23
15.964844,6,2179,2179,17,7,-25,-21,-23
15.968750,7,2179,2179,17,7,-25,-20,-23
15.972656,7,2179,2179,17,7,-25,-21,-23
15.976562,7,2179,2179,16,7,-25,-20,-23
15.980469,7,2179,2179,17,7,-25,-22,-23
15.984375,7,2179,2179,17,7,-25,-20,-23
15.988281,7,2179,2179,16,7,-25,-20,-23
15.992188,7,2179,2179,16,7,-25,-21,-23
15.996094,7,2179,2179,17,7,-25,-20,-23
16.000000,7,2179,2179,17,7,-25,-21,-23
16.003906,7,2179,2179,16,7,-25,-21,-23
16.007812,8,2179,2179,16,7,-25,-21,-23
16.011719,7,2179,2179,16,7,-25,-21,-23
16.015625,8,2179,2179,17,7,-25,-21,-23
16.019531,8,2179,2179,17,7,-25,-21,-23
16.023438,8,2179,2179,16,7,-25,-21,-23
16.027344,8,2179,2179,17,7,-25,-21,-23
16.031250,8,2179,2179,17,8,-25,-21,-23
16.035156,9,2179,2179,17,8,-25,-20,-23
16.039062,9,2179,2179,17,7,-25,-20,-24
16.042969,9,2179,2179,17,7,-25,-21,-23
16.046875,9,2179,2179,17,8,-25,-20,-23
16.050781,9,2179,2179,17,8,-25,-20,-23
16.054688,9,2179,2179,17,7,-25,-20,-23
16.058594,9,2179,2179,17,8,-25,-20,-23
16.062500,9,2179,2179,17,8,-25,-20,-23
16.066406,9,2179,2179,17,8,-25,-20,-23
16.070312,9,2179,2179,17,8,-25,-21,-23
16.074219,10,2179,2179,17,8,-25,-21,-23
16.078125,9,2179,2179,17,8,-25,-21,-23
16.082031,9,2179,2179,17,8,-25,-21,-23
16.085938,10,2179,2179,17,8,-25,-20,-23
16.089844,9,2179,2179,17,7,-25,-20,-23
16.093750,9,2179,2179,17,7,-25,-20,-23
16.097656,9,2179,2179,17,7,-25,-20,-23
16.101562,9,2179,2179,17,7,-25,-20,-23
16.105469,10,2179,2179,16,7,-25,-20,-23
16.109375,10,2179,2179,16,7,-25,-21,-23
16.113281,9,2179,2179,17,7,-25,-21,-23
16.117188,9,2179,2179,17,7,-25,-21,-23
16.121094,10,2179,2179,17,7,-25,-21,-23
16.125000,10,2179,2179,16,7,-25,-21,-23
16.128906,9,2179,2179,17,7,-25,-21,-23
16.132812,9,2179,2179,17,7,-25,-21,-23
16.136719,9,2179,2179,17,7,-25,-21,-23
16.140625,9,2179,2179,17,7,-25,-21,-23
16.144531,9,2179,2179,17,7,-25,-21,-23
16.148438,9,2179,2179,17,7,-25,-21,-23
16.152344,8,2179,2179,17,7,-25,-21,-23
16.156250,9,2179,2179,17,7,-25,-21,-23
16.160156,8,2179,2179,17,7,-25,-21,-23
16.164062,8,2179,2179,17,7,-25,-21,-23
16.167969,9,2179,2179,17,7,-25,-21,-23
16.171875,9,2179,2179,17,7,-25,-21,-23
16.175781,9,2179,2179,16,7,-25,-21,-23
16.179688,9,2179,2179,17,7,-25,-20,-23
16.183594,9,2179,2179,17,7,-25,-21,-23
16.187500,9,2179,2179,17,7,-25,-20,-23
16.191406,9,2179,2179,17,7,-25,-20,-23
16.195312,9,2179,2179,16,7,-25,-20,-23
16.199219,9,2179,2179,17,7,-25,-20,-23
16.203125,9,2179,2179,17,7,-25,-20,-23
16.207031,10,2179,2179,17,7,-25,-21,-23
16.210938,9,2179,2179,17,7,-25,-21,-23
16.214844,9,2179,2179,17,7,-25,-21,-23
16.218750,10,2179,2179,17,7,-25,-21,-23
16.222656,10,2179,2179,17,7,-25,-21,-22
16.226562,11,2179,2179,16,7,-25,-21,-23
16.230469,11,2179,2179,17,7,-25,-21,-23
16.234375,11,2179,2179,17,7,-25,-21,-23
16.238281,11,2179,2179,17,7,-25,-21,-23
16.242188,12,2179,2179,17,7,-25,-21,-23
16.246094,11,2179,2179,17,7,-25,-21,-23
16.250000,11,2179,2179,17,7,-25,-21,-23
16.253906,11,2179,2179,16,7,-25,-21,-23
16.257812,12,2179,2179,16,7,-25,-20,-23
16.261719,11,2179,2179,16,7,-25,-20,-23
16.265625,11,2179,2179,16,7,-25,-20,-23
16.269531,12,2179,2179,16,8,-25,-20,-23
16.273438,12,2179,2179,16,7,-25,-20,-23
16.277344,12,2179,2179,16,7,-25,-21,-23
16.281250,12,2179,2179,17,8,-25,-21,-23
16.285156,13,2179,2179,17,8,-25,-21,-23
16.289062,13,2179,2179,17,8,-25,-20,-23
16.292969,13,2179,2179,17,7,-25,-21,-23
16.296875,13,2179,2179,17,8,-25,-20,-23
16.300781,13,2179,2179,17,8,-25,-20,-23
16.304688,14,2179,2179,17,7,-25,-20,-23
16.308594,14,2179,2179,17,7,-25,-21,-23
16.312500,14,2179,2179,17,7,-25,-21,-23
16.316406,14,2179,2179,17,7,-25,-21,-23
16.320312,15,2179,2179,16,7,-25,-21,-23
16.324219,15,2179,2179,17,7,-25,-21,-23
16.328125,14,2179,2179,17,7,-25,-21,-23
16.332031,14,2179,2179,17,8,-25,-21,-23
16.335938,15,2179,2179,17,7,-25,-21,-23
16.339844,15,2179,2179,17,7,-25,-21,-23
16.343750,15,2179,2179,17,7,-25,-21,-23
16.347656,15,2179,2179,17,7,-25,-21,-23
16.351562,15,2179,2179,17,7,-25,-21,-23
16.355469,15,2179,2179,16,7,-25,-21,-23
16.359375,16,2179,2179,16,7,-25,-21,-23
16.363281,15,2179,2179,17,7,-25,-21,-23
16.367188,16,2179,2179,17,7,-25,-21,-23
16.371094,16,2179,2179,16,7,-25,-21,-23
16.375000,16,2179,2179,16,6,-25,-21,-23
16.378906,16,2179,2179,17,7,-25,-21,-23
16.382812,16,2179,2179,17,7,-25,-21,-23
16.386719,17,2179,2179,17,7,-25,-21,-23
16.390625,17,2179,2179,16,7,-25,-20,-23
16.394531,17,2179,2179,16,7,-25,-21,-23
16.398438,17,2179,2179,17,7,-25,-21,-23
16.402344,17,2179,2179,17,7,-25,-21,-23
16.406250,17,2179,2179,16,7,-25,-21,-23
16.410156,17,2179,2179,17,7,-25,-21,-23
16.414062,17,2179,2179,17,7,-25,-21,-23
16.417969,17,2179,2179,17,7,-25,-21,-23
16.421875,17,2179,2179,17,7,-25,-21,-23
16.425781,17,2179,2179,17,7,-25,-21,-23
16.429688,16,2179,2179,17,8,-25,-21,-23
16.433594,16,2179,2179,17,8,-25,-21,-23
16.437500,17,2179,2179,17,8,-25,-21,-23
16.441406,17,2179,2179,17,8,-25,-21,-23
16.445312,16,2179,2179,16,8,-25,-21,-23
16.449219,17,2179,2179,17,8,-25,-21,-23
16.453125,17,2179,2179,17,8,-25,-21,-23
16.457031,17,2179,2179,17,8,-25,-21,-23
16.460938,17,2179,2179,17,8,-25,-21,-23
16.464844,16,2179,2179,17,8,-25,-20,-23
16.468750,17,2179,2179,17,8,-25,-20,-23
16.472656,17,2179,2179,17,8,-25,-20,-22
16.476562,17,2179,2179,17,7,-25,-20,-23
16.480469,17,2179,2179,17,8,-25,-20,-23
16.484375,18,2179,2179,17,8,-25,-20,-23
16.488281,18,2179,2179,17,7,-25,-20,-23
16.492188,18,2179,2179,17,7,-25,-21,-23
16.496094,18,2179,2179,17,8,-25,-21,-23
16.500000,18,2179,2179,17,8,-25,-21,-23
16.503906,18,2179,2179,17,7,-25,-20,-23
16.507812,18,2179,2179,17,7,-25,-21,-23
16.511719,18,2179,2179,17,7,-25,-21,-23
16.515625,18,2179,2179,17,7,-25,-21,-23
16.519531,18,2179,2179,17,7,-25,-21,-23
16.523438,18,2179,2179,16,7,-25,-21,-23
16.527344,18,2179,2179,16,7,-25,-21,-23
16.531250,18,2179,2179,17,7,-25,-21,-23
16.535156,18,2179,2179,17,7,-25,-21,-23
16.539062,18,2179,2179,16,7,-25,-21,-23
16.542969,18,2179,2179,16,7,-25,-21,-23
16.546875,18,2179,2179,17,7,-25,-21,-23
16.550781,17,2179,2179,17,7,-25,-21,-23
16.554688,17,2179,2179,16,7,-25,-21,-23
16.558594,17,2179,2179,16,7,-25,-21,-23
16.562500,17,2179,2179,17,7,-25,-21,-23
16.566406,17,2179,2179,17,7,-25,-21,-23
16.570312,17,2179,2179,16,8,-25,-20,-23
16.574219,17,2179,2179,17,7,-25,-20,-23
16.578125,17,2179,2179,17,7,-25,-20,-23
16.582031,17,2179,2179,17,7,-25,-21,-23
16.585938,17,2179,2179,17,7,-25,-21,-23
16.589844,17,2179,2179,17,7,-25,-21,-23
16.593750,17,2179,2179,17,7,-25,-21,-23
16.597656,18,2179,2179,17,7,-25,-21,-23
16.601562,18,2179,2179,17,7,-25,-21,-23
16.605469,18,2179,2179,16,7,-25,-20,-23
16.609375,18,2179,2179,16,7,-25,-20,-23
16.613281,18,2179,2179,17,7,-25,-21,-23
16.617188,18,2179,2179,17,7,-25,-21,-23
16.621094,19,2179,2179,16,7,-25,-21,-23
16.625000,19,2179,2179,16,7,-25,-21,-23
16.628906,19,2179,2179,17,7,-25,-21,-23
16.632812,19,2179,2179,17,7,-25,-21,-23
16.636719,20,2179,2179,17,7,-25,-21,-23
16.640625,20,2179,2179,17,7,-25,-21,-23
16.644531,20,2179,2179,17,7,-25,-21,-23
16.648438,20,2179,2179,17,7,-25,-21,-23
16.652344,20,2179,2179,17,7,-25,-21,-23
16.656250,20,2179,2179,17,7,-25,-21,-23
16.660156,20,2179,2179,17,7,-25,-21,-23
16.664062,20,2179,2179,17,8,-25,-21,-23
16.667969,20,2179,2179,17,7,-25,-21,-23
16.671875,21,2179,2179,17,7,-25,-20,-23
16.675781,21,2179,2179,16,7,-25,-20,-23
16.679688,21,2179,2179,17,8,-25,-20,-23
16.683594,22,2179,2179,16,8,-25,-20,-23
16.687500,22,2179,2179,16,7,-25,-20,-23
16.691406,22,2179,2179,16,7,-25,-20,-23
16.695312,22,2179,2179,15,7,-25,-20,-23
16.699219,22,2179,2179,16,8,-25,-20,-23
16.703125,22,2179,2179,17,7,-25,-20,-23
16.707031,22,2179,2179,16,7,-25,-20,-23
16.710938,22,2179,2179,17,7,-25,-20,-23
16.714844,22,2179,2179,17,7,-25,-21,-23
16.718750,23,2179,2179,17,7,-25,-21,-23
16.722656,23,2179,2179,17,7,-25,-21,-22
16.726562,23,2179,2179,16,7,-25,-21,-23
16.730469,23,2179,2179,17,7,-25,-21,-23
16.734375,22,2179,2179,17,7,-25,-21,-23
16.738281,23,2179,2179,16,7,-25,-21,-23
16.742188,22,2179,2179,16,7,-25,-21,-23
16.746094,22,2179,2179,17,7,-25,-21,-23
16.750000,22,2179,2179,17,7,-25,-21,-23
16.753906,22,2179,2179,17,7,-25,-21,-23
16.757812,22,2179,2179,17,7,-25,-21,-23
16.761719,22,2179,2179,17,7,-25,-21,-23
16.765625,22,2179,2179,17,8,-25,-21,-23
16.769531,22,2179,2179,17,8,-25,-21,-23
16.773438,22,2179,2179,17,7,-25,-20,-23
16.777344,22,2179,2179,17,7,-25,-20,-23
16.781250,22,2179,2179,17,7,-25,-20,-23
16.785156,22,2179,2179,17,7,-25,-20,-23
16.789062,23,2179,2179,17,7,-25,-20,-23
16.792969,23,2179,2179,17,7,-25,-20,-23
16.796875,23,2179,2179,17,7,-25,-21,-23
16.800781,24,2179,2179,17,7,-25,-21,-23
16.804688,24,2179,2179,17,7,-25,-21,-23
16.808594,24,2179,2179,17,7,-25,-21,-23
16.812500,24,2179,2179,17,7,-25,-20,-23
16.816406,24,2179,2179,17,7,-25,-21,-23
16.820312,25,2179,2179,16,7,-25,-21,-23
16.824219,25,2179,2179,16,7,-25,-21,-23
16.828125,24,2179,2179,16,7,-25,-21,-23
16.832031,25,2179,2179,17,7,-25,-21,-23
16.835938,25,2179,2179,17,7,-25,-21,-23
16.839844,26,2179,2179,17,7,-25,-20,-23
16.843750,26,2179,2179,16,7,-25,-20,-23
16.847656,26,2179,2179,17,7,-25,-20,-23
16.851562,27,2179,2179,17,8,-25,-20,-23
16.855469,27,2179,2179,17,7,-25,-21,-23
16.859375,27,2179,2179,17,7,-25,-21,-23
16.863281,27,2179,2179,17,8,-25,-21,-23
16.867188,27,2179,2179,17,8,-25,-21,-23
16.871094,27,2179,2179,17,8,-25,-21,-23
16.875000,28,2179,2179,17,8,-25,-21,-23
16.878906,28,2179,2179,18,8,-25,-21,-23
16.882812,28,2179,2179,18,8,-25,-21,-23
16.886719,29,2179,2179,18,8,-25,-20,-23
16.890625,29,2179,2179,17,8,-25,-20,-23
16.894531,29,2179,2179,17,8,-25,-20,-23
16.898438,29,2179,2179,17,8,-25,-21,-23
16.902344,29,2179,2179,17,8,-25,-21,-23
16.906250,29,2179,2179,17,7,-25,-21,-23
16.910156,29,2179,2179,17,7,-25,-20,-23
16.914062,29,2179,2179,17,7,-25,-21,-23
16.917969,30,2179,2179,17,7,-25,-21,-23
16.921875,30,2179,2179,17,7,-25,-21,-23
16.925781,31,2179,2179,16,7,-25,-21,-23
16.929688,30,2179,2179,17,7,-25,-21,-23
16.933594,31,2179,2179,17,7,-25,-21,-23
16.937500,31,2179,2179,16,7,-25,-21,-23
16.941406,31,2179,2179,17,7,-25,-21,-24
16.945312,30,2179,2179,16,7,-25,-21,-23
16.949219,30,2179,2179,17,7,-25,-21,-23
16.953125,30,2179,2179,16,7,-25,-21,-23
16.957031,30,2179,2179,16,7,-25,-21,-23
16.960938,29,2179,2179,16,7,-25,-21,-23
16.964844,29,2179,2179,16,7,-25,-21,-23
16.968750,29,2179,2179,16,7,-25,-21,-23
16.972656,29,2179,2179,15,7,-25,-21,-23
16.976562,29,2179,2179,16,7,-25,-20,-23
16.980469,29,2179,2179,16,7,-25,-20,-23
16.984375,29,2179,2179,17,7,-25,-20,-23
16.988281,29,2179,2179,17,7,-25,-20,-23
16.992188,29,2179,2179,17,7,-25,-20,-23
16.996094,29,2179,2179,17,7,-25,-20,-23
17.000000,29,2179,2179,17,7,-25,-21,-23
17.003906,29,2179,2179,16,7,-25,-21,-23
17.007812,29,2179,2179,16,7,-25,-20,-23
17.011719,28,2179,2179,16,7,-25,-20,-23
17.015625,28,2179,2179,16,7,-25,-21,-23
17.019531,28,2179,2179,17,7,-25,-21,-23
17.023438,28,2179,2179,16,7,-25,-21,-23
17.027344,27,2179,2179,17,7,-25,-21,-23
17.031250,27,2179,2179,17,8,-25,-21,-23
17.035156,27,2179,2179,17,8,-25,-21,-23
17.039062,27,2179,2179,17,8,-25,-21,-23
17.042969,27,2179,2179,17,8,-25,-21,-23
17.046875,27,2179,2179,18,8,-25,-21,-23
17.050781,27,2179,2179,18,8,-25,-21,-23
17.054688,27,2179,2179,17,8,-25,-21,-23
17.058594,27,2179,2179,17,8,-25,-21,-23
17.062500,26,2179,2179,18,8,-25,-21,-23
17.066406,25,2179,2179,17,8,-25,-21,-23
17.070312,25,2179,2179,17,8,-25,-21,-23
17.074219,25,2179,2179,17,7,-25,-21,-23
17.078125,25,2179,2179,17,8,-25,-21,-23
17.082031,24,2179,2179,17,8,-25,-20,-23
17.085938,25,2179,2179,17,8,-25,-21,-23
17.089844,25,2179,2179,17,7,-25,-20,-23
17.093750,25,2179,2179,17,7,-25,-21,-23
17.097656,24,2179,2179,17,8,-25,-21,-24
17.101562,24,2179,2179,17,8,-25,-20,-23
17.105469,24,2179,2179,17,7,-25,-20,-23
17.109375,25,2179,2179,17,7,-25,-20,-23
17.113281,24,2179,2179,17,7,-25,-20,-23
17.117188,25,2179,2179,17,7,-25,-20,-23
17.121094,25,2179,2179,17,7,-25,-21,-23
17.125000,25,2179,2179,16,7,-25,-21,-23
17.128906,25,2179,2179,17,7,-25,-21,-23
17.132812,25,2179,2179,17,7,-25,-21,-23
17.136719,25,2179,2179,17,7,-25,-21,-23
17.140625,25,2179,2179,17,7,-25,-21,-23
17.144531,25,2179,2179,17,7,-25,-21,-23
17.148438,25,2179,2179,17,8,-25,-21,-23
17.152344,25,2179,2179,17,8,-25,-21,-23
17.156250,25,2179,2179,17,7,-25,-21,-23
17.160156,25,2179,2179,17,7,-25,-21,-23
17.164062,25,2179,2179,17,8,-25,-21,-23
17.167969,25,2179,2179,17,8,-25,-21,-23
17.171875,25,2179,2179,17,7,-25,-21,-23
17.175781,25,2179,2179,17,7,-25,-21,-23
17.179688,25,2179,2179,17,8,-25,-21,-23
17.183594,25,2179,2179,17,7,-25,-20,-23
17.187500,26,2179,2179,17,7,-25,-20,-23
17.191406,26,2179,2179,17,7,-25,-20,-23
17.195312,26,2179,2179,17,7,-25,-21,-23
17.199219,27,2179,2179,17,8,-25,-21,-23
17.203125,27,2179,2179,17,8,-25,-21,-23
17.207031,28,2179,2179,17,7,-25,-21,-23
17.210938,28,2179,2179,17,7,-25,-21,-23
17.214844,28,2179,2179,17,8,-25,-21,-23
17.218750,28,2179,2179,17,8,-25,-21,-23
17.222656,29,2179,2179,17,7,-25,-21,-24
17.226562,29,2179,2179,17,7,-25,-21,-23
17.230469,29,2179,2179,17,8,-25,-21,-23
17.234375,30,2179,2179,17,8,-25,-21,-23
17.238281,31,2179,2179,17,7,-25,-21,-23
17.242188,31,2179,2179,17,7,-25,-21,-23
17.246094,31,2179,2179,17,7,-25,-21,-23
17.250000,32,2179,2179,17,8,-25,-21,-23
17.253906,33,2179,2179,17,7,-25,-21,-23
17.257812,33,2179,2179,17,7,-25,-21,-23
17.261719,34,2179,2179,17,7,-25,-21,-23
17.265625,34,2179,2179,17,8,-25,-21,-23
17.269531,34,2179,2179,17,8,-25,-21,-23
17.273438,35,2179,2179,16,7,-25,-21,-23
17.277344,35,2179,2179,16,7,-25,-21,-23
17.281250,35,2179,2179,16,8,-25,-20,-23
17.285156,36,2179,2179,16,8,-25,-20,-23
17.289062,37,2179,2179,16,8,-25,-20,-23
17.292969,37,2179,2179,16,8,-25,-20,-23
17.296875,38,2179,2179,16,8,-25,-20,-23
17.300781,38,2179,2179,17,8,-25,-20,-23
17.304688,38,2179,2179,17,8,-25,-21,-23
17.308594,39,2179,2179,17,7,-25,-21,-23
17.312500,39,2179,2179,17,7,-25,-21,-23
17.316406,39,2179,2179,17,8,-25,-20,-23
17.320312,40,2179,2179,18,8,-25,-21,-23
17.324219,40,2179,2179,17,7,-25,-21,-23
17.328125,40,2179,2179,17,7,-25,-21,-23
17.332031,41,2179,2179,17,8,-25,-21,-23
17.335938,42,2179,2179,17,7,-25,-21,-23
17.339844,42,2179,2179,17,7,-25,-21,-23
17.343750,42,2179,2179,17,7,-25,-21,-23
17.347656,42,2179,2179,17,7,-25,-21,-25
17.351562,42,2179,2179,17,7,-25,-21,-23
17.355469,42,2179,2179,16,7,-25,-21,-23
17.359375,43,2179,2179,16,7,-25,-21,-23
17.363281,42,2179,2179,17,7,-25,-21,-23
17.367188,43,2179,2179,16,7,-25,-21,-23
17.371094,43,2179,2179,16,7,-25,-21,-23
17.375000,43,2179,2179,16,6,-25,-21,-23
17.378906,43,2179,2179,17,7,-25,-21,-23
17.382812,44,2179,2179,17,7,-25,-20,-23
17.386719,44,2179,2179,17,7,-25,-20,-23
17.390625,45,2179,2179,17,7,-25,-20,-23
17.394531,45,2179,2179,17,7,-25,-20,-23
17.398438,45,2179,2179,17,7,-25,-20,-23
17.402344,46,2179,2179,17,7,-25,-20,-23
17.406250,47,2179,2179,16,7,-25,-20,-23
17.410156,47,2179,2179,17,7,-25,-20,-23
17.414062,47,2179,2179,17,7,-25,-20,-23
17.417969,47,2179,2179,17,7,-25,-20,-23
17.421875,48,2179,2179,17,7,-25,-20,-23
17.425781,48,2179,2179,17,7,-25,-20,-23
17.429688,47,2179,2179,17,7,-25,-20,-23
17.433594,47,2179,2179,17,8,-25,-20,-23
17.437500,48,2179,2179,17,7,-25,-20,-23
17.441406,48,2179,2179,17,7,-25,-21,-23
17.445312,47,2179,2179,18,7,-25,-20,-23
17.449219,47,2179,2179,17,8,-25,-21,-23
17.453125,48,2179,2179,18,8,-25,-21,-23
17.457031,48,2179,2179,17,7,-25,-21,-23
17.460938,48,2179,2179,18,8,-25,-21,-23
17.464844,48,2179,2179,18,8,-25,-21,-23
17.468750,48,2179,2179,19,8,-25,-21,-23
17.472656,48,2179,2179,19,7,-25,-21,-24
17.476562,48,2179,2179,19,7,-25,-20,-23
17.480469,48,2179,2179,19,8,-25,-21,-23
17.484375,48,2179,2179,19,8,-25,-20,-23
17.488281,49,2179,2179,19,8,-25,-20,-23
17.492188,49,2179,2179,19,7,-25,-20,-23
17.496094,49,2179,2179,19,8,-25,-20,-23
17.500000,50,2179,2179,19,8,-25,-20,-23
17.503906,50,2179,2179,19,8,-25,-20,-23
17.507812,51,2179,2179,19,8,-25,-20,-23
17.511719,51,2179,2179,19,8,-25,-20,-23
17.515625,52,2179,2179,19,7,-25,-21,-23
17.519531,53,2179,2179,19,7,-25,-21,-23
17.523438,53,2179,2179,18,7,-25,-21,-23
17.527344,53,2179,2179,18,7,-25,-21,-23
17.531250,54,2179,2179,19,7,-25,-21,-23
17.535156,54,2179,2179,18,7,-25,-21,-23
17.539062,54,2179,2179,18,6,-25,-21,-24
17.542969,54,2179,2179,18,6,-25,-21,-23
17.546875,54,2179,2179,18,7,-25,-21,-23
17.550781,54,2179,2179,19,7,-25,-21,-23
17.554688,54,2179,2179,19,7,-25,-21,-23
17.558594,54,2179,2179,19,7,-25,-21,-23
17.562500,53,2179,2179,19,7,-25,-21,-23
17.566406,53,2179,2179,20,7,-25,-21,-23
17.570312,53,2179,2179,21,7,-25,-21,-23
17.574219,53,2179,2179,20,7,-25,-21,-23
17.578125,52,2179,2179,21,7,-25,-21,-23
17.582031,52,2179,2179,21,8,-25,-21,-23
17.585938,52,2179,2179,21,8,-25,-21,-23
17.589844,52,2179,2179,21,7,-25,-20,-23
17.593750,52,2179,2179,21,7,-25,-20,-23
17.597656,52,2179,2179,21,7,-25,-20,-23
17.601562,52,2179,2179,21,7,-25,-20,-23
17.605469,53,2179,2179,20,7,-25,-20,-23
17.609375,53,2179,2179,21,7,-25,-20,-23
17.613281,52,2179,2179,21,7,-25,-21,-23
17.617188,52,2179,2179,21,7,-25,-20,-23
17.621094,52,2179,2179,21,7,-25,-20,-23
17.625000,53,2179,2179,21,7,-25,-21,-23
17.628906,52,2179,2179,22,7,-25,-21,-23
17.632812,52,2179,2179,23,7,-25,-21,-23
17.636719,52,2179,2179,23,7,-25,-21,-23
17.640625,52,2179,2179,23,7,-25,-20,-23
17.644531,52,2179,2179,24,7,-25,-21,-23
17.648438,52,2179,2179,25,7,-25,-21,-23
17.652344,52,2179,2179,26,7,-25,-21,-23
17.656250,52,2179,2179,27,7,-25,-21,-23
17.660156,52,2179,2179,28,7,-25,-21,-23
17.664062,52,2179,2179,31,8,-25,-21,-23
17.667969,52,2179,2179,33,8,-25,-21,-23
17.671875,52,2179,2179,35,7,-25,-21,-23
17.675781,52,2179,2179,37,7,-25,-21,-23
17.679688,51,2179,2179,39,8,-25,-21,-23
17.683594,52,2179,2179,41,8,-25,-21,-23
17.687500,52,2179,2179,42,7,-25,-20,-23
17.691406,53,2179,2179,43,8,-25,-20,-23
17.695312,53,2179,2179,46,7,-25,-20,-23
17.699219,53,2179,2179,47,8,-25,-20,-23
17.703125,53,2179,2179,48,8,-25,-21,-23
17.707031,54,2179,2179,49,7,-25,-20,-23
17.710938,53,2179,2179,52,7,-25,-20,-23
17.714844,54,2179,2179,54,7,-25,-20,-23
17.718750,54,2179,2179,57,7,-25,-21,-23
17.722656,54,2179,2179,60,7,-25,-20,-23
17.726562,54,2179,2179,63,7,-25,-21,-23
17.730469,54,2179,2179,66,7,-25,-21,-23
17.734375,54,2179,2179,68,7,-25,-21,-23
17.738281,54,2179,2179,70,7,-25,-21,-23
17.742188,54,2179,2179,72,7,-25,-21,-23
17.746094,54,2179,2179,74,7,-25,-21,-23
17.750000,54,2179,2179,78,7,-25,-21,-23
17.753906,54,2179,2179,81,7,-25,-21,-23
17.757812,54,2179,2179,86,7,-25,-21,-23
17.761719,54,2179,2179,90,7,-25,-21,-23
17.765625,54,2179,2179,95,7,-25,-21,-23
17.769531,54,2179,2179,99,7,-25,-21,-23
17.773438,54,2179,2179,101,7,-25,-21,-23
17.777344,53,2179,2179,103,7,-25,-21,-23
17.781250,53,2179,2179,105,7,-25,-21,-23
17.785156,54,2179,2179,107,7,-25,-21,-23
17.789062,53,2179,2179,107,7,-25,-21,-23
17.792969,54,2179,2179,108,7,-25,-21,-23
17.796875,54,2179,2179,109,7,-25,-20,-23
17.800781,54,2179,2179,110,8,-25,-20,-23
17.804688,55,2179,2179,111,7,-25,-20,-23
17.808594,55,2179,2179,113,7,-25,-20,-23
17.812500,54,2179,2179,115,7,-25,-21,-23
17.816406,54,2179,2179,118,8,-25,-21,-23
17.820312,54,2179,2179,120,8,-25,-21,-23
17.824219,54,2179,2179,122,7,-25,-20,-23
17.828125,54,2179,2179,125,7,-25,-21,-23
17.832031,54,2179,2179,128,7,-25,-20,-23
17.835938,54,2179,2179,130,7,-25,-21,-23
17.839844,54,2179,2179,132,7,-25,-21,-23
17.843750,54,2179,2179,134,7,-25,-21,-23
17.847656,54,2179,2179,136,7,-25,-21,-23
17.851562,54,2179,2179,137,7,-25,-21,-23
17.855469,54,2179,2179,138,7,-25,-21,-23
17.859375,54,2179,2179,139,7,-25,-21,-23
17.863281,54,2179,2179,140,8,-25,-21,-23
17.867188,53,2179,2179,141,8,-25,-21,-23
17.871094,53,2179,2179,142,8,-25,-21,-23
17.875000,53,2179,2179,143,8,-25,-21,-23
17.878906,53,2179,2179,144,8,-25,-21,-23
17.882812,53,2179,2179,144,8,-25,-20,-23
17.886719,53,2179,2179,145,8,-25,-21,-23
17.890625,53,2179,2179,145,8,-25,-20,-23
17.894531,53,2179,2179,146,8,-25,-20,-23
17.898438,52,2179,2179,148,8,-25,-20,-23
17.902344,53,2179,2179,149,8,-25,-20,-23
17.906250,52,2179,2179,151,8,-25,-20,-23
17.910156,53,2179,2179,152,7,-25,-20,-23
17.914062,52,2179,2179,153,8,-25,-21,-23
17.917969,52,2179,2179,154,8,-25,-20,-23
17.921875,52,2179,2179,154,7,-25,-21,-23
17.925781,52,2179,2179,155,7,-25,-21,-23
17.929688,52,2179,2179,156,7,-25,-21,-23
17.933594,52,2179,2179,158,7,-25,-21,-23
17.937500,52,2179,2179,159,6,-25,-21,-23
17.941406,52,2179,2179,160,7,-25,-21,-23
17.945312,52,2179,2179,161,7,-25,-21,-23
17.949219,52,2179,2179,161,8,-25,-21,-23
17.953125,52,2179,2179,161,7,-25,-21,-24
17.957031,52,2179,2179,160,7,-25,-21,-23
17.960938,52,2179,2179,160,7,-25,-21,-23
17.964844,51,2179,2179,161,7,-25,-21,-23
17.968750,52,2179,2179,162,7,-25,-21,-24
17.972656,51,2179,2179,162,7,-25,-21,-23
17.976562,51,2179,2179,163,7,-25,-21,-24
17.980469,50,2179,2179,164,7,-25,-21,-23
17.984375,50,2179,2179,165,7,-25,-20,-23
17.988281,50,2179,2179,165,7,-25,-21,-23
17.992188,49,2179,2179,164,7,-25,-20,-23
17.996094,49,2179,2179,165,7,-25,-21,-23
18.000000,49,2179,2179,165,8,-25,-20,-23
18.003906,49,2179,2179,165,7,-25,-20,-23
18.007812,49,2179,2179,166,7,-25,-20,-23
18.011719,49,2179,2179,167,7,-25,-20,-23
18.015625,48,2179,2179,169,7,-25,-20,-23
18.019531,49,2179,2179,169,8,-25,-20,-23
18.023438,49,2179,2179,169,7,-25,-20,-23
18.027344,48,2179,2179,169,7,-25,-20,-23
18.031250,48,2179,2179,169,7,-25,-21,-23
18.035156,49,2179,2179,169,7,-25,-21,-23
18.039062,48,2179,2179,169,7,-25,-21,-23
18.042969,48,2179,2179,169,7,-25,-21,-23
18.046875,48,2179,2179,170,8,-25,-21,-23
18.050781,48,2179,2179,170,8,-25,-21,-23
18.054688,48,2179,2179,170,8,-25,-21,-23
18.058594,47,2179,2179,170,8,-25,-21,-23
18.062500,47,2179,2179,170,7,-25,-21,-23
18.066406,46,2179,2179,170,8,-25,-21,-23
18.070312,46,2179,2179,169,8,-25,-21,-24
18.074219,46,2179,2179,169,8,-25,-21,-23
18.078125,46,2179,2179,170,8,-25,-21,-23
18.082031,46,2179,2179,170,8,-25,-21,-23
18.085938,46,2179,2179,171,7,-25,-21,-23
18.089844,46,2179,2179,171,7,-25,-21,-23
18.093750,46,2179,2179,172,7,-25,-20,-23
18.097656,45,2179,2179,172,7,-25,-20,-23
18.101562,45,2179,2179,172,7,-25,-20,-23
18.105469,45,2179,2179,172,7,-25,-20,-23
18.109375,45,2179,2179,172,7,-25,-20,-23
18.113281,45,2179,2179,173,8,-25,-20,-23
18.117188,45,2179,2179,174,7,-25,-21,-23
18.121094,45,2179,2179,174,7,-25,-21,-23
18.125000,45,2179,2179,174,7,-25,-21,-23
18.128906,45,2179,2179,175,7,-25,-21,-23
18.132812,45,2179,2179,174,7,-25,-20,-23
18.136719,45,2179,2179,174,7,-25,-20,-24
18.140625,45,2179,2179,174,7,-25,-21,-23
18.144531,45,2179,2179,174,7,-25,-20,-23
18.148438,44,2179,2179,175,7,-25,-21,-23
18.152344,44,2179,2179,175,7,-25,-21,-23
18.156250,44,2179,2179,175,7,-25,-21,-23
18.160156,45,2179,2179,175,7,-25,-21,-23
18.164062,44,2179,2179,175,8,-25,-21,-23
18.167969,44,2179,2179,176,8,-25,-21,-24
18.171875,44,2179,2179,175,7,-25,-21,-24
18.175781,44,2179,2179,175,7,-26,-21,-24
18.179688,43,2179,2179,175,7,-26,-21,-23
18.183594,43,2179,2179,175,8,-25,-21,-23
18.187500,43,2179,2179,175,6,-25,-20,-23
18.191406,43,2179,2179,175,7,-25,-20,-23
18.195312,43,2179,2179,176,7,-25,-20,-23
18.199219,43,2179,2179,176,8,-25,-21,-23
18.203125,43,2179,2179,177,8,-25,-21,-23
18.207031,43,2179,2179,177,7,-25,-21,-23
18.210938,43,2179,2179,177,7,-25,-21,-23
18.214844,43,2179,2179,177,8,-25,-21,-23
18.218750,43,2179,2179,178,8,-25,-20,-23
18.222656,43,2179,2179,177,7,-25,-20,-23
18.226562,43,2179,2179,177,7,-25,-20,-23
18.230469,43,2179,2179,177,7,-25,-20,-23
18.234375,43,2179,2179,177,7,-25,-20,-23
18.238281,43,2179,2179,176,7,-25,-20,-23
18.242188,43,2179,2179,176,7,-25,-20,-23
18.246094,43,2179,2179,177,7,-25,-20,-23
18.250000,43,2179,2179,177,7,-25,-20,-23
18.253906,43,2179,2179,176,7,-25,-21,-23
18.257812,43,2179,2179,177,7,-25,-21,-23
18.261719,42,2179,2179,177,7,-26,-21,-23
18.265625,42,2179,2179,177,7,-25,-21,-23
18.269531,42,2179,2179,177,7,-25,-21,-23
18.273438,42,2179,2179,176,7,-25,-21,-23
18.277344,42,2179,2179,177,7,-25,-21,-23
18.281250,41,2179,2179,177,8,-25,-21,-23
18.285156,41,2179,2179,177,8,-25,-21,-23
18.289062,40,2179,2179,177,8,-25,-20,-23
18.292969,40,2179,2179,177,8,-25,-20,-23
18.296875,39,2179,2179,178,8,-25,-20,-23
18.300781,39,2179,2179,178,8,-25,-21,-23
18.304688,39,2179,2179,178,8,-24,-21,-23
18.308594,39,2179,2179,179,8,-25,-20,-23
18.312500,39,2179,2179,179,6,-25,-20,-23
18.316406,39,2179,2179,179,8,-25,-20,-23
18.320312,39,2179,2179,179,8,-25,-20,-23
18.324219,38,2179,2179,179,7,-25,-20,-23
18.328125,38,2179,2179,178,7,-25,-20,-23
18.332031,38,2179,2179,178,7,-25,-20,-23
18.335938,38,2179,2179,177,7,-25,-20,-23
18.339844,38,2179,2179,176,7,-25,-21,-23
18.343750,37,2179,2179,176,7,-25,-21,-24
18.347656,37,2179,2179,177,7,-25,-21,-24
18.351562,37,2179,2179,177,7,-25,-21,-24
18.355469,38,2179,2179,177,7,-25,-21,-24
18.359375,37,2179,2179,178,7,-25,-21,-24
18.363281,37,2179,2179,178,7,-25,-21,-23
18.367188,37,2179,2179,178,7,-25,-21,-23
18.371094,37,2179,2179,178,7,-25,-21,-24
18.375000,37,2179,2179,178,7,-25,-21,-23
18.378906,37,2179,2179,178,7,-25,-21,-23
18.382812,37,2179,2179,178,7,-25,-21,-23
18.386719,37,2179,2179,177,7,-25,-21,-23
18.390625,37,2179,2179,177,7,-25,-21,-23
18.394531,37,2179,2179,177,7,-25,-21,-23
18.398438,37,2179,2179,178,7,-25,-21,-23
18.402344,37,2179,2179,179,7,-25,-20,-23
18.406250,37,2179,2179,179,7,-25,-20,-23
18.410156,38,2179,2179,179,7,-25,-20,-23
18.414062,37,2179,2179,179,7,-25,-20,-23
18.417969,37,2179,2179,179,8,-25,-20,-23
18.421875,38,2179,2179,179,7,-25,-20,-23
18.425781,38,2179,2179,179,7,-25,-20,-23
18.429688,37,2179,2179,179,8,-25,-20,-23
18.433594,37,2179,2179,179,7,-25,-20,-23
18.437500,38,2179,2179,179,6,-25,-21,-23
18.441406,38,2179,2179,179,7,-25,-21,-23
18.445312,38,2179,2179,179,7,-25,-21,-23
18.449219,37,2179,2179,179,7,-25,-21,-23
18.453125,38,2179,2179,179,8,-25,-21,-23
18.457031,38,2179,2179,179,7,-25,-21,-23
18.460938,37,2179,2179,179,7,-25,-21,-23
18.464844,37,2179,2179,179,8,-25,-21,-23
18.468750,36,2179,2179,179,8,-25,-21,-23
18.472656,36,2179,2179,179,8,-25,-21,-23
18.476562,36,2179,2179,179,8,-25,-21,-23
18.480469,36,2179,2179,180,8,-25,-21,-23
18.484375,36,2179,2179,180,8,-25,-21,-23
18.488281,36,2179,2179,180,8,-25,-21,-23
18.492188,36,2179,2179,180,7,-25,-21,-23
18.496094,36,2179,2179,181,8,-25,-21,-23
18.500000,36,2179,2179,181,8,-25,-21,-23
18.503906,36,2179,2179,181,8,-25,-20,-23
18.507812,36,2179,2179,180,7,-25,-20,-23
18.511719,35,2179,2179,180,7,-25,-20,-23
18.515625,35,2179,2179,179,8,-25,-20,-23
18.519531,35,2179,2179,179,8,-25,-20,-23
18.523438,35,2179,2179,178,7,-25,-20,-23
18.527344,35,2179,2179,178,7,-25,-21,-23
18.531250,35,2179,2179,179,7,-25,-21,-23
18.535156,36,2179,2179,179,7,-25,-21,-23
18.539062,35,2179,2179,179,7,-25,-21,-23
18.542969,35,2179,2179,179,7,-25,-21,-23
18.546875,35,2179,2179,180,7,-25,-21,-23
18.550781,35,2179,2179,180,7,-25,-21,-24
18.554688,35,2179,2179,180,7,-24,-21,-23
18.558594,35,2179,2179,181,7,-25,-21,-24
18.562500,35,2179,2179,181,6,-25,-21,-23
18.566406,35,2179,2179,181,7,-25,-21,-23
18.570312,35,2179,2179,180,7,-25,-21,-23
18.574219,35,2179,2179,180,7,-25,-21,-23
18.578125,35,2179,2179,180,7,-25,-21,-23
18.582031,35,2179,2179,181,8,-25,-21,-23
18.585938,35,2179,2179,181,7,-25,-21,-23
18.589844,35,2179,2179,181,7,-25,-20,-23
18.593750,35,2179,2179,180,7,-25,-20,-23
18.597656,35,2179,2179,181,7,-25,-20,-23
18.601562,35,2179,2179,181,7,-25,-20,-23
18.605469,35,2179,2179,181,7,-25,-20,-23
18.609375,35,2179,2179,181,7,-25,-20,-23
18.613281,35,2179,2179,182,7,-25,-20,-23
18.617188,35,2179,2179,182,7,-25,-20,-23
18.621094,35,2179,2179,182,7,-25,-21,-23
18.625000,35,2179,2179,181,7,-25,-20,-23
18.628906,35,2179,2179,181,7,-25,-21,-23
18.632812,35,2179,2179,181,7,-25,-21,-23
18.636719,35,2179,2179,181,7,-25,-20,-23
18.640625,35,2179,2179,181,7,-25,-20,-23
18.644531,35,2179,2179,181,7,-25,-20,-23
18.648438,35,2179,2179,181,7,-25,-21,-23
18.652344,35,2179,2179,181,7,-25,-21,-23
18.656250,35,2179,2179,181,7,-25,-21,-23
18.660156,35,2179,2179,181,7,-25,-21,-23
18.664062,34,2179,2179,181,7,-25,-21,-23
18.667969,34,2179,2179,180,8,-25,-21,-23
18.671875,34,2179,2179,180,7,-25,-21,-23
18.675781,35,2179,2179,180,7,-25,-21,-23
18.679688,34,2179,2179,181,8,-26,-21,-23
18.683594,34,2179,2179,181,8,-25,-21,-23
18.687500,35,2179,2179,181,7,-25,-20,-23
18.691406,35,2179,2179,181,7,-25,-20,-23
18.695312,34,2179,2179,181,7,-25,-20,-23
18.699219,34,2179,2179,181,8,-25,-20,-23
18.703125,35,2179,2179,181,8,-25,-20,-23
18.707031,35,2179,2179,181,7,-25,-20,-23
18.710938,35,2179,2179,181,7,-25,-20,-23
18.714844,35,2179,2179,181,8,-25,-20,-23
18.718750,35,2179,2179,181,8,-25,-21,-23
18.722656,35,2179,2179,181,7,-25,-20,-23
18.726562,35,2179,2179,181,7,-25,-20,-23
18.730469,35,2179,2179,181,8,-25,-21,-23
18.734375,35,2179,2179,181,8,-25,-20,-23
18.738281,35,2179,2179,181,7,-25,-21,-23
18.742188,35,2179,2179,181,7,-25,-20,-23
18.746094,35,2179,2179,181,7,-25,-21,-23
18.750000,35,2179,2179,181,7,-25,-21,-23
18.753906,35,2179,2179,181,7,-25,-21,-23
18.757812,35,2179,2179,181,7,-25,-20,-23
18.761719,35,2179,2179,181,7,-25,-20,-23
18.765625,35,2179,2179,181,7,-25,-21,-23
18.769531,35,2179,2179,181,7,-25,-21,-23
18.773438,35,2179,2179,181,7,-25,-21,-23
18.777344,34,2179,2179,182,7,-25,-21,-23
18.781250,34,2179,2179,182,7,-25,-21,-23
18.785156,34,2179,2179,182,7,-25,-21,-23
18.789062,34,2179,2179,182,7,-25,-21,-23
18.792969,34,2179,2179,182,7,-25,-21,-23
18.796875,33,2179,2179,182,7,-25,-21,-23
18.800781,34,2179,2179,182,7,-25,-21,-23
18.804688,34,2179,2179,182,7,-24,-20,-23
18.808594,34,2179,2179,182,7,-25,-20,-23
18.812500,33,2179,2179,183,7,-25,-20,-23
18.816406,33,2179,2179,183,7,-25,-20,-23
18.820312,34,2179,2179,183,7,-25,-20,-23
18.824219,34,2179,2179,182,7,-25,-20,-23
18.828125,33,2179,2179,182,7,-25,-20,-23
18.832031,33,2179,2179,182,7,-25,-21,-23
18.835938,33,2179,2179,181,7,-25,-20,-23
18.839844,33,2179,2179,181,7,-25,-20,-23
18.843750,33,2179,2179,181,7,-25,-20,-23
18.847656,33,2179,2179,182,8,-25,-21,-23
18.851562,33,2179,2179,183,8,-25,-20,-23
18.855469,33,2179,2179,182,7,-25,-21,-23
18.859375,33,2179,2179,182,7,-25,-21,-23
18.863281,33,2179,2179,182,8,-25,-21,-23
18.867188,33,2179,2179,182,8,-25,-21,-23
18.871094,33,2179,2179,181,8,-25,-21,-23
18.875000,33,2179,2179,180,7,-25,-21,-23
18.878906,32,2179,2179,180,8,-25,-21,-23
18.882812,32,2179,2179,180,8,-25,-21,-23
18.886719,33,2179,2179,181,8,-25,-21,-23
18.890625,33,2179,2179,181,8,-25,-21,-23
18.894531,32,2179,2179,182,8,-25,-21,-23
18.898438,32,2179,2179,183,8,-25,-21,-23
18.902344,32,2179,2179,184,8,-25,-20,-23
18.906250,32,2179,2179,183,8,-25,-20,-23
18.910156,32,2179,2179,182,8,-25,-20,-23
18.914062,32,2179,2179,182,8,-25,-20,-23
18.917969,32,2179,2179,181,8,-25,-20,-23
18.921875,32,2179,2179,180,7,-25,-20,-23
18.925781,32,2179,2179,180,7,-25,-20,-23
18.929688,32,2179,2179,180,8,-26,-20,-23
18.933594,31,2179,2179,180,7,-25,-20,-23
18.937500,32,2179,2179,180,8,-25,-20,-23
18.941406,32,2179,2179,181,7,-25,-20,-23
18.945312,32,2179,2179,181,7,-25,-20,-23
18.949219,32,2179,2179,181,7,-25,-20,-23
18.953125,32,2179,2179,181,7,-25,-20,-23
18.957031,32,2179,2179,180,6,-25,-21,-23
18.960938,32,2179,2179,180,6,-25,-21,-23
18.964844,32,2179,2179,180,7,-25,-21,-23
18.968750,32,2179,2179,180,7,-25,-21,-23
18.972656,32,2179,2179,180,7,-25,-21,-23
18.976562,31,2179,2179,180,7,-25,-21,-24
18.980469,31,2179,2179,181,7,-25,-21,-24
18.984375,31,2179,2179,181,7,-25,-21,-23
18.988281,31,2179,2179,181,7,-25,-21,-23
18.992188,31,2179,2179,181,7,-25,-21,-23
18.996094,31,2179,2179,182,7,-25,-21,-23
19.000000,31,2179,2179,182,7,-25,-20,-23
19.003906,31,2179,2179,182,7,-25,-20,-23
19.007812,31,2179,2179,182,7,-25,-20,-23
19.011719,30,2179,2179,182,7,-25,-21,-23
19.015625,30,2179,2179,182,7,-25,-21,-23
19.019531,31,2179,2179,182,7,-25,-21,-23
19.023438,31,2179,2179,182,7,-25,-20,-23
19.027344,30,2179,2179,183,7,-25,-21,-23
19.031250,31,2179,2179,183,8,-25,-21,-23
19.035156,31,2179,2179,183,8,-25,-21,-23
19.039062,31,2179,2179,183,7,-25,-21,-23
19.042969,31,2179,2179,182,7,-25,-21,-23
19.046875,31,2179,2179,183,8,-25,-21,-23
19.050781,31,2179,2179,183,8,-25,-21,-23
19.054688,32,2179,2179,182,7,-23,-21,-23
19.058594,32,2179,2179,182,7,-25,-21,-23
19.062500,31,2179,2179,182,9,-25,-21,-23
19.066406,31,2179,2179,182,8,-25,-21,-23
19.070312,31,2179,2179,181,8,-25,-21,-23
19.074219,31,2179,2179,181,7,-25,-21,-23
19.078125,31,2179,2179,180,7,-25,-21,-23
19.082031,30,2179,2179,181,8,-25,-21,-23
19.085938,31,2179,2179,181,8,-25,-21,-23
19.089844,31,2179,2179,181,8,-25,-21,-23
19.093750,30,2179,2179,181,8,-25,-21,-23
19.097656,30,2179,2179,182,8,-25,-21,-23
19.101562,31,2179,2179,182,8,-25,-21,-23
19.105469,31,2179,2179,182,7,-25,-21,-23
19.109375,31,2179,2179,182,8,-25,-20,-23
19.113281,31,2179,2179,182,8,-25,-20,-23
19.117188,31,2179,2179,182,8,-25,-20,-23
19.121094,31,2179,2179,182,7,-25,-20,-23
19.125000,31,2179,2179,181,7,-25,-20,-23
19.128906,31,2179,2179,182,7,-25,-20,-23
19.132812,31,2179,2179,182,8,-25,-20,-23
19.136719,31,2179,2179,182,7,-25,-20,-23
19.140625,31,2179,2179,182,7,-25,-20,-23
19.144531,31,2179,2179,182,7,-25,-20,-23
19.148438,30,2179,2179,182,8,-25,-20,-23
19.152344,31,2179,2179,182,7,-25,-20,-23
19.156250,31,2179,2179,182,7,-25,-21,-23
19.160156,30,2179,2179,181,7,-25,-21,-23
19.164062,30,2179,2179,182,7,-25,-21,-23
19.167969,30,2179,2179,181,7,-25,-21,-23
19.171875,30,2179,2179,181,7,-25,-21,-23
19.175781,30,2179,2179,181,7,-25,-21,-23
19.179688,30,2179,2179,181,7,-27,-21,-23
19.183594,29,2179,2179,181,7,-25,-21,-23
19.187500,29,2179,2179,181,8,-25,-21,-23
19.191406,29,2179,2179,182,7,-25,-21,-23
19.195312,29,2179,2179,182,7,-25,-21,-23
19.199219,28,2179,2179,182,7,-25,-20,-23
19.203125,28,2179,2179,182,7,-25,-20,-23
19.207031,28,2179,2179,182,7,-25,-20,-23
19.210938,28,2179,2179,182,7,-25,-20,-23
19.214844,28,2179,2179,182,7,-25,-20,-23
19.218750,28,2179,2179,183,7,-25,-20,-23
19.222656,28,2179,2179,182,7,-25,-20,-23
19.226562,28,2179,2179,182,7,-25,-20,-23
19.230469,27,2179,2179,182,8,-25,-21,-23
19.234375,27,2179,2179,182,7,-25,-20,-23
19.238281,27,2179,2179,181,7,-25,-21,-23
19.242188,26,2179,2179,179,7,-25,-20,-23
19.246094,26,2179,2179,176,7,-25,-20,-23
19.250000,25,2179,2179,171,7,-25,-20,-23
19.253906,25,2179,2179,163,7,-25,-21,-23
19.257812,25,2179,2179,153,7,-25,-21,-23
19.261719,25,2179,2179,143,7,-25,-21,-23
19.265625,25,2179,2179,132,7,-25,-21,-23
19.269531,26,2179,2179,121,7,-25,-21,-23
19.273438,26,2179,2179,113,7,-25,-21,-23
19.277344,26,2179,2179,107,7,-25,-21,-23
19.281250,26,2179,2179,104,8,-25,-21,-23
19.285156,26,2179,2179,104,8,-25,-21,-23
19.289062,27,2179,2179,105,8,-25,-21,-23
19.292969,27,2179,2179,107,8,-25,-20,-23
19.296875,27,2179,2179,109,8,-25,-20,-23
19.300781,27,2179,2179,110,8,-25,-21,-23
19.304688,28,2179,2179,111,8,-22,-21,-23
19.308594,28,2179,2179,111,8,-25,-21,-23
19.312500,28,2179,2179,111,8,-25,-21,-23
19.316406,28,2179,2179,110,8,-25,-21,-23
19.320312,28,2179,2179,110,8,-25,-21,-23
19.324219,28,2179,2179,109,7,-25,-21,-23
19.328125,28,2179,2179,110,7,-25,-21,-23
19.332031,28,2179,2179,111,8,-25,-21,-23
19.335938,29,2179,2179,112,8,-25,-21,-23
19.339844,29,2179,2179,112,7,-25,-21,-23
19.343750,28,2179,2179,114,7,-25,-20,-23
19.347656,28,2179,2179,116,7,-25,-21,-23
19.351562,28,2179,2179,118,7,-25,-21,-23
19.355469,29,2179,2179,121,7,-25,-21,-23
19.359375,29,2179,2179,124,7,-25,-20,-23
19.363281,28,2179,2179,129,7,-25,-21,-23
19.367188,28,2179,2179,133,7,-25,-21,-24
19.371094,28,2179,2179,137,6,-25,-21,-24
19.375000,28,2179,2179,140,6,-25,-21,-24
19.378906,27,2179,2179,143,7,-25,-21,-24
19.382812,27,2179,2179,144,7,-25,-21,-23
19.386719,27,2179,2179,143,7,-25,-21,-23
19.390625,26,2179,2179,140,7,-25,-21,-23
19.394531,26,2179,2179,135,7,-25,-21,-23
19.398438,25,2179,2179,130,7,-25,-21,-23
19.402344,26,2179,2179,123,7,-25,-21,-23
19.406250,25,2179,2179,115,7,-25,-21,-23
19.410156,24,2179,2179,107,7,-25,-20,-23
19.414062,24,2179,2179,99,8,-25,-21,-23
19.417969,24,2179,2179,92,8,-25,-20,-23
19.421875,24,2179,2179,84,7,-25,-20,-23
19.425781,24,2179,2179,77,7,-25,-20,-23
19.429688,23,2179,2179,70,8,-28,-20,-23
19.433594,23,2179,2179,63,8,-25,-20,-23
19.437500,23,2179,2179,55,7,-25,-20,-23
19.441406,23,2179,2179,48,7,-25,-20,-23
19.445312,23,2179,2179,42,7,-25,-20,-23
19.449219,23,2179,2179,36,8,-25,-20,-23
19.453125,23,2179,2179,31,7,-25,-21,-23
19.457031,22,2179,2179,26,7,-25,-21,-23
19.460938,22,2179,2179,23,7,-25,-20,-24
19.464844,21,2179,2179,21,7,-25,-21,-23
19.468750,22,2179,2179,20,8,-25,-21,-23
19.472656,22,2179,2179,18,7,-25,-20,-23
19.476562,22,2179,2179,17,7,-25,-21,-23
19.480469,21,2179,2179,17,8,-25,-21,-23
19.484375,21,2179,2179,17,8,-25,-21,-23
19.488281,21,2179,2179,16,8,-25,-21,-23
19.492188,21,2179,2179,16,7,-25,-21,-23
19.496094,20,2179,2179,17,8,-25,-21,-23
19.500000,20,2179,2179,17,8,-25,-21,-23
19.503906,20,2179,2179,17,8,-25,-21,-23
19.507812,19,2179,2179,17,7,-25,-20,-23
19.511719,19,2179,2179,17,7,-25,-20,-23
19.515625,19,2179,2179,17,8,-25,-21,-23
19.519531,19,2179,2179,17,7,-25,-20,-23
19.523438,18,2179,2179,16,7,-25,-20,-23
19.527344,17,2179,2179,16,7,-25,-20,-23
19.531250,17,2179,2179,17,7,-25,-20,-23
19.535156,17,2179,2179,17,7,-25,-20,-23
19.539062,16,2179,2179,17,7,-25,-20,-23
19.542969,16,2179,2179,17,7,-25,-20,-23
19.546875,16,2179,2179,17,7,-25,-20,-23
19.550781,16,2179,2179,17,7,-25,-20,-23
19.554688,16,2179,2179,16,7,-21,-21,-23
19.558594,16,2179,2179,17,7,-25,-21,-24
19.562500,16,2179,2179,17,7,-25,-20,-23
19.566406,15,2179,2179,17,7,-25,-21,-24
19.570312,16,2179,2179,16,7,-25,-21,-23
19.574219,16,2179,2179,16,7,-25,-21,-23
19.578125,15,2179,2179,16,7,-25,-21,-24
19.582031,15,2179,2179,16,7,-25,-21,-24
19.585938,15,2179,2179,16,7,-25,-21,-23
19.589844,15,2179,2179,16,7,-25,-21,-23
19.593750,15,2179,2179,16,7,-25,-20,-23
19.597656,14,2179,2179,17,8,-25,-21,-24
19.601562,14,2179,2179,17,7,-25,-21,-23
19.605469,14,2179,2179,17,7,-25,-20,-23
19.609375,14,2179,2179,17,7,-25,-20,-23
19.613281,14,2179,2179,17,7,-25,-20,-23
19.617188,14,2179,2179,17,8,-25,-20,-23
19.621094,14,2179,2179,17,7,-25,-20,-23
19.625000,14,2179,2179,17,7,-25,-20,-23
19.628906,14,2179,2179,17,7,-25,-20,-23
19.632812,14,2179,2179,17,7,-25,-20,-23
19.636719,14,2179,2179,17,8,-25,-20,-23
19.640625,14,2179,2179,17,7,-25,-20,-23
19.644531,14,2179,2179,17,7,-25,-20,-23
19.648438,14,2179,2179,17,8,-25,-21,-23
19.652344,14,2179,2179,17,8,-25,-21,-23
19.656250,14,2179,2179,17,7,-25,-20,-23
19.660156,13,2179,2179,17,7,-25,-21,-23
19.664062,13,2179,2179,17,8,-25,-21,-23
19.667969,13,2179,2179,17,8,-25,-21,-23
19.671875,13,2179,2179,17,7,-25,-21,-24
19.675781,13,2179,2179,17,7,-25,-21,-23
19.679688,13,2179,2179,17,8,-29,-21,-24
19.683594,13,2179,2179,17,8,-25,-21,-23
19.687500,13,2179,2179,17,7,-25,-21,-23
19.691406,13,2179,2179,17,7,-25,-21,-23
19.695312,13,2179,2179,17,7,-25,-21,-23
19.699219,12,2179,2179,17,8,-25,-21,-23
19.703125,12,2179,2179,17,8,-25,-21,-23
19.707031,12,2179,2179,17,7,-25,-21,-23
19.710938,12,2179,2179,17,7,-25,-21,-23
19.714844,11,2179,2179,17,8,-25,-21,-23
19.718750,11,2179,2179,17,8,-25,-21,-23
19.722656,11,2179,2179,17,7,-25,-20,-23
19.726562,11,2179,2179,17,7,-25,-21,-23
19.730469,11,2179,2179,17,7,-25,-20,-23
19.734375,11,2179,2179,17,7,-25,-20,-23
19.738281,12,2179,2179,17,7,-25,-21,-23
19.742188,12,2179,2179,17,7,-25,-21,-23
19.746094,11,2179,2179,17,7,-25,-20,-23
19.750000,12,2179,2179,17,7,-25,-20,-23
19.753906,12,2179,2179,16,7,-25,-20,-23
19.757812,12,2179,2179,17,7,-25,-20,-23
19.761719,12,2179,2179,16,7,-25,-21,-23
19.765625,11,2179,2179,17,7,-25,-21,-23
19.769531,11,2179,2179,17,7,-25,-21,-23
19.773438,11,2179,2179,16,7,-25,-21,-23
19.777344,11,2179,2179,16,7,-25,-21,-23
19.781250,11,2179,2179,16,7,-25,-21,-23
19.785156,11,2179,2179,16,7,-25,-21,-23
19.789062,11,2179,2179,15,7,-25,-21,-23
19.792969,11,2179,2179,15,7,-25,-21,-23
19.796875,10,2179,2179,16,8,-25,-21,-23
19.800781,10,2179,2179,16,7,-25,-21,-23
19.804688,10,2179,2179,16,7,-19,-21,-23
19.808594,10,2179,2179,17,7,-25,-21,-23
19.812500,10,2179,2179,17,7,-25,-20,-23
19.816406,10,2179,2179,17,8,-25,-20,-23
19.820312,10,2179,2179,17,8,-25,-20,-23
19.824219,10,2179,2179,17,7,-25,-20,-23
19.828125,9,2179,2179,17,7,-25,-20,-23
19.832031,9,2179,2179,17,8,-25,-20,-23
19.835938,10,2179,2179,17,8,-25,-20,-23
19.839844,10,2179,2179,17,7,-25,-20,-23
19.843750,9,2179,2179,17,7,-25,-20,-23
19.847656,9,2179,2179,17,8,-25,-20,-23
19.851562,9,2179,2179,17,7,-25,-20,-23
19.855469,10,2179,2179,17,7,-25,-20,-23
19.859375,10,2179,2179,17,7,-25,-20,-23
19.863281,10,2179,2179,17,8,-25,-20,-23
19.867188,10,2179,2179,17,8,-25,-20,-23
19.871094,10,2179,2179,17,7,-25,-21,-23
19.875000,10,2179,2179,17,7,-25,-21,-23
19.878906,10,2179,2179,17,8,-25,-21,-23
19.882812,9,2179,2179,17,8,-25,-21,-24
19.886719,10,2179,2179,17,8,-25,-21,-24
19.890625,9,2179,2179,17,8,-25,-21,-24
19.894531,9,2179,2179,17,8,-25,-21,-23
19.898438,9,2179,2179,17,8,-25,-21,-23
19.902344,9,2179,2179,17,8,-25,-21,-23
19.906250,9,2179,2179,17,8,-25,-21,-23
19.910156,9,2179,2179,17,8,-25,-21,-23
19.914062,9,2179,2179,17,8,-25,-21,-23
19.917969,9,2179,2179,17,8,-25,-20,-23
19.921875,9,2179,2179,17,8,-25,-20,-23
19.925781,9,2179,2179,17,7,-25,-20,-23
19.929688,9,2179,2179,17,8,-31,-20,-23
19.933594,9,2179,2179,17,8,-25,-20,-23
19.937500,9,2179,2179,17,7,-25,-20,-23
19.941406,10,2179,2179,17,7,-25,-20,-23
19.945312,9,2179,2179,17,7,-25,-20,-23
19.949219,9,2179,2179,17,7,-25,-21,-23
19.953125,10,2179,2179,17,7,-25,-21,-23
19.957031,10,2179,2179,17,7,-25,-21,-23
19.960938,9,2179,2179,16,7,-25,-21,-23
19.964844,9,2179,2179,17,7,-25,-21,-23
19.968750,10,2179,2179,17,7,-25,-21,-23
19.972656,9,2179,2179,16,7,-25,-21,-23
19.976562,9,2179,2179,16,7,-25,-21,-23
19.980469,10,2179,2179,17,7,-25,-21,-23
19.984375,10,2179,2179,17,7,-25,-21,-23
19.988281,10,2179,2179,16,7,-25,-21,-23
19.992188,10,2179,2179,16,7,-25,-21,-23
19.996094,10,2179,2179,17,7,-25,-21,-23
20.000000,9,2179,2179,17,7,-25,-21,-23
20.003906,10,2179,2179,17,7,-25,-21,-23
20.007812,9,2179,2179,17,7,-25,-21,-23
20.011719,9,2179,2179,17,7,-25,-21,-23
20.015625,9,2179,2179,17,8,-25,-20,-23
20.019531,9,2179,2179,17,8,-25,-21,-23
20.023438,9,2179,2179,17,7,-25,-20,-23
20.027344,9,2179,2179,17,7,-25,-20,-23
20.031250,9,2179,2179,17,8,-25,-20,-23
20.035156,10,2179,2179,17,8,-25,-20,-23
20.039062,10,2179,2179,17,8,-25,-20,-23
20.042969,10,2179,2179,17,7,-25,-20,-23
20.046875,10,2179,2179,17,8,-25,-20,-23
20.050781,10,2179,2179,17,8,-25,-20,-23
20.054688,10,2179,2179,17,7,-18,-21,-23
20.058594,10,2179,2179,17,7,-25,-20,-23
20.062500,10,2179,2179,17,7,-25,-20,-23
20.066406,10,2179,2179,17,8,-25,-21,-23
20.070312,10,2179,2179,17,7,-25,-21,-23
20.074219,10,2179,2179,17,7,-25,-21,-23
20.078125,10,2179,2179,17,7,-25,-21,-23
20.082031,9,2179,2179,17,7,-25,-21,-23
20.085938,10,2179,2179,17,7,-25,-21,-24
20.089844,9,2179,2179,17,7,-25,-21,-23
20.093750,9,2179,2179,17,7,-25,-21,-23
20.097656,9,2179,2179,17,8,-25,-21,-23
20.101562,9,2179,2179,17,8,-25,-20,-23
20.105469,9,2179,2179,17,7,-25,-21,-23
20.109375,8,2179,2179,17,7,-25,-21,-23
20.113281,8,2179,2179,17,7,-25,-21,-23
20.117188,7,2179,2179,17,8,-25,-21,-23
20.121094,8,2179,2179,17,7,-25,-20,-23
20.125000,7,2179,2179,17,7,-25,-20,-23
20.128906,7,2179,2179,17,7,-25,-20,-23
20.132812,7,2179,2179,17,8,-25,-20,-23
20.136719,8,2179,2179,17,8,-25,-20,-23
20.140625,8,2179,2179,17,7,-25,-20,-23
20.144531,8,2179,2179,17,7,-25,-20,-23
20.148438,8,2179,2179,17,8,-25,-21,-23
20.152344,8,2179,2179,17,8,-25,-21,-23
20.156250,8,2179,2179,17,7,-25,-21,-23
20.160156,8,2179,2179,17,7,-25,-21,-23
20.164062,8,2179,2179,17,7,-25,-20,-23
20.167969,7,2179,2179,17,7,-25,-20,-23
20.171875,7,2179,2179,17,7,-25,-20,-23
20.175781,7,2179,2179,17,7,-25,-21,-23
20.179688,7,2179,2179,17,7,-33,-21,-23
20.183594,7,2179,2179,17,7,-25,-20,-23
20.187500,7,2179,2179,17,7,-25,-21,-23
20.191406,7,2179,2179,17,7,-25,-21,-23
20.195312,7,2179,2179,17,7,-25,-21,-23
20.199219,7,2179,2179,17,8,-25,-21,-23
20.203125,8,2179,2179,17,7,-25,-21,-23
20.207031,8,2179,2179,17,7,-25,-21,-23
20.210938,8,2179,2179,17,7,-25,-20,-23
20.214844,8,2179,2179,17,7,-25,-20,-23
20.218750,8,2179,2179,17,7,-25,-20,-23
20.222656,8,2179,2179,17,7,-25,-20,-23
20.226562,8,2179,2179,17,7,-25,-21,-23
20.230469,8,2179,2179,17,8,-25,-20,-23
20.234375,8,2179,2179,17,8,-25,-21,-23
20.238281,9,2179,2179,17,7,-25,-21,-23
20.242188,8,2179,2179,16,7,-25,-20,-23
20.246094,8,2179,2179,17,8,-25,-20,-23
20.250000,9,2179,2179,17,7,-25,-20,-23
20.253906,9,2179,2179,17,7,-25,-20,-23
20.257812,9,2179,2179,17,7,-25,-20,-23
20.261719,9,2179,2179,17,7,-25,-21,-23
20.265625,9,2179,2179,17,7,-25,-20,-23
20.269531,9,2179,2179,17,8,-25,-20,-23
20.273438,9,2179,2179,16,7,-25,-21,-23
20.277344,8,2179,2179,17,7,-25,-21,-23
20.281250,8,2179,2179,17,8,-25,-21,-23
20.285156,8,2179,2179,17,8,-25,-20,-23
20.289062,8,2179,2179,17,7,-25,-21,-23
20.292969,8,2179,2179,17,7,-25,-21,-23
20.296875,7,2179,2179,17,8,-25,-20,-24
20.300781,7,2179,2179,17,8,-25,-21,-23
20.304688,7,2179,2179,17,8,-20,-21,-23
20.308594,7,2179,2179,17,8,-25,-21,-23
20.312500,6,2179,2179,17,8,-25,-21,-23
20.316406,6,2179,2179,17,8,-25,-21,-23
20.320312,6,2179,2179,17,8,-25,-21,-23
20.324219,6,2179,2179,17,7,-25,-21,-23
20.328125,5,2179,2179,17,8,-25,-20,-23
20.332031,5,2179,2179,17,8,-25,-20,-23
20.335938,6,2179,2179,17,8,-25,-20,-23
20.339844,6,2179,2179,17,7,-25,-20,-23
20.343750,6,2179,2179,17,7,-25,-20,-23
20.347656,6,2179,2179,17,8,-25,-20,-23
20.351562,6,2179,2179,17,7,-25,-20,-23
20.355469,6,2179,2179,17,7,-25,-20,-23
20.359375,6,2179,2179,16,7,-25,-20,-23
20.363281,6,2179,2179,17,7,-25,-20,-23
20.367188,6,2179,2179,17,7,-25,-21,-23
20.371094,7,2179,2179,16,7,-25,-20,-23
20.375000,7,2179,2179,16,6,-25,-21,-23
20.378906,6,2179,2179,17,6,-25,-21,-23
20.382812,6,2179,2179,17,7,-25,-21,-23
20.386719,7,2179,2179,17,7,-25,-21,-23
20.390625,7,2179,2179,16,7,-25,-21,-23
20.394531,7,2179,2179,16,7,-25,-21,-23
20.398438,7,2179,2179,17,7,-25,-21,-23
20.402344,7,2179,2179,17,7,-25,-21,-23
20.406250,8,2179,2179,17,7,-25,-21,-23
20.410156,7,2179,2179,17,7,-25,-21,-23
20.414062,7,2179,2179,17,7,-25,-21,-23
20.417969,7,2179,2179,17,8,-25,-21,-23
20.421875,8,2179,2179,17,7,-25,-20,-23
20.425781,8,2179,2179,17,8,-25,-20,-23
20.429688,7,2179,2179,17,8,-32,-20,-23
20.433594,8,2179,2179,16,8,-25,-20,-23
20.437500,8,2179,2179,16,8,-25,-20,-23
20.441406,8,2179,2179,16,8,-25,-20,-23
20.445312,8,2179,2179,16,8,-25,-20,-23
20.449219,9,2179,2179,16,8,-25,-20,-23
20.453125,9,2179,2179,17,8,-25,-20,-23
20.457031,9,2179,2179,17,7,-25,-20,-23
20.460938,10,2179,2179,17,7,-25,-20,-23
20.464844,10,2179,2179,17,8,-25,-21,-23
20.468750,10,2179,2179,17,8,-25,-20,-23
20.472656,11,2179,2179,17,7,-25,-20,-23
20.476562,11,2179,2179,17,8,-25,-21,-23
20.480469,11,2179,2179,17,8,-25,-20,-23
20.484375,11,2179,2179,17,8,-25,-21,-23
20.488281,12,2179,2179,17,8,-25,-21,-23
20.492188,12,2179,2179,17,7,-25,-21,-23
20.496094,12,2179,2179,17,8,-25,-21,-23
20.500000,12,2179,2179,17,8,-25,-21,-23
20.503906,13,2179,2179,17,8,-25,-21,-23
20.507812,13,2179,2179,17,7,-25,-21,-23
20.511719,12,2179,2179,17,7,-25,-21,-23
20.515625,12,2179,2179,17,8,-25,-21,-23
20.519531,13,2179,2179,17,7,-25,-21,-23
20.523438,13,2179,2179,17,7,-25,-20,-23
20.527344,12,2179,2179,17,7,-25,-20,-23
20.531250,12,2179,2179,17,7,-25,-20,-23
20.535156,13,2179,2179,17,7,-25,-20,-23
20.539062,13,2179,2179,16,7,-25,-20,-23
20.542969,13,2179,2179,16,7,-25,-20,-23
20.546875,13,2179,2179,17,7,-25,-20,-23
20.550781,13,2179,2179,17,7,-25,-21,-23
20.554688,13,2179,2179,16,7,-23,-20,-23
20.558594,14,2179,2179,16,7,-25,-20,-23
20.562500,13,2179,2179,17,7,-25,-21,-23
20.566406,13,2179,2179,17,7,-25,-20,-23
20.570312,14,2179,2179,16,7,-25,-20,-23
20.574219,14,2179,2179,16,7,-25,-20,-23
20.578125,14,2179,2179,17,7,-25,-20,-23
20.582031,14,2179,2179,17,7,-25,-21,-23
20.585938,14,2179,2179,17,7,-25,-21,-23
20.589844,14,2179,2179,17,7,-25,-20,-23
20.593750,14,2179,2179,17,7,-25,-21,-23
20.597656,14,2179,2179,17,7,-25,-21,-23
20.601562,14,2179,2179,17,7,-25,-20,-23
20.605469,15,2179,2179,17,7,-25,-20,-23
20.609375,15,2179,2179,16,7,-25,-20,-23
20.613281,14,2179,2179,17,7,-25,-21,-23
20.617188,15,2179,2179,17,8,-25,-21,-23
20.621094,15,2179,2179,16,7,-25,-21,-23
20.625000,15,2179,2179,16,7,-25,-20,-23
20.628906,15,2179,2179,17,7,-25,-20,-23
20.632812,15,2179,2179,17,8,-25,-20,-23
20.636719,15,2179,2179,17,7,-25,-20,-23
20.640625,15,2179,2179,17,7,-25,-20,-23
20.644531,15,2179,2179,17,7,-25,-20,-23
20.648438,15,2179,2179,17,7,-25,-20,-23
20.652344,15,2179,2179,17,8,-25,-20,-23
20.656250,16,2179,2179,17,7,-25,-20,-23
20.660156,15,2179,2179,17,7,-25,-20,-23
20.664062,16,2179,2179,17,7,-25,-20,-23
20.667969,16,2179,2179,17,7,-25,-20,-23
20.671875,16,2179,2179,17,7,-25,-20,-23
20.675781,17,2179,2179,17,7,-25,-21,-23
20.679688,16,2179,2179,17,7,-29,-21,-23
20.683594,16,2179,2179,17,7,-25,-21,-23
20.687500,16,2179,2179,17,7,-25,-21,-23
20.691406,16,2179,2179,17,7,-25,-21,-23
20.695312,16,2179,2179,17,7,-25,-21,-23
20.699219,16,2179,2179,17,8,-25,-21,-23
20.703125,16,2179,2179,17,8,-25,-21,-23
20.707031,16,2179,2179,17,8,-25,-21,-23
20.710938,16,2179,2179,17,8,-25,-21,-23
20.714844,17,2179,2179,17,8,-25,-21,-23
20.718750,17,2179,2179,17,8,-25,-20,-23
20.722656,18,2179,2179,17,7,-25,-20,-23
20.726562,18,2179,2179,17,7,-25,-20,-23
20.730469,18,2179,2179,17,8,-25,-21,-23
20.734375,19,2179,2179,17,8,-25,-20,-23
20.738281,19,2179,2179,17,7,-25,-20,-23
20.742188,20,2179,2179,17,7,-25,-20,-23
20.746094,20,2179,2179,17,7,-25,-20,-23
20.750000,20,2179,2179,17,7,-25,-20,-23
20.753906,21,2179,2179,17,7,-25,-20,-23
20.757812,21,2179,2179,17,7,-25,-21,-23
20.761719,21,2179,2179,17,7,-25,-20,-23
20.765625,21,2179,2179,17,7,-25,-21,-23
20.769531,22,2179,2179,17,7,-25,-21,-23
20.773438,23,2179,2179,16,7,-25,-21,-23
20.777344,23,2179,2179,16,7,-25,-21,-23
20.781250,23,2179,2179,17,7,-25,-21,-23
20.785156,24,2179,2179,16,7,-25,-21,-23
20.789062,24,2179,2179,16,7,-25,-21,-23
20.792969,25,2179,2179,16,7,-25,-21,-24
20.796875,25,2179,2179,17,7,-25,-20,-23
20.800781,25,2179,2179,17,7,-25,-21,-23
20.804688,26,2179,2179,16,7,-25,-21,-23
20.808594,26,2179,2179,17,7,-25,-21,-23
20.812500,26,2179,2179,17,7,-25,-21,-23
20.816406,27,2179,2179,17,8,-25,-21,-23
20.820312,27,2179,2179,16,7,-25,-21,-23
20.824219,28,2179,2179,16,7,-25,-21,-23
20.828125,27,2179,2179,16,7,-25,-21,-23
20.832031,28,2179,2179,16,7,-25,-21,-23
20.835938,29,2179,2179,16,8,-25,-21,-23
20.839844,29,2179,2179,16,7,-25,-21,-23
20.843750,30,2179,2179,16,7,-25,-21,-23
20.847656,30,2179,2179,17,8,-25,-21,-23
20.851562,31,2179,2179,17,8,-25,-20,-23
20.855469,32,2179,2179,17,7,-25,-20,-23
20.859375,32,2179,2179,17,7,-25,-20,-23
20.863281,32,2179,2179,18,8,-25,-20,-23
20.867188,32,2179,2179,17,8,-25,-20,-23
20.871094,33,2179,2179,17,7,-25,-20,-23
20.875000,33,2179,2179,17,7,-25,-20,-23
20.878906,33,2179,2179,17,7,-25,-20,-23
20.882812,33,2179,2179,17,8,-25,-20,-23
20.886719,34,2179,2179,17,8,-25,-21,-23
20.890625,34,2179,2179,17,7,-25,-21,-23
20.894531,34,2179,2179,17,7,-25,-21,-23
20.898438,34,2179,2179,17,8,-25,-21,-23
20.902344,34,2179,2179,17,8,-25,-21,-23
20.906250,34,2179,2179,17,8,-25,-21,-23
20.910156,34,2179,2179,17,8,-25,-21,-23
20.914062,34,2179,2179,17,8,-25,-21,-23
20.917969,34,2179,2179,17,8,-25,-21,-23
20.921875,35,2179,2179,17,7,-25,-20,-23
20.925781,35,2179,2179,17,7,-25,-21,-23
20.929688,34,2179,2179,17,7,-25,-20,-23
20.933594,34,2179,2179,17,7,-25,-21,-23
20.937500,35,2179,2179,17,7,-25,-20,-23
20.941406,34,2179,2179,17,7,-25,-20,-23
20.945312,34,2179,2179,17,7,-25,-20,-23
20.949219,34,2179,2179,17,7,-25,-21,-23
20.953125,35,2179,2179,17,7,-25,-21,-23
20.957031,35,2179,2179,17,7,-25,-21,-23
20.960938,35,2179,2179,17,7,-25,-21,-23
20.964844,35,2179,2179,17,7,-25,-21,-23
20.968750,35,2179,2179,17,7,-25,-21,-23
20.972656,36,2179,2179,16,7,-25,-21,-23
20.976562,36,2179,2179,16,7,-25,-21,-23
20.980469,36,2179,2179,17,7,-25,-21,-23
20.984375,36,2179,2179,17,7,-25,-21,-24
20.988281,36,2179,2179,16,7,-25,-21,-23
20.992188,36,2179,2179,17,7,-25,-21,-24
20.996094,36,2179,2179,17,7,-25,-21,-23
21.000000,36,2179,2179,17,7,-25,-21,-23
21.003906,36,2179,2179,17,7,-25,-21,-23
21.007812,36,2179,2179,17,7,-25,-21,-23
21.011719,36,2179,2179,17,7,-26,-21,-23
21.015625,36,2179,2179,17,7,-25,-21,-23
21.019531,36,2179,2179,17,7,-25,-21,-23
21.023438,36,2179,2179,17,7,-25,-21,-23
21.027344,36,2179,2179,17,7,-25,-20,-23
21.031250,36,2179,2179,17,7,-25,-20,-23
21.035156,36,2179,2179,17,7,-25,-20,-23
21.039062,36,2179,2179,17,7,-25,-20,-23
21.042969,36,2179,2179,17,7,-25,-20,-23
21.046875,36,2179,2179,17,8,-25,-20,-23
21.050781,36,2179,2179,17,8,-25,-20,-23
21.054688,37,2179,2179,17,7,-25,-20,-23
21.058594,37,2179,2179,17,7,-25,-20,-23
21.062500,37,2179,2179,17,7,-25,-20,-23
21.066406,38,2179,2179,17,8,-25,-20,-23
21.070312,39,2179,2179,17,7,-25,-20,-23
21.074219,40,2179,2179,17,7,-25,-20,-23
21.078125,40,2179,2179,17,7,-25,-20,-23
21.082031,41,2179,2179,17,7,-25,-20,-23
21.085938,42,2179,2179,17,7,-25,-20,-23
21.089844,42,2179,2179,16,7,-25,-21,-23
21.093750,43,2179,2179,17,7,-25,-21,-23
21.097656,44,2179,2179,17,8,-25,-21,-24
21.101562,44,2179,2179,17,8,-25,-21,-23
21.105469,45,2179,2179,17,7,-25,-21,-23
21.109375,45,2179,2179,17,7,-25,-21,-23
21.113281,45,2179,2179,17,8,-25,-21,-23
21.117188,45,2179,2179,17,8,-25,-21,-23
21.121094,46,2179,2179,17,8,-25,-21,-23
21.125000,46,2179,2179,17,7,-25,-20,-23
21.128906,45,2179,2179,17,7,-25,-20,-23
21.132812,45,2179,2179,18,8,-25,-20,-23
21.136719,45,2179,2179,18,8,-25,-20,-23
21.140625,44,2179,2179,18,7,-25,-20,-23
21.144531,43,2179,2179,19,7,-25,-20,-23
21.148438,42,2179,2179,19,8,-25,-20,-23
21.152344,42,2179,2179,19,8,-25,-20,-23
21.156250,41,2179,2179,19,7,-25,-20,-23
21.160156,40,2179,2179,19,7,-25,-20,-23
21.164062,40,2179,2179,20,7,-25,-20,-23
21.167969,39,2179,2179,20,7,-25,-20,-23
21.171875,38,2179,2179,20,7,-25,-20,-23
21.175781,38,2179,2179,20,7,-25,-21,-23
21.179688,37,2179,2179,21,7,-25,-20,-23
21.183594,36,2179,2179,21,7,-25,-20,-23
21.187500,36,2179,2179,21,7,-25,-20,-23
21.191406,35,2179,2179,21,7,-25,-20,-23
21.195312,35,2179,2179,21,7,-25,-21,-23
21.199219,35,2179,2179,21,7,-25,-21,-23
21.203125,35,2179,2179,22,7,-25,-21,-23
21.207031,36,2179,2179,22,7,-25,-21,-23
21.210938,35,2179,2179,22,7,-25,-21,-23
21.214844,36,2179,2179,23,7,-25,-21,-23
21.218750,36,2179,2179,23,8,-25,-21,-23
21.222656,37,2179,2179,23,7,-25,-21,-23
21.226562,37,2179,2179,23,7,-25,-21,-23
21.230469,36,2179,2179,23,8,-25,-21,-23
21.234375,37,2179,2179,23,7,-25,-21,-23
21.238281,38,2179,2179,23,7,-25,-21,-23
21.242188,38,2179,2179,22,7,-25,-21,-23
21.246094,39,2179,2179,23,8,-25,-20,-23
21.250000,39,2179,2179,23,7,-25,-20,-23
21.253906,40,2179,2179,23,7,-25,-21,-23
21.257812,41,2179,2179,23,7,-25,-20,-23
21.261719,41,2179,2179,23,7,-25,-20,-23
21.265625,41,2179,2179,23,8,-25,-21,-23
21.269531,42,2179,2179,23,8,-25,-20,-23
21.273438,42,2179,2179,23,7,-25,-21,-23
21.277344,41,2179,2179,23,7,-25,-21,-23
21.281250,41,2179,2179,23,8,-25,-21,-23
21.285156,42,2179,2179,23,8,-25,-21,-23
21.289062,41,2179,2179,23,8,-25,-20,-23
21.292969,41,2179,2179,23,7,-25,-20,-23
21.296875,41,2179,2179,23,8,-25,-20,-23
21.300781,41,2179,2179,23,8,-25,-21,-23
21.304688,42,2179,2179,23,7,-25,-21,-23
21.308594,42,2179,2179,23,7,-25,-21,-23
21.312500,41,2179,2179,23,8,-25,-21,-23
21.316406,41,2179,2179,23,8,-25,-21,-23
21.320312,42,2179,2179,23,8,-25,-21,-23
21.324219,42,2179,2179,23,7,-25,-21,-23
21.328125,41,2179,2179,23,7,-25,-21,-23
21.332031,41,2179,2179,23,7,-25,-21,-23
21.335938,41,2179,2179,23,8,-25,-21,-23
21.339844,41,2179,2179,22,7,-25,-20,-23
21.343750,41,2179,2179,22,7,-25,-20,-23
21.347656,41,2179,2179,23,7,-25,-20,-23
21.351562,41,2179,2179,23,7,-25,-20,-23
21.355469,41,2179,2179,22,7,-25,-20,-23
21.359375,42,2179,2179,23,7,-25,-20,-23
21.363281,41,2179,2179,23,7,-25,-21,-23
21.367188,41,2179,2179,24,7,-25,-21,-23
21.371094,42,2179,2179,24,6,-25,-21,-23
21.375000,42,2179,2179,24,7,-25,-20,-23
21.378906,42,2179,2179,25,7,-25,-21,-23
21.382812,42,2179,2179,25,7,-25,-20,-23
21.386719,43,2179,2179,26,7,-25,-21,-23
21.390625,43,2179,2179,26,7,-25,-20,-23
21.394531,42,2179,2179,27,7,-25,-21,-23
21.398438,42,2179,2179,28,7,-25,-21,-23
21.402344,43,2179,2179,29,7,-25,-21,-23
21.406250,43,2179,2179,29,7,-25,-21,-23
21.410156,42,2179,2179,30,7,-25,-21,-23
21.414062,42,2179,2179,31,8,-25,-21,-23
21.417969,42,2179,2179,32,8,-25,-21,-23
21.421875,43,2179,2179,32,7,-25,-20,-23
21.425781,43,2179,2179,33,8,-25,-21,-23
21.429688,42,2179,2179,34,8,-25,-21,-23
21.433594,42,2179,2179,35,8,-25,-21,-23
21.437500,42,2179,2179,36,8,-25,-20,-23
21.441406,42,2179,2179,37,7,-25,-20,-23
21.445312,42,2179,2179,38,8,-25,-20,-23
21.449219,42,2179,2179,39,8,-25,-20,-23
21.453125,43,2179,2179,40,8,-25,-20,-23
21.457031,43,2179,2179,41,8,-25,-20,-23
21.460938,43,2179,2179,41,7,-25,-20,-23
21.464844,43,2179,2179,42,8,-25,-20,-23
21.468750,43,2179,2179,43,8,-25,-20,-23
21.472656,43,2179,2179,44,8,-25,-21,-23
21.476562,43,2179,2179,45,8,-25,-21,-23
21.480469,42,2179,2179,47,8,-25,-21,-23
21.484375,43,2179,2179,48,8,-25,-20,-23
21.488281,44,2179,2179,48,7,-25,-20,-23
21.492188,44,2179,2179,49,7,-25,-21,-23
21.496094,44,2179,2179,51,8,-25,-21,-23
21.500000,44,2179,2179,52,7,-25,-21,-23
21.503906,44,2179,2179,53,7,-25,-21,-23
21.507812,44,2179,2179,55,7,-25,-21,-23
21.511719,44,2179,2179,57,7,-25,-21,-24
21.515625,43,2179,2179,59,8,-25,-21,-24
21.519531,43,2179,2179,61,7,-25,-21,-24
21.523438,43,2179,2179,63,7,-25,-21,-23
21.527344,43,2179,2179,65,7,-25,-21,-23
21.531250,43,2179,2179,68,8,-25,-21,-23
21.535156,43,2179,2179,70,8,-25,-21,-23
21.539062,43,2179,2179,72,7,-25,-21,-23
21.542969,43,2179,2179,74,7,-25,-21,-23
21.546875,43,2179,2179,76,8,-25,-20,-23
21.550781,43,2179,2179,78,7,-25,-20,-23
21.554688,44,2179,2179,79,7,-25,-20,-23
21.558594,44,2179,2179,81,7,-25,-20,-23
21.562500,44,2179,2179,83,7,-25,-20,-23
21.566406,43,2179,2179,85,7,-25,-20,-23
21.570312,44,2179,2179,87,7,-25,-20,-23
21.574219,44,2179,2179,89,7,-25,-20,-23
21.578125,44,2179,2179,91,7,-25,-20,-23
21.582031,44,2179,2179,94,7,-25,-20,-23
21.585938,44,2179,2179,96,7,-25,-20,-23
21.589844,44,2179,2179,98,7,-25,-20,-23
21.593750,44,2179,2179,100,7,-25,-21,-23
21.597656,44,2179,2179,102,7,-25,-21,-23
21.601562,44,2179,2179,104,7,-25,-20,-23
21.605469,44,2179,2179,105,7,-25,-21,-23
21.609375,44,2179,2179,106,7,-25,-21,-23
21.613281,43,2179,2179,108,8,-25,-21,-23
21.617188,43,2179,2179,109,8,-25,-21,-23
21.621094,43,2179,2179,109,7,-25,-20,-23
21.625000,43,2179,2179,110,7,-25,-21,-23
21.628906,43,2179,2179,110,7,-25,-21,-23
21.632812,43,2179,2179,111,8,-25,-21,-23
21.636719,43,2179,2179,112,8,-25,-21,-23
21.640625,43,2179,2179,112,7,-25,-21,-23
21.644531,43,2179,2179,113,7,-25,-21,-23
21.648438,43,2179,2179,115,8,-25,-20,-23
21.652344,43,2179,2179,117,8,-25,-21,-23
21.656250,43,2179,2179,118,7,-25,-20,-23
21.660156,43,2179,2179,120,7,-25,-20,-23
21.664062,43,2179,2179,122,8,-25,-20,-23
21.667969,43,2179,2179,124,8,-25,-20,-23
21.671875,43,2179,2179,125,7,-25,-20,-23
21.675781,43,2179,2179,126,7,-25,-20,-23
21.679688,43,2179,2179,128,8,-25,-20,-23
21.683594,43,2179,2179,129,8,-25,-20,-23
21.687500,44,2179,2179,130,7,-25,-20,-23
21.691406,44,2179,2179,130,7,-25,-20,-23
21.695312,43,2179,2179,131,8,-25,-21,-23
21.699219,43,2179,2179,131,8,-25,-21,-23
21.703125,43,2179,2179,131,8,-25,-21,-23
21.707031,43,2179,2179,131,8,-25,-21,-23
21.710938,43,2179,2179,131,7,-25,-21,-23
21.714844,43,2179,2179,132,8,-25,-21,-24
21.718750,43,2179,2179,133,8,-25,-21,-24
21.722656,43,2179,2179,134,7,-25,-21,-23
21.726562,42,2179,2179,136,7,-25,-20,-23
21.730469,42,2179,2179,137,8,-25,-21,-23
21.734375,42,2179,2179,138,8,-25,-20,-23
21.738281,42,2179,2179,139,7,-25,-21,-23
21.742188,42,2179,2179,139,8,-25,-20,-23
21.746094,41,2179,2179,140,8,-25,-20,-23
21.750000,42,2179,2179,140,8,-25,-20,-23
21.753906,42,2179,2179,140,8,-25,-20,-23
21.757812,42,2179,2179,141,7,-25,-20,-23
21.761719,42,2179,2179,142,7,-25,-20,-23
21.765625,42,2179,2179,143,8,-25,-20,-23
21.769531,42,2179,2179,144,7,-25,-21,-23
21.773438,43,2179,2179,144,7,-25,-20,-23
21.777344,42,2179,2179,145,7,-25,-20,-23
21.781250,42,2179,2179,146,7,-25,-21,-23
21.785156,43,2179,2179,147,7,-25,-20,-23
21.789062,43,2179,2179,147,6,-25,-20,-23
21.792969,43,2179,2179,148,6,-25,-21,-23
21.796875,43,2179,2179,149,7,-25,-21,-23
21.800781,42,2179,2179,150,7,-25,-21,-23
21.804688,43,2179,2179,150,7,-25,-21,-23
21.808594,42,2179,2179,150,7,-25,-21,-23
21.812500,42,2179,2179,151,7,-25,-21,-23
21.816406,42,2179,2179,151,7,-25,-21,-23
21.820312,42,2179,2179,152,7,-25,-21,-23
21.824219,42,2179,2179,152,7,-25,-21,-23
21.828125,41,2179,2179,153,7,-25,-21,-23
21.832031,41,2179,2179,153,7,-25,-21,-23
21.835938,41,2179,2179,154,7,-25,-21,-23
21.839844,41,2179,2179,154,7,-25,-21,-23
21.843750,40,2179,2179,155,7,-25,-21,-23
21.847656,40,2179,2179,156,8,-25,-20,-23
21.851562,40,2179,2179,157,8,-25,-20,-23
21.855469,40,2179,2179,157,8,-25,-20,-23
21.859375,40,2179,2179,158,7,-25,-20,-23
21.863281,39,2179,2179,159,8,-25,-20,-23
21.867188,39,2179,2179,159,8,-25,-20,-23
21.871094,38,2179,2179,159,8,-25,-21,-23
21.875000,38,2179,2179,160,8,-25,-21,-23
21.878906,37,2179,2179,161,8,-25,-20,-23
21.882812,37,2179,2179,161,8,-25,-20,-23
21.886719,37,2179,2179,161,8,-25,-21,-23
21.890625,36,2179,2179,161,8,-25,-20,-23
21.894531,36,2179,2179,162,8,-25,-20,-23
21.898438,35,2179,2179,162,8,-25,-21,-23
21.902344,35,2179,2179,162,8,-25,-21,-23
21.906250,34,2179,2179,161,8,-25,-20,-23
21.910156,34,2179,2179,161,7,-25,-21,-23
21.914062,34,2179,2179,162,8,-25,-21,-23
21.917969,33,2179,2179,162,8,-25,-21,-23
21.921875,34,2179,2179,162,7,-25,-21,-23
21.925781,33,2179,2179,162,7,-25,-21,-23
21.929688,33,2179,2179,163,7,-25,-21,-23
21.933594,33,2179,2179,163,7,-25,-21,-23
21.937500,33,2179,2179,163,7,-25,-21,-23
21.941406,33,2179,2179,164,7,-25,-21,-23
21.945312,33,2179,2179,164,7,-25,-21,-23
21.949219,33,2179,2179,164,7,-25,-21,-23
21.953125,34,2179,2179,165,7,-25,-21,-23
21.957031,34,2179,2179,164,7,-25,-20,-23
21.960938,34,2179,2179,165,7,-25,-20,-23
21.964844,34,2179,2179,165,7,-25,-20,-23
21.968750,34,2179,2179,165,7,-25,-20,-23
21.972656,34,2179,2179,165,7,-25,-20,-23
21.976562,34,2179,2179,165,7,-25,-21,-23
21.980469,34,2179,2179,166,7,-25,-20,-23
21.984375,34,2179,2179,166,7,-25,-21,-23
21.988281,34,2179,2179,166,7,-25,-21,-23
21.992188,34,2179,2179,166,7,-25,-21,-23
21.996094,34,2179,2179,166,7,-25,-21,-24
22.000000,34,2179,2179,166,7,-25,-20,-24
22.003906,34,2179,2179,165,7,-25,-21,-24
22.007812,34,2179,2179,165,7,-25,-21,-23
22.011719,34,2179,2179,165,7,-25,-21,-23
22.015625,34,2179,2179,166,8,-25,-21,-23
22.019531,35,2179,2179,166,8,-25,-21,-23
22.023438,35,2179,2179,166,7,-25,-21,-23
22.027344,34,2179,2179,167,8,-25,-21,-23
22.031250,34,2179,2179,168,8,-25,-21,-23
22.035156,34,2179,2179,168,8,-25,-21,-23
22.039062,34,2179,2179,168,8,-25,-21,-23
22.042969,34,2179,2179,169,8,-25,-21,-23
22.046875,33,2179,2179,170,8,-25,-22,-23
22.050781,33,2179,2179,169,8,-25,-21,-23
22.054688,33,2179,2179,169,8,-25,-20,-23
22.058594,34,2179,2179,169,8,-25,-20,-23
22.062500,33,2179,2179,169,8,-25,-20,-23
22.066406,34,2179,2179,169,8,-25,-20,-23
22.070312,34,2179,2179,168,8,-25,-20,-23
22.074219,34,2179,2179,168,8,-25,-20,-23
22.078125,34,2179,2179,168,8,-25,-20,-23
22.082031,34,2179,2179,169,8,-25,-21,-23
22.085938,35,2179,2179,169,8,-25,-20,-23
22.089844,35,2179,2179,169,7,-25,-20,-23
22.093750,34,2179,2179,169,7,-25,-21,-23
22.097656,35,2179,2179,170,8,-25,-21,-24
22.101562,35,2179,2179,170,7,-25,-20,-23
22.105469,35,2179,2179,169,7,-25,-20,-24
22.109375,35,2179,2179,169,7,-25,-20,-23
22.113281,35,2179,2179,170,7,-25,-21,-23
22.117188,35,2179,2179,170,8,-25,-21,-23
22.121094,35,2179,2179,171,7,-25,-21,-23
22.125000,35,2179,2179,172,7,-25,-21,-23
22.128906,35,2179,2179,173,8,-25,-21,-23
22.132812,35,2179,2179,173,8,-25,-21,-23
22.136719,35,2179,2179,173,8,-25,-21,-23
22.140625,35,2179,2179,173,7,-25,-21,-23
22.144531,35,2179,2179,173,7,-25,-21,-23
22.148438,34,2179,2179,173,8,-25,-21,-23
22.152344,35,2179,2179,173,7,-25,-21,-23
22.156250,35,2179,2179,173,7,-25,-20,-23
22.160156,35,2179,2179,172,7,-25,-20,-23
22.164062,35,2179,2179,173,8,-25,-21,-23
22.167969,35,2179,2179,173,8,-25,-20,-23
22.171875,36,2179,2179,173,7,-25,-21,-23
22.175781,36,2179,2179,173,7,-25,-20,-23
22.179688,36,2179,2179,173,7,-25,-20,-23
22.183594,36,2179,2179,173,7,-25,-20,-23
22.187500,36,2179,2179,173,7,-25,-20,-23
22.191406,36,2179,2179,174,7,-25,-21,-23
22.195312,36,2179,2179,174,7,-25,-20,-23
22.199219,36,2179,2179,175,7,-25,-21,-23
22.203125,36,2179,2179,175,7,-25,-21,-23
22.207031,36,2179,2179,175,7,-25,-21,-23
22.210938,36,2179,2179,175,7,-25,-21,-23
22.214844,36,2179,2179,175,7,-25,-21,-23
22.218750,36,2179,2179,176,8,-25,-21,-23
22.222656,36,2179,2179,175,7,-25,-21,-23
22.226562,36,2179,2179,176,7,-25,-21,-23
22.230469,36,2179,2179,176,8,-25,-21,-23
22.234375,36,2179,2179,176,8,-25,-21,-23
22.238281,36,2179,2179,176,7,-25,-21,-23
22.242188,36,2179,2179,176,7,-25,-21,-23
22.246094,35,2179,2179,176,8,-25,-21,-23
22.250000,35,2179,2179,176,8,-25,-21,-23
22.253906,35,2179,2179,176,8,-25,-20,-23
22.257812,35,2179,2179,177,7,-25,-21,-23
22.261719,35,2179,2179,176,7,-25,-20,-23
22.265625,35,2179,2179,177,8,-25,-20,-23
22.269531,35,2179,2179,177,8,-25,-20,-23
22.273438,36,2179,2179,177,7,-25,-20,-23
22.277344,35,2179,2179,177,8,-25,-20,-23
22.281250,35,2179,2179,177,8,-25,-20,-23
22.285156,36,2179,2179,177,8,-25,-20,-23
22.289062,36,2179,2179,177,7,-25,-20,-23
22.292969,36,2179,2179,177,7,-25,-20,-23
22.296875,36,2179,2179,177,7,-25,-21,-23
22.300781,36,2179,2179,177,7,-25,-20,-24
22.304688,36,2179,2179,177,7,-25,-20,-23
22.308594,36,2179,2179,177,7,-25,-21,-23
22.312500,36,2179,2179,177,8,-25,-21,-23
22.316406,36,2179,2179,177,8,-25,-21,-23
22.320312,36,2179,2179,177,8,-25,-21,-23
22.324219,36,2179,2179,177,7,-25,-21,-23
22.328125,35,2179,2179,178,7,-25,-21,-23
22.332031,35,2179,2179,178,8,-25,-21,-23
22.335938,35,2179,2179,179,8,-25,-21,-23
22.339844,35,2179,2179,179,7,-25,-21,-23
22.343750,34,2179,2179,179,7,-25,-21,-23
22.347656,34,2179,2179,179,8,-25,-21,-23
22.351562,34,2179,2179,179,7,-25,-21,-23
22.355469,34,2179,2179,179,7,-25,-21,-23
22.359375,34,2179,2179,179,7,-25,-21,-23
22.363281,33,2179,2179,179,7,-25,-20,-23
22.367188,33,2179,2179,180,7,-25,-20,-23
22.371094,33,2179,2179,179,7,-25,-20,-23
22.375000,33,2179,2179,180,7,-25,-20,-23
22.378906,33,2179,2179,180,7,-25,-20,-23
22.382812,33,2179,2179,180,7,-25,-21,-23
22.386719,33,2179,2179,179,7,-25,-20,-23
22.390625,33,2179,2179,179,7,-25,-21,-23
22.394531,32,2179,2179,179,7,-25,-21,-23
22.398438,33,2179,2179,180,7,-25,-21,-23
22.402344,33,2179,2179,179,7,-25,-21,-23
22.406250,33,2179,2179,180,7,-25,-21,-23
22.410156,32,2179,2179,180,7,-25,-21,-23
22.414062,32,2179,2179,180,7,-25,-21,-23
22.417969,32,2179,2179,181,8,-25,-21,-23
22.421875,32,2179,2179,181,7,-25,-21,-23
22.425781,32,2179,2179,181,8,-25,-21,-23
22.429688,32,2179,2179,181,8,-25,-21,-23
22.433594,32,2179,2179,181,8,-25,-21,-23
22.437500,32,2179,2179,181,8,-25,-21,-23
22.441406,32,2179,2179,181,7,-25,-21,-23
22.445312,32,2179,2179,181,7,-25,-21,-23
22.449219,31,2179,2179,180,8,-25,-21,-23
22.453125,31,2179,2179,180,8,-25,-21,-23
22.457031,31,2179,2179,180,7,-25,-21,-23
22.460938,31,2179,2179,180,8,-25,-20,-23
22.464844,31,2179,2179,181,8,-25,-20,-23
22.468750,31,2179,2179,182,8,-25,-20,-23
22.472656,32,2179,2179,182,7,-25,-20,-23
22.476562,32,2179,2179,183,8,-25,-20,-23
22.480469,32,2179,2179,183,8,-25,-20,-23
22.484375,31,2179,2179,183,8,-25,-20,-23
22.488281,32,2179,2179,182,7,-25,-20,-23
22.492188,32,2179,2179,181,7,-25,-20,-23
22.496094,31,2179,2179,181,7,-25,-20,-23
22.500000,32,2179,2179,180,7,-25,-20,-23
22.503906,32,2179,2179,180,7,-25,-21,-23
22.507812,32,2179,2179,180,7,-25,-21,-23
22.511719,31,2179,2179,179,7,-25,-21,-23
22.515625,31,2179,2179,181,7,-25,-21,-23
22.519531,32,2179,2179,181,7,-25,-21,-23
22.523438,32,2179,2179,182,7,-25,-21,-23
22.527344,32,2179,2179,182,7,-25,-21,-23
22.531250,32,2179,2179,183,7,-25,-21,-23
22.535156,32,2179,2179,183,7,-25,-21,-23
22.539062,32,2179,2179,182,7,-25,-21,-22
22.542969,32,2179,2179,182,7,-25,-21,-23
22.546875,31,2179,2179,183,7,-25,-21,-23
22.550781,31,2179,2179,182,7,-25,-21,-23
22.554688,31,2179,2179,182,7,-25,-21,-23
22.558594,31,2179,2179,181,7,-25,-21,-23
22.562500,31,2179,2179,181,7,-25,-20,-23
22.566406,31,2179,2179,182,7,-25,-20,-23
22.570312,31,2179,2179,181,7,-25,-20,-23
22.574219,31,2179,2179,182,7,-25,-20,-23
22.578125,31,2179,2179,182,7,-25,-20,-23
22.582031,31,2179,2179,183,7,-25,-20,-23
22.585938,31,2179,2179,183,8,-25,-20,-23
22.589844,31,2179,2179,183,7,-25,-20,-23
22.593750,31,2179,2179,183,7,-25,-20,-23
22.597656,31,2179,2179,183,8,-25,-20,-23
22.601562,31,2179,2179,183,7,-25,-20,-23
22.605469,32,2179,2179,183,7,-25,-20,-23
22.609375,32,2179,2179,182,7,-25,-20,-23
22.613281,32,2179,2179,183,7,-25,-20,-23
22.617188,32,2179,2179,183,7,-25,-21,-23
22.621094,32,2179,2179,183,7,-25,-21,-23
22.625000,32,2179,2179,183,7,-25,-21,-23
22.628906,31,2179,2179,183,7,-25,-21,-23
22.632812,31,2179,2179,182,7,-25,-21,-23
22.636719,31,2179,2179,181,8,-25,-20,-23
22.640625,31,2179,2179,182,7,-25,-21,-23
22.644531,31,2179,2179,182,7,-25,-21,-23
22.648438,31,2179,2179,182,8,-25,-21,-23
22.652344,31,2179,2179,182,8,-25,-21,-23
22.656250,31,2179,2179,182,8,-25,-20,-23
22.660156,31,2179,2179,183,8,-25,-20,-23
22.664062,31,2179,2179,183,8,-25,-20,-22
22.667969,31,2179,2179,183,8,-25,-20,-23
22.671875,31,2179,2179,183,7,-25,-20,-23
22.675781,31,2179,2179,183,8,-25,-21,-23
22.679688,30,2179,2179,183,8,-25,-20,-23
22.683594,30,2179,2179,183,8,-25,-20,-23
22.687500,31,2179,2179,183,8,-25,-20,-23
22.691406,30,2179,2179,183,7,-25,-20,-23
22.695312,30,2179,2179,184,7,-25,-21,-23
22.699219,30,2179,2179,184,8,-25,-20,-23
22.703125,31,2179,2179,184,7,-25,-21,-23
22.707031,31,2179,2179,184,7,-25,-20,-23
22.710938,31,2179,2179,183,7,-25,-21,-23
22.714844,30,2179,2179,183,8,-25,-21,-23
22.718750,31,2179,2179,183,7,-25,-21,-23
22.722656,31,2179,2179,182,7,-25,-21,-23
22.726562,30,2179,2179,182,7,-25,-21,-23
22.730469,30,2179,2179,182,7,-25,-21,-23
22.734375,30,2179,2179,183,8,-25,-21,-23
22.738281,30,2179,2179,183,7,-25,-21,-23
22.742188,30,2179,2179,183,7,-25,-21,-23
22.746094,29,2179,2179,183,8,-25,-20,-23
22.750000,29,2179,2179,183,8,-25,-21,-23
22.753906,29,2179,2179,183,8,-25,-21,-23
22.757812,29,2179,2179,183,7,-25,-21,-23
22.761719,28,2179,2179,183,7,-25,-21,-23
22.765625,28,2179,2179,184,8,-25,-21,-23
22.769531,29,2179,2179,184,8,-25,-20,-23
22.773438,28,2179,2179,184,7,-25,-20,-23
22.777344,28,2179,2179,184,7,-25,-20,-23
22.781250,28,2179,2179,184,7,-25,-20,-23
22.785156,28,2179,2179,184,8,-25,-20,-23
22.789062,28,2179,2179,183,7,-25,-20,-22
22.792969,27,2179,2179,183,7,-25,-20,-23
22.796875,27,2179,2179,184,7,-25,-20,-23
22.800781,27,2179,2179,183,7,-25,-20,-23
22.804688,27,2179,2179,183,7,-25,-20,-23
22.808594,27,2179,2179,182,7,-25,-21,-23
22.812500,27,2179,2179,183,7,-25,-21,-23
22.816406,27,2179,2179,182,7,-25,-21,-23
22.820312,28,2179,2179,182,7,-25,-21,-23
22.824219,28,2179,2179,182,7,-25,-21,-23
22.828125,28,2179,2179,182,7,-25,-21,-23
22.832031,28,2179,2179,183,7,-25,-21,-23
22.835938,28,2179,2179,183,8,-25,-21,-23
22.839844,28,2179,2179,183,7,-25,-21,-23
22.843750,28,2179,2179,183,7,-25,-21,-23
22.847656,28,2179,2179,183,8,-25,-21,-23
22.851562,29,2179,2179,183,8,-25,-21,-23
22.855469,29,2179,2179,183,8,-25,-21,-23
22.859375,29,2179,2179,183,7,-25,-21,-23
22.863281,30,2179,2179,183,8,-25,-21,-23
22.867188,30,2179,2179,183,8,-25,-20,-23
22.871094,30,2179,2179,183,7,-25,-20,-23
22.875000,31,2179,2179,183,8,-25,-20,-23
22.878906,30,2179,2179,183,7,-25,-20,-23
22.882812,30,2179,2179,184,8,-25,-20,-23
22.886719,31,2179,2179,183,8,-25,-20,-23
22.890625,31,2179,2179,183,8,-25,-20,-23
22.894531,30,2179,2179,184,8,-25,-21,-23
22.898438,30,2179,2179,184,8,-25,-21,-23
22.902344,30,2179,2179,184,8,-25,-21,-23
22.906250,30,2179,2179,184,8,-25,-21,-23
22.910156,30,2179,2179,184,7,-25,-21,-23
22.914062,30,2179,2179,184,8,-25,-21,-23
22.917969,30,2179,2179,184,8,-25,-21,-23
22.921875,30,2179,2179,184,7,-25,-21,-23
22.925781,30,2179,2179,184,7,-25,-21,-23
22.929688,29,2179,2179,184,8,-25,-21,-23
22.933594,29,2179,2179,184,8,-25,-21,-23
22.937500,30,2179,2179,184,7,-25,-21,-23
22.941406,29,2179,2179,184,7,-25,-21,-23
22.945312,29,2179,2179,184,7,-25,-21,-23
22.949219,29,2179,2179,184,7,-25,-21,-23
22.953125,29,2179,2179,183,7,-25,-21,-23
22.957031,29,2179,2179,183,7,-25,-21,-23
22.960938,29,2179,2179,182,7,-25,-20,-23
22.964844,29,2179,2179,183,7,-25,-21,-23
22.968750,29,2179,2179,183,7,-25,-20,-23
22.972656,29,2179,2179,183,7,-25,-20,-23
22.976562,29,2179,2179,184,7,-25,-21,-23
22.980469,29,2179,2179,185,7,-25,-20,-23
22.984375,29,2179,2179,185,7,-25,-20,-23
22.988281,29,2179,2179,184,7,-25,-20,-23
22.992188,29,2179,2179,184,7,-25,-20,-23
22.996094,29,2179,2179,184,7,-25,-20,-23
23.000000,30,2179,2179,184,7,-25,-20,-23
23.003906,30,2179,2179,183,7,-25,-20,-23
23.007812,30,2179,2179,183,7,-25,-20,-23
23.011719,30,2179,2179,182,7,-25,-21,-23
23.015625,29,2179,2179,184,8,-25,-21,-23
23.019531,29,2179,2179,184,7,-25,-21,-24
23.023438,29,2179,2179,184,7,-25,-21,-23
23.027344,29,2179,2179,184,7,-25,-21,-23
23.031250,29,2179,2179,185,8,-25,-21,-23
23.035156,30,2179,2179,185,8,-25,-21,-23
23.039062,30,2179,2179,185,7,-25,-21,-22
23.042969,30,2179,2179,185,8,-25,-21,-23
23.046875,30,2179,2179,185,8,-25,-21,-23
23.050781,30,2179,2179,185,8,-25,-21,-23
23.054688,30,2179,2179,185,8,-25,-21,-23
23.058594,30,2179,2179,185,8,-25,-21,-23
23.062500,29,2179,2179,185,8,-25,-21,-23
23.066406,29,2179,2179,185,8,-25,-21,-23
23.070312,29,2179,2179,185,8,-25,-21,-23
23.074219,30,2179,2179,185,8,-25,-20,-23
23.078125,29,2179,2179,185,7,-25,-20,-23
23.082031,29,2179,2179,185,8,-25,-20,-23
23.085938,30,2179,2179,185,8,-25,-20,-23
23.089844,30,2179,2179,184,7,-25,-20,-23
23.093750,29,2179,2179,184,7,-25,-20,-23
23.097656,29,2179,2179,184,8,-25,-20,-23
23.101562,30,2179,2179,183,7,-25,-20,-23
23.105469,30,2179,2179,183,7,-25,-20,-23
23.109375,31,2179,2179,183,7,-25,-21,-23
23.113281,31,2179,2179,183,7,-25,-21,-23
23.117188,31,2179,2179,183,7,-25,-21,-23
23.121094,31,2179,2179,183,7,-25,-20,-23
23.125000,31,2179,2179,184,7,-25,-20,-23
23.128906,30,2179,2179,185,7,-25,-20,-23
23.132812,30,2179,2179,185,8,-25,-20,-23
23.136719,30,2179,2179,185,8,-25,-21,-23
23.140625,31,2179,2179,185,7,-25,-21,-23
23.144531,30,2179,2179,186,7,-25,-21,-23
23.148438,31,2179,2179,186,8,-25,-21,-23
23.152344,31,2179,2179,185,7,-25,-21,-23
23.156250,31,2179,2179,185,7,-25,-21,-23
23.160156,31,2179,2179,184,7,-25,-21,-23
23.164062,30,2179,2179,185,8,-25,-21,-23
23.167969,31,2179,2179,185,8,-25,-21,-23
23.171875,31,2179,2179,186,7,-25,-21,-23
23.175781,31,2179,2179,186,7,-25,-21,-23
23.179688,30,2179,2179,187,7,-25,-21,-23
23.183594,30,2179,2179,187,8,-25,-21,-23
23.187500,30,2179,2179,187,7,-25,-21,-23
23.191406,30,2179,2179,187,7,-25,-21,-23
23.195312,30,2179,2179,187,7,-25,-20,-23
23.199219,30,2179,2179,186,7,-25,-21,-23
23.203125,30,2179,2179,185,7,-25,-21,-23
23.207031,31,2179,2179,184,7,-25,-21,-23
23.210938,30,2179,2179,184,7,-25,-21,-23
23.214844,31,2179,2179,185,7,-25,-20,-23
23.218750,31,2179,2179,185,7,-25,-21,-23
23.222656,31,2179,2179,185,7,-25,-21,-23
23.226562,31,2179,2179,186,7,-25,-21,-23
23.230469,31,2179,2179,186,8,-25,-21,-23
23.234375,30,2179,2179,186,8,-25,-21,-23
23.238281,30,2179,2179,186,7,-25,-21,-23
23.242188,30,2179,2179,185,7,-25,-21,-23
23.246094,29,2179,2179,185,8,-25,-21,-23
23.250000,29,2179,2179,185,8,-25,-21,-23
23.253906,29,2179,2179,184,7,-25,-21,-23
23.257812,29,2179,2179,184,7,-25,-21,-23
23.261719,29,2179,2179,184,7,-25,-21,-23
23.265625,29,2179,2179,185,8,-25,-20,-23
23.269531,29,2179,2179,186,7,-25,-21,-23
23.273438,29,2179,2179,186,7,-25,-20,-23
23.277344,28,2179,2179,186,7,-25,-20,-23
23.281250,28,2179,2179,186,8,-25,-20,-23
23.285156,28,2179,2179,186,8,-25,-20,-23
23.289062,28,2179,2179,185,8,-25,-20,-23
23.292969,28,2179,2179,184,8,-25,-20,-23
23.296875,28,2179,2179,184,8,-25,-20,-23
23.300781,28,2179,2179,184,8,-25,-20,-23
23.304688,28,2179,2179,185,8,-25,-21,-23
23.308594,29,2179,2179,185,8,-25,-20,-23
23.312500,28,2179,2179,186,8,-25,-21,-23
23.316406,29,2179,2179,186,8,-25,-21,-23
23.320312,29,2179,2179,186,8,-25,-21,-23
23.324219,29,2179,2179,186,7,-25,-21,-23
23.328125,29,2179,2179,185,7,-25,-21,-23
23.332031,29,2179,2179,185,8,-25,-21,-23
23.335938,29,2179,2179,185,8,-25,-21,-23
23.339844,29,2179,2179,184,7,-25,-21,-23
23.343750,29,2179,2179,184,7,-25,-21,-23
23.347656,28,2179,2179,185,8,-25,-21,-23
23.351562,29,2179,2179,185,8,-25,-21,-23
23.355469,29,2179,2179,185,7,-25,-21,-23
23.359375,28,2179,2179,185,7,-25,-21,-23
23.363281,28,2179,2179,185,7,-25,-21,-23
23.367188,28,2179,2179,185,7,-25,-21,-23
23.371094,28,2179,2179,184,7,-25,-21,-23
23.375000,28,2179,2179,184,7,-25,-21,-23
23.378906,27,2179,2179,185,6,-25,-21,-23
23.382812,27,2179,2179,185,7,-25,-21,-23
23.386719,28,2179,2179,185,7,-25,-21,-23
23.390625,28,2179,2179,185,7,-25,-20,-23
23.394531,28,2179,2179,186,7,-25,-21,-23
23.398438,28,2179,2179,186,7,-25,-21,-23
23.402344,28,2179,2179,185,7,-25,-21,-23
23.406250,28,2179,2179,185,7,-25,-20,-23
23.410156,28,2179,2179,184,7,-25,-21,-23
23.414062,28,2179,2179,185,7,-25,-21,-24
23.417969,28,2179,2179,184,7,-25,-21,-23
23.421875,28,2179,2179,184,7,-25,-21,-23
23.425781,29,2179,2179,184,7,-25,-21,-23
23.429688,29,2179,2179,185,7,-25,-21,-23
23.433594,29,2179,2179,185,8,-25,-21,-23
23.437500,29,2179,2179,185,7,-25,-21,-23
23.441406,29,2179,2179,186,7,-25,-21,-23
23.445312,28,2179,2179,186,8,-25,-21,-23
23.449219,28,2179,2179,186,8,-25,-21,-23
23.453125,28,2179,2179,186,8,-25,-21,-23
23.457031,28,2179,2179,186,8,-25,-21,-23
23.460938,27,2179,2179,186,8,-25,-21,-23
23.464844,27,2179,2179,186,8,-25,-21,-23
23.468750,27,2179,2179,186,8,-25,-20,-23
23.472656,27,2179,2179,186,8,-25,-20,-23
23.476562,27,2179,2179,186,8,-25,-20,-23
23.480469,27,2179,2179,186,8,-25,-20,-23
23.484375,27,2179,2179,186,8,-25,-20,-23
23.488281,28,2179,2179,185,8,-25,-20,-23
23.492188,28,2179,2179,185,7,-25,-20,-23
23.496094,27,2179,2179,185,8,-25,-21,-23
23.500000,27,2179,2179,185,8,-25,-21,-23
23.503906,28,2179,2179,185,8,-25,-21,-23
23.507812,28,2179,2179,185,8,-25,-21,-23
23.511719,27,2179,2179,185,7,-25,-20,-23
23.515625,27,2179,2179,185,8,-25,-20,-23
23.519531,28,2179,2179,185,7,-25,-20,-23
23.523438,28,2179,2179,185,7,-25,-21,-23
23.527344,27,2179,2179,185,7,-25,-20,-23
23.531250,27,2179,2179,185,7,-25,-21,-23
23.535156,27,2179,2179,185,8,-25,-21,-23
23.539062,27,2179,2179,185,7,-25,-21,-24
23.542969,27,2179,2179,185,7,-25,-21,-23
23.546875,26,2179,2179,186,7,-25,-21,-23
23.550781,26,2179,2179,185,7,-25,-21,-23
23.554688,26,2179,2179,184,7,-25,-21,-23
23.558594,25,2179,2179,182,7,-25,-21,-23
23.562500,24,2179,2179,179,8,-25,-21,-23
23.566406,24,2179,2179,174,8,-25,-21,-23
23.570312,23,2179,2179,167,8,-25,-21,-23
23.574219,23,2179,2179,161,7,-25,-20,-23
23.578125,22,2179,2179,154,8,-25,-20,-23
23.582031,22,2179,2179,148,8,-25,-21,-23
23.585938,22,2179,2179,142,8,-25,-20,-23
23.589844,22,2179,2179,136,7,-25,-21,-23
23.593750,22,2179,2179,129,7,-25,-21,-23
23.597656,21,2179,2179,122,8,-25,-21,-23
23.601562,21,2179,2179,113,8,-25,-21,-23
23.605469,21,2179,2179,101,7,-25,-21,-23
23.609375,21,2179,2179,87,7,-25,-21,-23
23.613281,20,2179,2179,72,7,-25,-20,-23
23.617188,20,2179,2179,58,7,-25,-20,-23
23.621094,20,2179,2179,44,7,-25,-21,-23
23.625000,20,2179,2179,34,7,-25,-21,-23
23.628906,20,2179,2179,28,7,-25,-20,-23
23.632812,19,2179,2179,24,7,-25,-21,-23
23.636719,19,2179,2179,23,7,-25,-21,-23
23.640625,19,2179,2179,23,7,-25,-21,-23
23.644531,18,2179,2179,24,7,-25,-21,-23
23.648438,18,2179,2179,24,7,-25,-21,-23
23.652344,18,2179,2179,24,7,-25,-21,-23
23.656250,18,2179,2179,23,7,-25,-21,-23
23.660156,17,2179,2179,22,7,-25,-21,-23
23.664062,17,2179,2179,21,8,-25,-21,-25
23.667969,16,2179,2179,20,8,-25,-21,-23
23.671875,16,2179,2179,19,7,-25,-21,-23
23.675781,15,2179,2179,20,7,-25,-20,-23
23.679688,15,2179,2179,20,8,-25,-21,-23
23.683594,15,2179,2179,21,8,-25,-21,-23
23.687500,15,2179,2179,21,8,-25,-21,-23
23.691406,15,2179,2179,21,8,-25,-21,-23
23.695312,15,2179,2179,21,8,-25,-21,-23
23.699219,15,2179,2179,20,8,-25,-20,-23
23.703125,16,2179,2179,20,8,-25,-21,-23
23.707031,16,2179,2179,19,7,-25,-20,-23
23.710938,15,2179,2179,19,7,-25,-20,-23
23.714844,15,2179,2179,19,7,-25,-21,-23
23.718750,15,2179,2179,19,7,-25,-20,-23
23.722656,16,2179,2179,19,7,-25,-21,-23
23.726562,16,2179,2179,19,7,-25,-20,-23
23.730469,15,2179,2179,19,7,-25,-21,-23
23.734375,15,2179,2179,19,7,-25,-21,-23
23.738281,16,2179,2179,18,7,-25,-21,-23
23.742188,16,2179,2179,18,7,-25,-21,-23
23.746094,15,2179,2179,19,8,-25,-21,-23
23.750000,15,2179,2179,19,8,-25,-21,-23
23.753906,15,2179,2179,19,7,-25,-21,-23
23.757812,15,2179,2179,19,7,-25,-21,-23
23.761719,15,2179,2179,20,7,-25,-21,-23
23.765625,14,2179,2179,19,7,-25,-21,-23
23.769531,14,2179,2179,18,7,-25,-21,-23
23.773438,14,2179,2179,18,7,-25,-21,-23
23.777344,14,2179,2179,17,7,-25,-20,-23
23.781250,13,2179,2179,17,7,-25,-20,-23
23.785156,14,2179,2179,17,7,-25,-21,-23
23.789062,13,2179,2179,16,7,-25,-20,-24
23.792969,13,2179,2179,16,7,-25,-21,-23
23.796875,13,2179,2179,17,7,-25,-21,-23
23.800781,13,2179,2179,17,7,-25,-21,-23
23.804688,13,2179,2179,17,7,-25,-20,-23
23.808594,13,2179,2179,17,7,-25,-21,-23
23.812500,13,2179,2179,17,7,-25,-20,-23
23.816406,13,2179,2179,17,7,-25,-20,-23
23.820312,13,2179,2179,17,7,-25,-20,-23
23.824219,14,2179,2179,17,7,-25,-20,-23
23.828125,13,2179,2179,17,7,-25,-21,-23
23.832031,13,2179,2179,17,7,-25,-21,-23
23.835938,13,2179,2179,17,7,-25,-21,-24
23.839844,13,2179,2179,17,7,-25,-21,-23
23.843750,12,2179,2179,17,7,-25,-21,-23
23.847656,12,2179,2179,17,8,-25,-21,-23
23.851562,12,2179,2179,17,8,-25,-21,-23
23.855469,12,2179,2179,17,7,-25,-21,-23
23.859375,12,2179,2179,17,7,-25,-21,-23
23.863281,12,2179,2179,17,8,-25,-20,-23
23.867188,11,2179,2179,17,8,-25,-20,-23
23.871094,11,2179,2179,17,7,-25,-21,-23
23.875000,11,2179,2179,17,8,-25,-21,-23
23.878906,10,2179,2179,17,7,-25,-20,-23
23.882812,10,2179,2179,17,8,-25,-20,-23
23.886719,11,2179,2179,18,8,-25,-20,-23
23.890625,11,2179,2179,17,8,-25,-20,-23
23.894531,10,2179,2179,17,8,-25,-20,-23
23.898438,11,2179,2179,17,8,-25,-20,-23
23.902344,11,2179,2179,17,8,-25,-20,-23
23.906250,11,2179,2179,17,8,-25,-20,-23
23.910156,11,2179,2179,17,8,-25,-20,-23
23.914062,11,2179,2179,17,8,-25,-20,-23
23.917969,11,2179,2179,17,8,-25,-20,-23
23.921875,11,2179,2179,17,7,-25,-20,-23
23.925781,11,2179,2179,17,7,-25,-21,-23
23.929688,11,2179,2179,17,7,-25,-21,-23
23.933594,11,2179,2179,17,7,-25,-21,-23
23.937500,11,2179,2179,17,7,-25,-21,-23
23.941406,11,2179,2179,17,7,-25,-21,-23
23.945312,10,2179,2179,17,7,-25,-21,-23
23.949219,10,2179,2179,17,7,-25,-21,-23
23.953125,10,2179,2179,17,7,-25,-21,-23
23.957031,10,2179,2179,17,7,-25,-21,-23
23.960938,10,2179,2179,16,7,-25,-21,-23
23.964844,10,2179,2179,17,7,-25,-21,-23
23.968750,10,2179,2179,17,7,-25,-21,-23
23.972656,10,2179,2179,16,7,-25,-21,-23
23.976562,10,2179,2179,17,7,-25,-21,-23
23.980469,10,2179,2179,17,7,-25,-21,-23
23.984375,10,2179,2179,17,7,-25,-21,-23
23.988281,11,2179,2179,17,7,-25,-20,-23
23.992188,10,2179,2179,16,7,-25,-21,-23
23.996094,10,2179,2179,17,7,-25,-20,-23
24.000000,10,2179,2179,17,7,-25,-21,-23
24.003906,10,2179,2179,17,7,-25,-20,-23
24.007812,10,2179,2179,17,7,-25,-20,-23
24.011719,9,2179,2179,18,7,-25,-20,-23
24.015625,9,2179,2179,17,8,-25,-20,-23
24.019531,10,2179,2179,17,8,-25,-20,-23
24.023438,10,2179,2179,17,7,-25,-20,-23
24.027344,10,2179,2179,17,7,-25,-20,-23
24.031250,10,2179,2179,17,7,-25,-20,-23
24.035156,10,2179,2179,17,7,-25,-20,-23
24.039062,10,2179,2179,17,7,-25,-20,-23
24.042969,10,2179,2179,17,7,-25,-21,-23
24.046875,9,2179,2179,17,8,-25,-21,-23
24.050781,9,2179,2179,17,8,-25,-21,-23
24.054688,8,2179,2179,17,8,-25,-21,-23
24.058594,8,2179,2179,17,8,-25,-21,-23
24.062500,8,2179,2179,17,8,-25,-21,-23
24.066406,8,2179,2179,17,8,-25,-20,-23
24.070312,9,2179,2179,17,8,-25,-21,-23
24.074219,9,2179,2179,17,8,-25,-21,-23
24.078125,8,2179,2179,17,7,-25,-21,-23
24.082031,8,2179,2179,17,8,-25,-20,-23
24.085938,8,2179,2179,17,8,-25,-20,-23
24.089844,8,2179,2179,17,7,-25,-20,-23
24.093750,7,2179,2179,17,7,-25,-21,-23
24.097656,6,2179,2179,17,8,-25,-21,-23
24.101562,7,2179,2179,17,8,-25,-21,-23
24.105469,6,2179,2179,17,7,-25,-21,-23
24.109375,6,2179,2179,17,7,-25,-21,-23
24.113281,6,2179,2179,17,8,-25,-21,-23
24.117188,6,2179,2179,17,8,-25,-21,-23
24.121094,6,2179,2179,16,7,-25,-21,-23
24.125000,6,2179,2179,16,7,-25,-20,-23
24.128906,6,2179,2179,16,6,-25,-20,-23
24.132812,6,2179,2179,16,7,-25,-21,-23
24.136719,6,2179,2179,15,7,-25,-21,-23
24.140625,6,2179,2179,15,7,-25,-21,-23
24.144531,6,2179,2179,16,7,-25,-21,-23
24.148438,6,2179,2179,16,7,-25,-21,-23
24.152344,6,2179,2179,17,8,-25,-21,-23
24.156250,6,2179,2179,17,7,-25,-21,-23
24.160156,6,2179,2179,17,7,-25,-21,-23
24.164062,6,2179,2179,17,7,-25,-21,-23
24.167969,6,2179,2179,17,7,-25,-21,-23
24.171875,6,2179,2179,17,7,-25,-21,-23
24.175781,6,2179,2179,16,7,-25,-20,-23
24.179688,5,2179,2179,17,7,-25,-20,-23
24.183594,5,2179,2179,17,7,-25,-20,-23
24.187500,5,2179,2179,16,7,-25,-21,-23
24.191406,5,2179,2179,17,7,-25,-21,-23
24.195312,5,2179,2179,17,7,-25,-21,-23
24.199219,5,2179,2179,17,8,-25,-20,-23
24.203125,5,2179,2179,17,8,-25,-20,-23
24.207031,5,2179,2179,17,8,-25,-20,-23
24.210938,5,2179,2179,17,8,-25,-20,-23
24.214844,6,2179,2179,17,8,-25,-20,-23
24.218750,6,2179,2179,17,8,-25,-20,-23
24.222656,6,2179,2179,17,7,-25,-20,-23
24.226562,7,2179,2179,17,7,-25,-20,-23
24.230469,7,2179,2179,17,7,-25,-21,-23
24.234375,7,2179,2179,17,7,-25,-21,-23
24.238281,7,2179,2179,17,7,-25,-21,-23
24.242188,7,2179,2179,17,7,-25,-21,-23
24.246094,7,2179,2179,17,7,-25,-21,-23
24.250000,7,2179,2179,17,8,-25,-21,-23
24.253906,7,2179,2179,17,7,-25,-21,-23
24.257812,7,2179,2179,17,7,-25,-21,-23
24.261719,7,2179,2179,17,7,-25,-21,-23
24.265625,7,2179,2179,17,8,-25,-21,-23
24.269531,7,2179,2179,17,8,-25,-21,-23
24.273438,7,2179,2179,17,8,-25,-20,-23
24.277344,7,2179,2179,17,8,-25,-21,-23
24.281250,7,2179,2179,18,8,-25,-21,-23
24.285156,7,2179,2179,18,8,-25,-20,-23
24.289062,7,2179,2179,17,8,-25,-20,-23
24.292969,8,2179,2179,17,8,-25,-20,-23
24.296875,7,2179,2179,17,8,-25,-20,-23
24.300781,8,2179,2179,17,8,-25,-20,-23
24.304688,8,2179,2179,17,8,-25,-20,-23
24.308594,8,2179,2179,17,7,-25,-20,-23
24.312500,8,2179,2179,17,8,-25,-20,-23
24.316406,8,2179,2179,18,8,-25,-20,-23
24.320312,9,2179,2179,17,8,-25,-21,-23
24.324219,9,2179,2179,17,8,-25,-21,-23
24.328125,9,2179,2179,17,7,-25,-21,-23
24.332031,9,2179,2179,17,8,-25,-21,-23
24.335938,9,2179,2179,17,8,-25,-21,-23
24.339844,9,2179,2179,16,7,-25,-21,-23
24.343750,9,2179,2179,17,7,-25,-21,-23
24.347656,10,2179,2179,17,8,-25,-21,-23
24.351562,10,2179,2179,17,7,-25,-21,-23
24.355469,10,2179,2179,17,7,-25,-21,-23
24.359375,10,2179,2179,16,7,-25,-21,-23
24.363281,10,2179,2179,17,7,-25,-21,-23
24.367188,10,2179,2179,17,7,-25,-21,-23
24.371094,10,2179,2179,16,7,-25,-21,-24
24.375000,10,2179,2179,16,7,-25,-21,-23
24.378906,10,2179,2179,17,6,-25,-21,-23
24.382812,10,2179,2179,17,7,-25,-21,-23
24.386719,10,2179,2179,17,7,-25,-21,-23
24.390625,10,2179,2179,17,7,-25,-21,-23
24.394531,10,2179,2179,17,7,-25,-21,-23
24.398438,10,2179,2179,17,7,-25,-21,-23
24.402344,10,2179,2179,17,7,-25,-21,-23
24.406250,11,2179,2179,17,7,-25,-21,-23
24.410156,10,2179,2179,17,7,-25,-21,-23
24.414062,10,2179,2179,17,8,-25,-21,-23
24.417969,10,2179,2179,17,8,-25,-21,-23
24.421875,11,2179,2179,17,7,-25,-20,-23
24.425781,11,2179,2179,16,7,-25,-20,-23
24.429688,11,2179,2179,16,8,-25,-20,-23
24.433594,11,2179,2179,16,8,-25,-20,-23
24.437500,12,2179,2179,16,7,-25,-20,-23
24.441406,12,2179,2179,16,7,-25,-20,-23
24.445312,11,2179,2179,17,7,-25,-21,-23
24.449219,12,2179,2179,17,8,-25,-21,-23
24.453125,12,2179,2179,17,8,-25,-21,-23
24.457031,11,2179,2179,17,8,-25,-21,-23
24.460938,11,2179,2179,17,8,-25,-21,-23
24.464844,11,2179,2179,18,8,-25,-21,-23
24.468750,11,2179,2179,17,8,-25,-21,-23
24.472656,11,2179,2179,17,8,-25,-21,-23
24.476562,11,2179,2179,17,8,-25,-21,-23
24.480469,11,2179,2179,17,8,-25,-21,-23
24.484375,11,2179,2179,17,8,-25,-21,-23
24.488281,11,2179,2179,17,7,-25,-20,-23
24.492188,11,2179,2179,17,7,-25,-20,-23
24.496094,11,2179,2179,17,8,-25,-20,-23
24.500000,11,2179,2179,17,8,-25,-20,-23
24.503906,11,2179,2179,17,7,-25,-20,-23
24.507812,11,2179,2179,17,7,-25,-20,-23
24.511719,11,2179,2179,17,7,-25,-20,-23
24.515625,11,2179,2179,17,8,-25,-20,-23
24.519531,11,2179,2179,17,8,-25,-20,-23
24.523438,11,2179,2179,17,7,-25,-20,-23
24.527344,11,2179,2179,17,7,-25,-20,-23
24.531250,11,2179,2179,17,7,-25,-21,-23
24.535156,12,2179,2179,17,7,-25,-21,-23
24.539062,12,2179,2179,17,7,-25,-21,-23
24.542969,12,2179,2179,16,7,-25,-21,-23
24.546875,12,2179,2179,17,7,-25,-21,-23
24.550781,12,2179,2179,17,7,-25,-21,-23
24.554688,12,2179,2179,16,7,-25,-21,-23
24.558594,12,2179,2179,16,7,-25,-21,-23
24.562500,12,2179,2179,17,7,-25,-21,-23
24.566406,13,2179,2179,17,7,-25,-21,-23
24.570312,13,2179,2179,17,7,-25,-21,-23
24.574219,13,2179,2179,17,7,-25,-21,-23
24.578125,13,2179,2179,17,7,-25,-21,-23
24.582031,13,2179,2179,17,7,-25,-21,-23
24.585938,13,2179,2179,17,8,-25,-21,-23
24.589844,14,2179,2179,17,7,-25,-20,-23
24.593750,14,2179,2179,17,7,-25,-20,-23
24.597656,14,2179,2179,17,8,-25,-20,-23
24.601562,15,2179,2179,17,8,-25,-20,-23
24.605469,15,2179,2179,17,7,-25,-20,-23
24.609375,15,2179,2179,17,7,-25,-20,-23
24.613281,15,2179,2179,17,8,-25,-20,-23
24.617188,15,2179,2179,17,8,-25,-20,-23
24.621094,15,2179,2179,16,7,-24,-20,-23
24.625000,15,2179,2179,16,7,-25,-20,-23
24.628906,15,2179,2179,16,6,-25,-20,-23
24.632812,15,2179,2179,16,7,-25,-20,-23
24.636719,16,2179,2179,15,7,-25,-21,-23
24.640625,16,2179,2179,15,7,-25,-20,-23
24.644531,15,2179,2179,15,7,-25,-21,-23
24.648438,15,2179,2179,16,7,-25,-21,-23
24.652344,16,2179,2179,16,7,-25,-21,-23
24.656250,16,2179,2179,16,7,-25,-21,-23
24.660156,15,2179,2179,17,7,-25,-21,-23
24.664062,15,2179,2179,18,8,-25,-21,-23
24.667969,15,2179,2179,17,8,-25,-21,-23
24.671875,15,2179,2179,17,7,-25,-20,-23
24.675781,15,2179,2179,17,7,-25,-21,-23
24.679688,15,2179,2179,17,8,-25,-21,-23
24.683594,15,2179,2179,17,8,-25,-21,-23
24.687500,15,2179,2179,17,7,-25,-21,-23
24.691406,15,2179,2179,17,7,-25,-21,-23
24.695312,15,2179,2179,17,8,-25,-21,-23
24.699219,15,2179,2179,17,8,-25,-21,-23
24.703125,16,2179,2179,17,8,-25,-21,-23
24.707031,16,2179,2179,17,7,-25,-21,-23
24.710938,16,2179,2179,17,7,-25,-21,-23
24.714844,16,2179,2179,17,7,-25,-21,-23
24.718750,17,2179,2179,17,7,-25,-20,-23
24.722656,16,2179,2179,17,7,-25,-21,-23
24.726562,17,2179,2179,17,7,-25,-21,-23
24.730469,16,2179,2179,17,7,-25,-21,-23
24.734375,16,2179,2179,17,8,-25,-21,-23
24.738281,17,2179,2179,16,7,-25,-21,-23
24.742188,17,2179,2179,17,7,-25,-21,-23
24.746094,16,2179,2179,17,8,-25,-21,-23
24.750000,16,2179,2179,17,8,-25,-21,-23
24.753906,17,2179,2179,17,7,-25,-21,-23
24.757812,17,2179,2179,17,7,-25,-21,-23
24.761719,17,2179,2179,17,7,-25,-21,-23
24.765625,17,2179,2179,17,8,-25,-21,-23
24.769531,17,2179,2179,17,8,-25,-21,-23
24.773438,17,2179,2179,17,7,-25,-21,-23
24.777344,17,2179,2179,17,7,-25,-21,-23
24.781250,17,2179,2179,17,8,-25,-21,-23
24.785156,17,2179,2179,17,8,-25,-21,-23
24.789062,17,2179,2179,17,7,-25,-21,-23
24.792969,17,2179,2179,17,7,-25,-21,-23
24.796875,17,2179,2179,17,8,-25,-21,-23
24.800781,17,2179,2179,17,7,-25,-21,-23
24.804688,17,2179,2179,17,7,-25,-20,-23
24.808594,17,2179,2179,17,7,-25,-20,-23
24.812500,17,2179,2179,17,7,-25,-21,-23
24.816406,17,2179,2179,17,7,-25,-21,-23
24.820312,18,2179,2179,17,7,-25,-20,-23
24.824219,18,2179,2179,17,7,-25,-21,-23
24.828125,18,2179,2179,17,7,-25,-21,-23
24.832031,18,2179,2179,17,7,-25,-21,-23
24.835938,18,2179,2179,17,7,-25,-21,-23
24.839844,18,2179,2179,17,7,-25,-21,-23
24.843750,18,2179,2179,17,7,-25,-21,-23
24.847656,18,2179,2179,17,7,-25,-21,-23
24.851562,19,2179,2179,17,8,-25,-21,-23
24.855469,19,2179,2179,17,8,-25,-21,-23
24.859375,19,2179,2179,17,8,-25,-21,-23
24.863281,19,2179,2179,17,8,-25,-21,-23
24.867188,19,2179,2179,18,8,-25,-21,-23
24.871094,20,2179,2179,17,8,-24,-21,-23
24.875000,19,2179,2179,17,8,-25,-21,-23
24.878906,19,2179,2179,18,7,-25,-21,-23
24.882812,19,2179,2179,17,8,-25,-21,-23
24.886719,20,2179,2179,17,8,-25,-21,-23
24.890625,20,2179,2179,17,8,-25,-21,-23
24.894531,20,2179,2179,17,8,-25,-21,-23
24.898438,20,2179,2179,18,8,-25,-21,-23
24.902344,21,2179,2179,18,8,-25,-21,-23
24.906250,21,2179,2179,17,8,-25,-20,-23
24.910156,21,2179,2179,17,8,-25,-20,-23
24.914062,21,2179,2179,18,8,-25,-21,-23
24.917969,21,2179,2179,17,8,-25,-21,-23
24.921875,22,2179,2179,17,8,-25,-21,-23
24.925781,22,2179,2179,17,8,-25,-21,-23
24.929688,22,2179,2179,17,8,-25,-21,-23
24.933594,22,2179,2179,16,8,-25,-21,-23
24.937500,22,2179,2179,16,7,-25,-20,-23
24.941406,22,2179,2179,16,7,-25,-20,-23
24.945312,22,2179,2179,16,7,-25,-20,-23
24.949219,22,2179,2179,16,7,-25,-21,-23
24.953125,22,2179,2179,17,7,-25,-21,-23
24.957031,23,2179,2179,17,7,-25,-21,-23
24.960938,23,2179,2179,17,7,-25,-21,-23
24.964844,23,2179,2179,17,7,-25,-21,-23
24.968750,23,2179,2179,17,7,-25,-21,-24
24.972656,23,2179,2179,17,7,-25,-21,-23
24.976562,24,2179,2179,17,7,-25,-21,-23
24.980469,24,2179,2179,17,7,-25,-21,-23
24.984375,24,2179,2179,17,7,-25,-20,-23
24.988281,24,2179,2179,16,7,-25,-21,-23
24.992188,24,2179,2179,16,7,-25,-21,-23
24.996094,23,2179,2179,17,7,-26,-20,-23
25.000000,23,2179,2179,17,7,-25,-20,-23
25.003906,24,2179,2179,17,7,-25,-20,-23
25.007812,24,2179,2179,17,7,-25,-20,-23
25.011719,25,2179,2179,17,7,-25,-20,-23
25.015625,25,2179,2179,17,8,-25,-20,-23
25.019531,26,2179,2179,17,7,-25,-20,-23
25.023438,26,2179,2179,17,7,-25,-20,-23
25.027344,26,2179,2179,17,7,-25,-20,-23
25.031250,26,2179,2179,17,8,-25,-21,-23
25.035156,27,2179,2179,17,8,-25,-21,-23
25.039062,27,2179,2179,17,7,-25,-21,-23
25.042969,27,2179,2179,17,7,-25,-21,-23
25.046875,27,2179,2179,17,8,-25,-21,-23
25.050781,26,2179,2179,17,8,-25,-21,-23
25.054688,27,2179,2179,17,8,-25,-21,-23
25.058594,27,2179,2179,17,8,-25,-21,-23
25.062500,27,2179,2179,17,8,-25,-21,-23
25.066406,27,2179,2179,17,8,-25,-21,-23
25.070312,27,2179,2179,17,8,-25,-21,-23
25.074219,28,2179,2179,17,8,-25,-21,-23
25.078125,28,2179,2179,17,7,-25,-21,-23
25.082031,28,2179,2179,17,8,-25,-21,-23
25.085938,29,2179,2179,17,8,-25,-21,-23
25.089844,29,2179,2179,17,7,-25,-21,-23
25.093750,29,2179,2179,17,7,-25,-21,-23
25.097656,29,2179,2179,17,8,-25,-21,-23
25.101562,30,2179,2179,17,8,-25,-21,-23
25.105469,29,2179,2179,17,8,-25,-20,-23
25.109375,30,2179,2179,17,7,-25,-20,-23
25.113281,30,2179,2179,17,8,-25,-20,-23
25.117188,30,2179,2179,17,8,-25,-21,-23
25.121094,31,2179,2179,17,7,-24,-20,-23
25.125000,31,2179,2179,17,7,-25,-21,-23
25.128906,31,2179,2179,17,8,-25,-20,-23
25.132812,31,2179,2179,17,8,-25,-20,-23
25.136719,32,2179,2179,17,7,-25,-21,-23
25.140625,32,2179,2179,17,7,-25,-20,-23
25.144531,32,2179,2179,17,7,-25,-20,-23
25.148438,32,2179,2179,17,7,-25,-21,-23
25.152344,33,2179,2179,17,7,-25,-21,-23
25.156250,33,2179,2179,17,7,-25,-21,-23
25.160156,33,2179,2179,17,7,-25,-21,-23
25.164062,34,2179,2179,17,7,-25,-21,-23
25.167969,34,2179,2179,17,7,-25,-21,-23
25.171875,34,2179,2179,17,7,-25,-21,-23
25.175781,35,2179,2179,16,7,-25,-21,-23
25.179688,34,2179,2179,17,7,-25,-21,-23
25.183594,35,2179,2179,17,7,-25,-21,-23
25.187500,35,2179,2179,16,7,-25,-21,-23
25.191406,35,2179,2179,16,7,-25,-21,-23
25.195312,34,2179,2179,17,7,-25,-21,-23
25.199219,35,2179,2179,17,7,-25,-21,-23
25.203125,35,2179,2179,17,7,-25,-21,-23
25.207031,36,2179,2179,17,7,-25,-20,-23
25.210938,36,2179,2179,17,7,-25,-20,-23
25.214844,36,2179,2179,17,8,-25,-21,-23
25.218750,37,2179,2179,17,8,-25,-20,-23
25.222656,37,2179,2179,17,7,-25,-20,-23
25.226562,37,2179,2179,17,7,-25,-21,-23
25.230469,37,2179,2179,17,8,-25,-20,-23
25.234375,37,2179,2179,17,8,-25,-20,-23
25.238281,37,2179,2179,17,7,-25,-20,-23
25.242188,38,2179,2179,17,7,-25,-20,-23
25.246094,38,2179,2179,17,8,-26,-20,-23
25.250000,38,2179,2179,17,8,-25,-21,-23
25.253906,38,2179,2179,17,8,-25,-21,-24
25.257812,38,2179,2179,17,7,-25,-20,-23
25.261719,38,2179,2179,17,7,-25,-21,-23
25.265625,38,2179,2179,17,8,-25,-21,-24
25.269531,39,2179,2179,17,8,-25,-21,-23
25.273438,39,2179,2179,17,8,-25,-21,-23
25.277344,39,2179,2179,17,8,-25,-21,-23
25.281250,39,2179,2179,18,8,-25,-21,-23
25.285156,39,2179,2179,18,8,-25,-21,-23
25.289062,39,2179,2179,17,7,-25,-21,-23
25.292969,39,2179,2179,17,8,-25,-21,-23
25.296875,38,2179,2179,17,8,-25,-21,-23
25.300781,38,2179,2179,17,8,-25,-20,-23
25.304688,39,2179,2179,17,8,-25,-20,-23
25.308594,39,2179,2179,17,7,-25,-20,-23
25.312500,38,2179,2179,17,8,-25,-20,-23
25.316406,39,2179,2179,17,7,-25,-20,-23
25.320312,39,2179,2179,17,7,-25,-21,-23
25.324219,39,2179,2179,17,7,-25,-20,-23
25.328125,39,2179,2179,17,7,-25,-21,-23
25.332031,40,2179,2179,17,7,-25,-21,-23
25.335938,40,2179,2179,17,7,-25,-21,-23
25.339844,40,2179,2179,17,7,-25,-21,-23
25.343750,40,2179,2179,17,7,-25,-21,-23
25.347656,41,2179,2179,17,7,-25,-21,-23
25.351562,41,2179,2179,17,7,-25,-21,-23
25.355469,41,2179,2179,16,7,-25,-21,-23
25.359375,41,2179,2179,16,7,-25,-21,-23
25.363281,42,2179,2179,17,7,-25,-21,-23
25.367188,42,2179,2179,16,7,-25,-21,-23
25.371094,42,2179,2179,16,7,-23,-21,-23
25.375000,43,2179,2179,16,7,-25,-21,-23
25.378906,43,2179,2179,16,8,-25,-21,-23
25.382812,43,2179,2179,17,7,-25,-21,-23
25.386719,43,2179,2179,16,7,-25,-21,-23
25.390625,43,2179,2179,16,7,-25,-20,-23
25.394531,43,2179,2179,17,7,-25,-21,-23
25.398438,43,2179,2179,17,7,-25,-20,-23
25.402344,44,2179,2179,18,7,-25,-20,-23
25.406250,44,2179,2179,18,7,-25,-20,-23
25.410156,44,2179,2179,18,7,-25,-20,-23
25.414062,44,2179,2179,19,7,-25,-20,-23
25.417969,44,2179,2179,19,7,-25,-20,-23
25.421875,45,2179,2179,19,7,-25,-20,-23
25.425781,45,2179,2179,19,7,-25,-20,-23
25.429688,45,2179,2179,19,7,-25,-21,-23
25.433594,45,2179,2179,19,7,-25,-21,-23
25.437500,46,2179,2179,19,7,-25,-21,-23
25.441406,46,2179,2179,19,7,-25,-20,-23
25.445312,46,2179,2179,19,7,-25,-21,-23
25.449219,47,2179,2179,19,7,-25,-21,-24
25.453125,47,2179,2179,19,8,-25,-21,-24
25.457031,47,2179,2179,19,7,-25,-21,-24
25.460938,47,2179,2179,20,7,-25,-21,-24
25.464844,47,2179,2179,20,8,-25,-21,-23
25.468750,48,2179,2179,21,8,-25,-21,-23
25.472656,47,2179,2179,20,8,-25,-21,-23
25.476562,46,2179,2179,20,8,-25,-21,-23
25.480469,47,2179,2179,20,8,-25,-21,-23
25.484375,46,2179,2179,20,8,-25,-21,-23
25.488281,46,2179,2179,20,8,-25,-21,-23
25.492188,46,2179,2179,21,8,-25,-21,-23
25.496094,45,2179,2179,21,8,-27,-21,-23
25.500000,45,2179,2179,22,8,-25,-21,-23
25.503906,45,2179,2179,22,8,-25,-20,-23
25.507812,45,2179,2179,22,8,-25,-20,-23
25.511719,45,2179,2179,23,8,-25,-20,-23
25.515625,45,2179,2179,23,8,-25,-20,-23
25.519531,45,2179,2179,23,7,-25,-21,-23
25.523438,45,2179,2179,23,7,-25,-20,-23
25.527344,45,2179,2179,23,7,-25,-20,-23
25.531250,45,2179,2179,23,7,-25,-20,-23
25.535156,45,2179,2179,22,7,-25,-20,-23
25.539062,46,2179,2179,22,7,-25,-20,-23
25.542969,46,2179,2179,22,7,-25,-20,-23
25.546875,45,2179,2179,22,7,-25,-21,-23
25.550781,46,2179,2179,22,7,-25,-21,-23
25.554688,46,2179,2179,22,7,-25,-21,-23
25.558594,46,2179,2179,22,7,-25,-21,-23
25.562500,46,2179,2179,23,7,-25,-21,-23
25.566406,46,2179,2179,23,7,-25,-21,-23
25.570312,46,2179,2179,23,7,-25,-21,-23
25.574219,46,2179,2179,24,7,-25,-21,-23
25.578125,46,2179,2179,24,7,-25,-21,-23
25.582031,46,2179,2179,25,7,-25,-21,-23
25.585938,46,2179,2179,25,7,-25,-21,-23
25.589844,46,2179,2179,25,7,-25,-21,-23
25.593750,46,2179,2179,25,7,-25,-21,-23
25.597656,46,2179,2179,25,7,-25,-21,-23
25.601562,45,2179,2179,25,7,-25,-21,-23
25.605469,46,2179,2179,24,7,-25,-21,-23
25.609375,46,2179,2179,24,7,-25,-21,-23
25.613281,46,2179,2179,25,8,-25,-20,-23
25.617188,46,2179,2179,25,7,-25,-20,-23
25.621094,47,2179,2179,25,7,-22,-20,-23
25.625000,47,2179,2179,26,7,-25,-20,-23
25.628906,47,2179,2179,27,8,-25,-20,-23
25.632812,47,2179,2179,28,8,-25,-20,-23
25.636719,47,2179,2179,28,8,-25,-21,-23
25.640625,47,2179,2179,28,7,-25,-20,-23
25.644531,46,2179,2179,29,7,-25,-20,-23
25.648438,46,2179,2179,30,7,-25,-20,-23
25.652344,47,2179,2179,31,8,-25,-20,-23
25.656250,47,2179,2179,32,7,-25,-20,-23
25.660156,47,2179,2179,33,7,-25,-20,-23
25.664062,47,2179,2179,34,7,-25,-21,-23
25.667969,48,2179,2179,35,7,-25,-21,-23
25.671875,48,2179,2179,36,7,-25,-21,-23
25.675781,48,2179,2179,36,7,-25,-21,-23
25.679688,48,2179,2179,38,8,-25,-21,-23
25.683594,48,2179,2179,40,8,-25,-21,-23
25.687500,48,2179,2179,41,7,-25,-21,-23
25.691406,48,2179,2179,43,7,-25,-21,-23
25.695312,48,2179,2179,45,8,-25,-21,-23
25.699219,48,2179,2179,46,8,-25,-21,-23
25.703125,48,2179,2179,47,8,-25,-21,-23
25.707031,48,2179,2179,48,7,-25,-20,-23
25.710938,48,2179,2179,49,7,-25,-21,-23
25.714844,48,2179,2179,51,8,-25,-21,-23
25.718750,48,2179,2179,52,7,-25,-20,-23
25.722656,48,2179,2179,54,7,-25,-20,-23
25.726562,47,2179,2179,56,7,-25,-20,-23
25.730469,48,2179,2179,59,7,-25,-20,-23
25.734375,48,2179,2179,61,8,-25,-20,-23
25.738281,49,2179,2179,63,7,-25,-20,-23
25.742188,49,2179,2179,64,7,-25,-20,-23
25.746094,48,2179,2179,65,8,-28,-20,-23
25.750000,48,2179,2179,66,8,-25,-21,-23
25.753906,49,2179,2179,67,7,-25,-20,-23
25.757812,49,2179,2179,69,7,-25,-21,-23
25.761719,48,2179,2179,72,7,-25,-20,-23
25.765625,48,2179,2179,76,7,-25,-21,-23
25.769531,48,2179,2179,80,7,-25,-21,-23
25.773438,48,2179,2179,82,7,-25,-21,-23
25.777344,48,2179,2179,85,7,-25,-20,-23
25.781250,48,2179,2179,87,7,-25,-21,-23
25.785156,48,2179,2179,87,7,-25,-21,-23
25.789062,48,2179,2179,88,7,-25,-21,-23
25.792969,47,2179,2179,88,7,-25,-21,-23
25.796875,47,2179,2179,90,7,-25,-21,-23
25.800781,47,2179,2179,92,7,-25,-21,-23
25.804688,47,2179,2179,94,7,-25,-21,-23
25.808594,47,2179,2179,97,7,-25,-21,-23
25.812500,47,2179,2179,101,7,-25,-21,-23
25.816406,47,2179,2179,105,7,-25,-21,-23
25.820312,47,2179,2179,107,7,-25,-20,-23
25.824219,47,2179,2179,109,7,-25,-20,-23
25.828125,47,2179,2179,111,7,-25,-20,-23
25.832031,47,2179,2179,113,8,-25,-21,-23
25.835938,47,2179,2179,115,8,-25,-21,-23
25.839844,48,2179,2179,117,7,-25,-20,-23
25.843750,47,2179,2179,119,7,-25,-21,-23
25.847656,47,2179,2179,121,8,-25,-21,-23
25.851562,47,2179,2179,123,8,-25,-21,-23
25.855469,47,2179,2179,125,7,-25,-20,-23
25.859375,47,2179,2179,127,7,-25,-21,-23
25.863281,47,2179,2179,129,8,-25,-21,-23
25.867188,46,2179,2179,130,8,-25,-21,-23
25.871094,47,2179,2179,131,8,-21,-21,-24
25.875000,47,2179,2179,132,8,-25,-21,-24
25.878906,46,2179,2179,133,8,-25,-21,-23
25.882812,46,2179,2179,134,8,-25,-21,-23
25.886719,46,2179,2179,135,8,-25,-21,-24
25.890625,46,2179,2179,136,8,-25,-21,-24
25.894531,46,2179,2179,138,8,-25,-21,-23
25.898438,46,2179,2179,140,8,-25,-21,-23
25.902344,46,2179,2179,142,8,-25,-21,-23
25.906250,45,2179,2179,143,8,-25,-21,-23
25.910156,45,2179,2179,144,8,-25,-21,-23
25.914062,44,2179,2179,146,8,-25,-21,-23
25.917969,44,2179,2179,146,8,-25,-21,-23
25.921875,45,2179,2179,146,8,-25,-21,-23
25.925781,44,2179,2179,147,7,-25,-21,-23
25.929688,44,2179,2179,148,8,-25,-20,-23
25.933594,44,2179,2179,149,8,-25,-21,-23
25.937500,45,2179,2179,150,7,-25,-21,-23
25.941406,45,2179,2179,151,7,-25,-20,-23
25.945312,44,2179,2179,152,7,-25,-20,-23
25.949219,44,2179,2179,153,7,-25,-20,-23
25.953125,45,2179,2179,154,7,-25,-20,-23
25.957031,45,2179,2179,155,7,-25,-21,-23
25.960938,44,2179,2179,156,7,-25,-21,-23
25.964844,44,2179,2179,157,7,-25,-21,-23
25.968750,44,2179,2179,157,7,-25,-21,-23
25.972656,44,2179,2179,157,7,-25,-21,-23
25.976562,44,2179,2179,157,6,-25,-21,-23
25.980469,44,2179,2179,157,7,-25,-21,-23
25.984375,44,2179,2179,157,7,-25,-21,-23
25.988281,44,2179,2179,157,7,-26,-21,-24
25.992188,44,2179,2179,157,7,-25,-21,-24
25.996094,43,2179,2179,158,7,-29,-21,-23
26.000000,43,2179,2179,159,7,-25,-21,-23
26.003906,43,2179,2179,160,7,-25,-21,-23
26.007812,43,2179,2179,161,7,-25,-20,-23
26.011719,43,2179,2179,162,7,-25,-20,-23
26.015625,43,2179,2179,163,8,-25,-20,-23
26.019531,43,2179,2179,163,8,-25,-20,-23
26.023438,43,2179,2179,163,7,-25,-20,-23
26.027344,43,2179,2179,163,7,-25,-20,-23
26.031250,43,2179,2179,164,8,-25,-20,-23
26.035156,43,2179,2179,165,8,-25,-20,-23
26.039062,43,2179,2179,165,7,-25,-20,-23
26.042969,43,2179,2179,166,7,-25,-20,-23
26.046875,43,2179,2179,167,8,-25,-21,-23
26.050781,43,2179,2179,168,8,-25,-20,-23
26.054688,43,2179,2179,168,7,-25,-21,-23
26.058594,43,2179,2179,168,7,-25,-21,-23
26.062500,43,2179,2179,169,7,-25,-21,-23
26.066406,43,2179,2179,169,8,-25,-21,-23
26.070312,43,2179,2179,169,7,-25,-21,-23
26.074219,43,2179,2179,169,7,-25,-21,-23
26.078125,43,2179,2179,169,7,-25,-21,-23
26.082031,43,2179,2179,169,8,-25,-21,-23
26.085938,43,2179,2179,169,8,-25,-21,-23
26.089844,43,2179,2179,169,7,-25,-21,-23
26.093750,42,2179,2179,170,7,-25,-21,-23
26.097656,42,2179,2179,170,8,-25,-21,-23
26.101562,42,2179,2179,171,8,-25,-21,-23
26.105469,42,2179,2179,172,8,-25,-21,-23
26.109375,42,2179,2179,172,8,-25,-21,-23
26.113281,41,2179,2179,173,8,-25,-20,-23
26.117188,41,2179,2179,173,8,-25,-21,-23
26.121094,41,2179,2179,172,7,-19,-21,-23
26.125000,41,2179,2179,172,7,-25,-20,-23
26.128906,41,2179,2179,173,8,-25,-20,-23
26.132812,41,2179,2179,173,8,-25,-20,-23
26.136719,41,2179,2179,173,8,-25,-21,-23
26.140625,41,2179,2179,173,7,-25,-20,-23
26.144531,41,2179,2179,174,7,-25,-20,-23
26.148438,41,2179,2179,175,7,-25,-20,-23
26.152344,41,2179,2179,175,7,-25,-21,-23
26.156250,41,2179,2179,175,7,-25,-20,-23
26.160156,41,2179,2179,176,7,-25,-21,-23
26.164062,41,2179,2179,176,7,-25,-21,-23
26.167969,41,2179,2179,176,7,-25,-21,-23
26.171875,41,2179,2179,176,7,-25,-21,-23
26.175781,40,2179,2179,176,7,-25,-21,-23
26.179688,40,2179,2179,176,7,-25,-21,-23
26.183594,40,2179,2179,176,7,-25,-21,-23
26.187500,40,2179,2179,176,7,-25,-21,-23
26.191406,40,2179,2179,176,7,-25,-21,-23
26.195312,39,2179,2179,177,7,-25,-21,-23
26.199219,39,2179,2179,177,8,-25,-21,-23
26.203125,39,2179,2179,177,8,-25,-21,-23
26.207031,39,2179,2179,177,7,-25,-21,-23
26.210938,38,2179,2179,177,7,-25,-21,-23
26.214844,38,2179,2179,177,8,-25,-21,-23
26.218750,38,2179,2179,178,8,-25,-20,-23
26.222656,37,2179,2179,177,8,-25,-21,-23
26.226562,37,2179,2179,177,7,-25,-21,-23
26.230469,37,2179,2179,178,8,-25,-20,-23
26.234375,37,2179,2179,179,8,-25,-20,-23
26.238281,37,2179,2179,179,7,-25,-20,-23
26.242188,37,2179,2179,179,7,-25,-20,-23
26.246094,37,2179,2179,179,8,-31,-20,-23
26.250000,37,2179,2179,179,8,-25,-21,-23
26.253906,37,2179,2179,179,7,-25,-21,-23
26.257812,37,2179,2179,179,7,-25,-21,-23
26.261719,37,2179,2179,179,7,-25,-21,-23
26.265625,37,2179,2179,179,8,-25,-21,-23
26.269531,37,2179,2179,179,8,-25,-21,-23
26.273438,37,2179,2179,179,8,-25,-21,-23
26.277344,38,2179,2179,179,7,-25,-21,-23
26.281250,38,2179,2179,179,8,-25,-21,-23
26.285156,38,2179,2179,179,8,-25,-21,-23
26.289062,38,2179,2179,179,8,-25,-21,-23
26.292969,38,2179,2179,180,8,-25,-21,-24
26.296875,38,2179,2179,180,8,-25,-21,-23
26.300781,38,2179,2179,181,8,-25,-21,-23
26.304688,38,2179,2179,181,8,-25,-21,-23
26.308594,38,2179,2179,182,8,-25,-21,-23
26.312500,38,2179,2179,183,8,-25,-21,-23
26.316406,38,2179,2179,183,8,-25,-21,-23
26.320312,38,2179,2179,182,8,-25,-20,-23
26.324219,38,2179,2179,182,8,-25,-20,-23
26.328125,37,2179,2179,181,8,-25,-20,-23
26.332031,37,2179,2179,181,8,-25,-20,-23
26.335938,38,2179,2179,181,8,-25,-20,-23
26.339844,38,2179,2179,180,7,-25,-20,-23
26.343750,37,2179,2179,180,7,-25,-20,-23
26.347656,37,2179,2179,181,8,-25,-21,-23
26.351562,37,2179,2179,181,7,-25,-20,-23
26.355469,37,2179,2179,180,7,-25,-20,-23
26.359375,37,2179,2179,180,7,-25,-20,-23
26.363281,37,2179,2179,180,7,-25,-20,-23
26.367188,37,2179,2179,180,7,-25,-21,-23
26.371094,37,2179,2179,180,7,-19,-21,-23
26.375000,37,2179,2179,180,6,-25,-21,-23
26.378906,37,2179,2179,181,7,-25,-21,-23
26.382812,36,2179,2179,182,7,-25,-21,-23
26.386719,37,2179,2179,182,7,-25,-21,-23
26.390625,36,2179,2179,183,7,-25,-21,-23
26.394531,36,2179,2179,184,7,-25,-21,-23
26.398438,36,2179,2179,184,7,-25,-21,-23
26.402344,36,2179,2179,184,8,-25,-21,-23
26.406250,36,2179,2179,184,7,-25,-21,-23
26.410156,35,2179,2179,184,7,-25,-21,-23
26.414062,35,2179,2179,184,8,-25,-21,-23
26.417969,35,2179,2179,183,7,-25,-20,-23
26.421875,35,2179,2179,182,7,-25,-20,-23
26.425781,35,2179,2179,182,7,-25,-20,-23
26.429688,35,2179,2179,182,8,-25,-20,-23
26.433594,35,2179,2179,182,8,-25,-20,-23
26.437500,36,2179,2179,182,8,-25,-20,-23
26.441406,36,2179,2179,182,8,-25,-20,-23
26.445312,36,2179,2179,182,8,-25,-20,-23
26.449219,36,2179,2179,183,8,-25,-21,-23
26.453125,36,2179,2179,183,8,-25,-21,-23
26.457031,36,2179,2179,184,8,-25,-21,-23
26.460938,36,2179,2179,184,8,-25,-21,-23
26.464844,37,2179,2179,185,8,-25,-21,-23
26.468750,37,2179,2179,185,8,-25,-21,-23
26.472656,37,2179,2179,184,7,-25,-20,-23
26.476562,36,2179,2179,184,7,-25,-20,-23
26.480469,37,2179,2179,184,8,-25,-21,-23
26.484375,36,2179,2179,184,8,-25,-21,-23
26.488281,37,2179,2179,184,8,-25,-20,-23
26.492188,37,2179,2179,184,8,-25,-21,-24
26.496094,36,2179,2179,184,8,-33,-20,-23
26.500000,36,2179,2179,184,8,-25,-21,-23
26.503906,36,2179,2179,184,8,-25,-21,-23
26.507812,36,2179,2179,184,8,-25,-21,-23
26.511719,36,2179,2179,185,8,-25,-21,-23
26.515625,36,2179,2179,185,8,-25,-21,-23
26.519531,36,2179,2179,185,8,-25,-21,-23
26.523438,36,2179,2179,185,7,-25,-21,-23
26.527344,35,2179,2179,185,7,-25,-21,-23
26.531250,35,2179,2179,185,8,-25,-21,-23
26.535156,35,2179,2179,186,7,-25,-21,-23
26.539062,36,2179,2179,185,7,-25,-20,-23
26.542969,36,2179,2179,186,7,-25,-21,-23
26.546875,35,2179,2179,186,7,-25,-21,-23
26.550781,35,2179,2179,186,7,-25,-21,-23
26.554688,36,2179,2179,185,7,-25,-21,-23
26.558594,36,2179,2179,185,7,-25,-21,-23
26.562500,36,2179,2179,185,7,-25,-21,-23
26.566406,36,2179,2179,184,7,-25,-21,-23
26.570312,37,2179,2179,184,7,-25,-21,-23
26.574219,37,2179,2179,184,7,-25,-21,-23
26.578125,37,2179,2179,184,7,-25,-21,-23
26.582031,37,2179,2179,185,7,-25,-21,-23
26.585938,37,2179,2179,185,7,-25,-21,-23
26.589844,37,2179,2179,185,7,-25,-21,-23
26.593750,37,2179,2179,186,7,-25,-21,-23
26.597656,37,2179,2179,186,8,-25,-21,-23
26.601562,37,2179,2179,187,8,-25,-21,-24
26.605469,37,2179,2179,187,7,-25,-21,-23
26.609375,36,2179,2179,187,7,-25,-21,-23
26.613281,36,2179,2179,188,8,-25,-21,-23
26.617188,36,2179,2179,188,8,-25,-21,-23
26.621094,36,2179,2179,187,7,-19,-21,-23
26.625000,36,2179,2179,187,8,-25,-21,-23
26.628906,35,2179,2179,187,8,-25,-21,-23
26.632812,35,2179,2179,187,8,-25,-20,-23
26.636719,36,2179,2179,187,8,-25,-20,-23
26.640625,36,2179,2179,187,8,-25,-20,-23
26.644531,35,2179,2179,187,8,-25,-20,-23
26.648438,35,2179,2179,187,8,-25,-20,-23
26.652344,35,2179,2179,188,8,-25,-21,-23
26.656250,35,2179,2179,187,7,-25,-21,-23
26.660156,35,2179,2179,187,8,-25,-21,-23
26.664062,35,2179,2179,188,8,-25,-21,-23
26.667969,36,2179,2179,187,8,-25,-21,-23
26.671875,36,2179,2179,187,7,-25,-21,-23
26.675781,36,2179,2179,186,7,-25,-21,-23
26.679688,36,2179,2179,187,8,-25,-21,-24
26.683594,36,2179,2179,187,8,-25,-21,-23
26.687500,36,2179,2179,187,7,-25,-21,-23
26.691406,36,2179,2179,187,7,-25,-21,-23
26.695312,35,2179,2179,188,7,-25,-21,-23
26.699219,35,2179,2179,188,8,-25,-21,-23
26.703125,35,2179,2179,188,8,-25,-21,-23
26.707031,34,2179,2179,188,7,-25,-21,-23
26.710938,34,2179,2179,188,7,-25,-21,-23
26.714844,34,2179,2179,188,8,-25,-21,-23
26.718750,34,2179,2179,188,8,-25,-21,-23
26.722656,34,2179,2179,187,7,-25,-21,-23
26.726562,34,2179,2179,187,7,-25,-21,-23
26.730469,34,2179,2179,187,8,-25,-21,-23
26.734375,33,2179,2179,187,8,-25,-21,-23
26.738281,34,2179,2179,187,7,-25,-20,-23
26.742188,34,2179,2179,187,8,-25,-20,-23
26.746094,33,2179,2179,188,8,-32,-20,-23
26.750000,33,2179,2179,188,8,-25,-20,-23
26.753906,33,2179,2179,188,8,-25,-20,-23
26.757812,33,2179,2179,188,8,-25,-20,-23
26.761719,33,2179,2179,189,8,-25,-20,-23
26.765625,33,2179,2179,188,8,-25,-20,-23
26.769531,34,2179,2179,188,8,-25,-21,-23
26.773438,34,2179,2179,188,7,-25,-21,-23
26.777344,33,2179,2179,188,7,-25,-21,-23
26.781250,33,2179,2179,189,7,-25,-21,-23
26.785156,33,2179,2179,189,7,-25,-21,-23
26.789062,33,2179,2179,188,7,-25,-21,-23
26.792969,33,2179,2179,188,7,-25,-21,-23
26.796875,33,2179,2179,188,7,-25,-21,-23
26.800781,33,2179,2179,188,7,-25,-21,-24
26.804688,33,2179,2179,187,7,-25,-21,-23
26.808594,33,2179,2179,187,7,-25,-21,-23
26.812500,33,2179,2179,187,7,-25,-21,-24
26.816406,33,2179,2179,187,7,-25,-21,-23
26.820312,33,2179,2179,187,7,-25,-21,-23
26.824219,33,2179,2179,187,7,-25,-20,-23
26.828125,32,2179,2179,187,7,-25,-20,-23
26.832031,32,2179,2179,188,8,-25,-20,-23
26.835938,32,2179,2179,188,8,-25,-20,-23
26.839844,32,2179,2179,187,7,-25,-20,-23
26.843750,32,2179,2179,188,7,-25,-20,-23
26.847656,32,2179,2179,188,8,-25,-20,-23
26.851562,33,2179,2179,188,8,-25,-21,-23
26.855469,33,2179,2179,188,7,-25,-20,-23
26.859375,33,2179,2179,188,7,-25,-21,-23
26.863281,33,2179,2179,188,8,-25,-20,-23
26.867188,32,2179,2179,188,8,-25,-20,-23
26.871094,33,2179,2179,188,7,-22,-21,-23
26.875000,32,2179,2179,189,7,-25,-21,-23
26.878906,32,2179,2179,189,8,-25,-21,-23
26.882812,32,2179,2179,189,8,-25,-21,-23
26.886719,32,2179,2179,189,8,-25,-21,-23
26.890625,32,2179,2179,189,8,-25,-21,-23
26.894531,32,2179,2179,189,8,-25,-21,-23
26.898438,32,2179,2179,189,8,-25,-21,-24
26.902344,32,2179,2179,189,8,-25,-21,-23
26.906250,32,2179,2179,189,8,-25,-21,-23
26.910156,31,2179,2179,189,8,-25,-21,-23
26.914062,31,2179,2179,189,8,-25,-21,-23
26.917969,31,2179,2179,189,8,-25,-21,-23
26.921875,31,2179,2179,189,7,-25,-21,-23
26.925781,32,2179,2179,188,7,-25,-20,-23
26.929688,31,2179,2179,189,8,-25,-21,-23
26.933594,32,2179,2179,189,8,-25,-21,-23
26.937500,32,2179,2179,188,7,-25,-20,-23
26.941406,32,2179,2179,188,7,-25,-20,-23
26.945312,31,2179,2179,188,7,-25,-20,-23
26.949219,31,2179,2179,188,8,-25,-20,-23
26.953125,31,2179,2179,188,8,-25,-20,-23
26.957031,31,2179,2179,188,7,-25,-20,-23
26.960938,31,2179,2179,188,7,-25,-20,-23
26.964844,31,2179,2179,189,7,-25,-21,-23
26.968750,32,2179,2179,189,7,-25,-20,-23
26.972656,32,2179,2179,189,7,-25,-21,-23
26.976562,32,2179,2179,190,7,-25,-21,-23
26.980469,31,2179,2179,190,7,-25,-21,-23
26.984375,31,2179,2179,190,7,-25,-21,-23
26.988281,32,2179,2179,190,7,-25,-20,-23
26.992188,32,2179,2179,190,7,-25,-21,-23
26.996094,31,2179,2179,189,7,-30,-21,-23
27.000000,31,2179,2179,189,7,-25,-21,-23
27.003906,31,2179,2179,189,7,-25,-21,-23
27.007812,31,2179,2179,189,7,-25,-21,-23
27.011719,30,2179,2179,189,8,-25,-21,-23
27.015625,30,2179,2179,189,8,-25,-21,-23
27.019531,30,2179,2179,189,8,-25,-21,-23
27.023438,30,2179,2179,189,7,-25,-20,-23
27.027344,30,2179,2179,189,7,-25,-20,-23
27.031250,29,2179,2179,189,8,-25,-20,-23
27.035156,30,2179,2179,190,8,-25,-20,-23
27.039062,30,2179,2179,190,8,-25,-20,-23
27.042969,29,2179,2179,190,8,-25,-20,-23
27.046875,29,2179,2179,190,8,-25,-20,-23
27.050781,29,2179,2179,191,8,-25,-20,-23
27.054688,29,2179,2179,190,8,-25,-20,-23
27.058594,29,2179,2179,190,8,-25,-20,-23
27.062500,29,2179,2179,190,8,-25,-20,-23
27.066406,29,2179,2179,190,8,-25,-21,-23
27.070312,29,2179,2179,190,8,-25,-21,-23
27.074219,29,2179,2179,189,7,-25,-20,-23
27.078125,29,2179,2179,189,7,-25,-21,-23
27.082031,28,2179,2179,189,8,-25,-21,-24
27.085938,28,2179,2179,189,7,-25,-21,-24
27.089844,28,2179,2179,188,7,-25,-21,-23
27.093750,28,2179,2179,187,7,-25,-20,-24
27.097656,27,2179,2179,184,8,-25,-21,-23
27.101562,27,2179,2179,179,8,-25,-21,-23
27.105469,26,2179,2179,170,7,-25,-21,-23
27.109375,26,2179,2179,158,7,-25,-21,-23
27.113281,25,2179,2179,144,8,-25,-20,-23
27.117188,25,2179,2179,130,8,-25,-21,-23
27.121094,25,2179,2179,117,8,-25,-21,-23
27.125000,24,2179,2179,108,8,-25,-21,-23
27.128906,24,2179,2179,102,8,-25,-21,-23
27.132812,24,2179,2179,100,8,-25,-21,-23
27.136719,24,2179,2179,98,8,-25,-20,-23
27.140625,24,2179,2179,95,7,-25,-20,-23
27.144531,24,2179,2179,91,7,-25,-20,-23
27.148438,24,2179,2179,84,7,-25,-20,-23
27.152344,24,2179,2179,75,7,-25,-20,-23
27.156250,24,2179,2179,64,7,-25,-20,-23
27.160156,24,2179,2179,53,7,-25,-20,-23
27.164062,23,2179,2179,44,7,-25,-21,-23
27.167969,23,2179,2179,37,7,-25,-20,-23
27.171875,23,2179,2179,32,7,-25,-20,-23
27.175781,23,2179,2179,30,7,-25,-20,-23
27.179688,23,2179,2179,30,7,-25,-20,-23
27.183594,23,2179,2179,30,7,-25,-20,-23
27.187500,23,2179,2179,30,7,-25,-20,-23
27.191406,23,2179,2179,29,7,-25,-20,-23
27.195312,22,2179,2179,29,7,-25,-20,-24
27.199219,22,2179,2179,27,7,-25,-21,-23
27.203125,22,2179,2179,26,8,-25,-21,-23
27.207031,21,2179,2179,24,7,-25,-21,-23
27.210938,20,2179,2179,23,7,-25,-21,-23
27.214844,20,2179,2179,24,8,-25,-21,-23
27.218750,20,2179,2179,24,8,-25,-21,-23
27.222656,20,2179,2179,24,7,-25,-21,-23
27.226562,19,2179,2179,24,7,-25,-21,-23
27.230469,19,2179,2179,24,8,-25,-20,-23
27.234375,18,2179,2179,24,8,-25,-20,-23
27.238281,18,2179,2179,23,7,-25,-20,-23
27.242188,18,2179,2179,22,7,-25,-20,-23
27.246094,18,2179,2179,22,7,-25,-20,-23
27.250000,17,2179,2179,22,8,-25,-20,-23
27.253906,18,2179,2179,22,7,-25,-21,-23
27.257812,18,2179,2179,22,7,-25,-20,-23
27.261719,17,2179,2179,23,7,-25,-20,-23
27.265625,17,2179,2179,23,8,-25,-20,-23
27.269531,17,2179,2179,22,8,-25,-20,-23
27.273438,17,2179,2179,22,7,-25,-21,-23
27.277344,17,2179,2179,21,7,-25,-20,-23
27.281250,17,2179,2179,21,8,-25,-21,-23
27.285156,17,2179,2179,21,8,-25,-21,-23
27.289062,16,2179,2179,20,7,-25,-21,-23
27.292969,16,2179,2179,20,7,-25,-21,-23
27.296875,16,2179,2179,21,8,-25,-21,-23
27.300781,16,2179,2179,21,8,-25,-21,-23
27.304688,16,2179,2179,20,8,-25,-21,-23
27.308594,16,2179,2179,20,8,-25,-21,-23
27.312500,15,2179,2179,20,8,-25,-21,-23
27.316406,15,2179,2179,19,8,-25,-21,-23
27.320312,16,2179,2179,19,8,-25,-21,-23
27.324219,16,2179,2179,18,7,-25,-21,-23
27.328125,15,2179,2179,18,8,-25,-21,-23
27.332031,15,2179,2179,19,8,-25,-20,-23
27.335938,15,2179,2179,19,8,-25,-20,-23
27.339844,15,2179,2179,19,8,-25,-21,-23
27.343750,15,2179,2179,18,7,-25,-21,-23
27.347656,15,2179,2179,18,7,-25,-21,-23
27.351562,15,2179,2179,18,8,-25,-21,-23
27.355469,15,2179,2179,17,7,-25,-20,-23
27.359375,15,2179,2179,17,7,-25,-21,-23
27.363281,15,2179,2179,17,7,-25,-20,-23
27.367188,15,2179,2179,16,7,-25,-21,-23
27.371094,15,2179,2179,16,7,-25,-20,-23
27.375000,15,2179,2179,16,7,-25,-20,-23
27.378906,15,2179,2179,16,7,-25,-20,-23
27.382812,15,2179,2179,17,7,-25,-20,-23
27.386719,16,2179,2179,16,7,-25,-21,-23
27.390625,15,2179,2179,16,7,-25,-21,-23
27.394531,15,2179,2179,16,7,-25,-21,-23
27.398438,15,2179,2179,17,7,-25,-21,-24
27.402344,15,2179,2179,17,7,-25,-21,-23
27.406250,14,2179,2179,17,7,-25,-21,-23
27.410156,14,2179,2179,17,7,-25,-21,-23
27.414062,14,2179,2179,17,8,-25,-21,-23
27.417969,14,2179,2179,17,7,-25,-21,-23
27.421875,14,2179,2179,17,7,-25,-21,-23
27.425781,15,2179,2179,17,7,-25,-21,-23
27.429688,14,2179,2179,17,8,-25,-21,-23
27.433594,14,2179,2179,17,8,-25,-21,-23
27.437500,14,2179,2179,17,7,-25,-20,-23
27.441406,14,2179,2179,17,8,-25,-20,-23
27.445312,14,2179,2179,17,7,-25,-20,-23
27.449219,14,2179,2179,17,8,-25,-20,-23
27.453125,15,2179,2179,17,8,-25,-20,-23
27.457031,15,2179,2179,17,8,-25,-20,-23
27.460938,14,2179,2179,17,8,-25,-21,-23
27.464844,14,2179,2179,17,8,-25,-20,-23
27.468750,14,2179,2179,17,8,-25,-21,-23
27.472656,14,2179,2179,17,7,-25,-20,-23
27.476562,14,2179,2179,17,7,-25,-20,-23
27.480469,14,2179,2179,17,8,-25,-21,-23
27.484375,14,2179,2179,17,8,-25,-21,-23
27.488281,14,2179,2179,17,7,-25,-20,-23
27.492188,14,2179,2179,17,7,-25,-20,-23
27.496094,13,2179,2179,17,7,-25,-21,-23
27.500000,13,2179,2179,17,8,-25,-21,-23
27.503906,13,2179,2179,17,7,-25,-21,-23
27.507812,13,2179,2179,17,7,-25,-21,-23
27.511719,12,2179,2179,17,7,-25,-21,-23
27.515625,12,2179,2179,17,8,-25,-21,-23
27.519531,12,2179,2179,17,8,-25,-21,-23
27.523438,12,2179,2179,17,7,-25,-21,-23
27.527344,11,2179,2179,17,7,-25,-21,-23
27.531250,11,2179,2179,17,7,-25,-21,-23
27.535156,11,2179,2179,17,7,-25,-21,-23
27.539062,11,2179,2179,17,7,-25,-20,-23
27.542969,11,2179,2179,17,7,-25,-20,-23
27.546875,10,2179,2179,17,8,-25,-21,-23
27.550781,10,2179,2179,17,8,-25,-20,-23
27.554688,10,2179,2179,17,7,-25,-21,-23
27.558594,10,2179,2179,17,7,-25,-20,-23
27.562500,10,2179,2179,17,8,-25,-20,-23
27.566406,10,2179,2179,17,8,-25,-21,-23
27.570312,10,2179,2179,17,8,-25,-21,-23
27.574219,10,2179,2179,17,7,-25,-21,-23
27.578125,10,2179,2179,17,7,-25,-21,-23
27.582031,10,2179,2179,17,8,-25,-20,-23
27.585938,11,2179,2179,17,8,-25,-21,-23
27.589844,11,2179,2179,17,7,-25,-21,-23
27.593750,10,2179,2179,17,7,-25,-21,-23
27.597656,10,2179,2179,17,8,-25,-21,-23
27.601562,10,2179,2179,17,8,-25,-20,-23
27.605469,10,2179,2179,17,7,-25,-21,-23
27.609375,10,2179,2179,17,7,-25,-21,-24
27.613281,10,2179,2179,17,7,-25,-20,-24
27.617188,9,2179,2179,17,7,-25,-21,-23
27.621094,9,2179,2179,17,7,-25,-21,-23
27.625000,9,2179,2179,17,7,-25,-21,-23
27.628906,9,2179,2179,17,7,-25,-21,-23
27.632812,9,2179,2179,17,8,-25,-21,-23
27.636719,9,2179,2179,17,7,-25,-21,-23
27.640625,9,2179,2179,17,7,-25,-21,-23
27.644531,8,2179,2179,17,7,-25,-20,-23
27.648438,8,2179,2179,17,8,-25,-21,-23
27.652344,8,2179,2179,17,8,-25,-20,-23
27.656250,8,2179,2179,17,7,-25,-20,-23
27.660156,8,2179,2179,17,7,-25,-20,-23
27.664062,8,2179,2179,17,8,-25,-20,-23
27.667969,8,2179,2179,17,8,-25,-20,-23
27.671875,8,2179,2179,17,8,-25,-20,-23
27.675781,9,2179,2179,17,7,-25,-20,-23
27.679688,9,2179,2179,17,8,-25,-21,-23
27.683594,8,2179,2179,17,8,-25,-21,-23
27.687500,9,2179,2179,17,7,-25,-21,-23
27.691406,8,2179,2179,17,7,-25,-20,-23
27.695312,8,2179,2179,17,7,-25,-21,-23
27.699219,8,2179,2179,17,8,-25,-21,-23
27.703125,9,2179,2179,17,8,-25,-21,-23
27.707031,8,2179,2179,17,7,-25,-21,-23
27.710938,8,2179,2179,17,8,-25,-21,-23
27.714844,8,2179,2179,17,8,-25,-21,-23
27.718750,9,2179,2179,17,8,-25,-21,-23
27.722656,8,2179,2179,17,7,-25,-21,-23
27.726562,8,2179,2179,17,7,-25,-21,-23
27.730469,8,2179,2179,17,8,-25,-21,-23
27.734375,7,2179,2179,17,8,-25,-21,-23
27.738281,8,2179,2179,17,7,-25,-20,-23
27.742188,8,2179,2179,17,7,-25,-21,-23
27.746094,8,2179,2179,17,8,-25,-20,-23
27.750000,8,2179,2179,17,8,-25,-20,-23
27.753906,8,2179,2179,17,7,-25,-20,-23
27.757812,8,2179,2179,17,7,-25,-20,-23
27.761719,8,2179,2179,17,7,-25,-21,-23
27.765625,8,2179,2179,17,8,-25,-21,-23
27.769531,9,2179,2179,17,7,-25,-21,-23
27.773438,9,2179,2179,17,7,-25,-21,-23
27.777344,8,2179,2179,16,7,-25,-21,-23
27.781250,8,2179,2179,17,7,-25,-21,-23
27.785156,9,2179,2179,17,7,-25,-21,-23
27.789062,9,2179,2179,16,7,-25,-21,-23
27.792969,9,2179,2179,16,7,-25,-21,-23
27.796875,8,2179,2179,17,7,-25,-21,-23
27.800781,8,2179,2179,17,7,-25,-21,-23
27.804688,9,2179,2179,16,7,-25,-21,-23
27.808594,9,2179,2179,16,7,-25,-21,-23
27.812500,9,2179,2179,17,7,-25,-21,-23
27.816406,9,2179,2179,17,7,-25,-21,-23
27.820312,10,2179,2179,16,7,-25,-21,-23
27.824219,10,2179,2179,17,7,-25,-21,-23
27.828125,9,2179,2179,17,7,-25,-21,-23
27.832031,9,2179,2179,17,7,-25,-21,-23
27.835938,10,2179,2179,17,7,-25,-21,-23
27.839844,10,2179,2179,17,7,-25,-21,-23
27.843750,9,2179,2179,17,7,-25,-21,-23
27.847656,10,2179,2179,17,8,-25,-21,-23
27.851562,10,2179,2179,17,8,-25,-20,-23
27.855469,10,2179,2179,17,7,-25,-20,-23
27.859375,11,2179,2179,17,7,-25,-21,-23
27.863281,11,2179,2179,17,8,-25,-20,-23
27.867188,11,2179,2179,17,8,-25,-20,-23
27.871094,11,2179,2179,17,8,-25,-20,-23
27.875000,11,2179,2179,17,7,-25,-20,-23
27.878906,11,2179,2179,17,8,-25,-20,-23
27.882812,11,2179,2179,17,8,-25,-21,-23
27.886719,12,2179,2179,17,8,-25,-21,-23
27.890625,12,2179,2179,17,7,-25,-21,-23
27.894531,11,2179,2179,17,7,-25,-21,-23
27.898438,11,2179,2179,17,7,-25,-21,-23
27.902344,12,2179,2179,17,8,-25,-21,-23
27.906250,12,2179,2179,17,7,-25,-21,-23
27.910156,11,2179,2179,17,8,-25,-21,-23
27.914062,11,2179,2179,17,8,-25,-21,-23
27.917969,11,2179,2179,17,8,-25,-21,-23
27.921875,11,2179,2179,17,8,-25,-21,-23
27.925781,11,2179,2179,17,7,-25,-21,-23
27.929688,11,2179,2179,17,8,-25,-21,-23
27.933594,10,2179,2179,17,8,-25,-21,-23
27.937500,10,2179,2179,17,7,-25,-21,-23
27.941406,10,2179,2179,17,7,-25,-21,-23
27.945312,10,2179,2179,17,7,-25,-20,-23
27.949219,10,2179,2179,17,8,-25,-20,-23
27.953125,11,2179,2179,17,8,-25,-20,-23
27.957031,11,2179,2179,17,7,-25,-20,-23
27.960938,11,2179,2179,17,7,-25,-20,-23
27.964844,11,2179,2179,17,8,-25,-20,-23
27.968750,11,2179,2179,17,7,-25,-20,-23
27.972656,11,2179,2179,17,7,-25,-21,-23
27.976562,11,2179,2179,17,7,-25,-21,-23
27.980469,11,2179,2179,17,7,-25,-21,-23
27.984375,10,2179,2179,17,7,-25,-21,-23
27.988281,11,2179,2179,16,7,-25,-20,-23
27.992188,11,2179,2179,16,7,-25,-21,-23
27.996094,11,2179,2179,17,7,-25,-20,-23
28.000000,11,2179,2179,17,7,-25,-21,-23
28.003906,11,2179,2179,17,7,-25,-20,-23
28.007812,12,2179,2179,17,7,-25,-21,-23
28.011719,11,2179,2179,17,7,-25,-21,-23
28.015625,12,2179,2179,17,8,-25,-21,-23
28.019531,12,2179,2179,17,8,-25,-21,-23
28.023438,12,2179,2179,17,8,-25,-21,-23
28.027344,12,2179,2179,17,8,-25,-21,-23
28.031250,12,2179,2179,17,8,-25,-21,-23
28.035156,12,2179,2179,17,8,-25,-21,-23
28.039062,13,2179,2179,17,8,-25,-20,-23
28.042969,13,2179,2179,17,8,-25,-21,-23
28.046875,13,2179,2179,17,8,-25,-21,-23
28.050781,13,2179,2179,18,8,-25,-21,-23
28.054688,14,2179,2179,17,8,-25,-21,-23
28.058594,14,2179,2179,17,7,-25,-21,-23
28.062500,14,2179,2179,17,8,-25,-20,-23
28.066406,14,2179,2179,17,8,-25,-20,-23
28.070312,15,2179,2179,17,8,-25,-20,-23
28.074219,15,2179,2179,17,7,-25,-20,-23
28.078125,15,2179,2179,17,7,-25,-20,-23
28.082031,15,2179,2179,17,8,-25,-20,-23
28.085938,15,2179,2179,17,7,-25,-20,-23
28.089844,15,2179,2179,17,7,-25,-20,-23
28.093750,15,2179,2179,17,7,-25,-20,-23
28.097656,15,2179,2179,17,7,-25,-21,-23
28.101562,15,2179,2179,17,8,-25,-21,-23
28.105469,15,2179,2179,17,7,-25,-21,-23
28.109375,15,2179,2179,17,7,-25,-21,-23
28.113281,14,2179,2179,17,8,-25,-21,-23
28.117188,14,2179,2179,17,8,-25,-21,-23
28.121094,14,2179,2179,17,8,-25,-21,-23
28.125000,14,2179,2179,17,8,-25,-21,-23
28.128906,14,2179,2179,17,8,-25,-21,-23
28.132812,13,2179,2179,17,8,-25,-21,-23
28.136719,13,2179,2179,17,8,-25,-21,-23
28.140625,13,2179,2179,17,8,-25,-20,-23
28.144531,13,2179,2179,17,7,-25,-20,-23
28.148438,13,2179,2179,17,8,-25,-20,-23
28.152344,13,2179,2179,17,8,-25,-20,-23
28.156250,13,2179,2179,17,7,-25,-20,-23
28.160156,13,2179,2179,17,7,-25,-20,-23
28.164062,13,2179,2179,17,7,-25,-20,-23
28.167969,13,2179,2179,17,7,-25,-20,-23
28.171875,13,2179,2179,17,7,-25,-20,-23
28.175781,13,2179,2179,17,7,-25,-20,-23
28.179688,13,2179,2179,17,8,-25,-20,-23
28.183594,13,2179,2179,17,8,-25,-20,-23
28.187500,13,2179,2179,17,7,-25,-21,-23
28.191406,13,2179,2179,17,7,-25,-20,-23
28.195312,13,2179,2179,17,7,-25,-21,-23
28.199219,13,2179,2179,17,8,-25,-21,-23
28.203125,14,2179,2179,17,8,-25,-21,-23
28.207031,14,2179,2179,17,7,-25,-21,-23
28.210938,14,2179,2179,17,8,-25,-21,-23
28.214844,14,2179,2179,17,8,-25,-21,-23
28.218750,14,2179,2179,17,8,-25,-21,-23
28.222656,14,2179,2179,17,8,-25,-21,-23
28.226562,14,2179,2179,17,8,-25,-21,-23
28.230469,14,2179,2179,17,8,-25,-21,-23
28.234375,14,2179,2179,17,8,-25,-21,-23
28.238281,15,2179,2179,17,7,-25,-21,-23
28.242188,15,2179,2179,17,7,-25,-21,-23
28.246094,15,2179,2179,17,8,-25,-21,-23
28.250000,15,2179,2179,17,8,-25,-21,-23
28.253906,15,2179,2179,17,8,-25,-20,-23
28.257812,15,2179,2179,17,7,-25,-20,-23
28.261719,15,2179,2179,17,7,-25,-20,-23
28.265625,15,2179,2179,17,8,-25,-20,-23
28.269531,16,2179,2179,17,8,-25,-20,-23
28.273438,16,2179,2179,17,8,-25,-20,-23
28.277344,16,2179,2179,17,8,-25,-20,-23
28.281250,16,2179,2179,17,8,-25,-20,-23
28.285156,16,2179,2179,17,8,-25,-20,-23
28.289062,17,2179,2179,17,7,-25,-21,-23
28.292969,17,2179,2179,17,7,-25,-21,-23
28.296875,17,2179,2179,17,8,-25,-21,-23
28.300781,17,2179,2179,17,8,-25,-21,-23
28.304688,17,2179,2179,17,7,-25,-21,-23
28.308594,17,2179,2179,17,7,-25,-21,-23
28.312500,17,2179,2179,17,8,-25,-21,-23
28.316406,18,2179,2179,17,8,-25,-21,-23
28.320312,18,2179,2179,17,8,-25,-21,-23
28.324219,18,2179,2179,17,7,-25,-21,-23
28.328125,18,2179,2179,17,7,-25,-21,-23
28.332031,18,2179,2179,17,8,-25,-21,-23
28.335938,18,2179,2179,17,8,-25,-21,-23
28.339844,18,2179,2179,17,7,-25,-21,-23
28.343750,18,2179,2179,17,7,-25,-21,-23
28.347656,18,2179,2179,17,7,-25,-21,-23
28.351562,18,2179,2179,17,7,-25,-21,-23
28.355469,19,2179,2179,17,7,-25,-21,-22
28.359375,19,2179,2179,16,7,-25,-21,-23
28.363281,18,2179,2179,17,7,-25,-22,-23
28.367188,19,2179,2179,17,7,-25,-21,-23
28.371094,19,2179,2179,16,7,-25,-21,-23
28.375000,19,2179,2179,17,7,-25,-21,-23
28.378906,19,2179,2179,17,7,-25,-21,-23
28.382812,19,2179,2179,17,7,-25,-21,-23
28.386719,20,2179,2179,16,7,-25,-21,-23
28.390625,20,2179,2179,17,7,-25,-21,-23
28.394531,20,2179,2179,17,7,-25,-20,-23
28.398438,20,2179,2179,17,7,-25,-21,-23
28.402344,20,2179,2179,17,7,-25,-21,-23
28.406250,20,2179,2179,16,7,-25,-21,-23
28.410156,19,2179,2179,17,7,-25,-21,-23
28.414062,19,2179,2179,17,7,-25,-21,-23
28.417969,20,2179,2179,17,7,-25,-21,-23
28.421875,20,2179,2179,17,7,-25,-21,-23
28.425781,20,2179,2179,17,7,-25,-21,-23
28.429688,20,2179,2179,17,8,-25,-21,-23
28.433594,20,2179,2179,17,8,-25,-21,-23
28.437500,21,2179,2179,17,8,-25,-21,-23
28.441406,21,2179,2179,17,8,-25,-21,-23
28.445312,20,2179,2179,17,7,-25,-21,-23
28.449219,20,2179,2179,17,8,-25,-21,-23
28.453125,21,2179,2179,17,8,-25,-21,-23
28.457031,21,2179,2179,17,8,-25,-20,-23
28.460938,21,2179,2179,17,8,-25,-21,-23
28.464844,21,2179,2179,17,8,-25,-21,-23
28.468750,21,2179,2179,17,8,-25,-20,-23
28.472656,22,2179,2179,17,8,-25,-20,-23
28.476562,22,2179,2179,17,8,-25,-20,-23
28.480469,22,2179,2179,18,8,-25,-21,-23
28.484375,22,2179,2179,17,8,-25,-20,-23
28.488281,23,2179,2179,17,8,-25,-21,-23
28.492188,23,2179,2179,17,8,-25,-21,-23
28.496094,23,2179,2179,17,8,-25,-20,-23
28.500000,23,2179,2179,17,8,-25,-21,-23
28.503906,24,2179,2179,17,7,-25,-21,-23
28.507812,24,2179,2179,17,7,-25,-21,-23
28.511719,23,2179,2179,17,7,-25,-21,-23
28.515625,24,2179,2179,17,7,-25,-21,-23
28.519531,24,2179,2179,17,8,-25,-21,-23
28.523438,24,2179,2179,17,7,-25,-21,-23
28.527344,23,2179,2179,17,7,-25,-21,-23
28.531250,23,2179,2179,17,7,-25,-21,-23
28.535156,23,2179,2179,17,7,-25,-21,-23
28.539062,24,2179,2179,16,7,-25,-21,-23
28.542969,24,2179,2179,17,7,-25,-21,-23
28.546875,24,2179,2179,17,7,-25,-21,-23
28.550781,24,2179,2179,17,7,-25,-21,-23
28.554688,24,2179,2179,16,7,-25,-21,-23
28.558594,24,2179,2179,17,7,-25,-20,-23
28.562500,24,2179,2179,17,7,-25,-20,-23
28.566406,24,2179,2179,17,7,-25,-20,-23
28.570312,25,2179,2179,17,7,-25,-20,-23
28.574219,25,2179,2179,17,7,-25,-21,-23
28.578125,25,2179,2179,16,7,-25,-21,-23
28.582031,25,2179,2179,17,8,-25,-21,-23
28.585938,26,2179,2179,17,8,-25,-21,-23
28.589844,26,2179,2179,17,7,-25,-20,-23
28.593750,26,2179,2179,17,7,-25,-21,-23
28.597656,27,2179,2179,17,8,-25,-21,-23
28.601562,27,2179,2179,17,8,-25,-21,-23
28.605469,28,2179,2179,17,7,-25,-21,-23
28.609375,28,2179,2179,17,7,-25,-21,-23
28.613281,27,2179,2179,17,8,-25,-22,-23
28.617188,28,2179,2179,17,8,-25,-21,-23
28.621094,28,2179,2179,17,7,-25,-21,-24
28.625000,28,2179,2179,17,7,-25,-21,-23
28.628906,28,2179,2179,17,8,-25,-21,-23
28.632812,29,2179,2179,17,8,-25,-21,-23
28.636719,30,2179,2179,17,8,-25,-21,-23
28.640625,30,2179,2179,17,7,-25,-21,-23
28.644531,30,2179,2179,17,7,-25,-21,-23
28.648438,30,2179,2179,17,8,-25,-21,-23
28.652344,31,2179,2179,17,8,-25,-20,-23
28.656250,31,2179,2179,17,8,-25,-20,-23
28.660156,31,2179,2179,17,8,-25,-20,-23
28.664062,32,2179,2179,17,8,-25,-20,-23
28.667969,32,2179,2179,17,8,-25,-20,-23
28.671875,33,2179,2179,17,8,-25,-20,-23
28.675781,34,2179,2179,17,7,-25,-21,-23
28.679688,34,2179,2179,17,8,-25,-20,-23
28.683594,35,2179,2179,17,8,-25,-21,-23
28.687500,35,2179,2179,17,7,-25,-21,-23
28.691406,36,2179,2179,17,7,-25,-21,-23
28.695312,36,2179,2179,17,7,-25,-20,-23
28.699219,36,2179,2179,17,8,-25,-20,-23
28.703125,36,2179,2179,16,7,-25,-21,-23
28.707031,36,2179,2179,17,7,-25,-21,-23
28.710938,36,2179,2179,17,7,-25,-21,-23
28.714844,36,2179,2179,17,7,-25,-21,-23
28.718750,37,2179,2179,17,8,-25,-21,-23
28.722656,36,2179,2179,17,7,-25,-21,-23
28.726562,36,2179,2179,17,7,-25,-21,-23
28.730469,36,2179,2179,17,8,-25,-21,-23
28.734375,36,2179,2179,17,8,-25,-21,-23
28.738281,37,2179,2179,17,8,-25,-21,-23
28.742188,37,2179,2179,17,8,-25,-21,-23
28.746094,36,2179,2179,17,8,-25,-21,-23
28.750000,36,2179,2179,17,8,-25,-21,-23
28.753906,36,2179,2179,17,7,-25,-20,-23
28.757812,36,2179,2179,17,7,-25,-20,-23
28.761719,35,2179,2179,17,7,-25,-21,-23
28.765625,35,2179,2179,17,7,-25,-21,-23
28.769531,36,2179,2179,17,7,-25,-21,-23
28.773438,36,2179,2179,17,7,-25,-20,-23
28.777344,36,2179,2179,17,7,-25,-20,-23
28.781250,35,2179,2179,17,7,-25,-20,-23
28.785156,36,2179,2179,17,7,-25,-21,-23
28.789062,36,2179,2179,17,7,-25,-20,-23
28.792969,36,2179,2179,17,7,-25,-21,-23
28.796875,35,2179,2179,17,7,-25,-21,-23
28.800781,35,2179,2179,17,7,-25,-21,-23
28.804688,36,2179,2179,16,7,-25,-21,-23
28.808594,36,2179,2179,16,7,-25,-21,-23
28.812500,35,2179,2179,17,7,-25,-21,-23
28.816406,36,2179,2179,17,7,-25,-21,-23
28.820312,36,2179,2179,17,7,-25,-21,-23
28.824219,36,2179,2179,17,7,-25,-21,-23
28.828125,36,2179,2179,16,7,-25,-21,-23
28.832031,37,2179,2179,17,7,-25,-21,-23
28.835938,37,2179,2179,17,7,-25,-21,-23
28.839844,37,2179,2179,17,7,-25,-21,-23
28.843750,37,2179,2179,17,7,-25,-21,-23
28.847656,37,2179,2179,17,8,-25,-21,-23
28.851562,38,2179,2179,17,8,-25,-20,-23
28.855469,38,2179,2179,17,8,-25,-20,-22
28.859375,38,2179,2179,17,8,-25,-21,-23
28.863281,38,2179,2179,17,8,-25,-20,-23
28.867188,38,2179,2179,17,8,-25,-20,-23
28.871094,39,2179,2179,17,8,-25,-20,-23
28.875000,40,2179,2179,17,8,-25,-20,-23
28.878906,40,2179,2179,17,8,-25,-20,-23
28.882812,40,2179,2179,17,8,-25,-20,-23
28.886719,41,2179,2179,17,8,-25,-20,-23
28.890625,41,2179,2179,17,8,-25,-20,-23
28.894531,42,2179,2179,17,7,-25,-21,-23
28.898438,42,2179,2179,17,8,-25,-21,-23
28.902344,42,2179,2179,17,8,-25,-21,-23
28.906250,42,2179,2179,17,7,-25,-21,-23
28.910156,42,2179,2179,17,7,-25,-21,-23
28.914062,42,2179,2179,17,7,-25,-21,-23
28.917969,43,2179,2179,17,7,-25,-21,-23
28.921875,43,2179,2179,17,7,-25,-21,-23
28.925781,43,2179,2179,17,7,-25,-21,-23
28.929688,43,2179,2179,17,8,-25,-21,-23
28.933594,44,2179,2179,17,8,-25,-21,-23
28.937500,44,2179,2179,16,7,-25,-21,-23
28.941406,44,2179,2179,17,7,-25,-21,-23
28.945312,44,2179,2179,17,7,-25,-21,-23
28.949219,44,2179,2179,17,7,-25,-21,-23
28.953125,44,2179,2179,17,7,-25,-21,-23
28.957031,44,2179,2179,18,7,-25,-21,-23
28.960938,44,2179,2179,18,7,-25,-21,-23
28.964844,44,2179,2179,19,7,-25,-21,-23
28.968750,45,2179,2179,19,7,-25,-21,-23
28.972656,45,2179,2179,19,7,-25,-20,-23
28.976562,45,2179,2179,19,7,-25,-20,-23
28.980469,45,2179,2179,20,8,-25,-20,-22
28.984375,45,2179,2179,21,7,-25,-20,-23
28.988281,46,2179,2179,21,7,-25,-20,-23
28.992188,46,2179,2179,21,7,-25,-21,-23
28.996094,46,2179,2179,22,7,-25,-21,-23
29.000000,46,2179,2179,23,7,-25,-21,-23
29.003906,47,2179,2179,23,7,-25,-21,-23
29.007812,47,2179,2179,23,7,-25,-21,-23
29.011719,47,2179,2179,24,7,-25,-21,-23
29.015625,47,2179,2179,24,7,-25,-21,-23
29.019531,47,2179,2179,24,8,-25,-21,-23
29.023438,47,2179,2179,24,7,-25,-21,-23
29.027344,47,2179,2179,25,7,-25,-21,-23
29.031250,47,2179,2179,25,8,-25,-21,-23
29.035156,47,2179,2179,26,8,-25,-21,-23
29.039062,47,2179,2179,26,8,-25,-21,-23
29.042969,47,2179,2179,27,8,-25,-21,-23
29.046875,47,2179,2179,27,8,-25,-21,-23
29.050781,47,2179,2179,27,8,-25,-21,-23
29.054688,47,2179,2179,27,8,-25,-21,-23
29.058594,47,2179,2179,27,8,-25,-21,-23
29.062500,48,2179,2179,27,8,-25,-20,-23
29.066406,48,2179,2179,27,8,-25,-20,-23
29.070312,48,2179,2179,27,8,-25,-20,-23
29.074219,49,2179,2179,27,7,-25,-20,-23
29.078125,49,2179,2179,26,7,-25,-20,-23
29.082031,48,2179,2179,27,8,-25,-20,-23
29.085938,49,2179,2179,27,8,-25,-20,-23
29.089844,48,2179,2179,27,7,-25,-20,-23
29.093750,48,2179,2179,27,7,-25,-20,-23
29.097656,48,2179,2179,27,8,-25,-21,-23
29.101562,48,2179,2179,27,8,-25,-21,-23
29.105469,48,2179,2179,27,7,-25,-21,-22
29.109375,49,2179,2179,27,7,-25,-21,-24
29.113281,48,2179,2179,27,8,-25,-21,-23
29.117188,48,2179,2179,28,8,-25,-21,-23
29.121094,49,2179,2179,28,7,-25,-21,-23
29.125000,49,2179,2179,29,7,-25,-21,-23
29.128906,49,2179,2179,30,8,-25,-21,-23
29.132812,49,2179,2179,31,8,-25,-21,-23
29.136719,49,2179,2179,31,8,-25,-21,-23
29.140625,49,2179,2179,32,7,-25,-21,-23
29.144531,49,2179,2179,32,7,-25,-21,-23
29.148438,49,2179,2179,33,8,-25,-21,-23
29.152344,49,2179,2179,34,8,-25,-21,-23
29.156250,49,2179,2179,34,7,-25,-21,-23
29.160156,48,2179,2179,35,7,-25,-21,-23
29.164062,48,2179,2179,37,8,-25,-21,-23
29.167969,48,2179,2179,38,8,-25,-20,-23
29.171875,49,2179,2179,38,8,-25,-20,-23
29.175781,49,2179,2179,39,7,-25,-20,-23
29.179688,48,2179,2179,40,8,-25,-20,-23
29.183594,48,2179,2179,41,8,-25,-21,-23
29.187500,48,2179,2179,41,7,-25,-21,-23
29.191406,49,2179,2179,43,7,-25,-21,-23
29.195312,48,2179,2179,45,7,-25,-20,-23
29.199219,48,2179,2179,47,8,-25,-21,-23
29.203125,48,2179,2179,48,8,-25,-20,-23
29.207031,49,2179,2179,50,7,-25,-21,-23
29.210938,48,2179,2179,52,7,-25,-21,-23
29.214844,48,2179,2179,55,7,-25,-21,-23
29.218750,48,2179,2179,56,7,-25,-21,-23
29.222656,48,2179,2179,57,7,-25,-21,-23
29.226562,48,2179,2179,59,7,-25,-21,-23
29.230469,48,2179,2179,61,8,-25,-21,-23
29.234375,48,2179,2179,63,8,-25,-21,-23
29.238281,48,2179,2179,65,8,-25,-21,-23
29.242188,48,2179,2179,68,7,-25,-21,-23
29.246094,47,2179,2179,71,8,-25,-21,-23
29.250000,47,2179,2179,74,8,-25,-21,-23
29.253906,47,2179,2179,77,8,-25,-21,-23
29.257812,47,2179,2179,80,7,-25,-21,-23
29.261719,46,2179,2179,82,8,-25,-21,-23
29.265625,46,2179,2179,83,8,-25,-20,-23
29.269531,47,2179,2179,85,8,-25,-20,-23
29.273438,47,2179,2179,85,8,-25,-21,-23
29.277344,47,2179,2179,87,8,-25,-21,-23
29.281250,47,2179,2179,89,8,-25,-21,-23
29.285156,47,2179,2179,92,8,-25,-20,-23
29.289062,47,2179,2179,95,8,-25,-20,-23
29.292969,47,2179,2179,98,8,-25,-20,-23
29.296875,47,2179,2179,100,8,-25,-20,-23
29.300781,47,2179,2179,102,8,-25,-20,-23
29.304688,47,2179,2179,103,8,-25,-21,-23
29.308594,47,2179,2179,104,7,-25,-21,-23
29.312500,47,2179,2179,106,8,-25,-21,-23
29.316406,47,2179,2179,107,8,-25,-21,-23
29.320312,46,2179,2179,109,8,-25,-21,-23
29.324219,46,2179,2179,111,7,-25,-21,-23
29.328125,46,2179,2179,112,8,-25,-21,-23
29.332031,46,2179,2179,115,8,-25,-21,-23
29.335938,46,2179,2179,116,8,-25,-21,-23
29.339844,46,2179,2179,117,7,-25,-21,-23
29.343750,46,2179,2179,118,7,-25,-21,-23
29.347656,45,2179,2179,120,8,-25,-21,-23
29.351562,46,2179,2179,121,8,-25,-21,-23
29.355469,45,2179,2179,122,7,-25,-21,-22
29.359375,45,2179,2179,124,7,-25,-21,-23
29.363281,44,2179,2179,126,7,-25,-20,-23
29.367188,44,2179,2179,128,7,-25,-20,-23
29.371094,45,2179,2179,129,7,-25,-20,-23
29.375000,45,2179,2179,131,7,-25,-20,-23
29.378906,44,2179,2179,133,7,-25,-20,-23
29.382812,44,2179,2179,134,7,-25,-20,-23
29.386719,44,2179,2179,135,7,-25,-21,-23
29.390625,44,2179,2179,135,7,-25,-20,-23
29.394531,44,2179,2179,136,7,-25,-21,-23
29.398438,44,2179,2179,136,7,-25,-21,-23
29.402344,44,2179,2179,137,7,-25,-21,-23
29.406250,44,2179,2179,137,7,-25,-20,-23
29.410156,43,2179,2179,138,7,-25,-21,-23
29.414062,44,2179,2179,140,7,-25,-21,-23
29.417969,43,2179,2179,142,7,-25,-21,-23
29.421875,43,2179,2179,143,7,-25,-21,-23
29.425781,43,2179,2179,145,7,-25,-21,-23
29.429688,43,2179,2179,147,8,-25,-21,-23
29.433594,43,2179,2179,149,8,-25,-21,-23
29.437500,43,2179,2179,150,7,-25,-21,-23
29.441406,43,2179,2179,152,7,-25,-21,-23
29.445312,42,2179,2179,153,8,-25,-21,-23
29.449219,42,2179,2179,154,8,-25,-21,-23
29.453125,43,2179,2179,154,8,-25,-21,-23
29.457031,42,2179,2179,154,8,-25,-21,-23
29.460938,42,2179,2179,154,8,-25,-21,-23
29.464844,41,2179,2179,155,8,-25,-21,-23
29.468750,41,2179,2179,154,8,-25,-21,-23
29.472656,41,2179,2179,154,8,-25,-21,-23
29.476562,41,2179,2179,155,8,-25,-21,-23
29.480469,40,2179,2179,156,8,-25,-20,-23
29.484375,41,2179,2179,157,8,-25,-21,-23
29.488281,41,2179,2179,157,8,-25,-21,-23
29.492188,41,2179,2179,158,8,-25,-21,-23
29.496094,41,2179,2179,159,8,-25,-20,-23
29.500000,41,2179,2179,159,8,-25,-20,-23
29.503906,41,2179,2179,159,8,-25,-20,-23
29.507812,41,2179,2179,159,8,-25,-20,-23
29.511719,40,2179,2179,159,7,-25,-21,-23
29.515625,40,2179,2179,159,8,-25,-21,-23
29.519531,40,2179,2179,160,8,-25,-21,-23
29.523438,40,2179,2179,160,7,-25,-21,-23
29.527344,39,2179,2179,161,7,-25,-21,-23
29.531250,39,2179,2179,162,8,-25,-21,-23
29.535156,40,2179,2179,162,7,-25,-21,-23
29.539062,39,2179,2179,162,7,-25,-21,-23
29.542969,39,2179,2179,162,7,-25,-21,-23
29.546875,38,2179,2179,163,7,-25,-21,-23
29.550781,38,2179,2179,163,7,-25,-21,-23
29.554688,38,2179,2179,164,7,-25,-21,-23
29.558594,38,2179,2179,164,7,-25,-21,-23
29.562500,37,2179,2179,165,7,-25,-21,-23
29.566406,37,2179,2179,166,8,-25,-21,-23
29.570312,37,2179,2179,166,7,-25,-21,-23
29.574219,38,2179,2179,166,7,-25,-20,-23
29.578125,37,2179,2179,166,7,-25,-20,-23
29.582031,37,2179,2179,167,8,-25,-20,-23
29.585938,38,2179,2179,167,8,-25,-20,-23
29.589844,38,2179,2179,167,8,-25,-20,-23
29.593750,37,2179,2179,168,7,-25,-21,-23
29.597656,37,2179,2179,168,8,-25,-21,-23
29.601562,38,2179,2179,169,8,-25,-21,-23
29.605469,38,2179,2179,169,7,-25,-20,-23
29.609375,38,2179,2179,169,7,-25,-20,-23
29.613281,37,2179,2179,170,7,-25,-21,-23
29.617188,37,2179,2179,170,7,-25,-20,-23
29.621094,37,2179,2179,170,7,-25,-21,-23
29.625000,37,2179,2179,170,7,-25,-21,-23
29.628906,36,2179,2179,171,8,-25,-21,-23
29.632812,36,2179,2179,172,8,-25,-21,-23
29.636719,36,2179,2179,172,8,-25,-21,-23
29.640625,36,2179,2179,172,7,-25,-21,-23
29.644531,35,2179,2179,172,7,-25,-21,-23
29.648438,35,2179,2179,173,8,-25,-21,-23
29.652344,35,2179,2179,172,8,-25,-21,-23
29.656250,34,2179,2179,172,7,-25,-21,-23
29.660156,34,2179,2179,172,7,-25,-21,-23
29.664062,34,2179,2179,172,8,-25,-21,-23
29.667969,33,2179,2179,173,8,-25,-21,-23
29.671875,33,2179,2179,173,8,-25,-20,-23
29.675781,33,2179,2179,173,8,-25,-20,-23
29.679688,33,2179,2179,174,8,-25,-20,-23
29.683594,33,2179,2179,174,8,-25,-20,-23
29.687500,33,2179,2179,173,8,-25,-21,-23
29.691406,33,2179,2179,173,8,-25,-20,-23
29.695312,33,2179,2179,174,8,-25,-21,-23
29.699219,33,2179,2179,174,8,-25,-21,-23
29.703125,33,2179,2179,173,8,-25,-21,-23
29.707031,34,2179,2179,174,8,-25,-21,-23
29.710938,34,2179,2179,174,8,-25,-21,-23
29.714844,34,2179,2179,174,8,-25,-20,-23
29.718750,35,2179,2179,174,8,-25,-20,-23
29.722656,35,2179,2179,174,7,-25,-20,-23
29.726562,35,2179,2179,174,7,-25,-20,-23
29.730469,35,2179,2179,175,8,-25,-21,-24
29.734375,35,2179,2179,175,8,-25,-21,-23
29.738281,35,2179,2179,176,8,-25,-20,-23
29.742188,35,2179,2179,176,8,-25,-21,-23
29.746094,34,2179,2179,177,8,-25,-21,-23
29.750000,34,2179,2179,177,8,-25,-21,-23
29.753906,35,2179,2179,176,8,-25,-21,-23
29.757812,34,2179,2179,176,8,-25,-20,-23
29.761719,34,2179,2179,175,8,-25,-21,-23
29.765625,34,2179,2179,175,8,-25,-21,-23
29.769531,34,2179,2179,175,8,-25,-21,-23
29.773438,34,2179,2179,175,7,-25,-20,-23
29.777344,34,2179,2179,176,7,-25,-20,-23
29.781250,34,2179,2179,177,7,-25,-21,-23
29.785156,34,2179,2179,178,7,-25,-20,-23
29.789062,34,2179,2179,179,7,-25,-21,-23
29.792969,34,2179,2179,179,7,-25,-21,-23
29.796875,33,2179,2179,179,7,-25,-20,-23
29.800781,33,2179,2179,179,8,-25,-20,-23
29.804688,33,2179,2179,178,7,-25,-20,-23
29.808594,33,2179,2179,177,7,-25,-20,-23
29.812500,33,2179,2179,177,7,-25,-20,-23
29.816406,33,2179,2179,177,7,-25,-20,-23
29.820312,33,2179,2179,176,7,-25,-21,-23
29.824219,33,2179,2179,176,7,-25,-21,-23
29.828125,33,2179,2179,177,7,-25,-21,-23
29.832031,32,2179,2179,178,7,-25,-21,-23
29.835938,33,2179,2179,179,7,-25,-21,-23
29.839844,33,2179,2179,179,8,-25,-21,-23
29.843750,32,2179,2179,179,8,-25,-21,-23
29.847656,32,2179,2179,180,8,-25,-21,-23
29.851562,32,2179,2179,180,8,-25,-21,-23
29.855469,32,2179,2179,179,8,-25,-21,-23
29.859375,32,2179,2179,179,8,-25,-21,-23
29.863281,32,2179,2179,179,8,-25,-21,-23
29.867188,31,2179,2179,179,8,-25,-21,-23
29.871094,31,2179,2179,180,8,-25,-21,-23
29.875000,32,2179,2179,180,8,-25,-21,-23
29.878906,31,2179,2179,181,8,-25,-21,-23
29.882812,32,2179,2179,181,8,-25,-21,-23
29.886719,32,2179,2179,180,8,-25,-21,-23
29.890625,33,2179,2179,180,8,-25,-21,-23
29.894531,33,2179,2179,180,8,-25,-21,-23
29.898438,33,2179,2179,180,8,-25,-21,-23
29.902344,33,2179,2179,181,8,-25,-21,-23
29.906250,33,2179,2179,180,7,-25,-21,-23
29.910156,33,2179,2179,181,7,-25,-21,-23
29.914062,32,2179,2179,181,8,-25,-21,-23
29.917969,32,2179,2179,181,8,-25,-21,-23
29.921875,33,2179,2179,181,7,-25,-21,-23
29.925781,33,2179,2179,180,7,-25,-21,-23
29.929688,32,2179,2179,180,7,-25,-21,-23
29.933594,32,2179,2179,180,7,-25,-21,-23
29.937500,32,2179,2179,179,7,-25,-21,-23
29.941406,32,2179,2179,179,7,-25,-21,-23
29.945312,32,2179,2179,180,7,-25,-21,-23
29.949219,32,2179,2179,180,7,-25,-21,-23
29.953125,32,2179,2179,181,7,-25,-21,-23
29.957031,32,2179,2179,181,7,-25,-21,-23
29.960938,32,2179,2179,182,7,-25,-21,-23
29.964844,32,2179,2179,182,7,-25,-21,-23
29.968750,32,2179,2179,182,8,-25,-21,-23
29.972656,32,2179,2179,181,7,-25,-21,-23
29.976562,32,2179,2179,181,7,-25,-21,-23
29.980469,32,2179,2179,181,7,-25,-21,-25
29.984375,32,2179,2179,181,7,-25,-21,-23
29.988281,32,2179,2179,180,7,-25,-20,-23
29.992188,32,2179,2179,180,7,-25,-20,-23
29.996094,32,2179,2179,180,7,-25,-20,-23
30.000000,32,2179,2179,181,7,-25,-20,-23
30.003906,33,2179,2179,181,7,-25,-20,-23
30.007812,33,2179,2179,181,7,-25,-20,-23
30.011719,32,2179,2179,182,7,-25,-21,-23
30.015625,32,2179,2179,183,8,-25,-20,-23
30.019531,33,2179,2179,183,8,-25,-21,-23
30.023438,33,2179,2179,183,7,-25,-21,-23
30.027344,32,2179,2179,183,7,-25,-21,-23
30.031250,32,2179,2179,183,8,-25,-21,-23
30.035156,33,2179,2179,183,8,-25,-21,-23
30.039062,33,2179,2179,183,8,-25,-21,-23
30.042969,33,2179,2179,182,8,-25,-21,-23
30.046875,33,2179,2179,182,8,-25,-21,-23
30.050781,33,2179,2179,182,8,-25,-21,-23
30.054688,33,2179,2179,182,8,-25,-21,-23
30.058594,33,2179,2179,182,8,-25,-21,-23
30.062500,32,2179,2179,182,8,-25,-21,-23
30.066406,32,2179,2179,183,8,-25,-21,-23
30.070312,32,2179,2179,183,7,-25,-21,-23
30.074219,32,2179,2179,183,7,-25,-21,-23
30.078125,31,2179,2179,184,7,-25,-21,-23
30.082031,31,2179,2179,184,8,-25,-20,-23
30.085938,31,2179,2179,184,8,-25,-21,-23
30.089844,31,2179,2179,184,7,-25,-21,-23
30.093750,31,2179,2179,184,7,-25,-21,-23
30.097656,31,2179,2179,184,8,-25,-21,-23
30.101562,31,2179,2179,183,8,-25,-21,-23
30.105469,31,2179,2179,183,7,-25,-21,-24
30.109375,31,2179,2179,183,7,-25,-21,-23
30.113281,31,2179,2179,183,7,-25,-21,-23
30.117188,31,2179,2179,183,7,-25,-21,-23
30.121094,31,2179,2179,184,7,-25,-21,-23
30.125000,31,2179,2179,184,7,-25,-21,-23
30.128906,31,2179,2179,184,8,-25,-21,-23
30.132812,30,2179,2179,184,7,-25,-21,-23
30.136719,30,2179,2179,184,7,-25,-21,-23
30.140625,30,2179,2179,184,7,-25,-21,-23
30.144531,30,2179,2179,183,7,-25,-21,-23
30.148438,30,2179,2179,184,8,-25,-21,-23
30.152344,30,2179,2179,183,8,-25,-21,-23
30.156250,30,2179,2179,183,7,-25,-21,-23
30.160156,29,2179,2179,183,7,-25,-21,-23
30.164062,29,2179,2179,183,8,-25,-21,-23
30.167969,30,2179,2179,183,8,-25,-21,-23
30.171875,30,2179,2179,183,7,-25,-21,-23
30.175781,29,2179,2179,184,7,-25,-21,-23
30.179688,29,2179,2179,184,7,-25,-21,-23
30.183594,29,2179,2179,185,7,-25,-21,-23
30.187500,29,2179,2179,184,7,-25,-20,-23
30.191406,29,2179,2179,184,7,-25,-20,-23
30.195312,29,2179,2179,184,7,-25,-20,-23
30.199219,29,2179,2179,184,7,-25,-20,-23
30.203125,29,2179,2179,184,7,-25,-20,-23
30.207031,29,2179,2179,183,7,-25,-21,-23
30.210938,29,2179,2179,183,7,-25,-21,-23
30.214844,29,2179,2179,184,7,-25,-21,-23
30.218750,29,2179,2179,185,7,-25,-21,-23
30.222656,29,2179,2179,185,7,-25,-21,-23
30.226562,29,2179,2179,185,7,-25,-21,-23
30.230469,29,2179,2179,185,8,-25,-21,-24
30.234375,29,2179,2179,185,7,-25,-21,-23
30.238281,29,2179,2179,185,7,-25,-21,-23
30.242188,29,2179,2179,185,7,-25,-21,-23
30.246094,29,2179,2179,185,8,-25,-21,-23
30.250000,28,2179,2179,185,8,-25,-21,-23
30.253906,29,2179,2179,185,7,-25,-21,-23
30.257812,28,2179,2179,185,7,-25,-21,-23
30.261719,28,2179,2179,185,8,-25,-21,-23
30.265625,28,2179,2179,185,8,-25,-21,-23
30.269531,28,2179,2179,185,8,-25,-21,-23
30.273438,28,2179,2179,185,8,-25,-21,-23
30.277344,28,2179,2179,185,8,-25,-21,-23
30.281250,28,2179,2179,185,8,-25,-21,-23
30.285156,28,2179,2179,184,8,-25,-21,-23
30.289062,28,2179,2179,184,8,-25,-21,-23
30.292969,28,2179,2179,184,8,-25,-21,-23
30.296875,27,2179,2179,184,8,-25,-21,-23
30.300781,27,2179,2179,184,8,-25,-21,-23
30.304688,28,2179,2179,184,8,-25,-21,-23
30.308594,28,2179,2179,184,8,-25,-21,-23
30.312500,27,2179,2179,185,8,-25,-21,-23
30.316406,28,2179,2179,185,8,-25,-21,-23
30.320312,28,2179,2179,185,7,-25,-21,-23
30.324219,28,2179,2179,185,8,-25,-21,-23
30.328125,28,2179,2179,186,7,-25,-21,-23
30.332031,28,2179,2179,185,8,-25,-21,-23
30.335938,28,2179,2179,184,8,-25,-21,-23
30.339844,28,2179,2179,183,7,-25,-21,-23
30.343750,28,2179,2179,183,7,-25,-21,-23
30.347656,28,2179,2179,183,8,-25,-21,-23
30.351562,28,2179,2179,183,8,-25,-21,-23
30.355469,28,2179,2179,183,7,-25,-21,-23
30.359375,28,2179,2179,183,7,-25,-21,-23
30.363281,28,2179,2179,184,7,-25,-21,-23
30.367188,28,2179,2179,184,7,-25,-21,-23
30.371094,29,2179,2179,184,7,-25,-21,-23
30.375000,29,2179,2179,183,7,-25,-21,-23
30.378906,28,2179,2179,184,7,-25,-21,-23
30.382812,28,2179,2179,184,7,-25,-21,-23
30.386719,28,2179,2179,184,7,-25,-21,-23
30.390625,28,2179,2179,184,7,-25,-21,-23
30.394531,28,2179,2179,184,7,-25,-21,-23
30.398438,28,2179,2179,185,7,-25,-21,-23
30.402344,29,2179,2179,185,7,-25,-21,-23
30.406250,29,2179,2179,185,7,-25,-21,-23
30.410156,29,2179,2179,185,7,-25,-21,-23
30.414062,29,2179,2179,185,8,-25,-21,-23
30.417969,29,2179,2179,185,7,-25,-20,-23
30.421875,29,2179,2179,185,7,-25,-20,-23
30.425781,29,2179,2179,185,7,-25,-20,-23
30.429688,29,2179,2179,185,7,-25,-21,-23
30.433594,28,2179,2179,185,8,-25,-21,-23
30.437500,29,2179,2179,185,7,-25,-21,-23
30.441406,28,2179,2179,185,7,-25,-21,-23
30.445312,28,2179,2179,186,7,-25,-21,-23
30.449219,28,2179,2179,186,8,-25,-21,-23
30.453125,28,2179,2179,186,8,-25,-21,-23
30.457031,28,2179,2179,186,8,-25,-21,-23
30.460938,27,2179,2179,186,8,-25,-21,-23
30.464844,27,2179,2179,186,8,-25,-21,-23
30.468750,27,2179,2179,185,8,-25,-21,-23
30.472656,27,2179,2179,184,8,-25,-21,-23
30.476562,26,2179,2179,184,8,-25,-21,-23
30.480469,26,2179,2179,184,8,-25,-21,-23
30.484375,25,2179,2179,184,8,-25,-21,-23
30.488281,25,2179,2179,183,8,-25,-20,-23
30.492188,25,2179,2179,184,8,-25,-20,-23
30.496094,25,2179,2179,184,8,-25,-20,-23
30.500000,25,2179,2179,183,8,-25,-21,-23
30.503906,25,2179,2179,182,7,-25,-21,-23
30.507812,25,2179,2179,179,7,-25,-20,-23
30.511719,24,2179,2179,175,7,-25,-20,-23
30.515625,24,2179,2179,170,7,-25,-21,-23
30.519531,24,2179,2179,163,7,-25,-20,-23
30.523438,24,2179,2179,154,7,-25,-20,-23
30.527344,23,2179,2179,147,7,-25,-21,-23
30.531250,23,2179,2179,140,7,-25,-21,-23
30.535156,23,2179,2179,133,7,-25,-21,-23
30.539062,22,2179,2179,127,7,-25,-21,-23
30.542969,22,2179,2179,120,6,-25,-21,-23
30.546875,22,2179,2179,113,7,-25,-21,-23
30.550781,21,2179,2179,103,7,-25,-21,-23
30.554688,21,2179,2179,91,7,-25,-21,-23
30.558594,21,2179,2179,77,7,-25,-21,-23
30.562500,20,2179,2179,63,7,-25,-21,-23
30.566406,20,2179,2179,51,7,-25,-21,-23
30.570312,20,2179,2179,41,7,-25,-21,-23
30.574219,20,2179,2179,34,7,-25,-21,-23
30.578125,19,2179,2179,31,7,-25,-21,-23
30.582031,19,2179,2179,30,8,-25,-21,-23
30.585938,19,2179,2179,29,8,-25,-21,-23
30.589844,20,2179,2179,30,7,-25,-21,-23
30.593750,19,2179,2179,30,7,-25,-20,-23
30.597656,19,2179,2179,29,8,-25,-21,-23
30.601562,20,2179,2179,28,8,-25,-20,-23
30.605469,20,2179,2179,26,7,-25,-20,-23
30.609375,19,2179,2179,25,7,-25,-20,-23
30.613281,19,2179,2179,24,8,-25,-20,-23
30.617188,19,2179,2179,24,8,-25,-20,-23
30.621094,19,2179,2179,24,7,-25,-20,-23
30.625000,18,2179,2179,24,7,-25,-20,-23
30.628906,18,2179,2179,25,8,-25,-21,-23
30.632812,18,2179,2179,25,7,-25,-21,-23
30.636719,18,2179,2179,25,8,-25,-21,-23
30.640625,18,2179,2179,24,7,-25,-20,-23
30.644531,17,2179,2179,24,7,-25,-21,-23
30.648438,17,2179,2179,24,8,-25,-21,-23
30.652344,17,2179,2179,23,8,-25,-21,-24
30.656250,17,2179,2179,22,7,-25,-21,-23
30.660156,16,2179,2179,22,8,-25,-21,-23
30.664062,16,2179,2179,23,8,-25,-21,-24
30.667969,16,2179,2179,23,8,-25,-21,-23
30.671875,15,2179,2179,23,8,-25,-21,-23
30.675781,15,2179,2179,22,8,-25,-21,-23
30.679688,15,2179,2179,23,8,-25,-20,-23
30.683594,14,2179,2179,22,8,-25,-20,-23
30.687500,15,2179,2179,21,7,-25,-20,-23
30.691406,15,2179,2179,21,8,-25,-21,-23
30.695312,14,2179,2179,20,7,-25,-20,-23
30.699219,14,2179,2179,20,8,-25,-20,-23
30.703125,14,2179,2179,19,8,-25,-20,-23
30.707031,14,2179,2179,19,7,-25,-20,-23
30.710938,14,2179,2179,19,7,-25,-20,-23
30.714844,14,2179,2179,19,8,-25,-21,-23
30.718750,14,2179,2179,19,7,-25,-20,-23
30.722656,14,2179,2179,19,7,-25,-20,-23
30.726562,14,2179,2179,18,7,-25,-21,-23
30.730469,14,2179,2179,18,7,-25,-20,-23
30.734375,14,2179,2179,18,7,-25,-20,-23
30.738281,14,2179,2179,17,7,-25,-21,-23
30.742188,14,2179,2179,17,7,-25,-21,-23
30.746094,13,2179,2179,17,7,-25,-21,-23
30.750000,13,2179,2179,17,8,-25,-21,-23
30.753906,14,2179,2179,16,7,-25,-21,-23
30.757812,14,2179,2179,16,7,-25,-21,-23
30.761719,13,2179,2179,17,7,-25,-21,-23
30.765625,13,2179,2179,17,7,-25,-21,-23
30.769531,13,2179,2179,17,7,-25,-21,-23
30.773438,13,2179,2179,17,7,-25,-21,-23
30.777344,13,2179,2179,17,7,-25,-21,-23
30.781250,13,2179,2179,17,7,-25,-21,-23
30.785156,13,2179,2179,17,7,-25,-21,-23
30.789062,13,2179,2179,17,7,-25,-21,-23
30.792969,13,2179,2179,16,7,-25,-21,-23
30.796875,12,2179,2179,17,7,-25,-21,-23
30.800781,12,2179,2179,17,8,-25,-20,-23
30.804688,12,2179,2179,17,7,-25,-20,-23
30.808594,12,2179,2179,17,7,-25,-20,-23
30.812500,12,2179,2179,17,7,-25,-20,-23
30.816406,12,2179,2179,17,8,-25,-20,-23
30.820312,12,2179,2179,17,7,-25,-20,-23
30.824219,12,2179,2179,17,7,-25,-20,-23
30.828125,12,2179,2179,17,8,-25,-21,-23
30.832031,12,2179,2179,17,8,-25,-21,-23
30.835938,12,2179,2179,17,8,-25,-21,-23
30.839844,13,2179,2179,17,7,-25,-21,-23
30.843750,12,2179,2179,17,7,-25,-20,-23
30.847656,12,2179,2179,17,8,-25,-21,-23
30.851562,13,2179,2179,16,8,-25,-21,-23
30.855469,13,2179,2179,16,7,-25,-20,-23
30.859375,13,2179,2179,16,8,-25,-21,-23
30.863281,12,2179,2179,16,8,-25,-21,-23
30.867188,12,2179,2179,16,8,-25,-21,-23
30.871094,12,2179,2179,17,8,-25,-21,-23
30.875000,12,2179,2179,17,8,-25,-21,-23
30.878906,12,2179,2179,17,8,-25,-21,-23
30.882812,12,2179,2179,18,8,-25,-21,-23
30.886719,12,2179,2179,17,8,-25,-21,-23
30.890625,12,2179,2179,17,8,-25,-21,-23
30.894531,12,2179,2179,17,8,-25,-21,-23
30.898438,12,2179,2179,17,8,-25,-21,-23
30.902344,12,2179,2179,17,8,-25,-21,-23
30.906250,12,2179,2179,17,8,-25,-20,-23
30.910156,12,2179,2179,17,8,-25,-20,-23
30.914062,12,2179,2179,17,8,-25,-21,-23
30.917969,12,2179,2179,17,8,-25,-20,-23
30.921875,12,2179,2179,17,7,-25,-20,-23
30.925781,12,2179,2179,16,7,-25,-20,-23
30.929688,12,2179,2179,16,7,-25,-20,-23
30.933594,12,2179,2179,16,7,-25,-20,-23
30.937500,12,2179,2179,15,7,-25,-21,-23
30.941406,12,2179,2179,15,7,-25,-20,-23
30.945312,11,2179,2179,16,6,-25,-21,-23
30.949219,11,2179,2179,16,7,-25,-21,-23
30.953125,11,2179,2179,16,7,-25,-21,-23
30.957031,11,2179,2179,16,7,-25,-21,-23
30.960938,11,2179,2179,17,7,-25,-21,-23
30.964844,11,2179,2179,17,7,-25,-21,-23
30.968750,11,2179,2179,17,7,-25,-21,-23
30.972656,10,2179,2179,16,7,-25,-21,-23
30.976562,10,2179,2179,16,7,-25,-21,-23
30.980469,9,2179,2179,17,7,-25,-21,-23
30.984375,9,2179,2179,16,7,-25,-21,-23
30.988281,9,2179,2179,16,7,-25,-21,-23
30.992188,9,2179,2179,16,7,-25,-21,-23
30.996094,8,2179,2179,17,7,-25,-21,-23
31.000000,8,2179,2179,17,8,-25,-21,-23
31.003906,8,2179,2179,17,7,-25,-20,-23
31.007812,8,2179,2179,17,7,-25,-20,-23
31.011719,8,2179,2179,17,7,-25,-20,-23
31.015625,8,2179,2179,17,8,-25,-20,-23
31.019531,8,2179,2179,17,8,-25,-20,-23
31.023438,8,2179,2179,17,7,-25,-20,-23
31.027344,7,2179,2179,17,7,-25,-20,-23
31.031250,7,2179,2179,17,8,-25,-20,-23
31.035156,7,2179,2179,17,8,-25,-20,-23
31.039062,7,2179,2179,17,7,-25,-20,-23
31.042969,8,2179,2179,17,8,-25,-21,-24
31.046875,7,2179,2179,16,8,-25,-21,-23
31.050781,7,2179,2179,16,8,-25,-21,-23
31.054688,7,2179,2179,16,7,-25,-21,-23
31.058594,7,2179,2179,16,8,-25,-20,-23
31.062500,7,2179,2179,17,8,-25,-21,-23
31.066406,7,2179,2179,17,8,-25,-21,-23
31.070312,7,2179,2179,17,7,-25,-21,-23
31.074219,6,2179,2179,17,8,-25,-21,-23
31.078125,6,2179,2179,18,8,-25,-21,-23
31.082031,6,2179,2179,17,8,-25,-21,-23
31.085938,6,2179,2179,17,8,-25,-21,-23
31.089844,6,2179,2179,17,7,-25,-21,-23
31.093750,5,2179,2179,17,7,-25,-21,-23
31.097656,6,2179,2179,17,8,-25,-21,-23
31.101562,6,2179,2179,17,8,-25,-21,-23
31.105469,6,2179,2179,16,7,-25,-21,-23
31.109375,6,2179,2179,17,7,-25,-21,-23
31.113281,6,2179,2179,17,8,-25,-21,-23
31.117188,7,2179,2179,17,8,-25,-20,-23
31.121094,7,2179,2179,17,7,-25,-20,-23
31.125000,7,2179,2179,17,7,-25,-20,-23
31.128906,6,2179,2179,17,8,-25,-21,-23
31.132812,6,2179,2179,17,8,-25,-20,-23
31.136719,7,2179,2179,17,8,-25,-20,-23
31.140625,7,2179,2179,17,7,-25,-21,-23
31.144531,7,2179,2179,17,7,-25,-21,-23
31.148438,6,2179,2179,17,8,-25,-21,-23
31.152344,7,2179,2179,17,7,-25,-21,-23
31.156250,7,2179,2179,17,7,-25,-21,-23
31.160156,6,2179,2179,17,7,-25,-21,-23
31.164062,6,2179,2179,17,8,-25,-21,-23
31.167969,7,2179,2179,17,8,-25,-21,-23
31.171875,6,2179,2179,17,7,-25,-21,-23
31.175781,6,2179,2179,16,7,-25,-21,-23
31.179688,6,2179,2179,17,7,-25,-21,-23
31.183594,6,2179,2179,17,7,-25,-21,-23
31.187500,7,2179,2179,16,7,-24,-21,-23
31.191406,7,2179,2179,16,7,-25,-21,-23
31.195312,6,2179,2179,17,6,-25,-21,-23
31.199219,6,2179,2179,17,8,-25,-20,-23
31.203125,7,2179,2179,17,8,-25,-20,-23
31.207031,7,2179,2179,17,7,-25,-21,-23
31.210938,6,2179,2179,17,7,-25,-20,-23
31.214844,6,2179,2179,17,8,-25,-21,-23
31.218750,7,2179,2179,17,8,-25,-21,-23
31.222656,7,2179,2179,17,7,-25,-20,-23
31.226562,6,2179,2179,17,7,-25,-20,-23
31.230469,7,2179,2179,17,8,-25,-21,-23
31.234375,7,2179,2179,17,7,-25,-21,-23
31.238281,7,2179,2179,17,7,-25,-20,-23
31.242188,8,2179,2179,17,7,-25,-20,-23
31.246094,7,2179,2179,17,7,-25,-21,-23
31.250000,7,2179,2179,17,7,-25,-21,-23
31.253906,7,2179,2179,17,7,-25,-21,-23
31.257812,7,2179,2179,17,7,-25,-21,-23
31.261719,7,2179,2179,17,7,-25,-21,-23
31.265625,7,2179,2179,17,8,-25,-21,-23
31.269531,7,2179,2179,17,8,-25,-21,-23
31.273438,7,2179,2179,17,7,-25,-21,-23
31.277344,7,2179,2179,17,8,-25,-21,-23
31.281250,7,2179,2179,17,8,-25,-21,-23
31.285156,8,2179,2179,17,8,-25,-21,-23
31.289062,8,2179,2179,17,8,-25,-21,-23
31.292969,8,2179,2179,17,7,-25,-21,-23
31.296875,7,2179,2179,17,8,-25,-21,-23
31.300781,7,2179,2179,17,8,-25,-21,-23
31.304688,7,2179,2179,17,8,-25,-21,-23
31.308594,7,2179,2179,17,8,-25,-21,-23
31.312500,7,2179,2179,17,8,-25,-20,-23
31.316406,7,2179,2179,17,8,-25,-20,-23
31.320312,7,2179,2179,17,7,-25,-20,-23
31.324219,7,2179,2179,17,7,-25,-21,-23
31.328125,7,2179,2179,17,8,-25,-20,-23
31.332031,7,2179,2179,17,8,-25,-21,-23
31.335938,7,2179,2179,17,7,-25,-21,-23
31.339844,7,2179,2179,17,7,-25,-20,-23
31.343750,6,2179,2179,16,7,-25,-21,-23
31.347656,6,2179,2179,17,7,-25,-21,-23
31.351562,6,2179,2179,17,7,-25,-21,-23
31.355469,6,2179,2179,16,7,-25,-21,-23
31.359375,6,2179,2179,16,7,-25,-21,-23
31.363281,6,2179,2179,16,7,-25,-21,-23
31.367188,6,2179,2179,16,7,-25,-21,-23
31.371094,6,2179,2179,15,7,-25,-21,-23
31.375000,6,2179,2179,15,7,-25,-21,-23
31.378906,6,2179,2179,16,7,-25,-21,-23
31.382812,5,2179,2179,16,7,-25,-21,-23
31.386719,5,2179,2179,16,7,-25,-21,-23
31.390625,5,2179,2179,17,7,-25,-21,-23
31.394531,5,2179,2179,17,7,-25,-21,-23
31.398438,5,2179,2179,17,8,-25,-21,-23
31.402344,5,2179,2179,17,8,-25,-21,-23
31.406250,5,2179,2179,17,7,-25,-20,-23
31.410156,5,2179,2179,17,7,-25,-20,-23
31.414062,5,2179,2179,17,8,-25,-20,-23
31.417969,6,2179,2179,17,8,-25,-20,-23
31.421875,5,2179,2179,17,7,-25,-20,-23
31.425781,6,2179,2179,17,8,-25,-20,-23
31.429688,5,2179,2179,17,8,-25,-20,-23
31.433594,5,2179,2179,17,8,-25,-21,-23
31.437500,6,2179,2179,17,7,-24,-20,-23
31.441406,6,2179,2179,17,7,-25,-20,-23
31.445312,6,2179,2179,17,7,-25,-20,-23
31.449219,6,2179,2179,17,8,-25,-21,-23
31.453125,6,2179,2179,17,8,-25,-21,-23
31.457031,6,2179,2179,17,7,-25,-21,-23
31.460938,6,2179,2179,17,7,-25,-21,-23
31.464844,6,2179,2179,17,8,-25,-21,-23
31.468750,6,2179,2179,17,8,-25,-21,-23
31.472656,6,2179,2179,17,8,-25,-21,-23
31.476562,6,2179,2179,17,8,-25,-21,-23
31.480469,6,2179,2179,17,8,-25,-21,-23
31.484375,6,2179,2179,17,8,-25,-21,-23
31.488281,6,2179,2179,17,8,-25,-21,-23
31.492188,7,2179,2179,17,8,-25,-21,-23
31.496094,6,2179,2179,17,8,-25,-21,-23
31.500000,6,2179,2179,17,8,-25,-21,-23
31.503906,6,2179,2179,17,8,-25,-20,-23
31.507812,6,2179,2179,17,8,-25,-20,-23
31.511719,6,2179,2179,17,8,-25,-20,-23
31.515625,6,2179,2179,17,8,-25,-20,-23
31.519531,7,2179,2179,17,8,-25,-20,-23
31.523438,7,2179,2179,17,7,-25,-20,-23
31.527344,6,2179,2179,17,7,-25,-21,-23
31.531250,6,2179,2179,17,7,-25,-21,-23
31.535156,7,2179,2179,17,7,-25,-21,-23
31.539062,7,2179,2179,16,7,-25,-21,-23
31.542969,7,2179,2179,16,6,-25,-21,-23
31.546875,7,2179,2179,16,7,-25,-21,-23
31.550781,7,2179,2179,17,7,-25,-21,-23
31.554688,7,2179,2179,16,6,-25,-21,-23
31.558594,7,2179,2179,16,7,-25,-21,-23
31.562500,7,2179,2179,17,7,-26,-21,-23
31.566406,7,2179,2179,17,7,-25,-21,-23
31.570312,7,2179,2179,17,7,-25,-21,-23
31.574219,7,2179,2179,17,7,-25,-21,-23
31.578125,7,2179,2179,17,7,-25,-21,-23
31.582031,6,2179,2179,17,8,-25,-21,-23
31.585938,7,2179,2179,17,8,-25,-21,-23
31.589844,7,2179,2179,17,7,-25,-21,-23
31.593750,6,2179,2179,17,7,-25,-21,-23
31.597656,6,2179,2179,17,8,-25,-21,-23
31.601562,7,2179,2179,17,8,-25,-21,-23
31.605469,7,2179,2179,17,7,-25,-20,-23
31.609375,7,2179,2179,17,8,-25,-20,-23
31.613281,7,2179,2179,17,8,-25,-20,-23
31.617188,8,2179,2179,17,8,-25,-20,-23
31.621094,8,2179,2179,17,8,-25,-20,-23
31.625000,8,2179,2179,17,7,-25,-20,-23
31.628906,8,2179,2179,17,8,-25,-20,-23
31.632812,8,2179,2179,17,8,-25,-20,-23
31.636719,8,2179,2179,17,8,-25,-20,-23
31.640625,9,2179,2179,17,7,-25,-20,-23
31.644531,9,2179,2179,17,7,-25,-20,-23
31.648438,9,2179,2179,17,8,-25,-20,-23
31.652344,10,2179,2179,17,8,-25,-21,-23
31.656250,10,2179,2179,17,7,-25,-21,-23
31.660156,10,2179,2179,17,7,-25,-21,-23
31.664062,11,2179,2179,17,8,-25,-21,-23
31.667969,12,2179,2179,17,8,-25,-21,-23
31.671875,12,2179,2179,17,7,-25,-21,-23
31.675781,12,2179,2179,17,7,-25,-21,-23
31.679688,12,2179,2179,17,8,-25,-21,-23
31.683594,12,2179,2179,17,8,-25,-21,-23
31.687500,12,2179,2179,16,8,-24,-21,-23
31.691406,12,2179,2179,16,8,-25,-21,-23
31.695312,12,2179,2179,16,8,-25,-21,-23
31.699219,12,2179,2179,16,8,-25,-21,-23
31.703125,12,2179,2179,16,8,-25,-21,-23
31.707031,12,2179,2179,16,7,-25,-20,-23
31.710938,12,2179,2179,17,7,-25,-20,-23
31.714844,12,2179,2179,17,7,-25,-20,-23
31.718750,13,2179,2179,18,8,-25,-20,-23
31.722656,13,2179,2179,17,7,-25,-21,-23
31.726562,13,2179,2179,17,7,-25,-21,-23
31.730469,13,2179,2179,17,8,-25,-21,-23
31.734375,13,2179,2179,17,8,-25,-21,-23
31.738281,14,2179,2179,17,8,-25,-20,-23
31.742188,15,2179,2179,17,7,-25,-20,-23
31.746094,15,2179,2179,17,8,-25,-21,-23
31.750000,15,2179,2179,17,8,-25,-20,-23
31.753906,16,2179,2179,17,7,-25,-21,-23
31.757812,16,2179,2179,17,7,-25,-21,-23
31.761719,16,2179,2179,17,7,-25,-21,-23
31.765625,16,2179,2179,17,7,-25,-21,-23
31.769531,17,2179,2179,17,8,-25,-21,-23
31.773438,17,2179,2179,17,7,-25,-21,-23
31.777344,17,2179,2179,17,7,-25,-21,-23
31.781250,17,2179,2179,17,7,-25,-21,-23
31.785156,17,2179,2179,17,7,-25,-21,-23
31.789062,18,2179,2179,16,7,-25,-21,-23
31.792969,17,2179,2179,16,7,-25,-21,-23
31.796875,17,2179,2179,16,7,-25,-21,-23
31.800781,17,2179,2179,16,7,-25,-21,-23
31.804688,18,2179,2179,16,7,-25,-20,-23
31.808594,18,2179,2179,16,7,-25,-20,-23
31.812500,17,2179,2179,16,7,-26,-20,-23
31.816406,18,2179,2179,16,7,-25,-20,-23
31.820312,18,2179,2179,16,9,-25,-20,-23
31.824219,18,2179,2179,16,7,-25,-20,-23
31.828125,18,2179,2179,17,8,-25,-20,-23
31.832031,18,2179,2179,17,8,-25,-20,-23
31.835938,19,2179,2179,17,8,-25,-21,-23
31.839844,19,2179,2179,17,7,-25,-20,-23
31.843750,19,2179,2179,17,7,-25,-21,-23
31.847656,19,2179,2179,17,8,-25,-21,-23
31.851562,19,2179,2179,17,8,-25,-21,-23
31.855469,19,2179,2179,17,7,-25,-21,-23
31.859375,19,2179,2179,17,7,-25,-21,-23
31.863281,18,2179,2179,17,8,-25,-21,-23
31.867188,18,2179,2179,17,8,-25,-21,-23
31.871094,18,2179,2179,17,8,-25,-21,-23
31.875000,18,2179,2179,17,8,-25,-21,-23
31.878906,18,2179,2179,17,8,-25,-21,-23
31.882812,18,2179,2179,17,8,-25,-21,-23
31.886719,18,2179,2179,17,8,-25,-21,-23
31.890625,18,2179,2179,17,8,-25,-21,-23
31.894531,18,2179,2179,17,8,-25,-21,-23
31.898438,17,2179,2179,17,8,-25,-21,-23
31.902344,18,2179,2179,17,8,-25,-21,-23
31.906250,17,2179,2179,17,7,-25,-21,-23
31.910156,17,2179,2179,17,7,-25,-21,-23
31.914062,17,2179,2179,17,8,-25,-21,-23
31.917969,17,2179,2179,17,8,-25,-20,-23
31.921875,18,2179,2179,17,7,-25,-20,-23
31.925781,18,2179,2179,17,7,-25,-20,-23
31.929688,18,2179,2179,17,7,-25,-20,-23
31.933594,18,2179,2179,17,7,-25,-20,-23
31.937500,19,2179,2179,17,7,-23,-21,-23
31.941406,19,2179,2179,17,7,-25,-20,-23
31.945312,18,2179,2179,17,8,-25,-21,-23
31.949219,18,2179,2179,17,7,-25,-21,-23
31.953125,19,2179,2179,17,7,-25,-21,-23
31.957031,19,2179,2179,17,7,-25,-21,-23
31.960938,19,2179,2179,17,7,-25,-20,-23
31.964844,19,2179,2179,17,7,-25,-21,-23
31.968750,20,2179,2179,17,7,-25,-21,-23
31.972656,20,2179,2179,16,7,-25,-21,-23
31.976562,20,2179,2179,16,7,-25,-21,-23
31.980469,21,2179,2179,17,7,-25,-21,-23
31.984375,21,2179,2179,17,7,-25,-21,-23
31.988281,21,2179,2179,17,7,-25,-21,-23
31.992188,21,2179,2179,17,7,-25,-21,-23
31.996094,21,2179,2179,17,7,-25,-21,-23
32.000000,21,2179,2179,17,7,-25,-21,-23
32.003906,22,2179,2179,17,7,-25,-21,-23
32.007812,22,2179,2179,17,7,-25,-21,-23
32.011719,23,2179,2179,17,7,-25,-20,-23
32.015625,24,2179,2179,17,7,-25,-21,-23
32.019531,25,2179,2179,17,8,-25,-20,-23
32.023438,25,2179,2179,17,7,-25,-20,-23
32.027344,26,2179,2179,17,7,-25,-20,-23
32.031250,26,2179,2179,17,8,-25,-20,-23
32.035156,27,2179,2179,17,8,-25,-20,-23
32.039062,27,2179,2179,17,7,-25,-21,-23
32.042969,27,2179,2179,17,8,-25,-20,-23
32.046875,28,2179,2179,17,8,-25,-20,-23
32.050781,28,2179,2179,17,8,-25,-21,-23
32.054688,29,2179,2179,17,7,-25,-20,-23
32.058594,30,2179,2179,17,7,-25,-20,-23
32.062500,30,2179,2179,17,8,-27,-20,-23
32.066406,31,2179,2179,17,8,-25,-21,-23
32.070312,32,2179,2179,17,7,-25,-21,-23
32.074219,32,2179,2179,17,7,-25,-21,-23
32.078125,32,2179,2179,17,8,-25,-21,-23
32.082031,33,2179,2179,17,8,-25,-21,-23
32.085938,33,2179,2179,17,8,-25,-21,-23
32.089844,34,2179,2179,17,7,-25,-21,-23
32.093750,34,2179,2179,17,7,-25,-21,-23
32.097656,34,2179,2179,17,8,-25,-21,-23
32.101562,34,2179,2179,17,8,-25,-21,-23
32.105469,35,2179,2179,17,7,-25,-21,-23
32.109375,35,2179,2179,17,7,-25,-21,-23
32.113281,35,2179,2179,17,7,-25,-21,-23
32.117188,35,2179,2179,17,8,-25,-20,-23
32.121094,36,2179,2179,17,7,-25,-20,-23
32.125000,36,2179,2179,17,7,-25,-20,-23
32.128906,36,2179,2179,17,7,-25,-20,-23
32.132812,36,2179,2179,17,8,-25,-20,-23
32.136719,37,2179,2179,17,8,-25,-20,-23
32.140625,37,2179,2179,17,8,-25,-20,-23
32.144531,37,2179,2179,17,8,-25,-21,-23
32.148438,37,2179,2179,17,8,-25,-21,-23
32.152344,37,2179,2179,17,8,-25,-21,-23
32.156250,38,2179,2179,17,7,-25,-21,-23
32.160156,38,2179,2179,17,7,-25,-21,-23
32.164062,38,2179,2179,17,8,-25,-21,-23
32.167969,38,2179,2179,17,7,-25,-21,-23
32.171875,39,2179,2179,17,7,-25,-21,-23
32.175781,39,2179,2179,17,7,-25,-21,-23
32.179688,39,2179,2179,17,7,-25,-21,-23
32.183594,39,2179,2179,17,7,-25,-21,-23
32.187500,39,2179,2179,17,7,-22,-21,-23
32.191406,39,2179,2179,17,7,-25,-21,-23
32.195312,38,2179,2179,17,7,-25,-21,-23
32.199219,38,2179,2179,17,8,-25,-21,-23
32.203125,39,2179,2179,17,7,-25,-21,-23
32.207031,38,2179,2179,17,7,-25,-21,-23
32.210938,38,2179,2179,17,7,-25,-21,-23
32.214844,38,2179,2179,17,7,-25,-21,-23
32.218750,39,2179,2179,17,8,-25,-21,-23
32.222656,39,2179,2179,17,7,-25,-21,-23
32.226562,39,2179,2179,17,7,-25,-20,-23
32.230469,39,2179,2179,17,8,-25,-21,-23
32.234375,39,2179,2179,17,7,-25,-21,-23
32.238281,40,2179,2179,17,7,-25,-21,-23
32.242188,40,2179,2179,16,7,-25,-21,-23
32.246094,40,2179,2179,17,7,-25,-21,-23
32.250000,40,2179,2179,17,7,-25,-21,-23
32.253906,40,2179,2179,17,7,-25,-21,-23
32.257812,40,2179,2179,17,7,-25,-21,-23
32.261719,40,2179,2179,17,7,-25,-21,-23
32.265625,40,2179,2179,17,7,-25,-21,-23
32.269531,40,2179,2179,17,7,-25,-21,-23
32.273438,40,2179,2179,17,7,-25,-21,-23
32.277344,40,2179,2179,17,8,-25,-21,-23
32.281250,40,2179,2179,17,8,-25,-21,-23
32.285156,40,2179,2179,17,8,-25,-21,-23
32.289062,40,2179,2179,17,8,-25,-21,-23
32.292969,40,2179,2179,17,8,-25,-21,-23
32.296875,41,2179,2179,18,8,-25,-21,-23
32.300781,41,2179,2179,18,8,-25,-21,-23
32.304688,41,2179,2179,17,8,-25,-21,-23
32.308594,41,2179,2179,17,8,-25,-21,-23
32.312500,41,2179,2179,18,8,-28,-21,-23
32.316406,41,2179,2179,18,8,-25,-21,-23
32.320312,41,2179,2179,17,8,-25,-21,-23
32.324219,41,2179,2179,17,8,-25,-20,-23
32.328125,41,2179,2179,17,8,-25,-20,-23
32.332031,41,2179,2179,17,8,-25,-20,-23
32.335938,41,2179,2179,18,8,-25,-20,-23
32.339844,42,2179,2179,18,7,-25,-20,-23
32.343750,41,2179,2179,18,7,-25,-20,-23
32.347656,41,2179,2179,19,7,-25,-20,-23
32.351562,42,2179,2179,19,7,-25,-20,-23
32.355469,42,2179,2179,19,7,-25,-20,-23
32.359375,42,2179,2179,19,7,-25,-20,-23
32.363281,42,2179,2179,19,7,-25,-21,-23
32.367188,42,2179,2179,19,7,-25,-21,-23
32.371094,42,2179,2179,18,7,-25,-21,-23
32.375000,42,2179,2179,18,6,-25,-21,-23
32.378906,42,2179,2179,18,7,-25,-21,-23
32.382812,42,2179,2179,18,7,-25,-21,-23
32.386719,42,2179,2179,18,7,-25,-21,-23
32.390625,42,2179,2179,19,7,-25,-21,-23
32.394531,41,2179,2179,19,7,-25,-21,-23
32.398438,41,2179,2179,20,7,-25,-21,-23
32.402344,42,2179,2179,20,8,-25,-21,-23
32.406250,42,2179,2179,20,7,-25,-21,-23
32.410156,41,2179,2179,21,7,-25,-21,-23
32.414062,41,2179,2179,21,8,-25,-21,-23
32.417969,41,2179,2179,22,8,-25,-21,-23
32.421875,41,2179,2179,21,8,-25,-21,-23
32.425781,41,2179,2179,21,8,-25,-21,-23
32.429688,41,2179,2179,21,8,-25,-21,-23
32.433594,41,2179,2179,21,8,-25,-21,-23
32.437500,41,2179,2179,21,8,-20,-21,-23
32.441406,41,2179,2179,21,7,-25,-21,-23
32.445312,41,2179,2179,21,8,-25,-21,-23
32.449219,41,2179,2179,22,8,-25,-21,-23
32.453125,41,2179,2179,21,8,-25,-21,-23
32.457031,42,2179,2179,22,7,-25,-21,-23
32.460938,42,2179,2179,22,8,-25,-21,-23
32.464844,42,2179,2179,22,8,-25,-21,-23
32.468750,43,2179,2179,22,8,-25,-21,-23
32.472656,43,2179,2179,22,8,-25,-21,-23
32.476562,42,2179,2179,22,8,-25,-21,-23
32.480469,43,2179,2179,22,8,-25,-21,-23
32.484375,43,2179,2179,23,8,-25,-20,-23
32.488281,43,2179,2179,23,8,-25,-21,-23
32.492188,43,2179,2179,23,8,-25,-20,-23
32.496094,43,2179,2179,23,8,-25,-21,-23
32.500000,43,2179,2179,23,8,-25,-21,-23
32.503906,44,2179,2179,23,8,-25,-21,-23
32.507812,44,2179,2179,23,8,-25,-21,-23
32.511719,44,2179,2179,23,8,-25,-21,-23
32.515625,44,2179,2179,23,8,-25,-21,-23
32.519531,44,2179,2179,23,8,-25,-21,-23
32.523438,44,2179,2179,23,7,-25,-21,-23
32.527344,44,2179,2179,23,7,-25,-21,-23
32.531250,44,2179,2179,23,7,-25,-20,-23
32.535156,45,2179,2179,23,7,-25,-21,-23
32.539062,45,2179,2179,23,7,-25,-21,-23
32.542969,45,2179,2179,23,7,-25,-21,-23
32.546875,45,2179,2179,24,7,-25,-21,-23
32.550781,45,2179,2179,24,7,-25,-21,-23
32.554688,46,2179,2179,24,7,-25,-20,-23
32.558594,46,2179,2179,25,7,-25,-20,-23
32.562500,46,2179,2179,26,7,-30,-21,-23
32.566406,47,2179,2179,27,7,-25,-21,-23
32.570312,47,2179,2179,28,7,-25,-21,-23
32.574219,47,2179,2179,30,7,-25,-20,-23
32.578125,46,2179,2179,31,7,-25,-20,-23
32.582031,46,2179,2179,33,7,-25,-20,-23
32.585938,46,2179,2179,34,7,-25,-20,-23
32.589844,46,2179,2179,34,7,-25,-21,-23
32.593750,46,2179,2179,35,7,-25,-21,-23
32.597656,46,2179,2179,36,7,-25,-21,-23
32.601562,47,2179,2179,36,7,-25,-21,-23
32.605469,47,2179,2179,37,7,-25,-21,-23
32.609375,46,2179,2179,38,7,-25,-21,-23
32.613281,46,2179,2179,40,8,-25,-21,-23
32.617188,46,2179,2179,42,8,-25,-21,-23
32.621094,46,2179,2179,43,7,-25,-21,-23
32.625000,46,2179,2179,46,7,-25,-21,-23
32.628906,45,2179,2179,48,8,-25,-20,-23
32.632812,45,2179,2179,50,8,-25,-20,-23
32.636719,45,2179,2179,51,8,-25,-20,-23
32.640625,45,2179,2179,52,8,-25,-20,-23
32.644531,45,2179,2179,53,8,-25,-21,-23
32.648438,45,2179,2179,54,8,-25,-21,-23
32.652344,45,2179,2179,55,8,-25,-21,-23
32.656250,45,2179,2179,55,8,-25,-21,-23
32.660156,45,2179,2179,56,7,-25,-21,-23
32.664062,45,2179,2179,58,7,-25,-21,-23
32.667969,46,2179,2179,60,8,-25,-21,-23
32.671875,46,2179,2179,62,7,-25,-21,-23
32.675781,45,2179,2179,65,7,-25,-21,-23
32.679688,45,2179,2179,68,8,-25,-21,-23
32.683594,45,2179,2179,71,8,-25,-21,-23
32.687500,45,2179,2179,73,8,-19,-21,-23
32.691406,45,2179,2179,75,7,-25,-21,-23
32.695312,45,2179,2179,77,8,-25,-21,-23
32.699219,45,2179,2179,78,8,-25,-21,-23
32.703125,45,2179,2179,79,8,-25,-21,-23
32.707031,45,2179,2179,80,8,-25,-21,-23
32.710938,45,2179,2179,82,8,-25,-21,-23
32.714844,45,2179,2179,84,8,-25,-21,-23
32.718750,45,2179,2179,86,8,-25,-21,-23
32.722656,45,2179,2179,88,7,-25,-21,-23
32.726562,44,2179,2179,91,8,-25,-21,-23
32.730469,44,2179,2179,94,8,-25,-21,-23
32.734375,44,2179,2179,96,8,-25,-21,-23
32.738281,44,2179,2179,98,8,-25,-20,-23
32.742188,44,2179,2179,100,8,-25,-21,-23
32.746094,44,2179,2179,103,8,-25,-20,-23
32.750000,43,2179,2179,104,8,-25,-21,-23
32.753906,44,2179,2179,105,8,-25,-21,-23
32.757812,44,2179,2179,106,8,-25,-20,-23
32.761719,43,2179,2179,108,7,-25,-20,-23
32.765625,44,2179,2179,108,8,-25,-20,-23
32.769531,44,2179,2179,109,7,-25,-21,-23
32.773438,45,2179,2179,109,7,-25,-21,-23
32.777344,44,2179,2179,110,7,-25,-21,-23
32.781250,45,2179,2179,112,7,-25,-21,-23
32.785156,45,2179,2179,113,7,-25,-21,-23
32.789062,45,2179,2179,113,7,-25,-21,-23
32.792969,44,2179,2179,115,7,-25,-21,-23
32.796875,44,2179,2179,116,7,-25,-21,-23
32.800781,44,2179,2179,117,8,-25,-21,-23
32.804688,44,2179,2179,118,7,-25,-21,-23
32.808594,44,2179,2179,119,7,-25,-21,-23
32.812500,44,2179,2179,121,7,-31,-21,-23
32.816406,44,2179,2179,122,7,-25,-21,-23
32.820312,44,2179,2179,123,7,-25,-21,-23
32.824219,44,2179,2179,124,7,-25,-21,-23
32.828125,44,2179,2179,127,7,-25,-21,-23
32.832031,44,2179,2179,128,7,-25,-21,-23
32.835938,44,2179,2179,130,7,-25,-21,-23
32.839844,44,2179,2179,132,7,-25,-20,-23
32.843750,44,2179,2179,133,7,-25,-20,-23
32.847656,44,2179,2179,135,8,-25,-20,-23
32.851562,45,2179,2179,136,8,-25,-21,-23
32.855469,45,2179,2179,137,8,-25,-20,-23
32.859375,45,2179,2179,137,7,-25,-21,-23
32.863281,44,2179,2179,138,8,-25,-21,-23
32.867188,44,2179,2179,138,8,-25,-20,-23
32.871094,45,2179,2179,138,7,-25,-21,-23
32.875000,45,2179,2179,139,7,-25,-21,-23
32.878906,45,2179,2179,140,8,-25,-21,-23
32.882812,45,2179,2179,141,8,-25,-21,-23
32.886719,45,2179,2179,142,8,-25,-21,-23
32.890625,45,2179,2179,143,7,-25,-21,-23
32.894531,45,2179,2179,144,7,-25,-21,-23
32.898438,45,2179,2179,146,8,-25,-21,-23
32.902344,45,2179,2179,147,8,-25,-21,-23
32.906250,45,2179,2179,148,7,-25,-21,-23
32.910156,45,2179,2179,148,7,-25,-21,-23
32.914062,45,2179,2179,149,8,-25,-21,-23
32.917969,45,2179,2179,150,8,-25,-21,-23
32.921875,45,2179,2179,150,8,-25,-21,-23
32.925781,45,2179,2179,150,7,-25,-21,-23
32.929688,45,2179,2179,151,8,-25,-20,-23
32.933594,45,2179,2179,151,8,-25,-20,-23
32.937500,45,2179,2179,152,7,-19,-20,-23
32.941406,46,2179,2179,152,7,-25,-20,-23
32.945312,45,2179,2179,154,7,-25,-21,-23
32.949219,45,2179,2179,155,7,-25,-20,-23
32.953125,45,2179,2179,156,7,-25,-21,-23
32.957031,45,2179,2179,157,7,-25,-21,-23
32.960938,45,2179,2179,158,7,-25,-21,-23
32.964844,45,2179,2179,159,7,-25,-21,-23
32.968750,45,2179,2179,159,7,-25,-21,-23
32.972656,45,2179,2179,159,7,-25,-21,-23
32.976562,45,2179,2179,159,7,-25,-21,-23
32.980469,45,2179,2179,160,7,-25,-21,-23
32.984375,45,2179,2179,160,7,-25,-21,-23
32.988281,45,2179,2179,161,7,-25,-21,-23
32.992188,45,2179,2179,161,7,-25,-21,-23
32.996094,44,2179,2179,163,7,-25,-21,-23
33.000000,44,2179,2179,164,7,-25,-21,-23
33.003906,44,2179,2179,165,7,-25,-21,-23
33.007812,44,2179,2179,166,7,-25,-21,-23
33.011719,43,2179,2179,167,7,-25,-21,-23
33.015625,43,2179,2179,167,8,-25,-21,-23
33.019531,43,2179,2179,167,8,-25,-21,-23
33.023438,43,2179,2179,166,7,-25,-21,-23
33.027344,42,2179,2179,166,8,-25,-21,-23
33.031250,42,2179,2179,166,8,-25,-20,-23
33.035156,42,2179,2179,165,8,-25,-20,-23
33.039062,42,2179,2179,165,8,-25,-20,-23
33.042969,42,2179,2179,166,8,-25,-20,-23
33.046875,42,2179,2179,167,8,-25,-20,-23
33.050781,41,2179,2179,168,8,-25,-20,-23
33.054688,42,2179,2179,169,8,-25,-20,-23
33.058594,41,2179,2179,170,8,-25,-20,-23
33.062500,41,2179,2179,170,8,-32,-21,-23
33.066406,41,2179,2179,171,8,-25,-21,-23
33.070312,41,2179,2179,170,8,-25,-21,-23
33.074219,41,2179,2179,170,8,-25,-21,-23
33.078125,40,2179,2179,170,8,-25,-21,-23
33.082031,40,2179,2179,170,8,-25,-21,-23
33.085938,40,2179,2179,170,8,-25,-21,-23
33.089844,40,2179,2179,170,8,-25,-21,-23
33.093750,40,2179,2179,170,7,-25,-21,-23
33.097656,40,2179,2179,171,8,-25,-21,-23
33.101562,40,2179,2179,171,8,-25,-21,-23
33.105469,40,2179,2179,171,7,-25,-21,-23
33.109375,40,2179,2179,172,7,-25,-21,-23
33.113281,40,2179,2179,172,7,-25,-21,-23
33.117188,40,2179,2179,173,8,-25,-21,-23
33.121094,40,2179,2179,173,7,-25,-21,-23
33.125000,40,2179,2179,173,7,-25,-21,-23
33.128906,40,2179,2179,174,8,-25,-20,-23
33.132812,40,2179,2179,174,8,-25,-21,-23
33.136719,41,2179,2179,173,8,-25,-21,-23
33.140625,41,2179,2179,173,7,-25,-21,-23
33.144531,41,2179,2179,173,7,-25,-21,-23
33.148438,41,2179,2179,173,8,-25,-21,-23
33.152344,41,2179,2179,174,8,-25,-21,-23
33.156250,41,2179,2179,174,7,-25,-21,-23
33.160156,41,2179,2179,174,7,-25,-20,-23
33.164062,41,2179,2179,175,7,-25,-21,-23
33.167969,41,2179,2179,175,8,-25,-20,-23
33.171875,41,2179,2179,175,7,-25,-20,-23
33.175781,41,2179,2179,175,7,-25,-21,-23
33.179688,41,2179,2179,176,7,-25,-20,-23
33.183594,41,2179,2179,175,7,-25,-21,-23
33.187500,41,2179,2179,175,7,-20,-21,-23
33.191406,41,2179,2179,176,7,-25,-21,-23
33.195312,41,2179,2179,176,8,-25,-21,-23
33.199219,41,2179,2179,177,8,-25,-21,-23
33.203125,41,2179,2179,177,8,-25,-21,-23
33.207031,41,2179,2179,178,7,-25,-21,-23
33.210938,40,2179,2179,178,7,-25,-21,-23
33.214844,40,2179,2179,178,7,-25,-21,-23
33.218750,40,2179,2179,179,8,-25,-21,-23
33.222656,40,2179,2179,178,7,-25,-21,-23
33.226562,39,2179,2179,178,7,-25,-21,-23
33.230469,39,2179,2179,178,7,-25,-21,-23
33.234375,39,2179,2179,178,8,-25,-21,-23
33.238281,39,2179,2179,178,7,-25,-20,-23
33.242188,39,2179,2179,178,7,-25,-20,-23
33.246094,39,2179,2179,179,8,-25,-20,-23
33.250000,39,2179,2179,179,8,-25,-20,-23
33.253906,39,2179,2179,180,8,-25,-20,-23
33.257812,39,2179,2179,180,8,-25,-20,-23
33.261719,39,2179,2179,181,8,-25,-20,-23
33.265625,39,2179,2179,181,8,-25,-20,-23
33.269531,39,2179,2179,181,8,-25,-21,-23
33.273438,40,2179,2179,180,8,-25,-20,-23
33.277344,40,2179,2179,180,8,-25,-20,-23
33.281250,40,2179,2179,180,8,-25,-21,-23
33.285156,40,2179,2179,179,8,-25,-21,-23
33.289062,40,2179,2179,179,7,-25,-21,-23
33.292969,40,2179,2179,179,7,-25,-21,-23
33.296875,39,2179,2179,180,8,-25,-21,-23
33.300781,39,2179,2179,180,8,-25,-21,-23
33.304688,39,2179,2179,180,7,-25,-20,-23
33.308594,39,2179,2179,180,8,-25,-21,-23
33.312500,39,2179,2179,180,8,-32,-21,-23
33.316406,39,2179,2179,180,8,-25,-21,-23
33.320312,39,2179,2179,180,7,-25,-21,-23
33.324219,39,2179,2179,180,7,-25,-21,-23
33.328125,38,2179,2179,181,8,-25,-21,-23
33.332031,38,2179,2179,181,8,-25,-21,-23
33.335938,38,2179,2179,181,8,-25,-20,-23
33.339844,38,2179,2179,181,7,-25,-20,-23
33.343750,38,2179,2179,181,7,-25,-20,-23
33.347656,38,2179,2179,182,8,-25,-21,-23
33.351562,38,2179,2179,182,8,-25,-21,-23
33.355469,38,2179,2179,181,7,-25,-20,-23
33.359375,38,2179,2179,182,7,-25,-21,-23
33.363281,37,2179,2179,182,7,-25,-21,-23
33.367188,37,2179,2179,182,7,-25,-21,-23
33.371094,38,2179,2179,181,7,-25,-21,-23
33.375000,38,2179,2179,181,7,-25,-21,-23
33.378906,38,2179,2179,181,7,-25,-20,-23
33.382812,38,2179,2179,182,7,-25,-21,-23
33.386719,38,2179,2179,181,7,-25,-21,-23
33.390625,38,2179,2179,181,7,-25,-21,-23
33.394531,38,2179,2179,181,7,-25,-21,-23
33.398438,38,2179,2179,182,7,-25,-21,-23
33.402344,39,2179,2179,182,7,-25,-21,-23
33.406250,39,2179,2179,183,7,-25,-21,-23
33.410156,38,2179,2179,183,7,-25,-21,-23
33.414062,38,2179,2179,183,8,-25,-21,-23
33.417969,38,2179,2179,183,8,-25,-21,-23
33.421875,38,2179,2179,183,8,-25,-21,-23
33.425781,37,2179,2179,183,7,-25,-21,-23
33.429688,37,2179,2179,183,8,-25,-20,-23
33.433594,37,2179,2179,183,8,-25,-21,-23
33.437500,37,2179,2179,183,8,-23,-20,-23
33.441406,38,2179,2179,183,8,-25,-21,-23
33.445312,37,2179,2179,183,8,-25,-20,-23
33.449219,38,2179,2179,184,8,-25,-21,-23
33.453125,38,2179,2179,184,8,-25,-20,-23
33.457031,38,2179,2179,184,8,-25,-20,-23
33.460938,37,2179,2179,184,8,-25,-20,-23
33.464844,37,2179,2179,185,8,-25,-21,-23
33.468750,37,2179,2179,185,8,-25,-21,-23
33.472656,37,2179,2179,184,8,-25,-21,-23
33.476562,37,2179,2179,184,8,-25,-21,-23
33.480469,37,2179,2179,185,8,-25,-21,-23
33.484375,37,2179,2179,185,8,-25,-21,-23
33.488281,37,2179,2179,185,7,-25,-21,-23
33.492188,37,2179,2179,186,7,-25,-21,-23
33.496094,37,2179,2179,186,8,-25,-21,-23
33.500000,37,2179,2179,186,8,-25,-21,-23
33.503906,36,2179,2179,186,8,-25,-21,-23
33.507812,36,2179,2179,185,8,-25,-21,-23
33.511719,36,2179,2179,185,7,-25,-21,-23
33.515625,35,2179,2179,185,8,-25,-21,-23
33.519531,35,2179,2179,184,8,-25,-21,-23
33.523438,35,2179,2179,183,7,-25,-21,-23
33.527344,35,2179,2179,183,7,-25,-21,-23
33.531250,35,2179,2179,183,7,-25,-20,-23
33.535156,35,2179,2179,183,7,-25,-21,-23
33.539062,35,2179,2179,184,7,-25,-21,-23
33.542969,35,2179,2179,184,7,-25,-21,-23
33.546875,34,2179,2179,185,7,-25,-21,-23
33.550781,34,2179,2179,185,7,-25,-21,-23
33.554688,35,2179,2179,186,7,-25,-20,-23
33.558594,35,2179,2179,186,7,-25,-21,-23
33.562500,34,2179,2179,186,8,-28,-21,-23
33.566406,34,2179,2179,186,8,-25,-20,-23
33.570312,35,2179,2179,186,7,-25,-20,-23
33.574219,34,2179,2179,185,7,-25,-20,-23
33.578125,34,2179,2179,185,7,-25,-20,-23
33.582031,34,2179,2179,184,7,-25,-20,-23
33.585938,34,2179,2179,184,7,-25,-21,-23
33.589844,34,2179,2179,183,7,-25,-21,-23
33.593750,34,2179,2179,183,7,-25,-21,-23
33.597656,34,2179,2179,184,7,-25,-21,-23
33.601562,34,2179,2179,184,7,-25,-21,-23
33.605469,34,2179,2179,184,7,-25,-20,-23
33.609375,34,2179,2179,184,7,-25,-21,-23
33.613281,33,2179,2179,185,8,-25,-21,-23
33.617188,33,2179,2179,186,8,-25,-21,-23
33.621094,34,2179,2179,186,8,-25,-21,-23
33.625000,33,2179,2179,187,7,-25,-21,-23
33.628906,33,2179,2179,187,8,-25,-20,-23
33.632812,33,2179,2179,187,8,-25,-20,-23
33.636719,33,2179,2179,187,8,-25,-20,-23
33.640625,33,2179,2179,187,7,-25,-20,-23
33.644531,33,2179,2179,186,7,-25,-21,-23
33.648438,33,2179,2179,186,8,-25,-20,-23
33.652344,33,2179,2179,186,8,-25,-20,-23
33.656250,33,2179,2179,186,8,-25,-20,-23
33.660156,33,2179,2179,186,8,-25,-20,-23
33.664062,33,2179,2179,186,8,-25,-20,-23
33.667969,33,2179,2179,187,8,-25,-20,-23
33.671875,33,2179,2179,187,8,-25,-20,-23
33.675781,33,2179,2179,187,8,-25,-21,-23
33.679688,33,2179,2179,187,8,-25,-20,-23
33.683594,33,2179,2179,187,8,-25,-21,-23
33.687500,33,2179,2179,187,8,-25,-21,-23
33.691406,33,2179,2179,187,7,-25,-21,-23
33.695312,33,2179,2179,187,8,-25,-21,-23
33.699219,33,2179,2179,187,8,-25,-21,-23
33.703125,33,2179,2179,187,8,-25,-21,-23
33.707031,33,2179,2179,187,8,-25,-21,-23
33.710938,33,2179,2179,187,7,-25,-21,-23
33.714844,32,2179,2179,187,8,-25,-21,-23
33.718750,33,2179,2179,187,8,-25,-21,-23
33.722656,32,2179,2179,187,8,-25,-21,-23
33.726562,32,2179,2179,187,7,-25,-21,-23
33.730469,32,2179,2179,188,8,-25,-21,-23
33.734375,31,2179,2179,188,8,-25,-21,-23
33.738281,32,2179,2179,188,7,-25,-20,-23
33.742188,32,2179,2179,188,8,-25,-21,-23
33.746094,31,2179,2179,188,8,-25,-20,-23
33.750000,31,2179,2179,187,8,-25,-20,-23
33.753906,32,2179,2179,187,8,-25,-20,-23
33.757812,32,2179,2179,186,8,-25,-20,-23
33.761719,32,2179,2179,186,7,-25,-20,-23
33.765625,32,2179,2179,186,8,-25,-20,-23
33.769531,32,2179,2179,186,8,-25,-21,-23
33.773438,32,2179,2179,185,7,-25,-20,-23
33.777344,32,2179,2179,186,7,-25,-21,-23
33.781250,32,2179,2179,186,7,-25,-21,-23
33.785156,33,2179,2179,186,7,-25,-21,-23
33.789062,33,2179,2179,186,7,-25,-21,-23
33.792969,32,2179,2179,187,7,-25,-21,-23
33.796875,32,2179,2179,187,7,-25,-21,-23
33.800781,32,2179,2179,187,7,-25,-21,-23
33.804688,32,2179,2179,187,7,-25,-20,-23
33.808594,32,2179,2179,187,7,-25,-21,-23
33.812500,32,2179,2179,188,7,-25,-21,-23
33.816406,31,2179,2179,188,8,-25,-21,-23
33.820312,32,2179,2179,189,7,-25,-21,-23
33.824219,32,2179,2179,189,7,-25,-20,-23
33.828125,31,2179,2179,189,7,-25,-21,-23
33.832031,31,2179,2179,189,8,-25,-21,-23
33.835938,31,2179,2179,189,8,-25,-21,-23
33.839844,31,2179,2179,188,7,-25,-21,-23
33.843750,31,2179,2179,188,8,-25,-20,-23
33.847656,30,2179,2179,188,8,-25,-20,-23
33.851562,30,2179,2179,188,8,-25,-20,-23
33.855469,30,2179,2179,188,8,-25,-20,-23
33.859375,30,2179,2179,188,8,-25,-20,-23
33.863281,30,2179,2179,189,8,-25,-20,-23
33.867188,30,2179,2179,189,8,-25,-21,-23
33.871094,30,2179,2179,189,7,-25,-21,-23
33.875000,30,2179,2179,188,7,-25,-21,-23
33.878906,30,2179,2179,189,8,-25,-20,-23
33.882812,29,2179,2179,188,8,-25,-21,-23
33.886719,30,2179,2179,188,8,-25,-21,-23
33.890625,30,2179,2179,188,8,-25,-21,-23
33.894531,29,2179,2179,188,8,-25,-21,-23
33.898438,29,2179,2179,188,8,-25,-21,-23
33.902344,28,2179,2179,189,8,-25,-21,-23
33.906250,28,2179,2179,188,8,-25,-21,-23
33.910156,27,2179,2179,188,8,-25,-21,-23
33.914062,27,2179,2179,188,8,-25,-21,-23
33.917969,27,2179,2179,188,8,-25,-21,-23
33.921875,26,2179,2179,187,7,-25,-21,-23
33.925781,26,2179,2179,186,7,-25,-21,-23
33.929688,26,2179,2179,186,7,-25,-20,-23
33.933594,25,2179,2179,185,7,-25,-21,-23
33.937500,26,2179,2179,183,7,-25,-21,-23
33.941406,25,2179,2179,179,7,-25,-20,-23
33.945312,25,2179,2179,174,7,-25,-20,-23
33.949219,26,2179,2179,167,8,-25,-21,-23
33.953125,26,2179,2179,157,7,-25,-20,-23
33.957031,27,2179,2179,146,7,-25,-20,-23
33.960938,27,2179,2179,136,7,-25,-20,-23
33.964844,27,2179,2179,127,7,-25,-20,-23
33.968750,28,2179,2179,121,7,-25,-20,-23
33.972656,28,2179,2179,119,7,-25,-20,-23
33.976562,28,2179,2179,121,7,-25,-20,-23
33.980469,29,2179,2179,127,7,-25,-21,-23
33.984375,29,2179,2179,136,7,-25,-20,-23
33.988281,29,2179,2179,146,7,-25,-20,-23
33.992188,30,2179,2179,156,7,-25,-21,-23
33.996094,30,2179,2179,166,7,-25,-21,-23
34.000000,30,2179,2179,174,7,-25,-21,-23
34.003906,30,2179,2179,180,7,-25,-21,-23
34.007812,30,2179,2179,184,7,-25,-21,-23
34.011719,30,2179,2179,187,7,-25,-21,-23
34.015625,30,2179,2179,189,8,-25,-21,-23
34.019531,31,2179,2179,189,8,-25,-21,-23
34.023438,31,2179,2179,189,7,-25,-21,-23
34.027344,30,2179,2179,189,7,-25,-21,-23
34.031250,30,2179,2179,189,8,-25,-21,-23
34.035156,30,2179,2179,189,8,-25,-21,-23
34.039062,30,2179,2179,189,8,-25,-21,-23
34.042969,29,2179,2179,188,7,-25,-21,-23
34.046875,29,2179,2179,189,8,-25,-21,-23
34.050781,29,2179,2179,188,8,-25,-21,-23
34.054688,29,2179,2179,188,8,-25,-20,-23
34.058594,30,2179,2179,187,8,-25,-21,-23
34.062500,30,2179,2179,187,8,-25,-21,-23
34.066406,30,2179,2179,187,8,-25,-21,-23
34.070312,30,2179,2179,187,8,-25,-21,-23
34.074219,30,2179,2179,187,8,-25,-20,-23
34.078125,29,2179,2179,188,8,-25,-21,-23
34.082031,29,2179,2179,188,8,-25,-21,-23
34.085938,29,2179,2179,188,8,-25,-21,-23
34.089844,29,2179,2179,188,7,-25,-21,-23
34.093750,29,2179,2179,188,7,-25,-21,-23
34.097656,29,2179,2179,188,8,-25,-21,-23
34.101562,29,2179,2179,188,8,-25,-21,-23
34.105469,29,2179,2179,187,7,-25,-21,-23
34.109375,28,2179,2179,187,7,-25,-21,-23
34.113281,28,2179,2179,187,8,-25,-21,-23
34.117188,28,2179,2179,187,8,-25,-21,-23
34.121094,28,2179,2179,187,7,-25,-21,-23
34.125000,27,2179,2179,187,7,-25,-21,-23
34.128906,27,2179,2179,187,8,-25,-21,-23
34.132812,26,2179,2179,186,8,-25,-21,-23
34.136719,26,2179,2179,186,8,-25,-21,-23
34.140625,26,2179,2179,185,7,-25,-21,-23
34.144531,25,2179,2179,183,7,-25,-21,-23
34.148438,25,2179,2179,181,8,-25,-21,-23
34.152344,25,2179,2179,176,8,-25,-21,-23
34.156250,25,2179,2179,169,7,-25,-20,-23
34.160156,25,2179,2179,161,7,-25,-21,-23
34.164062,25,2179,2179,152,7,-25,-21,-23
34.167969,25,2179,2179,142,7,-25,-21,-23
34.171875,25,2179,2179,134,7,-25,-20,-23
34.175781,25,2179,2179,127,7,-25,-20,-23
34.179688,24,2179,2179,121,7,-25,-20,-23
34.183594,24,2179,2179,117,7,-25,-20,-23
34.187500,24,2179,2179,112,7,-25,-20,-23
34.191406,24,2179,2179,107,7,-25,-20,-23
34.195312,23,2179,2179,101,7,-25,-21,-23
34.199219,22,2179,2179,92,7,-25,-21,-23
34.203125,22,2179,2179,82,7,-25,-21,-23
34.207031,22,2179,2179,71,7,-25,-21,-23
34.210938,22,2179,2179,61,7,-25,-21,-23
34.214844,21,2179,2179,52,8,-25,-21,-23
34.218750,21,2179,2179,45,8,-25,-21,-23
34.222656,21,2179,2179,40,7,-25,-21,-23
34.226562,21,2179,2179,37,8,-25,-21,-23
34.230469,20,2179,2179,36,8,-25,-21,-23
34.234375,20,2179,2179,36,8,-25,-21,-23
34.238281,20,2179,2179,35,7,-25,-20,-23
34.242188,19,2179,2179,35,7,-25,-21,-23
34.246094,19,2179,2179,34,8,-25,-20,-23
34.250000,19,2179,2179,33,8,-25,-20,-23
34.253906,19,2179,2179,32,8,-25,-20,-23
34.257812,19,2179,2179,31,8,-25,-20,-23
34.261719,18,2179,2179,30,8,-25,-21,-23
34.265625,19,2179,2179,30,8,-25,-20,-23
34.269531,19,2179,2179,29,8,-25,-21,-23
34.273438,19,2179,2179,29,8,-25,-20,-23
34.277344,19,2179,2179,29,8,-25,-21,-23
34.281250,19,2179,2179,29,8,-25,-20,-23
34.285156,19,2179,2179,29,8,-25,-20,-23
34.289062,19,2179,2179,29,7,-25,-20,-23
34.292969,19,2179,2179,28,7,-25,-20,-23
34.296875,18,2179,2179,28,7,-25,-21,-23
34.300781,18,2179,2179,28,7,-25,-21,-23
34.304688,18,2179,2179,27,7,-25,-20,-23
34.308594,18,2179,2179,27,7,-25,-21,-23
34.312500,17,2179,2179,27,8,-25,-21,-23
34.316406,17,2179,2179,27,8,-25,-21,-23
34.320312,17,2179,2179,27,8,-25,-21,-23
34.324219,17,2179,2179,26,8,-25,-21,-23
34.328125,17,2179,2179,27,8,-25,-21,-23
34.332031,16,2179,2179,27,8,-25,-21,-23
34.335938,16,2179,2179,27,8,-25,-21,-23
34.339844,16,2179,2179,26,7,-25,-21,-23
34.343750,15,2179,2179,26,7,-25,-21,-23
34.347656,15,2179,2179,26,8,-25,-21,-23
34.351562,15,2179,2179,25,7,-25,-21,-23
34.355469,15,2179,2179,24,7,-25,-21,-23
34.359375,15,2179,2179,23,7,-25,-21,-23
34.363281,14,2179,2179,23,7,-25,-21,-23
34.367188,14,2179,2179,23,7,-25,-20,-23
34.371094,15,2179,2179,22,7,-25,-21,-23
34.375000,14,2179,2179,22,7,-25,-21,-23
34.378906,14,2179,2179,22,7,-25,-21,-23
34.382812,14,2179,2179,21,7,-25,-21,-23
34.386719,14,2179,2179,21,7,-25,-21,-23
34.390625,13,2179,2179,20,7,-25,-21,-23
34.394531,13,2179,2179,20,6,-25,-21,-23
34.398438,13,2179,2179,20,7,-25,-21,-23
34.402344,13,2179,2179,19,7,-25,-21,-23
34.406250,13,2179,2179,19,7,-25,-21,-23
34.410156,12,2179,2179,19,7,-25,-21,-23
34.414062,12,2179,2179,19,7,-25,-21,-23
34.417969,12,2179,2179,19,7,-25,-21,-23
34.421875,12,2179,2179,18,7,-25,-21,-23
34.425781,12,2179,2179,19,7,-25,-21,-23
34.429688,11,2179,2179,19,8,-25,-21,-23
34.433594,11,2179,2179,19,8,-25,-21,-23
34.437500,11,2179,2179,19,8,-25,-21,-23
34.441406,11,2179,2179,19,8,-25,-21,-23
34.445312,10,2179,2179,20,8,-25,-21,-23
34.449219,10,2179,2179,20,8,-25,-21,-23
34.453125,11,2179,2179,19,8,-25,-21,-23
34.457031,11,2179,2179,19,8,-25,-20,-23
34.460938,10,2179,2179,19,8,-25,-20,-23
34.464844,10,2179,2179,19,8,-25,-20,-23
34.468750,11,2179,2179,20,8,-25,-20,-23
34.472656,10,2179,2179,19,8,-25,-20,-23
34.476562,10,2179,2179,19,8,-25,-20,-23
34.480469,10,2179,2179,19,8,-25,-20,-23
34.484375,10,2179,2179,19,8,-25,-21,-23
34.488281,10,2179,2179,19,8,-25,-21,-23
34.492188,10,2179,2179,19,8,-25,-20,-23
34.496094,10,2179,2179,19,8,-25,-21,-23
34.500000,10,2179,2179,19,8,-25,-21,-23
34.503906,10,2179,2179,18,7,-25,-21,-23
34.507812,10,2179,2179,19,7,-25,-21,-23
34.511719,9,2179,2179,19,7,-25,-21,-23
34.515625,9,2179,2179,19,8,-25,-21,-23
34.519531,10,2179,2179,19,8,-25,-21,-23
34.523438,10,2179,2179,18,7,-25,-21,-23
34.527344,9,2179,2179,18,7,-25,-21,-23
34.531250,9,2179,2179,18,7,-25,-21,-23
34.535156,9,2179,2179,18,7,-25,-21,-23
34.539062,9,2179,2179,17,7,-25,-21,-23
34.542969,8,2179,2179,17,7,-25,-21,-23
34.546875,8,2179,2179,17,7,-25,-21,-23
34.550781,7,2179,2179,17,7,-25,-21,-23
34.554688,8,2179,2179,17,7,-25,-20,-23
34.558594,8,2179,2179,17,7,-25,-21,-23
34.562500,7,2179,2179,18,7,-25,-20,-23
34.566406,7,2179,2179,18,8,-25,-20,-23
34.570312,8,2179,2179,18,7,-25,-21,-23
34.574219,8,2179,2179,18,7,-25,-20,-23
34.578125,7,2179,2179,18,7,-25,-20,-23
34.582031,7,2179,2179,18,8,-25,-20,-23
34.585938,8,2179,2179,18,7,-25,-20,-23
34.589844,8,2179,2179,17,7,-25,-20,-23
34.593750,8,2179,2179,17,7,-25,-20,-23
34.597656,8,2179,2179,17,7,-25,-21,-23
34.601562,9,2179,2179,17,7,-25,-21,-23
34.605469,8,2179,2179,17,7,-25,-20,-23
34.609375,8,2179,2179,17,7,-25,-20,-23
34.613281,8,2179,2179,17,8,-25,-21,-23
34.617188,8,2179,2179,17,8,-25,-21,-23
34.621094,8,2179,2179,17,7,-25,-21,-23
34.625000,8,2179,2179,17,7,-25,-21,-23
34.628906,8,2179,2179,17,7,-25,-21,-23
34.632812,8,2179,2179,17,8,-25,-21,-23
34.636719,8,2179,2179,17,8,-25,-21,-23
34.640625,8,2179,2179,17,7,-25,-21,-23
34.644531,8,2179,2179,17,7,-25,-21,-23
34.648438,8,2179,2179,17,8,-25,-21,-23
34.652344,8,2179,2179,17,8,-25,-20,-23
34.656250,8,2179,2179,17,8,-25,-20,-23
34.660156,8,2179,2179,17,7,-25,-20,-23
34.664062,8,2179,2179,17,8,-25,-20,-23
34.667969,8,2179,2179,17,8,-25,-20,-23
34.671875,8,2179,2179,17,7,-25,-20,-23
34.675781,8,2179,2179,17,8,-25,-20,-23
34.679688,8,2179,2179,17,8,-25,-21,-23
34.683594,8,2179,2179,17,8,-25,-20,-23
34.687500,8,2179,2179,17,8,-25,-20,-23
34.691406,8,2179,2179,17,7,-25,-20,-23
34.695312,8,2179,2179,17,8,-25,-20,-23
34.699219,8,2179,2179,17,8,-25,-20,-23
34.703125,8,2179,2179,17,7,-25,-21,-23
34.707031,8,2179,2179,17,7,-25,-21,-23
34.710938,8,2179,2179,17,7,-25,-21,-23
34.714844,8,2179,2179,17,7,-25,-21,-23
34.718750,8,2179,2179,17,7,-25,-21,-23
34.722656,8,2179,2179,16,7,-25,-21,-23
34.726562,8,2179,2179,17,7,-25,-21,-23
34.730469,7,2179,2179,17,8,-25,-21,-23
34.734375,7,2179,2179,17,8,-25,-21,-23
34.738281,7,2179,2179,17,7,-25,-21,-23
34.742188,7,2179,2179,17,8,-25,-21,-23
34.746094,6,2179,2179,17,8,-25,-21,-23
34.750000,6,2179,2179,17,8,-25,-21,-23
34.753906,6,2179,2179,17,7,-25,-20,-23
34.757812,6,2179,2179,17,7,-25,-20,-23
34.761719,6,2179,2179,17,8,-25,-20,-23
34.765625,6,2179,2179,17,8,-25,-20,-23
34.769531,6,2179,2179,17,8,-25,-20,-23
34.773438,6,2179,2179,17,7,-25,-20,-23
34.777344,5,2179,2179,17,7,-25,-20,-23
34.781250,6,2179,2179,17,7,-25,-21,-23
34.785156,6,2179,2179,17,7,-25,-20,-23
34.789062,6,2179,2179,17,7,-25,-20,-23
34.792969,6,2179,2179,17,7,-25,-21,-23
34.796875,6,2179,2179,17,7,-25,-21,-23
34.800781,6,2179,2179,17,7,-25,-21,-23
34.804688,7,2179,2179,17,7,-25,-21,-23
34.808594,7,2179,2179,16,7,-25,-21,-23
34.812500,6,2179,2179,17,7,-25,-21,-23
34.816406,6,2179,2179,17,7,-25,-21,-23
34.820312,7,2179,2179,17,7,-25,-21,-23
34.824219,7,2179,2179,17,7,-25,-21,-23
34.828125,7,2179,2179,17,7,-25,-21,-23
34.832031,8,2179,2179,17,7,-25,-21,-23
34.835938,8,2179,2179,17,7,-25,-21,-23
34.839844,8,2179,2179,17,7,-25,-21,-23
34.843750,8,2179,2179,17,7,-25,-21,-23
34.847656,8,2179,2179,17,8,-25,-21,-23
34.851562,8,2179,2179,17,8,-25,-21,-23
34.855469,8,2179,2179,17,8,-25,-21,-23
34.859375,8,2179,2179,17,8,-25,-21,-23
34.863281,8,2179,2179,17,8,-25,-21,-23
34.867188,8,2179,2179,17,8,-25,-21,-23
34.871094,8,2179,2179,17,7,-25,-20,-23
34.875000,9,2179,2179,17,7,-25,-20,-23
34.878906,9,2179,2179,17,8,-25,-20,-23
34.882812,9,2179,2179,17,8,-25,-21,-23
34.886719,9,2179,2179,17,8,-25,-21,-23
34.890625,9,2179,2179,17,7,-25,-21,-23
34.894531,9,2179,2179,17,7,-25,-21,-23
34.898438,8,2179,2179,17,8,-25,-20,-23
34.902344,8,2179,2179,17,8,-25,-21,-23
34.906250,8,2179,2179,17,7,-25,-21,-23
34.910156,8,2179,2179,17,7,-25,-21,-23
34.914062,8,2179,2179,17,8,-25,-20,-23
34.917969,8,2179,2179,17,8,-25,-21,-23
34.921875,8,2179,2179,17,8,-25,-21,-23
34.925781,8,2179,2179,17,7,-25,-21,-23
34.929688,7,2179,2179,17,8,-25,-22,-23
34.933594,7,2179,2179,17,8,-25,-21,-23
34.937500,7,2179,2179,17,7,-25,-21,-23
34.941406,7,2179,2179,17,7,-25,-21,-23
34.945312,7,2179,2179,17,7,-25,-21,-23
34.949219,7,2179,2179,17,7,-25,-21,-23
34.953125,7,2179,2179,16,7,-25,-21,-23
34.957031,7,2179,2179,16,7,-25,-21,-23
34.960938,7,2179,2179,16,7,-25,-21,-23
34.964844,7,2179,2179,17,7,-25,-20,-23
34.968750,7,2179,2179,17,7,-25,-20,-23
34.972656,7,2179,2179,16,7,-25,-20,-23
34.976562,6,2179,2179,17,7,-25,-21,-23
34.980469,6,2179,2179,17,7,-25,-21,-23
34.984375,6,2179,2179,17,7,-25,-21,-23
34.988281,6,2179,2179,16,7,-25,-21,-23
34.992188,6,2179,2179,16,7,-25,-21,-23
34.996094,6,2179,2179,17,7,-25,-21,-23
35.000000,6,2179,2179,17,7,-25,-21,-23
35.003906,7,2179,2179,17,7,-25,-21,-23
35.007812,7,2179,2179,17,7,-25,-20,-23
35.011719,6,2179,2179,17,7,-25,-20,-23
35.015625,6,2179,2179,17,8,-25,-20,-23
35.019531,6,2179,2179,17,8,-25,-21,-23
35.023438,6,2179,2179,17,7,-25,-21,-23
35.027344,6,2179,2179,17,8,-25,-21,-23
35.031250,6,2179,2179,17,8,-25,-21,-23
35.035156,6,2179,2179,17,8,-25,-21,-23
35.039062,5,2179,2179,17,8,-25,-21,-23
35.042969,5,2179,2179,17,8,-25,-21,-23
35.046875,5,2179,2179,18,8,-25,-21,-23
35.050781,5,2179,2179,18,8,-25,-21,-23
35.054688,5,2179,2179,18,8,-25,-21,-23
35.058594,4,2179,2179,17,8,-25,-20,-23
35.062500,4,2179,2179,18,8,-25,-20,-23
35.066406,4,2179,2179,18,8,-25,-20,-23
35.070312,4,2179,2179,17,8,-25,-20,-23
35.074219,4,2179,2179,17,8,-25,-20,-23
35.078125,4,2179,2179,17,8,-25,-20,-23
35.082031,4,2179,2179,17,8,-25,-20,-23
35.085938,5,2179,2179,17,8,-25,-20,-23
35.089844,5,2179,2179,17,7,-25,-20,-23
35.093750,5,2179,2179,17,7,-25,-20,-23
35.097656,5,2179,2179,17,7,-25,-20,-23
35.101562,5,2179,2179,17,7,-25,-20,-23
35.105469,6,2179,2179,17,7,-25,-20,-23
35.109375,6,2179,2179,17,7,-25,-20,-23
35.113281,6,2179,2179,17,7,-25,-21,-23
35.117188,6,2179,2179,17,8,-25,-21,-23
35.121094,6,2179,2179,17,7,-25,-21,-23
35.125000,6,2179,2179,17,7,-25,-21,-23
35.128906,6,2179,2179,17,8,-25,-21,-23
35.132812,6,2179,2179,17,8,-25,-21,-23
35.136719,6,2179,2179,17,8,-25,-21,-23
35.140625,6,2179,2179,17,7,-25,-21,-23
35.144531,6,2179,2179,16,7,-25,-21,-23
35.148438,6,2179,2179,17,8,-25,-21,-23
35.152344,6,2179,2179,17,8,-25,-21,-23
35.156250,6,2179,2179,17,7,-25,-21,-23
35.160156,5,2179,2179,16,7,-25,-21,-23
35.164062,5,2179,2179,17,7,-25,-21,-23
35.167969,5,2179,2179,17,7,-25,-20,-23
35.171875,5,2179,2179,16,7,-25,-20,-22
35.175781,5,2179,2179,16,7,-25,-20,-23
35.179688,4,2179,2179,17,7,-25,-21,-23
35.183594,5,2179,2179,17,7,-25,-20,-23
35.187500,5,2179,2179,16,7,-25,-20,-23
35.191406,5,2179,2179,16,7,-25,-20,-23
35.195312,5,2179,2179,17,7,-25,-20,-23
35.199219,5,2179,2179,17,7,-25,-21,-23
35.203125,6,2179,2179,17,7,-25,-21,-23
35.207031,6,2179,2179,17,7,-25,-21,-23
35.210938,6,2179,2179,17,7,-25,-21,-23
35.214844,6,2179,2179,17,7,-25,-21,-23
35.218750,6,2179,2179,17,7,-25,-21,-23
35.222656,6,2179,2179,17,7,-25,-21,-23
35.226562,5,2179,2179,17,7,-25,-21,-23
35.230469,6,2179,2179,17,8,-25,-21,-23
35.234375,6,2179,2179,17,8,-25,-21,-23
35.238281,6,2179,2179,17,7,-25,-21,-23
35.242188,6,2179,2179,17,7,-25,-21,-23
35.246094,6,2179,2179,17,8,-25,-21,-23
35.250000,6,2179,2179,17,8,-25,-20,-23
35.253906,7,2179,2179,17,7,-25,-21,-23
35.257812,7,2179,2179,17,8,-25,-20,-23
35.261719,7,2179,2179,17,7,-25,-20,-23
35.265625,7,2179,2179,17,8,-25,-21,-23
35.269531,8,2179,2179,17,8,-25,-20,-23
35.273438,8,2179,2179,17,7,-25,-20,-23
35.277344,8,2179,2179,17,7,-25,-20,-23
35.281250,8,2179,2179,17,8,-25,-21,-23
35.285156,8,2179,2179,17,8,-25,-20,-23
35.289062,8,2179,2179,17,8,-25,-20,-23
35.292969,9,2179,2179,17,7,-25,-20,-23
35.296875,9,2179,2179,17,8,-25,-20,-23
35.300781,9,2179,2179,17,8,-25,-20,-23
35.304688,10,2179,2179,17,7,-25,-21,-23
35.308594,10,2179,2179,17,7,-25,-21,-23
35.312500,11,2179,2179,17,7,-25,-21,-23
35.316406,11,2179,2179,17,8,-25,-21,-23
35.320312,11,2179,2179,17,7,-25,-21,-23
35.324219,11,2179,2179,17,7,-25,-21,-23
35.328125,11,2179,2179,17,7,-25,-21,-23
35.332031,11,2179,2179,17,8,-25,-21,-23
35.335938,11,2179,2179,17,8,-25,-21,-23
35.339844,11,2179,2179,17,7,-25,-21,-23
35.343750,11,2179,2179,17,7,-25,-21,-23
35.347656,11,2179,2179,17,8,-25,-21,-23
35.351562,11,2179,2179,17,8,-25,-21,-23
35.355469,11,2179,2179,17,7,-25,-21,-23
35.359375,11,2179,2179,17,7,-25,-21,-23
35.363281,10,2179,2179,17,7,-25,-21,-23
35.367188,11,2179,2179,17,7,-25,-21,-23
35.371094,11,2179,2179,17,7,-25,-21,-23
35.375000,11,2179,2179,17,7,-25,-21,-23
35.378906,11,2179,2179,17,7,-25,-21,-23
35.382812,11,2179,2179,17,7,-25,-21,-23
35.386719,12,2179,2179,17,7,-25,-20,-23
35.390625,12,2179,2179,17,7,-25,-21,-23
35.394531,12,2179,2179,16,7,-25,-20,-23
35.398438,12,2179,2179,17,7,-25,-21,-23
35.402344,13,2179,2179,17,7,-25,-21,-23
35.406250,13,2179,2179,17,7,-25,-21,-23
35.410156,13,2179,2179,17,7,-25,-20,-23
35.414062,14,2179,2179,17,7,-25,-21,-23
35.417969,14,2179,2179,17,8,-25,-20,-23
35.421875,15,2179,2179,16,7,-25,-20,-22
35.425781,15,2179,2179,17,7,-25,-20,-23
35.429688,15,2179,2179,17,8,-25,-20,-23
35.433594,15,2179,2179,17,8,-25,-20,-23
35.437500,15,2179,2179,17,8,-25,-21,-23
35.441406,15,2179,2179,17,8,-25,-21,-23
35.445312,16,2179,2179,18,8,-25,-21,-23
35.449219,16,2179,2179,18,8,-25,-21,-23
35.453125,16,2179,2179,17,8,-25,-21,-23
35.457031,17,2179,2179,17,8,-25,-21,-23
35.460938,17,2179,2179,17,8,-25,-21,-23
35.464844,17,2179,2179,18,8,-25,-21,-23
35.468750,17,2179,2179,18,8,-25,-21,-23
35.472656,18,2179,2179,17,8,-25,-21,-23
35.476562,18,2179,2179,17,8,-25,-20,-23
35.480469,18,2179,2179,17,8,-25,-20,-23
35.484375,19,2179,2179,17,8,-25,-20,-23
35.488281,19,2179,2179,16,8,-25,-20,-23
35.492188,20,2179,2179,16,8,-25,-21,-23
35.496094,19,2179,2179,17,8,-25,-20,-23
35.500000,20,2179,2179,17,8,-25,-21,-23
35.503906,20,2179,2179,17,8,-25,-21,-23
35.507812,20,2179,2179,17,8,-25,-21,-23
35.511719,20,2179,2179,18,8,-25,-20,-23
35.515625,20,2179,2179,18,8,-25,-21,-23
35.519531,21,2179,2179,17,8,-25,-21,-23
35.523438,21,2179,2179,17,7,-25,-21,-23
35.527344,21,2179,2179,17,7,-25,-21,-23
35.531250,21,2179,2179,17,8,-25,-21,-23
35.535156,21,2179,2179,17,8,-25,-21,-23
35.539062,21,2179,2179,17,7,-25,-21,-23
35.542969,21,2179,2179,16,7,-25,-21,-23
35.546875,21,2179,2179,17,8,-25,-21,-23
35.550781,21,2179,2179,17,8,-25,-21,-23
35.554688,22,2179,2179,17,7,-25,-21,-23
35.558594,22,2179,2179,17,7,-25,-21,-23
35.562500,22,2179,2179,17,7,-25,-21,-23
35.566406,22,2179,2179,17,7,-25,-21,-23
35.570312,22,2179,2179,16,7,-25,-20,-23
35.574219,22,2179,2179,17,7,-25,-20,-23
35.578125,22,2179,2179,17,7,-25,-20,-23
35.582031,22,2179,2179,17,7,-25,-20,-23
35.585938,23,2179,2179,17,8,-25,-20,-23
35.589844,24,2179,2179,17,7,-25,-20,-23
35.593750,24,2179,2179,17,7,-25,-21,-23
35.597656,24,2179,2179,17,7,-25,-20,-23
35.601562,24,2179,2179,17,7,-25,-20,-23
35.605469,25,2179,2179,17,7,-25,-20,-23
35.609375,25,2179,2179,16,7,-25,-21,-23
35.613281,25,2179,2179,17,7,-25,-20,-23
35.617188,25,2179,2179,17,7,-25,-21,-23
35.621094,26,2179,2179,17,7,-25,-21,-23
35.625000,27,2179,2179,17,7,-25,-21,-23
35.628906,27,2179,2179,17,7,-25,-21,-23
35.632812,28,2179,2179,17,7,-25,-21,-23
35.636719,29,2179,2179,17,7,-25,-21,-23
35.640625,29,2179,2179,17,7,-25,-21,-23
35.644531,29,2179,2179,16,7,-25,-21,-23
35.648438,30,2179,2179,17,8,-25,-21,-23
35.652344,30,2179,2179,17,8,-25,-21,-23
35.656250,31,2179,2179,17,7,-25,-21,-23
35.660156,31,2179,2179,17,7,-25,-21,-23
35.664062,31,2179,2179,17,8,-25,-21,-23
35.667969,31,2179,2179,17,8,-25,-21,-23
35.671875,31,2179,2179,17,8,-25,-20,-22
35.675781,32,2179,2179,17,8,-25,-20,-23
35.679688,31,2179,2179,17,8,-25,-20,-23
35.683594,31,2179,2179,17,8,-25,-20,-23
35.687500,31,2179,2179,17,8,-25,-20,-23
35.691406,32,2179,2179,17,8,-25,-20,-23
35.695312,32,2179,2179,18,8,-25,-20,-23
35.699219,32,2179,2179,18,8,-25,-20,-23
35.703125,33,2179,2179,17,8,-25,-20,-23
35.707031,33,2179,2179,17,7,-25,-20,-23
35.710938,33,2179,2179,17,7,-25,-20,-23
35.714844,33,2179,2179,17,7,-25,-20,-23
35.718750,33,2179,2179,17,7,-25,-20,-23
35.722656,33,2179,2179,17,7,-25,-20,-23
35.726562,33,2179,2179,16,7,-25,-20,-23
35.730469,33,2179,2179,17,8,-25,-21,-23
35.734375,33,2179,2179,17,8,-25,-21,-23
35.738281,34,2179,2179,17,7,-25,-20,-23
35.742188,34,2179,2179,17,7,-25,-21,-23
35.746094,34,2179,2179,17,8,-25,-21,-23
35.750000,34,2179,2179,17,8,-25,-21,-23
35.753906,34,2179,2179,17,7,-25,-21,-23
35.757812,35,2179,2179,17,7,-25,-21,-23
35.761719,34,2179,2179,17,7,-25,-21,-23
35.765625,34,2179,2179,17,8,-25,-21,-23
35.769531,35,2179,2179,16,8,-25,-21,-23
35.773438,35,2179,2179,17,7,-25,-20,-23
35.777344,34,2179,2179,17,7,-25,-20,-23
35.781250,34,2179,2179,17,7,-25,-20,-23
35.785156,35,2179,2179,17,7,-25,-20,-23
35.789062,35,2179,2179,17,7,-25,-20,-23
35.792969,35,2179,2179,17,7,-25,-20,-23
35.796875,35,2179,2179,17,7,-25,-20,-22
35.800781,35,2179,2179,17,7,-25,-20,-23
35.804688,35,2179,2179,17,7,-25,-20,-23
35.808594,35,2179,2179,17,7,-25,-20,-23
35.812500,35,2179,2179,17,7,-25,-21,-23
35.816406,35,2179,2179,17,7,-25,-20,-23
35.820312,36,2179,2179,16,7,-25,-20,-23
35.824219,36,2179,2179,17,7,-25,-20,-23
35.828125,35,2179,2179,17,7,-25,-21,-23
35.832031,35,2179,2179,17,7,-25,-21,-23
35.835938,36,2179,2179,17,7,-25,-21,-23
35.839844,35,2179,2179,17,7,-25,-21,-23
35.843750,35,2179,2179,17,7,-25,-21,-23
35.847656,35,2179,2179,17,8,-25,-21,-23
35.851562,36,2179,2179,17,8,-25,-21,-23
35.855469,36,2179,2179,17,8,-25,-21,-23
35.859375,36,2179,2179,17,8,-25,-21,-23
35.863281,36,2179,2179,18,8,-25,-21,-23
35.867188,36,2179,2179,18,8,-25,-21,-23
35.871094,36,2179,2179,17,8,-25,-20,-23
35.875000,36,2179,2179,17,8,-25,-21,-23
35.878906,36,2179,2179,17,8,-25,-20,-23
35.882812,36,2179,2179,17,8,-25,-20,-23
35.886719,36,2179,2179,17,8,-25,-20,-23
35.890625,36,2179,2179,17,8,-25,-20,-23
35.894531,36,2179,2179,16,8,-25,-20,-23
35.898438,36,2179,2179,17,8,-25,-20,-23
35.902344,37,2179,2179,17,8,-25,-20,-23
35.906250,37,2179,2179,17,7,-25,-20,-23
35.910156,37,2179,2179,17,7,-25,-21,-23
35.914062,37,2179,2179,17,8,-25,-21,-23
35.917969,37,2179,2179,17,8,-25,-20,-23
35.921875,38,2179,2179,17,7,-25,-20,-22
35.925781,37,2179,2179,17,7,-25,-21,-23
35.929688,37,2179,2179,17,8,-25,-21,-23
35.933594,37,2179,2179,17,8,-25,-21,-23
35.937500,37,2179,2179,17,7,-25,-21,-23
35.941406,37,2179,2179,17,7,-25,-21,-23
35.945312,37,2179,2179,17,7,-25,-21,-23
35.949219,37,2179,2179,17,7,-25,-21,-23
35.953125,38,2179,2179,17,7,-25,-21,-23
35.957031,38,2179,2179,17,7,-25,-21,-23
35.960938,37,2179,2179,17,7,-25,-21,-23
35.964844,37,2179,2179,17,7,-25,-21,-23
35.968750,37,2179,2179,17,7,-25,-21,-23
35.972656,37,2179,2179,17,7,-25,-21,-23
35.976562,37,2179,2179,17,7,-25,-21,-23
35.980469,37,2179,2179,17,7,-25,-21,-23
35.984375,37,2179,2179,17,8,-25,-21,-23
35.988281,37,2179,2179,17,7,-25,-21,-23
35.992188,37,2179,2179,17,7,-25,-20,-23
35.996094,38,2179,2179,17,7,-25,-20,-23
36.000000,38,2179,2179,17,7,-25,-20,-23
36.003906,38,2179,2179,17,7,-25,-20,-23
36.007812,39,2179,2179,17,7,-25,-20,-23
36.011719,38,2179,2179,17,7,-25,-20,-23
36.015625,38,2179,2179,17,8,-25,-20,-23
36.019531,38,2179,2179,16,7,-25,-20,-23
36.023438,38,2179,2179,16,7,-25,-20,-23
36.027344,38,2179,2179,17,7,-25,-20,-23
36.031250,38,2179,2179,17,7,-25,-21,-23
36.035156,38,2179,2179,17,8,-25,-21,-23
36.039062,38,2179,2179,17,7,-25,-21,-23
36.042969,38,2179,2179,17,7,-25,-21,-23
36.046875,38,2179,2179,17,8,-25,-21,-23
36.050781,38,2179,2179,17,8,-25,-21,-23
36.054688,39,2179,2179,17,8,-25,-21,-23
36.058594,39,2179,2179,17,8,-25,-21,-23
36.062500,38,2179,2179,17,8,-25,-21,-23
36.066406,38,2179,2179,17,8,-25,-21,-23
36.070312,38,2179,2179,17,8,-25,-21,-23
36.074219,38,2179,2179,17,8,-25,-21,-23
36.078125,38,2179,2179,17,8,-25,-20,-23
36.082031,38,2179,2179,17,8,-25,-21,-23
36.085938,38,2179,2179,17,8,-25,-20,-23
36.089844,38,2179,2179,17,7,-25,-20,-23
36.093750,38,2179,2179,17,7,-25,-20,-23
36.097656,38,2179,2179,17,8,-25,-20,-23
36.101562,38,2179,2179,17,8,-25,-20,-23
36.105469,38,2179,2179,17,7,-25,-20,-23
36.109375,38,2179,2179,17,7,-25,-20,-23
36.113281,38,2179,2179,18,8,-25,-21,-23
36.117188,38,2179,2179,18,8,-25,-20,-23
36.121094,39,2179,2179,18,7,-25,-20,-23
36.125000,39,2179,2179,19,7,-25,-20,-23
36.128906,39,2179,2179,19,8,-25,-20,-23
36.132812,39,2179,2179,19,7,-25,-20,-23
36.136719,39,2179,2179,19,7,-25,-20,-23
36.140625,39,2179,2179,19,7,-25,-21,-23
36.144531,38,2179,2179,18,7,-25,-21,-23
36.148438,38,2179,2179,19,8,-25,-21,-23
36.152344,39,2179,2179,19,8,-25,-21,-23
36.156250,39,2179,2179,18,7,-25,-21,-23
36.160156,39,2179,2179,18,7,-25,-21,-23
36.164062,39,2179,2179,19,7,-25,-21,-23
36.167969,39,2179,2179,19,7,-25,-21,-23
36.171875,39,2179,2179,19,7,-25,-20,-23
36.175781,39,2179,2179,19,7,-25,-20,-23
36.179688,38,2179,2179,19,7,-25,-20,-23
36.183594,38,2179,2179,19,7,-25,-20,-23
36.187500,39,2179,2179,18,7,-25,-20,-23
36.191406,39,2179,2179,18,7,-25,-20,-23
36.195312,39,2179,2179,19,7,-25,-20,-23
36.199219,39,2179,2179,19,7,-25,-20,-23
36.203125,40,2179,2179,19,7,-25,-20,-23
36.207031,40,2179,2179,19,7,-25,-20,-23
36.210938,40,2179,2179,19,7,-25,-20,-23
36.214844,40,2179,2179,19,8,-25,-21,-23
36.218750,41,2179,2179,19,7,-25,-21,-23
36.222656,41,2179,2179,19,7,-25,-20,-23
36.226562,41,2179,2179,19,7,-25,-21,-23
36.230469,41,2179,2179,19,7,-25,-21,-23
36.234375,42,2179,2179,19,8,-25,-21,-23
36.238281,42,2179,2179,19,7,-25,-21,-23
36.242188,42,2179,2179,19,7,-25,-21,-23
36.246094,42,2179,2179,19,8,-25,-21,-23
36.250000,43,2179,2179,20,8,-25,-21,-23
36.253906,43,2179,2179,20,7,-25,-21,-23
36.257812,44,2179,2179,20,7,-25,-21,-23
36.261719,44,2179,2179,21,7,-25,-21,-23
36.265625,44,2179,2179,21,8,-25,-21,-23
36.269531,44,2179,2179,21,8,-25,-21,-23
36.273438,44,2179,2179,21,8,-25,-21,-23
36.277344,44,2179,2179,21,8,-25,-21,-23
36.281250,44,2179,2179,21,8,-25,-21,-23
36.285156,44,2179,2179,21,8,-25,-21,-23
36.289062,45,2179,2179,21,8,-25,-20,-23
36.292969,45,2179,2179,21,8,-25,-21,-23
36.296875,45,2179,2179,21,8,-25,-20,-24
36.300781,45,2179,2179,21,8,-25,-20,-23
36.304688,46,2179,2179,21,7,-25,-20,-23
36.308594,46,2179,2179,21,7,-25,-20,-23
36.312500,46,2179,2179,21,8,-25,-20,-23
36.316406,46,2179,2179,21,8,-25,-21,-23
36.320312,46,2179,2179,21,7,-25,-21,-23
36.324219,46,2179,2179,21,7,-25,-21,-23
36.328125,45,2179,2179,21,7,-25,-21,-23
36.332031,45,2179,2179,22,8,-25,-21,-23
36.335938,46,2179,2179,22,8,-25,-21,-23
36.339844,46,2179,2179,22,7,-25,-21,-23
36.343750,46,2179,2179,23,7,-25,-21,-23
36.347656,46,2179,2179,23,7,-25,-21,-23
36.351562,47,2179,2179,23,7,-25,-21,-23
36.355469,47,2179,2179,24,7,-25,-21,-23
36.359375,47,2179,2179,24,7,-25,-21,-23
36.363281,46,2179,2179,24,7,-25,-21,-23
36.367188,46,2179,2179,25,7,-25,-21,-23
36.371094,47,2179,2179,25,7,-25,-21,-23
36.375000,46,2179,2179,25,7,-25,-21,-23
36.378906,46,2179,2179,26,7,-25,-21,-23
36.382812,46,2179,2179,26,7,-25,-21,-23
36.386719,47,2179,2179,27,7,-25,-20,-23
36.390625,47,2179,2179,27,7,-25,-20,-23
36.394531,47,2179,2179,28,7,-25,-21,-23
36.398438,47,2179,2179,29,7,-25,-21,-23
36.402344,47,2179,2179,30,7,-25,-21,-23
36.406250,47,2179,2179,31,7,-25,-21,-23
36.410156,47,2179,2179,31,7,-25,-21,-23
36.414062,48,2179,2179,32,8,-25,-21,-23
36.417969,48,2179,2179,33,8,-25,-21,-23
36.421875,48,2179,2179,34,7,-25,-20,-23
36.425781,48,2179,2179,35,7,-25,-20,-23
36.429688,48,2179,2179,36,8,-25,-20,-23
36.433594,48,2179,2179,38,8,-25,-20,-23
36.437500,49,2179,2179,39,8,-25,-21,-23
36.441406,49,2179,2179,41,7,-25,-21,-23
36.445312,49,2179,2179,43,8,-25,-21,-23
36.449219,49,2179,2179,45,8,-25,-21,-23
36.453125,50,2179,2179,46,8,-25,-21,-23
36.457031,50,2179,2179,47,8,-25,-21,-23
36.460938,50,2179,2179,49,8,-25,-21,-23
36.464844,50,2179,2179,50,8,-25,-21,-23
36.468750,50,2179,2179,52,8,-25,-21,-23
36.472656,50,2179,2179,53,8,-25,-21,-23
36.476562,50,2179,2179,54,8,-25,-21,-23
36.480469,50,2179,2179,56,8,-25,-21,-23
36.484375,50,2179,2179,58,8,-25,-20,-23
36.488281,50,2179,2179,60,8,-25,-21,-23
36.492188,50,2179,2179,62,8,-25,-20,-23
36.496094,50,2179,2179,65,8,-25,-21,-23
36.500000,50,2179,2179,67,8,-25,-20,-23
36.503906,50,2179,2179,69,8,-25,-20,-23
36.507812,50,2179,2179,71,8,-25,-20,-23
36.511719,50,2179,2179,73,7,-25,-20,-23
36.515625,50,2179,2179,75,8,-25,-21,-23
36.519531,50,2179,2179,77,8,-25,-21,-23
36.523438,50,2179,2179,79,7,-25,-20,-23
36.527344,50,2179,2179,81,7,-25,-21,-23
36.531250,50,2179,2179,83,7,-25,-21,-23
36.535156,51,2179,2179,86,7,-25,-21,-23
36.539062,51,2179,2179,88,7,-25,-21,-23
36.542969,50,2179,2179,91,7,-25,-21,-23
36.546875,50,2179,2179,94,7,-25,-21,-25
36.550781,51,2179,2179,95,7,-25,-21,-23
36.554688,51,2179,2179,96,7,-25,-21,-23
36.558594,51,2179,2179,97,7,-25,-21,-23
36.562500,50,2179,2179,98,7,-25,-21,-23
36.566406,50,2179,2179,99,7,-25,-21,-23
36.570312,51,2179,2179,100,7,-25,-21,-23
36.574219,51,2179,2179,103,7,-25,-21,-23
36.578125,50,2179,2179,106,7,-25,-21,-23
36.582031,50,2179,2179,110,7,-25,-21,-23
36.585938,50,2179,2179,113,7,-25,-21,-23
36.589844,50,2179,2179,115,7,-25,-21,-23
36.593750,50,2179,2179,117,7,-25,-20,-23
36.597656,50,2179,2179,118,8,-25,-21,-23
36.601562,50,2179,2179,118,8,-25,-20,-23
36.605469,50,2179,2179,118,8,-25,-20,-23
36.609375,51,2179,2179,117,7,-25,-20,-23
36.613281,50,2179,2179,118,8,-25,-20,-23
36.617188,50,2179,2179,119,8,-25,-20,-23
36.621094,51,2179,2179,120,7,-25,-21,-23
36.625000,51,2179,2179,122,7,-25,-20,-23
36.628906,51,2179,2179,124,7,-25,-20,-23
36.632812,51,2179,2179,125,7,-25,-21,-23
36.636719,51,2179,2179,127,7,-25,-21,-23
36.640625,51,2179,2179,127,7,-25,-21,-23
36.644531,51,2179,2179,129,7,-25,-20,-23
36.648438,51,2179,2179,130,7,-25,-21,-23
36.652344,52,2179,2179,131,8,-25,-21,-23
36.656250,52,2179,2179,132,7,-25,-21,-23
36.660156,52,2179,2179,133,7,-25,-21,-23
36.664062,52,2179,2179,135,8,-25,-21,-23
36.667969,52,2179,2179,136,8,-25,-21,-23
36.671875,52,2179,2179,138,7,-25,-21,-24
36.675781,52,2179,2179,139,7,-25,-21,-23
36.679688,51,2179,2179,141,8,-25,-21,-23
36.683594,51,2179,2179,142,8,-25,-21,-23
36.687500,51,2179,2179,143,7,-25,-20,-23
36.691406,51,2179,2179,144,7,-25,-20,-23
36.695312,51,2179,2179,146,8,-25,-21,-23
36.699219,51,2179,2179,147,8,-25,-21,-23
36.703125,51,2179,2179,148,8,-25,-20,-23
36.707031,51,2179,2179,149,8,-25,-21,-23
36.710938,51,2179,2179,150,8,-25,-21,-23
36.714844,51,2179,2179,151,8,-25,-21,-23
36.718750,51,2179,2179,151,8,-25,-20,-23
36.722656,51,2179,2179,151,7,-25,-20,-23
36.726562,51,2179,2179,152,7,-25,-20,-23
36.730469,51,2179,2179,152,8,-25,-20,-23
36.734375,52,2179,2179,153,8,-25,-21,-23
36.738281,52,2179,2179,154,7,-25,-21,-23
36.742188,52,2179,2179,155,7,-25,-21,-23
36.746094,51,2179,2179,157,8,-25,-20,-23
36.750000,51,2179,2179,158,8,-25,-21,-23
36.753906,52,2179,2179,158,8,-25,-21,-23
36.757812,51,2179,2179,158,8,-25,-21,-23
36.761719,51,2179,2179,158,7,-25,-21,-23
36.765625,51,2179,2179,159,8,-25,-21,-23
36.769531,51,2179,2179,159,8,-25,-21,-23
36.773438,50,2179,2179,159,8,-25,-21,-23
36.777344,50,2179,2179,159,7,-25,-21,-23
36.781250,50,2179,2179,161,8,-25,-21,-23
36.785156,50,2179,2179,162,8,-25,-21,-23
36.789062,50,2179,2179,163,7,-25,-20,-23
36.792969,50,2179,2179,164,7,-25,-20,-23
36.796875,50,2179,2179,166,7,-25,-20,-23
36.800781,50,2179,2179,166,7,-25,-20,-23
36.804688,50,2179,2179,167,7,-25,-20,-23
36.808594,50,2179,2179,166,7,-25,-20,-23
36.812500,49,2179,2179,167,7,-25,-21,-23
36.816406,49,2179,2179,167,8,-25,-21,-23
36.820312,49,2179,2179,166,7,-25,-20,-23
36.824219,49,2179,2179,166,7,-25,-20,-23
36.828125,49,2179,2179,167,7,-25,-20,-23
36.832031,49,2179,2179,168,7,-25,-20,-23
36.835938,49,2179,2179,168,7,-25,-21,-23
36.839844,49,2179,2179,169,7,-25,-20,-23
36.843750,49,2179,2179,170,7,-25,-20,-23
36.847656,48,2179,2179,171,8,-25,-21,-23
36.851562,49,2179,2179,172,8,-25,-20,-23
36.855469,49,2179,2179,172,8,-25,-20,-23
36.859375,49,2179,2179,172,8,-25,-21,-23
36.863281,48,2179,2179,173,8,-25,-21,-23
36.867188,48,2179,2179,173,8,-25,-21,-23
36.871094,48,2179,2179,172,8,-25,-21,-23
36.875000,48,2179,2179,172,8,-25,-21,-23
36.878906,47,2179,2179,172,8,-25,-21,-23
36.882812,47,2179,2179,172,8,-25,-21,-23
36.886719,47,2179,2179,172,7,-25,-20,-23
36.890625,47,2179,2179,172,8,-25,-20,-23
36.894531,46,2179,2179,174,8,-25,-20,-23
36.898438,47,2179,2179,174,8,-25,-20,-23
36.902344,47,2179,2179,174,8,-25,-20,-23
36.906250,47,2179,2179,174,8,-25,-20,-23
36.910156,47,2179,2179,175,8,-25,-20,-23
36.914062,47,2179,2179,175,8,-25,-20,-23
36.917969,47,2179,2179,175,8,-25,-20,-23
36.921875,47,2179,2179,175,8,-25,-20,-23
36.925781,47,2179,2179,175,8,-25,-20,-23
36.929688,47,2179,2179,175,8,-25,-20,-23
36.933594,47,2179,2179,175,8,-25,-20,-23
36.937500,47,2179,2179,175,7,-25,-20,-23
36.941406,47,2179,2179,175,7,-25,-21,-23
36.945312,47,2179,2179,176,7,-25,-21,-23
36.949219,47,2179,2179,177,7,-25,-21,-23
36.953125,47,2179,2179,177,7,-25,-21,-23
36.957031,47,2179,2179,177,7,-25,-21,-23
36.960938,46,2179,2179,177,7,-25,-21,-23
36.964844,46,2179,2179,177,7,-25,-21,-23
36.968750,47,2179,2179,177,7,-25,-21,-23
36.972656,47,2179,2179,177,7,-25,-21,-23
36.976562,46,2179,2179,176,7,-25,-21,-23
36.980469,46,2179,2179,177,7,-25,-21,-23
36.984375,46,2179,2179,177,8,-25,-21,-23
36.988281,46,2179,2179,177,7,-25,-21,-23
36.992188,46,2179,2179,177,7,-25,-21,-23
36.996094,46,2179,2179,178,7,-25,-20,-23
37.000000,46,2179,2179,178,8,-25,-21,-23
37.003906,46,2179,2179,178,7,-25,-20,-23
37.007812,46,2179,2179,178,7,-25,-21,-23
37.011719,45,2179,2179,179,7,-25,-20,-23
37.015625,45,2179,2179,179,8,-25,-20,-23
37.019531,46,2179,2179,178,8,-25,-20,-23
37.023438,46,2179,2179,178,8,-25,-20,-23
37.027344,45,2179,2179,178,8,-25,-21,-23
37.031250,45,2179,2179,179,8,-25,-21,-23
37.035156,45,2179,2179,179,8,-25,-21,-23
37.039062,45,2179,2179,179,7,-25,-20,-23
37.042969,45,2179,2179,179,7,-25,-21,-23
37.046875,45,2179,2179,180,8,-25,-21,-23
37.050781,45,2179,2179,180,8,-25,-21,-23
37.054688,46,2179,2179,180,8,-25,-21,-23
37.058594,46,2179,2179,180,8,-25,-21,-23
37.062500,45,2179,2179,181,8,-25,-21,-23
37.066406,45,2179,2179,181,8,-25,-21,-23
37.070312,45,2179,2179,181,8,-25,-21,-23
37.074219,45,2179,2179,181,8,-25,-21,-23
37.078125,44,2179,2179,182,8,-25,-21,-23
37.082031,44,2179,2179,181,8,-25,-21,-23
37.085938,44,2179,2179,181,8,-25,-21,-23
37.089844,44,2179,2179,181,7,-25,-21,-23
37.093750,44,2179,2179,181,7,-25,-21,-23
37.097656,44,2179,2179,181,8,-25,-21,-23
37.101562,44,2179,2179,181,8,-25,-21,-23
37.105469,44,2179,2179,181,7,-25,-20,-23
37.109375,44,2179,2179,181,7,-25,-20,-23
37.113281,44,2179,2179,182,7,-25,-20,-23
37.117188,43,2179,2179,183,8,-25,-20,-23
37.121094,43,2179,2179,183,7,-25,-20,-23
37.125000,43,2179,2179,183,7,-25,-20,-23
37.128906,43,2179,2179,183,8,-25,-20,-23
37.132812,43,2179,2179,183,8,-25,-20,-23
37.136719,43,2179,2179,183,7,-25,-20,-23
37.140625,43,2179,2179,183,7,-25,-20,-23
37.144531,43,2179,2179,183,7,-25,-21,-23
37.148438,43,2179,2179,183,8,-25,-21,-23
37.152344,43,2179,2179,183,7,-25,-21,-23
37.156250,43,2179,2179,183,7,-25,-21,-23
37.160156,43,2179,2179,183,7,-25,-21,-23
37.164062,43,2179,2179,183,7,-25,-21,-23
37.167969,43,2179,2179,183,7,-25,-21,-23
37.171875,42,2179,2179,183,7,-25,-21,-23
37.175781,42,2179,2179,183,7,-25,-21,-23
37.179688,41,2179,2179,183,8,-25,-21,-23
37.183594,41,2179,2179,183,7,-25,-21,-23
37.187500,41,2179,2179,183,7,-25,-21,-23
37.191406,41,2179,2179,183,7,-25,-21,-23
37.195312,40,2179,2179,184,8,-25,-21,-23
37.199219,40,2179,2179,185,8,-25,-21,-23
37.203125,40,2179,2179,185,8,-25,-21,-23
37.207031,40,2179,2179,185,7,-25,-20,-23
37.210938,39,2179,2179,185,7,-25,-20,-23
37.214844,39,2179,2179,185,8,-25,-20,-23
37.218750,40,2179,2179,184,8,-25,-20,-23
37.222656,40,2179,2179,183,7,-25,-20,-23
37.226562,39,2179,2179,183,7,-25,-20,-23
37.230469,39,2179,2179,183,8,-25,-20,-23
37.234375,39,2179,2179,183,8,-25,-20,-23
37.238281,39,2179,2179,183,7,-25,-20,-23
37.242188,39,2179,2179,184,7,-25,-21,-23
37.246094,38,2179,2179,185,8,-25,-21,-23
37.250000,38,2179,2179,185,8,-25,-21,-23
37.253906,38,2179,2179,185,7,-25,-21,-23
37.257812,38,2179,2179,185,7,-25,-20,-23
37.261719,38,2179,2179,185,6,-25,-21,-23
37.265625,38,2179,2179,185,8,-25,-20,-23
37.269531,39,2179,2179,184,8,-25,-21,-23
37.273438,39,2179,2179,184,7,-25,-21,-23
37.277344,38,2179,2179,184,8,-25,-21,-23
37.281250,39,2179,2179,185,8,-25,-21,-23
37.285156,39,2179,2179,185,8,-25,-21,-23
37.289062,39,2179,2179,185,8,-25,-21,-23
37.292969,38,2179,2179,185,8,-25,-21,-23
37.296875,39,2179,2179,186,8,-25,-21,-23
37.300781,39,2179,2179,186,8,-25,-20,-23
37.304688,39,2179,2179,185,8,-25,-20,-23
37.308594,39,2179,2179,185,8,-25,-20,-23
37.312500,39,2179,2179,185,8,-25,-20,-23
37.316406,39,2179,2179,185,8,-25,-20,-23
37.320312,39,2179,2179,184,8,-25,-20,-23
37.324219,39,2179,2179,184,8,-25,-20,-23
37.328125,39,2179,2179,185,7,-25,-20,-23
37.332031,39,2179,2179,185,8,-25,-21,-23
37.335938,39,2179,2179,185,8,-25,-20,-23
37.339844,39,2179,2179,185,7,-25,-20,-23
37.343750,39,2179,2179,185,7,-25,-20,-23
37.347656,39,2179,2179,186,7,-25,-21,-23
37.351562,39,2179,2179,185,7,-25,-21,-23
37.355469,39,2179,2179,185,7,-25,-21,-23
37.359375,39,2179,2179,184,7,-25,-21,-23
37.363281,39,2179,2179,184,7,-25,-21,-23
37.367188,38,2179,2179,184,7,-25,-21,-23
37.371094,38,2179,2179,184,7,-25,-21,-23
37.375000,38,2179,2179,184,7,-25,-21,-23
37.378906,37,2179,2179,185,7,-25,-21,-23
37.382812,37,2179,2179,185,7,-25,-21,-23
37.386719,37,2179,2179,185,6,-25,-21,-23
37.390625,37,2179,2179,185,7,-25,-21,-23
37.394531,37,2179,2179,186,7,-25,-21,-23
37.398438,36,2179,2179,186,7,-25,-21,-23
37.402344,37,2179,2179,186,7,-25,-20,-23
37.406250,37,2179,2179,186,7,-25,-20,-23
37.410156,36,2179,2179,186,7,-25,-20,-23
37.414062,36,2179,2179,186,8,-25,-21,-23
37.417969,37,2179,2179,186,8,-25,-20,-23
37.421875,37,2179,2179,186,7,-25,-21,-23
37.425781,37,2179,2179,187,7,-25,-21,-23
37.429688,36,2179,2179,188,8,-25,-20,-23
37.433594,36,2179,2179,188,8,-25,-21,-23
37.437500,36,2179,2179,187,8,-25,-20,-23
37.441406,36,2179,2179,187,8,-25,-21,-23
37.445312,36,2179,2179,187,8,-25,-21,-23
37.449219,36,2179,2179,187,8,-25,-21,-23
37.453125,37,2179,2179,187,8,-25,-21,-23
37.457031,37,2179,2179,187,8,-25,-21,-23
37.460938,36,2179,2179,187,8,-25,-21,-23
37.464844,37,2179,2179,187,8,-25,-21,-23
37.468750,37,2179,2179,187,8,-25,-21,-23
37.472656,37,2179,2179,187,8,-25,-21,-23
37.476562,36,2179,2179,187,8,-25,-21,-23
37.480469,36,2179,2179,187,8,-25,-21,-23
37.484375,37,2179,2179,187,8,-25,-21,-23
37.488281,37,2179,2179,187,7,-25,-21,-23
37.492188,37,2179,2179,187,7,-25,-21,-23
37.496094,37,2179,2179,187,8,-25,-21,-23
37.500000,36,2179,2179,187,8,-25,-21,-23
37.503906,37,2179,2179,187,8,-25,-20,-23
37.507812,37,2179,2179,187,8,-25,-20,-23
37.511719,37,2179,2179,187,6,-25,-20,-23
37.515625,37,2179,2179,187,8,-25,-20,-23
37.519531,37,2179,2179,187,7,-25,-20,-23
37.523438,37,2179,2179,187,7,-25,-20,-23
37.527344,37,2179,2179,187,7,-25,-20,-23
37.531250,37,2179,2179,187,7,-25,-20,-23
37.535156,37,2179,2179,187,7,-25,-20,-23
37.539062,37,2179,2179,186,7,-25,-20,-23
37.542969,36,2179,2179,186,7,-25,-20,-23
37.546875,36,2179,2179,187,7,-25,-21,-23
37.550781,37,2179,2179,186,7,-25,-21,-23
37.554688,37,2179,2179,186,7,-25,-21,-23
37.558594,36,2179,2179,186,7,-25,-21,-23
37.562500,36,2179,2179,187,7,-25,-21,-23
37.566406,36,2179,2179,187,7,-25,-21,-23
37.570312,36,2179,2179,187,7,-25,-21,-23
37.574219,36,2179,2179,188,8,-25,-21,-23
37.578125,36,2179,2179,188,8,-25,-21,-23
37.582031,36,2179,2179,188,8,-25,-21,-23
37.585938,36,2179,2179,188,8,-25,-21,-23
37.589844,37,2179,2179,188,7,-25,-21,-23
37.593750,36,2179,2179,188,8,-25,-21,-23
37.597656,36,2179,2179,188,8,-25,-21,-23
37.601562,36,2179,2179,188,8,-25,-21,-23
37.605469,36,2179,2179,188,8,-25,-21,-23
37.609375,37,2179,2179,188,8,-25,-20,-23
37.613281,36,2179,2179,189,8,-25,-20,-23
37.617188,36,2179,2179,189,8,-25,-20,-23
37.621094,36,2179,2179,188,8,-25,-20,-23
37.625000,36,2179,2179,188,8,-25,-20,-23
37.628906,36,2179,2179,188,8,-25,-20,-23
37.632812,36,2179,2179,188,8,-25,-20,-23
37.636719,36,2179,2179,188,7,-25,-20,-23
37.640625,36,2179,2179,187,7,-25,-21,-23
37.644531,36,2179,2179,188,7,-25,-21,-23
37.648438,36,2179,2179,188,8,-25,-21,-23
37.652344,36,2179,2179,188,8,-25,-21,-23
37.656250,36,2179,2179,188,7,-25,-20,-23
37.660156,36,2179,2179,188,7,-25,-21,-23
37.664062,36,2179,2179,189,8,-25,-21,-23
37.667969,36,2179,2179,189,8,-25,-21,-23
37.671875,36,2179,2179,188,7,-25,-21,-23
37.675781,36,2179,2179,188,8,-25,-21,-23
37.679688,35,2179,2179,188,8,-25,-21,-23
37.683594,35,2179,2179,188,8,-25,-21,-23
37.687500,35,2179,2179,188,7,-25,-21,-23
37.691406,35,2179,2179,188,7,-25,-21,-23
37.695312,34,2179,2179,188,8,-25,-21,-23
37.699219,34,2179,2179,188,8,-25,-21,-23
37.703125,34,2179,2179,188,8,-25,-21,-23
37.707031,34,2179,2179,188,8,-25,-21,-23
37.710938,34,2179,2179,188,8,-25,-21,-23
37.714844,34,2179,2179,189,8,-25,-21,-23
37.718750,34,2179,2179,189,8,-25,-21,-23
37.722656,34,2179,2179,189,7,-25,-21,-23
37.726562,34,2179,2179,189,8,-25,-21,-23
37.730469,33,2179,2179,189,8,-25,-21,-23
37.734375,34,2179,2179,189,8,-25,-20,-23
37.738281,34,2179,2179,189,8,-25,-20,-23
37.742188,34,2179,2179,189,7,-25,-21,-23
37.746094,33,2179,2179,189,8,-25,-20,-23
37.750000,33,2179,2179,189,8,-25,-20,-23
37.753906,34,2179,2179,189,8,-24,-21,-23
37.757812,33,2179,2179,189,8,-25,-21,-23
37.761719,33,2179,2179,189,6,-25,-21,-23
37.765625,33,2179,2179,189,8,-25,-21,-23
37.769531,33,2179,2179,189,8,-25,-21,-23
37.773438,33,2179,2179,188,7,-25,-21,-23
37.777344,32,2179,2179,188,7,-25,-21,-23
37.781250,32,2179,2179,188,8,-25,-21,-23
37.785156,33,2179,2179,188,8,-25,-21,-23
37.789062,33,2179,2179,187,7,-25,-21,-23
37.792969,32,2179,2179,187,7,-25,-21,-23
37.796875,32,2179,2179,188,7,-25,-21,-23
37.800781,32,2179,2179,188,7,-25,-21,-23
37.804688,32,2179,2179,189,7,-25,-21,-23
37.808594,32,2179,2179,189,7,-25,-21,-23
37.812500,32,2179,2179,189,7,-25,-21,-23
37.816406,32,2179,2179,189,8,-25,-21,-23
37.820312,32,2179,2179,189,7,-25,-21,-23
37.824219,32,2179,2179,189,7,-25,-20,-23
37.828125,32,2179,2179,189,7,-25,-20,-23
37.832031,32,2179,2179,189,8,-25,-20,-23
37.835938,32,2179,2179,189,8,-25,-20,-23
37.839844,32,2179,2179,189,7,-25,-20,-23
37.843750,32,2179,2179,189,7,-25,-20,-23
37.847656,32,2179,2179,189,8,-25,-21,-23
37.851562,32,2179,2179,189,8,-25,-21,-23
37.855469,32,2179,2179,189,7,-25,-20,-23
37.859375,32,2179,2179,189,7,-25,-21,-23
37.863281,31,2179,2179,189,8,-25,-21,-23
37.867188,31,2179,2179,189,8,-25,-21,-23
37.871094,31,2179,2179,189,7,-25,-21,-23
37.875000,31,2179,2179,189,8,-25,-21,-23
37.878906,30,2179,2179,189,8,-26,-21,-23
37.882812,30,2179,2179,189,8,-25,-21,-23
37.886719,30,2179,2179,188,7,-25,-21,-23
37.890625,29,2179,2179,188,8,-25,-21,-23
37.894531,29,2179,2179,189,8,-25,-21,-23
37.898438,28,2179,2179,189,8,-25,-21,-23
37.902344,29,2179,2179,190,8,-25,-21,-23
37.906250,28,2179,2179,190,8,-25,-20,-23
37.910156,28,2179,2179,190,7,-25,-21,-23
37.914062,27,2179,2179,189,8,-25,-21,-23
37.917969,28,2179,2179,186,8,-25,-21,-23
37.921875,27,2179,2179,182,7,-25,-21,-23
37.925781,27,2179,2179,175,7,-25,-20,-23
37.929688,26,2179,2179,166,8,-25,-21,-23
37.933594,26,2179,2179,153,8,-25,-20,-23
37.937500,26,2179,2179,139,7,-25,-21,-23
37.941406,25,2179,2179,123,7,-25,-20,-23
37.945312,25,2179,2179,110,7,-25,-20,-23
37.949219,24,2179,2179,98,7,-25,-20,-23
37.953125,24,2179,2179,91,7,-25,-20,-23
37.957031,24,2179,2179,87,7,-25,-20,-23
37.960938,24,2179,2179,85,7,-25,-20,-23
37.964844,23,2179,2179,84,7,-25,-20,-23
37.968750,23,2179,2179,82,7,-25,-20,-23
37.972656,23,2179,2179,76,7,-25,-21,-23
37.976562,22,2179,2179,68,7,-25,-21,-23
37.980469,22,2179,2179,58,7,-25,-21,-23
37.984375,22,2179,2179,48,7,-25,-21,-23
37.988281,21,2179,2179,38,7,-25,-21,-23
37.992188,21,2179,2179,31,7,-25,-21,-23
37.996094,20,2179,2179,27,7,-25,-21,-23
38.000000,20,2179,2179,25,7,-25,-21,-23
38.003906,20,2179,2179,24,7,-24,-21,-23
38.007812,20,2179,2179,25,7,-25,-20,-23
38.011719,19,2179,2179,25,7,-25,-20,-23
38.015625,19,2179,2179,25,8,-25,-20,-23
38.019531,19,2179,2179,23,8,-25,-20,-23
38.023438,19,2179,2179,22,7,-25,-20,-23
38.027344,18,2179,2179,21,7,-25,-20,-23
38.031250,18,2179,2179,20,8,-25,-20,-23
38.035156,18,2179,2179,19,8,-25,-20,-23
38.039062,17,2179,2179,19,8,-25,-20,-23
38.042969,17,2179,2179,20,8,-25,-20,-23
38.046875,17,2179,2179,20,8,-25,-21,-23
38.050781,16,2179,2179,20,8,-25,-20,-23
38.054688,16,2179,2179,20,8,-25,-20,-23
38.058594,16,2179,2179,19,7,-25,-20,-23
38.062500,16,2179,2179,19,8,-25,-21,-23
38.066406,15,2179,2179,19,8,-25,-21,-23
38.070312,16,2179,2179,18,8,-25,-21,-23
38.074219,16,2179,2179,18,8,-25,-21,-23
38.078125,15,2179,2179,18,8,-25,-21,-23
38.082031,15,2179,2179,18,8,-25,-21,-23
38.085938,15,2179,2179,17,8,-25,-21,-23
38.089844,14,2179,2179,17,8,-25,-21,-23
38.093750,14,2179,2179,17,7,-25,-21,-23
38.097656,13,2179,2179,17,8,-25,-21,-23
38.101562,13,2179,2179,17,8,-25,-21,-23
38.105469,13,2179,2179,17,7,-25,-21,-23
38.109375,13,2179,2179,17,8,-25,-21,-23
38.113281,13,2179,2179,17,8,-25,-21,-23
38.117188,13,2179,2179,17,8,-25,-20,-23
38.121094,13,2179,2179,17,8,-25,-20,-23
38.125000,13,2179,2179,17,8,-25,-20,-23
38.128906,13,2179,2179,17,8,-26,-20,-23
38.132812,14,2179,2179,17,8,-25,-20,-23
38.136719,14,2179,2179,17,8,-25,-20,-23
38.140625,14,2179,2179,17,7,-25,-20,-23
38.144531,14,2179,2179,17,7,-25,-21,-23
38.148438,14,2179,2179,17,8,-25,-20,-23
38.152344,15,2179,2179,17,8,-25,-21,-23
38.156250,15,2179,2179,16,7,-25,-21,-23
38.160156,15,2179,2179,16,7,-25,-21,-23
38.164062,15,2179,2179,17,7,-25,-21,-23
38.167969,15,2179,2179,17,7,-25,-21,-23
38.171875,15,2179,2179,16,7,-25,-21,-23
38.175781,15,2179,2179,17,7,-25,-20,-23
38.179688,15,2179,2179,17,8,-25,-21,-23
38.183594,15,2179,2179,17,8,-25,-21,-23
38.187500,15,2179,2179,17,7,-25,-21,-23
38.191406,14,2179,2179,17,7,-25,-21,-23
38.195312,14,2179,2179,17,8,-25,-21,-23
38.199219,14,2179,2179,17,8,-25,-21,-23
38.203125,14,2179,2179,17,8,-25,-21,-23
38.207031,14,2179,2179,17,8,-25,-21,-23
38.210938,14,2179,2179,17,8,-25,-21,-23
38.214844,13,2179,2179,17,8,-25,-20,-23
38.218750,14,2179,2179,17,8,-25,-20,-23
38.222656,14,2179,2179,17,8,-25,-20,-23
38.226562,13,2179,2179,17,8,-25,-20,-23
38.230469,13,2179,2179,17,8,-25,-20,-23
38.234375,14,2179,2179,17,8,-25,-20,-23
38.238281,14,2179,2179,17,8,-25,-20,-23
38.242188,14,2179,2179,17,7,-25,-20,-23
38.246094,14,2179,2179,17,8,-25,-20,-23
38.250000,14,2179,2179,17,8,-25,-21,-23
38.253906,14,2179,2179,17,8,-24,-20,-23
38.257812,14,2179,2179,17,7,-25,-20,-23
38.261719,14,2179,2179,17,8,-25,-20,-23
38.265625,13,2179,2179,17,8,-25,-21,-23
38.269531,13,2179,2179,17,7,-25,-20,-23
38.273438,13,2179,2179,17,7,-25,-20,-23
38.277344,13,2179,2179,17,8,-25,-20,-23
38.281250,13,2179,2179,17,8,-25,-21,-23
38.285156,13,2179,2179,17,8,-25,-21,-23
38.289062,13,2179,2179,17,8,-25,-20,-23
38.292969,13,2179,2179,17,8,-25,-21,-23
38.296875,13,2179,2179,17,8,-25,-20,-23
38.300781,13,2179,2179,17,8,-25,-21,-23
38.304688,13,2179,2179,17,8,-25,-21,-23
38.308594,13,2179,2179,17,8,-25,-21,-23
38.312500,12,2179,2179,17,8,-25,-21,-23
38.316406,12,2179,2179,17,8,-25,-20,-23
38.320312,13,2179,2179,17,8,-25,-20,-23
38.324219,13,2179,2179,17,8,-25,-20,-23
38.328125,13,2179,2179,17,7,-25,-20,-23
38.332031,14,2179,2179,17,8,-25,-20,-23
38.335938,14,2179,2179,17,8,-25,-21,-23
38.339844,15,2179,2179,17,7,-25,-20,-23
38.343750,15,2179,2179,17,7,-25,-20,-23
38.347656,15,2179,2179,17,7,-25,-21,-23
38.351562,15,2179,2179,17,7,-25,-21,-23
38.355469,15,2179,2179,16,7,-25,-20,-23
38.359375,14,2179,2179,16,7,-25,-21,-23
38.363281,14,2179,2179,17,7,-25,-20,-23
38.367188,14,2179,2179,16,7,-25,-21,-23
38.371094,14,2179,2179,16,7,-25,-21,-23
38.375000,14,2179,2179,16,7,-25,-21,-23
38.378906,14,2179,2179,17,7,-27,-21,-24
38.382812,14,2179,2179,17,7,-25,-21,-23
38.386719,14,2179,2179,16,8,-25,-21,-23
38.390625,14,2179,2179,16,7,-25,-21,-23
38.394531,14,2179,2179,17,7,-25,-21,-23
38.398438,14,2179,2179,17,7,-25,-21,-23
38.402344,14,2179,2179,17,7,-25,-21,-23
38.406250,14,2179,2179,17,7,-25,-21,-23
38.410156,13,2179,2179,17,7,-25,-21,-23
38.414062,13,2179,2179,17,8,-25,-20,-23
38.417969,14,2179,2179,17,8,-25,-20,-23
38.421875,14,2179,2179,17,7,-25,-20,-23
38.425781,14,2179,2179,17,7,-25,-20,-23
38.429688,14,2179,2179,17,8,-25,-20,-23
38.433594,14,2179,2179,17,8,-25,-20,-23
38.437500,14,2179,2179,17,8,-25,-20,-23
38.441406,14,2179,2179,17,8,-25,-20,-23
38.445312,14,2179,2179,17,8,-25,-20,-23
38.449219,14,2179,2179,17,8,-25,-20,-23
38.453125,14,2179,2179,17,8,-25,-20,-23
38.457031,14,2179,2179,17,8,-25,-20,-23
38.460938,14,2179,2179,17,7,-25,-20,-23
38.464844,14,2179,2179,17,8,-25,-21,-23
38.468750,14,2179,2179,17,8,-25,-21,-23
38.472656,14,2179,2179,17,7,-25,-21,-23
38.476562,13,2179,2179,17,7,-25,-21,-23
38.480469,13,2179,2179,17,8,-25,-21,-23
38.484375,13,2179,2179,17,8,-25,-21,-23
38.488281,13,2179,2179,17,7,-25,-21,-23
38.492188,13,2179,2179,17,8,-25,-21,-23
38.496094,12,2179,2179,17,8,-25,-21,-23
38.500000,12,2179,2179,17,8,-25,-21,-23
38.503906,12,2179,2179,17,8,-23,-21,-23
38.507812,12,2179,2179,17,8,-25,-20,-23
38.511719,12,2179,2179,17,9,-25,-21,-23
38.515625,11,2179,2179,17,8,-25,-20,-23
38.519531,12,2179,2179,17,7,-25,-20,-23
38.523438,11,2179,2179,17,7,-25,-20,-23
38.527344,11,2179,2179,17,7,-25,-21,-23
38.531250,11,2179,2179,17,7,-25,-20,-23
38.535156,11,2179,2179,17,7,-25,-21,-23
38.539062,11,2179,2179,17,7,-25,-21,-23
38.542969,11,2179,2179,17,7,-25,-20,-23
38.546875,11,2179,2179,17,8,-25,-21,-23
38.550781,11,2179,2179,17,8,-25,-20,-23
38.554688,11,2179,2179,17,7,-25,-20,-23
38.558594,10,2179,2179,17,7,-25,-20,-23
38.562500,10,2179,2179,17,8,-25,-21,-23
38.566406,10,2179,2179,17,7,-25,-20,-23
38.570312,11,2179,2179,17,7,-25,-20,-23
38.574219,11,2179,2179,17,7,-25,-20,-23
38.578125,10,2179,2179,17,7,-25,-20,-23
38.582031,11,2179,2179,17,7,-25,-20,-23
38.585938,11,2179,2179,17,7,-25,-20,-23
38.589844,11,2179,2179,17,7,-25,-20,-23
38.593750,10,2179,2179,17,7,-25,-21,-23
38.597656,10,2179,2179,17,8,-25,-21,-23
38.601562,10,2179,2179,17,8,-25,-21,-23
38.605469,9,2179,2179,17,8,-25,-21,-23
38.609375,8,2179,2179,17,7,-25,-21,-23
38.613281,9,2179,2179,17,8,-25,-21,-23
38.617188,8,2179,2179,17,8,-25,-21,-23
38.621094,9,2179,2179,17,7,-25,-21,-23
38.625000,8,2179,2179,17,8,-25,-21,-23
38.628906,8,2179,2179,17,8,-27,-20,-23
38.632812,8,2179,2179,17,8,-25,-20,-23
38.636719,9,2179,2179,17,8,-25,-20,-23
38.640625,8,2179,2179,17,7,-25,-20,-23
38.644531,8,2179,2179,17,8,-25,-20,-23
38.648438,8,2179,2179,17,8,-25,-20,-23
38.652344,9,2179,2179,17,8,-25,-20,-23
38.656250,9,2179,2179,17,7,-25,-20,-23
38.660156,9,2179,2179,17,7,-25,-20,-23
38.664062,9,2179,2179,17,8,-25,-21,-23
38.667969,9,2179,2179,17,8,-25,-20,-23
38.671875,9,2179,2179,17,7,-25,-20,-23
38.675781,9,2179,2179,17,7,-25,-20,-23
38.679688,8,2179,2179,17,8,-25,-21,-23
38.683594,9,2179,2179,17,8,-25,-20,-23
38.687500,9,2179,2179,17,8,-25,-20,-23
38.691406,9,2179,2179,17,7,-25,-20,-24
38.695312,9,2179,2179,17,8,-25,-20,-23
38.699219,9,2179,2179,17,8,-25,-21,-23
38.703125,9,2179,2179,17,8,-25,-20,-23
38.707031,9,2179,2179,17,8,-25,-20,-23
38.710938,9,2179,2179,17,7,-25,-21,-23
38.714844,9,2179,2179,17,8,-25,-20,-23
38.718750,9,2179,2179,17,8,-25,-20,-23
38.722656,9,2179,2179,17,7,-25,-20,-23
38.726562,9,2179,2179,17,8,-25,-20,-23
38.730469,9,2179,2179,17,8,-25,-20,-23
38.734375,9,2179,2179,17,8,-25,-20,-23
38.738281,10,2179,2179,17,7,-25,-21,-23
38.742188,10,2179,2179,17,7,-25,-20,-23
38.746094,10,2179,2179,17,8,-25,-20,-23
38.750000,10,2179,2179,17,7,-25,-20,-23
38.753906,10,2179,2179,17,7,-22,-20,-23
38.757812,10,2179,2179,17,7,-25,-20,-23
38.761719,10,2179,2179,17,7,-25,-20,-23
38.765625,10,2179,2179,17,8,-25,-20,-23
38.769531,11,2179,2179,17,7,-25,-20,-23
38.773438,11,2179,2179,17,7,-25,-21,-23
38.777344,11,2179,2179,16,7,-25,-21,-23
38.781250,11,2179,2179,17,7,-25,-21,-23
38.785156,11,2179,2179,17,8,-25,-21,-23
38.789062,12,2179,2179,17,7,-25,-21,-23
38.792969,11,2179,2179,17,7,-25,-21,-23
38.796875,12,2179,2179,17,8,-25,-21,-23
38.800781,11,2179,2179,17,8,-25,-21,-23
38.804688,12,2179,2179,17,7,-25,-21,-23
38.808594,12,2179,2179,17,7,-25,-21,-23
38.812500,11,2179,2179,17,8,-25,-21,-23
38.816406,11,2179,2179,17,8,-25,-21,-23
38.820312,11,2179,2179,17,7,-25,-21,-23
38.824219,12,2179,2179,17,7,-25,-21,-23
38.828125,11,2179,2179,17,7,-25,-21,-23
38.832031,12,2179,2179,17,8,-25,-20,-23
38.835938,12,2179,2179,17,8,-25,-20,-23
38.839844,12,2179,2179,17,7,-25,-20,-23
38.843750,12,2179,2179,17,8,-25,-20,-23
38.847656,12,2179,2179,17,8,-25,-20,-23
38.851562,12,2179,2179,17,8,-25,-20,-23
38.855469,12,2179,2179,17,8,-25,-20,-23
38.859375,12,2179,2179,17,8,-25,-21,-23
38.863281,12,2179,2179,17,8,-25,-21,-23
38.867188,12,2179,2179,17,8,-25,-21,-23
38.871094,12,2179,2179,17,7,-25,-20,-23
38.875000,12,2179,2179,17,8,-25,-21,-23
38.878906,12,2179,2179,17,8,-28,-20,-23
38.882812,12,2179,2179,17,8,-25,-20,-23
38.886719,12,2179,2179,17,8,-25,-20,-23
38.890625,12,2179,2179,17,8,-25,-21,-23
38.894531,11,2179,2179,17,8,-25,-21,-23
38.898438,11,2179,2179,17,8,-25,-21,-23
38.902344,11,2179,2179,17,8,-25,-21,-23
38.906250,11,2179,2179,17,8,-25,-21,-23
38.910156,11,2179,2179,17,8,-25,-20,-23
38.914062,11,2179,2179,17,8,-25,-20,-23
38.917969,11,2179,2179,17,8,-25,-21,-23
38.921875,11,2179,2179,17,7,-25,-20,-23
38.925781,11,2179,2179,17,7,-25,-20,-23
38.929688,11,2179,2179,17,8,-25,-20,-23
38.933594,11,2179,2179,17,8,-25,-20,-23
38.937500,11,2179,2179,16,7,-25,-20,-23
38.941406,11,2179,2179,16,7,-25,-20,-23
38.945312,10,2179,2179,17,8,-25,-20,-23
38.949219,11,2179,2179,17,8,-25,-20,-23
38.953125,11,2179,2179,17,8,-25,-20,-23
38.957031,11,2179,2179,17,7,-25,-20,-23
38.960938,11,2179,2179,16,7,-25,-20,-23
38.964844,11,2179,2179,17,7,-25,-20,-23
38.968750,12,2179,2179,17,7,-25,-20,-23
38.972656,12,2179,2179,16,7,-25,-20,-23
38.976562,12,2179,2179,16,7,-25,-20,-23
38.980469,12,2179,2179,16,7,-25,-21,-23
38.984375,13,2179,2179,16,7,-25,-20,-23
38.988281,13,2179,2179,16,7,-25,-20,-23
38.992188,13,2179,2179,16,7,-25,-21,-23
38.996094,13,2179,2179,17,7,-25,-21,-23
39.000000,13,2179,2179,17,7,-25,-21,-23
39.003906,14,2179,2179,17,7,-21,-21,-23
39.007812,14,2179,2179,16,7,-25,-21,-23
39.011719,14,2179,2179,17,7,-25,-21,-23
39.015625,13,2179,2179,17,7,-25,-21,-23
39.019531,13,2179,2179,17,8,-25,-21,-23
39.023438,13,2179,2179,17,7,-25,-20,-23
39.027344,13,2179,2179,17,7,-25,-21,-23
39.031250,13,2179,2179,17,8,-25,-20,-23
39.035156,14,2179,2179,17,8,-25,-20,-23
39.039062,14,2179,2179,17,8,-25,-20,-23
39.042969,14,2179,2179,17,8,-25,-20,-23
39.046875,14,2179,2179,17,8,-25,-20,-23
39.050781,14,2179,2179,17,8,-25,-20,-23
39.054688,14,2179,2179,17,8,-25,-20,-23
39.058594,14,2179,2179,17,8,-25,-20,-23
39.062500,14,2179,2179,17,8,-25,-20,-23
39.066406,14,2179,2179,17,8,-25,-20,-23
39.070312,14,2179,2179,17,7,-25,-20,-23
39.074219,14,2179,2179,17,7,-25,-20,-23
39.078125,14,2179,2179,17,7,-25,-21,-23
39.082031,14,2179,2179,17,8,-25,-20,-23
39.085938,14,2179,2179,17,7,-25,-21,-23
39.089844,14,2179,2179,17,7,-25,-20,-23
39.093750,13,2179,2179,17,7,-25,-21,-23
39.097656,13,2179,2179,17,8,-25,-21,-24
39.101562,13,2179,2179,17,8,-25,-21,-23
39.105469,13,2179,2179,17,7,-25,-20,-23
39.109375,13,2179,2179,17,7,-25,-20,-23
39.113281,12,2179,2179,17,8,-25,-20,-23
39.117188,12,2179,2179,17,8,-25,-20,-23
39.121094,12,2179,2179,17,8,-25,-20,-23
39.125000,12,2179,2179,17,8,-25,-20,-23
39.128906,11,2179,2179,17,8,-29,-20,-23
39.132812,11,2179,2179,17,8,-25,-20,-23
39.136719,12,2179,2179,17,8,-25,-20,-23
39.140625,12,2179,2179,17,7,-25,-20,-23
39.144531,12,2179,2179,17,8,-25,-21,-23
39.148438,12,2179,2179,17,8,-25,-20,-23
39.152344,12,2179,2179,17,8,-25,-20,-23
39.156250,12,2179,2179,17,7,-25,-20,-23
39.160156,12,2179,2179,17,7,-25,-20,-23
39.164062,12,2179,2179,17,8,-25,-20,-23
39.167969,12,2179,2179,17,7,-25,-20,-23
39.171875,12,2179,2179,17,7,-25,-20,-23
39.175781,13,2179,2179,17,7,-25,-20,-23
39.179688,13,2179,2179,17,7,-25,-21,-23
39.183594,13,2179,2179,17,7,-25,-21,-23
39.187500,14,2179,2179,16,7,-25,-21,-23
39.191406,14,2179,2179,16,7,-25,-20,-23
39.195312,15,2179,2179,17,7,-25,-21,-23
39.199219,15,2179,2179,17,7,-25,-20,-23
39.203125,15,2179,2179,17,7,-25,-21,-23
39.207031,15,2179,2179,17,7,-25,-20,-23
39.210938,15,2179,2179,17,7,-25,-21,-23
39.214844,15,2179,2179,17,8,-25,-20,-23
39.218750,16,2179,2179,17,8,-25,-20,-23
39.222656,16,2179,2179,17,8,-25,-20,-23
39.226562,15,2179,2179,17,8,-25,-21,-23
39.230469,16,2179,2179,17,8,-25,-20,-23
39.234375,16,2179,2179,17,8,-25,-20,-23
39.238281,17,2179,2179,17,8,-25,-20,-23
39.242188,17,2179,2179,17,8,-25,-20,-23
39.246094,17,2179,2179,17,8,-25,-20,-23
39.250000,18,2179,2179,17,8,-25,-20,-23
39.253906,19,2179,2179,17,7,-19,-20,-23
39.257812,19,2179,2179,17,7,-25,-20,-23
39.261719,20,2179,2179,17,8,-25,-20,-23
39.265625,20,2179,2179,17,8,-25,-20,-23
39.269531,21,2179,2179,17,8,-25,-20,-23
39.273438,21,2179,2179,17,8,-25,-20,-23
39.277344,21,2179,2179,17,8,-25,-20,-23
39.281250,22,2179,2179,17,8,-25,-20,-23
39.285156,23,2179,2179,17,8,-25,-20,-23
39.289062,23,2179,2179,17,7,-25,-20,-23
39.292969,23,2179,2179,17,8,-25,-21,-23
39.296875,23,2179,2179,17,8,-25,-21,-23
39.300781,23,2179,2179,17,8,-25,-20,-23
39.304688,24,2179,2179,17,8,-25,-21,-23
39.308594,24,2179,2179,17,8,-25,-21,-23
39.312500,23,2179,2179,18,8,-25,-21,-23
39.316406,23,2179,2179,17,8,-25,-21,-23
39.320312,24,2179,2179,17,8,-25,-21,-23
39.324219,24,2179,2179,17,8,-25,-21,-23
39.328125,23,2179,2179,17,8,-25,-21,-23
39.332031,23,2179,2179,17,8,-25,-20,-23
39.335938,24,2179,2179,17,8,-25,-20,-23
39.339844,24,2179,2179,17,8,-25,-20,-23
39.343750,24,2179,2179,17,8,-25,-20,-23
39.347656,24,2179,2179,17,8,-25,-20,-23
39.351562,24,2179,2179,17,8,-25,-20,-23
39.355469,24,2179,2179,17,7,-25,-20,-23
39.359375,24,2179,2179,17,7,-25,-20,-23
39.363281,24,2179,2179,17,7,-25,-20,-23
39.367188,24,2179,2179,17,7,-25,-20,-23
39.371094,25,2179,2179,16,7,-25,-20,-23
39.375000,25,2179,2179,16,7,-25,-20,-23
39.378906,24,2179,2179,16,7,-31,-20,-23
39.382812,24,2179,2179,16,7,-25,-20,-23
39.386719,24,2179,2179,16,7,-25,-20,-23
39.390625,24,2179,2179,16,7,-25,-20,-23
39.394531,24,2179,2179,17,7,-25,-20,-23
39.398438,24,2179,2179,17,7,-25,-21,-23
39.402344,24,2179,2179,17,7,-25,-21,-23
39.406250,24,2179,2179,17,7,-25,-21,-23
39.410156,24,2179,2179,17,7,-25,-21,-23
39.414062,23,2179,2179,17,8,-25,-21,-23
39.417969,24,2179,2179,17,8,-25,-20,-23
39.421875,24,2179,2179,17,8,-25,-20,-23
39.425781,24,2179,2179,17,8,-25,-20,-23
39.429688,23,2179,2179,17,8,-25,-20,-23
39.433594,23,2179,2179,17,8,-25,-20,-23
39.437500,23,2179,2179,17,8,-25,-20,-23
39.441406,23,2179,2179,17,8,-25,-20,-23
39.445312,23,2179,2179,17,8,-25,-20,-23
39.449219,23,2179,2179,17,8,-25,-20,-23
39.453125,23,2179,2179,17,8,-25,-20,-23
39.457031,23,2179,2179,17,8,-25,-20,-23
39.460938,22,2179,2179,17,8,-25,-20,-23
39.464844,22,2179,2179,17,8,-25,-20,-23
39.468750,22,2179,2179,17,8,-25,-20,-23
39.472656,22,2179,2179,17,8,-25,-20,-23
39.476562,22,2179,2179,17,8,-25,-20,-23
39.480469,22,2179,2179,17,8,-25,-20,-23
39.484375,22,2179,2179,17,8,-25,-20,-23
39.488281,22,2179,2179,17,8,-25,-20,-23
39.492188,22,2179,2179,16,7,-25,-20,-23
39.496094,21,2179,2179,17,8,-25,-20,-23
39.500000,21,2179,2179,16,8,-25,-20,-23
39.503906,21,2179,2179,16,8,-18,-20,-23
39.507812,21,2179,2179,16,7,-25,-20,-23
39.511719,21,2179,2179,16,8,-25,-20,-23
39.515625,21,2179,2179,16,8,-25,-20,-23
39.519531,21,2179,2179,17,8,-25,-20,-23
39.523438,21,2179,2179,17,7,-25,-21,-23
39.527344,20,2179,2179,17,7,-25,-21,-23
39.531250,20,2179,2179,17,8,-25,-20,-23
39.535156,20,2179,2179,17,8,-25,-20,-23
39.539062,20,2179,2179,17,7,-25,-20,-23
39.542969,19,2179,2179,17,8,-25,-20,-23
39.546875,19,2179,2179,17,8,-25,-20,-23
39.550781,18,2179,2179,17,7,-25,-20,-23
39.554688,19,2179,2179,17,7,-25,-20,-23
39.558594,19,2179,2179,17,7,-25,-20,-23
39.562500,18,2179,2179,17,8,-25,-20,-23
39.566406,18,2179,2179,17,8,-25,-20,-23
39.570312,19,2179,2179,17,7,-25,-20,-23
39.574219,18,2179,2179,17,7,-25,-20,-23
39.578125,18,2179,2179,17,7,-25,-20,-23
39.582031,18,2179,2179,17,8,-25,-21,-23
39.585938,18,2179,2179,17,8,-25,-20,-23
39.589844,18,2179,2179,17,7,-25,-20,-23
39.593750,18,2179,2179,17,7,-25,-20,-24
39.597656,18,2179,2179,17,8,-25,-21,-23
39.601562,19,2179,2179,17,8,-25,-21,-23
39.605469,19,2179,2179,17,8,-25,-21,-23
39.609375,19,2179,2179,17,8,-25,-21,-23
39.613281,19,2179,2179,17,8,-25,-21,-23
39.617188,19,2179,2179,17,8,-25,-21,-23
39.621094,19,2179,2179,17,8,-25,-21,-23
39.625000,20,2179,2179,17,8,-25,-21,-23
39.628906,19,2179,2179,17,8,-33,-21,-23
39.632812,20,2179,2179,17,8,-25,-21,-23
39.636719,20,2179,2179,17,7,-25,-20,-23
39.640625,21,2179,2179,17,7,-25,-20,-23
39.644531,21,2179,2179,17,8,-25,-20,-23
39.648438,21,2179,2179,17,8,-25,-20,-23
39.652344,22,2179,2179,17,8,-25,-20,-23
39.656250,22,2179,2179,17,7,-25,-20,-23
39.660156,22,2179,2179,17,7,-25,-20,-23
39.664062,22,2179,2179,17,8,-25,-20,-23
39.667969,22,2179,2179,17,8,-25,-20,-23
39.671875,22,2179,2179,17,8,-25,-20,-23
39.675781,22,2179,2179,17,7,-25,-20,-23
39.679688,22,2179,2179,17,8,-25,-20,-23
39.683594,22,2179,2179,17,8,-25,-20,-23
39.687500,23,2179,2179,17,7,-25,-20,-23
39.691406,23,2179,2179,17,7,-25,-21,-23
39.695312,23,2179,2179,17,8,-25,-21,-23
39.699219,23,2179,2179,17,8,-25,-21,-23
39.703125,23,2179,2179,17,8,-25,-21,-23
39.707031,23,2179,2179,17,7,-25,-21,-23
39.710938,23,2179,2179,17,8,-25,-21,-23
39.714844,22,2179,2179,17,8,-25,-21,-23
39.718750,23,2179,2179,17,8,-25,-21,-23
39.722656,23,2179,2179,17,8,-25,-21,-23
39.726562,22,2179,2179,17,7,-25,-21,-23
39.730469,22,2179,2179,17,8,-25,-21,-23
39.734375,22,2179,2179,17,8,-25,-21,-23
39.738281,22,2179,2179,17,7,-25,-20,-23
39.742188,22,2179,2179,17,7,-25,-20,-23
39.746094,22,2179,2179,17,8,-25,-20,-23
39.750000,22,2179,2179,17,8,-25,-20,-23
39.753906,23,2179,2179,17,8,-20,-20,-23
39.757812,23,2179,2179,17,7,-25,-20,-23
39.761719,23,2179,2179,17,8,-25,-20,-23
39.765625,23,2179,2179,17,8,-25,-20,-23
39.769531,23,2179,2179,17,8,-25,-20,-23
39.773438,23,2179,2179,17,7,-25,-20,-23
39.777344,23,2179,2179,17,7,-25,-20,-23
39.781250,23,2179,2179,17,8,-25,-20,-23
39.785156,23,2179,2179,17,7,-25,-20,-23
39.789062,24,2179,2179,17,7,-25,-20,-23
39.792969,23,2179,2179,17,7,-25,-20,-23
39.796875,23,2179,2179,17,7,-25,-20,-23
39.800781,24,2179,2179,17,7,-25,-21,-23
39.804688,24,2179,2179,17,7,-25,-21,-23
39.808594,24,2179,2179,17,7,-25,-20,-23
39.812500,24,2179,2179,17,7,-25,-20,-23
39.816406,24,2179,2179,17,7,-25,-21,-23
39.820312,25,2179,2179,17,7,-25,-21,-23
39.824219,25,2179,2179,17,7,-25,-21,-23
39.828125,25,2179,2179,17,7,-25,-21,-23
39.832031,25,2179,2179,17,8,-25,-20,-23
39.835938,25,2179,2179,17,8,-25,-21,-23
39.839844,25,2179,2179,17,7,-25,-20,-23
39.843750,25,2179,2179,17,8,-25,-20,-23
39.847656,25,2179,2179,17,8,-25,-20,-23
39.851562,26,2179,2179,17,8,-25,-20,-23
39.855469,26,2179,2179,17,8,-25,-20,-23
39.859375,25,2179,2179,17,8,-25,-20,-23
39.863281,25,2179,2179,18,8,-25,-20,-23
39.867188,25,2179,2179,18,8,-25,-20,-23
39.871094,26,2179,2179,17,8,-25,-20,-23
39.875000,26,2179,2179,17,8,-25,-20,-23
39.878906,25,2179,2179,17,8,-32,-20,-23
39.882812,25,2179,2179,18,8,-25,-20,-23
39.886719,25,2179,2179,17,8,-25,-20,-23
39.890625,26,2179,2179,17,7,-25,-20,-23
39.894531,25,2179,2179,17,8,-25,-20,-23
39.898438,25,2179,2179,17,8,-25,-20,-23
39.902344,25,2179,2179,17,8,-25,-20,-23
39.906250,25,2179,2179,17,8,-25,-20,-23
39.910156,25,2179,2179,17,7,-25,-21,-23
39.914062,24,2179,2179,17,8,-25,-21,-23
39.917969,25,2179,2179,17,8,-25,-21,-23
39.921875,25,2179,2179,17,8,-25,-20,-23
39.925781,25,2179,2179,17,8,-25,-21,-24
39.929688,24,2179,2179,17,8,-25,-21,-23
39.933594,24,2179,2179,17,8,-25,-21,-23
39.937500,24,2179,2179,17,7,-25,-21,-23
39.941406,24,2179,2179,17,7,-25,-21,-23
39.945312,24,2179,2179,17,7,-25,-20,-23
39.949219,24,2179,2179,17,7,-25,-20,-23
39.953125,24,2179,2179,17,7,-25,-20,-23
39.957031,24,2179,2179,16,7,-25,-20,-23
39.960938,24,2179,2179,16,7,-25,-20,-23
39.964844,24,2179,2179,17,7,-25,-20,-23
39.968750,24,2179,2179,17,7,-25,-20,-23
39.972656,24,2179,2179,17,7,-25,-20,-23
39.976562,24,2179,2179,17,7,-25,-20,-23
39.980469,24,2179,2179,17,7,-25,-20,-23
39.984375,25,2179,2179,17,7,-25,-20,-23
39.988281,25,2179,2179,16,7,-25,-20,-23
39.992188,25,2179,2179,16,6,-25,-20,-23
39.996094,25,2179,2179,17,7,-25,-20,-23
40.000000,25,2179,2179,17,7,-25,-20,-23
40.003906,26,2179,2179,16,7,-23,-21,-23
40.007812,26,2179,2179,16,7,-25,-20,-23
40.011719,26,2179,2179,17,7,-25,-21,-23
40.015625,26,2179,2179,17,7,-25,-21,-23
40.019531,26,2179,2179,17,8,-25,-21,-23
40.023438,26,2179,2179,17,7,-25,-21,-23
40.027344,26,2179,2179,17,8,-25,-21,-23
40.031250,27,2179,2179,17,8,-25,-21,-23
40.035156,27,2179,2179,17,8,-25,-21,-23
40.039062,27,2179,2179,17,8,-25,-21,-23
40.042969,27,2179,2179,17,8,-25,-21,-23
40.046875,27,2179,2179,17,8,-25,-20,-23
40.050781,28,2179,2179,18,8,-25,-20,-23
40.054688,28,2179,2179,17,8,-25,-20,-23
40.058594,28,2179,2179,17,8,-25,-20,-23
40.062500,28,2179,2179,18,8,-25,-20,-23
40.066406,28,2179,2179,18,8,-25,-20,-23
40.070312,29,2179,2179,17,8,-25,-20,-23
40.074219,29,2179,2179,17,8,-25,-20,-23
40.078125,29,2179,2179,17,8,-25,-20,-23
40.082031,29,2179,2179,17,8,-25,-20,-23
40.085938,30,2179,2179,17,8,-25,-20,-23
40.089844,30,2179,2179,17,7,-25,-20,-23
40.093750,30,2179,2179,17,7,-25,-20,-23
40.097656,30,2179,2179,17,8,-25,-21,-23
40.101562,31,2179,2179,17,8,-25,-20,-23
40.105469,31,2179,2179,17,8,-25,-21,-23
40.109375,32,2179,2179,17,7,-25,-21,-23
40.113281,32,2179,2179,17,8,-25,-21,-23
40.117188,32,2179,2179,17,8,-25,-21,-24
40.121094,33,2179,2179,17,8,-25,-20,-24
40.125000,33,2179,2179,17,7,-25,-21,-23
40.128906,33,2179,2179,17,8,-29,-21,-23
40.132812,33,2179,2179,17,8,-25,-21,-23
40.136719,34,2179,2179,17,7,-25,-21,-23
40.140625,34,2179,2179,17,7,-25,-21,-23
40.144531,33,2179,2179,17,7,-25,-21,-23
40.148438,34,2179,2179,17,8,-25,-20,-23
40.152344,34,2179,2179,17,8,-25,-20,-23
40.156250,34,2179,2179,17,7,-25,-20,-23
40.160156,34,2179,2179,17,7,-25,-20,-23
40.164062,35,2179,2179,17,7,-25,-20,-23
40.167969,35,2179,2179,17,7,-25,-20,-23
40.171875,36,2179,2179,17,7,-25,-20,-23
40.175781,36,2179,2179,17,7,-25,-20,-23
40.179688,36,2179,2179,17,7,-25,-20,-23
40.183594,36,2179,2179,17,7,-25,-20,-23
40.187500,36,2179,2179,17,7,-25,-20,-23
40.191406,36,2179,2179,17,7,-25,-20,-23
40.195312,36,2179,2179,17,7,-25,-20,-23
40.199219,37,2179,2179,17,7,-25,-21,-23
40.203125,37,2179,2179,17,7,-25,-20,-23
40.207031,37,2179,2179,17,7,-25,-21,-23
40.210938,37,2179,2179,17,7,-25,-20,-23
40.214844,37,2179,2179,17,8,-25,-21,-23
40.218750,37,2179,2179,17,8,-25,-21,-23
40.222656,37,2179,2179,17,7,-25,-21,-23
40.226562,37,2179,2179,17,7,-25,-21,-23
40.230469,37,2179,2179,17,8,-25,-21,-23
40.234375,38,2179,2179,17,8,-25,-21,-23
40.238281,38,2179,2179,17,7,-25,-21,-23
40.242188,38,2179,2179,17,7,-25,-21,-23
40.246094,37,2179,2179,17,8,-25,-20,-23
40.250000,37,2179,2179,17,8,-25,-20,-23
40.253906,37,2179,2179,17,8,-25,-20,-23
40.257812,37,2179,2179,17,8,-25,-21,-23
40.261719,37,2179,2179,17,8,-25,-20,-23
40.265625,37,2179,2179,18,8,-25,-20,-23
40.269531,37,2179,2179,17,8,-25,-20,-23
40.273438,37,2179,2179,17,8,-25,-20,-23
40.277344,37,2179,2179,17,8,-25,-20,-23
40.281250,37,2179,2179,18,8,-25,-20,-23
40.285156,37,2179,2179,18,8,-25,-20,-23
40.289062,38,2179,2179,17,7,-25,-20,-23
40.292969,37,2179,2179,17,7,-25,-20,-23
40.296875,38,2179,2179,17,8,-25,-20,-23
40.300781,38,2179,2179,17,8,-25,-20,-23
40.304688,38,2179,2179,17,7,-25,-20,-23
40.308594,38,2179,2179,17,7,-25,-20,-23
40.312500,38,2179,2179,17,8,-25,-20,-23
40.316406,38,2179,2179,17,8,-25,-20,-23
40.320312,38,2179,2179,17,8,-25,-21,-23
40.324219,38,2179,2179,17,8,-25,-21,-23
40.328125,37,2179,2179,17,8,-25,-21,-23
40.332031,37,2179,2179,17,8,-25,-21,-23
40.335938,38,2179,2179,17,8,-25,-21,-23
40.339844,38,2179,2179,17,7,-25,-20,-23
40.343750,37,2179,2179,17,8,-25,-21,-23
40.347656,37,2179,2179,17,8,-25,-20,-23
40.351562,37,2179,2179,17,8,-25,-20,-23
40.355469,37,2179,2179,17,7,-25,-20,-23
40.359375,37,2179,2179,17,7,-25,-20,-23
40.363281,38,2179,2179,17,7,-25,-20,-23
40.367188,38,2179,2179,17,7,-25,-20,-23
40.371094,38,2179,2179,17,7,-25,-20,-23
40.375000,39,2179,2179,16,7,-25,-21,-23
40.378906,38,2179,2179,17,7,-25,-20,-23
40.382812,39,2179,2179,17,7,-25,-20,-23
40.386719,39,2179,2179,17,7,-25,-20,-23
40.390625,39,2179,2179,17,7,-25,-20,-23
40.394531,39,2179,2179,18,7,-25,-21,-23
40.398438,40,2179,2179,18,7,-25,-21,-23
40.402344,40,2179,2179,19,8,-25,-21,-23
40.406250,40,2179,2179,19,7,-25,-20,-23
40.410156,40,2179,2179,19,7,-25,-21,-23
40.414062,40,2179,2179,19,8,-25,-21,-23
40.417969,40,2179,2179,19,8,-25,-21,-23
40.421875,40,2179,2179,19,8,-25,-21,-23
40.425781,41,2179,2179,19,7,-25,-21,-23
40.429688,40,2179,2179,19,8,-25,-21,-23
40.433594,41,2179,2179,19,8,-25,-21,-23
40.437500,41,2179,2179,19,8,-25,-21,-23
40.441406,41,2179,2179,19,8,-25,-20,-23
40.445312,41,2179,2179,19,8,-25,-21,-23
40.449219,41,2179,2179,19,8,-25,-20,-23
40.453125,42,2179,2179,19,8,-25,-20,-23
40.457031,42,2179,2179,19,8,-25,-20,-23
40.460938,42,2179,2179,19,8,-25,-20,-23
40.464844,42,2179,2179,19,8,-25,-20,-23
40.468750,43,2179,2179,19,8,-25,-20,-23
40.472656,43,2179,2179,19,8,-25,-20,-23
40.476562,43,2179,2179,19,8,-25,-20,-23
40.480469,43,2179,2179,19,8,-25,-20,-23
40.484375,43,2179,2179,19,8,-25,-20,-23
40.488281,43,2179,2179,19,8,-25,-20,-23
40.492188,43,2179,2179,19,8,-25,-20,-23
40.496094,43,2179,2179,20,8,-25,-20,-23
40.500000,43,2179,2179,20,8,-25,-20,-23
40.503906,43,2179,2179,21,8,-25,-21,-23
40.507812,43,2179,2179,21,8,-25,-20,-23
40.511719,43,2179,2179,21,8,-25,-21,-23
40.515625,43,2179,2179,21,8,-25,-21,-23
40.519531,43,2179,2179,21,8,-25,-21,-23
40.523438,43,2179,2179,21,7,-25,-21,-23
40.527344,43,2179,2179,21,7,-25,-21,-23
40.531250,43,2179,2179,21,8,-25,-21,-23
40.535156,43,2179,2179,21,7,-25,-21,-23
40.539062,44,2179,2179,20,7,-25,-21,-23
40.542969,43,2179,2179,20,7,-25,-21,-23
40.546875,43,2179,2179,21,7,-25,-21,-23
40.550781,43,2179,2179,21,7,-25,-21,-23
40.554688,43,2179,2179,21,7,-25,-20,-23
40.558594,43,2179,2179,20,7,-25,-20,-23
40.562500,43,2179,2179,21,8,-25,-20,-23
40.566406,43,2179,2179,21,8,-25,-20,-23
40.570312,43,2179,2179,20,7,-25,-20,-23
40.574219,43,2179,2179,21,7,-25,-20,-23
40.578125,43,2179,2179,21,7,-25,-20,-23
40.582031,43,2179,2179,21,8,-25,-20,-23
40.585938,44,2179,2179,22,8,-25,-20,-23
40.589844,44,2179,2179,22,7,-25,-20,-23
40.593750,44,2179,2179,22,7,-25,-20,-23
40.597656,44,2179,2179,23,7,-25,-20,-23
40.601562,45,2179,2179,23,8,-25,-20,-23
40.605469,45,2179,2179,23,7,-25,-20,-23
40.609375,45,2179,2179,23,7,-25,-20,-23
40.613281,44,2179,2179,24,8,-25,-20,-23
40.617188,45,2179,2179,25,8,-25,-21,-23
40.621094,45,2179,2179,25,7,-25,-20,-23
40.625000,45,2179,2179,26,8,-25,-21,-23
40.628906,45,2179,2179,27,8,-25,-21,-23
40.632812,45,2179,2179,28,8,-25,-21,-23
40.636719,46,2179,2179,28,8,-25,-21,-23
40.640625,46,2179,2179,29,8,-25,-21,-23
40.644531,46,2179,2179,30,8,-25,-21,-23
40.648438,46,2179,2179,31,8,-25,-21,-23
40.652344,46,2179,2179,32,8,-25,-20,-23
40.656250,47,2179,2179,32,8,-25,-20,-23
40.660156,47,2179,2179,34,8,-25,-20,-23
40.664062,47,2179,2179,35,8,-25,-20,-23
40.667969,47,2179,2179,37,8,-25,-20,-23
40.671875,48,2179,2179,38,8,-25,-20,-23
40.675781,48,2179,2179,40,8,-25,-20,-23
40.679688,48,2179,2179,42,8,-25,-21,-23
40.683594,48,2179,2179,44,8,-25,-20,-23
40.687500,48,2179,2179,45,8,-25,-20,-23
40.691406,49,2179,2179,46,8,-25,-20,-23
40.695312,48,2179,2179,48,8,-25,-20,-23
40.699219,48,2179,2179,49,8,-25,-20,-23
40.703125,49,2179,2179,50,7,-25,-20,-23
40.707031,49,2179,2179,51,7,-25,-20,-23
40.710938,49,2179,2179,52,7,-25,-21,-23
40.714844,49,2179,2179,54,8,-25,-20,-23
40.718750,49,2179,2179,56,7,-25,-20,-23
40.722656,49,2179,2179,58,8,-25,-20,-23
40.726562,49,2179,2179,61,7,-25,-21,-23
40.730469,48,2179,2179,63,8,-25,-21,-23
40.734375,48,2179,2179,65,8,-25,-21,-23
40.738281,48,2179,2179,66,8,-25,-21,-23
40.742188,48,2179,2179,68,8,-25,-21,-23
40.746094,47,2179,2179,70,8,-25,-20,-23
40.750000,47,2179,2179,73,8,-25,-21,-23
40.753906,47,2179,2179,76,8,-25,-21,-23
40.757812,47,2179,2179,79,8,-25,-20,-23
40.761719,47,2179,2179,83,8,-25,-20,-23
40.765625,47,2179,2179,87,8,-25,-20,-23
40.769531,47,2179,2179,90,8,-25,-20,-23
40.773438,47,2179,2179,93,7,-25,-20,-23
40.777344,47,2179,2179,95,7,-25,-20,-23
40.781250,47,2179,2179,96,8,-25,-21,-23
40.785156,47,2179,2179,98,8,-25,-20,-23
40.789062,46,2179,2179,98,7,-25,-20,-23
40.792969,46,2179,2179,99,7,-25,-20,-23
40.796875,46,2179,2179,101,7,-25,-20,-23
40.800781,46,2179,2179,102,7,-25,-20,-23
40.804688,46,2179,2179,104,7,-25,-20,-23
40.808594,46,2179,2179,106,7,-25,-20,-23
40.812500,46,2179,2179,108,7,-25,-20,-23
40.816406,46,2179,2179,111,7,-25,-21,-23
40.820312,46,2179,2179,113,7,-25,-21,-23
40.824219,46,2179,2179,115,7,-25,-20,-23
40.828125,46,2179,2179,117,7,-25,-20,-23
40.832031,46,2179,2179,119,8,-25,-21,-23
40.835938,46,2179,2179,120,8,-25,-21,-23
40.839844,46,2179,2179,121,7,-25,-21,-23
40.843750,46,2179,2179,123,7,-25,-21,-23
40.847656,46,2179,2179,125,8,-25,-21,-23
40.851562,46,2179,2179,126,8,-25,-21,-23
40.855469,46,2179,2179,127,8,-25,-21,-23
40.859375,46,2179,2179,128,7,-25,-21,-23
40.863281,46,2179,2179,129,8,-25,-21,-23
40.867188,45,2179,2179,129,8,-25,-20,-23
40.871094,46,2179,2179,129,8,-25,-20,-23
40.875000,46,2179,2179,129,8,-25,-20,-23
40.878906,46,2179,2179,130,8,-25,-20,-23
40.882812,46,2179,2179,132,8,-25,-20,-23
40.886719,46,2179,2179,134,8,-25,-21,-23
40.890625,46,2179,2179,136,8,-25,-21,-23
40.894531,46,2179,2179,138,8,-25,-21,-23
40.898438,46,2179,2179,140,8,-25,-21,-23
40.902344,46,2179,2179,141,8,-25,-21,-23
40.906250,47,2179,2179,140,7,-25,-21,-23
40.910156,46,2179,2179,141,7,-25,-21,-23
40.914062,46,2179,2179,142,8,-25,-21,-23
40.917969,46,2179,2179,144,8,-25,-21,-23
40.921875,47,2179,2179,145,7,-25,-21,-23
40.925781,47,2179,2179,147,7,-25,-21,-23
40.929688,46,2179,2179,149,8,-25,-21,-23
40.933594,46,2179,2179,150,8,-25,-21,-23
40.937500,46,2179,2179,151,7,-25,-21,-23
40.941406,46,2179,2179,151,7,-25,-21,-23
40.945312,46,2179,2179,152,8,-25,-21,-23
40.949219,46,2179,2179,152,8,-25,-21,-23
40.953125,47,2179,2179,153,8,-25,-21,-23
40.957031,47,2179,2179,154,7,-25,-21,-23
40.960938,46,2179,2179,155,7,-25,-20,-23
40.964844,46,2179,2179,157,8,-25,-20,-23
40.968750,46,2179,2179,158,8,-25,-20,-23
40.972656,46,2179,2179,159,7,-25,-20,-23
40.976562,45,2179,2179,159,7,-25,-20,-23
40.980469,45,2179,2179,159,8,-25,-20,-23
40.984375,46,2179,2179,159,8,-25,-21,-23
40.988281,46,2179,2179,159,7,-25,-20,-23
40.992188,46,2179,2179,159,7,-25,-21,-23
40.996094,46,2179,2179,160,7,-25,-20,-23
41.000000,46,2179,2179,161,7,-25,-21,-23
41.003906,47,2179,2179,161,7,-25,-21,-23
41.007812,47,2179,2179,162,7,-25,-21,-23
41.011719,46,2179,2179,164,7,-25,-21,-23
41.015625,46,2179,2179,164,7,-25,-21,-23
41.019531,46,2179,2179,165,7,-25,-21,-23
41.023438,46,2179,2179,166,7,-25,-21,-23
41.027344,46,2179,2179,167,8,-25,-21,-23
41.031250,46,2179,2179,168,8,-25,-21,-23
41.035156,46,2179,2179,169,8,-25,-21,-23
41.039062,46,2179,2179,169,8,-25,-21,-23
41.042969,46,2179,2179,169,8,-25,-21,-23
41.046875,46,2179,2179,170,8,-25,-21,-23
41.050781,46,2179,2179,170,8,-25,-21,-23
41.054688,46,2179,2179,169,8,-25,-21,-23
41.058594,46,2179,2179,169,8,-25,-21,-23
41.062500,46,2179,2179,169,8,-25,-20,-23
41.066406,46,2179,2179,169,8,-25,-21,-23
41.070312,46,2179,2179,170,8,-25,-20,-23
41.074219,46,2179,2179,171,8,-25,-20,-23
41.078125,46,2179,2179,172,7,-25,-20,-23
41.082031,45,2179,2179,173,8,-25,-20,-23
41.085938,46,2179,2179,174,8,-25,-20,-23
41.089844,46,2179,2179,174,7,-25,-20,-23
41.093750,46,2179,2179,174,7,-25,-20,-23
41.097656,46,2179,2179,175,8,-25,-20,-23
41.101562,46,2179,2179,175,8,-25,-20,-23
41.105469,46,2179,2179,175,7,-25,-20,-23
41.109375,46,2179,2179,175,7,-25,-20,-23
41.113281,46,2179,2179,176,8,-25,-20,-23
41.117188,46,2179,2179,177,8,-25,-20,-23
41.121094,46,2179,2179,177,7,-25,-20,-23
41.125000,46,2179,2179,177,7,-25,-21,-23
41.128906,45,2179,2179,178,8,-25,-20,-23
41.132812,45,2179,2179,178,8,-25,-21,-23
41.136719,46,2179,2179,177,7,-25,-21,-23
41.140625,46,2179,2179,177,7,-25,-21,-23
41.144531,45,2179,2179,177,7,-25,-21,-23
41.148438,45,2179,2179,178,8,-25,-21,-23
41.152344,45,2179,2179,178,8,-25,-21,-23
41.156250,45,2179,2179,178,7,-25,-21,-23
41.160156,45,2179,2179,179,7,-25,-21,-23
41.164062,44,2179,2179,180,8,-25,-20,-23
41.167969,44,2179,2179,181,8,-25,-20,-23
41.171875,44,2179,2179,181,7,-25,-20,-23
41.175781,44,2179,2179,181,7,-25,-20,-23
41.179688,44,2179,2179,181,7,-25,-20,-23
41.183594,44,2179,2179,181,8,-25,-20,-23
41.187500,44,2179,2179,181,7,-25,-20,-23
41.191406,44,2179,2179,181,8,-25,-20,-23
41.195312,44,2179,2179,181,8,-25,-20,-23
41.199219,44,2179,2179,181,8,-25,-21,-23
41.203125,44,2179,2179,181,8,-25,-20,-23
41.207031,44,2179,2179,181,7,-25,-21,-23
41.210938,44,2179,2179,181,7,-25,-21,-23
41.214844,44,2179,2179,181,8,-25,-21,-23
41.218750,44,2179,2179,181,8,-25,-21,-23
41.222656,44,2179,2179,181,7,-25,-21,-23
41.226562,44,2179,2179,181,7,-25,-21,-23
41.230469,44,2179,2179,182,8,-25,-21,-23
41.234375,44,2179,2179,182,8,-25,-21,-23
41.238281,44,2179,2179,182,8,-25,-21,-23
41.242188,44,2179,2179,183,8,-25,-21,-23
41.246094,43,2179,2179,183,8,-25,-21,-23
41.250000,43,2179,2179,184,8,-25,-21,-23
41.253906,43,2179,2179,183,8,-25,-21,-23
41.257812,43,2179,2179,183,7,-25,-21,-23
41.261719,42,2179,2179,183,8,-25,-21,-23
41.265625,42,2179,2179,183,8,-25,-21,-23
41.269531,42,2179,2179,183,8,-25,-20,-23
41.273438,42,2179,2179,183,8,-25,-20,-23
41.277344,42,2179,2179,183,8,-25,-20,-23
41.281250,42,2179,2179,184,8,-25,-20,-23
41.285156,42,2179,2179,184,8,-25,-20,-23
41.289062,42,2179,2179,184,8,-25,-20,-23
41.292969,42,2179,2179,184,8,-25,-20,-23
41.296875,42,2179,2179,184,8,-25,-21,-23
41.300781,42,2179,2179,185,8,-25,-21,-23
41.304688,42,2179,2179,184,8,-25,-20,-23
41.308594,42,2179,2179,184,8,-25,-21,-23
41.312500,42,2179,2179,184,8,-25,-20,-23
41.316406,42,2179,2179,184,8,-25,-21,-23
41.320312,42,2179,2179,184,8,-25,-21,-23
41.324219,42,2179,2179,184,7,-25,-21,-23
41.328125,42,2179,2179,185,7,-25,-21,-23
41.332031,42,2179,2179,185,8,-25,-21,-23
41.335938,42,2179,2179,185,8,-25,-21,-23
41.339844,42,2179,2179,185,7,-25,-21,-23
41.343750,41,2179,2179,185,8,-25,-21,-24
41.347656,41,2179,2179,185,8,-25,-21,-23
41.351562,41,2179,2179,185,8,-25,-21,-23
41.355469,40,2179,2179,185,7,-25,-21,-23
41.359375,40,2179,2179,185,7,-25,-20,-23
41.363281,40,2179,2179,185,8,-25,-21,-23
41.367188,40,2179,2179,185,8,-25,-20,-23
41.371094,40,2179,2179,185,7,-25,-21,-23
41.375000,40,2179,2179,185,7,-25,-20,-23
41.378906,40,2179,2179,186,7,-25,-21,-23
41.382812,40,2179,2179,186,7,-25,-20,-23
41.386719,40,2179,2179,186,7,-25,-21,-23
41.390625,40,2179,2179,185,7,-25,-21,-23
41.394531,40,2179,2179,186,7,-25,-21,-23
41.398438,39,2179,2179,186,7,-25,-21,-23
41.402344,39,2179,2179,186,7,-25,-20,-23
41.406250,39,2179,2179,186,7,-25,-20,-23
41.410156,39,2179,2179,187,7,-25,-20,-23
41.414062,39,2179,2179,187,8,-25,-20,-23
41.417969,39,2179,2179,187,7,-25,-20,-23
41.421875,39,2179,2179,187,7,-25,-20,-23
41.425781,38,2179,2179,187,7,-25,-20,-23
41.429688,38,2179,2179,187,8,-25,-21,-23
41.433594,38,2179,2179,187,8,-25,-21,-23
41.437500,38,2179,2179,187,8,-25,-21,-23
41.441406,37,2179,2179,187,8,-25,-21,-23
41.445312,37,2179,2179,188,8,-25,-21,-23
41.449219,36,2179,2179,188,8,-25,-21,-23
41.453125,36,2179,2179,189,8,-25,-21,-23
41.457031,36,2179,2179,189,8,-25,-21,-23
41.460938,36,2179,2179,189,8,-25,-21,-23
41.464844,35,2179,2179,190,8,-25,-21,-23
41.468750,35,2179,2179,189,8,-25,-21,-23
41.472656,35,2179,2179,189,8,-25,-21,-23
41.476562,35,2179,2179,189,8,-25,-20,-23
41.480469,35,2179,2179,189,8,-25,-20,-23
41.484375,36,2179,2179,188,8,-25,-20,-23
41.488281,36,2179,2179,188,8,-25,-20,-23
41.492188,36,2179,2179,188,8,-25,-20,-23
41.496094,36,2179,2179,188,8,-25,-22,-23
41.500000,36,2179,2179,188,8,-25,-21,-23
41.503906,37,2179,2179,188,8,-25,-21,-23
41.507812,37,2179,2179,188,7,-25,-20,-23
41.511719,37,2179,2179,188,8,-25,-20,-23
41.515625,36,2179,2179,188,8,-25,-20,-23
41.519531,37,2179,2179,187,8,-25,-21,-23
41.523438,37,2179,2179,187,7,-25,-20,-23
41.527344,36,2179,2179,187,7,-25,-20,-23
41.531250,36,2179,2179,188,8,-25,-21,-23
41.535156,36,2179,2179,188,7,-25,-21,-23
41.539062,36,2179,2179,188,7,-25,-21,-23
41.542969,36,2179,2179,188,7,-25,-21,-23
41.546875,36,2179,2179,189,7,-25,-21,-23
41.550781,36,2179,2179,189,8,-25,-21,-23
41.554688,36,2179,2179,188,7,-25,-21,-23
41.558594,36,2179,2179,188,7,-25,-21,-23
41.562500,35,2179,2179,189,8,-25,-21,-23
41.566406,35,2179,2179,189,8,-25,-20,-23
41.570312,35,2179,2179,188,7,-25,-20,-23
41.574219,35,2179,2179,189,7,-25,-20,-23
41.578125,34,2179,2179,189,8,-25,-20,-23
41.582031,34,2179,2179,190,8,-25,-20,-23
41.585938,34,2179,2179,189,8,-25,-20,-23
41.589844,34,2179,2179,190,7,-25,-20,-23
41.593750,34,2179,2179,190,7,-25,-20,-23
41.597656,34,2179,2179,190,8,-25,-20,-23
41.601562,34,2179,2179,190,8,-25,-20,-23
41.605469,34,2179,2179,189,7,-25,-20,-23
41.609375,34,2179,2179,189,7,-25,-20,-23
41.613281,33,2179,2179,189,8,-25,-21,-23
41.617188,33,2179,2179,188,8,-25,-21,-23
41.621094,34,2179,2179,188,7,-25,-22,-23
41.625000,34,2179,2179,188,7,-25,-21,-23
41.628906,33,2179,2179,189,7,-25,-21,-23
41.632812,33,2179,2179,190,8,-25,-21,-23
41.636719,33,2179,2179,190,7,-25,-21,-23
41.640625,33,2179,2179,190,7,-25,-21,-23
41.644531,33,2179,2179,190,7,-25,-21,-23
41.648438,33,2179,2179,190,8,-25,-21,-23
41.652344,33,2179,2179,189,8,-25,-21,-23
41.656250,33,2179,2179,189,8,-25,-21,-23
41.660156,33,2179,2179,189,8,-25,-21,-23
41.664062,33,2179,2179,189,8,-25,-21,-23
41.667969,33,2179,2179,190,8,-25,-21,-23
41.671875,33,2179,2179,190,8,-25,-21,-23
41.675781,33,2179,2179,190,8,-25,-20,-23
41.679688,33,2179,2179,191,8,-25,-20,-23
41.683594,33,2179,2179,191,8,-25,-20,-23
41.687500,33,2179,2179,190,8,-25,-20,-23
41.691406,34,2179,2179,190,8,-25,-20,-23
41.695312,34,2179,2179,191,8,-25,-20,-23
41.699219,34,2179,2179,191,8,-25,-20,-23
41.703125,34,2179,2179,191,8,-25,-20,-23
41.707031,34,2179,2179,191,8,-25,-20,-23
41.710938,34,2179,2179,191,8,-25,-20,-23
41.714844,33,2179,2179,191,8,-25,-21,-23
41.718750,33,2179,2179,191,8,-25,-21,-23
41.722656,33,2179,2179,191,7,-25,-21,-23
41.726562,33,2179,2179,190,7,-25,-21,-23
41.730469,33,2179,2179,190,8,-25,-21,-23
41.734375,33,2179,2179,190,8,-25,-21,-23
41.738281,33,2179,2179,190,7,-25,-21,-23
41.742188,33,2179,2179,189,8,-25,-21,-23
41.746094,33,2179,2179,190,8,-25,-22,-23
41.750000,33,2179,2179,190,8,-25,-21,-23
41.753906,33,2179,2179,190,8,-25,-21,-23
41.757812,33,2179,2179,190,7,-25,-21,-23
41.761719,33,2179,2179,190,8,-25,-21,-23
41.765625,33,2179,2179,190,8,-25,-21,-23
41.769531,33,2179,2179,190,8,-25,-21,-23
41.773438,33,2179,2179,190,7,-25,-20,-23
41.777344,32,2179,2179,189,7,-25,-21,-23
41.781250,33,2179,2179,190,8,-25,-21,-23
41.785156,33,2179,2179,190,7,-25,-21,-23
41.789062,33,2179,2179,189,7,-25,-20,-23
41.792969,33,2179,2179,190,7,-25,-21,-23
41.796875,33,2179,2179,190,7,-25,-21,-23
41.800781,33,2179,2179,190,8,-25,-21,-23
41.804688,33,2179,2179,190,7,-25,-21,-23
41.808594,33,2179,2179,190,7,-25,-21,-23
41.812500,32,2179,2179,191,7,-25,-21,-23
41.816406,32,2179,2179,191,7,-25,-21,-23
41.820312,33,2179,2179,190,7,-25,-21,-23
41.824219,33,2179,2179,190,7,-25,-21,-23
41.828125,32,2179,2179,191,7,-25,-21,-23
41.832031,32,2179,2179,191,8,-25,-20,-23
41.835938,33,2179,2179,190,8,-25,-21,-23
41.839844,33,2179,2179,190,7,-25,-20,-23
41.843750,32,2179,2179,191,7,-25,-21,-23
41.847656,32,2179,2179,191,8,-25,-21,-23
41.851562,32,2179,2179,191,8,-25,-21,-23
41.855469,32,2179,2179,191,8,-25,-21,-23
41.859375,31,2179,2179,191,7,-25,-21,-23
41.863281,31,2179,2179,191,8,-25,-21,-23
41.867188,31,2179,2179,191,8,-25,-21,-23
41.871094,31,2179,2179,191,8,-25,-21,-23
41.875000,31,2179,2179,191,8,-25,-20,-23
41.878906,30,2179,2179,191,8,-25,-20,-23
41.882812,30,2179,2179,191,8,-25,-20,-23
41.886719,30,2179,2179,191,8,-25,-20,-23
41.890625,30,2179,2179,191,8,-25,-20,-23
41.894531,30,2179,2179,191,8,-25,-20,-23
41.898438,29,2179,2179,191,8,-25,-20,-23
41.902344,29,2179,2179,191,8,-25,-20,-23
41.906250,29,2179,2179,190,8,-25,-20,-23
41.910156,29,2179,2179,190,8,-25,-21,-23
41.914062,29,2179,2179,190,8,-25,-21,-23
41.917969,30,2179,2179,190,8,-25,-20,-23
41.921875,30,2179,2179,190,7,-25,-20,-23
41.925781,30,2179,2179,190,7,-25,-20,-23
41.929688,30,2179,2179,191,8,-25,-21,-23
41.933594,29,2179,2179,192,7,-25,-20,-23
41.937500,30,2179,2179,192,7,-25,-20,-23
41.941406,29,2179,2179,192,7,-25,-20,-23
41.945312,29,2179,2179,192,7,-25,-21,-23
41.949219,29,2179,2179,192,7,-25,-21,-23
41.953125,29,2179,2179,191,7,-25,-21,-23
41.957031,29,2179,2179,190,7,-25,-21,-23
41.960938,29,2179,2179,190,7,-25,-21,-23
41.964844,29,2179,2179,190,7,-25,-21,-23
41.968750,29,2179,2179,190,7,-25,-21,-23
41.972656,29,2179,2179,190,7,-25,-20,-23
41.976562,29,2179,2179,190,7,-25,-20,-23
41.980469,28,2179,2179,190,7,-25,-20,-23
41.984375,28,2179,2179,190,8,-25,-20,-23
41.988281,29,2179,2179,190,7,-25,-20,-22
41.992188,28,2179,2179,191,7,-25,-20,-23
41.996094,28,2179,2179,191,7,-25,-21,-23
42.000000,28,2179,2179,192,8,-25,-21,-23
42.003906,29,2179,2179,191,7,-25,-21,-23
42.007812,29,2179,2179,191,7,-25,-21,-23
42.011719,28,2179,2179,191,8,-25,-20,-23
42.015625,28,2179,2179,191,8,-25,-20,-23
42.019531,29,2179,2179,190,8,-25,-21,-23
42.023438,29,2179,2179,190,7,-25,-20,-23
42.027344,29,2179,2179,189,7,-25,-21,-23
42.031250,29,2179,2179,190,8,-25,-21,-23
42.035156,29,2179,2179,190,8,-25,-21,-23
42.039062,29,2179,2179,190,7,-25,-21,-23
42.042969,29,2179,2179,191,8,-25,-21,-23
42.046875,29,2179,2179,192,8,-25,-21,-23
42.050781,29,2179,2179,192,8,-25,-21,-23
42.054688,29,2179,2179,192,8,-25,-21,-23
42.058594,29,2179,2179,191,8,-25,-21,-23
42.062500,29,2179,2179,191,8,-25,-21,-23
42.066406,28,2179,2179,191,8,-25,-21,-23
42.070312,29,2179,2179,190,8,-25,-21,-23
42.074219,29,2179,2179,191,8,-25,-21,-23
42.078125,28,2179,2179,191,7,-25,-21,-23
42.082031,28,2179,2179,192,8,-25,-21,-23
42.085938,28,2179,2179,191,8,-25,-21,-23
42.089844,28,2179,2179,191,7,-25,-21,-23
42.093750,28,2179,2179,191,7,-25,-20,-23
42.097656,28,2179,2179,191,8,-25,-21,-23
42.101562,28,2179,2179,191,8,-25,-20,-23
42.105469,28,2179,2179,191,7,-25,-20,-23
42.109375,29,2179,2179,191,8,-25,-20,-23
42.113281,29,2179,2179,191,8,-25,-20,-22
42.117188,29,2179,2179,191,8,-25,-20,-23
42.121094,30,2179,2179,191,8,-25,-20,-23
42.125000,30,2179,2179,191,7,-25,-20,-23
42.128906,30,2179,2179,192,7,-25,-20,-23
42.132812,30,2179,2179,192,8,-25,-21,-23
42.136719,30,2179,2179,192,7,-25,-21,-23
42.140625,30,2179,2179,192,7,-25,-21,-23
42.144531,30,2179,2179,192,7,-25,-21,-23
42.148438,29,2179,2179,192,8,-25,-21,-23
42.152344,29,2179,2179,192,8,-25,-21,-23
42.156250,29,2179,2179,191,7,-25,-21,-23
42.160156,29,2179,2179,191,8,-25,-21,-23
42.164062,29,2179,2179,192,8,-25,-21,-23
42.167969,29,2179,2179,192,8,-25,-21,-23
42.171875,29,2179,2179,191,7,-25,-20,-23
42.175781,29,2179,2179,191,7,-25,-21,-23
42.179688,29,2179,2179,192,8,-25,-20,-23
42.183594,29,2179,2179,192,7,-25,-20,-23
42.187500,29,2179,2179,191,7,-25,-20,-23
42.191406,29,2179,2179,191,7,-25,-20,-23
42.195312,29,2179,2179,191,8,-25,-20,-23
42.199219,29,2179,2179,191,8,-25,-20,-23
42.203125,29,2179,2179,191,8,-25,-20,-23
42.207031,30,2179,2179,191,7,-25,-20,-23
42.210938,29,2179,2179,191,8,-25,-20,-23
42.214844,29,2179,2179,192,8,-25,-20,-23
42.218750,30,2179,2179,192,8,-25,-20,-23
42.222656,30,2179,2179,192,7,-25,-20,-23
42.226562,29,2179,2179,191,7,-25,-20,-23
42.230469,30,2179,2179,191,8,-25,-20,-23
42.234375,30,2179,2179,191,8,-25,-20,-23
42.238281,30,2179,2179,190,7,-25,-20,-22
42.242188,29,2179,2179,190,7,-25,-20,-23
42.246094,29,2179,2179,191,8,-25,-20,-23
42.250000,29,2179,2179,191,8,-25,-21,-23
42.253906,29,2179,2179,191,8,-25,-21,-23
42.257812,29,2179,2179,191,7,-25,-21,-23
42.261719,28,2179,2179,191,8,-25,-21,-23
42.265625,28,2179,2179,191,8,-25,-21,-23
42.269531,28,2179,2179,191,8,-25,-20,-23
42.273438,27,2179,2179,191,8,-25,-21,-23
42.277344,27,2179,2179,191,8,-25,-20,-23
42.281250,26,2179,2179,191,8,-25,-20,-23
42.285156,26,2179,2179,191,8,-25,-20,-23
42.289062,26,2179,2179,191,8,-25,-20,-23
42.292969,26,2179,2179,191,8,-25,-20,-23
42.296875,26,2179,2179,191,8,-25,-20,-23
42.300781,26,2179,2179,191,8,-25,-20,-23
42.304688,26,2179,2179,190,8,-25,-20,-23
42.308594,25,2179,2179,189,7,-25,-20,-23
42.312500,25,2179,2179,187,8,-25,-20,-23
42.316406,25,2179,2179,182,8,-25,-20,-23
42.320312,25,2179,2179,175,8,-25,-20,-23
42.324219,25,2179,2179,167,8,-25,-21,-23
42.328125,25,2179,2179,157,7,-25,-20,-23
42.332031,26,2179,2179,148,8,-25,-20,-23
42.335938,26,2179,2179,138,8,-25,-20,-23
42.339844,26,2179,2179,132,7,-25,-20,-23
42.343750,26,2179,2179,127,7,-25,-21,-23
42.347656,27,2179,2179,124,8,-25,-21,-23
42.351562,27,2179,2179,123,8,-25,-21,-23
42.355469,27,2179,2179,123,7,-25,-21,-23
42.359375,28,2179,2179,123,7,-25,-21,-23
42.363281,28,2179,2179,124,7,-25,-21,-23
42.367188,28,2179,2179,124,7,-25,-21,-23
42.371094,28,2179,2179,124,7,-25,-21,-23
42.375000,28,2179,2179,125,7,-25,-21,-23
42.378906,28,2179,2179,127,7,-25,-20,-23
42.382812,28,2179,2179,129,7,-25,-21,-23
42.386719,28,2179,2179,132,7,-25,-20,-23
42.390625,28,2179,2179,136,7,-25,-21,-23
42.394531,28,2179,2179,141,7,-25,-20,-23
42.398438,28,2179,2179,148,7,-25,-20,-23
42.402344,29,2179,2179,155,8,-25,-20,-23
42.406250,29,2179,2179,161,7,-25,-20,-23
42.410156,28,2179,2179,167,7,-25,-20,-23
42.414062,28,2179,2179,172,8,-25,-20,-23
42.417969,28,2179,2179,174,8,-25,-20,-23
42.421875,28,2179,2179,175,7,-25,-20,-23
42.425781,27,2179,2179,175,7,-25,-20,-23
42.429688,27,2179,2179,175,8,-25,-20,-23
42.433594,27,2179,2179,174,8,-25,-21,-23
42.437500,27,2179,2179,173,7,-25,-21,-23
42.441406,26,2179,2179,172,7,-25,-21,-23
42.445312,26,2179,2179,171,8,-25,-21,-23
42.449219,26,2179,2179,169,8,-25,-21,-23
42.453125,25,2179,2179,164,8,-25,-21,-23
42.457031,25,2179,2179,159,8,-25,-21,-23
42.460938,24,2179,2179,152,8,-25,-21,-23
42.464844,23,2179,2179,147,8,-25,-21,-23
42.468750,23,2179,2179,140,8,-25,-21,-23
42.472656,23,2179,2179,134,8,-25,-21,-23
42.476562,22,2179,2179,127,7,-25,-21,-23
42.480469,21,2179,2179,119,8,-25,-20,-23
42.484375,21,2179,2179,109,8,-25,-20,-23
42.488281,21,2179,2179,97,8,-25,-20,-22
42.492188,20,2179,2179,84,8,-25,-20,-23
42.496094,20,2179,2179,71,8,-25,-20,-23
42.500000,19,2179,2179,59,8,-25,-20,-23
42.503906,19,2179,2179,49,8,-25,-21,-23
42.507812,19,2179,2179,42,8,-25,-20,-23
42.511719,19,2179,2179,37,8,-25,-20,-23
42.515625,19,2179,2179,33,8,-25,-20,-23
42.519531,19,2179,2179,30,8,-25,-20,-23
42.523438,19,2179,2179,27,7,-25,-20,-23
42.527344,18,2179,2179,24,7,-25,-20,-23
42.531250,18,2179,2179,22,8,-25,-20,-23
42.535156,18,2179,2179,19,7,-25,-20,-23
42.539062,18,2179,2179,16,7,-25,-20,-23
42.542969,17,2179,2179,15,7,-25,-20,-23
42.546875,17,2179,2179,15,7,-25,-21,-23
42.550781,17,2179,2179,15,7,-25,-21,-23
42.554688,17,2179,2179,16,7,-25,-21,-23
42.558594,17,2179,2179,17,7,-25,-21,-23
42.562500,17,2179,2179,18,8,-25,-21,-23
42.566406,16,2179,2179,18,8,-25,-21,-23
42.570312,17,2179,2179,18,7,-25,-21,-23
42.574219,16,2179,2179,17,7,-25,-21,-23
42.578125,16,2179,2179,17,7,-25,-21,-23
42.582031,15,2179,2179,17,8,-25,-20,-23
42.585938,15,2179,2179,16,8,-25,-20,-23
42.589844,15,2179,2179,16,7,-25,-20,-23
42.593750,14,2179,2179,17,7,-25,-20,-23
42.597656,14,2179,2179,17,8,-25,-20,-23
42.601562,14,2179,2179,18,8,-25,-20,-23
42.605469,13,2179,2179,17,8,-25,-20,-23
42.609375,13,2179,2179,17,8,-25,-21,-23
42.613281,13,2179,2179,18,8,-25,-21,-23
42.617188,13,2179,2179,17,8,-25,-21,-23
42.621094,13,2179,2179,17,8,-25,-21,-23
42.625000,13,2179,2179,17,8,-25,-21,-23
42.628906,13,2179,2179,18,8,-25,-21,-23
42.632812,13,2179,2179,18,8,-25,-20,-23
42.636719,13,2179,2179,18,7,-25,-20,-23
42.640625,13,2179,2179,18,7,-25,-20,-23
42.644531,13,2179,2179,18,7,-25,-20,-24
42.648438,13,2179,2179,18,7,-25,-20,-23
42.652344,13,2179,2179,17,8,-25,-20,-24
42.656250,13,2179,2179,17,7,-25,-20,-23
42.660156,12,2179,2179,17,8,-25,-21,-23
42.664062,12,2179,2179,17,8,-25,-21,-23
42.667969,12,2179,2179,17,8,-25,-21,-23
42.671875,12,2179,2179,17,8,-25,-21,-23
42.675781,12,2179,2179,17,8,-25,-21,-23
42.679688,11,2179,2179,18,8,-25,-21,-23
42.683594,11,2179,2179,18,8,-25,-21,-23
42.687500,11,2179,2179,17,8,-25,-21,-23
42.691406,11,2179,2179,17,8,-25,-21,-23
42.695312,11,2179,2179,18,8,-25,-20,-23
42.699219,11,2179,2179,17,8,-25,-20,-23
42.703125,11,2179,2179,17,8,-25,-21,-23
42.707031,11,2179,2179,17,7,-25,-20,-23
42.710938,10,2179,2179,16,8,-25,-20,-23
42.714844,10,2179,2179,17,8,-25,-20,-23
42.718750,10,2179,2179,17,8,-25,-20,-23
42.722656,10,2179,2179,17,7,-25,-20,-23
42.726562,10,2179,2179,17,7,-25,-20,-23
42.730469,10,2179,2179,17,7,-25,-21,-23
42.734375,10,2179,2179,17,7,-25,-20,-23
42.738281,10,2179,2179,17,7,-25,-20,-22
42.742188,10,2179,2179,17,7,-25,-20,-23
42.746094,10,2179,2179,17,8,-25,-21,-23
42.750000,10,2179,2179,17,8,-25,-21,-23
42.753906,10,2179,2179,17,7,-25,-21,-23
42.757812,10,2179,2179,17,7,-25,-21,-23
42.761719,9,2179,2179,17,8,-25,-21,-23
42.765625,9,2179,2179,17,8,-25,-21,-23
42.769531,9,2179,2179,17,8,-25,-21,-23
42.773438,9,2179,2179,17,7,-25,-20,-23
42.777344,8,2179,2179,17,7,-25,-21,-23
42.781250,8,2179,2179,17,8,-25,-20,-23
42.785156,8,2179,2179,17,7,-25,-20,-23
42.789062,8,2179,2179,17,7,-25,-21,-23
42.792969,8,2179,2179,17,7,-25,-20,-23
42.796875,8,2179,2179,17,7,-25,-21,-23
42.800781,8,2179,2179,17,8,-25,-20,-23
42.804688,8,2179,2179,17,7,-25,-20,-23
42.808594,8,2179,2179,17,7,-25,-20,-23
42.812500,8,2179,2179,17,7,-25,-20,-23
42.816406,7,2179,2179,17,7,-25,-20,-23
42.820312,8,2179,2179,17,7,-25,-20,-23
42.824219,7,2179,2179,17,7,-25,-20,-23
42.828125,7,2179,2179,17,7,-25,-20,-23
42.832031,7,2179,2179,17,8,-25,-20,-23
42.835938,8,2179,2179,16,7,-25,-20,-23
42.839844,8,2179,2179,17,7,-25,-20,-23
42.843750,8,2179,2179,17,7,-25,-21,-23
42.847656,8,2179,2179,17,8,-25,-20,-23
42.851562,8,2179,2179,17,8,-25,-20,-23
42.855469,8,2179,2179,17,7,-25,-20,-23
42.859375,7,2179,2179,17,8,-25,-20,-23
42.863281,7,2179,2179,17,8,-25,-21,-24
42.867188,7,2179,2179,17,8,-25,-20,-23
42.871094,7,2179,2179,17,8,-25,-20,-23
42.875000,7,2179,2179,17,8,-25,-21,-23
42.878906,7,2179,2179,17,8,-25,-20,-23
42.882812,6,2179,2179,17,8,-25,-21,-23
42.886719,6,2179,2179,17,8,-25,-21,-23
42.890625,6,2179,2179,17,8,-25,-21,-23
42.894531,6,2179,2179,17,8,-25,-20,-23
42.898438,6,2179,2179,17,8,-25,-20,-23
42.902344,6,2179,2179,17,8,-25,-20,-23
42.906250,6,2179,2179,17,7,-25,-20,-23
42.910156,6,2179,2179,17,8,-25,-20,-23
42.914062,6,2179,2179,17,8,-25,-20,-23
42.917969,7,2179,2179,17,8,-25,-20,-23
42.921875,7,2179,2179,17,7,-25,-20,-23
42.925781,7,2179,2179,17,7,-25,-20,-23
42.929688,6,2179,2179,17,8,-25,-20,-23
42.933594,6,2179,2179,17,8,-25,-21,-23
42.937500,7,2179,2179,17,7,-25,-21,-23
42.941406,7,2179,2179,17,7,-25,-20,-23
42.945312,6,2179,2179,17,7,-25,-21,-23
42.949219,6,2179,2179,17,8,-25,-20,-23
42.953125,6,2179,2179,17,7,-25,-20,-23
42.957031,6,2179,2179,17,7,-25,-21,-23
42.960938,6,2179,2179,16,7,-25,-21,-23
42.964844,6,2179,2179,17,7,-25,-21,-23
42.968750,6,2179,2179,17,7,-25,-21,-23
42.972656,6,2179,2179,17,7,-25,-21,-23
42.976562,5,2179,2179,17,7,-25,-21,-23
42.980469,5,2179,2179,17,8,-25,-21,-23
42.984375,6,2179,2179,17,7,-25,-21,-23
42.988281,6,2179,2179,17,7,-25,-21,-23
42.992188,6,2179,2179,17,7,-25,-21,-23
42.996094,6,2179,2179,17,8,-25,-20,-23
43.000000,6,2179,2179,17,8,-25,-20,-23
43.003906,6,2179,2179,17,7,-25,-20,-23
43.007812,6,2179,2179,17,7,-25,-20,-23
43.011719,6,2179,2179,17,8,-25,-20,-23
43.015625,7,2179,2179,17,8,-25,-20,-23
43.019531,7,2179,2179,17,8,-25,-20,-23
43.023438,7,2179,2179,17,8,-25,-20,-23
43.027344,7,2179,2179,17,7,-25,-20,-23
43.031250,7,2179,2179,17,8,-25,-20,-23
43.035156,8,2179,2179,17,8,-25,-20,-23
43.039062,8,2179,2179,17,8,-25,-20,-23
43.042969,8,2179,2179,17,7,-25,-20,-23
43.046875,8,2179,2179,17,8,-25,-20,-23
43.050781,8,2179,2179,17,8,-25,-21,-23
43.054688,8,2179,2179,17,8,-25,-20,-23
43.058594,8,2179,2179,17,8,-25,-21,-23
43.062500,8,2179,2179,17,8,-25,-21,-23
43.066406,8,2179,2179,17,8,-25,-21,-23
43.070312,8,2179,2179,17,8,-25,-21,-23
43.074219,7,2179,2179,17,7,-25,-21,-23
43.078125,7,2179,2179,17,7,-25,-21,-23
43.082031,7,2179,2179,17,8,-25,-21,-23
43.085938,7,2179,2179,17,8,-25,-21,-23
43.089844,7,2179,2179,17,8,-25,-21,-23
43.093750,7,2179,2179,17,8,-25,-21,-23
43.097656,7,2179,2179,17,8,-25,-20,-23
43.101562,7,2179,2179,17,8,-25,-21,-23
43.105469,7,2179,2179,17,8,-25,-20,-23
43.109375,6,2179,2179,17,7,-25,-21,-23
43.113281,6,2179,2179,17,8,-25,-20,-24
43.117188,6,2179,2179,17,8,-25,-21,-23
43.121094,6,2179,2179,17,8,-25,-20,-23
43.125000,6,2179,2179,17,7,-25,-20,-23
43.128906,6,2179,2179,18,8,-25,-20,-23
43.132812,6,2179,2179,18,8,-25,-20,-23
43.136719,7,2179,2179,17,7,-25,-20,-23
43.140625,7,2179,2179,17,7,-25,-20,-23
43.144531,7,2179,2179,17,7,-25,-20,-23
43.148438,7,2179,2179,17,8,-25,-20,-23
43.152344,7,2179,2179,17,8,-25,-21,-23
43.156250,7,2179,2179,17,7,-25,-21,-23
43.160156,7,2179,2179,17,7,-25,-21,-23
43.164062,7,2179,2179,17,8,-25,-21,-23
43.167969,7,2179,2179,17,7,-25,-21,-23
43.171875,7,2179,2179,17,7,-25,-21,-23
43.175781,7,2179,2179,17,7,-25,-21,-23
43.179688,7,2179,2179,17,7,-25,-21,-23
43.183594,7,2179,2179,17,7,-25,-21,-23
43.187500,7,2179,2179,17,7,-25,-21,-23
43.191406,7,2179,2179,17,7,-25,-21,-23
43.195312,7,2179,2179,17,8,-25,-21,-23
43.199219,7,2179,2179,17,8,-25,-20,-23
43.203125,7,2179,2179,17,7,-25,-20,-23
43.207031,8,2179,2179,17,7,-25,-20,-23
43.210938,8,2179,2179,18,7,-25,-20,-23
43.214844,8,2179,2179,17,8,-25,-20,-23
43.218750,8,2179,2179,17,8,-25,-20,-23
43.222656,9,2179,2179,17,7,-25,-20,-23
43.226562,8,2179,2179,17,7,-25,-20,-23
43.230469,8,2179,2179,17,8,-25,-20,-23
43.234375,9,2179,2179,17,8,-25,-20,-23
43.238281,9,2179,2179,17,7,-25,-20,-24
43.242188,10,2179,2179,17,7,-25,-20,-23
43.246094,10,2179,2179,17,8,-25,-20,-23
43.250000,10,2179,2179,17,8,-25,-20,-23
43.253906,11,2179,2179,17,7,-25,-20,-23
43.257812,11,2179,2179,17,7,-25,-20,-23
43.261719,10,2179,2179,17,8,-25,-20,-23
43.265625,10,2179,2179,17,8,-25,-21,-23
43.269531,10,2179,2179,17,8,-25,-21,-23
43.273438,10,2179,2179,17,8,-25,-21,-23
43.277344,10,2179,2179,17,8,-25,-21,-23
43.281250,10,2179,2179,17,8,-25,-21,-23
43.285156,10,2179,2179,17,8,-25,-21,-23
43.289062,10,2179,2179,17,8,-25,-20,-23
43.292969,10,2179,2179,17,8,-25,-21,-23
43.296875,10,2179,2179,17,8,-25,-20,-23
43.300781,10,2179,2179,17,8,-25,-20,-23
43.304688,10,2179,2179,17,8,-25,-20,-23
43.308594,10,2179,2179,17,8,-25,-20,-23
43.312500,9,2179,2179,17,8,-25,-20,-23
43.316406,9,2179,2179,17,8,-25,-20,-23
43.320312,10,2179,2179,17,8,-25,-21,-23
43.324219,10,2179,2179,17,8,-25,-20,-23
43.328125,10,2179,2179,17,7,-25,-20,-23
43.332031,9,2179,2179,18,8,-25,-20,-23
43.335938,10,2179,2179,18,8,-25,-20,-23
43.339844,10,2179,2179,17,8,-25,-20,-23
43.343750,9,2179,2179,17,8,-25,-20,-23
43.347656,10,2179,2179,17,8,-25,-20,-23
43.351562,10,2179,2179,17,7,-25,-21,-23
43.355469,10,2179,2179,16,7,-25,-21,-23
43.359375,10,2179,2179,16,7,-25,-21,-23
43.363281,10,2179,2179,17,7,-25,-21,-25
43.367188,10,2179,2179,16,7,-25,-21,-23
43.371094,11,2179,2179,16,7,-25,-21,-23
43.375000,11,2179,2179,16,7,-25,-21,-23
43.378906,10,2179,2179,16,7,-25,-21,-23
43.382812,10,2179,2179,16,7,-25,-21,-23
43.386719,10,2179,2179,15,7,-25,-21,-23
43.390625,10,2179,2179,16,7,-25,-21,-23
43.394531,10,2179,2179,16,7,-25,-21,-23
43.398438,10,2179,2179,17,7,-25,-21,-23
43.402344,10,2179,2179,17,7,-25,-21,-23
43.406250,10,2179,2179,17,7,-25,-21,-23
43.410156,10,2179,2179,17,7,-25,-21,-23
43.414062,10,2179,2179,17,8,-25,-20,-23
43.417969,10,2179,2179,17,8,-25,-21,-23
43.421875,11,2179,2179,17,7,-25,-21,-23
43.425781,11,2179,2179,17,8,-25,-20,-23
43.429688,10,2179,2179,17,8,-25,-20,-23
43.433594,10,2179,2179,17,8,-25,-20,-23
43.437500,11,2179,2179,17,8,-25,-20,-23
43.441406,11,2179,2179,17,8,-25,-21,-23
43.445312,11,2179,2179,17,8,-25,-21,-23
43.449219,11,2179,2179,17,8,-25,-21,-23
43.453125,11,2179,2179,17,7,-25,-21,-23
43.457031,11,2179,2179,17,7,-25,-21,-23
43.460938,11,2179,2179,18,7,-25,-21,-23
43.464844,11,2179,2179,17,8,-25,-21,-23
43.468750,11,2179,2179,17,8,-25,-20,-23
43.472656,11,2179,2179,17,7,-25,-21,-23
43.476562,11,2179,2179,17,7,-25,-20,-23
43.480469,11,2179,2179,17,8,-25,-21,-23
43.484375,11,2179,2179,17,8,-25,-21,-23
43.488281,12,2179,2179,17,8,-25,-21,-23
43.492188,12,2179,2179,17,8,-25,-21,-23
43.496094,12,2179,2179,17,8,-25,-21,-23
43.500000,12,2179,2179,18,8,-25,-21,-23
43.503906,12,2179,2179,17,8,-25,-20,-23
43.507812,12,2179,2179,17,8,-25,-21,-23
43.511719,12,2179,2179,17,8,-25,-20,-23
43.515625,12,2179,2179,17,8,-25,-20,-23
43.519531,12,2179,2179,17,8,-25,-20,-23
43.523438,13,2179,2179,17,7,-25,-20,-23
43.527344,13,2179,2179,17,7,-25,-20,-23
43.531250,13,2179,2179,17,7,-25,-20,-23
43.535156,13,2179,2179,17,7,-25,-20,-23
43.539062,13,2179,2179,17,7,-25,-20,-23
43.542969,13,2179,2179,16,7,-25,-20,-23
43.546875,13,2179,2179,17,7,-25,-21,-23
43.550781,13,2179,2179,17,7,-25,-21,-23
43.554688,13,2179,2179,16,7,-25,-21,-23
43.558594,13,2179,2179,17,7,-25,-21,-23
43.562500,12,2179,2179,17,7,-25,-21,-23
43.566406,12,2179,2179,17,7,-25,-21,-23
43.570312,13,2179,2179,17,8,-25,-21,-23
43.574219,12,2179,2179,17,7,-25,-21,-23
43.578125,12,2179,2179,17,7,-25,-21,-23
43.582031,12,2179,2179,17,8,-25,-21,-23
43.585938,12,2179,2179,17,8,-25,-21,-23
43.589844,12,2179,2179,17,8,-25,-21,-23
43.593750,12,2179,2179,17,7,-25,-21,-23
43.597656,12,2179,2179,17,8,-25,-21,-23
43.601562,12,2179,2179,17,8,-25,-21,-23
43.605469,11,2179,2179,17,7,-25,-20,-23
43.609375,11,2179,2179,17,8,-25,-21,-23
43.613281,11,2179,2179,17,8,-25,-20,-23
43.617188,11,2179,2179,17,8,-25,-20,-23
43.621094,11,2179,2179,17,8,-25,-20,-23
43.625000,11,2179,2179,17,7,-25,-20,-23
43.628906,11,2179,2179,17,8,-25,-20,-23
43.632812,11,2179,2179,17,8,-25,-20,-23
43.636719,11,2179,2179,16,7,-25,-20,-23
43.640625,11,2179,2179,16,8,-25,-20,-23
43.644531,11,2179,2179,16,7,-25,-21,-23
43.648438,11,2179,2179,16,8,-25,-21,-23
43.652344,12,2179,2179,16,8,-25,-20,-23
43.656250,12,2179,2179,16,7,-25,-21,-23
43.660156,12,2179,2179,17,8,-25,-21,-23
43.664062,12,2179,2179,17,8,-25,-20,-23
43.667969,12,2179,2179,17,8,-25,-20,-23
43.671875,13,2179,2179,17,8,-25,-20,-23
43.675781,13,2179,2179,17,8,-25,-21,-23
43.679688,12,2179,2179,18,8,-25,-21,-23
43.683594,12,2179,2179,17,8,-25,-21,-23
43.687500,13,2179,2179,17,8,-25,-21,-23
43.691406,12,2179,2179,17,8,-25,-21,-23
43.695312,12,2179,2179,17,8,-25,-21,-23
43.699219,12,2179,2179,17,8,-25,-21,-23
43.703125,12,2179,2179,17,7,-25,-21,-23
43.707031,12,2179,2179,17,8,-25,-21,-23
43.710938,12,2179,2179,17,8,-25,-21,-23
43.714844,12,2179,2179,17,8,-25,-20,-23
43.718750,13,2179,2179,17,8,-25,-20,-23
43.722656,13,2179,2179,17,7,-25,-20,-23
43.726562,13,2179,2179,17,7,-25,-20,-23
43.730469,13,2179,2179,17,8,-25,-20,-23
43.734375,14,2179,2179,17,8,-25,-21,-23
43.738281,14,2179,2179,17,7,-25,-20,-23
43.742188,14,2179,2179,17,8,-25,-21,-23
43.746094,14,2179,2179,17,8,-25,-20,-23
43.750000,15,2179,2179,17,8,-25,-20,-23
43.753906,15,2179,2179,17,7,-25,-21,-23
43.757812,15,2179,2179,17,7,-25,-20,-23
43.761719,15,2179,2179,17,8,-25,-21,-23
43.765625,15,2179,2179,17,8,-25,-21,-23
43.769531,15,2179,2179,17,8,-25,-21,-23
43.773438,16,2179,2179,17,7,-25,-21,-23
43.777344,16,2179,2179,17,7,-25,-21,-23
43.781250,16,2179,2179,17,8,-25,-21,-23
43.785156,16,2179,2179,17,8,-25,-21,-23
43.789062,16,2179,2179,17,8,-25,-21,-23
43.792969,16,2179,2179,17,7,-25,-21,-23
43.796875,16,2179,2179,17,8,-25,-21,-23
43.800781,17,2179,2179,17,8,-25,-21,-23
43.804688,17,2179,2179,17,7,-25,-21,-23
43.808594,17,2179,2179,17,7,-25,-21,-23
43.812500,17,2179,2179,17,8,-25,-21,-23
43.816406,18,2179,2179,17,8,-25,-21,-23
43.820312,18,2179,2179,17,7,-25,-20,-23
43.824219,19,2179,2179,17,7,-25,-20,-23
43.828125,19,2179,2179,17,7,-25,-20,-23
43.832031,19,2179,2179,17,8,-25,-20,-23
43.835938,20,2179,2179,17,8,-25,-20,-23
43.839844,20,2179,2179,17,7,-25,-20,-23
43.843750,20,2179,2179,17,7,-25,-20,-23
43.847656,21,2179,2179,17,8,-25,-20,-23
43.851562,21,2179,2179,17,8,-25,-20,-23
43.855469,22,2179,2179,17,7,-25,-20,-23
43.859375,22,2179,2179,17,8,-25,-20,-23
43.863281,22,2179,2179,17,8,-25,-20,-23
43.867188,22,2179,2179,17,8,-25,-21,-23
43.871094,23,2179,2179,17,8,-25,-20,-23
43.875000,23,2179,2179,17,8,-25,-21,-23
43.878906,23,2179,2179,17,8,-25,-21,-23
43.882812,23,2179,2179,17,8,-25,-21,-23
43.886719,24,2179,2179,17,8,-25,-21,-23
43.890625,24,2179,2179,17,8,-25,-21,-23
43.894531,24,2179,2179,17,8,-25,-21,-23
43.898438,24,2179,2179,17,8,-25,-21,-23
43.902344,24,2179,2179,17,8,-25,-21,-23
43.906250,24,2179,2179,17,7,-25,-21,-23
43.910156,24,2179,2179,17,8,-25,-20,-23
43.914062,24,2179,2179,17,8,-25,-21,-23
43.917969,24,2179,2179,17,8,-25,-20,-23
43.921875,24,2179,2179,17,8,-25,-20,-23
43.925781,24,2179,2179,17,8,-25,-20,-23
43.929688,23,2179,2179,17,8,-25,-20,-23
43.933594,24,2179,2179,17,8,-25,-20,-23
43.937500,24,2179,2179,17,8,-25,-20,-23
43.941406,24,2179,2179,17,8,-25,-21,-23
43.945312,24,2179,2179,17,8,-25,-20,-23
43.949219,24,2179,2179,17,8,-25,-20,-23
43.953125,24,2179,2179,17,7,-25,-21,-23
43.957031,24,2179,2179,16,7,-25,-21,-23
43.960938,24,2179,2179,17,7,-25,-21,-23
43.964844,24,2179,2179,17,7,-25,-20,-23
43.968750,24,2179,2179,17,7,-25,-21,-23
43.972656,24,2179,2179,16,7,-25,-21,-23
43.976562,24,2179,2179,16,7,-25,-21,-23
43.980469,24,2179,2179,17,7,-25,-21,-23
43.984375,24,2179,2179,17,7,-25,-21,-23
43.988281,24,2179,2179,16,7,-25,-21,-23
43.992188,24,2179,2179,16,7,-25,-21,-23
43.996094,24,2179,2179,17,8,-25,-21,-23
44.000000,24,2179,2179,17,8,-25,-21,-23
44.003906,24,2179,2179,16,7,-25,-21,-23
44.007812,24,2179,2179,16,7,-25,-21,-23
44.011719,23,2179,2179,17,8,-25,-21,-23
44.015625,23,2179,2179,17,8,-25,-21,-23
44.019531,23,2179,2179,17,8,-25,-21,-23
44.023438,23,2179,2179,17,7,-25,-20,-23
44.027344,23,2179,2179,17,8,-25,-20,-23
44.031250,23,2179,2179,17,8,-25,-20,-23
44.035156,24,2179,2179,17,8,-25,-20,-23
44.039062,25,2179,2179,17,8,-25,-20,-23
44.042969,25,2179,2179,17,8,-25,-20,-23
44.046875,25,2179,2179,17,8,-25,-21,-23
44.050781,26,2179,2179,17,8,-25,-20,-23
44.054688,27,2179,2179,17,8,-25,-20,-23
44.058594,27,2179,2179,17,8,-25,-20,-23
44.062500,28,2179,2179,17,8,-25,-20,-23
44.066406,28,2179,2179,17,8,-25,-20,-23
44.070312,28,2179,2179,17,7,-24,-21,-23
44.074219,28,2179,2179,17,7,-25,-21,-23
44.078125,28,2179,2179,17,7,-25,-21,-23
44.082031,28,2179,2179,17,8,-25,-21,-23
44.085938,28,2179,2179,17,8,-25,-21,-23
44.089844,28,2179,2179,17,8,-25,-21,-23
44.093750,28,2179,2179,17,7,-25,-21,-23
44.097656,28,2179,2179,17,8,-25,-21,-23
44.101562,28,2179,2179,17,8,-25,-21,-23
44.105469,28,2179,2179,17,8,-25,-21,-23
44.109375,28,2179,2179,17,8,-25,-21,-23
44.113281,27,2179,2179,18,8,-25,-21,-23
44.117188,28,2179,2179,18,8,-25,-20,-23
44.121094,28,2179,2179,17,8,-25,-20,-23
44.125000,28,2179,2179,17,8,-25,-20,-23
44.128906,28,2179,2179,18,8,-25,-20,-23
44.132812,29,2179,2179,17,8,-25,-20,-23
44.136719,29,2179,2179,17,8,-25,-20,-23
44.140625,29,2179,2179,17,8,-25,-20,-23
44.144531,29,2179,2179,17,8,-25,-20,-23
44.148438,29,2179,2179,17,8,-25,-20,-23
44.152344,29,2179,2179,17,8,-25,-20,-23
44.156250,30,2179,2179,16,7,-25,-20,-23
44.160156,30,2179,2179,17,7,-25,-20,-23
44.164062,31,2179,2179,17,7,-25,-20,-23
44.167969,31,2179,2179,17,7,-25,-21,-23
44.171875,32,2179,2179,17,7,-25,-20,-23
44.175781,32,2179,2179,17,7,-25,-21,-23
44.179688,32,2179,2179,17,8,-25,-21,-23
44.183594,32,2179,2179,17,7,-25,-21,-23
44.187500,32,2179,2179,17,7,-25,-21,-23
44.191406,32,2179,2179,17,7,-25,-21,-23
44.195312,32,2179,2179,17,8,-25,-21,-23
44.199219,32,2179,2179,17,8,-25,-21,-23
44.203125,33,2179,2179,17,7,-25,-21,-23
44.207031,33,2179,2179,17,8,-25,-21,-23
44.210938,33,2179,2179,17,8,-25,-20,-23
44.214844,33,2179,2179,17,8,-25,-20,-23
44.218750,34,2179,2179,17,8,-25,-20,-23
44.222656,34,2179,2179,17,8,-25,-20,-23
44.226562,34,2179,2179,17,7,-25,-20,-23
44.230469,34,2179,2179,17,8,-25,-20,-23
44.234375,35,2179,2179,17,8,-25,-20,-23
44.238281,35,2179,2179,17,8,-25,-20,-23
44.242188,36,2179,2179,17,7,-25,-20,-23
44.246094,36,2179,2179,17,8,-25,-20,-23
44.250000,36,2179,2179,17,8,-25,-20,-23
44.253906,37,2179,2179,17,7,-25,-20,-23
44.257812,38,2179,2179,17,7,-25,-20,-23
44.261719,38,2179,2179,17,8,-25,-20,-23
44.265625,38,2179,2179,17,8,-25,-20,-23
44.269531,39,2179,2179,17,8,-25,-20,-23
44.273438,39,2179,2179,17,7,-25,-20,-23
44.277344,39,2179,2179,17,7,-25,-20,-23
44.281250,39,2179,2179,17,8,-25,-21,-23
44.285156,40,2179,2179,17,8,-25,-21,-23
44.289062,40,2179,2179,17,8,-25,-21,-23
44.292969,39,2179,2179,17,8,-25,-21,-23
44.296875,39,2179,2179,18,8,-25,-21,-23
44.300781,40,2179,2179,18,8,-25,-21,-23
44.304688,40,2179,2179,17,8,-25,-21,-23
44.308594,40,2179,2179,17,8,-25,-21,-23
44.312500,40,2179,2179,17,8,-25,-21,-23
44.316406,40,2179,2179,17,8,-25,-20,-23
44.320312,41,2179,2179,17,8,-24,-20,-23
44.324219,41,2179,2179,17,8,-25,-20,-23
44.328125,41,2179,2179,17,7,-25,-20,-23
44.332031,41,2179,2179,17,8,-25,-21,-23
44.335938,42,2179,2179,17,8,-25,-21,-23
44.339844,42,2179,2179,17,8,-25,-20,-23
44.343750,42,2179,2179,17,7,-25,-20,-23
44.347656,42,2179,2179,17,8,-25,-21,-23
44.351562,43,2179,2179,17,7,-25,-20,-23
44.355469,43,2179,2179,17,7,-25,-21,-23
44.359375,43,2179,2179,17,7,-25,-20,-23
44.363281,43,2179,2179,17,7,-25,-20,-23
44.367188,44,2179,2179,17,7,-25,-20,-23
44.371094,44,2179,2179,16,7,-25,-21,-23
44.375000,44,2179,2179,16,7,-25,-21,-23
44.378906,44,2179,2179,17,7,-25,-21,-23
44.382812,44,2179,2179,17,7,-25,-21,-23
44.386719,45,2179,2179,16,7,-25,-21,-23
44.390625,44,2179,2179,17,7,-25,-21,-23
44.394531,44,2179,2179,17,7,-25,-21,-23
44.398438,44,2179,2179,17,7,-25,-21,-23
44.402344,44,2179,2179,17,7,-25,-21,-23
44.406250,44,2179,2179,17,7,-25,-21,-23
44.410156,44,2179,2179,17,7,-25,-21,-23
44.414062,44,2179,2179,17,8,-25,-20,-23
44.417969,44,2179,2179,17,7,-25,-20,-23
44.421875,44,2179,2179,17,7,-25,-20,-23
44.425781,45,2179,2179,17,7,-25,-20,-23
44.429688,44,2179,2179,18,8,-25,-20,-23
44.433594,44,2179,2179,18,8,-25,-21,-23
44.437500,44,2179,2179,18,7,-25,-20,-23
44.441406,45,2179,2179,19,7,-25,-20,-23
44.445312,45,2179,2179,19,8,-25,-20,-23
44.449219,45,2179,2179,20,8,-25,-20,-23
44.453125,45,2179,2179,19,6,-25,-20,-23
44.457031,45,2179,2179,19,7,-25,-20,-23
44.460938,45,2179,2179,19,7,-25,-20,-23
44.464844,45,2179,2179,19,8,-25,-20,-23
44.468750,46,2179,2179,19,8,-25,-20,-23
44.472656,46,2179,2179,19,7,-25,-20,-23
44.476562,45,2179,2179,19,7,-25,-20,-23
44.480469,45,2179,2179,19,8,-25,-21,-23
44.484375,46,2179,2179,19,8,-25,-21,-23
44.488281,46,2179,2179,19,8,-25,-21,-23
44.492188,45,2179,2179,19,7,-25,-21,-23
44.496094,45,2179,2179,19,8,-25,-21,-23
44.500000,45,2179,2179,19,8,-25,-21,-23
44.503906,45,2179,2179,19,8,-25,-21,-23
44.507812,45,2179,2179,19,7,-25,-21,-23
44.511719,45,2179,2179,19,8,-25,-20,-23
44.515625,45,2179,2179,19,8,-25,-21,-23
44.519531,45,2179,2179,19,8,-25,-21,-23
44.523438,45,2179,2179,19,7,-25,-20,-23
44.527344,45,2179,2179,19,7,-25,-20,-23
44.531250,45,2179,2179,19,8,-25,-20,-23
44.535156,46,2179,2179,19,7,-25,-20,-23
44.539062,46,2179,2179,19,7,-25,-20,-23
44.542969,46,2179,2179,19,7,-25,-21,-23
44.546875,46,2179,2179,19,7,-25,-21,-23
44.550781,47,2179,2179,20,7,-25,-21,-23
44.554688,46,2179,2179,20,7,-25,-20,-23
44.558594,46,2179,2179,20,7,-25,-21,-23
44.562500,46,2179,2179,20,7,-25,-21,-23
44.566406,46,2179,2179,20,7,-25,-21,-23
44.570312,46,2179,2179,20,7,-24,-20,-23
44.574219,47,2179,2179,20,7,-25,-21,-23
44.578125,47,2179,2179,21,6,-25,-21,-23
44.582031,47,2179,2179,21,7,-25,-21,-23
44.585938,48,2179,2179,21,7,-25,-21,-23
44.589844,48,2179,2179,22,7,-25,-21,-23
44.593750,48,2179,2179,22,7,-25,-21,-23
44.597656,48,2179,2179,23,8,-25,-21,-23
44.601562,48,2179,2179,23,8,-25,-21,-23
44.605469,48,2179,2179,23,8,-25,-21,-23
44.609375,47,2179,2179,24,8,-25,-21,-23
44.613281,47,2179,2179,24,8,-25,-21,-23
44.617188,47,2179,2179,25,8,-25,-21,-23
44.621094,47,2179,2179,25,8,-25,-21,-23
44.625000,47,2179,2179,26,7,-25,-20,-23
44.628906,47,2179,2179,27,8,-25,-20,-23
44.632812,47,2179,2179,27,8,-25,-20,-23
44.636719,48,2179,2179,28,7,-25,-21,-23
44.640625,48,2179,2179,29,7,-25,-21,-23
44.644531,48,2179,2179,29,7,-25,-21,-23
44.648438,48,2179,2179,30,8,-25,-21,-23
44.652344,49,2179,2179,31,8,-25,-20,-23
44.656250,49,2179,2179,31,7,-25,-20,-23
44.660156,49,2179,2179,32,8,-25,-21,-23
44.664062,50,2179,2179,34,8,-25,-20,-23
44.667969,50,2179,2179,35,8,-25,-20,-23
44.671875,50,2179,2179,36,7,-25,-20,-23
44.675781,51,2179,2179,38,7,-25,-21,-23
44.679688,50,2179,2179,40,8,-25,-21,-23
44.683594,50,2179,2179,41,8,-25,-21,-23
44.687500,50,2179,2179,42,8,-25,-21,-23
44.691406,50,2179,2179,44,8,-25,-21,-23
44.695312,50,2179,2179,46,8,-26,-21,-23
44.699219,50,2179,2179,48,8,-25,-21,-23
44.703125,50,2179,2179,49,7,-25,-21,-23
44.707031,50,2179,2179,51,8,-25,-21,-23
44.710938,50,2179,2179,53,8,-25,-20,-23
44.714844,49,2179,2179,55,8,-25,-21,-23
44.718750,50,2179,2179,56,8,-25,-21,-23
44.722656,49,2179,2179,57,8,-25,-21,-23
44.726562,49,2179,2179,59,8,-25,-21,-23
44.730469,49,2179,2179,61,8,-25,-20,-23
44.734375,49,2179,2179,63,8,-25,-20,-23
44.738281,50,2179,2179,65,8,-25,-20,-23
44.742188,50,2179,2179,67,7,-25,-20,-23
44.746094,49,2179,2179,70,8,-25,-21,-23
44.750000,50,2179,2179,73,8,-25,-20,-23
44.753906,50,2179,2179,76,8,-25,-21,-23
44.757812,50,2179,2179,79,8,-25,-20,-23
44.761719,49,2179,2179,81,8,-25,-20,-23
44.765625,49,2179,2179,83,8,-25,-20,-23
44.769531,49,2179,2179,84,8,-25,-20,-23
44.773438,49,2179,2179,86,7,-25,-20,-23
44.777344,49,2179,2179,88,7,-25,-20,-23
44.781250,49,2179,2179,90,7,-25,-20,-23
44.785156,49,2179,2179,92,7,-25,-20,-23
44.789062,49,2179,2179,93,7,-25,-21,-23
44.792969,49,2179,2179,94,7,-25,-20,-23
44.796875,49,2179,2179,96,8,-25,-21,-23
44.800781,50,2179,2179,97,7,-25,-21,-23
44.804688,49,2179,2179,98,7,-25,-21,-23
44.808594,49,2179,2179,101,7,-25,-21,-23
44.812500,49,2179,2179,104,8,-25,-21,-23
44.816406,49,2179,2179,107,7,-25,-21,-23
44.820312,48,2179,2179,111,7,-24,-21,-23
44.824219,48,2179,2179,114,7,-25,-21,-23
44.828125,48,2179,2179,116,7,-25,-20,-23
44.832031,47,2179,2179,118,8,-25,-20,-23
44.835938,48,2179,2179,119,8,-25,-20,-23
44.839844,48,2179,2179,119,8,-25,-20,-23
44.843750,47,2179,2179,119,8,-25,-20,-23
44.847656,47,2179,2179,120,8,-25,-20,-23
44.851562,48,2179,2179,120,8,-25,-20,-23
44.855469,48,2179,2179,121,8,-25,-20,-23
44.859375,47,2179,2179,123,8,-25,-20,-23
44.863281,48,2179,2179,126,8,-25,-20,-23
44.867188,48,2179,2179,129,8,-25,-20,-23
44.871094,48,2179,2179,131,8,-25,-20,-23
44.875000,48,2179,2179,134,7,-25,-20,-23
44.878906,48,2179,2179,136,8,-25,-20,-23
44.882812,48,2179,2179,137,8,-25,-20,-23
44.886719,48,2179,2179,137,7,-25,-21,-23
44.890625,49,2179,2179,137,7,-25,-21,-23
44.894531,48,2179,2179,138,8,-25,-21,-23
44.898438,48,2179,2179,139,8,-25,-21,-23
44.902344,49,2179,2179,140,8,-25,-21,-23
44.906250,49,2179,2179,141,8,-25,-21,-23
44.910156,49,2179,2179,143,8,-25,-21,-23
44.914062,49,2179,2179,145,8,-25,-21,-23
44.917969,49,2179,2179,146,8,-25,-21,-23
44.921875,49,2179,2179,146,8,-25,-20,-23
44.925781,49,2179,2179,146,8,-25,-21,-23
44.929688,48,2179,2179,147,8,-25,-21,-23
44.933594,48,2179,2179,147,8,-25,-21,-23
44.937500,48,2179,2179,146,8,-25,-21,-23
44.941406,48,2179,2179,147,7,-25,-20,-23
44.945312,47,2179,2179,148,8,-26,-20,-23
44.949219,47,2179,2179,150,8,-25,-20,-23
44.953125,47,2179,2179,151,8,-25,-21,-23
44.957031,47,2179,2179,153,7,-25,-20,-23
44.960938,47,2179,2179,155,7,-25,-20,-23
44.964844,47,2179,2179,156,7,-25,-20,-23
44.968750,48,2179,2179,156,7,-25,-20,-23
44.972656,48,2179,2179,156,7,-25,-20,-23
44.976562,48,2179,2179,155,7,-25,-20,-23
44.980469,48,2179,2179,156,7,-25,-20,-23
44.984375,48,2179,2179,156,7,-25,-20,-23
44.988281,48,2179,2179,157,7,-25,-20,-23
44.992188,48,2179,2179,158,7,-25,-20,-23
44.996094,47,2179,2179,160,7,-25,-21,-23
45.000000,47,2179,2179,161,7,-25,-21,-23
45.003906,47,2179,2179,162,7,-25,-20,-23
45.007812,47,2179,2179,163,7,-25,-21,-23
45.011719,47,2179,2179,164,7,-25,-21,-23
45.015625,46,2179,2179,164,7,-25,-21,-23
45.019531,47,2179,2179,164,8,-25,-21,-23
45.023438,47,2179,2179,164,7,-25,-21,-23
45.027344,46,2179,2179,164,7,-25,-21,-23
45.031250,46,2179,2179,164,8,-25,-21,-23
45.035156,46,2179,2179,164,8,-25,-20,-23
45.039062,46,2179,2179,165,8,-25,-20,-23
45.042969,46,2179,2179,166,8,-25,-20,-23
45.046875,46,2179,2179,167,8,-25,-20,-23
45.050781,46,2179,2179,168,8,-25,-20,-23
45.054688,46,2179,2179,169,8,-25,-20,-23
45.058594,46,2179,2179,169,8,-25,-20,-23
45.062500,46,2179,2179,170,8,-25,-20,-23
45.066406,47,2179,2179,170,8,-25,-21,-23
45.070312,47,2179,2179,170,8,-23,-20,-23
45.074219,47,2179,2179,170,8,-25,-20,-23
45.078125,47,2179,2179,171,9,-25,-20,-23
45.082031,47,2179,2179,171,8,-25,-21,-23
45.085938,47,2179,2179,171,8,-25,-21,-23
45.089844,47,2179,2179,171,7,-25,-20,-23
45.093750,46,2179,2179,171,7,-25,-20,-23
45.097656,46,2179,2179,171,8,-25,-21,-23
45.101562,46,2179,2179,171,8,-25,-21,-23
45.105469,46,2179,2179,171,8,-25,-21,-23
45.109375,46,2179,2179,171,8,-25,-21,-23
45.113281,46,2179,2179,172,8,-25,-21,-23
45.117188,45,2179,2179,173,8,-25,-21,-23
45.121094,45,2179,2179,173,8,-25,-21,-23
45.125000,45,2179,2179,174,8,-25,-21,-23
45.128906,45,2179,2179,175,8,-25,-21,-23
45.132812,44,2179,2179,175,8,-25,-20,-23
45.136719,45,2179,2179,175,8,-25,-20,-23
45.140625,44,2179,2179,175,8,-25,-20,-23
45.144531,44,2179,2179,176,8,-25,-20,-23
45.148438,44,2179,2179,176,8,-25,-20,-23
45.152344,44,2179,2179,176,8,-25,-20,-23
45.156250,44,2179,2179,176,7,-25,-20,-23
45.160156,44,2179,2179,176,7,-25,-20,-23
45.164062,44,2179,2179,177,8,-25,-21,-23
45.167969,44,2179,2179,177,8,-25,-21,-23
45.171875,44,2179,2179,177,7,-25,-20,-23
45.175781,44,2179,2179,177,7,-25,-21,-23
45.179688,44,2179,2179,177,8,-25,-21,-23
45.183594,44,2179,2179,177,8,-25,-21,-23
45.187500,44,2179,2179,177,7,-25,-21,-23
45.191406,44,2179,2179,177,7,-25,-21,-23
45.195312,44,2179,2179,177,7,-27,-21,-23
45.199219,44,2179,2179,178,8,-25,-21,-23
45.203125,44,2179,2179,178,9,-25,-21,-23
45.207031,44,2179,2179,178,7,-25,-21,-23
45.210938,44,2179,2179,179,8,-25,-21,-23
45.214844,44,2179,2179,179,8,-25,-21,-23
45.218750,44,2179,2179,179,8,-25,-21,-23
45.222656,44,2179,2179,178,8,-25,-21,-23
45.226562,43,2179,2179,178,8,-25,-21,-23
45.230469,43,2179,2179,179,8,-25,-20,-23
45.234375,43,2179,2179,179,8,-25,-21,-23
45.238281,43,2179,2179,179,8,-25,-20,-23
45.242188,43,2179,2179,179,8,-25,-20,-23
45.246094,42,2179,2179,180,8,-25,-20,-23
45.250000,42,2179,2179,180,8,-25,-20,-23
45.253906,43,2179,2179,180,7,-25,-20,-23
45.257812,42,2179,2179,180,8,-25,-20,-23
45.261719,42,2179,2179,181,8,-25,-20,-23
45.265625,42,2179,2179,181,8,-25,-20,-23
45.269531,42,2179,2179,181,8,-25,-21,-23
45.273438,42,2179,2179,181,7,-25,-21,-23
45.277344,42,2179,2179,181,8,-25,-20,-23
45.281250,42,2179,2179,181,8,-25,-20,-23
45.285156,43,2179,2179,181,8,-25,-21,-23
45.289062,43,2179,2179,181,7,-25,-21,-23
45.292969,42,2179,2179,181,8,-25,-21,-23
45.296875,42,2179,2179,181,8,-25,-21,-23
45.300781,42,2179,2179,181,8,-25,-21,-23
45.304688,42,2179,2179,181,8,-25,-20,-23
45.308594,41,2179,2179,181,8,-25,-20,-23
45.312500,41,2179,2179,181,8,-25,-21,-23
45.316406,41,2179,2179,182,8,-25,-20,-23
45.320312,41,2179,2179,181,8,-23,-21,-23
45.324219,41,2179,2179,181,8,-25,-21,-23
45.328125,41,2179,2179,181,9,-25,-21,-23
45.332031,41,2179,2179,181,8,-25,-21,-23
45.335938,41,2179,2179,181,8,-25,-20,-23
45.339844,40,2179,2179,181,8,-25,-20,-23
45.343750,40,2179,2179,181,8,-25,-20,-23
45.347656,40,2179,2179,181,8,-25,-20,-23
45.351562,40,2179,2179,181,8,-25,-21,-23
45.355469,40,2179,2179,181,7,-25,-20,-23
45.359375,40,2179,2179,181,7,-25,-21,-23
45.363281,40,2179,2179,181,7,-25,-21,-23
45.367188,40,2179,2179,181,7,-25,-21,-23
45.371094,40,2179,2179,181,7,-25,-21,-23
45.375000,40,2179,2179,181,7,-25,-21,-23
45.378906,40,2179,2179,181,7,-25,-21,-23
45.382812,40,2179,2179,182,7,-25,-21,-23
45.386719,40,2179,2179,182,7,-25,-21,-23
45.390625,40,2179,2179,182,7,-25,-20,-23
45.394531,40,2179,2179,182,7,-25,-20,-23
45.398438,40,2179,2179,183,7,-25,-21,-24
45.402344,40,2179,2179,183,7,-25,-21,-24
45.406250,40,2179,2179,183,7,-25,-21,-24
45.410156,40,2179,2179,183,7,-25,-21,-24
45.414062,39,2179,2179,183,8,-25,-21,-24
45.417969,39,2179,2179,183,8,-25,-21,-23
45.421875,39,2179,2179,183,7,-25,-21,-23
45.425781,38,2179,2179,183,7,-25,-21,-23
45.429688,38,2179,2179,183,8,-25,-21,-23
45.433594,38,2179,2179,183,8,-25,-21,-23
45.437500,39,2179,2179,183,8,-25,-20,-23
45.441406,39,2179,2179,183,8,-25,-20,-23
45.445312,38,2179,2179,184,8,-27,-20,-23
45.449219,38,2179,2179,184,8,-25,-20,-23
45.453125,39,2179,2179,184,8,-25,-20,-23
45.457031,39,2179,2179,185,8,-25,-20,-23
45.460938,38,2179,2179,185,8,-25,-20,-23
45.464844,38,2179,2179,185,8,-25,-20,-23
45.468750,38,2179,2179,185,8,-25,-20,-23
45.472656,38,2179,2179,185,8,-25,-20,-23
45.476562,38,2179,2179,185,8,-25,-20,-23
45.480469,38,2179,2179,185,8,-25,-21,-23
45.484375,39,2179,2179,185,8,-25,-20,-23
45.488281,39,2179,2179,185,7,-25,-20,-23
45.492188,39,2179,2179,185,7,-25,-20,-23
45.496094,38,2179,2179,185,8,-25,-20,-23
45.500000,38,2179,2179,186,8,-25,-20,-23
45.503906,38,2179,2179,185,8,-25,-20,-23
45.507812,38,2179,2179,185,8,-25,-20,-23
45.511719,38,2179,2179,185,8,-25,-21,-23
45.515625,38,2179,2179,184,8,-25,-21,-23
45.519531,38,2179,2179,184,8,-25,-21,-23
45.523438,38,2179,2179,183,7,-25,-21,-23
45.527344,37,2179,2179,183,7,-25,-21,-23
45.531250,37,2179,2179,184,8,-25,-21,-23
45.535156,37,2179,2179,185,7,-25,-21,-23
45.539062,37,2179,2179,185,7,-25,-21,-23
45.542969,36,2179,2179,186,7,-25,-21,-23
45.546875,36,2179,2179,186,7,-25,-21,-23
45.550781,36,2179,2179,186,7,-25,-20,-23
45.554688,36,2179,2179,186,7,-25,-20,-23
45.558594,36,2179,2179,186,7,-25,-20,-23
45.562500,36,2179,2179,186,8,-25,-20,-23
45.566406,36,2179,2179,185,8,-25,-20,-23
45.570312,36,2179,2179,185,8,-21,-20,-23
45.574219,36,2179,2179,185,8,-25,-20,-23
45.578125,36,2179,2179,185,8,-25,-20,-23
45.582031,36,2179,2179,185,8,-25,-20,-23
45.585938,37,2179,2179,185,8,-25,-20,-23
45.589844,37,2179,2179,185,7,-25,-20,-23
45.593750,36,2179,2179,185,7,-25,-21,-23
45.597656,36,2179,2179,185,8,-25,-21,-23
45.601562,36,2179,2179,185,8,-25,-21,-23
45.605469,36,2179,2179,185,8,-25,-21,-23
45.609375,36,2179,2179,185,8,-25,-21,-23
45.613281,36,2179,2179,185,8,-25,-21,-23
45.617188,35,2179,2179,186,8,-25,-21,-23
45.621094,36,2179,2179,186,8,-25,-21,-23
45.625000,35,2179,2179,186,8,-25,-21,-23
45.628906,35,2179,2179,187,8,-25,-21,-23
45.632812,35,2179,2179,187,8,-25,-21,-23
45.636719,35,2179,2179,187,8,-25,-21,-23
45.640625,34,2179,2179,187,8,-25,-21,-23
45.644531,34,2179,2179,187,7,-25,-21,-23
45.648438,33,2179,2179,187,8,-25,-21,-23
45.652344,33,2179,2179,186,8,-25,-20,-23
45.656250,33,2179,2179,186,7,-25,-20,-23
45.660156,33,2179,2179,186,8,-25,-20,-23
45.664062,33,2179,2179,186,8,-25,-20,-23
45.667969,33,2179,2179,187,8,-25,-20,-23
45.671875,33,2179,2179,187,8,-25,-20,-23
45.675781,33,2179,2179,187,7,-25,-20,-23
45.679688,32,2179,2179,187,8,-25,-21,-23
45.683594,32,2179,2179,187,8,-25,-21,-23
45.687500,32,2179,2179,186,8,-25,-20,-23
45.691406,33,2179,2179,186,7,-25,-21,-23
45.695312,32,2179,2179,187,8,-29,-21,-23
45.699219,32,2179,2179,187,8,-25,-21,-23
45.703125,32,2179,2179,187,7,-25,-21,-23
45.707031,32,2179,2179,186,7,-25,-21,-23
45.710938,32,2179,2179,186,7,-25,-21,-23
45.714844,32,2179,2179,186,8,-25,-21,-23
45.718750,32,2179,2179,186,8,-25,-21,-23
45.722656,32,2179,2179,185,7,-25,-21,-23
45.726562,32,2179,2179,186,7,-25,-21,-23
45.730469,32,2179,2179,187,8,-25,-21,-23
45.734375,33,2179,2179,187,8,-25,-21,-23
45.738281,33,2179,2179,188,8,-25,-20,-23
45.742188,33,2179,2179,188,8,-25,-20,-23
45.746094,33,2179,2179,188,8,-25,-20,-23
45.750000,34,2179,2179,187,8,-25,-20,-23
45.753906,34,2179,2179,186,7,-25,-20,-23
45.757812,34,2179,2179,185,8,-25,-20,-23
45.761719,34,2179,2179,185,8,-25,-20,-23
45.765625,34,2179,2179,185,8,-25,-20,-23
45.769531,34,2179,2179,185,7,-25,-20,-23
45.773438,34,2179,2179,186,7,-25,-20,-23
45.777344,34,2179,2179,187,7,-25,-20,-23
45.781250,34,2179,2179,188,7,-25,-21,-23
45.785156,34,2179,2179,188,7,-25,-20,-23
45.789062,34,2179,2179,188,7,-25,-20,-23
45.792969,34,2179,2179,187,7,-25,-20,-23
45.796875,34,2179,2179,187,8,-25,-20,-23
45.800781,34,2179,2179,186,8,-25,-21,-23
45.804688,34,2179,2179,186,7,-25,-21,-23
45.808594,34,2179,2179,185,7,-25,-21,-23
45.812500,33,2179,2179,186,7,-25,-20,-23
45.816406,33,2179,2179,186,8,-25,-21,-23
45.820312,33,2179,2179,186,7,-20,-21,-24
45.824219,33,2179,2179,186,7,-25,-20,-23
45.828125,32,2179,2179,187,8,-25,-20,-23
45.832031,32,2179,2179,187,8,-25,-21,-23
45.835938,32,2179,2179,186,8,-25,-21,-23
45.839844,32,2179,2179,186,8,-25,-20,-23
45.843750,32,2179,2179,186,8,-25,-20,-23
45.847656,32,2179,2179,186,8,-25,-20,-23
45.851562,32,2179,2179,187,8,-25,-20,-23
45.855469,32,2179,2179,187,8,-25,-20,-23
45.859375,32,2179,2179,188,8,-25,-20,-23
45.863281,32,2179,2179,188,8,-25,-20,-23
45.867188,32,2179,2179,189,8,-25,-20,-23
45.871094,32,2179,2179,188,8,-25,-20,-23
45.875000,32,2179,2179,188,8,-25,-20,-23
45.878906,32,2179,2179,188,8,-25,-20,-23
45.882812,31,2179,2179,188,8,-25,-21,-23
45.886719,32,2179,2179,187,8,-25,-20,-23
45.890625,31,2179,2179,187,8,-25,-20,-23
45.894531,31,2179,2179,187,8,-25,-20,-23
45.898438,31,2179,2179,187,8,-25,-21,-23
45.902344,31,2179,2179,187,8,-25,-20,-23
45.906250,31,2179,2179,187,8,-25,-21,-23
45.910156,31,2179,2179,188,8,-25,-21,-23
45.914062,32,2179,2179,188,8,-25,-20,-23
45.917969,32,2179,2179,188,8,-25,-21,-23
45.921875,32,2179,2179,187,8,-25,-20,-23
45.925781,32,2179,2179,187,7,-25,-20,-23
45.929688,32,2179,2179,186,8,-25,-21,-23
45.933594,32,2179,2179,185,8,-25,-21,-23
45.937500,33,2179,2179,185,7,-25,-21,-23
45.941406,33,2179,2179,185,7,-25,-21,-23
45.945312,32,2179,2179,186,7,-30,-21,-23
45.949219,33,2179,2179,187,8,-25,-20,-23
45.953125,33,2179,2179,187,7,-25,-20,-23
45.957031,33,2179,2179,188,7,-25,-20,-23
45.960938,32,2179,2179,188,7,-25,-20,-23
45.964844,32,2179,2179,189,8,-25,-20,-23
45.968750,32,2179,2179,188,8,-25,-20,-23
45.972656,32,2179,2179,188,7,-25,-20,-23
45.976562,31,2179,2179,187,7,-25,-21,-23
45.980469,31,2179,2179,187,8,-25,-21,-23
45.984375,31,2179,2179,187,7,-25,-20,-23
45.988281,31,2179,2179,187,7,-25,-20,-23
45.992188,31,2179,2179,187,7,-25,-20,-23
45.996094,31,2179,2179,188,7,-25,-21,-23
46.000000,31,2179,2179,188,8,-25,-21,-23
46.003906,32,2179,2179,188,7,-25,-21,-23
46.007812,31,2179,2179,188,7,-25,-20,-23
46.011719,31,2179,2179,188,8,-25,-20,-23
46.015625,31,2179,2179,187,8,-25,-20,-23
46.019531,31,2179,2179,187,8,-25,-20,-23
46.023438,31,2179,2179,187,8,-25,-20,-23
46.027344,31,2179,2179,188,8,-25,-20,-23
46.031250,31,2179,2179,188,8,-25,-21,-23
46.035156,32,2179,2179,188,8,-25,-21,-23
46.039062,32,2179,2179,188,8,-25,-21,-23
46.042969,31,2179,2179,188,8,-25,-21,-23
46.046875,31,2179,2179,189,9,-25,-21,-23
46.050781,32,2179,2179,189,8,-25,-20,-23
46.054688,32,2179,2179,188,8,-25,-20,-23
46.058594,32,2179,2179,189,8,-25,-20,-23
46.062500,31,2179,2179,189,8,-25,-20,-23
46.066406,31,2179,2179,189,8,-25,-20,-23
46.070312,32,2179,2179,189,8,-19,-20,-23
46.074219,32,2179,2179,188,8,-25,-20,-23
46.078125,31,2179,2179,188,8,-25,-20,-23
46.082031,31,2179,2179,188,8,-25,-20,-23
46.085938,31,2179,2179,188,8,-25,-20,-23
46.089844,31,2179,2179,188,8,-25,-20,-23
46.093750,31,2179,2179,187,8,-25,-20,-23
46.097656,31,2179,2179,188,8,-25,-20,-23
46.101562,32,2179,2179,188,8,-25,-21,-23
46.105469,32,2179,2179,188,7,-25,-20,-23
46.109375,31,2179,2179,188,7,-25,-21,-23
46.113281,32,2179,2179,189,8,-25,-21,-23
46.117188,31,2179,2179,189,8,-25,-20,-23
46.121094,31,2179,2179,188,7,-25,-20,-23
46.125000,31,2179,2179,188,7,-25,-21,-23
46.128906,31,2179,2179,188,8,-25,-21,-23
46.132812,31,2179,2179,188,8,-25,-21,-23
46.136719,31,2179,2179,187,7,-25,-21,-23
46.140625,31,2179,2179,187,7,-25,-21,-23
46.144531,31,2179,2179,187,7,-25,-21,-23
46.148438,30,2179,2179,188,8,-25,-21,-23
46.152344,31,2179,2179,188,7,-25,-20,-23
46.156250,30,2179,2179,189,7,-25,-20,-23
46.160156,30,2179,2179,190,8,-25,-20,-23
46.164062,30,2179,2179,190,8,-25,-20,-23
46.167969,30,2179,2179,190,8,-25,-20,-23
46.171875,30,2179,2179,189,7,-25,-20,-23
46.175781,30,2179,2179,189,7,-25,-20,-23
46.179688,30,2179,2179,188,8,-25,-21,-23
46.183594,30,2179,2179,188,8,-25,-20,-23
46.187500,30,2179,2179,187,7,-25,-20,-23
46.191406,31,2179,2179,187,7,-25,-20,-23
46.195312,30,2179,2179,188,8,-32,-20,-23
46.199219,31,2179,2179,189,8,-25,-20,-23
46.203125,31,2179,2179,189,7,-25,-20,-23
46.207031,31,2179,2179,188,7,-25,-20,-23
46.210938,31,2179,2179,189,7,-25,-20,-23
46.214844,31,2179,2179,188,8,-25,-21,-23
46.218750,32,2179,2179,187,8,-25,-21,-23
46.222656,32,2179,2179,187,7,-25,-21,-23
46.226562,31,2179,2179,187,7,-25,-21,-23
46.230469,31,2179,2179,187,8,-25,-21,-23
46.234375,32,2179,2179,187,8,-25,-21,-23
46.238281,31,2179,2179,188,8,-25,-21,-23
46.242188,31,2179,2179,188,7,-25,-21,-23
46.246094,31,2179,2179,189,8,-25,-21,-23
46.250000,31,2179,2179,189,8,-25,-21,-23
46.253906,31,2179,2179,189,7,-25,-20,-23
46.257812,31,2179,2179,189,8,-25,-20,-23
46.261719,31,2179,2179,189,8,-25,-20,-23
46.265625,31,2179,2179,189,8,-25,-20,-23
46.269531,32,2179,2179,189,8,-25,-20,-23
46.273438,32,2179,2179,189,8,-25,-20,-23
46.277344,31,2179,2179,189,8,-25,-20,-23
46.281250,31,2179,2179,189,8,-25,-20,-23
46.285156,32,2179,2179,189,8,-25,-20,-23
46.289062,32,2179,2179,189,8,-25,-20,-23
46.292969,31,2179,2179,189,8,-25,-20,-23
46.296875,31,2179,2179,189,8,-25,-20,-23
46.300781,31,2179,2179,189,8,-25,-21,-23
46.304688,31,2179,2179,189,8,-25,-20,-23
46.308594,31,2179,2179,188,8,-25,-20,-23
46.312500,31,2179,2179,188,8,-25,-20,-23
46.316406,31,2179,2179,188,8,-25,-20,-23
46.320312,31,2179,2179,188,8,-19,-21,-23
46.324219,31,2179,2179,187,7,-25,-20,-23
46.328125,31,2179,2179,188,8,-25,-21,-23
46.332031,30,2179,2179,188,8,-25,-21,-23
46.335938,31,2179,2179,188,8,-25,-21,-23
46.339844,31,2179,2179,188,8,-25,-20,-23
46.343750,30,2179,2179,188,8,-25,-21,-23
46.347656,30,2179,2179,188,8,-25,-21,-23
46.351562,30,2179,2179,188,8,-25,-21,-23
46.355469,30,2179,2179,188,7,-25,-21,-23
46.359375,30,2179,2179,189,7,-25,-21,-23
46.363281,30,2179,2179,189,8,-25,-21,-23
46.367188,30,2179,2179,190,8,-25,-20,-23
46.371094,30,2179,2179,190,7,-25,-20,-23
46.375000,30,2179,2179,190,7,-25,-20,-23
46.378906,30,2179,2179,190,7,-25,-20,-23
46.382812,30,2179,2179,190,7,-25,-20,-23
46.386719,31,2179,2179,189,7,-25,-20,-23
46.390625,31,2179,2179,189,7,-25,-20,-23
46.394531,31,2179,2179,189,7,-25,-20,-23
46.398438,31,2179,2179,188,7,-25,-21,-23
46.402344,31,2179,2179,188,7,-25,-21,-23
46.406250,31,2179,2179,188,7,-25,-21,-23
46.410156,30,2179,2179,188,7,-25,-21,-23
46.414062,30,2179,2179,189,7,-25,-21,-23
46.417969,30,2179,2179,189,7,-25,-21,-23
46.421875,30,2179,2179,189,7,-25,-21,-23
46.425781,30,2179,2179,189,7,-25,-21,-23
46.429688,30,2179,2179,190,8,-25,-21,-23
46.433594,30,2179,2179,190,8,-25,-21,-23
46.437500,29,2179,2179,189,8,-25,-20,-23
46.441406,29,2179,2179,188,8,-25,-21,-23
46.445312,28,2179,2179,188,8,-33,-21,-23
46.449219,28,2179,2179,187,8,-25,-21,-23
46.453125,27,2179,2179,186,8,-25,-21,-23
46.457031,27,2179,2179,185,8,-25,-21,-23
46.460938,26,2179,2179,185,8,-25,-21,-23
46.464844,26,2179,2179,183,8,-25,-20,-23
46.468750,26,2179,2179,180,8,-25,-20,-23
46.472656,26,2179,2179,175,8,-25,-20,-23
46.476562,25,2179,2179,169,8,-25,-20,-23
46.480469,25,2179,2179,162,8,-25,-20,-23
46.484375,25,2179,2179,155,8,-25,-20,-23
46.488281,25,2179,2179,148,8,-25,-20,-23
46.492188,24,2179,2179,141,7,-25,-20,-23
46.496094,24,2179,2179,134,8,-25,-20,-23
46.500000,23,2179,2179,125,8,-25,-20,-23
46.503906,23,2179,2179,113,7,-25,-20,-23
46.507812,23,2179,2179,99,8,-25,-21,-23
46.511719,22,2179,2179,83,8,-25,-21,-23
46.515625,21,2179,2179,66,8,-25,-21,-23
46.519531,21,2179,2179,51,8,-25,-21,-23
46.523438,21,2179,2179,39,7,-25,-21,-23
46.527344,21,2179,2179,31,7,-25,-21,-23
46.531250,20,2179,2179,27,7,-25,-21,-23
46.535156,20,2179,2179,26,7,-25,-21,-23
46.539062,20,2179,2179,26,7,-25,-21,-23
46.542969,19,2179,2179,27,7,-25,-21,-23
46.546875,19,2179,2179,27,7,-25,-20,-23
46.550781,18,2179,2179,27,7,-25,-20,-23
46.554688,18,2179,2179,25,7,-25,-20,-23
46.558594,17,2179,2179,23,7,-25,-20,-23
46.562500,17,2179,2179,21,7,-25,-20,-23
46.566406,17,2179,2179,20,8,-25,-20,-23
46.570312,17,2179,2179,19,7,-20,-20,-23
46.574219,17,2179,2179,20,7,-25,-20,-23
46.578125,17,2179,2179,21,8,-25,-20,-23
46.582031,17,2179,2179,21,8,-25,-20,-23
46.585938,17,2179,2179,21,8,-25,-20,-23
46.589844,18,2179,2179,22,7,-25,-20,-23
46.593750,18,2179,2179,21,7,-25,-20,-23
46.597656,18,2179,2179,21,8,-25,-20,-23
46.601562,19,2179,2179,21,8,-25,-20,-23
46.605469,19,2179,2179,20,7,-25,-20,-23
46.609375,18,2179,2179,19,7,-25,-20,-23
46.613281,18,2179,2179,19,7,-25,-20,-23
46.617188,18,2179,2179,19,7,-25,-20,-23
46.621094,18,2179,2179,18,7,-25,-20,-23
46.625000,18,2179,2179,19,7,-25,-21,-23
46.628906,18,2179,2179,19,8,-25,-21,-23
46.632812,18,2179,2179,19,8,-25,-21,-23
46.636719,18,2179,2179,19,8,-25,-21,-23
46.640625,18,2179,2179,19,8,-25,-20,-23
46.644531,17,2179,2179,19,8,-25,-21,-23
46.648438,17,2179,2179,19,8,-25,-21,-23
46.652344,17,2179,2179,19,8,-25,-21,-23
46.656250,17,2179,2179,19,8,-25,-21,-23
46.660156,17,2179,2179,19,8,-25,-21,-23
46.664062,17,2179,2179,19,8,-25,-20,-23
46.667969,17,2179,2179,19,8,-25,-20,-23
46.671875,16,2179,2179,18,8,-25,-20,-23
46.675781,16,2179,2179,18,8,-25,-20,-23
46.679688,16,2179,2179,18,8,-25,-21,-23
46.683594,16,2179,2179,19,8,-25,-20,-23
46.687500,16,2179,2179,19,8,-25,-20,-23
46.691406,17,2179,2179,19,8,-25,-21,-23
46.695312,16,2179,2179,19,8,-31,-21,-23
46.699219,16,2179,2179,19,8,-25,-20,-23
46.703125,17,2179,2179,18,8,-25,-20,-23
46.707031,17,2179,2179,18,7,-25,-20,-23
46.710938,16,2179,2179,17,7,-25,-20,-23
46.714844,16,2179,2179,17,8,-25,-20,-23
46.718750,16,2179,2179,17,8,-25,-21,-23
46.722656,16,2179,2179,16,7,-25,-21,-23
46.726562,16,2179,2179,16,7,-25,-21,-23
46.730469,15,2179,2179,17,8,-25,-21,-23
46.734375,15,2179,2179,17,8,-25,-21,-23
46.738281,15,2179,2179,17,8,-25,-21,-23
46.742188,15,2179,2179,17,8,-25,-21,-23
46.746094,15,2179,2179,18,8,-25,-21,-23
46.750000,15,2179,2179,18,8,-25,-21,-23
46.753906,15,2179,2179,17,7,-25,-21,-23
46.757812,15,2179,2179,17,8,-25,-21,-23
46.761719,14,2179,2179,17,8,-25,-21,-23
46.765625,14,2179,2179,17,8,-25,-21,-23
46.769531,15,2179,2179,17,8,-25,-20,-23
46.773438,14,2179,2179,17,7,-25,-20,-23
46.777344,14,2179,2179,17,7,-25,-20,-23
46.781250,14,2179,2179,17,8,-25,-20,-23
46.785156,15,2179,2179,17,7,-25,-20,-23
46.789062,15,2179,2179,17,7,-25,-20,-23
46.792969,14,2179,2179,17,7,-25,-20,-23
46.796875,15,2179,2179,17,7,-25,-20,-23
46.800781,15,2179,2179,17,7,-25,-20,-23
46.804688,15,2179,2179,16,7,-25,-20,-23
46.808594,15,2179,2179,16,7,-25,-20,-23
46.812500,15,2179,2179,17,7,-25,-20,-23
46.816406,15,2179,2179,17,7,-25,-20,-23
46.820312,14,2179,2179,16,7,-24,-21,-23
46.824219,14,2179,2179,16,7,-25,-21,-23
46.828125,14,2179,2179,17,7,-25,-21,-23
46.832031,13,2179,2179,17,8,-25,-21,-23
46.835938,14,2179,2179,17,8,-25,-21,-23
46.839844,14,2179,2179,17,7,-25,-21,-23
46.843750,13,2179,2179,17,7,-25,-21,-23
46.847656,13,2179,2179,17,8,-25,-21,-23
46.851562,13,2179,2179,17,8,-25,-21,-23
46.855469,13,2179,2179,17,8,-25,-21,-23
46.859375,13,2179,2179,17,8,-25,-21,-23
46.863281,12,2179,2179,17,8,-25,-21,-23
46.867188,12,2179,2179,17,8,-25,-20,-23
46.871094,12,2179,2179,17,8,-25,-20,-23
46.875000,12,2179,2179,17,8,-25,-20,-23
46.878906,12,2179,2179,18,8,-25,-20,-23
46.882812,12,2179,2179,18,8,-25,-20,-23
46.886719,13,2179,2179,17,8,-25,-20,-23
46.890625,13,2179,2179,17,8,-25,-20,-23
46.894531,13,2179,2179,18,8,-25,-20,-23
46.898438,13,2179,2179,18,8,-25,-20,-23
46.902344,13,2179,2179,17,8,-25,-20,-23
46.906250,13,2179,2179,17,8,-25,-20,-23
46.910156,13,2179,2179,17,7,-25,-20,-23
46.914062,13,2179,2179,17,7,-25,-21,-23
46.917969,13,2179,2179,17,8,-25,-21,-23
46.921875,13,2179,2179,16,7,-25,-21,-23
46.925781,13,2179,2179,17,7,-25,-21,-23
46.929688,13,2179,2179,17,8,-25,-21,-23
46.933594,12,2179,2179,17,7,-25,-21,-23
46.937500,12,2179,2179,17,7,-25,-20,-23
46.941406,12,2179,2179,17,7,-25,-21,-23
46.945312,12,2179,2179,17,7,-27,-21,-23
46.949219,11,2179,2179,17,8,-25,-21,-23
46.953125,12,2179,2179,17,7,-25,-21,-23
46.957031,12,2179,2179,17,7,-25,-21,-23
46.960938,11,2179,2179,17,7,-25,-21,-23
46.964844,11,2179,2179,17,7,-25,-21,-23
46.968750,11,2179,2179,17,7,-25,-21,-23
46.972656,11,2179,2179,17,7,-25,-21,-23
46.976562,11,2179,2179,17,7,-25,-20,-23
46.980469,10,2179,2179,17,7,-25,-20,-23
46.984375,11,2179,2179,17,7,-25,-20,-23
46.988281,11,2179,2179,17,7,-25,-20,-23
46.992188,11,2179,2179,17,7,-25,-21,-23
46.996094,10,2179,2179,17,8,-25,-21,-23
47.000000,10,2179,2179,17,8,-25,-20,-23
47.003906,11,2179,2179,17,7,-25,-20,-23
47.007812,10,2179,2179,17,7,-25,-20,-23
47.011719,10,2179,2179,17,7,-25,-20,-23
47.015625,10,2179,2179,17,8,-25,-21,-23
47.019531,10,2179,2179,17,8,-25,-20,-23
47.023438,10,2179,2179,17,7,-25,-20,-23
47.027344,9,2179,2179,17,8,-25,-20,-23
47.031250,10,2179,2179,17,8,-25,-21,-23
47.035156,10,2179,2179,17,8,-25,-21,-23
47.039062,10,2179,2179,17,8,-25,-21,-23
47.042969,9,2179,2179,17,8,-25,-21,-23
47.046875,9,2179,2179,18,8,-25,-21,-23
47.050781,9,2179,2179,18,8,-25,-21,-23
47.054688,9,2179,2179,17,8,-25,-21,-23
47.058594,9,2179,2179,17,8,-25,-21,-23
47.062500,8,2179,2179,17,8,-25,-20,-23
47.066406,8,2179,2179,17,8,-25,-20,-23
47.070312,8,2179,2179,17,8,-25,-20,-23
47.074219,8,2179,2179,17,8,-25,-20,-23
47.078125,8,2179,2179,17,8,-25,-20,-23
47.082031,8,2179,2179,17,8,-25,-20,-23
47.085938,9,2179,2179,17,8,-25,-20,-23
47.089844,9,2179,2179,17,8,-25,-20,-23
47.093750,9,2179,2179,17,8,-25,-20,-23
47.097656,9,2179,2179,17,8,-25,-20,-23
47.101562,9,2179,2179,17,8,-25,-20,-23
47.105469,9,2179,2179,17,7,-25,-20,-23
47.109375,8,2179,2179,17,7,-25,-20,-23
47.113281,8,2179,2179,17,8,-25,-20,-23
47.117188,8,2179,2179,17,8,-25,-21,-23
47.121094,8,2179,2179,17,7,-25,-20,-23
47.125000,8,2179,2179,17,7,-25,-21,-23
47.128906,8,2179,2179,17,8,-25,-21,-23
47.132812,8,2179,2179,17,8,-25,-21,-23
47.136719,8,2179,2179,17,8,-25,-21,-23
47.140625,8,2179,2179,16,7,-25,-21,-23
47.144531,8,2179,2179,17,8,-25,-20,-23
47.148438,8,2179,2179,17,8,-25,-21,-23
47.152344,9,2179,2179,16,8,-25,-21,-23
47.156250,8,2179,2179,16,8,-25,-21,-23
47.160156,8,2179,2179,16,8,-25,-21,-23
47.164062,8,2179,2179,16,8,-25,-21,-23
47.167969,8,2179,2179,17,8,-25,-20,-23
47.171875,7,2179,2179,16,8,-25,-20,-23
47.175781,7,2179,2179,17,8,-25,-20,-23
47.179688,7,2179,2179,17,8,-25,-20,-23
47.183594,7,2179,2179,17,8,-25,-20,-23
47.187500,8,2179,2179,17,7,-25,-20,-23
47.191406,8,2179,2179,17,7,-25,-20,-23
47.195312,7,2179,2179,17,8,-25,-20,-23
47.199219,7,2179,2179,17,7,-25,-20,-23
47.203125,8,2179,2179,17,7,-25,-20,-23
47.207031,8,2179,2179,17,7,-25,-20,-23
47.210938,8,2179,2179,17,7,-25,-21,-23
47.214844,8,2179,2179,17,8,-25,-20,-23
47.218750,9,2179,2179,17,8,-25,-21,-23
47.222656,9,2179,2179,16,7,-25,-21,-23
47.226562,8,2179,2179,16,7,-25,-21,-23
47.230469,8,2179,2179,16,8,-25,-21,-23
47.234375,8,2179,2179,16,8,-25,-21,-23
47.238281,8,2179,2179,16,8,-25,-21,-23
47.242188,8,2179,2179,16,7,-25,-21,-23
47.246094,7,2179,2179,16,7,-25,-21,-23
47.250000,8,2179,2179,16,8,-25,-21,-23
47.253906,8,2179,2179,16,7,-25,-21,-23
47.257812,8,2179,2179,17,7,-25,-20,-23
47.261719,8,2179,2179,17,8,-25,-20,-23
47.265625,8,2179,2179,17,8,-25,-21,-23
47.269531,8,2179,2179,17,8,-25,-21,-23
47.273438,8,2179,2179,17,7,-25,-21,-23
47.277344,8,2179,2179,17,8,-25,-20,-23
47.281250,8,2179,2179,17,8,-25,-20,-23
47.285156,8,2179,2179,17,8,-25,-20,-23
47.289062,8,2179,2179,17,8,-25,-20,-23
47.292969,8,2179,2179,17,8,-25,-20,-23
47.296875,8,2179,2179,17,8,-25,-20,-23
47.300781,8,2179,2179,17,8,-25,-20,-23
47.304688,8,2179,2179,17,8,-25,-20,-23
47.308594,8,2179,2179,17,8,-25,-20,-23
47.312500,8,2179,2179,17,8,-25,-20,-23
47.316406,8,2179,2179,17,8,-25,-20,-23
47.320312,8,2179,2179,17,7,-25,-21,-23
47.324219,8,2179,2179,17,8,-25,-20,-23
47.328125,8,2179,2179,17,8,-25,-20,-23
47.332031,8,2179,2179,17,8,-25,-21,-23
47.335938,8,2179,2179,17,8,-25,-21,-23
47.339844,8,2179,2179,17,7,-25,-21,-23
47.343750,7,2179,2179,17,7,-25,-21,-23
47.347656,7,2179,2179,17,8,-25,-21,-23
47.351562,7,2179,2179,17,7,-25,-21,-23
47.355469,7,2179,2179,17,7,-25,-21,-23
47.359375,7,2179,2179,16,7,-25,-21,-23
47.363281,7,2179,2179,17,7,-25,-21,-23
47.367188,7,2179,2179,17,7,-25,-21,-23
47.371094,7,2179,2179,16,7,-25,-21,-23
47.375000,7,2179,2179,16,6,-25,-21,-23
47.378906,6,2179,2179,16,7,-25,-21,-23
47.382812,6,2179,2179,16,7,-25,-20,-23
47.386719,6,2179,2179,16,7,-25,-20,-23
47.390625,6,2179,2179,16,7,-25,-20,-23
47.394531,6,2179,2179,17,7,-25,-21,-23
47.398438,6,2179,2179,17,7,-25,-21,-23
47.402344,7,2179,2179,17,7,-25,-20,-23
47.406250,7,2179,2179,16,7,-25,-20,-23
47.410156,6,2179,2179,16,7,-25,-20,-23
47.414062,6,2179,2179,16,7,-25,-21,-23
47.417969,7,2179,2179,16,8,-25,-20,-23
47.421875,7,2179,2179,15,7,-25,-21,-23
47.425781,7,2179,2179,16,7,-25,-21,-23
47.429688,7,2179,2179,16,7,-25,-20,-23
47.433594,7,2179,2179,16,7,-25,-21,-23
47.437500,8,2179,2179,16,7,-25,-20,-23
47.441406,8,2179,2179,17,7,-25,-21,-23
47.445312,8,2179,2179,17,8,-25,-21,-23
47.449219,9,2179,2179,17,8,-25,-20,-23
47.453125,9,2179,2179,16,8,-25,-21,-23
47.457031,9,2179,2179,16,8,-25,-20,-23
47.460938,9,2179,2179,16,8,-25,-21,-23
47.464844,9,2179,2179,17,8,-25,-21,-23
47.468750,10,2179,2179,17,8,-25,-21,-23
47.472656,10,2179,2179,17,8,-25,-21,-23
47.476562,10,2179,2179,17,8,-25,-21,-23
47.480469,10,2179,2179,18,8,-25,-21,-23
47.484375,10,2179,2179,18,8,-25,-21,-23
47.488281,10,2179,2179,17,8,-25,-20,-23
47.492188,11,2179,2179,17,8,-25,-20,-23
47.496094,10,2179,2179,17,8,-25,-20,-23
47.500000,10,2179,2179,17,8,-25,-21,-23
47.503906,11,2179,2179,17,8,-25,-21,-23
47.507812,11,2179,2179,17,8,-25,-20,-23
47.511719,10,2179,2179,17,8,-25,-20,-23
47.515625,10,2179,2179,17,8,-25,-20,-23
47.519531,10,2179,2179,17,8,-25,-21,-23
47.523438,11,2179,2179,17,7,-25,-21,-23
47.527344,10,2179,2179,17,7,-25,-21,-23
47.531250,10,2179,2179,17,7,-25,-21,-23
47.535156,10,2179,2179,17,7,-25,-21,-23
47.539062,10,2179,2179,16,7,-25,-21,-23
47.542969,10,2179,2179,16,7,-25,-21,-23
47.546875,10,2179,2179,17,7,-25,-21,-23
47.550781,10,2179,2179,17,7,-25,-21,-23
47.554688,10,2179,2179,16,7,-25,-21,-23
47.558594,10,2179,2179,17,7,-25,-21,-23
47.562500,10,2179,2179,17,7,-25,-20,-23
47.566406,9,2179,2179,17,8,-25,-21,-23
47.570312,9,2179,2179,17,8,-25,-21,-23
47.574219,9,2179,2179,17,7,-25,-21,-23
47.578125,9,2179,2179,17,8,-25,-20,-23
47.582031,9,2179,2179,17,8,-25,-20,-23
47.585938,9,2179,2179,17,8,-25,-20,-23
47.589844,9,2179,2179,17,7,-25,-20,-23
47.593750,9,2179,2179,17,7,-25,-20,-23
47.597656,9,2179,2179,17,8,-25,-20,-23
47.601562,10,2179,2179,17,8,-25,-20,-23
47.605469,10,2179,2179,17,7,-25,-20,-23
47.609375,10,2179,2179,17,7,-25,-20,-23
47.613281,10,2179,2179,17,8,-25,-20,-23
47.617188,10,2179,2179,17,8,-25,-20,-23
47.621094,10,2179,2179,17,7,-25,-20,-23
47.625000,11,2179,2179,17,7,-25,-20,-23
47.628906,10,2179,2179,17,8,-25,-20,-23
47.632812,10,2179,2179,17,7,-25,-20,-23
47.636719,11,2179,2179,17,7,-25,-20,-23
47.640625,11,2179,2179,17,7,-25,-20,-23
47.644531,11,2179,2179,17,7,-25,-21,-23
47.648438,10,2179,2179,17,7,-25,-21,-23
47.652344,11,2179,2179,17,8,-25,-21,-23
47.656250,11,2179,2179,17,7,-25,-21,-23
47.660156,10,2179,2179,17,7,-25,-21,-23
47.664062,10,2179,2179,17,8,-25,-21,-23
47.667969,10,2179,2179,17,8,-25,-21,-23
47.671875,10,2179,2179,17,7,-25,-21,-23
47.675781,9,2179,2179,17,8,-25,-20,-23
47.679688,9,2179,2179,17,8,-25,-20,-23
47.683594,8,2179,2179,18,8,-25,-20,-23
47.687500,9,2179,2179,17,8,-25,-19,-23
47.691406,9,2179,2179,17,8,-25,-20,-23
47.695312,9,2179,2179,17,8,-25,-20,-23
47.699219,9,2179,2179,17,8,-25,-20,-23
47.703125,10,2179,2179,17,8,-25,-20,-23
47.707031,10,2179,2179,17,8,-25,-20,-23
47.710938,10,2179,2179,17,7,-25,-20,-23
47.714844,10,2179,2179,17,8,-25,-20,-23
47.718750,10,2179,2179,17,8,-25,-20,-23
47.722656,10,2179,2179,17,7,-25,-20,-23
47.726562,11,2179,2179,17,7,-25,-20,-23
47.730469,11,2179,2179,17,8,-25,-21,-23
47.734375,11,2179,2179,17,8,-25,-20,-23
47.738281,12,2179,2179,17,7,-25,-21,-23
47.742188,12,2179,2179,17,7,-25,-21,-23
47.746094,12,2179,2179,17,8,-25,-21,-23
47.750000,13,2179,2179,17,8,-25,-21,-23
47.753906,14,2179,2179,17,7,-25,-21,-23
47.757812,14,2179,2179,17,8,-25,-21,-23
47.761719,14,2179,2179,17,8,-25,-21,-23
47.765625,14,2179,2179,17,8,-25,-21,-23
47.769531,15,2179,2179,17,8,-25,-20,-23
47.773438,15,2179,2179,17,7,-25,-20,-23
47.777344,15,2179,2179,17,8,-25,-20,-23
47.781250,15,2179,2179,17,8,-25,-20,-23
47.785156,15,2179,2179,17,8,-25,-20,-23
47.789062,16,2179,2179,17,7,-25,-20,-23
47.792969,16,2179,2179,17,7,-25,-20,-23
47.796875,16,2179,2179,17,8,-25,-20,-23
47.800781,17,2179,2179,17,8,-25,-20,-23
47.804688,17,2179,2179,16,7,-25,-20,-23
47.808594,17,2179,2179,16,7,-25,-20,-23
47.812500,17,2179,2179,16,7,-25,-20,-23
47.816406,18,2179,2179,16,7,-25,-20,-23
47.820312,18,2179,2179,16,7,-25,-20,-23
47.824219,18,2179,2179,16,7,-25,-20,-23
47.828125,19,2179,2179,17,7,-25,-20,-23
47.832031,19,2179,2179,17,8,-25,-20,-23
47.835938,19,2179,2179,17,8,-25,-20,-23
47.839844,19,2179,2179,17,7,-25,-20,-23
47.843750,19,2179,2179,17,7,-25,-20,-23
47.847656,20,2179,2179,18,8,-25,-21,-23
47.851562,20,2179,2179,18,8,-25,-21,-23
47.855469,20,2179,2179,17,8,-25,-21,-23
47.859375,20,2179,2179,17,8,-25,-21,-23
47.863281,20,2179,2179,18,8,-25,-21,-23
47.867188,20,2179,2179,18,8,-25,-21,-23
47.871094,20,2179,2179,17,8,-25,-21,-23
47.875000,20,2179,2179,17,8,-25,-21,-23
47.878906,19,2179,2179,18,8,-25,-21,-23
47.882812,19,2179,2179,18,8,-25,-20,-23
47.886719,20,2179,2179,17,8,-25,-20,-23
47.890625,20,2179,2179,17,8,-25,-21,-23
47.894531,19,2179,2179,17,8,-25,-20,-23
47.898438,19,2179,2179,17,8,-25,-20,-23
47.902344,19,2179,2179,17,8,-25,-20,-23
47.906250,19,2179,2179,17,8,-25,-20,-23
47.910156,19,2179,2179,17,8,-25,-20,-23
47.914062,19,2179,2179,17,8,-25,-20,-23
47.917969,19,2179,2179,17,8,-25,-20,-23
47.921875,19,2179,2179,17,7,-25,-20,-23
47.925781,19,2179,2179,17,8,-25,-20,-23
47.929688,18,2179,2179,17,8,-25,-20,-23
47.933594,18,2179,2179,17,8,-25,-20,-23
47.937500,19,2179,2179,17,7,-25,-20,-23
47.941406,19,2179,2179,16,7,-25,-20,-23
47.945312,18,2179,2179,17,8,-25,-20,-23
47.949219,19,2179,2179,16,8,-25,-20,-23
47.953125,19,2179,2179,16,7,-25,-21,-23
47.957031,19,2179,2179,16,7,-25,-21,-23
47.960938,19,2179,2179,16,7,-25,-21,-23
47.964844,19,2179,2179,16,8,-25,-21,-23
47.968750,19,2179,2179,16,8,-25,-21,-23
47.972656,19,2179,2179,16,7,-25,-21,-23
47.976562,18,2179,2179,16,7,-25,-21,-23
47.980469,18,2179,2179,17,7,-25,-21,-23
47.984375,18,2179,2179,17,7,-25,-21,-23
47.988281,18,2179,2179,17,7,-25,-20,-23
47.992188,18,2179,2179,17,7,-25,-20,-23
47.996094,18,2179,2179,17,7,-25,-20,-23
48.000000,18,2179,2179,17,7,-25,-20,-23
48.003906,19,2179,2179,17,7,-25,-20,-23
48.007812,19,2179,2179,17,7,-25,-20,-23
48.011719,18,2179,2179,17,8,-25,-20,-23
48.015625,18,2179,2179,17,8,-25,-20,-23
48.019531,18,2179,2179,17,8,-25,-21,-23
48.023438,18,2179,2179,17,7,-25,-21,-23
48.027344,18,2179,2179,17,7,-25,-21,-23
48.031250,18,2179,2179,17,7,-25,-21,-23
48.035156,19,2179,2179,17,8,-25,-21,-23
48.039062,19,2179,2179,17,7,-25,-20,-23
48.042969,18,2179,2179,17,7,-25,-21,-23
48.046875,18,2179,2179,17,8,-25,-21,-23
48.050781,19,2179,2179,17,8,-25,-21,-23
48.054688,19,2179,2179,17,8,-25,-20,-23
48.058594,19,2179,2179,17,8,-25,-21,-23
48.062500,19,2179,2179,17,8,-25,-21,-23
48.066406,19,2179,2179,18,8,-25,-21,-23
48.070312,20,2179,2179,17,8,-25,-21,-23
48.074219,20,2179,2179,17,8,-25,-21,-23
48.078125,20,2179,2179,17,8,-25,-21,-23
48.082031,20,2179,2179,17,8,-25,-20,-23
48.085938,21,2179,2179,17,8,-25,-21,-23
48.089844,21,2179,2179,17,8,-25,-20,-23
48.093750,21,2179,2179,17,8,-25,-21,-23
48.097656,21,2179,2179,17,8,-25,-20,-23
48.101562,22,2179,2179,17,8,-25,-20,-23
48.105469,22,2179,2179,17,7,-25,-20,-23
48.109375,21,2179,2179,17,7,-25,-20,-23
48.113281,21,2179,2179,17,8,-25,-20,-23
48.117188,22,2179,2179,17,8,-25,-20,-23
48.121094,22,2179,2179,17,8,-25,-20,-23
48.125000,22,2179,2179,17,7,-25,-20,-23
48.128906,22,2179,2179,17,8,-25,-20,-23
48.132812,23,2179,2179,17,7,-25,-20,-23
48.136719,24,2179,2179,17,7,-25,-21,-23
48.140625,24,2179,2179,17,7,-25,-21,-23
48.144531,24,2179,2179,17,7,-25,-21,-23
48.148438,24,2179,2179,17,8,-25,-21,-23
48.152344,25,2179,2179,17,8,-25,-21,-23
48.156250,25,2179,2179,17,7,-25,-21,-23
48.160156,25,2179,2179,17,7,-25,-21,-23
48.164062,25,2179,2179,17,8,-25,-20,-23
48.167969,26,2179,2179,17,8,-25,-20,-23
48.171875,25,2179,2179,17,7,-25,-20,-23
48.175781,25,2179,2179,17,7,-25,-20,-23
48.179688,25,2179,2179,17,7,-25,-20,-23
48.183594,26,2179,2179,17,8,-25,-20,-23
48.187500,26,2179,2179,17,7,-25,-21,-23
48.191406,26,2179,2179,17,7,-25,-20,-23
48.195312,26,2179,2179,17,8,-25,-20,-23
48.199219,26,2179,2179,17,8,-25,-20,-23
48.203125,27,2179,2179,17,7,-25,-20,-23
48.207031,27,2179,2179,17,7,-25,-20,-23
48.210938,27,2179,2179,17,8,-25,-20,-23
48.214844,28,2179,2179,18,8,-25,-20,-23
48.218750,28,2179,2179,17,8,-25,-20,-23
48.222656,29,2179,2179,17,8,-25,-20,-23
48.226562,29,2179,2179,17,8,-25,-21,-23
48.230469,29,2179,2179,17,8,-25,-21,-23
48.234375,29,2179,2179,17,8,-25,-20,-23
48.238281,30,2179,2179,17,7,-25,-21,-23
48.242188,30,2179,2179,17,7,-25,-20,-23
48.246094,30,2179,2179,17,8,-25,-21,-23
48.250000,30,2179,2179,17,8,-25,-21,-23
48.253906,30,2179,2179,16,7,-25,-21,-23
48.257812,31,2179,2179,16,7,-25,-21,-23
48.261719,31,2179,2179,16,8,-25,-21,-23
48.265625,31,2179,2179,16,8,-25,-21,-23
48.269531,32,2179,2179,15,8,-25,-21,-23
48.273438,32,2179,2179,15,8,-25,-21,-23
48.277344,32,2179,2179,15,7,-25,-21,-23
48.281250,32,2179,2179,16,8,-25,-21,-23
48.285156,33,2179,2179,16,8,-25,-21,-23
48.289062,33,2179,2179,16,8,-25,-20,-23
48.292969,33,2179,2179,17,8,-25,-20,-23
48.296875,33,2179,2179,18,8,-25,-20,-23
48.300781,34,2179,2179,18,8,-25,-20,-23
48.304688,34,2179,2179,18,8,-25,-20,-22
48.308594,34,2179,2179,17,8,-25,-20,-23
48.312500,34,2179,2179,17,8,-25,-22,-23
48.316406,34,2179,2179,17,8,-25,-20,-23
48.320312,35,2179,2179,17,8,-25,-20,-23
48.324219,35,2179,2179,17,8,-25,-20,-23
48.328125,35,2179,2179,17,8,-25,-20,-23
48.332031,34,2179,2179,17,8,-25,-20,-23
48.335938,35,2179,2179,17,8,-25,-20,-23
48.339844,34,2179,2179,17,7,-25,-20,-23
48.343750,34,2179,2179,17,7,-25,-21,-23
48.347656,34,2179,2179,17,7,-25,-21,-23
48.351562,34,2179,2179,17,7,-25,-21,-23
48.355469,34,2179,2179,16,7,-25,-21,-23
48.359375,34,2179,2179,16,7,-25,-21,-23
48.363281,34,2179,2179,17,7,-25,-21,-23
48.367188,34,2179,2179,17,7,-25,-21,-23
48.371094,34,2179,2179,16,7,-25,-21,-23
48.375000,34,2179,2179,16,7,-25,-21,-23
48.378906,34,2179,2179,17,7,-25,-21,-23
48.382812,34,2179,2179,16,7,-25,-21,-23
48.386719,34,2179,2179,16,7,-25,-21,-23
48.390625,34,2179,2179,16,7,-25,-20,-23
48.394531,34,2179,2179,17,7,-25,-20,-23
48.398438,34,2179,2179,17,7,-25,-21,-23
48.402344,35,2179,2179,16,7,-25,-20,-23
48.406250,35,2179,2179,17,7,-25,-20,-23
48.410156,35,2179,2179,17,7,-25,-20,-23
48.414062,36,2179,2179,17,7,-25,-20,-23
48.417969,36,2179,2179,17,8,-25,-20,-23
48.421875,36,2179,2179,17,7,-25,-20,-23
48.425781,36,2179,2179,17,8,-25,-20,-23
48.429688,36,2179,2179,17,8,-25,-20,-23
48.433594,37,2179,2179,17,8,-25,-20,-23
48.437500,37,2179,2179,17,8,-25,-21,-23
48.441406,37,2179,2179,17,8,-25,-20,-23
48.445312,37,2179,2179,18,8,-25,-20,-23
48.449219,37,2179,2179,17,8,-25,-21,-23
48.453125,37,2179,2179,17,8,-25,-21,-23
48.457031,37,2179,2179,17,8,-25,-21,-23
48.460938,37,2179,2179,18,8,-25,-21,-23
48.464844,37,2179,2179,18,8,-25,-21,-23
48.468750,37,2179,2179,18,8,-25,-21,-23
48.472656,38,2179,2179,17,8,-25,-21,-23
48.476562,38,2179,2179,17,8,-25,-21,-23
48.480469,38,2179,2179,17,8,-25,-21,-23
48.484375,39,2179,2179,18,8,-25,-21,-23
48.488281,39,2179,2179,17,8,-25,-21,-23
48.492188,39,2179,2179,17,8,-25,-21,-23
48.496094,39,2179,2179,17,8,-25,-21,-23
48.500000,39,2179,2179,17,8,-25,-21,-23
48.503906,40,2179,2179,17,8,-25,-20,-23
48.507812,40,2179,2179,17,8,-25,-20,-23
48.511719,40,2179,2179,17,8,-25,-20,-23
48.515625,40,2179,2179,17,8,-25,-20,-23
48.519531,41,2179,2179,17,8,-25,-20,-23
48.523438,41,2179,2179,17,8,-25,-20,-23
48.527344,41,2179,2179,16,7,-25,-20,-23
48.531250,41,2179,2179,17,8,-25,-21,-23
48.535156,41,2179,2179,17,8,-25,-21,-23
48.539062,42,2179,2179,17,7,-25,-20,-23
48.542969,41,2179,2179,16,7,-25,-21,-23
48.546875,41,2179,2179,17,7,-25,-21,-23
48.550781,42,2179,2179,17,7,-25,-21,-23
48.554688,42,2179,2179,16,7,-25,-20,-23
48.558594,42,2179,2179,16,7,-25,-21,-23
48.562500,42,2179,2179,17,7,-25,-22,-23
48.566406,42,2179,2179,17,8,-25,-21,-23
48.570312,43,2179,2179,17,7,-25,-21,-23
48.574219,43,2179,2179,17,8,-25,-21,-23
48.578125,43,2179,2179,17,8,-25,-21,-23
48.582031,43,2179,2179,17,8,-25,-20,-23
48.585938,43,2179,2179,17,8,-25,-20,-23
48.589844,43,2179,2179,17,8,-25,-20,-23
48.593750,43,2179,2179,17,7,-25,-20,-23
48.597656,43,2179,2179,17,8,-25,-20,-23
48.601562,44,2179,2179,17,8,-25,-20,-23
48.605469,44,2179,2179,17,7,-25,-20,-23
48.609375,44,2179,2179,17,7,-25,-20,-23
48.613281,44,2179,2179,17,8,-25,-20,-23
48.617188,44,2179,2179,18,8,-25,-20,-23
48.621094,45,2179,2179,18,8,-25,-20,-23
48.625000,45,2179,2179,18,7,-25,-20,-23
48.628906,45,2179,2179,18,8,-25,-20,-23
48.632812,45,2179,2179,18,8,-25,-21,-23
48.636719,45,2179,2179,18,8,-25,-20,-23
48.640625,46,2179,2179,18,7,-25,-20,-23
48.644531,46,2179,2179,18,7,-25,-20,-23
48.648438,46,2179,2179,18,8,-25,-20,-23
48.652344,46,2179,2179,18,7,-25,-20,-23
48.656250,46,2179,2179,19,7,-25,-21,-23
48.660156,46,2179,2179,19,7,-25,-21,-23
48.664062,46,2179,2179,19,8,-25,-21,-23
48.667969,46,2179,2179,19,8,-25,-21,-23
48.671875,46,2179,2179,19,7,-25,-21,-23
48.675781,45,2179,2179,19,8,-25,-21,-23
48.679688,45,2179,2179,19,8,-25,-21,-23
48.683594,45,2179,2179,19,8,-25,-21,-23
48.687500,45,2179,2179,19,8,-25,-20,-23
48.691406,45,2179,2179,19,8,-25,-21,-23
48.695312,45,2179,2179,20,8,-25,-21,-23
48.699219,45,2179,2179,20,8,-25,-21,-23
48.703125,46,2179,2179,20,8,-25,-21,-23
48.707031,46,2179,2179,21,8,-25,-20,-23
48.710938,45,2179,2179,21,8,-25,-20,-23
48.714844,46,2179,2179,22,8,-25,-20,-23
48.718750,46,2179,2179,21,8,-25,-20,-23
48.722656,46,2179,2179,21,7,-25,-20,-23
48.726562,46,2179,2179,21,7,-25,-20,-23
48.730469,46,2179,2179,21,8,-25,-20,-23
48.734375,46,2179,2179,21,8,-25,-20,-23
48.738281,47,2179,2179,21,7,-25,-20,-23
48.742188,47,2179,2179,21,7,-25,-20,-23
48.746094,47,2179,2179,21,8,-25,-21,-23
48.750000,47,2179,2179,21,8,-25,-21,-23
48.753906,47,2179,2179,21,7,-25,-21,-23
48.757812,47,2179,2179,21,7,-25,-21,-23
48.761719,47,2179,2179,21,8,-25,-21,-23
48.765625,47,2179,2179,21,8,-25,-21,-23
48.769531,47,2179,2179,21,8,-25,-21,-23
48.773438,47,2179,2179,21,7,-25,-21,-23
48.777344,47,2179,2179,21,7,-25,-21,-23
48.781250,47,2179,2179,22,8,-25,-21,-23
48.785156,47,2179,2179,23,8,-25,-21,-23
48.789062,47,2179,2179,23,7,-25,-20,-23
48.792969,46,2179,2179,23,7,-25,-21,-23
48.796875,46,2179,2179,24,8,-25,-21,-23
48.800781,46,2179,2179,24,8,-25,-20,-23
48.804688,46,2179,2179,24,8,-25,-20,-22
48.808594,47,2179,2179,25,7,-25,-20,-23
48.812500,46,2179,2179,26,8,-25,-20,-23
48.816406,47,2179,2179,26,8,-25,-20,-23
48.820312,47,2179,2179,27,8,-25,-20,-23
48.824219,47,2179,2179,28,8,-25,-20,-23
48.828125,47,2179,2179,29,8,-25,-20,-23
48.832031,47,2179,2179,29,8,-25,-20,-23
48.835938,47,2179,2179,30,8,-25,-20,-23
48.839844,47,2179,2179,31,7,-25,-20,-23
48.843750,47,2179,2179,31,8,-25,-20,-23
48.847656,48,2179,2179,32,8,-25,-20,-23
48.851562,48,2179,2179,33,8,-25,-21,-23
48.855469,48,2179,2179,34,8,-25,-20,-23
48.859375,48,2179,2179,35,8,-25,-20,-23
48.863281,48,2179,2179,36,8,-25,-21,-23
48.867188,48,2179,2179,38,8,-25,-20,-23
48.871094,48,2179,2179,39,8,-25,-21,-23
48.875000,48,2179,2179,40,8,-25,-21,-23
48.878906,48,2179,2179,42,8,-25,-21,-23
48.882812,48,2179,2179,43,8,-25,-21,-23
48.886719,49,2179,2179,44,8,-25,-21,-23
48.890625,49,2179,2179,45,8,-25,-21,-23
48.894531,49,2179,2179,47,8,-25,-21,-23
48.898438,49,2179,2179,48,8,-25,-20,-23
48.902344,49,2179,2179,49,8,-25,-20,-23
48.906250,49,2179,2179,51,8,-25,-20,-23
48.910156,49,2179,2179,53,7,-25,-20,-23
48.914062,48,2179,2179,55,8,-25,-20,-23
48.917969,49,2179,2179,57,8,-25,-20,-23
48.921875,49,2179,2179,58,8,-25,-20,-23
48.925781,49,2179,2179,60,7,-25,-20,-23
48.929688,49,2179,2179,61,8,-25,-21,-23
48.933594,49,2179,2179,63,8,-25,-20,-23
48.937500,49,2179,2179,65,7,-25,-20,-23
48.941406,49,2179,2179,67,7,-25,-20,-23
48.945312,49,2179,2179,70,7,-25,-20,-23
48.949219,49,2179,2179,73,7,-25,-20,-23
48.953125,50,2179,2179,75,7,-25,-20,-23
48.957031,49,2179,2179,78,7,-25,-21,-23
48.960938,49,2179,2179,80,7,-25,-21,-23
48.964844,49,2179,2179,83,7,-25,-21,-23
48.968750,49,2179,2179,85,7,-25,-21,-23
48.972656,49,2179,2179,87,7,-25,-21,-23
48.976562,48,2179,2179,89,7,-25,-21,-23
48.980469,48,2179,2179,91,7,-25,-21,-23
48.984375,48,2179,2179,94,7,-25,-20,-23
48.988281,48,2179,2179,95,7,-25,-20,-23
48.992188,47,2179,2179,97,7,-25,-21,-23
48.996094,47,2179,2179,99,7,-25,-21,-23
49.000000,46,2179,2179,101,7,-25,-21,-23
49.003906,47,2179,2179,102,7,-25,-21,-23
49.007812,46,2179,2179,103,7,-25,-21,-23
49.011719,46,2179,2179,105,8,-25,-21,-23
49.015625,46,2179,2179,108,8,-25,-20,-23
49.019531,47,2179,2179,110,8,-25,-20,-23
49.023438,47,2179,2179,113,7,-25,-20,-23
49.027344,46,2179,2179,115,8,-25,-20,-23
49.031250,46,2179,2179,118,8,-25,-20,-23
49.035156,47,2179,2179,119,8,-25,-20,-23
49.039062,47,2179,2179,119,7,-25,-20,-23
49.042969,46,2179,2179,120,8,-25,-20,-23
49.046875,46,2179,2179,120,8,-25,-21,-23
49.050781,47,2179,2179,120,8,-25,-21,-23
49.054688,47,2179,2179,120,8,-25,-21,-22
49.058594,46,2179,2179,121,7,-25,-21,-23
49.062500,46,2179,2179,123,8,-25,-21,-23
49.066406,46,2179,2179,125,8,-25,-21,-23
49.070312,46,2179,2179,126,8,-25,-21,-23
49.074219,46,2179,2179,128,8,-25,-21,-23
49.078125,46,2179,2179,129,8,-25,-21,-23
49.082031,47,2179,2179,131,8,-25,-21,-23
49.085938,47,2179,2179,132,8,-25,-20,-23
49.089844,47,2179,2179,133,8,-25,-20,-23
49.093750,47,2179,2179,134,8,-25,-20,-23
49.097656,47,2179,2179,136,8,-25,-20,-23
49.101562,46,2179,2179,138,8,-25,-20,-23
49.105469,46,2179,2179,139,7,-25,-20,-23
49.109375,46,2179,2179,140,8,-25,-20,-23
49.113281,46,2179,2179,140,8,-25,-20,-23
49.117188,46,2179,2179,141,8,-25,-20,-23
49.121094,47,2179,2179,141,7,-25,-20,-23
49.125000,47,2179,2179,141,7,-25,-20,-23
49.128906,47,2179,2179,143,8,-25,-20,-23
49.132812,47,2179,2179,144,8,-25,-20,-23
49.136719,47,2179,2179,146,7,-25,-20,-23
49.140625,48,2179,2179,147,7,-25,-20,-23
49.144531,47,2179,2179,149,7,-25,-20,-23
49.148438,47,2179,2179,151,8,-25,-20,-23
49.152344,47,2179,2179,151,8,-25,-21,-23
49.156250,47,2179,2179,152,7,-25,-21,-23
49.160156,47,2179,2179,152,7,-25,-21,-23
49.164062,47,2179,2179,153,8,-25,-21,-23
49.167969,47,2179,2179,153,8,-25,-21,-23
49.171875,47,2179,2179,153,7,-25,-21,-23
49.175781,46,2179,2179,154,7,-25,-21,-23
49.179688,46,2179,2179,154,8,-25,-21,-23
49.183594,46,2179,2179,155,8,-25,-21,-23
49.187500,46,2179,2179,155,7,-25,-20,-23
49.191406,46,2179,2179,155,7,-25,-21,-23
49.195312,45,2179,2179,156,8,-25,-20,-23
49.199219,45,2179,2179,156,8,-25,-20,-23
49.203125,45,2179,2179,157,7,-25,-20,-23
49.207031,45,2179,2179,157,7,-25,-20,-23
49.210938,44,2179,2179,158,7,-25,-20,-23
49.214844,44,2179,2179,159,8,-25,-20,-23
49.218750,45,2179,2179,159,8,-25,-20,-23
49.222656,45,2179,2179,159,7,-25,-20,-23
49.226562,44,2179,2179,160,7,-25,-20,-23
49.230469,45,2179,2179,160,8,-25,-20,-23
49.234375,45,2179,2179,161,8,-25,-20,-23
49.238281,45,2179,2179,162,7,-25,-20,-23
49.242188,45,2179,2179,162,7,-25,-20,-23
49.246094,45,2179,2179,163,8,-25,-21,-23
49.250000,45,2179,2179,164,8,-25,-20,-23
49.253906,46,2179,2179,164,7,-25,-20,-23
49.257812,46,2179,2179,164,7,-25,-21,-23
49.261719,46,2179,2179,164,8,-25,-21,-23
49.265625,46,2179,2179,163,8,-25,-21,-23
49.269531,46,2179,2179,163,8,-25,-21,-23
49.273438,46,2179,2179,163,7,-25,-20,-23
49.277344,46,2179,2179,163,7,-25,-21,-23
49.281250,46,2179,2179,165,8,-25,-21,-23
49.285156,46,2179,2179,165,8,-25,-20,-23
49.289062,46,2179,2179,166,7,-25,-21,-23
49.292969,46,2179,2179,166,8,-25,-21,-23
49.296875,46,2179,2179,167,8,-25,-21,-23
49.300781,46,2179,2179,167,8,-25,-21,-23
49.304688,46,2179,2179,167,8,-25,-20,-22
49.308594,46,2179,2179,166,7,-25,-21,-23
49.312500,45,2179,2179,167,8,-25,-20,-23
49.316406,45,2179,2179,167,8,-25,-20,-23
49.320312,45,2179,2179,168,7,-25,-20,-23
49.324219,45,2179,2179,169,7,-25,-20,-23
49.328125,45,2179,2179,170,8,-25,-20,-23
49.332031,44,2179,2179,170,8,-25,-20,-23
49.335938,45,2179,2179,171,8,-25,-20,-23
49.339844,45,2179,2179,171,7,-25,-20,-23
49.343750,45,2179,2179,172,8,-25,-20,-23
49.347656,45,2179,2179,172,8,-25,-20,-23
49.351562,45,2179,2179,172,8,-25,-20,-23
49.355469,46,2179,2179,172,7,-25,-20,-23
49.359375,45,2179,2179,172,7,-25,-20,-23
49.363281,45,2179,2179,172,7,-25,-21,-24
49.367188,45,2179,2179,172,7,-25,-21,-23
49.371094,45,2179,2179,171,7,-25,-21,-23
49.375000,45,2179,2179,171,7,-25,-21,-23
49.378906,45,2179,2179,171,7,-25,-21,-23
49.382812,45,2179,2179,172,7,-25,-21,-23
49.386719,46,2179,2179,171,7,-25,-21,-23
49.390625,46,2179,2179,172,7,-25,-21,-23
49.394531,45,2179,2179,173,7,-25,-21,-23
49.398438,45,2179,2179,173,8,-25,-21,-23
49.402344,45,2179,2179,172,8,-25,-21,-23
49.406250,44,2179,2179,173,7,-25,-21,-23
49.410156,44,2179,2179,173,7,-25,-21,-23
49.414062,43,2179,2179,174,8,-25,-20,-23
49.417969,44,2179,2179,174,8,-25,-20,-23
49.421875,44,2179,2179,173,8,-25,-20,-23
49.425781,44,2179,2179,173,8,-25,-20,-23
49.429688,44,2179,2179,174,8,-25,-20,-23
49.433594,44,2179,2179,175,8,-25,-20,-23
49.437500,45,2179,2179,175,8,-25,-20,-23
49.441406,45,2179,2179,176,8,-25,-20,-23
49.445312,44,2179,2179,177,8,-25,-20,-23
49.449219,44,2179,2179,177,8,-25,-20,-23
49.453125,44,2179,2179,177,8,-25,-20,-23
49.457031,44,2179,2179,176,8,-25,-20,-23
49.460938,44,2179,2179,177,8,-25,-20,-23
49.464844,43,2179,2179,176,8,-25,-21,-23
49.468750,44,2179,2179,176,8,-25,-21,-23
49.472656,44,2179,2179,176,8,-25,-21,-23
49.476562,43,2179,2179,176,8,-25,-21,-23
49.480469,43,2179,2179,177,8,-25,-21,-23
49.484375,43,2179,2179,177,8,-25,-21,-23
49.488281,43,2179,2179,177,8,-25,-20,-23
49.492188,43,2179,2179,177,8,-25,-21,-23
49.496094,43,2179,2179,177,8,-25,-21,-23
49.500000,42,2179,2179,177,8,-25,-21,-23
49.503906,42,2179,2179,176,8,-25,-20,-23
49.507812,42,2179,2179,176,8,-25,-20,-23
49.511719,41,2179,2179,177,8,-25,-20,-23
49.515625,41,2179,2179,177,8,-25,-20,-23
49.519531,42,2179,2179,177,8,-25,-20,-23
49.523438,42,2179,2179,177,8,-25,-20,-23
49.527344,42,2179,2179,177,8,-25,-20,-23
49.531250,42,2179,2179,178,8,-25,-20,-23
49.535156,42,2179,2179,178,8,-25,-21,-23
49.539062,42,2179,2179,178,7,-25,-20,-23
49.542969,42,2179,2179,178,7,-25,-20,-23
49.546875,42,2179,2179,179,8,-25,-21,-23
49.550781,42,2179,2179,179,7,-25,-21,-23
49.554688,42,2179,2179,179,7,-25,-21,-22
49.558594,42,2179,2179,179,7,-25,-20,-23
49.562500,41,2179,2179,179,8,-25,-21,-23
49.566406,41,2179,2179,179,8,-25,-20,-23
49.570312,41,2179,2179,179,7,-25,-21,-23
49.574219,41,2179,2179,179,8,-25,-21,-23
49.578125,41,2179,2179,180,8,-25,-21,-23
49.582031,41,2179,2179,180,8,-25,-20,-23
49.585938,41,2179,2179,180,8,-25,-21,-23
49.589844,41,2179,2179,181,7,-25,-21,-23
49.593750,40,2179,2179,181,8,-25,-20,-23
49.597656,40,2179,2179,181,8,-25,-20,-23
49.601562,40,2179,2179,181,8,-25,-20,-23
49.605469,40,2179,2179,180,8,-25,-20,-23
49.609375,39,2179,2179,180,7,-25,-20,-23
49.613281,39,2179,2179,180,8,-25,-20,-23
49.617188,39,2179,2179,180,8,-25,-20,-23
49.621094,39,2179,2179,180,7,-25,-20,-23
49.625000,39,2179,2179,180,8,-25,-20,-23
49.628906,39,2179,2179,181,8,-25,-20,-23
49.632812,39,2179,2179,181,8,-25,-20,-23
49.636719,40,2179,2179,181,8,-25,-20,-23
49.640625,40,2179,2179,181,8,-25,-20,-23
49.644531,39,2179,2179,181,7,-25,-20,-23
49.648438,39,2179,2179,181,8,-25,-20,-23
49.652344,40,2179,2179,180,8,-25,-20,-23
49.656250,40,2179,2179,181,7,-25,-20,-23
49.660156,39,2179,2179,180,7,-25,-20,-23
49.664062,40,2179,2179,181,8,-25,-20,-23
49.667969,40,2179,2179,181,8,-25,-20,-23
49.671875,40,2179,2179,181,7,-25,-20,-23
49.675781,39,2179,2179,181,8,-25,-20,-23
49.679688,39,2179,2179,181,8,-25,-20,-24
49.683594,39,2179,2179,182,8,-25,-20,-23
49.687500,39,2179,2179,181,8,-25,-21,-23
49.691406,39,2179,2179,181,8,-25,-21,-23
49.695312,38,2179,2179,181,8,-25,-21,-23
49.699219,38,2179,2179,182,8,-25,-21,-23
49.703125,38,2179,2179,182,8,-25,-21,-23
49.707031,38,2179,2179,182,8,-25,-21,-23
49.710938,38,2179,2179,182,8,-25,-21,-23
49.714844,38,2179,2179,183,8,-25,-21,-23
49.718750,38,2179,2179,183,8,-25,-20,-23
49.722656,38,2179,2179,182,8,-25,-20,-23
49.726562,38,2179,2179,182,8,-25,-20,-23
49.730469,38,2179,2179,182,8,-25,-20,-23
49.734375,38,2179,2179,182,8,-25,-20,-23
49.738281,38,2179,2179,182,8,-25,-20,-23
49.742188,38,2179,2179,182,8,-25,-20,-23
49.746094,38,2179,2179,182,8,-25,-20,-23
49.750000,38,2179,2179,182,8,-25,-20,-23
49.753906,38,2179,2179,182,8,-25,-20,-23
49.757812,38,2179,2179,182,8,-25,-20,-23
49.761719,38,2179,2179,183,8,-25,-21,-23
49.765625,38,2179,2179,183,8,-25,-21,-23
49.769531,38,2179,2179,183,8,-25,-21,-23
49.773438,38,2179,2179,183,8,-25,-21,-23
49.777344,38,2179,2179,183,7,-25,-21,-23
49.781250,38,2179,2179,183,8,-25,-21,-23
49.785156,38,2179,2179,183,8,-25,-20,-23
49.789062,38,2179,2179,183,7,-25,-20,-23
49.792969,38,2179,2179,183,7,-25,-21,-23
49.796875,37,2179,2179,183,7,-25,-20,-23
49.800781,37,2179,2179,183,8,-25,-20,-23
49.804688,37,2179,2179,182,7,-25,-20,-23
49.808594,36,2179,2179,182,7,-25,-20,-23
49.812500,36,2179,2179,182,8,-25,-21,-23
49.816406,36,2179,2179,182,8,-25,-20,-23
49.820312,36,2179,2179,182,7,-25,-21,-23
49.824219,36,2179,2179,182,7,-25,-20,-23
49.828125,36,2179,2179,183,8,-25,-20,-23
49.832031,36,2179,2179,183,8,-25,-20,-23
49.835938,36,2179,2179,183,8,-25,-20,-23
49.839844,36,2179,2179,183,8,-25,-20,-23
49.843750,35,2179,2179,183,8,-25,-20,-23
49.847656,35,2179,2179,184,8,-25,-20,-23
49.851562,35,2179,2179,184,8,-25,-20,-23
49.855469,35,2179,2179,184,8,-25,-20,-23
49.859375,34,2179,2179,184,8,-25,-20,-23
49.863281,34,2179,2179,184,8,-25,-21,-23
49.867188,34,2179,2179,184,8,-25,-21,-23
49.871094,34,2179,2179,183,8,-25,-20,-23
49.875000,34,2179,2179,183,8,-25,-20,-23
49.878906,34,2179,2179,184,8,-25,-20,-23
49.882812,33,2179,2179,184,8,-25,-20,-23
49.886719,33,2179,2179,184,8,-25,-21,-23
49.890625,33,2179,2179,184,8,-25,-21,-23
49.894531,33,2179,2179,184,8,-25,-21,-23
49.898438,33,2179,2179,184,8,-25,-21,-23
49.902344,33,2179,2179,184,8,-25,-21,-23
49.906250,32,2179,2179,183,8,-25,-20,-23
49.910156,32,2179,2179,183,8,-25,-21,-23
49.914062,32,2179,2179,183,8,-25,-21,-23
49.917969,32,2179,2179,183,8,-25,-21,-23
49.921875,32,2179,2179,183,8,-25,-20,-23
49.925781,32,2179,2179,183,8,-25,-20,-23
49.929688,33,2179,2179,183,8,-25,-20,-24
49.933594,33,2179,2179,184,8,-25,-20,-23
49.937500,34,2179,2179,184,8,-25,-20,-23
49.941406,34,2179,2179,184,7,-25,-20,-23
49.945312,34,2179,2179,184,8,-25,-20,-23
49.949219,34,2179,2179,184,8,-25,-20,-23
49.953125,34,2179,2179,184,7,-25,-20,-23
49.957031,35,2179,2179,184,7,-25,-20,-23
49.960938,34,2179,2179,184,7,-25,-20,-23
49.964844,34,2179,2179,184,8,-25,-20,-23
49.968750,35,2179,2179,184,7,-25,-20,-23
49.972656,35,2179,2179,184,7,-25,-20,-23
49.976562,34,2179,2179,183,7,-25,-21,-23
49.980469,34,2179,2179,184,7,-25,-21,-23
49.984375,35,2179,2179,184,8,-25,-21,-23
49.988281,35,2179,2179,184,7,-25,-20,-23
49.992188,35,2179,2179,184,8,-25,-21,-23
49.996094,34,2179,2179,185,8,-25,-20,-23
50.000000,34,2179,2179,185,8,-25,-20,-23
50.003906,34,2179,2179,184,8,-25,-21,-23
50.007812,34,2179,2179,184,8,-25,-20,-23
50.011719,33,2179,2179,184,8,-25,-21,-23
50.015625,33,2179,2179,184,8,-25,-21,-23
50.019531,33,2179,2179,184,7,-25,-20,-23
50.023438,33,2179,2179,184,8,-25,-20,-23
50.027344,32,2179,2179,184,8,-25,-21,-23
50.031250,32,2179,2179,184,8,-25,-20,-23
50.035156,32,2179,2179,184,8,-25,-20,-23
50.039062,33,2179,2179,184,8,-25,-20,-23
50.042969,32,2179,2179,184,8,-25,-20,-23
50.046875,32,2179,2179,185,8,-25,-20,-23
50.050781,32,2179,2179,185,8,-25,-20,-23
50.054688,32,2179,2179,185,8,-25,-20,-24
50.058594,32,2179,2179,185,8,-25,-20,-23
50.062500,32,2179,2179,186,8,-25,-20,-23
50.066406,32,2179,2179,185,8,-25,-20,-23
50.070312,32,2179,2179,185,7,-25,-21,-23
50.074219,32,2179,2179,185,7,-25,-21,-23
50.078125,32,2179,2179,185,8,-25,-20,-23
50.082031,31,2179,2179,185,8,-25,-21,-23
50.085938,32,2179,2179,184,8,-25,-21,-23
50.089844,32,2179,2179,183,8,-25,-20,-23
50.093750,31,2179,2179,183,8,-25,-21,-23
50.097656,31,2179,2179,183,8,-25,-21,-23
50.101562,32,2179,2179,184,8,-25,-21,-23
50.105469,32,2179,2179,184,8,-25,-21,-23
50.109375,32,2179,2179,184,8,-25,-21,-23
50.113281,32,2179,2179,185,8,-25,-21,-23
50.117188,32,2179,2179,186,8,-25,-21,-23
50.121094,32,2179,2179,186,7,-25,-21,-23
50.125000,32,2179,2179,186,7,-25,-21,-23
50.128906,32,2179,2179,185,8,-25,-20,-23
50.132812,32,2179,2179,185,8,-25,-21,-23
50.136719,32,2179,2179,184,7,-25,-20,-23
50.140625,32,2179,2179,184,7,-25,-20,-23
50.144531,32,2179,2179,184,7,-25,-20,-23
50.148438,32,2179,2179,185,8,-25,-20,-23
50.152344,32,2179,2179,186,7,-25,-20,-23
50.156250,32,2179,2179,185,7,-25,-20,-23
50.160156,31,2179,2179,186,7,-25,-20,-23
50.164062,32,2179,2179,186,8,-25,-20,-23
50.167969,32,2179,2179,186,7,-25,-20,-23
50.171875,32,2179,2179,186,7,-25,-20,-23
50.175781,31,2179,2179,185,7,-25,-21,-23
50.179688,31,2179,2179,185,7,-25,-21,-24
50.183594,31,2179,2179,185,8,-25,-20,-23
50.187500,31,2179,2179,185,7,-25,-20,-23
50.191406,31,2179,2179,185,7,-25,-20,-23
50.195312,31,2179,2179,185,8,-25,-21,-23
50.199219,30,2179,2179,186,8,-25,-21,-23
50.203125,31,2179,2179,186,8,-25,-21,-23
50.207031,31,2179,2179,186,8,-25,-20,-23
50.210938,30,2179,2179,186,7,-25,-21,-23
50.214844,30,2179,2179,186,8,-25,-21,-23
50.218750,30,2179,2179,186,8,-25,-21,-23
50.222656,30,2179,2179,185,8,-25,-20,-23
50.226562,30,2179,2179,185,8,-25,-21,-23
50.230469,30,2179,2179,185,8,-25,-20,-23
50.234375,30,2179,2179,186,8,-25,-20,-23
50.238281,30,2179,2179,186,7,-25,-20,-23
50.242188,31,2179,2179,186,8,-25,-20,-23
50.246094,30,2179,2179,187,8,-25,-20,-23
50.250000,30,2179,2179,187,8,-25,-20,-23
50.253906,31,2179,2179,187,8,-25,-20,-23
50.257812,30,2179,2179,187,7,-25,-20,-23
50.261719,30,2179,2179,187,8,-25,-20,-23
50.265625,30,2179,2179,187,8,-25,-20,-23
50.269531,30,2179,2179,186,7,-25,-21,-23
50.273438,30,2179,2179,185,7,-25,-21,-23
50.277344,29,2179,2179,186,7,-25,-21,-23
50.281250,29,2179,2179,185,8,-25,-20,-23
50.285156,29,2179,2179,185,8,-25,-21,-23
50.289062,29,2179,2179,185,8,-25,-21,-23
50.292969,28,2179,2179,185,8,-25,-21,-23
50.296875,27,2179,2179,185,8,-25,-21,-23
50.300781,27,2179,2179,185,8,-25,-21,-23
50.304688,27,2179,2179,185,8,-25,-21,-23
50.308594,26,2179,2179,185,8,-25,-21,-23
50.312500,25,2179,2179,183,8,-25,-21,-23
50.316406,25,2179,2179,180,8,-25,-21,-23
50.320312,24,2179,2179,173,8,-25,-21,-23
50.324219,24,2179,2179,162,8,-25,-21,-23
50.328125,23,2179,2179,149,8,-25,-21,-23
50.332031,23,2179,2179,134,8,-25,-21,-23
50.335938,23,2179,2179,118,8,-25,-20,-23
50.339844,22,2179,2179,105,8,-25,-20,-23
50.343750,22,2179,2179,96,7,-25,-20,-23
50.347656,22,2179,2179,91,8,-25,-20,-23
50.351562,22,2179,2179,87,8,-25,-20,-23
50.355469,21,2179,2179,83,8,-25,-21,-23
50.359375,21,2179,2179,78,7,-25,-20,-23
50.363281,20,2179,2179,70,8,-25,-21,-23
50.367188,20,2179,2179,60,8,-25,-21,-23
50.371094,20,2179,2179,49,7,-25,-21,-23
50.375000,20,2179,2179,39,7,-25,-21,-23
50.378906,20,2179,2179,31,7,-25,-21,-23
50.382812,20,2179,2179,27,7,-25,-21,-23
50.386719,20,2179,2179,24,7,-25,-21,-23
50.390625,20,2179,2179,24,7,-25,-21,-23
50.394531,19,2179,2179,26,7,-25,-21,-23
50.398438,19,2179,2179,26,7,-25,-21,-23
50.402344,19,2179,2179,26,8,-25,-21,-23
50.406250,18,2179,2179,24,7,-25,-21,-23
50.410156,18,2179,2179,22,7,-25,-21,-23
50.414062,18,2179,2179,21,8,-25,-21,-23
50.417969,18,2179,2179,20,8,-25,-20,-23
50.421875,18,2179,2179,19,8,-25,-21,-23
50.425781,17,2179,2179,19,8,-25,-21,-23
50.429688,17,2179,2179,19,8,-25,-21,-23
50.433594,17,2179,2179,20,8,-25,-20,-23
50.437500,17,2179,2179,20,8,-25,-20,-23
50.441406,17,2179,2179,20,7,-25,-20,-23
50.445312,17,2179,2179,20,8,-25,-20,-23
50.449219,16,2179,2179,20,8,-25,-20,-23
50.453125,17,2179,2179,19,8,-25,-20,-23
50.457031,17,2179,2179,19,8,-25,-21,-23
50.460938,16,2179,2179,19,8,-25,-21,-23
50.464844,16,2179,2179,19,8,-25,-21,-23
50.468750,17,2179,2179,19,8,-25,-21,-23
50.472656,17,2179,2179,19,8,-25,-21,-23
50.476562,17,2179,2179,19,7,-25,-20,-23
50.480469,16,2179,2179,19,8,-25,-21,-23
50.484375,16,2179,2179,19,8,-25,-21,-23
50.488281,16,2179,2179,18,8,-25,-21,-23
50.492188,17,2179,2179,18,8,-25,-21,-23
50.496094,16,2179,2179,17,8,-25,-21,-23
50.500000,16,2179,2179,17,8,-25,-21,-23
50.503906,16,2179,2179,17,8,-25,-21,-23
50.507812,16,2179,2179,17,8,-25,-21,-23
50.511719,16,2179,2179,17,8,-25,-21,-23
50.515625,15,2179,2179,17,8,-25,-21,-23
50.519531,16,2179,2179,17,7,-25,-20,-23
50.523438,15,2179,2179,17,8,-25,-21,-23
50.527344,15,2179,2179,18,7,-25,-21,-23
50.531250,15,2179,2179,17,8,-25,-20,-23
50.535156,15,2179,2179,17,8,-25,-20,-23
50.539062,16,2179,2179,17,7,-25,-20,-23
50.542969,15,2179,2179,17,7,-25,-20,-23
50.546875,15,2179,2179,17,7,-25,-20,-23
50.550781,16,2179,2179,17,7,-25,-20,-23
50.554688,16,2179,2179,17,7,-25,-20,-23
50.558594,16,2179,2179,17,7,-25,-20,-23
50.562500,15,2179,2179,17,7,-25,-20,-23
50.566406,15,2179,2179,17,8,-25,-20,-23
50.570312,15,2179,2179,17,7,-25,-20,-23
50.574219,15,2179,2179,17,7,-25,-21,-23
50.578125,15,2179,2179,17,7,-25,-20,-23
50.582031,15,2179,2179,17,7,-25,-20,-23
50.585938,15,2179,2179,17,7,-25,-20,-23
50.589844,15,2179,2179,17,7,-25,-21,-23
50.593750,15,2179,2179,17,7,-25,-21,-23
50.597656,15,2179,2179,17,8,-25,-21,-23
50.601562,15,2179,2179,17,8,-25,-21,-23
50.605469,16,2179,2179,17,7,-25,-21,-23
50.609375,15,2179,2179,17,7,-25,-21,-23
50.613281,15,2179,2179,17,8,-25,-21,-23
50.617188,16,2179,2179,17,8,-25,-21,-23
50.621094,15,2179,2179,17,7,-25,-20,-23
50.625000,15,2179,2179,17,7,-25,-20,-23
50.628906,15,2179,2179,17,8,-25,-20,-23
50.632812,15,2179,2179,17,8,-25,-20,-23
50.636719,15,2179,2179,17,8,-25,-20,-23
50.640625,15,2179,2179,17,7,-25,-20,-23
50.644531,14,2179,2179,17,7,-25,-20,-23
50.648438,14,2179,2179,17,8,-25,-20,-23
50.652344,15,2179,2179,16,8,-25,-20,-23
50.656250,15,2179,2179,16,8,-25,-20,-23
50.660156,15,2179,2179,16,8,-25,-20,-23
50.664062,15,2179,2179,17,8,-25,-20,-23
50.667969,15,2179,2179,17,8,-25,-20,-23
50.671875,15,2179,2179,17,8,-25,-21,-23
50.675781,15,2179,2179,17,8,-25,-21,-23
50.679688,15,2179,2179,17,8,-25,-21,-23
50.683594,14,2179,2179,18,8,-25,-21,-23
50.687500,14,2179,2179,17,7,-25,-20,-23
50.691406,14,2179,2179,17,7,-25,-21,-23
50.695312,14,2179,2179,17,8,-25,-21,-23
50.699219,14,2179,2179,17,8,-25,-21,-23
50.703125,14,2179,2179,17,8,-25,-21,-23
50.707031,14,2179,2179,17,8,-25,-20,-23
50.710938,13,2179,2179,17,7,-25,-21,-23
50.714844,13,2179,2179,17,8,-25,-21,-23
50.718750,13,2179,2179,17,8,-25,-20,-23
50.722656,13,2179,2179,17,8,-25,-20,-23
50.726562,13,2179,2179,17,7,-25,-21,-23
50.730469,12,2179,2179,17,8,-25,-20,-23
50.734375,12,2179,2179,17,8,-25,-20,-23
50.738281,12,2179,2179,17,8,-25,-20,-23
50.742188,12,2179,2179,17,8,-25,-20,-23
50.746094,11,2179,2179,17,8,-25,-20,-23
50.750000,12,2179,2179,17,8,-24,-20,-23
50.753906,12,2179,2179,17,8,-25,-20,-23
50.757812,12,2179,2179,17,8,-25,-20,-23
50.761719,12,2179,2179,17,8,-25,-20,-23
50.765625,12,2179,2179,17,8,-25,-20,-23
50.769531,12,2179,2179,17,7,-25,-20,-23
50.773438,12,2179,2179,17,7,-25,-20,-23
50.777344,12,2179,2179,17,7,-25,-20,-23
50.781250,12,2179,2179,17,8,-25,-20,-23
50.785156,13,2179,2179,17,8,-25,-20,-23
50.789062,13,2179,2179,17,7,-25,-20,-23
50.792969,13,2179,2179,17,7,-25,-21,-23
50.796875,13,2179,2179,17,8,-25,-21,-23
50.800781,13,2179,2179,17,7,-25,-21,-23
50.804688,13,2179,2179,16,7,-25,-21,-23
50.808594,13,2179,2179,16,7,-25,-21,-23
50.812500,13,2179,2179,17,7,-25,-21,-23
50.816406,13,2179,2179,17,7,-25,-20,-23
50.820312,13,2179,2179,16,7,-25,-20,-23
50.824219,13,2179,2179,16,7,-25,-20,-23
50.828125,13,2179,2179,17,8,-25,-20,-23
50.832031,12,2179,2179,16,8,-25,-20,-23
50.835938,13,2179,2179,16,8,-25,-20,-23
50.839844,13,2179,2179,16,7,-25,-20,-23
50.843750,12,2179,2179,16,8,-25,-20,-23
50.847656,12,2179,2179,17,8,-25,-20,-23
50.851562,12,2179,2179,17,8,-25,-20,-23
50.855469,12,2179,2179,17,8,-25,-20,-23
50.859375,12,2179,2179,17,8,-25,-20,-23
50.863281,12,2179,2179,18,8,-25,-20,-23
50.867188,12,2179,2179,18,8,-25,-20,-23
50.871094,12,2179,2179,18,8,-25,-20,-23
50.875000,12,2179,2179,17,8,-25,-20,-23
50.878906,12,2179,2179,17,8,-25,-20,-23
50.882812,12,2179,2179,17,8,-25,-20,-23
50.886719,12,2179,2179,17,8,-25,-20,-23
50.890625,12,2179,2179,17,7,-25,-20,-23
50.894531,12,2179,2179,17,7,-25,-20,-23
50.898438,11,2179,2179,17,8,-25,-20,-23
50.902344,11,2179,2179,17,8,-25,-20,-23
50.906250,11,2179,2179,17,8,-25,-20,-23
50.910156,11,2179,2179,17,7,-25,-21,-23
50.914062,11,2179,2179,17,8,-25,-21,-23
50.917969,11,2179,2179,17,8,-25,-21,-23
50.921875,11,2179,2179,16,8,-25,-21,-23
50.925781,10,2179,2179,16,8,-25,-21,-23
50.929688,10,2179,2179,16,8,-25,-21,-23
50.933594,10,2179,2179,16,8,-25,-21,-23
50.937500,10,2179,2179,16,7,-25,-20,-23
50.941406,9,2179,2179,16,8,-25,-20,-23
50.945312,9,2179,2179,17,8,-25,-20,-23
50.949219,9,2179,2179,17,8,-25,-20,-23
50.953125,10,2179,2179,17,7,-25,-20,-23
50.957031,10,2179,2179,17,7,-25,-20,-23
50.960938,10,2179,2179,17,7,-25,-20,-23
50.964844,10,2179,2179,17,7,-25,-20,-23
50.968750,11,2179,2179,17,7,-25,-21,-23
50.972656,11,2179,2179,16,7,-25,-21,-23
50.976562,10,2179,2179,16,7,-25,-21,-23
50.980469,10,2179,2179,17,7,-25,-21,-23
50.984375,11,2179,2179,17,7,-25,-21,-23
50.988281,11,2179,2179,16,7,-25,-21,-23
50.992188,12,2179,2179,16,7,-25,-20,-23
50.996094,11,2179,2179,17,7,-25,-21,-23
51.000000,11,2179,2179,17,8,-25,-20,-23
51.003906,11,2179,2179,17,8,-25,-21,-23
51.007812,11,2179,2179,17,8,-25,-21,-23
51.011719,11,2179,2179,17,8,-25,-21,-23
51.015625,11,2179,2179,17,8,-25,-21,-23
51.019531,11,2179,2179,17,7,-25,-21,-23
51.023438,11,2179,2179,17,8,-25,-20,-23
51.027344,11,2179,2179,17,8,-25,-21,-24
51.031250,11,2179,2179,17,8,-25,-21,-23
51.035156,11,2179,2179,18,8,-25,-21,-23
51.039062,11,2179,2179,17,8,-25,-20,-23
51.042969,10,2179,2179,17,8,-25,-20,-23
51.046875,11,2179,2179,17,8,-25,-20,-23
51.050781,11,2179,2179,17,8,-25,-20,-23
51.054688,11,2179,2179,17,8,-25,-20,-23
51.058594,11,2179,2179,17,8,-25,-20,-23
51.062500,11,2179,2179,18,8,-25,-20,-23
51.066406,11,2179,2179,17,8,-25,-20,-23
51.070312,12,2179,2179,17,8,-25,-20,-23
51.074219,12,2179,2179,17,8,-25,-20,-23
51.078125,12,2179,2179,17,8,-25,-20,-23
51.082031,12,2179,2179,17,8,-25,-20,-23
51.085938,12,2179,2179,17,8,-25,-20,-23
51.089844,13,2179,2179,17,7,-25,-20,-23
51.093750,12,2179,2179,17,7,-25,-20,-23
51.097656,12,2179,2179,17,7,-25,-21,-23
51.101562,12,2179,2179,17,7,-25,-20,-23
51.105469,12,2179,2179,17,7,-25,-20,-23
51.109375,12,2179,2179,17,7,-25,-21,-23
51.113281,11,2179,2179,17,8,-25,-21,-23
51.117188,12,2179,2179,17,8,-25,-20,-23
51.121094,12,2179,2179,17,7,-25,-21,-23
51.125000,11,2179,2179,17,7,-25,-21,-23
51.128906,11,2179,2179,17,8,-25,-21,-23
51.132812,11,2179,2179,17,8,-25,-21,-23
51.136719,11,2179,2179,17,7,-25,-20,-23
51.140625,11,2179,2179,17,8,-25,-21,-23
51.144531,11,2179,2179,17,6,-25,-20,-23
51.148438,11,2179,2179,17,8,-25,-21,-23
51.152344,11,2179,2179,17,8,-25,-20,-23
51.156250,11,2179,2179,17,7,-25,-20,-23
51.160156,11,2179,2179,17,7,-25,-20,-23
51.164062,11,2179,2179,17,8,-25,-20,-23
51.167969,11,2179,2179,17,8,-25,-20,-23
51.171875,11,2179,2179,17,7,-25,-20,-23
51.175781,10,2179,2179,17,7,-25,-20,-23
51.179688,11,2179,2179,17,7,-25,-20,-23
51.183594,10,2179,2179,17,8,-25,-20,-23
51.187500,11,2179,2179,16,7,-25,-20,-23
51.191406,11,2179,2179,16,7,-25,-20,-23
51.195312,11,2179,2179,17,7,-25,-20,-23
51.199219,10,2179,2179,17,7,-25,-21,-23
51.203125,10,2179,2179,17,7,-25,-21,-23
51.207031,10,2179,2179,17,7,-25,-21,-23
51.210938,10,2179,2179,17,8,-25,-21,-23
51.214844,10,2179,2179,17,8,-25,-21,-23
51.218750,10,2179,2179,17,8,-25,-21,-23
51.222656,10,2179,2179,17,8,-25,-21,-23
51.226562,10,2179,2179,17,8,-25,-21,-23
51.230469,10,2179,2179,17,8,-25,-21,-23
51.234375,10,2179,2179,17,8,-25,-21,-23
51.238281,9,2179,2179,17,7,-25,-21,-23
51.242188,10,2179,2179,17,7,-25,-21,-23
51.246094,9,2179,2179,17,8,-25,-20,-23
51.250000,9,2179,2179,17,8,-25,-20,-23
51.253906,10,2179,2179,17,7,-25,-20,-23
51.257812,10,2179,2179,17,7,-25,-20,-23
51.261719,10,2179,2179,17,8,-25,-20,-23
51.265625,10,2179,2179,18,8,-25,-20,-23
51.269531,10,2179,2179,17,7,-25,-20,-23
51.273438,10,2179,2179,17,8,-25,-20,-23
51.277344,10,2179,2179,18,8,-25,-20,-23
51.281250,10,2179,2179,18,8,-25,-20,-23
51.285156,10,2179,2179,17,8,-25,-20,-23
51.289062,11,2179,2179,17,8,-25,-20,-23
51.292969,11,2179,2179,17,8,-25,-20,-23
51.296875,11,2179,2179,17,8,-25,-21,-23
51.300781,11,2179,2179,17,8,-25,-20,-23
51.304688,11,2179,2179,17,8,-25,-20,-23
51.308594,11,2179,2179,17,8,-25,-20,-23
51.312500,11,2179,2179,17,8,-25,-21,-23
51.316406,10,2179,2179,17,8,-25,-21,-23
51.320312,10,2179,2179,17,8,-25,-20,-23
51.324219,10,2179,2179,17,8,-25,-21,-23
51.328125,9,2179,2179,18,8,-25,-21,-23
51.332031,9,2179,2179,18,8,-25,-20,-23
51.335938,10,2179,2179,17,8,-25,-20,-23
51.339844,10,2179,2179,17,8,-25,-20,-23
51.343750,10,2179,2179,17,8,-25,-20,-23
51.347656,10,2179,2179,17,8,-25,-20,-23
51.351562,10,2179,2179,17,8,-25,-20,-23
51.355469,10,2179,2179,17,7,-25,-20,-23
51.359375,9,2179,2179,17,7,-25,-20,-23
51.363281,9,2179,2179,17,8,-25,-20,-23
51.367188,10,2179,2179,17,7,-25,-20,-23
51.371094,9,2179,2179,17,7,-25,-20,-23
51.375000,9,2179,2179,17,7,-25,-20,-23
51.378906,9,2179,2179,17,7,-25,-20,-23
51.382812,9,2179,2179,17,7,-25,-21,-23
51.386719,10,2179,2179,17,7,-24,-20,-23
51.390625,10,2179,2179,16,7,-25,-21,-23
51.394531,10,2179,2179,17,6,-25,-21,-23
51.398438,10,2179,2179,17,7,-25,-21,-23
51.402344,10,2179,2179,17,7,-25,-20,-23
51.406250,10,2179,2179,17,7,-25,-20,-23
51.410156,10,2179,2179,17,7,-25,-21,-23
51.414062,11,2179,2179,17,8,-25,-21,-24
51.417969,11,2179,2179,17,8,-25,-21,-23
51.421875,11,2179,2179,17,8,-25,-21,-23
51.425781,11,2179,2179,17,8,-25,-21,-23
51.429688,11,2179,2179,17,8,-25,-21,-23
51.433594,11,2179,2179,18,8,-25,-21,-23
51.437500,11,2179,2179,17,8,-25,-20,-23
51.441406,11,2179,2179,17,8,-25,-20,-23
51.445312,11,2179,2179,17,8,-25,-20,-23
51.449219,11,2179,2179,18,8,-25,-20,-23
51.453125,12,2179,2179,17,8,-25,-20,-23
51.457031,13,2179,2179,17,8,-25,-20,-23
51.460938,13,2179,2179,17,8,-25,-20,-23
51.464844,13,2179,2179,17,8,-25,-20,-23
51.468750,14,2179,2179,17,8,-25,-20,-23
51.472656,14,2179,2179,17,8,-25,-20,-23
51.476562,14,2179,2179,17,8,-25,-21,-23
51.480469,14,2179,2179,17,8,-25,-21,-23
51.484375,14,2179,2179,17,8,-25,-21,-23
51.488281,14,2179,2179,17,8,-25,-21,-23
51.492188,15,2179,2179,17,8,-25,-20,-23
51.496094,14,2179,2179,17,8,-25,-20,-23
51.500000,15,2179,2179,17,8,-25,-21,-23
51.503906,15,2179,2179,17,8,-25,-21,-23
51.507812,15,2179,2179,17,7,-25,-21,-23
51.511719,15,2179,2179,17,8,-26,-21,-23
51.515625,15,2179,2179,17,8,-25,-21,-23
51.519531,15,2179,2179,17,7,-25,-21,-23
51.523438,15,2179,2179,17,7,-25,-21,-23
51.527344,15,2179,2179,17,7,-25,-21,-23
51.531250,15,2179,2179,17,8,-25,-21,-23
51.535156,16,2179,2179,17,7,-25,-21,-23
51.539062,16,2179,2179,16,7,-25,-21,-23
51.542969,15,2179,2179,16,7,-25,-21,-23
51.546875,15,2179,2179,17,7,-25,-21,-23
51.550781,16,2179,2179,17,7,-25,-20,-23
51.554688,16,2179,2179,17,7,-25,-20,-23
51.558594,16,2179,2179,17,7,-25,-20,-23
51.562500,15,2179,2179,17,8,-25,-20,-23
51.566406,16,2179,2179,17,8,-24,-20,-23
51.570312,16,2179,2179,17,8,-25,-20,-23
51.574219,16,2179,2179,17,8,-25,-20,-23
51.578125,16,2179,2179,17,8,-25,-20,-23
51.582031,16,2179,2179,18,8,-25,-20,-23
51.585938,16,2179,2179,17,8,-25,-20,-23
51.589844,16,2179,2179,17,7,-25,-20,-23
51.593750,16,2179,2179,17,7,-25,-20,-23
51.597656,16,2179,2179,17,8,-25,-20,-23
51.601562,16,2179,2179,17,8,-25,-20,-23
51.605469,16,2179,2179,17,7,-25,-20,-23
51.609375,15,2179,2179,17,7,-25,-21,-23
51.613281,15,2179,2179,17,8,-25,-21,-23
51.617188,16,2179,2179,17,8,-25,-20,-23
51.621094,15,2179,2179,17,7,-25,-20,-23
51.625000,15,2179,2179,17,7,-25,-20,-23
51.628906,15,2179,2179,17,8,-25,-21,-23
51.632812,15,2179,2179,17,8,-25,-21,-23
51.636719,15,2179,2179,17,8,-24,-21,-23
51.640625,15,2179,2179,17,8,-25,-21,-23
51.644531,15,2179,2179,17,8,-25,-21,-23
51.648438,15,2179,2179,17,8,-25,-20,-23
51.652344,15,2179,2179,17,8,-25,-20,-23
51.656250,15,2179,2179,17,8,-25,-20,-23
51.660156,15,2179,2179,17,8,-25,-20,-23
51.664062,15,2179,2179,17,8,-25,-20,-23
51.667969,16,2179,2179,17,8,-25,-20,-23
51.671875,16,2179,2179,17,8,-25,-20,-23
51.675781,16,2179,2179,17,8,-25,-20,-23
51.679688,16,2179,2179,17,8,-25,-20,-23
51.683594,16,2179,2179,17,8,-25,-20,-23
51.687500,17,2179,2179,17,7,-25,-20,-23
51.691406,16,2179,2179,17,7,-25,-20,-23
51.695312,16,2179,2179,17,7,-25,-20,-23
51.699219,16,2179,2179,17,7,-25,-21,-23
51.703125,16,2179,2179,17,7,-25,-20,-23
51.707031,16,2179,2179,16,7,-25,-20,-23
51.710938,16,2179,2179,17,7,-25,-20,-23
51.714844,16,2179,2179,17,8,-25,-20,-23
51.718750,17,2179,2179,17,8,-25,-20,-23
51.722656,16,2179,2179,17,8,-25,-20,-23
51.726562,16,2179,2179,17,8,-25,-20,-23
51.730469,16,2179,2179,17,8,-25,-20,-23
51.734375,16,2179,2179,17,8,-25,-21,-23
51.738281,16,2179,2179,17,7,-25,-21,-23
51.742188,17,2179,2179,17,8,-25,-20,-23
51.746094,17,2179,2179,17,8,-25,-21,-23
51.750000,17,2179,2179,17,8,-25,-21,-23
51.753906,17,2179,2179,17,8,-25,-20,-23
51.757812,17,2179,2179,17,8,-25,-20,-23
51.761719,18,2179,2179,17,8,-26,-20,-23
51.765625,18,2179,2179,17,8,-25,-20,-23
51.769531,18,2179,2179,17,8,-25,-20,-23
51.773438,18,2179,2179,17,8,-25,-20,-23
51.777344,18,2179,2179,17,8,-25,-20,-23
51.781250,18,2179,2179,17,8,-25,-20,-23
51.785156,19,2179,2179,17,8,-25,-21,-23
51.789062,19,2179,2179,17,7,-25,-21,-23
51.792969,18,2179,2179,17,7,-25,-21,-23
51.796875,19,2179,2179,17,7,-25,-21,-23
51.800781,20,2179,2179,17,7,-25,-21,-23
51.804688,20,2179,2179,17,7,-25,-21,-23
51.808594,20,2179,2179,16,7,-25,-21,-23
51.812500,19,2179,2179,17,7,-25,-21,-23
51.816406,19,2179,2179,17,7,-25,-21,-23
51.820312,20,2179,2179,17,7,-25,-21,-23
51.824219,19,2179,2179,17,7,-25,-21,-23
51.828125,19,2179,2179,17,8,-25,-21,-23
51.832031,19,2179,2179,17,8,-25,-21,-23
51.835938,20,2179,2179,17,8,-25,-21,-23
51.839844,20,2179,2179,17,8,-25,-20,-23
51.843750,20,2179,2179,17,8,-25,-20,-23
51.847656,21,2179,2179,18,8,-25,-20,-23
51.851562,21,2179,2179,18,8,-25,-20,-23
51.855469,21,2179,2179,17,8,-25,-20,-23
51.859375,21,2179,2179,17,8,-25,-20,-23
51.863281,21,2179,2179,18,8,-25,-20,-23
51.867188,21,2179,2179,18,8,-25,-20,-23
51.871094,21,2179,2179,17,8,-25,-20,-23
51.875000,21,2179,2179,17,8,-25,-20,-23
51.878906,21,2179,2179,18,8,-25,-20,-23
51.882812,22,2179,2179,18,8,-25,-20,-23
51.886719,22,2179,2179,17,8,-23,-20,-23
51.890625,23,2179,2179,17,8,-25,-20,-23
51.894531,23,2179,2179,18,9,-25,-20,-23
51.898438,23,2179,2179,18,8,-25,-20,-23
51.902344,23,2179,2179,17,8,-25,-20,-23
51.906250,24,2179,2179,17,8,-25,-20,-23
51.910156,23,2179,2179,17,8,-25,-20,-23
51.914062,23,2179,2179,18,8,-25,-20,-23
51.917969,24,2179,2179,17,8,-25,-20,-23
51.921875,24,2179,2179,17,8,-25,-20,-23
51.925781,24,2179,2179,17,8,-25,-21,-23
51.929688,24,2179,2179,17,8,-25,-21,-23
51.933594,24,2179,2179,17,8,-25,-21,-23
51.937500,25,2179,2179,17,7,-25,-21,-23
51.941406,24,2179,2179,17,7,-25,-21,-23
51.945312,24,2179,2179,17,8,-25,-20,-23
51.949219,24,2179,2179,17,8,-25,-21,-23
51.953125,24,2179,2179,17,7,-25,-20,-23
51.957031,24,2179,2179,17,7,-25,-20,-23
51.960938,23,2179,2179,17,7,-25,-20,-23
51.964844,23,2179,2179,17,8,-25,-20,-23
51.968750,23,2179,2179,17,7,-25,-20,-23
51.972656,23,2179,2179,17,7,-25,-20,-23
51.976562,23,2179,2179,17,7,-25,-20,-23
51.980469,23,2179,2179,17,7,-25,-20,-23
51.984375,23,2179,2179,17,7,-25,-20,-23
51.988281,23,2179,2179,17,7,-25,-20,-23
51.992188,23,2179,2179,17,7,-25,-20,-23
51.996094,23,2179,2179,17,7,-25,-20,-23
52.000000,24,2179,2179,17,7,-25,-20,-23
52.003906,24,2179,2179,16,7,-25,-20,-23
52.007812,24,2179,2179,16,7,-25,-21,-23
52.011719,23,2179,2179,17,8,-26,-20,-23
52.015625,23,2179,2179,17,8,-25,-20,-23
52.019531,24,2179,2179,17,9,-25,-20,-23
52.023438,23,2179,2179,17,7,-25,-20,-23
52.027344,23,2179,2179,17,8,-25,-21,-23
52.031250,23,2179,2179,17,8,-25,-20,-23
52.035156,23,2179,2179,17,8,-25,-20,-23
52.039062,23,2179,2179,17,8,-25,-20,-23
52.042969,23,2179,2179,17,8,-25,-20,-23
52.046875,23,2179,2179,18,8,-25,-21,-23
52.050781,23,2179,2179,18,8,-25,-20,-23
52.054688,23,2179,2179,17,8,-25,-20,-23
52.058594,23,2179,2179,17,8,-25,-20,-23
52.062500,22,2179,2179,18,8,-25,-20,-23
52.066406,22,2179,2179,18,8,-25,-20,-23
52.070312,22,2179,2179,17,8,-25,-20,-23
52.074219,22,2179,2179,17,8,-25,-20,-23
52.078125,21,2179,2179,17,8,-25,-20,-23
52.082031,21,2179,2179,18,8,-25,-20,-23
52.085938,22,2179,2179,17,8,-25,-20,-23
52.089844,22,2179,2179,17,7,-25,-20,-23
52.093750,21,2179,2179,17,7,-25,-20,-23
52.097656,21,2179,2179,17,8,-25,-20,-23
52.101562,22,2179,2179,17,8,-25,-20,-23
52.105469,22,2179,2179,17,7,-25,-20,-23
52.109375,22,2179,2179,17,7,-25,-20,-23
52.113281,21,2179,2179,17,8,-25,-20,-23
52.117188,21,2179,2179,17,7,-25,-20,-23
52.121094,22,2179,2179,17,7,-25,-20,-23
52.125000,22,2179,2179,16,7,-25,-20,-23
52.128906,21,2179,2179,16,8,-25,-21,-23
52.132812,22,2179,2179,16,8,-25,-21,-23
52.136719,22,2179,2179,15,8,-23,-21,-23
52.140625,22,2179,2179,15,8,-25,-21,-23
52.144531,22,2179,2179,16,9,-25,-21,-23
52.148438,22,2179,2179,16,8,-25,-21,-23
52.152344,22,2179,2179,16,8,-25,-21,-23
52.156250,22,2179,2179,16,8,-25,-21,-23
52.160156,22,2179,2179,17,7,-25,-20,-23
52.164062,22,2179,2179,17,8,-25,-20,-23
52.167969,23,2179,2179,17,8,-25,-20,-23
52.171875,23,2179,2179,17,7,-25,-20,-23
52.175781,24,2179,2179,17,7,-25,-20,-23
52.179688,24,2179,2179,17,7,-25,-20,-23
52.183594,25,2179,2179,17,8,-25,-20,-23
52.187500,25,2179,2179,16,7,-25,-20,-23
52.191406,26,2179,2179,16,7,-25,-20,-23
52.195312,26,2179,2179,17,8,-25,-20,-23
52.199219,26,2179,2179,17,8,-25,-20,-23
52.203125,27,2179,2179,17,7,-25,-20,-23
52.207031,27,2179,2179,17,7,-25,-21,-23
52.210938,27,2179,2179,17,7,-25,-21,-23
52.214844,28,2179,2179,17,8,-25,-21,-23
52.218750,28,2179,2179,17,7,-25,-21,-23
52.222656,29,2179,2179,17,7,-25,-21,-23
52.226562,29,2179,2179,16,7,-25,-21,-23
52.230469,29,2179,2179,17,8,-25,-21,-23
52.234375,30,2179,2179,16,8,-25,-21,-23
52.238281,30,2179,2179,16,8,-25,-21,-23
52.242188,30,2179,2179,16,8,-25,-21,-23
52.246094,30,2179,2179,16,8,-25,-21,-23
52.250000,31,2179,2179,17,8,-25,-21,-23
52.253906,31,2179,2179,17,8,-25,-21,-23
52.257812,31,2179,2179,17,8,-25,-20,-23
52.261719,31,2179,2179,18,8,-27,-20,-23
52.265625,32,2179,2179,18,8,-25,-20,-23
52.269531,32,2179,2179,17,8,-25,-20,-23
52.273438,33,2179,2179,17,8,-25,-20,-23
52.277344,33,2179,2179,17,8,-25,-20,-23
52.281250,34,2179,2179,16,8,-25,-20,-23
52.285156,34,2179,2179,16,8,-25,-20,-23
52.289062,35,2179,2179,15,8,-25,-20,-23
52.292969,35,2179,2179,15,8,-25,-20,-23
52.296875,35,2179,2179,16,8,-25,-20,-23
52.300781,36,2179,2179,16,8,-25,-20,-23
52.304688,36,2179,2179,16,7,-25,-20,-23
52.308594,36,2179,2179,17,7,-25,-20,-23
52.312500,36,2179,2179,18,8,-25,-21,-23
52.316406,36,2179,2179,17,8,-25,-21,-23
52.320312,37,2179,2179,17,7,-25,-21,-23
52.324219,37,2179,2179,17,7,-25,-20,-23
52.328125,36,2179,2179,17,8,-25,-20,-23
52.332031,36,2179,2179,17,8,-25,-21,-23
52.335938,36,2179,2179,17,8,-25,-21,-23
52.339844,36,2179,2179,17,8,-25,-20,-23
52.343750,36,2179,2179,17,8,-25,-21,-23
52.347656,36,2179,2179,17,8,-25,-21,-23
52.351562,36,2179,2179,17,8,-25,-21,-23
52.355469,36,2179,2179,17,7,-25,-21,-23
52.359375,36,2179,2179,17,7,-25,-20,-23
52.363281,35,2179,2179,17,7,-25,-20,-23
52.367188,35,2179,2179,17,7,-25,-21,-23
52.371094,36,2179,2179,16,7,-25,-20,-23
52.375000,35,2179,2179,16,7,-25,-20,-23
52.378906,35,2179,2179,17,7,-25,-20,-23
52.382812,35,2179,2179,17,8,-25,-21,-23
52.386719,35,2179,2179,17,7,-21,-21,-23
52.390625,35,2179,2179,17,7,-25,-20,-23
52.394531,35,2179,2179,17,7,-25,-21,-23
52.398438,35,2179,2179,17,7,-25,-21,-23
52.402344,35,2179,2179,17,8,-25,-20,-23
52.406250,35,2179,2179,17,7,-25,-20,-23
52.410156,35,2179,2179,17,7,-25,-20,-23
52.414062,35,2179,2179,17,8,-25,-20,-23
52.417969,36,2179,2179,17,8,-25,-20,-23
52.421875,36,2179,2179,17,8,-25,-20,-23
52.425781,36,2179,2179,17,7,-25,-20,-23
52.429688,36,2179,2179,17,8,-25,-20,-23
52.433594,36,2179,2179,17,8,-25,-20,-23
52.437500,36,2179,2179,17,8,-25,-20,-23
52.441406,37,2179,2179,17,8,-25,-20,-23
52.445312,37,2179,2179,17,8,-25,-20,-23
52.449219,37,2179,2179,17,8,-25,-20,-23
52.453125,38,2179,2179,17,8,-25,-20,-23
52.457031,38,2179,2179,17,8,-25,-20,-23
52.460938,37,2179,2179,17,8,-25,-20,-23
52.464844,38,2179,2179,17,8,-25,-21,-23
52.468750,38,2179,2179,17,8,-25,-21,-23
52.472656,39,2179,2179,17,8,-25,-20,-23
52.476562,39,2179,2179,17,8,-25,-20,-23
52.480469,39,2179,2179,17,8,-25,-20,-23
52.484375,40,2179,2179,17,8,-25,-20,-23
52.488281,40,2179,2179,17,8,-25,-20,-23
52.492188,40,2179,2179,17,8,-25,-20,-23
52.496094,40,2179,2179,18,8,-25,-20,-23
52.500000,40,2179,2179,17,8,-25,-20,-23
52.503906,40,2179,2179,17,8,-25,-20,-23
52.507812,40,2179,2179,17,8,-25,-20,-23
52.511719,40,2179,2179,17,8,-28,-20,-23
52.515625,41,2179,2179,17,8,-25,-20,-23
52.519531,41,2179,2179,17,7,-25,-20,-23
52.523438,41,2179,2179,17,7,-25,-20,-23
52.527344,41,2179,2179,17,7,-25,-21,-23
52.531250,41,2179,2179,17,8,-25,-21,-23
52.535156,41,2179,2179,17,8,-25,-21,-23
52.539062,41,2179,2179,17,7,-25,-21,-23
52.542969,41,2179,2179,17,7,-25,-21,-23
52.546875,41,2179,2179,17,8,-25,-21,-23
52.550781,41,2179,2179,17,7,-25,-21,-23
52.554688,41,2179,2179,17,7,-25,-21,-23
52.558594,41,2179,2179,17,7,-25,-21,-23
52.562500,40,2179,2179,18,7,-25,-21,-23
52.566406,40,2179,2179,18,7,-25,-20,-23
52.570312,41,2179,2179,18,7,-25,-20,-23
52.574219,41,2179,2179,18,7,-25,-20,-23
52.578125,41,2179,2179,19,7,-25,-20,-23
52.582031,41,2179,2179,19,8,-24,-20,-23
52.585938,42,2179,2179,19,8,-25,-20,-23
52.589844,42,2179,2179,19,7,-25,-20,-23
52.593750,42,2179,2179,19,7,-25,-20,-23
52.597656,42,2179,2179,19,8,-25,-20,-23
52.601562,42,2179,2179,19,8,-25,-20,-23
52.605469,43,2179,2179,19,7,-25,-20,-23
52.609375,42,2179,2179,19,7,-25,-20,-23
52.613281,43,2179,2179,19,8,-25,-20,-23
52.617188,44,2179,2179,19,8,-25,-20,-23
52.621094,44,2179,2179,19,7,-25,-20,-23
52.625000,44,2179,2179,19,7,-25,-20,-23
52.628906,44,2179,2179,19,8,-25,-20,-23
52.632812,44,2179,2179,19,8,-25,-21,-23
52.636719,45,2179,2179,19,7,-20,-21,-23
52.640625,45,2179,2179,19,8,-25,-21,-23
52.644531,45,2179,2179,20,8,-25,-21,-23
52.648438,45,2179,2179,20,8,-25,-21,-23
52.652344,45,2179,2179,21,8,-25,-21,-23
52.656250,45,2179,2179,21,8,-25,-21,-23
52.660156,45,2179,2179,21,8,-25,-21,-23
52.664062,45,2179,2179,22,8,-25,-20,-23
52.667969,46,2179,2179,22,8,-25,-20,-23
52.671875,46,2179,2179,21,8,-25,-20,-23
52.675781,46,2179,2179,21,8,-25,-20,-23
52.679688,46,2179,2179,21,8,-25,-20,-23
52.683594,47,2179,2179,21,8,-25,-20,-23
52.687500,47,2179,2179,21,8,-25,-20,-23
52.691406,47,2179,2179,21,8,-25,-20,-23
52.695312,47,2179,2179,22,8,-25,-20,-23
52.699219,47,2179,2179,22,8,-25,-21,-23
52.703125,48,2179,2179,22,8,-25,-20,-23
52.707031,48,2179,2179,22,7,-25,-20,-23
52.710938,48,2179,2179,23,7,-25,-20,-23
52.714844,48,2179,2179,23,7,-25,-21,-23
52.718750,49,2179,2179,23,7,-25,-20,-23
52.722656,49,2179,2179,23,7,-25,-20,-23
52.726562,48,2179,2179,23,7,-25,-21,-23
52.730469,48,2179,2179,23,8,-25,-21,-23
52.734375,48,2179,2179,24,8,-25,-21,-23
52.738281,48,2179,2179,24,7,-25,-21,-23
52.742188,48,2179,2179,24,7,-25,-21,-23
52.746094,48,2179,2179,25,8,-25,-21,-23
52.750000,48,2179,2179,26,8,-25,-21,-23
52.753906,49,2179,2179,27,8,-25,-20,-23
52.757812,49,2179,2179,27,7,-25,-21,-23
52.761719,49,2179,2179,28,8,-30,-21,-23
52.765625,49,2179,2179,29,8,-25,-20,-23
52.769531,49,2179,2179,29,7,-25,-20,-23
52.773438,49,2179,2179,31,7,-25,-20,-23
52.777344,48,2179,2179,32,7,-25,-20,-23
52.781250,48,2179,2179,34,8,-25,-20,-23
52.785156,49,2179,2179,36,8,-25,-20,-23
52.789062,49,2179,2179,37,7,-25,-20,-23
52.792969,49,2179,2179,39,7,-25,-20,-23
52.796875,49,2179,2179,40,8,-25,-20,-23
52.800781,49,2179,2179,42,8,-25,-20,-23
52.804688,50,2179,2179,42,7,-25,-20,-23
52.808594,50,2179,2179,44,7,-25,-20,-23
52.812500,49,2179,2179,45,8,-25,-20,-23
52.816406,49,2179,2179,47,7,-25,-20,-23
52.820312,49,2179,2179,48,7,-25,-21,-23
52.824219,49,2179,2179,50,7,-25,-21,-23
52.828125,48,2179,2179,52,7,-25,-21,-23
52.832031,48,2179,2179,54,7,-25,-21,-23
52.835938,49,2179,2179,56,7,-25,-21,-23
52.839844,48,2179,2179,58,7,-25,-20,-23
52.843750,48,2179,2179,61,7,-25,-20,-23
52.847656,48,2179,2179,64,8,-25,-21,-23
52.851562,48,2179,2179,67,8,-25,-20,-23
52.855469,48,2179,2179,69,8,-25,-20,-23
52.859375,47,2179,2179,71,8,-25,-20,-23
52.863281,47,2179,2179,74,8,-25,-20,-23
52.867188,47,2179,2179,75,8,-25,-20,-23
52.871094,47,2179,2179,77,8,-25,-20,-23
52.875000,47,2179,2179,78,8,-25,-20,-23
52.878906,47,2179,2179,81,8,-25,-20,-23
52.882812,47,2179,2179,83,9,-25,-20,-23
52.886719,47,2179,2179,86,8,-19,-20,-23
52.890625,47,2179,2179,89,8,-25,-20,-23
52.894531,47,2179,2179,92,9,-25,-20,-23
52.898438,47,2179,2179,95,8,-25,-20,-23
52.902344,48,2179,2179,97,8,-25,-20,-23
52.906250,48,2179,2179,99,8,-25,-20,-23
52.910156,47,2179,2179,100,8,-25,-20,-23
52.914062,47,2179,2179,101,8,-25,-20,-23
52.917969,48,2179,2179,102,8,-25,-20,-23
52.921875,48,2179,2179,103,7,-25,-20,-23
52.925781,47,2179,2179,106,7,-25,-20,-23
52.929688,47,2179,2179,109,8,-25,-20,-23
52.933594,47,2179,2179,113,8,-25,-20,-23
52.937500,47,2179,2179,115,8,-25,-20,-23
52.941406,47,2179,2179,118,8,-25,-21,-23
52.945312,46,2179,2179,120,8,-25,-21,-23
52.949219,46,2179,2179,121,8,-25,-21,-23
52.953125,46,2179,2179,122,7,-25,-21,-23
52.957031,46,2179,2179,123,7,-25,-21,-23
52.960938,46,2179,2179,126,7,-25,-21,-23
52.964844,46,2179,2179,128,8,-25,-21,-23
52.968750,46,2179,2179,129,7,-25,-21,-23
52.972656,46,2179,2179,131,7,-25,-21,-23
52.976562,46,2179,2179,132,7,-25,-21,-23
52.980469,46,2179,2179,133,8,-25,-20,-23
52.984375,46,2179,2179,133,7,-25,-20,-23
52.988281,46,2179,2179,133,7,-25,-20,-23
52.992188,46,2179,2179,133,7,-25,-20,-23
52.996094,46,2179,2179,134,7,-25,-20,-23
53.000000,47,2179,2179,136,8,-25,-20,-23
53.003906,47,2179,2179,138,7,-25,-20,-23
53.007812,47,2179,2179,140,7,-25,-20,-23
53.011719,47,2179,2179,144,8,-31,-20,-23
53.015625,47,2179,2179,146,8,-25,-20,-23
53.019531,47,2179,2179,148,8,-25,-20,-23
53.023438,47,2179,2179,149,8,-25,-20,-23
53.027344,46,2179,2179,150,8,-25,-20,-23
53.031250,46,2179,2179,150,8,-25,-21,-23
53.035156,47,2179,2179,150,8,-25,-20,-23
53.039062,47,2179,2179,150,8,-25,-20,-23
53.042969,47,2179,2179,150,8,-25,-20,-23
53.046875,47,2179,2179,152,8,-25,-21,-23
53.050781,47,2179,2179,153,8,-25,-20,-23
53.054688,47,2179,2179,155,8,-25,-20,-23
53.058594,46,2179,2179,156,8,-25,-20,-23
53.062500,46,2179,2179,158,8,-25,-21,-23
53.066406,46,2179,2179,159,8,-25,-20,-23
53.070312,46,2179,2179,159,8,-25,-21,-23
53.074219,45,2179,2179,159,8,-25,-20,-23
53.078125,45,2179,2179,160,8,-25,-20,-23
53.082031,45,2179,2179,160,8,-25,-21,-23
53.085938,46,2179,2179,160,8,-25,-21,-23
53.089844,45,2179,2179,160,8,-25,-20,-23
53.093750,45,2179,2179,161,8,-25,-20,-23
53.097656,45,2179,2179,161,8,-25,-20,-23
53.101562,45,2179,2179,162,8,-25,-20,-23
53.105469,45,2179,2179,162,7,-25,-20,-23
53.109375,45,2179,2179,162,8,-25,-20,-23
53.113281,45,2179,2179,163,8,-25,-20,-23
53.117188,45,2179,2179,164,8,-25,-20,-23
53.121094,45,2179,2179,164,7,-25,-20,-23
53.125000,46,2179,2179,165,7,-25,-20,-23
53.128906,45,2179,2179,166,8,-25,-20,-23
53.132812,45,2179,2179,167,8,-25,-20,-23
53.136719,45,2179,2179,168,7,-18,-20,-23
53.140625,45,2179,2179,168,7,-25,-21,-23
53.144531,45,2179,2179,169,8,-25,-20,-23
53.148438,45,2179,2179,169,8,-25,-21,-23
53.152344,45,2179,2179,169,8,-25,-21,-23
53.156250,45,2179,2179,169,7,-25,-21,-23
53.160156,45,2179,2179,170,8,-25,-21,-23
53.164062,45,2179,2179,170,8,-25,-21,-23
53.167969,45,2179,2179,171,8,-25,-21,-23
53.171875,45,2179,2179,171,7,-25,-21,-23
53.175781,44,2179,2179,172,7,-25,-20,-23
53.179688,44,2179,2179,173,8,-25,-20,-23
53.183594,44,2179,2179,173,8,-25,-20,-23
53.187500,44,2179,2179,173,7,-25,-20,-23
53.191406,44,2179,2179,173,7,-25,-20,-23
53.195312,44,2179,2179,174,7,-25,-20,-23
53.199219,44,2179,2179,174,8,-25,-20,-23
53.203125,44,2179,2179,175,7,-25,-20,-23
53.207031,44,2179,2179,175,7,-25,-20,-23
53.210938,44,2179,2179,176,7,-25,-20,-23
53.214844,44,2179,2179,176,8,-25,-20,-23
53.218750,44,2179,2179,177,8,-25,-20,-23
53.222656,44,2179,2179,177,7,-25,-20,-23
53.226562,44,2179,2179,177,7,-25,-20,-23
53.230469,44,2179,2179,177,8,-25,-21,-23
53.234375,44,2179,2179,177,8,-25,-20,-23
53.238281,43,2179,2179,177,7,-25,-20,-23
53.242188,43,2179,2179,177,8,-25,-20,-23
53.246094,43,2179,2179,177,8,-25,-20,-23
53.250000,43,2179,2179,177,8,-25,-20,-23
53.253906,43,2179,2179,177,8,-25,-20,-23
53.257812,42,2179,2179,177,8,-25,-20,-23
53.261719,42,2179,2179,177,8,-33,-20,-23
53.265625,42,2179,2179,177,8,-25,-21,-23
53.269531,42,2179,2179,178,8,-25,-21,-23
53.273438,41,2179,2179,178,8,-25,-20,-23
53.277344,41,2179,2179,179,8,-25,-20,-23
53.281250,41,2179,2179,179,8,-25,-20,-23
53.285156,41,2179,2179,180,8,-25,-20,-23
53.289062,41,2179,2179,180,8,-25,-20,-23
53.292969,41,2179,2179,181,8,-25,-20,-23
53.296875,41,2179,2179,181,8,-25,-20,-23
53.300781,41,2179,2179,182,8,-25,-20,-23
53.304688,41,2179,2179,181,8,-25,-20,-23
53.308594,41,2179,2179,181,8,-25,-20,-23
53.312500,41,2179,2179,181,8,-25,-20,-23
53.316406,41,2179,2179,181,8,-25,-20,-23
53.320312,41,2179,2179,181,8,-25,-20,-23
53.324219,41,2179,2179,181,8,-25,-20,-23
53.328125,42,2179,2179,181,8,-25,-20,-23
53.332031,42,2179,2179,181,8,-25,-20,-23
53.335938,42,2179,2179,181,8,-25,-20,-23
53.339844,42,2179,2179,181,7,-25,-20,-23
53.343750,42,2179,2179,181,8,-25,-20,-23
53.347656,42,2179,2179,181,8,-25,-21,-23
53.351562,42,2179,2179,182,8,-25,-21,-23
53.355469,42,2179,2179,182,7,-25,-20,-23
53.359375,42,2179,2179,182,7,-25,-21,-23
53.363281,41,2179,2179,183,7,-25,-21,-23
53.367188,42,2179,2179,183,7,-25,-21,-23
53.371094,41,2179,2179,183,7,-25,-21,-23
53.375000,41,2179,2179,183,7,-25,-21,-23
53.378906,41,2179,2179,183,7,-25,-20,-23
53.382812,41,2179,2179,183,7,-25,-21,-23
53.386719,41,2179,2179,183,7,-20,-21,-23
53.390625,41,2179,2179,184,7,-25,-21,-23
53.394531,40,2179,2179,184,7,-25,-20,-23
53.398438,40,2179,2179,185,7,-25,-20,-23
53.402344,40,2179,2179,185,7,-25,-20,-23
53.406250,40,2179,2179,185,7,-25,-20,-23
53.410156,40,2179,2179,185,7,-25,-20,-23
53.414062,40,2179,2179,184,8,-25,-20,-23
53.417969,40,2179,2179,184,8,-25,-20,-23
53.421875,40,2179,2179,184,8,-25,-20,-23
53.425781,39,2179,2179,183,8,-25,-20,-23
53.429688,39,2179,2179,184,8,-25,-21,-23
53.433594,39,2179,2179,184,8,-25,-20,-23
53.437500,40,2179,2179,184,8,-25,-20,-23
53.441406,40,2179,2179,185,8,-25,-21,-23
53.445312,40,2179,2179,185,8,-25,-21,-23
53.449219,40,2179,2179,186,8,-25,-21,-23
53.453125,40,2179,2179,186,8,-25,-21,-23
53.457031,40,2179,2179,186,8,-25,-21,-23
53.460938,39,2179,2179,187,8,-25,-21,-23
53.464844,39,2179,2179,187,8,-25,-21,-23
53.468750,39,2179,2179,187,8,-25,-21,-23
53.472656,39,2179,2179,187,8,-25,-21,-23
53.476562,38,2179,2179,187,8,-25,-21,-23
53.480469,38,2179,2179,187,8,-25,-21,-23
53.484375,38,2179,2179,187,8,-25,-21,-23
53.488281,38,2179,2179,186,8,-25,-20,-23
53.492188,38,2179,2179,186,8,-25,-20,-23
53.496094,38,2179,2179,186,8,-25,-20,-23
53.500000,39,2179,2179,186,8,-25,-20,-23
53.503906,39,2179,2179,186,8,-25,-20,-23
53.507812,39,2179,2179,186,8,-25,-20,-23
53.511719,38,2179,2179,187,8,-32,-20,-23
53.515625,39,2179,2179,187,8,-25,-20,-23
53.519531,39,2179,2179,187,8,-25,-20,-23
53.523438,39,2179,2179,187,8,-25,-20,-23
53.527344,39,2179,2179,187,7,-25,-20,-23
53.531250,39,2179,2179,187,8,-25,-20,-23
53.535156,39,2179,2179,187,8,-25,-20,-23
53.539062,39,2179,2179,187,7,-25,-20,-23
53.542969,39,2179,2179,187,7,-25,-21,-23
53.546875,39,2179,2179,187,7,-25,-21,-23
53.550781,39,2179,2179,187,8,-25,-21,-23
53.554688,39,2179,2179,187,7,-25,-21,-23
53.558594,39,2179,2179,187,7,-25,-21,-23
53.562500,38,2179,2179,187,8,-25,-21,-23
53.566406,38,2179,2179,187,8,-25,-21,-23
53.570312,38,2179,2179,187,7,-25,-21,-23
53.574219,38,2179,2179,187,8,-25,-21,-23
53.578125,38,2179,2179,187,8,-25,-21,-23
53.582031,37,2179,2179,188,8,-25,-20,-23
53.585938,38,2179,2179,188,8,-25,-21,-23
53.589844,37,2179,2179,188,8,-25,-20,-23
53.593750,37,2179,2179,189,8,-25,-20,-23
53.597656,37,2179,2179,189,8,-25,-20,-23
53.601562,37,2179,2179,190,8,-25,-20,-23
53.605469,38,2179,2179,189,7,-25,-20,-23
53.609375,37,2179,2179,189,8,-25,-20,-23
53.613281,37,2179,2179,189,8,-25,-20,-23
53.617188,38,2179,2179,189,8,-25,-20,-23
53.621094,38,2179,2179,189,8,-25,-20,-23
53.625000,38,2179,2179,189,7,-25,-20,-23
53.628906,38,2179,2179,189,8,-25,-20,-23
53.632812,38,2179,2179,189,8,-25,-20,-23
53.636719,38,2179,2179,189,7,-23,-20,-23
53.640625,38,2179,2179,189,7,-25,-20,-23
53.644531,37,2179,2179,189,8,-25,-20,-23
53.648438,37,2179,2179,189,8,-25,-20,-23
53.652344,38,2179,2179,189,8,-25,-21,-24
53.656250,38,2179,2179,189,7,-25,-21,-23
53.660156,37,2179,2179,189,8,-25,-21,-23
53.664062,37,2179,2179,189,8,-25,-21,-23
53.667969,37,2179,2179,189,8,-25,-21,-23
53.671875,37,2179,2179,189,8,-25,-21,-23
53.675781,36,2179,2179,189,8,-25,-21,-23
53.679688,36,2179,2179,189,8,-25,-21,-23
53.683594,36,2179,2179,189,8,-25,-21,-23
53.687500,36,2179,2179,189,7,-25,-20,-23
53.691406,36,2179,2179,189,8,-25,-20,-23
53.695312,36,2179,2179,189,8,-25,-20,-23
53.699219,36,2179,2179,189,8,-25,-20,-23
53.703125,36,2179,2179,189,8,-25,-20,-23
53.707031,36,2179,2179,188,7,-25,-20,-23
53.710938,36,2179,2179,189,8,-25,-20,-23
53.714844,36,2179,2179,189,8,-25,-20,-23
53.718750,36,2179,2179,189,8,-25,-20,-23
53.722656,36,2179,2179,189,8,-25,-20,-23
53.726562,35,2179,2179,190,8,-25,-20,-23
53.730469,36,2179,2179,191,8,-25,-21,-23
53.734375,36,2179,2179,191,8,-25,-20,-23
53.738281,36,2179,2179,191,8,-25,-20,-23
53.742188,36,2179,2179,191,8,-25,-20,-23
53.746094,36,2179,2179,192,8,-25,-20,-23
53.750000,36,2179,2179,191,8,-25,-20,-23
53.753906,36,2179,2179,191,7,-25,-20,-23
53.757812,36,2179,2179,190,7,-25,-21,-23
53.761719,36,2179,2179,191,8,-29,-20,-23
53.765625,35,2179,2179,190,8,-25,-21,-23
53.769531,36,2179,2179,190,7,-25,-21,-23
53.773438,36,2179,2179,190,7,-25,-21,-23
53.777344,35,2179,2179,190,7,-25,-21,-23
53.781250,35,2179,2179,190,8,-25,-21,-23
53.785156,35,2179,2179,190,8,-25,-21,-23
53.789062,35,2179,2179,189,7,-25,-21,-23
53.792969,35,2179,2179,189,7,-25,-21,-23
53.796875,35,2179,2179,190,8,-25,-20,-23
53.800781,35,2179,2179,190,8,-25,-20,-23
53.804688,35,2179,2179,190,7,-25,-20,-23
53.808594,34,2179,2179,190,7,-25,-20,-23
53.812500,34,2179,2179,191,8,-25,-20,-23
53.816406,34,2179,2179,191,8,-25,-20,-23
53.820312,34,2179,2179,190,7,-25,-20,-23
53.824219,34,2179,2179,190,7,-25,-20,-23
53.828125,34,2179,2179,190,7,-25,-20,-23
53.832031,34,2179,2179,189,7,-25,-20,-23
53.835938,35,2179,2179,189,7,-25,-20,-23
53.839844,35,2179,2179,189,7,-25,-21,-23
53.843750,35,2179,2179,190,7,-25,-20,-23
53.847656,34,2179,2179,190,7,-25,-21,-23
53.851562,35,2179,2179,191,8,-25,-21,-23
53.855469,34,2179,2179,191,7,-25,-20,-23
53.859375,34,2179,2179,191,8,-25,-21,-23
53.863281,34,2179,2179,191,8,-25,-21,-23
53.867188,34,2179,2179,190,8,-25,-21,-23
53.871094,34,2179,2179,190,8,-25,-21,-23
53.875000,34,2179,2179,190,8,-25,-20,-23
53.878906,34,2179,2179,190,8,-25,-20,-23
53.882812,34,2179,2179,190,8,-25,-20,-23
53.886719,34,2179,2179,190,8,-25,-20,-23
53.890625,34,2179,2179,190,8,-25,-20,-23
53.894531,33,2179,2179,191,8,-25,-20,-23
53.898438,33,2179,2179,191,8,-25,-21,-23
53.902344,33,2179,2179,190,8,-25,-20,-23
53.906250,33,2179,2179,190,8,-25,-20,-23
53.910156,33,2179,2179,190,8,-25,-20,-23
53.914062,33,2179,2179,190,8,-25,-20,-23
53.917969,33,2179,2179,190,8,-25,-20,-23
53.921875,33,2179,2179,190,8,-25,-20,-23
53.925781,33,2179,2179,190,8,-25,-20,-23
53.929688,33,2179,2179,191,8,-25,-20,-23
53.933594,33,2179,2179,191,8,-25,-20,-23
53.937500,34,2179,2179,191,7,-25,-21,-23
53.941406,33,2179,2179,191,7,-25,-21,-23
53.945312,33,2179,2179,191,7,-25,-21,-23
53.949219,33,2179,2179,191,7,-25,-21,-23
53.953125,33,2179,2179,190,7,-25,-21,-23
53.957031,33,2179,2179,190,7,-25,-21,-23
53.960938,33,2179,2179,191,7,-25,-20,-23
53.964844,33,2179,2179,191,7,-25,-21,-23
53.968750,33,2179,2179,191,8,-25,-21,-23
53.972656,33,2179,2179,191,7,-25,-21,-23
53.976562,33,2179,2179,191,7,-25,-21,-23
53.980469,32,2179,2179,191,8,-25,-21,-23
53.984375,32,2179,2179,191,8,-25,-21,-23
53.988281,32,2179,2179,191,7,-25,-21,-23
53.992188,32,2179,2179,190,7,-25,-20,-23
53.996094,32,2179,2179,191,7,-25,-20,-23
54.000000,32,2179,2179,191,8,-25,-20,-23
54.003906,32,2179,2179,190,7,-25,-20,-23
54.007812,32,2179,2179,190,7,-25,-20,-23
54.011719,32,2179,2179,191,8,-25,-20,-23
54.015625,32,2179,2179,191,8,-25,-20,-23
54.019531,32,2179,2179,191,8,-25,-20,-23
54.023438,32,2179,2179,191,8,-25,-20,-23
54.027344,31,2179,2179,191,8,-25,-20,-23
54.031250,31,2179,2179,192,8,-25,-20,-23
54.035156,32,2179,2179,191,8,-25,-20,-23
54.039062,32,2179,2179,191,8,-25,-20,-23
54.042969,31,2179,2179,191,8,-25,-20,-23
54.046875,31,2179,2179,191,8,-25,-20,-23
54.050781,31,2179,2179,191,8,-25,-20,-23
54.054688,31,2179,2179,191,7,-25,-20,-23
54.058594,31,2179,2179,191,8,-25,-20,-23
54.062500,31,2179,2179,191,8,-25,-20,-23
54.066406,31,2179,2179,191,8,-25,-20,-23
54.070312,31,2179,2179,191,8,-25,-21,-23
54.074219,31,2179,2179,191,8,-25,-21,-23
54.078125,30,2179,2179,192,8,-25,-21,-23
54.082031,30,2179,2179,192,8,-25,-21,-23
54.085938,30,2179,2179,192,8,-25,-21,-23
54.089844,30,2179,2179,192,8,-25,-21,-23
54.093750,30,2179,2179,192,8,-25,-20,-23
54.097656,29,2179,2179,192,8,-25,-20,-23
54.101562,29,2179,2179,191,8,-25,-20,-23
54.105469,29,2179,2179,191,8,-25,-20,-23
54.109375,29,2179,2179,191,8,-25,-20,-23
54.113281,29,2179,2179,191,8,-25,-20,-23
54.117188,29,2179,2179,191,8,-25,-20,-23
54.121094,29,2179,2179,191,8,-25,-20,-23
54.125000,28,2179,2179,191,7,-25,-20,-23
54.128906,28,2179,2179,191,8,-25,-20,-23
54.132812,28,2179,2179,191,8,-25,-20,-23
54.136719,28,2179,2179,191,7,-25,-20,-23
54.140625,28,2179,2179,190,7,-25,-20,-23
54.144531,27,2179,2179,190,8,-25,-21,-23
54.148438,27,2179,2179,190,8,-25,-20,-23
54.152344,27,2179,2179,189,8,-25,-21,-23
54.156250,27,2179,2179,189,7,-25,-21,-23
54.160156,27,2179,2179,188,8,-25,-21,-23
54.164062,27,2179,2179,186,8,-25,-21,-23
54.167969,27,2179,2179,183,8,-25,-21,-23
54.171875,27,2179,2179,176,7,-25,-21,-23
54.175781,27,2179,2179,167,7,-25,-21,-23
54.179688,27,2179,2179,156,8,-25,-21,-23
54.183594,27,2179,2179,143,8,-25,-21,-23
54.187500,27,2179,2179,129,7,-25,-20,-23
54.191406,27,2179,2179,116,7,-25,-20,-23
54.195312,27,2179,2179,105,7,-25,-20,-23
54.199219,27,2179,2179,98,8,-25,-20,-23
54.203125,28,2179,2179,94,7,-25,-20,-23
54.207031,28,2179,2179,92,7,-25,-20,-23
54.210938,27,2179,2179,92,7,-25,-20,-23
54.214844,27,2179,2179,93,8,-25,-20,-23
54.218750,28,2179,2179,94,8,-25,-20,-23
54.222656,28,2179,2179,94,7,-25,-20,-23
54.226562,27,2179,2179,93,7,-25,-20,-23
54.230469,27,2179,2179,92,7,-25,-20,-23
54.234375,27,2179,2179,91,7,-25,-20,-23
54.238281,27,2179,2179,89,7,-25,-20,-23
54.242188,27,2179,2179,88,7,-25,-20,-23
54.246094,26,2179,2179,87,7,-25,-20,-23
54.250000,26,2179,2179,86,8,-25,-20,-23
54.253906,26,2179,2179,85,7,-25,-20,-23
54.257812,25,2179,2179,85,7,-25,-20,-23
54.261719,25,2179,2179,85,8,-25,-20,-23
54.265625,24,2179,2179,85,8,-25,-20,-23
54.269531,24,2179,2179,84,8,-25,-20,-23
54.273438,24,2179,2179,82,8,-25,-20,-23
54.277344,23,2179,2179,80,8,-25,-21,-23
54.281250,23,2179,2179,77,8,-25,-21,-23
54.285156,23,2179,2179,72,8,-25,-21,-23
54.289062,23,2179,2179,66,8,-25,-21,-23
54.292969,22,2179,2179,59,8,-25,-20,-23
54.296875,22,2179,2179,51,8,-25,-20,-23
54.300781,22,2179,2179,43,8,-25,-20,-23
54.304688,22,2179,2179,36,8,-25,-20,-23
54.308594,21,2179,2179,30,8,-25,-20,-23
54.312500,21,2179,2179,26,8,-25,-20,-23
54.316406,21,2179,2179,23,8,-25,-20,-23
54.320312,21,2179,2179,21,8,-25,-20,-23
54.324219,21,2179,2179,20,8,-25,-20,-23
54.328125,20,2179,2179,20,8,-25,-20,-23
54.332031,20,2179,2179,19,8,-25,-20,-23
54.335938,20,2179,2179,18,8,-25,-20,-23
54.339844,20,2179,2179,18,8,-25,-20,-23
54.343750,20,2179,2179,17,7,-25,-20,-23
54.347656,20,2179,2179,17,7,-25,-20,-23
54.351562,20,2179,2179,16,7,-25,-20,-23
54.355469,20,2179,2179,16,7,-25,-20,-23
54.359375,19,2179,2179,16,7,-25,-20,-23
54.363281,19,2179,2179,17,7,-25,-20,-23
54.367188,19,2179,2179,17,7,-25,-20,-23
54.371094,19,2179,2179,17,7,-25,-20,-23
54.375000,19,2179,2179,17,7,-25,-21,-23
54.378906,19,2179,2179,17,8,-25,-20,-23
54.382812,19,2179,2179,17,7,-25,-21,-23
54.386719,19,2179,2179,17,7,-25,-21,-23
54.390625,19,2179,2179,17,7,-25,-21,-23
54.394531,19,2179,2179,17,8,-25,-20,-23
54.398438,19,2179,2179,17,8,-25,-20,-23
54.402344,19,2179,2179,17,8,-25,-20,-23
54.406250,19,2179,2179,17,7,-25,-20,-23
54.410156,18,2179,2179,17,8,-25,-20,-23
54.414062,18,2179,2179,17,8,-25,-20,-23
54.417969,18,2179,2179,17,8,-25,-20,-23
54.421875,18,2179,2179,17,8,-25,-20,-23
54.425781,17,2179,2179,17,8,-25,-20,-23
54.429688,17,2179,2179,17,8,-25,-20,-23
54.433594,17,2179,2179,17,8,-25,-20,-23
54.437500,18,2179,2179,17,8,-25,-20,-23
54.441406,18,2179,2179,17,8,-25,-20,-23
54.445312,17,2179,2179,17,8,-25,-20,-23
54.449219,18,2179,2179,17,8,-25,-20,-23
54.453125,18,2179,2179,17,8,-25,-20,-23
54.457031,18,2179,2179,17,7,-25,-20,-23
54.460938,17,2179,2179,17,8,-25,-20,-23
54.464844,17,2179,2179,17,8,-25,-20,-23
54.468750,17,2179,2179,17,8,-25,-20,-23
54.472656,17,2179,2179,17,8,-25,-21,-23
54.476562,17,2179,2179,17,8,-25,-20,-23
54.480469,17,2179,2179,18,8,-25,-21,-23
54.484375,17,2179,2179,17,8,-25,-20,-23
54.488281,17,2179,2179,17,8,-25,-21,-23
54.492188,16,2179,2179,17,8,-25,-21,-23
54.496094,16,2179,2179,17,8,-25,-21,-23
54.500000,16,2179,2179,17,8,-25,-21,-23
54.503906,16,2179,2179,17,8,-25,-20,-23
54.507812,16,2179,2179,17,8,-25,-20,-23
54.511719,16,2179,2179,17,8,-25,-20,-23
54.515625,16,2179,2179,17,8,-25,-21,-23
54.519531,16,2179,2179,17,8,-25,-20,-23
54.523438,16,2179,2179,17,7,-25,-20,-23
54.527344,16,2179,2179,17,7,-25,-20,-23
54.531250,16,2179,2179,17,8,-25,-21,-23
54.535156,16,2179,2179,17,7,-25,-20,-23
54.539062,16,2179,2179,17,7,-25,-20,-23
54.542969,15,2179,2179,17,7,-25,-20,-23
54.546875,15,2179,2179,17,7,-25,-20,-23
54.550781,15,2179,2179,17,7,-25,-20,-23
54.554688,15,2179,2179,17,7,-25,-20,-23
54.558594,15,2179,2179,16,7,-25,-20,-23
54.562500,14,2179,2179,17,7,-25,-21,-23
54.566406,15,2179,2179,17,7,-25,-21,-23
54.570312,15,2179,2179,17,7,-25,-21,-23
54.574219,14,2179,2179,17,7,-25,-21,-23
54.578125,14,2179,2179,17,8,-25,-21,-23
54.582031,14,2179,2179,17,8,-25,-21,-23
54.585938,14,2179,2179,17,8,-25,-21,-23
54.589844,14,2179,2179,17,7,-25,-21,-23
54.593750,13,2179,2179,17,7,-25,-20,-23
54.597656,13,2179,2179,17,8,-25,-20,-23
54.601562,13,2179,2179,17,8,-25,-20,-23
54.605469,13,2179,2179,17,7,-25,-20,-23
54.609375,12,2179,2179,17,8,-25,-20,-23
54.613281,12,2179,2179,17,8,-25,-20,-23
54.617188,12,2179,2179,17,8,-25,-20,-23
54.621094,12,2179,2179,17,8,-25,-20,-23
54.625000,12,2179,2179,17,7,-25,-20,-23
54.628906,12,2179,2179,17,8,-25,-20,-23
54.632812,12,2179,2179,17,8,-25,-20,-23
54.636719,12,2179,2179,17,7,-25,-20,-23
54.640625,12,2179,2179,17,7,-25,-20,-23
54.644531,12,2179,2179,17,8,-25,-20,-23
54.648438,12,2179,2179,17,8,-25,-20,-23
54.652344,12,2179,2179,17,8,-25,-20,-23
54.656250,13,2179,2179,17,7,-25,-21,-23
54.660156,12,2179,2179,17,7,-25,-21,-23
54.664062,12,2179,2179,17,8,-25,-21,-23
54.667969,13,2179,2179,17,8,-25,-21,-23
54.671875,12,2179,2179,17,8,-25,-21,-23
54.675781,12,2179,2179,17,8,-25,-21,-23
54.679688,12,2179,2179,17,8,-25,-21,-23
54.683594,12,2179,2179,17,8,-25,-21,-23
54.687500,12,2179,2179,17,8,-25,-21,-23
54.691406,12,2179,2179,17,8,-25,-21,-23
54.695312,11,2179,2179,17,8,-25,-20,-23
54.699219,11,2179,2179,17,8,-25,-20,-23
54.703125,11,2179,2179,17,8,-25,-20,-23
54.707031,11,2179,2179,16,8,-25,-20,-23
54.710938,11,2179,2179,17,8,-25,-20,-23
54.714844,11,2179,2179,16,8,-25,-20,-23
54.718750,11,2179,2179,16,8,-25,-20,-23
54.722656,11,2179,2179,16,8,-25,-20,-23
54.726562,11,2179,2179,16,8,-25,-20,-23
54.730469,11,2179,2179,17,8,-25,-20,-23
54.734375,11,2179,2179,17,8,-25,-20,-23
54.738281,11,2179,2179,17,8,-25,-20,-23
54.742188,11,2179,2179,17,8,-25,-20,-23
54.746094,11,2179,2179,18,8,-25,-21,-23
54.750000,11,2179,2179,18,8,-25,-20,-23
54.753906,12,2179,2179,17,7,-25,-20,-23
54.757812,11,2179,2179,17,8,-25,-21,-23
54.761719,11,2179,2179,17,8,-25,-20,-23
54.765625,11,2179,2179,17,8,-25,-21,-23
54.769531,12,2179,2179,17,8,-25,-21,-23
54.773438,12,2179,2179,17,7,-25,-21,-23
54.777344,11,2179,2179,17,7,-25,-21,-23
54.781250,11,2179,2179,17,8,-25,-21,-23
54.785156,11,2179,2179,17,8,-25,-21,-23
54.789062,11,2179,2179,17,7,-25,-21,-23
54.792969,11,2179,2179,17,7,-25,-21,-23
54.796875,11,2179,2179,17,8,-25,-21,-23
54.800781,11,2179,2179,17,8,-25,-21,-23
54.804688,11,2179,2179,17,7,-25,-21,-23
54.808594,11,2179,2179,17,7,-25,-20,-23
54.812500,10,2179,2179,17,8,-25,-20,-23
54.816406,11,2179,2179,17,8,-25,-20,-23
54.820312,11,2179,2179,17,7,-25,-20,-23
54.824219,11,2179,2179,17,7,-25,-20,-23
54.828125,11,2179,2179,17,8,-25,-20,-23
54.832031,11,2179,2179,17,8,-25,-20,-23
54.835938,11,2179,2179,17,8,-25,-20,-23
54.839844,11,2179,2179,17,8,-25,-20,-23
54.843750,11,2179,2179,16,8,-25,-20,-23
54.847656,11,2179,2179,17,8,-25,-20,-23
54.851562,11,2179,2179,16,8,-25,-20,-23
54.855469,11,2179,2179,16,8,-25,-20,-23
54.859375,11,2179,2179,16,8,-25,-20,-23
54.863281,11,2179,2179,16,8,-25,-20,-23
54.867188,12,2179,2179,17,8,-25,-20,-23
54.871094,12,2179,2179,17,8,-25,-20,-23
54.875000,12,2179,2179,17,8,-25,-20,-23
54.878906,11,2179,2179,18,8,-25,-21,-23
54.882812,11,2179,2179,18,8,-25,-20,-23
54.886719,11,2179,2179,18,8,-25,-21,-23
54.890625,11,2179,2179,17,8,-25,-20,-23
54.894531,10,2179,2179,17,8,-25,-20,-23
54.898438,10,2179,2179,17,8,-25,-21,-23
54.902344,11,2179,2179,17,8,-25,-21,-23
54.906250,11,2179,2179,17,8,-25,-20,-23
54.910156,10,2179,2179,17,8,-25,-20,-23
54.914062,10,2179,2179,17,8,-25,-20,-23
54.917969,11,2179,2179,17,8,-25,-20,-23
54.921875,11,2179,2179,17,8,-25,-20,-23
54.925781,10,2179,2179,17,8,-25,-20,-23
54.929688,10,2179,2179,17,8,-25,-20,-23
54.933594,10,2179,2179,17,8,-25,-20,-23
54.937500,10,2179,2179,17,8,-25,-20,-23
54.941406,11,2179,2179,17,8,-25,-20,-23
54.945312,10,2179,2179,17,8,-25,-20,-23
54.949219,10,2179,2179,17,8,-25,-20,-23
54.953125,11,2179,2179,17,7,-25,-20,-23
54.957031,11,2179,2179,17,7,-25,-20,-23
54.960938,10,2179,2179,17,7,-25,-21,-23
54.964844,10,2179,2179,17,7,-25,-20,-23
54.968750,10,2179,2179,17,8,-25,-20,-23
54.972656,10,2179,2179,17,7,-25,-21,-23
54.976562,9,2179,2179,16,7,-25,-21,-23
54.980469,9,2179,2179,17,7,-25,-21,-23
54.984375,10,2179,2179,17,7,-25,-21,-23
54.988281,9,2179,2179,17,7,-25,-21,-23
54.992188,9,2179,2179,17,7,-25,-21,-23
54.996094,9,2179,2179,17,7,-25,-21,-23
55.000000,9,2179,2179,17,8,-25,-21,-23
55.003906,9,2179,2179,16,7,-25,-21,-23
55.007812,9,2179,2179,17,7,-25,-20,-23
55.011719,9,2179,2179,17,8,-25,-20,-23
55.015625,9,2179,2179,17,8,-25,-20,-23
55.019531,9,2179,2179,17,8,-25,-20,-23
55.023438,9,2179,2179,17,8,-25,-20,-23
55.027344,9,2179,2179,17,8,-25,-20,-23
55.031250,9,2179,2179,18,8,-25,-20,-23
55.035156,9,2179,2179,18,8,-25,-20,-23
55.039062,9,2179,2179,17,8,-25,-20,-23
55.042969,8,2179,2179,17,8,-25,-20,-23
55.046875,8,2179,2179,18,8,-25,-20,-23
55.050781,8,2179,2179,18,8,-25,-20,-23
55.054688,8,2179,2179,17,8,-25,-20,-23
55.058594,8,2179,2179,17,8,-25,-20,-23
55.062500,8,2179,2179,17,8,-25,-20,-23
55.066406,9,2179,2179,17,8,-25,-20,-23
55.070312,9,2179,2179,17,8,-25,-21,-23
55.074219,10,2179,2179,17,8,-25,-21,-23
55.078125,9,2179,2179,17,8,-25,-21,-23
55.082031,10,2179,2179,17,8,-25,-20,-23
55.085938,10,2179,2179,17,8,-25,-21,-23
55.089844,10,2179,2179,17,8,-25,-20,-23
55.093750,10,2179,2179,17,8,-25,-20,-23
55.097656,10,2179,2179,17,8,-25,-20,-23
55.101562,10,2179,2179,17,8,-25,-20,-23
55.105469,10,2179,2179,17,8,-25,-20,-23
55.109375,10,2179,2179,17,8,-25,-20,-23
55.113281,10,2179,2179,17,8,-25,-20,-23
55.117188,10,2179,2179,17,8,-25,-20,-23
55.121094,10,2179,2179,17,8,-25,-20,-23
55.125000,10,2179,2179,17,7,-25,-20,-23
55.128906,10,2179,2179,17,8,-25,-21,-23
55.132812,10,2179,2179,17,8,-25,-20,-23
55.136719,10,2179,2179,17,8,-25,-20,-23
55.140625,10,2179,2179,17,8,-25,-20,-23
55.144531,10,2179,2179,17,8,-25,-20,-23
55.148438,10,2179,2179,17,8,-25,-20,-23
55.152344,10,2179,2179,17,8,-25,-20,-23
55.156250,9,2179,2179,17,7,-25,-20,-23
55.160156,9,2179,2179,17,7,-25,-20,-23
55.164062,8,2179,2179,17,7,-25,-20,-23
55.167969,8,2179,2179,17,7,-25,-20,-23
55.171875,8,2179,2179,17,7,-25,-21,-23
55.175781,7,2179,2179,17,7,-25,-21,-23
55.179688,7,2179,2179,17,8,-25,-21,-23
55.183594,7,2179,2179,17,8,-25,-21,-23
55.187500,8,2179,2179,17,7,-25,-21,-23
55.191406,8,2179,2179,17,7,-25,-21,-23
55.195312,7,2179,2179,17,8,-25,-21,-23
55.199219,7,2179,2179,17,8,-25,-21,-23
55.203125,7,2179,2179,17,8,-25,-21,-23
55.207031,7,2179,2179,17,7,-25,-21,-23
55.210938,7,2179,2179,17,8,-25,-21,-23
55.214844,6,2179,2179,17,8,-25,-20,-23
55.218750,7,2179,2179,17,8,-25,-20,-23
55.222656,7,2179,2179,17,7,-25,-20,-23
55.226562,6,2179,2179,17,7,-25,-20,-23
55.230469,6,2179,2179,17,8,-25,-20,-23
55.234375,7,2179,2179,17,8,-25,-20,-23
55.238281,7,2179,2179,17,7,-25,-20,-23
55.242188,7,2179,2179,17,8,-25,-20,-23
55.246094,7,2179,2179,17,8,-25,-20,-23
55.250000,6,2179,2179,17,8,-25,-20,-23
55.253906,7,2179,2179,17,7,-25,-21,-23
55.257812,7,2179,2179,17,7,-25,-20,-23
55.261719,6,2179,2179,17,8,-25,-20,-23
55.265625,6,2179,2179,17,8,-25,-20,-23
55.269531,7,2179,2179,17,8,-25,-21,-23
55.273438,6,2179,2179,17,8,-25,-20,-23
55.277344,6,2179,2179,17,8,-25,-20,-23
55.281250,7,2179,2179,18,8,-25,-21,-23
55.285156,7,2179,2179,18,8,-25,-21,-23
55.289062,7,2179,2179,17,8,-25,-21,-23
55.292969,7,2179,2179,17,8,-25,-21,-23
55.296875,7,2179,2179,17,8,-25,-21,-23
55.300781,7,2179,2179,17,8,-25,-21,-23
55.304688,8,2179,2179,17,8,-25,-21,-23
55.308594,7,2179,2179,17,8,-25,-21,-23
55.312500,7,2179,2179,17,8,-25,-21,-23
55.316406,7,2179,2179,17,8,-25,-21,-23
55.320312,7,2179,2179,17,8,-25,-21,-23
55.324219,8,2179,2179,17,8,-25,-20,-23
55.328125,7,2179,2179,17,8,-25,-20,-23
55.332031,8,2179,2179,17,8,-25,-20,-23
55.335938,8,2179,2179,17,8,-25,-20,-23
55.339844,8,2179,2179,17,8,-25,-20,-23
55.343750,8,2179,2179,17,8,-25,-20,-23
55.347656,9,2179,2179,17,8,-25,-20,-23
55.351562,9,2179,2179,17,8,-25,-20,-23
55.355469,9,2179,2179,17,7,-25,-20,-23
55.359375,9,2179,2179,17,7,-25,-21,-23
55.363281,9,2179,2179,17,7,-25,-21,-23
55.367188,10,2179,2179,17,7,-25,-21,-23
55.371094,10,2179,2179,16,7,-25,-21,-23
55.375000,10,2179,2179,16,7,-25,-21,-23
55.378906,10,2179,2179,17,7,-25,-22,-23
55.382812,10,2179,2179,17,8,-25,-21,-23
55.386719,10,2179,2179,16,7,-25,-21,-23
55.390625,10,2179,2179,17,7,-25,-21,-23
55.394531,10,2179,2179,17,8,-25,-21,-23
55.398438,10,2179,2179,17,8,-25,-21,-23
55.402344,10,2179,2179,17,7,-25,-21,-23
55.406250,10,2179,2179,17,7,-25,-21,-23
55.410156,10,2179,2179,17,7,-25,-21,-23
55.414062,10,2179,2179,17,8,-25,-21,-23
55.417969,10,2179,2179,17,8,-25,-20,-23
55.421875,10,2179,2179,17,7,-25,-20,-23
55.425781,10,2179,2179,17,8,-25,-20,-23
55.429688,10,2179,2179,17,8,-25,-20,-23
55.433594,10,2179,2179,17,8,-25,-20,-23
55.437500,10,2179,2179,17,7,-25,-20,-23
55.441406,11,2179,2179,17,8,-25,-20,-23
55.445312,11,2179,2179,17,8,-25,-20,-23
55.449219,11,2179,2179,18,8,-25,-21,-23
55.453125,11,2179,2179,17,8,-25,-20,-23
55.457031,11,2179,2179,17,8,-25,-20,-23
55.460938,11,2179,2179,17,8,-25,-21,-23
55.464844,11,2179,2179,17,8,-25,-21,-23
55.468750,11,2179,2179,17,8,-25,-21,-23
55.472656,11,2179,2179,17,8,-25,-21,-23
55.476562,11,2179,2179,17,8,-25,-21,-23
55.480469,11,2179,2179,17,8,-25,-21,-23
55.484375,11,2179,2179,17,8,-25,-21,-23
55.488281,11,2179,2179,17,8,-25,-20,-23
55.492188,11,2179,2179,17,8,-25,-21,-23
55.496094,11,2179,2179,17,8,-25,-21,-23
55.500000,11,2179,2179,18,8,-25,-21,-23
55.503906,11,2179,2179,17,8,-25,-21,-23
55.507812,11,2179,2179,17,8,-25,-21,-23
55.511719,11,2179,2179,17,8,-25,-21,-23
55.515625,11,2179,2179,17,8,-25,-21,-23
55.519531,11,2179,2179,17,8,-25,-21,-23
55.523438,11,2179,2179,17,7,-25,-20,-23
55.527344,11,2179,2179,17,8,-25,-20,-23
55.531250,11,2179,2179,17,8,-25,-20,-23
55.535156,11,2179,2179,17,7,-25,-20,-23
55.539062,11,2179,2179,17,7,-25,-20,-23
55.542969,11,2179,2179,17,7,-25,-20,-23
55.546875,11,2179,2179,17,7,-25,-20,-23
55.550781,11,2179,2179,17,7,-25,-20,-23
55.554688,12,2179,2179,17,7,-25,-20,-23
55.558594,12,2179,2179,17,7,-25,-20,-23
55.562500,12,2179,2179,17,8,-25,-20,-23
55.566406,12,2179,2179,17,7,-25,-20,-23
55.570312,12,2179,2179,17,7,-25,-21,-23
55.574219,12,2179,2179,17,7,-25,-21,-23
55.578125,12,2179,2179,17,8,-25,-21,-23
55.582031,12,2179,2179,17,8,-25,-21,-23
55.585938,13,2179,2179,17,7,-25,-21,-23
55.589844,13,2179,2179,17,7,-25,-21,-23
55.593750,13,2179,2179,16,7,-25,-21,-23
55.597656,13,2179,2179,17,8,-25,-21,-23
55.601562,13,2179,2179,17,8,-25,-21,-23
55.605469,13,2179,2179,17,8,-25,-21,-23
55.609375,12,2179,2179,17,8,-25,-21,-23
55.613281,12,2179,2179,17,8,-25,-21,-23
55.617188,12,2179,2179,17,8,-25,-21,-23
55.621094,12,2179,2179,17,8,-25,-20,-22
55.625000,12,2179,2179,17,8,-25,-21,-23
55.628906,12,2179,2179,17,8,-25,-21,-23
55.632812,12,2179,2179,17,8,-25,-20,-23
55.636719,12,2179,2179,17,8,-25,-20,-23
55.640625,12,2179,2179,17,8,-25,-20,-23
55.644531,12,2179,2179,17,8,-25,-20,-23
55.648438,12,2179,2179,17,8,-25,-20,-23
55.652344,13,2179,2179,17,8,-25,-20,-23
55.656250,13,2179,2179,17,7,-25,-20,-23
55.660156,13,2179,2179,17,8,-25,-20,-23
55.664062,14,2179,2179,17,8,-25,-20,-23
55.667969,14,2179,2179,17,8,-25,-20,-23
55.671875,14,2179,2179,17,7,-25,-21,-23
55.675781,14,2179,2179,17,8,-25,-21,-23
55.679688,14,2179,2179,17,8,-25,-21,-23
55.683594,14,2179,2179,17,8,-25,-21,-23
55.687500,15,2179,2179,17,8,-25,-21,-23
55.691406,15,2179,2179,17,8,-25,-21,-23
55.695312,15,2179,2179,17,8,-25,-21,-23
55.699219,15,2179,2179,17,8,-25,-21,-23
55.703125,15,2179,2179,17,8,-25,-21,-23
55.707031,15,2179,2179,17,8,-25,-21,-23
55.710938,15,2179,2179,17,8,-25,-21,-23
55.714844,15,2179,2179,17,8,-25,-21,-23
55.718750,15,2179,2179,17,8,-25,-21,-23
55.722656,15,2179,2179,17,7,-25,-21,-23
55.726562,15,2179,2179,17,7,-25,-21,-23
55.730469,15,2179,2179,17,8,-25,-21,-23
55.734375,16,2179,2179,17,8,-25,-20,-23
55.738281,16,2179,2179,17,8,-25,-20,-23
55.742188,16,2179,2179,17,8,-25,-20,-23
55.746094,17,2179,2179,18,8,-25,-21,-23
55.750000,17,2179,2179,18,8,-25,-21,-23
55.753906,17,2179,2179,17,8,-25,-21,-23
55.757812,17,2179,2179,17,8,-25,-20,-23
55.761719,17,2179,2179,17,8,-25,-20,-23
55.765625,17,2179,2179,17,8,-25,-20,-23
55.769531,18,2179,2179,17,7,-25,-21,-23
55.773438,18,2179,2179,17,7,-25,-20,-23
55.777344,18,2179,2179,17,7,-25,-20,-23
55.781250,18,2179,2179,17,8,-25,-20,-23
55.785156,18,2179,2179,17,7,-25,-21,-23
55.789062,18,2179,2179,17,7,-25,-21,-23
55.792969,18,2179,2179,17,7,-25,-21,-23
55.796875,18,2179,2179,17,8,-25,-21,-23
55.800781,18,2179,2179,17,8,-25,-21,-23
55.804688,18,2179,2179,17,8,-25,-21,-23
55.808594,18,2179,2179,17,8,-25,-21,-23
55.812500,18,2179,2179,17,8,-25,-21,-23
55.816406,18,2179,2179,17,8,-25,-21,-23
55.820312,18,2179,2179,17,8,-25,-21,-23
55.824219,18,2179,2179,17,8,-25,-21,-23
55.828125,18,2179,2179,17,8,-25,-20,-23
55.832031,18,2179,2179,18,8,-25,-20,-23
55.835938,18,2179,2179,17,8,-25,-20,-23
55.839844,18,2179,2179,17,8,-25,-20,-23
55.843750,18,2179,2179,17,8,-25,-20,-23
55.847656,18,2179,2179,18,8,-25,-20,-23
55.851562,18,2179,2179,18,8,-25,-20,-23
55.855469,19,2179,2179,17,8,-25,-20,-23
55.859375,19,2179,2179,17,8,-25,-21,-23
55.863281,19,2179,2179,18,8,-25,-20,-23
55.867188,20,2179,2179,18,8,-25,-20,-23
55.871094,20,2179,2179,17,8,-25,-20,-22
55.875000,21,2179,2179,16,7,-25,-21,-23
55.878906,21,2179,2179,17,8,-25,-21,-23
55.882812,22,2179,2179,16,8,-25,-21,-23
55.886719,22,2179,2179,16,8,-25,-21,-23
55.890625,22,2179,2179,16,8,-25,-21,-23
55.894531,22,2179,2179,16,8,-25,-21,-23
55.898438,22,2179,2179,16,8,-25,-21,-23
55.902344,23,2179,2179,17,8,-25,-20,-23
55.906250,23,2179,2179,17,7,-25,-21,-23
55.910156,23,2179,2179,17,8,-25,-21,-23
55.914062,23,2179,2179,18,8,-25,-20,-23
55.917969,23,2179,2179,18,8,-25,-20,-23
55.921875,24,2179,2179,17,8,-25,-20,-23
55.925781,23,2179,2179,17,8,-25,-20,-23
55.929688,24,2179,2179,17,8,-25,-20,-23
55.933594,24,2179,2179,17,8,-25,-20,-23
55.937500,25,2179,2179,17,8,-25,-20,-23
55.941406,25,2179,2179,17,7,-25,-20,-23
55.945312,25,2179,2179,17,7,-25,-20,-23
55.949219,25,2179,2179,17,7,-25,-20,-23
55.953125,26,2179,2179,17,7,-25,-20,-23
55.957031,26,2179,2179,17,7,-25,-20,-23
55.960938,25,2179,2179,17,7,-25,-20,-23
55.964844,25,2179,2179,17,7,-25,-20,-23
55.968750,26,2179,2179,16,7,-25,-20,-23
55.972656,26,2179,2179,16,7,-25,-20,-23
55.976562,25,2179,2179,16,7,-25,-21,-23
55.980469,25,2179,2179,17,7,-25,-21,-23
55.984375,26,2179,2179,17,7,-25,-21,-23
55.988281,26,2179,2179,17,7,-25,-21,-23
55.992188,26,2179,2179,17,7,-25,-21,-23
55.996094,26,2179,2179,17,7,-25,-21,-23
56.000000,25,2179,2179,17,8,-25,-21,-23
56.003906,25,2179,2179,17,7,-25,-20,-23
56.007812,25,2179,2179,17,8,-25,-20,-23
56.011719,25,2179,2179,17,8,-25,-20,-23
56.015625,25,2179,2179,17,8,-25,-21,-23
56.019531,25,2179,2179,17,8,-25,-20,-23
56.023438,25,2179,2179,17,8,-25,-20,-23
56.027344,25,2179,2179,17,8,-25,-20,-23
56.031250,25,2179,2179,17,8,-25,-20,-23
56.035156,26,2179,2179,17,8,-25,-20,-23
56.039062,26,2179,2179,17,8,-25,-20,-23
56.042969,26,2179,2179,17,8,-25,-20,-23
56.046875,26,2179,2179,17,8,-25,-20,-23
56.050781,27,2179,2179,17,8,-25,-20,-23
56.054688,27,2179,2179,17,7,-25,-20,-23
56.058594,28,2179,2179,17,8,-25,-20,-23
56.062500,28,2179,2179,17,8,-25,-20,-23
56.066406,28,2179,2179,17,8,-25,-20,-23
56.070312,29,2179,2179,17,7,-25,-20,-23
56.074219,29,2179,2179,17,7,-25,-20,-23
56.078125,29,2179,2179,17,8,-25,-20,-23
56.082031,30,2179,2179,17,8,-25,-20,-23
56.085938,30,2179,2179,16,8,-25,-20,-23
56.089844,30,2179,2179,16,7,-25,-20,-23
56.093750,30,2179,2179,15,7,-25,-20,-23
56.097656,31,2179,2179,16,8,-25,-21,-23
56.101562,31,2179,2179,16,8,-25,-21,-23
56.105469,32,2179,2179,16,8,-25,-21,-23
56.109375,32,2179,2179,17,8,-25,-21,-23
56.113281,32,2179,2179,17,8,-25,-21,-23
56.117188,33,2179,2179,18,8,-25,-21,-23
56.121094,33,2179,2179,17,8,-25,-20,-22
56.125000,33,2179,2179,17,7,-25,-20,-23
56.128906,34,2179,2179,18,8,-25,-20,-23
56.132812,34,2179,2179,17,8,-25,-20,-23
56.136719,35,2179,2179,17,8,-25,-20,-23
56.140625,35,2179,2179,17,8,-25,-20,-23
56.144531,35,2179,2179,17,8,-25,-20,-23
56.148438,36,2179,2179,17,8,-25,-20,-23
56.152344,36,2179,2179,17,8,-25,-20,-23
56.156250,36,2179,2179,17,7,-25,-20,-23
56.160156,36,2179,2179,17,7,-25,-20,-23
56.164062,36,2179,2179,17,8,-25,-20,-23
56.167969,36,2179,2179,17,8,-25,-20,-23
56.171875,36,2179,2179,17,7,-25,-20,-23
56.175781,36,2179,2179,17,7,-25,-20,-23
56.179688,36,2179,2179,17,7,-25,-20,-23
56.183594,36,2179,2179,17,8,-25,-20,-23
56.187500,37,2179,2179,17,7,-25,-20,-23
56.191406,37,2179,2179,17,7,-25,-20,-23
56.195312,37,2179,2179,17,8,-25,-20,-23
56.199219,37,2179,2179,17,8,-25,-21,-23
56.203125,37,2179,2179,17,7,-25,-21,-23
56.207031,37,2179,2179,17,7,-25,-21,-23
56.210938,37,2179,2179,17,7,-25,-21,-23
56.214844,38,2179,2179,17,8,-25,-21,-23
56.218750,38,2179,2179,16,8,-25,-21,-23
56.222656,38,2179,2179,17,7,-25,-20,-23
56.226562,38,2179,2179,17,8,-25,-20,-23
56.230469,38,2179,2179,17,8,-25,-20,-23
56.234375,38,2179,2179,17,8,-25,-20,-23
56.238281,38,2179,2179,17,8,-25,-20,-23
56.242188,38,2179,2179,17,7,-25,-20,-23
56.246094,38,2179,2179,17,8,-25,-20,-23
56.250000,38,2179,2179,17,8,-25,-20,-23
56.253906,38,2179,2179,17,8,-25,-20,-23
56.257812,39,2179,2179,17,8,-25,-20,-23
56.261719,38,2179,2179,17,8,-25,-20,-23
56.265625,39,2179,2179,17,8,-25,-20,-23
56.269531,39,2179,2179,17,8,-25,-20,-23
56.273438,39,2179,2179,17,8,-25,-20,-23
56.277344,39,2179,2179,17,8,-25,-20,-23
56.281250,39,2179,2179,17,8,-25,-20,-23
56.285156,40,2179,2179,17,8,-25,-20,-23
56.289062,40,2179,2179,17,8,-25,-20,-23
56.292969,40,2179,2179,17,8,-25,-21,-23
56.296875,40,2179,2179,17,8,-25,-20,-23
56.300781,40,2179,2179,17,8,-25,-21,-23
56.304688,40,2179,2179,16,8,-25,-21,-23
56.308594,40,2179,2179,16,8,-25,-21,-23
56.312500,39,2179,2179,16,8,-25,-21,-23
56.316406,39,2179,2179,16,8,-25,-21,-23
56.320312,40,2179,2179,16,8,-25,-21,-23
56.324219,40,2179,2179,16,7,-25,-21,-23
56.328125,40,2179,2179,17,8,-25,-21,-23
56.332031,40,2179,2179,18,8,-25,-21,-23
56.335938,40,2179,2179,17,8,-25,-21,-23
56.339844,40,2179,2179,17,8,-25,-20,-23
56.343750,40,2179,2179,16,8,-25,-21,-23
56.347656,40,2179,2179,17,8,-25,-21,-23
56.351562,40,2179,2179,17,8,-25,-20,-23
56.355469,41,2179,2179,17,7,-25,-20,-23
56.359375,41,2179,2179,17,7,-25,-20,-23
56.363281,41,2179,2179,17,8,-25,-20,-23
56.367188,42,2179,2179,17,8,-25,-20,-23
56.371094,42,2179,2179,17,7,-25,-20,-22
56.375000,42,2179,2179,17,7,-25,-20,-23
56.378906,42,2179,2179,17,7,-25,-20,-23
56.382812,43,2179,2179,17,7,-25,-20,-23
56.386719,43,2179,2179,17,7,-25,-21,-23
56.390625,43,2179,2179,17,7,-25,-20,-23
56.394531,43,2179,2179,17,7,-25,-20,-23
56.398438,43,2179,2179,17,8,-25,-21,-23
56.402344,43,2179,2179,17,8,-25,-21,-23
56.406250,43,2179,2179,17,7,-25,-20,-23
56.410156,43,2179,2179,17,8,-25,-21,-23
56.414062,44,2179,2179,17,8,-25,-21,-23
56.417969,44,2179,2179,18,8,-25,-20,-23
56.421875,44,2179,2179,17,8,-25,-21,-23
56.425781,44,2179,2179,17,8,-25,-21,-23
56.429688,44,2179,2179,18,8,-25,-21,-23
56.433594,44,2179,2179,17,8,-25,-20,-23
56.437500,44,2179,2179,17,8,-25,-20,-23
56.441406,45,2179,2179,17,8,-25,-20,-23
56.445312,45,2179,2179,17,8,-25,-20,-23
56.449219,45,2179,2179,17,8,-25,-20,-23
56.453125,45,2179,2179,17,8,-25,-20,-23
56.457031,46,2179,2179,17,8,-25,-20,-23
56.460938,46,2179,2179,17,8,-25,-20,-23
56.464844,46,2179,2179,18,8,-25,-20,-23
56.468750,46,2179,2179,17,8,-25,-20,-23
56.472656,47,2179,2179,18,8,-25,-20,-23
56.476562,46,2179,2179,18,8,-25,-20,-23
56.480469,47,2179,2179,19,8,-25,-20,-23
56.484375,47,2179,2179,19,8,-25,-20,-23
56.488281,48,2179,2179,19,8,-25,-21,-23
56.492188,48,2179,2179,19,8,-25,-21,-23
56.496094,48,2179,2179,19,8,-25,-21,-23
56.500000,48,2179,2179,20,8,-25,-21,-23
56.503906,48,2179,2179,19,8,-25,-21,-23
56.507812,48,2179,2179,19,8,-25,-21,-23
56.511719,48,2179,2179,19,8,-25,-21,-23
56.515625,48,2179,2179,19,8,-25,-21,-23
56.519531,49,2179,2179,19,8,-25,-21,-23
56.523438,48,2179,2179,19,7,-25,-21,-23
56.527344,48,2179,2179,19,8,-25,-21,-23
56.531250,49,2179,2179,19,8,-25,-21,-23
56.535156,49,2179,2179,19,8,-25,-21,-23
56.539062,49,2179,2179,18,7,-25,-20,-23
56.542969,49,2179,2179,18,7,-25,-20,-23
56.546875,49,2179,2179,19,8,-25,-20,-23
56.550781,50,2179,2179,19,7,-25,-20,-23
56.554688,50,2179,2179,18,7,-25,-20,-23
56.558594,50,2179,2179,19,7,-25,-21,-23
56.562500,50,2179,2179,19,8,-25,-21,-23
56.566406,50,2179,2179,20,8,-25,-20,-23
56.570312,51,2179,2179,20,7,-25,-20,-23
56.574219,51,2179,2179,20,7,-25,-20,-23
56.578125,51,2179,2179,21,8,-25,-20,-23
56.582031,51,2179,2179,21,7,-25,-20,-23
56.585938,52,2179,2179,21,7,-25,-20,-23
56.589844,52,2179,2179,22,7,-25,-21,-23
56.593750,52,2179,2179,21,7,-25,-21,-23
56.597656,51,2179,2179,23,8,-25,-21,-23
56.601562,52,2179,2179,23,8,-25,-21,-23
56.605469,52,2179,2179,23,7,-25,-21,-23
56.609375,51,2179,2179,24,7,-25,-20,-23
56.613281,51,2179,2179,25,8,-25,-21,-23
56.617188,51,2179,2179,26,8,-25,-21,-23
56.621094,52,2179,2179,27,8,-25,-21,-23
56.625000,51,2179,2179,28,7,-25,-20,-23
56.628906,51,2179,2179,29,8,-25,-20,-23
56.632812,51,2179,2179,30,8,-25,-20,-23
56.636719,52,2179,2179,30,8,-25,-21,-23
56.640625,52,2179,2179,31,8,-25,-20,-23
56.644531,51,2179,2179,32,8,-25,-20,-23
56.648438,51,2179,2179,34,8,-25,-20,-23
56.652344,52,2179,2179,34,8,-25,-20,-23
56.656250,51,2179,2179,36,8,-25,-20,-23
56.660156,51,2179,2179,38,8,-25,-20,-23
56.664062,51,2179,2179,40,8,-25,-20,-23
56.667969,51,2179,2179,42,8,-25,-20,-23
56.671875,51,2179,2179,43,8,-25,-20,-23
56.675781,51,2179,2179,45,8,-25,-20,-23
56.679688,52,2179,2179,46,8,-25,-20,-23
56.683594,52,2179,2179,47,8,-25,-20,-23
56.687500,52,2179,2179,48,8,-25,-20,-23
56.691406,53,2179,2179,48,8,-25,-20,-23
56.695312,52,2179,2179,50,8,-25,-20,-23
56.699219,52,2179,2179,51,8,-25,-20,-23
56.703125,51,2179,2179,53,7,-25,-21,-23
56.707031,51,2179,2179,55,7,-25,-20,-23
56.710938,51,2179,2179,57,7,-25,-20,-23
56.714844,51,2179,2179,59,8,-25,-21,-23
56.718750,52,2179,2179,61,8,-25,-20,-23
56.722656,52,2179,2179,63,8,-25,-21,-23
56.726562,52,2179,2179,66,8,-25,-20,-23
56.730469,52,2179,2179,69,8,-25,-20,-23
56.734375,53,2179,2179,72,8,-25,-20,-23
56.738281,53,2179,2179,74,8,-25,-20,-23
56.742188,52,2179,2179,77,8,-25,-20,-23
56.746094,52,2179,2179,81,8,-25,-20,-24
56.750000,52,2179,2179,84,8,-25,-20,-23
56.753906,53,2179,2179,87,8,-25,-20,-23
56.757812,53,2179,2179,89,8,-25,-20,-23
56.761719,53,2179,2179,92,8,-25,-20,-23
56.765625,53,2179,2179,94,8,-25,-20,-23
56.769531,53,2179,2179,95,8,-25,-20,-23
56.773438,53,2179,2179,97,8,-25,-20,-23
56.777344,52,2179,2179,99,8,-25,-20,-23
56.781250,52,2179,2179,102,8,-25,-20,-23
56.785156,52,2179,2179,104,8,-25,-20,-23
56.789062,52,2179,2179,106,7,-25,-20,-23
56.792969,51,2179,2179,109,7,-25,-20,-23
56.796875,51,2179,2179,112,8,-25,-20,-23
56.800781,51,2179,2179,114,7,-25,-20,-23
56.804688,51,2179,2179,115,7,-25,-21,-23
56.808594,51,2179,2179,117,7,-25,-21,-23
56.812500,51,2179,2179,119,8,-25,-21,-23
56.816406,51,2179,2179,120,8,-25,-21,-23
56.820312,51,2179,2179,122,8,-25,-21,-23
56.824219,51,2179,2179,123,7,-25,-21,-23
56.828125,50,2179,2179,125,8,-25,-21,-23
56.832031,50,2179,2179,126,8,-25,-21,-23
56.835938,50,2179,2179,128,8,-25,-21,-23
56.839844,50,2179,2179,130,7,-25,-20,-23
56.843750,49,2179,2179,132,8,-25,-20,-23
56.847656,49,2179,2179,134,8,-25,-20,-23
56.851562,49,2179,2179,135,8,-25,-20,-23
56.855469,49,2179,2179,136,8,-25,-20,-23
56.859375,49,2179,2179,137,8,-25,-20,-23
56.863281,49,2179,2179,138,9,-25,-20,-23
56.867188,50,2179,2179,139,9,-25,-20,-23
56.871094,50,2179,2179,139,8,-25,-20,-24
56.875000,50,2179,2179,141,8,-25,-20,-23
56.878906,50,2179,2179,143,8,-25,-20,-23
56.882812,50,2179,2179,144,8,-25,-20,-23
56.886719,50,2179,2179,146,8,-25,-20,-23
56.890625,51,2179,2179,147,8,-25,-20,-23
56.894531,51,2179,2179,148,8,-25,-20,-23
56.898438,51,2179,2179,149,8,-25,-20,-23
56.902344,51,2179,2179,149,8,-25,-20,-23
56.906250,51,2179,2179,149,8,-25,-20,-23
56.910156,51,2179,2179,150,8,-25,-20,-23
56.914062,51,2179,2179,151,8,-25,-20,-23
56.917969,51,2179,2179,152,8,-25,-20,-23
56.921875,51,2179,2179,153,8,-25,-20,-23
56.925781,51,2179,2179,154,8,-25,-20,-23
56.929688,51,2179,2179,156,8,-25,-21,-23
56.933594,52,2179,2179,156,8,-25,-21,-23
56.937500,52,2179,2179,157,8,-25,-20,-23
56.941406,52,2179,2179,157,8,-25,-21,-23
56.945312,51,2179,2179,158,8,-25,-21,-23
56.949219,51,2179,2179,158,8,-25,-20,-23
56.953125,51,2179,2179,158,7,-25,-21,-23
56.957031,51,2179,2179,159,7,-25,-20,-23
56.960938,51,2179,2179,160,7,-25,-20,-23
56.964844,51,2179,2179,160,8,-25,-20,-23
56.968750,51,2179,2179,161,8,-25,-21,-23
56.972656,52,2179,2179,161,7,-25,-20,-23
56.976562,51,2179,2179,161,7,-25,-20,-23
56.980469,51,2179,2179,162,8,-25,-20,-23
56.984375,51,2179,2179,163,7,-25,-20,-23
56.988281,51,2179,2179,163,7,-25,-20,-23
56.992188,51,2179,2179,164,7,-25,-20,-23
56.996094,51,2179,2179,165,7,-25,-20,-25
57.000000,51,2179,2179,166,8,-25,-21,-23
57.003906,52,2179,2179,166,7,-25,-20,-23
57.007812,52,2179,2179,166,7,-25,-20,-23
57.011719,52,2179,2179,167,8,-25,-21,-23
57.015625,52,2179,2179,167,8,-25,-21,-23
57.019531,52,2179,2179,167,8,-25,-21,-23
57.023438,52,2179,2179,167,8,-25,-21,-23
57.027344,52,2179,2179,168,8,-25,-21,-23
57.031250,52,2179,2179,168,8,-25,-21,-23
57.035156,52,2179,2179,168,8,-25,-21,-23
57.039062,52,2179,2179,169,8,-25,-21,-23
57.042969,51,2179,2179,169,8,-25,-21,-23
57.046875,51,2179,2179,170,8,-25,-20,-23
57.050781,51,2179,2179,170,8,-25,-21,-23
57.054688,51,2179,2179,170,8,-25,-20,-23
57.058594,51,2179,2179,170,8,-25,-20,-23
57.062500,50,2179,2179,171,8,-25,-20,-23
57.066406,50,2179,2179,171,8,-25,-20,-23
57.070312,51,2179,2179,171,8,-25,-20,-23
57.074219,51,2179,2179,171,8,-25,-20,-23
57.078125,50,2179,2179,172,8,-25,-20,-23
57.082031,50,2179,2179,172,8,-25,-20,-23
57.085938,51,2179,2179,171,7,-25,-20,-23
57.089844,51,2179,2179,171,7,-25,-20,-23
57.093750,50,2179,2179,172,7,-25,-20,-23
57.097656,51,2179,2179,172,7,-25,-20,-23
57.101562,50,2179,2179,172,8,-25,-21,-23
57.105469,50,2179,2179,172,7,-25,-21,-23
57.109375,50,2179,2179,172,7,-25,-21,-23
57.113281,50,2179,2179,172,8,-25,-21,-23
57.117188,50,2179,2179,172,8,-25,-21,-23
57.121094,50,2179,2179,172,8,-25,-21,-24
57.125000,50,2179,2179,173,8,-25,-21,-23
57.128906,49,2179,2179,174,8,-25,-21,-23
57.132812,49,2179,2179,174,8,-25,-21,-23
57.136719,49,2179,2179,175,7,-25,-21,-23
57.140625,49,2179,2179,175,8,-25,-20,-23
57.144531,49,2179,2179,176,8,-25,-21,-23
57.148438,49,2179,2179,176,8,-25,-21,-23
57.152344,49,2179,2179,175,8,-25,-20,-23
57.156250,49,2179,2179,175,8,-25,-20,-23
57.160156,49,2179,2179,175,7,-25,-20,-23
57.164062,49,2179,2179,175,8,-25,-20,-23
57.167969,49,2179,2179,175,8,-25,-20,-23
57.171875,49,2179,2179,175,7,-25,-20,-23
57.175781,48,2179,2179,175,7,-25,-20,-23
57.179688,48,2179,2179,175,8,-25,-20,-23
57.183594,48,2179,2179,175,7,-25,-20,-23
57.187500,49,2179,2179,175,7,-25,-20,-23
57.191406,49,2179,2179,175,7,-25,-20,-23
57.195312,49,2179,2179,175,8,-25,-20,-23
57.199219,49,2179,2179,175,8,-25,-20,-23
57.203125,49,2179,2179,175,7,-25,-20,-23
57.207031,49,2179,2179,175,8,-25,-20,-23
57.210938,49,2179,2179,176,7,-25,-21,-23
57.214844,48,2179,2179,177,8,-25,-21,-23
57.218750,48,2179,2179,178,8,-25,-21,-23
57.222656,48,2179,2179,177,8,-25,-21,-23
57.226562,47,2179,2179,178,8,-25,-21,-23
57.230469,47,2179,2179,178,8,-25,-21,-23
57.234375,48,2179,2179,178,8,-25,-21,-23
57.238281,47,2179,2179,177,8,-25,-21,-23
57.242188,47,2179,2179,177,8,-25,-21,-23
57.246094,47,2179,2179,177,8,-25,-21,-24
57.250000,46,2179,2179,177,8,-25,-21,-23
57.253906,47,2179,2179,177,8,-25,-21,-23
57.257812,47,2179,2179,177,8,-25,-20,-23
57.261719,46,2179,2179,178,8,-25,-20,-23
57.265625,46,2179,2179,178,8,-25,-20,-23
57.269531,46,2179,2179,178,8,-25,-20,-23
57.273438,47,2179,2179,179,8,-25,-20,-23
57.277344,46,2179,2179,179,8,-25,-20,-23
57.281250,46,2179,2179,180,8,-25,-20,-23
57.285156,46,2179,2179,180,8,-25,-20,-23
57.289062,46,2179,2179,179,8,-25,-20,-23
57.292969,46,2179,2179,179,8,-25,-20,-23
57.296875,46,2179,2179,179,8,-25,-20,-23
57.300781,47,2179,2179,179,8,-25,-20,-23
57.304688,47,2179,2179,179,8,-25,-20,-23
57.308594,47,2179,2179,179,8,-25,-20,-23
57.312500,46,2179,2179,180,8,-25,-20,-23
57.316406,46,2179,2179,180,8,-25,-20,-23
57.320312,46,2179,2179,180,8,-25,-21,-23
57.324219,46,2179,2179,180,8,-25,-21,-23
57.328125,45,2179,2179,181,8,-25,-21,-23
57.332031,45,2179,2179,181,8,-25,-21,-23
57.335938,45,2179,2179,180,8,-25,-21,-23
57.339844,45,2179,2179,180,8,-25,-21,-23
57.343750,45,2179,2179,181,8,-25,-20,-23
57.347656,44,2179,2179,180,8,-25,-21,-23
57.351562,44,2179,2179,180,8,-25,-20,-23
57.355469,45,2179,2179,179,7,-25,-20,-23
57.359375,44,2179,2179,179,7,-25,-20,-23
57.363281,44,2179,2179,179,8,-25,-20,-23
57.367188,44,2179,2179,179,8,-25,-20,-23
57.371094,44,2179,2179,179,7,-25,-20,-23
57.375000,44,2179,2179,179,7,-25,-20,-23
57.378906,44,2179,2179,180,8,-25,-21,-23
57.382812,44,2179,2179,181,7,-25,-21,-23
57.386719,44,2179,2179,181,7,-25,-21,-23
57.390625,44,2179,2179,181,7,-25,-21,-23
57.394531,44,2179,2179,181,7,-25,-20,-23
57.398438,44,2179,2179,181,7,-25,-20,-23
57.402344,44,2179,2179,181,7,-25,-20,-23
57.406250,44,2179,2179,181,7,-25,-20,-23
57.410156,43,2179,2179,182,7,-25,-20,-23
57.414062,43,2179,2179,182,7,-25,-21,-23
57.417969,43,2179,2179,183,8,-25,-21,-23
57.421875,43,2179,2179,183,8,-25,-20,-23
57.425781,43,2179,2179,183,8,-25,-21,-23
57.429688,43,2179,2179,184,8,-25,-20,-23
57.433594,43,2179,2179,184,8,-25,-20,-23
57.437500,43,2179,2179,183,8,-25,-20,-23
57.441406,43,2179,2179,183,8,-25,-21,-23
57.445312,42,2179,2179,183,8,-25,-20,-23
57.449219,42,2179,2179,183,8,-25,-21,-23
57.453125,42,2179,2179,183,8,-25,-20,-23
57.457031,42,2179,2179,183,8,-25,-20,-23
57.460938,41,2179,2179,184,7,-25,-20,-23
57.464844,41,2179,2179,184,8,-25,-20,-23
57.468750,41,2179,2179,183,8,-25,-20,-23
57.472656,41,2179,2179,183,8,-25,-20,-23
57.476562,41,2179,2179,182,8,-25,-20,-23
57.480469,41,2179,2179,182,9,-25,-20,-23
57.484375,41,2179,2179,183,9,-25,-21,-23
57.488281,41,2179,2179,183,8,-25,-20,-23
57.492188,40,2179,2179,183,8,-25,-20,-23
57.496094,40,2179,2179,184,8,-25,-20,-23
57.500000,40,2179,2179,184,8,-25,-20,-23
57.503906,40,2179,2179,184,7,-25,-20,-23
57.507812,41,2179,2179,185,8,-25,-20,-23
57.511719,40,2179,2179,184,8,-25,-20,-23
57.515625,40,2179,2179,184,8,-25,-21,-23
57.519531,40,2179,2179,183,7,-25,-21,-23
57.523438,40,2179,2179,183,7,-25,-20,-23
57.527344,39,2179,2179,183,8,-25,-21,-23
57.531250,39,2179,2179,183,8,-25,-21,-23
57.535156,39,2179,2179,183,8,-25,-21,-23
57.539062,38,2179,2179,182,7,-25,-21,-23
57.542969,37,2179,2179,183,7,-25,-21,-23
57.546875,37,2179,2179,183,8,-25,-21,-23
57.550781,37,2179,2179,183,8,-25,-21,-23
57.554688,36,2179,2179,183,7,-25,-20,-23
57.558594,37,2179,2179,183,7,-25,-20,-23
57.562500,36,2179,2179,183,8,-25,-20,-23
57.566406,36,2179,2179,183,8,-25,-20,-23
57.570312,37,2179,2179,183,7,-25,-20,-23
57.574219,37,2179,2179,183,7,-25,-20,-23
57.578125,37,2179,2179,184,8,-25,-20,-23
57.582031,38,2179,2179,184,8,-25,-20,-23
57.585938,38,2179,2179,184,7,-25,-20,-23
57.589844,38,2179,2179,185,8,-25,-20,-23
57.593750,38,2179,2179,184,8,-25,-20,-23
57.597656,38,2179,2179,185,8,-25,-20,-23
57.601562,39,2179,2179,184,8,-25,-20,-23
57.605469,39,2179,2179,184,7,-25,-20,-23
57.609375,39,2179,2179,184,7,-25,-21,-23
57.613281,39,2179,2179,184,7,-25,-21,-23
57.617188,39,2179,2179,185,8,-25,-21,-23
57.621094,39,2179,2179,184,7,-25,-21,-23
57.625000,39,2179,2179,184,7,-25,-21,-23
57.628906,38,2179,2179,184,8,-25,-21,-23
57.632812,39,2179,2179,184,8,-25,-21,-23
57.636719,39,2179,2179,184,8,-25,-21,-23
57.640625,38,2179,2179,184,8,-25,-21,-23
57.644531,38,2179,2179,184,8,-25,-21,-23
57.648438,38,2179,2179,185,8,-25,-21,-23
57.652344,38,2179,2179,185,8,-25,-21,-23
57.656250,38,2179,2179,185,8,-25,-21,-23
57.660156,37,2179,2179,185,8,-25,-21,-23
57.664062,37,2179,2179,186,8,-25,-21,-23
57.667969,37,2179,2179,186,9,-25,-20,-23
57.671875,37,2179,2179,185,8,-25,-20,-23
57.675781,36,2179,2179,185,8,-25,-20,-23
57.679688,37,2179,2179,185,8,-25,-20,-23
57.683594,37,2179,2179,185,8,-25,-20,-23
57.687500,37,2179,2179,185,8,-25,-20,-23
57.691406,37,2179,2179,185,8,-25,-21,-23
57.695312,37,2179,2179,185,8,-25,-20,-23
57.699219,37,2179,2179,185,8,-25,-21,-23
57.703125,37,2179,2179,184,8,-25,-21,-23
57.707031,37,2179,2179,184,8,-25,-21,-23
57.710938,37,2179,2179,184,6,-25,-20,-23
57.714844,36,2179,2179,185,8,-25,-20,-23
57.718750,37,2179,2179,185,8,-25,-20,-23
57.722656,36,2179,2179,185,7,-25,-20,-23
57.726562,36,2179,2179,186,8,-25,-20,-23
57.730469,36,2179,2179,186,8,-25,-20,-23
57.734375,37,2179,2179,186,8,-25,-20,-23
57.738281,37,2179,2179,185,8,-25,-20,-23
57.742188,36,2179,2179,185,8,-25,-20,-23
57.746094,36,2179,2179,185,8,-25,-21,-23
57.750000,36,2179,2179,185,8,-25,-21,-23
57.753906,37,2179,2179,184,8,-25,-21,-23
57.757812,36,2179,2179,185,8,-25,-21,-23
57.761719,36,2179,2179,185,8,-25,-20,-23
57.765625,36,2179,2179,185,8,-25,-21,-23
57.769531,36,2179,2179,185,8,-25,-20,-23
57.773438,36,2179,2179,185,8,-25,-20,-23
57.777344,36,2179,2179,185,8,-24,-20,-23
57.781250,36,2179,2179,185,8,-25,-20,-23
57.785156,36,2179,2179,185,8,-25,-20,-23
57.789062,37,2179,2179,185,7,-25,-20,-23
57.792969,36,2179,2179,185,7,-25,-21,-23
57.796875,37,2179,2179,185,8,-25,-20,-23
57.800781,37,2179,2179,185,8,-25,-20,-23
57.804688,37,2179,2179,185,7,-25,-20,-23
57.808594,37,2179,2179,185,7,-25,-20,-23
57.812500,37,2179,2179,185,7,-25,-21,-23
57.816406,36,2179,2179,186,7,-25,-20,-23
57.820312,37,2179,2179,185,7,-25,-20,-23
57.824219,37,2179,2179,186,7,-25,-21,-23
57.828125,36,2179,2179,186,8,-25,-21,-23
57.832031,36,2179,2179,186,7,-25,-20,-23
57.835938,36,2179,2179,186,7,-25,-20,-23
57.839844,36,2179,2179,186,8,-25,-20,-23
57.843750,36,2179,2179,186,8,-25,-21,-23
57.847656,35,2179,2179,187,8,-25,-21,-23
57.851562,35,2179,2179,187,9,-25,-20,-23
57.855469,35,2179,2179,187,8,-25,-21,-23
57.859375,35,2179,2179,187,8,-25,-21,-23
57.863281,35,2179,2179,187,8,-25,-21,-23
57.867188,35,2179,2179,187,9,-25,-20,-23
57.871094,36,2179,2179,186,8,-25,-20,-23
57.875000,36,2179,2179,186,8,-25,-20,-23
57.878906,36,2179,2179,186,8,-25,-20,-23
57.882812,36,2179,2179,186,8,-25,-20,-23
57.886719,36,2179,2179,186,8,-25,-21,-23
57.890625,36,2179,2179,186,8,-25,-20,-23
57.894531,36,2179,2179,187,8,-25,-20,-23
57.898438,35,2179,2179,187,8,-25,-20,-23
57.902344,36,2179,2179,186,8,-25,-20,-23
57.906250,36,2179,2179,186,8,-25,-20,-23
57.910156,35,2179,2179,186,8,-25,-20,-23
57.914062,36,2179,2179,186,8,-25,-20,-23
57.917969,36,2179,2179,186,8,-25,-20,-23
57.921875,35,2179,2179,186,8,-25,-20,-23
57.925781,35,2179,2179,186,8,-25,-20,-23
57.929688,35,2179,2179,187,8,-25,-21,-23
57.933594,35,2179,2179,187,8,-25,-21,-23
57.937500,35,2179,2179,187,8,-25,-21,-23
57.941406,34,2179,2179,186,8,-25,-21,-23
57.945312,34,2179,2179,187,8,-25,-21,-23
57.949219,34,2179,2179,186,8,-25,-21,-23
57.953125,33,2179,2179,186,8,-24,-20,-23
57.957031,33,2179,2179,186,8,-25,-20,-23
57.960938,32,2179,2179,186,6,-25,-20,-23
57.964844,32,2179,2179,186,8,-25,-20,-23
57.968750,32,2179,2179,186,8,-25,-20,-23
57.972656,31,2179,2179,186,7,-25,-20,-23
57.976562,31,2179,2179,186,7,-25,-20,-23
57.980469,30,2179,2179,186,8,-25,-20,-23
57.984375,30,2179,2179,187,8,-25,-20,-23
57.988281,30,2179,2179,187,7,-25,-20,-23
57.992188,29,2179,2179,187,7,-25,-20,-23
57.996094,29,2179,2179,187,8,-25,-20,-23
58.000000,28,2179,2179,187,8,-25,-20,-23
58.003906,28,2179,2179,187,7,-25,-20,-23
58.007812,28,2179,2179,186,8,-25,-20,-23
58.011719,27,2179,2179,183,8,-25,-20,-23
58.015625,27,2179,2179,177,8,-25,-20,-23
58.019531,26,2179,2179,165,7,-25,-20,-23
58.023438,26,2179,2179,150,7,-25,-20,-23
58.027344,25,2179,2179,131,8,-25,-20,-23
58.031250,25,2179,2179,110,8,-25,-21,-23
58.035156,25,2179,2179,91,8,-25,-21,-23
58.039062,24,2179,2179,76,8,-25,-21,-23
58.042969,24,2179,2179,67,8,-25,-21,-23
58.046875,23,2179,2179,63,8,-25,-21,-23
58.050781,23,2179,2179,62,8,-25,-20,-23
58.054688,23,2179,2179,63,8,-25,-21,-23
58.058594,23,2179,2179,63,8,-25,-20,-23
58.062500,22,2179,2179,61,8,-25,-20,-23
58.066406,21,2179,2179,56,8,-25,-20,-23
58.070312,21,2179,2179,48,8,-25,-20,-23
58.074219,21,2179,2179,40,8,-25,-20,-23
58.078125,21,2179,2179,32,8,-25,-20,-23
58.082031,20,2179,2179,26,8,-25,-20,-23
58.085938,21,2179,2179,21,7,-25,-20,-23
58.089844,21,2179,2179,19,8,-25,-20,-23
58.093750,21,2179,2179,19,8,-25,-20,-23
58.097656,20,2179,2179,19,8,-25,-20,-23
58.101562,20,2179,2179,20,8,-25,-20,-23
58.105469,20,2179,2179,19,8,-25,-20,-23
58.109375,20,2179,2179,18,8,-25,-20,-23
58.113281,19,2179,2179,18,8,-25,-20,-23
58.117188,20,2179,2179,17,8,-25,-20,-23
58.121094,19,2179,2179,16,8,-25,-20,-23
58.125000,19,2179,2179,16,7,-25,-20,-23
58.128906,19,2179,2179,16,8,-25,-20,-23
58.132812,19,2179,2179,16,8,-25,-20,-23
58.136719,19,2179,2179,16,8,-25,-20,-23
58.140625,18,2179,2179,16,8,-25,-20,-23
58.144531,18,2179,2179,17,8,-25,-21,-23
58.148438,17,2179,2179,17,8,-25,-21,-23
58.152344,18,2179,2179,16,8,-25,-21,-23
58.156250,18,2179,2179,16,8,-25,-21,-23
58.160156,17,2179,2179,16,8,-25,-21,-23
58.164062,17,2179,2179,17,8,-25,-21,-23
58.167969,17,2179,2179,17,8,-25,-20,-23
58.171875,17,2179,2179,17,7,-25,-20,-23
58.175781,16,2179,2179,17,8,-25,-20,-23
58.179688,16,2179,2179,17,8,-25,-20,-23
58.183594,17,2179,2179,17,8,-25,-20,-23
58.187500,17,2179,2179,17,7,-25,-20,-23
58.191406,17,2179,2179,17,7,-25,-20,-23
58.195312,17,2179,2179,17,8,-25,-20,-23
58.199219,17,2179,2179,17,8,-25,-20,-23
58.203125,17,2179,2179,16,7,-24,-20,-23
58.207031,17,2179,2179,17,7,-25,-20,-23
58.210938,17,2179,2179,17,6,-25,-20,-23
58.214844,17,2179,2179,17,8,-25,-20,-23
58.218750,17,2179,2179,17,8,-25,-20,-23
58.222656,17,2179,2179,17,8,-25,-20,-23
58.226562,17,2179,2179,17,8,-25,-20,-23
58.230469,16,2179,2179,17,8,-25,-20,-23
58.234375,17,2179,2179,17,8,-25,-20,-23
58.238281,17,2179,2179,17,8,-25,-20,-23
58.242188,17,2179,2179,17,8,-25,-21,-23
58.246094,16,2179,2179,17,8,-25,-21,-23
58.250000,16,2179,2179,17,8,-25,-21,-23
58.253906,16,2179,2179,17,8,-25,-21,-23
58.257812,16,2179,2179,17,8,-25,-21,-23
58.261719,16,2179,2179,17,8,-25,-20,-23
58.265625,16,2179,2179,17,8,-25,-20,-23
58.269531,16,2179,2179,17,8,-25,-20,-23
58.273438,16,2179,2179,17,8,-25,-20,-23
58.277344,16,2179,2179,17,8,-25,-20,-23
58.281250,16,2179,2179,17,8,-25,-20,-23
58.285156,16,2179,2179,17,8,-25,-20,-23
58.289062,16,2179,2179,17,8,-25,-20,-23
58.292969,15,2179,2179,17,8,-25,-20,-23
58.296875,15,2179,2179,18,9,-25,-20,-23
58.300781,16,2179,2179,17,8,-25,-21,-23
58.304688,15,2179,2179,17,8,-25,-20,-23
58.308594,16,2179,2179,17,8,-25,-20,-23
58.312500,15,2179,2179,17,8,-25,-20,-23
58.316406,15,2179,2179,17,8,-25,-20,-23
58.320312,16,2179,2179,17,8,-25,-20,-23
58.324219,16,2179,2179,17,8,-25,-20,-23
58.328125,15,2179,2179,17,8,-25,-20,-23
58.332031,15,2179,2179,17,8,-25,-20,-23
58.335938,15,2179,2179,17,7,-25,-20,-23
58.339844,15,2179,2179,17,8,-25,-20,-23
58.343750,14,2179,2179,17,8,-25,-21,-23
58.347656,14,2179,2179,17,8,-25,-21,-23
58.351562,14,2179,2179,17,8,-25,-21,-23
58.355469,14,2179,2179,17,8,-25,-20,-23
58.359375,14,2179,2179,17,8,-25,-20,-23
58.363281,14,2179,2179,17,8,-25,-20,-23
58.367188,14,2179,2179,17,8,-25,-20,-23
58.371094,14,2179,2179,17,8,-25,-20,-23
58.375000,13,2179,2179,17,8,-25,-20,-23
58.378906,13,2179,2179,17,8,-25,-20,-23
58.382812,13,2179,2179,17,8,-25,-20,-23
58.386719,13,2179,2179,17,8,-25,-20,-23
58.390625,13,2179,2179,17,7,-25,-20,-23
58.394531,12,2179,2179,17,8,-25,-20,-23
58.398438,12,2179,2179,17,8,-25,-20,-23
58.402344,12,2179,2179,17,8,-25,-20,-23
58.406250,12,2179,2179,17,8,-25,-20,-23
58.410156,12,2179,2179,17,8,-25,-20,-23
58.414062,12,2179,2179,17,8,-25,-20,-23
58.417969,12,2179,2179,17,8,-25,-20,-23
58.421875,12,2179,2179,17,7,-25,-20,-23
58.425781,12,2179,2179,17,8,-25,-20,-23
58.429688,12,2179,2179,17,8,-25,-20,-23
58.433594,13,2179,2179,17,8,-25,-20,-23
58.437500,12,2179,2179,17,8,-25,-20,-23
58.441406,12,2179,2179,17,8,-25,-21,-23
58.445312,12,2179,2179,17,8,-25,-21,-23
58.449219,12,2179,2179,17,8,-25,-21,-23
58.453125,12,2179,2179,17,8,-24,-20,-23
58.457031,12,2179,2179,17,8,-25,-20,-23
58.460938,12,2179,2179,17,7,-25,-20,-23
58.464844,12,2179,2179,17,8,-25,-21,-23
58.468750,13,2179,2179,17,8,-25,-20,-23
58.472656,13,2179,2179,17,8,-25,-20,-23
58.476562,12,2179,2179,17,8,-25,-20,-23
58.480469,12,2179,2179,17,8,-25,-20,-23
58.484375,13,2179,2179,17,8,-25,-20,-23
58.488281,13,2179,2179,17,8,-25,-20,-23
58.492188,13,2179,2179,17,8,-25,-20,-23
58.496094,13,2179,2179,17,8,-25,-20,-23
58.500000,13,2179,2179,17,8,-25,-20,-23
58.503906,13,2179,2179,17,8,-25,-20,-23
58.507812,13,2179,2179,17,8,-25,-20,-23
58.511719,12,2179,2179,17,8,-25,-20,-23
58.515625,12,2179,2179,17,8,-25,-20,-23
58.519531,13,2179,2179,17,8,-25,-20,-23
58.523438,13,2179,2179,17,7,-25,-20,-23
58.527344,12,2179,2179,17,7,-25,-21,-23
58.531250,12,2179,2179,17,8,-25,-20,-23
58.535156,12,2179,2179,17,7,-25,-20,-23
58.539062,12,2179,2179,16,7,-25,-20,-23
58.542969,12,2179,2179,16,7,-25,-21,-24
58.546875,11,2179,2179,17,7,-25,-21,-24
58.550781,12,2179,2179,17,7,-25,-21,-24
58.554688,12,2179,2179,16,7,-25,-21,-23
58.558594,12,2179,2179,17,7,-25,-20,-23
58.562500,11,2179,2179,17,8,-25,-21,-23
58.566406,11,2179,2179,17,8,-25,-20,-23
58.570312,11,2179,2179,17,8,-25,-20,-23
58.574219,11,2179,2179,17,8,-25,-20,-23
58.578125,10,2179,2179,17,8,-26,-20,-23
58.582031,10,2179,2179,17,8,-25,-20,-23
58.585938,11,2179,2179,17,8,-25,-20,-23
58.589844,11,2179,2179,17,8,-25,-20,-23
58.593750,10,2179,2179,17,8,-25,-20,-23
58.597656,10,2179,2179,17,8,-25,-20,-23
58.601562,11,2179,2179,17,8,-25,-20,-23
58.605469,11,2179,2179,17,8,-25,-20,-23
58.609375,10,2179,2179,17,8,-25,-20,-23
58.613281,10,2179,2179,17,8,-25,-20,-23
58.617188,10,2179,2179,17,8,-25,-20,-23
58.621094,10,2179,2179,17,7,-25,-20,-23
58.625000,10,2179,2179,16,7,-25,-20,-23
58.628906,10,2179,2179,17,8,-25,-20,-23
58.632812,10,2179,2179,17,8,-25,-20,-23
58.636719,11,2179,2179,16,7,-25,-20,-23
58.640625,11,2179,2179,16,7,-25,-20,-23
58.644531,10,2179,2179,16,8,-25,-20,-23
58.648438,10,2179,2179,16,8,-25,-21,-23
58.652344,10,2179,2179,16,8,-25,-20,-23
58.656250,11,2179,2179,16,8,-25,-21,-23
58.660156,10,2179,2179,16,8,-25,-21,-23
58.664062,10,2179,2179,17,8,-25,-21,-23
58.667969,10,2179,2179,17,8,-25,-20,-23
58.671875,10,2179,2179,17,8,-25,-21,-23
58.675781,10,2179,2179,17,8,-25,-21,-23
58.679688,10,2179,2179,18,8,-25,-21,-23
58.683594,10,2179,2179,18,8,-25,-21,-23
58.687500,10,2179,2179,17,8,-25,-20,-23
58.691406,9,2179,2179,17,8,-25,-20,-23
58.695312,9,2179,2179,17,8,-25,-20,-23
58.699219,9,2179,2179,17,8,-25,-20,-23
58.703125,9,2179,2179,17,8,-24,-20,-23
58.707031,9,2179,2179,17,8,-25,-20,-23
58.710938,9,2179,2179,17,8,-25,-20,-23
58.714844,9,2179,2179,17,8,-25,-20,-23
58.718750,10,2179,2179,17,8,-25,-20,-23
58.722656,10,2179,2179,17,8,-25,-20,-23
58.726562,10,2179,2179,17,8,-25,-20,-23
58.730469,10,2179,2179,17,8,-25,-20,-23
58.734375,10,2179,2179,17,8,-25,-20,-23
58.738281,10,2179,2179,17,7,-25,-20,-23
58.742188,10,2179,2179,17,8,-25,-20,-23
58.746094,10,2179,2179,17,8,-25,-21,-23
58.750000,9,2179,2179,17,8,-25,-21,-23
58.753906,10,2179,2179,17,8,-25,-21,-23
58.757812,10,2179,2179,17,8,-25,-21,-23
58.761719,9,2179,2179,17,8,-25,-20,-23
58.765625,9,2179,2179,17,8,-25,-21,-23
58.769531,9,2179,2179,17,8,-25,-21,-23
58.773438,9,2179,2179,17,8,-25,-21,-23
58.777344,9,2179,2179,17,8,-25,-21,-23
58.781250,9,2179,2179,17,8,-25,-21,-23
58.785156,9,2179,2179,17,8,-25,-20,-23
58.789062,9,2179,2179,17,8,-25,-20,-23
58.792969,8,2179,2179,17,8,-25,-20,-23
58.796875,8,2179,2179,17,8,-25,-20,-23
58.800781,8,2179,2179,17,8,-25,-20,-23
58.804688,8,2179,2179,17,8,-25,-20,-23
58.808594,8,2179,2179,17,8,-25,-20,-23
58.812500,7,2179,2179,17,8,-25,-20,-23
58.816406,7,2179,2179,17,8,-25,-20,-23
58.820312,7,2179,2179,17,8,-25,-20,-23
58.824219,7,2179,2179,17,7,-25,-20,-23
58.828125,7,2179,2179,17,8,-26,-20,-23
58.832031,7,2179,2179,17,8,-25,-21,-23
58.835938,7,2179,2179,17,8,-25,-20,-23
58.839844,6,2179,2179,17,7,-25,-20,-23
58.843750,6,2179,2179,17,8,-25,-20,-23
58.847656,6,2179,2179,17,8,-25,-21,-23
58.851562,6,2179,2179,17,8,-25,-20,-23
58.855469,6,2179,2179,17,8,-25,-20,-23
58.859375,6,2179,2179,17,8,-25,-21,-23
58.863281,6,2179,2179,18,8,-25,-21,-23
58.867188,6,2179,2179,18,9,-25,-21,-23
58.871094,6,2179,2179,17,8,-25,-21,-23
58.875000,6,2179,2179,17,8,-25,-21,-23
58.878906,5,2179,2179,18,8,-25,-21,-23
58.882812,5,2179,2179,18,9,-25,-20,-23
58.886719,5,2179,2179,17,8,-25,-20,-23
58.890625,5,2179,2179,17,8,-25,-20,-23
58.894531,5,2179,2179,18,9,-25,-20,-23
58.898438,5,2179,2179,18,8,-25,-20,-23
58.902344,5,2179,2179,17,9,-25,-20,-23
58.906250,5,2179,2179,17,8,-25,-20,-23
58.910156,5,2179,2179,17,8,-25,-20,-23
58.914062,5,2179,2179,17,8,-25,-20,-23
58.917969,6,2179,2179,17,8,-25,-20,-23
58.921875,6,2179,2179,17,8,-25,-20,-23
58.925781,5,2179,2179,17,8,-25,-20,-23
58.929688,5,2179,2179,17,8,-25,-20,-23
58.933594,6,2179,2179,17,8,-25,-21,-23
58.937500,6,2179,2179,17,8,-25,-20,-23
58.941406,6,2179,2179,17,7,-25,-21,-23
58.945312,6,2179,2179,17,8,-25,-20,-23
58.949219,6,2179,2179,17,8,-25,-21,-23
58.953125,6,2179,2179,17,8,-23,-21,-23
58.957031,6,2179,2179,17,8,-25,-21,-23
58.960938,6,2179,2179,17,9,-25,-21,-23
58.964844,6,2179,2179,17,8,-25,-21,-23
58.968750,6,2179,2179,17,7,-25,-21,-23
58.972656,6,2179,2179,17,7,-25,-21,-23
58.976562,5,2179,2179,17,7,-25,-21,-23
58.980469,5,2179,2179,17,8,-25,-21,-23
58.984375,6,2179,2179,17,8,-25,-21,-23
58.988281,6,2179,2179,17,7,-25,-20,-23
58.992188,6,2179,2179,17,7,-25,-21,-23
58.996094,6,2179,2179,17,8,-25,-20,-23
59.000000,6,2179,2179,17,8,-25,-20,-23
59.003906,6,2179,2179,17,7,-25,-20,-23
59.007812,7,2179,2179,17,8,-25,-20,-23
59.011719,6,2179,2179,17,8,-25,-20,-23
59.015625,6,2179,2179,17,8,-25,-20,-23
59.019531,7,2179,2179,17,8,-25,-20,-23
59.023438,7,2179,2179,16,8,-25,-20,-23
59.027344,7,2179,2179,16,8,-25,-20,-23
59.031250,7,2179,2179,16,8,-25,-21,-23
59.035156,7,2179,2179,16,8,-25,-21,-23
59.039062,7,2179,2179,16,8,-25,-21,-23
59.042969,7,2179,2179,17,8,-25,-21,-23
59.046875,7,2179,2179,17,8,-25,-21,-23
59.050781,7,2179,2179,18,8,-25,-21,-23
59.054688,7,2179,2179,17,8,-25,-21,-23
59.058594,7,2179,2179,17,8,-25,-21,-23
59.062500,7,2179,2179,18,8,-25,-21,-23
59.066406,8,2179,2179,18,8,-25,-21,-23
59.070312,8,2179,2179,17,8,-25,-21,-23
59.074219,8,2179,2179,17,8,-25,-21,-23
59.078125,7,2179,2179,17,8,-26,-21,-23
59.082031,8,2179,2179,17,8,-25,-21,-23
59.085938,8,2179,2179,17,9,-25,-21,-23
59.089844,8,2179,2179,17,8,-25,-20,-23
59.093750,7,2179,2179,17,8,-25,-20,-23
59.097656,8,2179,2179,17,8,-25,-20,-23
59.101562,8,2179,2179,17,8,-25,-20,-23
59.105469,8,2179,2179,17,8,-25,-20,-23
59.109375,8,2179,2179,17,8,-25,-20,-23
59.113281,8,2179,2179,17,8,-25,-20,-23
59.117188,9,2179,2179,17,8,-25,-20,-23
59.121094,9,2179,2179,17,8,-25,-20,-23
59.125000,9,2179,2179,16,8,-25,-20,-23
59.128906,9,2179,2179,16,8,-25,-20,-23
59.132812,9,2179,2179,16,8,-25,-20,-23
59.136719,10,2179,2179,16,8,-25,-20,-23
59.140625,10,2179,2179,16,8,-25,-20,-23
59.144531,10,2179,2179,17,8,-25,-20,-23
59.148438,10,2179,2179,17,8,-25,-21,-23
59.152344,10,2179,2179,17,8,-25,-21,-23
59.156250,10,2179,2179,17,8,-25,-20,-23
59.160156,10,2179,2179,17,7,-25,-20,-23
59.164062,11,2179,2179,17,8,-25,-21,-23
59.167969,11,2179,2179,17,8,-25,-20,-23
59.171875,11,2179,2179,17,7,-25,-20,-23
59.175781,11,2179,2179,17,8,-25,-21,-23
59.179688,11,2179,2179,17,8,-25,-21,-23
59.183594,11,2179,2179,17,8,-25,-20,-23
59.187500,11,2179,2179,17,7,-25,-20,-23
59.191406,10,2179,2179,17,7,-25,-20,-23
59.195312,10,2179,2179,17,8,-25,-20,-23
59.199219,10,2179,2179,17,8,-25,-20,-23
59.203125,10,2179,2179,17,8,-22,-20,-23
59.207031,10,2179,2179,17,8,-25,-20,-23
59.210938,10,2179,2179,17,9,-25,-20,-23
59.214844,10,2179,2179,17,8,-25,-20,-23
59.218750,10,2179,2179,17,8,-25,-20,-23
59.222656,11,2179,2179,17,8,-25,-21,-23
59.226562,11,2179,2179,17,8,-25,-20,-23
59.230469,11,2179,2179,17,8,-25,-20,-23
59.234375,12,2179,2179,17,8,-25,-20,-23
59.238281,12,2179,2179,17,7,-25,-20,-23
59.242188,12,2179,2179,17,7,-25,-20,-23
59.246094,12,2179,2179,17,8,-25,-21,-23
59.250000,12,2179,2179,17,8,-25,-20,-23
59.253906,12,2179,2179,17,7,-25,-20,-23
59.257812,12,2179,2179,17,7,-25,-20,-23
59.261719,12,2179,2179,17,8,-25,-21,-23
59.265625,12,2179,2179,17,8,-25,-21,-23
59.269531,12,2179,2179,17,8,-25,-21,-23
59.273438,12,2179,2179,17,8,-25,-21,-23
59.277344,12,2179,2179,17,8,-25,-21,-23
59.281250,12,2179,2179,17,8,-25,-21,-23
59.285156,12,2179,2179,17,8,-25,-20,-23
59.289062,12,2179,2179,17,8,-25,-20,-23
59.292969,12,2179,2179,17,8,-25,-20,-23
59.296875,13,2179,2179,18,8,-25,-20,-23
59.300781,13,2179,2179,17,8,-25,-20,-23
59.304688,14,2179,2179,17,8,-25,-20,-23
59.308594,13,2179,2179,17,8,-25,-20,-23
59.312500,14,2179,2179,17,8,-25,-20,-23
59.316406,14,2179,2179,18,8,-25,-20,-23
59.320312,14,2179,2179,17,8,-25,-20,-23
59.324219,14,2179,2179,17,8,-25,-20,-23
59.328125,14,2179,2179,17,8,-27,-20,-23
59.332031,15,2179,2179,17,8,-25,-20,-23
59.335938,15,2179,2179,17,8,-25,-20,-23
59.339844,16,2179,2179,17,7,-25,-20,-23
59.343750,15,2179,2179,17,8,-25,-20,-23
59.347656,15,2179,2179,17,8,-25,-21,-23
59.351562,16,2179,2179,17,8,-25,-21,-23
59.355469,16,2179,2179,17,7,-25,-21,-23
59.359375,16,2179,2179,17,7,-25,-21,-23
59.363281,16,2179,2179,17,8,-25,-21,-23
59.367188,16,2179,2179,17,8,-25,-21,-23
59.371094,16,2179,2179,17,7,-25,-21,-23
59.375000,16,2179,2179,17,8,-25,-21,-23
59.378906,15,2179,2179,17,8,-25,-21,-23
59.382812,15,2179,2179,17,8,-25,-21,-23
59.386719,16,2179,2179,17,7,-25,-21,-23
59.390625,15,2179,2179,16,7,-25,-21,-23
59.394531,15,2179,2179,17,8,-25,-20,-23
59.398438,15,2179,2179,17,8,-25,-21,-23
59.402344,16,2179,2179,16,8,-25,-20,-23
59.406250,16,2179,2179,16,7,-25,-21,-23
59.410156,16,2179,2179,16,8,-25,-21,-23
59.414062,16,2179,2179,16,8,-25,-21,-23
59.417969,16,2179,2179,16,8,-25,-20,-23
59.421875,16,2179,2179,16,8,-25,-20,-23
59.425781,16,2179,2179,17,8,-25,-20,-23
59.429688,16,2179,2179,17,8,-25,-21,-23
59.433594,17,2179,2179,17,8,-25,-20,-23
59.437500,17,2179,2179,17,8,-25,-20,-23
59.441406,17,2179,2179,17,7,-25,-21,-23
59.445312,17,2179,2179,17,8,-25,-21,-23
59.449219,17,2179,2179,17,8,-25,-20,-23
59.453125,18,2179,2179,17,7,-21,-20,-23
59.457031,18,2179,2179,17,8,-25,-20,-23
59.460938,18,2179,2179,17,8,-25,-20,-23
59.464844,18,2179,2179,17,8,-25,-20,-23
59.468750,18,2179,2179,17,8,-25,-20,-23
59.472656,19,2179,2179,17,8,-25,-20,-23
59.476562,18,2179,2179,17,8,-25,-20,-23
59.480469,18,2179,2179,17,8,-25,-20,-23
59.484375,18,2179,2179,17,8,-25,-20,-23
59.488281,18,2179,2179,17,8,-25,-21,-23
59.492188,18,2179,2179,17,8,-25,-21,-23
59.496094,18,2179,2179,17,8,-25,-20,-23
59.500000,18,2179,2179,17,8,-25,-21,-23
59.503906,19,2179,2179,17,8,-25,-20,-23
59.507812,19,2179,2179,17,8,-25,-20,-23
59.511719,19,2179,2179,17,8,-25,-21,-23
59.515625,20,2179,2179,17,8,-25,-20,-23
59.519531,20,2179,2179,17,8,-25,-20,-23
59.523438,21,2179,2179,17,7,-25,-20,-23
59.527344,21,2179,2179,17,7,-25,-20,-23
59.531250,21,2179,2179,17,7,-25,-20,-23
59.535156,22,2179,2179,17,7,-25,-20,-23
59.539062,22,2179,2179,16,7,-25,-20,-23
59.542969,22,2179,2179,16,7,-25,-21,-23
59.546875,22,2179,2179,17,7,-25,-20,-23
59.550781,23,2179,2179,17,7,-25,-20,-23
59.554688,23,2179,2179,16,7,-25,-20,-23
59.558594,23,2179,2179,16,7,-25,-20,-23
59.562500,23,2179,2179,17,8,-25,-21,-23
59.566406,23,2179,2179,17,8,-25,-21,-23
59.570312,23,2179,2179,17,8,-25,-20,-23
59.574219,23,2179,2179,17,8,-25,-21,-23
59.578125,23,2179,2179,17,8,-29,-20,-23
59.582031,23,2179,2179,17,8,-25,-21,-23
59.585938,24,2179,2179,17,8,-25,-21,-23
59.589844,24,2179,2179,17,8,-25,-20,-23
59.593750,24,2179,2179,17,8,-25,-20,-23
59.597656,24,2179,2179,17,8,-25,-20,-23
59.601562,25,2179,2179,17,8,-25,-20,-23
59.605469,25,2179,2179,17,8,-25,-20,-23
59.609375,26,2179,2179,17,8,-25,-20,-23
59.613281,26,2179,2179,17,8,-25,-20,-23
59.617188,27,2179,2179,17,8,-25,-20,-23
59.621094,27,2179,2179,17,8,-25,-20,-23
59.625000,27,2179,2179,17,8,-25,-20,-23
59.628906,27,2179,2179,17,8,-25,-20,-23
59.632812,27,2179,2179,17,8,-25,-20,-23
59.636719,28,2179,2179,17,8,-25,-20,-23
59.640625,28,2179,2179,17,7,-25,-20,-23
59.644531,28,2179,2179,17,8,-25,-20,-23
59.648438,28,2179,2179,17,8,-25,-20,-23
59.652344,29,2179,2179,17,8,-25,-20,-23
59.656250,29,2179,2179,17,8,-25,-20,-23
59.660156,30,2179,2179,17,8,-25,-21,-23
59.664062,30,2179,2179,17,8,-25,-21,-23
59.667969,30,2179,2179,17,8,-25,-21,-23
59.671875,31,2179,2179,17,8,-25,-20,-23
59.675781,30,2179,2179,17,8,-25,-21,-23
59.679688,30,2179,2179,17,8,-25,-21,-23
59.683594,31,2179,2179,18,8,-25,-21,-23
59.687500,31,2179,2179,17,8,-25,-20,-23
59.691406,31,2179,2179,17,8,-25,-20,-23
59.695312,31,2179,2179,18,8,-25,-20,-23
59.699219,31,2179,2179,17,8,-25,-20,-23
59.703125,32,2179,2179,17,8,-20,-21,-23
59.707031,32,2179,2179,17,8,-25,-20,-23
59.710938,32,2179,2179,17,8,-25,-20,-23
59.714844,33,2179,2179,17,8,-25,-20,-23
59.718750,34,2179,2179,17,8,-25,-20,-23
59.722656,34,2179,2179,17,7,-25,-20,-23
59.726562,34,2179,2179,17,8,-25,-20,-23
59.730469,35,2179,2179,17,8,-25,-20,-23
59.734375,35,2179,2179,17,8,-25,-20,-23
59.738281,35,2179,2179,17,8,-25,-20,-23
59.742188,35,2179,2179,17,8,-25,-20,-23
59.746094,35,2179,2179,17,8,-25,-20,-23
59.750000,36,2179,2179,17,8,-25,-21,-23
59.753906,36,2179,2179,17,8,-25,-20,-23
59.757812,36,2179,2179,17,8,-25,-21,-23
59.761719,36,2179,2179,17,8,-25,-21,-23
59.765625,36,2179,2179,17,8,-25,-21,-23
59.769531,37,2179,2179,17,7,-25,-21,-23
59.773438,37,2179,2179,17,8,-25,-21,-23
59.777344,36,2179,2179,17,8,-25,-20,-23
59.781250,36,2179,2179,17,8,-25,-21,-23
59.785156,37,2179,2179,17,8,-25,-21,-23
59.789062,37,2179,2179,17,7,-25,-20,-23
59.792969,36,2179,2179,17,7,-25,-20,-23
59.796875,36,2179,2179,17,8,-25,-20,-23
59.800781,36,2179,2179,17,8,-25,-20,-23
59.804688,37,2179,2179,17,7,-25,-20,-23
59.808594,36,2179,2179,17,7,-25,-20,-23
59.812500,37,2179,2179,17,8,-25,-20,-23
59.816406,37,2179,2179,17,8,-25,-20,-23
59.820312,37,2179,2179,17,7,-25,-20,-23
59.824219,37,2179,2179,17,7,-25,-20,-23
59.828125,37,2179,2179,17,8,-30,-20,-23
59.832031,37,2179,2179,17,8,-25,-20,-23
59.835938,37,2179,2179,17,7,-25,-20,-23
59.839844,37,2179,2179,17,7,-25,-20,-23
59.843750,37,2179,2179,17,7,-25,-20,-23
59.847656,38,2179,2179,17,8,-25,-20,-23
59.851562,38,2179,2179,17,8,-25,-20,-23
59.855469,38,2179,2179,17,8,-25,-21,-23
59.859375,38,2179,2179,17,8,-25,-21,-23
59.863281,38,2179,2179,18,8,-25,-21,-23
59.867188,38,2179,2179,18,9,-25,-21,-23
59.871094,37,2179,2179,17,8,-25,-21,-23
59.875000,37,2179,2179,17,9,-25,-20,-23
59.878906,37,2179,2179,18,9,-25,-21,-23
59.882812,37,2179,2179,18,9,-25,-20,-23
59.886719,37,2179,2179,18,8,-25,-21,-23
59.890625,37,2179,2179,17,8,-25,-20,-23
59.894531,37,2179,2179,18,8,-25,-21,-23
59.898438,37,2179,2179,18,8,-25,-20,-23
59.902344,37,2179,2179,17,8,-25,-20,-23
59.906250,37,2179,2179,17,8,-25,-20,-23
59.910156,37,2179,2179,17,8,-25,-20,-23
59.914062,37,2179,2179,17,8,-25,-20,-23
59.917969,38,2179,2179,17,8,-25,-20,-23
59.921875,38,2179,2179,17,8,-25,-21,-23
59.925781,38,2179,2179,17,8,-25,-20,-23
59.929688,38,2179,2179,17,8,-25,-21,-23
59.933594,39,2179,2179,17,8,-25,-20,-23
59.937500,39,2179,2179,17,7,-25,-20,-23
59.941406,39,2179,2179,17,7,-25,-20,-23
59.945312,39,2179,2179,17,8,-25,-20,-23
59.949219,39,2179,2179,17,7,-25,-20,-23
59.953125,40,2179,2179,17,7,-19,-21,-23
59.957031,40,2179,2179,16,7,-25,-21,-23
59.960938,40,2179,2179,17,7,-25,-21,-23
59.964844,40,2179,2179,17,8,-25,-21,-23
59.968750,40,2179,2179,17,8,-25,-21,-23
59.972656,40,2179,2179,17,7,-25,-20,-23
59.976562,40,2179,2179,17,8,-25,-20,-23
59.980469,40,2179,2179,17,8,-25,-21,-23
59.984375,40,2179,2179,17,8,-25,-20,-23
59.988281,40,2179,2179,17,7,-25,-21,-23
59.992188,40,2179,2179,17,7,-25,-20,-23
59.996094,40,2179,2179,17,8,-25,-21,-23
