time_s,raw_ch1,raw_ch2,raw_ch3,raw_ch4,raw_ch5,raw_ch6,raw_ch7,raw_ch8
0.000000,8,2179,2179,26,21,-19,-14,-19
0.003906,8,2179,2179,26,21,-19,-14,-19
0.007812,8,2179,2179,26,20,-19,-14,-19
0.011719,8,2179,2179,26,20,-18,-14,-19
0.015625,8,2179,2179,26,21,-18,-14,-19
0.019531,9,2179,2179,26,21,-18,-14,-19
0.023438,9,2179,2179,26,21,-18,-13,-19
0.027344,9,2179,2179,26,21,-18,-13,-19
0.031250,9,2179,2179,26,21,-18,-14,-19
0.035156,10,2179,2179,26,21,-19,-13,-20
0.039062,10,2179,2179,26,20,-19,-13,-19
0.042969,10,2179,2179,26,20,-19,-13,-19
0.046875,10,2179,2179,26,21,-19,-13,-19
0.050781,10,2179,2179,26,21,-19,-14,-19
0.054688,10,2179,2179,26,20,-13,-14,-19
0.058594,11,2179,2179,26,20,-19,-13,-19
0.062500,11,2179,2179,26,21,-19,-14,-19
0.066406,11,2179,2179,27,21,-19,-14,-19
0.070312,11,2179,2179,26,21,-18,-14,-19
0.074219,11,2179,2179,26,21,-19,-14,-19
0.078125,11,2179,2179,26,20,-19,-14,-19
0.082031,11,2179,2179,26,21,-19,-14,-20
0.085938,11,2179,2179,26,21,-19,-14,-20
0.089844,11,2179,2179,26,20,-19,-14,-19
0.093750,11,2179,2179,26,20,-19,-14,-20
0.097656,11,2179,2179,26,20,-19,-14,-20
0.101562,12,2179,2179,26,20,-19,-14,-20
0.105469,12,2179,2179,25,20,-18,-14,-19
0.109375,12,2179,2179,25,20,-18,-14,-19
0.113281,12,2179,2179,26,20,-18,-14,-19
0.117188,11,2179,2179,26,20,-19,-14,-19
0.121094,11,2179,2179,26,20,-18,-14,-19
0.125000,11,2179,2179,26,20,-18,-14,-19
0.128906,11,2179,2179,26,20,-19,-14,-19
0.132812,11,2179,2179,26,20,-19,-14,-19
0.136719,12,2179,2179,26,20,-18,-14,-19
0.140625,12,2179,2179,26,20,-18,-14,-19
0.144531,12,2179,2179,26,20,-18,-14,-20
0.148438,12,2179,2179,26,20,-18,-14,-19
0.152344,12,2179,2179,26,20,-18,-14,-19
0.156250,12,2179,2179,26,20,-19,-14,-19
0.160156,12,2179,2179,25,20,-19,-13,-19
0.164062,13,2179,2179,26,21,-19,-14,-19
0.167969,13,2179,2179,26,21,-19,-13,-19
0.171875,13,2179,2179,26,20,-19,-13,-19
0.175781,14,2179,2179,26,20,-19,-14,-20
0.179688,13,2179,2179,26,21,-25,-14,-20
0.183594,13,2179,2179,26,21,-19,-14,-20
0.187500,14,2179,2179,26,21,-19,-14,-20
0.191406,14,2179,2179,26,21,-19,-14,-20
0.195312,13,2179,2179,27,21,-19,-14,-20
0.199219,14,2179,2179,27,21,-19,-14,-20
0.203125,14,2179,2179,27,21,-19,-14,-20
0.207031,14,2179,2179,26,21,-19,-14,-20
0.210938,14,2179,2179,26,21,-19,-14,-20
0.214844,13,2179,2179,26,21,-19,-14,-20
0.218750,13,2179,2179,26,21,-19,-14,-19
0.222656,13,2179,2179,26,20,-19,-14,-19
0.226562,13,2179,2179,26,20,-19,-14,-19
0.230469,12,2179,2179,26,21,-19,-14,-19
0.234375,12,2179,2179,26,21,-19,-13,-19
0.238281,12,2179,2179,26,20,-18,-14,-19
0.242188,12,2179,2179,26,20,-18,-13,-19
0.246094,12,2179,2179,26,21,-18,-13,-19
0.250000,12,2179,2179,26,21,-18,-14,-19
0.253906,12,2179,2179,26,21,-18,-13,-19
0.257812,12,2179,2179,26,21,-19,-14,-19
0.261719,12,2179,2179,26,20,-19,-14,-19
0.265625,12,2179,2179,26,21,-18,-14,-19
0.269531,12,2179,2179,26,21,-19,-14,-19
0.273438,12,2179,2179,26,20,-18,-14,-19
0.277344,11,2179,2179,26,20,-19,-14,-20
0.281250,11,2179,2179,26,20,-19,-14,-20
0.285156,12,2179,2179,26,20,-19,-14,-19
0.289062,12,2179,2179,25,20,-19,-14,-20
0.292969,11,2179,2179,25,20,-19,-14,-20
0.296875,11,2179,2179,26,20,-19,-14,-20
0.300781,11,2179,2179,26,20,-18,-14,-20
0.304688,11,2179,2179,26,20,-14,-14,-20
0.308594,11,2179,2179,25,20,-19,-14,-19
0.312500,11,2179,2179,26,20,-19,-14,-20
0.316406,11,2179,2179,26,20,-19,-14,-20
0.320312,11,2179,2179,26,20,-19,-14,-20
0.324219,12,2179,2179,26,20,-19,-14,-19
0.328125,11,2179,2179,26,20,-19,-14,-19
0.332031,12,2179,2179,26,21,-19,-14,-19
0.335938,12,2179,2179,26,21,-19,-14,-19
0.339844,12,2179,2179,26,20,-19,-14,-19
0.343750,12,2179,2179,26,20,-19,-14,-19
0.347656,13,2179,2179,26,21,-18,-14,-19
0.351562,13,2179,2179,26,20,-18,-14,-19
0.355469,14,2179,2179,26,20,-18,-14,-19
0.359375,15,2179,2179,26,20,-19,-14,-19
0.363281,15,2179,2179,26,21,-19,-14,-19
0.367188,15,2179,2179,26,21,-18,-14,-19
0.371094,16,2179,2179,26,20,-19,-14,-19
0.375000,16,2179,2179,26,20,-18,-14,-19
0.378906,17,2179,2179,26,20,-18,-14,-19
0.382812,17,2179,2179,26,21,-18,-14,-19
0.386719,18,2179,2179,26,21,-19,-14,-19
0.390625,18,2179,2179,26,20,-19,-14,-19
0.394531,19,2179,2179,26,20,-18,-14,-19
0.398438,20,2179,2179,26,20,-18,-14,-20
0.402344,20,2179,2179,26,21,-18,-14,-20
0.406250,21,2179,2179,26,20,-19,-14,-19
0.410156,21,2179,2179,26,20,-19,-14,-19
0.414062,22,2179,2179,26,21,-19,-14,-19
0.417969,23,2179,2179,26,21,-19,-14,-19
0.421875,24,2179,2179,26,21,-19,-14,-19
0.425781,25,2179,2179,26,21,-19,-14,-19
0.429688,26,2179,2179,26,21,-21,-14,-20
0.433594,27,2179,2179,26,21,-19,-14,-20
0.437500,28,2179,2179,26,21,-19,-14,-20
0.441406,29,2179,2179,26,21,-19,-14,-20
0.445312,30,2179,2179,26,21,-19,-14,-19
0.449219,31,2179,2179,26,21,-19,-14,-20
0.453125,32,2179,2179,26,21,-19,-14,-19
0.457031,34,2179,2179,26,20,-19,-14,-19
0.460938,35,2179,2179,26,20,-18,-14,-19
0.464844,37,2179,2179,26,21,-18,-14,-19
0.468750,39,2179,2179,26,21,-18,-14,-19
0.472656,40,2179,2179,26,20,-18,-14,-19
0.476562,42,2179,2179,26,20,-19,-14,-19
0.480469,43,2179,2179,26,21,-19,-14,-19
0.484375,45,2179,2179,26,21,-19,-13,-20
0.488281,47,2179,2179,26,20,-19,-13,-20
0.492188,48,2179,2179,26,20,-19,-14,-20
0.496094,49,2179,2179,26,20,-18,-13,-20
0.500000,50,2179,2179,26,20,-18,-13,-20
0.503906,51,2179,2179,26,20,-18,-13,-20
0.507812,52,2179,2179,26,20,-19,-13,-20
0.511719,53,2179,2179,25,20,-19,-14,-20
0.515625,54,2179,2179,26,20,-19,-14,-20
0.519531,55,2179,2179,26,20,-19,-14,-19
0.523438,56,2179,2179,26,20,-19,-14,-20
0.527344,56,2179,2179,26,20,-19,-14,-19
0.531250,57,2179,2179,26,20,-19,-14,-20
0.535156,58,2179,2179,26,20,-19,-14,-20
0.539062,58,2179,2179,25,20,-19,-14,-19
0.542969,59,2179,2179,25,20,-18,-14,-20
0.546875,59,2179,2179,26,20,-19,-14,-19
0.550781,60,2179,2179,26,20,-19,-14,-19
0.554688,60,2179,2179,26,20,-17,-14,-19
0.558594,61,2179,2179,26,20,-19,-14,-20
0.562500,61,2179,2179,26,21,-19,-14,-19
0.566406,61,2179,2179,26,20,-18,-14,-19
0.570312,62,2179,2179,26,20,-19,-14,-19
0.574219,62,2179,2179,26,20,-19,-13,-19
0.578125,63,2179,2179,26,20,-19,-13,-19
0.582031,64,2179,2179,26,20,-18,-14,-19
0.585938,64,2179,2179,26,20,-19,-13,-19
0.589844,65,2179,2179,26,20,-19,-14,-19
0.593750,65,2179,2179,26,20,-19,-14,-19
0.597656,65,2179,2179,26,21,-19,-14,-19
0.601562,66,2179,2179,26,21,-18,-14,-19
0.605469,66,2179,2179,26,20,-18,-14,-19
0.609375,67,2179,2179,26,20,-19,-13,-19
0.613281,67,2179,2179,27,21,-18,-14,-19
0.617188,67,2179,2179,27,21,-18,-13,-20
0.621094,68,2179,2179,27,20,-18,-13,-19
0.625000,69,2179,2179,27,20,-19,-14,-19
0.628906,69,2179,2179,28,20,-19,-14,-19
0.632812,69,2179,2179,28,21,-19,-14,-20
0.636719,70,2179,2179,29,21,-19,-14,-20
0.640625,70,2179,2179,28,21,-19,-14,-20
0.644531,70,2179,2179,28,21,-19,-14,-20
0.648438,71,2179,2179,29,21,-19,-14,-20
0.652344,71,2179,2179,28,21,-19,-14,-20
0.656250,71,2179,2179,28,21,-19,-14,-20
0.660156,72,2179,2179,28,21,-19,-14,-20
0.664062,71,2179,2179,28,21,-19,-14,-19
0.667969,72,2179,2179,28,21,-19,-14,-19
0.671875,72,2179,2179,28,20,-19,-14,-19
0.675781,72,2179,2179,28,20,-19,-14,-19
0.679688,72,2179,2179,28,20,-19,-13,-19
0.683594,72,2179,2179,28,20,-18,-14,-19
0.687500,73,2179,2179,28,19,-18,-14,-19
0.691406,73,2179,2179,27,20,-18,-14,-19
0.695312,73,2179,2179,28,20,-18,-14,-19
0.699219,73,2179,2179,28,20,-19,-14,-19
0.703125,74,2179,2179,28,20,-19,-13,-20
0.707031,74,2179,2179,28,20,-18,-14,-19
0.710938,74,2179,2179,29,20,-19,-14,-20
0.714844,74,2179,2179,29,20,-18,-14,-19
0.718750,74,2179,2179,30,20,-18,-14,-19
0.722656,74,2179,2179,30,20,-18,-14,-19
0.726562,74,2179,2179,31,20,-19,-14,-19
0.730469,73,2179,2179,33,20,-18,-14,-19
0.734375,73,2179,2179,34,20,-18,-14,-19
0.738281,74,2179,2179,35,20,-19,-14,-20
0.742188,73,2179,2179,36,20,-19,-14,-20
0.746094,73,2179,2179,38,20,-19,-14,-20
0.750000,73,2179,2179,39,20,-19,-14,-20
0.753906,73,2179,2179,40,20,-19,-14,-20
0.757812,72,2179,2179,41,20,-19,-14,-20
0.761719,72,2179,2179,42,20,-19,-14,-20
0.765625,72,2179,2179,44,21,-19,-14,-20
0.769531,72,2179,2179,45,21,-19,-14,-20
0.773438,72,2179,2179,47,20,-19,-14,-20
0.777344,72,2179,2179,50,21,-19,-14,-20
0.781250,72,2179,2179,53,21,-19,-14,-20
0.785156,72,2179,2179,55,21,-19,-14,-20
0.789062,72,2179,2179,57,21,-18,-13,-20
0.792969,72,2179,2179,58,21,-18,-14,-19
0.796875,72,2179,2179,59,21,-18,-13,-19
0.800781,72,2179,2179,60,21,-18,-14,-19
0.804688,72,2179,2179,60,21,-18,-13,-19
0.808594,72,2179,2179,61,20,-18,-13,-19
0.812500,72,2179,2179,63,20,-18,-13,-19
0.816406,72,2179,2179,65,21,-18,-13,-19
0.820312,72,2179,2179,67,21,-18,-13,-19
0.824219,72,2179,2179,69,21,-19,-14,-19
0.828125,71,2179,2179,71,21,-19,-14,-19
0.832031,71,2179,2179,74,21,-19,-14,-20
0.835938,71,2179,2179,75,21,-19,-14,-19
0.839844,71,2179,2179,76,20,-19,-14,-19
0.843750,71,2179,2179,78,20,-19,-14,-19
0.847656,71,2179,2179,79,20,-19,-14,-19
0.851562,71,2179,2179,80,21,-19,-14,-19
0.855469,71,2179,2179,81,20,-19,-14,-19
0.859375,71,2179,2179,82,20,-19,-14,-19
0.863281,71,2179,2179,82,21,-19,-14,-19
0.867188,71,2179,2179,82,21,-19,-14,-19
0.871094,71,2179,2179,82,20,-19,-14,-19
0.875000,70,2179,2179,82,21,-19,-14,-20
0.878906,70,2179,2179,83,20,-19,-14,-19
0.882812,70,2179,2179,85,21,-19,-14,-19
0.886719,70,2179,2179,87,21,-19,-14,-19
0.890625,70,2179,2179,89,20,-19,-14,-19
0.894531,70,2179,2179,92,20,-19,-14,-19
0.898438,69,2179,2179,94,21,-19,-14,-19
0.902344,69,2179,2179,96,21,-19,-14,-19
0.906250,69,2179,2179,97,20,-18,-14,-19
0.910156,69,2179,2179,98,20,-19,-14,-19
0.914062,69,2179,2179,98,21,-19,-13,-19
0.917969,69,2179,2179,98,20,-19,-14,-19
0.921875,70,2179,2179,98,20,-18,-13,-19
0.925781,70,2179,2179,98,20,-18,-13,-19
0.929688,70,2179,2179,99,20,-19,-13,-19
0.933594,70,2179,2179,100,20,-19,-14,-19
0.937500,70,2179,2179,101,20,-19,-14,-19
0.941406,71,2179,2179,102,20,-19,-14,-19
0.945312,70,2179,2179,103,20,-19,-14,-19
0.949219,71,2179,2179,104,20,-18,-14,-20
0.953125,71,2179,2179,105,20,-18,-14,-19
0.957031,72,2179,2179,105,20,-18,-14,-19
0.960938,72,2179,2179,106,20,-19,-14,-19
0.964844,72,2179,2179,107,20,-19,-14,-20
0.968750,72,2179,2179,108,20,-19,-14,-20
0.972656,73,2179,2179,108,20,-19,-14,-19
0.976562,73,2179,2179,109,20,-19,-14,-20
0.980469,73,2179,2179,109,20,-19,-14,-20
0.984375,73,2179,2179,110,20,-19,-14,-20
0.988281,73,2179,2179,109,20,-19,-14,-19
0.992188,73,2179,2179,109,20,-19,-14,-20
0.996094,72,2179,2179,109,21,-18,-14,-19
1.000000,72,2179,2179,109,21,-19,-14,-19
1.003906,72,2179,2179,110,21,-19,-14,-19
1.007812,72,2179,2179,110,20,-19,-14,-19
1.011719,72,2179,2179,111,20,-19,-14,-19
1.015625,71,2179,2179,113,21,-19,-14,-19
1.019531,72,2179,2179,114,21,-18,-14,-19
1.023438,72,2179,2179,115,20,-18,-14,-19
1.027344,72,2179,2179,115,21,-18,-13,-19
1.031250,72,2179,2179,116,21,-19,-13,-19
1.035156,72,2179,2179,117,21,-18,-13,-19
1.039062,72,2179,2179,116,21,-18,-13,-19
1.042969,72,2179,2179,116,21,-18,-13,-19
1.046875,72,2179,2179,117,21,-18,-13,-19
1.050781,72,2179,2179,117,21,-18,-14,-19
1.054688,72,2179,2179,117,21,-18,-13,-19
1.058594,72,2179,2179,118,20,-19,-14,-19
1.062500,72,2179,2179,119,20,-18,-14,-19
1.066406,72,2179,2179,119,21,-19,-14,-19
1.070312,72,2179,2179,120,20,-18,-14,-20
1.074219,72,2179,2179,119,20,-19,-14,-20
1.078125,72,2179,2179,119,20,-18,-14,-20
1.082031,71,2179,2179,119,20,-19,-14,-20
1.085938,71,2179,2179,120,21,-18,-14,-20
1.089844,71,2179,2179,120,20,-19,-14,-19
1.093750,71,2179,2179,121,20,-19,-14,-19
1.097656,71,2179,2179,122,21,-19,-14,-21
1.101562,71,2179,2179,122,20,-19,-14,-19
1.105469,71,2179,2179,122,20,-19,-14,-19
1.109375,71,2179,2179,122,20,-19,-14,-19
1.113281,71,2179,2179,122,20,-19,-14,-19
1.117188,71,2179,2179,123,20,-19,-14,-19
1.121094,71,2179,2179,123,20,-19,-14,-19
1.125000,70,2179,2179,123,20,-18,-14,-19
1.128906,70,2179,2179,124,19,-18,-14,-19
1.132812,69,2179,2179,125,20,-18,-14,-19
1.136719,70,2179,2179,125,20,-18,-14,-19
1.140625,70,2179,2179,125,20,-18,-13,-19
1.144531,69,2179,2179,125,20,-18,-14,-19
1.148438,69,2179,2179,125,20,-18,-14,-19
1.152344,70,2179,2179,125,20,-18,-14,-19
1.156250,70,2179,2179,125,20,-19,-14,-19
1.160156,70,2179,2179,126,20,-18,-14,-19
1.164062,69,2179,2179,126,20,-19,-14,-19
1.167969,69,2179,2179,127,20,-18,-14,-19
1.171875,70,2179,2179,127,20,-18,-14,-19
1.175781,69,2179,2179,127,20,-18,-14,-19
1.179688,69,2179,2179,128,20,-19,-14,-19
1.183594,69,2179,2179,128,20,-19,-14,-20
1.187500,69,2179,2179,128,20,-19,-14,-20
1.191406,69,2179,2179,127,20,-19,-14,-20
1.195312,69,2179,2179,128,20,-19,-14,-20
1.199219,69,2179,2179,129,21,-18,-14,-20
1.203125,69,2179,2179,129,21,-19,-14,-19
1.207031,69,2179,2179,129,20,-19,-14,-19
1.210938,68,2179,2179,130,20,-19,-14,-19
1.214844,68,2179,2179,131,21,-19,-14,-20
1.218750,68,2179,2179,131,21,-19,-14,-20
1.222656,68,2179,2179,131,21,-19,-14,-19
1.226562,68,2179,2179,131,21,-19,-14,-19
1.230469,68,2179,2179,132,21,-19,-14,-20
1.234375,67,2179,2179,132,21,-19,-14,-19
1.238281,68,2179,2179,132,21,-19,-14,-19
1.242188,67,2179,2179,131,21,-18,-14,-19
1.246094,67,2179,2179,132,21,-18,-13,-19
1.250000,67,2179,2179,132,21,-18,-13,-19
1.253906,67,2179,2179,131,21,-18,-13,-19
1.257812,67,2179,2179,131,21,-18,-14,-19
1.261719,67,2179,2179,131,21,-18,-14,-19
1.265625,68,2179,2179,132,21,-18,-14,-19
1.269531,68,2179,2179,132,21,-18,-13,-19
1.273438,68,2179,2179,132,20,-19,-13,-19
1.277344,67,2179,2179,132,20,-19,-14,-19
1.281250,68,2179,2179,132,20,-19,-14,-19
1.285156,67,2179,2179,133,20,-18,-14,-19
1.289062,68,2179,2179,133,19,-18,-14,-19
1.292969,68,2179,2179,133,19,-19,-14,-19
1.296875,68,2179,2179,133,20,-19,-14,-20
1.300781,68,2179,2179,134,20,-19,-14,-20
1.304688,68,2179,2179,133,20,-19,-14,-20
1.308594,68,2179,2179,133,20,-19,-14,-20
1.312500,68,2179,2179,134,20,-19,-14,-19
1.316406,68,2179,2179,133,20,-19,-14,-19
1.320312,68,2179,2179,132,20,-19,-14,-19
1.324219,68,2179,2179,133,20,-19,-14,-19
1.328125,68,2179,2179,133,21,-19,-14,-19
1.332031,68,2179,2179,134,21,-19,-14,-19
1.335938,68,2179,2179,135,21,-19,-14,-19
1.339844,68,2179,2179,135,21,-19,-14,-19
1.343750,67,2179,2179,135,21,-19,-14,-19
1.347656,67,2179,2179,136,21,-19,-14,-19
1.351562,67,2179,2179,136,21,-18,-14,-19
1.355469,67,2179,2179,136,21,-18,-13,-19
1.359375,67,2179,2179,136,21,-18,-13,-19
1.363281,67,2179,2179,136,21,-18,-13,-19
1.367188,67,2179,2179,136,21,-18,-13,-19
1.371094,67,2179,2179,136,20,-18,-14,-19
1.375000,67,2179,2179,136,20,-18,-14,-19
1.378906,67,2179,2179,136,20,-19,-14,-19
1.382812,67,2179,2179,137,21,-19,-14,-19
1.386719,67,2179,2179,137,21,-19,-13,-19
1.390625,67,2179,2179,137,20,-18,-14,-19
1.394531,67,2179,2179,137,20,-18,-14,-19
1.398438,67,2179,2179,138,20,-18,-14,-20
1.402344,67,2179,2179,138,20,-18,-14,-19
1.406250,67,2179,2179,138,20,-19,-14,-19
1.410156,68,2179,2179,137,20,-19,-14,-20
1.414062,67,2179,2179,138,20,-19,-14,-19
1.417969,67,2179,2179,137,20,-19,-14,-20
1.421875,68,2179,2179,137,20,-19,-14,-20
1.425781,68,2179,2179,138,20,-19,-14,-20
1.429688,67,2179,2179,139,21,-19,-14,-20
1.433594,67,2179,2179,139,21,-19,-14,-20
1.437500,67,2179,2179,139,21,-19,-14,-19
1.441406,66,2179,2179,140,21,-19,-14,-19
1.445312,66,2179,2179,140,21,-19,-14,-19
1.449219,66,2179,2179,141,21,-19,-14,-20
1.453125,66,2179,2179,141,21,-19,-14,-19
1.457031,66,2179,2179,140,21,-19,-14,-19
1.460938,65,2179,2179,140,21,-18,-14,-19
1.464844,65,2179,2179,140,21,-18,-14,-19
1.468750,65,2179,2179,140,21,-18,-14,-19
1.472656,65,2179,2179,140,20,-18,-14,-18
1.476562,65,2179,2179,140,20,-18,-14,-19
1.480469,65,2179,2179,141,20,-18,-14,-19
1.484375,65,2179,2179,141,21,-18,-14,-19
1.488281,65,2179,2179,141,20,-18,-14,-19
1.492188,65,2179,2179,141,20,-19,-14,-19
1.496094,65,2179,2179,141,21,-18,-14,-19
1.500000,65,2179,2179,141,20,-18,-14,-19
1.503906,65,2179,2179,141,20,-19,-14,-19
1.507812,65,2179,2179,141,20,-18,-14,-19
1.511719,64,2179,2179,141,20,-19,-14,-19
1.515625,64,2179,2179,142,20,-19,-14,-19
1.519531,65,2179,2179,142,20,-19,-14,-20
1.523438,65,2179,2179,142,20,-19,-14,-19
1.527344,64,2179,2179,143,20,-19,-14,-19
1.531250,64,2179,2179,143,20,-19,-14,-20
1.535156,64,2179,2179,143,20,-19,-14,-19
1.539062,64,2179,2179,143,20,-19,-14,-19
1.542969,63,2179,2179,142,20,-19,-14,-20
1.546875,63,2179,2179,143,20,-19,-14,-19
1.550781,62,2179,2179,143,20,-19,-14,-19
1.554688,62,2179,2179,143,20,-19,-14,-19
1.558594,62,2179,2179,143,20,-19,-14,-20
1.562500,62,2179,2179,144,20,-19,-14,-19
1.566406,61,2179,2179,144,20,-19,-14,-19
1.570312,61,2179,2179,144,20,-19,-14,-19
1.574219,61,2179,2179,145,20,-19,-14,-19
1.578125,61,2179,2179,145,20,-18,-14,-19
1.582031,60,2179,2179,145,20,-18,-14,-19
1.585938,61,2179,2179,145,21,-18,-14,-19
1.589844,61,2179,2179,144,20,-18,-14,-19
1.593750,60,2179,2179,144,20,-18,-14,-19
1.597656,60,2179,2179,144,21,-18,-14,-19
1.601562,60,2179,2179,144,21,-18,-13,-19
1.605469,60,2179,2179,144,20,-18,-14,-19
1.609375,60,2179,2179,144,20,-19,-14,-19
1.613281,59,2179,2179,144,20,-18,-14,-19
1.617188,59,2179,2179,145,21,-18,-14,-19
1.621094,59,2179,2179,145,21,-18,-14,-19
1.625000,59,2179,2179,145,21,-18,-13,-19
1.628906,58,2179,2179,146,21,-18,-14,-19
1.632812,58,2179,2179,146,21,-18,-14,-20
1.636719,58,2179,2179,146,21,-19,-14,-20
1.640625,58,2179,2179,145,20,-19,-14,-19
1.644531,57,2179,2179,146,20,-19,-14,-19
1.648438,57,2179,2179,146,21,-19,-14,-19
1.652344,57,2179,2179,146,21,-19,-14,-19
1.656250,57,2179,2179,146,20,-19,-14,-19
1.660156,57,2179,2179,146,20,-19,-14,-19
1.664062,56,2179,2179,146,21,-19,-14,-19
1.667969,56,2179,2179,146,21,-19,-14,-19
1.671875,56,2179,2179,146,20,-19,-14,-20
1.675781,56,2179,2179,146,20,-19,-14,-19
1.679688,55,2179,2179,147,20,-19,-14,-19
1.683594,55,2179,2179,147,20,-19,-14,-19
1.687500,55,2179,2179,147,20,-19,-14,-19
1.691406,55,2179,2179,147,20,-19,-14,-19
1.695312,54,2179,2179,147,20,-19,-14,-19
1.699219,54,2179,2179,147,20,-19,-14,-19
1.703125,54,2179,2179,147,20,-18,-14,-19
1.707031,54,2179,2179,147,20,-18,-14,-19
1.710938,53,2179,2179,146,20,-19,-14,-19
1.714844,53,2179,2179,147,20,-19,-14,-19
1.718750,53,2179,2179,147,20,-19,-14,-19
1.722656,53,2179,2179,147,20,-18,-14,-19
1.726562,53,2179,2179,147,20,-19,-14,-19
1.730469,52,2179,2179,147,20,-19,-14,-19
1.734375,52,2179,2179,148,20,-19,-14,-19
1.738281,52,2179,2179,148,20,-19,-14,-20
1.742188,52,2179,2179,148,20,-18,-14,-19
1.746094,52,2179,2179,149,20,-19,-14,-19
1.750000,51,2179,2179,149,20,-19,-14,-19
1.753906,51,2179,2179,149,20,-19,-14,-19
1.757812,51,2179,2179,149,20,-19,-14,-19
1.761719,50,2179,2179,149,20,-19,-14,-19
1.765625,50,2179,2179,149,20,-19,-14,-19
1.769531,50,2179,2179,149,20,-19,-14,-19
1.773438,49,2179,2179,148,20,-19,-14,-19
1.777344,48,2179,2179,148,20,-19,-14,-19
1.781250,48,2179,2179,149,21,-19,-14,-19
1.785156,47,2179,2179,149,21,-19,-14,-19
1.789062,46,2179,2179,149,21,-19,-14,-19
1.792969,45,2179,2179,149,20,-19,-14,-19
1.796875,44,2179,2179,149,21,-19,-14,-19
1.800781,43,2179,2179,149,21,-18,-14,-19
1.804688,41,2179,2179,149,20,-18,-14,-19
1.808594,40,2179,2179,149,20,-18,-14,-19
1.812500,37,2179,2179,149,21,-18,-13,-19
1.816406,34,2179,2179,149,21,-18,-13,-19
1.820312,32,2179,2179,148,21,-18,-13,-19
1.824219,29,2179,2179,147,20,-18,-13,-19
1.828125,26,2179,2179,143,20,-18,-14,-19
1.832031,23,2179,2179,137,21,-18,-14,-19
1.835938,20,2179,2179,127,21,-19,-14,-19
1.839844,18,2179,2179,113,20,-19,-13,-19
1.843750,15,2179,2179,96,20,-19,-14,-19
1.847656,13,2179,2179,78,21,-19,-13,-19
1.851562,11,2179,2179,59,20,-18,-14,-19
1.855469,10,2179,2179,42,20,-19,-13,-19
1.859375,8,2179,2179,30,20,-19,-14,-20
1.863281,6,2179,2179,23,20,-19,-14,-20
1.867188,5,2179,2179,20,21,-19,-14,-20
1.871094,5,2179,2179,21,20,-19,-14,-20
1.875000,4,2179,2179,25,20,-19,-14,-19
1.878906,3,2179,2179,29,20,-19,-14,-19
1.882812,2,2179,2179,32,21,-19,-14,-19
1.886719,1,2179,2179,33,21,-19,-14,-19
1.890625,0,2179,2179,32,20,-19,-14,-19
1.894531,-1,2179,2179,30,20,-19,-14,-19
1.898438,-1,2179,2179,28,21,-19,-14,-20
1.902344,-2,2179,2179,27,21,-19,-14,-19
1.906250,-2,2179,2179,26,20,-19,-14,-19
1.910156,-3,2179,2179,26,20,-19,-14,-19
1.914062,-4,2179,2179,27,21,-19,-14,-19
1.917969,-4,2179,2179,28,20,-19,-14,-19
1.921875,-4,2179,2179,28,20,-18,-14,-19
1.925781,-4,2179,2179,28,20,-19,-14,-19
1.929688,-5,2179,2179,28,20,-18,-14,-19
1.933594,-5,2179,2179,27,20,-18,-14,-19
1.937500,-5,2179,2179,26,20,-18,-14,-19
1.941406,-6,2179,2179,25,20,-18,-13,-19
1.945312,-6,2179,2179,25,20,-18,-14,-19
1.949219,-7,2179,2179,25,21,-18,-13,-19
1.953125,-6,2179,2179,25,21,-18,-14,-19
1.957031,-7,2179,2179,25,20,-19,-13,-19
1.960938,-7,2179,2179,26,20,-18,-13,-19
1.964844,-7,2179,2179,26,21,-19,-14,-19
1.968750,-7,2179,2179,26,20,-18,-14,-20
1.972656,-7,2179,2179,26,20,-19,-14,-19
1.976562,-7,2179,2179,26,20,-19,-14,-19
1.980469,-7,2179,2179,26,20,-19,-13,-19
1.984375,-7,2179,2179,26,21,-19,-14,-19
1.988281,-7,2179,2179,25,20,-19,-14,-19
1.992188,-7,2179,2179,25,20,-19,-14,-20
1.996094,-8,2179,2179,26,21,-19,-14,-20
2.000000,-8,2179,2179,26,21,-19,-14,-20
2.003906,-8,2179,2179,26,21,-19,-14,-20
2.007812,-8,2179,2179,26,20,-19,-13,-19
2.011719,-8,2179,2179,26,21,-18,-14,-19
2.015625,-8,2179,2179,26,21,-19,-14,-19
2.019531,-7,2179,2179,26,21,-18,-14,-19
2.023438,-7,2179,2179,26,21,-19,-14,-19
2.027344,-7,2179,2179,26,21,-18,-13,-19
2.031250,-7,2179,2179,26,21,-18,-14,-19
2.035156,-7,2179,2179,26,21,-18,-14,-19
2.039062,-7,2179,2179,26,21,-18,-13,-19
2.042969,-6,2179,2179,26,21,-19,-14,-19
2.046875,-7,2179,2179,27,21,-18,-14,-19
2.050781,-6,2179,2179,26,21,-19,-14,-19
2.054688,-6,2179,2179,26,21,-18,-14,-19
2.058594,-6,2179,2179,26,21,-18,-14,-19
2.062500,-6,2179,2179,26,21,-18,-14,-19
2.066406,-6,2179,2179,26,21,-18,-14,-19
2.070312,-5,2179,2179,26,21,-18,-14,-19
2.074219,-5,2179,2179,26,20,-18,-14,-19
2.078125,-5,2179,2179,26,20,-18,-14,-19
2.082031,-5,2179,2179,26,21,-19,-14,-20
2.085938,-5,2179,2179,26,21,-18,-14,-19
2.089844,-5,2179,2179,26,20,-19,-14,-20
2.093750,-6,2179,2179,26,20,-19,-14,-20
2.097656,-6,2179,2179,26,21,-19,-14,-20
2.101562,-6,2179,2179,26,20,-19,-14,-20
2.105469,-6,2179,2179,26,20,-19,-13,-20
2.109375,-6,2179,2179,25,20,-19,-14,-20
2.113281,-6,2179,2179,26,20,-21,-14,-20
2.117188,-6,2179,2179,26,20,-19,-14,-20
2.121094,-6,2179,2179,25,20,-19,-14,-20
2.125000,-6,2179,2179,25,20,-19,-14,-20
2.128906,-7,2179,2179,25,20,-19,-14,-19
2.132812,-7,2179,2179,25,20,-19,-14,-19
2.136719,-7,2179,2179,26,20,-19,-14,-19
2.140625,-7,2179,2179,25,20,-19,-14,-19
2.144531,-7,2179,2179,26,20,-18,-14,-19
2.148438,-7,2179,2179,26,20,-18,-14,-19
2.152344,-7,2179,2179,26,20,-18,-14,-19
2.156250,-7,2179,2179,26,20,-18,-14,-19
2.160156,-7,2179,2179,26,20,-19,-14,-19
2.164062,-7,2179,2179,26,20,-18,-14,-19
2.167969,-7,2179,2179,26,20,-18,-13,-19
2.171875,-7,2179,2179,26,20,-18,-14,-19
2.175781,-7,2179,2179,26,20,-19,-14,-19
2.179688,-7,2179,2179,26,20,-18,-14,-20
2.183594,-7,2179,2179,26,20,-18,-14,-19
2.187500,-6,2179,2179,26,20,-18,-13,-19
2.191406,-6,2179,2179,26,20,-18,-14,-19
2.195312,-7,2179,2179,26,20,-19,-14,-19
2.199219,-7,2179,2179,26,21,-18,-14,-20
2.203125,-7,2179,2179,26,21,-18,-14,-20
2.207031,-7,2179,2179,26,21,-18,-14,-20
2.210938,-7,2179,2179,26,21,-19,-14,-19
2.214844,-7,2179,2179,26,21,-19,-14,-20
2.218750,-7,2179,2179,26,21,-19,-14,-19
2.222656,-7,2179,2179,26,21,-19,-14,-19
2.226562,-6,2179,2179,26,21,-19,-14,-20
2.230469,-7,2179,2179,26,21,-19,-13,-19
2.234375,-6,2179,2179,26,21,-19,-14,-20
2.238281,-6,2179,2179,26,21,-14,-14,-19
2.242188,-6,2179,2179,26,21,-18,-14,-19
2.246094,-6,2179,2179,26,21,-19,-14,-19
2.250000,-6,2179,2179,26,21,-18,-14,-19
2.253906,-6,2179,2179,26,21,-18,-14,-19
2.257812,-6,2179,2179,26,21,-18,-14,-19
2.261719,-6,2179,2179,26,20,-18,-14,-19
2.265625,-6,2179,2179,26,21,-19,-14,-19
2.269531,-6,2179,2179,26,21,-18,-14,-19
2.273438,-5,2179,2179,26,20,-18,-13,-19
2.277344,-6,2179,2179,26,20,-19,-14,-19
2.281250,-5,2179,2179,26,21,-18,-14,-19
2.285156,-5,2179,2179,26,20,-18,-14,-19
2.289062,-5,2179,2179,25,20,-18,-13,-19
2.292969,-4,2179,2179,25,20,-18,-14,-19
2.296875,-4,2179,2179,26,20,-19,-14,-19
2.300781,-4,2179,2179,26,20,-19,-14,-19
2.304688,-4,2179,2179,25,20,-19,-14,-19
2.308594,-4,2179,2179,26,20,-19,-14,-19
2.312500,-5,2179,2179,26,20,-19,-14,-19
2.316406,-5,2179,2179,26,20,-19,-14,-19
2.320312,-5,2179,2179,26,20,-19,-14,-19
2.324219,-5,2179,2179,26,20,-18,-14,-19
2.328125,-5,2179,2179,26,20,-19,-14,-19
2.332031,-5,2179,2179,26,21,-19,-14,-19
2.335938,-5,2179,2179,26,21,-19,-14,-19
2.339844,-5,2179,2179,26,20,-19,-14,-19
2.343750,-5,2179,2179,26,20,-19,-14,-19
2.347656,-6,2179,2179,26,21,-19,-14,-19
2.351562,-6,2179,2179,26,21,-19,-14,-19
2.355469,-6,2179,2179,26,21,-19,-14,-20
2.359375,-6,2179,2179,26,20,-19,-14,-20
2.363281,-6,2179,2179,26,21,-25,-14,-19
2.367188,-6,2179,2179,26,21,-18,-14,-19
2.371094,-6,2179,2179,26,21,-18,-14,-19
2.375000,-5,2179,2179,26,20,-18,-13,-19
2.378906,-6,2179,2179,26,20,-18,-14,-19
2.382812,-6,2179,2179,26,21,-19,-14,-19
2.386719,-5,2179,2179,26,21,-18,-14,-19
2.390625,-6,2179,2179,26,20,-18,-14,-19
2.394531,-6,2179,2179,26,20,-19,-14,-19
2.398438,-6,2179,2179,26,21,-19,-14,-19
2.402344,-6,2179,2179,26,21,-19,-14,-19
2.406250,-6,2179,2179,26,20,-19,-14,-19
2.410156,-6,2179,2179,26,20,-19,-14,-19
2.414062,-6,2179,2179,26,20,-18,-14,-19
2.417969,-6,2179,2179,26,21,-18,-14,-19
2.421875,-6,2179,2179,26,20,-19,-14,-20
2.425781,-6,2179,2179,26,20,-19,-14,-20
2.429688,-6,2179,2179,26,20,-18,-14,-20
2.433594,-6,2179,2179,26,21,-19,-14,-20
2.437500,-6,2179,2179,26,21,-19,-14,-20
2.441406,-5,2179,2179,26,20,-19,-14,-19
2.445312,-6,2179,2179,26,20,-19,-14,-19
2.449219,-6,2179,2179,26,21,-19,-14,-19
2.453125,-5,2179,2179,26,21,-19,-14,-19
2.457031,-5,2179,2179,26,21,-19,-14,-19
2.460938,-5,2179,2179,26,21,-19,-14,-19
2.464844,-5,2179,2179,26,21,-19,-14,-19
2.468750,-4,2179,2179,26,21,-18,-14,-19
2.472656,-4,2179,2179,26,21,-19,-14,-19
2.476562,-4,2179,2179,26,20,-18,-14,-19
2.480469,-4,2179,2179,26,21,-18,-13,-19
2.484375,-4,2179,2179,26,21,-18,-13,-19
2.488281,-4,2179,2179,26,20,-13,-13,-19
2.492188,-4,2179,2179,26,20,-18,-13,-19
2.496094,-4,2179,2179,26,21,-18,-14,-19
2.500000,-4,2179,2179,26,21,-18,-14,-19
2.503906,-4,2179,2179,26,21,-18,-14,-19
2.507812,-4,2179,2179,26,21,-19,-13,-19
2.511719,-4,2179,2179,26,21,-19,-14,-19
2.515625,-4,2179,2179,26,21,-18,-14,-19
2.519531,-3,2179,2179,26,21,-18,-14,-19
2.523438,-3,2179,2179,26,20,-18,-14,-19
2.527344,-3,2179,2179,26,20,-18,-14,-19
2.531250,-3,2179,2179,26,20,-18,-14,-19
2.535156,-2,2179,2179,26,20,-18,-14,-19
2.539062,-2,2179,2179,26,20,-19,-14,-19
2.542969,-2,2179,2179,26,20,-19,-14,-19
2.546875,-2,2179,2179,26,21,-19,-14,-19
2.550781,-2,2179,2179,26,21,-19,-14,-19
2.554688,-1,2179,2179,26,20,-19,-14,-19
2.558594,-2,2179,2179,26,20,-19,-14,-19
2.562500,-2,2179,2179,26,20,-19,-14,-19
2.566406,-2,2179,2179,26,21,-19,-14,-19
2.570312,-2,2179,2179,26,21,-19,-14,-19
2.574219,-2,2179,2179,26,20,-19,-14,-19
2.578125,-2,2179,2179,26,20,-19,-14,-19
2.582031,-2,2179,2179,26,21,-18,-14,-19
2.585938,-2,2179,2179,26,21,-19,-13,-19
2.589844,-2,2179,2179,26,20,-18,-13,-19
2.593750,-2,2179,2179,26,20,-18,-14,-19
2.597656,-2,2179,2179,26,21,-18,-13,-19
2.601562,-2,2179,2179,26,21,-18,-14,-19
2.605469,-1,2179,2179,26,21,-18,-14,-19
2.609375,-1,2179,2179,26,20,-18,-13,-19
2.613281,-1,2179,2179,26,21,-21,-14,-19
2.617188,-1,2179,2179,27,21,-19,-14,-19
2.621094,-1,2179,2179,26,21,-18,-14,-19
2.625000,-1,2179,2179,26,21,-18,-14,-19
2.628906,-1,2179,2179,26,21,-18,-14,-19
2.632812,-1,2179,2179,26,21,-18,-14,-19
2.636719,-1,2179,2179,26,21,-18,-14,-19
2.640625,-1,2179,2179,26,20,-18,-14,-19
2.644531,-1,2179,2179,26,21,-19,-14,-20
2.648438,-2,2179,2179,26,21,-19,-14,-20
2.652344,-1,2179,2179,26,21,-19,-14,-20
2.656250,-1,2179,2179,26,21,-19,-14,-19
2.660156,-2,2179,2179,26,21,-19,-14,-20
2.664062,-2,2179,2179,26,21,-19,-14,-19
2.667969,-2,2179,2179,26,21,-19,-14,-20
2.671875,-2,2179,2179,26,21,-19,-14,-20
2.675781,-2,2179,2179,26,21,-19,-14,-20
2.679688,-2,2179,2179,26,21,-19,-14,-20
2.683594,-2,2179,2179,26,21,-19,-14,-19
2.687500,-2,2179,2179,26,21,-19,-14,-19
2.691406,-2,2179,2179,26,20,-19,-14,-19
2.695312,-2,2179,2179,26,20,-19,-14,-19
2.699219,-2,2179,2179,26,20,-18,-13,-19
2.703125,-2,2179,2179,26,20,-18,-13,-19
2.707031,-1,2179,2179,25,20,-18,-13,-19
2.710938,-1,2179,2179,25,20,-19,-14,-19
2.714844,-1,2179,2179,26,20,-19,-14,-19
2.718750,-1,2179,2179,26,20,-19,-14,-19
2.722656,0,2179,2179,25,20,-18,-14,-19
2.726562,0,2179,2179,25,20,-19,-14,-19
2.730469,0,2179,2179,26,20,-19,-14,-19
2.734375,0,2179,2179,26,20,-18,-14,-19
2.738281,1,2179,2179,26,20,-17,-14,-19
2.742188,1,2179,2179,25,20,-18,-14,-19
2.746094,1,2179,2179,26,21,-18,-14,-19
2.750000,1,2179,2179,26,20,-18,-14,-19
2.753906,1,2179,2179,25,20,-19,-14,-19
2.757812,2,2179,2179,26,20,-19,-14,-20
2.761719,2,2179,2179,26,20,-19,-14,-20
2.765625,2,2179,2179,26,20,-19,-14,-19
2.769531,3,2179,2179,26,21,-19,-14,-19
2.773438,3,2179,2179,26,20,-19,-14,-19
2.777344,3,2179,2179,26,20,-19,-14,-19
2.781250,4,2179,2179,26,21,-19,-14,-20
2.785156,4,2179,2179,26,21,-19,-14,-19
2.789062,4,2179,2179,26,21,-19,-14,-20
2.792969,4,2179,2179,26,21,-19,-14,-19
2.796875,4,2179,2179,26,21,-19,-14,-20
2.800781,4,2179,2179,26,21,-19,-14,-19
2.804688,5,2179,2179,26,21,-19,-14,-19
2.808594,5,2179,2179,26,21,-18,-14,-19
2.812500,5,2179,2179,26,20,-18,-14,-19
2.816406,5,2179,2179,26,21,-18,-14,-19
2.820312,5,2179,2179,26,21,-18,-14,-19
2.824219,6,2179,2179,26,20,-18,-13,-19
2.828125,5,2179,2179,26,20,-18,-13,-19
2.832031,6,2179,2179,26,21,-18,-14,-19
2.835938,6,2179,2179,26,21,-18,-14,-19
2.839844,6,2179,2179,26,20,-19,-14,-19
2.843750,6,2179,2179,26,20,-18,-14,-19
2.847656,5,2179,2179,26,21,-18,-14,-19
2.851562,5,2179,2179,26,21,-18,-14,-19
2.855469,6,2179,2179,26,20,-18,-14,-19
2.859375,6,2179,2179,26,20,-18,-14,-19
2.863281,6,2179,2179,26,20,-19,-14,-20
2.867188,6,2179,2179,26,20,-19,-14,-20
2.871094,6,2179,2179,26,20,-19,-14,-20
2.875000,6,2179,2179,26,20,-19,-14,-20
2.878906,6,2179,2179,26,20,-19,-14,-20
2.882812,7,2179,2179,26,21,-19,-14,-20
2.886719,7,2179,2179,26,21,-19,-14,-19
2.890625,7,2179,2179,26,20,-19,-14,-19
2.894531,7,2179,2179,26,20,-19,-14,-19
2.898438,7,2179,2179,26,21,-19,-14,-19
2.902344,7,2179,2179,26,21,-19,-14,-19
2.906250,7,2179,2179,26,20,-19,-14,-19
2.910156,7,2179,2179,26,20,-19,-14,-19
2.914062,7,2179,2179,26,20,-19,-14,-19
2.917969,7,2179,2179,26,20,-19,-14,-20
2.921875,8,2179,2179,26,20,-18,-14,-19
2.925781,8,2179,2179,26,20,-19,-14,-19
2.929688,8,2179,2179,26,20,-18,-14,-19
2.933594,9,2179,2179,26,20,-18,-14,-19
2.937500,9,2179,2179,26,20,-18,-14,-19
2.941406,10,2179,2179,26,20,-18,-14,-19
2.945312,10,2179,2179,26,20,-18,-13,-19
2.949219,11,2179,2179,26,20,-18,-13,-19
2.953125,11,2179,2179,26,20,-18,-14,-19
2.957031,12,2179,2179,26,20,-18,-13,-19
2.960938,12,2179,2179,26,20,-18,-14,-19
2.964844,12,2179,2179,26,20,-18,-14,-19
2.968750,14,2179,2179,26,20,-18,-14,-19
2.972656,14,2179,2179,25,20,-19,-14,-19
2.976562,15,2179,2179,25,20,-19,-14,-19
2.980469,16,2179,2179,26,20,-19,-14,-19
2.984375,17,2179,2179,26,20,-19,-14,-20
2.988281,17,2179,2179,26,20,-18,-14,-19
2.992188,18,2179,2179,25,20,-19,-14,-19
2.996094,18,2179,2179,26,19,-19,-14,-19
3.000000,19,2179,2179,26,21,-19,-14,-19
3.003906,20,2179,2179,26,21,-19,-14,-19
3.007812,21,2179,2179,26,20,-19,-14,-19
3.011719,21,2179,2179,26,21,-19,-14,-19
3.015625,22,2179,2179,26,21,-19,-14,-20
3.019531,24,2179,2179,26,21,-19,-14,-19
3.023438,25,2179,2179,26,21,-19,-14,-19
3.027344,26,2179,2179,26,21,-19,-14,-19
3.031250,27,2179,2179,27,21,-19,-14,-19
3.035156,28,2179,2179,26,21,-18,-14,-19
3.039062,29,2179,2179,26,21,-18,-14,-19
3.042969,31,2179,2179,26,21,-18,-14,-19
3.046875,31,2179,2179,27,21,-18,-13,-19
3.050781,32,2179,2179,27,21,-18,-13,-19
3.054688,34,2179,2179,26,21,-18,-14,-19
3.058594,35,2179,2179,26,21,-19,-14,-19
3.062500,36,2179,2179,26,21,-18,-14,-19
3.066406,36,2179,2179,27,21,-18,-14,-19
3.070312,38,2179,2179,27,21,-18,-14,-19
3.074219,39,2179,2179,26,20,-18,-14,-19
3.078125,39,2179,2179,26,21,-18,-14,-19
3.082031,41,2179,2179,26,21,-18,-14,-19
3.085938,42,2179,2179,26,21,-18,-14,-19
3.089844,43,2179,2179,26,20,-18,-14,-19
3.093750,45,2179,2179,26,20,-19,-14,-19
3.097656,45,2179,2179,26,21,-19,-14,-19
3.101562,46,2179,2179,26,20,-19,-14,-19
3.105469,48,2179,2179,25,20,-19,-14,-19
3.109375,48,2179,2179,25,20,-19,-14,-20
3.113281,49,2179,2179,25,20,-19,-14,-20
3.117188,50,2179,2179,26,20,-19,-14,-20
3.121094,51,2179,2179,25,19,-19,-14,-20
3.125000,52,2179,2179,25,20,-19,-14,-20
3.128906,52,2179,2179,26,20,-19,-14,-19
3.132812,52,2179,2179,26,20,-19,-14,-20
3.136719,53,2179,2179,26,20,-19,-14,-19
3.140625,54,2179,2179,25,20,-19,-14,-19
3.144531,54,2179,2179,25,20,-19,-14,-19
3.148438,55,2179,2179,26,20,-18,-14,-19
3.152344,56,2179,2179,26,20,-18,-14,-19
3.156250,56,2179,2179,25,20,-18,-14,-19
3.160156,57,2179,2179,25,20,-18,-13,-19
3.164062,57,2179,2179,26,20,-18,-14,-19
3.167969,58,2179,2179,26,20,-18,-13,-19
3.171875,59,2179,2179,26,20,-18,-14,-19
3.175781,59,2179,2179,26,20,-19,-14,-19
3.179688,60,2179,2179,26,21,-19,-13,-19
3.183594,60,2179,2179,26,21,-18,-14,-19
3.187500,61,2179,2179,26,21,-18,-14,-19
3.191406,62,2179,2179,26,20,-18,-14,-19
3.195312,62,2179,2179,26,20,-18,-14,-19
3.199219,62,2179,2179,26,20,-18,-13,-19
3.203125,63,2179,2179,26,21,-19,-14,-20
3.207031,63,2179,2179,26,20,-19,-13,-20
3.210938,63,2179,2179,26,20,-19,-14,-20
3.214844,64,2179,2179,26,21,-19,-14,-20
3.218750,64,2179,2179,26,21,-19,-14,-20
3.222656,65,2179,2179,26,21,-19,-14,-20
3.226562,65,2179,2179,26,21,-19,-14,-19
3.230469,65,2179,2179,26,21,-19,-14,-19
3.234375,66,2179,2179,26,21,-19,-14,-19
3.238281,66,2179,2179,26,21,-18,-14,-19
3.242188,66,2179,2179,26,21,-19,-14,-19
3.246094,66,2179,2179,27,20,-19,-14,-19
3.250000,67,2179,2179,27,21,-18,-14,-19
3.253906,67,2179,2179,28,21,-19,-14,-19
3.257812,67,2179,2179,28,21,-18,-14,-19
3.261719,67,2179,2179,28,21,-18,-14,-19
3.265625,67,2179,2179,29,21,-18,-14,-19
3.269531,68,2179,2179,29,21,-18,-14,-19
3.273438,68,2179,2179,28,20,-18,-14,-19
3.277344,68,2179,2179,28,21,-18,-14,-19
3.281250,68,2179,2179,28,21,-18,-13,-21
3.285156,69,2179,2179,28,20,-18,-14,-19
3.289062,69,2179,2179,27,20,-18,-13,-19
3.292969,70,2179,2179,27,20,-18,-13,-19
3.296875,70,2179,2179,28,20,-18,-14,-19
3.300781,70,2179,2179,27,20,-18,-14,-19
3.304688,71,2179,2179,27,19,-19,-13,-19
3.308594,71,2179,2179,27,19,-18,-14,-19
3.312500,71,2179,2179,27,19,-18,-14,-19
3.316406,71,2179,2179,28,20,-19,-14,-20
3.320312,71,2179,2179,28,20,-19,-14,-20
3.324219,71,2179,2179,27,20,-19,-14,-20
3.328125,71,2179,2179,28,20,-19,-14,-19
3.332031,71,2179,2179,28,21,-19,-14,-20
3.335938,72,2179,2179,28,21,-19,-14,-20
3.339844,72,2179,2179,28,20,-19,-14,-20
3.343750,72,2179,2179,28,20,-19,-14,-20
3.347656,72,2179,2179,28,21,-19,-14,-20
3.351562,72,2179,2179,28,21,-19,-14,-20
3.355469,72,2179,2179,28,20,-19,-14,-20
3.359375,72,2179,2179,29,20,-19,-14,-19
3.363281,72,2179,2179,29,20,-19,-14,-19
3.367188,72,2179,2179,30,21,-18,-14,-19
3.371094,72,2179,2179,30,20,-18,-14,-19
3.375000,72,2179,2179,31,20,-18,-14,-19
3.378906,72,2179,2179,32,21,-19,-13,-19
3.382812,73,2179,2179,33,21,-19,-14,-19
3.386719,73,2179,2179,34,21,-18,-14,-19
3.390625,74,2179,2179,35,20,-19,-13,-19
3.394531,73,2179,2179,37,20,-19,-13,-19
3.398438,73,2179,2179,39,21,-18,-13,-19
3.402344,74,2179,2179,42,21,-18,-13,-19
3.406250,74,2179,2179,44,20,-18,-14,-19
3.410156,74,2179,2179,47,20,-18,-14,-19
3.414062,74,2179,2179,50,21,-18,-14,-20
3.417969,74,2179,2179,52,21,-19,-14,-20
3.421875,74,2179,2179,53,20,-19,-14,-20
3.425781,74,2179,2179,54,20,-19,-14,-20
3.429688,74,2179,2179,55,21,-19,-14,-19
3.433594,74,2179,2179,57,21,-19,-14,-20
3.437500,74,2179,2179,58,21,-19,-14,-20
3.441406,74,2179,2179,60,20,-19,-14,-20
3.445312,74,2179,2179,62,21,-19,-14,-20
3.449219,73,2179,2179,64,21,-19,-14,-20
3.453125,73,2179,2179,66,21,-19,-14,-20
3.457031,73,2179,2179,66,21,-19,-14,-20
3.460938,72,2179,2179,66,21,-19,-14,-19
3.464844,72,2179,2179,66,21,-19,-14,-19
3.468750,72,2179,2179,67,21,-19,-14,-20
3.472656,72,2179,2179,67,20,-19,-14,-20
3.476562,71,2179,2179,68,20,-19,-14,-19
3.480469,71,2179,2179,70,21,-19,-14,-19
3.484375,71,2179,2179,73,21,-18,-14,-19
3.488281,71,2179,2179,75,21,-18,-14,-19
3.492188,71,2179,2179,76,21,-18,-13,-19
3.496094,71,2179,2179,77,20,-18,-14,-19
3.500000,70,2179,2179,78,21,-18,-14,-19
3.503906,71,2179,2179,77,21,-18,-14,-19
3.507812,71,2179,2179,78,21,-18,-14,-19
3.511719,70,2179,2179,79,20,-18,-14,-19
3.515625,70,2179,2179,81,21,-19,-13,-19
3.519531,70,2179,2179,82,21,-18,-13,-19
3.523438,70,2179,2179,84,20,-19,-13,-19
3.527344,70,2179,2179,85,20,-19,-13,-19
3.531250,70,2179,2179,87,21,-19,-13,-19
3.535156,71,2179,2179,88,20,-19,-13,-19
3.539062,71,2179,2179,88,20,-18,-14,-20
3.542969,71,2179,2179,89,20,-19,-14,-19
3.546875,71,2179,2179,90,20,-19,-14,-19
3.550781,71,2179,2179,90,20,-19,-14,-19
3.554688,71,2179,2179,91,20,-19,-14,-19
3.558594,71,2179,2179,92,20,-19,-14,-19
3.562500,71,2179,2179,94,20,-19,-14,-19
3.566406,71,2179,2179,95,20,-19,-14,-19
3.570312,71,2179,2179,95,20,-19,-14,-20
3.574219,71,2179,2179,95,20,-19,-14,-20
3.578125,71,2179,2179,96,20,-19,-14,-20
3.582031,71,2179,2179,96,20,-19,-14,-19
3.585938,71,2179,2179,96,20,-19,-14,-19
3.589844,71,2179,2179,96,20,-18,-14,-19
3.593750,71,2179,2179,96,20,-18,-14,-19
3.597656,71,2179,2179,98,21,-18,-14,-19
3.601562,71,2179,2179,99,21,-18,-13,-19
3.605469,71,2179,2179,100,21,-18,-13,-19
3.609375,71,2179,2179,102,21,-18,-13,-19
3.613281,71,2179,2179,103,21,-19,-14,-19
3.617188,71,2179,2179,104,21,-19,-13,-19
3.621094,72,2179,2179,104,21,-19,-14,-19
3.625000,71,2179,2179,104,21,-19,-14,-19
3.628906,71,2179,2179,103,21,-19,-14,-19
3.632812,71,2179,2179,104,21,-19,-14,-19
3.636719,71,2179,2179,104,21,-19,-14,-19
3.640625,71,2179,2179,104,21,-19,-14,-19
3.644531,71,2179,2179,104,20,-19,-14,-19
3.648438,71,2179,2179,105,21,-19,-14,-20
3.652344,72,2179,2179,106,21,-19,-14,-20
3.656250,72,2179,2179,106,20,-19,-14,-18
3.660156,72,2179,2179,107,20,-19,-14,-20
3.664062,71,2179,2179,108,21,-19,-14,-20
3.667969,71,2179,2179,109,21,-19,-14,-19
3.671875,71,2179,2179,109,20,-19,-14,-19
3.675781,71,2179,2179,110,20,-19,-14,-19
3.679688,71,2179,2179,110,20,-19,-14,-19
3.683594,71,2179,2179,110,20,-19,-14,-19
3.687500,71,2179,2179,109,20,-19,-14,-19
3.691406,71,2179,2179,109,20,-19,-14,-19
3.695312,70,2179,2179,109,20,-19,-14,-19
3.699219,70,2179,2179,110,20,-19,-14,-19
3.703125,70,2179,2179,111,20,-19,-14,-19
3.707031,70,2179,2179,111,20,-18,-14,-19
3.710938,70,2179,2179,111,20,-18,-14,-19
3.714844,70,2179,2179,112,20,-18,-14,-19
3.718750,70,2179,2179,112,20,-18,-14,-19
3.722656,70,2179,2179,112,20,-18,-14,-19
3.726562,70,2179,2179,112,20,-18,-14,-19
3.730469,70,2179,2179,112,20,-18,-13,-19
3.734375,70,2179,2179,113,20,-18,-14,-19
3.738281,71,2179,2179,113,20,-18,-14,-20
3.742188,71,2179,2179,114,20,-19,-14,-19
3.746094,71,2179,2179,115,20,-19,-14,-19
3.750000,71,2179,2179,115,20,-19,-14,-19
3.753906,72,2179,2179,115,20,-19,-14,-19
3.757812,72,2179,2179,116,20,-19,-14,-19
3.761719,71,2179,2179,116,20,-19,-14,-20
3.765625,71,2179,2179,117,21,-19,-14,-20
3.769531,72,2179,2179,117,21,-19,-14,-19
3.773438,72,2179,2179,117,20,-19,-14,-20
3.777344,72,2179,2179,117,21,-19,-14,-20
3.781250,72,2179,2179,117,21,-19,-14,-19
3.785156,72,2179,2179,118,21,-19,-14,-20
3.789062,72,2179,2179,118,21,-19,-14,-20
3.792969,72,2179,2179,118,20,-19,-14,-19
3.796875,72,2179,2179,118,21,-19,-14,-19
3.800781,72,2179,2179,118,21,-19,-14,-19
3.804688,72,2179,2179,118,20,-19,-14,-19
3.808594,72,2179,2179,118,21,-19,-14,-19
3.812500,72,2179,2179,118,20,-18,-14,-19
3.816406,72,2179,2179,119,21,-18,-13,-19
3.820312,72,2179,2179,119,21,-18,-14,-19
3.824219,72,2179,2179,119,21,-18,-14,-19
3.828125,72,2179,2179,119,21,-18,-13,-19
3.832031,72,2179,2179,120,21,-18,-14,-19
3.835938,72,2179,2179,120,21,-18,-14,-19
3.839844,73,2179,2179,121,20,-18,-13,-19
3.843750,73,2179,2179,121,20,-18,-13,-19
3.847656,72,2179,2179,122,21,-19,-14,-19
3.851562,72,2179,2179,122,21,-19,-13,-19
3.855469,73,2179,2179,121,20,-18,-14,-19
3.859375,73,2179,2179,121,20,-19,-13,-19
3.863281,73,2179,2179,122,21,-19,-14,-19
3.867188,73,2179,2179,122,21,-19,-14,-20
3.871094,73,2179,2179,122,20,-19,-14,-19
3.875000,73,2179,2179,122,20,-19,-14,-20
3.878906,73,2179,2179,123,20,-19,-14,-19
3.882812,73,2179,2179,124,20,-19,-14,-20
3.886719,72,2179,2179,124,21,-19,-14,-19
3.890625,72,2179,2179,124,20,-19,-14,-20
3.894531,72,2179,2179,124,20,-19,-14,-20
3.898438,72,2179,2179,125,21,-19,-14,-20
3.902344,72,2179,2179,124,21,-19,-14,-19
3.906250,72,2179,2179,124,20,-19,-14,-19
3.910156,72,2179,2179,124,20,-19,-14,-19
3.914062,72,2179,2179,124,21,-19,-15,-20
3.917969,72,2179,2179,125,21,-19,-14,-20
3.921875,72,2179,2179,124,20,-19,-14,-19
3.925781,72,2179,2179,125,20,-19,-14,-19
3.929688,71,2179,2179,125,20,-19,-14,-19
3.933594,71,2179,2179,126,20,-19,-14,-19
3.937500,71,2179,2179,126,20,-18,-14,-19
3.941406,71,2179,2179,126,20,-19,-14,-19
3.945312,71,2179,2179,126,20,-18,-14,-19
3.949219,71,2179,2179,126,21,-18,-14,-19
3.953125,71,2179,2179,126,21,-18,-13,-19
3.957031,71,2179,2179,125,20,-19,-13,-19
3.960938,70,2179,2179,125,20,-18,-14,-19
3.964844,70,2179,2179,125,21,-18,-14,-19
3.968750,70,2179,2179,126,21,-18,-14,-19
3.972656,70,2179,2179,126,20,-18,-14,-19
3.976562,70,2179,2179,127,20,-18,-14,-20
3.980469,70,2179,2179,128,21,-18,-14,-19
3.984375,70,2179,2179,128,21,-19,-14,-19
3.988281,70,2179,2179,129,21,-19,-14,-19
3.992188,70,2179,2179,129,20,-19,-14,-20
3.996094,69,2179,2179,129,20,-19,-14,-20
4.000000,69,2179,2179,130,21,-19,-14,-20
4.003906,69,2179,2179,129,21,-19,-14,-20
4.007812,69,2179,2179,129,20,-19,-14,-19
4.011719,68,2179,2179,128,20,-19,-14,-20
4.015625,68,2179,2179,129,21,-19,-14,-20
4.019531,69,2179,2179,129,21,-19,-14,-20
4.023438,69,2179,2179,128,20,-19,-14,-19
4.027344,68,2179,2179,129,20,-19,-14,-20
4.031250,68,2179,2179,129,21,-19,-14,-19
4.035156,68,2179,2179,129,21,-19,-13,-19
4.039062,68,2179,2179,129,21,-18,-13,-19
4.042969,67,2179,2179,129,21,-18,-13,-19
4.046875,67,2179,2179,130,21,-18,-13,-19
4.050781,67,2179,2179,130,21,-18,-13,-19
4.054688,67,2179,2179,130,21,-18,-13,-19
4.058594,66,2179,2179,131,21,-18,-13,-19
4.062500,66,2179,2179,132,21,-18,-13,-19
4.066406,66,2179,2179,132,21,-18,-13,-19
4.070312,66,2179,2179,133,21,-18,-13,-19
4.074219,66,2179,2179,132,20,-18,-13,-19
4.078125,65,2179,2179,133,21,-19,-14,-19
4.082031,65,2179,2179,133,21,-19,-14,-19
4.085938,65,2179,2179,133,21,-18,-14,-19
4.089844,65,2179,2179,133,20,-18,-14,-19
4.093750,64,2179,2179,133,20,-19,-14,-20
4.097656,63,2179,2179,133,20,-18,-14,-19
4.101562,63,2179,2179,133,20,-19,-14,-19
4.105469,63,2179,2179,132,20,-19,-14,-19
4.109375,62,2179,2179,132,20,-19,-14,-19
4.113281,61,2179,2179,133,20,-19,-14,-19
4.117188,60,2179,2179,133,20,-19,-14,-20
4.121094,59,2179,2179,133,20,-19,-14,-20
4.125000,58,2179,2179,133,20,-19,-14,-20
4.128906,57,2179,2179,133,20,-19,-14,-20
4.132812,55,2179,2179,134,20,-19,-14,-20
4.136719,54,2179,2179,134,20,-19,-14,-20
4.140625,53,2179,2179,135,20,-19,-14,-19
4.144531,51,2179,2179,135,20,-19,-14,-19
4.148438,50,2179,2179,135,20,-19,-14,-19
4.152344,49,2179,2179,135,21,-18,-14,-19
4.156250,48,2179,2179,135,20,-18,-14,-19
4.160156,47,2179,2179,135,20,-18,-14,-19
4.164062,46,2179,2179,135,21,-18,-13,-19
4.167969,45,2179,2179,135,21,-18,-14,-19
4.171875,44,2179,2179,135,20,-18,-14,-19
4.175781,44,2179,2179,135,21,-19,-14,-19
4.179688,43,2179,2179,135,21,-19,-14,-19
4.183594,42,2179,2179,135,21,-18,-14,-19
4.187500,42,2179,2179,135,21,-19,-14,-19
4.191406,41,2179,2179,135,21,-19,-14,-19
4.195312,41,2179,2179,135,20,-19,-14,-19
4.199219,40,2179,2179,136,21,-19,-14,-19
4.203125,40,2179,2179,136,21,-18,-14,-19
4.207031,40,2179,2179,135,20,-19,-14,-19
4.210938,40,2179,2179,136,20,-19,-14,-19
4.214844,40,2179,2179,136,21,-19,-14,-20
4.218750,40,2179,2179,136,21,-19,-14,-19
4.222656,40,2179,2179,135,21,-19,-14,-20
4.226562,40,2179,2179,135,21,-19,-14,-19
4.230469,40,2179,2179,135,21,-19,-14,-19
4.234375,40,2179,2179,135,21,-19,-14,-19
4.238281,40,2179,2179,135,21,-19,-14,-19
4.242188,40,2179,2179,135,21,-19,-14,-19
4.246094,39,2179,2179,136,21,-19,-14,-19
4.250000,39,2179,2179,136,21,-19,-14,-19
4.253906,39,2179,2179,137,21,-19,-14,-19
4.257812,39,2179,2179,136,21,-19,-14,-19
4.261719,39,2179,2179,136,21,-19,-14,-19
4.265625,38,2179,2179,136,21,-18,-14,-19
4.269531,39,2179,2179,136,21,-18,-14,-19
4.273438,39,2179,2179,135,21,-18,-14,-19
4.277344,38,2179,2179,134,21,-18,-14,-19
4.281250,38,2179,2179,134,21,-18,-14,-19
4.285156,38,2179,2179,134,20,-18,-14,-19
4.289062,39,2179,2179,134,20,-18,-13,-19
4.292969,39,2179,2179,134,20,-18,-14,-19
4.296875,38,2179,2179,134,20,-19,-13,-19
4.300781,38,2179,2179,134,20,-18,-14,-19
4.304688,39,2179,2179,134,20,-18,-14,-19
4.308594,39,2179,2179,134,20,-18,-14,-19
4.312500,38,2179,2179,135,20,-18,-14,-19
4.316406,38,2179,2179,135,21,-18,-14,-19
4.320312,38,2179,2179,135,21,-19,-14,-19
4.324219,38,2179,2179,134,20,-19,-14,-20
4.328125,38,2179,2179,134,20,-19,-14,-20
4.332031,38,2179,2179,134,21,-19,-14,-20
4.335938,38,2179,2179,133,21,-19,-14,-20
4.339844,38,2179,2179,133,20,-19,-14,-19
4.343750,38,2179,2179,133,20,-19,-14,-19
4.347656,38,2179,2179,133,21,-19,-14,-19
4.351562,38,2179,2179,134,21,-18,-14,-19
4.355469,38,2179,2179,134,20,-19,-14,-19
4.359375,38,2179,2179,134,20,-19,-14,-19
4.363281,37,2179,2179,134,20,-19,-14,-19
4.367188,37,2179,2179,134,21,-19,-14,-20
4.371094,38,2179,2179,134,21,-19,-14,-19
4.375000,38,2179,2179,134,20,-19,-14,-19
4.378906,37,2179,2179,134,20,-19,-13,-19
4.382812,37,2179,2179,135,21,-18,-13,-19
4.386719,38,2179,2179,135,20,-18,-13,-19
4.390625,38,2179,2179,135,20,-18,-13,-19
4.394531,38,2179,2179,135,20,-18,-14,-19
4.398438,38,2179,2179,135,21,-18,-14,-19
4.402344,38,2179,2179,135,21,-18,-14,-19
4.406250,38,2179,2179,134,20,-19,-14,-19
4.410156,38,2179,2179,134,20,-19,-14,-19
4.414062,38,2179,2179,133,21,-19,-13,-19
4.417969,38,2179,2179,133,21,-18,-14,-19
4.421875,38,2179,2179,132,20,-15,-14,-19
4.425781,38,2179,2179,132,20,-19,-13,-19
4.429688,38,2179,2179,133,21,-18,-14,-19
4.433594,38,2179,2179,133,21,-19,-14,-19
4.437500,39,2179,2179,133,21,-19,-14,-19
4.441406,38,2179,2179,133,20,-19,-14,-19
4.445312,38,2179,2179,133,20,-19,-14,-19
4.449219,38,2179,2179,134,21,-19,-14,-19
4.453125,38,2179,2179,134,21,-19,-14,-19
4.457031,38,2179,2179,134,21,-19,-14,-19
4.460938,38,2179,2179,134,20,-19,-14,-20
4.464844,38,2179,2179,134,21,-19,-14,-19
4.468750,38,2179,2179,134,21,-19,-14,-19
4.472656,38,2179,2179,133,21,-19,-14,-19
4.476562,38,2179,2179,133,21,-19,-14,-19
4.480469,37,2179,2179,133,21,-19,-14,-19
4.484375,37,2179,2179,133,21,-19,-14,-19
4.488281,38,2179,2179,133,21,-18,-14,-19
4.492188,38,2179,2179,134,21,-18,-13,-19
4.496094,38,2179,2179,134,21,-18,-13,-19
4.500000,38,2179,2179,134,21,-18,-13,-19
4.503906,38,2179,2179,134,21,-18,-13,-19
4.507812,38,2179,2179,133,20,-18,-13,-19
4.511719,38,2179,2179,133,20,-19,-13,-19
4.515625,38,2179,2179,133,21,-19,-14,-19
4.519531,38,2179,2179,134,21,-18,-14,-19
4.523438,38,2179,2179,134,20,-18,-14,-19
4.527344,38,2179,2179,134,20,-19,-14,-19
4.531250,38,2179,2179,135,20,-19,-14,-19
4.535156,38,2179,2179,135,20,-18,-14,-19
4.539062,38,2179,2179,135,20,-18,-13,-19
4.542969,38,2179,2179,134,20,-18,-14,-19
4.546875,38,2179,2179,134,20,-26,-14,-19
4.550781,38,2179,2179,133,20,-19,-14,-19
4.554688,38,2179,2179,132,20,-19,-14,-19
4.558594,38,2179,2179,132,20,-19,-14,-19
4.562500,38,2179,2179,132,20,-19,-14,-19
4.566406,38,2179,2179,132,20,-19,-14,-19
4.570312,38,2179,2179,133,20,-18,-14,-19
4.574219,38,2179,2179,133,20,-19,-14,-19
4.578125,38,2179,2179,133,20,-19,-14,-19
4.582031,37,2179,2179,133,21,-19,-14,-19
4.585938,38,2179,2179,133,21,-19,-14,-19
4.589844,38,2179,2179,133,21,-19,-14,-19
4.593750,37,2179,2179,133,20,-19,-14,-19
4.597656,37,2179,2179,133,21,-19,-14,-19
4.601562,37,2179,2179,133,21,-19,-14,-19
4.605469,38,2179,2179,133,20,-18,-14,-19
4.609375,37,2179,2179,133,21,-19,-14,-19
4.613281,37,2179,2179,133,21,-18,-14,-19
4.617188,37,2179,2179,133,21,-18,-14,-19
4.621094,37,2179,2179,133,21,-18,-14,-19
4.625000,37,2179,2179,133,21,-18,-14,-19
4.628906,37,2179,2179,133,21,-19,-14,-19
4.632812,37,2179,2179,133,21,-18,-14,-19
4.636719,37,2179,2179,133,21,-19,-14,-19
4.640625,37,2179,2179,133,21,-18,-14,-19
4.644531,37,2179,2179,133,21,-18,-14,-19
4.648438,37,2179,2179,133,21,-18,-14,-19
4.652344,37,2179,2179,133,21,-18,-14,-19
4.656250,37,2179,2179,132,20,-18,-14,-19
4.660156,37,2179,2179,131,20,-19,-14,-19
4.664062,36,2179,2179,130,21,-19,-14,-19
4.667969,36,2179,2179,129,21,-19,-14,-20
4.671875,36,2179,2179,127,21,-14,-14,-20
4.675781,35,2179,2179,126,20,-19,-14,-19
4.679688,35,2179,2179,124,21,-19,-14,-19
4.683594,35,2179,2179,122,21,-19,-14,-20
4.687500,35,2179,2179,120,20,-19,-14,-20
4.691406,35,2179,2179,117,20,-19,-14,-19
4.695312,34,2179,2179,113,20,-19,-14,-19
4.699219,34,2179,2179,108,20,-19,-14,-19
4.703125,34,2179,2179,100,20,-19,-14,-19
4.707031,33,2179,2179,91,20,-19,-14,-19
4.710938,32,2179,2179,80,20,-19,-14,-19
4.714844,32,2179,2179,70,20,-18,-13,-19
4.718750,32,2179,2179,60,20,-18,-14,-19
4.722656,32,2179,2179,51,20,-19,-13,-19
4.726562,31,2179,2179,44,20,-18,-14,-19
4.730469,30,2179,2179,39,20,-18,-14,-19
4.734375,30,2179,2179,37,20,-18,-14,-19
4.738281,29,2179,2179,35,20,-19,-14,-19
4.742188,28,2179,2179,34,20,-18,-14,-19
4.746094,27,2179,2179,33,20,-18,-14,-19
4.750000,26,2179,2179,33,20,-18,-14,-19
4.753906,25,2179,2179,31,20,-18,-14,-19
4.757812,24,2179,2179,30,20,-18,-14,-19
4.761719,23,2179,2179,29,20,-18,-14,-19
4.765625,23,2179,2179,29,20,-19,-14,-20
4.769531,24,2179,2179,28,20,-19,-14,-19
4.773438,25,2179,2179,28,20,-19,-14,-19
4.777344,25,2179,2179,28,20,-19,-14,-19
4.781250,26,2179,2179,28,21,-19,-14,-19
4.785156,26,2179,2179,28,21,-19,-14,-19
4.789062,26,2179,2179,28,21,-19,-14,-19
4.792969,25,2179,2179,28,21,-19,-14,-19
4.796875,24,2179,2179,28,21,-21,-14,-19
4.800781,22,2179,2179,28,21,-19,-14,-19
4.804688,21,2179,2179,28,21,-19,-14,-19
4.808594,19,2179,2179,28,21,-19,-14,-19
4.812500,17,2179,2179,28,21,-19,-14,-19
4.816406,15,2179,2179,28,21,-18,-14,-19
4.820312,13,2179,2179,28,21,-19,-14,-19
4.824219,12,2179,2179,28,20,-19,-14,-19
4.828125,10,2179,2179,28,20,-18,-14,-19
4.832031,8,2179,2179,28,21,-18,-14,-19
4.835938,8,2179,2179,28,21,-18,-13,-19
4.839844,6,2179,2179,28,21,-18,-13,-19
4.843750,5,2179,2179,28,21,-18,-13,-19
4.847656,4,2179,2179,28,21,-18,-14,-19
4.851562,4,2179,2179,27,21,-18,-13,-19
4.855469,3,2179,2179,27,21,-19,-14,-19
4.859375,3,2179,2179,27,21,-18,-13,-19
4.863281,2,2179,2179,27,21,-18,-13,-19
4.867188,1,2179,2179,27,21,-18,-14,-19
4.871094,1,2179,2179,26,20,-18,-14,-19
4.875000,1,2179,2179,26,20,-18,-14,-19
4.878906,0,2179,2179,26,20,-18,-14,-19
4.882812,-1,2179,2179,26,20,-18,-14,-19
4.886719,-1,2179,2179,26,20,-19,-14,-19
4.890625,-2,2179,2179,26,20,-19,-14,-19
4.894531,-3,2179,2179,25,20,-19,-14,-20
4.898438,-3,2179,2179,26,20,-19,-14,-19
4.902344,-3,2179,2179,26,20,-19,-14,-19
4.906250,-3,2179,2179,25,20,-19,-14,-19
4.910156,-3,2179,2179,26,20,-19,-14,-20
4.914062,-4,2179,2179,26,20,-19,-14,-19
4.917969,-4,2179,2179,26,21,-19,-14,-20
4.921875,-4,2179,2179,26,20,-17,-14,-19
4.925781,-5,2179,2179,26,20,-19,-14,-19
4.929688,-5,2179,2179,26,22,-19,-14,-19
4.933594,-6,2179,2179,26,21,-19,-14,-19
4.937500,-6,2179,2179,26,21,-19,-14,-19
4.941406,-6,2179,2179,26,20,-19,-14,-19
4.945312,-6,2179,2179,26,20,-18,-14,-19
4.949219,-6,2179,2179,26,21,-18,-13,-19
4.953125,-5,2179,2179,26,21,-18,-13,-19
4.957031,-5,2179,2179,26,20,-18,-13,-19
4.960938,-5,2179,2179,26,20,-18,-13,-19
4.964844,-5,2179,2179,26,21,-18,-14,-19
4.968750,-5,2179,2179,26,21,-18,-13,-19
4.972656,-4,2179,2179,26,21,-18,-13,-19
4.976562,-4,2179,2179,26,21,-18,-13,-19
4.980469,-4,2179,2179,26,21,-19,-14,-19
4.984375,-4,2179,2179,26,21,-18,-14,-19
4.988281,-3,2179,2179,26,20,-18,-14,-19
4.992188,-3,2179,2179,26,20,-19,-14,-19
4.996094,-3,2179,2179,26,20,-18,-14,-19
5.000000,-3,2179,2179,26,21,-19,-14,-19
5.003906,-3,2179,2179,26,20,-18,-14,-19
5.007812,-3,2179,2179,26,20,-19,-14,-19
5.011719,-3,2179,2179,26,20,-19,-14,-19
5.015625,-3,2179,2179,26,21,-19,-14,-19
5.019531,-2,2179,2179,26,21,-19,-14,-19
5.023438,-2,2179,2179,26,20,-19,-14,-19
5.027344,-2,2179,2179,26,20,-19,-14,-19
5.031250,-2,2179,2179,26,21,-19,-14,-19
5.035156,-2,2179,2179,26,21,-19,-14,-20
5.039062,-2,2179,2179,26,21,-19,-14,-19
5.042969,-3,2179,2179,26,21,-19,-14,-19
5.046875,-3,2179,2179,26,21,-19,-14,-19
5.050781,-3,2179,2179,26,21,-18,-14,-19
5.054688,-3,2179,2179,26,20,-18,-14,-19
5.058594,-3,2179,2179,26,21,-18,-14,-19
5.062500,-3,2179,2179,26,21,-18,-14,-19
5.066406,-3,2179,2179,26,21,-18,-14,-19
5.070312,-3,2179,2179,27,21,-18,-14,-19
5.074219,-2,2179,2179,26,21,-19,-14,-19
5.078125,-3,2179,2179,26,21,-18,-14,-19
5.082031,-3,2179,2179,26,21,-19,-14,-19
5.085938,-2,2179,2179,26,21,-19,-14,-19
5.089844,-2,2179,2179,26,21,-19,-14,-19
5.093750,-2,2179,2179,26,20,-19,-14,-19
5.097656,-2,2179,2179,26,21,-19,-14,-19
5.101562,-1,2179,2179,26,20,-18,-14,-19
5.105469,0,2179,2179,25,20,-18,-14,-20
5.109375,0,2179,2179,25,20,-19,-14,-19
5.113281,0,2179,2179,25,20,-19,-14,-20
5.117188,0,2179,2179,25,20,-19,-14,-20
5.121094,0,2179,2179,25,20,-19,-14,-20
5.125000,0,2179,2179,25,20,-19,-14,-19
5.128906,0,2179,2179,25,20,-19,-14,-20
5.132812,-1,2179,2179,26,20,-19,-14,-20
5.136719,0,2179,2179,26,20,-19,-14,-20
5.140625,0,2179,2179,25,20,-19,-14,-19
5.144531,0,2179,2179,25,20,-19,-14,-19
5.148438,0,2179,2179,26,20,-19,-14,-20
5.152344,0,2179,2179,26,20,-19,-14,-20
5.156250,0,2179,2179,26,20,-19,-14,-20
5.160156,0,2179,2179,26,20,-19,-14,-19
5.164062,0,2179,2179,26,21,-18,-14,-19
5.167969,0,2179,2179,26,21,-18,-14,-19
5.171875,0,2179,2179,26,20,-18,-13,-19
5.175781,0,2179,2179,26,20,-18,-13,-19
5.179688,0,2179,2179,26,19,-18,-14,-19
5.183594,0,2179,2179,26,21,-18,-14,-19
5.187500,1,2179,2179,26,21,-19,-13,-19
5.191406,1,2179,2179,26,21,-18,-14,-19
5.195312,0,2179,2179,26,21,-19,-14,-19
5.199219,0,2179,2179,26,21,-18,-14,-19
5.203125,0,2179,2179,26,21,-19,-14,-19
5.207031,0,2179,2179,26,20,-19,-14,-19
5.210938,0,2179,2179,26,20,-18,-14,-19
5.214844,0,2179,2179,26,20,-19,-14,-19
5.218750,0,2179,2179,26,21,-19,-14,-19
5.222656,0,2179,2179,26,20,-19,-14,-20
5.226562,0,2179,2179,25,20,-19,-14,-19
5.230469,-1,2179,2179,26,21,-19,-14,-19
5.234375,-1,2179,2179,26,21,-19,-14,-19
5.238281,0,2179,2179,26,21,-19,-14,-19
5.242188,0,2179,2179,26,21,-19,-14,-19
5.246094,-1,2179,2179,26,20,-19,-14,-19
5.250000,-1,2179,2179,26,21,-19,-14,-19
5.253906,0,2179,2179,26,21,-19,-14,-19
5.257812,0,2179,2179,26,20,-19,-14,-19
5.261719,-1,2179,2179,26,20,-19,-14,-19
5.265625,-1,2179,2179,26,21,-19,-14,-19
5.269531,-1,2179,2179,26,21,-18,-14,-19
5.273438,-1,2179,2179,26,21,-18,-14,-19
5.277344,0,2179,2179,26,20,-18,-14,-19
5.281250,-1,2179,2179,26,21,-19,-14,-19
5.285156,-1,2179,2179,26,21,-19,-14,-19
5.289062,0,2179,2179,25,20,-19,-14,-19
5.292969,0,2179,2179,25,20,-19,-14,-19
5.296875,0,2179,2179,26,20,-19,-14,-19
5.300781,1,2179,2179,26,20,-18,-14,-19
5.304688,1,2179,2179,25,19,-19,-14,-19
5.308594,1,2179,2179,26,20,-18,-14,-19
5.312500,1,2179,2179,26,20,-18,-14,-19
5.316406,1,2179,2179,26,20,-18,-14,-19
5.320312,2,2179,2179,26,20,-18,-14,-19
5.324219,2,2179,2179,25,20,-19,-14,-19
5.328125,2,2179,2179,25,20,-19,-14,-19
5.332031,2,2179,2179,26,20,-19,-14,-20
5.335938,3,2179,2179,26,20,-19,-14,-20
5.339844,3,2179,2179,26,20,-19,-14,-20
5.343750,3,2179,2179,26,20,-19,-14,-20
5.347656,3,2179,2179,26,20,-19,-14,-19
5.351562,3,2179,2179,26,20,-19,-14,-19
5.355469,3,2179,2179,26,20,-19,-14,-20
5.359375,3,2179,2179,26,20,-19,-14,-20
5.363281,2,2179,2179,26,20,-19,-14,-20
5.367188,2,2179,2179,26,21,-19,-14,-20
5.371094,3,2179,2179,26,21,-19,-14,-19
5.375000,3,2179,2179,26,20,-19,-14,-19
5.378906,3,2179,2179,26,21,-19,-14,-19
5.382812,3,2179,2179,26,21,-19,-14,-19
5.386719,3,2179,2179,26,21,-19,-14,-19
5.390625,3,2179,2179,26,21,-18,-14,-19
5.394531,3,2179,2179,26,21,-19,-14,-19
5.398438,3,2179,2179,26,21,-19,-14,-19
5.402344,3,2179,2179,26,21,-18,-14,-19
5.406250,3,2179,2179,26,21,-19,-14,-19
5.410156,4,2179,2179,26,21,-19,-14,-19
5.414062,3,2179,2179,26,21,-19,-14,-19
5.417969,3,2179,2179,26,21,-18,-14,-19
5.421875,4,2179,2179,26,21,-18,-14,-19
5.425781,4,2179,2179,26,21,-18,-14,-19
5.429688,3,2179,2179,26,20,-19,-14,-19
5.433594,3,2179,2179,26,21,-18,-14,-19
5.437500,4,2179,2179,27,21,-18,-14,-19
5.441406,4,2179,2179,26,20,-19,-14,-19
5.445312,3,2179,2179,26,20,-19,-14,-19
5.449219,3,2179,2179,26,21,-19,-14,-19
5.453125,4,2179,2179,26,21,-19,-14,-19
5.457031,4,2179,2179,26,20,-19,-14,-19
5.460938,4,2179,2179,26,20,-19,-14,-19
5.464844,4,2179,2179,26,21,-19,-14,-20
5.468750,4,2179,2179,26,21,-19,-14,-19
5.472656,4,2179,2179,26,20,-19,-14,-19
5.476562,4,2179,2179,26,20,-19,-14,-19
5.480469,3,2179,2179,26,20,-19,-14,-19
5.484375,3,2179,2179,26,20,-18,-14,-19
5.488281,3,2179,2179,26,20,-18,-14,-19
5.492188,3,2179,2179,26,20,-18,-14,-19
5.496094,2,2179,2179,26,20,-18,-14,-19
5.500000,2,2179,2179,26,21,-19,-14,-19
5.503906,2,2179,2179,26,21,-18,-14,-19
5.507812,2,2179,2179,26,20,-18,-14,-19
5.511719,2,2179,2179,25,20,-18,-14,-19
5.515625,2,2179,2179,26,20,-18,-14,-19
5.519531,3,2179,2179,26,20,-18,-14,-19
5.523438,3,2179,2179,25,20,-18,-14,-19
5.527344,3,2179,2179,25,20,-18,-14,-19
5.531250,3,2179,2179,26,20,-18,-14,-19
5.535156,3,2179,2179,25,20,-18,-14,-19
5.539062,3,2179,2179,25,20,-19,-14,-19
5.542969,3,2179,2179,25,20,-19,-14,-19
5.546875,3,2179,2179,26,20,-19,-14,-19
5.550781,3,2179,2179,26,20,-18,-13,-19
5.554688,4,2179,2179,25,20,-18,-14,-20
5.558594,3,2179,2179,26,20,-19,-14,-19
5.562500,3,2179,2179,26,20,-19,-14,-20
5.566406,3,2179,2179,26,21,-19,-14,-20
5.570312,4,2179,2179,26,21,-19,-14,-20
5.574219,5,2179,2179,26,21,-19,-14,-19
5.578125,5,2179,2179,26,21,-19,-14,-19
5.582031,5,2179,2179,26,21,-19,-14,-19
5.585938,6,2179,2179,26,21,-19,-14,-19
5.589844,6,2179,2179,26,21,-19,-14,-20
5.593750,6,2179,2179,26,20,-19,-14,-20
5.597656,6,2179,2179,26,21,-19,-14,-19
5.601562,6,2179,2179,26,21,-18,-14,-19
5.605469,6,2179,2179,26,21,-18,-14,-19
5.609375,6,2179,2179,26,21,-18,-14,-19
5.613281,6,2179,2179,26,21,-18,-13,-19
5.617188,7,2179,2179,26,21,-18,-14,-19
5.621094,7,2179,2179,26,21,-19,-14,-19
5.625000,8,2179,2179,26,21,-19,-13,-19
5.628906,8,2179,2179,26,21,-19,-13,-19
5.632812,8,2179,2179,26,21,-19,-14,-19
5.636719,9,2179,2179,26,21,-19,-14,-19
5.640625,9,2179,2179,26,21,-19,-14,-19
5.644531,9,2179,2179,26,21,-19,-14,-19
5.648438,9,2179,2179,27,21,-18,-14,-19
5.652344,9,2179,2179,26,21,-19,-14,-19
5.656250,9,2179,2179,26,21,-19,-14,-19
5.660156,9,2179,2179,26,21,-19,-14,-19
5.664062,10,2179,2179,26,21,-19,-14,-19
5.667969,10,2179,2179,26,21,-19,-14,-19
5.671875,10,2179,2179,26,20,-19,-14,-19
5.675781,10,2179,2179,26,20,-19,-14,-20
5.679688,10,2179,2179,26,20,-19,-14,-20
5.683594,11,2179,2179,26,21,-19,-14,-19
5.687500,11,2179,2179,25,20,-19,-14,-19
5.691406,11,2179,2179,26,20,-19,-14,-19
5.695312,11,2179,2179,26,20,-19,-14,-19
5.699219,12,2179,2179,26,20,-19,-14,-19
5.703125,12,2179,2179,26,20,-19,-14,-19
5.707031,12,2179,2179,25,20,-19,-14,-19
5.710938,12,2179,2179,25,20,-19,-14,-19
5.714844,12,2179,2179,26,20,-19,-14,-19
5.718750,13,2179,2179,26,20,-19,-14,-19
5.722656,13,2179,2179,25,20,-19,-14,-19
5.726562,13,2179,2179,25,20,-19,-14,-19
5.730469,13,2179,2179,26,20,-19,-14,-19
5.734375,14,2179,2179,26,20,-18,-14,-19
5.738281,14,2179,2179,25,20,-19,-14,-19
5.742188,14,2179,2179,26,20,-19,-14,-19
5.746094,15,2179,2179,26,20,-19,-14,-19
5.750000,15,2179,2179,26,21,-19,-14,-19
5.753906,15,2179,2179,26,21,-18,-14,-19
5.757812,16,2179,2179,26,20,-18,-14,-19
5.761719,16,2179,2179,26,20,-18,-14,-19
5.765625,16,2179,2179,26,21,-18,-14,-19
5.769531,17,2179,2179,26,21,-18,-14,-19
5.773438,17,2179,2179,25,20,-18,-14,-19
5.777344,18,2179,2179,25,20,-18,-14,-19
5.781250,18,2179,2179,26,21,-19,-14,-19
5.785156,19,2179,2179,26,21,-19,-14,-19
5.789062,19,2179,2179,26,20,-19,-14,-19
5.792969,20,2179,2179,26,20,-19,-14,-19
5.796875,20,2179,2179,26,21,-19,-14,-19
5.800781,21,2179,2179,26,21,-19,-14,-19
5.804688,21,2179,2179,26,21,-19,-14,-20
5.808594,22,2179,2179,26,21,-19,-14,-20
5.812500,22,2179,2179,25,20,-19,-14,-20
5.816406,23,2179,2179,26,21,-19,-14,-20
5.820312,24,2179,2179,26,21,-19,-14,-19
5.824219,25,2179,2179,25,20,-19,-14,-20
5.828125,25,2179,2179,25,20,-19,-14,-19
5.832031,25,2179,2179,26,21,-19,-14,-19
5.835938,27,2179,2179,26,21,-19,-14,-19
5.839844,27,2179,2179,26,21,-19,-14,-18
5.843750,28,2179,2179,26,21,-18,-14,-19
5.847656,29,2179,2179,26,21,-18,-14,-19
5.851562,30,2179,2179,26,21,-18,-14,-19
5.855469,31,2179,2179,26,21,-18,-14,-19
5.859375,33,2179,2179,26,21,-18,-14,-19
5.863281,33,2179,2179,26,21,-18,-14,-19
5.867188,34,2179,2179,26,21,-18,-14,-19
5.871094,35,2179,2179,26,21,-18,-14,-19
5.875000,35,2179,2179,26,20,-18,-14,-19
5.878906,36,2179,2179,26,20,-18,-14,-19
5.882812,36,2179,2179,26,20,-18,-14,-19
5.886719,38,2179,2179,26,20,-18,-14,-19
5.890625,38,2179,2179,25,20,-18,-14,-19
5.894531,39,2179,2179,26,20,-19,-14,-19
5.898438,40,2179,2179,26,20,-18,-14,-19
5.902344,41,2179,2179,26,20,-19,-14,-19
5.906250,42,2179,2179,25,20,-19,-14,-19
5.910156,42,2179,2179,26,20,-19,-14,-19
5.914062,43,2179,2179,26,20,-19,-14,-19
5.917969,43,2179,2179,26,20,-19,-14,-20
5.921875,44,2179,2179,25,20,-19,-14,-20
5.925781,45,2179,2179,25,20,-19,-14,-20
5.929688,45,2179,2179,26,20,-19,-14,-19
5.933594,46,2179,2179,26,21,-19,-14,-19
5.937500,47,2179,2179,25,20,-19,-14,-19
5.941406,48,2179,2179,25,20,-19,-14,-19
5.945312,48,2179,2179,25,20,-18,-13,-19
5.949219,49,2179,2179,26,20,-18,-13,-19
5.953125,50,2179,2179,26,20,-18,-13,-19
5.957031,51,2179,2179,25,20,-18,-13,-19
5.960938,51,2179,2179,26,20,-18,-13,-19
5.964844,51,2179,2179,26,20,-18,-13,-19
5.968750,51,2179,2179,26,21,-18,-13,-19
5.972656,52,2179,2179,26,20,-18,-13,-19
5.976562,52,2179,2179,26,21,-19,-14,-19
5.980469,52,2179,2179,26,21,-19,-14,-19
5.984375,53,2179,2179,26,21,-19,-14,-19
5.988281,54,2179,2179,26,20,-19,-14,-19
5.992188,54,2179,2179,26,20,-19,-14,-19
5.996094,55,2179,2179,26,20,-19,-14,-19
6.000000,55,2179,2179,26,21,-19,-14,-19
6.003906,56,2179,2179,26,21,-19,-14,-20
6.007812,56,2179,2179,26,20,-19,-14,-19
6.011719,56,2179,2179,26,20,-19,-14,-19
6.015625,57,2179,2179,26,21,-19,-14,-19
6.019531,58,2179,2179,26,21,-19,-14,-19
6.023438,58,2179,2179,26,21,-19,-14,-19
6.027344,58,2179,2179,26,21,-19,-14,-19
6.031250,59,2179,2179,26,21,-19,-14,-19
6.035156,59,2179,2179,26,21,-19,-14,-19
6.039062,60,2179,2179,26,21,-18,-14,-19
6.042969,60,2179,2179,26,21,-19,-14,-19
6.046875,60,2179,2179,26,21,-19,-14,-19
6.050781,60,2179,2179,26,21,-19,-14,-19
6.054688,61,2179,2179,26,21,-19,-14,-19
6.058594,61,2179,2179,26,21,-18,-14,-19
6.062500,61,2179,2179,26,21,-19,-13,-19
6.066406,62,2179,2179,26,21,-18,-13,-19
6.070312,63,2179,2179,26,21,-18,-13,-19
6.074219,63,2179,2179,26,20,-18,-14,-19
6.078125,63,2179,2179,26,20,-19,-14,-19
6.082031,64,2179,2179,26,21,-18,-14,-19
6.085938,64,2179,2179,26,21,-18,-14,-19
6.089844,65,2179,2179,26,20,-18,-13,-19
6.093750,65,2179,2179,26,20,-18,-13,-19
6.097656,65,2179,2179,26,20,-18,-15,-20
6.101562,66,2179,2179,26,20,-18,-13,-19
6.105469,66,2179,2179,26,20,-18,-14,-19
6.109375,67,2179,2179,26,20,-19,-14,-19
6.113281,67,2179,2179,26,20,-19,-14,-19
6.117188,67,2179,2179,26,20,-19,-14,-20
6.121094,67,2179,2179,26,20,-19,-14,-20
6.125000,68,2179,2179,25,20,-19,-14,-19
6.128906,67,2179,2179,25,20,-19,-14,-19
6.132812,68,2179,2179,25,20,-19,-14,-19
6.136719,68,2179,2179,25,20,-19,-14,-20
6.140625,69,2179,2179,25,20,-19,-14,-19
6.144531,69,2179,2179,26,20,-19,-14,-20
6.148438,70,2179,2179,26,20,-19,-14,-20
6.152344,70,2179,2179,27,20,-19,-14,-19
6.156250,70,2179,2179,27,20,-19,-14,-20
6.160156,71,2179,2179,28,20,-19,-14,-19
6.164062,70,2179,2179,28,20,-19,-14,-19
6.167969,70,2179,2179,28,20,-19,-14,-19
6.171875,71,2179,2179,28,20,-18,-13,-19
6.175781,71,2179,2179,28,20,-18,-13,-19
6.179688,71,2179,2179,28,21,-18,-14,-19
6.183594,72,2179,2179,28,21,-18,-14,-19
6.187500,72,2179,2179,28,21,-18,-13,-19
6.191406,72,2179,2179,28,20,-18,-14,-19
6.195312,72,2179,2179,28,20,-19,-14,-19
6.199219,72,2179,2179,28,21,-18,-14,-19
6.203125,72,2179,2179,28,21,-19,-14,-19
6.207031,73,2179,2179,28,20,-18,-14,-19
6.210938,72,2179,2179,28,21,-18,-14,-19
6.214844,73,2179,2179,28,21,-19,-14,-19
6.218750,73,2179,2179,28,21,-19,-14,-19
6.222656,73,2179,2179,28,20,-19,-13,-19
6.226562,74,2179,2179,29,20,-19,-13,-19
6.230469,73,2179,2179,30,21,-19,-14,-20
6.234375,73,2179,2179,31,21,-19,-14,-19
6.238281,74,2179,2179,32,20,-19,-14,-19
6.242188,74,2179,2179,33,20,-19,-14,-20
6.246094,73,2179,2179,35,20,-19,-14,-20
6.250000,73,2179,2179,36,21,-19,-14,-20
6.253906,73,2179,2179,37,21,-19,-14,-19
6.257812,74,2179,2179,38,21,-19,-14,-19
6.261719,73,2179,2179,40,20,-19,-14,-19
6.265625,74,2179,2179,42,21,-19,-14,-19
6.269531,74,2179,2179,44,21,-19,-14,-19
6.273438,74,2179,2179,46,20,-19,-14,-19
6.277344,74,2179,2179,48,20,-19,-14,-19
6.281250,74,2179,2179,50,21,-19,-13,-19
6.285156,74,2179,2179,52,21,-18,-14,-19
6.289062,74,2179,2179,54,20,-18,-14,-19
6.292969,74,2179,2179,55,20,-19,-13,-19
6.296875,74,2179,2179,57,20,-18,-14,-19
6.300781,74,2179,2179,58,20,-18,-14,-19
6.304688,75,2179,2179,58,20,-18,-14,-19
6.308594,75,2179,2179,59,20,-19,-14,-19
6.312500,75,2179,2179,60,20,-19,-14,-19
6.316406,75,2179,2179,61,21,-19,-14,-19
6.320312,76,2179,2179,63,21,-18,-14,-19
6.324219,76,2179,2179,65,20,-18,-14,-19
6.328125,76,2179,2179,67,20,-18,-14,-19
6.332031,76,2179,2179,70,21,-18,-14,-19
6.335938,76,2179,2179,72,20,-18,-14,-19
6.339844,76,2179,2179,74,20,-19,-14,-19
6.343750,76,2179,2179,75,20,-19,-14,-19
6.347656,76,2179,2179,77,20,-19,-13,-19
6.351562,76,2179,2179,78,21,-19,-14,-19
6.355469,76,2179,2179,79,20,-19,-14,-19
6.359375,76,2179,2179,80,20,-19,-14,-19
6.363281,76,2179,2179,82,21,-19,-14,-19
6.367188,76,2179,2179,84,21,-19,-14,-19
6.371094,77,2179,2179,86,21,-19,-14,-20
6.375000,77,2179,2179,87,20,-19,-14,-19
6.378906,77,2179,2179,89,20,-19,-14,-19
6.382812,77,2179,2179,90,21,-19,-14,-19
6.386719,77,2179,2179,90,21,-18,-14,-19
6.390625,77,2179,2179,90,20,-19,-14,-19
6.394531,76,2179,2179,91,20,-19,-14,-19
6.398438,76,2179,2179,92,21,-18,-14,-19
6.402344,76,2179,2179,93,21,-18,-13,-19
6.406250,76,2179,2179,94,21,-18,-13,-19
6.410156,76,2179,2179,96,20,-18,-13,-19
6.414062,76,2179,2179,98,21,-18,-13,-19
6.417969,77,2179,2179,99,21,-19,-13,-19
6.421875,77,2179,2179,100,21,-19,-14,-19
6.425781,77,2179,2179,101,21,-19,-14,-19
6.429688,77,2179,2179,102,21,-19,-14,-19
6.433594,77,2179,2179,103,21,-19,-14,-19
6.437500,77,2179,2179,104,21,-19,-14,-19
6.441406,77,2179,2179,105,21,-18,-14,-19
6.445312,77,2179,2179,106,20,-19,-14,-19
6.449219,76,2179,2179,107,21,-18,-14,-19
6.453125,77,2179,2179,108,21,-18,-14,-19
6.457031,76,2179,2179,107,20,-19,-14,-19
6.460938,76,2179,2179,108,20,-19,-14,-20
6.464844,76,2179,2179,108,21,-19,-14,-19
6.468750,76,2179,2179,109,21,-19,-14,-19
6.472656,76,2179,2179,109,21,-19,-13,-20
6.476562,76,2179,2179,109,21,-19,-14,-19
6.480469,76,2179,2179,110,21,-19,-14,-19
6.484375,76,2179,2179,110,21,-19,-14,-19
6.488281,76,2179,2179,110,20,-19,-14,-20
6.492188,76,2179,2179,111,21,-19,-14,-19
6.496094,75,2179,2179,112,20,-18,-14,-19
6.500000,75,2179,2179,113,21,-19,-14,-19
6.503906,75,2179,2179,113,21,-18,-14,-19
6.507812,75,2179,2179,113,20,-18,-13,-19
6.511719,74,2179,2179,114,20,-19,-13,-19
6.515625,74,2179,2179,115,21,-18,-13,-19
6.519531,75,2179,2179,115,21,-18,-13,-19
6.523438,75,2179,2179,115,20,-18,-13,-19
6.527344,75,2179,2179,115,20,-19,-13,-19
6.531250,74,2179,2179,116,21,-18,-14,-19
6.535156,74,2179,2179,117,21,-19,-14,-19
6.539062,74,2179,2179,117,20,-18,-14,-19
6.542969,74,2179,2179,117,20,-18,-14,-19
6.546875,73,2179,2179,118,20,-19,-14,-19
6.550781,73,2179,2179,118,20,-18,-14,-19
6.554688,73,2179,2179,118,20,-19,-14,-19
6.558594,73,2179,2179,119,20,-19,-14,-19
6.562500,73,2179,2179,119,20,-19,-14,-19
6.566406,73,2179,2179,120,20,-19,-14,-19
6.570312,73,2179,2179,121,21,-19,-14,-19
6.574219,73,2179,2179,121,20,-19,-14,-19
6.578125,73,2179,2179,121,20,-19,-14,-19
6.582031,73,2179,2179,122,21,-19,-14,-19
6.585938,73,2179,2179,121,21,-19,-14,-19
6.589844,73,2179,2179,121,20,-19,-14,-19
6.593750,73,2179,2179,121,20,-19,-14,-19
6.597656,72,2179,2179,122,21,-19,-14,-19
6.601562,72,2179,2179,122,21,-19,-14,-19
6.605469,72,2179,2179,123,21,-16,-14,-19
6.609375,72,2179,2179,123,21,-19,-14,-19
6.613281,72,2179,2179,124,21,-19,-14,-19
6.617188,72,2179,2179,124,21,-19,-14,-19
6.621094,72,2179,2179,125,21,-18,-14,-19
6.625000,72,2179,2179,125,21,-18,-14,-19
6.628906,71,2179,2179,125,21,-18,-14,-19
6.632812,72,2179,2179,125,21,-18,-14,-19
6.636719,72,2179,2179,126,21,-18,-14,-19
6.640625,72,2179,2179,125,21,-19,-14,-19
6.644531,72,2179,2179,125,21,-19,-14,-19
6.648438,72,2179,2179,126,21,-19,-13,-19
6.652344,72,2179,2179,126,21,-18,-13,-19
6.656250,73,2179,2179,125,21,-18,-13,-19
6.660156,73,2179,2179,125,21,-19,-13,-19
6.664062,72,2179,2179,125,21,-18,-13,-19
6.667969,72,2179,2179,125,21,-18,-14,-19
6.671875,73,2179,2179,125,20,-19,-14,-19
6.675781,73,2179,2179,126,20,-19,-14,-19
6.679688,73,2179,2179,127,20,-19,-14,-19
6.683594,73,2179,2179,127,21,-19,-14,-19
6.687500,73,2179,2179,128,20,-19,-14,-20
6.691406,73,2179,2179,128,20,-19,-14,-19
6.695312,73,2179,2179,128,20,-19,-14,-20
6.699219,73,2179,2179,129,21,-19,-14,-20
6.703125,73,2179,2179,128,20,-19,-14,-20
6.707031,73,2179,2179,128,20,-19,-14,-20
6.710938,72,2179,2179,128,20,-19,-14,-19
6.714844,72,2179,2179,128,20,-19,-14,-19
6.718750,72,2179,2179,128,20,-19,-14,-19
6.722656,72,2179,2179,128,20,-19,-14,-19
6.726562,72,2179,2179,128,20,-19,-14,-19
6.730469,72,2179,2179,129,20,-26,-14,-19
6.734375,72,2179,2179,129,20,-18,-14,-19
6.738281,72,2179,2179,129,20,-18,-14,-19
6.742188,72,2179,2179,129,20,-19,-13,-19
6.746094,72,2179,2179,129,20,-19,-14,-19
6.750000,72,2179,2179,129,20,-18,-13,-19
6.753906,72,2179,2179,129,20,-18,-13,-19
6.757812,72,2179,2179,129,20,-18,-13,-19
6.761719,72,2179,2179,129,20,-18,-14,-19
6.765625,72,2179,2179,130,20,-18,-14,-19
6.769531,73,2179,2179,130,21,-18,-14,-19
6.773438,73,2179,2179,130,20,-18,-14,-19
6.777344,73,2179,2179,131,20,-19,-14,-19
6.781250,73,2179,2179,131,21,-19,-14,-19
6.785156,73,2179,2179,131,21,-19,-14,-19
6.789062,74,2179,2179,131,20,-19,-14,-20
6.792969,74,2179,2179,131,21,-19,-14,-19
6.796875,73,2179,2179,132,21,-19,-14,-20
6.800781,73,2179,2179,132,21,-19,-14,-20
6.804688,73,2179,2179,132,21,-19,-14,-19
6.808594,73,2179,2179,132,21,-19,-14,-19
6.812500,73,2179,2179,133,21,-19,-14,-19
6.816406,73,2179,2179,133,21,-19,-14,-19
6.820312,73,2179,2179,134,21,-19,-14,-19
6.824219,73,2179,2179,133,21,-19,-14,-19
6.828125,72,2179,2179,133,20,-19,-14,-19
6.832031,72,2179,2179,133,21,-19,-14,-19
6.835938,72,2179,2179,133,21,-19,-14,-19
6.839844,72,2179,2179,133,20,-19,-13,-19
6.843750,72,2179,2179,133,20,-19,-14,-19
6.847656,71,2179,2179,133,21,-19,-13,-19
6.851562,71,2179,2179,134,21,-18,-14,-19
6.855469,72,2179,2179,134,21,-13,-14,-19
6.859375,72,2179,2179,134,20,-19,-13,-19
6.863281,72,2179,2179,135,21,-19,-13,-19
6.867188,72,2179,2179,134,21,-19,-13,-19
6.871094,72,2179,2179,134,21,-19,-13,-19
6.875000,72,2179,2179,134,20,-19,-13,-19
6.878906,72,2179,2179,134,20,-19,-14,-19
6.882812,73,2179,2179,135,21,-19,-14,-19
6.886719,73,2179,2179,135,20,-19,-14,-19
6.890625,73,2179,2179,135,20,-19,-14,-19
6.894531,73,2179,2179,135,20,-19,-14,-19
6.898438,73,2179,2179,135,20,-19,-14,-19
6.902344,73,2179,2179,135,20,-19,-14,-20
6.906250,73,2179,2179,134,20,-19,-14,-19
6.910156,73,2179,2179,135,20,-19,-14,-20
6.914062,73,2179,2179,135,20,-19,-14,-19
6.917969,73,2179,2179,135,20,-19,-14,-20
6.921875,73,2179,2179,135,20,-19,-14,-20
6.925781,73,2179,2179,135,20,-19,-14,-20
6.929688,72,2179,2179,136,20,-19,-14,-19
6.933594,72,2179,2179,136,21,-19,-14,-20
6.937500,72,2179,2179,136,21,-19,-14,-19
6.941406,72,2179,2179,136,20,-19,-14,-19
6.945312,72,2179,2179,136,20,-19,-14,-19
6.949219,72,2179,2179,136,21,-18,-14,-19
6.953125,72,2179,2179,137,21,-19,-14,-19
6.957031,72,2179,2179,136,21,-19,-14,-19
6.960938,72,2179,2179,137,21,-19,-14,-19
6.964844,72,2179,2179,138,21,-19,-14,-19
6.968750,72,2179,2179,139,21,-18,-14,-19
6.972656,72,2179,2179,139,20,-18,-14,-19
6.976562,72,2179,2179,139,20,-19,-14,-19
6.980469,72,2179,2179,139,21,-21,-14,-19
6.984375,72,2179,2179,139,21,-18,-14,-19
6.988281,73,2179,2179,138,20,-18,-14,-19
6.992188,73,2179,2179,138,20,-18,-14,-19
6.996094,72,2179,2179,138,20,-19,-14,-19
7.000000,72,2179,2179,138,20,-19,-14,-19
7.003906,73,2179,2179,138,20,-19,-14,-19
7.007812,73,2179,2179,138,20,-19,-14,-19
7.011719,73,2179,2179,139,20,-19,-14,-19
7.015625,73,2179,2179,139,21,-19,-14,-19
7.019531,73,2179,2179,139,21,-19,-14,-20
7.023438,73,2179,2179,139,20,-19,-14,-20
7.027344,73,2179,2179,140,20,-19,-14,-20
7.031250,73,2179,2179,140,21,-19,-14,-20
7.035156,73,2179,2179,140,21,-19,-14,-20
7.039062,73,2179,2179,140,20,-19,-14,-20
7.042969,73,2179,2179,141,20,-19,-14,-19
7.046875,73,2179,2179,141,21,-19,-14,-20
7.050781,72,2179,2179,142,21,-19,-14,-19
7.054688,73,2179,2179,141,21,-19,-14,-19
7.058594,73,2179,2179,141,21,-19,-14,-19
7.062500,72,2179,2179,141,21,-18,-14,-19
7.066406,72,2179,2179,141,21,-18,-14,-19
7.070312,72,2179,2179,141,21,-18,-14,-19
7.074219,72,2179,2179,141,20,-19,-14,-19
7.078125,72,2179,2179,141,20,-19,-14,-19
7.082031,72,2179,2179,141,21,-19,-14,-19
7.085938,72,2179,2179,142,21,-19,-14,-19
7.089844,72,2179,2179,142,21,-19,-13,-19
7.093750,72,2179,2179,142,20,-19,-13,-19
7.097656,72,2179,2179,143,21,-19,-13,-19
7.101562,72,2179,2179,143,21,-19,-14,-19
7.105469,73,2179,2179,143,20,-17,-13,-19
7.109375,73,2179,2179,143,20,-19,-14,-19
7.113281,72,2179,2179,144,21,-19,-14,-19
7.117188,72,2179,2179,144,20,-19,-14,-19
7.121094,72,2179,2179,144,20,-19,-14,-19
7.125000,73,2179,2179,144,19,-19,-14,-20
7.128906,72,2179,2179,144,20,-19,-14,-20
7.132812,72,2179,2179,145,20,-19,-14,-20
7.136719,73,2179,2179,145,20,-19,-14,-20
7.140625,73,2179,2179,145,20,-19,-14,-20
7.144531,73,2179,2179,144,20,-19,-14,-20
7.148438,73,2179,2179,145,20,-19,-14,-20
7.152344,73,2179,2179,145,20,-19,-14,-19
7.156250,73,2179,2179,144,20,-19,-14,-20
7.160156,73,2179,2179,144,20,-19,-14,-19
7.164062,72,2179,2179,145,21,-19,-14,-20
7.167969,72,2179,2179,145,21,-19,-14,-20
7.171875,72,2179,2179,146,20,-19,-14,-20
7.175781,72,2179,2179,146,21,-19,-14,-19
7.179688,72,2179,2179,147,21,-19,-14,-19
7.183594,72,2179,2179,147,21,-18,-14,-19
7.187500,73,2179,2179,147,21,-18,-14,-19
7.191406,73,2179,2179,147,21,-18,-13,-19
7.195312,72,2179,2179,147,21,-18,-13,-19
7.199219,73,2179,2179,147,21,-18,-13,-19
7.203125,73,2179,2179,147,21,-18,-14,-19
7.207031,73,2179,2179,147,21,-18,-13,-19
7.210938,73,2179,2179,147,21,-19,-14,-19
7.214844,72,2179,2179,147,21,-19,-14,-19
7.218750,72,2179,2179,147,21,-19,-14,-19
7.222656,72,2179,2179,147,21,-19,-14,-19
7.226562,72,2179,2179,147,21,-18,-14,-19
7.230469,72,2179,2179,147,21,-19,-13,-19
7.234375,72,2179,2179,147,21,-18,-14,-19
7.238281,72,2179,2179,148,21,-19,-14,-19
7.242188,72,2179,2179,148,21,-19,-14,-19
7.246094,71,2179,2179,148,21,-19,-14,-20
7.250000,71,2179,2179,148,21,-19,-14,-20
7.253906,72,2179,2179,148,21,-19,-14,-20
7.257812,71,2179,2179,148,21,-19,-14,-20
7.261719,71,2179,2179,148,20,-18,-14,-19
7.265625,71,2179,2179,148,21,-19,-14,-19
7.269531,71,2179,2179,148,21,-19,-14,-19
7.273438,70,2179,2179,148,20,-19,-14,-19
7.277344,70,2179,2179,148,20,-19,-14,-19
7.281250,69,2179,2179,149,21,-19,-14,-19
7.285156,69,2179,2179,149,20,-19,-14,-19
7.289062,69,2179,2179,148,20,-19,-14,-19
7.292969,69,2179,2179,148,20,-19,-14,-19
7.296875,68,2179,2179,149,20,-19,-14,-20
7.300781,68,2179,2179,149,20,-19,-14,-19
7.304688,68,2179,2179,148,20,-19,-14,-19
7.308594,68,2179,2179,149,20,-18,-14,-19
7.312500,68,2179,2179,149,20,-18,-14,-19
7.316406,68,2179,2179,150,21,-18,-14,-19
7.320312,68,2179,2179,151,21,-18,-14,-19
7.324219,68,2179,2179,151,20,-18,-14,-19
7.328125,68,2179,2179,150,20,-19,-14,-19
7.332031,68,2179,2179,150,21,-19,-14,-19
7.335938,68,2179,2179,150,21,-18,-14,-19
7.339844,68,2179,2179,149,20,-19,-14,-19
7.343750,68,2179,2179,149,20,-19,-14,-19
7.347656,67,2179,2179,149,20,-19,-14,-19
7.351562,67,2179,2179,150,21,-19,-14,-19
7.355469,67,2179,2179,150,20,-18,-14,-19
7.359375,67,2179,2179,151,20,-19,-14,-20
7.363281,66,2179,2179,151,20,-19,-14,-20
7.367188,66,2179,2179,151,21,-19,-14,-20
7.371094,66,2179,2179,151,21,-19,-14,-20
7.375000,66,2179,2179,151,21,-19,-14,-19
7.378906,66,2179,2179,151,21,-19,-14,-19
7.382812,65,2179,2179,152,21,-19,-14,-19
7.386719,65,2179,2179,152,21,-19,-14,-19
7.390625,65,2179,2179,151,20,-19,-14,-19
7.394531,64,2179,2179,151,20,-19,-14,-19
7.398438,64,2179,2179,151,21,-19,-14,-19
7.402344,64,2179,2179,151,21,-18,-13,-19
7.406250,64,2179,2179,151,20,-18,-13,-19
7.410156,64,2179,2179,151,21,-19,-13,-19
7.414062,64,2179,2179,152,21,-19,-14,-19
7.417969,64,2179,2179,152,21,-18,-14,-19
7.421875,65,2179,2179,153,21,-18,-14,-19
7.425781,65,2179,2179,153,21,-19,-14,-19
7.429688,64,2179,2179,153,21,-18,-14,-19
7.433594,64,2179,2179,153,21,-18,-14,-19
7.437500,64,2179,2179,153,21,-18,-14,-19
7.441406,64,2179,2179,153,21,-18,-14,-19
7.445312,63,2179,2179,152,21,-18,-14,-19
7.449219,63,2179,2179,153,21,-18,-14,-19
7.453125,63,2179,2179,152,21,-18,-14,-19
7.457031,64,2179,2179,152,20,-19,-14,-19
7.460938,64,2179,2179,152,21,-19,-14,-19
7.464844,63,2179,2179,153,21,-19,-14,-19
7.468750,63,2179,2179,153,21,-19,-14,-19
7.472656,63,2179,2179,153,20,-19,-14,-19
7.476562,63,2179,2179,153,21,-19,-14,-19
7.480469,62,2179,2179,153,21,-19,-14,-19
7.484375,62,2179,2179,153,21,-19,-14,-19
7.488281,62,2179,2179,153,20,-19,-14,-20
7.492188,61,2179,2179,152,21,-19,-14,-19
7.496094,61,2179,2179,153,21,-19,-14,-19
7.500000,60,2179,2179,153,21,-19,-14,-19
7.503906,60,2179,2179,153,21,-19,-14,-19
7.507812,60,2179,2179,153,20,-19,-14,-19
7.511719,59,2179,2179,153,20,-19,-14,-19
7.515625,59,2179,2179,154,21,-18,-14,-19
7.519531,59,2179,2179,154,21,-19,-14,-19
7.523438,58,2179,2179,154,20,-19,-14,-19
7.527344,58,2179,2179,154,20,-18,-14,-19
7.531250,57,2179,2179,154,21,-18,-14,-19
7.535156,57,2179,2179,154,20,-18,-14,-19
7.539062,56,2179,2179,153,20,-18,-14,-19
7.542969,56,2179,2179,153,20,-18,-14,-19
7.546875,55,2179,2179,154,20,-19,-14,-19
7.550781,54,2179,2179,154,21,-19,-14,-19
7.554688,54,2179,2179,154,20,-19,-14,-19
7.558594,53,2179,2179,155,20,-19,-14,-19
7.562500,52,2179,2179,155,20,-19,-14,-19
7.566406,51,2179,2179,155,20,-19,-14,-19
7.570312,51,2179,2179,155,20,-19,-14,-19
7.574219,50,2179,2179,154,20,-19,-14,-19
7.578125,49,2179,2179,154,20,-19,-14,-19
7.582031,48,2179,2179,154,20,-19,-14,-20
7.585938,48,2179,2179,153,21,-19,-14,-19
7.589844,47,2179,2179,153,20,-19,-14,-19
7.593750,46,2179,2179,153,20,-19,-14,-19
7.597656,45,2179,2179,153,21,-19,-14,-19
7.601562,45,2179,2179,153,21,-18,-14,-19
7.605469,44,2179,2179,153,21,-18,-14,-19
7.609375,43,2179,2179,153,21,-19,-14,-19
7.613281,42,2179,2179,154,20,-19,-14,-19
7.617188,41,2179,2179,154,21,-18,-14,-19
7.621094,40,2179,2179,155,21,-19,-14,-19
7.625000,39,2179,2179,154,21,-18,-14,-19
7.628906,37,2179,2179,154,21,-18,-14,-19
7.632812,36,2179,2179,154,21,-18,-14,-19
7.636719,35,2179,2179,154,21,-18,-14,-19
7.640625,33,2179,2179,154,21,-18,-14,-19
7.644531,32,2179,2179,153,21,-18,-14,-19
7.648438,30,2179,2179,151,21,-18,-14,-19
7.652344,29,2179,2179,147,21,-18,-13,-19
7.656250,28,2179,2179,139,21,-19,-13,-19
7.660156,27,2179,2179,129,21,-18,-14,-19
7.664062,25,2179,2179,115,21,-18,-14,-19
7.667969,24,2179,2179,99,21,-18,-14,-19
7.671875,23,2179,2179,81,20,-18,-14,-19
7.675781,22,2179,2179,63,20,-19,-14,-19
7.679688,21,2179,2179,48,20,-18,-14,-19
7.683594,20,2179,2179,37,21,-19,-14,-19
7.687500,19,2179,2179,29,21,-19,-14,-19
7.691406,18,2179,2179,25,20,-19,-14,-19
7.695312,17,2179,2179,24,20,-19,-14,-19
7.699219,16,2179,2179,25,21,-19,-14,-20
7.703125,16,2179,2179,27,20,-19,-14,-20
7.707031,14,2179,2179,28,20,-19,-14,-20
7.710938,13,2179,2179,29,20,-19,-14,-19
7.714844,11,2179,2179,29,20,-19,-14,-20
7.718750,11,2179,2179,29,20,-19,-14,-19
7.722656,10,2179,2179,28,20,-19,-14,-20
7.726562,9,2179,2179,28,20,-19,-14,-19
7.730469,8,2179,2179,29,20,-19,-14,-19
7.734375,7,2179,2179,29,20,-18,-14,-19
7.738281,7,2179,2179,29,20,-19,-14,-19
7.742188,7,2179,2179,29,20,-18,-14,-19
7.746094,6,2179,2179,29,20,-18,-13,-19
7.750000,6,2179,2179,29,20,-18,-14,-19
7.753906,6,2179,2179,28,20,-18,-14,-19
7.757812,5,2179,2179,27,20,-18,-14,-19
7.761719,4,2179,2179,27,20,-18,-14,-19
7.765625,4,2179,2179,27,21,-18,-14,-19
7.769531,4,2179,2179,27,21,-18,-14,-19
7.773438,3,2179,2179,27,20,-18,-14,-20
7.777344,3,2179,2179,27,20,-19,-14,-19
7.781250,2,2179,2179,28,21,-19,-14,-19
7.785156,2,2179,2179,27,21,-18,-14,-19
7.789062,2,2179,2179,27,21,-19,-14,-19
7.792969,2,2179,2179,27,21,-18,-14,-19
7.796875,1,2179,2179,27,21,-19,-14,-19
7.800781,1,2179,2179,27,21,-19,-14,-19
7.804688,1,2179,2179,26,21,-19,-14,-19
7.808594,0,2179,2179,26,20,-19,-14,-19
7.812500,0,2179,2179,26,21,-19,-14,-19
7.816406,-1,2179,2179,26,21,-19,-14,-19
7.820312,-1,2179,2179,26,21,-19,-14,-19
7.824219,-1,2179,2179,26,21,-19,-14,-19
7.828125,-1,2179,2179,25,20,-19,-14,-20
7.832031,-1,2179,2179,26,21,-19,-14,-20
7.835938,-1,2179,2179,26,21,-19,-14,-20
7.839844,-1,2179,2179,26,21,-19,-14,-19
7.843750,-2,2179,2179,26,21,-19,-14,-19
7.847656,-2,2179,2179,26,21,-19,-14,-19
7.851562,-3,2179,2179,26,21,-19,-14,-19
7.855469,-3,2179,2179,26,21,-18,-14,-19
7.859375,-3,2179,2179,26,20,-19,-14,-19
7.863281,-3,2179,2179,26,20,-18,-14,-19
7.867188,-3,2179,2179,26,21,-18,-14,-19
7.871094,-3,2179,2179,25,21,-18,-14,-19
7.875000,-3,2179,2179,26,20,-19,-14,-19
7.878906,-3,2179,2179,26,20,-19,-14,-19
7.882812,-3,2179,2179,26,21,-19,-14,-19
7.886719,-3,2179,2179,26,21,-18,-14,-19
7.890625,-3,2179,2179,26,20,-19,-13,-19
7.894531,-3,2179,2179,26,20,-19,-14,-19
7.898438,-3,2179,2179,26,20,-18,-14,-19
7.902344,-3,2179,2179,26,20,-18,-14,-19
7.906250,-2,2179,2179,25,20,-18,-14,-19
7.910156,-2,2179,2179,25,20,-18,-14,-20
7.914062,-3,2179,2179,25,20,-19,-14,-19
7.917969,-2,2179,2179,26,20,-19,-14,-20
7.921875,-2,2179,2179,25,20,-19,-14,-19
7.925781,-2,2179,2179,25,20,-19,-14,-19
7.929688,-2,2179,2179,26,20,-19,-14,-19
7.933594,-2,2179,2179,26,21,-18,-14,-19
7.937500,-2,2179,2179,26,21,-19,-14,-19
7.941406,-2,2179,2179,26,20,-19,-14,-19
7.945312,-2,2179,2179,25,20,-19,-14,-19
7.949219,-1,2179,2179,26,20,-18,-14,-19
7.953125,-1,2179,2179,26,21,-18,-14,-19
7.957031,-1,2179,2179,25,20,-18,-14,-19
7.960938,-1,2179,2179,25,20,-19,-14,-19
7.964844,-1,2179,2179,26,20,-18,-14,-19
7.968750,-1,2179,2179,26,20,-18,-14,-19
7.972656,0,2179,2179,26,20,-18,-14,-19
7.976562,0,2179,2179,26,20,-18,-13,-19
7.980469,0,2179,2179,26,20,-19,-13,-19
7.984375,0,2179,2179,26,21,-18,-14,-19
7.988281,0,2179,2179,26,20,-19,-13,-19
7.992188,1,2179,2179,26,20,-19,-13,-19
7.996094,1,2179,2179,25,20,-18,-14,-19
8.000000,1,2179,2179,26,21,-19,-14,-19
8.003906,1,2179,2179,26,21,-19,-14,-19
8.007812,1,2179,2179,26,21,-19,-14,-19
8.011719,1,2179,2179,26,21,-19,-14,-19
8.015625,1,2179,2179,26,21,-19,-14,-19
8.019531,2,2179,2179,26,21,-19,-14,-19
8.023438,1,2179,2179,26,21,-19,-14,-18
8.027344,1,2179,2179,26,21,-19,-14,-19
8.031250,1,2179,2179,26,21,-19,-14,-19
8.035156,1,2179,2179,26,21,-19,-14,-19
8.039062,1,2179,2179,26,21,-18,-14,-19
8.042969,1,2179,2179,26,21,-19,-14,-19
8.046875,0,2179,2179,26,21,-19,-14,-19
8.050781,0,2179,2179,26,21,-19,-14,-19
8.054688,0,2179,2179,26,21,-19,-14,-19
8.058594,0,2179,2179,26,21,-19,-14,-19
8.062500,0,2179,2179,26,21,-19,-14,-19
8.066406,0,2179,2179,26,21,-19,-14,-19
8.070312,0,2179,2179,26,21,-19,-14,-19
8.074219,0,2179,2179,26,21,-19,-14,-19
8.078125,0,2179,2179,26,20,-19,-14,-19
8.082031,0,2179,2179,26,21,-18,-14,-19
8.085938,0,2179,2179,26,21,-19,-14,-19
8.089844,0,2179,2179,26,20,-18,-14,-19
8.093750,-1,2179,2179,26,20,-18,-14,-19
8.097656,-1,2179,2179,26,20,-18,-13,-19
8.101562,-1,2179,2179,26,21,-18,-14,-19
8.105469,-1,2179,2179,25,20,-19,-14,-19
8.109375,0,2179,2179,25,20,-19,-14,-19
8.113281,-1,2179,2179,26,20,-19,-14,-19
8.117188,-1,2179,2179,26,20,-18,-14,-19
8.121094,-1,2179,2179,25,20,-18,-14,-19
8.125000,-1,2179,2179,25,20,-19,-14,-19
8.128906,-1,2179,2179,25,20,-18,-14,-20
8.132812,-1,2179,2179,26,20,-18,-14,-20
8.136719,-1,2179,2179,26,20,-19,-14,-20
8.140625,-1,2179,2179,25,20,-19,-14,-20
8.144531,-1,2179,2179,25,20,-19,-14,-20
8.148438,-1,2179,2179,26,20,-19,-14,-19
8.152344,-1,2179,2179,26,21,-19,-14,-19
8.156250,-1,2179,2179,26,20,-19,-14,-19
8.160156,-1,2179,2179,26,20,-19,-14,-19
8.164062,-1,2179,2179,26,21,-19,-14,-19
8.167969,-1,2179,2179,26,21,-19,-14,-19
8.171875,0,2179,2179,26,21,-19,-14,-19
8.175781,0,2179,2179,26,21,-19,-14,-19
8.179688,0,2179,2179,26,20,-19,-14,-19
8.183594,0,2179,2179,26,21,-19,-14,-19
8.187500,0,2179,2179,26,21,-19,-13,-19
8.191406,0,2179,2179,26,21,-18,-13,-19
8.195312,0,2179,2179,26,21,-18,-13,-19
8.199219,0,2179,2179,26,21,-18,-13,-19
8.203125,1,2179,2179,26,21,-18,-13,-19
8.207031,1,2179,2179,26,21,-18,-13,-19
8.210938,1,2179,2179,26,21,-18,-13,-19
8.214844,1,2179,2179,26,21,-18,-14,-19
8.218750,2,2179,2179,26,21,-18,-14,-19
8.222656,2,2179,2179,26,21,-19,-14,-19
8.226562,2,2179,2179,26,21,-18,-14,-19
8.230469,2,2179,2179,26,21,-19,-14,-19
8.234375,2,2179,2179,26,21,-18,-14,-19
8.238281,2,2179,2179,26,21,-19,-14,-19
8.242188,2,2179,2179,26,20,-18,-14,-19
8.246094,1,2179,2179,25,20,-19,-14,-19
8.250000,1,2179,2179,26,21,-19,-14,-19
8.253906,1,2179,2179,26,21,-19,-14,-19
8.257812,1,2179,2179,26,20,-19,-14,-19
8.261719,1,2179,2179,26,20,-19,-14,-19
8.265625,0,2179,2179,26,21,-19,-14,-19
8.269531,1,2179,2179,26,20,-19,-14,-19
8.273438,0,2179,2179,26,20,-19,-14,-19
8.277344,0,2179,2179,25,20,-19,-14,-20
8.281250,0,2179,2179,26,20,-19,-15,-19
8.285156,0,2179,2179,26,20,-19,-14,-20
8.289062,0,2179,2179,25,20,-19,-14,-20
8.292969,0,2179,2179,25,20,-19,-14,-19
8.296875,-1,2179,2179,25,20,-19,-14,-19
8.300781,-1,2179,2179,26,20,-19,-14,-19
8.304688,0,2179,2179,25,20,-18,-14,-19
8.308594,0,2179,2179,25,20,-18,-14,-19
8.312500,0,2179,2179,25,20,-18,-14,-19
8.316406,0,2179,2179,26,20,-18,-13,-19
8.320312,0,2179,2179,26,20,-18,-13,-19
8.324219,0,2179,2179,26,20,-18,-13,-19
8.328125,-1,2179,2179,25,20,-18,-13,-19
8.332031,-1,2179,2179,26,21,-18,-13,-19
8.335938,-1,2179,2179,26,21,-18,-13,-19
8.339844,0,2179,2179,25,20,-18,-13,-19
8.343750,0,2179,2179,25,20,-19,-13,-19
8.347656,0,2179,2179,26,20,-18,-14,-19
8.351562,0,2179,2179,26,21,-19,-14,-19
8.355469,1,2179,2179,25,20,-19,-14,-19
8.359375,1,2179,2179,25,20,-19,-14,-20
8.363281,1,2179,2179,26,20,-19,-14,-19
8.367188,1,2179,2179,26,21,-19,-14,-19
8.371094,2,2179,2179,26,21,-19,-14,-19
8.375000,2,2179,2179,26,21,-19,-14,-19
8.378906,2,2179,2179,26,21,-19,-14,-20
8.382812,2,2179,2179,26,21,-19,-14,-20
8.386719,2,2179,2179,26,21,-19,-14,-19
8.390625,2,2179,2179,26,21,-19,-14,-20
8.394531,2,2179,2179,26,21,-19,-14,-19
8.398438,2,2179,2179,26,21,-19,-14,-19
8.402344,2,2179,2179,26,21,-19,-14,-19
8.406250,2,2179,2179,26,21,-19,-13,-19
8.410156,2,2179,2179,26,21,-19,-14,-19
8.414062,2,2179,2179,26,21,-19,-14,-19
8.417969,2,2179,2179,26,21,-19,-14,-19
8.421875,3,2179,2179,26,21,-18,-13,-19
8.425781,3,2179,2179,26,21,-18,-13,-19
8.429688,3,2179,2179,26,21,-18,-14,-19
8.433594,3,2179,2179,26,21,-18,-13,-19
8.437500,4,2179,2179,26,21,-19,-13,-19
8.441406,4,2179,2179,26,21,-18,-13,-19
8.445312,3,2179,2179,26,21,-19,-13,-19
8.449219,3,2179,2179,26,21,-19,-14,-19
8.453125,4,2179,2179,26,21,-18,-14,-19
8.457031,4,2179,2179,26,20,-19,-14,-19
8.460938,3,2179,2179,26,20,-19,-13,-19
8.464844,3,2179,2179,26,21,-18,-14,-19
8.468750,3,2179,2179,26,21,-19,-14,-20
8.472656,3,2179,2179,26,20,-19,-14,-19
8.476562,3,2179,2179,26,20,-19,-14,-19
8.480469,2,2179,2179,26,21,-19,-14,-20
8.484375,2,2179,2179,26,21,-19,-14,-20
8.488281,2,2179,2179,26,21,-19,-14,-19
8.492188,2,2179,2179,26,21,-19,-14,-19
8.496094,2,2179,2179,26,21,-19,-14,-19
8.500000,2,2179,2179,26,21,-19,-14,-20
8.503906,2,2179,2179,26,21,-19,-14,-19
8.507812,2,2179,2179,26,21,-19,-14,-19
8.511719,2,2179,2179,26,21,-19,-14,-19
8.515625,2,2179,2179,26,21,-19,-14,-19
8.519531,2,2179,2179,26,21,-19,-14,-19
8.523438,2,2179,2179,26,20,-19,-14,-19
8.527344,1,2179,2179,26,20,-18,-13,-19
8.531250,1,2179,2179,26,21,-18,-13,-19
8.535156,1,2179,2179,26,21,-18,-13,-19
8.539062,1,2179,2179,26,20,-18,-13,-19
8.542969,1,2179,2179,26,20,-18,-13,-19
8.546875,1,2179,2179,26,21,-18,-13,-19
8.550781,1,2179,2179,26,21,-19,-13,-19
8.554688,2,2179,2179,26,21,-18,-14,-19
8.558594,2,2179,2179,26,20,-19,-13,-19
8.562500,2,2179,2179,26,21,-19,-14,-19
8.566406,2,2179,2179,26,21,-19,-14,-19
8.570312,2,2179,2179,26,20,-19,-14,-19
8.574219,3,2179,2179,26,20,-19,-14,-19
8.578125,3,2179,2179,25,20,-19,-14,-19
8.582031,3,2179,2179,26,20,-19,-14,-20
8.585938,3,2179,2179,26,20,-19,-14,-19
8.589844,3,2179,2179,25,20,-19,-14,-19
8.593750,3,2179,2179,26,20,-19,-14,-19
8.597656,3,2179,2179,26,21,-19,-14,-20
8.601562,3,2179,2179,26,21,-19,-14,-19
8.605469,3,2179,2179,26,21,-19,-14,-19
8.609375,3,2179,2179,26,21,-19,-14,-19
8.613281,3,2179,2179,26,21,-19,-14,-19
8.617188,3,2179,2179,26,21,-19,-14,-19
8.621094,3,2179,2179,26,21,-19,-14,-19
8.625000,3,2179,2179,26,21,-19,-14,-19
8.628906,2,2179,2179,26,21,-19,-14,-19
8.632812,2,2179,2179,26,21,-19,-14,-19
8.636719,2,2179,2179,26,21,-18,-14,-19
8.640625,2,2179,2179,26,21,-18,-14,-19
8.644531,2,2179,2179,26,21,-18,-14,-19
8.648438,2,2179,2179,26,21,-18,-14,-19
8.652344,2,2179,2179,26,21,-18,-14,-19
8.656250,2,2179,2179,26,21,-18,-13,-19
8.660156,2,2179,2179,26,21,-19,-14,-19
8.664062,2,2179,2179,26,21,-18,-13,-19
8.667969,2,2179,2179,26,21,-18,-14,-19
8.671875,2,2179,2179,26,21,-18,-14,-19
8.675781,2,2179,2179,26,20,-18,-14,-19
8.679688,2,2179,2179,26,20,-19,-14,-19
8.683594,2,2179,2179,26,21,-19,-14,-19
8.687500,3,2179,2179,26,20,-18,-14,-19
8.691406,3,2179,2179,25,20,-19,-14,-19
8.695312,2,2179,2179,25,20,-18,-14,-19
8.699219,2,2179,2179,25,20,-19,-14,-19
8.703125,2,2179,2179,26,20,-18,-14,-19
8.707031,2,2179,2179,25,20,-19,-14,-19
8.710938,2,2179,2179,25,20,-19,-14,-19
8.714844,2,2179,2179,26,20,-19,-14,-19
8.718750,2,2179,2179,26,20,-19,-14,-20
8.722656,2,2179,2179,25,20,-19,-14,-20
8.726562,2,2179,2179,25,20,-19,-14,-20
8.730469,2,2179,2179,26,20,-19,-14,-19
8.734375,2,2179,2179,26,20,-19,-14,-19
8.738281,2,2179,2179,25,20,-19,-14,-19
8.742188,2,2179,2179,25,20,-19,-14,-19
8.746094,2,2179,2179,25,20,-19,-14,-19
8.750000,2,2179,2179,26,20,-19,-14,-19
8.753906,2,2179,2179,26,20,-19,-14,-19
8.757812,3,2179,2179,26,20,-19,-14,-19
8.761719,3,2179,2179,26,20,-18,-13,-19
8.765625,3,2179,2179,26,21,-18,-13,-19
8.769531,4,2179,2179,26,21,-18,-13,-19
8.773438,4,2179,2179,26,20,-18,-13,-19
8.777344,4,2179,2179,26,20,-18,-14,-19
8.781250,4,2179,2179,26,21,-18,-13,-19
8.785156,4,2179,2179,26,21,-19,-13,-20
8.789062,4,2179,2179,26,21,-17,-13,-19
8.792969,4,2179,2179,26,21,-19,-14,-19
8.796875,4,2179,2179,26,21,-19,-14,-19
8.800781,5,2179,2179,26,21,-19,-14,-19
8.804688,5,2179,2179,26,21,-19,-14,-19
8.808594,6,2179,2179,26,21,-19,-14,-19
8.812500,5,2179,2179,26,21,-19,-14,-19
8.816406,6,2179,2179,26,21,-19,-14,-20
8.820312,7,2179,2179,26,21,-19,-14,-19
8.824219,7,2179,2179,26,21,-19,-14,-19
8.828125,7,2179,2179,26,20,-19,-14,-19
8.832031,7,2179,2179,26,21,-19,-14,-19
8.835938,7,2179,2179,26,21,-19,-14,-20
8.839844,8,2179,2179,26,20,-19,-14,-19
8.843750,9,2179,2179,26,21,-19,-14,-20
8.847656,9,2179,2179,26,21,-19,-14,-19
8.851562,9,2179,2179,26,21,-19,-14,-19
8.855469,10,2179,2179,26,21,-19,-14,-19
8.859375,10,2179,2179,26,21,-19,-14,-19
8.863281,11,2179,2179,26,21,-19,-14,-19
8.867188,11,2179,2179,26,21,-19,-14,-19
8.871094,12,2179,2179,26,21,-18,-14,-19
8.875000,13,2179,2179,26,21,-18,-14,-19
8.878906,13,2179,2179,26,21,-18,-14,-19
8.882812,14,2179,2179,26,21,-18,-14,-19
8.886719,15,2179,2179,26,21,-18,-14,-19
8.890625,16,2179,2179,26,21,-18,-14,-19
8.894531,16,2179,2179,26,21,-19,-14,-19
8.898438,17,2179,2179,26,21,-19,-14,-19
8.902344,18,2179,2179,26,21,-18,-14,-19
8.906250,19,2179,2179,26,20,-19,-13,-19
8.910156,20,2179,2179,26,20,-19,-14,-19
8.914062,21,2179,2179,26,20,-26,-14,-19
8.917969,22,2179,2179,26,20,-19,-14,-19
8.921875,23,2179,2179,25,20,-19,-14,-19
8.925781,24,2179,2179,25,20,-19,-14,-19
8.929688,25,2179,2179,26,20,-19,-14,-19
8.933594,26,2179,2179,25,20,-19,-14,-19
8.937500,27,2179,2179,25,20,-19,-14,-19
8.941406,29,2179,2179,25,20,-19,-14,-19
8.945312,30,2179,2179,25,20,-19,-14,-19
8.949219,31,2179,2179,26,20,-19,-14,-19
8.953125,32,2179,2179,26,20,-19,-14,-19
8.957031,34,2179,2179,25,20,-19,-14,-19
8.960938,35,2179,2179,25,20,-19,-14,-19
8.964844,37,2179,2179,26,21,-19,-14,-19
8.968750,39,2179,2179,26,21,-18,-14,-19
8.972656,41,2179,2179,25,20,-18,-14,-19
8.976562,42,2179,2179,25,20,-18,-14,-19
8.980469,44,2179,2179,26,21,-18,-14,-19
8.984375,46,2179,2179,26,21,-18,-14,-19
8.988281,48,2179,2179,25,21,-18,-14,-19
8.992188,49,2179,2179,26,20,-18,-14,-19
8.996094,50,2179,2179,26,20,-18,-14,-19
9.000000,51,2179,2179,26,21,-19,-14,-19
9.003906,53,2179,2179,26,21,-19,-14,-19
9.007812,54,2179,2179,26,20,-18,-14,-19
9.011719,54,2179,2179,26,21,-19,-14,-19
9.015625,54,2179,2179,26,21,-18,-14,-19
9.019531,55,2179,2179,26,21,-18,-14,-19
9.023438,56,2179,2179,26,20,-18,-14,-19
9.027344,57,2179,2179,26,20,-19,-14,-19
9.031250,58,2179,2179,26,21,-19,-14,-19
9.035156,58,2179,2179,26,21,-19,-14,-19
9.039062,59,2179,2179,26,20,-13,-14,-20
9.042969,60,2179,2179,26,20,-19,-14,-19
9.046875,60,2179,2179,26,21,-19,-14,-20
9.050781,61,2179,2179,26,21,-19,-14,-19
9.054688,62,2179,2179,26,21,-19,-14,-19
9.058594,62,2179,2179,26,21,-19,-14,-19
9.062500,62,2179,2179,26,21,-19,-14,-20
9.066406,63,2179,2179,26,21,-19,-14,-19
9.070312,64,2179,2179,26,21,-19,-14,-19
9.074219,64,2179,2179,26,21,-19,-14,-19
9.078125,64,2179,2179,26,21,-19,-14,-19
9.082031,64,2179,2179,26,21,-18,-14,-19
9.085938,65,2179,2179,26,21,-18,-14,-19
9.089844,66,2179,2179,26,20,-18,-14,-19
9.093750,67,2179,2179,26,20,-18,-14,-19
9.097656,67,2179,2179,26,20,-18,-13,-19
9.101562,67,2179,2179,26,20,-18,-14,-19
9.105469,68,2179,2179,25,20,-18,-14,-19
9.109375,69,2179,2179,25,20,-18,-14,-19
9.113281,68,2179,2179,26,20,-19,-14,-19
9.117188,69,2179,2179,26,20,-19,-14,-19
9.121094,69,2179,2179,26,20,-19,-14,-19
9.125000,70,2179,2179,25,20,-19,-14,-19
9.128906,70,2179,2179,25,20,-19,-14,-19
9.132812,71,2179,2179,26,20,-19,-14,-19
9.136719,71,2179,2179,26,20,-19,-14,-19
9.140625,72,2179,2179,25,20,-19,-14,-19
9.144531,72,2179,2179,26,20,-19,-14,-19
9.148438,72,2179,2179,26,20,-19,-14,-19
9.152344,72,2179,2179,26,21,-19,-14,-19
9.156250,73,2179,2179,26,20,-19,-14,-19
9.160156,73,2179,2179,26,20,-19,-14,-19
9.164062,72,2179,2179,26,21,-22,-14,-19
9.167969,73,2179,2179,27,21,-19,-14,-19
9.171875,73,2179,2179,27,21,-19,-14,-19
9.175781,73,2179,2179,27,20,-19,-14,-19
9.179688,73,2179,2179,27,20,-19,-14,-19
9.183594,72,2179,2179,27,21,-19,-14,-19
9.187500,73,2179,2179,27,21,-19,-14,-19
9.191406,73,2179,2179,27,21,-19,-13,-19
9.195312,72,2179,2179,27,21,-19,-14,-19
9.199219,72,2179,2179,27,21,-19,-14,-19
9.203125,72,2179,2179,28,21,-18,-14,-19
9.207031,72,2179,2179,28,21,-18,-13,-19
9.210938,72,2179,2179,28,21,-18,-13,-19
9.214844,72,2179,2179,29,21,-19,-14,-19
9.218750,72,2179,2179,29,21,-19,-14,-19
9.222656,72,2179,2179,29,21,-19,-14,-20
9.226562,72,2179,2179,29,21,-19,-14,-20
9.230469,72,2179,2179,31,21,-19,-13,-20
9.234375,71,2179,2179,32,21,-19,-13,-20
9.238281,72,2179,2179,33,21,-18,-14,-20
9.242188,71,2179,2179,34,20,-18,-13,-19
9.246094,71,2179,2179,36,21,-19,-13,-19
9.250000,71,2179,2179,38,21,-19,-13,-19
9.253906,71,2179,2179,39,21,-19,-14,-19
9.257812,71,2179,2179,40,20,-19,-13,-19
9.261719,70,2179,2179,42,20,-19,-14,-19
9.265625,70,2179,2179,43,21,-19,-14,-19
9.269531,70,2179,2179,45,21,-19,-14,-19
9.273438,70,2179,2179,46,21,-19,-14,-19
9.277344,70,2179,2179,47,20,-19,-14,-20
9.281250,70,2179,2179,49,21,-19,-14,-20
9.285156,70,2179,2179,51,21,-19,-14,-20
9.289062,70,2179,2179,51,20,-16,-14,-19
9.292969,70,2179,2179,53,20,-19,-14,-20
9.296875,69,2179,2179,54,22,-19,-14,-19
9.300781,69,2179,2179,55,21,-19,-14,-19
9.304688,69,2179,2179,56,21,-19,-14,-19
9.308594,69,2179,2179,57,20,-19,-13,-19
9.312500,69,2179,2179,58,20,-19,-13,-19
9.316406,69,2179,2179,59,21,-18,-14,-19
9.320312,69,2179,2179,60,21,-18,-14,-19
9.324219,69,2179,2179,62,20,-18,-13,-19
9.328125,69,2179,2179,64,20,-19,-14,-19
9.332031,70,2179,2179,67,21,-19,-14,-19
9.335938,69,2179,2179,69,21,-19,-13,-19
9.339844,70,2179,2179,70,20,-18,-13,-19
9.343750,69,2179,2179,71,20,-19,-13,-19
9.347656,69,2179,2179,71,21,-18,-14,-19
9.351562,69,2179,2179,72,21,-18,-13,-19
9.355469,69,2179,2179,72,20,-18,-14,-19
9.359375,69,2179,2179,73,20,-18,-14,-19
9.363281,69,2179,2179,75,20,-18,-14,-19
9.367188,68,2179,2179,76,21,-19,-14,-19
9.371094,69,2179,2179,78,21,-19,-14,-19
9.375000,68,2179,2179,79,20,-19,-14,-19
9.378906,68,2179,2179,80,21,-19,-14,-20
9.382812,68,2179,2179,81,21,-19,-14,-20
9.386719,68,2179,2179,82,21,-19,-14,-19
9.390625,68,2179,2179,82,21,-19,-14,-19
9.394531,68,2179,2179,83,21,-19,-14,-20
9.398438,67,2179,2179,84,21,-19,-14,-20
9.402344,67,2179,2179,84,21,-19,-14,-20
9.406250,67,2179,2179,84,21,-19,-14,-20
9.410156,67,2179,2179,83,21,-18,-14,-19
9.414062,67,2179,2179,84,21,-19,-13,-19
9.417969,67,2179,2179,85,21,-18,-14,-19
9.421875,68,2179,2179,85,21,-18,-14,-19
9.425781,68,2179,2179,87,21,-18,-14,-19
9.429688,68,2179,2179,89,21,-18,-13,-19
9.433594,68,2179,2179,91,21,-18,-14,-19
9.437500,68,2179,2179,93,21,-18,-14,-19
9.441406,68,2179,2179,94,21,-18,-14,-19
9.445312,68,2179,2179,95,21,-19,-14,-19
9.449219,68,2179,2179,96,21,-19,-14,-19
9.453125,68,2179,2179,96,21,-18,-14,-19
9.457031,69,2179,2179,96,21,-18,-14,-19
9.460938,69,2179,2179,96,20,-18,-14,-19
9.464844,69,2179,2179,96,21,-18,-14,-19
9.468750,69,2179,2179,96,21,-18,-13,-19
9.472656,69,2179,2179,97,20,-18,-14,-19
9.476562,69,2179,2179,97,20,-19,-14,-19
9.480469,69,2179,2179,98,21,-19,-14,-19
9.484375,69,2179,2179,99,21,-19,-14,-20
9.488281,69,2179,2179,99,21,-19,-14,-20
9.492188,69,2179,2179,100,21,-19,-14,-20
9.496094,69,2179,2179,101,21,-19,-14,-19
9.500000,69,2179,2179,102,21,-19,-14,-20
9.503906,70,2179,2179,102,21,-19,-14,-19
9.507812,70,2179,2179,103,20,-19,-14,-19
9.511719,70,2179,2179,103,20,-19,-14,-19
9.515625,70,2179,2179,104,20,-18,-14,-19
9.519531,70,2179,2179,105,20,-19,-14,-19
9.523438,70,2179,2179,105,20,-18,-14,-19
9.527344,70,2179,2179,106,20,-19,-14,-19
9.531250,70,2179,2179,106,20,-18,-14,-19
9.535156,70,2179,2179,107,20,-18,-13,-19
9.539062,70,2179,2179,107,20,-18,-14,-19
9.542969,70,2179,2179,107,20,-18,-14,-19
9.546875,69,2179,2179,107,19,-18,-14,-19
9.550781,69,2179,2179,108,21,-18,-14,-19
9.554688,70,2179,2179,108,20,-18,-14,-19
9.558594,70,2179,2179,108,20,-19,-14,-19
9.562500,70,2179,2179,109,20,-19,-14,-19
9.566406,70,2179,2179,110,21,-18,-14,-19
9.570312,70,2179,2179,110,21,-19,-14,-19
9.574219,70,2179,2179,111,20,-18,-14,-19
9.578125,70,2179,2179,111,20,-19,-14,-19
9.582031,70,2179,2179,112,20,-19,-13,-19
9.585938,71,2179,2179,112,20,-18,-14,-19
9.589844,71,2179,2179,112,20,-19,-13,-19
9.593750,71,2179,2179,112,20,-19,-14,-19
9.597656,71,2179,2179,113,21,-18,-14,-20
9.601562,71,2179,2179,113,21,-18,-14,-20
9.605469,71,2179,2179,114,21,-19,-14,-20
9.609375,71,2179,2179,114,21,-19,-14,-19
9.613281,70,2179,2179,115,21,-19,-14,-19
9.617188,71,2179,2179,115,21,-19,-14,-19
9.621094,71,2179,2179,115,21,-19,-14,-20
9.625000,71,2179,2179,115,21,-19,-14,-19
9.628906,71,2179,2179,115,21,-19,-14,-19
9.632812,71,2179,2179,116,21,-18,-14,-20
9.636719,71,2179,2179,116,21,-18,-14,-19
9.640625,71,2179,2179,116,21,-19,-14,-19
9.644531,71,2179,2179,117,21,-18,-14,-19
9.648438,70,2179,2179,117,21,-18,-14,-19
9.652344,70,2179,2179,118,21,-18,-14,-19
9.656250,70,2179,2179,118,21,-18,-14,-19
9.660156,70,2179,2179,118,21,-18,-13,-19
9.664062,69,2179,2179,119,21,-19,-13,-19
9.667969,70,2179,2179,119,21,-18,-14,-19
9.671875,70,2179,2179,119,20,-18,-13,-19
9.675781,70,2179,2179,120,21,-18,-14,-19
9.679688,70,2179,2179,120,20,-18,-14,-19
9.683594,70,2179,2179,121,21,-18,-14,-19
9.687500,70,2179,2179,121,20,-18,-14,-19
9.691406,70,2179,2179,122,20,-18,-14,-19
9.695312,69,2179,2179,122,20,-18,-14,-19
9.699219,69,2179,2179,122,20,-18,-14,-19
9.703125,69,2179,2179,122,20,-18,-14,-19
9.707031,69,2179,2179,121,20,-19,-14,-19
9.710938,69,2179,2179,120,20,-19,-14,-19
9.714844,69,2179,2179,121,20,-19,-14,-19
9.718750,69,2179,2179,121,20,-19,-14,-19
9.722656,70,2179,2179,121,20,-19,-14,-19
9.726562,70,2179,2179,122,20,-19,-14,-19
9.730469,70,2179,2179,123,20,-19,-14,-19
9.734375,70,2179,2179,124,20,-19,-14,-19
9.738281,70,2179,2179,124,20,-19,-14,-19
9.742188,70,2179,2179,125,20,-19,-14,-20
9.746094,69,2179,2179,125,20,-19,-14,-19
9.750000,69,2179,2179,125,20,-19,-14,-19
9.753906,69,2179,2179,125,20,-19,-14,-19
9.757812,69,2179,2179,125,20,-19,-14,-19
9.761719,69,2179,2179,124,20,-19,-14,-19
9.765625,69,2179,2179,125,21,-18,-14,-19
9.769531,70,2179,2179,125,21,-19,-14,-19
9.773438,70,2179,2179,125,21,-18,-14,-19
9.777344,70,2179,2179,125,21,-18,-14,-19
9.781250,70,2179,2179,125,21,-18,-13,-19
9.785156,70,2179,2179,126,21,-18,-14,-19
9.789062,71,2179,2179,125,21,-18,-14,-19
9.792969,71,2179,2179,126,21,-18,-14,-19
9.796875,70,2179,2179,126,20,-18,-14,-19
9.800781,70,2179,2179,127,21,-19,-14,-19
9.804688,71,2179,2179,127,21,-19,-14,-19
9.808594,71,2179,2179,127,21,-19,-14,-19
9.812500,71,2179,2179,127,21,-18,-14,-19
9.816406,71,2179,2179,128,21,-19,-14,-20
9.820312,71,2179,2179,128,21,-19,-14,-20
9.824219,71,2179,2179,128,21,-19,-14,-20
9.828125,70,2179,2179,128,21,-19,-14,-19
9.832031,70,2179,2179,128,21,-19,-14,-19
9.835938,70,2179,2179,128,21,-19,-14,-19
9.839844,70,2179,2179,129,21,-19,-14,-19
9.843750,70,2179,2179,129,21,-19,-14,-19
9.847656,70,2179,2179,129,21,-19,-14,-19
9.851562,70,2179,2179,130,21,-19,-14,-19
9.855469,70,2179,2179,129,21,-19,-14,-19
9.859375,70,2179,2179,129,21,-19,-14,-19
9.863281,69,2179,2179,130,21,-19,-14,-19
9.867188,69,2179,2179,129,21,-19,-14,-19
9.871094,69,2179,2179,129,21,-18,-14,-19
9.875000,69,2179,2179,130,21,-19,-14,-19
9.878906,69,2179,2179,130,21,-18,-14,-19
9.882812,69,2179,2179,130,21,-18,-14,-19
9.886719,69,2179,2179,131,21,-18,-14,-19
9.890625,69,2179,2179,131,20,-18,-13,-19
9.894531,70,2179,2179,131,21,-18,-13,-19
9.898438,69,2179,2179,132,21,-18,-13,-19
9.902344,70,2179,2179,132,21,-18,-14,-19
9.906250,70,2179,2179,131,20,-18,-13,-19
9.910156,70,2179,2179,131,20,-19,-13,-19
9.914062,70,2179,2179,132,21,-18,-14,-19
9.917969,70,2179,2179,132,20,-18,-14,-20
9.921875,70,2179,2179,132,20,-18,-14,-19
9.925781,70,2179,2179,132,20,-19,-14,-19
9.929688,69,2179,2179,133,20,-19,-14,-19
9.933594,69,2179,2179,132,21,-18,-14,-19
9.937500,69,2179,2179,132,21,-18,-14,-19
9.941406,69,2179,2179,132,20,-19,-14,-19
9.945312,69,2179,2179,132,21,-19,-14,-19
9.949219,69,2179,2179,133,21,-19,-14,-19
9.953125,69,2179,2179,134,21,-19,-14,-19
9.957031,69,2179,2179,134,21,-19,-14,-20
9.960938,69,2179,2179,134,21,-19,-14,-20
9.964844,69,2179,2179,135,21,-19,-14,-20
9.968750,69,2179,2179,135,21,-19,-14,-20
9.972656,69,2179,2179,134,21,-19,-14,-19
9.976562,69,2179,2179,133,21,-19,-14,-19
9.980469,69,2179,2179,133,21,-19,-14,-19
9.984375,69,2179,2179,133,21,-19,-14,-19
9.988281,69,2179,2179,133,21,-19,-13,-19
9.992188,69,2179,2179,133,20,-18,-13,-19
9.996094,69,2179,2179,134,20,-18,-13,-19
10.000000,69,2179,2179,135,21,-18,-14,-19
10.003906,70,2179,2179,136,21,-18,-13,-19
10.007812,70,2179,2179,137,21,-18,-13,-19
10.011719,69,2179,2179,137,21,-18,-13,-19
10.015625,69,2179,2179,138,21,-19,-14,-19
10.019531,69,2179,2179,138,21,-19,-14,-19
10.023438,69,2179,2179,137,21,-18,-14,-19
10.027344,69,2179,2179,137,21,-19,-14,-19
10.031250,69,2179,2179,137,21,-18,-14,-19
10.035156,68,2179,2179,137,21,-18,-14,-19
10.039062,69,2179,2179,137,21,-19,-14,-19
10.042969,69,2179,2179,138,21,-19,-14,-19
10.046875,68,2179,2179,138,20,-19,-14,-19
10.050781,68,2179,2179,138,21,-19,-14,-19
10.054688,69,2179,2179,138,21,-19,-14,-19
10.058594,69,2179,2179,138,21,-19,-14,-19
10.062500,68,2179,2179,138,21,-19,-14,-19
10.066406,68,2179,2179,138,21,-19,-14,-19
10.070312,68,2179,2179,138,21,-19,-14,-19
10.074219,68,2179,2179,138,21,-19,-14,-19
10.078125,68,2179,2179,138,21,-19,-14,-19
10.082031,68,2179,2179,139,21,-19,-14,-19
10.085938,68,2179,2179,140,21,-19,-14,-19
10.089844,68,2179,2179,140,21,-18,-14,-19
10.093750,68,2179,2179,140,21,-18,-14,-19
10.097656,67,2179,2179,140,21,-19,-14,-19
10.101562,67,2179,2179,141,21,-19,-13,-19
10.105469,68,2179,2179,140,20,-19,-13,-19
10.109375,68,2179,2179,140,20,-18,-14,-19
10.113281,67,2179,2179,141,20,-19,-13,-19
10.117188,67,2179,2179,141,20,-18,-14,-19
10.121094,67,2179,2179,141,20,-18,-14,-19
10.125000,67,2179,2179,141,20,-19,-14,-19
10.128906,67,2179,2179,141,20,-19,-14,-19
10.132812,67,2179,2179,141,20,-19,-14,-19
10.136719,67,2179,2179,141,20,-19,-13,-19
10.140625,67,2179,2179,140,20,-19,-13,-19
10.144531,67,2179,2179,140,20,-18,-14,-19
10.148438,67,2179,2179,141,20,-18,-14,-19
10.152344,67,2179,2179,141,20,-19,-14,-19
10.156250,67,2179,2179,141,20,-19,-14,-19
10.160156,67,2179,2179,141,20,-19,-14,-19
10.164062,66,2179,2179,142,21,-19,-14,-19
10.167969,66,2179,2179,142,21,-19,-14,-20
10.171875,66,2179,2179,142,20,-19,-14,-20
10.175781,66,2179,2179,143,20,-19,-14,-20
10.179688,65,2179,2179,142,20,-19,-14,-19
10.183594,65,2179,2179,143,21,-19,-14,-20
10.187500,65,2179,2179,143,21,-19,-14,-19
10.191406,65,2179,2179,143,20,-19,-14,-19
10.195312,65,2179,2179,143,20,-19,-14,-19
10.199219,65,2179,2179,143,21,-19,-14,-19
10.203125,65,2179,2179,143,21,-18,-14,-19
10.207031,65,2179,2179,143,20,-18,-13,-18
10.210938,66,2179,2179,143,20,-18,-13,-19
10.214844,65,2179,2179,144,21,-18,-13,-19
10.218750,65,2179,2179,144,21,-18,-13,-19
10.222656,65,2179,2179,144,21,-18,-13,-19
10.226562,65,2179,2179,144,21,-18,-13,-19
10.230469,65,2179,2179,145,21,-19,-13,-19
10.234375,65,2179,2179,145,21,-18,-13,-19
10.238281,66,2179,2179,145,21,-18,-14,-19
10.242188,66,2179,2179,145,20,-18,-14,-19
10.246094,65,2179,2179,146,21,-18,-13,-19
10.250000,65,2179,2179,146,21,-18,-14,-19
10.253906,66,2179,2179,146,21,-18,-14,-19
10.257812,66,2179,2179,146,20,-18,-14,-19
10.261719,65,2179,2179,146,20,-18,-14,-19
10.265625,65,2179,2179,147,21,-19,-14,-19
10.269531,65,2179,2179,147,21,-19,-14,-19
10.273438,65,2179,2179,147,20,-19,-14,-19
10.277344,65,2179,2179,147,20,-19,-14,-19
10.281250,65,2179,2179,147,21,-19,-14,-19
10.285156,65,2179,2179,147,21,-19,-14,-19
10.289062,65,2179,2179,147,20,-19,-14,-19
10.292969,65,2179,2179,146,20,-19,-14,-20
10.296875,64,2179,2179,146,20,-19,-14,-19
10.300781,64,2179,2179,146,20,-19,-14,-19
10.304688,64,2179,2179,146,20,-19,-14,-19
10.308594,64,2179,2179,146,20,-19,-14,-19
10.312500,63,2179,2179,146,20,-18,-14,-19
10.316406,63,2179,2179,147,21,-18,-13,-19
10.320312,63,2179,2179,147,20,-18,-13,-19
10.324219,63,2179,2179,147,20,-18,-13,-19
10.328125,63,2179,2179,147,20,-18,-13,-19
10.332031,62,2179,2179,147,20,-18,-14,-19
10.335938,62,2179,2179,148,21,-18,-13,-19
10.339844,62,2179,2179,148,20,-18,-13,-19
10.343750,62,2179,2179,148,21,-18,-14,-19
10.347656,61,2179,2179,149,21,-18,-14,-19
10.351562,61,2179,2179,149,21,-18,-14,-19
10.355469,61,2179,2179,149,21,-18,-14,-19
10.359375,61,2179,2179,149,20,-19,-14,-19
10.363281,60,2179,2179,149,20,-19,-14,-19
10.367188,60,2179,2179,149,21,-18,-13,-19
10.371094,60,2179,2179,149,20,-18,-13,-19
10.375000,59,2179,2179,148,20,-19,-14,-19
10.378906,58,2179,2179,148,20,-19,-14,-19
10.382812,57,2179,2179,149,21,-19,-14,-19
10.386719,57,2179,2179,149,21,-19,-14,-19
10.390625,56,2179,2179,148,21,-19,-14,-19
10.394531,56,2179,2179,148,20,-19,-14,-19
10.398438,54,2179,2179,149,21,-19,-14,-19
10.402344,54,2179,2179,149,21,-19,-14,-19
10.406250,53,2179,2179,148,20,-19,-14,-19
10.410156,52,2179,2179,148,20,-19,-14,-19
10.414062,51,2179,2179,149,21,-19,-14,-19
10.417969,50,2179,2179,149,21,-18,-14,-19
10.421875,49,2179,2179,149,21,-18,-14,-19
10.425781,48,2179,2179,149,21,-19,-14,-19
10.429688,47,2179,2179,149,21,-18,-14,-19
10.433594,46,2179,2179,150,21,-18,-14,-19
10.437500,45,2179,2179,150,21,-19,-14,-19
10.441406,44,2179,2179,150,21,-19,-14,-19
10.445312,43,2179,2179,150,21,-19,-13,-19
10.449219,42,2179,2179,150,21,-18,-13,-19
10.453125,42,2179,2179,150,21,-18,-13,-19
10.457031,41,2179,2179,150,20,-18,-13,-19
10.460938,40,2179,2179,150,20,-19,-13,-19
10.464844,39,2179,2179,151,21,-18,-15,-19
10.468750,37,2179,2179,151,21,-18,-13,-19
10.472656,37,2179,2179,150,20,-18,-14,-19
10.476562,35,2179,2179,150,20,-18,-13,-19
10.480469,34,2179,2179,149,21,-19,-13,-19
10.484375,33,2179,2179,148,21,-19,-13,-19
10.488281,32,2179,2179,146,21,-19,-14,-19
10.492188,31,2179,2179,142,20,-19,-14,-19
10.496094,29,2179,2179,138,20,-19,-13,-19
10.500000,28,2179,2179,132,21,-19,-14,-19
10.503906,27,2179,2179,124,21,-19,-14,-19
10.507812,26,2179,2179,114,20,-19,-14,-19
10.511719,25,2179,2179,102,20,-19,-14,-19
10.515625,24,2179,2179,89,21,-19,-14,-19
10.519531,23,2179,2179,74,21,-19,-14,-19
10.523438,22,2179,2179,58,20,-19,-14,-19
10.527344,21,2179,2179,45,20,-19,-14,-19
10.531250,20,2179,2179,35,21,-19,-14,-19
10.535156,18,2179,2179,28,21,-19,-14,-19
10.539062,17,2179,2179,25,20,-18,-14,-19
10.542969,16,2179,2179,25,20,-18,-14,-19
10.546875,15,2179,2179,27,20,-18,-14,-19
10.550781,14,2179,2179,29,21,-18,-13,-19
10.554688,14,2179,2179,30,21,-18,-13,-19
10.558594,13,2179,2179,30,20,-18,-13,-19
10.562500,12,2179,2179,29,20,-18,-14,-19
10.566406,11,2179,2179,27,21,-19,-14,-19
10.570312,10,2179,2179,25,20,-19,-14,-19
10.574219,10,2179,2179,24,20,-19,-14,-19
10.578125,9,2179,2179,23,20,-19,-14,-19
10.582031,8,2179,2179,24,21,-19,-14,-19
10.585938,8,2179,2179,25,21,-19,-14,-19
10.589844,8,2179,2179,26,20,-19,-13,-19
10.593750,7,2179,2179,26,20,-19,-14,-19
10.597656,7,2179,2179,27,21,-19,-14,-19
10.601562,6,2179,2179,27,21,-19,-14,-20
10.605469,6,2179,2179,26,20,-19,-14,-20
10.609375,5,2179,2179,26,20,-19,-14,-20
10.613281,5,2179,2179,26,21,-19,-14,-19
10.617188,5,2179,2179,26,21,-19,-14,-19
10.621094,4,2179,2179,26,21,-19,-14,-20
10.625000,4,2179,2179,26,21,-19,-14,-19
10.628906,3,2179,2179,26,21,-19,-14,-19
10.632812,3,2179,2179,26,21,-19,-14,-20
10.636719,3,2179,2179,26,21,-19,-14,-19
10.640625,3,2179,2179,26,21,-19,-14,-19
10.644531,2,2179,2179,26,21,-19,-14,-19
10.648438,2,2179,2179,26,21,-19,-14,-19
10.652344,2,2179,2179,26,21,-18,-14,-19
10.656250,2,2179,2179,26,21,-18,-14,-19
10.660156,1,2179,2179,26,20,-18,-14,-19
10.664062,1,2179,2179,26,21,-18,-13,-19
10.667969,0,2179,2179,26,21,-18,-14,-19
10.671875,0,2179,2179,26,21,-18,-14,-19
10.675781,0,2179,2179,26,21,-18,-14,-19
10.679688,0,2179,2179,26,20,-18,-13,-19
10.683594,-1,2179,2179,26,21,-18,-13,-19
10.687500,0,2179,2179,26,20,-18,-13,-19
10.691406,0,2179,2179,25,20,-18,-13,-19
10.695312,-1,2179,2179,25,20,-18,-14,-19
10.699219,-1,2179,2179,25,20,-18,-14,-19
10.703125,0,2179,2179,25,20,-18,-14,-19
10.707031,0,2179,2179,25,20,-19,-13,-19
10.710938,0,2179,2179,25,20,-19,-14,-19
10.714844,0,2179,2179,25,20,-19,-13,-19
10.718750,0,2179,2179,25,20,-19,-14,-20
10.722656,0,2179,2179,25,20,-19,-14,-20
10.726562,0,2179,2179,25,20,-19,-14,-20
10.730469,-1,2179,2179,26,20,-19,-14,-20
10.734375,-1,2179,2179,26,20,-19,-14,-20
10.738281,-1,2179,2179,25,20,-19,-14,-20
10.742188,-1,2179,2179,25,20,-19,-14,-20
10.746094,-1,2179,2179,26,20,-19,-14,-20
10.750000,-1,2179,2179,26,21,-19,-14,-20
10.753906,-1,2179,2179,26,21,-18,-14,-20
10.757812,-1,2179,2179,26,20,-19,-14,-20
10.761719,-1,2179,2179,26,20,-19,-14,-19
10.765625,-1,2179,2179,26,21,-19,-13,-19
10.769531,-1,2179,2179,26,21,-18,-13,-19
10.773438,-1,2179,2179,26,21,-18,-13,-19
10.777344,-1,2179,2179,26,21,-18,-13,-19
10.781250,-1,2179,2179,26,21,-18,-14,-19
10.785156,0,2179,2179,26,21,-18,-13,-19
10.789062,0,2179,2179,26,21,-18,-14,-19
10.792969,0,2179,2179,26,21,-18,-13,-19
10.796875,0,2179,2179,26,21,-18,-14,-19
10.800781,0,2179,2179,26,21,-19,-14,-19
10.804688,0,2179,2179,26,21,-18,-13,-19
10.808594,0,2179,2179,26,21,-19,-13,-19
10.812500,0,2179,2179,26,20,-18,-14,-19
10.816406,0,2179,2179,26,21,-18,-14,-19
10.820312,1,2179,2179,26,21,-18,-13,-19
10.824219,1,2179,2179,26,20,-19,-14,-19
10.828125,1,2179,2179,26,20,-18,-14,-20
10.832031,1,2179,2179,26,20,-18,-14,-19
10.835938,0,2179,2179,26,21,-18,-14,-19
10.839844,1,2179,2179,26,21,-18,-13,-19
10.843750,0,2179,2179,26,20,-18,-14,-19
10.847656,0,2179,2179,26,21,-19,-14,-19
10.851562,0,2179,2179,26,21,-19,-14,-19
10.855469,0,2179,2179,26,21,-19,-14,-19
10.859375,0,2179,2179,26,20,-19,-14,-19
10.863281,-1,2179,2179,26,21,-19,-14,-19
10.867188,-1,2179,2179,26,21,-19,-14,-19
10.871094,0,2179,2179,26,21,-18,-14,-19
10.875000,0,2179,2179,26,20,-18,-14,-19
10.878906,-1,2179,2179,26,20,-18,-13,-19
10.882812,-1,2179,2179,26,21,-18,-14,-19
10.886719,0,2179,2179,26,21,-18,-13,-19
10.890625,0,2179,2179,26,20,-18,-14,-19
10.894531,0,2179,2179,26,20,-18,-14,-19
10.898438,0,2179,2179,26,21,-19,-14,-19
10.902344,0,2179,2179,26,21,-19,-14,-19
10.906250,0,2179,2179,26,20,-19,-14,-19
10.910156,0,2179,2179,26,20,-19,-14,-19
10.914062,0,2179,2179,26,20,-18,-14,-19
10.917969,0,2179,2179,26,20,-19,-14,-19
10.921875,0,2179,2179,25,20,-19,-14,-19
10.925781,0,2179,2179,25,20,-18,-14,-19
10.929688,0,2179,2179,25,20,-18,-14,-19
10.933594,0,2179,2179,26,20,-19,-14,-19
10.937500,0,2179,2179,26,20,-19,-14,-19
10.941406,0,2179,2179,25,20,-19,-14,-20
10.945312,-1,2179,2179,25,20,-19,-14,-20
10.949219,0,2179,2179,26,20,-19,-14,-20
10.953125,0,2179,2179,26,20,-19,-14,-20
10.957031,0,2179,2179,25,20,-19,-14,-20
10.960938,0,2179,2179,25,20,-19,-14,-19
10.964844,0,2179,2179,26,21,-19,-13,-19
10.968750,0,2179,2179,26,21,-19,-14,-19
10.972656,0,2179,2179,26,21,-17,-14,-19
10.976562,0,2179,2179,26,20,-19,-14,-19
10.980469,0,2179,2179,26,21,-19,-14,-19
10.984375,0,2179,2179,26,21,-18,-14,-19
10.988281,0,2179,2179,26,21,-18,-14,-19
10.992188,0,2179,2179,26,20,-18,-14,-19
10.996094,0,2179,2179,26,20,-18,-14,-19
11.000000,0,2179,2179,26,21,-18,-14,-19
11.003906,0,2179,2179,26,21,-18,-14,-19
11.007812,0,2179,2179,25,20,-18,-13,-19
11.011719,0,2179,2179,26,20,-19,-14,-19
11.015625,0,2179,2179,26,21,-18,-14,-19
11.019531,0,2179,2179,26,21,-18,-14,-19
11.023438,0,2179,2179,26,20,-18,-13,-19
11.027344,0,2179,2179,26,20,-18,-13,-19
11.031250,1,2179,2179,26,21,-18,-13,-19
11.035156,1,2179,2179,26,21,-18,-14,-19
11.039062,1,2179,2179,26,21,-18,-14,-19
11.042969,2,2179,2179,26,20,-18,-13,-19
11.046875,2,2179,2179,26,21,-19,-14,-20
11.050781,2,2179,2179,26,21,-18,-14,-19
11.054688,2,2179,2179,26,21,-19,-14,-19
11.058594,2,2179,2179,26,21,-19,-14,-19
11.062500,1,2179,2179,26,21,-19,-14,-20
11.066406,1,2179,2179,26,21,-19,-14,-20
11.070312,2,2179,2179,26,21,-19,-14,-19
11.074219,2,2179,2179,26,21,-19,-14,-19
11.078125,1,2179,2179,26,20,-19,-14,-19
11.082031,2,2179,2179,26,21,-19,-14,-19
11.085938,2,2179,2179,26,21,-18,-14,-19
11.089844,2,2179,2179,26,20,-18,-13,-19
11.093750,2,2179,2179,26,20,-18,-14,-19
11.097656,2,2179,2179,26,20,-26,-13,-19
11.101562,2,2179,2179,26,20,-18,-13,-19
11.105469,2,2179,2179,25,20,-18,-14,-19
11.109375,2,2179,2179,25,20,-18,-13,-19
11.113281,2,2179,2179,25,20,-18,-14,-19
11.117188,1,2179,2179,26,20,-18,-14,-19
11.121094,2,2179,2179,26,20,-18,-14,-19
11.125000,2,2179,2179,25,20,-18,-14,-19
11.128906,2,2179,2179,25,20,-18,-14,-19
11.132812,2,2179,2179,26,20,-18,-14,-19
11.136719,2,2179,2179,26,20,-19,-14,-19
11.140625,2,2179,2179,25,20,-19,-13,-19
11.144531,2,2179,2179,25,20,-19,-14,-19
11.148438,1,2179,2179,26,20,-19,-14,-19
11.152344,1,2179,2179,26,20,-18,-14,-19
11.156250,1,2179,2179,25,20,-19,-14,-19
11.160156,1,2179,2179,25,20,-19,-14,-19
11.164062,0,2179,2179,26,20,-19,-14,-19
11.167969,0,2179,2179,26,20,-19,-14,-19
11.171875,1,2179,2179,26,21,-19,-14,-19
11.175781,1,2179,2179,26,20,-19,-14,-19
11.179688,0,2179,2179,26,21,-19,-14,-19
11.183594,0,2179,2179,26,21,-19,-14,-19
11.187500,0,2179,2179,26,21,-19,-14,-19
11.191406,1,2179,2179,26,21,-19,-14,-19
11.195312,0,2179,2179,26,21,-18,-14,-20
11.199219,0,2179,2179,26,21,-19,-14,-20
11.203125,1,2179,2179,26,21,-19,-14,-19
11.207031,0,2179,2179,26,21,-19,-14,-20
11.210938,0,2179,2179,26,21,-19,-14,-19
11.214844,0,2179,2179,26,21,-18,-13,-19
11.218750,0,2179,2179,26,21,-18,-13,-19
11.222656,0,2179,2179,26,21,-12,-13,-19
11.226562,0,2179,2179,26,21,-18,-13,-19
11.230469,0,2179,2179,26,21,-18,-13,-19
11.234375,0,2179,2179,26,21,-18,-13,-19
11.238281,0,2179,2179,26,21,-18,-13,-19
11.242188,1,2179,2179,26,21,-19,-13,-19
11.246094,0,2179,2179,26,21,-19,-13,-19
11.250000,1,2179,2179,26,21,-19,-13,-19
11.253906,1,2179,2179,26,21,-18,-13,-19
11.257812,2,2179,2179,26,20,-19,-13,-19
11.261719,2,2179,2179,26,20,-19,-13,-19
11.265625,2,2179,2179,26,21,-19,-14,-20
11.269531,3,2179,2179,26,20,-19,-14,-20
11.273438,3,2179,2179,26,20,-19,-14,-20
11.277344,4,2179,2179,25,20,-19,-14,-20
11.281250,3,2179,2179,26,20,-19,-14,-19
11.285156,4,2179,2179,26,21,-19,-14,-19
11.289062,4,2179,2179,25,20,-19,-14,-19
11.292969,4,2179,2179,25,20,-19,-14,-19
11.296875,4,2179,2179,26,20,-19,-14,-19
11.300781,5,2179,2179,26,20,-19,-14,-19
11.304688,5,2179,2179,26,20,-19,-14,-19
11.308594,5,2179,2179,25,20,-19,-14,-19
11.312500,5,2179,2179,25,20,-19,-14,-19
11.316406,5,2179,2179,26,21,-19,-14,-19
11.320312,5,2179,2179,26,21,-19,-14,-19
11.324219,5,2179,2179,26,21,-18,-13,-19
11.328125,5,2179,2179,26,21,-18,-13,-19
11.332031,5,2179,2179,26,21,-18,-13,-19
11.335938,5,2179,2179,26,21,-18,-13,-19
11.339844,5,2179,2179,26,21,-18,-13,-19
11.343750,5,2179,2179,26,20,-19,-13,-19
11.347656,5,2179,2179,26,21,-22,-13,-19
11.351562,5,2179,2179,26,21,-19,-14,-19
11.355469,5,2179,2179,26,21,-18,-13,-19
11.359375,5,2179,2179,26,20,-18,-14,-19
11.363281,5,2179,2179,26,20,-18,-14,-19
11.367188,4,2179,2179,26,21,-19,-14,-19
11.371094,5,2179,2179,26,21,-18,-14,-19
11.375000,5,2179,2179,26,20,-19,-14,-19
11.378906,5,2179,2179,26,20,-19,-14,-19
11.382812,5,2179,2179,26,21,-19,-14,-20
11.386719,5,2179,2179,26,21,-19,-14,-20
11.390625,5,2179,2179,26,20,-18,-14,-19
11.394531,5,2179,2179,26,21,-19,-14,-19
11.398438,5,2179,2179,26,21,-19,-14,-19
11.402344,5,2179,2179,26,21,-19,-14,-19
11.406250,5,2179,2179,26,21,-18,-14,-19
11.410156,5,2179,2179,26,21,-19,-14,-19
11.414062,5,2179,2179,26,21,-19,-14,-19
11.417969,4,2179,2179,26,21,-19,-14,-19
11.421875,5,2179,2179,26,21,-19,-14,-19
11.425781,4,2179,2179,26,21,-19,-14,-19
11.429688,4,2179,2179,26,21,-19,-14,-19
11.433594,4,2179,2179,26,21,-18,-14,-19
11.437500,4,2179,2179,26,21,-18,-13,-19
11.441406,4,2179,2179,26,20,-18,-13,-19
11.445312,4,2179,2179,26,21,-18,-13,-19
11.449219,4,2179,2179,26,21,-18,-14,-19
11.453125,4,2179,2179,26,21,-18,-14,-19
11.457031,4,2179,2179,26,21,-18,-13,-19
11.460938,4,2179,2179,26,20,-19,-13,-19
11.464844,3,2179,2179,26,21,-19,-13,-19
11.468750,3,2179,2179,26,21,-19,-13,-19
11.472656,4,2179,2179,26,20,-16,-13,-19
11.476562,3,2179,2179,26,20,-19,-13,-19
11.480469,3,2179,2179,26,22,-19,-13,-19
11.484375,3,2179,2179,26,21,-18,-14,-19
11.488281,3,2179,2179,26,21,-18,-14,-19
11.492188,4,2179,2179,26,20,-18,-14,-19
11.496094,3,2179,2179,26,20,-19,-14,-19
11.500000,3,2179,2179,26,20,-18,-14,-20
11.503906,3,2179,2179,26,21,-19,-14,-20
11.507812,3,2179,2179,26,20,-19,-14,-20
11.511719,2,2179,2179,26,20,-19,-14,-19
11.515625,2,2179,2179,26,21,-19,-14,-20
11.519531,2,2179,2179,26,21,-19,-14,-19
11.523438,2,2179,2179,26,20,-19,-14,-19
11.527344,3,2179,2179,26,20,-19,-14,-19
11.531250,3,2179,2179,26,21,-19,-14,-19
11.535156,3,2179,2179,26,21,-19,-14,-19
11.539062,3,2179,2179,26,20,-19,-14,-19
11.542969,3,2179,2179,26,20,-19,-14,-19
11.546875,2,2179,2179,26,20,-19,-14,-19
11.550781,2,2179,2179,26,20,-18,-14,-19
11.554688,2,2179,2179,26,21,-18,-13,-19
11.558594,2,2179,2179,25,20,-18,-13,-19
11.562500,2,2179,2179,25,20,-19,-14,-19
11.566406,2,2179,2179,26,20,-19,-14,-19
11.570312,3,2179,2179,26,20,-19,-14,-19
11.574219,3,2179,2179,25,20,-19,-13,-19
11.578125,3,2179,2179,26,20,-18,-14,-19
11.582031,3,2179,2179,26,20,-19,-14,-19
11.585938,3,2179,2179,26,21,-19,-14,-19
11.589844,3,2179,2179,26,20,-19,-14,-19
11.593750,3,2179,2179,26,20,-19,-13,-19
11.597656,3,2179,2179,26,20,-19,-13,-19
11.601562,3,2179,2179,26,20,-18,-13,-19
11.605469,3,2179,2179,26,21,-19,-13,-19
11.609375,3,2179,2179,26,20,-19,-14,-19
11.613281,4,2179,2179,26,20,-19,-14,-19
11.617188,4,2179,2179,26,21,-18,-14,-19
11.621094,5,2179,2179,26,21,-18,-14,-19
11.625000,5,2179,2179,26,21,-19,-14,-19
11.628906,5,2179,2179,26,21,-19,-14,-19
11.632812,5,2179,2179,26,21,-19,-14,-19
11.636719,6,2179,2179,26,21,-19,-14,-19
11.640625,6,2179,2179,26,21,-19,-14,-19
11.644531,6,2179,2179,26,21,-19,-14,-19
11.648438,6,2179,2179,26,21,-19,-14,-19
11.652344,6,2179,2179,26,21,-19,-14,-19
11.656250,6,2179,2179,26,21,-18,-14,-19
11.660156,6,2179,2179,26,20,-19,-14,-19
11.664062,7,2179,2179,26,21,-18,-14,-19
11.667969,7,2179,2179,26,21,-18,-14,-19
11.671875,8,2179,2179,26,21,-19,-14,-19
11.675781,9,2179,2179,26,21,-18,-14,-19
11.679688,9,2179,2179,26,20,-19,-14,-19
11.683594,9,2179,2179,26,21,-19,-14,-19
11.687500,10,2179,2179,26,21,-18,-14,-19
11.691406,10,2179,2179,25,20,-19,-14,-19
11.695312,11,2179,2179,26,20,-19,-14,-19
11.699219,12,2179,2179,26,20,-19,-14,-19
11.703125,13,2179,2179,26,20,-19,-14,-19
11.707031,13,2179,2179,25,20,-19,-14,-19
11.710938,14,2179,2179,25,20,-19,-14,-19
11.714844,15,2179,2179,26,20,-19,-14,-19
11.718750,16,2179,2179,26,20,-19,-14,-20
11.722656,17,2179,2179,25,20,-18,-14,-19
11.726562,17,2179,2179,25,20,-19,-14,-19
11.730469,18,2179,2179,26,19,-18,-14,-19
11.734375,19,2179,2179,26,20,-18,-14,-20
11.738281,20,2179,2179,25,20,-18,-14,-20
11.742188,21,2179,2179,25,20,-19,-14,-20
11.746094,22,2179,2179,26,20,-19,-14,-19
11.750000,23,2179,2179,26,21,-19,-14,-20
11.753906,25,2179,2179,26,21,-19,-14,-20
11.757812,26,2179,2179,26,20,-19,-14,-19
11.761719,27,2179,2179,26,20,-19,-14,-19
11.765625,29,2179,2179,26,21,-19,-14,-19
11.769531,30,2179,2179,26,21,-18,-14,-19
11.773438,32,2179,2179,26,21,-18,-13,-19
11.777344,33,2179,2179,26,21,-18,-13,-19
11.781250,35,2179,2179,26,21,-18,-13,-19
11.785156,36,2179,2179,27,21,-18,-13,-19
11.789062,38,2179,2179,26,21,-18,-13,-19
11.792969,39,2179,2179,26,21,-18,-13,-19
11.796875,40,2179,2179,26,21,-19,-14,-19
11.800781,42,2179,2179,27,21,-19,-14,-19
11.804688,43,2179,2179,26,21,-19,-14,-19
11.808594,44,2179,2179,26,21,-19,-14,-19
11.812500,45,2179,2179,26,21,-19,-14,-19
11.816406,46,2179,2179,26,21,-18,-14,-19
11.820312,47,2179,2179,26,21,-18,-14,-19
11.824219,48,2179,2179,26,20,-18,-14,-19
11.828125,49,2179,2179,26,20,-18,-14,-20
11.832031,49,2179,2179,26,21,-19,-14,-19
11.835938,50,2179,2179,26,21,-19,-14,-19
11.839844,51,2179,2179,26,20,-19,-14,-19
11.843750,52,2179,2179,26,20,-19,-14,-19
11.847656,52,2179,2179,27,21,-19,-14,-19
11.851562,53,2179,2179,27,21,-19,-14,-20
11.855469,54,2179,2179,27,20,-19,-14,-19
11.859375,54,2179,2179,27,20,-19,-14,-19
11.863281,55,2179,2179,27,20,-19,-14,-19
11.867188,55,2179,2179,27,21,-19,-14,-19
11.871094,55,2179,2179,27,21,-19,-14,-19
11.875000,55,2179,2179,26,21,-19,-14,-19
11.878906,55,2179,2179,26,21,-19,-14,-19
11.882812,55,2179,2179,26,21,-19,-14,-19
11.886719,56,2179,2179,26,21,-19,-14,-19
11.890625,56,2179,2179,26,20,-18,-13,-19
11.894531,57,2179,2179,26,21,-18,-13,-19
11.898438,57,2179,2179,26,21,-18,-14,-19
11.902344,58,2179,2179,26,21,-18,-14,-19
11.906250,59,2179,2179,26,20,-18,-14,-20
11.910156,59,2179,2179,26,20,-18,-13,-19
11.914062,59,2179,2179,26,21,-18,-13,-19
11.917969,60,2179,2179,26,21,-18,-14,-19
11.921875,60,2179,2179,26,20,-18,-13,-19
11.925781,61,2179,2179,26,20,-18,-13,-19
11.929688,62,2179,2179,26,20,-18,-13,-19
11.933594,62,2179,2179,26,20,-18,-14,-19
11.937500,64,2179,2179,26,20,-18,-14,-19
11.941406,65,2179,2179,25,20,-19,-14,-19
11.945312,65,2179,2179,26,20,-19,-14,-19
11.949219,65,2179,2179,26,20,-19,-14,-19
11.953125,66,2179,2179,26,20,-19,-14,-19
11.957031,66,2179,2179,26,20,-19,-14,-19
11.960938,67,2179,2179,26,20,-19,-13,-19
11.964844,67,2179,2179,27,21,-19,-14,-19
11.968750,67,2179,2179,27,20,-19,-14,-20
11.972656,68,2179,2179,27,20,-18,-14,-20
11.976562,68,2179,2179,27,20,-19,-14,-20
11.980469,68,2179,2179,27,20,-19,-14,-19
11.984375,68,2179,2179,27,21,-19,-14,-19
11.988281,69,2179,2179,26,21,-19,-14,-19
11.992188,69,2179,2179,26,20,-19,-14,-19
11.996094,68,2179,2179,26,21,-19,-14,-19
12.000000,69,2179,2179,27,21,-18,-14,-19
12.003906,69,2179,2179,27,21,-18,-14,-19
12.007812,70,2179,2179,27,21,-18,-13,-19
12.011719,70,2179,2179,28,21,-18,-13,-19
12.015625,70,2179,2179,29,21,-18,-14,-19
12.019531,70,2179,2179,29,21,-18,-13,-19
12.023438,71,2179,2179,28,21,-18,-13,-19
12.027344,71,2179,2179,28,21,-18,-13,-19
12.031250,71,2179,2179,28,21,-18,-13,-19
12.035156,71,2179,2179,28,21,-18,-13,-19
12.039062,72,2179,2179,28,20,-18,-14,-19
12.042969,72,2179,2179,28,20,-18,-14,-19
12.046875,72,2179,2179,28,21,-18,-14,-19
12.050781,72,2179,2179,28,21,-18,-14,-19
12.054688,73,2179,2179,28,21,-18,-14,-20
12.058594,73,2179,2179,28,20,-19,-14,-19
12.062500,73,2179,2179,28,20,-19,-14,-19
12.066406,73,2179,2179,29,21,-19,-14,-20
12.070312,74,2179,2179,29,21,-19,-14,-20
12.074219,74,2179,2179,30,20,-19,-14,-20
12.078125,74,2179,2179,31,20,-19,-14,-20
12.082031,74,2179,2179,33,20,-19,-14,-19
12.085938,74,2179,2179,34,21,-19,-14,-19
12.089844,75,2179,2179,35,20,-19,-14,-19
12.093750,75,2179,2179,36,20,-19,-14,-19
12.097656,75,2179,2179,38,21,-19,-14,-19
12.101562,75,2179,2179,39,21,-19,-14,-20
12.105469,75,2179,2179,40,20,-19,-14,-20
12.109375,75,2179,2179,41,20,-19,-14,-19
12.113281,75,2179,2179,43,20,-19,-14,-19
12.117188,75,2179,2179,44,20,-19,-14,-19
12.121094,75,2179,2179,45,20,-18,-14,-19
12.125000,75,2179,2179,47,20,-18,-14,-19
12.128906,74,2179,2179,49,20,-19,-14,-19
12.132812,75,2179,2179,51,20,-18,-14,-20
12.136719,75,2179,2179,53,20,-19,-14,-19
12.140625,75,2179,2179,54,20,-18,-14,-20
12.144531,75,2179,2179,56,20,-18,-14,-19
12.148438,75,2179,2179,58,21,-19,-14,-19
12.152344,75,2179,2179,59,21,-19,-14,-19
12.156250,75,2179,2179,60,20,-19,-13,-19
12.160156,75,2179,2179,61,20,-18,-14,-19
12.164062,75,2179,2179,63,21,-18,-14,-19
12.167969,75,2179,2179,64,21,-19,-14,-19
12.171875,76,2179,2179,65,21,-19,-14,-19
12.175781,75,2179,2179,67,21,-19,-14,-19
12.179688,75,2179,2179,69,21,-19,-14,-19
12.183594,75,2179,2179,71,21,-19,-14,-19
12.187500,75,2179,2179,73,21,-19,-14,-19
12.191406,75,2179,2179,73,21,-19,-14,-20
12.195312,75,2179,2179,75,21,-19,-14,-20
12.199219,75,2179,2179,76,21,-19,-14,-20
12.203125,75,2179,2179,77,21,-19,-14,-20
12.207031,75,2179,2179,78,21,-19,-14,-20
12.210938,75,2179,2179,79,21,-19,-14,-20
12.214844,74,2179,2179,81,21,-19,-14,-20
12.218750,74,2179,2179,82,21,-18,-14,-19
12.222656,74,2179,2179,83,21,-18,-14,-19
12.226562,74,2179,2179,85,21,-18,-14,-19
12.230469,73,2179,2179,87,21,-19,-13,-19
12.234375,74,2179,2179,88,21,-18,-13,-19
12.238281,74,2179,2179,89,21,-18,-13,-19
12.242188,74,2179,2179,90,21,-19,-13,-19
12.246094,74,2179,2179,91,21,-19,-14,-19
12.250000,74,2179,2179,92,21,-18,-14,-19
12.253906,74,2179,2179,93,21,-18,-13,-19
12.257812,74,2179,2179,93,21,-18,-13,-19
12.261719,74,2179,2179,94,21,-18,-13,-19
12.265625,74,2179,2179,95,21,-18,-13,-20
12.269531,74,2179,2179,96,21,-18,-13,-19
12.273438,74,2179,2179,97,20,-18,-14,-20
12.277344,74,2179,2179,97,20,-19,-14,-20
12.281250,74,2179,2179,98,20,-19,-14,-20
12.285156,74,2179,2179,99,20,-19,-14,-20
12.289062,74,2179,2179,99,20,-19,-14,-20
12.292969,74,2179,2179,99,20,-19,-14,-19
12.296875,74,2179,2179,101,20,-19,-14,-20
12.300781,74,2179,2179,101,20,-19,-14,-20
12.304688,74,2179,2179,103,20,-19,-14,-20
12.308594,74,2179,2179,103,20,-19,-14,-20
12.312500,73,2179,2179,104,20,-19,-14,-20
12.316406,73,2179,2179,105,20,-19,-14,-19
12.320312,73,2179,2179,106,20,-19,-14,-20
12.324219,73,2179,2179,106,20,-19,-14,-19
12.328125,72,2179,2179,106,20,-19,-14,-19
12.332031,72,2179,2179,107,21,-19,-14,-19
12.335938,71,2179,2179,108,21,-18,-13,-19
12.339844,71,2179,2179,108,21,-18,-14,-19
12.343750,71,2179,2179,108,21,-19,-13,-19
12.347656,71,2179,2179,109,21,-19,-14,-19
12.351562,71,2179,2179,109,21,-18,-14,-19
12.355469,71,2179,2179,110,21,-18,-14,-19
12.359375,71,2179,2179,110,21,-18,-13,-19
12.363281,70,2179,2179,110,21,-18,-14,-19
12.367188,70,2179,2179,111,21,-18,-14,-19
12.371094,71,2179,2179,112,21,-19,-13,-19
12.375000,71,2179,2179,111,21,-19,-13,-19
12.378906,71,2179,2179,112,20,-19,-13,-19
12.382812,70,2179,2179,112,21,-19,-14,-19
12.386719,71,2179,2179,112,21,-19,-14,-19
12.390625,71,2179,2179,112,20,-19,-14,-18
12.394531,71,2179,2179,112,20,-19,-14,-19
12.398438,70,2179,2179,113,20,-18,-14,-19
12.402344,70,2179,2179,113,20,-18,-14,-19
12.406250,71,2179,2179,113,20,-19,-14,-19
12.410156,71,2179,2179,113,20,-19,-14,-19
12.414062,71,2179,2179,113,21,-19,-14,-19
12.417969,71,2179,2179,114,21,-19,-14,-19
12.421875,71,2179,2179,114,21,-19,-14,-20
12.425781,71,2179,2179,114,20,-19,-14,-19
12.429688,70,2179,2179,114,20,-19,-14,-19
12.433594,70,2179,2179,115,21,-19,-14,-20
12.437500,70,2179,2179,115,21,-19,-14,-20
12.441406,70,2179,2179,116,20,-18,-14,-19
12.445312,70,2179,2179,116,20,-18,-14,-19
12.449219,70,2179,2179,117,21,-18,-13,-19
12.453125,70,2179,2179,117,21,-18,-13,-19
12.457031,71,2179,2179,117,21,-18,-13,-19
12.460938,71,2179,2179,117,21,-18,-13,-19
12.464844,70,2179,2179,118,21,-18,-14,-19
12.468750,70,2179,2179,118,21,-18,-14,-19
12.472656,71,2179,2179,118,21,-18,-14,-19
12.476562,70,2179,2179,119,21,-18,-14,-19
12.480469,70,2179,2179,120,21,-19,-14,-19
12.484375,70,2179,2179,120,21,-19,-14,-19
12.488281,70,2179,2179,119,21,-18,-14,-19
12.492188,70,2179,2179,120,20,-18,-14,-19
12.496094,70,2179,2179,120,20,-19,-13,-19
12.500000,70,2179,2179,121,20,-19,-14,-19
12.503906,70,2179,2179,121,20,-19,-14,-20
12.507812,70,2179,2179,121,20,-19,-14,-20
12.511719,69,2179,2179,121,20,-19,-14,-20
12.515625,69,2179,2179,122,21,-19,-14,-19
12.519531,69,2179,2179,121,21,-19,-14,-20
12.523438,69,2179,2179,121,20,-19,-14,-20
12.527344,69,2179,2179,122,20,-19,-14,-20
12.531250,69,2179,2179,122,21,-19,-14,-20
12.535156,69,2179,2179,123,21,-19,-14,-19
12.539062,69,2179,2179,123,20,-19,-14,-20
12.542969,69,2179,2179,123,20,-19,-14,-19
12.546875,69,2179,2179,124,20,-19,-14,-19
12.550781,69,2179,2179,124,21,-19,-14,-19
12.554688,69,2179,2179,125,21,-19,-14,-19
12.558594,69,2179,2179,124,20,-18,-14,-19
12.562500,69,2179,2179,125,20,-19,-14,-19
12.566406,69,2179,2179,125,21,-19,-14,-20
12.570312,69,2179,2179,125,21,-18,-13,-19
12.574219,69,2179,2179,125,20,-18,-13,-19
12.578125,69,2179,2179,125,20,-19,-13,-19
12.582031,69,2179,2179,126,21,-19,-14,-20
12.585938,69,2179,2179,126,21,-18,-13,-19
12.589844,70,2179,2179,126,21,-18,-13,-19
12.593750,70,2179,2179,127,21,-19,-13,-19
12.597656,70,2179,2179,127,21,-19,-14,-19
12.601562,70,2179,2179,127,21,-18,-14,-19
12.605469,70,2179,2179,127,21,-19,-14,-19
12.609375,70,2179,2179,127,20,-19,-14,-19
12.613281,71,2179,2179,126,20,-19,-13,-19
12.617188,70,2179,2179,127,21,-19,-14,-20
12.621094,71,2179,2179,127,21,-19,-14,-20
12.625000,70,2179,2179,127,21,-19,-14,-20
12.628906,70,2179,2179,128,21,-19,-14,-19
12.632812,70,2179,2179,129,21,-19,-14,-20
12.636719,70,2179,2179,129,21,-19,-14,-19
12.640625,70,2179,2179,129,21,-19,-14,-19
12.644531,71,2179,2179,129,21,-19,-14,-19
12.648438,70,2179,2179,130,21,-19,-16,-19
12.652344,70,2179,2179,130,21,-19,-14,-19
12.656250,70,2179,2179,130,21,-19,-14,-19
12.660156,70,2179,2179,130,21,-19,-14,-19
12.664062,70,2179,2179,130,21,-19,-14,-19
12.667969,70,2179,2179,130,21,-19,-14,-20
12.671875,70,2179,2179,130,21,-18,-14,-19
12.675781,70,2179,2179,131,21,-18,-13,-19
12.679688,69,2179,2179,131,21,-18,-13,-19
12.683594,69,2179,2179,131,21,-18,-13,-19
12.687500,69,2179,2179,132,21,-18,-13,-19
12.691406,70,2179,2179,131,20,-18,-13,-19
12.695312,69,2179,2179,131,20,-18,-14,-19
12.699219,69,2179,2179,131,20,-18,-14,-19
12.703125,69,2179,2179,131,20,-18,-14,-19
12.707031,70,2179,2179,131,20,-18,-14,-19
12.710938,70,2179,2179,131,20,-19,-14,-19
12.714844,70,2179,2179,132,20,-19,-14,-19
12.718750,70,2179,2179,132,20,-19,-14,-19
12.722656,70,2179,2179,132,20,-19,-14,-19
12.726562,70,2179,2179,132,20,-19,-14,-20
12.730469,70,2179,2179,133,20,-19,-14,-20
12.734375,69,2179,2179,133,20,-19,-14,-20
12.738281,69,2179,2179,132,20,-19,-14,-19
12.742188,69,2179,2179,132,20,-19,-14,-20
12.746094,69,2179,2179,132,20,-19,-14,-20
12.750000,69,2179,2179,133,20,-19,-14,-20
12.753906,69,2179,2179,133,20,-19,-14,-20
12.757812,69,2179,2179,133,20,-19,-14,-20
12.761719,68,2179,2179,134,20,-19,-14,-20
12.765625,68,2179,2179,135,21,-19,-14,-19
12.769531,68,2179,2179,135,21,-18,-14,-20
12.773438,68,2179,2179,135,20,-18,-14,-19
12.777344,68,2179,2179,136,21,-18,-14,-19
12.781250,68,2179,2179,136,21,-18,-14,-19
12.785156,68,2179,2179,136,21,-18,-14,-19
12.789062,68,2179,2179,136,21,-19,-14,-19
12.792969,68,2179,2179,136,20,-19,-14,-19
12.796875,68,2179,2179,136,21,-18,-13,-19
12.800781,68,2179,2179,136,21,-18,-13,-19
12.804688,68,2179,2179,135,21,-18,-13,-19
12.808594,68,2179,2179,135,21,-19,-13,-19
12.812500,68,2179,2179,135,21,-19,-13,-19
12.816406,68,2179,2179,136,21,-18,-14,-19
12.820312,69,2179,2179,136,21,-19,-13,-19
12.824219,69,2179,2179,137,20,-18,-14,-19
12.828125,69,2179,2179,137,20,-19,-14,-19
12.832031,69,2179,2179,138,21,-18,-14,-19
12.835938,69,2179,2179,138,20,-18,-14,-19
12.839844,69,2179,2179,138,20,-18,-14,-19
12.843750,69,2179,2179,138,20,-19,-14,-19
12.847656,69,2179,2179,138,20,-19,-14,-19
12.851562,70,2179,2179,138,20,-19,-14,-20
12.855469,70,2179,2179,138,21,-18,-14,-19
12.859375,70,2179,2179,138,20,-19,-14,-19
12.863281,70,2179,2179,138,20,-19,-14,-19
12.867188,69,2179,2179,138,21,-19,-14,-19
12.871094,69,2179,2179,139,21,-19,-14,-19
12.875000,69,2179,2179,139,20,-19,-14,-19
12.878906,68,2179,2179,139,20,-19,-14,-19
12.882812,68,2179,2179,139,21,-19,-14,-19
12.886719,68,2179,2179,140,21,-19,-14,-19
12.890625,68,2179,2179,140,21,-19,-14,-19
12.894531,68,2179,2179,140,21,-19,-14,-19
12.898438,68,2179,2179,140,21,-18,-13,-19
12.902344,68,2179,2179,140,21,-19,-13,-19
12.906250,68,2179,2179,140,21,-18,-13,-19
12.910156,68,2179,2179,139,20,-18,-13,-19
12.914062,68,2179,2179,139,20,-18,-14,-19
12.917969,68,2179,2179,139,20,-19,-13,-19
12.921875,68,2179,2179,139,20,-19,-14,-20
12.925781,68,2179,2179,139,20,-19,-14,-19
12.929688,67,2179,2179,139,20,-19,-14,-19
12.933594,67,2179,2179,140,20,-18,-14,-19
12.937500,67,2179,2179,140,21,-18,-14,-20
12.941406,67,2179,2179,141,20,-19,-14,-19
12.945312,67,2179,2179,141,20,-19,-14,-19
12.949219,68,2179,2179,141,20,-19,-14,-20
12.953125,67,2179,2179,141,21,-19,-14,-20
12.957031,68,2179,2179,141,20,-19,-14,-20
12.960938,67,2179,2179,141,20,-19,-14,-20
12.964844,67,2179,2179,141,21,-19,-14,-19
12.968750,67,2179,2179,141,21,-19,-14,-19
12.972656,66,2179,2179,141,21,-19,-14,-19
12.976562,66,2179,2179,142,20,-19,-14,-19
12.980469,66,2179,2179,142,20,-19,-14,-19
12.984375,65,2179,2179,142,21,-19,-14,-19
12.988281,66,2179,2179,142,21,-19,-14,-20
12.992188,66,2179,2179,142,20,-19,-14,-19
12.996094,65,2179,2179,142,20,-18,-14,-19
13.000000,65,2179,2179,142,21,-18,-14,-19
13.003906,65,2179,2179,142,20,-18,-14,-19
13.007812,65,2179,2179,142,20,-18,-14,-19
13.011719,65,2179,2179,142,20,-18,-14,-19
13.015625,65,2179,2179,143,21,-18,-14,-19
13.019531,64,2179,2179,143,21,-18,-14,-19
13.023438,64,2179,2179,143,21,-18,-13,-19
13.027344,64,2179,2179,143,21,-18,-14,-19
13.031250,64,2179,2179,143,21,-18,-14,-19
13.035156,64,2179,2179,143,21,-18,-14,-19
13.039062,64,2179,2179,143,21,-19,-14,-19
13.042969,64,2179,2179,143,21,-19,-14,-19
13.046875,64,2179,2179,144,21,-19,-14,-19
13.050781,64,2179,2179,144,21,-19,-14,-19
13.054688,64,2179,2179,144,21,-19,-14,-19
13.058594,64,2179,2179,144,20,-19,-14,-19
13.062500,63,2179,2179,144,20,-19,-14,-19
13.066406,63,2179,2179,144,21,-19,-14,-19
13.070312,63,2179,2179,144,21,-19,-14,-19
13.074219,63,2179,2179,144,20,-19,-14,-19
13.078125,63,2179,2179,144,20,-19,-14,-19
13.082031,62,2179,2179,144,21,-19,-14,-19
13.085938,63,2179,2179,144,21,-19,-14,-19
13.089844,63,2179,2179,144,20,-19,-14,-19
13.093750,63,2179,2179,144,20,-19,-14,-19
13.097656,62,2179,2179,145,20,-19,-14,-20
13.101562,62,2179,2179,145,21,-19,-14,-20
13.105469,62,2179,2179,145,20,-19,-14,-19
13.109375,62,2179,2179,145,20,-19,-14,-19
13.113281,61,2179,2179,144,20,-19,-14,-19
13.117188,60,2179,2179,145,20,-19,-14,-19
13.121094,60,2179,2179,145,20,-19,-14,-19
13.125000,60,2179,2179,145,20,-19,-14,-19
13.128906,60,2179,2179,145,20,-18,-14,-19
13.132812,59,2179,2179,145,20,-19,-14,-19
13.136719,59,2179,2179,146,20,-18,-13,-19
13.140625,59,2179,2179,146,20,-19,-13,-19
13.144531,59,2179,2179,146,20,-18,-14,-19
13.148438,59,2179,2179,147,20,-19,-13,-19
13.152344,58,2179,2179,147,20,-18,-13,-19
13.156250,58,2179,2179,146,20,-18,-13,-19
13.160156,58,2179,2179,146,20,-18,-13,-19
13.164062,57,2179,2179,145,20,-18,-14,-19
13.167969,57,2179,2179,145,20,-18,-14,-19
13.171875,57,2179,2179,144,20,-18,-14,-19
13.175781,56,2179,2179,145,20,-19,-14,-19
13.179688,55,2179,2179,145,20,-19,-14,-19
13.183594,55,2179,2179,146,21,-19,-14,-19
13.187500,55,2179,2179,146,21,-19,-14,-19
13.191406,54,2179,2179,147,20,-19,-14,-19
13.195312,53,2179,2179,147,21,-19,-14,-19
13.199219,52,2179,2179,147,21,-19,-14,-20
13.203125,52,2179,2179,147,21,-19,-14,-19
13.207031,51,2179,2179,147,21,-19,-14,-19
13.210938,50,2179,2179,147,21,-19,-14,-19
13.214844,48,2179,2179,147,21,-19,-14,-19
13.218750,47,2179,2179,147,21,-19,-14,-19
13.222656,46,2179,2179,146,21,-19,-14,-19
13.226562,45,2179,2179,147,21,-18,-14,-19
13.230469,43,2179,2179,147,21,-18,-14,-19
13.234375,42,2179,2179,147,21,-18,-14,-19
13.238281,41,2179,2179,147,21,-18,-14,-19
13.242188,40,2179,2179,147,21,-18,-14,-19
13.246094,38,2179,2179,146,21,-18,-14,-19
13.250000,37,2179,2179,145,21,-18,-14,-19
13.253906,35,2179,2179,142,21,-19,-14,-19
13.257812,34,2179,2179,138,21,-19,-14,-19
13.261719,32,2179,2179,132,20,-18,-14,-19
13.265625,31,2179,2179,125,21,-19,-14,-19
13.269531,29,2179,2179,117,21,-18,-14,-19
13.273438,28,2179,2179,108,20,-18,-13,-19
13.277344,27,2179,2179,99,20,-19,-14,-19
13.281250,25,2179,2179,88,20,-26,-14,-19
13.285156,24,2179,2179,76,20,-19,-14,-19
13.289062,23,2179,2179,63,20,-19,-14,-19
13.292969,21,2179,2179,50,20,-19,-14,-19
13.296875,20,2179,2179,40,20,-19,-14,-19
13.300781,18,2179,2179,33,20,-19,-14,-20
13.304688,17,2179,2179,29,20,-19,-14,-19
13.308594,16,2179,2179,27,20,-19,-14,-19
13.312500,15,2179,2179,28,20,-19,-14,-19
13.316406,14,2179,2179,30,20,-19,-14,-19
13.320312,13,2179,2179,32,20,-19,-14,-19
13.324219,13,2179,2179,32,20,-19,-14,-19
13.328125,12,2179,2179,31,20,-19,-14,-19
13.332031,11,2179,2179,30,20,-18,-14,-19
13.335938,10,2179,2179,29,21,-18,-14,-19
13.339844,9,2179,2179,27,20,-18,-14,-19
13.343750,9,2179,2179,26,20,-18,-14,-19
13.347656,8,2179,2179,26,21,-18,-14,-19
13.351562,8,2179,2179,27,21,-18,-13,-19
13.355469,8,2179,2179,27,21,-18,-14,-19
13.359375,8,2179,2179,28,20,-19,-14,-19
13.363281,7,2179,2179,28,20,-18,-14,-19
13.367188,7,2179,2179,29,21,-18,-14,-19
13.371094,7,2179,2179,28,21,-18,-14,-19
13.375000,6,2179,2179,27,20,-18,-13,-19
13.378906,6,2179,2179,27,20,-18,-13,-19
13.382812,6,2179,2179,26,21,-18,-14,-19
13.386719,6,2179,2179,26,21,-18,-13,-19
13.390625,6,2179,2179,25,20,-18,-13,-19
13.394531,6,2179,2179,25,20,-18,-14,-19
13.398438,6,2179,2179,26,21,-19,-13,-19
13.402344,5,2179,2179,26,21,-19,-14,-19
13.406250,5,2179,2179,26,21,-12,-14,-19
13.410156,5,2179,2179,26,21,-19,-14,-19
13.414062,4,2179,2179,26,21,-19,-14,-20
13.417969,4,2179,2179,26,21,-19,-14,-19
13.421875,4,2179,2179,26,21,-19,-14,-20
13.425781,4,2179,2179,26,21,-19,-14,-20
13.429688,4,2179,2179,26,21,-19,-14,-20
13.433594,4,2179,2179,26,21,-19,-14,-19
13.437500,4,2179,2179,26,21,-19,-14,-19
13.441406,4,2179,2179,26,21,-19,-14,-19
13.445312,4,2179,2179,26,21,-19,-14,-19
13.449219,4,2179,2179,26,21,-18,-14,-19
13.453125,4,2179,2179,26,21,-18,-14,-19
13.457031,4,2179,2179,26,20,-18,-14,-19
13.460938,4,2179,2179,26,20,-18,-14,-19
13.464844,4,2179,2179,26,21,-18,-14,-19
13.468750,3,2179,2179,27,21,-18,-14,-19
13.472656,4,2179,2179,26,20,-18,-14,-19
13.476562,4,2179,2179,27,20,-18,-14,-19
13.480469,4,2179,2179,27,20,-18,-14,-19
13.484375,4,2179,2179,27,20,-18,-14,-19
13.488281,4,2179,2179,26,20,-18,-14,-19
13.492188,4,2179,2179,26,20,-18,-14,-19
13.496094,4,2179,2179,25,20,-18,-14,-19
13.500000,4,2179,2179,25,20,-18,-14,-19
13.503906,4,2179,2179,26,20,-18,-14,-19
13.507812,4,2179,2179,26,20,-18,-14,-19
13.511719,3,2179,2179,26,20,-19,-14,-19
13.515625,3,2179,2179,27,21,-19,-14,-19
13.519531,3,2179,2179,27,21,-19,-14,-19
13.523438,3,2179,2179,27,20,-19,-14,-19
13.527344,3,2179,2179,27,20,-19,-14,-19
13.531250,3,2179,2179,26,20,-23,-14,-19
13.535156,3,2179,2179,26,21,-19,-14,-19
13.539062,3,2179,2179,26,20,-19,-14,-19
13.542969,3,2179,2179,25,20,-19,-14,-19
13.546875,2,2179,2179,26,20,-19,-14,-19
13.550781,2,2179,2179,26,21,-18,-14,-20
13.554688,2,2179,2179,26,21,-18,-14,-19
13.558594,2,2179,2179,26,20,-18,-13,-19
13.562500,2,2179,2179,26,20,-18,-14,-19
13.566406,1,2179,2179,26,20,-18,-14,-19
13.570312,2,2179,2179,26,21,-18,-14,-19
13.574219,2,2179,2179,26,20,-19,-14,-19
13.578125,2,2179,2179,26,20,-18,-14,-19
13.582031,2,2179,2179,26,21,-18,-14,-19
13.585938,3,2179,2179,26,21,-18,-14,-19
13.589844,3,2179,2179,26,20,-19,-14,-19
13.593750,3,2179,2179,26,20,-18,-14,-19
13.597656,2,2179,2179,26,21,-18,-14,-19
13.601562,2,2179,2179,26,21,-18,-14,-19
13.605469,3,2179,2179,26,21,-18,-14,-19
13.609375,3,2179,2179,26,21,-18,-14,-19
13.613281,3,2179,2179,26,21,-19,-14,-19
13.617188,4,2179,2179,26,21,-18,-14,-19
13.621094,5,2179,2179,26,21,-18,-14,-19
13.625000,5,2179,2179,26,21,-19,-14,-19
13.628906,5,2179,2179,26,21,-19,-14,-19
13.632812,5,2179,2179,26,21,-19,-14,-19
13.636719,5,2179,2179,26,21,-19,-14,-19
13.640625,6,2179,2179,26,21,-19,-14,-19
13.644531,5,2179,2179,26,21,-19,-14,-19
13.648438,5,2179,2179,26,21,-19,-14,-20
13.652344,5,2179,2179,26,21,-19,-14,-19
13.656250,5,2179,2179,26,21,-16,-14,-19
13.660156,5,2179,2179,26,21,-19,-14,-19
13.664062,5,2179,2179,26,22,-19,-14,-19
13.667969,5,2179,2179,26,21,-19,-14,-19
13.671875,5,2179,2179,26,21,-18,-14,-19
13.675781,5,2179,2179,26,20,-19,-14,-19
13.679688,4,2179,2179,26,20,-19,-14,-19
13.683594,4,2179,2179,26,21,-19,-14,-19
13.687500,4,2179,2179,26,21,-18,-14,-19
13.691406,4,2179,2179,26,20,-18,-13,-19
13.695312,4,2179,2179,26,20,-18,-13,-19
13.699219,4,2179,2179,26,21,-18,-13,-19
13.703125,4,2179,2179,26,21,-18,-14,-20
13.707031,4,2179,2179,26,20,-18,-13,-19
13.710938,4,2179,2179,26,20,-18,-13,-20
13.714844,3,2179,2179,26,20,-18,-13,-19
13.718750,4,2179,2179,26,20,-18,-14,-19
13.722656,4,2179,2179,25,20,-19,-14,-19
13.726562,4,2179,2179,25,20,-19,-14,-19
13.730469,4,2179,2179,26,20,-19,-14,-19
13.734375,4,2179,2179,25,20,-18,-14,-19
13.738281,4,2179,2179,26,20,-19,-14,-19
13.742188,4,2179,2179,25,20,-19,-14,-19
13.746094,3,2179,2179,26,20,-18,-14,-19
13.750000,3,2179,2179,26,20,-19,-14,-19
13.753906,3,2179,2179,26,20,-19,-14,-19
13.757812,3,2179,2179,26,20,-19,-14,-19
13.761719,3,2179,2179,25,20,-19,-14,-20
13.765625,3,2179,2179,26,21,-19,-14,-19
13.769531,3,2179,2179,26,21,-19,-14,-20
13.773438,4,2179,2179,25,20,-19,-14,-19
13.777344,3,2179,2179,26,21,-19,-14,-19
13.781250,3,2179,2179,26,21,-20,-14,-19
13.785156,3,2179,2179,26,21,-18,-14,-19
13.789062,3,2179,2179,26,21,-18,-14,-19
13.792969,3,2179,2179,26,21,-18,-13,-19
13.796875,3,2179,2179,26,21,-18,-13,-19
13.800781,3,2179,2179,26,21,-18,-14,-19
13.804688,4,2179,2179,26,21,-18,-13,-19
13.808594,4,2179,2179,26,21,-18,-13,-19
13.812500,4,2179,2179,26,21,-18,-14,-19
13.816406,4,2179,2179,26,21,-19,-14,-19
13.820312,4,2179,2179,26,21,-18,-14,-19
13.824219,5,2179,2179,26,21,-18,-14,-19
13.828125,5,2179,2179,26,20,-18,-14,-19
13.832031,5,2179,2179,26,21,-19,-14,-19
13.835938,5,2179,2179,26,21,-18,-14,-19
13.839844,6,2179,2179,26,20,-18,-14,-19
13.843750,6,2179,2179,25,20,-19,-14,-19
13.847656,6,2179,2179,26,21,-19,-14,-19
13.851562,6,2179,2179,26,21,-19,-14,-19
13.855469,6,2179,2179,26,21,-19,-14,-19
13.859375,6,2179,2179,26,21,-19,-14,-19
13.863281,6,2179,2179,26,21,-19,-14,-19
13.867188,6,2179,2179,26,21,-19,-14,-19
13.871094,7,2179,2179,26,21,-19,-14,-19
13.875000,7,2179,2179,26,21,-19,-14,-19
13.878906,7,2179,2179,26,21,-19,-14,-19
13.882812,7,2179,2179,26,21,-19,-14,-19
13.886719,8,2179,2179,26,21,-19,-14,-19
13.890625,7,2179,2179,26,21,-19,-14,-19
13.894531,7,2179,2179,26,20,-19,-14,-19
13.898438,7,2179,2179,26,21,-19,-14,-19
13.902344,7,2179,2179,26,21,-19,-14,-19
13.906250,7,2179,2179,26,20,-18,-14,-19
13.910156,7,2179,2179,26,20,-19,-14,-19
13.914062,7,2179,2179,26,19,-18,-13,-19
13.917969,7,2179,2179,26,20,-18,-13,-19
13.921875,7,2179,2179,25,20,-18,-13,-19
13.925781,7,2179,2179,25,20,-18,-13,-19
13.929688,6,2179,2179,25,20,-19,-14,-19
13.933594,6,2179,2179,26,20,-19,-13,-19
13.937500,6,2179,2179,26,21,-18,-14,-19
13.941406,6,2179,2179,26,20,-18,-14,-19
13.945312,5,2179,2179,26,20,-18,-14,-19
13.949219,6,2179,2179,26,20,-18,-14,-19
13.953125,5,2179,2179,26,20,-18,-14,-19
13.957031,6,2179,2179,26,20,-19,-14,-19
13.960938,6,2179,2179,26,20,-19,-14,-19
13.964844,5,2179,2179,26,20,-19,-14,-19
13.968750,5,2179,2179,26,20,-19,-14,-20
13.972656,5,2179,2179,26,20,-19,-14,-19
13.976562,5,2179,2179,26,20,-19,-14,-20
13.980469,4,2179,2179,26,20,-19,-14,-20
13.984375,5,2179,2179,26,21,-19,-14,-20
13.988281,5,2179,2179,26,21,-19,-14,-20
13.992188,5,2179,2179,26,20,-19,-14,-19
13.996094,4,2179,2179,26,20,-19,-14,-19
14.000000,4,2179,2179,26,21,-19,-14,-19
14.003906,4,2179,2179,26,21,-19,-14,-19
14.007812,4,2179,2179,26,21,-19,-14,-19
14.011719,4,2179,2179,26,21,-19,-14,-19
14.015625,3,2179,2179,26,21,-18,-14,-19
14.019531,3,2179,2179,26,21,-19,-14,-19
14.023438,4,2179,2179,26,21,-19,-14,-19
14.027344,4,2179,2179,26,21,-18,-14,-19
14.031250,3,2179,2179,26,21,-19,-14,-19
14.035156,3,2179,2179,26,21,-18,-14,-19
14.039062,3,2179,2179,26,20,-18,-14,-19
14.042969,3,2179,2179,26,20,-18,-14,-19
14.046875,3,2179,2179,26,21,-18,-14,-19
14.050781,3,2179,2179,26,21,-18,-14,-19
14.054688,4,2179,2179,26,21,-18,-13,-19
14.058594,4,2179,2179,26,21,-18,-13,-19
14.062500,4,2179,2179,26,21,-18,-14,-19
14.066406,4,2179,2179,26,21,-19,-14,-19
14.070312,4,2179,2179,26,21,-19,-14,-19
14.074219,4,2179,2179,26,21,-19,-14,-19
14.078125,4,2179,2179,26,21,-19,-14,-20
14.082031,4,2179,2179,26,21,-19,-14,-20
14.085938,4,2179,2179,26,21,-19,-14,-19
14.089844,5,2179,2179,26,21,-19,-14,-19
14.093750,5,2179,2179,26,21,-19,-14,-19
14.097656,4,2179,2179,26,21,-19,-14,-20
14.101562,5,2179,2179,26,21,-19,-14,-19
14.105469,5,2179,2179,26,21,-19,-14,-19
14.109375,5,2179,2179,26,20,-19,-14,-19
14.113281,4,2179,2179,25,20,-19,-14,-19
14.117188,4,2179,2179,26,20,-19,-14,-19
14.121094,4,2179,2179,26,20,-19,-14,-19
14.125000,4,2179,2179,25,20,-19,-14,-19
14.128906,3,2179,2179,25,20,-19,-14,-19
14.132812,3,2179,2179,26,20,-18,-14,-19
14.136719,4,2179,2179,26,20,-18,-14,-19
14.140625,4,2179,2179,25,20,-19,-14,-19
14.144531,5,2179,2179,25,20,-18,-14,-19
14.148438,5,2179,2179,26,20,-19,-14,-19
14.152344,5,2179,2179,26,20,-18,-14,-19
14.156250,5,2179,2179,25,20,-18,-14,-19
14.160156,6,2179,2179,25,20,-18,-14,-19
14.164062,5,2179,2179,26,19,-18,-14,-19
14.167969,6,2179,2179,26,20,-18,-13,-19
14.171875,6,2179,2179,26,20,-18,-14,-19
14.175781,6,2179,2179,26,20,-18,-13,-19
14.179688,6,2179,2179,26,20,-19,-14,-19
14.183594,7,2179,2179,26,20,-19,-14,-20
14.187500,7,2179,2179,26,21,-19,-14,-20
14.191406,7,2179,2179,25,20,-19,-14,-20
14.195312,7,2179,2179,26,20,-19,-14,-20
14.199219,7,2179,2179,26,21,-19,-14,-20
14.203125,7,2179,2179,26,21,-19,-14,-19
14.207031,7,2179,2179,26,21,-19,-14,-19
14.210938,7,2179,2179,26,21,-19,-14,-19
14.214844,7,2179,2179,26,21,-19,-14,-19
14.218750,6,2179,2179,26,21,-19,-14,-19
14.222656,7,2179,2179,26,21,-19,-14,-19
14.226562,7,2179,2179,26,21,-19,-14,-19
14.230469,6,2179,2179,27,21,-19,-14,-19
14.234375,6,2179,2179,26,21,-19,-14,-19
14.238281,6,2179,2179,27,21,-18,-14,-19
14.242188,6,2179,2179,26,21,-18,-14,-19
14.246094,6,2179,2179,26,21,-18,-14,-19
14.250000,5,2179,2179,26,21,-18,-14,-19
14.253906,6,2179,2179,26,21,-18,-14,-19
14.257812,6,2179,2179,26,21,-18,-14,-19
14.261719,6,2179,2179,26,21,-18,-14,-19
14.265625,5,2179,2179,26,21,-19,-14,-19
14.269531,5,2179,2179,26,21,-18,-14,-19
14.273438,6,2179,2179,26,20,-19,-14,-19
14.277344,6,2179,2179,26,20,-18,-14,-19
14.281250,5,2179,2179,26,20,-19,-14,-19
14.285156,5,2179,2179,26,20,-18,-14,-19
14.289062,6,2179,2179,25,20,-18,-14,-19
14.292969,6,2179,2179,25,20,-19,-14,-19
14.296875,5,2179,2179,26,20,-19,-14,-19
14.300781,5,2179,2179,25,20,-19,-14,-19
14.304688,6,2179,2179,25,20,-19,-14,-19
14.308594,6,2179,2179,25,20,-19,-14,-19
14.312500,6,2179,2179,25,20,-19,-14,-19
14.316406,5,2179,2179,25,20,-19,-14,-19
14.320312,6,2179,2179,25,20,-19,-14,-19
14.324219,6,2179,2179,25,20,-19,-14,-20
14.328125,5,2179,2179,25,20,-19,-14,-19
14.332031,5,2179,2179,26,20,-19,-14,-19
14.335938,5,2179,2179,26,20,-19,-14,-19
14.339844,5,2179,2179,25,20,-19,-14,-19
14.343750,4,2179,2179,26,20,-19,-14,-19
14.347656,4,2179,2179,26,21,-19,-14,-19
14.351562,4,2179,2179,26,21,-19,-14,-19
14.355469,4,2179,2179,26,21,-19,-14,-19
14.359375,4,2179,2179,26,21,-18,-14,-19
14.363281,4,2179,2179,26,20,-19,-14,-19
14.367188,4,2179,2179,26,21,-18,-14,-19
14.371094,5,2179,2179,26,21,-19,-14,-19
14.375000,5,2179,2179,26,21,-18,-14,-19
14.378906,4,2179,2179,26,20,-18,-14,-19
14.382812,5,2179,2179,26,21,-18,-14,-19
14.386719,5,2179,2179,26,21,-18,-14,-19
14.390625,6,2179,2179,25,20,-18,-14,-19
14.394531,6,2179,2179,25,20,-18,-14,-19
14.398438,6,2179,2179,26,21,-18,-14,-19
14.402344,6,2179,2179,26,21,-18,-14,-19
14.406250,7,2179,2179,26,20,-18,-14,-19
14.410156,8,2179,2179,26,20,-18,-14,-19
14.414062,8,2179,2179,26,20,-18,-14,-19
14.417969,7,2179,2179,26,21,-18,-14,-19
14.421875,8,2179,2179,26,21,-18,-14,-19
14.425781,8,2179,2179,26,21,-18,-14,-19
14.429688,7,2179,2179,26,21,-19,-14,-19
14.433594,7,2179,2179,26,21,-19,-14,-19
14.437500,7,2179,2179,26,21,-19,-14,-19
14.441406,7,2179,2179,26,21,-19,-14,-19
14.445312,7,2179,2179,26,21,-19,-14,-19
14.449219,7,2179,2179,26,21,-19,-14,-20
14.453125,7,2179,2179,26,21,-19,-14,-19
14.457031,8,2179,2179,26,20,-19,-14,-19
14.460938,8,2179,2179,26,20,-18,-14,-19
14.464844,8,2179,2179,26,21,-18,-14,-19
14.468750,8,2179,2179,26,21,-18,-14,-19
14.472656,9,2179,2179,25,20,-18,-13,-19
14.476562,9,2179,2179,25,20,-18,-14,-19
14.480469,10,2179,2179,26,20,-18,-13,-19
14.484375,10,2179,2179,26,21,-18,-13,-19
14.488281,11,2179,2179,26,21,-19,-13,-19
14.492188,11,2179,2179,26,21,-18,-13,-19
14.496094,11,2179,2179,26,21,-19,-13,-19
14.500000,12,2179,2179,26,21,-18,-13,-19
14.503906,13,2179,2179,26,21,-18,-14,-19
14.507812,13,2179,2179,26,20,-18,-13,-19
14.511719,14,2179,2179,26,20,-18,-14,-19
14.515625,14,2179,2179,26,20,-19,-14,-19
14.519531,15,2179,2179,26,20,-19,-14,-19
14.523438,15,2179,2179,25,20,-19,-14,-20
14.527344,16,2179,2179,25,20,-19,-14,-19
14.531250,16,2179,2179,26,20,-19,-14,-19
14.535156,17,2179,2179,26,20,-19,-14,-19
14.539062,18,2179,2179,25,20,-19,-14,-19
14.542969,19,2179,2179,25,20,-19,-14,-20
14.546875,20,2179,2179,25,20,-19,-14,-19
14.550781,21,2179,2179,26,20,-19,-14,-20
14.554688,22,2179,2179,26,20,-19,-14,-19
14.558594,22,2179,2179,26,20,-19,-14,-20
14.562500,23,2179,2179,25,20,-19,-14,-19
14.566406,23,2179,2179,26,21,-19,-14,-20
14.570312,25,2179,2179,26,20,-19,-14,-19
14.574219,26,2179,2179,25,20,-19,-14,-18
14.578125,27,2179,2179,25,20,-18,-14,-19
14.582031,28,2179,2179,26,20,-18,-14,-19
14.585938,30,2179,2179,26,20,-18,-14,-19
14.589844,31,2179,2179,25,20,-18,-14,-19
14.593750,33,2179,2179,26,20,-18,-14,-19
14.597656,34,2179,2179,26,21,-18,-14,-19
14.601562,35,2179,2179,26,21,-18,-14,-19
14.605469,37,2179,2179,26,21,-18,-13,-19
14.609375,38,2179,2179,26,21,-19,-13,-19
14.613281,39,2179,2179,26,21,-18,-14,-19
14.617188,41,2179,2179,26,21,-19,-14,-19
14.621094,43,2179,2179,26,21,-18,-14,-19
14.625000,44,2179,2179,26,20,-18,-14,-19
14.628906,46,2179,2179,26,20,-18,-14,-19
14.632812,47,2179,2179,26,21,-19,-14,-19
14.636719,49,2179,2179,26,21,-19,-14,-19
14.640625,50,2179,2179,26,20,-19,-14,-19
14.644531,51,2179,2179,26,20,-19,-14,-20
14.648438,51,2179,2179,26,21,-19,-14,-19
14.652344,52,2179,2179,26,21,-19,-14,-20
14.656250,53,2179,2179,26,21,-19,-14,-19
14.660156,54,2179,2179,26,21,-19,-14,-19
14.664062,54,2179,2179,26,21,-19,-14,-19
14.667969,55,2179,2179,26,21,-19,-14,-19
14.671875,56,2179,2179,25,21,-19,-14,-19
14.675781,56,2179,2179,26,21,-19,-14,-19
14.679688,57,2179,2179,26,21,-19,-14,-19
14.683594,57,2179,2179,26,21,-19,-14,-19
14.687500,58,2179,2179,26,21,-18,-14,-19
14.691406,58,2179,2179,26,20,-18,-14,-19
14.695312,59,2179,2179,26,20,-18,-14,-19
14.699219,59,2179,2179,26,21,-18,-14,-19
14.703125,60,2179,2179,26,20,-18,-14,-19
14.707031,61,2179,2179,26,20,-19,-14,-19
14.710938,61,2179,2179,25,20,-19,-14,-19
14.714844,62,2179,2179,26,20,-18,-14,-19
14.718750,62,2179,2179,26,20,-19,-14,-19
14.722656,63,2179,2179,25,20,-19,-14,-19
14.726562,63,2179,2179,25,20,-19,-14,-19
14.730469,64,2179,2179,26,20,-18,-14,-19
14.734375,64,2179,2179,26,20,-18,-14,-19
14.738281,65,2179,2179,26,20,-18,-14,-19
14.742188,66,2179,2179,25,19,-18,-14,-19
14.746094,66,2179,2179,25,20,-19,-14,-20
14.750000,67,2179,2179,26,20,-19,-14,-19
14.753906,67,2179,2179,26,20,-19,-14,-19
14.757812,68,2179,2179,26,20,-19,-14,-19
14.761719,68,2179,2179,26,20,-19,-14,-19
14.765625,68,2179,2179,26,21,-19,-14,-20
14.769531,69,2179,2179,27,21,-19,-14,-20
14.773438,70,2179,2179,26,20,-19,-14,-19
14.777344,70,2179,2179,27,20,-19,-14,-20
14.781250,71,2179,2179,27,21,-19,-14,-19
14.785156,72,2179,2179,27,21,-19,-14,-20
14.789062,72,2179,2179,27,21,-19,-14,-19
14.792969,73,2179,2179,27,21,-19,-14,-19
14.796875,73,2179,2179,26,21,-19,-14,-19
14.800781,73,2179,2179,27,21,-18,-14,-19
14.804688,73,2179,2179,26,21,-19,-14,-19
14.808594,73,2179,2179,26,21,-18,-13,-19
14.812500,73,2179,2179,26,21,-18,-14,-19
14.816406,73,2179,2179,26,21,-18,-13,-19
14.820312,74,2179,2179,26,21,-18,-13,-19
14.824219,75,2179,2179,26,21,-18,-13,-19
14.828125,75,2179,2179,27,21,-18,-13,-19
14.832031,75,2179,2179,27,21,-18,-15,-19
14.835938,75,2179,2179,27,21,-18,-14,-19
14.839844,76,2179,2179,27,20,-18,-14,-19
14.843750,76,2179,2179,27,20,-19,-14,-19
14.847656,76,2179,2179,27,20,-18,-14,-19
14.851562,76,2179,2179,26,21,-19,-14,-19
14.855469,77,2179,2179,26,20,-18,-14,-19
14.859375,77,2179,2179,26,20,-19,-14,-19
14.863281,76,2179,2179,26,20,-19,-14,-20
14.867188,76,2179,2179,26,21,-19,-14,-20
14.871094,77,2179,2179,27,21,-19,-14,-20
14.875000,77,2179,2179,27,20,-19,-14,-19
14.878906,76,2179,2179,28,20,-19,-14,-20
14.882812,76,2179,2179,29,21,-19,-14,-20
14.886719,76,2179,2179,29,21,-19,-14,-20
14.890625,76,2179,2179,29,21,-19,-14,-20
14.894531,76,2179,2179,30,20,-19,-14,-20
14.898438,76,2179,2179,31,21,-19,-14,-19
14.902344,76,2179,2179,32,21,-18,-14,-19
14.906250,76,2179,2179,33,20,-18,-14,-19
14.910156,77,2179,2179,34,20,-19,-14,-19
14.914062,76,2179,2179,35,20,-18,-14,-19
14.917969,76,2179,2179,37,21,-18,-14,-19
14.921875,76,2179,2179,38,21,-18,-14,-19
14.925781,76,2179,2179,39,20,-18,-14,-19
14.929688,76,2179,2179,41,20,-18,-14,-19
14.933594,76,2179,2179,44,21,-18,-14,-19
14.937500,76,2179,2179,46,21,-18,-14,-19
14.941406,76,2179,2179,47,20,-18,-14,-19
14.945312,76,2179,2179,49,20,-19,-14,-19
14.949219,76,2179,2179,51,21,-19,-14,-19
14.953125,76,2179,2179,52,21,-18,-14,-19
14.957031,77,2179,2179,53,20,-18,-14,-19
14.960938,77,2179,2179,54,20,-18,-14,-19
14.964844,76,2179,2179,55,20,-19,-14,-19
14.968750,76,2179,2179,57,20,-19,-14,-19
14.972656,76,2179,2179,58,20,-19,-14,-20
14.976562,76,2179,2179,59,20,-19,-14,-20
14.980469,76,2179,2179,61,20,-19,-14,-20
14.984375,76,2179,2179,64,21,-19,-14,-20
14.988281,76,2179,2179,66,21,-19,-14,-20
14.992188,76,2179,2179,68,20,-19,-14,-20
14.996094,75,2179,2179,70,20,-19,-14,-20
15.000000,75,2179,2179,71,21,-18,-14,-19
15.003906,75,2179,2179,72,21,-18,-14,-19
15.007812,75,2179,2179,73,21,-19,-14,-19
15.011719,75,2179,2179,73,21,-19,-14,-19
15.015625,74,2179,2179,74,21,-18,-14,-19
15.019531,74,2179,2179,76,21,-18,-14,-19
15.023438,74,2179,2179,77,21,-19,-14,-19
15.027344,74,2179,2179,78,21,-18,-14,-19
15.031250,74,2179,2179,80,21,-18,-14,-19
15.035156,74,2179,2179,82,21,-18,-14,-19
15.039062,74,2179,2179,83,21,-18,-14,-19
15.042969,74,2179,2179,84,21,-18,-14,-19
15.046875,74,2179,2179,85,21,-18,-14,-19
15.050781,74,2179,2179,87,21,-18,-14,-19
15.054688,74,2179,2179,87,21,-18,-14,-19
15.058594,74,2179,2179,88,21,-18,-14,-19
15.062500,74,2179,2179,88,21,-18,-14,-19
15.066406,74,2179,2179,88,21,-18,-14,-19
15.070312,74,2179,2179,89,21,-18,-14,-19
15.074219,74,2179,2179,89,21,-18,-14,-19
15.078125,74,2179,2179,89,20,-18,-14,-19
15.082031,74,2179,2179,90,21,-19,-14,-19
15.085938,74,2179,2179,91,21,-19,-14,-19
15.089844,75,2179,2179,92,20,-19,-14,-19
15.093750,75,2179,2179,92,20,-19,-14,-19
15.097656,75,2179,2179,93,21,-19,-14,-19
15.101562,75,2179,2179,93,20,-19,-14,-19
15.105469,75,2179,2179,93,20,-19,-14,-19
15.109375,75,2179,2179,94,20,-19,-14,-19
15.113281,75,2179,2179,94,20,-19,-14,-19
15.117188,75,2179,2179,96,20,-19,-14,-19
15.121094,75,2179,2179,97,20,-19,-14,-19
15.125000,75,2179,2179,98,20,-19,-14,-19
15.128906,75,2179,2179,99,20,-19,-14,-19
15.132812,74,2179,2179,100,21,-19,-14,-19
15.136719,74,2179,2179,100,21,-19,-14,-19
15.140625,74,2179,2179,100,20,-18,-14,-19
15.144531,74,2179,2179,100,20,-19,-14,-19
15.148438,74,2179,2179,100,21,-19,-14,-19
15.152344,74,2179,2179,100,20,-18,-14,-19
15.156250,75,2179,2179,100,20,-18,-14,-19
15.160156,75,2179,2179,101,20,-19,-14,-19
15.164062,75,2179,2179,102,20,-19,-14,-19
15.167969,75,2179,2179,104,21,-19,-14,-19
15.171875,76,2179,2179,105,21,-18,-14,-19
15.175781,76,2179,2179,106,20,-19,-13,-19
15.179688,75,2179,2179,107,20,-18,-13,-19
15.183594,75,2179,2179,108,21,-18,-14,-19
15.187500,76,2179,2179,108,21,-18,-14,-19
15.191406,76,2179,2179,108,20,-18,-14,-19
15.195312,76,2179,2179,108,20,-18,-14,-19
15.199219,76,2179,2179,108,21,-18,-14,-19
15.203125,76,2179,2179,108,21,-18,-14,-20
15.207031,77,2179,2179,109,21,-19,-13,-19
15.210938,77,2179,2179,109,21,-19,-14,-19
15.214844,77,2179,2179,110,21,-19,-14,-19
15.218750,77,2179,2179,110,21,-19,-14,-19
15.222656,77,2179,2179,110,21,-19,-14,-19
15.226562,77,2179,2179,110,21,-19,-14,-19
15.230469,77,2179,2179,111,21,-19,-14,-19
15.234375,77,2179,2179,111,21,-19,-14,-19
15.238281,77,2179,2179,111,21,-19,-14,-19
15.242188,76,2179,2179,112,21,-19,-14,-19
15.246094,76,2179,2179,112,21,-19,-14,-19
15.250000,76,2179,2179,113,21,-18,-14,-19
15.253906,76,2179,2179,113,21,-18,-13,-19
15.257812,76,2179,2179,113,20,-18,-13,-19
15.261719,76,2179,2179,112,20,-18,-13,-19
15.265625,76,2179,2179,113,20,-18,-14,-19
15.269531,76,2179,2179,113,20,-18,-14,-19
15.273438,76,2179,2179,113,20,-18,-14,-19
15.277344,76,2179,2179,113,20,-18,-14,-19
15.281250,76,2179,2179,113,20,-18,-14,-19
15.285156,76,2179,2179,113,20,-19,-14,-19
15.289062,76,2179,2179,113,20,-18,-14,-19
15.292969,76,2179,2179,114,20,-19,-14,-19
15.296875,76,2179,2179,114,20,-18,-14,-19
15.300781,76,2179,2179,115,20,-18,-14,-19
15.304688,76,2179,2179,115,20,-18,-14,-19
15.308594,76,2179,2179,115,20,-19,-14,-19
15.312500,75,2179,2179,115,20,-19,-14,-19
15.316406,75,2179,2179,116,20,-19,-14,-19
15.320312,75,2179,2179,117,20,-19,-14,-19
15.324219,75,2179,2179,117,20,-19,-14,-19
15.328125,75,2179,2179,117,20,-19,-14,-19
15.332031,75,2179,2179,118,21,-19,-13,-19
15.335938,75,2179,2179,118,20,-19,-14,-19
15.339844,75,2179,2179,118,20,-18,-14,-19
15.343750,75,2179,2179,118,20,-19,-14,-19
15.347656,75,2179,2179,119,21,-19,-14,-19
15.351562,74,2179,2179,120,21,-18,-14,-19
15.355469,74,2179,2179,120,21,-18,-13,-19
15.359375,74,2179,2179,120,21,-18,-13,-19
15.363281,73,2179,2179,120,21,-18,-13,-19
15.367188,73,2179,2179,121,21,-18,-14,-19
15.371094,74,2179,2179,121,21,-18,-14,-19
15.375000,73,2179,2179,121,20,-18,-14,-19
15.378906,73,2179,2179,121,20,-18,-14,-19
15.382812,73,2179,2179,122,21,-18,-14,-19
15.386719,73,2179,2179,121,21,-18,-14,-19
15.390625,74,2179,2179,121,20,-18,-14,-19
15.394531,74,2179,2179,121,20,-18,-14,-19
15.398438,74,2179,2179,122,21,-18,-14,-19
15.402344,74,2179,2179,122,21,-18,-14,-19
15.406250,74,2179,2179,122,20,-18,-14,-19
15.410156,75,2179,2179,122,20,-19,-14,-19
15.414062,75,2179,2179,123,20,-19,-14,-19
15.417969,75,2179,2179,123,21,-19,-14,-19
15.421875,75,2179,2179,123,21,-19,-14,-19
15.425781,75,2179,2179,123,20,-19,-14,-19
15.429688,74,2179,2179,124,21,-19,-14,-19
15.433594,74,2179,2179,124,21,-19,-14,-19
15.437500,74,2179,2179,124,21,-19,-14,-19
15.441406,74,2179,2179,124,21,-19,-14,-19
15.445312,73,2179,2179,124,20,-19,-14,-19
15.449219,73,2179,2179,125,21,-19,-14,-19
15.453125,73,2179,2179,125,21,-19,-14,-19
15.457031,73,2179,2179,125,20,-19,-14,-19
15.460938,73,2179,2179,125,20,-19,-14,-19
15.464844,73,2179,2179,125,21,-26,-14,-19
15.468750,73,2179,2179,125,21,-19,-14,-19
15.472656,73,2179,2179,125,20,-18,-13,-19
15.476562,73,2179,2179,125,20,-18,-13,-19
15.480469,73,2179,2179,126,21,-19,-14,-19
15.484375,73,2179,2179,126,21,-18,-13,-19
15.488281,73,2179,2179,126,21,-18,-13,-19
15.492188,73,2179,2179,126,20,-18,-14,-19
15.496094,73,2179,2179,127,20,-18,-14,-19
15.500000,73,2179,2179,127,21,-18,-14,-19
15.503906,73,2179,2179,128,21,-18,-14,-19
15.507812,73,2179,2179,128,20,-18,-14,-19
15.511719,73,2179,2179,128,20,-18,-14,-19
15.515625,73,2179,2179,128,20,-18,-14,-19
15.519531,73,2179,2179,128,20,-18,-14,-19
15.523438,74,2179,2179,127,20,-18,-14,-19
15.527344,74,2179,2179,127,20,-19,-14,-19
15.531250,74,2179,2179,127,20,-19,-14,-19
15.535156,74,2179,2179,128,20,-19,-14,-19
15.539062,74,2179,2179,128,20,-19,-14,-19
15.542969,75,2179,2179,129,20,-19,-14,-19
15.546875,75,2179,2179,130,20,-19,-14,-19
15.550781,75,2179,2179,131,20,-19,-14,-19
15.554688,75,2179,2179,131,20,-19,-14,-20
15.558594,75,2179,2179,131,20,-19,-14,-19
15.562500,75,2179,2179,130,20,-19,-14,-19
15.566406,75,2179,2179,130,20,-19,-14,-19
15.570312,75,2179,2179,130,20,-19,-14,-19
15.574219,75,2179,2179,129,20,-19,-13,-19
15.578125,75,2179,2179,129,20,-18,-13,-19
15.582031,74,2179,2179,130,21,-18,-13,-19
15.585938,74,2179,2179,131,21,-18,-13,-19
15.589844,74,2179,2179,131,21,-12,-14,-19
15.593750,74,2179,2179,132,21,-18,-13,-19
15.597656,74,2179,2179,133,21,-18,-13,-19
15.601562,74,2179,2179,134,21,-19,-14,-19
15.605469,74,2179,2179,134,21,-19,-14,-19
15.609375,74,2179,2179,134,21,-19,-14,-19
15.613281,74,2179,2179,133,21,-19,-14,-19
15.617188,74,2179,2179,134,21,-19,-14,-20
15.621094,74,2179,2179,134,21,-18,-14,-19
15.625000,74,2179,2179,134,21,-19,-13,-19
15.628906,74,2179,2179,134,20,-19,-14,-19
15.632812,74,2179,2179,135,21,-19,-14,-19
15.636719,74,2179,2179,135,21,-19,-14,-19
15.640625,74,2179,2179,135,20,-19,-14,-19
15.644531,74,2179,2179,135,20,-19,-14,-19
15.648438,74,2179,2179,136,21,-19,-14,-19
15.652344,74,2179,2179,136,21,-19,-14,-19
15.656250,74,2179,2179,135,20,-19,-14,-19
15.660156,74,2179,2179,136,21,-19,-14,-19
15.664062,73,2179,2179,136,20,-19,-14,-20
15.667969,73,2179,2179,136,21,-19,-14,-19
15.671875,73,2179,2179,136,21,-19,-14,-19
15.675781,73,2179,2179,136,21,-19,-14,-20
15.679688,72,2179,2179,135,21,-19,-14,-19
15.683594,72,2179,2179,135,21,-19,-14,-19
15.687500,72,2179,2179,135,21,-18,-14,-19
15.691406,72,2179,2179,135,21,-18,-14,-19
15.695312,71,2179,2179,135,20,-18,-13,-19
15.699219,71,2179,2179,135,21,-18,-13,-19
15.703125,71,2179,2179,136,21,-18,-13,-19
15.707031,71,2179,2179,136,21,-18,-14,-19
15.710938,72,2179,2179,137,20,-18,-13,-19
15.714844,71,2179,2179,138,21,-23,-13,-19
15.718750,72,2179,2179,139,21,-18,-14,-19
15.722656,72,2179,2179,139,20,-19,-14,-19
15.726562,72,2179,2179,138,20,-19,-14,-19
15.730469,72,2179,2179,138,20,-19,-13,-19
15.734375,72,2179,2179,138,20,-18,-13,-20
15.738281,72,2179,2179,137,20,-18,-14,-20
15.742188,72,2179,2179,136,20,-18,-13,-19
15.746094,72,2179,2179,136,20,-18,-14,-19
15.750000,72,2179,2179,137,20,-19,-14,-19
15.753906,72,2179,2179,138,20,-19,-14,-20
15.757812,72,2179,2179,138,20,-19,-14,-19
15.761719,71,2179,2179,138,20,-19,-14,-20
15.765625,71,2179,2179,139,20,-19,-14,-19
15.769531,70,2179,2179,140,21,-19,-14,-20
15.773438,70,2179,2179,139,20,-18,-14,-19
15.777344,70,2179,2179,139,20,-19,-14,-19
15.781250,70,2179,2179,140,21,-19,-14,-19
15.785156,69,2179,2179,140,21,-19,-14,-19
15.789062,69,2179,2179,140,21,-19,-14,-19
15.792969,69,2179,2179,140,21,-19,-14,-19
15.796875,68,2179,2179,141,21,-19,-14,-19
15.800781,68,2179,2179,142,21,-19,-14,-19
15.804688,67,2179,2179,142,21,-19,-14,-19
15.808594,67,2179,2179,141,21,-19,-13,-19
15.812500,66,2179,2179,141,21,-18,-13,-19
15.816406,66,2179,2179,141,21,-18,-14,-19
15.820312,66,2179,2179,141,21,-18,-13,-19
15.824219,66,2179,2179,141,20,-18,-13,-19
15.828125,66,2179,2179,141,20,-18,-13,-19
15.832031,66,2179,2179,141,21,-19,-13,-19
15.835938,65,2179,2179,141,21,-19,-13,-19
15.839844,65,2179,2179,141,20,-16,-13,-19
15.843750,65,2179,2179,141,20,-19,-13,-19
15.847656,64,2179,2179,142,21,-19,-13,-19
15.851562,64,2179,2179,142,21,-19,-14,-19
15.855469,64,2179,2179,142,21,-19,-14,-19
15.859375,64,2179,2179,142,20,-18,-14,-19
15.863281,64,2179,2179,142,20,-19,-14,-19
15.867188,64,2179,2179,143,20,-19,-14,-20
15.871094,64,2179,2179,143,20,-19,-14,-19
15.875000,64,2179,2179,143,20,-19,-14,-19
15.878906,63,2179,2179,143,20,-19,-14,-19
15.882812,63,2179,2179,143,21,-19,-14,-19
15.886719,62,2179,2179,143,21,-19,-14,-19
15.890625,62,2179,2179,143,21,-19,-14,-19
15.894531,61,2179,2179,143,21,-19,-14,-19
15.898438,61,2179,2179,143,21,-19,-14,-19
15.902344,60,2179,2179,143,21,-19,-14,-19
15.906250,60,2179,2179,143,20,-19,-14,-19
15.910156,60,2179,2179,143,20,-19,-14,-19
15.914062,59,2179,2179,143,20,-19,-14,-19
15.917969,59,2179,2179,143,21,-19,-14,-19
15.921875,59,2179,2179,143,20,-19,-14,-19
15.925781,59,2179,2179,144,20,-19,-14,-19
15.929688,58,2179,2179,144,20,-19,-14,-19
15.933594,58,2179,2179,145,20,-18,-14,-19
15.937500,58,2179,2179,145,20,-18,-14,-19
15.941406,58,2179,2179,145,20,-19,-14,-19
15.945312,58,2179,2179,145,20,-19,-14,-19
15.949219,58,2179,2179,145,21,-19,-14,-19
15.953125,57,2179,2179,145,21,-18,-13,-19
15.957031,57,2179,2179,145,20,-18,-13,-19
15.960938,57,2179,2179,145,20,-18,-13,-19
15.964844,57,2179,2179,145,20,-20,-13,-19
15.968750,56,2179,2179,145,20,-18,-14,-19
15.972656,56,2179,2179,145,21,-18,-14,-19
15.976562,56,2179,2179,145,20,-19,-14,-19
15.980469,55,2179,2179,145,20,-19,-14,-19
15.984375,54,2179,2179,145,21,-19,-14,-20
15.988281,54,2179,2179,145,21,-19,-14,-20
15.992188,53,2179,2179,145,20,-19,-14,-19
15.996094,52,2179,2179,145,20,-19,-14,-19
16.000000,51,2179,2179,145,21,-19,-14,-19
16.003906,51,2179,2179,146,21,-19,-14,-19
16.007812,50,2179,2179,146,20,-19,-14,-19
16.011719,48,2179,2179,146,20,-19,-14,-19
16.015625,47,2179,2179,146,21,-19,-14,-19
16.019531,45,2179,2179,146,21,-19,-14,-19
16.023438,44,2179,2179,145,21,-19,-14,-19
16.027344,42,2179,2179,145,21,-19,-14,-19
16.031250,41,2179,2179,145,21,-19,-14,-19
16.035156,39,2179,2179,145,21,-18,-14,-19
16.039062,37,2179,2179,145,21,-19,-14,-19
16.042969,36,2179,2179,144,21,-19,-14,-19
16.046875,34,2179,2179,143,21,-19,-14,-19
16.050781,32,2179,2179,142,21,-18,-14,-19
16.054688,30,2179,2179,137,21,-18,-14,-19
16.058594,28,2179,2179,129,20,-18,-14,-19
16.062500,25,2179,2179,119,20,-19,-14,-19
16.066406,23,2179,2179,105,21,-19,-14,-19
16.070312,22,2179,2179,90,21,-19,-14,-19
16.074219,20,2179,2179,73,20,-19,-14,-19
16.078125,19,2179,2179,58,20,-19,-14,-19
16.082031,18,2179,2179,45,21,-19,-14,-19
16.085938,17,2179,2179,36,21,-18,-14,-19
16.089844,16,2179,2179,30,20,-18,-14,-19
16.093750,15,2179,2179,27,20,-18,-14,-19
16.097656,14,2179,2179,26,19,-19,-14,-20
16.101562,13,2179,2179,27,20,-19,-14,-20
16.105469,12,2179,2179,28,20,-19,-14,-20
16.109375,11,2179,2179,28,20,-19,-14,-20
16.113281,10,2179,2179,29,20,-19,-14,-20
16.117188,10,2179,2179,28,20,-19,-14,-19
16.121094,10,2179,2179,28,20,-19,-14,-19
16.125000,9,2179,2179,27,20,-19,-14,-19
16.128906,8,2179,2179,27,20,-19,-14,-19
16.132812,7,2179,2179,27,20,-19,-14,-20
16.136719,7,2179,2179,27,20,-19,-14,-19
16.140625,6,2179,2179,27,20,-19,-14,-19
16.144531,6,2179,2179,27,20,-19,-14,-19
16.148438,5,2179,2179,28,20,-19,-14,-19
16.152344,5,2179,2179,28,20,-19,-14,-20
16.156250,5,2179,2179,27,20,-18,-14,-19
16.160156,5,2179,2179,27,20,-19,-13,-19
16.164062,5,2179,2179,27,21,-19,-14,-19
16.167969,4,2179,2179,27,21,-18,-13,-19
16.171875,4,2179,2179,27,21,-18,-14,-19
16.175781,4,2179,2179,28,21,-19,-13,-19
16.179688,3,2179,2179,28,21,-18,-14,-19
16.183594,3,2179,2179,28,21,-18,-14,-19
16.187500,3,2179,2179,28,21,-18,-14,-19
16.191406,3,2179,2179,27,21,-19,-14,-19
16.195312,3,2179,2179,26,21,-19,-14,-19
16.199219,3,2179,2179,26,21,-18,-14,-19
16.203125,3,2179,2179,26,21,-18,-14,-19
16.207031,3,2179,2179,26,21,-19,-14,-19
16.210938,3,2179,2179,26,21,-19,-14,-19
16.214844,3,2179,2179,26,21,-19,-14,-19
16.218750,2,2179,2179,26,21,-19,-14,-19
16.222656,3,2179,2179,26,20,-19,-14,-19
16.226562,2,2179,2179,26,21,-19,-14,-20
16.230469,2,2179,2179,27,21,-19,-14,-19
16.234375,3,2179,2179,27,21,-19,-14,-19
16.238281,3,2179,2179,26,21,-19,-14,-19
16.242188,3,2179,2179,26,21,-19,-14,-19
16.246094,2,2179,2179,26,21,-19,-14,-19
16.250000,2,2179,2179,26,21,-19,-14,-19
16.253906,2,2179,2179,26,21,-18,-14,-19
16.257812,2,2179,2179,26,21,-18,-14,-19
16.261719,2,2179,2179,26,21,-18,-14,-19
16.265625,2,2179,2179,26,21,-18,-14,-19
16.269531,2,2179,2179,26,21,-18,-14,-19
16.273438,2,2179,2179,26,20,-18,-14,-19
16.277344,2,2179,2179,25,20,-18,-14,-19
16.281250,2,2179,2179,26,21,-18,-14,-19
16.285156,2,2179,2179,26,20,-19,-14,-19
16.289062,2,2179,2179,25,20,-19,-14,-19
16.292969,2,2179,2179,25,20,-19,-14,-19
16.296875,2,2179,2179,25,20,-19,-14,-19
16.300781,3,2179,2179,26,20,-19,-14,-19
16.304688,3,2179,2179,26,20,-19,-14,-19
16.308594,4,2179,2179,25,20,-19,-13,-19
16.312500,4,2179,2179,25,20,-19,-14,-20
16.316406,4,2179,2179,26,20,-19,-14,-19
16.320312,4,2179,2179,26,20,-19,-14,-19
16.324219,3,2179,2179,26,20,-18,-14,-19
16.328125,3,2179,2179,26,20,-19,-14,-19
16.332031,3,2179,2179,26,21,-19,-14,-19
16.335938,3,2179,2179,26,21,-19,-14,-19
16.339844,3,2179,2179,26,20,-18,-14,-19
16.343750,3,2179,2179,26,20,-19,-14,-19
16.347656,3,2179,2179,26,20,-19,-14,-19
16.351562,3,2179,2179,26,21,-19,-14,-19
16.355469,4,2179,2179,26,21,-19,-14,-19
16.359375,3,2179,2179,26,20,-19,-14,-19
16.363281,3,2179,2179,26,20,-19,-14,-19
16.367188,3,2179,2179,26,21,-19,-14,-19
16.371094,3,2179,2179,26,21,-19,-13,-19
16.375000,3,2179,2179,26,20,-18,-13,-19
16.378906,3,2179,2179,26,20,-18,-13,-19
16.382812,3,2179,2179,26,21,-18,-13,-19
16.386719,3,2179,2179,26,21,-18,-13,-19
16.390625,4,2179,2179,26,20,-18,-13,-19
16.394531,4,2179,2179,26,20,-18,-13,-19
16.398438,3,2179,2179,26,21,-19,-13,-19
16.402344,3,2179,2179,26,21,-18,-13,-19
16.406250,4,2179,2179,26,21,-19,-13,-20
16.410156,4,2179,2179,26,21,-19,-14,-19
16.414062,4,2179,2179,26,21,-19,-14,-19
16.417969,4,2179,2179,26,21,-19,-14,-19
16.421875,4,2179,2179,26,20,-18,-13,-19
16.425781,4,2179,2179,26,20,-19,-14,-20
16.429688,4,2179,2179,26,20,-19,-14,-20
16.433594,4,2179,2179,26,21,-19,-14,-20
16.437500,4,2179,2179,26,21,-19,-14,-20
16.441406,4,2179,2179,26,21,-19,-14,-20
16.445312,4,2179,2179,26,20,-19,-14,-19
16.449219,4,2179,2179,26,21,-19,-14,-20
16.453125,3,2179,2179,26,21,-19,-14,-20
16.457031,4,2179,2179,26,20,-19,-14,-20
16.460938,4,2179,2179,26,21,-19,-14,-20
16.464844,3,2179,2179,26,21,-19,-14,-20
16.468750,3,2179,2179,26,21,-19,-14,-19
16.472656,3,2179,2179,26,20,-19,-14,-19
16.476562,3,2179,2179,26,20,-19,-14,-19
16.480469,2,2179,2179,28,20,-19,-14,-19
16.484375,2,2179,2179,26,21,-18,-14,-19
16.488281,2,2179,2179,26,21,-18,-14,-19
16.492188,2,2179,2179,26,21,-18,-14,-19
16.496094,2,2179,2179,26,21,-18,-13,-19
16.500000,2,2179,2179,26,21,-18,-14,-19
16.503906,2,2179,2179,26,21,-18,-13,-19
16.507812,2,2179,2179,26,21,-18,-13,-20
16.511719,2,2179,2179,26,21,-18,-14,-19
16.515625,2,2179,2179,26,21,-18,-14,-19
16.519531,2,2179,2179,26,21,-18,-14,-19
16.523438,2,2179,2179,26,20,-18,-14,-19
16.527344,2,2179,2179,26,20,-18,-14,-19
16.531250,1,2179,2179,26,20,-18,-14,-19
16.535156,2,2179,2179,25,20,-18,-14,-19
16.539062,2,2179,2179,25,20,-19,-14,-19
16.542969,2,2179,2179,25,20,-19,-14,-19
16.546875,2,2179,2179,25,20,-19,-14,-19
16.550781,1,2179,2179,26,20,-19,-14,-20
16.554688,2,2179,2179,26,20,-18,-14,-19
16.558594,1,2179,2179,25,20,-19,-14,-19
16.562500,1,2179,2179,25,20,-19,-14,-19
16.566406,0,2179,2179,26,20,-19,-14,-20
16.570312,1,2179,2179,26,20,-19,-14,-19
16.574219,0,2179,2179,26,20,-19,-14,-20
16.578125,1,2179,2179,26,20,-19,-14,-20
16.582031,0,2179,2179,26,21,-19,-14,-19
16.585938,0,2179,2179,26,21,-19,-14,-19
16.589844,0,2179,2179,26,20,-19,-14,-19
16.593750,-1,2179,2179,26,20,-18,-13,-19
16.597656,-1,2179,2179,26,20,-18,-14,-19
16.601562,-1,2179,2179,26,21,-18,-14,-19
16.605469,-1,2179,2179,26,21,-18,-14,-19
16.609375,-1,2179,2179,26,20,-18,-13,-19
16.613281,-1,2179,2179,26,20,-18,-13,-19
16.617188,-1,2179,2179,26,21,-18,-14,-19
16.621094,-1,2179,2179,26,21,-18,-14,-19
16.625000,0,2179,2179,26,21,-19,-14,-19
16.628906,-1,2179,2179,26,21,-18,-14,-19
16.632812,0,2179,2179,26,21,-18,-14,-20
16.636719,0,2179,2179,26,21,-18,-14,-19
16.640625,0,2179,2179,26,21,-18,-14,-19
16.644531,0,2179,2179,26,20,-19,-14,-20
16.648438,0,2179,2179,26,21,-19,-14,-20
16.652344,0,2179,2179,26,21,-19,-14,-20
16.656250,1,2179,2179,26,20,-19,-14,-19
16.660156,1,2179,2179,26,20,-19,-14,-20
16.664062,1,2179,2179,26,20,-19,-14,-20
16.667969,1,2179,2179,26,21,-19,-14,-20
16.671875,1,2179,2179,26,21,-19,-14,-20
16.675781,1,2179,2179,26,20,-19,-14,-19
16.679688,1,2179,2179,26,20,-19,-14,-20
16.683594,1,2179,2179,26,20,-19,-14,-19
16.687500,2,2179,2179,26,20,-19,-14,-19
16.691406,2,2179,2179,25,20,-19,-14,-19
16.695312,3,2179,2179,25,20,-19,-14,-19
16.699219,2,2179,2179,26,20,-18,-14,-19
16.703125,2,2179,2179,26,20,-19,-14,-19
16.707031,3,2179,2179,25,20,-18,-14,-19
16.710938,3,2179,2179,25,20,-19,-14,-19
16.714844,3,2179,2179,26,20,-19,-14,-19
16.718750,4,2179,2179,26,20,-19,-14,-19
16.722656,4,2179,2179,26,20,-18,-14,-19
16.726562,5,2179,2179,26,20,-19,-14,-19
16.730469,4,2179,2179,25,20,-19,-14,-19
16.734375,4,2179,2179,26,20,-18,-14,-19
16.738281,5,2179,2179,26,20,-19,-14,-19
16.742188,5,2179,2179,26,20,-19,-13,-19
16.746094,5,2179,2179,26,20,-18,-14,-19
16.750000,5,2179,2179,26,21,-18,-14,-19
16.753906,5,2179,2179,26,20,-18,-14,-19
16.757812,5,2179,2179,25,20,-18,-14,-18
16.761719,5,2179,2179,26,20,-19,-14,-19
16.765625,5,2179,2179,26,21,-19,-14,-19
16.769531,5,2179,2179,26,21,-19,-14,-20
16.773438,5,2179,2179,26,20,-19,-14,-20
16.777344,5,2179,2179,26,20,-19,-14,-20
16.781250,5,2179,2179,26,21,-19,-14,-19
16.785156,5,2179,2179,26,21,-19,-14,-19
16.789062,5,2179,2179,26,21,-19,-14,-19
16.792969,5,2179,2179,26,21,-19,-14,-19
16.796875,4,2179,2179,26,21,-19,-14,-19
16.800781,4,2179,2179,26,21,-19,-14,-19
16.804688,4,2179,2179,26,21,-19,-14,-19
16.808594,4,2179,2179,26,21,-19,-14,-19
16.812500,3,2179,2179,26,20,-19,-14,-19
16.816406,3,2179,2179,26,21,-18,-14,-19
16.820312,3,2179,2179,26,21,-19,-14,-19
16.824219,3,2179,2179,26,20,-19,-14,-19
16.828125,3,2179,2179,26,21,-19,-14,-19
16.832031,3,2179,2179,26,21,-19,-13,-19
16.835938,3,2179,2179,26,21,-18,-14,-19
16.839844,3,2179,2179,26,21,-18,-13,-19
16.843750,4,2179,2179,26,20,-19,-13,-19
16.847656,3,2179,2179,26,21,-18,-13,-19
16.851562,3,2179,2179,26,21,-18,-14,-19
16.855469,4,2179,2179,26,21,-18,-13,-19
16.859375,4,2179,2179,26,20,-18,-14,-19
16.863281,3,2179,2179,26,20,-18,-13,-19
16.867188,3,2179,2179,26,21,-19,-14,-19
16.871094,3,2179,2179,26,21,-19,-14,-19
16.875000,3,2179,2179,26,20,-19,-14,-19
16.878906,3,2179,2179,26,20,-19,-14,-19
16.882812,2,2179,2179,26,21,-19,-14,-19
16.886719,3,2179,2179,26,21,-19,-14,-19
16.890625,3,2179,2179,26,21,-19,-14,-20
16.894531,3,2179,2179,26,21,-19,-14,-20
16.898438,2,2179,2179,26,21,-19,-14,-19
16.902344,2,2179,2179,26,21,-19,-14,-19
16.906250,2,2179,2179,26,20,-19,-14,-20
16.910156,2,2179,2179,26,20,-19,-14,-19
16.914062,2,2179,2179,26,20,-19,-14,-20
16.917969,2,2179,2179,26,21,-19,-14,-19
16.921875,2,2179,2179,26,21,-19,-14,-19
16.925781,2,2179,2179,26,20,-19,-14,-19
16.929688,2,2179,2179,26,20,-19,-14,-19
16.933594,2,2179,2179,26,21,-18,-14,-19
16.937500,2,2179,2179,26,21,-18,-14,-19
16.941406,2,2179,2179,26,20,-18,-14,-19
16.945312,2,2179,2179,26,20,-18,-14,-19
16.949219,2,2179,2179,26,21,-18,-14,-19
16.953125,2,2179,2179,26,21,-18,-14,-19
16.957031,3,2179,2179,26,20,-18,-14,-19
16.960938,3,2179,2179,26,21,-19,-14,-19
16.964844,3,2179,2179,26,21,-19,-14,-19
16.968750,3,2179,2179,26,21,-18,-14,-19
16.972656,4,2179,2179,26,21,-19,-14,-19
16.976562,4,2179,2179,25,20,-19,-14,-19
16.980469,4,2179,2179,25,20,-19,-14,-19
16.984375,4,2179,2179,26,20,-19,-14,-19
16.988281,4,2179,2179,26,20,-19,-14,-19
16.992188,4,2179,2179,25,20,-19,-14,-19
16.996094,4,2179,2179,26,20,-19,-14,-19
17.000000,4,2179,2179,26,20,-19,-14,-20
17.003906,4,2179,2179,26,20,-19,-14,-20
17.007812,4,2179,2179,26,20,-19,-14,-19
17.011719,4,2179,2179,26,20,-19,-14,-19
17.015625,3,2179,2179,26,21,-19,-15,-19
17.019531,4,2179,2179,26,21,-19,-14,-19
17.023438,4,2179,2179,26,21,-19,-14,-19
17.027344,4,2179,2179,26,21,-19,-14,-19
17.031250,4,2179,2179,26,21,-19,-14,-19
17.035156,4,2179,2179,26,21,-19,-14,-19
17.039062,4,2179,2179,26,21,-19,-14,-19
17.042969,4,2179,2179,26,21,-19,-14,-19
17.046875,4,2179,2179,26,21,-19,-13,-19
17.050781,4,2179,2179,26,21,-19,-14,-19
17.054688,4,2179,2179,26,21,-18,-14,-19
17.058594,4,2179,2179,26,21,-19,-13,-19
17.062500,4,2179,2179,26,21,-18,-13,-19
17.066406,4,2179,2179,27,21,-19,-13,-19
17.070312,4,2179,2179,27,21,-18,-14,-19
17.074219,4,2179,2179,26,21,-18,-14,-19
17.078125,4,2179,2179,26,21,-19,-14,-19
17.082031,4,2179,2179,26,21,-18,-13,-19
17.085938,4,2179,2179,26,21,-19,-14,-19
17.089844,5,2179,2179,26,21,-19,-14,-19
17.093750,5,2179,2179,26,20,-19,-14,-19
17.097656,5,2179,2179,26,20,-19,-14,-20
17.101562,5,2179,2179,26,20,-19,-14,-19
17.105469,5,2179,2179,25,20,-19,-14,-19
17.109375,5,2179,2179,25,20,-19,-14,-19
17.113281,4,2179,2179,25,20,-19,-14,-19
17.117188,4,2179,2179,26,20,-19,-14,-20
17.121094,4,2179,2179,26,20,-19,-14,-19
17.125000,4,2179,2179,25,20,-19,-14,-19
17.128906,4,2179,2179,25,20,-19,-14,-19
17.132812,3,2179,2179,26,20,-19,-14,-19
17.136719,3,2179,2179,26,20,-19,-14,-19
17.140625,4,2179,2179,25,20,-19,-15,-19
17.144531,3,2179,2179,25,20,-19,-14,-19
17.148438,3,2179,2179,26,20,-19,-14,-19
17.152344,3,2179,2179,26,20,-18,-14,-19
17.156250,3,2179,2179,25,20,-18,-14,-19
17.160156,3,2179,2179,26,20,-19,-14,-19
17.164062,3,2179,2179,26,20,-18,-14,-19
17.167969,3,2179,2179,26,20,-18,-13,-19
17.171875,4,2179,2179,26,20,-18,-14,-19
17.175781,4,2179,2179,25,20,-18,-13,-19
17.179688,4,2179,2179,26,20,-18,-14,-19
17.183594,4,2179,2179,26,21,-18,-14,-19
17.187500,4,2179,2179,26,21,-18,-14,-19
17.191406,4,2179,2179,26,20,-18,-14,-19
17.195312,4,2179,2179,26,20,-18,-14,-19
17.199219,4,2179,2179,27,21,-19,-14,-19
17.203125,4,2179,2179,27,21,-18,-14,-19
17.207031,5,2179,2179,26,20,-19,-14,-19
17.210938,5,2179,2179,26,21,-19,-14,-19
17.214844,5,2179,2179,26,21,-19,-14,-19
17.218750,5,2179,2179,26,21,-19,-14,-19
17.222656,6,2179,2179,26,21,-19,-14,-19
17.226562,6,2179,2179,26,20,-19,-14,-19
17.230469,6,2179,2179,26,21,-19,-14,-19
17.234375,6,2179,2179,26,21,-19,-14,-19
17.238281,7,2179,2179,26,21,-19,-14,-19
17.242188,7,2179,2179,26,20,-19,-14,-19
17.246094,7,2179,2179,26,21,-19,-14,-20
17.250000,7,2179,2179,26,21,-19,-14,-20
17.253906,7,2179,2179,26,21,-19,-14,-19
17.257812,7,2179,2179,26,20,-19,-14,-19
17.261719,7,2179,2179,26,20,-19,-14,-19
17.265625,8,2179,2179,26,21,-19,-14,-19
17.269531,8,2179,2179,26,21,-18,-14,-19
17.273438,9,2179,2179,26,20,-19,-14,-19
17.277344,9,2179,2179,26,20,-18,-14,-19
17.281250,10,2179,2179,26,20,-18,-14,-19
17.285156,10,2179,2179,26,20,-18,-14,-19
17.289062,11,2179,2179,26,20,-18,-14,-19
17.292969,11,2179,2179,26,20,-19,-14,-19
17.296875,12,2179,2179,26,20,-19,-14,-19
17.300781,12,2179,2179,26,20,-19,-14,-19
17.304688,13,2179,2179,26,20,-19,-14,-19
17.308594,13,2179,2179,26,20,-19,-14,-19
17.312500,13,2179,2179,26,20,-19,-14,-19
17.316406,14,2179,2179,26,20,-19,-14,-19
17.320312,14,2179,2179,26,20,-19,-14,-19
17.324219,15,2179,2179,26,20,-19,-14,-19
17.328125,15,2179,2179,26,20,-19,-14,-20
17.332031,15,2179,2179,26,21,-19,-14,-19
17.335938,16,2179,2179,26,21,-19,-14,-19
17.339844,17,2179,2179,26,21,-19,-14,-19
17.343750,18,2179,2179,26,20,-19,-14,-19
17.347656,18,2179,2179,26,20,-19,-14,-19
17.351562,18,2179,2179,26,21,-19,-14,-19
17.355469,19,2179,2179,26,21,-19,-14,-19
17.359375,20,2179,2179,26,20,-19,-14,-19
17.363281,20,2179,2179,26,20,-19,-14,-19
17.367188,21,2179,2179,26,20,-19,-14,-19
17.371094,22,2179,2179,26,21,-19,-14,-19
17.375000,23,2179,2179,26,20,-19,-14,-19
17.378906,24,2179,2179,26,20,-18,-14,-19
17.382812,25,2179,2179,26,21,-18,-14,-19
17.386719,27,2179,2179,26,21,-18,-14,-19
17.390625,28,2179,2179,26,21,-18,-13,-19
17.394531,29,2179,2179,26,20,-18,-14,-19
17.398438,30,2179,2179,26,21,-18,-14,-19
17.402344,32,2179,2179,26,21,-18,-14,-19
17.406250,34,2179,2179,26,20,-18,-14,-19
17.410156,35,2179,2179,26,20,-18,-14,-19
17.414062,37,2179,2179,26,20,-18,-13,-19
17.417969,38,2179,2179,26,21,-18,-13,-19
17.421875,40,2179,2179,26,20,-19,-13,-19
17.425781,42,2179,2179,26,20,-18,-13,-19
17.429688,43,2179,2179,26,20,-19,-14,-19
17.433594,45,2179,2179,26,21,-18,-14,-19
17.437500,46,2179,2179,26,21,-19,-14,-19
17.441406,47,2179,2179,26,21,-18,-14,-19
17.445312,48,2179,2179,26,21,-19,-14,-19
17.449219,49,2179,2179,26,21,-19,-14,-19
17.453125,50,2179,2179,26,21,-19,-14,-19
17.457031,51,2179,2179,26,21,-19,-14,-20
17.460938,52,2179,2179,26,20,-19,-14,-19
17.464844,53,2179,2179,26,20,-19,-14,-20
17.468750,53,2179,2179,26,21,-19,-14,-20
17.472656,54,2179,2179,26,20,-19,-14,-20
17.476562,55,2179,2179,26,20,-19,-14,-19
17.480469,55,2179,2179,26,20,-19,-14,-19
17.484375,55,2179,2179,26,21,-19,-14,-19
17.488281,56,2179,2179,26,21,-19,-14,-19
17.492188,56,2179,2179,26,20,-18,-13,-19
17.496094,56,2179,2179,26,21,-18,-13,-19
17.500000,56,2179,2179,26,21,-18,-13,-19
17.503906,57,2179,2179,26,21,-18,-13,-19
17.507812,58,2179,2179,26,20,-18,-13,-19
17.511719,58,2179,2179,26,20,-19,-14,-19
17.515625,58,2179,2179,26,21,-19,-13,-19
17.519531,59,2179,2179,26,21,-18,-14,-19
17.523438,60,2179,2179,26,20,-18,-13,-19
17.527344,60,2179,2179,25,20,-18,-13,-19
17.531250,60,2179,2179,26,20,-18,-14,-19
17.535156,61,2179,2179,26,20,-18,-13,-19
17.539062,61,2179,2179,25,20,-18,-13,-19
17.542969,62,2179,2179,25,20,-18,-14,-19
17.546875,62,2179,2179,25,20,-19,-14,-19
17.550781,62,2179,2179,26,20,-19,-14,-19
17.554688,62,2179,2179,26,20,-18,-14,-19
17.558594,63,2179,2179,26,20,-19,-14,-19
17.562500,63,2179,2179,26,20,-19,-14,-19
17.566406,63,2179,2179,26,20,-19,-14,-20
17.570312,63,2179,2179,26,21,-19,-14,-20
17.574219,64,2179,2179,26,20,-19,-14,-19
17.578125,65,2179,2179,26,20,-19,-14,-19
17.582031,65,2179,2179,26,21,-19,-14,-19
17.585938,65,2179,2179,26,21,-19,-14,-19
17.589844,66,2179,2179,26,21,-19,-14,-19
17.593750,66,2179,2179,26,20,-19,-14,-19
17.597656,66,2179,2179,26,20,-19,-14,-19
17.601562,66,2179,2179,26,21,-19,-14,-19
17.605469,67,2179,2179,26,21,-19,-13,-19
17.609375,67,2179,2179,26,21,-19,-13,-19
17.613281,67,2179,2179,26,21,-19,-13,-19
17.617188,68,2179,2179,26,21,-18,-13,-19
17.621094,68,2179,2179,26,21,-18,-13,-19
17.625000,69,2179,2179,26,21,-18,-13,-19
17.628906,69,2179,2179,27,21,-18,-13,-19
17.632812,69,2179,2179,27,21,-19,-14,-19
17.636719,69,2179,2179,28,21,-18,-14,-19
17.640625,69,2179,2179,28,21,-18,-13,-19
17.644531,70,2179,2179,28,21,-19,-14,-19
17.648438,70,2179,2179,28,21,-25,-14,-19
17.652344,70,2179,2179,28,21,-18,-14,-19
17.656250,71,2179,2179,27,20,-18,-14,-19
17.660156,71,2179,2179,27,20,-19,-14,-19
17.664062,71,2179,2179,26,20,-19,-14,-19
17.667969,71,2179,2179,26,20,-19,-14,-19
17.671875,72,2179,2179,26,20,-19,-14,-19
17.675781,72,2179,2179,26,20,-19,-14,-20
17.679688,71,2179,2179,26,20,-19,-14,-19
17.683594,71,2179,2179,27,20,-19,-14,-19
17.687500,72,2179,2179,28,20,-19,-14,-19
17.691406,72,2179,2179,28,20,-19,-14,-19
17.695312,72,2179,2179,28,20,-19,-14,-19
17.699219,72,2179,2179,29,20,-19,-14,-19
17.703125,72,2179,2179,29,20,-19,-14,-19
17.707031,72,2179,2179,29,20,-19,-14,-19
17.710938,72,2179,2179,30,20,-19,-14,-19
17.714844,72,2179,2179,32,20,-18,-14,-19
17.718750,72,2179,2179,33,20,-18,-14,-19
17.722656,72,2179,2179,34,20,-18,-14,-19
17.726562,73,2179,2179,36,20,-19,-14,-19
17.730469,72,2179,2179,38,20,-18,-14,-19
17.734375,73,2179,2179,40,20,-18,-14,-19
17.738281,73,2179,2179,41,20,-18,-14,-19
17.742188,74,2179,2179,43,20,-18,-14,-19
17.746094,74,2179,2179,45,20,-19,-14,-19
17.750000,74,2179,2179,47,20,-19,-14,-19
17.753906,74,2179,2179,48,20,-19,-14,-19
17.757812,74,2179,2179,49,20,-19,-14,-19
17.761719,74,2179,2179,51,20,-18,-14,-19
17.765625,74,2179,2179,53,20,-19,-13,-19
17.769531,74,2179,2179,55,20,-19,-14,-19
17.773438,74,2179,2179,56,20,-12,-14,-19
17.777344,74,2179,2179,57,20,-19,-14,-19
17.781250,73,2179,2179,59,20,-19,-14,-19
17.785156,74,2179,2179,59,21,-19,-14,-19
17.789062,74,2179,2179,59,21,-19,-14,-20
17.792969,74,2179,2179,60,21,-19,-14,-20
17.796875,74,2179,2179,61,20,-19,-14,-20
17.800781,74,2179,2179,62,21,-19,-14,-20
17.804688,74,2179,2179,64,21,-19,-14,-19
17.808594,74,2179,2179,66,20,-19,-14,-19
17.812500,74,2179,2179,68,20,-19,-14,-19
17.816406,74,2179,2179,70,21,-19,-14,-19
17.820312,74,2179,2179,72,21,-19,-14,-19
17.824219,74,2179,2179,72,21,-18,-14,-19
17.828125,74,2179,2179,72,20,-19,-14,-19
17.832031,74,2179,2179,73,21,-19,-14,-19
17.835938,74,2179,2179,73,21,-18,-14,-19
17.839844,74,2179,2179,74,21,-18,-14,-19
17.843750,74,2179,2179,75,20,-18,-14,-19
17.847656,74,2179,2179,77,20,-18,-14,-19
17.851562,74,2179,2179,79,21,-18,-14,-19
17.855469,74,2179,2179,80,21,-18,-14,-19
17.859375,74,2179,2179,82,20,-19,-14,-19
17.863281,74,2179,2179,82,20,-19,-14,-19
17.867188,74,2179,2179,83,21,-19,-14,-19
17.871094,75,2179,2179,84,21,-19,-14,-19
17.875000,74,2179,2179,84,20,-19,-14,-19
17.878906,74,2179,2179,85,20,-19,-14,-19
17.882812,74,2179,2179,87,21,-19,-14,-19
17.886719,74,2179,2179,88,21,-19,-14,-19
17.890625,74,2179,2179,89,21,-19,-14,-20
17.894531,74,2179,2179,90,20,-19,-14,-19
17.898438,73,2179,2179,91,21,-23,-14,-19
17.902344,73,2179,2179,92,21,-19,-14,-19
17.906250,73,2179,2179,92,20,-19,-14,-19
17.910156,73,2179,2179,92,20,-19,-14,-19
17.914062,73,2179,2179,92,20,-19,-14,-19
17.917969,72,2179,2179,93,20,-19,-14,-19
17.921875,73,2179,2179,93,20,-19,-14,-19
17.925781,72,2179,2179,93,20,-19,-14,-19
17.929688,72,2179,2179,94,20,-19,-14,-19
17.933594,72,2179,2179,95,20,-19,-14,-19
17.937500,72,2179,2179,96,20,-19,-14,-19
17.941406,72,2179,2179,97,20,-18,-14,-19
17.945312,72,2179,2179,98,20,-18,-14,-19
17.949219,72,2179,2179,99,21,-18,-13,-19
17.953125,72,2179,2179,100,21,-18,-14,-19
17.957031,72,2179,2179,101,20,-18,-13,-19
17.960938,72,2179,2179,102,21,-18,-14,-19
17.964844,71,2179,2179,102,21,-18,-14,-19
17.968750,71,2179,2179,102,21,-18,-14,-19
17.972656,72,2179,2179,102,21,-18,-14,-19
17.976562,72,2179,2179,102,20,-19,-14,-19
17.980469,71,2179,2179,102,21,-19,-14,-19
17.984375,72,2179,2179,102,21,-19,-14,-19
17.988281,72,2179,2179,103,20,-19,-14,-19
17.992188,73,2179,2179,103,20,-19,-14,-19
17.996094,72,2179,2179,104,20,-19,-14,-19
18.000000,72,2179,2179,105,21,-19,-14,-19
18.003906,72,2179,2179,106,20,-19,-14,-19
18.007812,72,2179,2179,106,20,-19,-14,-19
18.011719,72,2179,2179,106,20,-19,-14,-19
18.015625,72,2179,2179,106,21,-18,-14,-19
18.019531,72,2179,2179,106,21,-18,-14,-20
18.023438,72,2179,2179,106,20,-15,-14,-19
18.027344,72,2179,2179,107,20,-19,-14,-19
18.031250,72,2179,2179,108,21,-19,-14,-19
18.035156,72,2179,2179,109,21,-19,-14,-20
18.039062,72,2179,2179,109,21,-19,-14,-19
18.042969,71,2179,2179,110,21,-19,-14,-19
18.046875,71,2179,2179,110,21,-19,-14,-19
18.050781,70,2179,2179,111,21,-19,-14,-19
18.054688,71,2179,2179,111,21,-18,-14,-19
18.058594,71,2179,2179,111,21,-19,-13,-19
18.062500,70,2179,2179,111,21,-18,-13,-19
18.066406,71,2179,2179,112,21,-18,-14,-19
18.070312,71,2179,2179,113,21,-18,-14,-19
18.074219,71,2179,2179,114,21,-18,-14,-19
18.078125,71,2179,2179,114,21,-19,-14,-19
18.082031,70,2179,2179,115,21,-19,-14,-19
18.085938,70,2179,2179,115,21,-19,-14,-19
18.089844,70,2179,2179,115,20,-18,-14,-19
18.093750,70,2179,2179,115,20,-18,-14,-19
18.097656,70,2179,2179,115,20,-19,-14,-19
18.101562,70,2179,2179,115,20,-19,-14,-19
18.105469,71,2179,2179,115,20,-19,-14,-19
18.109375,71,2179,2179,114,20,-19,-14,-19
18.113281,71,2179,2179,114,20,-19,-14,-20
18.117188,71,2179,2179,115,20,-19,-14,-19
18.121094,71,2179,2179,115,20,-19,-14,-19
18.125000,71,2179,2179,115,20,-19,-14,-19
18.128906,70,2179,2179,116,20,-19,-14,-19
18.132812,70,2179,2179,117,20,-19,-14,-19
18.136719,70,2179,2179,118,20,-19,-14,-19
18.140625,70,2179,2179,118,20,-19,-14,-19
18.144531,70,2179,2179,118,20,-19,-14,-20
18.148438,70,2179,2179,119,20,-20,-14,-19
18.152344,70,2179,2179,119,20,-19,-14,-20
18.156250,70,2179,2179,119,21,-19,-14,-19
18.160156,70,2179,2179,119,20,-19,-14,-19
18.164062,70,2179,2179,119,20,-18,-14,-19
18.167969,70,2179,2179,119,21,-18,-14,-19
18.171875,70,2179,2179,119,21,-19,-14,-19
18.175781,70,2179,2179,119,20,-19,-14,-19
18.179688,70,2179,2179,119,21,-18,-14,-19
18.183594,70,2179,2179,120,21,-18,-14,-19
18.187500,71,2179,2179,120,21,-18,-14,-19
18.191406,71,2179,2179,120,21,-18,-14,-19
18.195312,71,2179,2179,120,20,-19,-14,-19
18.199219,71,2179,2179,121,21,-18,-14,-19
18.203125,71,2179,2179,121,21,-18,-14,-19
18.207031,71,2179,2179,121,20,-19,-14,-19
18.210938,71,2179,2179,122,20,-19,-14,-19
18.214844,71,2179,2179,122,21,-18,-14,-19
18.218750,71,2179,2179,123,21,-19,-14,-20
18.222656,71,2179,2179,123,21,-19,-14,-19
18.226562,71,2179,2179,123,21,-19,-14,-20
18.230469,71,2179,2179,123,21,-19,-14,-19
18.234375,71,2179,2179,124,21,-19,-14,-19
18.238281,71,2179,2179,124,21,-19,-14,-19
18.242188,71,2179,2179,123,21,-19,-14,-19
18.246094,71,2179,2179,123,21,-19,-14,-19
18.250000,71,2179,2179,124,21,-18,-14,-19
18.253906,72,2179,2179,123,21,-19,-14,-19
18.257812,72,2179,2179,123,21,-19,-14,-19
18.261719,72,2179,2179,123,21,-19,-14,-19
18.265625,72,2179,2179,123,21,-19,-14,-19
18.269531,72,2179,2179,124,21,-19,-14,-20
18.273438,72,2179,2179,124,20,-18,-14,-19
18.277344,72,2179,2179,124,20,-19,-14,-19
18.281250,72,2179,2179,125,19,-18,-14,-19
18.285156,72,2179,2179,125,20,-18,-14,-19
18.289062,73,2179,2179,125,20,-18,-14,-19
18.292969,73,2179,2179,126,20,-18,-14,-19
18.296875,73,2179,2179,126,19,-18,-14,-19
18.300781,73,2179,2179,126,20,-18,-14,-19
18.304688,73,2179,2179,126,20,-18,-14,-19
18.308594,73,2179,2179,126,20,-18,-14,-19
18.312500,73,2179,2179,126,20,-18,-14,-19
18.316406,73,2179,2179,126,20,-18,-14,-19
18.320312,73,2179,2179,126,20,-18,-14,-19
18.324219,73,2179,2179,126,20,-18,-14,-19
18.328125,73,2179,2179,127,20,-18,-14,-19
18.332031,73,2179,2179,128,20,-19,-14,-19
18.335938,73,2179,2179,128,21,-19,-14,-19
18.339844,73,2179,2179,128,20,-19,-14,-19
18.343750,73,2179,2179,128,20,-19,-14,-19
18.347656,73,2179,2179,128,20,-19,-14,-20
18.351562,73,2179,2179,129,21,-19,-14,-20
18.355469,73,2179,2179,129,20,-19,-14,-20
18.359375,73,2179,2179,129,20,-19,-14,-20
18.363281,73,2179,2179,129,20,-19,-14,-19
18.367188,73,2179,2179,129,20,-19,-14,-19
18.371094,73,2179,2179,129,21,-19,-14,-19
18.375000,73,2179,2179,129,20,-18,-14,-19
18.378906,74,2179,2179,129,20,-19,-14,-19
18.382812,73,2179,2179,129,21,-18,-14,-19
18.386719,72,2179,2179,130,21,-18,-14,-19
18.390625,73,2179,2179,130,21,-18,-14,-19
18.394531,73,2179,2179,131,21,-18,-14,-19
18.398438,73,2179,2179,132,21,-19,-13,-19
18.402344,73,2179,2179,133,21,-18,-14,-19
18.406250,73,2179,2179,133,20,-18,-14,-19
18.410156,73,2179,2179,133,21,-18,-14,-19
18.414062,73,2179,2179,133,21,-19,-14,-19
18.417969,73,2179,2179,132,21,-18,-14,-19
18.421875,73,2179,2179,132,21,-18,-14,-19
18.425781,73,2179,2179,131,20,-18,-14,-19
18.429688,73,2179,2179,131,20,-18,-14,-19
18.433594,73,2179,2179,132,21,-18,-14,-19
18.437500,73,2179,2179,132,21,-18,-14,-19
18.441406,74,2179,2179,132,20,-19,-14,-19
18.445312,73,2179,2179,133,20,-19,-14,-19
18.449219,73,2179,2179,133,21,-19,-14,-19
18.453125,72,2179,2179,134,21,-19,-14,-19
18.457031,72,2179,2179,133,20,-19,-14,-19
18.460938,72,2179,2179,133,21,-19,-14,-19
18.464844,71,2179,2179,134,21,-19,-14,-19
18.468750,71,2179,2179,134,21,-19,-14,-19
18.472656,71,2179,2179,134,21,-19,-14,-19
18.476562,72,2179,2179,134,20,-19,-14,-19
18.480469,71,2179,2179,135,20,-19,-14,-19
18.484375,71,2179,2179,135,21,-19,-14,-19
18.488281,72,2179,2179,135,21,-19,-14,-19
18.492188,72,2179,2179,135,20,-19,-14,-19
18.496094,72,2179,2179,134,20,-19,-14,-19
18.500000,71,2179,2179,134,21,-18,-14,-19
18.503906,72,2179,2179,134,21,-18,-14,-19
18.507812,72,2179,2179,134,20,-18,-14,-19
18.511719,72,2179,2179,134,20,-18,-14,-19
18.515625,71,2179,2179,135,20,-18,-14,-19
18.519531,71,2179,2179,135,21,-18,-14,-19
18.523438,71,2179,2179,135,20,-18,-14,-19
18.527344,71,2179,2179,135,20,-18,-14,-19
18.531250,71,2179,2179,136,20,-18,-14,-19
18.535156,71,2179,2179,136,20,-18,-14,-19
18.539062,71,2179,2179,136,20,-19,-14,-19
18.542969,71,2179,2179,136,20,-19,-14,-19
18.546875,71,2179,2179,136,20,-19,-14,-19
18.550781,71,2179,2179,136,20,-19,-14,-20
18.554688,72,2179,2179,136,20,-19,-14,-20
18.558594,71,2179,2179,136,20,-19,-14,-20
18.562500,71,2179,2179,136,20,-19,-14,-20
18.566406,71,2179,2179,136,20,-19,-14,-20
18.570312,71,2179,2179,137,20,-19,-14,-20
18.574219,71,2179,2179,136,20,-19,-14,-20
18.578125,71,2179,2179,137,20,-19,-14,-20
18.582031,70,2179,2179,137,21,-19,-14,-20
18.585938,70,2179,2179,137,21,-19,-14,-19
18.589844,70,2179,2179,137,20,-19,-14,-19
18.593750,70,2179,2179,137,20,-19,-14,-20
18.597656,70,2179,2179,138,20,-19,-14,-19
18.601562,70,2179,2179,138,21,-19,-14,-19
18.605469,70,2179,2179,138,21,-19,-14,-19
18.609375,70,2179,2179,138,20,-19,-14,-19
18.613281,70,2179,2179,138,21,-18,-14,-19
18.617188,70,2179,2179,139,21,-18,-14,-19
18.621094,70,2179,2179,140,21,-18,-14,-19
18.625000,70,2179,2179,140,21,-18,-14,-19
18.628906,70,2179,2179,140,21,-18,-14,-19
18.632812,70,2179,2179,140,21,-18,-14,-19
18.636719,69,2179,2179,140,21,-18,-14,-19
18.640625,70,2179,2179,140,21,-18,-14,-19
18.644531,69,2179,2179,140,21,-19,-14,-19
18.648438,69,2179,2179,139,21,-18,-14,-19
18.652344,69,2179,2179,139,21,-18,-14,-19
18.656250,69,2179,2179,139,20,-18,-14,-19
18.660156,69,2179,2179,139,21,-19,-14,-19
18.664062,69,2179,2179,141,20,-18,-14,-19
18.667969,69,2179,2179,141,21,-19,-14,-20
18.671875,69,2179,2179,141,21,-19,-14,-19
18.675781,68,2179,2179,141,20,-19,-14,-19
18.679688,68,2179,2179,141,20,-19,-14,-20
18.683594,68,2179,2179,141,21,-19,-14,-19
18.687500,68,2179,2179,140,21,-19,-14,-19
18.691406,68,2179,2179,140,20,-19,-14,-20
18.695312,67,2179,2179,139,20,-19,-14,-19
18.699219,67,2179,2179,140,21,-19,-14,-19
18.703125,67,2179,2179,140,20,-19,-14,-19
18.707031,67,2179,2179,141,20,-19,-14,-19
18.710938,66,2179,2179,141,20,-19,-14,-19
18.714844,66,2179,2179,142,20,-19,-14,-19
18.718750,66,2179,2179,143,20,-19,-14,-19
18.722656,65,2179,2179,143,20,-18,-14,-19
18.726562,65,2179,2179,143,20,-19,-14,-19
18.730469,65,2179,2179,143,20,-19,-13,-19
18.734375,64,2179,2179,143,20,-19,-14,-19
18.738281,64,2179,2179,143,20,-18,-14,-19
18.742188,64,2179,2179,142,20,-18,-14,-19
18.746094,64,2179,2179,142,20,-19,-14,-19
18.750000,63,2179,2179,142,20,-18,-14,-19
18.753906,63,2179,2179,143,20,-18,-14,-19
18.757812,63,2179,2179,143,20,-18,-13,-19
18.761719,63,2179,2179,143,20,-18,-13,-19
18.765625,62,2179,2179,143,20,-18,-13,-19
18.769531,62,2179,2179,143,21,-18,-13,-19
18.773438,62,2179,2179,143,20,-18,-14,-19
18.777344,62,2179,2179,143,20,-18,-14,-19
18.781250,61,2179,2179,143,21,-19,-14,-19
18.785156,61,2179,2179,144,21,-19,-14,-19
18.789062,61,2179,2179,144,21,-19,-14,-19
18.792969,61,2179,2179,144,21,-19,-14,-19
18.796875,60,2179,2179,145,21,-19,-14,-20
18.800781,60,2179,2179,145,21,-19,-14,-19
18.804688,60,2179,2179,145,21,-19,-14,-19
18.808594,59,2179,2179,145,20,-19,-14,-19
18.812500,58,2179,2179,145,20,-19,-14,-20
18.816406,58,2179,2179,145,21,-19,-14,-21
18.820312,57,2179,2179,145,21,-19,-14,-19
18.824219,57,2179,2179,145,20,-19,-14,-19
18.828125,57,2179,2179,145,20,-19,-14,-19
18.832031,56,2179,2179,145,21,-19,-14,-19
18.835938,55,2179,2179,145,20,-18,-14,-19
18.839844,55,2179,2179,146,20,-18,-14,-19
18.843750,55,2179,2179,146,20,-18,-14,-19
18.847656,55,2179,2179,146,20,-18,-14,-19
18.851562,54,2179,2179,146,21,-18,-14,-19
18.855469,54,2179,2179,146,21,-18,-13,-19
18.859375,54,2179,2179,146,20,-18,-14,-19
18.863281,53,2179,2179,146,20,-18,-14,-19
18.867188,53,2179,2179,146,21,-18,-14,-19
18.871094,52,2179,2179,147,21,-18,-14,-19
18.875000,52,2179,2179,147,20,-18,-14,-19
18.878906,51,2179,2179,147,20,-19,-14,-19
18.882812,50,2179,2179,147,21,-19,-14,-19
18.886719,50,2179,2179,147,21,-18,-14,-19
18.890625,50,2179,2179,146,20,-18,-14,-19
18.894531,49,2179,2179,146,20,-19,-14,-19
18.898438,48,2179,2179,146,20,-19,-14,-20
18.902344,47,2179,2179,146,21,-19,-14,-20
18.906250,47,2179,2179,145,20,-19,-14,-20
18.910156,46,2179,2179,146,20,-19,-14,-20
18.914062,45,2179,2179,145,20,-19,-14,-20
18.917969,44,2179,2179,146,20,-19,-14,-19
18.921875,43,2179,2179,147,20,-19,-14,-19
18.925781,43,2179,2179,147,20,-19,-14,-19
18.929688,41,2179,2179,147,20,-19,-14,-19
18.933594,39,2179,2179,147,20,-19,-14,-19
18.937500,38,2179,2179,147,20,-19,-14,-19
18.941406,36,2179,2179,147,20,-19,-14,-18
18.945312,34,2179,2179,146,20,-18,-14,-19
18.949219,32,2179,2179,146,20,-18,-14,-19
18.953125,30,2179,2179,144,21,-18,-14,-19
18.957031,28,2179,2179,140,21,-18,-14,-19
18.960938,26,2179,2179,134,21,-18,-14,-19
18.964844,24,2179,2179,123,21,-18,-14,-19
18.968750,22,2179,2179,107,21,-18,-14,-19
18.972656,20,2179,2179,86,21,-18,-14,-19
18.976562,19,2179,2179,64,21,-18,-14,-19
18.980469,17,2179,2179,44,21,-19,-14,-19
18.984375,15,2179,2179,29,21,-19,-14,-19
18.988281,14,2179,2179,20,21,-19,-14,-19
18.992188,13,2179,2179,17,20,-19,-14,-19
18.996094,12,2179,2179,20,20,-18,-14,-20
19.000000,12,2179,2179,27,20,-19,-14,-20
19.003906,11,2179,2179,32,20,-19,-14,-20
19.007812,11,2179,2179,35,20,-19,-14,-20
19.011719,10,2179,2179,35,20,-19,-14,-19
19.015625,9,2179,2179,33,21,-19,-14,-19
19.019531,9,2179,2179,29,21,-19,-14,-19
19.023438,8,2179,2179,25,21,-19,-14,-19
19.027344,8,2179,2179,23,21,-19,-14,-19
19.031250,7,2179,2179,23,21,-19,-14,-19
19.035156,7,2179,2179,24,21,-19,-14,-19
19.039062,7,2179,2179,25,21,-19,-14,-19
19.042969,7,2179,2179,28,20,-19,-14,-19
19.046875,6,2179,2179,30,20,-19,-14,-19
19.050781,6,2179,2179,31,21,-19,-14,-19
19.054688,6,2179,2179,30,21,-18,-14,-19
19.058594,5,2179,2179,29,20,-18,-14,-19
19.062500,5,2179,2179,28,20,-18,-13,-19
19.066406,4,2179,2179,27,21,-18,-14,-19
19.070312,4,2179,2179,27,21,-18,-14,-19
19.074219,4,2179,2179,27,21,-18,-13,-19
19.078125,4,2179,2179,27,21,-18,-13,-19
19.082031,3,2179,2179,28,21,-18,-14,-19
19.085938,3,2179,2179,29,21,-18,-14,-19
19.089844,3,2179,2179,29,21,-19,-14,-19
19.093750,3,2179,2179,29,20,-19,-14,-19
19.097656,2,2179,2179,29,20,-19,-14,-19
19.101562,2,2179,2179,29,20,-18,-14,-19
19.105469,2,2179,2179,28,20,-19,-14,-19
19.109375,2,2179,2179,27,20,-19,-14,-19
19.113281,2,2179,2179,27,19,-19,-14,-19
19.117188,1,2179,2179,27,20,-19,-14,-19
19.121094,1,2179,2179,27,20,-19,-14,-19
19.125000,0,2179,2179,27,20,-19,-14,-19
19.128906,0,2179,2179,27,20,-19,-14,-20
19.132812,-1,2179,2179,28,20,-19,-14,-20
19.136719,-1,2179,2179,28,20,-19,-14,-20
19.140625,-1,2179,2179,28,20,-19,-14,-19
19.144531,-2,2179,2179,28,20,-19,-14,-20
19.148438,-2,2179,2179,28,20,-19,-14,-19
19.152344,-3,2179,2179,28,21,-19,-14,-20
19.156250,-3,2179,2179,28,20,-19,-14,-19
19.160156,-3,2179,2179,27,20,-19,-14,-19
19.164062,-3,2179,2179,27,20,-19,-14,-19
19.167969,-3,2179,2179,27,21,-19,-14,-19
19.171875,-3,2179,2179,27,21,-18,-14,-19
19.175781,-3,2179,2179,26,20,-18,-13,-19
19.179688,-3,2179,2179,26,21,-18,-13,-19
19.183594,-3,2179,2179,26,21,-18,-14,-19
19.187500,-2,2179,2179,26,21,-18,-13,-19
19.191406,-2,2179,2179,26,20,-18,-14,-18
19.195312,-2,2179,2179,26,21,-18,-13,-19
19.199219,-2,2179,2179,26,21,-18,-14,-19
19.203125,-2,2179,2179,26,21,-18,-14,-19
19.207031,-1,2179,2179,26,20,-18,-14,-19
19.210938,-1,2179,2179,26,20,-19,-14,-19
19.214844,-1,2179,2179,26,21,-19,-14,-19
19.218750,-1,2179,2179,26,20,-18,-14,-19
19.222656,0,2179,2179,26,21,-18,-14,-19
19.226562,0,2179,2179,26,20,-19,-14,-19
19.230469,0,2179,2179,26,20,-19,-14,-20
19.234375,0,2179,2179,26,21,-19,-14,-20
19.238281,0,2179,2179,26,21,-19,-14,-20
19.242188,1,2179,2179,26,21,-19,-14,-19
19.246094,0,2179,2179,26,20,-19,-14,-20
19.250000,1,2179,2179,26,21,-19,-14,-19
19.253906,1,2179,2179,26,21,-19,-14,-19
19.257812,1,2179,2179,26,21,-19,-14,-19
19.261719,1,2179,2179,26,21,-19,-14,-19
19.265625,1,2179,2179,26,21,-19,-14,-19
19.269531,1,2179,2179,26,21,-19,-14,-19
19.273438,1,2179,2179,26,20,-19,-14,-19
19.277344,1,2179,2179,26,20,-19,-14,-19
19.281250,0,2179,2179,26,20,-19,-14,-19
19.285156,0,2179,2179,26,20,-19,-14,-19
19.289062,1,2179,2179,25,20,-19,-14,-19
19.292969,1,2179,2179,25,20,-19,-14,-19
19.296875,1,2179,2179,25,20,-18,-14,-19
19.300781,1,2179,2179,26,20,-18,-14,-19
19.304688,2,2179,2179,26,20,-18,-14,-19
19.308594,2,2179,2179,26,20,-19,-14,-19
19.312500,1,2179,2179,26,20,-19,-14,-19
19.316406,1,2179,2179,26,20,-19,-14,-19
19.320312,1,2179,2179,26,20,-19,-14,-19
19.324219,2,2179,2179,26,20,-18,-14,-19
19.328125,2,2179,2179,26,20,-19,-14,-19
19.332031,2,2179,2179,26,20,-19,-14,-19
19.335938,2,2179,2179,26,20,-18,-14,-19
19.339844,2,2179,2179,26,20,-19,-14,-19
19.343750,2,2179,2179,26,20,-19,-14,-19
19.347656,1,2179,2179,26,20,-19,-14,-20
19.351562,1,2179,2179,26,21,-19,-14,-20
19.355469,1,2179,2179,26,21,-19,-14,-20
19.359375,1,2179,2179,26,20,-19,-14,-20
19.363281,0,2179,2179,26,20,-19,-14,-20
19.367188,1,2179,2179,26,21,-19,-14,-20
19.371094,1,2179,2179,26,21,-19,-14,-20
19.375000,1,2179,2179,26,21,-19,-14,-20
19.378906,1,2179,2179,26,20,-19,-14,-20
19.382812,1,2179,2179,26,21,-19,-14,-20
19.386719,1,2179,2179,26,21,-19,-14,-19
19.390625,1,2179,2179,26,20,-19,-14,-19
19.394531,0,2179,2179,26,20,-19,-14,-19
19.398438,0,2179,2179,26,21,-19,-14,-19
19.402344,0,2179,2179,26,21,-18,-14,-19
19.406250,0,2179,2179,26,21,-19,-14,-19
19.410156,0,2179,2179,26,20,-18,-14,-19
19.414062,0,2179,2179,26,21,-18,-14,-19
19.417969,0,2179,2179,26,21,-18,-14,-19
19.421875,0,2179,2179,26,21,-18,-14,-19
19.425781,0,2179,2179,26,21,-18,-14,-19
19.429688,-1,2179,2179,26,21,-18,-14,-19
19.433594,-1,2179,2179,26,21,-18,-14,-19
19.437500,0,2179,2179,26,21,-18,-14,-19
19.441406,0,2179,2179,26,20,-18,-13,-19
19.445312,0,2179,2179,26,20,-19,-14,-19
19.449219,0,2179,2179,26,20,-19,-14,-19
19.453125,0,2179,2179,26,21,-19,-14,-19
19.457031,0,2179,2179,26,20,-19,-14,-19
19.460938,0,2179,2179,26,20,-19,-14,-19
19.464844,0,2179,2179,26,21,-19,-14,-19
19.468750,0,2179,2179,26,21,-19,-14,-19
19.472656,0,2179,2179,26,21,-19,-14,-19
19.476562,0,2179,2179,26,21,-19,-14,-19
19.480469,-1,2179,2179,26,21,-19,-14,-19
19.484375,-1,2179,2179,26,21,-19,-14,-20
19.488281,0,2179,2179,26,21,-19,-14,-19
19.492188,0,2179,2179,26,20,-19,-14,-19
19.496094,-1,2179,2179,26,21,-19,-14,-19
19.500000,-1,2179,2179,26,21,-19,-14,-19
19.503906,-1,2179,2179,26,21,-19,-14,-19
19.507812,-1,2179,2179,26,21,-18,-14,-19
19.511719,-1,2179,2179,26,21,-19,-14,-19
19.515625,-1,2179,2179,26,21,-18,-14,-19
19.519531,-1,2179,2179,26,21,-18,-14,-19
19.523438,-1,2179,2179,26,20,-18,-14,-19
19.527344,-1,2179,2179,26,20,-18,-14,-19
19.531250,-1,2179,2179,26,20,-19,-14,-19
19.535156,-1,2179,2179,26,20,-19,-14,-19
19.539062,0,2179,2179,26,20,-19,-14,-19
19.542969,0,2179,2179,25,20,-19,-14,-19
19.546875,0,2179,2179,25,20,-19,-14,-20
19.550781,0,2179,2179,26,20,-19,-14,-20
19.554688,1,2179,2179,26,20,-19,-14,-19
19.558594,1,2179,2179,25,20,-18,-14,-19
19.562500,1,2179,2179,25,20,-18,-14,-19
19.566406,1,2179,2179,26,20,-19,-14,-19
19.570312,1,2179,2179,26,20,-19,-14,-19
19.574219,1,2179,2179,26,20,-19,-13,-19
19.578125,2,2179,2179,26,20,-19,-14,-19
19.582031,1,2179,2179,26,21,-19,-14,-19
19.585938,1,2179,2179,26,21,-19,-14,-20
19.589844,1,2179,2179,26,21,-19,-14,-19
19.593750,1,2179,2179,26,21,-19,-14,-19
19.597656,1,2179,2179,26,21,-19,-14,-19
19.601562,1,2179,2179,26,21,-19,-14,-19
19.605469,1,2179,2179,26,21,-19,-14,-19
19.609375,0,2179,2179,26,21,-19,-14,-19
19.613281,0,2179,2179,26,21,-19,-14,-19
19.617188,-1,2179,2179,26,21,-19,-14,-19
19.621094,0,2179,2179,27,21,-18,-14,-19
19.625000,0,2179,2179,26,21,-18,-14,-19
19.628906,0,2179,2179,26,21,-18,-14,-19
19.632812,-1,2179,2179,27,21,-18,-14,-19
19.636719,-1,2179,2179,27,21,-18,-14,-19
19.640625,0,2179,2179,26,21,-19,-14,-19
19.644531,0,2179,2179,26,21,-19,-14,-19
19.648438,-1,2179,2179,27,21,-19,-14,-19
19.652344,-1,2179,2179,27,21,-19,-14,-19
19.656250,-1,2179,2179,26,21,-19,-14,-19
19.660156,-1,2179,2179,26,20,-19,-14,-19
19.664062,-1,2179,2179,26,20,-19,-14,-19
19.667969,-1,2179,2179,26,20,-19,-14,-19
19.671875,-1,2179,2179,26,20,-19,-14,-19
19.675781,-1,2179,2179,26,20,-19,-14,-19
19.679688,-1,2179,2179,25,20,-19,-14,-20
19.683594,-2,2179,2179,26,20,-18,-14,-20
19.687500,-1,2179,2179,26,20,-19,-14,-20
19.691406,-1,2179,2179,25,20,-19,-14,-20
19.695312,-1,2179,2179,25,20,-19,-14,-20
19.699219,-1,2179,2179,26,20,-19,-14,-19
19.703125,-1,2179,2179,26,21,-19,-14,-20
19.707031,-1,2179,2179,26,20,-19,-14,-19
19.710938,-1,2179,2179,26,20,-19,-14,-20
19.714844,-2,2179,2179,26,20,-19,-14,-20
19.718750,-2,2179,2179,26,20,-19,-14,-19
19.722656,-1,2179,2179,26,20,-19,-14,-19
19.726562,-1,2179,2179,25,20,-19,-14,-19
19.730469,-2,2179,2179,26,20,-19,-14,-19
19.734375,-2,2179,2179,26,20,-18,-14,-19
19.738281,-1,2179,2179,26,20,-18,-14,-19
19.742188,-1,2179,2179,26,20,-18,-14,-19
19.746094,-2,2179,2179,25,20,-19,-14,-19
19.750000,-1,2179,2179,26,20,-18,-14,-19
19.753906,-1,2179,2179,26,21,-18,-14,-19
19.757812,-1,2179,2179,26,20,-18,-14,-19
19.761719,-1,2179,2179,26,20,-18,-14,-19
19.765625,-1,2179,2179,26,21,-18,-14,-19
19.769531,0,2179,2179,26,21,-18,-14,-19
19.773438,0,2179,2179,26,21,-18,-14,-19
19.777344,1,2179,2179,26,20,-19,-14,-19
19.781250,1,2179,2179,26,21,-19,-14,-19
19.785156,1,2179,2179,26,21,-19,-14,-19
19.789062,2,2179,2179,26,21,-19,-14,-20
19.792969,2,2179,2179,26,21,-19,-14,-19
19.796875,2,2179,2179,26,21,-19,-14,-19
19.800781,2,2179,2179,26,21,-19,-14,-19
19.804688,3,2179,2179,26,21,-19,-14,-19
19.808594,3,2179,2179,26,21,-19,-14,-19
19.812500,2,2179,2179,26,21,-19,-14,-19
19.816406,2,2179,2179,26,21,-19,-14,-19
19.820312,2,2179,2179,26,21,-19,-14,-19
19.824219,2,2179,2179,26,21,-19,-14,-19
19.828125,2,2179,2179,26,20,-19,-14,-19
19.832031,2,2179,2179,26,21,-25,-14,-19
19.835938,2,2179,2179,26,21,-19,-14,-19
19.839844,2,2179,2179,26,20,-19,-14,-19
19.843750,2,2179,2179,26,20,-18,-14,-19
19.847656,2,2179,2179,26,20,-18,-14,-19
19.851562,3,2179,2179,26,21,-18,-14,-19
19.855469,3,2179,2179,26,21,-18,-14,-19
19.859375,3,2179,2179,26,20,-18,-13,-19
19.863281,3,2179,2179,26,20,-19,-14,-19
19.867188,3,2179,2179,26,21,-18,-14,-19
19.871094,3,2179,2179,26,21,-19,-14,-19
19.875000,3,2179,2179,26,20,-19,-14,-19
19.878906,3,2179,2179,26,20,-19,-14,-19
19.882812,3,2179,2179,26,21,-18,-14,-19
19.886719,3,2179,2179,26,21,-18,-14,-19
19.890625,3,2179,2179,26,20,-18,-14,-19
19.894531,4,2179,2179,26,20,-18,-14,-19
19.898438,4,2179,2179,26,20,-18,-14,-19
19.902344,4,2179,2179,26,20,-19,-14,-19
19.906250,4,2179,2179,25,20,-19,-14,-19
19.910156,3,2179,2179,26,20,-19,-14,-20
19.914062,3,2179,2179,26,20,-19,-14,-20
19.917969,3,2179,2179,26,20,-19,-14,-20
19.921875,3,2179,2179,26,20,-19,-14,-20
19.925781,3,2179,2179,25,20,-19,-14,-20
19.929688,3,2179,2179,25,20,-19,-14,-19
19.933594,2,2179,2179,26,20,-18,-14,-20
19.937500,3,2179,2179,26,20,-18,-14,-19
19.941406,3,2179,2179,25,20,-19,-14,-19
19.945312,2,2179,2179,25,20,-18,-14,-19
19.949219,2,2179,2179,26,20,-19,-14,-19
19.953125,2,2179,2179,26,21,-18,-14,-19
19.957031,2,2179,2179,26,20,-12,-14,-19
19.960938,2,2179,2179,26,20,-19,-14,-19
19.964844,2,2179,2179,26,21,-19,-13,-19
19.968750,2,2179,2179,26,21,-18,-14,-19
19.972656,2,2179,2179,26,21,-18,-13,-19
19.976562,3,2179,2179,26,20,-18,-13,-19
19.980469,2,2179,2179,26,20,-18,-13,-19
19.984375,2,2179,2179,26,21,-18,-13,-19
19.988281,2,2179,2179,26,20,-18,-14,-19
19.992188,1,2179,2179,26,20,-18,-13,-19
19.996094,1,2179,2179,26,20,-18,-13,-19
20.000000,0,2179,2179,26,20,-18,-14,-19
20.003906,0,2179,2179,26,20,-18,-14,-19
20.007812,1,2179,2179,26,20,-19,-14,-19
20.011719,1,2179,2179,26,20,-19,-14,-19
20.015625,1,2179,2179,26,21,-19,-14,-20
20.019531,1,2179,2179,26,21,-19,-14,-19
20.023438,2,2179,2179,26,21,-19,-14,-19
20.027344,2,2179,2179,26,20,-19,-14,-19
20.031250,2,2179,2179,26,21,-19,-14,-19
20.035156,1,2179,2179,26,21,-19,-14,-19
20.039062,2,2179,2179,26,21,-19,-14,-19
20.042969,2,2179,2179,26,21,-19,-14,-19
20.046875,2,2179,2179,26,21,-19,-14,-19
20.050781,2,2179,2179,26,21,-19,-14,-19
20.054688,2,2179,2179,26,21,-19,-14,-19
20.058594,2,2179,2179,26,21,-19,-14,-19
20.062500,2,2179,2179,26,21,-18,-14,-19
20.066406,1,2179,2179,26,21,-18,-14,-19
20.070312,1,2179,2179,26,21,-18,-14,-19
20.074219,2,2179,2179,26,20,-18,-14,-19
20.078125,2,2179,2179,26,20,-18,-13,-19
20.082031,1,2179,2179,26,21,-23,-14,-19
20.085938,1,2179,2179,26,20,-18,-13,-19
20.089844,2,2179,2179,26,20,-18,-14,-19
20.093750,1,2179,2179,26,20,-19,-13,-19
20.097656,1,2179,2179,26,20,-19,-14,-19
20.101562,1,2179,2179,26,21,-18,-14,-19
20.105469,1,2179,2179,26,21,-18,-14,-19
20.109375,2,2179,2179,26,20,-19,-14,-19
20.113281,2,2179,2179,26,20,-18,-14,-19
20.117188,2,2179,2179,26,20,-18,-14,-19
20.121094,2,2179,2179,26,20,-18,-14,-19
20.125000,3,2179,2179,25,20,-19,-14,-19
20.128906,3,2179,2179,25,20,-19,-14,-19
20.132812,3,2179,2179,26,20,-19,-14,-20
20.136719,3,2179,2179,26,20,-19,-14,-20
20.140625,3,2179,2179,25,20,-19,-14,-19
20.144531,3,2179,2179,26,20,-19,-14,-20
20.148438,3,2179,2179,26,20,-19,-14,-19
20.152344,3,2179,2179,26,20,-19,-14,-19
20.156250,3,2179,2179,26,20,-19,-14,-19
20.160156,3,2179,2179,26,20,-19,-14,-19
20.164062,3,2179,2179,26,20,-18,-14,-19
20.167969,3,2179,2179,26,21,-19,-14,-19
20.171875,4,2179,2179,26,21,-19,-14,-19
20.175781,4,2179,2179,26,20,-18,-14,-19
20.179688,4,2179,2179,26,20,-19,-14,-19
20.183594,4,2179,2179,26,21,-18,-14,-19
20.187500,4,2179,2179,26,21,-18,-14,-19
20.191406,4,2179,2179,26,21,-18,-14,-19
20.195312,4,2179,2179,26,20,-18,-14,-19
20.199219,4,2179,2179,26,21,-18,-14,-19
20.203125,5,2179,2179,26,21,-18,-14,-19
20.207031,5,2179,2179,26,21,-15,-14,-19
20.210938,5,2179,2179,26,21,-18,-14,-19
20.214844,6,2179,2179,26,21,-18,-14,-19
20.218750,6,2179,2179,26,21,-19,-14,-19
20.222656,7,2179,2179,26,21,-19,-14,-19
20.226562,7,2179,2179,26,20,-19,-14,-19
20.230469,7,2179,2179,26,20,-19,-14,-19
20.234375,8,2179,2179,26,21,-19,-14,-19
20.238281,8,2179,2179,26,21,-19,-14,-19
20.242188,9,2179,2179,26,20,-19,-14,-19
20.246094,9,2179,2179,26,20,-19,-14,-19
20.250000,9,2179,2179,26,21,-19,-14,-19
20.253906,10,2179,2179,26,21,-19,-14,-19
20.257812,10,2179,2179,26,21,-19,-14,-19
20.261719,11,2179,2179,26,21,-19,-14,-19
20.265625,11,2179,2179,26,21,-19,-14,-19
20.269531,11,2179,2179,26,21,-19,-14,-19
20.273438,12,2179,2179,26,20,-19,-14,-19
20.277344,13,2179,2179,26,20,-19,-14,-19
20.281250,13,2179,2179,26,20,-19,-14,-19
20.285156,14,2179,2179,26,20,-19,-14,-19
20.289062,15,2179,2179,26,20,-18,-14,-19
20.292969,15,2179,2179,25,20,-18,-14,-19
20.296875,16,2179,2179,25,20,-18,-14,-19
20.300781,16,2179,2179,26,21,-18,-14,-19
20.304688,18,2179,2179,26,20,-18,-14,-19
20.308594,19,2179,2179,25,20,-18,-14,-19
20.312500,19,2179,2179,26,20,-19,-13,-19
20.316406,21,2179,2179,26,21,-18,-13,-19
20.320312,22,2179,2179,26,20,-19,-13,-19
20.324219,23,2179,2179,26,20,-19,-14,-19
20.328125,25,2179,2179,26,20,-19,-14,-19
20.332031,26,2179,2179,26,21,-20,-14,-19
20.335938,27,2179,2179,26,21,-19,-14,-19
20.339844,29,2179,2179,26,21,-19,-14,-19
20.343750,30,2179,2179,26,20,-19,-14,-19
20.347656,32,2179,2179,26,20,-19,-14,-19
20.351562,33,2179,2179,26,20,-19,-14,-19
20.355469,35,2179,2179,26,20,-19,-14,-20
20.359375,36,2179,2179,26,20,-19,-14,-19
20.363281,37,2179,2179,26,20,-19,-14,-19
20.367188,39,2179,2179,26,21,-19,-14,-19
20.371094,41,2179,2179,26,21,-19,-14,-19
20.375000,42,2179,2179,26,20,-19,-14,-19
20.378906,44,2179,2179,26,20,-19,-14,-19
20.382812,45,2179,2179,26,21,-19,-14,-19
20.386719,46,2179,2179,26,21,-18,-14,-19
20.390625,47,2179,2179,26,20,-19,-14,-19
20.394531,48,2179,2179,26,21,-18,-14,-19
20.398438,49,2179,2179,26,21,-18,-14,-19
20.402344,49,2179,2179,26,21,-18,-14,-19
20.406250,50,2179,2179,26,21,-18,-14,-19
20.410156,51,2179,2179,26,21,-19,-13,-19
20.414062,51,2179,2179,26,21,-18,-13,-19
20.417969,52,2179,2179,26,21,-18,-14,-19
20.421875,53,2179,2179,26,21,-18,-14,-19
20.425781,54,2179,2179,26,21,-18,-13,-19
20.429688,55,2179,2179,26,21,-18,-14,-19
20.433594,55,2179,2179,27,21,-18,-14,-19
20.437500,57,2179,2179,26,21,-18,-14,-19
20.441406,58,2179,2179,26,21,-18,-14,-19
20.445312,59,2179,2179,26,20,-18,-14,-19
20.449219,59,2179,2179,26,21,-18,-14,-19
20.453125,60,2179,2179,26,21,-18,-14,-19
20.457031,61,2179,2179,26,20,-18,-14,-19
20.460938,62,2179,2179,26,20,-18,-14,-19
20.464844,62,2179,2179,26,20,-19,-14,-19
20.468750,62,2179,2179,26,20,-18,-14,-19
20.472656,63,2179,2179,26,20,-19,-14,-19
20.476562,64,2179,2179,26,20,-19,-14,-19
20.480469,65,2179,2179,26,20,-19,-14,-19
20.484375,65,2179,2179,26,20,-19,-14,-19
20.488281,66,2179,2179,26,20,-19,-14,-19
20.492188,66,2179,2179,26,20,-19,-14,-19
20.496094,66,2179,2179,25,20,-19,-14,-19
20.500000,67,2179,2179,26,20,-19,-14,-19
20.503906,67,2179,2179,26,20,-19,-14,-19
20.507812,67,2179,2179,25,20,-19,-14,-19
20.511719,67,2179,2179,26,20,-18,-14,-19
20.515625,67,2179,2179,26,20,-19,-14,-19
20.519531,68,2179,2179,26,20,-18,-14,-19
20.523438,68,2179,2179,26,20,-18,-14,-19
20.527344,69,2179,2179,26,20,-18,-14,-19
20.531250,69,2179,2179,26,20,-18,-14,-19
20.535156,70,2179,2179,26,20,-18,-13,-19
20.539062,70,2179,2179,26,20,-18,-13,-19
20.542969,71,2179,2179,26,20,-19,-13,-19
20.546875,71,2179,2179,26,20,-19,-14,-19
20.550781,71,2179,2179,26,20,-19,-14,-19
20.554688,72,2179,2179,26,20,-18,-14,-19
20.558594,73,2179,2179,25,20,-18,-14,-19
20.562500,74,2179,2179,26,20,-19,-14,-19
20.566406,73,2179,2179,26,20,-19,-14,-19
20.570312,74,2179,2179,26,20,-19,-14,-19
20.574219,75,2179,2179,26,20,-19,-14,-19
20.578125,75,2179,2179,26,20,-19,-14,-19
20.582031,75,2179,2179,26,20,-19,-14,-19
20.585938,75,2179,2179,26,20,-19,-14,-20
20.589844,76,2179,2179,26,19,-19,-14,-20
20.593750,75,2179,2179,26,20,-19,-14,-20
20.597656,75,2179,2179,26,20,-19,-14,-19
20.601562,76,2179,2179,26,21,-19,-14,-20
20.605469,76,2179,2179,26,21,-19,-14,-19
20.609375,76,2179,2179,26,20,-19,-14,-19
20.613281,76,2179,2179,27,20,-19,-14,-19
20.617188,75,2179,2179,27,21,-19,-14,-19
20.621094,75,2179,2179,28,21,-19,-14,-19
20.625000,75,2179,2179,29,20,-18,-14,-19
20.628906,75,2179,2179,29,20,-19,-14,-19
20.632812,75,2179,2179,31,21,-19,-14,-19
20.636719,75,2179,2179,32,21,-19,-13,-19
20.640625,76,2179,2179,32,21,-18,-13,-19
20.644531,76,2179,2179,33,21,-19,-13,-19
20.648438,76,2179,2179,34,21,-19,-14,-19
20.652344,76,2179,2179,35,21,-18,-13,-19
20.656250,76,2179,2179,36,21,-18,-14,-19
20.660156,76,2179,2179,37,21,-18,-14,-19
20.664062,76,2179,2179,39,20,-19,-14,-19
20.667969,76,2179,2179,40,21,-19,-14,-19
20.671875,76,2179,2179,41,21,-19,-13,-19
20.675781,76,2179,2179,42,20,-18,-13,-19
20.679688,75,2179,2179,44,20,-18,-13,-19
20.683594,76,2179,2179,46,20,-18,-14,-19
20.687500,76,2179,2179,47,20,-19,-14,-19
20.691406,76,2179,2179,48,20,-19,-14,-19
20.695312,76,2179,2179,49,20,-19,-14,-19
20.699219,76,2179,2179,51,20,-19,-14,-19
20.703125,76,2179,2179,52,20,-19,-14,-19
20.707031,76,2179,2179,54,20,-18,-14,-19
20.710938,76,2179,2179,55,20,-19,-14,-19
20.714844,76,2179,2179,57,19,-19,-14,-20
20.718750,75,2179,2179,59,20,-19,-14,-20
20.722656,76,2179,2179,61,20,-19,-14,-20
20.726562,75,2179,2179,62,20,-19,-14,-19
20.730469,75,2179,2179,63,20,-19,-14,-20
20.734375,75,2179,2179,64,20,-18,-14,-19
20.738281,76,2179,2179,66,20,-19,-14,-19
20.742188,76,2179,2179,67,20,-18,-14,-19
20.746094,76,2179,2179,69,20,-18,-13,-19
20.750000,76,2179,2179,71,20,-18,-13,-19
20.753906,76,2179,2179,73,20,-18,-13,-19
20.757812,76,2179,2179,75,20,-18,-13,-19
20.761719,76,2179,2179,76,20,-18,-13,-19
20.765625,75,2179,2179,77,21,-18,-13,-19
20.769531,75,2179,2179,77,21,-18,-14,-19
20.773438,75,2179,2179,77,21,-18,-13,-19
20.777344,75,2179,2179,77,21,-19,-14,-19
20.781250,75,2179,2179,78,21,-18,-14,-19
20.785156,75,2179,2179,79,21,-18,-14,-19
20.789062,76,2179,2179,80,21,-18,-14,-19
20.792969,76,2179,2179,81,20,-18,-14,-19
20.796875,76,2179,2179,82,21,-19,-14,-19
20.800781,76,2179,2179,84,21,-19,-14,-19
20.804688,76,2179,2179,85,21,-18,-14,-19
20.808594,76,2179,2179,85,21,-19,-14,-19
20.812500,76,2179,2179,86,21,-19,-14,-19
20.816406,75,2179,2179,87,21,-19,-14,-19
20.820312,75,2179,2179,88,21,-19,-14,-19
20.824219,76,2179,2179,88,21,-19,-14,-19
20.828125,75,2179,2179,90,21,-19,-14,-19
20.832031,75,2179,2179,91,21,-19,-14,-19
20.835938,75,2179,2179,93,21,-19,-14,-19
20.839844,75,2179,2179,93,20,-19,-14,-19
20.843750,75,2179,2179,94,21,-18,-14,-19
20.847656,75,2179,2179,96,20,-19,-14,-19
20.851562,74,2179,2179,96,21,-18,-14,-19
20.855469,74,2179,2179,96,21,-18,-14,-19
20.859375,75,2179,2179,96,21,-18,-14,-19
20.863281,74,2179,2179,96,21,-18,-14,-19
20.867188,74,2179,2179,97,21,-18,-14,-19
20.871094,74,2179,2179,97,21,-19,-14,-19
20.875000,75,2179,2179,97,21,-19,-14,-19
20.878906,74,2179,2179,98,21,-18,-14,-19
20.882812,74,2179,2179,98,21,-18,-14,-19
20.886719,74,2179,2179,99,21,-18,-14,-19
20.890625,75,2179,2179,99,20,-18,-14,-19
20.894531,75,2179,2179,100,20,-18,-14,-19
20.898438,75,2179,2179,101,20,-18,-14,-19
20.902344,75,2179,2179,101,20,-18,-14,-19
20.906250,75,2179,2179,101,20,-19,-14,-19
20.910156,75,2179,2179,102,20,-19,-14,-19
20.914062,75,2179,2179,102,20,-19,-14,-20
20.917969,74,2179,2179,102,20,-19,-14,-20
20.921875,75,2179,2179,103,20,-19,-14,-19
20.925781,74,2179,2179,102,20,-19,-14,-20
20.929688,74,2179,2179,102,20,-19,-14,-20
20.933594,74,2179,2179,104,21,-19,-14,-20
20.937500,74,2179,2179,104,20,-19,-14,-20
20.941406,74,2179,2179,105,20,-19,-14,-20
20.945312,74,2179,2179,106,20,-19,-14,-19
20.949219,73,2179,2179,107,21,-19,-14,-19
20.953125,73,2179,2179,108,21,-19,-14,-19
20.957031,73,2179,2179,107,20,-18,-14,-19
20.960938,73,2179,2179,108,20,-18,-14,-19
20.964844,73,2179,2179,108,20,-18,-14,-19
20.968750,73,2179,2179,108,21,-18,-14,-19
20.972656,73,2179,2179,108,21,-18,-14,-19
20.976562,73,2179,2179,107,20,-18,-14,-19
20.980469,73,2179,2179,108,20,-19,-14,-19
20.984375,73,2179,2179,109,21,-18,-14,-19
20.988281,74,2179,2179,109,21,-18,-14,-19
20.992188,74,2179,2179,109,20,-18,-14,-19
20.996094,73,2179,2179,110,20,-18,-14,-19
21.000000,73,2179,2179,110,21,-18,-14,-20
21.003906,74,2179,2179,111,21,-18,-14,-19
21.007812,74,2179,2179,110,20,-19,-14,-19
21.011719,74,2179,2179,111,20,-18,-14,-20
21.015625,74,2179,2179,111,20,-19,-14,-20
21.019531,74,2179,2179,111,20,-19,-14,-20
21.023438,74,2179,2179,111,21,-19,-14,-20
21.027344,73,2179,2179,111,20,-19,-14,-20
21.031250,73,2179,2179,112,20,-19,-14,-19
21.035156,73,2179,2179,112,21,-19,-14,-20
21.039062,73,2179,2179,112,21,-19,-14,-19
21.042969,73,2179,2179,113,21,-19,-14,-19
21.046875,72,2179,2179,113,21,-19,-14,-19
21.050781,72,2179,2179,114,21,-19,-14,-19
21.054688,72,2179,2179,115,21,-19,-14,-20
21.058594,72,2179,2179,116,20,-19,-14,-19
21.062500,72,2179,2179,116,20,-19,-14,-19
21.066406,72,2179,2179,117,20,-19,-14,-19
21.070312,72,2179,2179,117,20,-19,-14,-19
21.074219,72,2179,2179,116,20,-18,-14,-19
21.078125,72,2179,2179,116,20,-18,-13,-19
21.082031,72,2179,2179,117,21,-19,-14,-19
21.085938,72,2179,2179,117,21,-19,-13,-19
21.089844,72,2179,2179,116,21,-18,-14,-19
21.093750,72,2179,2179,117,20,-19,-14,-19
21.097656,72,2179,2179,117,20,-19,-14,-19
21.101562,72,2179,2179,119,20,-19,-14,-19
21.105469,72,2179,2179,119,20,-18,-14,-19
21.109375,72,2179,2179,119,20,-18,-14,-19
21.113281,72,2179,2179,119,20,-18,-14,-19
21.117188,72,2179,2179,119,20,-18,-14,-19
21.121094,73,2179,2179,119,20,-18,-14,-19
21.125000,73,2179,2179,118,19,-19,-14,-19
21.128906,73,2179,2179,118,19,-19,-14,-20
21.132812,73,2179,2179,119,20,-19,-14,-20
21.136719,73,2179,2179,119,20,-19,-14,-20
21.140625,73,2179,2179,119,20,-19,-14,-20
21.144531,73,2179,2179,120,20,-19,-14,-20
21.148438,73,2179,2179,120,20,-19,-14,-20
21.152344,73,2179,2179,121,20,-19,-14,-20
21.156250,73,2179,2179,121,20,-19,-14,-19
21.160156,73,2179,2179,121,20,-19,-14,-19
21.164062,73,2179,2179,121,20,-19,-14,-19
21.167969,73,2179,2179,121,21,-19,-14,-19
21.171875,73,2179,2179,122,21,-18,-14,-20
21.175781,73,2179,2179,121,20,-18,-14,-19
21.179688,73,2179,2179,121,20,-19,-14,-19
21.183594,73,2179,2179,121,21,-18,-14,-19
21.187500,72,2179,2179,122,21,-18,-14,-19
21.191406,73,2179,2179,121,21,-18,-14,-19
21.195312,73,2179,2179,122,21,-18,-14,-19
21.199219,73,2179,2179,122,21,-18,-14,-19
21.203125,73,2179,2179,123,21,-18,-14,-19
21.207031,73,2179,2179,123,21,-18,-14,-19
21.210938,73,2179,2179,123,21,-18,-14,-19
21.214844,72,2179,2179,124,21,-18,-14,-19
21.218750,72,2179,2179,124,21,-18,-14,-19
21.222656,72,2179,2179,124,21,-18,-13,-19
21.226562,72,2179,2179,125,21,-19,-13,-19
21.230469,71,2179,2179,125,21,-18,-13,-19
21.234375,71,2179,2179,125,21,-18,-14,-19
21.238281,72,2179,2179,125,21,-18,-13,-19
21.242188,72,2179,2179,124,21,-18,-13,-19
21.246094,72,2179,2179,124,21,-19,-14,-19
21.250000,72,2179,2179,125,21,-19,-14,-19
21.253906,72,2179,2179,125,21,-19,-14,-19
21.257812,73,2179,2179,125,20,-18,-14,-19
21.261719,73,2179,2179,125,20,-19,-14,-19
21.265625,72,2179,2179,125,21,-19,-14,-20
21.269531,72,2179,2179,125,20,-19,-14,-19
21.273438,72,2179,2179,125,20,-19,-14,-20
21.277344,72,2179,2179,125,20,-19,-14,-20
21.281250,71,2179,2179,126,20,-19,-14,-19
21.285156,71,2179,2179,126,20,-19,-14,-19
21.289062,72,2179,2179,126,20,-19,-14,-19
21.292969,72,2179,2179,127,20,-19,-14,-19
21.296875,72,2179,2179,127,20,-19,-14,-19
21.300781,72,2179,2179,127,20,-19,-14,-19
21.304688,73,2179,2179,127,20,-19,-14,-19
21.308594,73,2179,2179,127,20,-19,-14,-19
21.312500,73,2179,2179,127,20,-19,-13,-19
21.316406,72,2179,2179,127,20,-19,-14,-19
21.320312,72,2179,2179,127,20,-18,-14,-19
21.324219,73,2179,2179,128,20,-18,-14,-19
21.328125,72,2179,2179,128,20,-18,-14,-19
21.332031,72,2179,2179,129,21,-19,-14,-19
21.335938,72,2179,2179,129,21,-19,-14,-19
21.339844,73,2179,2179,129,21,-19,-14,-19
21.343750,73,2179,2179,129,20,-19,-14,-19
21.347656,73,2179,2179,129,20,-19,-14,-19
21.351562,74,2179,2179,129,20,-19,-14,-19
21.355469,74,2179,2179,129,20,-19,-14,-19
21.359375,74,2179,2179,129,20,-19,-14,-19
21.363281,73,2179,2179,129,20,-19,-14,-19
21.367188,73,2179,2179,129,20,-19,-14,-20
21.371094,74,2179,2179,130,20,-19,-14,-19
21.375000,74,2179,2179,130,20,-19,-14,-19
21.378906,74,2179,2179,130,20,-19,-14,-19
21.382812,73,2179,2179,131,21,-19,-14,-19
21.386719,74,2179,2179,131,21,-19,-14,-19
21.390625,74,2179,2179,131,20,-19,-14,-19
21.394531,74,2179,2179,131,21,-19,-14,-19
21.398438,74,2179,2179,132,21,-19,-14,-19
21.402344,74,2179,2179,132,21,-19,-14,-19
21.406250,74,2179,2179,131,21,-19,-14,-19
21.410156,74,2179,2179,131,21,-19,-14,-19
21.414062,74,2179,2179,132,21,-18,-13,-19
21.417969,74,2179,2179,132,21,-18,-14,-19
21.421875,74,2179,2179,133,21,-18,-14,-19
21.425781,74,2179,2179,133,21,-18,-14,-19
21.429688,74,2179,2179,133,21,-18,-14,-19
21.433594,74,2179,2179,134,21,-18,-14,-19
21.437500,74,2179,2179,134,21,-18,-14,-19
21.441406,74,2179,2179,134,21,-18,-14,-19
21.445312,74,2179,2179,133,21,-18,-13,-19
21.449219,73,2179,2179,133,21,-19,-14,-19
21.453125,73,2179,2179,133,21,-18,-14,-19
21.457031,74,2179,2179,133,20,-18,-14,-19
21.460938,74,2179,2179,133,20,-18,-14,-19
21.464844,74,2179,2179,134,20,-19,-14,-19
21.468750,74,2179,2179,134,20,-19,-14,-20
21.472656,74,2179,2179,134,20,-19,-14,-20
21.476562,74,2179,2179,135,20,-19,-14,-19
21.480469,73,2179,2179,135,20,-19,-14,-19
21.484375,73,2179,2179,136,21,-19,-14,-20
21.488281,73,2179,2179,135,21,-19,-14,-20
21.492188,73,2179,2179,135,20,-19,-14,-19
21.496094,73,2179,2179,135,20,-19,-14,-20
21.500000,73,2179,2179,135,21,-19,-14,-19
21.503906,73,2179,2179,135,21,-19,-14,-19
21.507812,73,2179,2179,135,20,-18,-15,-19
21.511719,73,2179,2179,136,20,-18,-14,-19
21.515625,72,2179,2179,136,20,-19,-14,-19
21.519531,72,2179,2179,136,20,-18,-14,-19
21.523438,72,2179,2179,136,20,-18,-14,-19
21.527344,72,2179,2179,136,20,-18,-14,-19
21.531250,72,2179,2179,136,20,-18,-14,-19
21.535156,72,2179,2179,136,20,-18,-13,-19
21.539062,72,2179,2179,136,20,-18,-13,-19
21.542969,72,2179,2179,136,20,-18,-13,-19
21.546875,72,2179,2179,136,20,-18,-13,-19
21.550781,72,2179,2179,137,20,-18,-14,-19
21.554688,72,2179,2179,137,20,-18,-14,-20
21.558594,72,2179,2179,137,20,-18,-13,-19
21.562500,72,2179,2179,137,20,-18,-13,-19
21.566406,71,2179,2179,137,20,-18,-14,-19
21.570312,72,2179,2179,137,20,-18,-13,-19
21.574219,72,2179,2179,137,20,-18,-14,-19
21.578125,72,2179,2179,136,20,-18,-14,-19
21.582031,72,2179,2179,137,20,-19,-14,-19
21.585938,72,2179,2179,137,20,-19,-14,-19
21.589844,72,2179,2179,137,20,-19,-14,-19
21.593750,72,2179,2179,137,20,-19,-14,-19
21.597656,72,2179,2179,137,20,-19,-14,-20
21.601562,72,2179,2179,137,21,-19,-14,-20
21.605469,72,2179,2179,138,21,-19,-14,-19
21.609375,72,2179,2179,138,21,-18,-14,-19
21.613281,72,2179,2179,138,21,-19,-14,-19
21.617188,72,2179,2179,139,21,-19,-14,-19
21.621094,72,2179,2179,139,21,-19,-14,-19
21.625000,72,2179,2179,139,20,-19,-14,-19
21.628906,71,2179,2179,139,20,-19,-14,-19
21.632812,70,2179,2179,140,21,-19,-14,-19
21.636719,70,2179,2179,140,21,-18,-14,-19
21.640625,70,2179,2179,139,21,-18,-14,-19
21.644531,70,2179,2179,139,21,-19,-14,-19
21.648438,69,2179,2179,139,21,-18,-14,-19
21.652344,69,2179,2179,139,21,-18,-13,-19
21.656250,69,2179,2179,139,21,-18,-13,-19
21.660156,69,2179,2179,139,20,-19,-13,-19
21.664062,69,2179,2179,139,21,-18,-14,-19
21.667969,68,2179,2179,139,21,-19,-14,-19
21.671875,68,2179,2179,140,21,-18,-13,-19
21.675781,68,2179,2179,139,20,-18,-14,-19
21.679688,67,2179,2179,139,20,-18,-14,-19
21.683594,66,2179,2179,140,20,-18,-14,-19
21.687500,66,2179,2179,140,20,-18,-14,-19
21.691406,66,2179,2179,140,20,-18,-14,-19
21.695312,66,2179,2179,140,20,-19,-14,-19
21.699219,65,2179,2179,140,20,-19,-14,-19
21.703125,64,2179,2179,140,20,-19,-14,-19
21.707031,64,2179,2179,140,20,-19,-14,-19
21.710938,63,2179,2179,140,20,-19,-14,-19
21.714844,62,2179,2179,140,20,-19,-14,-19
21.718750,61,2179,2179,141,20,-19,-14,-19
21.722656,61,2179,2179,141,20,-19,-14,-19
21.726562,60,2179,2179,141,20,-19,-14,-19
21.730469,59,2179,2179,142,20,-19,-14,-19
21.734375,58,2179,2179,143,20,-19,-14,-19
21.738281,57,2179,2179,143,20,-19,-14,-19
21.742188,57,2179,2179,143,20,-18,-14,-19
21.746094,55,2179,2179,143,20,-18,-14,-19
21.750000,55,2179,2179,142,20,-18,-14,-19
21.753906,54,2179,2179,142,21,-18,-13,-19
21.757812,54,2179,2179,141,20,-18,-13,-19
21.761719,53,2179,2179,141,20,-18,-14,-19
21.765625,52,2179,2179,141,21,-18,-13,-19
21.769531,51,2179,2179,142,20,-18,-14,-19
21.773438,51,2179,2179,142,20,-18,-14,-19
21.777344,50,2179,2179,142,20,-18,-14,-19
21.781250,49,2179,2179,143,20,-18,-14,-19
21.785156,48,2179,2179,143,21,-18,-14,-19
21.789062,47,2179,2179,144,21,-18,-13,-19
21.792969,47,2179,2179,143,20,-18,-14,-19
21.796875,45,2179,2179,143,20,-19,-14,-19
21.800781,45,2179,2179,143,20,-19,-14,-19
21.804688,44,2179,2179,143,21,-19,-14,-19
21.808594,42,2179,2179,143,20,-19,-14,-19
21.812500,41,2179,2179,143,20,-19,-14,-19
21.816406,39,2179,2179,143,21,-19,-14,-19
21.820312,37,2179,2179,143,21,-19,-14,-19
21.824219,36,2179,2179,142,21,-19,-14,-19
21.828125,34,2179,2179,142,20,-19,-14,-19
21.832031,32,2179,2179,141,21,-19,-14,-19
21.835938,30,2179,2179,138,21,-19,-14,-19
21.839844,29,2179,2179,133,21,-19,-14,-19
21.843750,27,2179,2179,126,21,-19,-14,-19
21.847656,25,2179,2179,115,21,-19,-14,-19
21.851562,23,2179,2179,100,21,-19,-14,-19
21.855469,22,2179,2179,82,21,-19,-14,-19
21.859375,21,2179,2179,64,21,-19,-14,-19
21.863281,19,2179,2179,48,21,-19,-14,-19
21.867188,18,2179,2179,35,21,-18,-14,-19
21.871094,17,2179,2179,27,21,-18,-14,-19
21.875000,16,2179,2179,24,21,-18,-13,-19
21.878906,16,2179,2179,23,20,-18,-13,-19
21.882812,15,2179,2179,26,21,-18,-13,-19
21.886719,14,2179,2179,27,21,-18,-13,-19
21.890625,13,2179,2179,28,20,-18,-13,-19
21.894531,12,2179,2179,29,20,-18,-13,-19
21.898438,11,2179,2179,28,21,-18,-13,-19
21.902344,11,2179,2179,27,21,-18,-14,-19
21.906250,10,2179,2179,25,21,-18,-13,-19
21.910156,10,2179,2179,24,20,-18,-13,-19
21.914062,9,2179,2179,24,20,-19,-14,-19
21.917969,9,2179,2179,25,20,-19,-14,-20
21.921875,9,2179,2179,25,20,-19,-14,-19
21.925781,8,2179,2179,26,20,-19,-14,-20
21.929688,8,2179,2179,26,20,-19,-14,-20
21.933594,7,2179,2179,27,20,-19,-14,-20
21.937500,7,2179,2179,26,20,-19,-14,-19
21.941406,7,2179,2179,26,20,-19,-14,-20
21.945312,6,2179,2179,25,20,-18,-14,-19
21.949219,5,2179,2179,25,20,-18,-14,-19
21.953125,5,2179,2179,26,20,-18,-14,-19
21.957031,5,2179,2179,25,20,-19,-14,-19
21.960938,4,2179,2179,26,20,-19,-14,-19
21.964844,3,2179,2179,26,20,-19,-14,-19
21.968750,3,2179,2179,26,20,-19,-14,-19
21.972656,3,2179,2179,26,21,-19,-14,-19
21.976562,3,2179,2179,26,20,-18,-14,-19
21.980469,3,2179,2179,26,20,-18,-14,-19
21.984375,3,2179,2179,26,21,-18,-13,-19
21.988281,3,2179,2179,26,20,-18,-14,-19
21.992188,3,2179,2179,26,20,-18,-13,-19
21.996094,2,2179,2179,26,20,-18,-14,-19
22.000000,2,2179,2179,26,20,-18,-14,-19
22.003906,2,2179,2179,26,21,-18,-14,-19
22.007812,2,2179,2179,26,20,-19,-13,-19
22.011719,2,2179,2179,26,20,-18,-14,-19
22.015625,2,2179,2179,26,21,-24,-14,-19
22.019531,2,2179,2179,26,21,-18,-14,-19
22.023438,2,2179,2179,26,20,-18,-14,-19
22.027344,2,2179,2179,26,20,-19,-14,-19
22.031250,2,2179,2179,26,20,-19,-14,-19
22.035156,1,2179,2179,26,21,-19,-14,-20
22.039062,1,2179,2179,26,20,-19,-14,-19
22.042969,1,2179,2179,26,20,-19,-14,-20
22.046875,1,2179,2179,26,21,-19,-14,-19
22.050781,1,2179,2179,26,21,-19,-14,-19
22.054688,1,2179,2179,26,21,-19,-14,-20
22.058594,2,2179,2179,26,21,-19,-14,-19
22.062500,2,2179,2179,26,21,-19,-14,-19
22.066406,2,2179,2179,26,21,-19,-13,-19
22.070312,2,2179,2179,26,21,-19,-13,-19
22.074219,2,2179,2179,26,21,-19,-14,-19
22.078125,2,2179,2179,26,20,-19,-14,-19
22.082031,2,2179,2179,26,21,-19,-14,-19
22.085938,3,2179,2179,26,21,-18,-13,-19
22.089844,3,2179,2179,26,20,-18,-13,-19
22.093750,4,2179,2179,26,20,-18,-13,-19
22.097656,4,2179,2179,26,20,-18,-13,-19
22.101562,4,2179,2179,26,20,-18,-13,-19
22.105469,4,2179,2179,26,20,-18,-14,-19
22.109375,5,2179,2179,25,20,-18,-14,-19
22.113281,5,2179,2179,25,20,-19,-14,-19
22.117188,5,2179,2179,26,20,-19,-14,-19
22.121094,5,2179,2179,26,20,-19,-14,-19
22.125000,5,2179,2179,25,20,-19,-13,-19
22.128906,5,2179,2179,25,20,-19,-14,-19
22.132812,5,2179,2179,26,20,-19,-14,-19
22.136719,5,2179,2179,26,20,-19,-14,-19
22.140625,6,2179,2179,25,20,-13,-14,-20
22.144531,5,2179,2179,25,20,-19,-14,-19
22.148438,5,2179,2179,26,20,-19,-14,-20
22.152344,5,2179,2179,26,20,-19,-14,-20
22.156250,5,2179,2179,26,20,-19,-14,-20
22.160156,5,2179,2179,26,20,-19,-14,-20
22.164062,4,2179,2179,26,20,-19,-14,-20
22.167969,4,2179,2179,26,21,-19,-14,-19
22.171875,4,2179,2179,26,21,-19,-14,-20
22.175781,4,2179,2179,26,21,-19,-14,-19
22.179688,4,2179,2179,26,21,-19,-14,-19
22.183594,4,2179,2179,26,21,-19,-14,-19
22.187500,4,2179,2179,26,21,-19,-14,-19
22.191406,4,2179,2179,26,21,-19,-14,-19
22.195312,3,2179,2179,26,21,-19,-14,-19
22.199219,3,2179,2179,26,21,-18,-14,-19
22.203125,3,2179,2179,26,21,-18,-14,-19
22.207031,4,2179,2179,26,21,-18,-13,-19
22.210938,4,2179,2179,26,20,-19,-14,-19
22.214844,3,2179,2179,26,20,-19,-14,-19
22.218750,3,2179,2179,26,21,-19,-14,-19
22.222656,4,2179,2179,26,21,-19,-13,-19
22.226562,4,2179,2179,26,20,-18,-13,-19
22.230469,4,2179,2179,26,20,-19,-13,-19
22.234375,4,2179,2179,26,21,-18,-13,-19
22.238281,4,2179,2179,26,21,-18,-13,-19
22.242188,4,2179,2179,26,20,-18,-13,-19
22.246094,4,2179,2179,26,20,-18,-14,-19
22.250000,4,2179,2179,26,20,-18,-14,-19
22.253906,3,2179,2179,26,21,-18,-14,-19
22.257812,4,2179,2179,26,20,-19,-14,-19
22.261719,4,2179,2179,26,20,-19,-14,-19
22.265625,3,2179,2179,26,21,-24,-14,-19
22.269531,4,2179,2179,26,21,-18,-14,-19
22.273438,4,2179,2179,26,20,-18,-14,-19
22.277344,4,2179,2179,26,20,-19,-14,-19
22.281250,4,2179,2179,26,20,-19,-14,-19
22.285156,4,2179,2179,26,20,-19,-14,-20
22.289062,4,2179,2179,26,20,-19,-14,-19
22.292969,4,2179,2179,26,20,-19,-14,-19
22.296875,4,2179,2179,25,20,-19,-14,-19
22.300781,4,2179,2179,26,20,-19,-14,-19
22.304688,4,2179,2179,26,20,-19,-14,-19
22.308594,4,2179,2179,26,20,-18,-14,-19
22.312500,4,2179,2179,26,20,-18,-14,-19
22.316406,4,2179,2179,26,20,-18,-14,-19
22.320312,4,2179,2179,26,21,-18,-14,-19
22.324219,4,2179,2179,26,20,-18,-14,-19
22.328125,5,2179,2179,26,20,-18,-14,-19
22.332031,5,2179,2179,26,20,-18,-14,-19
22.335938,5,2179,2179,26,20,-18,-14,-19
22.339844,6,2179,2179,26,21,-18,-14,-19
22.343750,6,2179,2179,26,20,-18,-14,-19
22.347656,6,2179,2179,26,20,-19,-14,-19
22.351562,6,2179,2179,26,20,-18,-14,-19
22.355469,6,2179,2179,26,21,-19,-14,-19
22.359375,7,2179,2179,26,20,-19,-14,-19
22.363281,6,2179,2179,26,20,-19,-14,-19
22.367188,6,2179,2179,26,21,-19,-14,-20
22.371094,7,2179,2179,26,21,-19,-14,-19
22.375000,6,2179,2179,26,20,-19,-14,-19
22.378906,7,2179,2179,26,20,-19,-14,-19
22.382812,6,2179,2179,26,21,-19,-14,-19
22.386719,6,2179,2179,26,21,-19,-14,-19
22.390625,7,2179,2179,26,20,-15,-14,-19
22.394531,7,2179,2179,26,20,-19,-14,-19
22.398438,6,2179,2179,26,20,-19,-14,-19
22.402344,6,2179,2179,26,20,-19,-14,-19
22.406250,6,2179,2179,26,21,-19,-14,-19
22.410156,6,2179,2179,26,20,-19,-14,-19
22.414062,5,2179,2179,26,21,-19,-14,-19
22.417969,5,2179,2179,26,21,-19,-14,-19
22.421875,5,2179,2179,26,21,-18,-14,-19
22.425781,5,2179,2179,26,21,-18,-14,-19
22.429688,5,2179,2179,26,20,-18,-14,-19
22.433594,5,2179,2179,26,21,-18,-14,-19
22.437500,5,2179,2179,26,21,-18,-14,-19
22.441406,6,2179,2179,26,20,-18,-14,-19
22.445312,6,2179,2179,26,20,-18,-14,-19
22.449219,5,2179,2179,26,21,-19,-14,-19
22.453125,5,2179,2179,26,21,-18,-14,-19
22.457031,5,2179,2179,25,20,-19,-14,-19
22.460938,5,2179,2179,25,20,-19,-14,-19
22.464844,5,2179,2179,26,20,-18,-14,-19
22.468750,5,2179,2179,26,20,-18,-14,-19
22.472656,5,2179,2179,26,20,-18,-14,-19
22.476562,5,2179,2179,25,20,-19,-14,-19
22.480469,5,2179,2179,25,20,-18,-14,-19
22.484375,4,2179,2179,26,20,-19,-14,-20
22.488281,4,2179,2179,26,21,-19,-14,-19
22.492188,4,2179,2179,26,21,-19,-14,-19
22.496094,3,2179,2179,26,21,-19,-14,-19
22.500000,4,2179,2179,26,21,-19,-14,-19
22.503906,4,2179,2179,26,21,-19,-14,-19
22.507812,4,2179,2179,26,20,-19,-14,-19
22.511719,4,2179,2179,26,20,-19,-14,-20
22.515625,3,2179,2179,26,21,-20,-14,-19
22.519531,3,2179,2179,26,21,-18,-14,-20
22.523438,3,2179,2179,26,21,-18,-14,-19
22.527344,3,2179,2179,26,20,-18,-14,-19
22.531250,3,2179,2179,26,20,-19,-13,-19
22.535156,3,2179,2179,26,21,-18,-14,-19
22.539062,3,2179,2179,26,21,-18,-14,-19
22.542969,3,2179,2179,26,20,-18,-13,-19
22.546875,3,2179,2179,26,20,-18,-13,-19
22.550781,3,2179,2179,26,20,-18,-14,-19
22.554688,4,2179,2179,26,20,-18,-14,-19
22.558594,4,2179,2179,26,20,-18,-14,-19
22.562500,4,2179,2179,26,20,-18,-14,-19
22.566406,4,2179,2179,26,20,-18,-14,-19
22.570312,4,2179,2179,26,20,-18,-14,-19
22.574219,4,2179,2179,26,20,-18,-14,-19
22.578125,4,2179,2179,26,20,-19,-13,-19
22.582031,4,2179,2179,26,20,-18,-13,-19
22.585938,4,2179,2179,26,20,-18,-13,-19
22.589844,5,2179,2179,26,20,-19,-14,-19
22.593750,5,2179,2179,26,20,-19,-13,-19
22.597656,5,2179,2179,26,20,-18,-14,-19
22.601562,5,2179,2179,26,21,-19,-14,-19
22.605469,5,2179,2179,26,21,-18,-14,-20
22.609375,5,2179,2179,26,21,-19,-14,-20
22.613281,5,2179,2179,26,21,-19,-14,-19
22.617188,5,2179,2179,26,21,-19,-14,-19
22.621094,5,2179,2179,26,21,-19,-14,-19
22.625000,5,2179,2179,26,20,-19,-14,-20
22.628906,5,2179,2179,26,20,-19,-14,-20
22.632812,5,2179,2179,26,21,-19,-14,-19
22.636719,5,2179,2179,26,21,-19,-14,-19
22.640625,5,2179,2179,26,21,-17,-14,-19
22.644531,5,2179,2179,26,21,-19,-14,-19
22.648438,5,2179,2179,26,21,-18,-14,-19
22.652344,5,2179,2179,26,21,-19,-14,-19
22.656250,5,2179,2179,26,21,-19,-13,-19
22.660156,5,2179,2179,26,21,-19,-13,-19
22.664062,5,2179,2179,26,20,-19,-14,-19
22.667969,5,2179,2179,26,21,-18,-14,-19
22.671875,5,2179,2179,26,21,-18,-14,-19
22.675781,5,2179,2179,26,20,-18,-14,-19
22.679688,5,2179,2179,26,20,-19,-14,-19
22.683594,5,2179,2179,26,20,-19,-14,-19
22.687500,5,2179,2179,26,20,-18,-14,-19
22.691406,5,2179,2179,25,20,-19,-13,-19
22.695312,5,2179,2179,25,20,-19,-14,-19
22.699219,5,2179,2179,26,20,-18,-14,-19
22.703125,5,2179,2179,26,20,-19,-14,-19
22.707031,5,2179,2179,25,20,-19,-14,-20
22.710938,5,2179,2179,25,20,-19,-14,-19
22.714844,4,2179,2179,26,20,-19,-14,-20
22.718750,4,2179,2179,26,20,-19,-14,-19
22.722656,4,2179,2179,26,20,-19,-14,-20
22.726562,4,2179,2179,25,20,-19,-14,-19
22.730469,4,2179,2179,25,20,-19,-14,-20
22.734375,4,2179,2179,26,20,-19,-14,-19
22.738281,4,2179,2179,26,20,-19,-14,-20
22.742188,4,2179,2179,26,20,-19,-14,-19
22.746094,4,2179,2179,26,20,-19,-14,-19
22.750000,3,2179,2179,26,20,-19,-14,-19
22.753906,3,2179,2179,26,21,-19,-13,-19
22.757812,3,2179,2179,26,20,-18,-13,-19
22.761719,3,2179,2179,26,20,-19,-13,-19
22.765625,3,2179,2179,26,21,-19,-13,-19
22.769531,3,2179,2179,26,21,-18,-14,-19
22.773438,3,2179,2179,26,20,-18,-13,-19
22.777344,3,2179,2179,26,20,-18,-14,-19
22.781250,3,2179,2179,26,20,-18,-13,-19
22.785156,3,2179,2179,27,21,-18,-14,-19
22.789062,4,2179,2179,26,21,-19,-14,-19
22.792969,4,2179,2179,26,21,-19,-14,-19
22.796875,4,2179,2179,26,21,-19,-14,-19
22.800781,4,2179,2179,26,21,-19,-14,-19
22.804688,5,2179,2179,26,21,-18,-14,-19
22.808594,5,2179,2179,26,20,-18,-14,-19
22.812500,5,2179,2179,26,20,-18,-14,-19
22.816406,5,2179,2179,26,21,-19,-14,-19
22.820312,5,2179,2179,26,21,-18,-14,-19
22.824219,5,2179,2179,26,21,-19,-14,-20
22.828125,5,2179,2179,26,20,-19,-14,-20
22.832031,5,2179,2179,26,21,-19,-14,-19
22.835938,5,2179,2179,26,21,-19,-14,-20
22.839844,5,2179,2179,26,21,-19,-14,-20
22.843750,6,2179,2179,26,20,-19,-14,-19
22.847656,5,2179,2179,26,20,-19,-14,-19
22.851562,5,2179,2179,26,20,-19,-14,-19
22.855469,5,2179,2179,26,21,-19,-14,-19
22.859375,6,2179,2179,26,20,-19,-14,-19
22.863281,5,2179,2179,26,20,-19,-14,-19
22.867188,5,2179,2179,26,21,-18,-14,-19
22.871094,6,2179,2179,26,21,-18,-14,-19
22.875000,5,2179,2179,26,21,-18,-13,-19
22.878906,5,2179,2179,26,20,-18,-14,-19
22.882812,5,2179,2179,26,21,-18,-13,-19
22.886719,5,2179,2179,26,21,-18,-14,-19
22.890625,5,2179,2179,26,20,-18,-13,-19
22.894531,5,2179,2179,26,20,-18,-13,-19
22.898438,4,2179,2179,26,19,-19,-13,-19
22.902344,4,2179,2179,26,21,-18,-14,-19
22.906250,5,2179,2179,26,20,-18,-13,-19
22.910156,5,2179,2179,26,20,-18,-14,-19
22.914062,4,2179,2179,26,20,-19,-14,-19
22.917969,4,2179,2179,26,20,-18,-14,-19
22.921875,5,2179,2179,26,20,-19,-14,-19
22.925781,5,2179,2179,26,20,-19,-14,-19
22.929688,4,2179,2179,25,20,-19,-14,-19
22.933594,4,2179,2179,26,20,-19,-14,-19
22.937500,4,2179,2179,26,20,-19,-14,-19
22.941406,5,2179,2179,25,20,-19,-14,-19
22.945312,5,2179,2179,25,20,-19,-14,-19
22.949219,4,2179,2179,26,20,-19,-14,-19
22.953125,4,2179,2179,26,21,-19,-14,-19
22.957031,5,2179,2179,26,20,-19,-14,-19
22.960938,5,2179,2179,26,20,-19,-14,-19
22.964844,4,2179,2179,26,20,-19,-14,-19
22.968750,4,2179,2179,26,21,-19,-14,-19
22.972656,5,2179,2179,26,21,-19,-14,-19
22.976562,5,2179,2179,26,20,-18,-14,-19
22.980469,5,2179,2179,26,20,-18,-14,-19
22.984375,5,2179,2179,26,21,-18,-14,-19
22.988281,5,2179,2179,26,21,-18,-14,-19
22.992188,5,2179,2179,26,20,-18,-14,-19
22.996094,6,2179,2179,26,20,-18,-14,-19
23.000000,6,2179,2179,26,20,-18,-14,-19
23.003906,6,2179,2179,26,21,-18,-14,-19
23.007812,7,2179,2179,26,20,-18,-14,-19
23.011719,7,2179,2179,26,20,-18,-14,-19
23.015625,8,2179,2179,26,21,-19,-14,-19
23.019531,8,2179,2179,26,20,-19,-13,-19
23.023438,9,2179,2179,26,20,-18,-14,-19
23.027344,9,2179,2179,26,20,-19,-14,-19
23.031250,9,2179,2179,27,20,-18,-14,-19
23.035156,9,2179,2179,26,20,-19,-14,-19
23.039062,10,2179,2179,26,20,-19,-14,-20
23.042969,10,2179,2179,26,20,-19,-14,-19
23.046875,10,2179,2179,26,21,-19,-14,-19
23.050781,10,2179,2179,26,21,-19,-14,-19
23.054688,11,2179,2179,26,21,-19,-14,-19
23.058594,11,2179,2179,26,21,-19,-14,-19
23.062500,12,2179,2179,26,21,-19,-14,-19
23.066406,12,2179,2179,27,21,-19,-14,-19
23.070312,12,2179,2179,27,21,-19,-14,-19
23.074219,13,2179,2179,26,21,-19,-14,-19
23.078125,13,2179,2179,26,21,-19,-14,-19
23.082031,13,2179,2179,26,21,-18,-14,-19
23.085938,13,2179,2179,26,21,-19,-14,-19
23.089844,14,2179,2179,26,21,-18,-14,-19
23.093750,14,2179,2179,26,20,-18,-14,-19
23.097656,14,2179,2179,26,20,-18,-14,-19
23.101562,15,2179,2179,26,20,-18,-14,-19
23.105469,16,2179,2179,26,20,-18,-14,-19
23.109375,16,2179,2179,25,20,-18,-14,-19
23.113281,16,2179,2179,25,20,-19,-14,-19
23.117188,16,2179,2179,26,20,-19,-14,-19
23.121094,17,2179,2179,26,20,-19,-14,-19
23.125000,17,2179,2179,25,20,-19,-14,-19
23.128906,17,2179,2179,25,20,-19,-14,-19
23.132812,17,2179,2179,26,20,-18,-14,-19
23.136719,18,2179,2179,26,20,-19,-14,-19
23.140625,19,2179,2179,25,20,-18,-14,-19
23.144531,19,2179,2179,25,19,-19,-14,-19
23.148438,20,2179,2179,26,19,-18,-14,-19
23.152344,21,2179,2179,26,20,-19,-14,-19
23.156250,22,2179,2179,26,20,-19,-14,-19
23.160156,23,2179,2179,26,20,-19,-14,-19
23.164062,23,2179,2179,26,20,-19,-14,-19
23.167969,24,2179,2179,26,20,-19,-14,-19
23.171875,25,2179,2179,26,20,-19,-14,-19
23.175781,26,2179,2179,26,20,-19,-14,-19
23.179688,27,2179,2179,26,20,-19,-14,-19
23.183594,28,2179,2179,26,21,-19,-14,-20
23.187500,28,2179,2179,26,21,-19,-14,-19
23.191406,30,2179,2179,26,20,-19,-14,-19
23.195312,30,2179,2179,26,20,-19,-14,-19
23.199219,31,2179,2179,26,21,-19,-14,-19
23.203125,32,2179,2179,26,20,-18,-14,-19
23.207031,33,2179,2179,26,20,-18,-14,-19
23.210938,34,2179,2179,26,20,-18,-14,-19
23.214844,35,2179,2179,26,21,-19,-14,-19
23.218750,36,2179,2179,26,21,-19,-14,-19
23.222656,38,2179,2179,26,21,-19,-14,-19
23.226562,39,2179,2179,26,21,-18,-14,-19
23.230469,41,2179,2179,26,21,-19,-14,-19
23.234375,42,2179,2179,27,21,-19,-14,-19
23.238281,44,2179,2179,26,21,-19,-14,-19
23.242188,45,2179,2179,26,20,-19,-14,-19
23.246094,47,2179,2179,26,21,-19,-13,-19
23.250000,48,2179,2179,26,21,-19,-14,-19
23.253906,49,2179,2179,26,21,-18,-13,-19
23.257812,51,2179,2179,26,20,-18,-14,-19
23.261719,52,2179,2179,26,20,-19,-14,-19
23.265625,53,2179,2179,26,21,-19,-14,-19
23.269531,54,2179,2179,26,20,-19,-14,-19
23.273438,55,2179,2179,26,20,-19,-14,-20
23.277344,56,2179,2179,26,20,-19,-14,-19
23.281250,56,2179,2179,25,20,-19,-14,-20
23.285156,57,2179,2179,26,20,-19,-14,-19
23.289062,57,2179,2179,26,20,-19,-14,-19
23.292969,58,2179,2179,25,20,-19,-14,-19
23.296875,58,2179,2179,25,20,-19,-14,-19
23.300781,59,2179,2179,26,20,-19,-14,-19
23.304688,59,2179,2179,26,20,-19,-14,-19
23.308594,60,2179,2179,25,20,-19,-14,-19
23.312500,60,2179,2179,26,20,-19,-14,-19
23.316406,60,2179,2179,26,20,-19,-14,-19
23.320312,61,2179,2179,26,20,-19,-14,-19
23.324219,62,2179,2179,26,20,-18,-14,-19
23.328125,63,2179,2179,26,20,-19,-13,-19
23.332031,63,2179,2179,26,20,-19,-13,-19
23.335938,64,2179,2179,26,20,-18,-13,-19
23.339844,65,2179,2179,26,20,-19,-13,-19
23.343750,65,2179,2179,26,20,-19,-13,-19
23.347656,66,2179,2179,26,20,-19,-14,-19
23.351562,66,2179,2179,26,21,-19,-14,-19
23.355469,67,2179,2179,26,21,-19,-14,-19
23.359375,68,2179,2179,26,20,-19,-13,-19
23.363281,68,2179,2179,26,20,-19,-14,-19
23.367188,69,2179,2179,26,20,-18,-14,-19
23.371094,70,2179,2179,26,20,-18,-14,-19
23.375000,71,2179,2179,26,20,-19,-14,-19
23.378906,71,2179,2179,25,20,-19,-14,-19
23.382812,72,2179,2179,26,20,-19,-14,-19
23.386719,72,2179,2179,26,20,-18,-14,-19
23.390625,73,2179,2179,26,20,-19,-14,-20
23.394531,74,2179,2179,26,20,-19,-14,-19
23.398438,74,2179,2179,26,20,-19,-14,-20
23.402344,74,2179,2179,26,21,-18,-14,-20
23.406250,75,2179,2179,25,21,-19,-14,-20
23.410156,75,2179,2179,26,21,-19,-14,-20
23.414062,75,2179,2179,26,21,-19,-14,-19
23.417969,75,2179,2179,27,21,-18,-14,-20
23.421875,76,2179,2179,27,21,-18,-14,-19
23.425781,76,2179,2179,27,20,-19,-14,-19
23.429688,76,2179,2179,27,20,-18,-14,-19
23.433594,77,2179,2179,27,21,-18,-14,-19
23.437500,77,2179,2179,27,21,-18,-13,-19
23.441406,78,2179,2179,27,20,-18,-13,-19
23.445312,78,2179,2179,27,20,-19,-13,-19
23.449219,78,2179,2179,27,21,-19,-13,-19
23.453125,79,2179,2179,27,21,-19,-14,-19
23.457031,79,2179,2179,27,20,-19,-14,-19
23.460938,79,2179,2179,27,20,-19,-13,-20
23.464844,79,2179,2179,27,20,-19,-13,-19
23.468750,79,2179,2179,27,21,-18,-13,-19
23.472656,80,2179,2179,27,20,-18,-14,-19
23.476562,80,2179,2179,27,20,-18,-13,-19
23.480469,80,2179,2179,27,20,-18,-14,-19
23.484375,80,2179,2179,28,20,-18,-14,-19
23.488281,80,2179,2179,29,20,-19,-14,-19
23.492188,80,2179,2179,29,20,-19,-14,-19
23.496094,79,2179,2179,29,20,-19,-14,-19
23.500000,79,2179,2179,31,20,-19,-14,-19
23.503906,78,2179,2179,32,21,-19,-14,-19
23.507812,78,2179,2179,33,20,-19,-14,-20
23.511719,78,2179,2179,34,20,-19,-14,-19
23.515625,77,2179,2179,36,21,-19,-14,-19
23.519531,77,2179,2179,37,20,-19,-14,-19
23.523438,77,2179,2179,38,20,-19,-14,-19
23.527344,76,2179,2179,39,20,-19,-14,-19
23.531250,76,2179,2179,39,20,-19,-14,-19
23.535156,76,2179,2179,41,20,-18,-14,-19
23.539062,76,2179,2179,42,20,-18,-14,-19
23.542969,75,2179,2179,43,20,-19,-14,-19
23.546875,75,2179,2179,44,20,-18,-14,-19
23.550781,75,2179,2179,46,20,-19,-14,-19
23.554688,75,2179,2179,47,20,-18,-14,-19
23.558594,75,2179,2179,48,20,-18,-13,-18
23.562500,75,2179,2179,50,20,-18,-14,-19
23.566406,75,2179,2179,52,20,-18,-14,-19
23.570312,75,2179,2179,53,20,-18,-14,-19
23.574219,75,2179,2179,54,20,-18,-14,-19
23.578125,76,2179,2179,55,20,-18,-13,-19
23.582031,75,2179,2179,56,20,-18,-13,-19
23.585938,75,2179,2179,57,20,-18,-14,-19
23.589844,76,2179,2179,58,20,-18,-14,-19
23.593750,76,2179,2179,59,20,-18,-14,-19
23.597656,76,2179,2179,61,20,-18,-14,-19
23.601562,76,2179,2179,63,20,-19,-14,-19
23.605469,76,2179,2179,65,21,-19,-14,-19
23.609375,76,2179,2179,66,20,-19,-14,-19
23.613281,76,2179,2179,67,21,-19,-14,-19
23.617188,76,2179,2179,69,21,-19,-14,-19
23.621094,76,2179,2179,69,21,-19,-14,-19
23.625000,76,2179,2179,70,21,-19,-14,-19
23.628906,76,2179,2179,70,21,-19,-14,-19
23.632812,76,2179,2179,71,21,-19,-14,-19
23.636719,76,2179,2179,72,21,-19,-14,-19
23.640625,76,2179,2179,73,20,-18,-14,-19
23.644531,76,2179,2179,74,21,-18,-14,-19
23.648438,75,2179,2179,75,20,-18,-14,-19
23.652344,75,2179,2179,76,21,-18,-14,-19
23.656250,76,2179,2179,77,21,-18,-14,-19
23.660156,76,2179,2179,78,20,-18,-14,-19
23.664062,75,2179,2179,79,21,-18,-14,-19
23.667969,75,2179,2179,80,21,-18,-14,-19
23.671875,75,2179,2179,82,21,-19,-14,-19
23.675781,75,2179,2179,82,20,-19,-14,-19
23.679688,75,2179,2179,83,20,-19,-14,-19
23.683594,75,2179,2179,84,21,-18,-14,-19
23.687500,75,2179,2179,85,20,-19,-14,-19
23.691406,75,2179,2179,85,20,-18,-15,-19
23.695312,75,2179,2179,86,20,-18,-14,-19
23.699219,75,2179,2179,86,20,-19,-14,-19
23.703125,75,2179,2179,87,20,-18,-14,-19
23.707031,75,2179,2179,87,20,-18,-14,-19
23.710938,75,2179,2179,88,20,-19,-14,-19
23.714844,74,2179,2179,89,20,-19,-14,-19
23.718750,74,2179,2179,89,20,-19,-14,-20
23.722656,74,2179,2179,90,20,-19,-14,-20
23.726562,74,2179,2179,90,20,-19,-14,-19
23.730469,73,2179,2179,91,20,-19,-14,-19
23.734375,73,2179,2179,92,20,-19,-14,-19
23.738281,73,2179,2179,92,20,-19,-14,-19
23.742188,73,2179,2179,92,20,-19,-14,-19
23.746094,73,2179,2179,93,20,-19,-14,-19
23.750000,73,2179,2179,95,20,-19,-14,-19
23.753906,73,2179,2179,96,21,-19,-14,-19
23.757812,73,2179,2179,97,20,-19,-14,-19
23.761719,73,2179,2179,98,20,-19,-14,-19
23.765625,73,2179,2179,99,21,-19,-14,-19
23.769531,73,2179,2179,99,21,-18,-14,-19
23.773438,74,2179,2179,99,21,-18,-14,-19
23.777344,74,2179,2179,99,20,-18,-13,-19
23.781250,74,2179,2179,99,20,-18,-13,-19
23.785156,74,2179,2179,100,21,-18,-14,-19
23.789062,74,2179,2179,100,21,-18,-13,-19
23.792969,75,2179,2179,100,21,-19,-13,-19
23.796875,74,2179,2179,101,21,-19,-14,-19
23.800781,75,2179,2179,102,21,-18,-14,-19
23.804688,75,2179,2179,103,21,-19,-13,-19
23.808594,76,2179,2179,104,21,-19,-13,-19
23.812500,76,2179,2179,104,21,-19,-13,-19
23.816406,76,2179,2179,104,21,-19,-14,-19
23.820312,76,2179,2179,104,21,-19,-14,-19
23.824219,76,2179,2179,104,21,-19,-13,-20
23.828125,76,2179,2179,103,20,-19,-13,-19
23.832031,75,2179,2179,104,20,-19,-14,-19
23.835938,75,2179,2179,104,21,-19,-14,-19
23.839844,76,2179,2179,105,20,-19,-14,-19
23.843750,76,2179,2179,106,20,-19,-14,-19
23.847656,76,2179,2179,107,20,-19,-14,-19
23.851562,76,2179,2179,107,20,-19,-14,-20
23.855469,76,2179,2179,108,20,-19,-14,-19
23.859375,76,2179,2179,108,20,-19,-14,-19
23.863281,76,2179,2179,107,20,-19,-14,-19
23.867188,76,2179,2179,108,20,-19,-14,-19
23.871094,76,2179,2179,108,20,-19,-14,-19
23.875000,76,2179,2179,108,20,-19,-14,-19
23.878906,76,2179,2179,108,20,-19,-14,-19
23.882812,76,2179,2179,109,21,-18,-13,-19
23.886719,76,2179,2179,110,21,-18,-13,-19
23.890625,76,2179,2179,109,20,-18,-13,-19
23.894531,77,2179,2179,110,20,-18,-13,-19
23.898438,76,2179,2179,110,20,-18,-13,-19
23.902344,77,2179,2179,110,21,-18,-13,-19
23.906250,77,2179,2179,110,21,-18,-13,-19
23.910156,77,2179,2179,110,20,-18,-14,-19
23.914062,76,2179,2179,111,20,-18,-14,-19
23.917969,77,2179,2179,111,20,-18,-14,-19
23.921875,77,2179,2179,111,20,-19,-14,-19
23.925781,77,2179,2179,112,20,-19,-14,-19
23.929688,77,2179,2179,112,20,-19,-14,-19
23.933594,78,2179,2179,113,20,-19,-14,-19
23.937500,77,2179,2179,113,20,-19,-14,-19
23.941406,78,2179,2179,113,20,-19,-13,-19
23.945312,78,2179,2179,113,20,-19,-14,-19
23.949219,77,2179,2179,113,20,-19,-14,-19
23.953125,77,2179,2179,113,20,-19,-14,-19
23.957031,78,2179,2179,113,20,-19,-14,-19
23.960938,78,2179,2179,114,20,-19,-14,-19
23.964844,77,2179,2179,114,20,-19,-14,-20
23.968750,77,2179,2179,115,21,-19,-14,-20
23.972656,77,2179,2179,115,21,-19,-14,-20
23.976562,77,2179,2179,115,20,-19,-14,-19
23.980469,77,2179,2179,116,20,-19,-14,-19
23.984375,77,2179,2179,116,21,-19,-14,-19
23.988281,77,2179,2179,117,20,-18,-14,-19
23.992188,77,2179,2179,116,20,-18,-13,-19
23.996094,76,2179,2179,117,20,-18,-14,-19
24.000000,76,2179,2179,117,20,-18,-13,-19
24.003906,76,2179,2179,117,20,-18,-13,-19
24.007812,76,2179,2179,117,20,-18,-13,-19
24.011719,76,2179,2179,117,20,-18,-13,-19
24.015625,76,2179,2179,118,21,-18,-14,-19
24.019531,76,2179,2179,118,21,-18,-13,-19
24.023438,76,2179,2179,118,21,-18,-13,-20
24.027344,76,2179,2179,119,20,-18,-14,-19
24.031250,76,2179,2179,119,20,-18,-14,-19
24.035156,75,2179,2179,120,21,-18,-14,-19
24.039062,76,2179,2179,120,20,-18,-14,-19
24.042969,76,2179,2179,120,20,-18,-14,-19
24.046875,76,2179,2179,120,20,-19,-14,-20
24.050781,75,2179,2179,121,21,-19,-14,-19
24.054688,76,2179,2179,121,21,-18,-14,-19
24.058594,76,2179,2179,121,20,-19,-14,-19
24.062500,76,2179,2179,122,20,-19,-14,-19
24.066406,75,2179,2179,122,21,-19,-13,-19
24.070312,75,2179,2179,123,21,-19,-14,-19
24.074219,76,2179,2179,123,20,-19,-14,-19
24.078125,76,2179,2179,123,20,-19,-14,-19
24.082031,75,2179,2179,123,20,-19,-14,-19
24.085938,75,2179,2179,123,21,-18,-14,-19
24.089844,75,2179,2179,122,21,-18,-14,-19
24.093750,75,2179,2179,122,20,-19,-14,-19
24.097656,74,2179,2179,122,20,-18,-14,-19
24.101562,74,2179,2179,123,21,-18,-14,-19
24.105469,75,2179,2179,123,21,-18,-14,-19
24.109375,75,2179,2179,124,20,-18,-14,-19
24.113281,75,2179,2179,124,20,-18,-14,-19
24.117188,75,2179,2179,125,20,-18,-14,-19
24.121094,76,2179,2179,126,20,-18,-14,-19
24.125000,76,2179,2179,125,20,-18,-14,-19
24.128906,76,2179,2179,125,20,-18,-14,-19
24.132812,76,2179,2179,125,20,-19,-14,-19
24.136719,76,2179,2179,125,20,-19,-14,-19
24.140625,77,2179,2179,124,20,-18,-14,-19
24.144531,77,2179,2179,124,20,-19,-14,-19
24.148438,76,2179,2179,125,20,-18,-14,-19
24.152344,76,2179,2179,125,20,-19,-14,-19
24.156250,77,2179,2179,126,20,-19,-14,-19
24.160156,77,2179,2179,126,20,-19,-14,-19
24.164062,76,2179,2179,126,20,-19,-14,-19
24.167969,77,2179,2179,127,20,-19,-14,-19
24.171875,77,2179,2179,127,21,-19,-14,-19
24.175781,77,2179,2179,127,20,-19,-14,-19
24.179688,77,2179,2179,127,20,-19,-14,-19
24.183594,77,2179,2179,128,21,-19,-14,-19
24.187500,77,2179,2179,128,21,-19,-14,-20
24.191406,77,2179,2179,128,20,-19,-13,-20
24.195312,77,2179,2179,128,21,-19,-14,-20
24.199219,76,2179,2179,129,21,-23,-14,-20
24.203125,76,2179,2179,129,21,-19,-14,-20
24.207031,76,2179,2179,129,21,-19,-14,-19
24.210938,76,2179,2179,129,20,-19,-14,-19
24.214844,76,2179,2179,130,21,-19,-14,-19
24.218750,76,2179,2179,130,21,-18,-14,-19
24.222656,76,2179,2179,130,21,-18,-14,-19
24.226562,76,2179,2179,129,21,-18,-14,-19
24.230469,76,2179,2179,129,21,-18,-14,-19
24.234375,76,2179,2179,129,21,-18,-14,-19
24.238281,76,2179,2179,129,21,-18,-13,-19
24.242188,76,2179,2179,129,21,-18,-13,-19
24.246094,76,2179,2179,130,21,-19,-13,-19
24.250000,76,2179,2179,130,21,-19,-13,-19
24.253906,76,2179,2179,131,21,-19,-13,-19
24.257812,76,2179,2179,131,21,-19,-13,-19
24.261719,76,2179,2179,131,20,-18,-13,-19
24.265625,76,2179,2179,131,21,-18,-13,-19
24.269531,76,2179,2179,131,20,-18,-14,-19
24.273438,76,2179,2179,131,20,-19,-14,-19
24.277344,76,2179,2179,131,20,-19,-14,-19
24.281250,75,2179,2179,131,20,-19,-14,-19
24.285156,75,2179,2179,132,20,-19,-14,-19
24.289062,75,2179,2179,132,20,-19,-14,-20
24.292969,76,2179,2179,132,20,-19,-14,-19
24.296875,75,2179,2179,133,20,-19,-14,-20
24.300781,75,2179,2179,133,20,-19,-14,-19
24.304688,75,2179,2179,133,20,-19,-14,-20
24.308594,75,2179,2179,133,20,-19,-14,-20
24.312500,74,2179,2179,133,20,-19,-14,-19
24.316406,73,2179,2179,133,20,-19,-13,-19
24.320312,73,2179,2179,133,21,-19,-14,-19
24.324219,73,2179,2179,133,20,-13,-14,-19
24.328125,73,2179,2179,133,20,-19,-14,-19
24.332031,72,2179,2179,133,20,-19,-14,-19
24.335938,73,2179,2179,133,21,-19,-14,-19
24.339844,73,2179,2179,133,21,-18,-14,-19
24.343750,73,2179,2179,133,20,-18,-14,-19
24.347656,73,2179,2179,133,20,-18,-14,-19
24.351562,73,2179,2179,134,21,-18,-13,-19
24.355469,73,2179,2179,134,21,-18,-13,-19
24.359375,73,2179,2179,134,20,-18,-14,-19
24.363281,73,2179,2179,135,20,-18,-14,-19
24.367188,73,2179,2179,135,20,-18,-14,-19
24.371094,73,2179,2179,135,20,-18,-14,-19
24.375000,73,2179,2179,135,20,-18,-13,-19
24.378906,73,2179,2179,135,20,-18,-14,-19
24.382812,72,2179,2179,135,20,-19,-14,-19
24.386719,72,2179,2179,135,20,-19,-14,-19
24.390625,72,2179,2179,135,20,-19,-14,-19
24.394531,72,2179,2179,135,20,-19,-14,-19
24.398438,72,2179,2179,135,20,-19,-14,-19
24.402344,71,2179,2179,135,20,-18,-14,-19
24.406250,71,2179,2179,135,21,-19,-14,-19
24.410156,71,2179,2179,136,20,-19,-14,-19
24.414062,71,2179,2179,136,20,-19,-14,-19
24.417969,70,2179,2179,137,20,-19,-14,-20
24.421875,70,2179,2179,137,21,-19,-14,-19
24.425781,70,2179,2179,137,21,-18,-14,-19
24.429688,70,2179,2179,137,21,-19,-14,-19
24.433594,69,2179,2179,137,21,-18,-14,-19
24.437500,69,2179,2179,137,21,-19,-14,-19
24.441406,70,2179,2179,137,20,-18,-14,-19
24.445312,70,2179,2179,137,20,-18,-14,-19
24.449219,69,2179,2179,137,20,-24,-14,-19
24.453125,69,2179,2179,137,20,-18,-13,-19
24.457031,69,2179,2179,137,20,-19,-13,-19
24.460938,69,2179,2179,138,20,-18,-13,-19
24.464844,68,2179,2179,138,20,-18,-13,-19
24.468750,68,2179,2179,138,20,-18,-14,-19
24.472656,68,2179,2179,139,21,-19,-14,-19
24.476562,67,2179,2179,138,20,-18,-14,-19
24.480469,67,2179,2179,138,20,-19,-13,-19
24.484375,66,2179,2179,139,21,-18,-14,-19
24.488281,66,2179,2179,139,20,-19,-14,-19
24.492188,66,2179,2179,138,20,-19,-14,-19
24.496094,65,2179,2179,139,20,-19,-14,-19
24.500000,64,2179,2179,139,20,-19,-14,-19
24.503906,63,2179,2179,139,20,-19,-14,-19
24.507812,63,2179,2179,139,20,-19,-14,-19
24.511719,61,2179,2179,139,20,-19,-14,-19
24.515625,60,2179,2179,139,20,-19,-14,-19
24.519531,58,2179,2179,139,21,-19,-14,-20
24.523438,57,2179,2179,139,21,-19,-14,-19
24.527344,55,2179,2179,139,20,-19,-14,-19
24.531250,54,2179,2179,139,20,-19,-14,-19
24.535156,52,2179,2179,139,21,-19,-14,-20
24.539062,50,2179,2179,139,21,-19,-14,-19
24.542969,48,2179,2179,139,20,-19,-14,-19
24.546875,46,2179,2179,139,20,-19,-14,-19
24.550781,43,2179,2179,139,20,-19,-14,-19
24.554688,41,2179,2179,139,21,-18,-14,-19
24.558594,39,2179,2179,138,20,-18,-14,-19
24.562500,36,2179,2179,136,20,-18,-14,-19
24.566406,33,2179,2179,134,20,-18,-14,-19
24.570312,31,2179,2179,129,20,-18,-14,-19
24.574219,29,2179,2179,123,20,-14,-14,-19
24.578125,27,2179,2179,115,20,-19,-14,-19
24.582031,25,2179,2179,106,20,-19,-14,-19
24.585938,23,2179,2179,96,20,-19,-14,-19
24.589844,22,2179,2179,84,20,-18,-14,-19
24.593750,21,2179,2179,72,20,-18,-14,-19
24.597656,19,2179,2179,61,20,-18,-14,-19
24.601562,19,2179,2179,50,21,-18,-14,-19
24.605469,18,2179,2179,41,21,-18,-14,-20
24.609375,17,2179,2179,34,20,-19,-14,-20
24.613281,16,2179,2179,29,20,-19,-14,-20
24.617188,16,2179,2179,27,21,-19,-14,-19
24.621094,15,2179,2179,27,21,-19,-14,-19
24.625000,15,2179,2179,27,21,-19,-14,-19
24.628906,14,2179,2179,28,20,-19,-14,-19
24.632812,13,2179,2179,29,21,-19,-14,-19
24.636719,12,2179,2179,29,21,-19,-14,-19
24.640625,12,2179,2179,29,21,-19,-14,-19
24.644531,11,2179,2179,29,21,-19,-14,-19
24.648438,11,2179,2179,28,21,-19,-14,-19
24.652344,10,2179,2179,28,21,-18,-14,-19
24.656250,10,2179,2179,28,21,-18,-14,-19
24.660156,9,2179,2179,27,21,-18,-14,-19
24.664062,9,2179,2179,28,20,-18,-14,-19
24.667969,8,2179,2179,28,21,-18,-14,-19
24.671875,8,2179,2179,28,21,-18,-14,-19
24.675781,8,2179,2179,27,20,-18,-14,-19
24.679688,7,2179,2179,27,20,-18,-14,-19
24.683594,7,2179,2179,27,21,-18,-14,-19
24.687500,7,2179,2179,26,21,-19,-14,-19
24.691406,7,2179,2179,25,20,-18,-14,-19
24.695312,7,2179,2179,25,20,-19,-13,-19
24.699219,6,2179,2179,26,21,-20,-14,-19
24.703125,6,2179,2179,26,20,-18,-14,-19
24.707031,6,2179,2179,26,21,-19,-14,-19
24.710938,5,2179,2179,26,20,-19,-14,-19
24.714844,5,2179,2179,26,20,-19,-14,-19
24.718750,5,2179,2179,26,20,-19,-14,-19
24.722656,5,2179,2179,26,20,-19,-14,-19
24.726562,5,2179,2179,26,20,-19,-14,-19
24.730469,5,2179,2179,26,20,-19,-14,-19
24.734375,5,2179,2179,26,20,-19,-14,-19
24.738281,6,2179,2179,26,20,-19,-14,-19
24.742188,6,2179,2179,26,20,-19,-14,-19
24.746094,6,2179,2179,26,20,-19,-14,-19
24.750000,6,2179,2179,26,20,-19,-14,-20
24.753906,5,2179,2179,26,20,-19,-14,-19
24.757812,6,2179,2179,26,20,-19,-14,-20
24.761719,5,2179,2179,26,20,-19,-14,-19
24.765625,5,2179,2179,26,21,-19,-13,-19
24.769531,5,2179,2179,26,21,-18,-13,-19
24.773438,5,2179,2179,26,21,-18,-13,-19
24.777344,5,2179,2179,26,20,-18,-14,-19
24.781250,5,2179,2179,26,20,-18,-14,-19
24.785156,5,2179,2179,26,21,-18,-13,-19
24.789062,5,2179,2179,26,21,-18,-13,-19
24.792969,5,2179,2179,26,20,-18,-13,-19
24.796875,5,2179,2179,26,21,-18,-13,-19
24.800781,5,2179,2179,26,21,-18,-13,-19
24.804688,5,2179,2179,27,21,-18,-14,-19
24.808594,5,2179,2179,26,21,-18,-13,-19
24.812500,6,2179,2179,26,21,-18,-13,-19
24.816406,5,2179,2179,27,21,-18,-13,-19
24.820312,5,2179,2179,26,21,-18,-14,-19
24.824219,6,2179,2179,26,20,-17,-14,-19
24.828125,6,2179,2179,26,20,-18,-14,-19
24.832031,6,2179,2179,26,20,-19,-14,-19
24.835938,6,2179,2179,26,20,-18,-14,-19
24.839844,6,2179,2179,25,20,-19,-14,-19
24.843750,6,2179,2179,26,20,-19,-14,-19
24.847656,6,2179,2179,26,20,-19,-14,-19
24.851562,6,2179,2179,26,20,-19,-14,-19
24.855469,7,2179,2179,26,21,-19,-14,-19
24.859375,7,2179,2179,26,20,-19,-14,-19
24.863281,7,2179,2179,26,20,-19,-14,-19
24.867188,7,2179,2179,26,21,-19,-14,-19
24.871094,7,2179,2179,26,21,-19,-14,-19
24.875000,7,2179,2179,26,20,-19,-14,-19
24.878906,7,2179,2179,26,20,-19,-14,-19
24.882812,7,2179,2179,26,21,-19,-14,-19
24.886719,7,2179,2179,26,21,-18,-14,-19
24.890625,7,2179,2179,26,20,-18,-14,-19
24.894531,7,2179,2179,26,20,-18,-13,-19
24.898438,7,2179,2179,26,20,-18,-14,-19
24.902344,7,2179,2179,26,20,-18,-14,-19
24.906250,7,2179,2179,26,20,-19,-14,-19
24.910156,8,2179,2179,26,20,-19,-14,-19
24.914062,7,2179,2179,26,20,-19,-14,-19
24.917969,7,2179,2179,26,20,-18,-14,-19
24.921875,8,2179,2179,26,20,-18,-14,-19
24.925781,8,2179,2179,26,20,-18,-14,-19
24.929688,8,2179,2179,25,20,-18,-14,-19
24.933594,7,2179,2179,26,20,-18,-14,-19
24.937500,7,2179,2179,26,20,-18,-14,-19
24.941406,8,2179,2179,25,19,-18,-14,-19
24.945312,8,2179,2179,26,20,-19,-14,-19
24.949219,7,2179,2179,26,20,-19,-14,-19
24.953125,7,2179,2179,26,20,-19,-14,-19
24.957031,8,2179,2179,26,19,-19,-14,-19
24.960938,8,2179,2179,26,20,-19,-14,-19
24.964844,7,2179,2179,26,20,-19,-14,-19
24.968750,7,2179,2179,26,21,-19,-14,-19
24.972656,7,2179,2179,26,21,-19,-14,-19
24.976562,7,2179,2179,26,20,-19,-14,-19
24.980469,6,2179,2179,26,20,-18,-14,-19
24.984375,6,2179,2179,26,21,-19,-14,-19
24.988281,6,2179,2179,26,21,-19,-14,-19
24.992188,6,2179,2179,26,20,-19,-14,-19
24.996094,5,2179,2179,26,21,-19,-14,-19
25.000000,5,2179,2179,26,21,-19,-14,-19
25.003906,5,2179,2179,26,21,-18,-14,-19
25.007812,5,2179,2179,26,20,-18,-13,-19
25.011719,5,2179,2179,26,20,-18,-14,-19
25.015625,5,2179,2179,26,20,-18,-13,-19
25.019531,5,2179,2179,26,20,-18,-13,-19
25.023438,5,2179,2179,26,20,-18,-13,-19
25.027344,5,2179,2179,26,20,-18,-13,-19
25.031250,5,2179,2179,26,20,-18,-14,-19
25.035156,5,2179,2179,26,20,-18,-13,-19
25.039062,6,2179,2179,26,21,-18,-14,-19
25.042969,6,2179,2179,26,20,-18,-13,-19
25.046875,5,2179,2179,26,20,-19,-14,-19
25.050781,6,2179,2179,26,20,-19,-14,-19
25.054688,6,2179,2179,26,21,-19,-14,-19
25.058594,5,2179,2179,26,20,-19,-14,-19
25.062500,5,2179,2179,26,20,-19,-14,-20
25.066406,5,2179,2179,26,21,-19,-14,-19
25.070312,5,2179,2179,26,21,-19,-14,-20
25.074219,5,2179,2179,26,20,-18,-14,-20
25.078125,6,2179,2179,26,20,-19,-14,-20
25.082031,6,2179,2179,26,19,-19,-14,-20
25.085938,6,2179,2179,26,21,-19,-14,-19
25.089844,6,2179,2179,26,20,-19,-14,-19
25.093750,6,2179,2179,25,20,-19,-14,-19
25.097656,5,2179,2179,25,20,-19,-14,-19
25.101562,5,2179,2179,26,20,-19,-14,-19
25.105469,6,2179,2179,26,20,-19,-14,-19
25.109375,5,2179,2179,25,20,-18,-14,-19
25.113281,6,2179,2179,25,19,-18,-14,-19
25.117188,6,2179,2179,26,20,-18,-14,-19
25.121094,6,2179,2179,26,20,-18,-14,-19
25.125000,6,2179,2179,26,20,-18,-14,-19
25.128906,6,2179,2179,26,20,-18,-14,-19
25.132812,6,2179,2179,26,20,-18,-14,-19
25.136719,6,2179,2179,26,20,-18,-14,-19
25.140625,6,2179,2179,26,20,-19,-14,-20
25.144531,6,2179,2179,26,20,-19,-13,-19
25.148438,6,2179,2179,26,20,-19,-14,-19
25.152344,6,2179,2179,26,20,-18,-14,-19
25.156250,7,2179,2179,26,20,-19,-14,-19
25.160156,7,2179,2179,26,20,-18,-14,-19
25.164062,7,2179,2179,25,20,-19,-13,-19
25.167969,7,2179,2179,26,20,-19,-14,-20
25.171875,7,2179,2179,26,20,-19,-14,-20
25.175781,7,2179,2179,26,20,-19,-14,-19
25.179688,7,2179,2179,26,20,-19,-14,-20
25.183594,6,2179,2179,26,20,-18,-14,-19
25.187500,6,2179,2179,26,21,-18,-14,-20
25.191406,6,2179,2179,26,20,-19,-14,-20
25.195312,6,2179,2179,26,20,-19,-14,-19
25.199219,6,2179,2179,26,21,-19,-14,-19
25.203125,6,2179,2179,26,21,-19,-14,-19
25.207031,6,2179,2179,26,20,-18,-14,-19
25.210938,6,2179,2179,26,21,-19,-14,-19
25.214844,5,2179,2179,27,21,-19,-14,-19
25.218750,5,2179,2179,26,21,-18,-14,-19
25.222656,6,2179,2179,26,21,-18,-14,-19
25.226562,6,2179,2179,26,21,-18,-14,-19
25.230469,6,2179,2179,26,21,-18,-13,-19
25.234375,6,2179,2179,26,21,-18,-13,-19
25.238281,6,2179,2179,26,21,-18,-13,-19
25.242188,6,2179,2179,26,20,-18,-13,-19
25.246094,6,2179,2179,26,21,-18,-13,-19
25.250000,6,2179,2179,26,21,-18,-14,-19
25.253906,6,2179,2179,26,21,-18,-13,-19
25.257812,6,2179,2179,26,21,-18,-14,-19
25.261719,6,2179,2179,26,21,-19,-14,-19
25.265625,5,2179,2179,26,21,-19,-14,-19
25.269531,5,2179,2179,26,21,-18,-14,-19
25.273438,6,2179,2179,26,20,-19,-14,-19
25.277344,6,2179,2179,25,20,-19,-14,-19
25.281250,6,2179,2179,26,20,-19,-14,-19
25.285156,6,2179,2179,26,20,-18,-14,-19
25.289062,6,2179,2179,26,20,-19,-14,-19
25.292969,7,2179,2179,25,20,-19,-14,-19
25.296875,6,2179,2179,25,20,-19,-14,-19
25.300781,6,2179,2179,26,20,-19,-14,-20
25.304688,6,2179,2179,26,20,-18,-14,-19
25.308594,6,2179,2179,25,20,-18,-14,-19
25.312500,6,2179,2179,25,20,-18,-14,-19
25.316406,6,2179,2179,26,20,-19,-14,-19
25.320312,6,2179,2179,26,20,-18,-14,-19
25.324219,6,2179,2179,26,20,-18,-14,-19
25.328125,5,2179,2179,26,20,-18,-14,-19
25.332031,5,2179,2179,26,20,-19,-14,-19
25.335938,5,2179,2179,26,21,-18,-13,-19
25.339844,4,2179,2179,27,21,-18,-14,-19
25.343750,4,2179,2179,26,20,-18,-14,-19
25.347656,4,2179,2179,26,21,-18,-14,-19
25.351562,4,2179,2179,26,21,-18,-14,-19
25.355469,4,2179,2179,26,21,-19,-14,-19
25.359375,4,2179,2179,26,20,-19,-14,-19
25.363281,4,2179,2179,26,20,-19,-14,-19
25.367188,4,2179,2179,26,21,-19,-14,-21
25.371094,4,2179,2179,26,21,-18,-14,-19
25.375000,4,2179,2179,26,20,-18,-13,-19
25.378906,4,2179,2179,26,20,-18,-13,-19
25.382812,4,2179,2179,26,21,-19,-13,-19
25.386719,5,2179,2179,26,20,-18,-14,-19
25.390625,5,2179,2179,26,20,-18,-14,-19
25.394531,5,2179,2179,26,20,-18,-14,-19
25.398438,4,2179,2179,26,20,-19,-14,-19
25.402344,4,2179,2179,26,21,-19,-14,-20
25.406250,4,2179,2179,26,21,-19,-14,-19
25.410156,3,2179,2179,26,20,-19,-14,-20
25.414062,3,2179,2179,26,20,-19,-14,-19
25.417969,3,2179,2179,26,21,-19,-14,-20
25.421875,3,2179,2179,26,21,-19,-14,-19
25.425781,3,2179,2179,26,20,-19,-14,-19
25.429688,3,2179,2179,26,20,-19,-14,-19
25.433594,2,2179,2179,26,21,-19,-14,-19
25.437500,2,2179,2179,26,21,-19,-14,-19
25.441406,2,2179,2179,26,20,-19,-14,-19
25.445312,1,2179,2179,26,20,-18,-14,-19
25.449219,1,2179,2179,26,21,-18,-14,-19
25.453125,1,2179,2179,26,21,-18,-14,-19
25.457031,2,2179,2179,26,21,-18,-14,-19
25.460938,2,2179,2179,26,20,-18,-13,-19
25.464844,2,2179,2179,26,20,-18,-13,-19
25.468750,2,2179,2179,26,21,-18,-13,-19
25.472656,2,2179,2179,26,21,-18,-13,-19
25.476562,2,2179,2179,26,20,-19,-14,-19
25.480469,2,2179,2179,26,20,-18,-14,-19
25.484375,2,2179,2179,26,21,-19,-14,-19
25.488281,2,2179,2179,26,21,-18,-14,-19
25.492188,2,2179,2179,26,20,-18,-14,-19
25.496094,2,2179,2179,26,20,-19,-14,-19
25.500000,2,2179,2179,26,20,-19,-14,-19
25.503906,3,2179,2179,26,20,-19,-14,-19
25.507812,3,2179,2179,26,20,-18,-14,-19
25.511719,3,2179,2179,26,20,-18,-14,-19
25.515625,3,2179,2179,26,20,-19,-14,-19
25.519531,3,2179,2179,26,20,-19,-14,-19
25.523438,3,2179,2179,26,20,-19,-14,-19
25.527344,3,2179,2179,26,20,-19,-14,-19
25.531250,3,2179,2179,26,20,-19,-14,-19
25.535156,3,2179,2179,26,20,-19,-14,-19
25.539062,3,2179,2179,26,20,-19,-14,-20
25.542969,3,2179,2179,26,20,-19,-14,-19
25.546875,3,2179,2179,26,20,-19,-14,-19
25.550781,3,2179,2179,26,20,-19,-14,-20
25.554688,3,2179,2179,26,20,-19,-14,-19
25.558594,4,2179,2179,26,20,-19,-14,-19
25.562500,4,2179,2179,26,20,-19,-14,-19
25.566406,4,2179,2179,26,21,-19,-14,-19
25.570312,3,2179,2179,26,21,-18,-13,-19
25.574219,4,2179,2179,26,20,-19,-13,-19
25.578125,4,2179,2179,26,20,-19,-13,-19
25.582031,4,2179,2179,26,20,-18,-13,-19
25.585938,4,2179,2179,26,21,-18,-13,-19
25.589844,4,2179,2179,25,21,-18,-13,-19
25.593750,4,2179,2179,26,20,-18,-13,-19
25.597656,4,2179,2179,26,20,-18,-14,-19
25.601562,4,2179,2179,26,21,-18,-14,-19
25.605469,5,2179,2179,26,21,-18,-14,-19
25.609375,5,2179,2179,26,20,-18,-13,-19
25.613281,5,2179,2179,26,20,-19,-13,-20
25.617188,5,2179,2179,26,21,-19,-14,-19
25.621094,5,2179,2179,26,21,-19,-14,-19
25.625000,5,2179,2179,26,21,-19,-14,-19
25.628906,6,2179,2179,26,21,-19,-14,-19
25.632812,6,2179,2179,26,21,-19,-14,-19
25.636719,6,2179,2179,26,21,-19,-14,-19
25.640625,6,2179,2179,26,21,-19,-14,-19
25.644531,6,2179,2179,26,21,-19,-14,-19
25.648438,6,2179,2179,26,21,-19,-14,-19
25.652344,6,2179,2179,26,21,-19,-14,-19
25.656250,7,2179,2179,26,21,-19,-14,-19
25.660156,7,2179,2179,26,20,-19,-14,-19
25.664062,6,2179,2179,26,21,-19,-14,-19
25.667969,6,2179,2179,26,21,-19,-14,-19
25.671875,6,2179,2179,26,21,-18,-14,-19
25.675781,7,2179,2179,26,20,-18,-14,-19
25.679688,7,2179,2179,26,20,-18,-14,-19
25.683594,7,2179,2179,26,21,-18,-14,-19
25.687500,7,2179,2179,26,21,-18,-14,-19
25.691406,8,2179,2179,26,20,-18,-14,-19
25.695312,8,2179,2179,26,20,-18,-14,-19
25.699219,8,2179,2179,26,20,-19,-14,-19
25.703125,8,2179,2179,26,20,-19,-14,-19
25.707031,8,2179,2179,26,20,-19,-14,-19
25.710938,8,2179,2179,25,20,-19,-14,-19
25.714844,8,2179,2179,25,20,-19,-14,-19
25.718750,8,2179,2179,26,20,-19,-14,-19
25.722656,9,2179,2179,26,20,-19,-14,-19
25.726562,10,2179,2179,25,20,-19,-14,-19
25.730469,10,2179,2179,25,20,-19,-14,-19
25.734375,10,2179,2179,25,20,-19,-14,-19
25.738281,11,2179,2179,25,20,-19,-14,-19
25.742188,12,2179,2179,25,20,-19,-14,-18
25.746094,12,2179,2179,25,20,-19,-14,-19
25.750000,12,2179,2179,26,20,-19,-14,-20
25.753906,12,2179,2179,26,20,-19,-14,-19
25.757812,13,2179,2179,26,20,-19,-14,-20
25.761719,14,2179,2179,26,20,-18,-14,-20
25.765625,14,2179,2179,26,21,-18,-14,-19
25.769531,15,2179,2179,26,21,-18,-14,-19
25.773438,16,2179,2179,26,21,-19,-14,-19
25.777344,17,2179,2179,26,21,-18,-14,-19
25.781250,18,2179,2179,26,21,-18,-13,-19
25.785156,19,2179,2179,26,21,-18,-13,-19
25.789062,20,2179,2179,27,21,-18,-13,-19
25.792969,21,2179,2179,26,20,-18,-13,-19
25.796875,22,2179,2179,26,20,-18,-14,-19
25.800781,23,2179,2179,26,21,-18,-14,-19
25.804688,25,2179,2179,26,21,-18,-14,-19
25.808594,26,2179,2179,26,21,-18,-14,-19
25.812500,28,2179,2179,26,20,-18,-14,-19
25.816406,29,2179,2179,26,21,-18,-14,-19
25.820312,31,2179,2179,26,21,-18,-14,-19
25.824219,33,2179,2179,26,20,-18,-14,-19
25.828125,34,2179,2179,26,20,-18,-14,-19
25.832031,36,2179,2179,26,20,-18,-14,-19
25.835938,38,2179,2179,26,20,-18,-14,-19
25.839844,40,2179,2179,26,20,-19,-14,-20
25.843750,41,2179,2179,26,20,-19,-14,-20
25.847656,43,2179,2179,26,20,-19,-14,-20
25.851562,44,2179,2179,26,20,-19,-14,-20
25.855469,46,2179,2179,26,20,-19,-14,-19
25.859375,48,2179,2179,26,20,-19,-14,-19
25.863281,49,2179,2179,26,20,-19,-14,-19
25.867188,50,2179,2179,26,21,-19,-14,-19
25.871094,51,2179,2179,26,21,-18,-14,-19
25.875000,53,2179,2179,26,20,-19,-14,-19
25.878906,54,2179,2179,26,20,-19,-14,-19
25.882812,54,2179,2179,26,20,-18,-14,-19
25.886719,55,2179,2179,26,20,-18,-14,-19
25.890625,56,2179,2179,26,20,-19,-14,-19
25.894531,56,2179,2179,26,20,-19,-14,-19
25.898438,56,2179,2179,26,20,-18,-14,-19
25.902344,57,2179,2179,26,21,-19,-14,-19
25.906250,58,2179,2179,26,21,-18,-14,-19
25.910156,59,2179,2179,26,20,-18,-14,-19
25.914062,59,2179,2179,26,20,-18,-14,-19
25.917969,60,2179,2179,26,20,-19,-14,-19
25.921875,61,2179,2179,26,20,-19,-14,-19
25.925781,62,2179,2179,26,20,-18,-14,-19
25.929688,62,2179,2179,26,20,-19,-14,-19
25.933594,62,2179,2179,26,20,-18,-14,-19
25.937500,63,2179,2179,26,20,-18,-14,-19
25.941406,64,2179,2179,25,20,-18,-14,-19
25.945312,64,2179,2179,25,20,-18,-14,-19
25.949219,65,2179,2179,26,20,-18,-14,-19
25.953125,65,2179,2179,26,20,-18,-14,-19
25.957031,66,2179,2179,26,20,-18,-14,-19
25.960938,66,2179,2179,26,20,-19,-14,-20
25.964844,67,2179,2179,26,20,-19,-14,-19
25.968750,67,2179,2179,26,21,-19,-14,-19
25.972656,68,2179,2179,26,20,-19,-14,-19
25.976562,68,2179,2179,26,20,-19,-14,-19
25.980469,69,2179,2179,26,20,-19,-14,-19
25.984375,69,2179,2179,26,20,-19,-14,-19
25.988281,70,2179,2179,26,21,-19,-14,-19
25.992188,70,2179,2179,26,20,-19,-14,-19
25.996094,71,2179,2179,26,20,-18,-14,-19
26.000000,71,2179,2179,26,21,-18,-14,-19
26.003906,71,2179,2179,26,21,-18,-14,-19
26.007812,72,2179,2179,26,20,-18,-13,-19
26.011719,72,2179,2179,26,20,-18,-13,-19
26.015625,72,2179,2179,26,21,-18,-13,-19
26.019531,73,2179,2179,26,21,-18,-13,-19
26.023438,73,2179,2179,26,21,-18,-13,-19
26.027344,74,2179,2179,26,20,-18,-13,-19
26.031250,74,2179,2179,26,20,-18,-13,-19
26.035156,74,2179,2179,27,21,-18,-13,-19
26.039062,75,2179,2179,27,21,-18,-13,-19
26.042969,75,2179,2179,27,20,-18,-13,-19
26.046875,75,2179,2179,28,20,-19,-14,-19
26.050781,75,2179,2179,28,20,-19,-14,-19
26.054688,75,2179,2179,28,20,-19,-13,-19
26.058594,76,2179,2179,28,20,-19,-13,-19
26.062500,77,2179,2179,28,20,-19,-13,-19
26.066406,76,2179,2179,28,21,-19,-14,-19
26.070312,76,2179,2179,27,20,-19,-14,-20
26.074219,77,2179,2179,27,20,-19,-14,-20
26.078125,77,2179,2179,26,20,-19,-14,-19
26.082031,77,2179,2179,26,20,-19,-14,-19
26.085938,76,2179,2179,26,21,-19,-14,-19
26.089844,77,2179,2179,26,20,-19,-14,-19
26.093750,76,2179,2179,26,20,-19,-14,-19
26.097656,76,2179,2179,27,20,-19,-14,-19
26.101562,76,2179,2179,27,20,-19,-14,-19
26.105469,76,2179,2179,28,20,-19,-14,-19
26.109375,76,2179,2179,29,20,-19,-14,-19
26.113281,75,2179,2179,29,20,-19,-14,-19
26.117188,75,2179,2179,31,20,-18,-14,-19
26.121094,75,2179,2179,31,20,-18,-14,-19
26.125000,75,2179,2179,32,19,-19,-13,-19
26.128906,75,2179,2179,33,19,-19,-13,-19
26.132812,75,2179,2179,34,20,-19,-14,-19
26.136719,75,2179,2179,35,20,-19,-14,-19
26.140625,75,2179,2179,36,19,-19,-14,-19
26.144531,75,2179,2179,38,20,-19,-14,-19
26.148438,74,2179,2179,40,20,-19,-14,-19
26.152344,75,2179,2179,41,20,-19,-14,-19
26.156250,75,2179,2179,43,20,-18,-14,-19
26.160156,75,2179,2179,44,20,-18,-13,-19
26.164062,75,2179,2179,46,20,-18,-14,-19
26.167969,75,2179,2179,48,21,-18,-13,-19
26.171875,75,2179,2179,50,20,-18,-13,-19
26.175781,75,2179,2179,51,20,-19,-14,-20
26.179688,75,2179,2179,52,20,-19,-14,-20
26.183594,75,2179,2179,53,20,-19,-14,-20
26.187500,75,2179,2179,55,21,-19,-14,-19
26.191406,75,2179,2179,56,20,-19,-14,-19
26.195312,75,2179,2179,58,20,-19,-14,-19
26.199219,75,2179,2179,60,21,-19,-14,-20
26.203125,75,2179,2179,62,21,-19,-14,-19
26.207031,75,2179,2179,63,21,-19,-14,-20
26.210938,75,2179,2179,65,20,-19,-14,-19
26.214844,75,2179,2179,67,20,-19,-14,-19
26.218750,75,2179,2179,68,21,-19,-14,-19
26.222656,75,2179,2179,69,21,-19,-14,-19
26.226562,75,2179,2179,70,20,-19,-14,-19
26.230469,75,2179,2179,70,20,-19,-14,-19
26.234375,75,2179,2179,71,21,-19,-14,-19
26.238281,75,2179,2179,72,21,-18,-14,-19
26.242188,76,2179,2179,73,20,-18,-13,-19
26.246094,76,2179,2179,74,20,-18,-13,-19
26.250000,75,2179,2179,76,21,-18,-13,-19
26.253906,76,2179,2179,78,21,-18,-14,-19
26.257812,76,2179,2179,79,21,-18,-14,-19
26.261719,76,2179,2179,80,20,-18,-14,-19
26.265625,75,2179,2179,81,21,-19,-14,-19
26.269531,75,2179,2179,82,21,-18,-14,-19
26.273438,76,2179,2179,82,20,-19,-14,-19
26.277344,76,2179,2179,83,20,-18,-14,-19
26.281250,75,2179,2179,85,20,-19,-14,-19
26.285156,75,2179,2179,87,20,-18,-14,-19
26.289062,75,2179,2179,89,20,-18,-14,-19
26.292969,75,2179,2179,90,20,-19,-14,-19
26.296875,74,2179,2179,91,20,-19,-14,-19
26.300781,74,2179,2179,92,20,-18,-14,-19
26.304688,74,2179,2179,92,20,-19,-14,-19
26.308594,74,2179,2179,91,20,-19,-14,-19
26.312500,74,2179,2179,90,20,-19,-14,-19
26.316406,74,2179,2179,90,20,-19,-14,-19
26.320312,74,2179,2179,90,20,-19,-14,-19
26.324219,74,2179,2179,90,20,-19,-14,-19
26.328125,74,2179,2179,92,20,-19,-14,-19
26.332031,73,2179,2179,94,20,-19,-14,-19
26.335938,73,2179,2179,96,21,-19,-14,-19
26.339844,74,2179,2179,97,20,-19,-14,-19
26.343750,74,2179,2179,97,20,-18,-14,-19
26.347656,73,2179,2179,97,20,-18,-14,-19
26.351562,73,2179,2179,96,21,-18,-13,-20
26.355469,74,2179,2179,96,21,-18,-13,-19
26.359375,74,2179,2179,96,20,-18,-14,-19
26.363281,74,2179,2179,97,20,-18,-13,-19
26.367188,74,2179,2179,98,20,-19,-14,-19
26.371094,74,2179,2179,99,20,-18,-13,-19
26.375000,75,2179,2179,100,20,-18,-13,-19
26.378906,75,2179,2179,101,20,-19,-14,-19
26.382812,75,2179,2179,102,20,-22,-14,-19
26.386719,75,2179,2179,102,20,-18,-13,-19
26.390625,75,2179,2179,102,20,-18,-14,-19
26.394531,75,2179,2179,102,20,-18,-14,-20
26.398438,75,2179,2179,102,20,-18,-14,-20
26.402344,75,2179,2179,103,20,-18,-14,-20
26.406250,75,2179,2179,103,20,-19,-14,-19
26.410156,75,2179,2179,104,20,-19,-14,-19
26.414062,75,2179,2179,105,20,-19,-14,-19
26.417969,75,2179,2179,105,21,-19,-14,-19
26.421875,76,2179,2179,106,21,-19,-14,-19
26.425781,75,2179,2179,106,21,-19,-14,-19
26.429688,75,2179,2179,106,20,-19,-14,-19
26.433594,75,2179,2179,107,21,-19,-14,-19
26.437500,75,2179,2179,107,21,-18,-14,-19
26.441406,75,2179,2179,107,20,-18,-14,-19
26.445312,75,2179,2179,108,20,-19,-14,-19
26.449219,75,2179,2179,109,21,-19,-14,-19
26.453125,75,2179,2179,110,21,-19,-14,-19
26.457031,75,2179,2179,110,21,-18,-13,-19
26.460938,75,2179,2179,111,20,-19,-14,-19
26.464844,75,2179,2179,111,20,-18,-14,-19
26.468750,75,2179,2179,112,20,-18,-14,-19
26.472656,75,2179,2179,113,20,-18,-14,-19
26.476562,75,2179,2179,113,20,-18,-13,-19
26.480469,75,2179,2179,114,20,-18,-13,-19
26.484375,75,2179,2179,114,20,-18,-14,-19
26.488281,75,2179,2179,115,21,-18,-13,-19
26.492188,75,2179,2179,114,20,-18,-13,-19
26.496094,75,2179,2179,114,20,-18,-13,-19
26.500000,75,2179,2179,115,20,-18,-13,-19
26.503906,75,2179,2179,115,20,-18,-13,-19
26.507812,75,2179,2179,114,20,-13,-14,-19
26.511719,76,2179,2179,115,20,-19,-14,-19
26.515625,75,2179,2179,115,20,-19,-14,-19
26.519531,75,2179,2179,115,20,-19,-14,-20
26.523438,76,2179,2179,115,20,-19,-14,-19
26.527344,76,2179,2179,115,20,-19,-14,-19
26.531250,75,2179,2179,115,20,-19,-14,-19
26.535156,75,2179,2179,116,20,-19,-14,-19
26.539062,75,2179,2179,116,20,-19,-14,-19
26.542969,75,2179,2179,116,20,-19,-14,-19
26.546875,74,2179,2179,117,20,-19,-14,-19
26.550781,74,2179,2179,118,20,-19,-14,-19
26.554688,74,2179,2179,119,20,-19,-14,-19
26.558594,74,2179,2179,120,20,-19,-14,-19
26.562500,74,2179,2179,120,20,-19,-14,-19
26.566406,74,2179,2179,120,21,-19,-14,-19
26.570312,74,2179,2179,120,21,-19,-14,-19
26.574219,74,2179,2179,119,20,-19,-14,-19
26.578125,74,2179,2179,119,20,-18,-14,-19
26.582031,74,2179,2179,119,20,-19,-13,-19
26.585938,74,2179,2179,120,21,-18,-13,-19
26.589844,74,2179,2179,120,21,-18,-13,-19
26.593750,74,2179,2179,120,20,-18,-13,-19
26.597656,74,2179,2179,121,20,-18,-14,-19
26.601562,74,2179,2179,123,21,-18,-14,-19
26.605469,74,2179,2179,123,21,-18,-14,-19
26.609375,74,2179,2179,123,20,-18,-14,-19
26.613281,74,2179,2179,123,20,-18,-14,-19
26.617188,74,2179,2179,123,21,-18,-14,-19
26.621094,74,2179,2179,122,21,-18,-14,-19
26.625000,74,2179,2179,122,21,-19,-14,-19
26.628906,74,2179,2179,121,20,-19,-14,-19
26.632812,74,2179,2179,122,21,-25,-14,-20
26.636719,74,2179,2179,122,21,-19,-14,-20
26.640625,74,2179,2179,122,21,-19,-14,-20
26.644531,74,2179,2179,123,21,-19,-14,-19
26.648438,74,2179,2179,124,20,-19,-14,-20
26.652344,74,2179,2179,124,21,-19,-14,-20
26.656250,74,2179,2179,125,21,-19,-14,-19
26.660156,74,2179,2179,124,20,-19,-14,-19
26.664062,74,2179,2179,125,20,-19,-14,-19
26.667969,74,2179,2179,125,21,-18,-14,-19
26.671875,74,2179,2179,125,21,-19,-14,-19
26.675781,74,2179,2179,125,20,-19,-14,-19
26.679688,74,2179,2179,125,20,-18,-14,-19
26.683594,74,2179,2179,125,20,-18,-14,-19
26.687500,74,2179,2179,126,21,-18,-14,-19
26.691406,74,2179,2179,125,20,-18,-14,-19
26.695312,74,2179,2179,126,20,-18,-14,-19
26.699219,74,2179,2179,126,20,-18,-14,-19
26.703125,74,2179,2179,127,20,-18,-14,-19
26.707031,75,2179,2179,127,20,-18,-13,-19
26.710938,75,2179,2179,127,20,-18,-13,-19
26.714844,75,2179,2179,127,20,-19,-14,-19
26.718750,75,2179,2179,127,20,-19,-14,-19
26.722656,75,2179,2179,127,20,-18,-14,-19
26.726562,76,2179,2179,127,20,-18,-14,-19
26.730469,75,2179,2179,126,20,-18,-14,-19
26.734375,76,2179,2179,127,20,-19,-14,-19
26.738281,76,2179,2179,127,20,-19,-14,-19
26.742188,76,2179,2179,127,20,-19,-14,-19
26.746094,75,2179,2179,127,20,-19,-14,-19
26.750000,75,2179,2179,128,20,-19,-14,-20
26.753906,75,2179,2179,128,20,-19,-14,-20
26.757812,75,2179,2179,129,20,-14,-14,-20
26.761719,75,2179,2179,129,20,-19,-14,-20
26.765625,75,2179,2179,130,21,-19,-14,-20
26.769531,75,2179,2179,130,21,-19,-14,-20
26.773438,75,2179,2179,130,21,-19,-14,-20
26.777344,75,2179,2179,130,21,-19,-14,-20
26.781250,74,2179,2179,130,21,-19,-14,-19
26.785156,74,2179,2179,131,21,-19,-14,-19
26.789062,74,2179,2179,131,21,-19,-14,-19
26.792969,74,2179,2179,130,21,-18,-14,-19
26.796875,74,2179,2179,131,21,-18,-14,-19
26.800781,74,2179,2179,131,21,-19,-14,-19
26.804688,74,2179,2179,131,21,-18,-14,-19
26.808594,74,2179,2179,131,21,-19,-14,-19
26.812500,74,2179,2179,131,21,-19,-14,-19
26.816406,74,2179,2179,131,21,-18,-14,-19
26.820312,74,2179,2179,132,21,-18,-14,-19
26.824219,74,2179,2179,131,20,-18,-14,-19
26.828125,74,2179,2179,132,20,-18,-13,-19
26.832031,74,2179,2179,132,20,-18,-14,-19
26.835938,74,2179,2179,133,21,-18,-14,-19
26.839844,74,2179,2179,133,21,-18,-14,-19
26.843750,74,2179,2179,132,20,-19,-14,-19
26.847656,73,2179,2179,133,20,-19,-14,-19
26.851562,73,2179,2179,133,21,-19,-14,-20
26.855469,73,2179,2179,133,21,-19,-14,-19
26.859375,73,2179,2179,133,20,-19,-14,-20
26.863281,72,2179,2179,133,20,-19,-14,-20
26.867188,72,2179,2179,133,21,-19,-14,-20
26.871094,72,2179,2179,133,21,-19,-14,-20
26.875000,73,2179,2179,133,21,-19,-14,-19
26.878906,73,2179,2179,133,21,-19,-14,-19
26.882812,72,2179,2179,133,21,-21,-14,-19
26.886719,72,2179,2179,134,21,-18,-14,-19
26.890625,72,2179,2179,133,21,-18,-14,-19
26.894531,72,2179,2179,134,20,-18,-14,-19
26.898438,71,2179,2179,134,20,-18,-14,-19
26.902344,71,2179,2179,134,21,-18,-14,-19
26.906250,71,2179,2179,135,21,-18,-14,-19
26.910156,71,2179,2179,135,20,-18,-14,-19
26.914062,71,2179,2179,135,20,-18,-14,-19
26.917969,71,2179,2179,135,20,-19,-14,-19
26.921875,72,2179,2179,135,20,-19,-14,-19
26.925781,72,2179,2179,135,20,-19,-14,-19
26.929688,72,2179,2179,135,20,-19,-14,-19
26.933594,71,2179,2179,135,20,-19,-14,-19
26.937500,71,2179,2179,135,20,-19,-14,-19
26.941406,71,2179,2179,135,20,-18,-14,-19
26.945312,71,2179,2179,135,20,-19,-14,-19
26.949219,71,2179,2179,136,20,-19,-14,-19
26.953125,71,2179,2179,136,20,-19,-14,-19
26.957031,71,2179,2179,136,20,-19,-14,-19
26.960938,71,2179,2179,137,20,-19,-14,-20
26.964844,70,2179,2179,137,20,-19,-14,-19
26.968750,70,2179,2179,137,20,-19,-14,-19
26.972656,71,2179,2179,137,20,-19,-14,-19
26.976562,71,2179,2179,137,20,-19,-14,-19
26.980469,70,2179,2179,137,20,-19,-14,-19
26.984375,70,2179,2179,137,20,-19,-14,-19
26.988281,70,2179,2179,136,20,-19,-14,-19
26.992188,70,2179,2179,136,20,-19,-14,-19
26.996094,70,2179,2179,136,20,-19,-14,-19
27.000000,70,2179,2179,136,20,-19,-14,-19
27.003906,69,2179,2179,136,20,-19,-14,-19
27.007812,69,2179,2179,136,20,-17,-14,-19
27.011719,69,2179,2179,136,20,-19,-14,-19
27.015625,69,2179,2179,137,21,-19,-14,-19
27.019531,69,2179,2179,138,21,-19,-14,-19
27.023438,69,2179,2179,138,21,-18,-14,-19
27.027344,69,2179,2179,138,21,-18,-14,-19
27.031250,69,2179,2179,139,20,-18,-14,-19
27.035156,69,2179,2179,139,21,-19,-14,-19
27.039062,69,2179,2179,140,21,-18,-14,-19
27.042969,69,2179,2179,139,21,-19,-13,-19
27.046875,69,2179,2179,140,21,-19,-14,-19
27.050781,69,2179,2179,140,21,-18,-14,-19
27.054688,69,2179,2179,140,21,-19,-14,-19
27.058594,69,2179,2179,140,21,-19,-14,-19
27.062500,69,2179,2179,140,20,-19,-14,-19
27.066406,68,2179,2179,141,21,-19,-14,-19
27.070312,68,2179,2179,141,21,-19,-14,-19
27.074219,68,2179,2179,141,21,-19,-14,-20
27.078125,68,2179,2179,141,21,-19,-14,-20
27.082031,67,2179,2179,142,21,-19,-14,-19
27.085938,67,2179,2179,142,21,-19,-14,-19
27.089844,67,2179,2179,142,21,-19,-14,-19
27.093750,67,2179,2179,141,20,-19,-14,-19
27.097656,66,2179,2179,141,20,-19,-14,-20
27.101562,66,2179,2179,141,21,-19,-14,-19
27.105469,66,2179,2179,141,20,-19,-14,-19
27.109375,66,2179,2179,140,20,-19,-14,-19
27.113281,65,2179,2179,140,20,-19,-14,-19
27.117188,64,2179,2179,141,20,-19,-14,-19
27.121094,64,2179,2179,141,20,-19,-14,-19
27.125000,63,2179,2179,140,19,-19,-14,-19
27.128906,63,2179,2179,140,19,-19,-14,-19
27.132812,62,2179,2179,141,20,-19,-14,-19
27.136719,62,2179,2179,141,20,-19,-14,-19
27.140625,61,2179,2179,140,19,-18,-14,-19
27.144531,60,2179,2179,141,20,-18,-14,-19
27.148438,59,2179,2179,141,20,-18,-14,-19
27.152344,58,2179,2179,142,20,-19,-14,-19
27.156250,57,2179,2179,142,21,-19,-14,-19
27.160156,55,2179,2179,143,20,-19,-14,-19
27.164062,54,2179,2179,143,20,-19,-14,-19
27.167969,52,2179,2179,143,21,-18,-14,-19
27.171875,51,2179,2179,143,20,-19,-14,-19
27.175781,50,2179,2179,143,20,-19,-14,-19
27.179688,48,2179,2179,143,20,-19,-14,-19
27.183594,47,2179,2179,143,20,-19,-14,-19
27.187500,45,2179,2179,143,20,-19,-14,-19
27.191406,44,2179,2179,143,20,-19,-14,-20
27.195312,42,2179,2179,143,20,-19,-14,-19
27.199219,40,2179,2179,143,20,-19,-14,-19
27.203125,38,2179,2179,143,21,-19,-14,-19
27.207031,36,2179,2179,142,21,-19,-14,-19
27.210938,34,2179,2179,141,20,-19,-14,-19
27.214844,32,2179,2179,139,21,-19,-14,-19
27.218750,30,2179,2179,136,21,-19,-14,-19
27.222656,28,2179,2179,130,21,-19,-14,-19
27.226562,26,2179,2179,124,21,-19,-14,-19
27.230469,24,2179,2179,117,20,-19,-14,-19
27.234375,22,2179,2179,109,20,-18,-14,-19
27.238281,21,2179,2179,100,21,-18,-14,-19
27.242188,19,2179,2179,89,20,-18,-14,-19
27.246094,18,2179,2179,76,20,-18,-14,-19
27.250000,17,2179,2179,63,21,-18,-13,-19
27.253906,16,2179,2179,50,21,-18,-13,-19
27.257812,15,2179,2179,39,21,-18,-14,-19
27.261719,15,2179,2179,30,21,-18,-13,-19
27.265625,14,2179,2179,25,20,-18,-13,-19
27.269531,13,2179,2179,24,21,-18,-14,-19
27.273438,12,2179,2179,24,21,-18,-13,-19
27.277344,12,2179,2179,26,20,-18,-14,-19
27.281250,10,2179,2179,28,20,-18,-14,-19
27.285156,10,2179,2179,30,20,-18,-14,-19
27.289062,9,2179,2179,30,20,-18,-14,-19
27.292969,9,2179,2179,29,19,-19,-14,-20
27.296875,8,2179,2179,28,19,-19,-14,-20
27.300781,7,2179,2179,27,20,-18,-14,-19
27.304688,7,2179,2179,27,20,-19,-14,-19
27.308594,7,2179,2179,26,20,-19,-14,-20
27.312500,7,2179,2179,27,20,-19,-14,-20
27.316406,6,2179,2179,28,20,-19,-14,-20
27.320312,6,2179,2179,29,20,-19,-14,-19
27.324219,6,2179,2179,30,20,-19,-14,-19
27.328125,5,2179,2179,30,20,-19,-14,-19
27.332031,5,2179,2179,31,20,-19,-14,-19
27.335938,4,2179,2179,31,20,-18,-14,-20
27.339844,4,2179,2179,30,20,-18,-14,-20
27.343750,4,2179,2179,29,20,-19,-14,-20
27.347656,3,2179,2179,29,20,-19,-14,-19
27.351562,3,2179,2179,28,21,-18,-14,-19
27.355469,4,2179,2179,28,21,-18,-13,-19
27.359375,4,2179,2179,28,21,-19,-13,-19
27.363281,4,2179,2179,27,20,-18,-13,-19
27.367188,4,2179,2179,28,21,-19,-13,-19
27.371094,4,2179,2179,28,21,-19,-13,-20
27.375000,4,2179,2179,28,20,-18,-13,-19
27.378906,4,2179,2179,28,20,-18,-13,-19
27.382812,3,2179,2179,28,21,-19,-13,-20
27.386719,3,2179,2179,28,21,-18,-13,-20
27.390625,3,2179,2179,28,20,-18,-13,-19
27.394531,4,2179,2179,27,20,-19,-13,-19
27.398438,4,2179,2179,28,20,-18,-14,-19
27.402344,4,2179,2179,28,21,-18,-14,-19
27.406250,5,2179,2179,28,20,-18,-14,-19
27.410156,5,2179,2179,28,20,-19,-14,-19
27.414062,5,2179,2179,27,20,-19,-14,-19
27.417969,4,2179,2179,27,21,-19,-14,-19
27.421875,5,2179,2179,27,21,-19,-14,-19
27.425781,5,2179,2179,26,20,-19,-14,-19
27.429688,5,2179,2179,26,21,-19,-14,-19
27.433594,4,2179,2179,26,21,-19,-14,-19
27.437500,4,2179,2179,26,21,-19,-14,-19
27.441406,5,2179,2179,26,21,-19,-14,-19
27.445312,4,2179,2179,26,21,-19,-14,-19
27.449219,4,2179,2179,26,21,-19,-14,-19
27.453125,4,2179,2179,26,21,-19,-14,-19
27.457031,4,2179,2179,26,21,-18,-14,-19
27.460938,3,2179,2179,26,20,-18,-14,-19
27.464844,3,2179,2179,26,20,-18,-14,-19
27.468750,3,2179,2179,26,20,-18,-14,-19
27.472656,3,2179,2179,26,20,-18,-14,-19
27.476562,3,2179,2179,26,20,-18,-14,-19
27.480469,3,2179,2179,26,20,-18,-14,-19
27.484375,3,2179,2179,26,21,-18,-14,-19
27.488281,3,2179,2179,26,21,-18,-13,-19
27.492188,4,2179,2179,26,20,-18,-14,-19
27.496094,3,2179,2179,26,20,-19,-14,-19
27.500000,3,2179,2179,26,21,-18,-14,-19
27.503906,3,2179,2179,26,21,-18,-14,-19
27.507812,3,2179,2179,26,20,-18,-14,-19
27.511719,3,2179,2179,26,20,-19,-14,-19
27.515625,3,2179,2179,26,20,-19,-14,-19
27.519531,3,2179,2179,26,20,-19,-14,-19
27.523438,3,2179,2179,26,20,-19,-14,-19
27.527344,3,2179,2179,25,20,-19,-14,-19
27.531250,2,2179,2179,26,20,-19,-14,-19
27.535156,3,2179,2179,26,21,-19,-14,-19
27.539062,3,2179,2179,26,21,-19,-14,-20
27.542969,3,2179,2179,26,20,-18,-14,-19
27.546875,2,2179,2179,26,20,-19,-14,-20
27.550781,2,2179,2179,26,20,-19,-14,-21
27.554688,2,2179,2179,26,20,-19,-14,-19
27.558594,2,2179,2179,26,20,-19,-14,-20
27.562500,2,2179,2179,26,20,-19,-14,-19
27.566406,2,2179,2179,26,21,-19,-14,-19
27.570312,2,2179,2179,26,21,-19,-14,-19
27.574219,2,2179,2179,26,20,-18,-14,-19
27.578125,2,2179,2179,26,20,-18,-13,-19
27.582031,2,2179,2179,26,21,-18,-13,-19
27.585938,2,2179,2179,26,21,-18,-13,-19
27.589844,3,2179,2179,26,21,-18,-13,-19
27.593750,3,2179,2179,26,20,-18,-13,-19
27.597656,3,2179,2179,26,21,-18,-13,-19
27.601562,3,2179,2179,26,21,-18,-13,-19
27.605469,4,2179,2179,26,21,-18,-13,-19
27.609375,4,2179,2179,26,21,-18,-13,-19
27.613281,3,2179,2179,26,20,-19,-13,-19
27.617188,3,2179,2179,26,21,-19,-14,-19
27.621094,3,2179,2179,26,21,-19,-13,-19
27.625000,4,2179,2179,26,20,-18,-13,-19
27.628906,4,2179,2179,26,20,-18,-13,-19
27.632812,4,2179,2179,26,20,-19,-14,-19
27.636719,4,2179,2179,26,21,-18,-14,-19
27.640625,4,2179,2179,26,20,-18,-14,-19
27.644531,4,2179,2179,26,20,-19,-14,-19
27.648438,4,2179,2179,26,20,-19,-14,-20
27.652344,4,2179,2179,26,21,-19,-14,-19
27.656250,4,2179,2179,26,21,-18,-14,-19
27.660156,4,2179,2179,26,20,-19,-14,-20
27.664062,4,2179,2179,26,20,-19,-14,-20
27.667969,4,2179,2179,26,21,-19,-14,-20
27.671875,5,2179,2179,26,21,-19,-14,-19
27.675781,5,2179,2179,26,20,-19,-14,-19
27.679688,5,2179,2179,26,20,-19,-14,-19
27.683594,5,2179,2179,26,20,-19,-14,-19
27.687500,5,2179,2179,26,20,-18,-14,-19
27.691406,6,2179,2179,26,20,-18,-14,-19
27.695312,6,2179,2179,26,20,-19,-14,-19
27.699219,6,2179,2179,26,20,-19,-13,-19
27.703125,6,2179,2179,26,20,-18,-14,-19
27.707031,6,2179,2179,26,20,-18,-14,-19
27.710938,7,2179,2179,26,20,-18,-14,-19
27.714844,6,2179,2179,25,20,-18,-14,-19
27.718750,6,2179,2179,26,20,-18,-14,-19
27.722656,7,2179,2179,26,20,-18,-14,-19
27.726562,7,2179,2179,26,20,-18,-14,-19
27.730469,6,2179,2179,25,20,-18,-14,-19
27.734375,6,2179,2179,26,20,-18,-14,-19
27.738281,6,2179,2179,26,20,-18,-14,-19
27.742188,7,2179,2179,25,20,-18,-14,-19
27.746094,6,2179,2179,26,20,-19,-14,-19
27.750000,6,2179,2179,26,20,-19,-14,-20
27.753906,6,2179,2179,26,20,-19,-14,-19
27.757812,6,2179,2179,26,20,-19,-14,-19
27.761719,7,2179,2179,25,20,-19,-14,-20
27.765625,6,2179,2179,26,20,-19,-14,-20
27.769531,6,2179,2179,26,20,-19,-14,-19
27.773438,6,2179,2179,25,21,-19,-14,-19
27.777344,6,2179,2179,26,20,-19,-14,-20
27.781250,6,2179,2179,26,20,-19,-14,-20
27.785156,6,2179,2179,26,21,-19,-14,-19
27.789062,6,2179,2179,27,21,-19,-14,-19
27.792969,5,2179,2179,26,21,-19,-14,-19
27.796875,5,2179,2179,26,21,-19,-14,-19
27.800781,4,2179,2179,26,21,-18,-14,-19
27.804688,4,2179,2179,27,21,-18,-14,-19
27.808594,4,2179,2179,26,21,-18,-13,-19
27.812500,4,2179,2179,26,21,-18,-14,-19
27.816406,3,2179,2179,26,21,-19,-14,-19
27.820312,3,2179,2179,26,21,-19,-14,-19
27.824219,4,2179,2179,26,21,-18,-14,-19
27.828125,3,2179,2179,26,21,-18,-13,-19
27.832031,3,2179,2179,26,20,-19,-14,-19
27.835938,3,2179,2179,26,21,-18,-14,-19
27.839844,3,2179,2179,26,21,-18,-14,-19
27.843750,3,2179,2179,26,20,-19,-13,-19
27.847656,2,2179,2179,26,20,-19,-14,-19
27.851562,2,2179,2179,26,21,-19,-14,-20
27.855469,3,2179,2179,26,20,-19,-14,-20
27.859375,2,2179,2179,26,20,-19,-14,-19
27.863281,2,2179,2179,25,20,-19,-14,-20
27.867188,1,2179,2179,26,20,-19,-14,-20
27.871094,1,2179,2179,26,20,-19,-14,-20
27.875000,1,2179,2179,26,20,-19,-14,-20
27.878906,1,2179,2179,26,20,-19,-14,-20
27.882812,0,2179,2179,26,21,-19,-14,-19
27.886719,0,2179,2179,26,21,-19,-14,-19
27.890625,0,2179,2179,26,21,-19,-14,-19
27.894531,0,2179,2179,26,20,-19,-14,-19
27.898438,0,2179,2179,25,20,-18,-14,-19
27.902344,0,2179,2179,26,21,-18,-14,-19
27.906250,0,2179,2179,26,21,-18,-14,-19
27.910156,0,2179,2179,26,20,-18,-14,-19
27.914062,0,2179,2179,26,20,-18,-14,-19
27.917969,-1,2179,2179,26,20,-18,-14,-19
27.921875,0,2179,2179,26,20,-18,-13,-19
27.925781,0,2179,2179,25,20,-19,-13,-18
27.929688,0,2179,2179,26,20,-18,-13,-19
27.933594,0,2179,2179,26,20,-19,-14,-19
27.937500,0,2179,2179,26,20,-18,-14,-19
27.941406,1,2179,2179,26,20,-18,-14,-19
27.945312,1,2179,2179,26,20,-18,-14,-19
27.949219,1,2179,2179,26,20,-18,-13,-19
27.953125,1,2179,2179,26,20,-19,-14,-19
27.957031,1,2179,2179,26,20,-18,-14,-19
27.960938,1,2179,2179,26,20,-18,-14,-19
27.964844,1,2179,2179,26,20,-19,-14,-19
27.968750,1,2179,2179,26,20,-19,-14,-19
27.972656,2,2179,2179,26,20,-19,-14,-19
27.976562,1,2179,2179,26,20,-19,-14,-20
27.980469,1,2179,2179,26,20,-19,-14,-20
27.984375,1,2179,2179,26,20,-19,-14,-20
27.988281,1,2179,2179,26,20,-19,-14,-19
27.992188,1,2179,2179,26,20,-19,-14,-19
27.996094,1,2179,2179,26,20,-19,-14,-19
28.000000,0,2179,2179,26,21,-19,-14,-19
28.003906,0,2179,2179,26,21,-19,-14,-19
28.007812,0,2179,2179,26,21,-18,-14,-19
28.011719,-1,2179,2179,26,21,-18,-14,-19
28.015625,-1,2179,2179,26,21,-19,-14,-19
28.019531,-2,2179,2179,27,21,-18,-14,-19
28.023438,-2,2179,2179,26,21,-19,-13,-19
28.027344,-2,2179,2179,26,21,-19,-13,-19
28.031250,-2,2179,2179,26,21,-19,-13,-19
28.035156,-2,2179,2179,26,21,-19,-14,-19
28.039062,-1,2179,2179,27,21,-19,-13,-19
28.042969,-1,2179,2179,26,21,-19,-14,-19
28.046875,-2,2179,2179,26,21,-19,-13,-19
28.050781,-2,2179,2179,27,21,-19,-14,-19
28.054688,-2,2179,2179,27,21,-18,-14,-19
28.058594,-1,2179,2179,26,21,-18,-15,-19
28.062500,-1,2179,2179,26,21,-18,-14,-19
28.066406,-1,2179,2179,27,21,-18,-14,-19
28.070312,-1,2179,2179,27,21,-18,-14,-19
28.074219,-1,2179,2179,27,20,-19,-14,-19
28.078125,0,2179,2179,27,20,-19,-14,-19
28.082031,-1,2179,2179,27,20,-19,-14,-19
28.085938,-1,2179,2179,27,21,-19,-14,-19
28.089844,0,2179,2179,27,20,-19,-14,-19
28.093750,0,2179,2179,26,20,-19,-14,-19
28.097656,0,2179,2179,25,20,-19,-14,-19
28.101562,0,2179,2179,25,20,-19,-14,-19
28.105469,0,2179,2179,25,20,-19,-14,-20
28.109375,0,2179,2179,25,20,-19,-14,-20
28.113281,0,2179,2179,25,20,-19,-14,-20
28.117188,0,2179,2179,26,20,-19,-14,-19
28.121094,0,2179,2179,26,20,-19,-14,-20
28.125000,0,2179,2179,25,20,-18,-14,-19
28.128906,0,2179,2179,26,20,-18,-14,-19
28.132812,0,2179,2179,26,20,-18,-14,-19
28.136719,0,2179,2179,26,20,-18,-13,-19
28.140625,1,2179,2179,25,20,-18,-14,-19
28.144531,1,2179,2179,25,20,-18,-13,-19
28.148438,1,2179,2179,25,20,-18,-13,-19
28.152344,1,2179,2179,26,20,-18,-13,-19
28.156250,2,2179,2179,26,20,-18,-13,-19
28.160156,2,2179,2179,26,20,-18,-14,-19
28.164062,2,2179,2179,26,20,-18,-14,-19
28.167969,2,2179,2179,26,20,-18,-14,-19
28.171875,3,2179,2179,26,21,-18,-14,-19
28.175781,3,2179,2179,26,20,-18,-14,-19
28.179688,3,2179,2179,26,20,-18,-14,-19
28.183594,3,2179,2179,26,21,-19,-15,-19
28.187500,3,2179,2179,26,21,-19,-14,-19
28.191406,3,2179,2179,26,20,-19,-14,-19
28.195312,3,2179,2179,26,20,-19,-14,-19
28.199219,3,2179,2179,26,21,-19,-14,-19
28.203125,3,2179,2179,26,21,-19,-14,-19
28.207031,3,2179,2179,26,21,-19,-14,-20
28.210938,3,2179,2179,26,21,-19,-14,-19
28.214844,3,2179,2179,26,21,-19,-14,-20
28.218750,3,2179,2179,26,21,-19,-14,-19
28.222656,3,2179,2179,26,21,-19,-14,-19
28.226562,3,2179,2179,26,20,-19,-14,-19
28.230469,2,2179,2179,26,20,-19,-14,-19
28.234375,2,2179,2179,26,20,-19,-14,-19
28.238281,2,2179,2179,26,21,-19,-14,-19
28.242188,2,2179,2179,26,20,-18,-14,-19
28.246094,2,2179,2179,26,20,-18,-14,-19
28.250000,2,2179,2179,26,21,-18,-14,-19
28.253906,2,2179,2179,26,21,-18,-14,-19
28.257812,2,2179,2179,26,21,-18,-13,-19
28.261719,2,2179,2179,26,20,-18,-13,-19
28.265625,2,2179,2179,26,20,-18,-14,-19
28.269531,2,2179,2179,26,21,-18,-14,-19
28.273438,2,2179,2179,26,21,-18,-14,-19
28.277344,2,2179,2179,26,20,-19,-13,-19
28.281250,1,2179,2179,26,20,-19,-13,-19
28.285156,2,2179,2179,26,20,-18,-14,-19
28.289062,2,2179,2179,26,20,-18,-14,-19
28.292969,2,2179,2179,25,20,-18,-14,-19
28.296875,2,2179,2179,25,20,-18,-14,-19
28.300781,2,2179,2179,26,20,-19,-14,-19
28.304688,2,2179,2179,26,20,-19,-14,-19
28.308594,3,2179,2179,25,20,-19,-13,-20
28.312500,3,2179,2179,25,20,-19,-14,-19
28.316406,2,2179,2179,26,20,-19,-14,-19
28.320312,2,2179,2179,26,20,-19,-14,-19
28.324219,3,2179,2179,26,20,-19,-14,-19
28.328125,3,2179,2179,26,20,-19,-14,-19
28.332031,3,2179,2179,26,20,-19,-14,-20
28.335938,3,2179,2179,26,21,-19,-14,-20
28.339844,4,2179,2179,26,21,-19,-14,-19
28.343750,4,2179,2179,26,20,-19,-14,-19
28.347656,3,2179,2179,26,20,-19,-14,-19
28.351562,3,2179,2179,26,21,-19,-14,-19
28.355469,3,2179,2179,26,20,-19,-14,-19
28.359375,3,2179,2179,26,20,-19,-14,-19
28.363281,4,2179,2179,26,20,-18,-14,-19
28.367188,3,2179,2179,26,21,-18,-14,-19
28.371094,4,2179,2179,26,21,-18,-13,-19
28.375000,4,2179,2179,26,20,-18,-13,-19
28.378906,4,2179,2179,26,20,-18,-14,-19
28.382812,5,2179,2179,26,21,-18,-14,-19
28.386719,5,2179,2179,26,21,-18,-14,-19
28.390625,6,2179,2179,26,21,-18,-13,-19
28.394531,6,2179,2179,26,20,-19,-14,-19
28.398438,6,2179,2179,26,20,-19,-13,-19
28.402344,6,2179,2179,26,21,-19,-14,-19
28.406250,7,2179,2179,26,21,-19,-13,-19
28.410156,7,2179,2179,26,20,-19,-13,-19
28.414062,8,2179,2179,26,20,-19,-14,-19
28.417969,8,2179,2179,26,21,-19,-14,-20
28.421875,8,2179,2179,26,21,-19,-14,-20
28.425781,8,2179,2179,26,20,-19,-14,-20
28.429688,8,2179,2179,26,20,-19,-14,-20
28.433594,8,2179,2179,26,21,-19,-13,-19
28.437500,8,2179,2179,26,21,-19,-14,-19
28.441406,9,2179,2179,26,20,-19,-14,-19
28.445312,9,2179,2179,26,20,-19,-14,-19
28.449219,9,2179,2179,26,21,-19,-14,-19
28.453125,9,2179,2179,26,21,-19,-14,-19
28.457031,10,2179,2179,26,21,-18,-14,-19
28.460938,11,2179,2179,26,20,-19,-14,-19
28.464844,11,2179,2179,26,20,-19,-14,-19
28.468750,12,2179,2179,26,20,-19,-14,-19
28.472656,13,2179,2179,26,20,-19,-14,-19
28.476562,13,2179,2179,26,20,-19,-14,-19
28.480469,14,2179,2179,26,20,-18,-14,-19
28.484375,14,2179,2179,26,20,-19,-14,-19
28.488281,15,2179,2179,26,21,-19,-14,-19
28.492188,16,2179,2179,26,20,-18,-13,-19
28.496094,17,2179,2179,26,20,-19,-13,-19
28.500000,18,2179,2179,26,21,-19,-13,-19
28.503906,18,2179,2179,26,21,-18,-13,-19
28.507812,19,2179,2179,26,20,-18,-13,-20
28.511719,20,2179,2179,26,20,-18,-14,-19
28.515625,21,2179,2179,26,20,-18,-14,-20
28.519531,21,2179,2179,26,20,-19,-13,-20
28.523438,23,2179,2179,26,20,-18,-13,-19
28.527344,24,2179,2179,25,20,-19,-14,-20
28.531250,25,2179,2179,25,20,-19,-14,-20
28.535156,26,2179,2179,26,20,-19,-14,-20
28.539062,28,2179,2179,26,20,-19,-14,-20
28.542969,29,2179,2179,25,20,-19,-14,-20
28.546875,30,2179,2179,25,20,-19,-14,-20
28.550781,32,2179,2179,26,20,-19,-14,-19
28.554688,33,2179,2179,26,20,-19,-14,-20
28.558594,35,2179,2179,26,20,-19,-13,-19
28.562500,36,2179,2179,26,20,-19,-14,-19
28.566406,37,2179,2179,26,20,-21,-14,-19
28.570312,39,2179,2179,26,20,-19,-14,-19
28.574219,41,2179,2179,26,20,-19,-14,-19
28.578125,42,2179,2179,26,20,-19,-14,-19
28.582031,43,2179,2179,26,20,-19,-14,-19
28.585938,45,2179,2179,26,20,-18,-14,-19
28.589844,46,2179,2179,26,20,-18,-13,-19
28.593750,48,2179,2179,26,20,-18,-14,-19
28.597656,49,2179,2179,26,20,-18,-14,-19
28.601562,50,2179,2179,26,21,-18,-14,-19
28.605469,51,2179,2179,26,21,-19,-14,-19
28.609375,52,2179,2179,26,21,-19,-14,-19
28.613281,53,2179,2179,26,21,-19,-14,-19
28.617188,53,2179,2179,26,21,-19,-14,-19
28.621094,54,2179,2179,26,21,-19,-14,-19
28.625000,54,2179,2179,26,21,-18,-14,-19
28.628906,55,2179,2179,26,21,-18,-14,-19
28.632812,55,2179,2179,26,21,-18,-14,-19
28.636719,56,2179,2179,26,21,-18,-14,-19
28.640625,57,2179,2179,26,21,-19,-14,-19
28.644531,58,2179,2179,26,20,-19,-14,-19
28.648438,58,2179,2179,26,21,-19,-14,-19
28.652344,58,2179,2179,26,21,-19,-14,-19
28.656250,59,2179,2179,26,21,-19,-14,-20
28.660156,60,2179,2179,26,20,-19,-14,-19
28.664062,60,2179,2179,26,20,-19,-14,-19
28.667969,61,2179,2179,26,21,-19,-14,-19
28.671875,62,2179,2179,26,21,-19,-14,-19
28.675781,62,2179,2179,26,20,-19,-14,-19
28.679688,63,2179,2179,26,20,-19,-14,-19
28.683594,63,2179,2179,26,20,-19,-14,-19
28.687500,64,2179,2179,26,21,-19,-14,-19
28.691406,64,2179,2179,26,20,-14,-14,-19
28.695312,65,2179,2179,26,20,-18,-14,-19
28.699219,65,2179,2179,26,20,-18,-14,-19
28.703125,66,2179,2179,26,20,-18,-14,-19
28.707031,67,2179,2179,26,20,-18,-14,-19
28.710938,67,2179,2179,26,20,-18,-14,-19
28.714844,68,2179,2179,26,20,-19,-14,-19
28.718750,68,2179,2179,26,20,-18,-14,-19
28.722656,69,2179,2179,26,20,-18,-14,-19
28.726562,69,2179,2179,26,20,-19,-13,-19
28.730469,69,2179,2179,26,20,-18,-14,-19
28.734375,70,2179,2179,26,20,-19,-14,-20
28.738281,70,2179,2179,26,20,-19,-14,-20
28.742188,71,2179,2179,25,20,-18,-13,-20
28.746094,71,2179,2179,25,20,-18,-14,-19
28.750000,71,2179,2179,26,20,-19,-14,-19
28.753906,71,2179,2179,26,20,-19,-14,-20
28.757812,72,2179,2179,26,20,-19,-14,-20
28.761719,72,2179,2179,26,20,-19,-14,-20
28.765625,72,2179,2179,27,20,-19,-14,-19
28.769531,72,2179,2179,27,20,-19,-14,-19
28.773438,72,2179,2179,27,20,-19,-14,-19
28.777344,73,2179,2179,27,20,-19,-14,-19
28.781250,73,2179,2179,27,20,-19,-14,-19
28.785156,73,2179,2179,27,21,-19,-14,-20
28.789062,73,2179,2179,27,21,-19,-14,-19
28.792969,73,2179,2179,26,21,-19,-14,-19
28.796875,73,2179,2179,26,21,-19,-14,-19
28.800781,73,2179,2179,26,21,-19,-14,-19
28.804688,73,2179,2179,26,21,-19,-14,-19
28.808594,73,2179,2179,26,21,-18,-13,-19
28.812500,74,2179,2179,26,21,-18,-14,-19
28.816406,74,2179,2179,27,21,-25,-14,-19
28.820312,74,2179,2179,28,21,-18,-14,-19
28.824219,75,2179,2179,28,21,-18,-14,-19
28.828125,75,2179,2179,28,20,-18,-13,-19
28.832031,75,2179,2179,29,20,-18,-14,-19
28.835938,75,2179,2179,29,20,-18,-14,-19
28.839844,75,2179,2179,30,21,-19,-14,-19
28.843750,75,2179,2179,30,20,-18,-14,-19
28.847656,74,2179,2179,30,20,-19,-14,-19
28.851562,74,2179,2179,31,20,-19,-14,-19
28.855469,74,2179,2179,32,20,-19,-14,-19
28.859375,74,2179,2179,33,20,-19,-14,-19
28.863281,75,2179,2179,34,20,-19,-14,-19
28.867188,74,2179,2179,36,20,-19,-14,-19
28.871094,74,2179,2179,37,20,-19,-14,-19
28.875000,75,2179,2179,39,20,-19,-14,-19
28.878906,75,2179,2179,40,20,-19,-14,-19
28.882812,75,2179,2179,42,20,-19,-14,-19
28.886719,74,2179,2179,44,21,-19,-14,-20
28.890625,75,2179,2179,45,21,-19,-14,-20
28.894531,75,2179,2179,47,20,-19,-14,-19
28.898438,74,2179,2179,48,20,-19,-14,-19
28.902344,74,2179,2179,49,20,-19,-14,-19
28.906250,74,2179,2179,51,20,-19,-14,-19
28.910156,74,2179,2179,51,20,-19,-14,-19
28.914062,74,2179,2179,52,20,-19,-14,-19
28.917969,74,2179,2179,54,20,-19,-14,-19
28.921875,74,2179,2179,54,20,-18,-14,-19
28.925781,74,2179,2179,55,20,-18,-14,-19
28.929688,74,2179,2179,56,20,-18,-13,-19
28.933594,74,2179,2179,57,20,-18,-14,-19
28.937500,74,2179,2179,58,20,-18,-13,-19
28.941406,74,2179,2179,59,20,-13,-14,-19
28.945312,74,2179,2179,60,20,-18,-14,-19
28.949219,74,2179,2179,62,20,-18,-14,-19
28.953125,74,2179,2179,64,20,-18,-13,-19
28.957031,74,2179,2179,65,21,-18,-13,-19
28.960938,75,2179,2179,67,20,-19,-14,-19
28.964844,75,2179,2179,68,20,-19,-14,-19
28.968750,75,2179,2179,70,21,-19,-14,-19
28.972656,75,2179,2179,72,20,-19,-14,-19
28.976562,76,2179,2179,73,20,-19,-14,-19
28.980469,75,2179,2179,75,20,-19,-14,-20
28.984375,75,2179,2179,76,20,-19,-14,-20
28.988281,75,2179,2179,77,21,-19,-14,-19
28.992188,75,2179,2179,77,20,-19,-14,-19
28.996094,75,2179,2179,78,20,-19,-14,-19
29.000000,75,2179,2179,79,21,-19,-14,-19
29.003906,74,2179,2179,79,21,-19,-14,-19
29.007812,75,2179,2179,80,21,-19,-14,-19
29.011719,75,2179,2179,81,21,-19,-14,-19
29.015625,75,2179,2179,82,21,-19,-14,-19
29.019531,75,2179,2179,84,21,-18,-14,-19
29.023438,75,2179,2179,85,21,-18,-14,-19
29.027344,75,2179,2179,85,21,-19,-14,-19
29.031250,74,2179,2179,85,20,-18,-14,-19
29.035156,74,2179,2179,86,21,-18,-14,-19
29.039062,75,2179,2179,87,21,-19,-14,-19
29.042969,75,2179,2179,87,21,-18,-13,-19
29.046875,74,2179,2179,88,20,-18,-13,-19
29.050781,75,2179,2179,90,21,-18,-14,-19
29.054688,75,2179,2179,91,21,-19,-14,-19
29.058594,75,2179,2179,92,21,-18,-13,-19
29.062500,74,2179,2179,92,20,-19,-13,-19
29.066406,74,2179,2179,93,21,-21,-13,-19
29.070312,74,2179,2179,93,21,-19,-13,-19
29.074219,74,2179,2179,92,20,-19,-14,-19
29.078125,74,2179,2179,92,21,-19,-14,-19
29.082031,74,2179,2179,93,20,-19,-14,-19
29.085938,75,2179,2179,93,21,-19,-14,-19
29.089844,75,2179,2179,95,21,-19,-14,-19
29.093750,75,2179,2179,95,20,-19,-14,-19
29.097656,75,2179,2179,96,20,-19,-14,-20
29.101562,75,2179,2179,98,20,-19,-14,-20
29.105469,75,2179,2179,98,20,-19,-14,-20
29.109375,75,2179,2179,99,20,-19,-14,-20
29.113281,75,2179,2179,99,20,-19,-14,-19
29.117188,74,2179,2179,100,20,-19,-14,-20
29.121094,75,2179,2179,100,20,-19,-14,-20
29.125000,75,2179,2179,100,20,-18,-14,-20
29.128906,75,2179,2179,101,20,-19,-14,-20
29.132812,75,2179,2179,101,20,-19,-14,-20
29.136719,75,2179,2179,102,20,-18,-14,-19
29.140625,74,2179,2179,102,20,-19,-14,-19
29.144531,74,2179,2179,102,20,-19,-14,-19
29.148438,74,2179,2179,103,20,-19,-14,-19
29.152344,74,2179,2179,104,20,-19,-13,-19
29.156250,75,2179,2179,105,20,-18,-13,-19
29.160156,75,2179,2179,106,20,-19,-13,-19
29.164062,75,2179,2179,107,20,-19,-13,-19
29.167969,75,2179,2179,108,21,-18,-13,-19
29.171875,76,2179,2179,108,21,-19,-14,-19
29.175781,76,2179,2179,108,21,-19,-14,-19
29.179688,76,2179,2179,108,21,-19,-14,-19
29.183594,76,2179,2179,108,21,-18,-14,-19
29.187500,76,2179,2179,108,21,-18,-14,-19
29.191406,76,2179,2179,107,20,-17,-14,-19
29.195312,76,2179,2179,108,20,-19,-14,-19
29.199219,76,2179,2179,108,21,-19,-14,-19
29.203125,75,2179,2179,109,21,-19,-14,-19
29.207031,75,2179,2179,109,20,-19,-14,-19
29.210938,75,2179,2179,110,20,-19,-14,-19
29.214844,75,2179,2179,110,20,-19,-14,-19
29.218750,75,2179,2179,111,21,-19,-14,-20
29.222656,75,2179,2179,111,21,-19,-14,-19
29.226562,75,2179,2179,111,21,-19,-14,-19
29.230469,75,2179,2179,111,21,-19,-14,-19
29.234375,75,2179,2179,112,21,-19,-14,-20
29.238281,74,2179,2179,112,21,-19,-14,-19
29.242188,75,2179,2179,113,21,-19,-14,-20
29.246094,75,2179,2179,113,21,-19,-14,-19
29.250000,75,2179,2179,114,21,-19,-14,-19
29.253906,75,2179,2179,114,21,-19,-14,-19
29.257812,75,2179,2179,114,20,-19,-13,-19
29.261719,75,2179,2179,114,20,-19,-14,-19
29.265625,75,2179,2179,115,20,-19,-14,-19
29.269531,75,2179,2179,115,21,-18,-13,-19
29.273438,75,2179,2179,115,20,-18,-13,-19
29.277344,75,2179,2179,115,20,-18,-13,-19
29.281250,75,2179,2179,115,20,-18,-14,-19
29.285156,75,2179,2179,115,20,-19,-14,-20
29.289062,75,2179,2179,116,20,-19,-14,-19
29.292969,75,2179,2179,115,20,-19,-14,-19
29.296875,76,2179,2179,116,20,-19,-14,-19
29.300781,75,2179,2179,116,20,-19,-14,-19
29.304688,75,2179,2179,117,20,-18,-14,-19
29.308594,75,2179,2179,117,20,-18,-14,-19
29.312500,76,2179,2179,117,20,-19,-14,-19
29.316406,75,2179,2179,118,20,-19,-14,-19
29.320312,75,2179,2179,118,20,-19,-14,-20
29.324219,75,2179,2179,118,19,-19,-14,-19
29.328125,75,2179,2179,118,20,-19,-14,-19
29.332031,75,2179,2179,119,20,-19,-14,-19
29.335938,75,2179,2179,119,21,-19,-14,-19
29.339844,75,2179,2179,119,21,-19,-14,-19
29.343750,75,2179,2179,119,20,-19,-14,-19
29.347656,75,2179,2179,119,21,-19,-14,-19
29.351562,75,2179,2179,120,21,-19,-14,-19
29.355469,75,2179,2179,120,21,-19,-14,-19
29.359375,75,2179,2179,120,21,-19,-14,-19
29.363281,74,2179,2179,120,20,-19,-14,-19
29.367188,74,2179,2179,121,21,-19,-14,-19
29.371094,74,2179,2179,121,21,-18,-13,-19
29.375000,74,2179,2179,121,20,-19,-14,-20
29.378906,74,2179,2179,122,20,-19,-13,-19
29.382812,74,2179,2179,123,21,-19,-14,-19
29.386719,74,2179,2179,123,21,-19,-13,-19
29.390625,75,2179,2179,123,21,-18,-14,-19
29.394531,75,2179,2179,124,20,-18,-14,-19
29.398438,75,2179,2179,124,20,-19,-14,-19
29.402344,75,2179,2179,124,21,-19,-14,-20
29.406250,75,2179,2179,124,21,-18,-14,-19
29.410156,75,2179,2179,123,20,-18,-14,-19
29.414062,75,2179,2179,123,20,-19,-14,-19
29.417969,75,2179,2179,123,21,-18,-14,-19
29.421875,76,2179,2179,124,21,-18,-13,-19
29.425781,76,2179,2179,124,20,-19,-14,-19
29.429688,76,2179,2179,125,20,-18,-14,-19
29.433594,75,2179,2179,125,20,-19,-14,-19
29.437500,75,2179,2179,126,21,-19,-14,-19
29.441406,76,2179,2179,126,21,-18,-14,-19
29.445312,75,2179,2179,125,20,-19,-14,-19
29.449219,75,2179,2179,126,20,-19,-14,-19
29.453125,75,2179,2179,125,21,-19,-14,-19
29.457031,75,2179,2179,125,21,-19,-14,-19
29.460938,75,2179,2179,125,20,-19,-14,-19
29.464844,74,2179,2179,125,20,-18,-14,-19
29.468750,74,2179,2179,125,21,-18,-14,-19
29.472656,75,2179,2179,126,21,-18,-14,-19
29.476562,74,2179,2179,125,20,-18,-14,-19
29.480469,74,2179,2179,126,20,-19,-14,-19
29.484375,74,2179,2179,126,21,-18,-14,-19
29.488281,74,2179,2179,127,21,-18,-14,-19
29.492188,75,2179,2179,127,20,-18,-14,-19
29.496094,75,2179,2179,127,20,-18,-13,-19
29.500000,75,2179,2179,127,20,-18,-13,-19
29.503906,75,2179,2179,127,20,-18,-14,-19
29.507812,76,2179,2179,127,20,-18,-13,-19
29.511719,76,2179,2179,127,20,-18,-13,-19
29.515625,76,2179,2179,128,20,-19,-13,-19
29.519531,76,2179,2179,128,20,-19,-14,-19
29.523438,76,2179,2179,128,20,-18,-13,-19
29.527344,76,2179,2179,128,20,-19,-14,-19
29.531250,76,2179,2179,129,20,-19,-13,-20
29.535156,76,2179,2179,129,20,-19,-14,-20
29.539062,76,2179,2179,129,20,-19,-14,-20
29.542969,76,2179,2179,129,20,-19,-14,-19
29.546875,76,2179,2179,129,20,-19,-14,-20
29.550781,75,2179,2179,130,20,-19,-14,-20
29.554688,76,2179,2179,130,20,-19,-14,-20
29.558594,76,2179,2179,131,20,-19,-14,-20
29.562500,76,2179,2179,131,20,-19,-14,-20
29.566406,75,2179,2179,132,20,-19,-14,-20
29.570312,75,2179,2179,133,21,-19,-14,-19
29.574219,75,2179,2179,132,20,-19,-14,-19
29.578125,75,2179,2179,132,20,-19,-14,-19
29.582031,75,2179,2179,132,20,-19,-14,-19
29.585938,75,2179,2179,132,21,-19,-14,-19
29.589844,74,2179,2179,131,21,-19,-14,-19
29.593750,75,2179,2179,131,20,-19,-13,-19
29.597656,74,2179,2179,132,20,-18,-14,-19
29.601562,74,2179,2179,132,21,-19,-14,-19
29.605469,75,2179,2179,133,21,-18,-14,-19
29.609375,74,2179,2179,133,21,-18,-14,-19
29.613281,74,2179,2179,134,21,-18,-14,-19
29.617188,74,2179,2179,134,21,-19,-14,-19
29.621094,74,2179,2179,134,21,-19,-14,-19
29.625000,74,2179,2179,134,21,-19,-14,-19
29.628906,74,2179,2179,134,21,-19,-14,-19
29.632812,74,2179,2179,134,21,-19,-14,-19
29.636719,74,2179,2179,134,21,-19,-14,-19
29.640625,74,2179,2179,134,21,-19,-14,-19
29.644531,74,2179,2179,134,20,-19,-14,-19
29.648438,74,2179,2179,134,20,-19,-14,-20
29.652344,74,2179,2179,134,21,-19,-14,-19
29.656250,74,2179,2179,133,21,-19,-14,-19
29.660156,74,2179,2179,133,20,-19,-14,-19
29.664062,74,2179,2179,133,20,-19,-14,-20
29.667969,74,2179,2179,133,21,-19,-14,-20
29.671875,74,2179,2179,133,21,-19,-14,-20
29.675781,73,2179,2179,133,20,-19,-14,-20
29.679688,73,2179,2179,133,20,-19,-14,-19
29.683594,73,2179,2179,134,21,-19,-14,-20
29.687500,72,2179,2179,134,21,-19,-14,-19
29.691406,73,2179,2179,135,20,-19,-14,-19
29.695312,73,2179,2179,135,20,-19,-14,-19
29.699219,72,2179,2179,136,20,-19,-14,-19
29.703125,72,2179,2179,137,21,-19,-14,-19
29.707031,73,2179,2179,138,21,-19,-14,-19
29.710938,72,2179,2179,137,20,-18,-14,-19
29.714844,72,2179,2179,137,20,-19,-14,-19
29.718750,72,2179,2179,137,20,-18,-13,-19
29.722656,72,2179,2179,137,20,-18,-14,-19
29.726562,73,2179,2179,137,20,-18,-13,-19
29.730469,72,2179,2179,137,20,-18,-13,-19
29.734375,72,2179,2179,137,20,-18,-13,-21
29.738281,72,2179,2179,137,20,-18,-14,-19
29.742188,72,2179,2179,137,20,-18,-13,-19
29.746094,73,2179,2179,137,20,-18,-14,-19
29.750000,72,2179,2179,137,20,-18,-14,-19
29.753906,72,2179,2179,138,20,-18,-14,-19
29.757812,72,2179,2179,138,20,-18,-14,-19
29.761719,72,2179,2179,138,20,-18,-14,-19
29.765625,71,2179,2179,139,20,-19,-14,-19
29.769531,71,2179,2179,139,20,-19,-14,-20
29.773438,71,2179,2179,139,20,-19,-14,-19
29.777344,71,2179,2179,139,20,-19,-14,-20
29.781250,71,2179,2179,139,20,-19,-14,-20
29.785156,71,2179,2179,139,21,-19,-14,-20
29.789062,71,2179,2179,139,21,-19,-14,-19
29.792969,71,2179,2179,139,20,-19,-14,-19
29.796875,71,2179,2179,139,20,-19,-14,-19
29.800781,70,2179,2179,139,21,-19,-14,-19
29.804688,70,2179,2179,139,21,-19,-14,-19
29.808594,69,2179,2179,139,21,-19,-14,-19
29.812500,69,2179,2179,140,20,-19,-14,-19
29.816406,68,2179,2179,140,21,-19,-14,-19
29.820312,68,2179,2179,141,21,-18,-14,-19
29.824219,68,2179,2179,141,21,-18,-14,-19
29.828125,68,2179,2179,141,20,-18,-13,-19
29.832031,67,2179,2179,141,21,-18,-13,-19
29.835938,67,2179,2179,142,21,-18,-14,-19
29.839844,67,2179,2179,142,21,-18,-13,-19
29.843750,67,2179,2179,141,20,-18,-13,-19
29.847656,67,2179,2179,141,20,-18,-13,-19
29.851562,66,2179,2179,141,21,-18,-14,-19
29.855469,66,2179,2179,141,21,-19,-14,-19
29.859375,65,2179,2179,141,20,-19,-14,-19
29.863281,64,2179,2179,141,20,-19,-14,-19
29.867188,64,2179,2179,141,20,-19,-14,-19
29.871094,63,2179,2179,141,20,-19,-14,-20
29.875000,63,2179,2179,141,20,-19,-14,-20
29.878906,63,2179,2179,141,20,-19,-14,-20
29.882812,62,2179,2179,141,21,-19,-14,-19
29.886719,62,2179,2179,141,21,-19,-14,-19
29.890625,62,2179,2179,141,21,-19,-14,-19
29.894531,62,2179,2179,141,20,-19,-14,-19
29.898438,61,2179,2179,141,20,-18,-14,-19
29.902344,61,2179,2179,141,21,-19,-14,-19
29.906250,61,2179,2179,141,20,-19,-14,-19
29.910156,60,2179,2179,141,20,-19,-14,-19
29.914062,60,2179,2179,141,20,-19,-14,-19
29.917969,59,2179,2179,142,20,-19,-14,-19
29.921875,59,2179,2179,142,20,-19,-14,-19
29.925781,59,2179,2179,142,20,-18,-14,-19
29.929688,58,2179,2179,143,20,-18,-13,-19
29.933594,58,2179,2179,143,20,-18,-13,-19
29.937500,57,2179,2179,143,20,-18,-13,-19
29.941406,57,2179,2179,142,20,-19,-13,-19
29.945312,56,2179,2179,142,20,-19,-13,-19
29.949219,55,2179,2179,142,20,-19,-14,-19
29.953125,54,2179,2179,142,20,-19,-14,-19
29.957031,54,2179,2179,141,21,-19,-14,-19
29.960938,53,2179,2179,142,20,-19,-14,-19
29.964844,52,2179,2179,142,20,-19,-14,-19
29.968750,51,2179,2179,142,21,-18,-14,-19
29.972656,50,2179,2179,142,21,-18,-14,-19
29.976562,50,2179,2179,142,20,-19,-14,-19
29.980469,48,2179,2179,142,20,-19,-14,-19
29.984375,48,2179,2179,142,20,-19,-14,-19
29.988281,46,2179,2179,142,21,-19,-14,-19
29.992188,45,2179,2179,141,20,-19,-14,-19
29.996094,43,2179,2179,141,20,-19,-14,-19
30.000000,42,2179,2179,142,20,-19,-14,-19
30.003906,40,2179,2179,142,20,-19,-14,-19
30.007812,39,2179,2179,141,20,-19,-14,-19
30.011719,37,2179,2179,140,20,-19,-14,-19
30.015625,36,2179,2179,137,20,-19,-14,-20
30.019531,34,2179,2179,133,21,-19,-14,-19
30.023438,33,2179,2179,126,21,-19,-14,-19
30.027344,31,2179,2179,118,21,-19,-14,-19
30.031250,29,2179,2179,108,21,-19,-14,-19
30.035156,27,2179,2179,96,21,-19,-14,-19
30.039062,26,2179,2179,82,21,-19,-14,-19
30.042969,24,2179,2179,67,21,-18,-14,-19
30.046875,23,2179,2179,53,21,-18,-13,-19
30.050781,22,2179,2179,41,21,-18,-14,-19
30.054688,20,2179,2179,32,21,-18,-14,-19
30.058594,20,2179,2179,28,21,-18,-14,-19
30.062500,19,2179,2179,26,21,-18,-14,-19
30.066406,18,2179,2179,27,21,-18,-14,-19
30.070312,17,2179,2179,29,21,-18,-14,-19
30.074219,17,2179,2179,31,21,-18,-14,-19
30.078125,16,2179,2179,31,20,-18,-14,-19
30.082031,15,2179,2179,30,20,-18,-14,-19
30.085938,14,2179,2179,29,21,-18,-13,-19
30.089844,13,2179,2179,27,20,-19,-13,-19
30.093750,13,2179,2179,25,20,-18,-14,-19
30.097656,12,2179,2179,24,20,-19,-14,-19
30.101562,11,2179,2179,24,20,-19,-14,-19
30.105469,11,2179,2179,25,20,-19,-14,-19
30.109375,10,2179,2179,25,20,-19,-14,-18
30.113281,10,2179,2179,26,20,-19,-14,-19
30.117188,9,2179,2179,27,20,-19,-14,-19
30.121094,8,2179,2179,27,20,-19,-14,-20
30.125000,8,2179,2179,26,20,-19,-14,-20
30.128906,8,2179,2179,26,20,-19,-14,-19
30.132812,7,2179,2179,26,20,-19,-14,-20
30.136719,7,2179,2179,26,20,-19,-14,-19
30.140625,7,2179,2179,25,20,-19,-14,-20
30.144531,6,2179,2179,25,20,-19,-14,-19
30.148438,6,2179,2179,25,20,-19,-14,-19
30.152344,5,2179,2179,26,20,-19,-14,-19
30.156250,5,2179,2179,26,20,-19,-14,-19
30.160156,5,2179,2179,26,20,-19,-14,-19
30.164062,5,2179,2179,26,20,-19,-14,-19
30.167969,5,2179,2179,26,21,-18,-14,-19
30.171875,5,2179,2179,26,21,-18,-14,-19
30.175781,5,2179,2179,26,20,-18,-14,-19
30.179688,5,2179,2179,26,20,-18,-14,-19
30.183594,4,2179,2179,26,21,-19,-14,-19
30.187500,4,2179,2179,26,21,-18,-14,-19
30.191406,4,2179,2179,26,21,-19,-14,-19
30.195312,4,2179,2179,26,20,-19,-14,-19
30.199219,4,2179,2179,26,20,-19,-14,-19
30.203125,4,2179,2179,26,21,-19,-14,-19
30.207031,4,2179,2179,26,20,-19,-14,-19
30.210938,5,2179,2179,26,20,-19,-14,-19
30.214844,4,2179,2179,26,20,-19,-14,-19
30.218750,4,2179,2179,26,21,-19,-14,-19
30.222656,4,2179,2179,26,21,-19,-14,-19
30.226562,4,2179,2179,26,21,-19,-14,-19
30.230469,4,2179,2179,26,21,-19,-14,-19
30.234375,3,2179,2179,26,21,-19,-14,-19
30.238281,3,2179,2179,26,21,-19,-14,-19
30.242188,4,2179,2179,26,21,-19,-14,-19
30.246094,4,2179,2179,26,21,-18,-14,-19
30.250000,3,2179,2179,26,21,-19,-14,-19
30.253906,4,2179,2179,26,21,-18,-14,-19
30.257812,4,2179,2179,26,21,-18,-14,-19
30.261719,3,2179,2179,26,20,-18,-14,-19
30.265625,3,2179,2179,26,20,-18,-14,-19
30.269531,2,2179,2179,26,21,-18,-14,-19
30.273438,2,2179,2179,26,21,-18,-14,-19
30.277344,2,2179,2179,26,20,-18,-14,-19
30.281250,2,2179,2179,26,20,-18,-14,-19
30.285156,2,2179,2179,26,20,-18,-14,-19
30.289062,2,2179,2179,26,20,-18,-14,-19
30.292969,2,2179,2179,25,20,-18,-13,-19
30.296875,2,2179,2179,25,20,-18,-14,-19
30.300781,2,2179,2179,26,20,-19,-14,-19
30.304688,2,2179,2179,26,20,-18,-14,-19
30.308594,2,2179,2179,25,20,-19,-14,-19
30.312500,2,2179,2179,25,20,-19,-14,-19
30.316406,1,2179,2179,25,20,-19,-14,-19
30.320312,2,2179,2179,26,20,-19,-14,-19
30.324219,2,2179,2179,25,20,-19,-14,-19
30.328125,2,2179,2179,26,20,-19,-14,-19
30.332031,2,2179,2179,25,20,-19,-14,-19
30.335938,2,2179,2179,26,20,-19,-14,-20
30.339844,2,2179,2179,26,20,-19,-14,-19
30.343750,2,2179,2179,26,20,-19,-14,-19
30.347656,2,2179,2179,26,20,-19,-14,-19
30.351562,2,2179,2179,26,21,-19,-14,-19
30.355469,2,2179,2179,26,21,-19,-14,-20
30.359375,2,2179,2179,26,20,-19,-14,-19
30.363281,2,2179,2179,26,20,-19,-14,-19
30.367188,2,2179,2179,26,20,-18,-15,-19
30.371094,1,2179,2179,26,21,-18,-14,-19
30.375000,2,2179,2179,26,20,-18,-14,-19
30.378906,2,2179,2179,26,20,-18,-14,-19
30.382812,2,2179,2179,26,21,-18,-14,-19
30.386719,2,2179,2179,26,21,-18,-14,-19
30.390625,2,2179,2179,26,21,-18,-13,-19
30.394531,3,2179,2179,26,20,-19,-13,-19
30.398438,3,2179,2179,26,20,-19,-14,-19
30.402344,3,2179,2179,26,20,-18,-14,-19
30.406250,4,2179,2179,26,21,-19,-13,-19
30.410156,4,2179,2179,26,20,-19,-14,-19
30.414062,4,2179,2179,26,20,-18,-14,-19
30.417969,4,2179,2179,26,20,-18,-14,-19
30.421875,4,2179,2179,26,21,-18,-14,-19
30.425781,5,2179,2179,26,20,-18,-14,-19
30.429688,5,2179,2179,26,20,-18,-14,-19
30.433594,5,2179,2179,26,21,-19,-14,-19
30.437500,5,2179,2179,26,21,-19,-14,-19
30.441406,5,2179,2179,26,20,-19,-14,-19
30.445312,6,2179,2179,26,20,-19,-14,-20
30.449219,6,2179,2179,26,20,-19,-14,-19
30.453125,6,2179,2179,26,21,-19,-14,-19
30.457031,7,2179,2179,26,21,-19,-14,-19
30.460938,7,2179,2179,26,20,-19,-14,-19
30.464844,7,2179,2179,26,20,-19,-14,-19
30.468750,7,2179,2179,26,21,-19,-14,-19
30.472656,7,2179,2179,26,21,-18,-14,-19
30.476562,7,2179,2179,26,20,-19,-14,-19
30.480469,7,2179,2179,26,20,-19,-14,-19
30.484375,7,2179,2179,26,21,-18,-14,-19
30.488281,6,2179,2179,26,21,-19,-14,-19
30.492188,7,2179,2179,26,20,-18,-13,-19
30.496094,7,2179,2179,26,20,-18,-14,-19
30.500000,7,2179,2179,26,21,-18,-14,-19
30.503906,7,2179,2179,26,21,-19,-13,-19
30.507812,7,2179,2179,26,20,-18,-14,-19
30.511719,7,2179,2179,26,20,-19,-14,-19
30.515625,7,2179,2179,26,20,-19,-14,-19
30.519531,7,2179,2179,26,21,-19,-14,-19
30.523438,7,2179,2179,26,20,-18,-14,-20
30.527344,7,2179,2179,26,20,-18,-14,-19
30.531250,7,2179,2179,26,20,-19,-14,-19
30.535156,7,2179,2179,26,20,-18,-14,-19
30.539062,7,2179,2179,26,20,-18,-14,-19
30.542969,7,2179,2179,26,20,-19,-14,-19
30.546875,7,2179,2179,26,20,-19,-14,-19
30.550781,6,2179,2179,26,20,-19,-14,-19
30.554688,6,2179,2179,26,20,-19,-14,-20
30.558594,7,2179,2179,26,20,-19,-14,-20
30.562500,7,2179,2179,26,20,-19,-14,-20
30.566406,6,2179,2179,26,20,-19,-14,-20
30.570312,6,2179,2179,26,21,-19,-14,-19
30.574219,7,2179,2179,26,20,-19,-14,-20
30.578125,7,2179,2179,26,20,-19,-14,-19
30.582031,7,2179,2179,26,20,-19,-14,-19
30.585938,6,2179,2179,26,20,-19,-14,-19
30.589844,6,2179,2179,26,20,-18,-14,-19
30.593750,6,2179,2179,26,20,-18,-14,-19
30.597656,6,2179,2179,26,20,-18,-14,-19
30.601562,6,2179,2179,26,21,-18,-14,-19
30.605469,6,2179,2179,26,21,-18,-13,-19
30.609375,7,2179,2179,26,21,-19,-13,-19
30.613281,7,2179,2179,26,21,-19,-14,-19
30.617188,7,2179,2179,26,21,-19,-13,-19
30.621094,7,2179,2179,26,21,-19,-14,-19
30.625000,7,2179,2179,26,20,-19,-14,-19
30.628906,7,2179,2179,26,20,-18,-14,-19
30.632812,7,2179,2179,26,21,-18,-14,-19
30.636719,7,2179,2179,26,21,-18,-14,-19
30.640625,8,2179,2179,26,21,-19,-14,-19
30.644531,8,2179,2179,26,21,-18,-14,-19
30.648438,8,2179,2179,26,21,-19,-14,-19
30.652344,8,2179,2179,26,21,-18,-14,-19
30.656250,9,2179,2179,26,20,-19,-14,-19
30.660156,9,2179,2179,26,20,-19,-14,-19
30.664062,9,2179,2179,26,20,-19,-14,-20
30.667969,9,2179,2179,26,20,-19,-14,-20
30.671875,9,2179,2179,26,20,-19,-14,-19
30.675781,9,2179,2179,26,20,-19,-14,-20
30.679688,9,2179,2179,26,20,-19,-14,-20
30.683594,9,2179,2179,26,20,-19,-14,-20
30.687500,9,2179,2179,26,20,-19,-14,-19
30.691406,9,2179,2179,26,20,-19,-14,-19
30.695312,9,2179,2179,25,20,-19,-14,-19
30.699219,8,2179,2179,26,20,-19,-14,-19
30.703125,8,2179,2179,26,20,-19,-14,-19
30.707031,9,2179,2179,26,20,-18,-14,-19
30.710938,8,2179,2179,26,20,-18,-14,-19
30.714844,8,2179,2179,26,20,-18,-14,-19
30.718750,8,2179,2179,26,20,-18,-14,-19
30.722656,9,2179,2179,26,20,-18,-14,-19
30.726562,9,2179,2179,25,20,-18,-14,-19
30.730469,8,2179,2179,26,20,-18,-14,-19
30.734375,9,2179,2179,26,20,-19,-14,-19
30.738281,8,2179,2179,26,20,-19,-14,-19
30.742188,8,2179,2179,25,20,-19,-13,-19
30.746094,8,2179,2179,25,20,-19,-14,-19
30.750000,8,2179,2179,26,20,-20,-14,-19
30.753906,7,2179,2179,26,20,-19,-14,-19
30.757812,7,2179,2179,26,20,-19,-14,-19
30.761719,7,2179,2179,26,20,-19,-14,-19
30.765625,7,2179,2179,26,20,-19,-14,-19
30.769531,7,2179,2179,26,20,-19,-14,-19
30.773438,7,2179,2179,26,20,-19,-14,-19
30.777344,7,2179,2179,26,20,-19,-14,-19
30.781250,7,2179,2179,26,20,-19,-14,-19
30.785156,7,2179,2179,26,21,-19,-14,-19
30.789062,7,2179,2179,26,21,-19,-14,-19
30.792969,7,2179,2179,26,21,-19,-14,-19
30.796875,7,2179,2179,26,21,-19,-14,-19
30.800781,6,2179,2179,26,21,-19,-14,-19
30.804688,6,2179,2179,26,21,-19,-14,-19
30.808594,7,2179,2179,26,21,-19,-14,-19
30.812500,7,2179,2179,26,20,-19,-14,-19
30.816406,6,2179,2179,26,21,-19,-14,-19
30.820312,6,2179,2179,26,21,-19,-14,-19
30.824219,6,2179,2179,26,21,-19,-14,-19
30.828125,6,2179,2179,26,20,-19,-14,-19
30.832031,6,2179,2179,26,20,-19,-14,-19
30.835938,6,2179,2179,26,20,-18,-13,-19
30.839844,6,2179,2179,26,21,-18,-13,-19
30.843750,6,2179,2179,26,20,-18,-13,-19
30.847656,5,2179,2179,26,20,-18,-13,-19
30.851562,5,2179,2179,26,21,-18,-13,-19
30.855469,5,2179,2179,26,21,-18,-14,-19
30.859375,5,2179,2179,26,20,-18,-13,-19
30.863281,5,2179,2179,26,20,-18,-14,-19
30.867188,5,2179,2179,26,20,-18,-13,-19
30.871094,5,2179,2179,26,20,-18,-14,-19
30.875000,5,2179,2179,26,20,-15,-14,-19
30.878906,5,2179,2179,26,20,-18,-14,-19
30.882812,5,2179,2179,26,20,-19,-14,-20
30.886719,5,2179,2179,26,20,-19,-14,-20
30.890625,5,2179,2179,26,20,-19,-14,-20
30.894531,5,2179,2179,26,20,-19,-14,-20
30.898438,4,2179,2179,26,20,-19,-14,-19
30.902344,4,2179,2179,26,21,-19,-14,-20
30.906250,5,2179,2179,26,20,-19,-14,-19
30.910156,5,2179,2179,26,20,-19,-14,-19
30.914062,5,2179,2179,26,20,-19,-14,-19
30.917969,5,2179,2179,26,20,-19,-14,-19
30.921875,4,2179,2179,26,20,-19,-14,-19
30.925781,5,2179,2179,26,20,-19,-14,-19
30.929688,4,2179,2179,26,20,-19,-14,-19
30.933594,4,2179,2179,26,20,-19,-14,-19
30.937500,4,2179,2179,26,20,-18,-14,-19
30.941406,5,2179,2179,26,20,-18,-14,-19
30.945312,5,2179,2179,26,20,-18,-14,-19
30.949219,5,2179,2179,26,20,-18,-14,-19
30.953125,5,2179,2179,26,20,-18,-14,-19
30.957031,5,2179,2179,26,20,-18,-13,-19
30.960938,5,2179,2179,26,20,-19,-14,-19
30.964844,5,2179,2179,26,20,-18,-14,-19
30.968750,5,2179,2179,27,21,-18,-14,-19
30.972656,5,2179,2179,27,21,-18,-14,-19
30.976562,6,2179,2179,26,20,-19,-14,-19
30.980469,6,2179,2179,26,20,-19,-14,-19
30.984375,6,2179,2179,26,20,-19,-14,-19
30.988281,6,2179,2179,26,20,-19,-14,-19
30.992188,6,2179,2179,26,20,-18,-14,-19
30.996094,6,2179,2179,26,20,-19,-14,-19
31.000000,6,2179,2179,26,20,-26,-14,-19
31.003906,6,2179,2179,26,20,-18,-14,-19
31.007812,6,2179,2179,26,20,-19,-14,-19
31.011719,6,2179,2179,26,20,-19,-14,-19
31.015625,6,2179,2179,26,20,-19,-14,-20
31.019531,6,2179,2179,26,21,-19,-14,-19
31.023438,6,2179,2179,26,21,-19,-14,-19
31.027344,6,2179,2179,26,20,-19,-14,-19
31.031250,6,2179,2179,26,21,-19,-14,-19
31.035156,5,2179,2179,26,21,-19,-14,-19
31.039062,5,2179,2179,27,21,-19,-14,-19
31.042969,5,2179,2179,26,21,-19,-14,-19
31.046875,5,2179,2179,26,20,-19,-14,-19
31.050781,5,2179,2179,26,21,-18,-14,-19
31.054688,5,2179,2179,27,21,-18,-14,-19
31.058594,6,2179,2179,26,21,-18,-14,-19
31.062500,6,2179,2179,26,20,-18,-14,-19
31.066406,6,2179,2179,26,21,-18,-13,-19
31.070312,6,2179,2179,26,21,-18,-14,-19
31.074219,6,2179,2179,26,20,-18,-13,-19
31.078125,6,2179,2179,26,20,-19,-13,-19
31.082031,6,2179,2179,26,20,-18,-14,-19
31.085938,6,2179,2179,26,21,-18,-14,-19
31.089844,6,2179,2179,26,21,-18,-14,-19
31.093750,6,2179,2179,26,20,-18,-14,-19
31.097656,6,2179,2179,25,20,-19,-14,-19
31.101562,6,2179,2179,26,20,-18,-14,-19
31.105469,7,2179,2179,26,20,-19,-14,-19
31.109375,6,2179,2179,25,20,-19,-14,-20
31.113281,6,2179,2179,25,20,-19,-14,-19
31.117188,6,2179,2179,26,20,-19,-14,-20
31.121094,6,2179,2179,26,20,-19,-14,-19
31.125000,6,2179,2179,25,20,-13,-14,-19
31.128906,7,2179,2179,25,20,-19,-14,-19
31.132812,6,2179,2179,26,20,-19,-14,-19
31.136719,7,2179,2179,26,20,-19,-14,-19
31.140625,7,2179,2179,25,20,-19,-14,-19
31.144531,7,2179,2179,25,20,-19,-14,-19
31.148438,7,2179,2179,25,20,-19,-14,-19
31.152344,7,2179,2179,26,20,-19,-14,-19
31.156250,7,2179,2179,26,20,-19,-14,-19
31.160156,7,2179,2179,26,20,-19,-13,-19
31.164062,7,2179,2179,26,20,-18,-13,-19
31.167969,8,2179,2179,26,20,-19,-14,-19
31.171875,8,2179,2179,26,21,-18,-13,-19
31.175781,8,2179,2179,26,20,-18,-14,-19
31.179688,8,2179,2179,26,20,-18,-13,-19
31.183594,8,2179,2179,26,21,-18,-13,-19
31.187500,8,2179,2179,26,21,-18,-13,-19
31.191406,9,2179,2179,26,21,-18,-14,-19
31.195312,9,2179,2179,26,21,-19,-14,-19
31.199219,9,2179,2179,26,20,-18,-14,-19
31.203125,9,2179,2179,26,21,-19,-14,-20
31.207031,9,2179,2179,26,21,-19,-14,-19
31.210938,10,2179,2179,26,20,-19,-14,-19
31.214844,10,2179,2179,26,20,-19,-14,-19
31.218750,10,2179,2179,26,21,-19,-14,-20
31.222656,10,2179,2179,26,20,-19,-14,-19
31.226562,11,2179,2179,26,20,-19,-14,-20
31.230469,10,2179,2179,26,20,-19,-14,-20
31.234375,11,2179,2179,26,21,-19,-14,-20
31.238281,11,2179,2179,26,21,-19,-14,-20
31.242188,12,2179,2179,26,20,-19,-14,-20
31.246094,12,2179,2179,26,20,-19,-14,-20
31.250000,12,2179,2179,26,21,-21,-14,-19
31.253906,13,2179,2179,26,21,-19,-14,-19
31.257812,13,2179,2179,26,21,-19,-14,-19
31.261719,14,2179,2179,26,21,-19,-14,-19
31.265625,14,2179,2179,26,20,-18,-14,-19
31.269531,14,2179,2179,26,21,-18,-14,-19
31.273438,15,2179,2179,26,21,-18,-14,-19
31.277344,15,2179,2179,26,20,-18,-14,-19
31.281250,16,2179,2179,26,20,-18,-14,-19
31.285156,17,2179,2179,26,20,-18,-13,-19
31.289062,18,2179,2179,26,20,-18,-14,-19
31.292969,19,2179,2179,26,20,-18,-13,-19
31.296875,20,2179,2179,26,20,-19,-13,-19
31.300781,20,2179,2179,26,20,-19,-14,-19
31.304688,21,2179,2179,26,20,-19,-13,-19
31.308594,23,2179,2179,26,20,-19,-14,-19
31.312500,23,2179,2179,26,20,-19,-13,-19
31.316406,24,2179,2179,26,20,-18,-14,-19
31.320312,25,2179,2179,26,20,-18,-13,-19
31.324219,26,2179,2179,26,20,-19,-14,-19
31.328125,27,2179,2179,26,20,-18,-14,-19
31.332031,28,2179,2179,26,20,-19,-14,-19
31.335938,29,2179,2179,26,20,-19,-14,-19
31.339844,31,2179,2179,26,21,-19,-14,-19
31.343750,32,2179,2179,26,20,-19,-14,-19
31.347656,34,2179,2179,26,20,-19,-14,-19
31.351562,35,2179,2179,26,21,-19,-14,-19
31.355469,37,2179,2179,26,21,-19,-14,-19
31.359375,39,2179,2179,26,20,-19,-14,-19
31.363281,41,2179,2179,26,20,-19,-14,-19
31.367188,42,2179,2179,26,20,-19,-14,-19
31.371094,44,2179,2179,26,21,-19,-14,-19
31.375000,45,2179,2179,26,20,-17,-14,-19
31.378906,47,2179,2179,26,20,-18,-14,-19
31.382812,48,2179,2179,26,22,-19,-14,-19
31.386719,50,2179,2179,26,20,-18,-14,-19
31.390625,52,2179,2179,26,21,-18,-14,-19
31.394531,53,2179,2179,26,20,-18,-14,-19
31.398438,54,2179,2179,26,20,-18,-14,-19
31.402344,55,2179,2179,26,21,-18,-14,-19
31.406250,57,2179,2179,26,21,-18,-14,-19
31.410156,57,2179,2179,26,20,-18,-14,-19
31.414062,58,2179,2179,26,20,-18,-14,-19
31.417969,58,2179,2179,26,21,-19,-14,-19
31.421875,59,2179,2179,26,21,-19,-14,-19
31.425781,60,2179,2179,26,20,-18,-13,-19
31.429688,60,2179,2179,26,20,-18,-14,-19
31.433594,61,2179,2179,26,20,-18,-14,-19
31.437500,62,2179,2179,26,20,-19,-14,-19
31.441406,63,2179,2179,26,20,-19,-14,-20
31.445312,63,2179,2179,26,20,-19,-14,-19
31.449219,63,2179,2179,26,20,-19,-14,-20
31.453125,63,2179,2179,26,21,-19,-14,-19
31.457031,63,2179,2179,26,21,-19,-14,-20
31.460938,64,2179,2179,26,21,-19,-14,-19
31.464844,63,2179,2179,26,20,-19,-14,-19
31.468750,64,2179,2179,26,21,-19,-14,-19
31.472656,64,2179,2179,26,21,-19,-14,-19
31.476562,65,2179,2179,26,20,-19,-14,-19
31.480469,65,2179,2179,26,20,-19,-14,-19
31.484375,65,2179,2179,26,21,-19,-14,-19
31.488281,65,2179,2179,26,21,-19,-14,-19
31.492188,66,2179,2179,26,21,-19,-14,-19
31.496094,66,2179,2179,26,21,-19,-14,-19
31.500000,66,2179,2179,26,21,-19,-14,-19
31.503906,66,2179,2179,26,21,-18,-14,-19
31.507812,67,2179,2179,26,20,-18,-14,-19
31.511719,67,2179,2179,26,20,-18,-13,-19
31.515625,68,2179,2179,26,20,-18,-13,-19
31.519531,68,2179,2179,26,20,-18,-14,-19
31.523438,69,2179,2179,26,20,-18,-13,-19
31.527344,70,2179,2179,25,20,-18,-14,-19
31.531250,70,2179,2179,26,20,-18,-14,-19
31.535156,70,2179,2179,26,20,-18,-14,-19
31.539062,71,2179,2179,26,20,-18,-14,-19
31.542969,72,2179,2179,26,20,-19,-14,-19
31.546875,72,2179,2179,26,20,-19,-14,-19
31.550781,72,2179,2179,26,20,-19,-14,-19
31.554688,73,2179,2179,26,20,-19,-14,-19
31.558594,73,2179,2179,26,20,-19,-14,-19
31.562500,73,2179,2179,27,20,-19,-14,-19
31.566406,73,2179,2179,27,20,-19,-14,-19
31.570312,73,2179,2179,27,21,-19,-14,-19
31.574219,73,2179,2179,27,21,-19,-14,-20
31.578125,73,2179,2179,26,20,-19,-14,-19
31.582031,73,2179,2179,26,20,-19,-14,-20
31.585938,73,2179,2179,27,21,-19,-14,-19
31.589844,73,2179,2179,27,21,-19,-14,-19
31.593750,73,2179,2179,27,20,-19,-14,-19
31.597656,73,2179,2179,27,20,-19,-14,-19
31.601562,73,2179,2179,28,21,-19,-14,-19
31.605469,74,2179,2179,28,21,-19,-14,-19
31.609375,74,2179,2179,28,21,-18,-13,-19
31.613281,74,2179,2179,28,21,-18,-14,-19
31.617188,74,2179,2179,28,21,-18,-14,-19
31.621094,74,2179,2179,28,21,-18,-13,-19
31.625000,75,2179,2179,27,21,-18,-14,-19
31.628906,75,2179,2179,27,21,-18,-14,-19
31.632812,75,2179,2179,27,20,-19,-13,-19
31.636719,75,2179,2179,28,21,-18,-13,-19
31.640625,75,2179,2179,28,21,-18,-13,-19
31.644531,75,2179,2179,28,20,-19,-13,-19
31.648438,75,2179,2179,29,20,-19,-13,-19
31.652344,75,2179,2179,29,21,-18,-13,-19
31.656250,76,2179,2179,29,21,-18,-13,-19
31.660156,76,2179,2179,30,20,-18,-13,-19
31.664062,76,2179,2179,30,20,-18,-14,-19
31.667969,76,2179,2179,32,20,-19,-14,-19
31.671875,76,2179,2179,33,20,-19,-14,-19
31.675781,76,2179,2179,34,20,-19,-14,-20
31.679688,77,2179,2179,35,20,-19,-14,-19
31.683594,77,2179,2179,37,20,-19,-14,-19
31.687500,77,2179,2179,39,20,-19,-14,-19
31.691406,77,2179,2179,40,20,-19,-14,-19
31.695312,77,2179,2179,41,20,-19,-14,-19
31.699219,77,2179,2179,43,20,-19,-14,-19
31.703125,77,2179,2179,44,20,-18,-14,-19
31.707031,77,2179,2179,45,20,-18,-14,-19
31.710938,77,2179,2179,45,20,-18,-14,-19
31.714844,77,2179,2179,46,20,-19,-14,-19
31.718750,77,2179,2179,48,20,-19,-14,-20
31.722656,77,2179,2179,49,20,-19,-14,-19
31.726562,77,2179,2179,51,20,-19,-13,-19
31.730469,77,2179,2179,53,20,-19,-14,-19
31.734375,77,2179,2179,55,20,-19,-14,-19
31.738281,77,2179,2179,56,21,-18,-14,-19
31.742188,77,2179,2179,57,20,-18,-14,-19
31.746094,77,2179,2179,58,20,-18,-13,-19
31.750000,77,2179,2179,59,21,-19,-13,-19
31.753906,77,2179,2179,60,20,-18,-13,-19
31.757812,77,2179,2179,61,19,-18,-14,-19
31.761719,77,2179,2179,63,20,-19,-13,-19
31.765625,77,2179,2179,64,20,-19,-13,-19
31.769531,77,2179,2179,66,20,-19,-14,-19
31.773438,78,2179,2179,67,20,-18,-14,-19
31.777344,78,2179,2179,68,20,-18,-14,-19
31.781250,78,2179,2179,70,20,-19,-14,-19
31.785156,78,2179,2179,71,20,-18,-14,-20
31.789062,78,2179,2179,73,21,-19,-14,-20
31.792969,78,2179,2179,73,21,-19,-14,-19
31.796875,78,2179,2179,74,21,-19,-14,-19
31.800781,77,2179,2179,76,21,-19,-14,-19
31.804688,77,2179,2179,77,21,-19,-14,-19
31.808594,77,2179,2179,77,20,-19,-14,-19
31.812500,77,2179,2179,78,20,-18,-14,-19
31.816406,77,2179,2179,79,21,-18,-14,-19
31.820312,76,2179,2179,81,21,-18,-14,-19
31.824219,76,2179,2179,82,21,-19,-14,-19
31.828125,76,2179,2179,83,20,-19,-14,-19
31.832031,76,2179,2179,85,20,-19,-14,-19
31.835938,75,2179,2179,87,21,-18,-14,-19
31.839844,76,2179,2179,88,21,-18,-14,-19
31.843750,76,2179,2179,88,21,-18,-13,-19
31.847656,76,2179,2179,89,20,-18,-13,-19
31.851562,76,2179,2179,89,21,-18,-14,-19
31.855469,76,2179,2179,89,21,-18,-14,-19
31.859375,76,2179,2179,89,21,-19,-14,-19
31.863281,76,2179,2179,89,21,-19,-14,-19
31.867188,76,2179,2179,90,21,-18,-14,-19
31.871094,76,2179,2179,91,21,-18,-14,-19
31.875000,76,2179,2179,91,20,-18,-14,-19
31.878906,76,2179,2179,92,20,-19,-14,-20
31.882812,76,2179,2179,93,20,-19,-14,-19
31.886719,77,2179,2179,93,20,-19,-14,-19
31.890625,77,2179,2179,95,20,-19,-14,-19
31.894531,77,2179,2179,94,20,-19,-14,-19
31.898438,77,2179,2179,95,20,-19,-14,-19
31.902344,77,2179,2179,97,21,-19,-14,-19
31.906250,78,2179,2179,97,21,-19,-14,-19
31.910156,78,2179,2179,98,20,-19,-14,-19
31.914062,77,2179,2179,99,20,-19,-14,-20
31.917969,77,2179,2179,99,21,-19,-14,-20
31.921875,77,2179,2179,100,21,-19,-14,-19
31.925781,78,2179,2179,100,20,-19,-14,-19
31.929688,78,2179,2179,100,20,-19,-14,-19
31.933594,78,2179,2179,101,20,-19,-14,-19
31.937500,78,2179,2179,101,20,-18,-14,-19
31.941406,78,2179,2179,101,20,-19,-14,-19
31.945312,78,2179,2179,102,20,-19,-14,-19
31.949219,78,2179,2179,103,20,-19,-14,-19
31.953125,78,2179,2179,103,21,-18,-14,-19
31.957031,78,2179,2179,103,21,-18,-14,-19
31.960938,78,2179,2179,103,20,-18,-14,-19
31.964844,78,2179,2179,103,20,-18,-14,-19
31.968750,79,2179,2179,104,21,-18,-14,-19
31.972656,79,2179,2179,105,21,-18,-14,-19
31.976562,79,2179,2179,105,20,-18,-14,-19
31.980469,79,2179,2179,105,20,-18,-14,-19
31.984375,78,2179,2179,106,20,-18,-14,-19
31.988281,78,2179,2179,107,20,-19,-13,-19
31.992188,79,2179,2179,107,20,-18,-14,-19
31.996094,79,2179,2179,107,20,-19,-14,-19
32.000000,79,2179,2179,108,20,-19,-14,-19
32.003906,79,2179,2179,108,20,-19,-14,-19
32.007812,79,2179,2179,108,20,-18,-14,-19
32.011719,79,2179,2179,109,20,-18,-14,-19
32.015625,79,2179,2179,109,20,-18,-14,-19
32.019531,79,2179,2179,109,21,-19,-14,-19
32.023438,79,2179,2179,110,21,-19,-14,-19
32.027344,79,2179,2179,110,20,-19,-14,-19
32.031250,79,2179,2179,110,21,-19,-14,-19
32.035156,79,2179,2179,111,21,-19,-14,-19
32.039062,79,2179,2179,112,21,-19,-14,-19
32.042969,79,2179,2179,112,20,-19,-14,-20
32.046875,79,2179,2179,112,20,-19,-14,-19
32.050781,79,2179,2179,113,21,-19,-14,-19
32.054688,79,2179,2179,113,21,-18,-14,-19
32.058594,79,2179,2179,114,21,-18,-14,-19
32.062500,79,2179,2179,114,21,-18,-14,-19
32.066406,79,2179,2179,115,21,-18,-14,-19
32.070312,79,2179,2179,116,21,-18,-14,-19
32.074219,79,2179,2179,116,21,-18,-14,-19
32.078125,80,2179,2179,116,21,-19,-14,-19
32.082031,79,2179,2179,116,21,-19,-14,-19
32.085938,79,2179,2179,116,21,-19,-14,-19
32.089844,80,2179,2179,116,21,-19,-14,-19
32.093750,80,2179,2179,116,20,-19,-14,-19
32.097656,80,2179,2179,116,20,-19,-14,-19
32.101562,80,2179,2179,116,20,-19,-14,-19
32.105469,80,2179,2179,116,20,-18,-14,-19
32.109375,80,2179,2179,116,20,-19,-13,-19
32.113281,80,2179,2179,116,20,-19,-14,-19
32.117188,80,2179,2179,117,20,-19,-14,-19
32.121094,80,2179,2179,116,20,-19,-14,-19
32.125000,80,2179,2179,116,20,-19,-14,-20
32.128906,80,2179,2179,116,20,-19,-14,-19
32.132812,79,2179,2179,117,20,-19,-14,-19
32.136719,79,2179,2179,117,20,-19,-14,-19
32.140625,80,2179,2179,117,20,-19,-14,-19
32.144531,80,2179,2179,119,20,-19,-14,-19
32.148438,79,2179,2179,119,20,-19,-14,-19
32.152344,79,2179,2179,120,20,-19,-14,-19
32.156250,79,2179,2179,120,20,-19,-14,-19
32.160156,79,2179,2179,119,20,-19,-14,-19
32.164062,79,2179,2179,119,20,-19,-14,-19
32.167969,79,2179,2179,119,20,-19,-14,-19
32.171875,78,2179,2179,119,20,-18,-14,-19
32.175781,79,2179,2179,119,20,-18,-14,-19
32.179688,79,2179,2179,119,20,-18,-13,-19
32.183594,78,2179,2179,120,20,-18,-14,-19
32.187500,79,2179,2179,120,21,-18,-14,-19
32.191406,79,2179,2179,121,20,-18,-14,-19
32.195312,79,2179,2179,121,21,-18,-14,-19
32.199219,78,2179,2179,122,21,-18,-13,-19
32.203125,78,2179,2179,123,21,-18,-13,-19
32.207031,79,2179,2179,123,21,-18,-13,-19
32.210938,79,2179,2179,124,20,-18,-14,-19
32.214844,79,2179,2179,124,20,-18,-14,-19
32.218750,79,2179,2179,124,21,-19,-14,-19
32.222656,79,2179,2179,124,21,-18,-14,-19
32.226562,79,2179,2179,123,20,-19,-14,-19
32.230469,79,2179,2179,124,20,-19,-14,-19
32.234375,79,2179,2179,124,20,-19,-14,-19
32.238281,79,2179,2179,125,20,-19,-14,-19
32.242188,79,2179,2179,125,20,-19,-14,-20
32.246094,79,2179,2179,125,20,-19,-14,-19
32.250000,79,2179,2179,126,21,-19,-14,-19
32.253906,79,2179,2179,126,21,-19,-14,-20
32.257812,79,2179,2179,126,21,-19,-14,-19
32.261719,79,2179,2179,125,20,-19,-14,-19
32.265625,79,2179,2179,124,20,-19,-14,-19
32.269531,78,2179,2179,125,21,-19,-14,-20
32.273438,78,2179,2179,125,21,-19,-14,-19
32.277344,78,2179,2179,125,20,-19,-14,-19
32.281250,77,2179,2179,125,20,-19,-14,-19
32.285156,77,2179,2179,126,20,-18,-14,-19
32.289062,78,2179,2179,126,20,-18,-14,-19
32.292969,78,2179,2179,126,20,-18,-14,-18
32.296875,78,2179,2179,126,20,-18,-14,-19
32.300781,78,2179,2179,126,20,-18,-14,-19
32.304688,78,2179,2179,126,20,-18,-14,-19
32.308594,78,2179,2179,126,20,-18,-14,-19
32.312500,78,2179,2179,127,20,-19,-14,-19
32.316406,78,2179,2179,128,20,-19,-14,-19
32.320312,78,2179,2179,128,20,-19,-14,-19
32.324219,78,2179,2179,128,20,-19,-14,-20
32.328125,78,2179,2179,128,20,-19,-14,-19
32.332031,78,2179,2179,128,20,-19,-14,-19
32.335938,78,2179,2179,128,20,-18,-14,-19
32.339844,79,2179,2179,128,20,-19,-14,-19
32.343750,78,2179,2179,128,20,-19,-14,-19
32.347656,78,2179,2179,129,20,-19,-14,-19
32.351562,78,2179,2179,130,20,-19,-14,-20
32.355469,78,2179,2179,131,20,-19,-14,-20
32.359375,78,2179,2179,131,20,-19,-14,-19
32.363281,78,2179,2179,131,20,-19,-14,-20
32.367188,78,2179,2179,132,21,-19,-14,-19
32.371094,78,2179,2179,132,21,-19,-14,-19
32.375000,78,2179,2179,131,20,-19,-14,-19
32.378906,78,2179,2179,131,20,-19,-14,-19
32.382812,77,2179,2179,131,20,-18,-14,-19
32.386719,77,2179,2179,131,21,-18,-14,-19
32.390625,77,2179,2179,131,21,-18,-14,-19
32.394531,77,2179,2179,131,20,-18,-14,-19
32.398438,77,2179,2179,131,20,-18,-14,-19
32.402344,77,2179,2179,132,21,-18,-14,-19
32.406250,78,2179,2179,132,21,-18,-13,-19
32.410156,78,2179,2179,132,20,-18,-13,-19
32.414062,77,2179,2179,133,20,-18,-14,-19
32.417969,77,2179,2179,133,21,-18,-14,-19
32.421875,77,2179,2179,134,21,-18,-14,-19
32.425781,78,2179,2179,133,20,-18,-13,-19
32.429688,78,2179,2179,133,20,-19,-13,-19
32.433594,78,2179,2179,133,21,-19,-14,-19
32.437500,78,2179,2179,133,20,-19,-14,-19
32.441406,78,2179,2179,133,20,-18,-14,-19
32.445312,78,2179,2179,133,20,-18,-14,-19
32.449219,78,2179,2179,133,20,-19,-14,-19
32.453125,78,2179,2179,134,20,-19,-14,-19
32.457031,78,2179,2179,134,20,-19,-14,-20
32.460938,78,2179,2179,135,20,-19,-14,-20
32.464844,78,2179,2179,135,20,-19,-14,-20
32.468750,78,2179,2179,135,21,-19,-14,-19
32.472656,78,2179,2179,135,21,-19,-14,-19
32.476562,79,2179,2179,135,20,-19,-14,-19
32.480469,78,2179,2179,135,20,-19,-14,-19
32.484375,78,2179,2179,135,21,-19,-14,-19
32.488281,78,2179,2179,135,21,-19,-14,-19
32.492188,78,2179,2179,135,21,-19,-14,-19
32.496094,77,2179,2179,135,21,-19,-14,-19
32.500000,77,2179,2179,136,21,-19,-14,-19
32.503906,77,2179,2179,136,21,-19,-14,-19
32.507812,77,2179,2179,136,21,-18,-14,-19
32.511719,77,2179,2179,136,20,-18,-14,-19
32.515625,76,2179,2179,136,20,-19,-14,-19
32.519531,76,2179,2179,137,21,-18,-14,-19
32.523438,77,2179,2179,137,21,-18,-14,-19
32.527344,77,2179,2179,137,20,-18,-14,-19
32.531250,76,2179,2179,137,20,-18,-14,-19
32.535156,76,2179,2179,138,20,-18,-14,-19
32.539062,77,2179,2179,138,20,-19,-14,-19
32.542969,77,2179,2179,138,20,-18,-14,-19
32.546875,77,2179,2179,138,20,-19,-14,-19
32.550781,77,2179,2179,138,20,-19,-15,-19
32.554688,77,2179,2179,138,20,-19,-14,-19
32.558594,78,2179,2179,137,20,-19,-14,-19
32.562500,78,2179,2179,137,20,-19,-14,-19
32.566406,77,2179,2179,137,20,-19,-14,-19
32.570312,77,2179,2179,137,20,-19,-14,-19
32.574219,77,2179,2179,137,20,-19,-14,-19
32.578125,77,2179,2179,137,20,-19,-14,-19
32.582031,77,2179,2179,138,20,-19,-14,-19
32.585938,77,2179,2179,138,20,-19,-14,-19
32.589844,77,2179,2179,139,20,-19,-14,-19
32.593750,76,2179,2179,139,20,-19,-14,-19
32.597656,76,2179,2179,140,20,-19,-14,-19
32.601562,75,2179,2179,140,21,-18,-14,-20
32.605469,75,2179,2179,141,21,-18,-14,-19
32.609375,75,2179,2179,140,20,-18,-14,-19
32.613281,75,2179,2179,140,20,-18,-14,-19
32.617188,74,2179,2179,140,21,-19,-14,-19
32.621094,74,2179,2179,140,21,-18,-14,-19
32.625000,75,2179,2179,140,21,-19,-14,-19
32.628906,75,2179,2179,140,21,-19,-14,-19
32.632812,74,2179,2179,141,21,-19,-14,-19
32.636719,74,2179,2179,141,21,-18,-14,-19
32.640625,74,2179,2179,142,21,-18,-14,-19
32.644531,74,2179,2179,141,21,-18,-14,-19
32.648438,73,2179,2179,141,21,-18,-14,-19
32.652344,73,2179,2179,142,21,-18,-14,-19
32.656250,74,2179,2179,141,21,-18,-14,-19
32.660156,74,2179,2179,141,21,-18,-14,-19
32.664062,73,2179,2179,141,20,-18,-14,-19
32.667969,73,2179,2179,141,21,-18,-14,-19
32.671875,73,2179,2179,141,21,-18,-14,-19
32.675781,73,2179,2179,141,20,-19,-13,-19
32.679688,73,2179,2179,141,20,-19,-14,-19
32.683594,72,2179,2179,141,20,-19,-14,-19
32.687500,71,2179,2179,141,20,-19,-14,-19
32.691406,72,2179,2179,141,20,-19,-14,-19
32.695312,72,2179,2179,141,20,-19,-14,-19
32.699219,71,2179,2179,141,20,-19,-14,-19
32.703125,72,2179,2179,142,20,-19,-14,-19
32.707031,72,2179,2179,142,20,-19,-14,-19
32.710938,72,2179,2179,142,20,-19,-14,-19
32.714844,71,2179,2179,142,20,-19,-14,-19
32.718750,71,2179,2179,143,21,-19,-14,-19
32.722656,70,2179,2179,143,20,-19,-14,-19
32.726562,70,2179,2179,143,20,-19,-14,-19
32.730469,70,2179,2179,143,20,-18,-14,-19
32.734375,69,2179,2179,143,20,-18,-14,-19
32.738281,69,2179,2179,143,20,-18,-14,-19
32.742188,69,2179,2179,142,20,-18,-14,-19
32.746094,68,2179,2179,142,20,-18,-13,-19
32.750000,68,2179,2179,143,20,-18,-14,-19
32.753906,68,2179,2179,143,20,-18,-14,-19
32.757812,68,2179,2179,143,21,-18,-14,-19
32.761719,67,2179,2179,143,20,-19,-13,-19
32.765625,67,2179,2179,143,20,-19,-14,-19
32.769531,66,2179,2179,143,21,-19,-13,-19
32.773438,66,2179,2179,143,21,-18,-13,-19
32.777344,66,2179,2179,143,20,-19,-13,-19
32.781250,66,2179,2179,143,20,-19,-14,-19
32.785156,66,2179,2179,143,20,-19,-14,-19
32.789062,66,2179,2179,144,21,-18,-14,-19
32.792969,65,2179,2179,143,20,-19,-14,-19
32.796875,64,2179,2179,144,20,-19,-14,-20
32.800781,64,2179,2179,145,21,-19,-13,-19
32.804688,64,2179,2179,145,21,-19,-14,-20
32.808594,63,2179,2179,144,21,-19,-14,-19
32.812500,63,2179,2179,144,21,-19,-14,-19
32.816406,62,2179,2179,144,21,-19,-14,-20
32.820312,62,2179,2179,144,21,-19,-14,-19
32.824219,61,2179,2179,143,21,-18,-14,-19
32.828125,61,2179,2179,143,20,-19,-14,-19
32.832031,60,2179,2179,143,20,-19,-14,-19
32.835938,59,2179,2179,143,21,-19,-14,-19
32.839844,58,2179,2179,144,20,-19,-14,-19
32.843750,58,2179,2179,144,20,-19,-14,-19
32.847656,56,2179,2179,144,20,-19,-14,-19
32.851562,55,2179,2179,145,21,-18,-14,-19
32.855469,54,2179,2179,145,21,-18,-14,-19
32.859375,53,2179,2179,145,20,-18,-13,-19
32.863281,53,2179,2179,145,20,-19,-13,-19
32.867188,51,2179,2179,145,21,-18,-13,-19
32.871094,50,2179,2179,145,21,-18,-14,-19
32.875000,49,2179,2179,145,21,-18,-14,-19
32.878906,48,2179,2179,145,20,-18,-14,-19
32.882812,46,2179,2179,145,20,-18,-14,-19
32.886719,44,2179,2179,145,21,-18,-14,-19
32.890625,42,2179,2179,145,21,-18,-14,-19
32.894531,40,2179,2179,144,20,-18,-14,-19
32.898438,38,2179,2179,143,20,-18,-14,-20
32.902344,35,2179,2179,140,21,-18,-14,-19
32.906250,33,2179,2179,135,20,-18,-14,-19
32.910156,31,2179,2179,126,20,-19,-14,-19
32.914062,29,2179,2179,113,20,-19,-14,-20
32.917969,28,2179,2179,98,20,-19,-14,-20
32.921875,26,2179,2179,82,21,-19,-14,-19
32.925781,25,2179,2179,65,20,-19,-13,-19
32.929688,24,2179,2179,51,20,-19,-14,-19
32.933594,23,2179,2179,41,20,-19,-14,-19
32.937500,22,2179,2179,35,20,-19,-14,-19
32.941406,21,2179,2179,33,20,-19,-14,-19
32.945312,20,2179,2179,33,20,-19,-14,-19
32.949219,19,2179,2179,34,20,-19,-14,-19
32.953125,18,2179,2179,35,21,-18,-14,-19
32.957031,18,2179,2179,34,21,-18,-14,-19
32.960938,17,2179,2179,32,20,-19,-14,-19
32.964844,16,2179,2179,29,20,-19,-13,-19
32.968750,16,2179,2179,27,21,-18,-14,-19
32.972656,15,2179,2179,25,21,-18,-14,-19
32.976562,15,2179,2179,24,20,-18,-13,-19
32.980469,14,2179,2179,24,20,-18,-13,-19
32.984375,13,2179,2179,25,20,-18,-14,-19
32.988281,13,2179,2179,26,20,-18,-14,-19
32.992188,13,2179,2179,27,20,-18,-14,-19
32.996094,12,2179,2179,27,20,-18,-14,-19
33.000000,12,2179,2179,27,20,-18,-13,-19
33.003906,12,2179,2179,27,20,-19,-14,-19
33.007812,12,2179,2179,26,20,-18,-14,-19
33.011719,12,2179,2179,25,20,-19,-14,-19
33.015625,11,2179,2179,25,20,-19,-14,-19
33.019531,10,2179,2179,25,20,-19,-14,-19
33.023438,10,2179,2179,26,21,-19,-14,-19
33.027344,10,2179,2179,26,20,-19,-14,-19
33.031250,9,2179,2179,26,20,-19,-14,-19
33.035156,9,2179,2179,26,21,-19,-14,-19
33.039062,9,2179,2179,26,21,-19,-14,-19
33.042969,9,2179,2179,26,21,-19,-14,-20
33.046875,8,2179,2179,26,21,-19,-14,-19
33.050781,8,2179,2179,26,21,-19,-14,-19
33.054688,7,2179,2179,26,21,-19,-14,-19
33.058594,7,2179,2179,26,20,-15,-14,-19
33.062500,7,2179,2179,26,20,-18,-14,-19
33.066406,6,2179,2179,26,21,-18,-14,-19
33.070312,6,2179,2179,26,21,-18,-14,-19
33.074219,6,2179,2179,26,21,-18,-13,-19
33.078125,6,2179,2179,26,20,-18,-14,-19
33.082031,5,2179,2179,26,20,-19,-14,-19
33.085938,5,2179,2179,27,21,-18,-14,-19
33.089844,6,2179,2179,26,21,-18,-14,-19
33.093750,5,2179,2179,26,20,-18,-13,-19
33.097656,5,2179,2179,26,20,-19,-14,-19
33.101562,5,2179,2179,26,20,-18,-14,-19
33.105469,5,2179,2179,26,20,-18,-14,-19
33.109375,5,2179,2179,25,20,-18,-14,-19
33.113281,5,2179,2179,25,20,-18,-14,-19
33.117188,4,2179,2179,26,20,-18,-14,-19
33.121094,4,2179,2179,26,20,-19,-14,-19
33.125000,4,2179,2179,25,20,-19,-14,-20
33.128906,4,2179,2179,25,20,-19,-14,-19
33.132812,4,2179,2179,26,20,-19,-14,-20
33.136719,4,2179,2179,26,20,-19,-14,-20
33.140625,5,2179,2179,26,20,-19,-14,-19
33.144531,5,2179,2179,25,20,-19,-14,-20
33.148438,5,2179,2179,25,20,-19,-14,-20
33.152344,5,2179,2179,26,20,-19,-14,-20
33.156250,5,2179,2179,26,20,-19,-14,-20
33.160156,5,2179,2179,26,20,-19,-14,-19
33.164062,4,2179,2179,26,20,-19,-14,-19
33.167969,4,2179,2179,26,20,-19,-14,-19
33.171875,4,2179,2179,26,21,-19,-14,-19
33.175781,4,2179,2179,26,20,-19,-13,-19
33.179688,4,2179,2179,26,20,-18,-13,-19
33.183594,3,2179,2179,26,21,-26,-13,-19
33.187500,4,2179,2179,26,21,-18,-13,-19
33.191406,4,2179,2179,26,21,-18,-13,-19
33.195312,5,2179,2179,26,21,-19,-14,-19
33.199219,5,2179,2179,26,20,-19,-14,-19
33.203125,5,2179,2179,26,21,-19,-14,-19
33.207031,5,2179,2179,26,21,-19,-14,-19
33.210938,6,2179,2179,26,20,-18,-14,-19
33.214844,6,2179,2179,26,20,-18,-14,-19
33.218750,6,2179,2179,26,21,-18,-14,-19
33.222656,6,2179,2179,26,21,-18,-14,-19
33.226562,7,2179,2179,26,20,-18,-13,-19
33.230469,7,2179,2179,26,20,-18,-14,-19
33.234375,7,2179,2179,26,21,-19,-14,-19
33.238281,6,2179,2179,26,21,-19,-14,-19
33.242188,6,2179,2179,26,21,-18,-14,-19
33.246094,6,2179,2179,26,20,-19,-14,-19
33.250000,6,2179,2179,26,21,-19,-14,-19
33.253906,6,2179,2179,26,21,-18,-14,-19
33.257812,6,2179,2179,26,21,-19,-14,-20
33.261719,6,2179,2179,26,20,-19,-14,-20
33.265625,5,2179,2179,26,20,-19,-14,-19
33.269531,5,2179,2179,26,20,-19,-14,-19
33.273438,5,2179,2179,26,20,-19,-14,-19
33.277344,5,2179,2179,25,20,-19,-14,-19
33.281250,5,2179,2179,26,20,-19,-14,-19
33.285156,4,2179,2179,26,20,-19,-14,-20
33.289062,4,2179,2179,26,20,-19,-14,-19
33.292969,4,2179,2179,25,20,-18,-14,-19
33.296875,4,2179,2179,25,20,-19,-14,-19
33.300781,4,2179,2179,26,20,-19,-14,-19
33.304688,4,2179,2179,26,20,-18,-14,-19
33.308594,4,2179,2179,25,20,-13,-14,-19
33.312500,5,2179,2179,25,20,-19,-13,-19
33.316406,4,2179,2179,26,20,-19,-14,-19
33.320312,4,2179,2179,26,20,-18,-14,-20
33.324219,5,2179,2179,26,20,-18,-14,-19
33.328125,5,2179,2179,25,20,-19,-14,-19
33.332031,4,2179,2179,26,20,-19,-14,-19
33.335938,5,2179,2179,26,20,-19,-14,-19
33.339844,5,2179,2179,26,20,-18,-14,-19
33.343750,5,2179,2179,25,20,-19,-14,-19
33.347656,5,2179,2179,26,20,-19,-14,-19
33.351562,5,2179,2179,26,21,-19,-14,-19
33.355469,5,2179,2179,26,20,-18,-14,-20
33.359375,5,2179,2179,26,20,-18,-14,-19
33.363281,5,2179,2179,26,20,-19,-14,-19
33.367188,5,2179,2179,26,21,-19,-14,-19
33.371094,5,2179,2179,26,21,-19,-14,-19
33.375000,6,2179,2179,26,20,-19,-14,-19
33.378906,6,2179,2179,26,20,-19,-14,-19
33.382812,5,2179,2179,26,20,-19,-14,-19
33.386719,5,2179,2179,26,21,-19,-14,-19
33.390625,6,2179,2179,26,21,-19,-14,-19
33.394531,6,2179,2179,26,20,-19,-14,-19
33.398438,6,2179,2179,26,20,-19,-14,-20
33.402344,6,2179,2179,26,21,-19,-14,-19
33.406250,6,2179,2179,26,21,-19,-14,-19
33.410156,6,2179,2179,26,20,-18,-14,-19
33.414062,6,2179,2179,26,20,-18,-14,-19
33.417969,6,2179,2179,26,21,-18,-14,-19
33.421875,6,2179,2179,26,21,-18,-14,-19
33.425781,7,2179,2179,26,21,-18,-13,-19
33.429688,7,2179,2179,26,21,-18,-14,-19
33.433594,7,2179,2179,26,21,-21,-13,-20
33.437500,7,2179,2179,26,21,-18,-14,-19
33.441406,7,2179,2179,26,20,-18,-14,-19
33.445312,7,2179,2179,26,20,-18,-13,-19
33.449219,7,2179,2179,26,20,-19,-13,-19
33.453125,7,2179,2179,26,21,-18,-13,-19
33.457031,8,2179,2179,26,20,-18,-14,-19
33.460938,8,2179,2179,26,20,-19,-14,-19
33.464844,7,2179,2179,26,20,-19,-14,-19
33.468750,7,2179,2179,26,21,-19,-14,-19
33.472656,7,2179,2179,26,21,-19,-14,-19
33.476562,7,2179,2179,26,20,-19,-14,-19
33.480469,7,2179,2179,26,20,-19,-14,-19
33.484375,7,2179,2179,26,21,-19,-14,-19
33.488281,7,2179,2179,26,21,-19,-14,-19
33.492188,7,2179,2179,26,20,-18,-14,-19
33.496094,7,2179,2179,26,20,-19,-14,-19
33.500000,7,2179,2179,26,21,-19,-14,-19
33.503906,7,2179,2179,26,21,-19,-14,-19
33.507812,7,2179,2179,26,21,-19,-14,-19
33.511719,7,2179,2179,26,20,-19,-14,-19
33.515625,6,2179,2179,26,20,-19,-14,-19
33.519531,6,2179,2179,26,21,-18,-14,-19
33.523438,7,2179,2179,26,21,-18,-14,-19
33.527344,7,2179,2179,25,20,-18,-14,-19
33.531250,6,2179,2179,26,20,-19,-14,-19
33.535156,6,2179,2179,26,20,-18,-14,-19
33.539062,6,2179,2179,26,20,-18,-14,-19
33.542969,7,2179,2179,26,20,-18,-14,-19
33.546875,7,2179,2179,25,20,-18,-14,-19
33.550781,6,2179,2179,26,20,-18,-13,-19
33.554688,6,2179,2179,26,20,-18,-14,-19
33.558594,6,2179,2179,25,20,-16,-14,-19
33.562500,6,2179,2179,25,20,-19,-14,-19
33.566406,6,2179,2179,26,21,-19,-14,-19
33.570312,6,2179,2179,26,20,-19,-14,-19
33.574219,7,2179,2179,25,20,-19,-14,-19
33.578125,7,2179,2179,25,20,-19,-14,-19
33.582031,6,2179,2179,26,20,-19,-14,-19
33.585938,6,2179,2179,26,20,-19,-14,-19
33.589844,6,2179,2179,26,21,-19,-14,-19
33.593750,6,2179,2179,26,20,-19,-14,-19
33.597656,6,2179,2179,26,20,-19,-14,-19
33.601562,6,2179,2179,26,21,-19,-14,-19
33.605469,6,2179,2179,26,21,-19,-14,-19
33.609375,6,2179,2179,26,20,-19,-14,-20
33.613281,6,2179,2179,26,20,-19,-14,-19
33.617188,5,2179,2179,26,21,-19,-14,-20
33.621094,5,2179,2179,26,21,-19,-14,-19
33.625000,5,2179,2179,26,20,-19,-14,-19
33.628906,5,2179,2179,26,20,-19,-14,-19
33.632812,5,2179,2179,27,20,-18,-14,-19
33.636719,5,2179,2179,26,21,-18,-14,-19
33.640625,5,2179,2179,26,21,-18,-14,-19
33.644531,5,2179,2179,26,21,-18,-14,-19
33.648438,5,2179,2179,26,21,-18,-13,-19
33.652344,5,2179,2179,27,21,-19,-13,-19
33.656250,5,2179,2179,27,21,-19,-13,-19
33.660156,5,2179,2179,26,21,-19,-14,-19
33.664062,5,2179,2179,26,21,-18,-14,-19
33.667969,5,2179,2179,26,21,-19,-14,-19
33.671875,5,2179,2179,26,21,-18,-14,-19
33.675781,5,2179,2179,26,20,-19,-14,-19
33.679688,5,2179,2179,26,20,-19,-14,-20
33.683594,5,2179,2179,26,20,-20,-14,-20
33.687500,5,2179,2179,26,20,-19,-14,-19
33.691406,6,2179,2179,25,20,-19,-14,-20
33.695312,6,2179,2179,25,20,-19,-14,-20
33.699219,5,2179,2179,26,20,-19,-14,-20
33.703125,5,2179,2179,26,20,-19,-14,-20
33.707031,5,2179,2179,26,20,-19,-14,-19
33.710938,5,2179,2179,26,20,-19,-14,-19
33.714844,4,2179,2179,26,20,-19,-14,-19
33.718750,4,2179,2179,26,20,-19,-14,-20
33.722656,4,2179,2179,26,21,-19,-14,-19
33.726562,4,2179,2179,25,20,-19,-14,-20
33.730469,4,2179,2179,25,20,-19,-14,-19
33.734375,4,2179,2179,26,21,-19,-14,-19
33.738281,4,2179,2179,26,20,-18,-14,-19
33.742188,4,2179,2179,25,20,-18,-14,-19
33.746094,4,2179,2179,26,20,-18,-14,-19
33.750000,4,2179,2179,26,20,-18,-13,-19
33.753906,4,2179,2179,26,20,-18,-13,-19
33.757812,4,2179,2179,26,20,-18,-13,-19
33.761719,4,2179,2179,26,20,-19,-13,-19
33.765625,4,2179,2179,26,20,-18,-13,-19
33.769531,4,2179,2179,26,21,-19,-13,-19
33.773438,4,2179,2179,26,21,-18,-13,-19
33.777344,4,2179,2179,26,20,-19,-13,-19
33.781250,4,2179,2179,26,21,-19,-14,-19
33.785156,4,2179,2179,26,21,-19,-14,-19
33.789062,5,2179,2179,26,21,-18,-14,-19
33.792969,4,2179,2179,26,20,-18,-14,-19
33.796875,4,2179,2179,26,21,-19,-14,-19
33.800781,4,2179,2179,26,21,-19,-14,-19
33.804688,4,2179,2179,26,21,-19,-14,-19
33.808594,4,2179,2179,26,20,-18,-14,-19
33.812500,4,2179,2179,26,21,-19,-14,-19
33.816406,4,2179,2179,26,20,-19,-14,-20
33.820312,4,2179,2179,26,21,-19,-14,-20
33.824219,5,2179,2179,26,21,-18,-14,-19
33.828125,5,2179,2179,26,20,-19,-14,-19
33.832031,5,2179,2179,26,21,-19,-14,-19
33.835938,5,2179,2179,26,21,-19,-14,-19
33.839844,5,2179,2179,26,21,-19,-14,-19
33.843750,5,2179,2179,26,21,-19,-14,-19
33.847656,5,2179,2179,26,21,-19,-14,-19
33.851562,5,2179,2179,26,21,-18,-14,-19
33.855469,5,2179,2179,26,21,-18,-13,-19
33.859375,6,2179,2179,26,21,-18,-13,-19
33.863281,6,2179,2179,26,21,-19,-13,-19
33.867188,6,2179,2179,26,21,-18,-13,-19
33.871094,7,2179,2179,26,21,-18,-14,-19
33.875000,8,2179,2179,26,20,-18,-14,-19
33.878906,8,2179,2179,26,20,-18,-14,-19
33.882812,7,2179,2179,26,20,-18,-14,-19
33.886719,7,2179,2179,26,21,-18,-14,-19
33.890625,8,2179,2179,26,21,-18,-14,-19
33.894531,8,2179,2179,26,20,-18,-14,-19
33.898438,8,2179,2179,26,20,-19,-14,-19
33.902344,8,2179,2179,26,21,-18,-14,-19
33.906250,8,2179,2179,26,20,-18,-14,-19
33.910156,9,2179,2179,26,20,-18,-14,-19
33.914062,9,2179,2179,26,20,-19,-14,-19
33.917969,9,2179,2179,26,20,-19,-14,-20
33.921875,9,2179,2179,26,20,-19,-14,-19
33.925781,9,2179,2179,25,20,-19,-14,-19
33.929688,9,2179,2179,25,20,-19,-14,-19
33.933594,9,2179,2179,26,20,-19,-14,-19
33.937500,9,2179,2179,26,20,-19,-14,-19
33.941406,9,2179,2179,26,19,-19,-14,-20
33.945312,9,2179,2179,26,20,-18,-14,-19
33.949219,9,2179,2179,26,20,-18,-14,-19
33.953125,9,2179,2179,26,20,-18,-14,-19
33.957031,8,2179,2179,26,20,-18,-14,-19
33.960938,8,2179,2179,26,20,-18,-14,-19
33.964844,7,2179,2179,26,20,-18,-13,-19
33.968750,7,2179,2179,26,20,-18,-14,-19
33.972656,8,2179,2179,26,20,-18,-13,-19
33.976562,8,2179,2179,26,20,-18,-13,-19
33.980469,8,2179,2179,26,20,-18,-14,-19
33.984375,7,2179,2179,26,21,-18,-14,-19
33.988281,7,2179,2179,26,21,-18,-14,-19
33.992188,7,2179,2179,26,20,-18,-14,-19
33.996094,7,2179,2179,26,20,-19,-14,-19
34.000000,7,2179,2179,26,21,-19,-14,-19
34.003906,6,2179,2179,26,21,-19,-14,-19
34.007812,7,2179,2179,26,21,-18,-13,-19
34.011719,7,2179,2179,26,21,-18,-13,-19
34.015625,7,2179,2179,26,21,-19,-13,-19
34.019531,7,2179,2179,26,21,-19,-14,-19
34.023438,7,2179,2179,26,21,-19,-14,-19
34.027344,7,2179,2179,26,21,-19,-14,-19
34.031250,6,2179,2179,26,21,-19,-14,-19
34.035156,6,2179,2179,26,21,-19,-14,-19
34.039062,6,2179,2179,26,21,-19,-14,-19
34.042969,7,2179,2179,26,20,-19,-14,-19
34.046875,7,2179,2179,26,21,-19,-14,-19
34.050781,7,2179,2179,26,21,-19,-14,-19
34.054688,7,2179,2179,26,21,-19,-14,-19
34.058594,7,2179,2179,26,20,-18,-14,-19
34.062500,7,2179,2179,26,20,-19,-14,-19
34.066406,6,2179,2179,26,20,-18,-14,-19
34.070312,6,2179,2179,26,21,-18,-14,-19
34.074219,6,2179,2179,27,21,-18,-14,-19
34.078125,6,2179,2179,26,20,-18,-14,-19
34.082031,6,2179,2179,26,20,-18,-14,-19
34.085938,6,2179,2179,26,21,-18,-14,-19
34.089844,7,2179,2179,26,20,-18,-13,-19
34.093750,7,2179,2179,26,20,-18,-13,-19
34.097656,7,2179,2179,25,20,-18,-14,-19
34.101562,8,2179,2179,26,20,-18,-14,-20
34.105469,8,2179,2179,26,20,-18,-14,-19
34.109375,9,2179,2179,25,20,-19,-14,-19
34.113281,9,2179,2179,25,20,-19,-14,-19
34.117188,9,2179,2179,26,20,-19,-13,-19
34.121094,10,2179,2179,26,20,-19,-14,-19
34.125000,11,2179,2179,25,20,-19,-14,-19
34.128906,12,2179,2179,25,19,-19,-14,-19
34.132812,12,2179,2179,26,20,-19,-14,-19
34.136719,12,2179,2179,26,20,-19,-14,-19
34.140625,13,2179,2179,26,20,-19,-14,-19
34.144531,13,2179,2179,25,20,-19,-14,-19
34.148438,13,2179,2179,25,20,-19,-14,-19
34.152344,13,2179,2179,26,20,-19,-14,-19
34.156250,14,2179,2179,26,20,-19,-14,-19
34.160156,14,2179,2179,25,20,-19,-14,-19
34.164062,15,2179,2179,26,20,-19,-14,-19
34.167969,15,2179,2179,26,20,-19,-14,-19
34.171875,15,2179,2179,26,21,-19,-14,-19
34.175781,16,2179,2179,26,20,-19,-14,-19
34.179688,16,2179,2179,26,20,-19,-14,-19
34.183594,17,2179,2179,26,21,-19,-14,-19
34.187500,17,2179,2179,26,21,-18,-14,-19
34.191406,18,2179,2179,26,20,-18,-14,-19
34.195312,19,2179,2179,26,21,-18,-14,-19
34.199219,20,2179,2179,26,20,-18,-13,-19
34.203125,21,2179,2179,26,21,-18,-13,-19
34.207031,22,2179,2179,26,21,-18,-13,-19
34.210938,23,2179,2179,26,20,-19,-13,-19
34.214844,24,2179,2179,26,21,-18,-14,-19
34.218750,25,2179,2179,26,21,-18,-14,-19
34.222656,27,2179,2179,27,21,-18,-14,-19
34.226562,28,2179,2179,26,21,-18,-14,-20
34.230469,29,2179,2179,26,21,-19,-14,-19
34.234375,30,2179,2179,26,21,-18,-14,-19
34.238281,32,2179,2179,26,21,-19,-14,-19
34.242188,34,2179,2179,26,20,-18,-14,-19
34.246094,36,2179,2179,26,20,-19,-14,-19
34.250000,37,2179,2179,26,20,-19,-14,-19
34.253906,39,2179,2179,26,21,-19,-14,-19
34.257812,41,2179,2179,26,21,-19,-14,-19
34.261719,43,2179,2179,26,21,-19,-14,-19
34.265625,45,2179,2179,26,20,-19,-14,-19
34.269531,47,2179,2179,26,21,-19,-14,-20
34.273438,49,2179,2179,26,21,-19,-14,-19
34.277344,51,2179,2179,26,20,-19,-14,-19
34.281250,52,2179,2179,26,20,-19,-14,-19
34.285156,53,2179,2179,26,20,-19,-14,-19
34.289062,55,2179,2179,26,20,-19,-14,-19
34.292969,56,2179,2179,25,20,-19,-14,-19
34.296875,57,2179,2179,25,20,-19,-14,-19
34.300781,57,2179,2179,26,20,-18,-14,-19
34.304688,58,2179,2179,26,20,-19,-14,-19
34.308594,60,2179,2179,25,19,-18,-14,-19
34.312500,61,2179,2179,25,20,-18,-14,-19
34.316406,61,2179,2179,26,20,-18,-14,-19
34.320312,62,2179,2179,26,20,-18,-14,-19
34.324219,63,2179,2179,25,20,-18,-13,-19
34.328125,64,2179,2179,26,20,-18,-13,-19
34.332031,64,2179,2179,26,20,-18,-13,-19
34.335938,65,2179,2179,26,21,-18,-14,-19
34.339844,66,2179,2179,26,21,-18,-14,-19
34.343750,66,2179,2179,26,20,-19,-14,-19
34.347656,67,2179,2179,26,20,-18,-14,-19
34.351562,68,2179,2179,26,20,-19,-14,-19
34.355469,68,2179,2179,26,20,-18,-14,-19
34.359375,69,2179,2179,26,20,-19,-14,-19
34.363281,70,2179,2179,26,20,-19,-14,-19
34.367188,70,2179,2179,26,21,-19,-14,-19
34.371094,70,2179,2179,26,21,-19,-14,-19
34.375000,71,2179,2179,26,20,-18,-14,-19
34.378906,72,2179,2179,26,20,-19,-14,-20
34.382812,72,2179,2179,26,20,-19,-14,-20
34.386719,72,2179,2179,26,21,-19,-14,-20
34.390625,73,2179,2179,26,21,-18,-14,-20
34.394531,73,2179,2179,26,20,-19,-14,-20
34.398438,73,2179,2179,26,20,-19,-14,-19
34.402344,73,2179,2179,26,21,-19,-14,-20
34.406250,74,2179,2179,26,21,-19,-13,-19
34.410156,74,2179,2179,26,20,-18,-13,-19
34.414062,74,2179,2179,27,20,-18,-13,-19
34.417969,74,2179,2179,27,21,-19,-13,-19
34.421875,75,2179,2179,27,21,-18,-13,-19
34.425781,75,2179,2179,27,20,-18,-14,-19
34.429688,75,2179,2179,27,20,-18,-13,-19
34.433594,75,2179,2179,27,21,-18,-13,-19
34.437500,76,2179,2179,27,21,-18,-14,-19
34.441406,76,2179,2179,26,21,-18,-13,-19
34.445312,77,2179,2179,26,20,-19,-14,-19
34.449219,77,2179,2179,26,20,-19,-14,-19
34.453125,77,2179,2179,27,21,-19,-14,-19
34.457031,78,2179,2179,28,20,-19,-14,-19
34.460938,78,2179,2179,28,20,-19,-14,-19
34.464844,78,2179,2179,28,20,-19,-14,-20
34.468750,78,2179,2179,29,20,-19,-14,-20
34.472656,78,2179,2179,28,20,-19,-14,-20
34.476562,78,2179,2179,28,20,-19,-14,-19
34.480469,78,2179,2179,28,20,-19,-14,-19
34.484375,78,2179,2179,28,20,-19,-14,-20
34.488281,78,2179,2179,28,20,-19,-14,-20
34.492188,78,2179,2179,28,20,-19,-14,-19
34.496094,78,2179,2179,28,20,-19,-14,-19
34.500000,78,2179,2179,29,20,-19,-14,-20
34.503906,78,2179,2179,29,21,-19,-14,-19
34.507812,78,2179,2179,29,21,-19,-14,-19
34.511719,77,2179,2179,30,20,-19,-14,-19
34.515625,77,2179,2179,31,20,-19,-14,-19
34.519531,76,2179,2179,32,21,-19,-14,-19
34.523438,76,2179,2179,32,21,-19,-14,-19
34.527344,76,2179,2179,33,20,-18,-14,-19
34.531250,76,2179,2179,34,20,-18,-14,-19
34.535156,76,2179,2179,35,20,-18,-14,-19
34.539062,76,2179,2179,36,20,-18,-14,-19
34.542969,76,2179,2179,37,20,-18,-14,-19
34.546875,76,2179,2179,38,20,-18,-14,-19
34.550781,76,2179,2179,40,20,-19,-14,-19
34.554688,76,2179,2179,41,20,-18,-14,-19
34.558594,76,2179,2179,43,20,-19,-14,-19
34.562500,76,2179,2179,45,20,-19,-14,-19
34.566406,76,2179,2179,46,20,-18,-14,-19
34.570312,76,2179,2179,48,20,-18,-14,-19
34.574219,77,2179,2179,49,20,-18,-14,-19
34.578125,77,2179,2179,51,19,-18,-14,-20
34.582031,77,2179,2179,54,20,-19,-14,-19
34.585938,77,2179,2179,55,20,-19,-14,-20
34.589844,77,2179,2179,57,20,-19,-14,-19
34.593750,77,2179,2179,58,20,-19,-14,-19
34.597656,77,2179,2179,59,20,-19,-14,-19
34.601562,77,2179,2179,60,21,-19,-14,-19
34.605469,77,2179,2179,61,21,-19,-14,-20
34.609375,77,2179,2179,61,20,-19,-14,-20
34.613281,77,2179,2179,62,21,-19,-14,-20
34.617188,77,2179,2179,63,21,-19,-14,-20
34.621094,77,2179,2179,65,21,-19,-14,-19
34.625000,77,2179,2179,66,21,-19,-13,-19
34.628906,77,2179,2179,68,21,-19,-13,-19
34.632812,77,2179,2179,70,21,-19,-14,-19
34.636719,77,2179,2179,71,21,-18,-14,-19
34.640625,77,2179,2179,72,21,-18,-14,-19
34.644531,77,2179,2179,73,21,-18,-14,-19
34.648438,77,2179,2179,74,20,-18,-14,-19
34.652344,78,2179,2179,76,21,-18,-14,-19
34.656250,78,2179,2179,78,21,-18,-14,-19
34.660156,78,2179,2179,80,20,-18,-13,-19
34.664062,78,2179,2179,82,20,-19,-14,-19
34.667969,78,2179,2179,84,21,-19,-14,-19
34.671875,78,2179,2179,84,21,-19,-14,-19
34.675781,78,2179,2179,83,20,-19,-14,-19
34.679688,78,2179,2179,82,20,-18,-14,-19
34.683594,78,2179,2179,81,20,-19,-14,-19
34.687500,79,2179,2179,81,20,-18,-14,-19
34.691406,79,2179,2179,81,20,-18,-14,-19
34.695312,79,2179,2179,82,20,-19,-14,-19
34.699219,79,2179,2179,84,19,-19,-14,-19
34.703125,79,2179,2179,87,20,-19,-14,-19
34.707031,79,2179,2179,90,20,-19,-14,-19
34.710938,79,2179,2179,92,20,-19,-14,-19
34.714844,79,2179,2179,93,20,-19,-14,-19
34.718750,78,2179,2179,94,20,-19,-14,-20
34.722656,79,2179,2179,94,20,-19,-14,-19
34.726562,79,2179,2179,94,20,-18,-14,-19
34.730469,79,2179,2179,93,20,-19,-14,-19
34.734375,78,2179,2179,94,20,-19,-16,-19
34.738281,78,2179,2179,94,20,-19,-14,-19
34.742188,79,2179,2179,95,20,-19,-14,-19
34.746094,78,2179,2179,96,20,-19,-14,-19
34.750000,78,2179,2179,97,20,-18,-14,-19
34.753906,78,2179,2179,98,20,-18,-13,-19
34.757812,78,2179,2179,98,20,-18,-14,-19
34.761719,78,2179,2179,99,20,-18,-14,-19
34.765625,78,2179,2179,100,20,-18,-13,-19
34.769531,77,2179,2179,101,20,-18,-13,-19
34.773438,77,2179,2179,101,20,-18,-14,-19
34.777344,77,2179,2179,101,20,-18,-14,-19
34.781250,77,2179,2179,102,20,-18,-14,-19
34.785156,77,2179,2179,103,21,-18,-14,-19
34.789062,77,2179,2179,104,21,-18,-14,-19
34.792969,77,2179,2179,104,21,-19,-14,-19
34.796875,77,2179,2179,104,20,-19,-14,-19
34.800781,77,2179,2179,104,21,-19,-14,-19
34.804688,77,2179,2179,105,21,-19,-14,-19
34.808594,77,2179,2179,105,20,-19,-14,-19
34.812500,77,2179,2179,105,20,-19,-14,-19
34.816406,77,2179,2179,106,20,-19,-14,-19
34.820312,77,2179,2179,106,21,-19,-14,-19
34.824219,77,2179,2179,106,21,-19,-14,-19
34.828125,77,2179,2179,107,20,-19,-14,-19
34.832031,76,2179,2179,107,20,-18,-14,-19
34.835938,76,2179,2179,108,21,-19,-14,-19
34.839844,76,2179,2179,108,21,-19,-14,-19
34.843750,76,2179,2179,109,20,-19,-14,-19
34.847656,76,2179,2179,109,20,-19,-14,-19
34.851562,76,2179,2179,110,21,-19,-14,-19
34.855469,75,2179,2179,110,20,-19,-14,-19
34.859375,76,2179,2179,109,20,-18,-13,-19
34.863281,75,2179,2179,109,20,-19,-13,-19
34.867188,75,2179,2179,110,21,-19,-13,-19
34.871094,75,2179,2179,110,21,-18,-13,-19
34.875000,75,2179,2179,110,20,-18,-13,-19
34.878906,75,2179,2179,110,20,-18,-13,-19
34.882812,75,2179,2179,111,20,-18,-14,-19
34.886719,75,2179,2179,112,21,-18,-14,-19
34.890625,75,2179,2179,112,21,-18,-14,-19
34.894531,75,2179,2179,112,20,-18,-14,-19
34.898438,75,2179,2179,112,20,-18,-14,-19
34.902344,75,2179,2179,113,20,-18,-14,-19
34.906250,76,2179,2179,113,20,-19,-14,-20
34.910156,76,2179,2179,112,20,-19,-14,-19
34.914062,77,2179,2179,112,20,-19,-14,-19
34.917969,77,2179,2179,113,20,-19,-14,-19
34.921875,77,2179,2179,113,20,-19,-14,-19
34.925781,77,2179,2179,114,20,-19,-14,-19
34.929688,77,2179,2179,115,20,-19,-14,-20
34.933594,76,2179,2179,116,20,-19,-14,-20
34.937500,76,2179,2179,116,20,-19,-14,-20
34.941406,76,2179,2179,117,21,-19,-14,-20
34.945312,76,2179,2179,117,20,-19,-14,-20
34.949219,76,2179,2179,117,20,-19,-14,-20
34.953125,76,2179,2179,117,21,-19,-14,-19
34.957031,76,2179,2179,117,21,-19,-14,-19
34.960938,76,2179,2179,117,20,-19,-14,-19
34.964844,76,2179,2179,117,20,-19,-14,-19
34.968750,76,2179,2179,118,21,-18,-14,-19
34.972656,76,2179,2179,118,21,-18,-14,-19
34.976562,76,2179,2179,118,20,-18,-14,-19
34.980469,75,2179,2179,119,20,-18,-14,-19
34.984375,75,2179,2179,119,21,-18,-13,-19
34.988281,75,2179,2179,119,21,-18,-14,-19
34.992188,76,2179,2179,119,20,-18,-14,-19
34.996094,76,2179,2179,119,20,-18,-14,-19
35.000000,75,2179,2179,120,21,-19,-14,-19
35.003906,75,2179,2179,120,21,-18,-14,-20
35.007812,76,2179,2179,119,21,-18,-14,-19
35.011719,76,2179,2179,119,20,-18,-14,-19
35.015625,75,2179,2179,120,20,-18,-14,-19
35.019531,75,2179,2179,120,21,-18,-14,-19
35.023438,76,2179,2179,120,21,-18,-14,-19
35.027344,76,2179,2179,120,20,-19,-14,-19
35.031250,76,2179,2179,121,20,-19,-14,-19
35.035156,75,2179,2179,122,20,-19,-14,-20
35.039062,75,2179,2179,122,21,-19,-14,-20
35.042969,76,2179,2179,122,20,-19,-13,-20
35.046875,75,2179,2179,122,20,-19,-14,-19
35.050781,75,2179,2179,123,21,-19,-14,-19
35.054688,75,2179,2179,123,21,-19,-14,-19
35.058594,75,2179,2179,123,21,-19,-14,-19
35.062500,75,2179,2179,123,21,-19,-14,-19
35.066406,75,2179,2179,124,21,-19,-14,-19
35.070312,74,2179,2179,124,21,-19,-14,-19
35.074219,75,2179,2179,124,21,-18,-14,-19
35.078125,74,2179,2179,123,20,-19,-14,-19
35.082031,74,2179,2179,123,20,-18,-14,-19
35.085938,74,2179,2179,123,20,-18,-14,-19
35.089844,74,2179,2179,123,20,-18,-14,-19
35.093750,74,2179,2179,123,20,-18,-14,-19
35.097656,74,2179,2179,123,20,-18,-14,-19
35.101562,74,2179,2179,124,20,-18,-14,-19
35.105469,74,2179,2179,124,20,-18,-14,-19
35.109375,74,2179,2179,124,20,-18,-13,-20
35.113281,74,2179,2179,124,20,-19,-14,-20
35.117188,73,2179,2179,124,20,-19,-14,-20
35.121094,73,2179,2179,124,20,-19,-14,-19
35.125000,74,2179,2179,124,20,-19,-14,-20
35.128906,74,2179,2179,124,20,-19,-14,-19
35.132812,74,2179,2179,125,20,-19,-14,-19
35.136719,74,2179,2179,125,20,-19,-14,-20
35.140625,74,2179,2179,126,20,-19,-14,-20
35.144531,74,2179,2179,126,20,-19,-14,-19
35.148438,74,2179,2179,126,20,-19,-14,-19
35.152344,74,2179,2179,127,20,-18,-14,-20
35.156250,74,2179,2179,126,20,-18,-14,-19
35.160156,74,2179,2179,126,20,-19,-14,-19
35.164062,74,2179,2179,126,20,-19,-14,-19
35.167969,74,2179,2179,126,20,-19,-14,-19
35.171875,74,2179,2179,127,20,-19,-14,-19
35.175781,74,2179,2179,127,20,-19,-14,-19
35.179688,74,2179,2179,128,20,-19,-14,-19
35.183594,73,2179,2179,128,21,-19,-14,-19
35.187500,73,2179,2179,129,21,-19,-14,-19
35.191406,74,2179,2179,129,21,-19,-14,-19
35.195312,73,2179,2179,129,21,-19,-13,-19
35.199219,73,2179,2179,129,20,-18,-14,-19
35.203125,73,2179,2179,130,21,-18,-13,-19
35.207031,73,2179,2179,130,21,-18,-13,-19
35.210938,73,2179,2179,129,20,-18,-13,-19
35.214844,73,2179,2179,129,20,-18,-13,-19
35.218750,73,2179,2179,129,21,-18,-14,-19
35.222656,73,2179,2179,130,21,-18,-14,-19
35.226562,73,2179,2179,129,21,-18,-14,-19
35.230469,73,2179,2179,129,20,-18,-14,-19
35.234375,73,2179,2179,129,21,-18,-13,-19
35.238281,73,2179,2179,129,21,-18,-14,-19
35.242188,73,2179,2179,129,20,-16,-14,-19
35.246094,73,2179,2179,129,20,-19,-14,-19
35.250000,73,2179,2179,130,20,-18,-14,-19
35.253906,73,2179,2179,131,21,-19,-14,-20
35.257812,73,2179,2179,131,21,-19,-14,-20
35.261719,72,2179,2179,131,21,-19,-14,-20
35.265625,72,2179,2179,131,20,-19,-14,-19
35.269531,72,2179,2179,131,21,-19,-14,-19
35.273438,73,2179,2179,131,21,-19,-14,-19
35.277344,73,2179,2179,130,20,-19,-14,-19
35.281250,73,2179,2179,130,20,-19,-14,-19
35.285156,73,2179,2179,131,20,-19,-14,-19
35.289062,73,2179,2179,131,20,-19,-14,-19
35.292969,73,2179,2179,131,20,-19,-14,-19
35.296875,73,2179,2179,132,20,-19,-14,-19
35.300781,72,2179,2179,133,20,-19,-14,-19
35.304688,72,2179,2179,133,20,-18,-14,-19
35.308594,72,2179,2179,133,20,-18,-14,-19
35.312500,72,2179,2179,134,20,-19,-13,-19
35.316406,71,2179,2179,134,20,-18,-14,-19
35.320312,71,2179,2179,134,20,-18,-14,-19
35.324219,72,2179,2179,134,21,-18,-14,-19
35.328125,72,2179,2179,134,20,-18,-14,-19
35.332031,71,2179,2179,135,20,-18,-14,-19
35.335938,71,2179,2179,135,21,-18,-14,-19
35.339844,72,2179,2179,136,21,-18,-14,-19
35.343750,72,2179,2179,135,20,-18,-14,-19
35.347656,71,2179,2179,135,20,-18,-14,-19
35.351562,71,2179,2179,135,21,-19,-14,-19
35.355469,71,2179,2179,135,21,-19,-14,-19
35.359375,71,2179,2179,135,20,-19,-14,-19
35.363281,71,2179,2179,135,20,-19,-14,-19
35.367188,71,2179,2179,135,20,-26,-14,-19
35.371094,71,2179,2179,135,21,-19,-14,-19
35.375000,71,2179,2179,136,20,-19,-14,-19
35.378906,71,2179,2179,136,20,-19,-14,-19
35.382812,70,2179,2179,136,20,-19,-14,-19
35.386719,70,2179,2179,137,21,-19,-14,-19
35.390625,70,2179,2179,137,21,-18,-14,-20
35.394531,69,2179,2179,136,20,-19,-14,-19
35.398438,69,2179,2179,136,20,-19,-14,-20
35.402344,69,2179,2179,136,21,-19,-14,-19
35.406250,69,2179,2179,136,21,-19,-14,-19
35.410156,69,2179,2179,136,20,-19,-14,-19
35.414062,68,2179,2179,137,21,-19,-14,-19
35.417969,68,2179,2179,137,21,-19,-14,-19
35.421875,68,2179,2179,137,21,-18,-14,-19
35.425781,68,2179,2179,137,21,-18,-14,-19
35.429688,67,2179,2179,137,20,-18,-14,-19
35.433594,67,2179,2179,138,21,-18,-14,-19
35.437500,67,2179,2179,137,21,-18,-14,-19
35.441406,67,2179,2179,137,21,-19,-14,-19
35.445312,66,2179,2179,137,20,-19,-14,-19
35.449219,66,2179,2179,137,20,-19,-14,-19
35.453125,66,2179,2179,138,21,-19,-14,-19
35.457031,66,2179,2179,138,20,-19,-14,-19
35.460938,66,2179,2179,138,20,-19,-14,-19
35.464844,65,2179,2179,139,20,-18,-14,-19
35.468750,65,2179,2179,139,20,-18,-14,-19
35.472656,65,2179,2179,139,20,-18,-14,-19
35.476562,65,2179,2179,139,20,-19,-14,-19
35.480469,65,2179,2179,139,20,-19,-14,-19
35.484375,64,2179,2179,140,20,-19,-14,-19
35.488281,63,2179,2179,140,21,-19,-14,-19
35.492188,63,2179,2179,140,20,-13,-14,-19
35.496094,62,2179,2179,140,20,-19,-14,-19
35.500000,62,2179,2179,141,21,-19,-14,-19
35.503906,62,2179,2179,141,21,-19,-14,-19
35.507812,62,2179,2179,141,21,-18,-14,-19
35.511719,62,2179,2179,141,20,-19,-14,-20
35.515625,61,2179,2179,141,20,-19,-14,-20
35.519531,61,2179,2179,141,20,-19,-14,-20
35.523438,61,2179,2179,140,20,-19,-14,-19
35.527344,61,2179,2179,140,20,-19,-14,-19
35.531250,60,2179,2179,139,20,-19,-14,-19
35.535156,59,2179,2179,139,20,-18,-14,-19
35.539062,59,2179,2179,139,20,-18,-13,-19
35.542969,59,2179,2179,139,20,-18,-13,-19
35.546875,58,2179,2179,139,20,-18,-13,-19
35.550781,58,2179,2179,140,20,-19,-13,-19
35.554688,57,2179,2179,140,20,-18,-13,-19
35.558594,58,2179,2179,141,20,-19,-13,-19
35.562500,57,2179,2179,141,20,-18,-13,-19
35.566406,57,2179,2179,141,20,-19,-13,-19
35.570312,56,2179,2179,141,20,-18,-13,-19
35.574219,56,2179,2179,141,20,-18,-14,-19
35.578125,56,2179,2179,141,20,-18,-14,-19
35.582031,56,2179,2179,141,20,-18,-14,-19
35.585938,55,2179,2179,141,20,-18,-14,-19
35.589844,55,2179,2179,141,20,-18,-14,-19
35.593750,55,2179,2179,140,20,-19,-14,-19
35.597656,54,2179,2179,141,20,-19,-14,-19
35.601562,53,2179,2179,141,21,-19,-14,-20
35.605469,53,2179,2179,141,21,-19,-14,-19
35.609375,53,2179,2179,141,20,-19,-14,-19
35.613281,53,2179,2179,142,20,-19,-14,-19
35.617188,52,2179,2179,142,21,-22,-14,-19
35.621094,51,2179,2179,143,21,-19,-14,-20
35.625000,51,2179,2179,142,21,-19,-14,-19
35.628906,50,2179,2179,142,21,-19,-14,-19
35.632812,49,2179,2179,143,21,-19,-14,-19
35.636719,48,2179,2179,142,21,-18,-14,-19
35.640625,48,2179,2179,142,21,-18,-14,-19
35.644531,46,2179,2179,141,21,-18,-14,-19
35.648438,45,2179,2179,141,21,-18,-14,-19
35.652344,44,2179,2179,142,21,-18,-14,-19
35.656250,43,2179,2179,141,21,-18,-13,-19
35.660156,41,2179,2179,141,21,-18,-13,-19
35.664062,39,2179,2179,141,20,-18,-13,-19
35.667969,36,2179,2179,142,21,-18,-14,-19
35.671875,34,2179,2179,141,21,-18,-13,-19
35.675781,32,2179,2179,139,20,-18,-14,-19
35.679688,30,2179,2179,137,20,-18,-14,-19
35.683594,27,2179,2179,135,20,-18,-14,-19
35.687500,25,2179,2179,129,20,-18,-14,-19
35.691406,23,2179,2179,120,20,-18,-14,-19
35.695312,21,2179,2179,107,20,-18,-14,-19
35.699219,20,2179,2179,91,19,-19,-14,-19
35.703125,18,2179,2179,73,20,-19,-14,-19
35.707031,17,2179,2179,54,20,-19,-14,-20
35.710938,15,2179,2179,38,20,-19,-14,-20
35.714844,14,2179,2179,26,20,-19,-14,-19
35.718750,13,2179,2179,21,20,-19,-14,-20
35.722656,12,2179,2179,20,20,-18,-14,-20
35.726562,11,2179,2179,21,20,-19,-14,-20
35.730469,10,2179,2179,25,20,-18,-14,-20
35.734375,8,2179,2179,29,20,-18,-14,-19
35.738281,7,2179,2179,30,20,-19,-14,-20
35.742188,7,2179,2179,30,20,-16,-14,-20
35.746094,6,2179,2179,29,20,-19,-13,-20
35.750000,5,2179,2179,27,22,-19,-14,-19
35.753906,4,2179,2179,25,21,-18,-14,-19
35.757812,4,2179,2179,24,20,-18,-14,-19
35.761719,4,2179,2179,24,20,-18,-14,-19
35.765625,3,2179,2179,24,20,-18,-14,-19
35.769531,3,2179,2179,26,21,-18,-14,-19
35.773438,3,2179,2179,27,21,-18,-13,-19
35.777344,2,2179,2179,28,21,-18,-13,-19
35.781250,2,2179,2179,28,21,-19,-13,-19
35.785156,2,2179,2179,28,21,-18,-13,-19
35.789062,2,2179,2179,28,21,-18,-13,-19
35.792969,2,2179,2179,27,21,-18,-14,-19
35.796875,2,2179,2179,26,21,-18,-14,-19
35.800781,2,2179,2179,26,21,-18,-14,-19
35.804688,2,2179,2179,26,21,-19,-14,-19
35.808594,3,2179,2179,26,20,-18,-14,-19
35.812500,2,2179,2179,26,20,-19,-14,-19
35.816406,2,2179,2179,26,20,-18,-14,-19
35.820312,2,2179,2179,27,21,-19,-14,-19
35.824219,2,2179,2179,27,21,-18,-14,-19
35.828125,2,2179,2179,27,20,-19,-14,-19
35.832031,2,2179,2179,27,20,-19,-14,-19
35.835938,2,2179,2179,27,21,-19,-14,-19
35.839844,2,2179,2179,27,21,-19,-14,-20
35.843750,2,2179,2179,26,20,-19,-14,-19
35.847656,2,2179,2179,26,20,-19,-14,-19
35.851562,2,2179,2179,26,21,-19,-14,-19
35.855469,2,2179,2179,26,21,-19,-14,-19
35.859375,2,2179,2179,26,20,-18,-14,-19
35.863281,2,2179,2179,26,21,-19,-14,-19
35.867188,2,2179,2179,26,21,-19,-14,-19
35.871094,2,2179,2179,26,21,-18,-14,-19
35.875000,2,2179,2179,26,21,-18,-14,-19
35.878906,3,2179,2179,26,20,-18,-14,-19
35.882812,3,2179,2179,26,20,-18,-14,-19
35.886719,3,2179,2179,26,21,-19,-14,-19
35.890625,4,2179,2179,26,21,-19,-14,-19
35.894531,4,2179,2179,26,20,-19,-14,-19
35.898438,4,2179,2179,26,20,-19,-14,-19
35.902344,4,2179,2179,26,21,-19,-14,-19
35.906250,4,2179,2179,26,20,-18,-14,-19
35.910156,4,2179,2179,26,20,-18,-14,-19
35.914062,4,2179,2179,25,20,-18,-14,-19
35.917969,4,2179,2179,26,20,-18,-14,-19
35.921875,4,2179,2179,26,20,-18,-14,-19
35.925781,5,2179,2179,26,20,-19,-14,-19
35.929688,5,2179,2179,25,20,-19,-14,-19
35.933594,5,2179,2179,26,20,-19,-14,-20
35.937500,5,2179,2179,26,20,-19,-14,-19
35.941406,5,2179,2179,25,20,-19,-14,-20
35.945312,6,2179,2179,25,20,-19,-14,-19
35.949219,5,2179,2179,25,20,-19,-14,-19
35.953125,5,2179,2179,26,20,-19,-14,-19
35.957031,5,2179,2179,26,20,-18,-14,-19
35.960938,5,2179,2179,26,20,-19,-14,-19
35.964844,5,2179,2179,26,20,-19,-14,-19
35.968750,5,2179,2179,26,20,-18,-14,-19
35.972656,5,2179,2179,26,21,-19,-14,-19
35.976562,5,2179,2179,26,20,-18,-14,-19
35.980469,4,2179,2179,26,20,-18,-14,-19
35.984375,4,2179,2179,26,20,-18,-14,-19
35.988281,4,2179,2179,26,21,-18,-14,-19
35.992188,4,2179,2179,26,20,-18,-14,-19
35.996094,4,2179,2179,26,20,-18,-14,-19
36.000000,4,2179,2179,26,19,-18,-14,-19
36.003906,4,2179,2179,26,21,-18,-14,-19
36.007812,5,2179,2179,26,21,-18,-14,-19
36.011719,5,2179,2179,26,20,-19,-14,-19
36.015625,4,2179,2179,26,20,-19,-14,-19
36.019531,4,2179,2179,26,21,-18,-14,-19
36.023438,4,2179,2179,26,21,-18,-14,-19
36.027344,4,2179,2179,26,20,-18,-14,-19
36.031250,4,2179,2179,26,20,-18,-14,-19
36.035156,4,2179,2179,26,20,-18,-14,-19
36.039062,4,2179,2179,26,21,-19,-14,-19
36.042969,4,2179,2179,26,20,-19,-14,-19
36.046875,4,2179,2179,26,20,-19,-14,-19
36.050781,4,2179,2179,26,21,-19,-14,-19
36.054688,4,2179,2179,26,21,-19,-14,-20
36.058594,4,2179,2179,26,20,-19,-14,-20
36.062500,4,2179,2179,26,20,-19,-14,-20
36.066406,3,2179,2179,26,20,-19,-14,-20
36.070312,3,2179,2179,26,20,-19,-14,-19
36.074219,3,2179,2179,26,21,-18,-14,-19
36.078125,3,2179,2179,26,20,-19,-14,-20
36.082031,3,2179,2179,26,20,-19,-14,-19
36.085938,3,2179,2179,26,21,-18,-14,-19
36.089844,3,2179,2179,26,21,-18,-14,-19
36.093750,3,2179,2179,26,20,-18,-13,-19
36.097656,3,2179,2179,26,20,-18,-13,-19
36.101562,3,2179,2179,26,21,-18,-14,-19
36.105469,2,2179,2179,26,21,-18,-13,-19
36.109375,3,2179,2179,26,20,-18,-13,-19
36.113281,3,2179,2179,26,20,-18,-14,-19
36.117188,3,2179,2179,26,20,-19,-14,-19
36.121094,3,2179,2179,26,20,-19,-14,-19
36.125000,3,2179,2179,26,19,-19,-14,-19
36.128906,3,2179,2179,25,20,-19,-14,-19
36.132812,3,2179,2179,26,20,-19,-14,-19
36.136719,3,2179,2179,26,20,-19,-14,-19
36.140625,3,2179,2179,26,20,-19,-14,-19
36.144531,4,2179,2179,25,20,-19,-14,-19
36.148438,3,2179,2179,25,20,-19,-14,-19
36.152344,3,2179,2179,26,20,-19,-14,-19
36.156250,3,2179,2179,26,20,-19,-14,-19
36.160156,3,2179,2179,26,20,-19,-14,-19
36.164062,3,2179,2179,26,20,-19,-14,-19
36.167969,3,2179,2179,26,21,-19,-14,-19
36.171875,3,2179,2179,26,21,-19,-14,-20
36.175781,3,2179,2179,26,21,-18,-14,-20
36.179688,4,2179,2179,26,21,-19,-14,-20
36.183594,3,2179,2179,26,21,-19,-14,-19
36.187500,3,2179,2179,27,21,-19,-14,-19
36.191406,4,2179,2179,26,21,-19,-14,-19
36.195312,3,2179,2179,26,21,-19,-14,-19
36.199219,3,2179,2179,26,21,-19,-14,-19
36.203125,3,2179,2179,26,21,-19,-14,-19
36.207031,3,2179,2179,26,21,-18,-14,-19
36.210938,3,2179,2179,26,21,-19,-14,-19
36.214844,3,2179,2179,26,21,-18,-14,-19
36.218750,3,2179,2179,27,21,-18,-14,-19
36.222656,3,2179,2179,27,21,-18,-14,-20
36.226562,3,2179,2179,26,21,-18,-13,-19
36.230469,3,2179,2179,26,21,-18,-13,-19
36.234375,3,2179,2179,26,21,-19,-14,-19
36.238281,3,2179,2179,27,21,-18,-14,-19
36.242188,4,2179,2179,26,21,-18,-14,-19
36.246094,4,2179,2179,26,20,-19,-13,-19
36.250000,4,2179,2179,26,20,-18,-14,-19
36.253906,4,2179,2179,26,21,-18,-14,-19
36.257812,5,2179,2179,26,20,-18,-14,-19
36.261719,5,2179,2179,26,20,-19,-14,-19
36.265625,5,2179,2179,26,20,-19,-14,-19
36.269531,5,2179,2179,26,20,-19,-14,-20
36.273438,5,2179,2179,26,21,-19,-14,-19
36.277344,5,2179,2179,26,20,-19,-14,-19
36.281250,4,2179,2179,26,20,-19,-14,-20
36.285156,4,2179,2179,26,21,-19,-14,-20
36.289062,4,2179,2179,26,21,-19,-14,-20
36.292969,4,2179,2179,26,20,-19,-14,-20
36.296875,5,2179,2179,26,20,-19,-14,-20
36.300781,4,2179,2179,26,20,-19,-14,-20
36.304688,4,2179,2179,26,21,-19,-14,-20
36.308594,5,2179,2179,26,20,-19,-14,-20
36.312500,5,2179,2179,26,20,-19,-14,-20
36.316406,4,2179,2179,26,20,-19,-14,-19
36.320312,5,2179,2179,26,20,-19,-13,-19
36.324219,5,2179,2179,26,21,-19,-13,-19
36.328125,5,2179,2179,26,20,-18,-13,-19
36.332031,6,2179,2179,26,20,-19,-13,-19
36.335938,6,2179,2179,26,21,-18,-13,-19
36.339844,7,2179,2179,26,20,-18,-14,-19
36.343750,7,2179,2179,26,20,-18,-13,-19
36.347656,7,2179,2179,26,20,-18,-13,-19
36.351562,7,2179,2179,26,20,-19,-14,-19
36.355469,7,2179,2179,26,20,-18,-13,-19
36.359375,7,2179,2179,26,20,-18,-14,-19
36.363281,7,2179,2179,26,20,-18,-14,-19
36.367188,7,2179,2179,26,20,-18,-14,-19
36.371094,7,2179,2179,26,20,-19,-14,-19
36.375000,8,2179,2179,26,20,-19,-14,-20
36.378906,8,2179,2179,25,20,-19,-14,-19
36.382812,7,2179,2179,26,20,-19,-14,-20
36.386719,7,2179,2179,26,21,-19,-14,-19
36.390625,7,2179,2179,26,21,-19,-14,-19
36.394531,7,2179,2179,26,20,-19,-14,-19
36.398438,6,2179,2179,26,20,-19,-14,-19
36.402344,6,2179,2179,26,21,-18,-14,-19
36.406250,6,2179,2179,26,20,-19,-14,-19
36.410156,6,2179,2179,26,20,-18,-14,-20
36.414062,6,2179,2179,26,20,-19,-14,-19
36.417969,6,2179,2179,26,20,-18,-14,-19
36.421875,6,2179,2179,26,21,-18,-13,-19
36.425781,6,2179,2179,26,20,-18,-14,-19
36.429688,6,2179,2179,26,20,-18,-14,-19
36.433594,5,2179,2179,26,21,-19,-14,-19
36.437500,5,2179,2179,26,21,-19,-14,-19
36.441406,6,2179,2179,26,21,-19,-14,-19
36.445312,5,2179,2179,26,20,-18,-14,-19
36.449219,5,2179,2179,26,20,-18,-14,-19
36.453125,5,2179,2179,26,21,-18,-14,-19
36.457031,5,2179,2179,26,21,-18,-13,-19
36.460938,5,2179,2179,26,20,-18,-13,-19
36.464844,5,2179,2179,26,20,-18,-13,-19
36.468750,5,2179,2179,26,20,-18,-13,-19
36.472656,4,2179,2179,26,20,-18,-14,-19
36.476562,5,2179,2179,26,20,-18,-13,-19
36.480469,4,2179,2179,26,20,-18,-14,-19
36.484375,4,2179,2179,26,20,-18,-14,-19
36.488281,4,2179,2179,26,21,-19,-14,-19
36.492188,4,2179,2179,26,20,-18,-14,-19
36.496094,3,2179,2179,26,20,-19,-14,-19
36.500000,3,2179,2179,26,20,-19,-14,-20
36.503906,3,2179,2179,26,21,-19,-14,-19
36.507812,3,2179,2179,25,21,-19,-14,-19
36.511719,4,2179,2179,26,20,-19,-14,-19
36.515625,3,2179,2179,26,20,-19,-14,-19
36.519531,3,2179,2179,26,20,-19,-14,-19
36.523438,4,2179,2179,26,21,-19,-14,-19
36.527344,4,2179,2179,26,20,-19,-14,-19
36.531250,3,2179,2179,26,20,-19,-14,-19
36.535156,3,2179,2179,26,21,-18,-14,-19
36.539062,3,2179,2179,26,21,-18,-14,-19
36.542969,3,2179,2179,26,20,-18,-13,-19
36.546875,3,2179,2179,26,20,-18,-14,-19
36.550781,3,2179,2179,26,20,-19,-14,-19
36.554688,4,2179,2179,26,20,-18,-14,-19
36.558594,4,2179,2179,26,20,-19,-14,-19
36.562500,5,2179,2179,26,20,-19,-14,-19
36.566406,5,2179,2179,26,20,-18,-14,-19
36.570312,5,2179,2179,26,20,-18,-14,-19
36.574219,5,2179,2179,26,20,-19,-13,-19
36.578125,5,2179,2179,26,20,-18,-13,-19
36.582031,5,2179,2179,26,20,-18,-13,-19
36.585938,5,2179,2179,26,20,-18,-13,-20
36.589844,5,2179,2179,26,20,-18,-13,-19
36.593750,6,2179,2179,26,20,-18,-14,-19
36.597656,6,2179,2179,26,20,-19,-14,-19
36.601562,6,2179,2179,26,20,-19,-14,-19
36.605469,6,2179,2179,26,20,-19,-14,-19
36.609375,6,2179,2179,26,20,-19,-14,-19
36.613281,7,2179,2179,26,20,-19,-14,-19
36.617188,6,2179,2179,26,21,-19,-14,-19
36.621094,6,2179,2179,26,21,-19,-14,-20
36.625000,6,2179,2179,26,21,-19,-14,-19
36.628906,6,2179,2179,26,21,-19,-14,-19
36.632812,5,2179,2179,25,21,-19,-14,-19
36.636719,5,2179,2179,26,21,-19,-14,-19
36.640625,5,2179,2179,26,21,-19,-14,-19
36.644531,5,2179,2179,26,21,-19,-14,-19
36.648438,5,2179,2179,26,21,-19,-14,-19
36.652344,5,2179,2179,26,21,-19,-14,-19
36.656250,5,2179,2179,27,21,-18,-14,-19
36.660156,6,2179,2179,26,21,-19,-14,-18
36.664062,6,2179,2179,26,21,-19,-14,-19
36.667969,6,2179,2179,26,21,-18,-14,-19
36.671875,6,2179,2179,26,21,-18,-14,-19
36.675781,6,2179,2179,26,21,-19,-14,-19
36.679688,6,2179,2179,26,20,-19,-14,-19
36.683594,5,2179,2179,26,21,-18,-14,-19
36.687500,5,2179,2179,26,21,-19,-14,-19
36.691406,5,2179,2179,26,20,-18,-14,-19
36.695312,5,2179,2179,26,20,-19,-14,-19
36.699219,5,2179,2179,25,20,-19,-14,-19
36.703125,5,2179,2179,26,20,-19,-14,-19
36.707031,5,2179,2179,26,20,-19,-14,-19
36.710938,5,2179,2179,25,20,-19,-14,-19
36.714844,5,2179,2179,25,20,-19,-14,-19
36.718750,4,2179,2179,26,20,-19,-14,-20
36.722656,4,2179,2179,26,20,-19,-14,-19
36.726562,5,2179,2179,26,20,-19,-14,-20
36.730469,4,2179,2179,26,20,-19,-14,-19
36.734375,4,2179,2179,26,20,-19,-14,-19
36.738281,4,2179,2179,26,20,-19,-14,-19
36.742188,4,2179,2179,26,20,-19,-14,-19
36.746094,4,2179,2179,26,20,-19,-14,-19
36.750000,3,2179,2179,26,20,-19,-14,-19
36.753906,3,2179,2179,26,20,-19,-14,-19
36.757812,3,2179,2179,25,20,-18,-14,-19
36.761719,3,2179,2179,26,20,-18,-14,-19
36.765625,2,2179,2179,26,20,-18,-14,-19
36.769531,2,2179,2179,26,21,-18,-14,-19
36.773438,2,2179,2179,26,21,-18,-13,-19
36.777344,2,2179,2179,26,20,-18,-13,-19
36.781250,2,2179,2179,26,20,-18,-14,-19
36.785156,2,2179,2179,26,21,-18,-14,-19
36.789062,2,2179,2179,26,21,-18,-14,-19
36.792969,2,2179,2179,26,21,-18,-14,-19
36.796875,3,2179,2179,26,21,-19,-13,-19
36.800781,2,2179,2179,27,21,-18,-14,-19
36.804688,2,2179,2179,27,21,-18,-14,-19
36.808594,3,2179,2179,26,21,-18,-14,-19
36.812500,3,2179,2179,26,21,-19,-14,-19
36.816406,2,2179,2179,26,21,-19,-14,-19
36.820312,3,2179,2179,26,21,-19,-14,-20
36.824219,3,2179,2179,26,21,-19,-14,-20
36.828125,3,2179,2179,26,20,-19,-14,-19
36.832031,3,2179,2179,26,20,-19,-14,-20
36.835938,3,2179,2179,26,21,-19,-14,-19
36.839844,3,2179,2179,26,20,-19,-14,-20
36.843750,4,2179,2179,26,20,-19,-14,-19
36.847656,4,2179,2179,26,20,-19,-14,-20
36.851562,4,2179,2179,26,21,-19,-14,-19
36.855469,4,2179,2179,26,21,-19,-14,-20
36.859375,4,2179,2179,26,20,-19,-14,-19
36.863281,4,2179,2179,26,20,-19,-14,-19
36.867188,5,2179,2179,26,21,-19,-14,-19
36.871094,5,2179,2179,26,21,-18,-14,-19
36.875000,6,2179,2179,26,21,-18,-14,-19
36.878906,6,2179,2179,26,20,-18,-14,-19
36.882812,7,2179,2179,26,21,-18,-14,-19
36.886719,7,2179,2179,26,21,-18,-14,-19
36.890625,8,2179,2179,26,21,-18,-13,-19
36.894531,8,2179,2179,26,20,-18,-13,-19
36.898438,9,2179,2179,26,20,-19,-13,-19
36.902344,9,2179,2179,26,21,-18,-14,-19
36.906250,10,2179,2179,26,21,-19,-14,-19
36.910156,11,2179,2179,26,20,-18,-14,-19
36.914062,11,2179,2179,26,20,-19,-14,-19
36.917969,12,2179,2179,26,20,-18,-15,-19
36.921875,13,2179,2179,26,20,-18,-14,-19
36.925781,14,2179,2179,26,20,-18,-14,-19
36.929688,15,2179,2179,25,20,-18,-14,-19
36.933594,15,2179,2179,26,20,-19,-14,-19
36.937500,16,2179,2179,26,20,-18,-14,-19
36.941406,17,2179,2179,25,20,-19,-14,-20
36.945312,18,2179,2179,25,20,-19,-14,-20
36.949219,19,2179,2179,25,20,-19,-14,-20
36.953125,20,2179,2179,26,20,-19,-14,-20
36.957031,22,2179,2179,26,20,-19,-14,-20
36.960938,23,2179,2179,26,20,-19,-14,-19
36.964844,24,2179,2179,26,20,-19,-14,-19
36.968750,26,2179,2179,26,20,-19,-14,-19
36.972656,28,2179,2179,26,21,-19,-14,-19
36.976562,29,2179,2179,26,20,-19,-14,-19
36.980469,31,2179,2179,26,20,-19,-14,-19
36.984375,32,2179,2179,26,21,-19,-14,-19
36.988281,33,2179,2179,26,21,-18,-14,-19
36.992188,35,2179,2179,26,20,-18,-14,-19
36.996094,37,2179,2179,26,20,-18,-14,-19
37.000000,39,2179,2179,26,20,-18,-14,-19
37.003906,40,2179,2179,26,21,-18,-14,-19
37.007812,42,2179,2179,26,20,-18,-14,-19
37.011719,44,2179,2179,26,20,-18,-14,-19
37.015625,46,2179,2179,26,20,-19,-13,-19
37.019531,47,2179,2179,26,21,-19,-14,-19
37.023438,49,2179,2179,26,21,-19,-14,-19
37.027344,51,2179,2179,26,20,-19,-14,-19
37.031250,52,2179,2179,26,20,-19,-14,-19
37.035156,53,2179,2179,26,21,-19,-14,-19
37.039062,54,2179,2179,26,21,-19,-14,-19
37.042969,56,2179,2179,26,20,-18,-14,-19
37.046875,57,2179,2179,26,20,-19,-14,-19
37.050781,57,2179,2179,26,21,-19,-14,-19
37.054688,58,2179,2179,26,21,-18,-14,-19
37.058594,60,2179,2179,26,20,-18,-14,-19
37.062500,60,2179,2179,26,21,-19,-14,-19
37.066406,61,2179,2179,26,21,-19,-14,-19
37.070312,62,2179,2179,26,21,-18,-14,-19
37.074219,62,2179,2179,27,21,-19,-14,-19
37.078125,63,2179,2179,26,21,-19,-14,-19
37.082031,63,2179,2179,26,21,-19,-14,-19
37.085938,64,2179,2179,27,21,-19,-14,-19
37.089844,65,2179,2179,26,21,-19,-14,-19
37.093750,66,2179,2179,26,21,-19,-14,-19
37.097656,66,2179,2179,26,20,-19,-14,-19
37.101562,66,2179,2179,26,20,-19,-14,-19
37.105469,67,2179,2179,26,20,-18,-14,-19
37.109375,68,2179,2179,26,20,-18,-14,-19
37.113281,68,2179,2179,26,20,-18,-14,-19
37.117188,68,2179,2179,26,20,-18,-14,-19
37.121094,69,2179,2179,26,20,-18,-14,-19
37.125000,70,2179,2179,26,20,-19,-14,-19
37.128906,71,2179,2179,26,20,-18,-14,-19
37.132812,71,2179,2179,26,20,-18,-14,-19
37.136719,72,2179,2179,26,20,-18,-14,-19
37.140625,73,2179,2179,26,20,-18,-14,-19
37.144531,73,2179,2179,26,20,-19,-14,-19
37.148438,74,2179,2179,25,20,-18,-14,-19
37.152344,74,2179,2179,26,20,-19,-14,-19
37.156250,75,2179,2179,26,20,-19,-14,-19
37.160156,75,2179,2179,26,20,-19,-14,-19
37.164062,75,2179,2179,26,20,-19,-14,-19
37.167969,75,2179,2179,26,20,-19,-13,-19
37.171875,75,2179,2179,26,20,-19,-14,-19
37.175781,76,2179,2179,26,20,-18,-14,-19
37.179688,76,2179,2179,26,20,-19,-14,-20
37.183594,76,2179,2179,27,21,-19,-14,-19
37.187500,76,2179,2179,27,21,-19,-14,-20
37.191406,76,2179,2179,27,21,-19,-14,-20
37.195312,76,2179,2179,27,21,-19,-14,-20
37.199219,76,2179,2179,27,20,-19,-14,-20
37.203125,76,2179,2179,28,21,-19,-14,-19
37.207031,76,2179,2179,27,21,-18,-14,-19
37.210938,76,2179,2179,26,20,-18,-14,-19
37.214844,76,2179,2179,26,20,-18,-14,-19
37.218750,76,2179,2179,27,21,-18,-14,-19
37.222656,76,2179,2179,27,21,-18,-14,-19
37.226562,76,2179,2179,27,20,-18,-14,-19
37.230469,77,2179,2179,27,20,-19,-13,-19
37.234375,77,2179,2179,28,21,-19,-13,-19
37.238281,77,2179,2179,29,21,-19,-13,-19
37.242188,77,2179,2179,29,20,-19,-13,-19
37.246094,77,2179,2179,29,20,-18,-13,-19
37.250000,76,2179,2179,30,20,-19,-14,-19
37.253906,76,2179,2179,30,21,-18,-13,-19
37.257812,77,2179,2179,31,20,-18,-14,-19
37.261719,77,2179,2179,31,20,-18,-14,-19
37.265625,77,2179,2179,32,20,-18,-14,-19
37.269531,76,2179,2179,33,20,-19,-14,-19
37.273438,76,2179,2179,34,20,-19,-14,-19
37.277344,76,2179,2179,35,20,-19,-14,-20
37.281250,76,2179,2179,36,20,-19,-14,-19
37.285156,76,2179,2179,38,20,-19,-14,-19
37.289062,76,2179,2179,39,20,-19,-14,-19
37.292969,76,2179,2179,40,20,-19,-13,-19
37.296875,76,2179,2179,41,20,-19,-14,-19
37.300781,75,2179,2179,43,20,-19,-14,-19
37.304688,75,2179,2179,44,20,-19,-14,-19
37.308594,76,2179,2179,45,20,-19,-14,-19
37.312500,75,2179,2179,47,20,-19,-14,-19
37.316406,75,2179,2179,49,20,-18,-14,-19
37.320312,75,2179,2179,51,20,-18,-14,-19
37.324219,74,2179,2179,52,20,-18,-14,-19
37.328125,74,2179,2179,53,20,-18,-14,-19
37.332031,74,2179,2179,55,20,-18,-14,-19
37.335938,74,2179,2179,56,21,-18,-14,-19
37.339844,74,2179,2179,58,21,-18,-14,-19
37.343750,74,2179,2179,59,20,-18,-14,-19
37.347656,74,2179,2179,60,20,-18,-13,-19
37.351562,74,2179,2179,62,21,-18,-14,-19
37.355469,74,2179,2179,63,21,-18,-14,-19
37.359375,74,2179,2179,64,20,-19,-14,-19
37.363281,74,2179,2179,64,20,-19,-14,-19
37.367188,74,2179,2179,64,21,-18,-14,-19
37.371094,74,2179,2179,64,21,-19,-14,-19
37.375000,74,2179,2179,64,20,-18,-14,-19
37.378906,74,2179,2179,64,20,-19,-14,-19
37.382812,74,2179,2179,66,20,-19,-14,-19
37.386719,74,2179,2179,68,21,-18,-14,-19
37.390625,74,2179,2179,71,20,-19,-14,-19
37.394531,74,2179,2179,73,20,-19,-14,-19
37.398438,74,2179,2179,74,20,-19,-14,-19
37.402344,74,2179,2179,75,21,-19,-14,-20
37.406250,74,2179,2179,75,21,-19,-14,-19
37.410156,74,2179,2179,74,20,-19,-14,-19
37.414062,73,2179,2179,74,21,-19,-14,-19
37.417969,73,2179,2179,74,21,-19,-13,-19
37.421875,73,2179,2179,75,21,-19,-14,-19
37.425781,73,2179,2179,76,21,-17,-14,-19
37.429688,73,2179,2179,79,20,-19,-14,-19
37.433594,73,2179,2179,82,21,-19,-14,-19
37.437500,73,2179,2179,84,21,-19,-14,-19
37.441406,74,2179,2179,85,21,-18,-14,-20
37.445312,74,2179,2179,86,21,-19,-14,-19
37.449219,74,2179,2179,86,20,-19,-14,-20
37.453125,74,2179,2179,86,21,-18,-14,-19
37.457031,74,2179,2179,86,21,-19,-14,-19
37.460938,74,2179,2179,86,20,-18,-14,-19
37.464844,74,2179,2179,86,20,-18,-14,-19
37.468750,74,2179,2179,88,20,-18,-14,-20
37.472656,74,2179,2179,89,20,-18,-14,-19
37.476562,75,2179,2179,90,20,-18,-14,-19
37.480469,75,2179,2179,91,20,-18,-14,-19
37.484375,75,2179,2179,93,20,-19,-14,-19
37.488281,75,2179,2179,93,20,-19,-14,-19
37.492188,75,2179,2179,93,20,-19,-14,-19
37.496094,75,2179,2179,93,20,-19,-14,-19
37.500000,75,2179,2179,93,20,-19,-14,-19
37.503906,75,2179,2179,94,21,-19,-14,-19
37.507812,75,2179,2179,95,21,-19,-14,-19
37.511719,75,2179,2179,95,20,-19,-14,-19
37.515625,75,2179,2179,96,20,-19,-14,-20
37.519531,75,2179,2179,98,20,-19,-14,-20
37.523438,75,2179,2179,99,21,-19,-14,-20
37.527344,75,2179,2179,99,20,-19,-14,-20
37.531250,75,2179,2179,100,20,-19,-14,-19
37.535156,75,2179,2179,101,20,-19,-14,-20
37.539062,75,2179,2179,101,20,-19,-14,-19
37.542969,75,2179,2179,101,20,-19,-14,-19
37.546875,75,2179,2179,101,20,-19,-14,-19
37.550781,74,2179,2179,101,20,-26,-14,-19
37.554688,75,2179,2179,101,20,-18,-14,-19
37.558594,75,2179,2179,101,20,-18,-14,-19
37.562500,75,2179,2179,101,20,-18,-14,-19
37.566406,75,2179,2179,102,20,-18,-14,-19
37.570312,75,2179,2179,103,20,-18,-14,-19
37.574219,76,2179,2179,104,20,-18,-14,-19
37.578125,76,2179,2179,104,20,-18,-14,-19
37.582031,75,2179,2179,105,20,-19,-14,-19
37.585938,75,2179,2179,106,21,-19,-14,-19
37.589844,76,2179,2179,107,21,-19,-14,-19
37.593750,76,2179,2179,107,20,-19,-14,-19
37.597656,76,2179,2179,107,20,-19,-14,-19
37.601562,76,2179,2179,107,21,-19,-14,-19
37.605469,76,2179,2179,107,21,-19,-14,-19
37.609375,76,2179,2179,107,20,-19,-14,-19
37.613281,76,2179,2179,108,20,-19,-14,-20
37.617188,76,2179,2179,109,21,-19,-14,-19
37.621094,76,2179,2179,110,21,-19,-14,-20
37.625000,76,2179,2179,111,21,-19,-14,-19
37.628906,76,2179,2179,111,20,-19,-14,-20
37.632812,76,2179,2179,111,21,-19,-14,-20
37.636719,76,2179,2179,111,21,-19,-14,-20
37.640625,76,2179,2179,111,21,-19,-14,-20
37.644531,76,2179,2179,111,20,-19,-14,-20
37.648438,76,2179,2179,111,20,-19,-14,-19
37.652344,76,2179,2179,111,21,-19,-14,-20
37.656250,76,2179,2179,112,21,-18,-14,-19
37.660156,76,2179,2179,112,20,-19,-14,-19
37.664062,76,2179,2179,112,20,-18,-14,-19
37.667969,75,2179,2179,113,21,-19,-14,-19
37.671875,76,2179,2179,113,21,-19,-14,-19
37.675781,76,2179,2179,113,21,-12,-14,-19
37.679688,76,2179,2179,113,20,-18,-14,-19
37.683594,76,2179,2179,113,21,-19,-14,-19
37.687500,76,2179,2179,112,21,-19,-14,-19
37.691406,76,2179,2179,112,20,-18,-14,-19
37.695312,76,2179,2179,113,20,-19,-14,-19
37.699219,76,2179,2179,113,20,-19,-14,-19
37.703125,76,2179,2179,114,20,-18,-14,-19
37.707031,76,2179,2179,115,20,-18,-14,-19
37.710938,76,2179,2179,115,20,-18,-14,-19
37.714844,76,2179,2179,116,20,-18,-14,-19
37.718750,76,2179,2179,117,20,-18,-14,-20
37.722656,76,2179,2179,117,20,-19,-14,-20
37.726562,76,2179,2179,117,20,-19,-14,-20
37.730469,76,2179,2179,118,20,-19,-14,-20
37.734375,76,2179,2179,119,20,-19,-14,-20
37.738281,75,2179,2179,119,20,-19,-14,-20
37.742188,76,2179,2179,119,20,-19,-14,-20
37.746094,76,2179,2179,119,20,-19,-14,-20
37.750000,76,2179,2179,120,20,-19,-14,-19
37.753906,76,2179,2179,120,21,-19,-14,-19
37.757812,76,2179,2179,119,21,-19,-14,-19
37.761719,76,2179,2179,119,20,-19,-14,-19
37.765625,75,2179,2179,119,20,-18,-14,-19
37.769531,75,2179,2179,120,21,-18,-14,-19
37.773438,75,2179,2179,120,21,-18,-14,-19
37.777344,75,2179,2179,120,20,-18,-14,-19
37.781250,75,2179,2179,120,20,-18,-14,-19
37.785156,75,2179,2179,121,21,-18,-14,-19
37.789062,75,2179,2179,121,21,-18,-14,-19
37.792969,76,2179,2179,121,21,-18,-14,-19
37.796875,76,2179,2179,121,21,-19,-14,-19
37.800781,76,2179,2179,121,21,-22,-14,-19
37.804688,76,2179,2179,122,21,-19,-14,-19
37.808594,77,2179,2179,122,21,-19,-14,-19
37.812500,77,2179,2179,122,20,-19,-14,-19
37.816406,77,2179,2179,123,21,-19,-14,-19
37.820312,77,2179,2179,123,21,-19,-14,-20
37.824219,77,2179,2179,123,21,-19,-14,-19
37.828125,77,2179,2179,122,20,-19,-14,-19
37.832031,77,2179,2179,122,20,-19,-14,-20
37.835938,77,2179,2179,122,20,-19,-14,-20
37.839844,77,2179,2179,122,20,-19,-14,-20
37.843750,77,2179,2179,122,20,-19,-14,-20
37.847656,77,2179,2179,122,20,-19,-14,-20
37.851562,77,2179,2179,123,20,-19,-14,-20
37.855469,77,2179,2179,123,20,-19,-14,-19
37.859375,78,2179,2179,123,20,-19,-14,-20
37.863281,78,2179,2179,123,20,-19,-14,-19
37.867188,77,2179,2179,123,20,-19,-14,-19
37.871094,77,2179,2179,124,20,-19,-14,-19
37.875000,77,2179,2179,124,21,-19,-14,-19
37.878906,77,2179,2179,124,20,-19,-14,-19
37.882812,76,2179,2179,124,20,-18,-14,-20
37.886719,76,2179,2179,125,21,-18,-14,-19
37.890625,76,2179,2179,125,21,-18,-14,-19
37.894531,76,2179,2179,125,21,-18,-14,-19
37.898438,76,2179,2179,126,20,-18,-13,-19
37.902344,76,2179,2179,126,21,-18,-14,-19
37.906250,76,2179,2179,127,21,-18,-13,-19
37.910156,77,2179,2179,126,20,-18,-13,-19
37.914062,76,2179,2179,127,20,-18,-13,-19
37.917969,76,2179,2179,127,20,-19,-13,-19
37.921875,76,2179,2179,127,20,-19,-13,-19
37.925781,76,2179,2179,127,20,-16,-14,-19
37.929688,76,2179,2179,127,20,-19,-14,-19
37.933594,75,2179,2179,128,21,-19,-14,-19
37.937500,75,2179,2179,128,20,-19,-14,-19
37.941406,76,2179,2179,128,20,-19,-14,-20
37.945312,76,2179,2179,128,20,-19,-14,-20
37.949219,75,2179,2179,128,20,-19,-14,-19
37.953125,75,2179,2179,129,20,-19,-14,-20
37.957031,75,2179,2179,129,21,-19,-14,-19
37.960938,75,2179,2179,129,20,-18,-14,-19
37.964844,75,2179,2179,130,20,-19,-14,-19
37.968750,75,2179,2179,131,21,-19,-14,-19
37.972656,75,2179,2179,131,21,-18,-14,-19
37.976562,75,2179,2179,131,20,-18,-14,-19
37.980469,75,2179,2179,131,20,-18,-14,-19
37.984375,74,2179,2179,131,21,-19,-14,-19
37.988281,74,2179,2179,130,21,-18,-14,-19
37.992188,74,2179,2179,130,20,-19,-14,-19
37.996094,74,2179,2179,130,20,-18,-14,-19
38.000000,73,2179,2179,130,20,-18,-14,-19
38.003906,73,2179,2179,131,21,-18,-14,-19
38.007812,73,2179,2179,131,21,-18,-14,-19
38.011719,73,2179,2179,132,20,-18,-14,-19
38.015625,73,2179,2179,132,20,-18,-14,-19
38.019531,73,2179,2179,133,21,-18,-14,-19
38.023438,73,2179,2179,133,21,-18,-14,-19
38.027344,73,2179,2179,133,21,-19,-14,-19
38.031250,73,2179,2179,132,21,-19,-13,-19
38.035156,73,2179,2179,133,21,-18,-14,-19
38.039062,73,2179,2179,132,21,-19,-13,-19
38.042969,74,2179,2179,132,20,-18,-14,-19
38.046875,74,2179,2179,132,20,-19,-14,-19
38.050781,74,2179,2179,133,20,-19,-14,-19
38.054688,74,2179,2179,134,21,-19,-14,-20
38.058594,74,2179,2179,133,21,-19,-14,-20
38.062500,74,2179,2179,133,20,-19,-14,-20
38.066406,73,2179,2179,134,20,-19,-14,-20
38.070312,73,2179,2179,134,21,-19,-14,-20
38.074219,74,2179,2179,134,21,-19,-14,-20
38.078125,74,2179,2179,134,20,-19,-14,-20
38.082031,74,2179,2179,134,21,-19,-14,-19
38.085938,74,2179,2179,134,21,-19,-14,-19
38.089844,74,2179,2179,134,21,-19,-14,-19
38.093750,74,2179,2179,134,20,-19,-14,-19
38.097656,74,2179,2179,133,20,-19,-14,-19
38.101562,73,2179,2179,134,20,-19,-14,-19
38.105469,73,2179,2179,134,20,-19,-14,-19
38.109375,73,2179,2179,133,20,-19,-14,-19
38.113281,73,2179,2179,134,20,-19,-13,-19
38.117188,73,2179,2179,134,20,-19,-14,-19
38.121094,73,2179,2179,134,20,-18,-14,-19
38.125000,73,2179,2179,133,20,-18,-14,-19
38.128906,73,2179,2179,133,20,-18,-14,-19
38.132812,73,2179,2179,133,20,-18,-14,-19
38.136719,73,2179,2179,133,20,-18,-14,-19
38.140625,73,2179,2179,133,20,-18,-14,-19
38.144531,73,2179,2179,133,20,-18,-14,-19
38.148438,73,2179,2179,134,20,-18,-14,-19
38.152344,72,2179,2179,135,20,-18,-14,-19
38.156250,73,2179,2179,135,20,-18,-14,-19
38.160156,73,2179,2179,135,20,-18,-14,-19
38.164062,73,2179,2179,135,20,-18,-14,-19
38.167969,72,2179,2179,135,20,-19,-14,-19
38.171875,72,2179,2179,135,20,-19,-14,-19
38.175781,72,2179,2179,136,20,-18,-14,-20
38.179688,72,2179,2179,136,20,-19,-14,-20
38.183594,71,2179,2179,137,19,-19,-14,-20
38.187500,71,2179,2179,137,21,-19,-14,-20
38.191406,71,2179,2179,137,21,-18,-14,-19
38.195312,71,2179,2179,138,20,-19,-14,-20
38.199219,70,2179,2179,138,20,-19,-14,-20
38.203125,70,2179,2179,139,21,-19,-14,-20
38.207031,70,2179,2179,139,21,-19,-14,-19
38.210938,70,2179,2179,138,21,-19,-14,-19
38.214844,69,2179,2179,138,20,-19,-14,-19
38.218750,69,2179,2179,138,21,-18,-14,-19
38.222656,69,2179,2179,137,21,-18,-14,-19
38.226562,69,2179,2179,137,20,-18,-13,-19
38.230469,69,2179,2179,137,20,-18,-13,-19
38.234375,69,2179,2179,137,21,-18,-13,-19
38.238281,68,2179,2179,137,21,-18,-13,-19
38.242188,69,2179,2179,137,20,-18,-14,-19
38.246094,68,2179,2179,138,20,-19,-14,-19
38.250000,67,2179,2179,139,20,-18,-14,-19
38.253906,67,2179,2179,140,21,-18,-14,-19
38.257812,67,2179,2179,141,21,-18,-14,-19
38.261719,67,2179,2179,141,20,-18,-14,-19
38.265625,66,2179,2179,141,20,-19,-13,-19
38.269531,66,2179,2179,141,20,-18,-14,-20
38.273438,66,2179,2179,141,20,-18,-14,-20
38.277344,66,2179,2179,141,20,-19,-14,-20
38.281250,66,2179,2179,141,20,-19,-14,-20
38.285156,65,2179,2179,141,20,-19,-14,-20
38.289062,64,2179,2179,141,20,-19,-14,-20
38.292969,64,2179,2179,140,20,-19,-14,-20
38.296875,64,2179,2179,140,20,-19,-14,-20
38.300781,63,2179,2179,141,20,-19,-14,-19
38.304688,62,2179,2179,141,20,-19,-14,-20
38.308594,62,2179,2179,141,19,-19,-14,-19
38.312500,62,2179,2179,140,20,-19,-14,-19
38.316406,61,2179,2179,141,20,-18,-14,-20
38.320312,60,2179,2179,140,20,-19,-14,-20
38.324219,60,2179,2179,140,20,-19,-14,-20
38.328125,60,2179,2179,140,20,-18,-14,-19
38.332031,59,2179,2179,140,20,-19,-14,-19
38.335938,58,2179,2179,141,21,-19,-14,-19
38.339844,57,2179,2179,141,21,-19,-13,-19
38.343750,56,2179,2179,142,21,-18,-13,-19
38.347656,55,2179,2179,142,20,-18,-13,-19
38.351562,54,2179,2179,143,21,-18,-13,-19
38.355469,53,2179,2179,143,21,-18,-13,-19
38.359375,53,2179,2179,142,21,-18,-14,-19
38.363281,51,2179,2179,141,21,-18,-13,-19
38.367188,50,2179,2179,141,21,-19,-13,-19
38.371094,48,2179,2179,140,21,-18,-14,-19
38.375000,47,2179,2179,140,21,-19,-13,-19
38.378906,45,2179,2179,140,20,-19,-13,-19
38.382812,43,2179,2179,140,20,-19,-13,-19
38.386719,42,2179,2179,141,21,-19,-14,-19
38.390625,40,2179,2179,141,21,-19,-14,-19
38.394531,37,2179,2179,141,21,-18,-14,-19
38.398438,35,2179,2179,139,20,-19,-14,-20
38.402344,32,2179,2179,135,21,-19,-14,-20
38.406250,30,2179,2179,128,21,-19,-14,-20
38.410156,28,2179,2179,117,21,-19,-14,-20
38.414062,25,2179,2179,103,21,-19,-14,-20
38.417969,23,2179,2179,87,21,-19,-14,-20
38.421875,21,2179,2179,69,21,-19,-14,-19
38.425781,20,2179,2179,53,20,-19,-14,-19
38.429688,18,2179,2179,40,20,-19,-14,-19
38.433594,17,2179,2179,33,20,-19,-14,-19
38.437500,15,2179,2179,29,21,-19,-14,-19
38.441406,15,2179,2179,29,21,-19,-14,-19
38.445312,14,2179,2179,30,21,-18,-14,-19
38.449219,13,2179,2179,32,20,-19,-13,-19
38.453125,12,2179,2179,33,21,-18,-13,-19
38.457031,12,2179,2179,33,20,-18,-13,-19
38.460938,11,2179,2179,31,20,-18,-13,-19
38.464844,10,2179,2179,28,20,-18,-13,-19
38.468750,10,2179,2179,26,20,-18,-13,-19
38.472656,9,2179,2179,24,21,-18,-13,-19
38.476562,9,2179,2179,23,20,-18,-13,-19
38.480469,8,2179,2179,24,20,-18,-14,-19
38.484375,8,2179,2179,25,21,-19,-14,-19
38.488281,7,2179,2179,26,21,-18,-14,-19
38.492188,7,2179,2179,27,20,-19,-14,-19
38.496094,7,2179,2179,27,20,-18,-14,-19
38.500000,7,2179,2179,27,20,-18,-14,-19
38.503906,7,2179,2179,27,21,-19,-14,-19
38.507812,7,2179,2179,26,21,-18,-14,-20
38.511719,7,2179,2179,25,20,-18,-14,-20
38.515625,7,2179,2179,25,20,-19,-14,-19
38.519531,7,2179,2179,25,20,-18,-14,-20
38.523438,7,2179,2179,26,20,-18,-14,-19
38.527344,7,2179,2179,26,20,-19,-14,-20
38.531250,7,2179,2179,26,20,-19,-14,-19
38.535156,7,2179,2179,26,20,-19,-14,-20
38.539062,7,2179,2179,26,20,-19,-14,-20
38.542969,7,2179,2179,26,20,-19,-14,-20
38.546875,7,2179,2179,26,20,-19,-14,-19
38.550781,7,2179,2179,26,20,-19,-14,-20
38.554688,7,2179,2179,26,20,-18,-14,-19
38.558594,7,2179,2179,25,20,-18,-13,-19
38.562500,7,2179,2179,25,20,-18,-14,-19
38.566406,7,2179,2179,27,20,-18,-14,-19
38.570312,6,2179,2179,26,21,-18,-13,-19
38.574219,6,2179,2179,26,20,-18,-14,-19
38.578125,6,2179,2179,26,20,-18,-14,-19
38.582031,6,2179,2179,26,20,-18,-14,-19
38.585938,5,2179,2179,26,21,-18,-14,-19
38.589844,6,2179,2179,26,21,-18,-14,-19
38.593750,6,2179,2179,26,20,-19,-13,-20
38.597656,6,2179,2179,26,20,-19,-13,-19
38.601562,5,2179,2179,26,21,-19,-14,-19
38.605469,6,2179,2179,26,21,-18,-14,-20
38.609375,6,2179,2179,26,20,-18,-14,-19
38.613281,6,2179,2179,26,20,-19,-14,-19
38.617188,6,2179,2179,26,21,-19,-14,-19
38.621094,6,2179,2179,26,20,-19,-14,-20
38.625000,6,2179,2179,26,21,-19,-14,-19
38.628906,6,2179,2179,26,20,-19,-14,-20
38.632812,6,2179,2179,26,20,-19,-14,-20
38.636719,5,2179,2179,26,21,-19,-14,-20
38.640625,6,2179,2179,26,21,-19,-14,-20
38.644531,5,2179,2179,26,20,-19,-14,-20
38.648438,5,2179,2179,26,20,-19,-14,-20
38.652344,5,2179,2179,26,21,-19,-14,-20
38.656250,5,2179,2179,26,21,-19,-14,-19
38.660156,5,2179,2179,26,20,-19,-14,-19
38.664062,4,2179,2179,26,20,-19,-14,-19
38.667969,4,2179,2179,26,21,-19,-13,-19
38.671875,4,2179,2179,26,21,-18,-13,-19
38.675781,4,2179,2179,26,21,-18,-13,-19
38.679688,4,2179,2179,26,21,-18,-13,-19
38.683594,3,2179,2179,26,20,-18,-13,-19
38.687500,4,2179,2179,26,21,-18,-14,-19
38.691406,4,2179,2179,25,21,-18,-13,-19
38.695312,4,2179,2179,26,20,-18,-14,-19
38.699219,4,2179,2179,26,20,-18,-14,-19
38.703125,4,2179,2179,26,21,-18,-14,-19
38.707031,5,2179,2179,26,21,-18,-14,-19
38.710938,5,2179,2179,26,20,-18,-13,-19
38.714844,5,2179,2179,26,20,-18,-14,-19
38.718750,5,2179,2179,26,20,-19,-14,-20
38.722656,5,2179,2179,26,20,-18,-14,-19
38.726562,6,2179,2179,25,20,-19,-14,-19
38.730469,6,2179,2179,25,20,-19,-14,-19
38.734375,6,2179,2179,26,20,-19,-14,-19
38.738281,6,2179,2179,26,20,-19,-14,-20
38.742188,7,2179,2179,25,20,-19,-14,-20
38.746094,6,2179,2179,26,20,-19,-14,-20
38.750000,6,2179,2179,26,20,-19,-14,-20
38.753906,6,2179,2179,26,20,-19,-14,-20
38.757812,6,2179,2179,26,20,-19,-14,-20
38.761719,6,2179,2179,25,20,-19,-14,-19
38.765625,6,2179,2179,26,20,-19,-14,-20
38.769531,6,2179,2179,26,21,-18,-14,-20
38.773438,6,2179,2179,26,21,-19,-14,-19
38.777344,6,2179,2179,26,20,-19,-14,-19
38.781250,6,2179,2179,26,20,-19,-14,-19
38.785156,6,2179,2179,26,21,-19,-14,-19
38.789062,6,2179,2179,27,21,-19,-13,-19
38.792969,7,2179,2179,26,21,-19,-13,-19
38.796875,7,2179,2179,26,21,-18,-13,-19
38.800781,7,2179,2179,26,21,-18,-14,-20
38.804688,8,2179,2179,26,21,-18,-14,-19
38.808594,8,2179,2179,26,21,-18,-14,-19
38.812500,8,2179,2179,26,21,-18,-14,-19
38.816406,8,2179,2179,26,21,-18,-14,-19
38.820312,8,2179,2179,26,21,-18,-14,-19
38.824219,8,2179,2179,26,21,-19,-14,-19
38.828125,8,2179,2179,26,20,-19,-14,-19
38.832031,8,2179,2179,26,20,-19,-13,-19
38.835938,8,2179,2179,26,20,-19,-14,-19
38.839844,9,2179,2179,26,20,-19,-14,-19
38.843750,9,2179,2179,25,20,-19,-14,-18
38.847656,8,2179,2179,25,20,-19,-14,-20
38.851562,8,2179,2179,26,20,-19,-14,-19
38.855469,8,2179,2179,26,20,-19,-14,-20
38.859375,8,2179,2179,26,20,-19,-14,-19
38.863281,8,2179,2179,26,20,-19,-14,-19
38.867188,7,2179,2179,26,20,-19,-14,-20
38.871094,7,2179,2179,26,21,-19,-14,-19
38.875000,7,2179,2179,26,21,-19,-14,-19
38.878906,7,2179,2179,26,20,-19,-14,-19
38.882812,7,2179,2179,26,20,-19,-14,-19
38.886719,7,2179,2179,27,21,-19,-14,-19
38.890625,7,2179,2179,27,21,-19,-14,-19
38.894531,7,2179,2179,27,20,-18,-14,-19
38.898438,7,2179,2179,27,20,-18,-14,-19
38.902344,7,2179,2179,27,21,-18,-14,-19
38.906250,7,2179,2179,27,20,-18,-13,-19
38.910156,7,2179,2179,26,20,-18,-13,-19
38.914062,7,2179,2179,26,20,-18,-14,-19
38.917969,7,2179,2179,26,20,-18,-14,-19
38.921875,6,2179,2179,26,20,-18,-14,-19
38.925781,6,2179,2179,25,20,-18,-14,-19
38.929688,7,2179,2179,25,20,-19,-14,-19
38.933594,6,2179,2179,26,20,-19,-14,-19
38.937500,7,2179,2179,26,20,-18,-14,-19
38.941406,7,2179,2179,25,20,-18,-14,-19
38.945312,7,2179,2179,26,20,-19,-14,-19
38.949219,7,2179,2179,26,20,-19,-14,-19
38.953125,7,2179,2179,26,20,-19,-14,-19
38.957031,7,2179,2179,26,20,-19,-14,-19
38.960938,7,2179,2179,26,20,-19,-14,-19
38.964844,6,2179,2179,26,20,-19,-14,-19
38.968750,6,2179,2179,26,21,-19,-14,-19
38.972656,6,2179,2179,26,21,-19,-14,-20
38.976562,6,2179,2179,26,21,-19,-14,-20
38.980469,5,2179,2179,27,20,-19,-14,-19
38.984375,5,2179,2179,27,21,-19,-14,-20
38.988281,5,2179,2179,27,21,-19,-14,-20
38.992188,5,2179,2179,27,20,-19,-14,-19
38.996094,5,2179,2179,27,20,-19,-14,-19
39.000000,4,2179,2179,27,20,-19,-14,-19
39.003906,4,2179,2179,26,21,-19,-14,-19
39.007812,4,2179,2179,26,21,-18,-14,-19
39.011719,4,2179,2179,26,21,-18,-13,-19
39.015625,4,2179,2179,26,21,-18,-14,-19
39.019531,4,2179,2179,26,21,-18,-14,-19
39.023438,4,2179,2179,27,21,-18,-13,-19
39.027344,4,2179,2179,26,21,-18,-13,-19
39.031250,4,2179,2179,26,21,-18,-13,-19
39.035156,4,2179,2179,27,21,-18,-14,-19
39.039062,4,2179,2179,27,21,-18,-14,-19
39.042969,5,2179,2179,26,21,-18,-14,-19
39.046875,5,2179,2179,26,20,-19,-14,-19
39.050781,5,2179,2179,26,21,-18,-14,-19
39.054688,6,2179,2179,26,21,-18,-14,-19
39.058594,6,2179,2179,26,21,-18,-14,-19
39.062500,6,2179,2179,26,20,-18,-14,-19
39.066406,6,2179,2179,26,20,-19,-14,-19
39.070312,6,2179,2179,26,21,-18,-14,-19
39.074219,6,2179,2179,26,21,-19,-14,-19
39.078125,7,2179,2179,26,20,-19,-14,-19
39.082031,7,2179,2179,26,20,-19,-14,-19
39.085938,6,2179,2179,26,21,-19,-14,-20
39.089844,7,2179,2179,26,20,-19,-14,-19
39.093750,7,2179,2179,26,20,-19,-14,-19
39.097656,7,2179,2179,26,20,-19,-14,-19
39.101562,7,2179,2179,26,20,-19,-16,-19
39.105469,7,2179,2179,26,20,-18,-14,-19
39.109375,7,2179,2179,25,20,-19,-14,-19
39.113281,7,2179,2179,25,20,-19,-14,-19
39.117188,6,2179,2179,26,20,-18,-14,-19
39.121094,6,2179,2179,26,20,-18,-14,-19
39.125000,6,2179,2179,25,20,-18,-14,-19
39.128906,7,2179,2179,25,20,-18,-13,-19
39.132812,6,2179,2179,25,20,-18,-13,-19
39.136719,6,2179,2179,26,20,-18,-13,-19
39.140625,7,2179,2179,26,20,-18,-13,-19
39.144531,7,2179,2179,26,20,-19,-13,-19
39.148438,6,2179,2179,26,20,-19,-14,-19
39.152344,6,2179,2179,26,20,-19,-14,-19
39.156250,7,2179,2179,26,20,-19,-14,-19
39.160156,7,2179,2179,26,20,-19,-14,-19
39.164062,7,2179,2179,27,20,-19,-14,-19
39.167969,7,2179,2179,27,20,-19,-14,-19
39.171875,8,2179,2179,27,20,-19,-14,-19
39.175781,8,2179,2179,27,20,-19,-14,-19
39.179688,8,2179,2179,26,20,-19,-14,-19
39.183594,8,2179,2179,26,20,-19,-14,-19
39.187500,8,2179,2179,26,20,-19,-14,-19
39.191406,9,2179,2179,25,21,-19,-14,-19
39.195312,9,2179,2179,25,20,-19,-14,-19
39.199219,8,2179,2179,25,21,-19,-14,-19
39.203125,8,2179,2179,26,21,-19,-14,-19
39.207031,8,2179,2179,26,21,-19,-14,-20
39.210938,8,2179,2179,26,21,-19,-14,-19
39.214844,8,2179,2179,26,21,-19,-14,-19
39.218750,8,2179,2179,27,21,-19,-14,-19
39.222656,8,2179,2179,27,21,-19,-13,-19
39.226562,8,2179,2179,26,21,-18,-14,-19
39.230469,8,2179,2179,26,21,-19,-14,-19
39.234375,8,2179,2179,27,21,-19,-14,-19
39.238281,8,2179,2179,27,21,-18,-14,-19
39.242188,8,2179,2179,26,21,-18,-14,-19
39.246094,8,2179,2179,26,21,-19,-13,-19
39.250000,8,2179,2179,27,21,-18,-14,-19
39.253906,8,2179,2179,27,21,-18,-14,-19
39.257812,9,2179,2179,27,21,-18,-14,-19
39.261719,9,2179,2179,26,21,-19,-14,-19
39.265625,9,2179,2179,26,21,-19,-14,-19
39.269531,10,2179,2179,26,21,-18,-14,-19
39.273438,10,2179,2179,26,21,-19,-14,-19
39.277344,10,2179,2179,26,20,-18,-14,-19
39.281250,10,2179,2179,25,20,-19,-14,-19
39.285156,10,2179,2179,26,20,-19,-14,-19
39.289062,10,2179,2179,26,20,-19,-14,-19
39.292969,10,2179,2179,25,20,-19,-14,-20
39.296875,9,2179,2179,26,20,-19,-14,-20
39.300781,9,2179,2179,26,20,-19,-14,-20
39.304688,9,2179,2179,26,20,-19,-14,-20
39.308594,9,2179,2179,25,20,-19,-14,-20
39.312500,8,2179,2179,25,20,-19,-14,-20
39.316406,8,2179,2179,25,20,-19,-14,-19
39.320312,7,2179,2179,26,20,-19,-14,-19
39.324219,7,2179,2179,26,20,-18,-14,-19
39.328125,7,2179,2179,26,20,-19,-14,-19
39.332031,7,2179,2179,26,20,-19,-14,-19
39.335938,6,2179,2179,26,21,-18,-14,-19
39.339844,6,2179,2179,26,20,-19,-14,-19
39.343750,6,2179,2179,26,20,-18,-13,-19
39.347656,6,2179,2179,26,20,-19,-13,-19
39.351562,6,2179,2179,26,21,-18,-13,-19
39.355469,6,2179,2179,26,21,-18,-13,-19
39.359375,6,2179,2179,26,20,-18,-14,-19
39.363281,6,2179,2179,26,20,-18,-14,-19
39.367188,6,2179,2179,26,21,-18,-13,-19
39.371094,6,2179,2179,26,21,-19,-14,-19
39.375000,6,2179,2179,26,21,-19,-14,-20
39.378906,6,2179,2179,26,20,-19,-14,-19
39.382812,6,2179,2179,26,20,-19,-14,-20
39.386719,6,2179,2179,26,21,-19,-14,-20
39.390625,7,2179,2179,26,21,-19,-13,-20
39.394531,7,2179,2179,26,20,-19,-13,-20
39.398438,7,2179,2179,26,20,-19,-14,-20
39.402344,7,2179,2179,26,20,-19,-14,-20
39.406250,7,2179,2179,26,20,-19,-14,-20
39.410156,7,2179,2179,26,20,-19,-14,-20
39.414062,7,2179,2179,26,20,-19,-14,-20
39.417969,6,2179,2179,26,21,-19,-14,-20
39.421875,6,2179,2179,26,21,-18,-14,-20
39.425781,6,2179,2179,26,21,-18,-14,-20
39.429688,7,2179,2179,26,21,-19,-14,-19
39.433594,6,2179,2179,26,21,-19,-14,-19
39.437500,7,2179,2179,26,21,-19,-14,-19
39.441406,7,2179,2179,26,21,-19,-14,-19
39.445312,7,2179,2179,26,21,-19,-14,-19
39.449219,7,2179,2179,26,20,-19,-14,-19
39.453125,6,2179,2179,26,21,-19,-14,-19
39.457031,7,2179,2179,26,21,-18,-13,-19
39.460938,7,2179,2179,26,21,-18,-13,-19
39.464844,7,2179,2179,26,21,-18,-13,-19
39.468750,7,2179,2179,26,21,-18,-13,-19
39.472656,7,2179,2179,26,21,-18,-13,-19
39.476562,8,2179,2179,26,21,-18,-13,-19
39.480469,8,2179,2179,26,20,-18,-14,-19
39.484375,8,2179,2179,26,21,-18,-14,-20
39.488281,7,2179,2179,26,21,-18,-13,-19
39.492188,8,2179,2179,26,20,-19,-13,-19
39.496094,8,2179,2179,26,20,-18,-13,-19
39.500000,8,2179,2179,26,20,-19,-13,-19
39.503906,8,2179,2179,26,20,-18,-14,-19
39.507812,8,2179,2179,26,20,-18,-13,-19
39.511719,8,2179,2179,26,20,-18,-14,-19
39.515625,8,2179,2179,26,20,-18,-13,-20
39.519531,8,2179,2179,26,20,-18,-14,-20
39.523438,8,2179,2179,26,20,-19,-14,-19
39.527344,8,2179,2179,26,20,-19,-14,-19
39.531250,8,2179,2179,26,20,-19,-14,-20
39.535156,7,2179,2179,26,20,-19,-14,-19
39.539062,8,2179,2179,26,20,-19,-14,-20
39.542969,8,2179,2179,25,20,-19,-14,-20
39.546875,8,2179,2179,26,20,-19,-14,-20
39.550781,7,2179,2179,26,20,-19,-14,-19
39.554688,7,2179,2179,26,20,-19,-14,-19
39.558594,7,2179,2179,26,20,-19,-14,-19
39.562500,7,2179,2179,25,20,-19,-14,-19
39.566406,6,2179,2179,26,20,-19,-14,-19
39.570312,6,2179,2179,26,20,-19,-14,-19
39.574219,7,2179,2179,26,21,-19,-14,-19
39.578125,7,2179,2179,26,20,-18,-13,-20
39.582031,7,2179,2179,26,20,-18,-14,-19
39.585938,8,2179,2179,26,21,-18,-14,-20
39.589844,9,2179,2179,26,21,-18,-13,-19
39.593750,10,2179,2179,26,21,-18,-14,-19
39.597656,10,2179,2179,26,20,-18,-14,-19
39.601562,10,2179,2179,26,21,-18,-13,-19
39.605469,10,2179,2179,26,21,-18,-14,-19
39.609375,11,2179,2179,26,20,-18,-14,-19
39.613281,11,2179,2179,26,20,-18,-14,-19
39.617188,11,2179,2179,26,20,-18,-13,-19
39.621094,12,2179,2179,26,20,-19,-14,-19
39.625000,13,2179,2179,26,21,-19,-14,-20
39.628906,13,2179,2179,26,20,-19,-14,-19
39.632812,13,2179,2179,26,20,-19,-14,-19
39.636719,14,2179,2179,27,21,-19,-14,-20
39.640625,15,2179,2179,26,21,-19,-14,-19
39.644531,16,2179,2179,26,21,-19,-14,-19
39.648438,16,2179,2179,26,21,-19,-14,-19
39.652344,17,2179,2179,26,21,-19,-14,-19
39.656250,18,2179,2179,26,21,-18,-14,-19
39.660156,19,2179,2179,26,20,-18,-14,-19
39.664062,20,2179,2179,26,20,-19,-14,-19
39.667969,20,2179,2179,26,20,-18,-14,-19
39.671875,21,2179,2179,26,20,-19,-14,-19
39.675781,23,2179,2179,26,20,-18,-14,-19
39.679688,24,2179,2179,25,20,-18,-13,-19
39.683594,25,2179,2179,26,20,-18,-14,-19
39.687500,27,2179,2179,26,21,-18,-14,-19
39.691406,29,2179,2179,26,20,-18,-14,-19
39.695312,30,2179,2179,26,20,-19,-14,-19
39.699219,32,2179,2179,26,20,-18,-14,-19
39.703125,34,2179,2179,26,21,-19,-14,-19
39.707031,36,2179,2179,26,20,-19,-14,-19
39.710938,37,2179,2179,26,20,-19,-14,-19
39.714844,39,2179,2179,26,20,-19,-14,-20
39.718750,42,2179,2179,26,20,-18,-14,-19
39.722656,44,2179,2179,26,20,-18,-14,-19
39.726562,46,2179,2179,25,19,-18,-13,-19
39.730469,49,2179,2179,25,19,-18,-14,-19
39.734375,51,2179,2179,26,20,-26,-14,-19
39.738281,52,2179,2179,26,20,-18,-14,-19
39.742188,54,2179,2179,25,20,-19,-14,-19
39.746094,55,2179,2179,25,20,-19,-14,-19
39.750000,56,2179,2179,26,20,-19,-14,-19
39.753906,57,2179,2179,26,20,-19,-14,-19
39.757812,58,2179,2179,26,20,-19,-14,-19
39.761719,58,2179,2179,26,20,-19,-14,-19
39.765625,59,2179,2179,26,20,-19,-14,-20
39.769531,60,2179,2179,27,21,-19,-14,-19
39.773438,61,2179,2179,27,21,-18,-14,-19
39.777344,62,2179,2179,27,21,-18,-14,-19
39.781250,62,2179,2179,27,21,-19,-14,-19
39.785156,63,2179,2179,27,21,-18,-14,-19
39.789062,63,2179,2179,27,21,-18,-14,-19
39.792969,64,2179,2179,26,21,-18,-14,-19
39.796875,64,2179,2179,26,21,-19,-14,-19
39.800781,65,2179,2179,26,21,-18,-14,-19
39.804688,65,2179,2179,26,21,-18,-14,-19
39.808594,66,2179,2179,26,21,-18,-14,-19
39.812500,67,2179,2179,26,21,-19,-14,-19
39.816406,67,2179,2179,26,21,-18,-14,-19
39.820312,67,2179,2179,26,21,-18,-14,-19
39.824219,68,2179,2179,27,21,-18,-14,-19
39.828125,69,2179,2179,26,20,-19,-13,-19
39.832031,69,2179,2179,26,20,-18,-14,-19
39.835938,69,2179,2179,26,21,-18,-13,-19
39.839844,70,2179,2179,26,20,-19,-13,-19
39.843750,71,2179,2179,25,20,-18,-14,-19
39.847656,71,2179,2179,26,20,-19,-14,-20
39.851562,71,2179,2179,26,20,-19,-14,-20
39.855469,71,2179,2179,26,20,-19,-14,-20
39.859375,72,2179,2179,26,20,-12,-14,-19
39.863281,72,2179,2179,26,20,-19,-14,-19
39.867188,72,2179,2179,26,21,-19,-14,-20
39.871094,72,2179,2179,27,21,-19,-14,-19
39.875000,73,2179,2179,27,21,-19,-14,-19
39.878906,73,2179,2179,27,20,-19,-14,-19
39.882812,73,2179,2179,27,20,-19,-14,-20
39.886719,74,2179,2179,27,21,-19,-14,-19
39.890625,75,2179,2179,27,21,-19,-14,-19
39.894531,75,2179,2179,27,20,-19,-14,-19
39.898438,75,2179,2179,26,20,-19,-14,-19
39.902344,75,2179,2179,27,21,-19,-14,-19
39.906250,75,2179,2179,27,21,-19,-14,-19
39.910156,76,2179,2179,27,21,-18,-14,-19
39.914062,77,2179,2179,27,20,-19,-14,-19
39.917969,77,2179,2179,28,21,-19,-14,-19
39.921875,77,2179,2179,28,20,-19,-14,-19
39.925781,78,2179,2179,28,20,-19,-14,-19
39.929688,79,2179,2179,28,20,-19,-14,-19
39.933594,78,2179,2179,28,20,-19,-14,-19
39.937500,79,2179,2179,28,20,-18,-13,-19
39.941406,79,2179,2179,28,20,-18,-14,-19
39.945312,79,2179,2179,28,20,-18,-14,-19
39.949219,79,2179,2179,27,20,-19,-14,-19
39.953125,80,2179,2179,28,20,-19,-14,-19
39.957031,80,2179,2179,28,20,-19,-14,-19
39.960938,80,2179,2179,28,20,-19,-14,-19
39.964844,80,2179,2179,28,20,-19,-14,-20
39.968750,80,2179,2179,28,20,-19,-14,-20
39.972656,80,2179,2179,28,20,-19,-14,-19
39.976562,80,2179,2179,28,20,-19,-14,-20
39.980469,80,2179,2179,29,20,-19,-14,-19
39.984375,80,2179,2179,30,21,-22,-14,-19
39.988281,80,2179,2179,30,21,-19,-14,-19
39.992188,81,2179,2179,30,20,-19,-14,-19
39.996094,81,2179,2179,31,20,-19,-14,-19
40.000000,81,2179,2179,33,20,-19,-14,-19
40.003906,81,2179,2179,35,21,-19,-14,-19
40.007812,81,2179,2179,36,21,-18,-14,-19
40.011719,81,2179,2179,38,20,-19,-14,-19
40.015625,80,2179,2179,39,20,-18,-14,-19
40.019531,80,2179,2179,41,21,-18,-14,-19
40.023438,81,2179,2179,43,21,-18,-14,-19
40.027344,81,2179,2179,43,20,-18,-13,-19
40.031250,81,2179,2179,45,20,-18,-13,-19
40.035156,81,2179,2179,46,21,-19,-13,-19
40.039062,81,2179,2179,47,21,-19,-13,-19
40.042969,81,2179,2179,48,20,-19,-13,-19
40.046875,81,2179,2179,50,21,-19,-14,-19
40.050781,81,2179,2179,53,21,-19,-14,-19
40.054688,81,2179,2179,55,21,-18,-13,-19
40.058594,81,2179,2179,56,21,-19,-14,-19
40.062500,81,2179,2179,58,20,-19,-14,-19
40.066406,81,2179,2179,59,21,-19,-14,-19
40.070312,81,2179,2179,60,21,-19,-14,-20
40.074219,81,2179,2179,61,21,-19,-14,-19
40.078125,81,2179,2179,60,20,-19,-14,-20
40.082031,81,2179,2179,60,20,-19,-14,-20
40.085938,81,2179,2179,61,21,-19,-14,-20
40.089844,80,2179,2179,62,21,-19,-14,-20
40.093750,81,2179,2179,63,20,-19,-14,-20
40.097656,81,2179,2179,64,20,-19,-14,-20
40.101562,80,2179,2179,66,20,-19,-14,-20
40.105469,80,2179,2179,68,20,-18,-14,-19
40.109375,80,2179,2179,69,20,-16,-14,-20
40.113281,80,2179,2179,70,20,-18,-14,-19
40.117188,79,2179,2179,72,22,-18,-14,-19
40.121094,79,2179,2179,73,20,-18,-14,-19
40.125000,79,2179,2179,74,20,-18,-14,-19
40.128906,79,2179,2179,75,20,-18,-13,-19
40.132812,79,2179,2179,76,20,-18,-14,-19
40.136719,79,2179,2179,77,20,-18,-14,-19
40.140625,80,2179,2179,77,20,-18,-13,-19
40.144531,80,2179,2179,78,20,-18,-13,-19
40.148438,80,2179,2179,79,20,-18,-13,-19
40.152344,80,2179,2179,80,20,-18,-13,-19
40.156250,80,2179,2179,82,20,-18,-13,-19
40.160156,81,2179,2179,83,20,-18,-13,-19
40.164062,81,2179,2179,84,20,-18,-13,-19
40.167969,80,2179,2179,86,21,-18,-13,-19
40.171875,80,2179,2179,88,21,-18,-14,-19
40.175781,80,2179,2179,88,20,-19,-14,-19
40.179688,81,2179,2179,89,20,-19,-14,-19
40.183594,80,2179,2179,90,20,-18,-14,-19
40.187500,80,2179,2179,90,21,-19,-14,-20
40.191406,80,2179,2179,90,21,-18,-14,-19
40.195312,80,2179,2179,90,20,-19,-14,-20
40.199219,80,2179,2179,90,21,-19,-14,-19
40.203125,80,2179,2179,91,21,-19,-14,-20
40.207031,80,2179,2179,91,21,-19,-14,-19
40.210938,80,2179,2179,92,21,-19,-14,-19
40.214844,79,2179,2179,93,21,-19,-14,-19
40.218750,79,2179,2179,95,21,-19,-14,-19
40.222656,79,2179,2179,96,21,-19,-14,-19
40.226562,79,2179,2179,97,21,-18,-14,-19
40.230469,79,2179,2179,97,21,-19,-14,-19
40.234375,78,2179,2179,98,21,-20,-14,-19
40.238281,78,2179,2179,98,21,-19,-14,-19
40.242188,78,2179,2179,98,21,-19,-14,-20
40.246094,78,2179,2179,98,21,-19,-13,-19
40.250000,78,2179,2179,98,21,-19,-14,-19
40.253906,78,2179,2179,98,21,-19,-13,-19
40.257812,79,2179,2179,99,21,-18,-13,-19
40.261719,79,2179,2179,99,21,-18,-13,-19
40.265625,79,2179,2179,99,21,-18,-13,-19
40.269531,79,2179,2179,100,21,-18,-14,-19
40.273438,79,2179,2179,101,21,-18,-14,-19
40.277344,79,2179,2179,101,20,-18,-13,-19
40.281250,79,2179,2179,102,20,-19,-14,-19
40.285156,78,2179,2179,102,20,-19,-14,-19
40.289062,78,2179,2179,103,20,-18,-14,-20
40.292969,79,2179,2179,102,20,-18,-14,-20
40.296875,79,2179,2179,103,20,-19,-14,-20
40.300781,79,2179,2179,103,20,-18,-14,-20
40.304688,79,2179,2179,103,20,-19,-14,-19
40.308594,79,2179,2179,104,20,-19,-14,-20
40.312500,80,2179,2179,104,20,-19,-14,-19
40.316406,79,2179,2179,105,20,-19,-14,-20
40.320312,79,2179,2179,106,20,-19,-14,-19
40.324219,80,2179,2179,107,20,-19,-14,-19
40.328125,80,2179,2179,107,20,-19,-14,-19
40.332031,79,2179,2179,108,20,-19,-14,-19
40.335938,79,2179,2179,109,21,-18,-14,-19
40.339844,80,2179,2179,109,21,-19,-14,-19
40.343750,79,2179,2179,109,20,-18,-14,-19
40.347656,79,2179,2179,109,20,-19,-14,-19
40.351562,78,2179,2179,110,20,-19,-14,-19
40.355469,78,2179,2179,110,21,-18,-14,-19
40.359375,79,2179,2179,109,20,-18,-13,-19
40.363281,79,2179,2179,109,20,-18,-14,-19
40.367188,79,2179,2179,110,19,-18,-13,-19
40.371094,80,2179,2179,111,21,-18,-14,-19
40.375000,80,2179,2179,111,21,-18,-13,-19
40.378906,80,2179,2179,111,20,-18,-13,-19
40.382812,80,2179,2179,112,20,-18,-13,-19
40.386719,80,2179,2179,113,21,-18,-14,-19
40.390625,80,2179,2179,113,21,-18,-14,-19
40.394531,80,2179,2179,113,20,-18,-14,-19
40.398438,79,2179,2179,113,20,-18,-14,-19
40.402344,80,2179,2179,113,20,-19,-14,-19
40.406250,80,2179,2179,114,20,-19,-14,-19
40.410156,80,2179,2179,114,20,-19,-14,-19
40.414062,80,2179,2179,114,20,-19,-14,-20
40.417969,80,2179,2179,115,21,-19,-14,-20
40.421875,80,2179,2179,115,21,-19,-14,-20
40.425781,80,2179,2179,115,21,-19,-14,-20
40.429688,80,2179,2179,115,21,-19,-14,-19
40.433594,80,2179,2179,116,21,-19,-14,-19
40.437500,80,2179,2179,116,21,-19,-14,-19
40.441406,80,2179,2179,116,21,-19,-14,-19
40.445312,80,2179,2179,116,21,-18,-14,-19
40.449219,80,2179,2179,116,21,-19,-14,-19
40.453125,80,2179,2179,117,21,-18,-14,-19
40.457031,80,2179,2179,118,21,-18,-14,-19
40.460938,80,2179,2179,118,20,-18,-14,-19
40.464844,80,2179,2179,119,20,-18,-14,-19
40.468750,79,2179,2179,120,21,-18,-14,-19
40.472656,80,2179,2179,120,21,-18,-14,-19
40.476562,80,2179,2179,119,20,-18,-14,-19
40.480469,80,2179,2179,119,20,-18,-14,-19
40.484375,80,2179,2179,119,21,-19,-14,-19
40.488281,80,2179,2179,119,21,-18,-14,-19
40.492188,81,2179,2179,119,20,-18,-13,-19
40.496094,80,2179,2179,119,20,-19,-13,-19
40.500000,80,2179,2179,119,20,-19,-14,-19
40.503906,80,2179,2179,120,21,-18,-14,-19
40.507812,80,2179,2179,120,21,-18,-14,-19
40.511719,81,2179,2179,121,20,-18,-14,-19
40.515625,80,2179,2179,121,20,-19,-14,-19
40.519531,80,2179,2179,121,20,-19,-14,-19
40.523438,81,2179,2179,121,20,-19,-14,-19
40.527344,80,2179,2179,121,20,-19,-14,-19
40.531250,80,2179,2179,121,20,-19,-14,-19
40.535156,80,2179,2179,122,20,-19,-14,-19
40.539062,80,2179,2179,122,20,-19,-14,-19
40.542969,81,2179,2179,122,20,-19,-14,-19
40.546875,81,2179,2179,123,20,-19,-14,-20
40.550781,81,2179,2179,123,20,-19,-14,-20
40.554688,81,2179,2179,124,20,-19,-14,-20
40.558594,81,2179,2179,124,20,-19,-14,-20
40.562500,81,2179,2179,124,20,-19,-14,-20
40.566406,80,2179,2179,124,20,-19,-14,-19
40.570312,80,2179,2179,124,20,-18,-14,-19
40.574219,80,2179,2179,124,20,-19,-14,-19
40.578125,80,2179,2179,124,20,-18,-14,-19
40.582031,79,2179,2179,124,20,-19,-14,-19
40.585938,79,2179,2179,125,20,-18,-14,-19
40.589844,80,2179,2179,125,20,-18,-13,-19
40.593750,80,2179,2179,126,20,-18,-13,-19
40.597656,80,2179,2179,126,20,-18,-13,-19
40.601562,80,2179,2179,127,20,-18,-14,-19
40.605469,80,2179,2179,127,21,-18,-14,-19
40.609375,80,2179,2179,127,20,-18,-14,-19
40.613281,80,2179,2179,127,20,-18,-14,-19
40.617188,79,2179,2179,128,20,-18,-14,-19
40.621094,79,2179,2179,127,21,-18,-14,-19
40.625000,80,2179,2179,127,21,-18,-14,-19
40.628906,80,2179,2179,127,20,-18,-14,-19
40.632812,80,2179,2179,127,20,-19,-14,-19
40.636719,80,2179,2179,128,21,-19,-14,-20
40.640625,80,2179,2179,128,21,-19,-14,-20
40.644531,80,2179,2179,128,21,-19,-14,-19
40.648438,80,2179,2179,129,21,-19,-14,-19
40.652344,79,2179,2179,130,21,-19,-14,-20
40.656250,79,2179,2179,130,21,-19,-14,-20
40.660156,79,2179,2179,130,21,-19,-14,-19
40.664062,79,2179,2179,130,20,-19,-14,-19
40.667969,79,2179,2179,130,21,-19,-14,-20
40.671875,78,2179,2179,130,21,-19,-14,-19
40.675781,78,2179,2179,129,20,-19,-14,-20
40.679688,78,2179,2179,129,20,-19,-14,-19
40.683594,77,2179,2179,129,20,-18,-14,-19
40.687500,77,2179,2179,130,21,-18,-13,-19
40.691406,77,2179,2179,130,20,-18,-13,-20
40.695312,77,2179,2179,130,20,-18,-14,-19
40.699219,77,2179,2179,131,20,-18,-14,-19
40.703125,77,2179,2179,131,20,-18,-14,-19
40.707031,77,2179,2179,132,20,-18,-14,-19
40.710938,78,2179,2179,131,20,-19,-14,-19
40.714844,78,2179,2179,131,20,-18,-14,-19
40.718750,77,2179,2179,131,20,-19,-13,-19
40.722656,77,2179,2179,131,20,-19,-13,-19
40.726562,77,2179,2179,131,20,-19,-14,-19
40.730469,77,2179,2179,131,20,-19,-14,-19
40.734375,77,2179,2179,132,20,-18,-14,-19
40.738281,77,2179,2179,132,20,-19,-14,-19
40.742188,78,2179,2179,132,20,-19,-14,-19
40.746094,78,2179,2179,133,20,-19,-14,-19
40.750000,77,2179,2179,134,20,-19,-14,-20
40.753906,77,2179,2179,133,20,-19,-14,-20
40.757812,77,2179,2179,133,21,-19,-14,-19
40.761719,78,2179,2179,133,20,-19,-14,-19
40.765625,77,2179,2179,133,20,-19,-14,-19
40.769531,78,2179,2179,133,21,-19,-14,-19
40.773438,78,2179,2179,133,21,-19,-14,-19
40.777344,78,2179,2179,133,20,-19,-14,-20
40.781250,78,2179,2179,134,20,-19,-14,-20
40.785156,77,2179,2179,134,21,-19,-14,-19
40.789062,77,2179,2179,135,21,-19,-14,-19
40.792969,77,2179,2179,135,20,-19,-14,-19
40.796875,77,2179,2179,135,21,-18,-14,-19
40.800781,77,2179,2179,136,21,-18,-14,-19
40.804688,77,2179,2179,136,21,-18,-14,-19
40.808594,77,2179,2179,135,21,-18,-14,-19
40.812500,77,2179,2179,135,20,-18,-14,-19
40.816406,77,2179,2179,135,21,-18,-13,-19
40.820312,77,2179,2179,135,21,-18,-14,-19
40.824219,77,2179,2179,135,21,-18,-14,-19
40.828125,77,2179,2179,135,21,-19,-14,-19
40.832031,77,2179,2179,135,21,-19,-13,-19
40.835938,77,2179,2179,135,21,-18,-14,-19
40.839844,77,2179,2179,135,21,-18,-13,-19
40.843750,77,2179,2179,135,20,-19,-14,-19
40.847656,77,2179,2179,136,20,-19,-14,-19
40.851562,77,2179,2179,136,20,-19,-14,-19
40.855469,77,2179,2179,137,20,-19,-14,-19
40.859375,77,2179,2179,137,20,-19,-14,-20
40.863281,77,2179,2179,137,20,-19,-14,-20
40.867188,76,2179,2179,137,20,-19,-14,-20
40.871094,76,2179,2179,137,21,-19,-14,-20
40.875000,76,2179,2179,137,21,-19,-14,-20
40.878906,76,2179,2179,137,21,-19,-14,-19
40.882812,75,2179,2179,137,20,-19,-14,-20
40.886719,75,2179,2179,137,21,-19,-14,-19
40.890625,75,2179,2179,138,21,-19,-14,-19
40.894531,74,2179,2179,138,21,-18,-14,-19
40.898438,74,2179,2179,138,21,-18,-14,-19
40.902344,73,2179,2179,139,21,-19,-14,-20
40.906250,73,2179,2179,139,21,-19,-14,-19
40.910156,73,2179,2179,139,20,-18,-14,-19
40.914062,73,2179,2179,139,20,-18,-14,-19
40.917969,72,2179,2179,139,20,-19,-14,-19
40.921875,72,2179,2179,138,20,-18,-14,-19
40.925781,72,2179,2179,137,20,-18,-14,-19
40.929688,72,2179,2179,137,19,-18,-14,-19
40.933594,71,2179,2179,137,20,-18,-14,-19
40.937500,71,2179,2179,137,20,-18,-14,-19
40.941406,71,2179,2179,137,20,-18,-14,-19
40.945312,70,2179,2179,137,20,-18,-14,-19
40.949219,70,2179,2179,138,20,-18,-14,-20
40.953125,69,2179,2179,138,20,-18,-14,-20
40.957031,69,2179,2179,138,20,-18,-14,-19
40.960938,68,2179,2179,138,20,-18,-14,-19
40.964844,68,2179,2179,138,20,-18,-14,-19
40.968750,67,2179,2179,139,20,-19,-14,-19
40.972656,66,2179,2179,140,20,-19,-14,-19
40.976562,66,2179,2179,140,20,-19,-14,-20
40.980469,65,2179,2179,140,20,-19,-14,-20
40.984375,65,2179,2179,140,21,-19,-14,-20
40.988281,64,2179,2179,141,21,-19,-14,-20
40.992188,64,2179,2179,140,21,-19,-14,-20
40.996094,63,2179,2179,140,20,-19,-14,-20
41.000000,63,2179,2179,139,20,-19,-14,-20
41.003906,62,2179,2179,140,21,-19,-14,-20
41.007812,62,2179,2179,140,21,-19,-14,-19
41.011719,61,2179,2179,140,20,-19,-14,-19
41.015625,61,2179,2179,139,20,-19,-14,-19
41.019531,60,2179,2179,140,21,-19,-14,-19
41.023438,60,2179,2179,139,21,-18,-14,-19
41.027344,60,2179,2179,139,20,-18,-13,-18
41.031250,59,2179,2179,139,21,-18,-13,-19
41.035156,58,2179,2179,140,21,-18,-14,-19
41.039062,58,2179,2179,141,21,-18,-13,-19
41.042969,57,2179,2179,141,21,-18,-14,-19
41.046875,56,2179,2179,141,20,-18,-14,-19
41.050781,56,2179,2179,141,21,-18,-14,-19
41.054688,55,2179,2179,142,21,-18,-14,-19
41.058594,54,2179,2179,141,21,-18,-14,-19
41.062500,54,2179,2179,141,20,-19,-14,-19
41.066406,52,2179,2179,141,21,-19,-13,-19
41.070312,51,2179,2179,141,21,-19,-13,-20
41.074219,51,2179,2179,141,21,-19,-13,-19
41.078125,50,2179,2179,140,20,-19,-14,-20
41.082031,48,2179,2179,141,20,-19,-14,-20
41.085938,46,2179,2179,141,21,-19,-14,-20
41.089844,45,2179,2179,141,20,-19,-14,-20
41.093750,44,2179,2179,141,20,-19,-14,-20
41.097656,42,2179,2179,140,20,-19,-14,-20
41.101562,41,2179,2179,139,20,-19,-14,-19
41.105469,39,2179,2179,137,20,-19,-14,-19
41.109375,38,2179,2179,133,20,-19,-14,-19
41.113281,36,2179,2179,127,20,-19,-14,-19
41.117188,34,2179,2179,119,20,-19,-14,-19
41.121094,32,2179,2179,109,20,-19,-14,-19
41.125000,30,2179,2179,97,20,-19,-14,-19
41.128906,28,2179,2179,85,20,-19,-14,-19
41.132812,26,2179,2179,74,20,-19,-14,-19
41.136719,24,2179,2179,64,20,-18,-14,-19
41.140625,23,2179,2179,55,20,-18,-14,-20
41.144531,22,2179,2179,48,20,-18,-14,-19
41.148438,21,2179,2179,42,20,-18,-14,-19
41.152344,19,2179,2179,38,20,-18,-13,-19
41.156250,18,2179,2179,34,20,-18,-14,-19
41.160156,17,2179,2179,31,20,-18,-14,-19
41.164062,16,2179,2179,28,20,-18,-14,-19
41.167969,15,2179,2179,26,21,-18,-14,-19
41.171875,14,2179,2179,25,21,-18,-14,-19
41.175781,14,2179,2179,25,20,-18,-14,-19
41.179688,13,2179,2179,25,20,-18,-13,-19
41.183594,12,2179,2179,26,20,-18,-13,-19
41.187500,12,2179,2179,27,21,-18,-14,-19
41.191406,12,2179,2179,27,21,-18,-14,-19
41.195312,11,2179,2179,28,21,-19,-14,-19
41.199219,10,2179,2179,28,21,-18,-14,-20
41.203125,9,2179,2179,29,21,-19,-14,-20
41.207031,9,2179,2179,29,21,-19,-14,-20
41.210938,9,2179,2179,28,21,-19,-14,-19
41.214844,9,2179,2179,28,21,-19,-14,-19
41.218750,8,2179,2179,28,21,-19,-14,-19
41.222656,8,2179,2179,28,21,-19,-14,-19
41.226562,7,2179,2179,28,21,-19,-14,-19
41.230469,7,2179,2179,28,21,-19,-14,-19
41.234375,6,2179,2179,28,21,-19,-14,-19
41.238281,6,2179,2179,29,21,-19,-14,-19
41.242188,6,2179,2179,28,21,-19,-14,-19
41.246094,5,2179,2179,28,21,-19,-14,-19
41.250000,5,2179,2179,28,21,-19,-13,-19
41.253906,5,2179,2179,28,21,-19,-14,-19
41.257812,5,2179,2179,28,21,-18,-13,-19
41.261719,5,2179,2179,27,20,-18,-14,-19
41.265625,5,2179,2179,27,20,-19,-14,-19
41.269531,5,2179,2179,27,21,-18,-14,-19
41.273438,5,2179,2179,27,21,-18,-14,-19
41.277344,6,2179,2179,27,20,-19,-14,-19
41.281250,6,2179,2179,26,20,-19,-14,-19
41.285156,5,2179,2179,27,20,-19,-15,-19
41.289062,6,2179,2179,26,20,-19,-14,-19
41.292969,6,2179,2179,26,19,-19,-14,-19
41.296875,6,2179,2179,25,19,-19,-13,-19
41.300781,6,2179,2179,25,19,-19,-14,-19
41.304688,6,2179,2179,25,20,-19,-14,-19
41.308594,6,2179,2179,25,20,-19,-14,-20
41.312500,6,2179,2179,25,19,-19,-14,-19
41.316406,5,2179,2179,25,20,-19,-14,-19
41.320312,5,2179,2179,26,20,-19,-14,-20
41.324219,5,2179,2179,26,20,-19,-14,-19
41.328125,5,2179,2179,26,20,-19,-14,-19
41.332031,5,2179,2179,26,20,-19,-14,-19
41.335938,5,2179,2179,26,21,-19,-14,-19
41.339844,5,2179,2179,26,21,-19,-14,-19
41.343750,5,2179,2179,26,20,-19,-14,-19
41.347656,5,2179,2179,26,20,-19,-14,-19
41.351562,5,2179,2179,26,21,-19,-14,-19
41.355469,4,2179,2179,26,21,-19,-14,-19
41.359375,5,2179,2179,26,20,-19,-14,-19
41.363281,5,2179,2179,26,20,-19,-14,-19
41.367188,4,2179,2179,26,21,-19,-14,-19
41.371094,4,2179,2179,26,21,-18,-14,-19
41.375000,5,2179,2179,26,21,-18,-13,-19
41.378906,5,2179,2179,26,20,-18,-13,-19
41.382812,5,2179,2179,26,20,-18,-14,-19
41.386719,5,2179,2179,26,21,-18,-14,-19
41.390625,5,2179,2179,26,21,-18,-13,-19
41.394531,6,2179,2179,26,20,-18,-13,-19
41.398438,6,2179,2179,26,20,-18,-13,-19
41.402344,6,2179,2179,26,21,-19,-14,-19
41.406250,6,2179,2179,26,21,-18,-14,-19
41.410156,7,2179,2179,26,20,-19,-14,-19
41.414062,7,2179,2179,26,20,-19,-14,-19
41.417969,7,2179,2179,26,21,-19,-14,-19
41.421875,7,2179,2179,26,20,-19,-14,-19
41.425781,8,2179,2179,26,20,-19,-14,-19
41.429688,8,2179,2179,26,20,-19,-14,-19
41.433594,8,2179,2179,26,20,-19,-14,-19
41.437500,8,2179,2179,26,21,-19,-14,-20
41.441406,8,2179,2179,26,21,-19,-14,-20
41.445312,8,2179,2179,26,21,-19,-14,-20
41.449219,8,2179,2179,26,21,-19,-14,-20
41.453125,8,2179,2179,26,21,-19,-14,-20
41.457031,9,2179,2179,26,21,-19,-14,-20
41.460938,9,2179,2179,26,20,-18,-14,-20
41.464844,9,2179,2179,26,20,-18,-14,-19
41.468750,9,2179,2179,26,21,-18,-14,-19
41.472656,9,2179,2179,26,21,-18,-14,-19
41.476562,10,2179,2179,26,20,-19,-14,-19
41.480469,10,2179,2179,26,20,-19,-14,-19
41.484375,10,2179,2179,26,20,-19,-14,-19
41.488281,10,2179,2179,26,21,-19,-14,-19
41.492188,11,2179,2179,26,20,-18,-14,-19
41.496094,11,2179,2179,26,20,-18,-14,-19
41.500000,11,2179,2179,26,20,-18,-14,-19
41.503906,11,2179,2179,26,20,-19,-14,-19
41.507812,12,2179,2179,26,20,-18,-14,-19
41.511719,12,2179,2179,26,20,-18,-14,-19
41.515625,12,2179,2179,26,20,-19,-14,-19
41.519531,12,2179,2179,26,20,-19,-14,-19
41.523438,12,2179,2179,26,20,-19,-14,-19
41.527344,12,2179,2179,26,20,-19,-14,-19
41.531250,12,2179,2179,26,20,-19,-14,-19
41.535156,12,2179,2179,26,20,-19,-14,-19
41.539062,12,2179,2179,26,20,-19,-14,-19
41.542969,12,2179,2179,26,20,-19,-14,-19
41.546875,12,2179,2179,26,20,-19,-14,-20
41.550781,12,2179,2179,26,20,-19,-14,-20
41.554688,12,2179,2179,26,20,-19,-14,-19
41.558594,12,2179,2179,25,20,-19,-14,-19
41.562500,12,2179,2179,25,20,-19,-14,-19
41.566406,11,2179,2179,26,20,-19,-14,-19
41.570312,11,2179,2179,26,21,-19,-14,-20
41.574219,11,2179,2179,26,20,-18,-14,-19
41.578125,11,2179,2179,26,20,-19,-14,-19
41.582031,10,2179,2179,26,20,-18,-14,-19
41.585938,10,2179,2179,26,21,-18,-14,-19
41.589844,10,2179,2179,26,21,-18,-14,-19
41.593750,11,2179,2179,26,20,-18,-14,-19
41.597656,11,2179,2179,26,20,-18,-14,-19
41.601562,11,2179,2179,26,21,-18,-13,-19
41.605469,11,2179,2179,26,21,-18,-13,-19
41.609375,11,2179,2179,26,21,-18,-14,-19
41.613281,11,2179,2179,26,21,-18,-14,-19
41.617188,11,2179,2179,27,21,-18,-14,-19
41.621094,10,2179,2179,27,21,-18,-14,-19
41.625000,10,2179,2179,27,21,-18,-14,-19
41.628906,10,2179,2179,26,21,-18,-14,-19
41.632812,10,2179,2179,26,21,-18,-14,-19
41.636719,10,2179,2179,26,21,-18,-14,-19
41.640625,10,2179,2179,27,21,-18,-14,-19
41.644531,10,2179,2179,26,21,-18,-14,-19
41.648438,10,2179,2179,26,21,-19,-14,-20
41.652344,10,2179,2179,26,21,-19,-14,-19
41.656250,10,2179,2179,26,21,-19,-14,-20
41.660156,10,2179,2179,26,21,-19,-13,-20
41.664062,10,2179,2179,26,21,-19,-14,-19
41.667969,10,2179,2179,26,21,-19,-14,-19
41.671875,10,2179,2179,26,21,-19,-14,-20
41.675781,10,2179,2179,26,20,-19,-14,-19
41.679688,9,2179,2179,26,20,-19,-14,-19
41.683594,9,2179,2179,26,20,-19,-14,-19
41.687500,9,2179,2179,26,20,-19,-14,-20
41.691406,9,2179,2179,26,20,-18,-14,-19
41.695312,9,2179,2179,26,20,-18,-14,-19
41.699219,9,2179,2179,26,20,-18,-14,-19
41.703125,9,2179,2179,26,20,-18,-13,-19
41.707031,9,2179,2179,26,20,-19,-13,-19
41.710938,9,2179,2179,25,20,-19,-13,-19
41.714844,9,2179,2179,25,20,-19,-13,-19
41.718750,9,2179,2179,26,20,-19,-13,-19
41.722656,9,2179,2179,26,20,-19,-14,-19
41.726562,9,2179,2179,26,20,-19,-14,-19
41.730469,9,2179,2179,26,20,-19,-14,-19
41.734375,9,2179,2179,26,20,-19,-14,-19
41.738281,9,2179,2179,26,20,-18,-14,-19
41.742188,10,2179,2179,26,20,-19,-14,-19
41.746094,10,2179,2179,26,20,-19,-14,-19
41.750000,10,2179,2179,26,20,-19,-14,-19
41.753906,10,2179,2179,26,20,-19,-14,-19
41.757812,10,2179,2179,26,20,-19,-14,-19
41.761719,10,2179,2179,26,20,-19,-14,-19
41.765625,9,2179,2179,26,20,-19,-14,-19
41.769531,9,2179,2179,26,21,-19,-14,-19
41.773438,10,2179,2179,26,21,-19,-14,-19
41.777344,9,2179,2179,26,21,-19,-14,-19
41.781250,9,2179,2179,26,21,-19,-14,-19
41.785156,9,2179,2179,27,21,-19,-13,-19
41.789062,8,2179,2179,27,21,-19,-14,-19
41.792969,8,2179,2179,26,21,-18,-14,-19
41.796875,8,2179,2179,26,21,-19,-14,-19
41.800781,8,2179,2179,27,21,-19,-14,-19
41.804688,8,2179,2179,26,21,-19,-14,-19
41.808594,8,2179,2179,26,21,-18,-14,-19
41.812500,8,2179,2179,26,20,-18,-14,-19
41.816406,8,2179,2179,26,21,-18,-14,-19
41.820312,7,2179,2179,26,21,-18,-14,-19
41.824219,8,2179,2179,26,21,-18,-14,-19
41.828125,8,2179,2179,26,21,-18,-14,-19
41.832031,7,2179,2179,26,20,-18,-14,-19
41.835938,7,2179,2179,26,21,-18,-14,-19
41.839844,7,2179,2179,26,21,-18,-14,-19
41.843750,7,2179,2179,26,20,-18,-14,-19
41.847656,7,2179,2179,26,20,-18,-14,-19
41.851562,6,2179,2179,26,20,-18,-14,-19
41.855469,6,2179,2179,26,20,-18,-14,-19
41.859375,7,2179,2179,25,20,-18,-14,-19
41.863281,7,2179,2179,25,20,-18,-14,-19
41.867188,6,2179,2179,26,20,-19,-14,-19
41.871094,6,2179,2179,26,20,-19,-14,-19
41.875000,6,2179,2179,26,20,-19,-14,-19
41.878906,6,2179,2179,26,20,-19,-14,-19
41.882812,6,2179,2179,26,20,-19,-14,-20
41.886719,5,2179,2179,26,21,-19,-14,-19
41.890625,6,2179,2179,26,21,-19,-14,-20
41.894531,6,2179,2179,26,20,-19,-14,-19
41.898438,5,2179,2179,26,20,-19,-14,-19
41.902344,5,2179,2179,26,21,-19,-14,-20
41.906250,5,2179,2179,26,20,-19,-14,-19
41.910156,6,2179,2179,25,20,-19,-13,-19
41.914062,6,2179,2179,25,20,-19,-14,-19
41.917969,5,2179,2179,26,20,-26,-13,-19
41.921875,6,2179,2179,26,20,-18,-14,-19
41.925781,6,2179,2179,26,20,-18,-14,-19
41.929688,6,2179,2179,26,20,-18,-14,-19
41.933594,6,2179,2179,26,20,-18,-14,-19
41.937500,6,2179,2179,26,20,-18,-14,-19
41.941406,7,2179,2179,26,20,-18,-14,-19
41.945312,7,2179,2179,26,20,-19,-14,-19
41.949219,7,2179,2179,26,20,-19,-14,-19
41.953125,7,2179,2179,26,21,-19,-14,-19
41.957031,7,2179,2179,26,21,-18,-14,-19
41.960938,8,2179,2179,26,20,-18,-14,-19
41.964844,8,2179,2179,26,20,-18,-14,-19
41.968750,8,2179,2179,26,20,-18,-14,-19
41.972656,8,2179,2179,26,20,-18,-14,-19
41.976562,8,2179,2179,26,20,-19,-14,-20
41.980469,8,2179,2179,26,20,-19,-14,-19
41.984375,8,2179,2179,26,20,-19,-14,-19
41.988281,8,2179,2179,26,20,-19,-14,-20
41.992188,9,2179,2179,26,20,-19,-14,-19
41.996094,8,2179,2179,26,20,-19,-14,-20
42.000000,8,2179,2179,26,20,-19,-14,-19
42.003906,8,2179,2179,26,21,-19,-14,-20
42.007812,8,2179,2179,26,21,-19,-14,-19
42.011719,8,2179,2179,26,20,-19,-14,-20
42.015625,8,2179,2179,26,20,-19,-14,-19
42.019531,8,2179,2179,26,21,-19,-14,-19
42.023438,8,2179,2179,26,21,-18,-14,-19
42.027344,8,2179,2179,26,21,-18,-14,-19
42.031250,8,2179,2179,26,21,-18,-14,-19
42.035156,8,2179,2179,26,21,-18,-13,-19
42.039062,7,2179,2179,26,21,-18,-13,-19
42.042969,8,2179,2179,26,21,-12,-14,-19
42.046875,8,2179,2179,26,21,-19,-14,-19
42.050781,7,2179,2179,26,21,-19,-14,-19
42.054688,7,2179,2179,26,21,-19,-14,-19
42.058594,7,2179,2179,26,21,-18,-14,-19
42.062500,7,2179,2179,26,20,-19,-14,-19
42.066406,7,2179,2179,26,20,-19,-14,-19
42.070312,7,2179,2179,26,21,-19,-14,-19
42.074219,7,2179,2179,26,20,-19,-14,-19
42.078125,7,2179,2179,26,20,-19,-14,-19
42.082031,7,2179,2179,26,20,-19,-14,-19
42.085938,7,2179,2179,26,20,-19,-14,-19
42.089844,7,2179,2179,26,20,-19,-14,-19
42.093750,7,2179,2179,25,20,-19,-14,-19
42.097656,7,2179,2179,26,20,-19,-14,-19
42.101562,7,2179,2179,26,20,-19,-14,-19
42.105469,7,2179,2179,26,20,-19,-14,-19
42.109375,7,2179,2179,26,20,-19,-14,-19
42.113281,7,2179,2179,26,20,-19,-14,-19
42.117188,6,2179,2179,26,20,-19,-14,-19
42.121094,6,2179,2179,26,20,-19,-14,-20
42.125000,7,2179,2179,26,20,-19,-14,-19
42.128906,6,2179,2179,26,20,-19,-14,-19
42.132812,6,2179,2179,26,20,-19,-14,-19
42.136719,6,2179,2179,26,20,-19,-14,-19
42.140625,5,2179,2179,26,20,-18,-14,-19
42.144531,5,2179,2179,26,20,-18,-14,-19
42.148438,5,2179,2179,26,20,-18,-14,-19
42.152344,5,2179,2179,26,20,-19,-14,-19
42.156250,5,2179,2179,26,20,-18,-14,-19
42.160156,5,2179,2179,26,20,-18,-14,-19
42.164062,6,2179,2179,26,20,-18,-14,-19
42.167969,6,2179,2179,26,21,-22,-14,-19
42.171875,6,2179,2179,26,21,-18,-14,-19
42.175781,7,2179,2179,26,20,-18,-14,-19
42.179688,7,2179,2179,26,20,-18,-14,-19
42.183594,7,2179,2179,26,20,-18,-14,-19
42.187500,7,2179,2179,26,20,-18,-14,-19
42.191406,7,2179,2179,26,21,-18,-13,-19
42.195312,7,2179,2179,26,20,-19,-14,-19
42.199219,7,2179,2179,26,20,-19,-14,-19
42.203125,7,2179,2179,26,21,-19,-14,-19
42.207031,8,2179,2179,26,21,-19,-14,-19
42.210938,8,2179,2179,26,20,-19,-14,-19
42.214844,8,2179,2179,26,21,-19,-14,-19
42.218750,8,2179,2179,26,21,-19,-14,-19
42.222656,7,2179,2179,26,21,-19,-14,-19
42.226562,8,2179,2179,26,21,-19,-14,-19
42.230469,8,2179,2179,26,21,-19,-14,-19
42.234375,8,2179,2179,26,21,-19,-14,-19
42.238281,7,2179,2179,26,21,-19,-14,-19
42.242188,7,2179,2179,26,21,-19,-14,-19
42.246094,7,2179,2179,26,21,-19,-14,-19
42.250000,7,2179,2179,26,21,-19,-14,-19
42.253906,7,2179,2179,26,21,-18,-14,-19
42.257812,7,2179,2179,26,21,-18,-14,-19
42.261719,8,2179,2179,26,20,-18,-14,-19
42.265625,8,2179,2179,26,21,-19,-14,-19
42.269531,8,2179,2179,26,21,-18,-14,-19
42.273438,8,2179,2179,26,21,-18,-14,-19
42.277344,9,2179,2179,26,20,-18,-14,-19
42.281250,9,2179,2179,26,20,-19,-13,-19
42.285156,9,2179,2179,26,20,-18,-14,-19
42.289062,9,2179,2179,26,20,-18,-14,-19
42.292969,9,2179,2179,25,20,-15,-14,-19
42.296875,10,2179,2179,26,20,-19,-14,-19
42.300781,9,2179,2179,26,21,-19,-14,-19
42.304688,10,2179,2179,26,20,-19,-14,-19
42.308594,10,2179,2179,25,20,-19,-14,-19
42.312500,11,2179,2179,25,20,-19,-14,-19
42.316406,11,2179,2179,25,20,-19,-14,-19
42.320312,11,2179,2179,26,20,-19,-14,-19
42.324219,12,2179,2179,26,20,-19,-14,-20
42.328125,12,2179,2179,26,20,-19,-14,-19
42.332031,12,2179,2179,26,20,-19,-14,-19
42.335938,13,2179,2179,26,20,-19,-14,-20
42.339844,13,2179,2179,26,21,-19,-14,-19
42.343750,14,2179,2179,26,20,-19,-14,-20
42.347656,15,2179,2179,26,20,-19,-14,-20
42.351562,15,2179,2179,26,21,-19,-14,-20
42.355469,15,2179,2179,26,21,-19,-14,-19
42.359375,16,2179,2179,26,21,-19,-13,-19
42.363281,17,2179,2179,26,20,-19,-13,-19
42.367188,17,2179,2179,26,20,-19,-13,-19
42.371094,18,2179,2179,26,21,-18,-13,-19
42.375000,20,2179,2179,26,21,-18,-13,-19
42.378906,21,2179,2179,26,20,-18,-13,-19
42.382812,21,2179,2179,26,20,-18,-14,-19
42.386719,22,2179,2179,26,21,-18,-14,-19
42.390625,24,2179,2179,26,21,-18,-14,-19
42.394531,25,2179,2179,26,20,-18,-14,-19
42.398438,25,2179,2179,26,20,-18,-14,-19
42.402344,26,2179,2179,26,20,-18,-14,-19
42.406250,27,2179,2179,26,21,-18,-14,-19
42.410156,29,2179,2179,26,20,-18,-14,-19
42.414062,30,2179,2179,26,20,-19,-14,-19
42.417969,32,2179,2179,26,20,-20,-14,-19
42.421875,34,2179,2179,26,20,-19,-14,-19
42.425781,35,2179,2179,26,21,-19,-14,-20
42.429688,37,2179,2179,26,20,-19,-14,-19
42.433594,39,2179,2179,26,20,-19,-14,-19
42.437500,40,2179,2179,26,20,-19,-14,-19
42.441406,43,2179,2179,26,20,-19,-14,-19
42.445312,44,2179,2179,26,20,-19,-14,-19
42.449219,46,2179,2179,26,20,-19,-14,-19
42.453125,48,2179,2179,26,21,-19,-14,-19
42.457031,50,2179,2179,26,21,-19,-14,-19
42.460938,52,2179,2179,26,20,-19,-14,-19
42.464844,53,2179,2179,26,20,-19,-14,-19
42.468750,54,2179,2179,26,21,-19,-14,-19
42.472656,56,2179,2179,26,21,-19,-14,-19
42.476562,57,2179,2179,26,20,-19,-14,-19
42.480469,58,2179,2179,26,20,-18,-14,-19
42.484375,59,2179,2179,26,20,-19,-14,-19
42.488281,60,2179,2179,26,21,-18,-14,-19
42.492188,61,2179,2179,26,20,-18,-14,-19
42.496094,62,2179,2179,26,20,-18,-13,-19
42.500000,62,2179,2179,26,20,-18,-14,-19
42.503906,63,2179,2179,26,21,-18,-14,-19
42.507812,64,2179,2179,26,21,-18,-14,-19
42.511719,65,2179,2179,26,20,-18,-14,-19
42.515625,65,2179,2179,26,20,-19,-14,-19
42.519531,66,2179,2179,26,21,-18,-14,-19
42.523438,68,2179,2179,26,20,-19,-14,-19
42.527344,68,2179,2179,26,20,-18,-14,-19
42.531250,69,2179,2179,26,20,-19,-14,-19
42.535156,69,2179,2179,26,20,-19,-14,-20
42.539062,69,2179,2179,26,20,-19,-14,-20
42.542969,70,2179,2179,25,20,-18,-14,-20
42.546875,70,2179,2179,25,20,-19,-14,-20
42.550781,70,2179,2179,26,19,-19,-14,-19
42.554688,71,2179,2179,26,20,-19,-14,-19
42.558594,72,2179,2179,25,20,-19,-14,-19
42.562500,72,2179,2179,25,20,-19,-14,-19
42.566406,72,2179,2179,25,20,-19,-14,-19
42.570312,73,2179,2179,26,20,-19,-14,-19
42.574219,73,2179,2179,26,20,-19,-14,-19
42.578125,74,2179,2179,26,20,-19,-14,-19
42.582031,73,2179,2179,26,20,-19,-14,-19
42.585938,74,2179,2179,27,21,-19,-14,-19
42.589844,74,2179,2179,27,21,-19,-14,-19
42.593750,74,2179,2179,27,21,-18,-14,-19
42.597656,75,2179,2179,28,21,-18,-14,-19
42.601562,75,2179,2179,28,21,-19,-14,-19
42.605469,75,2179,2179,29,21,-19,-14,-19
42.609375,76,2179,2179,28,21,-19,-14,-19
42.613281,77,2179,2179,28,21,-19,-14,-19
42.617188,76,2179,2179,28,21,-18,-13,-19
42.621094,77,2179,2179,27,21,-19,-13,-19
42.625000,77,2179,2179,27,21,-18,-14,-19
42.628906,78,2179,2179,27,21,-18,-13,-19
42.632812,78,2179,2179,27,20,-18,-13,-19
42.636719,78,2179,2179,28,21,-18,-14,-19
42.640625,79,2179,2179,28,21,-18,-14,-20
42.644531,79,2179,2179,28,20,-18,-13,-19
42.648438,80,2179,2179,28,20,-19,-14,-20
42.652344,79,2179,2179,29,21,-18,-14,-20
42.656250,79,2179,2179,28,21,-18,-14,-20
42.660156,79,2179,2179,28,21,-19,-14,-19
42.664062,79,2179,2179,28,21,-19,-14,-20
42.667969,79,2179,2179,28,21,-19,-14,-19
42.671875,79,2179,2179,28,21,-19,-14,-19
42.675781,79,2179,2179,28,20,-19,-14,-19
42.679688,79,2179,2179,28,21,-19,-14,-19
42.683594,79,2179,2179,28,21,-19,-14,-19
42.687500,79,2179,2179,28,21,-19,-14,-19
42.691406,79,2179,2179,28,20,-19,-14,-20
42.695312,79,2179,2179,28,20,-19,-14,-19
42.699219,79,2179,2179,28,20,-19,-14,-19
42.703125,79,2179,2179,28,20,-19,-14,-19
42.707031,79,2179,2179,29,20,-18,-14,-19
42.710938,79,2179,2179,29,20,-19,-14,-19
42.714844,79,2179,2179,30,20,-19,-13,-19
42.718750,79,2179,2179,32,20,-18,-14,-19
42.722656,80,2179,2179,33,20,-19,-14,-19
42.726562,80,2179,2179,34,20,-18,-14,-19
42.730469,80,2179,2179,35,20,-19,-13,-19
42.734375,80,2179,2179,37,20,-19,-13,-19
42.738281,80,2179,2179,38,20,-19,-14,-19
42.742188,80,2179,2179,40,20,-18,-14,-19
42.746094,80,2179,2179,41,20,-19,-14,-19
42.750000,79,2179,2179,43,20,-19,-14,-19
42.753906,79,2179,2179,45,20,-19,-14,-19
42.757812,79,2179,2179,46,20,-19,-14,-19
42.761719,79,2179,2179,47,20,-19,-14,-19
42.765625,79,2179,2179,49,20,-19,-14,-19
42.769531,79,2179,2179,50,20,-18,-14,-19
42.773438,79,2179,2179,52,20,-19,-14,-20
42.777344,79,2179,2179,53,20,-19,-14,-19
42.781250,79,2179,2179,54,20,-19,-14,-19
42.785156,79,2179,2179,56,21,-19,-14,-20
42.789062,79,2179,2179,57,21,-19,-14,-20
42.792969,79,2179,2179,58,21,-19,-14,-19
42.796875,79,2179,2179,59,21,-19,-14,-19
42.800781,79,2179,2179,60,20,-19,-14,-19
42.804688,79,2179,2179,61,21,-19,-14,-19
42.808594,79,2179,2179,62,21,-19,-14,-19
42.812500,79,2179,2179,64,21,-18,-14,-19
42.816406,78,2179,2179,65,21,-19,-14,-19
42.820312,78,2179,2179,66,21,-18,-14,-19
42.824219,78,2179,2179,67,21,-18,-14,-19
42.828125,78,2179,2179,67,21,-18,-14,-19
42.832031,78,2179,2179,68,20,-18,-14,-19
42.835938,79,2179,2179,69,21,-18,-14,-19
42.839844,79,2179,2179,71,21,-18,-13,-19
42.843750,79,2179,2179,72,21,-19,-13,-19
42.847656,79,2179,2179,74,21,-18,-13,-19
42.851562,79,2179,2179,77,21,-19,-13,-19
42.855469,78,2179,2179,79,21,-18,-14,-19
42.859375,79,2179,2179,80,20,-18,-14,-19
42.863281,78,2179,2179,80,20,-19,-14,-19
42.867188,78,2179,2179,81,20,-19,-13,-19
42.871094,78,2179,2179,80,20,-19,-14,-19
42.875000,79,2179,2179,80,20,-19,-14,-19
42.878906,78,2179,2179,80,20,-18,-14,-19
42.882812,78,2179,2179,80,20,-19,-14,-19
42.886719,78,2179,2179,82,21,-19,-14,-19
42.890625,79,2179,2179,83,21,-19,-14,-19
42.894531,79,2179,2179,84,21,-19,-14,-19
42.898438,79,2179,2179,86,21,-19,-14,-19
42.902344,78,2179,2179,88,21,-19,-14,-19
42.906250,78,2179,2179,89,21,-19,-14,-19
42.910156,79,2179,2179,90,20,-19,-14,-19
42.914062,78,2179,2179,90,20,-19,-14,-19
42.917969,78,2179,2179,91,21,-19,-14,-19
42.921875,77,2179,2179,91,21,-19,-14,-19
42.925781,78,2179,2179,91,20,-19,-14,-19
42.929688,77,2179,2179,91,20,-18,-13,-19
42.933594,77,2179,2179,93,20,-18,-14,-19
42.937500,77,2179,2179,92,21,-19,-14,-19
42.941406,78,2179,2179,93,20,-18,-14,-19
42.945312,78,2179,2179,93,20,-18,-14,-19
42.949219,78,2179,2179,94,20,-19,-14,-19
42.953125,78,2179,2179,95,20,-19,-14,-19
42.957031,78,2179,2179,96,20,-19,-14,-19
42.960938,78,2179,2179,96,20,-19,-14,-20
42.964844,78,2179,2179,97,20,-19,-14,-19
42.968750,78,2179,2179,98,20,-19,-14,-19
42.972656,78,2179,2179,98,20,-18,-14,-19
42.976562,78,2179,2179,98,20,-18,-14,-19
42.980469,78,2179,2179,98,20,-18,-14,-19
42.984375,78,2179,2179,99,20,-19,-14,-19
42.988281,78,2179,2179,100,20,-19,-14,-19
42.992188,78,2179,2179,100,20,-19,-14,-19
42.996094,79,2179,2179,102,20,-19,-14,-19
43.000000,78,2179,2179,103,20,-19,-14,-19
43.003906,78,2179,2179,104,20,-19,-14,-20
43.007812,79,2179,2179,104,21,-19,-14,-19
43.011719,79,2179,2179,104,20,-19,-14,-19
43.015625,78,2179,2179,104,20,-19,-14,-19
43.019531,78,2179,2179,105,21,-19,-14,-19
43.023438,78,2179,2179,105,21,-18,-14,-19
43.027344,78,2179,2179,105,21,-19,-14,-19
43.031250,78,2179,2179,105,20,-19,-14,-19
43.035156,78,2179,2179,106,21,-19,-14,-19
43.039062,78,2179,2179,106,21,-18,-14,-19
43.042969,78,2179,2179,106,21,-18,-14,-19
43.046875,79,2179,2179,106,21,-18,-14,-19
43.050781,79,2179,2179,107,20,-18,-14,-19
43.054688,79,2179,2179,107,21,-18,-13,-19
43.058594,79,2179,2179,107,21,-18,-13,-19
43.062500,79,2179,2179,108,21,-19,-13,-19
43.066406,78,2179,2179,109,21,-19,-13,-19
43.070312,78,2179,2179,110,21,-19,-14,-19
43.074219,79,2179,2179,110,21,-19,-14,-19
43.078125,79,2179,2179,110,21,-19,-14,-19
43.082031,78,2179,2179,110,20,-19,-14,-19
43.085938,79,2179,2179,111,20,-19,-14,-20
43.089844,79,2179,2179,111,20,-19,-14,-20
43.093750,79,2179,2179,110,20,-19,-14,-19
43.097656,80,2179,2179,111,20,-18,-14,-19
43.101562,79,2179,2179,111,20,-19,-14,-19
43.105469,79,2179,2179,111,20,-19,-14,-20
43.109375,79,2179,2179,111,20,-19,-14,-19
43.113281,79,2179,2179,111,20,-19,-14,-19
43.117188,78,2179,2179,112,20,-19,-14,-19
43.121094,78,2179,2179,112,20,-19,-14,-20
43.125000,79,2179,2179,112,20,-19,-14,-20
43.128906,79,2179,2179,112,20,-19,-14,-19
43.132812,79,2179,2179,113,20,-19,-14,-19
43.136719,79,2179,2179,114,20,-19,-14,-19
43.140625,79,2179,2179,114,20,-19,-14,-19
43.144531,79,2179,2179,114,20,-19,-14,-19
43.148438,79,2179,2179,114,20,-19,-14,-19
43.152344,78,2179,2179,115,20,-18,-14,-19
43.156250,78,2179,2179,115,21,-18,-14,-19
43.160156,79,2179,2179,115,21,-18,-14,-19
43.164062,79,2179,2179,115,20,-18,-13,-19
43.167969,78,2179,2179,116,21,-18,-14,-19
43.171875,78,2179,2179,116,21,-18,-13,-19
43.175781,79,2179,2179,115,21,-18,-13,-19
43.179688,79,2179,2179,115,20,-19,-13,-19
43.183594,78,2179,2179,115,21,-19,-13,-19
43.187500,78,2179,2179,116,21,-19,-14,-19
43.191406,79,2179,2179,116,21,-19,-14,-19
43.195312,79,2179,2179,116,20,-19,-14,-19
43.199219,79,2179,2179,117,20,-19,-14,-20
43.203125,80,2179,2179,117,20,-18,-14,-19
43.207031,81,2179,2179,118,20,-18,-14,-19
43.210938,81,2179,2179,118,20,-19,-14,-18
43.214844,80,2179,2179,118,20,-19,-14,-19
43.218750,80,2179,2179,119,21,-19,-14,-19
43.222656,80,2179,2179,119,21,-18,-14,-19
43.226562,80,2179,2179,119,20,-18,-14,-19
43.230469,79,2179,2179,120,20,-19,-14,-19
43.234375,79,2179,2179,120,21,-19,-14,-19
43.238281,79,2179,2179,121,21,-19,-14,-19
43.242188,79,2179,2179,121,21,-19,-14,-19
43.246094,79,2179,2179,121,21,-19,-14,-19
43.250000,79,2179,2179,122,21,-19,-14,-19
43.253906,79,2179,2179,122,21,-19,-14,-19
43.257812,79,2179,2179,122,21,-19,-14,-19
43.261719,79,2179,2179,122,21,-18,-14,-19
43.265625,78,2179,2179,121,21,-18,-14,-19
43.269531,78,2179,2179,122,21,-18,-14,-19
43.273438,78,2179,2179,122,21,-18,-14,-19
43.277344,79,2179,2179,121,21,-18,-14,-19
43.281250,79,2179,2179,121,20,-19,-14,-19
43.285156,79,2179,2179,121,21,-18,-14,-19
43.289062,79,2179,2179,122,20,-18,-14,-19
43.292969,79,2179,2179,121,20,-19,-14,-19
43.296875,80,2179,2179,122,20,-19,-14,-19
43.300781,79,2179,2179,123,20,-19,-14,-19
43.304688,79,2179,2179,123,20,-19,-14,-19
43.308594,79,2179,2179,123,20,-19,-14,-19
43.312500,80,2179,2179,123,20,-19,-14,-19
43.316406,79,2179,2179,124,20,-19,-14,-19
43.320312,80,2179,2179,125,20,-19,-14,-20
43.324219,80,2179,2179,125,20,-19,-14,-19
43.328125,79,2179,2179,125,20,-19,-14,-19
43.332031,79,2179,2179,125,20,-19,-14,-19
43.335938,79,2179,2179,125,21,-19,-14,-19
43.339844,78,2179,2179,126,21,-19,-14,-19
43.343750,78,2179,2179,125,20,-19,-14,-19
43.347656,78,2179,2179,126,21,-19,-14,-19
43.351562,78,2179,2179,126,21,-19,-14,-19
43.355469,78,2179,2179,127,21,-19,-14,-19
43.359375,78,2179,2179,127,21,-19,-14,-19
43.363281,78,2179,2179,128,20,-19,-14,-19
43.367188,78,2179,2179,128,20,-19,-14,-19
43.371094,78,2179,2179,129,20,-18,-14,-20
43.375000,78,2179,2179,129,20,-18,-14,-19
43.378906,78,2179,2179,128,20,-18,-14,-19
43.382812,78,2179,2179,127,20,-18,-14,-19
43.386719,78,2179,2179,127,21,-18,-14,-19
43.390625,78,2179,2179,127,21,-18,-14,-19
43.394531,79,2179,2179,127,20,-18,-13,-19
43.398438,79,2179,2179,128,21,-18,-13,-19
43.402344,79,2179,2179,129,21,-19,-13,-19
43.406250,78,2179,2179,129,21,-18,-13,-19
43.410156,79,2179,2179,130,21,-19,-14,-19
43.414062,79,2179,2179,130,20,-19,-14,-19
43.417969,78,2179,2179,131,21,-19,-14,-19
43.421875,79,2179,2179,131,21,-19,-14,-19
43.425781,79,2179,2179,131,21,-19,-14,-19
43.429688,79,2179,2179,131,20,-19,-14,-19
43.433594,79,2179,2179,130,20,-19,-14,-19
43.437500,78,2179,2179,131,21,-19,-14,-19
43.441406,78,2179,2179,131,21,-19,-14,-19
43.445312,78,2179,2179,131,20,-19,-14,-19
43.449219,78,2179,2179,131,21,-19,-14,-19
43.453125,78,2179,2179,131,21,-19,-14,-20
43.457031,78,2179,2179,131,21,-19,-14,-19
43.460938,78,2179,2179,131,20,-19,-14,-19
43.464844,78,2179,2179,131,20,-19,-14,-19
43.468750,78,2179,2179,131,21,-19,-15,-19
43.472656,78,2179,2179,132,20,-19,-14,-19
43.476562,78,2179,2179,132,20,-19,-14,-19
43.480469,78,2179,2179,132,20,-19,-14,-19
43.484375,77,2179,2179,133,20,-19,-14,-19
43.488281,77,2179,2179,133,21,-19,-14,-19
43.492188,77,2179,2179,134,21,-18,-14,-19
43.496094,76,2179,2179,134,21,-18,-14,-19
43.500000,76,2179,2179,134,21,-18,-14,-19
43.503906,76,2179,2179,135,21,-18,-14,-19
43.507812,76,2179,2179,135,21,-18,-14,-19
43.511719,76,2179,2179,134,21,-19,-14,-19
43.515625,76,2179,2179,134,20,-18,-14,-19
43.519531,76,2179,2179,134,21,-18,-14,-19
43.523438,76,2179,2179,134,21,-18,-14,-19
43.527344,77,2179,2179,134,20,-18,-14,-19
43.531250,77,2179,2179,134,20,-18,-14,-19
43.535156,76,2179,2179,135,20,-18,-14,-19
43.539062,76,2179,2179,136,20,-18,-14,-19
43.542969,77,2179,2179,136,20,-19,-14,-19
43.546875,77,2179,2179,137,20,-19,-14,-19
43.550781,76,2179,2179,137,20,-19,-14,-19
43.554688,76,2179,2179,137,20,-19,-14,-19
43.558594,76,2179,2179,136,20,-19,-14,-19
43.562500,76,2179,2179,135,20,-19,-14,-19
43.566406,76,2179,2179,135,20,-19,-14,-19
43.570312,76,2179,2179,135,20,-19,-14,-19
43.574219,76,2179,2179,135,20,-19,-14,-19
43.578125,76,2179,2179,135,20,-19,-14,-19
43.582031,75,2179,2179,135,20,-19,-14,-20
43.585938,75,2179,2179,136,20,-19,-14,-19
43.589844,75,2179,2179,137,20,-19,-14,-19
43.593750,75,2179,2179,137,20,-19,-14,-19
43.597656,75,2179,2179,138,20,-19,-14,-19
43.601562,74,2179,2179,138,21,-18,-14,-19
43.605469,74,2179,2179,138,21,-18,-14,-19
43.609375,75,2179,2179,138,21,-18,-14,-19
43.613281,75,2179,2179,138,21,-18,-14,-19
43.617188,74,2179,2179,139,21,-18,-14,-19
43.621094,74,2179,2179,139,21,-18,-14,-19
43.625000,75,2179,2179,139,21,-18,-14,-19
43.628906,75,2179,2179,139,21,-18,-14,-19
43.632812,74,2179,2179,139,20,-18,-14,-19
43.636719,74,2179,2179,140,21,-18,-14,-19
43.640625,75,2179,2179,140,21,-18,-14,-19
43.644531,75,2179,2179,139,20,-19,-14,-19
43.648438,75,2179,2179,139,20,-18,-14,-19
43.652344,75,2179,2179,139,21,-19,-14,-19
43.656250,75,2179,2179,139,21,-19,-14,-19
43.660156,75,2179,2179,139,21,-19,-14,-19
43.664062,75,2179,2179,140,20,-19,-14,-19
43.667969,74,2179,2179,140,21,-19,-14,-20
43.671875,74,2179,2179,140,21,-19,-14,-19
43.675781,75,2179,2179,140,20,-19,-14,-19
43.679688,74,2179,2179,140,20,-19,-14,-19
43.683594,74,2179,2179,140,20,-19,-14,-20
43.687500,74,2179,2179,140,20,-19,-14,-20
43.691406,74,2179,2179,140,20,-19,-14,-20
43.695312,74,2179,2179,139,20,-19,-14,-20
43.699219,74,2179,2179,139,20,-19,-14,-20
43.703125,73,2179,2179,140,20,-19,-14,-20
43.707031,73,2179,2179,140,20,-18,-14,-19
43.710938,73,2179,2179,140,20,-19,-14,-19
43.714844,73,2179,2179,140,20,-19,-14,-19
43.718750,72,2179,2179,141,20,-18,-14,-19
43.722656,72,2179,2179,140,20,-18,-14,-19
43.726562,73,2179,2179,140,20,-18,-14,-19
43.730469,72,2179,2179,140,20,-18,-14,-19
43.734375,72,2179,2179,140,20,-18,-14,-19
43.738281,72,2179,2179,140,20,-18,-14,-19
43.742188,72,2179,2179,139,20,-18,-14,-19
43.746094,72,2179,2179,140,20,-19,-14,-19
43.750000,71,2179,2179,140,20,-19,-14,-19
43.753906,71,2179,2179,141,20,-19,-14,-19
43.757812,72,2179,2179,141,20,-18,-14,-19
43.761719,72,2179,2179,141,20,-18,-14,-19
43.765625,72,2179,2179,141,20,-18,-14,-19
43.769531,72,2179,2179,142,20,-19,-14,-19
43.773438,72,2179,2179,142,21,-18,-13,-19
43.777344,72,2179,2179,142,20,-19,-14,-20
43.781250,71,2179,2179,142,20,-19,-14,-20
43.785156,71,2179,2179,142,21,-19,-14,-20
43.789062,70,2179,2179,142,21,-19,-14,-20
43.792969,70,2179,2179,142,21,-19,-14,-20
43.796875,70,2179,2179,142,21,-19,-14,-19
43.800781,69,2179,2179,143,21,-19,-14,-19
43.804688,69,2179,2179,143,21,-19,-14,-20
43.808594,70,2179,2179,143,21,-19,-14,-19
43.812500,69,2179,2179,143,21,-19,-14,-19
43.816406,69,2179,2179,143,21,-19,-14,-19
43.820312,69,2179,2179,144,21,-18,-14,-19
43.824219,68,2179,2179,143,21,-19,-14,-19
43.828125,68,2179,2179,143,21,-19,-14,-19
43.832031,67,2179,2179,143,20,-19,-14,-19
43.835938,67,2179,2179,143,21,-18,-14,-19
43.839844,66,2179,2179,143,21,-18,-14,-19
43.843750,66,2179,2179,143,20,-18,-13,-19
43.847656,65,2179,2179,143,20,-19,-14,-19
43.851562,64,2179,2179,143,20,-19,-14,-19
43.855469,63,2179,2179,143,20,-19,-14,-19
43.859375,62,2179,2179,143,20,-19,-14,-19
43.863281,60,2179,2179,143,20,-18,-14,-19
43.867188,58,2179,2179,143,20,-18,-14,-19
43.871094,56,2179,2179,143,20,-18,-14,-19
43.875000,54,2179,2179,143,20,-19,-14,-19
43.878906,52,2179,2179,143,20,-18,-13,-19
43.882812,50,2179,2179,143,20,-19,-14,-19
43.886719,47,2179,2179,143,21,-19,-14,-19
43.890625,45,2179,2179,143,21,-19,-14,-20
43.894531,43,2179,2179,143,20,-19,-14,-19
43.898438,40,2179,2179,143,20,-19,-14,-19
43.902344,38,2179,2179,143,21,-19,-14,-19
43.906250,36,2179,2179,143,21,-19,-14,-19
43.910156,34,2179,2179,141,20,-19,-14,-19
43.914062,33,2179,2179,139,20,-19,-14,-19
43.917969,31,2179,2179,135,21,-19,-14,-19
43.921875,29,2179,2179,129,21,-19,-14,-19
43.925781,28,2179,2179,119,21,-19,-14,-19
43.929688,26,2179,2179,106,20,-19,-14,-19
43.933594,25,2179,2179,90,20,-19,-14,-19
43.937500,23,2179,2179,74,21,-18,-14,-19
43.941406,23,2179,2179,58,21,-18,-14,-19
43.945312,21,2179,2179,43,21,-18,-14,-19
43.949219,20,2179,2179,33,20,-18,-13,-19
43.953125,19,2179,2179,27,21,-18,-14,-19
43.957031,18,2179,2179,25,21,-18,-14,-19
43.960938,17,2179,2179,25,20,-18,-14,-19
43.964844,17,2179,2179,26,20,-19,-14,-19
43.968750,15,2179,2179,28,21,-19,-13,-19
43.972656,15,2179,2179,29,21,-18,-14,-19
43.976562,14,2179,2179,28,20,-18,-14,-20
43.980469,14,2179,2179,27,20,-18,-14,-20
43.984375,12,2179,2179,26,20,-18,-14,-20
43.988281,12,2179,2179,25,20,-18,-14,-20
43.992188,12,2179,2179,24,20,-18,-14,-19
43.996094,11,2179,2179,25,20,-19,-14,-19
44.000000,10,2179,2179,25,20,-19,-14,-19
44.003906,10,2179,2179,27,21,-19,-14,-19
44.007812,10,2179,2179,28,21,-19,-14,-19
44.011719,10,2179,2179,28,21,-19,-14,-19
44.015625,9,2179,2179,29,21,-19,-14,-19
44.019531,9,2179,2179,29,21,-19,-14,-19
44.023438,9,2179,2179,29,21,-19,-14,-19
44.027344,9,2179,2179,28,21,-19,-14,-20
44.031250,9,2179,2179,28,21,-19,-14,-20
44.035156,8,2179,2179,28,21,-19,-14,-19
44.039062,8,2179,2179,28,21,-19,-14,-20
44.042969,8,2179,2179,27,21,-19,-14,-19
44.046875,8,2179,2179,27,21,-19,-14,-19
44.050781,8,2179,2179,27,20,-19,-14,-19
44.054688,8,2179,2179,27,21,-18,-13,-19
44.058594,8,2179,2179,27,21,-18,-14,-19
44.062500,8,2179,2179,26,20,-18,-14,-19
44.066406,8,2179,2179,26,20,-18,-14,-19
44.070312,7,2179,2179,26,21,-19,-14,-19
44.074219,7,2179,2179,26,21,-18,-14,-19
44.078125,7,2179,2179,26,20,-18,-13,-19
44.082031,6,2179,2179,26,20,-18,-14,-19
44.085938,6,2179,2179,26,21,-18,-14,-19
44.089844,6,2179,2179,26,21,-19,-14,-19
44.093750,6,2179,2179,26,20,-19,-13,-19
44.097656,6,2179,2179,26,20,-19,-14,-19
44.101562,6,2179,2179,26,20,-26,-14,-19
44.105469,6,2179,2179,26,20,-19,-14,-19
44.109375,6,2179,2179,25,20,-19,-14,-19
44.113281,5,2179,2179,25,20,-19,-14,-19
44.117188,5,2179,2179,25,20,-19,-14,-19
44.121094,4,2179,2179,26,20,-19,-14,-20
44.125000,4,2179,2179,26,20,-19,-14,-20
44.128906,4,2179,2179,25,20,-19,-14,-20
44.132812,4,2179,2179,25,20,-19,-14,-19
44.136719,3,2179,2179,26,20,-19,-14,-19
44.140625,3,2179,2179,26,20,-19,-14,-20
44.144531,3,2179,2179,25,20,-19,-14,-19
44.148438,3,2179,2179,26,20,-19,-14,-20
44.152344,3,2179,2179,26,20,-19,-14,-19
44.156250,3,2179,2179,26,21,-18,-14,-19
44.160156,3,2179,2179,26,20,-18,-14,-19
44.164062,3,2179,2179,26,20,-18,-13,-19
44.167969,3,2179,2179,26,21,-18,-14,-19
44.171875,3,2179,2179,26,21,-18,-13,-19
44.175781,4,2179,2179,26,21,-18,-13,-19
44.179688,4,2179,2179,26,21,-19,-14,-19
44.183594,4,2179,2179,26,21,-19,-14,-19
44.187500,4,2179,2179,26,21,-19,-14,-19
44.191406,4,2179,2179,26,21,-18,-14,-19
44.195312,4,2179,2179,26,21,-18,-14,-19
44.199219,4,2179,2179,26,21,-19,-14,-19
44.203125,4,2179,2179,26,21,-19,-14,-19
44.207031,4,2179,2179,26,21,-19,-14,-19
44.210938,4,2179,2179,26,20,-19,-14,-19
44.214844,4,2179,2179,26,20,-19,-14,-19
44.218750,4,2179,2179,26,21,-19,-14,-19
44.222656,3,2179,2179,26,21,-19,-14,-19
44.226562,3,2179,2179,26,20,-12,-14,-19
44.230469,4,2179,2179,26,21,-19,-14,-19
44.234375,3,2179,2179,26,21,-19,-14,-19
44.238281,3,2179,2179,26,21,-19,-14,-19
44.242188,4,2179,2179,26,21,-19,-14,-19
44.246094,3,2179,2179,26,21,-19,-14,-19
44.250000,3,2179,2179,26,21,-19,-14,-20
44.253906,3,2179,2179,26,21,-19,-14,-20
44.257812,3,2179,2179,26,21,-19,-14,-20
44.261719,2,2179,2179,26,20,-19,-14,-19
44.265625,2,2179,2179,26,20,-19,-14,-19
44.269531,1,2179,2179,26,21,-19,-14,-19
44.273438,1,2179,2179,26,20,-18,-14,-19
44.277344,1,2179,2179,26,20,-18,-13,-19
44.281250,1,2179,2179,26,20,-19,-14,-19
44.285156,1,2179,2179,26,20,-19,-14,-19
44.289062,1,2179,2179,26,20,-18,-14,-19
44.292969,1,2179,2179,25,20,-18,-13,-19
44.296875,2,2179,2179,25,20,-18,-14,-19
44.300781,1,2179,2179,26,20,-18,-14,-19
44.304688,2,2179,2179,25,20,-18,-14,-19
44.308594,2,2179,2179,26,20,-19,-14,-20
44.312500,2,2179,2179,25,20,-18,-14,-19
44.316406,2,2179,2179,25,19,-19,-14,-19
44.320312,2,2179,2179,25,20,-18,-14,-19
44.324219,2,2179,2179,26,20,-18,-14,-19
44.328125,2,2179,2179,25,19,-19,-14,-19
44.332031,2,2179,2179,25,20,-19,-14,-19
44.335938,2,2179,2179,26,20,-18,-14,-19
44.339844,1,2179,2179,26,20,-19,-14,-19
44.343750,2,2179,2179,26,20,-19,-14,-19
44.347656,2,2179,2179,26,20,-19,-14,-19
44.351562,2,2179,2179,26,20,-23,-14,-20
44.355469,2,2179,2179,26,21,-19,-14,-19
44.359375,3,2179,2179,26,20,-19,-14,-19
44.363281,3,2179,2179,26,20,-19,-14,-19
44.367188,3,2179,2179,26,20,-19,-14,-19
44.371094,3,2179,2179,26,21,-19,-14,-19
44.375000,3,2179,2179,26,21,-19,-14,-19
44.378906,3,2179,2179,26,20,-19,-14,-19
44.382812,3,2179,2179,26,20,-18,-14,-19
44.386719,3,2179,2179,26,21,-18,-14,-19
44.390625,4,2179,2179,26,21,-18,-14,-19
44.394531,4,2179,2179,26,20,-18,-13,-19
44.398438,4,2179,2179,26,20,-18,-14,-19
44.402344,4,2179,2179,26,21,-18,-13,-19
44.406250,5,2179,2179,26,21,-18,-14,-19
44.410156,5,2179,2179,26,21,-18,-14,-19
44.414062,5,2179,2179,26,21,-19,-14,-19
44.417969,5,2179,2179,27,21,-19,-14,-19
44.421875,5,2179,2179,26,21,-19,-14,-19
44.425781,5,2179,2179,26,21,-19,-14,-19
44.429688,5,2179,2179,26,21,-19,-14,-19
44.433594,5,2179,2179,26,21,-19,-14,-19
44.437500,5,2179,2179,26,21,-19,-14,-19
44.441406,5,2179,2179,26,21,-19,-14,-19
44.445312,5,2179,2179,26,21,-19,-14,-19
44.449219,4,2179,2179,26,20,-19,-14,-19
44.453125,4,2179,2179,26,20,-19,-14,-20
44.457031,5,2179,2179,26,20,-19,-14,-19
44.460938,5,2179,2179,26,20,-19,-14,-19
44.464844,4,2179,2179,26,20,-19,-14,-19
44.468750,4,2179,2179,26,21,-19,-14,-19
44.472656,4,2179,2179,26,20,-18,-14,-19
44.476562,4,2179,2179,26,20,-15,-14,-19
44.480469,4,2179,2179,26,20,-18,-14,-19
44.484375,3,2179,2179,26,20,-19,-14,-19
44.488281,3,2179,2179,26,21,-18,-14,-19
44.492188,3,2179,2179,26,21,-18,-14,-19
44.496094,3,2179,2179,27,20,-19,-14,-19
44.500000,3,2179,2179,27,20,-18,-14,-19
44.503906,3,2179,2179,27,21,-18,-14,-19
44.507812,3,2179,2179,27,21,-18,-13,-19
44.511719,3,2179,2179,26,20,-18,-13,-19
44.515625,3,2179,2179,26,20,-18,-14,-19
44.519531,3,2179,2179,26,21,-18,-14,-19
44.523438,3,2179,2179,26,20,-18,-14,-19
44.527344,3,2179,2179,25,20,-19,-14,-19
44.531250,3,2179,2179,25,20,-19,-14,-19
44.535156,2,2179,2179,26,20,-19,-14,-19
44.539062,2,2179,2179,26,20,-18,-14,-19
44.542969,3,2179,2179,26,20,-19,-14,-19
44.546875,3,2179,2179,26,20,-19,-14,-19
44.550781,3,2179,2179,26,20,-19,-14,-20
44.554688,3,2179,2179,26,20,-19,-14,-20
44.558594,3,2179,2179,26,20,-19,-14,-19
44.562500,3,2179,2179,26,20,-19,-14,-19
44.566406,2,2179,2179,26,20,-19,-14,-19
44.570312,2,2179,2179,26,20,-19,-14,-19
44.574219,2,2179,2179,26,20,-19,-14,-19
44.578125,2,2179,2179,26,20,-19,-14,-19
44.582031,1,2179,2179,26,20,-19,-14,-19
44.585938,1,2179,2179,26,20,-19,-14,-19
44.589844,1,2179,2179,26,21,-19,-14,-19
44.593750,1,2179,2179,26,20,-19,-14,-19
44.597656,1,2179,2179,26,20,-19,-14,-19
44.601562,1,2179,2179,26,21,-20,-14,-19
44.605469,1,2179,2179,26,21,-19,-14,-19
44.609375,1,2179,2179,26,22,-18,-13,-19
44.613281,1,2179,2179,26,21,-18,-14,-19
44.617188,1,2179,2179,26,21,-19,-14,-19
44.621094,1,2179,2179,26,21,-19,-13,-19
44.625000,1,2179,2179,26,21,-18,-14,-19
44.628906,2,2179,2179,26,21,-19,-14,-19
44.632812,1,2179,2179,26,21,-19,-13,-19
44.636719,2,2179,2179,27,21,-18,-14,-19
44.640625,2,2179,2179,27,21,-18,-13,-19
44.644531,2,2179,2179,26,21,-19,-13,-19
44.648438,2,2179,2179,26,21,-19,-14,-19
44.652344,2,2179,2179,26,21,-18,-14,-19
44.656250,3,2179,2179,26,21,-19,-13,-19
44.660156,3,2179,2179,26,20,-19,-14,-19
44.664062,3,2179,2179,26,20,-19,-14,-19
44.667969,3,2179,2179,26,21,-19,-14,-19
44.671875,2,2179,2179,26,20,-19,-14,-19
44.675781,2,2179,2179,25,20,-19,-14,-19
44.679688,2,2179,2179,25,20,-19,-14,-19
44.683594,2,2179,2179,25,20,-19,-14,-19
44.687500,2,2179,2179,26,20,-19,-14,-19
44.691406,2,2179,2179,26,20,-19,-14,-20
44.695312,2,2179,2179,26,20,-19,-14,-19
44.699219,2,2179,2179,26,20,-19,-14,-19
44.703125,2,2179,2179,26,20,-19,-14,-20
44.707031,2,2179,2179,26,20,-19,-14,-20
44.710938,2,2179,2179,26,20,-19,-14,-19
44.714844,2,2179,2179,26,20,-19,-14,-19
44.718750,2,2179,2179,27,20,-18,-14,-19
44.722656,2,2179,2179,27,20,-19,-14,-19
44.726562,3,2179,2179,27,20,-18,-14,-19
44.730469,3,2179,2179,26,20,-19,-14,-19
44.734375,2,2179,2179,26,19,-18,-14,-19
44.738281,2,2179,2179,26,20,-18,-14,-19
44.742188,3,2179,2179,25,20,-18,-14,-19
44.746094,3,2179,2179,25,20,-18,-14,-19
44.750000,3,2179,2179,25,20,-19,-13,-19
44.753906,3,2179,2179,25,20,-18,-13,-19
44.757812,3,2179,2179,26,20,-19,-14,-19
44.761719,3,2179,2179,26,20,-18,-14,-19
44.765625,3,2179,2179,26,20,-18,-13,-19
44.769531,3,2179,2179,26,20,-19,-14,-19
44.773438,3,2179,2179,26,20,-18,-14,-19
44.777344,4,2179,2179,26,20,-19,-14,-20
44.781250,4,2179,2179,26,20,-19,-14,-19
44.785156,3,2179,2179,26,21,-19,-14,-20
44.789062,3,2179,2179,26,21,-18,-14,-19
44.792969,4,2179,2179,26,20,-19,-14,-20
44.796875,4,2179,2179,26,21,-19,-14,-20
44.800781,4,2179,2179,27,21,-19,-14,-20
44.804688,4,2179,2179,27,21,-19,-14,-20
44.808594,4,2179,2179,27,21,-19,-14,-19
44.812500,4,2179,2179,26,21,-19,-14,-19
44.816406,4,2179,2179,26,21,-19,-14,-19
44.820312,4,2179,2179,26,21,-19,-14,-19
44.824219,4,2179,2179,26,21,-19,-14,-19
44.828125,4,2179,2179,26,20,-18,-14,-19
44.832031,4,2179,2179,26,20,-19,-14,-19
44.835938,4,2179,2179,26,20,-18,-14,-19
44.839844,4,2179,2179,26,20,-18,-14,-19
44.843750,4,2179,2179,26,20,-18,-14,-19
44.847656,4,2179,2179,26,20,-18,-14,-19
44.851562,4,2179,2179,26,21,-19,-14,-19
44.855469,4,2179,2179,26,21,-18,-14,-19
44.859375,4,2179,2179,26,20,-18,-14,-19
44.863281,4,2179,2179,26,20,-18,-14,-19
44.867188,4,2179,2179,26,20,-19,-14,-19
44.871094,4,2179,2179,26,21,-19,-14,-19
44.875000,5,2179,2179,26,21,-19,-14,-19
44.878906,5,2179,2179,26,20,-18,-14,-19
44.882812,4,2179,2179,26,20,-19,-14,-19
44.886719,5,2179,2179,26,20,-19,-14,-20
44.890625,5,2179,2179,26,20,-19,-14,-19
44.894531,5,2179,2179,26,20,-19,-14,-19
44.898438,5,2179,2179,26,20,-19,-14,-19
44.902344,5,2179,2179,26,20,-19,-14,-19
44.906250,5,2179,2179,26,21,-19,-14,-19
44.910156,5,2179,2179,25,20,-19,-14,-19
44.914062,5,2179,2179,25,20,-19,-14,-20
44.917969,5,2179,2179,26,20,-19,-14,-19
44.921875,5,2179,2179,26,20,-19,-14,-19
44.925781,5,2179,2179,26,20,-19,-14,-20
44.929688,5,2179,2179,26,20,-19,-14,-19
44.933594,4,2179,2179,26,20,-19,-14,-19
44.937500,4,2179,2179,26,20,-19,-14,-19
44.941406,4,2179,2179,26,21,-19,-14,-19
44.945312,4,2179,2179,26,20,-19,-14,-19
44.949219,3,2179,2179,26,20,-19,-14,-19
44.953125,3,2179,2179,26,21,-18,-14,-19
44.957031,4,2179,2179,26,21,-18,-14,-19
44.960938,4,2179,2179,26,20,-18,-14,-19
44.964844,4,2179,2179,26,20,-18,-14,-19
44.968750,3,2179,2179,26,21,-18,-14,-19
44.972656,3,2179,2179,26,21,-18,-14,-19
44.976562,3,2179,2179,26,20,-18,-14,-19
44.980469,3,2179,2179,26,20,-18,-14,-19
44.984375,2,2179,2179,26,19,-18,-14,-19
44.988281,2,2179,2179,26,21,-18,-14,-19
44.992188,2,2179,2179,26,21,-18,-14,-19
44.996094,2,2179,2179,26,20,-18,-14,-19
45.000000,2,2179,2179,26,20,-19,-14,-19
45.003906,2,2179,2179,27,20,-19,-14,-20
45.007812,2,2179,2179,27,20,-19,-14,-19
45.011719,2,2179,2179,27,20,-19,-14,-19
45.015625,2,2179,2179,27,20,-19,-14,-19
45.019531,2,2179,2179,27,21,-19,-14,-19
45.023438,2,2179,2179,27,21,-19,-14,-19
45.027344,2,2179,2179,26,20,-19,-14,-19
45.031250,3,2179,2179,26,20,-19,-14,-19
45.035156,2,2179,2179,26,21,-19,-14,-19
45.039062,2,2179,2179,26,21,-19,-14,-19
45.042969,2,2179,2179,26,20,-19,-14,-19
45.046875,2,2179,2179,26,20,-19,-14,-19
45.050781,1,2179,2179,26,21,-19,-14,-19
45.054688,1,2179,2179,26,21,-19,-14,-19
45.058594,2,2179,2179,26,21,-18,-14,-19
45.062500,2,2179,2179,26,21,-19,-14,-19
45.066406,2,2179,2179,26,21,-19,-14,-19
45.070312,2,2179,2179,26,21,-19,-14,-19
45.074219,2,2179,2179,26,21,-18,-14,-19
45.078125,3,2179,2179,26,21,-19,-14,-19
45.082031,3,2179,2179,26,21,-19,-14,-19
45.085938,3,2179,2179,26,21,-19,-14,-19
45.089844,3,2179,2179,26,21,-19,-14,-19
45.093750,4,2179,2179,26,20,-19,-14,-19
45.097656,4,2179,2179,26,20,-19,-14,-19
45.101562,4,2179,2179,26,20,-19,-14,-19
45.105469,5,2179,2179,26,20,-18,-14,-19
45.109375,6,2179,2179,25,19,-19,-14,-19
45.113281,6,2179,2179,25,19,-19,-14,-20
45.117188,6,2179,2179,27,20,-19,-14,-19
45.121094,6,2179,2179,25,20,-19,-14,-19
45.125000,6,2179,2179,26,20,-19,-14,-20
45.128906,7,2179,2179,25,20,-19,-14,-19
45.132812,7,2179,2179,25,20,-19,-14,-19
45.136719,7,2179,2179,26,20,-19,-14,-19
45.140625,7,2179,2179,26,20,-19,-14,-19
45.144531,7,2179,2179,26,20,-19,-14,-20
45.148438,7,2179,2179,26,20,-19,-14,-19
45.152344,7,2179,2179,26,20,-19,-14,-19
45.156250,7,2179,2179,26,21,-19,-14,-19
45.160156,7,2179,2179,26,20,-19,-14,-19
45.164062,7,2179,2179,26,20,-19,-14,-19
45.167969,7,2179,2179,26,21,-19,-14,-19
45.171875,7,2179,2179,26,21,-18,-14,-19
45.175781,7,2179,2179,26,21,-18,-14,-19
45.179688,7,2179,2179,26,20,-18,-14,-19
45.183594,7,2179,2179,26,20,-18,-14,-19
45.187500,7,2179,2179,26,21,-18,-14,-19
45.191406,8,2179,2179,26,21,-18,-14,-19
45.195312,8,2179,2179,27,20,-18,-14,-19
45.199219,7,2179,2179,27,21,-18,-14,-19
45.203125,7,2179,2179,27,21,-18,-14,-19
45.207031,8,2179,2179,27,21,-18,-14,-19
45.210938,8,2179,2179,27,20,-18,-14,-19
45.214844,8,2179,2179,27,20,-18,-14,-19
45.218750,8,2179,2179,27,21,-19,-14,-19
45.222656,8,2179,2179,26,21,-19,-14,-19
45.226562,9,2179,2179,26,20,-19,-14,-19
45.230469,8,2179,2179,26,21,-19,-14,-19
45.234375,8,2179,2179,26,20,-19,-14,-19
45.238281,8,2179,2179,26,21,-19,-14,-19
45.242188,8,2179,2179,26,21,-19,-14,-19
45.246094,8,2179,2179,26,20,-19,-14,-19
45.250000,8,2179,2179,26,21,-19,-14,-19
45.253906,8,2179,2179,27,21,-19,-14,-19
45.257812,9,2179,2179,26,21,-19,-14,-19
45.261719,9,2179,2179,26,20,-19,-14,-19
45.265625,9,2179,2179,26,20,-19,-14,-19
45.269531,9,2179,2179,26,21,-19,-14,-20
45.273438,9,2179,2179,26,20,-19,-14,-19
45.277344,9,2179,2179,26,20,-19,-14,-19
45.281250,10,2179,2179,26,20,-18,-14,-19
45.285156,9,2179,2179,26,20,-18,-14,-19
45.289062,10,2179,2179,27,20,-18,-14,-19
45.292969,11,2179,2179,27,20,-18,-14,-19
45.296875,11,2179,2179,26,20,-19,-14,-19
45.300781,11,2179,2179,27,20,-18,-14,-19
45.304688,12,2179,2179,26,20,-18,-14,-19
45.308594,12,2179,2179,26,20,-18,-14,-19
45.312500,13,2179,2179,26,20,-18,-14,-19
45.316406,14,2179,2179,25,20,-19,-14,-19
45.320312,14,2179,2179,26,20,-18,-14,-19
45.324219,15,2179,2179,26,20,-19,-14,-19
45.328125,16,2179,2179,25,20,-19,-13,-19
45.332031,18,2179,2179,26,20,-19,-14,-19
45.335938,19,2179,2179,26,20,-18,-14,-19
45.339844,20,2179,2179,26,20,-18,-14,-19
45.343750,21,2179,2179,26,20,-18,-14,-19
45.347656,22,2179,2179,26,20,-19,-14,-20
45.351562,24,2179,2179,26,20,-19,-14,-20
45.355469,26,2179,2179,26,20,-19,-14,-20
45.359375,27,2179,2179,26,20,-19,-14,-19
45.363281,29,2179,2179,25,20,-19,-14,-19
45.367188,31,2179,2179,25,20,-19,-14,-19
45.371094,33,2179,2179,26,20,-19,-14,-19
45.375000,35,2179,2179,26,20,-19,-14,-19
45.378906,38,2179,2179,26,20,-19,-14,-19
45.382812,40,2179,2179,26,20,-19,-14,-19
45.386719,42,2179,2179,26,21,-18,-14,-19
45.390625,45,2179,2179,26,21,-18,-14,-19
45.394531,48,2179,2179,26,20,-18,-13,-18
45.398438,50,2179,2179,26,20,-18,-14,-19
45.402344,52,2179,2179,26,21,-18,-14,-19
45.406250,54,2179,2179,26,21,-18,-14,-19
45.410156,56,2179,2179,26,21,-18,-14,-19
45.414062,58,2179,2179,26,20,-18,-14,-19
45.417969,59,2179,2179,26,21,-18,-14,-19
45.421875,60,2179,2179,26,21,-18,-14,-19
45.425781,62,2179,2179,26,21,-19,-14,-19
45.429688,63,2179,2179,26,20,-18,-14,-19
45.433594,64,2179,2179,26,21,-18,-14,-19
45.437500,65,2179,2179,26,21,-18,-14,-19
45.441406,66,2179,2179,26,21,-18,-14,-19
45.445312,67,2179,2179,26,20,-19,-14,-19
45.449219,68,2179,2179,26,20,-19,-14,-19
45.453125,69,2179,2179,26,21,-19,-14,-19
45.457031,70,2179,2179,26,20,-19,-14,-19
45.460938,71,2179,2179,26,20,-19,-14,-19
45.464844,72,2179,2179,26,20,-19,-14,-19
45.468750,72,2179,2179,26,21,-19,-14,-19
45.472656,72,2179,2179,26,21,-19,-14,-19
45.476562,73,2179,2179,26,20,-19,-14,-19
45.480469,73,2179,2179,26,20,-19,-14,-19
45.484375,73,2179,2179,26,20,-19,-14,-19
45.488281,74,2179,2179,26,21,-19,-14,-19
45.492188,75,2179,2179,25,21,-19,-14,-19
45.496094,75,2179,2179,26,21,-19,-14,-19
45.500000,75,2179,2179,26,21,-19,-14,-19
45.503906,75,2179,2179,26,21,-19,-14,-19
45.507812,76,2179,2179,26,21,-18,-14,-19
45.511719,76,2179,2179,26,21,-19,-14,-19
45.515625,77,2179,2179,26,20,-18,-14,-19
45.519531,77,2179,2179,27,21,-18,-13,-18
45.523438,78,2179,2179,28,20,-18,-13,-19
45.527344,78,2179,2179,28,20,-18,-13,-19
45.531250,79,2179,2179,28,20,-18,-13,-19
45.535156,79,2179,2179,28,20,-18,-14,-19
45.539062,79,2179,2179,28,20,-18,-14,-19
45.542969,79,2179,2179,28,20,-19,-14,-19
45.546875,79,2179,2179,27,20,-19,-14,-19
45.550781,79,2179,2179,27,20,-19,-14,-19
45.554688,79,2179,2179,27,20,-18,-14,-19
45.558594,80,2179,2179,27,20,-18,-14,-19
45.562500,80,2179,2179,27,20,-19,-14,-19
45.566406,80,2179,2179,26,20,-19,-14,-20
45.570312,79,2179,2179,27,20,-19,-14,-19
45.574219,80,2179,2179,27,20,-19,-14,-19
45.578125,80,2179,2179,26,20,-18,-14,-19
45.582031,80,2179,2179,26,20,-19,-14,-19
45.585938,80,2179,2179,27,20,-19,-14,-19
45.589844,80,2179,2179,27,20,-18,-14,-20
45.593750,80,2179,2179,27,20,-19,-14,-19
45.597656,80,2179,2179,27,20,-18,-14,-19
45.601562,79,2179,2179,28,21,-19,-14,-19
45.605469,79,2179,2179,28,21,-19,-14,-19
45.609375,79,2179,2179,28,21,-19,-14,-19
45.613281,79,2179,2179,28,21,-19,-14,-19
45.617188,79,2179,2179,29,21,-18,-14,-19
45.621094,79,2179,2179,30,21,-18,-14,-19
45.625000,80,2179,2179,30,21,-18,-13,-19
45.628906,80,2179,2179,31,21,-18,-14,-19
45.632812,80,2179,2179,31,21,-18,-14,-19
45.636719,81,2179,2179,33,21,-18,-14,-19
45.640625,81,2179,2179,34,21,-18,-14,-19
45.644531,81,2179,2179,35,21,-19,-14,-18
45.648438,81,2179,2179,37,21,-18,-14,-19
45.652344,81,2179,2179,39,21,-18,-15,-19
45.656250,81,2179,2179,40,21,-18,-14,-19
45.660156,81,2179,2179,41,21,-18,-14,-19
45.664062,81,2179,2179,42,20,-19,-14,-19
45.667969,81,2179,2179,43,21,-18,-14,-19
45.671875,81,2179,2179,45,21,-19,-14,-19
45.675781,81,2179,2179,46,21,-19,-14,-19
45.679688,81,2179,2179,48,20,-19,-14,-19
45.683594,80,2179,2179,50,20,-19,-14,-19
45.687500,81,2179,2179,52,20,-19,-14,-19
45.691406,81,2179,2179,54,20,-19,-14,-19
45.695312,80,2179,2179,56,20,-19,-14,-19
45.699219,80,2179,2179,57,20,-19,-14,-19
45.703125,80,2179,2179,58,20,-19,-14,-19
45.707031,80,2179,2179,58,20,-19,-14,-19
45.710938,80,2179,2179,59,20,-18,-14,-19
45.714844,80,2179,2179,60,20,-19,-14,-19
45.718750,79,2179,2179,61,20,-18,-14,-20
45.722656,79,2179,2179,63,20,-19,-14,-19
45.726562,79,2179,2179,64,20,-19,-14,-19
45.730469,79,2179,2179,66,20,-19,-14,-19
45.734375,78,2179,2179,68,20,-18,-14,-19
45.738281,78,2179,2179,69,20,-18,-14,-19
45.742188,79,2179,2179,70,20,-18,-13,-19
45.746094,79,2179,2179,70,20,-18,-14,-19
45.750000,78,2179,2179,72,20,-18,-14,-20
45.753906,79,2179,2179,73,20,-18,-14,-19
45.757812,79,2179,2179,74,20,-19,-14,-19
45.761719,78,2179,2179,75,20,-19,-14,-19
45.765625,78,2179,2179,77,20,-19,-14,-19
45.769531,78,2179,2179,79,21,-19,-14,-19
45.773438,78,2179,2179,79,20,-18,-14,-19
45.777344,78,2179,2179,80,20,-18,-14,-19
45.781250,78,2179,2179,80,20,-19,-14,-19
45.785156,78,2179,2179,81,21,-19,-14,-19
45.789062,78,2179,2179,81,21,-19,-14,-19
45.792969,79,2179,2179,81,21,-18,-14,-19
45.796875,79,2179,2179,82,21,-19,-14,-19
45.800781,78,2179,2179,83,21,-18,-14,-19
45.804688,78,2179,2179,84,21,-19,-14,-20
45.808594,78,2179,2179,85,21,-19,-14,-20
45.812500,78,2179,2179,85,21,-19,-14,-19
45.816406,78,2179,2179,86,21,-19,-14,-19
45.820312,78,2179,2179,87,21,-19,-14,-19
45.824219,78,2179,2179,87,21,-19,-14,-19
45.828125,78,2179,2179,88,20,-19,-14,-19
45.832031,78,2179,2179,88,20,-19,-14,-19
45.835938,78,2179,2179,90,21,-19,-14,-19
45.839844,78,2179,2179,91,21,-18,-14,-19
45.843750,78,2179,2179,91,20,-18,-14,-19
45.847656,78,2179,2179,93,20,-18,-14,-19
45.851562,77,2179,2179,94,21,-18,-14,-19
45.855469,77,2179,2179,95,21,-18,-14,-19
45.859375,77,2179,2179,95,21,-19,-14,-19
45.863281,77,2179,2179,96,21,-19,-14,-19
45.867188,77,2179,2179,96,21,-19,-14,-19
45.871094,77,2179,2179,97,21,-18,-14,-19
45.875000,77,2179,2179,97,21,-18,-14,-19
45.878906,77,2179,2179,97,20,-19,-14,-19
45.882812,77,2179,2179,96,20,-18,-14,-19
45.886719,77,2179,2179,97,20,-18,-14,-19
45.890625,77,2179,2179,97,20,-19,-14,-19
45.894531,77,2179,2179,97,20,-19,-14,-19
45.898438,78,2179,2179,97,20,-19,-14,-19
45.902344,77,2179,2179,98,20,-19,-14,-19
45.906250,77,2179,2179,99,20,-19,-14,-19
45.910156,77,2179,2179,99,20,-19,-14,-19
45.914062,77,2179,2179,100,20,-19,-14,-20
45.917969,77,2179,2179,100,20,-19,-14,-19
45.921875,77,2179,2179,101,20,-19,-14,-19
45.925781,77,2179,2179,100,20,-19,-14,-19
45.929688,77,2179,2179,101,20,-19,-14,-19
45.933594,76,2179,2179,101,20,-19,-14,-19
45.937500,76,2179,2179,101,20,-18,-14,-19
45.941406,76,2179,2179,102,20,-19,-14,-19
45.945312,76,2179,2179,102,20,-19,-14,-19
45.949219,75,2179,2179,102,20,-19,-14,-19
45.953125,75,2179,2179,103,20,-18,-14,-19
45.957031,75,2179,2179,104,20,-18,-14,-19
45.960938,75,2179,2179,104,20,-18,-14,-19
45.964844,75,2179,2179,104,20,-18,-14,-19
45.968750,75,2179,2179,105,21,-18,-14,-19
45.972656,75,2179,2179,105,21,-18,-14,-19
45.976562,75,2179,2179,105,21,-19,-14,-19
45.980469,75,2179,2179,105,21,-19,-13,-19
45.984375,75,2179,2179,106,20,-19,-14,-19
45.988281,75,2179,2179,106,21,-19,-14,-19
45.992188,75,2179,2179,106,21,-19,-14,-19
45.996094,75,2179,2179,106,20,-19,-13,-19
46.000000,75,2179,2179,106,20,-19,-14,-19
46.003906,75,2179,2179,106,20,-19,-14,-19
46.007812,75,2179,2179,107,20,-18,-14,-19
46.011719,75,2179,2179,107,20,-19,-14,-20
46.015625,75,2179,2179,107,20,-18,-14,-20
46.019531,75,2179,2179,108,20,-19,-14,-20
46.023438,75,2179,2179,108,21,-18,-14,-20
46.027344,75,2179,2179,108,20,-19,-13,-20
46.031250,75,2179,2179,108,21,-19,-14,-20
46.035156,75,2179,2179,109,21,-19,-14,-20
46.039062,75,2179,2179,109,21,-19,-14,-20
46.042969,75,2179,2179,109,21,-19,-14,-19
46.046875,75,2179,2179,109,21,-19,-14,-20
46.050781,74,2179,2179,110,21,-19,-14,-19
46.054688,74,2179,2179,110,21,-19,-14,-19
46.058594,74,2179,2179,111,21,-18,-14,-19
46.062500,74,2179,2179,111,21,-19,-14,-19
46.066406,74,2179,2179,111,20,-19,-14,-19
46.070312,74,2179,2179,112,21,-18,-14,-19
46.074219,74,2179,2179,112,21,-18,-14,-19
46.078125,74,2179,2179,112,21,-18,-14,-19
46.082031,74,2179,2179,111,20,-18,-13,-19
46.085938,74,2179,2179,112,21,-19,-14,-19
46.089844,74,2179,2179,112,21,-19,-14,-19
46.093750,74,2179,2179,111,20,-19,-14,-19
46.097656,74,2179,2179,111,20,-19,-14,-19
46.101562,74,2179,2179,112,20,-19,-14,-19
46.105469,74,2179,2179,112,20,-18,-14,-19
46.109375,74,2179,2179,112,20,-18,-14,-19
46.113281,74,2179,2179,112,19,-19,-14,-19
46.117188,74,2179,2179,113,19,-19,-14,-20
46.121094,74,2179,2179,113,20,-19,-14,-20
46.125000,75,2179,2179,113,20,-19,-14,-20
46.128906,74,2179,2179,113,19,-19,-14,-19
46.132812,74,2179,2179,113,20,-19,-14,-20
46.136719,74,2179,2179,113,20,-19,-14,-20
46.140625,74,2179,2179,114,20,-19,-14,-20
46.144531,75,2179,2179,114,20,-19,-14,-19
46.148438,74,2179,2179,115,20,-19,-14,-19
46.152344,74,2179,2179,116,21,-19,-14,-19
46.156250,74,2179,2179,116,21,-19,-14,-19
46.160156,74,2179,2179,116,21,-18,-14,-19
46.164062,74,2179,2179,116,20,-19,-14,-19
46.167969,73,2179,2179,116,21,-19,-14,-19
46.171875,73,2179,2179,116,21,-19,-14,-19
46.175781,72,2179,2179,116,21,-19,-14,-19
46.179688,72,2179,2179,117,21,-18,-14,-19
46.183594,72,2179,2179,117,21,-18,-14,-19
46.187500,72,2179,2179,118,21,-18,-14,-19
46.191406,73,2179,2179,118,21,-18,-14,-19
46.195312,73,2179,2179,118,20,-18,-14,-19
46.199219,73,2179,2179,118,21,-19,-14,-19
46.203125,73,2179,2179,118,21,-18,-14,-19
46.207031,73,2179,2179,118,21,-19,-14,-19
46.210938,74,2179,2179,117,21,-19,-14,-19
46.214844,74,2179,2179,117,20,-18,-14,-19
46.218750,74,2179,2179,118,21,-18,-14,-19
46.222656,74,2179,2179,118,21,-18,-14,-19
46.226562,74,2179,2179,118,20,-18,-14,-19
46.230469,75,2179,2179,118,20,-19,-14,-19
46.234375,75,2179,2179,119,20,-19,-14,-20
46.238281,75,2179,2179,119,21,-19,-14,-19
46.242188,75,2179,2179,120,21,-19,-14,-19
46.246094,75,2179,2179,120,20,-19,-14,-20
46.250000,74,2179,2179,120,20,-19,-14,-19
46.253906,74,2179,2179,120,21,-19,-14,-19
46.257812,74,2179,2179,121,21,-19,-14,-19
46.261719,74,2179,2179,120,20,-19,-14,-19
46.265625,74,2179,2179,120,20,-19,-14,-19
46.269531,74,2179,2179,120,21,-19,-14,-19
46.273438,74,2179,2179,120,21,-19,-14,-19
46.277344,75,2179,2179,120,20,-19,-13,-19
46.281250,75,2179,2179,120,20,-19,-14,-19
46.285156,75,2179,2179,121,20,-25,-14,-19
46.289062,75,2179,2179,122,21,-18,-14,-19
46.292969,75,2179,2179,123,20,-18,-14,-19
46.296875,75,2179,2179,123,20,-18,-14,-19
46.300781,75,2179,2179,124,20,-18,-14,-19
46.304688,76,2179,2179,123,20,-18,-14,-19
46.308594,76,2179,2179,123,20,-18,-13,-19
46.312500,76,2179,2179,123,20,-18,-14,-19
46.316406,76,2179,2179,123,20,-18,-14,-19
46.320312,76,2179,2179,123,20,-18,-14,-19
46.324219,77,2179,2179,123,20,-18,-13,-19
46.328125,77,2179,2179,123,20,-18,-14,-19
46.332031,77,2179,2179,123,20,-18,-14,-19
46.335938,77,2179,2179,123,20,-19,-14,-19
46.339844,77,2179,2179,124,20,-18,-14,-19
46.343750,78,2179,2179,124,20,-18,-14,-19
46.347656,78,2179,2179,124,20,-19,-14,-19
46.351562,78,2179,2179,125,21,-19,-14,-19
46.355469,78,2179,2179,125,21,-19,-14,-19
46.359375,78,2179,2179,126,21,-19,-14,-19
46.363281,78,2179,2179,126,21,-19,-14,-19
46.367188,78,2179,2179,126,20,-19,-14,-19
46.371094,78,2179,2179,127,21,-19,-14,-19
46.375000,78,2179,2179,127,21,-19,-14,-19
46.378906,78,2179,2179,127,20,-19,-14,-19
46.382812,78,2179,2179,127,20,-19,-14,-19
46.386719,78,2179,2179,128,21,-19,-14,-19
46.390625,78,2179,2179,128,21,-19,-14,-19
46.394531,78,2179,2179,128,20,-19,-14,-19
46.398438,78,2179,2179,128,20,-19,-14,-19
46.402344,78,2179,2179,128,21,-19,-14,-19
46.406250,78,2179,2179,128,21,-19,-14,-19
46.410156,78,2179,2179,128,21,-12,-14,-19
46.414062,78,2179,2179,128,20,-18,-14,-19
46.417969,77,2179,2179,128,20,-18,-14,-19
46.421875,77,2179,2179,129,21,-19,-14,-19
46.425781,77,2179,2179,129,21,-19,-14,-19
46.429688,77,2179,2179,129,21,-19,-13,-19
46.433594,77,2179,2179,130,20,-18,-14,-19
46.437500,78,2179,2179,130,21,-18,-14,-19
46.441406,78,2179,2179,130,21,-19,-14,-19
46.445312,78,2179,2179,129,21,-19,-14,-19
46.449219,78,2179,2179,129,21,-19,-14,-19
46.453125,78,2179,2179,130,21,-19,-14,-19
46.457031,78,2179,2179,130,20,-19,-14,-19
46.460938,78,2179,2179,130,20,-19,-14,-19
46.464844,77,2179,2179,130,20,-19,-14,-20
46.468750,77,2179,2179,130,20,-19,-14,-20
46.472656,77,2179,2179,131,20,-19,-14,-20
46.476562,77,2179,2179,130,20,-19,-14,-19
46.480469,77,2179,2179,131,20,-19,-14,-20
46.484375,77,2179,2179,131,20,-18,-14,-19
46.488281,77,2179,2179,132,21,-19,-14,-20
46.492188,77,2179,2179,133,21,-19,-14,-19
46.496094,77,2179,2179,133,21,-19,-14,-19
46.500000,77,2179,2179,133,21,-19,-14,-19
46.503906,77,2179,2179,134,21,-19,-14,-19
46.507812,77,2179,2179,134,21,-19,-14,-19
46.511719,76,2179,2179,133,20,-19,-14,-19
46.515625,76,2179,2179,133,20,-19,-14,-19
46.519531,76,2179,2179,133,21,-19,-14,-19
46.523438,76,2179,2179,133,21,-18,-14,-19
46.527344,76,2179,2179,132,20,-18,-14,-19
46.531250,76,2179,2179,133,20,-19,-13,-19
46.535156,76,2179,2179,133,20,-23,-13,-19
46.539062,76,2179,2179,133,20,-19,-14,-19
46.542969,76,2179,2179,133,20,-19,-14,-19
46.546875,76,2179,2179,133,20,-19,-13,-19
46.550781,75,2179,2179,133,20,-18,-14,-19
46.554688,76,2179,2179,133,20,-18,-14,-19
46.558594,76,2179,2179,133,20,-18,-14,-19
46.562500,76,2179,2179,133,20,-19,-14,-19
46.566406,76,2179,2179,133,20,-19,-14,-20
46.570312,76,2179,2179,133,20,-19,-14,-19
46.574219,76,2179,2179,134,20,-19,-14,-19
46.578125,76,2179,2179,134,20,-19,-14,-19
46.582031,76,2179,2179,135,20,-19,-14,-19
46.585938,76,2179,2179,136,21,-19,-14,-19
46.589844,75,2179,2179,136,21,-19,-14,-19
46.593750,76,2179,2179,136,21,-19,-14,-19
46.597656,76,2179,2179,136,21,-19,-14,-19
46.601562,75,2179,2179,136,21,-19,-14,-19
46.605469,75,2179,2179,136,21,-19,-14,-19
46.609375,76,2179,2179,137,21,-19,-14,-19
46.613281,76,2179,2179,137,21,-19,-14,-19
46.617188,75,2179,2179,137,21,-19,-13,-19
46.621094,75,2179,2179,138,21,-19,-14,-19
46.625000,75,2179,2179,138,21,-19,-13,-19
46.628906,75,2179,2179,138,21,-18,-13,-19
46.632812,75,2179,2179,138,21,-18,-13,-19
46.636719,75,2179,2179,137,21,-18,-14,-19
46.640625,75,2179,2179,137,21,-18,-13,-19
46.644531,75,2179,2179,136,21,-18,-13,-19
46.648438,74,2179,2179,136,21,-18,-13,-19
46.652344,74,2179,2179,136,21,-18,-13,-19
46.656250,74,2179,2179,136,21,-18,-14,-19
46.660156,74,2179,2179,136,20,-15,-14,-19
46.664062,74,2179,2179,136,20,-18,-14,-19
46.667969,74,2179,2179,137,20,-18,-14,-19
46.671875,74,2179,2179,138,20,-19,-14,-19
46.675781,75,2179,2179,138,20,-18,-14,-19
46.679688,75,2179,2179,138,20,-18,-14,-19
46.683594,74,2179,2179,138,20,-19,-14,-20
46.687500,74,2179,2179,138,20,-19,-14,-20
46.691406,74,2179,2179,138,20,-19,-14,-20
46.695312,74,2179,2179,137,19,-19,-14,-20
46.699219,74,2179,2179,137,20,-19,-14,-20
46.703125,74,2179,2179,138,20,-19,-14,-20
46.707031,73,2179,2179,138,20,-19,-14,-20
46.710938,73,2179,2179,138,20,-19,-14,-19
46.714844,72,2179,2179,138,20,-19,-14,-20
46.718750,71,2179,2179,139,20,-19,-14,-20
46.722656,71,2179,2179,139,20,-19,-14,-19
46.726562,71,2179,2179,139,20,-19,-14,-20
46.730469,70,2179,2179,139,20,-19,-14,-19
46.734375,69,2179,2179,139,20,-19,-14,-19
46.738281,69,2179,2179,139,20,-19,-14,-19
46.742188,69,2179,2179,139,20,-18,-13,-19
46.746094,69,2179,2179,139,20,-18,-14,-19
46.750000,68,2179,2179,139,20,-18,-14,-19
46.753906,68,2179,2179,139,20,-18,-14,-19
46.757812,68,2179,2179,139,20,-18,-14,-19
46.761719,68,2179,2179,139,20,-18,-14,-19
46.765625,67,2179,2179,139,20,-18,-14,-19
46.769531,66,2179,2179,140,20,-18,-13,-19
46.773438,66,2179,2179,141,20,-18,-13,-19
46.777344,65,2179,2179,141,20,-18,-14,-19
46.781250,64,2179,2179,141,20,-18,-14,-19
46.785156,63,2179,2179,141,20,-20,-13,-19
46.789062,61,2179,2179,142,21,-18,-14,-19
46.792969,61,2179,2179,141,22,-19,-14,-19
46.796875,59,2179,2179,141,21,-19,-14,-19
46.800781,57,2179,2179,141,21,-19,-14,-20
46.804688,55,2179,2179,141,21,-19,-14,-20
46.808594,54,2179,2179,141,21,-19,-14,-19
46.812500,52,2179,2179,140,21,-19,-14,-19
46.816406,49,2179,2179,140,21,-19,-14,-19
46.820312,47,2179,2179,140,21,-19,-14,-19
46.824219,45,2179,2179,140,21,-19,-14,-19
46.828125,42,2179,2179,140,21,-19,-14,-19
46.832031,39,2179,2179,140,21,-19,-14,-19
46.835938,36,2179,2179,140,21,-19,-14,-19
46.839844,34,2179,2179,140,21,-19,-14,-19
46.843750,31,2179,2179,137,21,-18,-14,-19
46.847656,29,2179,2179,132,20,-19,-14,-19
46.851562,27,2179,2179,124,21,-18,-14,-19
46.855469,25,2179,2179,112,21,-18,-14,-19
46.859375,23,2179,2179,96,21,-18,-14,-19
46.863281,21,2179,2179,77,20,-18,-13,-19
46.867188,20,2179,2179,59,20,-18,-14,-19
46.871094,19,2179,2179,45,20,-18,-14,-19
46.875000,18,2179,2179,34,20,-19,-14,-19
46.878906,17,2179,2179,27,20,-19,-14,-19
46.882812,15,2179,2179,26,20,-19,-14,-19
46.886719,15,2179,2179,27,20,-19,-14,-20
46.890625,14,2179,2179,29,21,-18,-14,-19
46.894531,13,2179,2179,31,20,-18,-14,-19
46.898438,13,2179,2179,31,20,-18,-14,-19
46.902344,12,2179,2179,31,20,-18,-14,-19
46.906250,11,2179,2179,29,20,-19,-14,-19
46.910156,10,2179,2179,26,20,-18,-14,-19
46.914062,9,2179,2179,24,20,-19,-14,-19
46.917969,9,2179,2179,24,20,-19,-14,-19
46.921875,8,2179,2179,24,21,-19,-14,-19
46.925781,8,2179,2179,24,20,-19,-14,-20
46.929688,7,2179,2179,25,20,-19,-14,-19
46.933594,7,2179,2179,26,20,-19,-14,-20
46.937500,6,2179,2179,27,20,-19,-14,-20
46.941406,6,2179,2179,28,20,-19,-14,-19
46.945312,6,2179,2179,27,20,-19,-14,-19
46.949219,5,2179,2179,27,20,-19,-14,-19
46.953125,5,2179,2179,27,20,-18,-14,-20
46.957031,5,2179,2179,27,20,-18,-14,-19
46.960938,5,2179,2179,27,20,-18,-14,-19
46.964844,5,2179,2179,26,20,-18,-14,-19
46.968750,4,2179,2179,27,20,-19,-14,-19
46.972656,4,2179,2179,26,21,-19,-14,-19
46.976562,4,2179,2179,26,20,-19,-14,-19
46.980469,4,2179,2179,26,20,-18,-14,-19
46.984375,4,2179,2179,26,20,-18,-14,-19
46.988281,4,2179,2179,26,21,-18,-14,-19
46.992188,4,2179,2179,26,21,-18,-14,-19
46.996094,4,2179,2179,26,20,-18,-14,-19
47.000000,3,2179,2179,27,20,-18,-14,-19
47.003906,3,2179,2179,27,21,-18,-14,-19
47.007812,3,2179,2179,27,21,-18,-14,-19
47.011719,2,2179,2179,27,20,-19,-14,-19
47.015625,3,2179,2179,27,20,-19,-14,-19
47.019531,2,2179,2179,27,21,-19,-14,-19
47.023438,2,2179,2179,26,21,-19,-14,-20
47.027344,2,2179,2179,26,21,-19,-14,-19
47.031250,2,2179,2179,26,21,-19,-14,-20
47.035156,2,2179,2179,26,21,-19,-14,-19
47.039062,2,2179,2179,26,21,-19,-14,-20
47.042969,2,2179,2179,26,20,-19,-14,-19
47.046875,2,2179,2179,26,21,-19,-14,-19
47.050781,2,2179,2179,26,21,-18,-14,-19
47.054688,2,2179,2179,26,21,-19,-14,-19
47.058594,2,2179,2179,26,21,-18,-14,-19
47.062500,2,2179,2179,26,21,-19,-14,-19
47.066406,2,2179,2179,26,20,-19,-14,-19
47.070312,2,2179,2179,26,21,-19,-14,-19
47.074219,2,2179,2179,27,21,-18,-14,-19
47.078125,2,2179,2179,27,20,-18,-14,-19
47.082031,3,2179,2179,27,20,-18,-14,-19
47.085938,3,2179,2179,27,21,-18,-14,-19
47.089844,3,2179,2179,27,21,-18,-14,-19
47.093750,3,2179,2179,27,20,-18,-14,-19
47.097656,3,2179,2179,26,20,-18,-14,-19
47.101562,3,2179,2179,26,20,-18,-14,-19
47.105469,3,2179,2179,26,20,-19,-14,-19
47.109375,3,2179,2179,25,20,-19,-14,-19
47.113281,4,2179,2179,25,20,-19,-14,-19
47.117188,4,2179,2179,25,20,-19,-14,-19
47.121094,4,2179,2179,25,20,-18,-14,-19
47.125000,5,2179,2179,25,20,-19,-14,-19
47.128906,5,2179,2179,25,20,-19,-14,-20
47.132812,5,2179,2179,26,20,-19,-14,-20
47.136719,5,2179,2179,26,20,-19,-14,-20
47.140625,5,2179,2179,26,20,-19,-14,-20
47.144531,5,2179,2179,26,20,-19,-14,-20
47.148438,5,2179,2179,25,20,-19,-14,-20
47.152344,5,2179,2179,26,21,-19,-14,-19
47.156250,5,2179,2179,26,21,-19,-14,-19
47.160156,5,2179,2179,26,20,-18,-14,-19
47.164062,5,2179,2179,26,20,-19,-14,-19
47.167969,5,2179,2179,26,19,-19,-14,-19
47.171875,5,2179,2179,26,21,-19,-14,-20
47.175781,5,2179,2179,26,20,-18,-14,-19
47.179688,5,2179,2179,26,20,-19,-14,-19
47.183594,4,2179,2179,26,20,-19,-14,-19
47.187500,4,2179,2179,26,20,-19,-14,-19
47.191406,4,2179,2179,26,21,-18,-14,-19
47.195312,4,2179,2179,26,20,-18,-14,-19
47.199219,4,2179,2179,26,20,-18,-14,-19
47.203125,3,2179,2179,26,21,-18,-14,-19
47.207031,3,2179,2179,26,21,-18,-14,-19
47.210938,4,2179,2179,26,21,-18,-14,-19
47.214844,4,2179,2179,26,21,-18,-14,-19
47.218750,3,2179,2179,26,21,-19,-14,-19
47.222656,3,2179,2179,26,21,-18,-14,-19
47.226562,3,2179,2179,26,21,-19,-14,-19
47.230469,3,2179,2179,26,21,-18,-14,-19
47.234375,3,2179,2179,26,21,-18,-14,-19
47.238281,3,2179,2179,26,21,-18,-14,-19
47.242188,4,2179,2179,26,21,-19,-14,-19
47.246094,3,2179,2179,26,21,-19,-14,-19
47.250000,3,2179,2179,26,21,-19,-14,-20
47.253906,3,2179,2179,26,21,-19,-14,-20
47.257812,4,2179,2179,26,21,-19,-14,-20
47.261719,4,2179,2179,26,21,-19,-14,-20
47.265625,4,2179,2179,26,21,-19,-14,-19
47.269531,3,2179,2179,26,21,-19,-14,-20
47.273438,3,2179,2179,26,21,-19,-14,-19
47.277344,4,2179,2179,26,20,-19,-14,-20
47.281250,4,2179,2179,26,20,-19,-14,-19
47.285156,3,2179,2179,26,20,-19,-14,-19
47.289062,3,2179,2179,26,20,-19,-14,-19
47.292969,4,2179,2179,25,20,-19,-14,-19
47.296875,4,2179,2179,25,20,-18,-14,-19
47.300781,4,2179,2179,27,20,-18,-14,-19
47.304688,5,2179,2179,26,20,-18,-14,-19
47.308594,5,2179,2179,26,20,-18,-14,-19
47.312500,6,2179,2179,25,20,-18,-14,-19
47.316406,6,2179,2179,25,20,-19,-14,-19
47.320312,6,2179,2179,26,21,-18,-14,-19
47.324219,6,2179,2179,26,21,-18,-14,-19
47.328125,6,2179,2179,26,20,-18,-14,-19
47.332031,6,2179,2179,26,20,-18,-14,-19
47.335938,6,2179,2179,26,20,-18,-14,-19
47.339844,6,2179,2179,26,20,-18,-14,-20
47.343750,7,2179,2179,26,20,-18,-14,-19
47.347656,7,2179,2179,26,20,-18,-14,-19
47.351562,7,2179,2179,26,20,-18,-14,-19
47.355469,7,2179,2179,26,20,-18,-14,-19
47.359375,7,2179,2179,26,20,-18,-14,-19
47.363281,6,2179,2179,26,20,-19,-14,-19
47.367188,6,2179,2179,26,20,-19,-14,-19
47.371094,5,2179,2179,26,21,-19,-14,-20
47.375000,5,2179,2179,26,21,-19,-14,-19
47.378906,5,2179,2179,26,20,-19,-14,-20
47.382812,4,2179,2179,26,20,-19,-14,-19
47.386719,4,2179,2179,27,21,-19,-14,-20
47.390625,4,2179,2179,27,21,-19,-14,-19
47.394531,4,2179,2179,27,20,-19,-14,-19
47.398438,4,2179,2179,27,20,-19,-14,-19
47.402344,3,2179,2179,27,21,-19,-14,-19
47.406250,3,2179,2179,27,21,-19,-14,-19
47.410156,3,2179,2179,26,21,-19,-14,-19
47.414062,3,2179,2179,26,21,-19,-14,-19
47.417969,3,2179,2179,26,21,-19,-14,-19
47.421875,3,2179,2179,26,21,-18,-14,-19
47.425781,3,2179,2179,26,21,-18,-14,-19
47.429688,4,2179,2179,26,21,-18,-14,-19
47.433594,4,2179,2179,26,21,-18,-14,-19
47.437500,4,2179,2179,26,21,-18,-14,-19
47.441406,4,2179,2179,27,21,-18,-14,-19
47.445312,4,2179,2179,26,20,-18,-14,-19
47.449219,4,2179,2179,26,21,-18,-14,-19
47.453125,4,2179,2179,26,21,-18,-14,-21
47.457031,4,2179,2179,26,20,-18,-14,-19
47.460938,4,2179,2179,26,20,-18,-14,-19
47.464844,4,2179,2179,25,20,-18,-14,-19
47.468750,4,2179,2179,26,20,-19,-14,-19
47.472656,4,2179,2179,26,20,-19,-14,-19
47.476562,4,2179,2179,26,20,-19,-14,-19
47.480469,4,2179,2179,26,20,-19,-14,-19
47.484375,4,2179,2179,26,20,-19,-14,-19
47.488281,4,2179,2179,26,21,-19,-14,-20
47.492188,5,2179,2179,26,21,-19,-14,-19
47.496094,5,2179,2179,26,20,-19,-14,-19
47.500000,5,2179,2179,26,20,-19,-14,-19
47.503906,5,2179,2179,26,21,-19,-14,-19
47.507812,5,2179,2179,26,20,-18,-14,-19
47.511719,5,2179,2179,26,20,-19,-14,-19
47.515625,5,2179,2179,26,20,-19,-14,-19
47.519531,5,2179,2179,26,20,-19,-14,-19
47.523438,5,2179,2179,26,21,-18,-14,-19
47.527344,6,2179,2179,26,20,-19,-14,-19
47.531250,6,2179,2179,26,20,-19,-14,-19
47.535156,6,2179,2179,26,20,-19,-14,-19
47.539062,7,2179,2179,26,20,-19,-14,-19
47.542969,7,2179,2179,26,20,-18,-14,-19
47.546875,7,2179,2179,26,20,-19,-14,-19
47.550781,7,2179,2179,25,20,-18,-14,-19
47.554688,7,2179,2179,26,20,-18,-14,-19
47.558594,8,2179,2179,26,20,-18,-14,-19
47.562500,8,2179,2179,25,20,-18,-14,-19
47.566406,8,2179,2179,25,20,-18,-14,-19
47.570312,8,2179,2179,26,20,-18,-14,-19
47.574219,9,2179,2179,26,20,-18,-14,-19
47.578125,9,2179,2179,25,20,-18,-14,-18
47.582031,9,2179,2179,26,20,-19,-14,-19
47.585938,8,2179,2179,26,20,-19,-14,-19
47.589844,7,2179,2179,26,21,-19,-14,-19
47.593750,7,2179,2179,26,21,-19,-14,-19
47.597656,7,2179,2179,26,21,-19,-14,-19
47.601562,6,2179,2179,26,21,-19,-14,-19
47.605469,6,2179,2179,26,21,-19,-14,-20
47.609375,6,2179,2179,26,21,-19,-14,-19
47.613281,6,2179,2179,26,21,-19,-14,-20
47.617188,6,2179,2179,26,21,-19,-14,-19
47.621094,5,2179,2179,26,21,-18,-14,-19
47.625000,5,2179,2179,26,21,-18,-14,-19
47.628906,5,2179,2179,26,20,-18,-14,-19
47.632812,5,2179,2179,26,20,-18,-14,-19
47.636719,4,2179,2179,26,21,-18,-14,-19
47.640625,4,2179,2179,26,21,-18,-14,-19
47.644531,5,2179,2179,26,20,-18,-14,-19
47.648438,5,2179,2179,26,20,-18,-14,-19
47.652344,4,2179,2179,26,21,-19,-14,-19
47.656250,5,2179,2179,26,21,-18,-14,-19
47.660156,5,2179,2179,26,20,-18,-14,-19
47.664062,5,2179,2179,26,20,-18,-14,-19
47.667969,4,2179,2179,26,20,-18,-14,-19
47.671875,4,2179,2179,26,21,-18,-14,-19
47.675781,5,2179,2179,25,21,-18,-14,-19
47.679688,5,2179,2179,26,20,-19,-14,-19
47.683594,4,2179,2179,26,20,-19,-13,-19
47.687500,4,2179,2179,26,20,-19,-14,-19
47.691406,5,2179,2179,26,20,-19,-14,-20
47.695312,5,2179,2179,25,20,-19,-14,-20
47.699219,4,2179,2179,25,20,-19,-14,-20
47.703125,4,2179,2179,26,20,-19,-14,-19
47.707031,4,2179,2179,26,20,-19,-14,-19
47.710938,5,2179,2179,25,20,-19,-14,-19
47.714844,5,2179,2179,26,20,-19,-14,-19
47.718750,4,2179,2179,26,20,-19,-14,-19
47.722656,4,2179,2179,27,20,-18,-14,-20
47.726562,5,2179,2179,27,20,-19,-14,-20
47.730469,5,2179,2179,27,20,-19,-14,-20
47.734375,4,2179,2179,27,20,-19,-14,-20
47.738281,4,2179,2179,26,20,-19,-14,-19
47.742188,5,2179,2179,26,20,-19,-14,-19
47.746094,5,2179,2179,26,20,-19,-14,-19
47.750000,5,2179,2179,25,20,-19,-13,-19
47.753906,5,2179,2179,26,20,-19,-13,-19
47.757812,6,2179,2179,26,20,-18,-13,-19
47.761719,6,2179,2179,26,20,-18,-13,-19
47.765625,6,2179,2179,26,20,-19,-14,-19
47.769531,6,2179,2179,26,21,-19,-14,-19
47.773438,6,2179,2179,27,21,-18,-14,-19
47.777344,7,2179,2179,26,20,-18,-14,-19
47.781250,7,2179,2179,26,20,-18,-14,-19
47.785156,7,2179,2179,26,21,-18,-14,-19
47.789062,7,2179,2179,26,21,-18,-14,-19
47.792969,8,2179,2179,26,21,-18,-14,-19
47.796875,8,2179,2179,26,20,-18,-14,-19
47.800781,8,2179,2179,25,20,-18,-14,-19
47.804688,8,2179,2179,26,21,-19,-14,-20
47.808594,9,2179,2179,26,21,-19,-14,-19
47.812500,9,2179,2179,26,20,-19,-14,-20
47.816406,9,2179,2179,26,20,-19,-14,-19
47.820312,9,2179,2179,26,21,-19,-14,-20
47.824219,9,2179,2179,26,20,-19,-14,-19
47.828125,9,2179,2179,26,20,-19,-14,-19
47.832031,10,2179,2179,26,20,-19,-14,-19
47.835938,9,2179,2179,26,20,-19,-14,-19
47.839844,10,2179,2179,26,20,-18,-14,-19
47.843750,10,2179,2179,26,20,-18,-14,-19
47.847656,10,2179,2179,26,20,-18,-14,-19
47.851562,9,2179,2179,26,21,-18,-14,-19
47.855469,9,2179,2179,26,20,-18,-14,-19
47.859375,9,2179,2179,26,20,-18,-14,-19
47.863281,9,2179,2179,26,20,-18,-13,-19
47.867188,9,2179,2179,26,20,-18,-14,-19
47.871094,9,2179,2179,26,21,-18,-13,-19
47.875000,9,2179,2179,26,21,-19,-13,-19
47.878906,9,2179,2179,26,20,-19,-13,-19
47.882812,8,2179,2179,26,20,-19,-14,-19
47.886719,8,2179,2179,26,21,-19,-14,-19
47.890625,8,2179,2179,26,21,-19,-14,-19
47.894531,8,2179,2179,26,20,-19,-14,-19
47.898438,8,2179,2179,26,20,-19,-14,-19
47.902344,8,2179,2179,26,20,-19,-14,-19
47.906250,8,2179,2179,26,20,-19,-14,-19
47.910156,8,2179,2179,25,20,-19,-14,-19
47.914062,8,2179,2179,25,20,-19,-14,-19
47.917969,7,2179,2179,26,20,-19,-14,-19
47.921875,7,2179,2179,26,20,-18,-14,-19
47.925781,7,2179,2179,25,20,-19,-14,-19
47.929688,7,2179,2179,25,20,-19,-14,-19
47.933594,6,2179,2179,25,20,-19,-14,-19
47.937500,6,2179,2179,26,20,-19,-14,-19
47.941406,6,2179,2179,26,20,-19,-14,-19
47.945312,6,2179,2179,26,20,-19,-14,-19
47.949219,6,2179,2179,26,20,-19,-14,-19
47.953125,6,2179,2179,26,20,-19,-14,-19
47.957031,6,2179,2179,26,20,-19,-14,-19
47.960938,6,2179,2179,26,20,-19,-15,-19
47.964844,6,2179,2179,26,20,-19,-14,-19
47.968750,6,2179,2179,26,21,-19,-14,-19
47.972656,6,2179,2179,26,21,-18,-14,-19
47.976562,6,2179,2179,26,20,-18,-14,-19
47.980469,6,2179,2179,26,20,-18,-13,-19
47.984375,6,2179,2179,26,20,-18,-13,-19
47.988281,7,2179,2179,26,20,-18,-13,-19
47.992188,7,2179,2179,27,20,-18,-14,-19
47.996094,8,2179,2179,27,20,-18,-13,-19
48.000000,8,2179,2179,27,20,-18,-14,-19
48.003906,9,2179,2179,27,21,-18,-14,-19
48.007812,10,2179,2179,27,21,-18,-14,-20
48.011719,10,2179,2179,27,20,-18,-14,-19
48.015625,11,2179,2179,26,20,-18,-14,-19
48.019531,11,2179,2179,26,20,-18,-14,-19
48.023438,12,2179,2179,26,20,-19,-14,-19
48.027344,13,2179,2179,26,20,-19,-14,-19
48.031250,14,2179,2179,26,21,-19,-14,-19
48.035156,14,2179,2179,26,21,-19,-14,-19
48.039062,14,2179,2179,26,21,-19,-14,-19
48.042969,15,2179,2179,26,21,-19,-14,-20
48.046875,15,2179,2179,26,20,-19,-14,-20
48.050781,16,2179,2179,26,21,-19,-14,-19
48.054688,16,2179,2179,27,21,-19,-14,-19
48.058594,18,2179,2179,26,21,-19,-14,-20
48.062500,18,2179,2179,26,21,-19,-14,-19
48.066406,19,2179,2179,26,21,-19,-14,-19
48.070312,20,2179,2179,26,21,-19,-14,-19
48.074219,21,2179,2179,26,21,-18,-14,-19
48.078125,22,2179,2179,26,20,-18,-14,-19
48.082031,22,2179,2179,26,20,-19,-14,-19
48.085938,23,2179,2179,26,20,-18,-14,-19
48.089844,24,2179,2179,26,21,-18,-14,-19
48.093750,25,2179,2179,26,20,-18,-14,-19
48.097656,27,2179,2179,25,20,-18,-14,-19
48.101562,28,2179,2179,26,20,-18,-13,-19
48.105469,30,2179,2179,26,20,-18,-14,-19
48.109375,32,2179,2179,25,20,-18,-14,-19
48.113281,33,2179,2179,25,20,-18,-14,-19
48.117188,35,2179,2179,25,20,-19,-14,-19
48.121094,36,2179,2179,26,20,-19,-14,-19
48.125000,39,2179,2179,25,20,-19,-14,-19
48.128906,41,2179,2179,25,19,-19,-14,-19
48.132812,42,2179,2179,25,19,-19,-14,-19
48.136719,45,2179,2179,25,20,-18,-14,-19
48.140625,47,2179,2179,25,20,-19,-14,-20
48.144531,49,2179,2179,25,20,-19,-14,-20
48.148438,50,2179,2179,25,20,-19,-14,-20
48.152344,52,2179,2179,26,20,-19,-14,-20
48.156250,54,2179,2179,26,20,-19,-14,-20
48.160156,56,2179,2179,26,20,-18,-14,-19
48.164062,57,2179,2179,26,20,-19,-14,-19
48.167969,59,2179,2179,26,20,-19,-14,-19
48.171875,60,2179,2179,26,21,-19,-14,-19
48.175781,62,2179,2179,26,20,-19,-14,-19
48.179688,63,2179,2179,26,20,-19,-14,-19
48.183594,64,2179,2179,26,20,-19,-14,-19
48.187500,65,2179,2179,26,21,-18,-14,-19
48.191406,66,2179,2179,26,21,-19,-14,-19
48.195312,67,2179,2179,26,20,-18,-14,-19
48.199219,68,2179,2179,26,20,-18,-14,-19
48.203125,70,2179,2179,26,21,-18,-14,-19
48.207031,71,2179,2179,26,21,-18,-13,-19
48.210938,72,2179,2179,26,21,-18,-13,-19
48.214844,73,2179,2179,26,20,-18,-14,-19
48.218750,74,2179,2179,26,21,-18,-14,-19
48.222656,75,2179,2179,26,21,-18,-14,-19
48.226562,76,2179,2179,26,21,-19,-14,-19
48.230469,76,2179,2179,26,21,-19,-14,-19
48.234375,77,2179,2179,26,20,-19,-14,-19
48.238281,77,2179,2179,26,21,-19,-14,-19
48.242188,78,2179,2179,26,21,-18,-14,-19
48.246094,78,2179,2179,26,20,-19,-14,-19
48.250000,79,2179,2179,26,20,-19,-14,-19
48.253906,79,2179,2179,27,21,-19,-14,-20
48.257812,80,2179,2179,27,20,-19,-14,-20
48.261719,80,2179,2179,27,20,-19,-14,-19
48.265625,80,2179,2179,27,20,-19,-14,-19
48.269531,80,2179,2179,27,21,-19,-14,-19
48.273438,80,2179,2179,27,21,-19,-14,-19
48.277344,81,2179,2179,27,20,-19,-14,-19
48.281250,81,2179,2179,26,20,-19,-14,-19
48.285156,81,2179,2179,26,20,-19,-14,-19
48.289062,81,2179,2179,26,20,-19,-14,-19
48.292969,81,2179,2179,25,20,-19,-14,-19
48.296875,81,2179,2179,25,20,-19,-14,-19
48.300781,81,2179,2179,25,20,-19,-14,-19
48.304688,81,2179,2179,26,20,-19,-14,-19
48.308594,81,2179,2179,26,20,-19,-14,-19
48.312500,81,2179,2179,26,20,-18,-14,-19
48.316406,81,2179,2179,26,20,-18,-14,-19
48.320312,81,2179,2179,27,20,-18,-14,-19
48.324219,81,2179,2179,27,20,-18,-14,-19
48.328125,81,2179,2179,27,20,-18,-14,-19
48.332031,81,2179,2179,27,20,-18,-14,-19
48.335938,81,2179,2179,27,20,-18,-13,-19
48.339844,81,2179,2179,26,21,-18,-14,-19
48.343750,81,2179,2179,26,20,-19,-14,-19
48.347656,81,2179,2179,26,20,-19,-14,-19
48.351562,81,2179,2179,26,20,-19,-14,-19
48.355469,81,2179,2179,27,20,-18,-14,-19
48.359375,81,2179,2179,27,20,-18,-14,-19
48.363281,81,2179,2179,28,20,-19,-14,-19
48.367188,81,2179,2179,28,20,-19,-14,-19
48.371094,81,2179,2179,29,21,-19,-14,-20
48.375000,81,2179,2179,29,20,-19,-14,-19
48.378906,81,2179,2179,30,20,-19,-14,-19
48.382812,81,2179,2179,30,20,-19,-14,-19
48.386719,81,2179,2179,32,21,-19,-14,-19
48.390625,81,2179,2179,33,21,-19,-14,-19
48.394531,81,2179,2179,34,20,-19,-14,-19
48.398438,81,2179,2179,35,20,-19,-14,-19
48.402344,80,2179,2179,38,21,-19,-14,-19
48.406250,80,2179,2179,39,21,-19,-14,-19
48.410156,80,2179,2179,41,21,-19,-14,-19
48.414062,80,2179,2179,42,20,-19,-14,-19
48.417969,79,2179,2179,43,20,-19,-14,-19
48.421875,80,2179,2179,45,21,-18,-14,-19
48.425781,80,2179,2179,45,21,-18,-14,-19
48.429688,80,2179,2179,46,21,-18,-14,-19
48.433594,80,2179,2179,48,20,-18,-14,-19
48.437500,80,2179,2179,50,21,-18,-14,-19
48.441406,80,2179,2179,52,21,-18,-14,-19
48.445312,80,2179,2179,53,20,-18,-14,-19
48.449219,79,2179,2179,55,20,-18,-14,-19
48.453125,79,2179,2179,57,21,-18,-14,-19
48.457031,80,2179,2179,58,21,-18,-14,-19
48.460938,80,2179,2179,58,20,-18,-13,-19
48.464844,80,2179,2179,58,20,-19,-14,-19
48.468750,79,2179,2179,59,20,-25,-14,-19
48.472656,79,2179,2179,59,21,-19,-14,-19
48.476562,80,2179,2179,60,20,-19,-14,-19
48.480469,80,2179,2179,61,20,-19,-14,-20
48.484375,79,2179,2179,63,20,-19,-14,-20
48.488281,80,2179,2179,65,21,-19,-14,-19
48.492188,80,2179,2179,66,21,-19,-14,-19
48.496094,81,2179,2179,67,20,-19,-14,-19
48.500000,81,2179,2179,69,20,-19,-14,-19
48.503906,81,2179,2179,70,21,-19,-14,-19
48.507812,81,2179,2179,71,21,-19,-14,-20
48.511719,81,2179,2179,72,21,-19,-14,-19
48.515625,81,2179,2179,72,20,-19,-14,-20
48.519531,81,2179,2179,73,21,-19,-14,-19
48.523438,81,2179,2179,74,21,-19,-14,-19
48.527344,82,2179,2179,75,20,-19,-14,-19
48.531250,82,2179,2179,77,20,-19,-14,-19
48.535156,82,2179,2179,79,20,-18,-14,-19
48.539062,82,2179,2179,81,20,-18,-14,-19
48.542969,83,2179,2179,83,20,-18,-14,-19
48.546875,83,2179,2179,85,20,-18,-14,-19
48.550781,82,2179,2179,86,20,-18,-14,-19
48.554688,82,2179,2179,87,20,-19,-14,-19
48.558594,83,2179,2179,88,20,-18,-14,-19
48.562500,82,2179,2179,88,20,-18,-14,-19
48.566406,82,2179,2179,88,20,-18,-14,-19
48.570312,82,2179,2179,89,20,-18,-14,-19
48.574219,83,2179,2179,89,20,-18,-14,-19
48.578125,83,2179,2179,89,20,-18,-14,-19
48.582031,83,2179,2179,90,20,-19,-14,-19
48.585938,84,2179,2179,91,20,-18,-14,-19
48.589844,83,2179,2179,92,20,-19,-14,-19
48.593750,83,2179,2179,92,20,-12,-14,-19
48.597656,83,2179,2179,93,20,-19,-14,-19
48.601562,83,2179,2179,94,21,-19,-14,-19
48.605469,82,2179,2179,94,21,-19,-14,-19
48.609375,82,2179,2179,94,21,-19,-14,-20
48.613281,82,2179,2179,94,21,-19,-14,-20
48.617188,82,2179,2179,95,21,-19,-14,-19
48.621094,82,2179,2179,95,21,-19,-14,-19
48.625000,83,2179,2179,96,21,-19,-14,-19
48.628906,83,2179,2179,96,21,-19,-14,-19
48.632812,82,2179,2179,97,21,-19,-14,-19
48.636719,82,2179,2179,98,21,-19,-14,-19
48.640625,82,2179,2179,99,21,-18,-14,-19
48.644531,83,2179,2179,99,21,-18,-14,-19
48.648438,83,2179,2179,100,21,-18,-14,-19
48.652344,83,2179,2179,101,21,-18,-14,-19
48.656250,83,2179,2179,101,21,-18,-14,-19
48.660156,83,2179,2179,101,21,-18,-14,-19
48.664062,83,2179,2179,101,20,-19,-14,-19
48.667969,83,2179,2179,101,20,-19,-14,-19
48.671875,83,2179,2179,101,21,-19,-14,-19
48.675781,83,2179,2179,101,21,-19,-14,-19
48.679688,83,2179,2179,101,20,-19,-14,-19
48.683594,82,2179,2179,102,20,-19,-14,-19
48.687500,83,2179,2179,104,20,-19,-14,-19
48.691406,83,2179,2179,105,20,-19,-14,-19
48.695312,83,2179,2179,105,20,-18,-14,-19
48.699219,83,2179,2179,105,19,-19,-14,-19
48.703125,83,2179,2179,106,20,-19,-14,-19
48.707031,83,2179,2179,106,20,-19,-14,-19
48.710938,83,2179,2179,106,20,-19,-14,-19
48.714844,83,2179,2179,106,20,-19,-14,-19
48.718750,82,2179,2179,107,20,-24,-14,-19
48.722656,83,2179,2179,108,20,-19,-14,-19
48.726562,83,2179,2179,108,20,-19,-14,-20
48.730469,83,2179,2179,109,20,-19,-14,-19
48.734375,82,2179,2179,110,20,-19,-14,-20
48.738281,82,2179,2179,111,20,-19,-14,-19
48.742188,82,2179,2179,111,21,-19,-14,-19
48.746094,82,2179,2179,111,20,-19,-14,-19
48.750000,81,2179,2179,111,20,-19,-14,-19
48.753906,81,2179,2179,111,20,-19,-14,-19
48.757812,81,2179,2179,111,20,-18,-14,-19
48.761719,81,2179,2179,111,20,-18,-14,-19
48.765625,81,2179,2179,111,20,-18,-14,-19
48.769531,81,2179,2179,111,21,-18,-14,-19
48.773438,81,2179,2179,112,21,-18,-14,-19
48.777344,82,2179,2179,112,20,-18,-14,-19
48.781250,82,2179,2179,112,21,-18,-14,-19
48.785156,82,2179,2179,112,21,-18,-14,-19
48.789062,82,2179,2179,113,21,-18,-14,-19
48.792969,82,2179,2179,113,21,-18,-14,-19
48.796875,82,2179,2179,114,20,-18,-14,-19
48.800781,82,2179,2179,114,20,-18,-14,-19
48.804688,82,2179,2179,115,21,-18,-14,-19
48.808594,83,2179,2179,115,20,-18,-14,-19
48.812500,83,2179,2179,115,20,-19,-14,-19
48.816406,83,2179,2179,114,20,-19,-14,-19
48.820312,83,2179,2179,114,20,-19,-14,-19
48.824219,83,2179,2179,114,21,-19,-14,-19
48.828125,83,2179,2179,114,20,-19,-14,-19
48.832031,83,2179,2179,115,20,-19,-14,-19
48.835938,83,2179,2179,115,21,-19,-14,-19
48.839844,83,2179,2179,116,21,-19,-14,-19
48.843750,83,2179,2179,115,21,-15,-14,-19
48.847656,82,2179,2179,115,20,-19,-14,-19
48.851562,82,2179,2179,116,21,-19,-14,-19
48.855469,82,2179,2179,116,21,-19,-14,-19
48.859375,82,2179,2179,115,20,-19,-14,-19
48.863281,82,2179,2179,115,20,-18,-14,-19
48.867188,82,2179,2179,116,20,-18,-14,-19
48.871094,82,2179,2179,117,21,-18,-14,-19
48.875000,82,2179,2179,117,21,-18,-14,-19
48.878906,82,2179,2179,118,20,-18,-14,-19
48.882812,82,2179,2179,119,20,-18,-14,-19
48.886719,82,2179,2179,119,20,-18,-14,-19
48.890625,82,2179,2179,120,21,-18,-14,-19
48.894531,82,2179,2179,119,20,-19,-14,-19
48.898438,82,2179,2179,119,20,-18,-14,-19
48.902344,82,2179,2179,119,20,-19,-14,-19
48.906250,81,2179,2179,119,20,-18,-14,-19
48.910156,82,2179,2179,118,20,-19,-14,-19
48.914062,82,2179,2179,118,20,-19,-14,-19
48.917969,81,2179,2179,118,20,-19,-14,-19
48.921875,82,2179,2179,118,20,-19,-14,-19
48.925781,82,2179,2179,119,20,-19,-14,-19
48.929688,82,2179,2179,119,20,-19,-14,-19
48.933594,82,2179,2179,120,20,-19,-14,-19
48.937500,82,2179,2179,122,20,-19,-14,-19
48.941406,82,2179,2179,122,20,-19,-14,-19
48.945312,81,2179,2179,122,20,-19,-14,-19
48.949219,81,2179,2179,123,20,-19,-14,-19
48.953125,81,2179,2179,123,20,-19,-14,-19
48.957031,81,2179,2179,122,21,-19,-14,-19
48.960938,81,2179,2179,122,20,-19,-14,-19
48.964844,81,2179,2179,122,20,-19,-14,-19
48.968750,81,2179,2179,122,21,-20,-14,-19
48.972656,81,2179,2179,122,21,-19,-14,-19
48.976562,81,2179,2179,122,22,-18,-14,-19
48.980469,80,2179,2179,122,20,-18,-14,-19
48.984375,80,2179,2179,122,20,-18,-14,-19
48.988281,80,2179,2179,123,21,-18,-14,-19
48.992188,80,2179,2179,123,21,-18,-14,-19
48.996094,80,2179,2179,123,20,-18,-14,-19
49.000000,80,2179,2179,124,20,-18,-14,-19
49.003906,80,2179,2179,124,21,-19,-14,-19
49.007812,81,2179,2179,124,21,-19,-14,-19
49.011719,81,2179,2179,125,20,-19,-14,-19
49.015625,81,2179,2179,125,20,-19,-14,-19
49.019531,80,2179,2179,125,20,-18,-14,-19
49.023438,80,2179,2179,126,20,-18,-14,-19
49.027344,81,2179,2179,125,20,-18,-14,-19
49.031250,81,2179,2179,125,20,-19,-14,-19
49.035156,81,2179,2179,125,20,-19,-14,-19
49.039062,81,2179,2179,125,21,-19,-14,-20
49.042969,81,2179,2179,125,21,-19,-14,-19
49.046875,81,2179,2179,125,20,-19,-14,-20
49.050781,81,2179,2179,125,21,-19,-14,-19
49.054688,81,2179,2179,126,21,-19,-14,-19
49.058594,81,2179,2179,126,21,-19,-14,-19
49.062500,81,2179,2179,126,21,-19,-14,-19
49.066406,80,2179,2179,127,20,-19,-14,-19
49.070312,80,2179,2179,127,21,-19,-14,-19
49.074219,80,2179,2179,127,21,-19,-14,-19
49.078125,80,2179,2179,127,20,-19,-14,-19
49.082031,80,2179,2179,127,20,-19,-14,-19
49.085938,79,2179,2179,127,21,-19,-14,-19
49.089844,79,2179,2179,126,21,-19,-14,-19
49.093750,79,2179,2179,126,20,-17,-14,-19
49.097656,79,2179,2179,126,20,-18,-14,-19
49.101562,79,2179,2179,126,20,-18,-14,-19
49.105469,79,2179,2179,127,20,-18,-14,-19
49.109375,80,2179,2179,127,20,-18,-14,-19
49.113281,80,2179,2179,128,20,-18,-14,-19
49.117188,80,2179,2179,129,20,-19,-14,-19
49.121094,80,2179,2179,129,20,-19,-14,-19
49.125000,80,2179,2179,129,20,-19,-14,-19
49.128906,80,2179,2179,129,20,-19,-14,-19
49.132812,80,2179,2179,129,19,-18,-14,-19
49.136719,80,2179,2179,129,20,-18,-14,-19
49.140625,80,2179,2179,129,20,-18,-14,-19
49.144531,80,2179,2179,128,20,-18,-14,-20
49.148438,80,2179,2179,128,20,-19,-14,-20
49.152344,80,2179,2179,129,20,-19,-14,-20
49.156250,80,2179,2179,130,20,-19,-14,-20
49.160156,80,2179,2179,130,20,-19,-14,-20
49.164062,80,2179,2179,131,20,-19,-14,-20
49.167969,79,2179,2179,131,20,-19,-14,-20
49.171875,79,2179,2179,132,20,-19,-14,-19
49.175781,79,2179,2179,132,20,-19,-14,-19
49.179688,79,2179,2179,132,20,-19,-14,-19
49.183594,79,2179,2179,132,20,-19,-14,-19
49.187500,79,2179,2179,132,21,-19,-14,-19
49.191406,79,2179,2179,132,21,-19,-14,-19
49.195312,79,2179,2179,132,21,-19,-14,-19
49.199219,79,2179,2179,132,20,-19,-14,-19
49.203125,78,2179,2179,132,21,-18,-14,-19
49.207031,78,2179,2179,133,21,-18,-14,-19
49.210938,79,2179,2179,133,21,-18,-14,-19
49.214844,79,2179,2179,133,21,-18,-14,-19
49.218750,78,2179,2179,134,21,-19,-13,-19
49.222656,78,2179,2179,134,21,-18,-14,-19
49.226562,78,2179,2179,133,20,-18,-14,-19
49.230469,78,2179,2179,133,21,-19,-14,-19
49.234375,78,2179,2179,134,21,-19,-14,-19
49.238281,77,2179,2179,133,21,-19,-14,-19
49.242188,77,2179,2179,133,21,-18,-14,-19
49.246094,77,2179,2179,133,21,-19,-14,-19
49.250000,77,2179,2179,133,21,-19,-14,-19
49.253906,77,2179,2179,134,21,-19,-14,-19
49.257812,77,2179,2179,134,21,-18,-14,-19
49.261719,77,2179,2179,134,20,-19,-14,-19
49.265625,77,2179,2179,135,20,-19,-14,-19
49.269531,77,2179,2179,135,20,-19,-14,-19
49.273438,76,2179,2179,135,20,-19,-14,-19
49.277344,77,2179,2179,135,20,-19,-14,-20
49.281250,77,2179,2179,135,20,-19,-14,-19
49.285156,76,2179,2179,135,20,-19,-14,-19
49.289062,76,2179,2179,135,20,-19,-14,-20
49.292969,76,2179,2179,135,20,-19,-14,-20
49.296875,76,2179,2179,135,20,-19,-14,-20
49.300781,76,2179,2179,135,20,-19,-14,-19
49.304688,75,2179,2179,136,20,-19,-14,-19
49.308594,75,2179,2179,136,20,-19,-14,-19
49.312500,75,2179,2179,137,20,-19,-14,-19
49.316406,74,2179,2179,137,20,-19,-14,-19
49.320312,74,2179,2179,137,20,-18,-14,-19
49.324219,74,2179,2179,137,21,-19,-14,-19
49.328125,74,2179,2179,136,20,-18,-13,-19
49.332031,73,2179,2179,136,20,-18,-13,-19
49.335938,73,2179,2179,136,21,-18,-13,-19
49.339844,73,2179,2179,136,21,-18,-13,-19
49.343750,72,2179,2179,136,21,-18,-13,-19
49.347656,72,2179,2179,137,20,-18,-14,-19
49.351562,71,2179,2179,137,20,-18,-14,-19
49.355469,71,2179,2179,138,21,-18,-14,-19
49.359375,70,2179,2179,138,20,-18,-14,-19
49.363281,69,2179,2179,138,20,-19,-14,-19
49.367188,68,2179,2179,139,20,-18,-14,-19
49.371094,67,2179,2179,139,20,-19,-14,-19
49.375000,66,2179,2179,139,21,-19,-14,-19
49.378906,64,2179,2179,139,20,-19,-14,-19
49.382812,62,2179,2179,139,20,-19,-14,-19
49.386719,61,2179,2179,139,21,-19,-14,-19
49.390625,59,2179,2179,139,21,-19,-14,-19
49.394531,57,2179,2179,138,21,-19,-14,-20
49.398438,56,2179,2179,138,21,-19,-14,-20
49.402344,53,2179,2179,138,21,-19,-14,-19
49.406250,51,2179,2179,138,21,-19,-14,-19
49.410156,49,2179,2179,138,21,-19,-14,-19
49.414062,46,2179,2179,138,21,-19,-14,-19
49.417969,43,2179,2179,139,21,-19,-14,-19
49.421875,40,2179,2179,139,21,-19,-14,-19
49.425781,38,2179,2179,138,21,-18,-14,-19
49.429688,35,2179,2179,137,21,-18,-14,-19
49.433594,33,2179,2179,134,21,-18,-14,-19
49.437500,30,2179,2179,130,21,-18,-14,-19
49.441406,29,2179,2179,124,21,-18,-14,-19
49.445312,27,2179,2179,114,21,-18,-14,-19
49.449219,25,2179,2179,102,20,-18,-14,-19
49.453125,23,2179,2179,87,21,-19,-14,-19
49.457031,22,2179,2179,71,21,-18,-14,-19
49.460938,22,2179,2179,54,21,-18,-14,-19
49.464844,21,2179,2179,41,20,-18,-14,-19
49.468750,20,2179,2179,31,20,-19,-14,-19
49.472656,19,2179,2179,25,20,-18,-14,-19
49.476562,19,2179,2179,22,20,-18,-14,-19
49.480469,18,2179,2179,23,20,-19,-14,-19
49.484375,18,2179,2179,26,20,-19,-14,-20
49.488281,17,2179,2179,27,20,-19,-14,-20
49.492188,16,2179,2179,29,20,-19,-14,-20
49.496094,16,2179,2179,29,20,-19,-14,-19
49.500000,15,2179,2179,28,20,-19,-14,-20
49.503906,15,2179,2179,27,20,-19,-14,-20
49.507812,15,2179,2179,26,20,-19,-14,-19
49.511719,15,2179,2179,25,20,-19,-14,-19
49.515625,15,2179,2179,25,20,-19,-14,-19
49.519531,14,2179,2179,26,20,-19,-14,-19
49.523438,14,2179,2179,26,20,-19,-14,-19
49.527344,14,2179,2179,26,20,-19,-14,-19
49.531250,14,2179,2179,26,20,-19,-14,-19
49.535156,13,2179,2179,26,20,-19,-14,-19
49.539062,13,2179,2179,26,20,-19,-14,-19
49.542969,13,2179,2179,25,20,-19,-14,-19
49.546875,13,2179,2179,25,20,-19,-14,-19
49.550781,12,2179,2179,25,20,-19,-14,-19
49.554688,12,2179,2179,25,20,-18,-14,-19
49.558594,12,2179,2179,26,20,-18,-14,-19
49.562500,12,2179,2179,26,20,-18,-14,-19
49.566406,11,2179,2179,26,20,-19,-14,-19
49.570312,11,2179,2179,27,21,-19,-14,-19
49.574219,11,2179,2179,27,21,-19,-14,-19
49.578125,11,2179,2179,26,20,-19,-14,-19
49.582031,11,2179,2179,26,20,-19,-14,-19
49.585938,11,2179,2179,26,21,-18,-13,-19
49.589844,11,2179,2179,26,21,-18,-13,-19
49.593750,11,2179,2179,26,20,-18,-14,-19
49.597656,11,2179,2179,26,20,-19,-14,-19
49.601562,10,2179,2179,26,20,-19,-14,-20
49.605469,10,2179,2179,26,20,-19,-14,-19
49.609375,10,2179,2179,26,21,-19,-14,-20
49.613281,9,2179,2179,26,20,-19,-14,-19
49.617188,9,2179,2179,26,21,-19,-14,-20
49.621094,9,2179,2179,26,21,-19,-14,-20
49.625000,9,2179,2179,26,21,-19,-14,-20
49.628906,9,2179,2179,26,21,-19,-14,-20
49.632812,8,2179,2179,26,21,-19,-14,-20
49.636719,8,2179,2179,26,21,-19,-14,-21
49.640625,7,2179,2179,26,21,-19,-14,-19
49.644531,8,2179,2179,26,20,-19,-14,-19
49.648438,7,2179,2179,26,20,-18,-14,-19
49.652344,7,2179,2179,26,21,-18,-14,-19
49.656250,7,2179,2179,26,21,-18,-14,-19
49.660156,7,2179,2179,26,21,-18,-14,-19
49.664062,8,2179,2179,26,20,-18,-14,-19
49.667969,7,2179,2179,26,20,-18,-14,-19
49.671875,8,2179,2179,26,21,-18,-14,-19
49.675781,8,2179,2179,26,21,-18,-14,-19
49.679688,8,2179,2179,26,20,-19,-14,-19
49.683594,8,2179,2179,26,20,-19,-14,-19
49.687500,8,2179,2179,26,21,-19,-14,-19
49.691406,8,2179,2179,26,20,-19,-14,-19
49.695312,9,2179,2179,26,20,-19,-14,-19
49.699219,9,2179,2179,26,20,-19,-14,-19
49.703125,9,2179,2179,26,20,-18,-14,-19
49.707031,9,2179,2179,26,20,-18,-14,-19
49.710938,9,2179,2179,26,20,-18,-14,-20
49.714844,9,2179,2179,25,20,-18,-14,-19
49.718750,9,2179,2179,26,20,-19,-14,-19
49.722656,9,2179,2179,26,20,-19,-14,-19
49.726562,9,2179,2179,25,20,-19,-14,-19
49.730469,9,2179,2179,25,20,-19,-14,-19
49.734375,9,2179,2179,25,20,-19,-14,-19
49.738281,9,2179,2179,26,20,-19,-14,-19
49.742188,9,2179,2179,26,20,-19,-14,-19
49.746094,9,2179,2179,26,20,-19,-14,-19
49.750000,9,2179,2179,26,20,-19,-14,-19
49.753906,10,2179,2179,26,21,-19,-14,-19
49.757812,10,2179,2179,26,20,-19,-14,-19
49.761719,10,2179,2179,26,20,-19,-14,-18
49.765625,10,2179,2179,26,20,-18,-14,-19
49.769531,10,2179,2179,26,20,-18,-14,-19
49.773438,10,2179,2179,26,21,-18,-14,-19
49.777344,10,2179,2179,26,20,-18,-14,-19
49.781250,10,2179,2179,26,20,-18,-14,-19
49.785156,10,2179,2179,26,21,-19,-14,-19
49.789062,10,2179,2179,26,21,-19,-14,-19
49.792969,10,2179,2179,26,21,-18,-14,-19
49.796875,10,2179,2179,26,21,-19,-14,-19
49.800781,9,2179,2179,26,21,-19,-14,-19
49.804688,10,2179,2179,27,21,-19,-14,-19
49.808594,10,2179,2179,26,21,-19,-14,-19
49.812500,10,2179,2179,26,21,-19,-14,-19
49.816406,10,2179,2179,26,21,-18,-14,-19
49.820312,10,2179,2179,26,21,-19,-14,-19
49.824219,9,2179,2179,26,21,-19,-14,-19
49.828125,9,2179,2179,26,20,-19,-14,-19
49.832031,9,2179,2179,26,20,-19,-14,-19
49.835938,9,2179,2179,26,21,-19,-14,-19
49.839844,8,2179,2179,26,21,-19,-14,-19
49.843750,9,2179,2179,26,20,-19,-14,-19
49.847656,9,2179,2179,26,20,-19,-14,-19
49.851562,8,2179,2179,26,20,-19,-14,-19
49.855469,8,2179,2179,26,21,-19,-14,-19
49.859375,8,2179,2179,25,20,-19,-14,-19
49.863281,8,2179,2179,26,20,-19,-14,-19
49.867188,7,2179,2179,26,20,-19,-14,-19
49.871094,7,2179,2179,26,20,-19,-14,-19
49.875000,7,2179,2179,26,20,-19,-14,-19
49.878906,7,2179,2179,26,20,-19,-14,-19
49.882812,7,2179,2179,27,20,-19,-14,-19
49.886719,7,2179,2179,27,21,-18,-14,-18
49.890625,7,2179,2179,27,20,-18,-14,-19
49.894531,7,2179,2179,27,20,-18,-14,-19
49.898438,8,2179,2179,26,20,-18,-14,-19
49.902344,7,2179,2179,26,21,-18,-14,-19
49.906250,7,2179,2179,26,20,-18,-14,-19
49.910156,8,2179,2179,25,20,-19,-14,-19
49.914062,8,2179,2179,25,20,-19,-14,-19
49.917969,8,2179,2179,25,20,-19,-14,-19
49.921875,8,2179,2179,26,20,-19,-14,-19
49.925781,8,2179,2179,26,20,-18,-14,-19
49.929688,8,2179,2179,25,19,-19,-14,-19
49.933594,8,2179,2179,25,20,-19,-14,-20
49.937500,8,2179,2179,26,20,-19,-14,-19
49.941406,8,2179,2179,26,20,-19,-14,-20
49.945312,8,2179,2179,26,20,-19,-14,-19
49.949219,8,2179,2179,26,20,-19,-14,-20
49.953125,8,2179,2179,26,21,-19,-14,-19
49.957031,8,2179,2179,26,20,-19,-14,-19
49.960938,8,2179,2179,26,20,-19,-14,-19
49.964844,8,2179,2179,26,20,-19,-14,-19
49.968750,8,2179,2179,26,20,-19,-14,-19
49.972656,9,2179,2179,26,21,-19,-14,-19
49.976562,9,2179,2179,26,21,-19,-14,-19
49.980469,9,2179,2179,26,20,-19,-14,-19
49.984375,9,2179,2179,25,20,-18,-14,-19
49.988281,9,2179,2179,26,21,-18,-14,-19
49.992188,9,2179,2179,26,21,-18,-14,-19
49.996094,9,2179,2179,26,20,-18,-13,-19
50.000000,9,2179,2179,26,20,-18,-14,-19
50.003906,9,2179,2179,26,21,-18,-14,-19
50.007812,9,2179,2179,26,21,-18,-14,-19
50.011719,9,2179,2179,26,21,-18,-14,-18
50.015625,9,2179,2179,26,20,-18,-14,-19
50.019531,9,2179,2179,26,21,-19,-14,-19
50.023438,9,2179,2179,26,21,-18,-14,-19
50.027344,10,2179,2179,26,21,-18,-14,-19
50.031250,10,2179,2179,26,21,-19,-14,-19
50.035156,10,2179,2179,26,21,-19,-14,-19
50.039062,10,2179,2179,26,21,-19,-14,-19
50.042969,10,2179,2179,26,21,-19,-14,-19
50.046875,10,2179,2179,26,21,-19,-14,-19
50.050781,9,2179,2179,26,20,-19,-14,-19
50.054688,9,2179,2179,26,21,-19,-14,-19
50.058594,10,2179,2179,26,21,-19,-14,-20
50.062500,10,2179,2179,26,20,-19,-14,-19
50.066406,9,2179,2179,26,20,-19,-14,-20
50.070312,9,2179,2179,26,21,-19,-14,-19
50.074219,9,2179,2179,26,21,-19,-14,-19
50.078125,9,2179,2179,26,20,-19,-14,-19
50.082031,9,2179,2179,26,21,-19,-14,-19
50.085938,9,2179,2179,26,21,-19,-14,-19
50.089844,8,2179,2179,26,21,-19,-14,-19
50.093750,8,2179,2179,26,21,-19,-14,-19
50.097656,8,2179,2179,26,21,-19,-14,-19
50.101562,8,2179,2179,26,20,-19,-14,-19
50.105469,8,2179,2179,26,21,-19,-14,-19
50.109375,8,2179,2179,26,20,-19,-14,-19
50.113281,8,2179,2179,26,20,-19,-14,-19
50.117188,8,2179,2179,26,20,-19,-14,-19
50.121094,8,2179,2179,26,20,-18,-14,-19
50.125000,8,2179,2179,26,20,-18,-14,-19
50.128906,8,2179,2179,25,20,-18,-14,-19
50.132812,8,2179,2179,26,20,-19,-14,-19
50.136719,8,2179,2179,26,20,-18,-14,-19
50.140625,8,2179,2179,26,20,-18,-14,-19
50.144531,9,2179,2179,26,20,-19,-15,-19
50.148438,9,2179,2179,25,20,-19,-14,-19
50.152344,8,2179,2179,26,20,-18,-14,-19
50.156250,9,2179,2179,26,20,-19,-14,-19
50.160156,9,2179,2179,26,20,-19,-14,-20
50.164062,8,2179,2179,26,20,-18,-14,-19
50.167969,8,2179,2179,26,20,-19,-14,-20
50.171875,8,2179,2179,26,21,-19,-14,-19
50.175781,8,2179,2179,26,21,-19,-14,-20
50.179688,8,2179,2179,26,20,-19,-14,-19
50.183594,8,2179,2179,26,20,-19,-14,-19
50.187500,8,2179,2179,26,21,-19,-14,-19
50.191406,9,2179,2179,26,21,-19,-14,-19
50.195312,9,2179,2179,26,20,-19,-14,-19
50.199219,9,2179,2179,26,20,-19,-14,-19
50.203125,9,2179,2179,26,21,-19,-14,-19
50.207031,9,2179,2179,26,21,-18,-14,-19
50.210938,9,2179,2179,26,20,-18,-14,-19
50.214844,9,2179,2179,26,20,-18,-14,-19
50.218750,9,2179,2179,26,21,-19,-14,-19
50.222656,9,2179,2179,26,21,-18,-14,-19
50.226562,9,2179,2179,26,21,-18,-14,-19
50.230469,10,2179,2179,26,20,-18,-14,-19
50.234375,10,2179,2179,26,21,-18,-14,-19
50.238281,10,2179,2179,26,21,-18,-14,-19
50.242188,10,2179,2179,27,21,-18,-14,-19
50.246094,11,2179,2179,26,20,-19,-14,-19
50.250000,10,2179,2179,26,20,-18,-13,-19
50.253906,10,2179,2179,26,20,-18,-14,-19
50.257812,10,2179,2179,26,20,-18,-14,-19
50.261719,10,2179,2179,26,20,-18,-14,-19
50.265625,10,2179,2179,25,20,-18,-14,-19
50.269531,9,2179,2179,26,20,-19,-14,-19
50.273438,9,2179,2179,26,20,-18,-14,-19
50.277344,9,2179,2179,25,20,-19,-14,-19
50.281250,10,2179,2179,25,20,-19,-14,-19
50.285156,9,2179,2179,26,20,-19,-14,-20
50.289062,9,2179,2179,26,20,-19,-14,-20
50.292969,9,2179,2179,26,20,-19,-14,-20
50.296875,9,2179,2179,26,20,-19,-14,-20
50.300781,9,2179,2179,26,20,-19,-14,-19
50.304688,8,2179,2179,26,20,-19,-14,-19
50.308594,8,2179,2179,26,21,-19,-14,-19
50.312500,8,2179,2179,26,20,-19,-14,-19
50.316406,8,2179,2179,26,20,-19,-14,-19
50.320312,8,2179,2179,26,21,-19,-14,-19
50.324219,8,2179,2179,26,20,-18,-14,-19
50.328125,8,2179,2179,26,20,-18,-14,-19
50.332031,8,2179,2179,26,20,-18,-14,-19
50.335938,8,2179,2179,26,21,-18,-14,-19
50.339844,8,2179,2179,26,21,-18,-13,-19
50.343750,8,2179,2179,26,20,-18,-13,-19
50.347656,8,2179,2179,26,20,-18,-13,-19
50.351562,8,2179,2179,26,21,-18,-13,-19
50.355469,8,2179,2179,26,21,-18,-14,-19
50.359375,8,2179,2179,26,21,-18,-14,-19
50.363281,8,2179,2179,26,20,-18,-14,-19
50.367188,8,2179,2179,26,20,-18,-14,-19
50.371094,8,2179,2179,26,21,-18,-14,-19
50.375000,8,2179,2179,26,21,-18,-14,-19
50.378906,8,2179,2179,26,20,-18,-14,-19
50.382812,8,2179,2179,26,21,-19,-14,-19
50.386719,8,2179,2179,26,21,-19,-14,-19
50.390625,8,2179,2179,26,21,-19,-14,-20
50.394531,9,2179,2179,26,20,-19,-13,-20
50.398438,9,2179,2179,26,21,-19,-14,-19
50.402344,8,2179,2179,26,21,-19,-14,-19
50.406250,8,2179,2179,26,21,-19,-14,-20
50.410156,9,2179,2179,26,20,-19,-14,-19
50.414062,9,2179,2179,26,20,-19,-14,-19
50.417969,9,2179,2179,26,21,-19,-14,-19
50.421875,9,2179,2179,26,21,-19,-14,-20
50.425781,9,2179,2179,26,21,-19,-14,-19
50.429688,9,2179,2179,26,21,-19,-14,-19
50.433594,9,2179,2179,26,21,-19,-14,-19
50.437500,9,2179,2179,26,21,-19,-14,-19
50.441406,9,2179,2179,27,21,-18,-14,-19
50.445312,10,2179,2179,26,21,-18,-14,-19
50.449219,10,2179,2179,26,21,-19,-14,-19
50.453125,10,2179,2179,27,21,-18,-14,-19
50.457031,10,2179,2179,27,21,-18,-14,-19
50.460938,11,2179,2179,26,21,-18,-14,-19
50.464844,11,2179,2179,26,21,-18,-14,-19
50.468750,11,2179,2179,26,21,-18,-14,-19
50.472656,11,2179,2179,26,21,-18,-14,-19
50.476562,12,2179,2179,26,21,-18,-14,-19
50.480469,12,2179,2179,26,20,-18,-14,-19
50.484375,12,2179,2179,26,20,-18,-14,-19
50.488281,11,2179,2179,26,21,-19,-14,-19
50.492188,12,2179,2179,26,21,-19,-14,-19
50.496094,12,2179,2179,26,20,-19,-14,-19
50.500000,11,2179,2179,26,20,-19,-14,-19
50.503906,11,2179,2179,26,21,-19,-14,-19
50.507812,12,2179,2179,26,21,-19,-14,-19
50.511719,11,2179,2179,26,20,-19,-14,-19
50.515625,11,2179,2179,26,20,-19,-14,-19
50.519531,11,2179,2179,26,20,-19,-14,-19
50.523438,11,2179,2179,26,20,-19,-14,-19
50.527344,11,2179,2179,25,20,-19,-14,-19
50.531250,11,2179,2179,26,20,-19,-14,-19
50.535156,10,2179,2179,26,20,-19,-14,-19
50.539062,10,2179,2179,26,20,-19,-14,-19
50.542969,10,2179,2179,26,20,-18,-14,-19
50.546875,10,2179,2179,26,20,-18,-14,-19
50.550781,9,2179,2179,26,20,-18,-13,-19
50.554688,9,2179,2179,26,20,-19,-13,-19
50.558594,9,2179,2179,26,20,-18,-13,-19
50.562500,9,2179,2179,26,20,-19,-13,-19
50.566406,9,2179,2179,26,20,-19,-14,-19
50.570312,9,2179,2179,26,20,-18,-14,-19
50.574219,9,2179,2179,26,20,-19,-14,-19
50.578125,9,2179,2179,26,20,-19,-14,-19
50.582031,9,2179,2179,26,20,-19,-14,-19
50.585938,9,2179,2179,26,20,-18,-14,-19
50.589844,9,2179,2179,26,21,-18,-14,-19
50.593750,9,2179,2179,26,20,-18,-14,-19
50.597656,9,2179,2179,26,20,-19,-13,-19
50.601562,8,2179,2179,26,20,-19,-13,-19
50.605469,8,2179,2179,26,21,-19,-14,-19
50.609375,8,2179,2179,26,21,-19,-14,-19
50.613281,8,2179,2179,26,21,-19,-14,-19
50.617188,8,2179,2179,26,21,-19,-14,-19
50.621094,8,2179,2179,26,21,-19,-14,-19
50.625000,8,2179,2179,26,21,-18,-14,-19
50.628906,8,2179,2179,26,21,-19,-14,-19
50.632812,8,2179,2179,26,21,-19,-14,-19
50.636719,8,2179,2179,26,21,-18,-14,-19
50.640625,8,2179,2179,26,21,-19,-14,-19
50.644531,8,2179,2179,26,21,-19,-13,-19
50.648438,8,2179,2179,26,20,-19,-14,-19
50.652344,8,2179,2179,26,21,-24,-14,-19
50.656250,8,2179,2179,26,21,-19,-14,-19
50.660156,8,2179,2179,26,20,-19,-14,-19
50.664062,8,2179,2179,26,20,-19,-14,-19
50.667969,8,2179,2179,26,20,-19,-13,-19
50.671875,9,2179,2179,26,21,-18,-14,-19
50.675781,9,2179,2179,26,21,-19,-14,-19
50.679688,9,2179,2179,26,20,-19,-14,-19
50.683594,9,2179,2179,26,20,-19,-14,-19
50.687500,9,2179,2179,26,20,-19,-14,-19
50.691406,10,2179,2179,26,21,-19,-14,-19
50.695312,10,2179,2179,26,20,-18,-14,-19
50.699219,11,2179,2179,26,20,-19,-14,-19
50.703125,11,2179,2179,26,20,-18,-14,-19
50.707031,12,2179,2179,26,20,-18,-14,-20
50.710938,13,2179,2179,26,20,-19,-14,-20
50.714844,13,2179,2179,25,20,-18,-14,-19
50.718750,13,2179,2179,26,20,-19,-14,-20
50.722656,14,2179,2179,26,20,-19,-14,-20
50.726562,15,2179,2179,25,20,-19,-14,-20
50.730469,15,2179,2179,25,20,-19,-14,-20
50.734375,16,2179,2179,25,20,-19,-14,-20
50.738281,17,2179,2179,26,20,-19,-14,-20
50.742188,18,2179,2179,26,20,-19,-14,-20
50.746094,19,2179,2179,26,20,-19,-14,-20
50.750000,19,2179,2179,25,20,-19,-14,-19
50.753906,20,2179,2179,26,20,-19,-14,-20
50.757812,21,2179,2179,26,20,-19,-14,-19
50.761719,22,2179,2179,26,20,-19,-14,-20
50.765625,22,2179,2179,26,20,-19,-14,-19
50.769531,23,2179,2179,26,21,-19,-13,-19
50.773438,24,2179,2179,26,21,-18,-14,-19
50.777344,26,2179,2179,26,21,-12,-14,-19
50.781250,27,2179,2179,26,21,-18,-14,-19
50.785156,28,2179,2179,26,21,-18,-14,-19
50.789062,29,2179,2179,26,21,-18,-14,-19
50.792969,31,2179,2179,26,21,-18,-14,-19
50.796875,33,2179,2179,26,20,-18,-13,-19
50.800781,34,2179,2179,26,20,-18,-13,-19
50.804688,36,2179,2179,26,21,-18,-14,-19
50.808594,39,2179,2179,26,21,-18,-14,-19
50.812500,41,2179,2179,26,20,-18,-13,-19
50.816406,43,2179,2179,26,20,-18,-14,-19
50.820312,45,2179,2179,26,21,-18,-14,-19
50.824219,47,2179,2179,26,21,-18,-14,-19
50.828125,49,2179,2179,26,20,-18,-14,-19
50.832031,50,2179,2179,26,20,-19,-14,-20
50.835938,52,2179,2179,26,20,-19,-14,-19
50.839844,53,2179,2179,26,20,-19,-14,-19
50.843750,56,2179,2179,26,20,-19,-14,-19
50.847656,57,2179,2179,26,20,-19,-14,-19
50.851562,58,2179,2179,26,20,-19,-14,-19
50.855469,59,2179,2179,26,21,-19,-14,-20
50.859375,61,2179,2179,26,21,-19,-14,-20
50.863281,61,2179,2179,26,20,-19,-14,-20
50.867188,62,2179,2179,26,20,-19,-14,-19
50.871094,62,2179,2179,26,21,-19,-14,-19
50.875000,63,2179,2179,26,21,-19,-14,-19
50.878906,64,2179,2179,26,20,-19,-14,-19
50.882812,64,2179,2179,26,20,-19,-14,-19
50.886719,65,2179,2179,26,21,-19,-14,-19
50.890625,65,2179,2179,26,21,-18,-14,-19
50.894531,67,2179,2179,26,21,-18,-13,-19
50.898438,67,2179,2179,26,20,-18,-13,-19
50.902344,68,2179,2179,26,21,-24,-13,-19
50.906250,68,2179,2179,26,21,-18,-13,-19
50.910156,69,2179,2179,26,20,-18,-14,-19
50.914062,70,2179,2179,26,20,-19,-14,-19
50.917969,70,2179,2179,26,20,-18,-14,-19
50.921875,71,2179,2179,26,21,-19,-14,-19
50.925781,72,2179,2179,26,21,-19,-14,-19
50.929688,73,2179,2179,26,20,-19,-14,-19
50.933594,73,2179,2179,26,20,-19,-14,-19
50.937500,74,2179,2179,26,20,-19,-14,-19
50.941406,75,2179,2179,26,20,-19,-14,-20
50.945312,75,2179,2179,26,20,-19,-14,-19
50.949219,76,2179,2179,26,20,-19,-14,-19
50.953125,76,2179,2179,26,20,-19,-14,-19
50.957031,77,2179,2179,26,20,-19,-14,-20
50.960938,77,2179,2179,26,20,-19,-14,-19
50.964844,78,2179,2179,26,20,-19,-14,-19
50.968750,78,2179,2179,27,21,-19,-14,-19
50.972656,78,2179,2179,28,21,-19,-14,-19
50.976562,79,2179,2179,28,21,-19,-14,-19
50.980469,79,2179,2179,28,21,-19,-14,-19
50.984375,79,2179,2179,28,21,-19,-14,-19
50.988281,79,2179,2179,28,21,-19,-14,-19
50.992188,80,2179,2179,28,21,-19,-14,-19
50.996094,80,2179,2179,28,21,-19,-14,-19
51.000000,80,2179,2179,27,21,-18,-14,-19
51.003906,80,2179,2179,27,21,-18,-14,-19
51.007812,81,2179,2179,27,21,-18,-14,-19
51.011719,81,2179,2179,26,21,-18,-14,-19
51.015625,81,2179,2179,26,21,-18,-14,-19
51.019531,81,2179,2179,26,21,-18,-13,-19
51.023438,81,2179,2179,27,21,-18,-14,-19
51.027344,82,2179,2179,27,20,-14,-14,-19
51.031250,82,2179,2179,28,20,-18,-13,-19
51.035156,82,2179,2179,28,21,-18,-13,-19
51.039062,82,2179,2179,29,21,-19,-13,-19
51.042969,83,2179,2179,29,21,-18,-13,-19
51.046875,83,2179,2179,28,20,-18,-13,-19
51.050781,83,2179,2179,28,20,-19,-14,-20
51.054688,83,2179,2179,28,21,-19,-14,-20
51.058594,84,2179,2179,28,21,-19,-14,-20
51.062500,83,2179,2179,28,21,-19,-14,-19
51.066406,83,2179,2179,28,20,-19,-14,-19
51.070312,84,2179,2179,28,21,-19,-14,-19
51.074219,83,2179,2179,29,21,-19,-14,-19
51.078125,84,2179,2179,29,20,-19,-14,-19
51.082031,84,2179,2179,30,20,-19,-14,-19
51.085938,84,2179,2179,31,20,-19,-14,-19
51.089844,84,2179,2179,32,20,-19,-14,-19
51.093750,84,2179,2179,33,20,-19,-14,-19
51.097656,84,2179,2179,34,20,-19,-14,-19
51.101562,84,2179,2179,35,20,-19,-14,-19
51.105469,84,2179,2179,36,20,-19,-14,-19
51.109375,84,2179,2179,37,20,-19,-14,-19
51.113281,84,2179,2179,38,20,-18,-14,-19
51.117188,84,2179,2179,40,20,-18,-14,-19
51.121094,84,2179,2179,42,20,-18,-14,-19
51.125000,84,2179,2179,45,20,-18,-14,-19
51.128906,84,2179,2179,47,20,-18,-14,-19
51.132812,83,2179,2179,49,20,-19,-14,-20
51.136719,83,2179,2179,50,20,-19,-14,-19
51.140625,83,2179,2179,51,20,-19,-14,-19
51.144531,83,2179,2179,52,20,-18,-14,-19
51.148438,82,2179,2179,52,20,-19,-14,-19
51.152344,82,2179,2179,53,20,-20,-14,-19
51.156250,82,2179,2179,54,20,-19,-14,-19
51.160156,82,2179,2179,55,21,-19,-14,-19
51.164062,82,2179,2179,55,20,-19,-14,-19
51.167969,81,2179,2179,57,20,-19,-14,-20
51.171875,81,2179,2179,58,20,-19,-14,-20
51.175781,81,2179,2179,59,21,-19,-14,-20
51.179688,81,2179,2179,60,20,-19,-14,-20
51.183594,81,2179,2179,61,21,-19,-14,-19
51.187500,80,2179,2179,62,21,-19,-14,-20
51.191406,81,2179,2179,64,21,-19,-14,-20
51.195312,81,2179,2179,65,20,-19,-14,-20
51.199219,80,2179,2179,67,20,-19,-14,-19
51.203125,80,2179,2179,70,21,-19,-14,-19
51.207031,80,2179,2179,72,21,-18,-14,-19
51.210938,81,2179,2179,73,21,-19,-14,-19
51.214844,80,2179,2179,75,21,-18,-14,-19
51.218750,80,2179,2179,77,21,-18,-14,-19
51.222656,80,2179,2179,78,21,-18,-13,-19
51.226562,80,2179,2179,78,21,-18,-14,-19
51.230469,80,2179,2179,79,21,-18,-13,-19
51.234375,79,2179,2179,79,21,-18,-13,-19
51.238281,79,2179,2179,80,21,-18,-13,-19
51.242188,80,2179,2179,80,21,-18,-13,-19
51.246094,80,2179,2179,80,21,-18,-13,-19
51.250000,79,2179,2179,80,20,-19,-14,-19
51.253906,79,2179,2179,81,21,-18,-14,-19
51.257812,80,2179,2179,81,21,-18,-14,-19
51.261719,80,2179,2179,81,20,-18,-14,-19
51.265625,80,2179,2179,81,20,-18,-14,-19
51.269531,80,2179,2179,81,20,-19,-14,-19
51.273438,80,2179,2179,82,20,-19,-14,-19
51.277344,81,2179,2179,83,20,-17,-14,-19
51.281250,81,2179,2179,84,20,-19,-14,-19
51.285156,80,2179,2179,86,20,-19,-14,-19
51.289062,80,2179,2179,88,20,-19,-14,-20
51.292969,81,2179,2179,89,20,-19,-14,-20
51.296875,81,2179,2179,90,20,-19,-14,-19
51.300781,80,2179,2179,90,20,-19,-14,-20
51.304688,80,2179,2179,90,20,-19,-14,-20
51.308594,80,2179,2179,90,20,-19,-14,-20
51.312500,80,2179,2179,90,20,-19,-14,-20
51.316406,79,2179,2179,91,20,-19,-14,-19
51.320312,79,2179,2179,91,20,-19,-14,-20
51.324219,78,2179,2179,92,21,-19,-14,-19
51.328125,78,2179,2179,93,20,-19,-14,-19
51.332031,78,2179,2179,94,20,-19,-14,-19
51.335938,78,2179,2179,94,20,-19,-14,-19
51.339844,78,2179,2179,95,21,-18,-14,-19
51.343750,78,2179,2179,95,20,-19,-14,-19
51.347656,78,2179,2179,96,20,-18,-14,-19
51.351562,78,2179,2179,97,20,-18,-14,-19
51.355469,78,2179,2179,98,21,-18,-14,-19
51.359375,78,2179,2179,99,21,-18,-13,-19
51.363281,77,2179,2179,99,20,-18,-13,-19
51.367188,77,2179,2179,100,20,-19,-13,-19
51.371094,76,2179,2179,100,21,-19,-13,-19
51.375000,77,2179,2179,101,21,-19,-13,-19
51.378906,77,2179,2179,100,20,-19,-13,-19
51.382812,78,2179,2179,101,20,-19,-13,-19
51.386719,78,2179,2179,101,21,-19,-14,-19
51.390625,78,2179,2179,102,21,-19,-14,-19
51.394531,78,2179,2179,102,20,-19,-14,-20
51.398438,78,2179,2179,103,20,-19,-14,-20
51.402344,78,2179,2179,104,21,-19,-14,-20
51.406250,78,2179,2179,104,21,-19,-14,-20
51.410156,78,2179,2179,104,20,-19,-14,-20
51.414062,78,2179,2179,104,20,-19,-14,-20
51.417969,78,2179,2179,104,20,-19,-14,-20
51.421875,78,2179,2179,104,21,-19,-14,-20
51.425781,78,2179,2179,104,21,-19,-14,-20
51.429688,78,2179,2179,104,20,-19,-14,-19
51.433594,78,2179,2179,105,20,-19,-14,-19
51.437500,78,2179,2179,106,21,-19,-14,-19
51.441406,78,2179,2179,107,21,-19,-14,-19
51.445312,78,2179,2179,107,21,-18,-14,-19
51.449219,78,2179,2179,108,21,-18,-14,-19
51.453125,78,2179,2179,108,21,-18,-14,-19
51.457031,78,2179,2179,108,21,-18,-14,-19
51.460938,78,2179,2179,107,20,-18,-14,-19
51.464844,78,2179,2179,107,20,-18,-14,-19
51.468750,78,2179,2179,108,21,-18,-14,-19
51.472656,79,2179,2179,108,21,-18,-14,-19
51.476562,79,2179,2179,108,21,-18,-14,-19
51.480469,79,2179,2179,108,20,-18,-13,-19
51.484375,79,2179,2179,108,20,-18,-13,-19
51.488281,79,2179,2179,109,20,-18,-14,-19
51.492188,80,2179,2179,109,21,-18,-14,-19
51.496094,80,2179,2179,108,20,-19,-14,-19
51.500000,80,2179,2179,109,20,-18,-14,-19
51.503906,79,2179,2179,110,21,-19,-14,-20
51.507812,80,2179,2179,110,21,-19,-14,-19
51.511719,80,2179,2179,111,20,-19,-14,-19
51.515625,80,2179,2179,111,20,-19,-14,-20
51.519531,80,2179,2179,112,21,-19,-14,-19
51.523438,80,2179,2179,113,21,-19,-14,-19
51.527344,80,2179,2179,113,20,-19,-14,-20
51.531250,80,2179,2179,112,20,-19,-14,-20
51.535156,80,2179,2179,112,19,-19,-14,-19
51.539062,80,2179,2179,112,21,-19,-14,-19
51.542969,80,2179,2179,112,21,-19,-14,-20
51.546875,79,2179,2179,112,20,-19,-14,-19
51.550781,79,2179,2179,113,20,-19,-14,-19
51.554688,79,2179,2179,114,20,-19,-14,-19
51.558594,79,2179,2179,115,20,-18,-14,-19
51.562500,79,2179,2179,115,20,-19,-14,-19
51.566406,79,2179,2179,115,20,-18,-14,-19
51.570312,79,2179,2179,116,20,-18,-14,-19
51.574219,78,2179,2179,116,21,-18,-14,-19
51.578125,79,2179,2179,115,20,-18,-13,-19
51.582031,79,2179,2179,115,20,-18,-14,-20
51.585938,78,2179,2179,115,21,-18,-14,-19
51.589844,78,2179,2179,116,21,-18,-14,-19
51.593750,79,2179,2179,116,20,-18,-14,-19
51.597656,79,2179,2179,117,20,-18,-14,-19
51.601562,78,2179,2179,118,20,-18,-14,-19
51.605469,78,2179,2179,118,21,-18,-14,-19
51.609375,78,2179,2179,118,21,-18,-14,-19
51.613281,78,2179,2179,119,20,-19,-14,-19
51.617188,78,2179,2179,119,20,-19,-14,-19
51.621094,78,2179,2179,119,21,-19,-14,-19
51.625000,78,2179,2179,119,21,-19,-14,-19
51.628906,78,2179,2179,118,21,-19,-14,-19
51.632812,79,2179,2179,119,21,-19,-14,-19
51.636719,78,2179,2179,119,21,-19,-14,-19
51.640625,78,2179,2179,119,21,-19,-14,-19
51.644531,79,2179,2179,119,21,-19,-14,-20
51.648438,79,2179,2179,119,20,-19,-14,-19
51.652344,78,2179,2179,120,21,-19,-14,-20
51.656250,78,2179,2179,120,21,-19,-14,-19
51.660156,78,2179,2179,119,20,-19,-14,-20
51.664062,78,2179,2179,120,21,-19,-14,-19
51.667969,77,2179,2179,121,20,-19,-14,-19
51.671875,78,2179,2179,121,21,-18,-14,-19
51.675781,78,2179,2179,121,21,-18,-14,-19
51.679688,78,2179,2179,121,20,-18,-14,-19
51.683594,78,2179,2179,121,20,-18,-14,-19
51.687500,78,2179,2179,122,21,-18,-14,-19
51.691406,78,2179,2179,121,20,-18,-14,-19
51.695312,78,2179,2179,121,20,-18,-14,-19
51.699219,78,2179,2179,121,20,-19,-14,-19
51.703125,78,2179,2179,121,20,-18,-14,-19
51.707031,79,2179,2179,121,20,-18,-14,-19
51.710938,79,2179,2179,120,20,-18,-14,-19
51.714844,79,2179,2179,121,20,-18,-14,-19
51.718750,79,2179,2179,121,20,-19,-14,-19
51.722656,79,2179,2179,122,20,-18,-14,-19
51.726562,79,2179,2179,122,20,-19,-14,-19
51.730469,79,2179,2179,122,20,-19,-14,-19
51.734375,79,2179,2179,123,20,-19,-14,-20
51.738281,79,2179,2179,123,20,-19,-14,-20
51.742188,79,2179,2179,124,21,-19,-14,-19
51.746094,79,2179,2179,123,20,-19,-14,-20
51.750000,79,2179,2179,123,20,-19,-14,-20
51.753906,79,2179,2179,124,21,-19,-14,-20
51.757812,79,2179,2179,124,21,-19,-14,-19
51.761719,79,2179,2179,124,20,-19,-14,-19
51.765625,79,2179,2179,124,20,-19,-14,-19
51.769531,79,2179,2179,124,21,-19,-14,-19
51.773438,79,2179,2179,125,21,-18,-14,-19
51.777344,79,2179,2179,125,21,-18,-14,-19
51.781250,79,2179,2179,125,20,-18,-14,-19
51.785156,79,2179,2179,126,20,-18,-14,-19
51.789062,79,2179,2179,127,21,-18,-14,-19
51.792969,79,2179,2179,128,21,-18,-14,-19
51.796875,79,2179,2179,127,21,-19,-14,-19
51.800781,79,2179,2179,127,20,-19,-14,-19
51.804688,80,2179,2179,127,21,-19,-14,-19
51.808594,80,2179,2179,127,21,-18,-14,-19
51.812500,80,2179,2179,126,21,-18,-14,-19
51.816406,80,2179,2179,126,20,-19,-14,-19
51.820312,80,2179,2179,127,21,-18,-14,-21
51.824219,80,2179,2179,127,21,-18,-14,-19
51.828125,80,2179,2179,127,21,-18,-14,-19
51.832031,80,2179,2179,127,20,-18,-14,-19
51.835938,80,2179,2179,128,21,-19,-14,-19
51.839844,80,2179,2179,129,21,-19,-14,-19
51.843750,81,2179,2179,129,20,-19,-14,-19
51.847656,80,2179,2179,129,20,-19,-14,-20
51.851562,80,2179,2179,130,21,-19,-14,-19
51.855469,80,2179,2179,130,21,-19,-14,-20
51.859375,80,2179,2179,130,21,-19,-14,-19
51.863281,80,2179,2179,129,21,-19,-14,-19
51.867188,79,2179,2179,129,21,-19,-14,-19
51.871094,79,2179,2179,129,21,-19,-14,-19
51.875000,79,2179,2179,129,21,-19,-14,-19
51.878906,79,2179,2179,129,20,-19,-14,-19
51.882812,79,2179,2179,129,21,-19,-14,-19
51.886719,79,2179,2179,129,21,-19,-14,-19
51.890625,78,2179,2179,129,21,-19,-14,-19
51.894531,79,2179,2179,129,20,-18,-14,-19
51.898438,78,2179,2179,129,20,-18,-14,-19
51.902344,78,2179,2179,129,21,-18,-14,-19
51.906250,78,2179,2179,129,21,-18,-14,-19
51.910156,79,2179,2179,129,20,-18,-14,-19
51.914062,79,2179,2179,129,20,-18,-14,-19
51.917969,79,2179,2179,129,20,-18,-14,-19
51.921875,79,2179,2179,130,21,-18,-14,-19
51.925781,79,2179,2179,131,20,-18,-14,-19
51.929688,79,2179,2179,130,20,-18,-14,-19
51.933594,79,2179,2179,131,20,-18,-14,-19
51.937500,79,2179,2179,131,20,-18,-14,-19
51.941406,79,2179,2179,131,20,-18,-14,-19
51.945312,79,2179,2179,131,20,-18,-14,-18
51.949219,80,2179,2179,131,20,-18,-14,-19
51.953125,79,2179,2179,131,20,-18,-14,-19
51.957031,79,2179,2179,131,21,-19,-14,-19
51.960938,79,2179,2179,131,20,-19,-14,-19
51.964844,79,2179,2179,131,20,-19,-14,-19
51.968750,78,2179,2179,132,20,-19,-14,-19
51.972656,78,2179,2179,132,21,-19,-14,-19
51.976562,78,2179,2179,132,21,-19,-14,-19
51.980469,78,2179,2179,132,20,-19,-14,-19
51.984375,77,2179,2179,133,20,-19,-14,-19
51.988281,76,2179,2179,133,20,-19,-14,-19
51.992188,76,2179,2179,134,21,-19,-14,-19
51.996094,76,2179,2179,133,20,-19,-14,-19
52.000000,75,2179,2179,133,20,-19,-14,-19
52.003906,75,2179,2179,134,21,-18,-14,-19
52.007812,75,2179,2179,133,21,-18,-14,-19
52.011719,75,2179,2179,133,20,-18,-14,-19
52.015625,75,2179,2179,133,21,-19,-14,-19
52.019531,74,2179,2179,134,21,-18,-14,-19
52.023438,74,2179,2179,134,21,-18,-14,-19
52.027344,74,2179,2179,134,20,-18,-14,-19
52.031250,75,2179,2179,134,20,-19,-14,-19
52.035156,74,2179,2179,135,20,-19,-14,-19
52.039062,74,2179,2179,135,21,-19,-14,-19
52.042969,74,2179,2179,134,21,-18,-14,-19
52.046875,73,2179,2179,134,20,-19,-14,-19
52.050781,73,2179,2179,135,20,-18,-14,-19
52.054688,72,2179,2179,136,21,-18,-14,-19
52.058594,73,2179,2179,136,21,-18,-14,-19
52.062500,73,2179,2179,136,20,-19,-14,-19
52.066406,72,2179,2179,136,20,-19,-14,-19
52.070312,72,2179,2179,137,21,-18,-14,-19
52.074219,72,2179,2179,136,21,-19,-14,-19
52.078125,73,2179,2179,136,20,-19,-14,-19
52.082031,72,2179,2179,135,21,-19,-14,-19
52.085938,71,2179,2179,135,21,-19,-14,-19
52.089844,71,2179,2179,135,21,-19,-14,-19
52.093750,71,2179,2179,135,21,-19,-14,-20
52.097656,70,2179,2179,135,20,-19,-14,-19
52.101562,70,2179,2179,136,20,-19,-14,-19
52.105469,69,2179,2179,136,21,-19,-14,-19
52.109375,69,2179,2179,136,20,-19,-14,-19
52.113281,69,2179,2179,136,20,-19,-14,-19
52.117188,68,2179,2179,136,20,-19,-14,-19
52.121094,68,2179,2179,137,20,-18,-14,-19
52.125000,67,2179,2179,137,20,-18,-14,-19
52.128906,67,2179,2179,137,20,-19,-14,-19
52.132812,66,2179,2179,137,20,-19,-14,-19
52.136719,65,2179,2179,138,20,-18,-14,-19
52.140625,65,2179,2179,138,20,-19,-14,-19
52.144531,64,2179,2179,138,20,-19,-14,-19
52.148438,64,2179,2179,137,20,-19,-14,-19
52.152344,62,2179,2179,138,20,-19,-14,-19
52.156250,62,2179,2179,138,20,-19,-14,-19
52.160156,61,2179,2179,137,20,-19,-14,-19
52.164062,59,2179,2179,138,20,-18,-14,-19
52.167969,58,2179,2179,138,20,-19,-14,-19
52.171875,56,2179,2179,139,20,-19,-14,-19
52.175781,55,2179,2179,140,20,-19,-14,-19
52.179688,54,2179,2179,139,20,-19,-14,-19
52.183594,52,2179,2179,139,20,-19,-14,-19
52.187500,50,2179,2179,140,21,-19,-14,-19
52.191406,49,2179,2179,139,21,-19,-14,-19
52.195312,47,2179,2179,139,20,-18,-14,-18
52.199219,45,2179,2179,139,21,-18,-14,-19
52.203125,42,2179,2179,138,21,-18,-14,-19
52.207031,40,2179,2179,138,21,-19,-14,-19
52.210938,38,2179,2179,136,21,-19,-14,-19
52.214844,36,2179,2179,134,21,-19,-14,-19
52.218750,33,2179,2179,132,21,-19,-14,-19
52.222656,31,2179,2179,129,21,-19,-14,-19
52.226562,29,2179,2179,124,21,-19,-14,-19
52.230469,28,2179,2179,117,21,-18,-14,-19
52.234375,26,2179,2179,107,21,-19,-14,-19
52.238281,25,2179,2179,94,21,-18,-14,-19
52.242188,24,2179,2179,79,21,-18,-14,-19
52.246094,23,2179,2179,63,21,-18,-14,-19
52.250000,21,2179,2179,48,21,-18,-14,-19
52.253906,21,2179,2179,36,21,-18,-14,-19
52.257812,20,2179,2179,27,21,-18,-14,-19
52.261719,19,2179,2179,23,21,-19,-14,-19
52.265625,19,2179,2179,22,21,-18,-14,-19
52.269531,18,2179,2179,24,21,-19,-14,-19
52.273438,17,2179,2179,27,21,-18,-14,-19
52.277344,17,2179,2179,28,20,-18,-14,-19
52.281250,16,2179,2179,29,20,-19,-14,-20
52.285156,15,2179,2179,29,19,-19,-14,-20
52.289062,14,2179,2179,27,20,-19,-14,-20
52.292969,14,2179,2179,25,20,-18,-14,-20
52.296875,13,2179,2179,24,20,-19,-14,-20
52.300781,12,2179,2179,24,20,-18,-14,-20
52.304688,12,2179,2179,24,20,-19,-14,-20
52.308594,11,2179,2179,25,20,-19,-14,-19
52.312500,11,2179,2179,26,20,-19,-14,-19
52.316406,10,2179,2179,26,20,-19,-14,-19
52.320312,10,2179,2179,27,20,-19,-14,-19
52.324219,9,2179,2179,27,20,-18,-14,-19
52.328125,9,2179,2179,26,20,-19,-15,-19
52.332031,9,2179,2179,26,20,-19,-14,-19
52.335938,8,2179,2179,26,21,-19,-14,-19
52.339844,7,2179,2179,26,21,-18,-14,-19
52.343750,8,2179,2179,25,20,-18,-14,-19
52.347656,7,2179,2179,26,20,-18,-13,-19
52.351562,7,2179,2179,26,20,-18,-13,-19
52.355469,7,2179,2179,26,21,-18,-13,-19
52.359375,7,2179,2179,26,21,-18,-13,-19
52.363281,7,2179,2179,26,20,-18,-13,-19
52.367188,7,2179,2179,26,20,-18,-14,-19
52.371094,6,2179,2179,26,21,-18,-14,-19
52.375000,7,2179,2179,26,21,-19,-14,-19
52.378906,7,2179,2179,26,20,-19,-14,-19
52.382812,7,2179,2179,26,20,-19,-14,-19
52.386719,7,2179,2179,26,20,-19,-14,-19
52.390625,7,2179,2179,26,20,-18,-14,-20
52.394531,8,2179,2179,26,20,-19,-14,-19
52.398438,8,2179,2179,26,20,-19,-14,-20
52.402344,7,2179,2179,26,21,-19,-14,-19
52.406250,7,2179,2179,26,21,-19,-14,-19
52.410156,7,2179,2179,26,21,-19,-14,-20
52.414062,6,2179,2179,26,21,-19,-14,-19
52.417969,6,2179,2179,26,20,-19,-14,-19
52.421875,6,2179,2179,26,21,-19,-14,-19
52.425781,6,2179,2179,27,21,-19,-14,-19
52.429688,6,2179,2179,26,21,-19,-14,-19
52.433594,6,2179,2179,26,21,-19,-14,-19
52.437500,6,2179,2179,26,21,-19,-14,-19
52.441406,6,2179,2179,26,21,-18,-14,-19
52.445312,6,2179,2179,26,21,-19,-14,-19
52.449219,6,2179,2179,26,20,-19,-14,-19
52.453125,6,2179,2179,26,21,-19,-14,-19
52.457031,6,2179,2179,26,21,-18,-13,-19
52.460938,6,2179,2179,26,20,-18,-14,-19
52.464844,6,2179,2179,26,20,-18,-14,-19
52.468750,6,2179,2179,26,20,-18,-14,-19
52.472656,6,2179,2179,26,21,-19,-14,-19
52.476562,6,2179,2179,26,21,-18,-14,-19
52.480469,7,2179,2179,26,20,-18,-14,-19
52.484375,6,2179,2179,26,20,-18,-14,-19
52.488281,6,2179,2179,26,21,-19,-14,-19
52.492188,6,2179,2179,26,21,-19,-14,-19
52.496094,6,2179,2179,26,20,-19,-14,-19
52.500000,6,2179,2179,26,20,-19,-14,-19
52.503906,6,2179,2179,26,20,-19,-14,-19
52.507812,6,2179,2179,26,20,-19,-14,-19
52.511719,7,2179,2179,26,20,-19,-14,-19
52.515625,6,2179,2179,26,20,-19,-14,-19
52.519531,6,2179,2179,26,20,-19,-14,-19
52.523438,6,2179,2179,26,20,-19,-14,-19
52.527344,6,2179,2179,26,20,-19,-14,-19
52.531250,5,2179,2179,25,20,-19,-14,-19
52.535156,5,2179,2179,26,20,-19,-14,-19
52.539062,5,2179,2179,26,20,-19,-14,-19
52.542969,5,2179,2179,26,20,-19,-14,-19
52.546875,5,2179,2179,26,20,-19,-14,-19
52.550781,5,2179,2179,25,20,-19,-14,-19
52.554688,5,2179,2179,26,20,-18,-14,-19
52.558594,5,2179,2179,26,20,-18,-14,-19
52.562500,5,2179,2179,25,20,-18,-14,-19
52.566406,5,2179,2179,25,20,-19,-14,-19
52.570312,5,2179,2179,26,20,-19,-14,-19
52.574219,5,2179,2179,26,20,-18,-14,-19
52.578125,5,2179,2179,26,20,-18,-13,-19
52.582031,5,2179,2179,26,20,-19,-13,-19
52.585938,5,2179,2179,26,20,-18,-14,-19
52.589844,5,2179,2179,26,20,-18,-14,-19
52.593750,5,2179,2179,26,20,-18,-14,-19
52.597656,6,2179,2179,26,20,-18,-14,-19
52.601562,6,2179,2179,26,20,-19,-14,-19
52.605469,6,2179,2179,26,21,-18,-14,-19
52.609375,6,2179,2179,26,21,-18,-14,-19
52.613281,7,2179,2179,26,20,-18,-14,-19
52.617188,7,2179,2179,26,20,-19,-14,-19
52.621094,7,2179,2179,26,20,-19,-14,-19
52.625000,7,2179,2179,26,21,-19,-14,-19
52.628906,7,2179,2179,26,20,-19,-14,-19
52.632812,7,2179,2179,26,20,-19,-14,-19
52.636719,7,2179,2179,26,21,-19,-14,-19
52.640625,7,2179,2179,26,21,-19,-14,-19
52.644531,7,2179,2179,26,21,-19,-14,-20
52.648438,7,2179,2179,26,21,-19,-14,-19
52.652344,7,2179,2179,26,21,-19,-14,-19
52.656250,8,2179,2179,26,21,-19,-14,-20
52.660156,8,2179,2179,26,21,-19,-14,-19
52.664062,8,2179,2179,26,20,-19,-14,-19
52.667969,8,2179,2179,26,20,-19,-14,-19
52.671875,8,2179,2179,26,21,-18,-14,-19
52.675781,8,2179,2179,26,21,-18,-14,-19
52.679688,9,2179,2179,26,20,-18,-14,-19
52.683594,9,2179,2179,26,20,-18,-14,-19
52.687500,9,2179,2179,26,20,-19,-14,-19
52.691406,10,2179,2179,26,20,-18,-14,-19
52.695312,10,2179,2179,26,20,-19,-14,-19
52.699219,10,2179,2179,26,20,-18,-14,-19
52.703125,10,2179,2179,26,20,-19,-13,-19
52.707031,9,2179,2179,26,20,-19,-14,-19
52.710938,9,2179,2179,26,20,-19,-14,-19
52.714844,9,2179,2179,26,20,-18,-14,-19
52.718750,9,2179,2179,26,20,-18,-14,-19
52.722656,8,2179,2179,26,20,-18,-14,-19
52.726562,9,2179,2179,25,20,-18,-14,-19
52.730469,10,2179,2179,25,20,-18,-14,-19
52.734375,10,2179,2179,25,20,-19,-14,-19
52.738281,10,2179,2179,26,20,-19,-14,-19
52.742188,10,2179,2179,25,20,-19,-14,-19
52.746094,10,2179,2179,25,20,-18,-14,-19
52.750000,9,2179,2179,25,20,-19,-14,-19
52.753906,8,2179,2179,26,20,-18,-14,-19
52.757812,8,2179,2179,26,20,-19,-14,-19
52.761719,8,2179,2179,26,20,-18,-14,-19
52.765625,8,2179,2179,26,20,-19,-14,-19
52.769531,7,2179,2179,26,20,-19,-14,-19
52.773438,7,2179,2179,26,21,-19,-14,-19
52.777344,7,2179,2179,26,20,-19,-14,-19
52.781250,7,2179,2179,26,20,-19,-14,-19
52.785156,6,2179,2179,27,21,-19,-14,-19
52.789062,6,2179,2179,26,21,-19,-14,-19
52.792969,6,2179,2179,26,21,-18,-14,-19
52.796875,6,2179,2179,26,21,-18,-14,-19
52.800781,5,2179,2179,26,21,-18,-14,-19
52.804688,5,2179,2179,27,21,-18,-14,-19
52.808594,5,2179,2179,26,21,-18,-14,-19
52.812500,5,2179,2179,26,21,-18,-14,-19
52.816406,5,2179,2179,26,21,-18,-14,-19
52.820312,5,2179,2179,26,21,-18,-14,-19
52.824219,4,2179,2179,26,21,-18,-14,-19
52.828125,5,2179,2179,26,20,-18,-13,-19
52.832031,5,2179,2179,26,20,-18,-14,-19
52.835938,4,2179,2179,26,20,-23,-14,-19
52.839844,4,2179,2179,26,20,-18,-14,-19
52.843750,4,2179,2179,26,20,-18,-14,-19
52.847656,4,2179,2179,26,20,-19,-14,-19
52.851562,4,2179,2179,26,20,-19,-14,-19
52.855469,4,2179,2179,26,20,-19,-14,-20
52.859375,4,2179,2179,26,20,-19,-14,-19
52.863281,4,2179,2179,26,20,-19,-14,-19
52.867188,4,2179,2179,26,20,-19,-14,-19
52.871094,4,2179,2179,26,20,-19,-14,-19
52.875000,4,2179,2179,26,21,-19,-14,-19
52.878906,4,2179,2179,26,20,-19,-14,-19
52.882812,5,2179,2179,26,20,-19,-14,-19
52.886719,4,2179,2179,26,21,-19,-14,-19
52.890625,4,2179,2179,26,21,-19,-14,-19
52.894531,5,2179,2179,26,20,-19,-14,-19
52.898438,5,2179,2179,26,20,-18,-14,-19
52.902344,4,2179,2179,26,21,-18,-14,-19
52.906250,4,2179,2179,26,21,-18,-14,-19
52.910156,5,2179,2179,26,21,-18,-14,-19
52.914062,5,2179,2179,26,20,-18,-14,-19
52.917969,5,2179,2179,26,20,-18,-14,-19
52.921875,5,2179,2179,26,20,-19,-14,-19
52.925781,5,2179,2179,26,20,-18,-14,-19
52.929688,6,2179,2179,25,20,-18,-14,-19
52.933594,5,2179,2179,26,20,-18,-14,-19
52.937500,5,2179,2179,26,20,-18,-14,-19
52.941406,6,2179,2179,26,20,-18,-14,-19
52.945312,6,2179,2179,25,20,-18,-14,-19
52.949219,6,2179,2179,25,20,-18,-14,-19
52.953125,5,2179,2179,26,20,-18,-14,-19
52.957031,6,2179,2179,26,20,-19,-14,-19
52.960938,6,2179,2179,26,20,-13,-14,-19
52.964844,6,2179,2179,26,20,-19,-14,-19
52.968750,6,2179,2179,26,20,-19,-14,-19
52.972656,6,2179,2179,26,20,-19,-14,-19
52.976562,7,2179,2179,26,20,-19,-14,-19
52.980469,7,2179,2179,26,20,-19,-14,-19
52.984375,6,2179,2179,26,20,-19,-14,-19
52.988281,6,2179,2179,26,21,-19,-14,-19
52.992188,6,2179,2179,26,21,-19,-14,-19
52.996094,6,2179,2179,26,20,-19,-14,-19
53.000000,5,2179,2179,26,20,-19,-14,-19
53.003906,5,2179,2179,26,21,-19,-14,-19
53.007812,4,2179,2179,26,21,-18,-14,-19
53.011719,4,2179,2179,26,20,-18,-13,-19
53.015625,4,2179,2179,26,21,-18,-14,-19
53.019531,4,2179,2179,26,21,-18,-14,-19
53.023438,4,2179,2179,26,21,-18,-14,-19
53.027344,5,2179,2179,26,20,-18,-14,-19
53.031250,5,2179,2179,26,20,-18,-14,-19
53.035156,5,2179,2179,26,20,-18,-14,-19
53.039062,5,2179,2179,26,21,-18,-14,-19
53.042969,5,2179,2179,26,21,-18,-14,-19
53.046875,5,2179,2179,26,20,-18,-14,-19
53.050781,5,2179,2179,26,20,-19,-14,-19
53.054688,5,2179,2179,26,21,-18,-14,-19
53.058594,5,2179,2179,26,20,-19,-14,-19
53.062500,5,2179,2179,26,20,-19,-14,-19
53.066406,5,2179,2179,26,20,-19,-14,-19
53.070312,5,2179,2179,26,20,-19,-14,-19
53.074219,5,2179,2179,26,21,-19,-14,-19
53.078125,5,2179,2179,26,20,-19,-14,-20
53.082031,6,2179,2179,26,20,-19,-14,-19
53.085938,5,2179,2179,26,21,-25,-14,-20
53.089844,5,2179,2179,26,21,-19,-14,-20
53.093750,6,2179,2179,26,20,-19,-14,-20
53.097656,6,2179,2179,26,20,-19,-14,-20
53.101562,5,2179,2179,26,20,-19,-14,-20
53.105469,6,2179,2179,26,21,-19,-14,-19
53.109375,6,2179,2179,26,20,-19,-14,-20
53.113281,6,2179,2179,26,20,-19,-14,-19
53.117188,6,2179,2179,25,20,-19,-14,-19
53.121094,6,2179,2179,26,20,-19,-14,-19
53.125000,6,2179,2179,26,20,-19,-14,-19
53.128906,7,2179,2179,25,20,-18,-14,-19
53.132812,7,2179,2179,25,20,-19,-14,-19
53.136719,7,2179,2179,26,20,-18,-14,-19
53.140625,7,2179,2179,25,20,-18,-14,-19
53.144531,8,2179,2179,25,20,-18,-14,-19
53.148438,8,2179,2179,25,20,-19,-14,-19
53.152344,7,2179,2179,26,20,-19,-14,-19
53.156250,7,2179,2179,26,20,-18,-14,-19
53.160156,7,2179,2179,26,20,-18,-14,-19
53.164062,7,2179,2179,26,20,-18,-14,-19
53.167969,7,2179,2179,26,20,-18,-14,-19
53.171875,7,2179,2179,26,20,-18,-14,-19
53.175781,7,2179,2179,26,21,-19,-14,-19
53.179688,7,2179,2179,26,20,-19,-14,-19
53.183594,7,2179,2179,26,20,-19,-14,-19
53.187500,7,2179,2179,26,21,-19,-14,-19
53.191406,7,2179,2179,26,20,-19,-14,-19
53.195312,7,2179,2179,26,20,-19,-14,-19
53.199219,7,2179,2179,26,20,-19,-14,-19
53.203125,6,2179,2179,26,21,-19,-14,-19
53.207031,6,2179,2179,26,21,-19,-14,-19
53.210938,7,2179,2179,26,21,-14,-14,-19
53.214844,6,2179,2179,26,21,-19,-14,-19
53.218750,6,2179,2179,26,21,-19,-14,-20
53.222656,6,2179,2179,26,21,-19,-14,-19
53.226562,6,2179,2179,26,21,-18,-14,-19
53.230469,6,2179,2179,26,20,-19,-14,-19
53.234375,5,2179,2179,26,21,-19,-14,-19
53.238281,5,2179,2179,26,21,-18,-14,-19
53.242188,5,2179,2179,26,21,-18,-14,-19
53.246094,5,2179,2179,26,21,-18,-14,-19
53.250000,4,2179,2179,26,20,-18,-14,-19
53.253906,4,2179,2179,26,21,-18,-14,-19
53.257812,4,2179,2179,26,21,-18,-14,-19
53.261719,4,2179,2179,26,20,-18,-14,-19
53.265625,4,2179,2179,26,20,-18,-13,-19
53.269531,4,2179,2179,26,20,-19,-14,-19
53.273438,4,2179,2179,26,20,-19,-14,-19
53.277344,4,2179,2179,26,20,-19,-14,-19
53.281250,4,2179,2179,25,20,-19,-14,-19
53.285156,4,2179,2179,26,20,-19,-14,-19
53.289062,4,2179,2179,26,20,-19,-14,-19
53.292969,4,2179,2179,26,20,-19,-14,-19
53.296875,4,2179,2179,25,20,-19,-14,-19
53.300781,4,2179,2179,25,20,-19,-14,-19
53.304688,3,2179,2179,26,20,-19,-14,-20
53.308594,3,2179,2179,26,20,-19,-14,-20
53.312500,3,2179,2179,26,20,-19,-14,-20
53.316406,2,2179,2179,26,20,-19,-14,-20
53.320312,3,2179,2179,26,21,-19,-14,-20
53.324219,2,2179,2179,26,21,-19,-14,-19
53.328125,3,2179,2179,26,20,-19,-14,-19
53.332031,3,2179,2179,26,20,-19,-14,-19
53.335938,3,2179,2179,26,21,-21,-14,-19
53.339844,3,2179,2179,26,21,-19,-14,-19
53.343750,3,2179,2179,26,21,-19,-14,-19
53.347656,3,2179,2179,26,21,-19,-14,-19
53.351562,3,2179,2179,26,21,-18,-14,-19
53.355469,3,2179,2179,26,21,-18,-14,-19
53.359375,3,2179,2179,26,21,-18,-13,-19
53.363281,3,2179,2179,26,20,-18,-13,-19
53.367188,3,2179,2179,26,20,-18,-13,-19
53.371094,3,2179,2179,26,20,-19,-14,-19
53.375000,4,2179,2179,26,21,-18,-14,-19
53.378906,4,2179,2179,26,20,-19,-14,-19
53.382812,4,2179,2179,26,20,-19,-14,-19
53.386719,4,2179,2179,26,21,-18,-14,-19
53.390625,4,2179,2179,26,21,-19,-14,-19
53.394531,4,2179,2179,26,20,-18,-14,-19
53.398438,4,2179,2179,26,20,-19,-14,-19
53.402344,3,2179,2179,26,21,-19,-14,-19
53.406250,4,2179,2179,26,21,-19,-14,-19
53.410156,4,2179,2179,26,21,-19,-14,-19
53.414062,4,2179,2179,26,20,-19,-14,-19
53.417969,4,2179,2179,26,20,-19,-14,-20
53.421875,4,2179,2179,26,21,-19,-14,-20
53.425781,4,2179,2179,26,21,-19,-14,-19
53.429688,4,2179,2179,26,21,-19,-14,-19
53.433594,4,2179,2179,26,21,-19,-14,-20
53.437500,3,2179,2179,26,21,-19,-14,-19
53.441406,4,2179,2179,26,21,-19,-14,-20
53.445312,4,2179,2179,26,21,-19,-14,-19
53.449219,4,2179,2179,26,20,-19,-14,-20
53.453125,4,2179,2179,26,21,-19,-14,-19
53.457031,4,2179,2179,26,21,-19,-14,-19
53.460938,4,2179,2179,26,20,-17,-13,-19
53.464844,4,2179,2179,26,20,-18,-13,-19
53.468750,4,2179,2179,26,21,-18,-14,-19
53.472656,5,2179,2179,26,21,-18,-14,-19
53.476562,5,2179,2179,26,21,-18,-14,-19
53.480469,6,2179,2179,26,20,-18,-14,-19
53.484375,6,2179,2179,26,20,-19,-14,-19
53.488281,6,2179,2179,26,21,-19,-14,-19
53.492188,6,2179,2179,26,21,-19,-14,-19
53.496094,6,2179,2179,26,20,-19,-14,-19
53.500000,6,2179,2179,26,20,-19,-14,-19
53.503906,7,2179,2179,26,20,-18,-14,-19
53.507812,7,2179,2179,26,20,-18,-14,-19
53.511719,8,2179,2179,26,20,-18,-14,-19
53.515625,8,2179,2179,26,20,-19,-14,-19
53.519531,8,2179,2179,26,20,-19,-14,-19
53.523438,9,2179,2179,26,20,-19,-14,-19
53.527344,9,2179,2179,25,20,-19,-14,-19
53.531250,9,2179,2179,25,20,-19,-14,-19
53.535156,9,2179,2179,26,20,-19,-14,-19
53.539062,10,2179,2179,26,20,-19,-14,-19
53.542969,10,2179,2179,26,20,-19,-14,-19
53.546875,11,2179,2179,26,20,-19,-14,-19
53.550781,11,2179,2179,25,20,-19,-14,-19
53.554688,11,2179,2179,26,20,-19,-14,-19
53.558594,12,2179,2179,26,20,-19,-14,-20
53.562500,12,2179,2179,26,20,-19,-14,-19
53.566406,13,2179,2179,25,20,-19,-14,-19
53.570312,12,2179,2179,26,20,-19,-14,-19
53.574219,13,2179,2179,26,20,-19,-14,-19
53.578125,14,2179,2179,26,20,-18,-14,-19
53.582031,14,2179,2179,26,20,-19,-14,-19
53.585938,15,2179,2179,26,20,-19,-14,-19
53.589844,15,2179,2179,26,20,-18,-14,-19
53.593750,16,2179,2179,26,20,-19,-14,-19
53.597656,16,2179,2179,26,20,-19,-14,-19
53.601562,17,2179,2179,26,20,-19,-14,-19
53.605469,17,2179,2179,27,21,-18,-14,-19
53.609375,18,2179,2179,26,21,-19,-14,-19
53.613281,19,2179,2179,26,20,-18,-14,-19
53.617188,20,2179,2179,26,21,-19,-14,-19
53.621094,21,2179,2179,26,21,-18,-14,-19
53.625000,22,2179,2179,26,21,-18,-14,-19
53.628906,23,2179,2179,26,21,-18,-14,-19
53.632812,24,2179,2179,26,21,-19,-14,-19
53.636719,25,2179,2179,26,21,-19,-14,-19
53.640625,27,2179,2179,26,21,-18,-14,-19
53.644531,29,2179,2179,26,21,-19,-14,-19
53.648438,30,2179,2179,26,21,-19,-14,-19
53.652344,31,2179,2179,26,21,-19,-14,-19
53.656250,33,2179,2179,26,21,-19,-14,-19
53.660156,35,2179,2179,26,21,-19,-14,-19
53.664062,37,2179,2179,26,21,-19,-14,-19
53.667969,39,2179,2179,26,20,-19,-14,-19
53.671875,42,2179,2179,26,21,-19,-14,-19
53.675781,44,2179,2179,26,21,-19,-14,-19
53.679688,46,2179,2179,26,20,-19,-14,-19
53.683594,48,2179,2179,26,20,-19,-14,-19
53.687500,50,2179,2179,26,20,-19,-14,-19
53.691406,53,2179,2179,26,20,-18,-14,-19
53.695312,54,2179,2179,26,20,-19,-13,-19
53.699219,56,2179,2179,25,20,-18,-13,-19
53.703125,57,2179,2179,26,20,-18,-13,-19
53.707031,58,2179,2179,26,20,-18,-14,-19
53.710938,59,2179,2179,26,20,-18,-14,-19
53.714844,59,2179,2179,26,20,-18,-14,-19
53.718750,60,2179,2179,26,19,-18,-14,-19
53.722656,60,2179,2179,26,20,-18,-13,-19
53.726562,62,2179,2179,26,20,-18,-14,-19
53.730469,62,2179,2179,25,20,-18,-14,-19
53.734375,63,2179,2179,26,20,-18,-14,-19
53.738281,64,2179,2179,26,20,-18,-14,-20
53.742188,65,2179,2179,26,20,-18,-14,-19
53.746094,65,2179,2179,26,20,-19,-14,-19
53.750000,66,2179,2179,25,20,-19,-14,-19
53.753906,66,2179,2179,26,20,-19,-14,-20
53.757812,66,2179,2179,26,20,-19,-14,-19
53.761719,67,2179,2179,26,20,-19,-14,-19
53.765625,67,2179,2179,26,20,-19,-14,-19
53.769531,67,2179,2179,26,21,-19,-14,-19
53.773438,67,2179,2179,26,21,-19,-14,-19
53.777344,67,2179,2179,26,20,-19,-14,-19
53.781250,68,2179,2179,26,20,-19,-14,-19
53.785156,67,2179,2179,26,21,-19,-14,-19
53.789062,68,2179,2179,26,21,-19,-14,-19
53.792969,68,2179,2179,26,21,-19,-14,-19
53.796875,68,2179,2179,26,20,-19,-14,-19
53.800781,69,2179,2179,26,20,-19,-14,-19
53.804688,69,2179,2179,26,21,-19,-14,-19
53.808594,70,2179,2179,26,21,-18,-14,-19
53.812500,70,2179,2179,26,20,-18,-14,-19
53.816406,71,2179,2179,26,20,-18,-14,-19
53.820312,71,2179,2179,26,21,-18,-14,-19
53.824219,72,2179,2179,26,21,-18,-14,-19
53.828125,73,2179,2179,26,20,-18,-14,-19
53.832031,73,2179,2179,26,20,-18,-14,-19
53.835938,73,2179,2179,26,21,-19,-14,-19
53.839844,74,2179,2179,26,20,-18,-14,-19
53.843750,75,2179,2179,26,20,-18,-14,-19
53.847656,75,2179,2179,26,20,-19,-14,-19
53.851562,76,2179,2179,26,20,-19,-14,-19
53.855469,76,2179,2179,26,21,-19,-14,-19
53.859375,76,2179,2179,26,21,-19,-14,-19
53.863281,76,2179,2179,26,20,-19,-14,-19
53.867188,76,2179,2179,26,20,-19,-14,-19
53.871094,76,2179,2179,26,21,-19,-14,-19
53.875000,77,2179,2179,26,21,-19,-14,-19
53.878906,77,2179,2179,26,20,-19,-14,-19
53.882812,77,2179,2179,26,20,-19,-14,-19
53.886719,77,2179,2179,26,21,-18,-14,-19
53.890625,76,2179,2179,26,21,-19,-14,-19
53.894531,76,2179,2179,26,20,-19,-14,-19
53.898438,76,2179,2179,26,20,-19,-14,-20
53.902344,76,2179,2179,26,20,-19,-14,-19
53.906250,75,2179,2179,26,20,-19,-14,-19
53.910156,75,2179,2179,26,20,-19,-14,-19
53.914062,76,2179,2179,26,20,-19,-14,-19
53.917969,76,2179,2179,26,20,-19,-14,-19
53.921875,76,2179,2179,26,20,-19,-14,-19
53.925781,77,2179,2179,27,20,-18,-14,-19
53.929688,77,2179,2179,27,20,-19,-14,-19
53.933594,76,2179,2179,27,20,-19,-14,-19
53.937500,76,2179,2179,28,20,-18,-14,-19
53.941406,77,2179,2179,28,20,-18,-14,-19
53.945312,77,2179,2179,29,20,-18,-14,-19
53.949219,78,2179,2179,29,20,-18,-13,-19
53.953125,78,2179,2179,30,21,-18,-14,-19
53.957031,78,2179,2179,30,20,-18,-14,-19
53.960938,79,2179,2179,31,20,-18,-14,-19
53.964844,79,2179,2179,32,20,-18,-14,-19
53.968750,79,2179,2179,34,20,-19,-14,-19
53.972656,78,2179,2179,36,20,-19,-14,-19
53.976562,79,2179,2179,39,20,-19,-14,-20
53.980469,79,2179,2179,40,20,-19,-14,-20
53.984375,79,2179,2179,42,20,-19,-14,-20
53.988281,79,2179,2179,44,21,-19,-14,-20
53.992188,79,2179,2179,45,20,-19,-14,-20
53.996094,79,2179,2179,46,20,-19,-14,-19
54.000000,79,2179,2179,47,20,-19,-14,-20
54.003906,79,2179,2179,48,21,-19,-14,-21
54.007812,79,2179,2179,48,21,-19,-14,-19
54.011719,79,2179,2179,49,20,-19,-14,-19
54.015625,79,2179,2179,50,20,-18,-14,-19
54.019531,79,2179,2179,52,21,-19,-13,-19
54.023438,78,2179,2179,54,21,-19,-13,-19
54.027344,79,2179,2179,55,21,-18,-13,-19
54.031250,79,2179,2179,57,21,-19,-13,-19
54.035156,78,2179,2179,59,21,-19,-14,-19
54.039062,78,2179,2179,60,21,-18,-13,-19
54.042969,79,2179,2179,61,21,-18,-14,-19
54.046875,79,2179,2179,62,21,-18,-13,-19
54.050781,78,2179,2179,62,21,-18,-14,-19
54.054688,78,2179,2179,63,21,-18,-14,-19
54.058594,79,2179,2179,63,21,-18,-14,-19
54.062500,79,2179,2179,63,21,-18,-14,-19
54.066406,79,2179,2179,64,21,-19,-14,-19
54.070312,78,2179,2179,66,21,-19,-14,-19
54.074219,78,2179,2179,67,21,-19,-14,-19
54.078125,79,2179,2179,68,20,-19,-14,-19
54.082031,79,2179,2179,69,20,-19,-14,-19
54.085938,79,2179,2179,71,20,-19,-14,-19
54.089844,79,2179,2179,71,21,-19,-14,-19
54.093750,79,2179,2179,72,20,-19,-14,-19
54.097656,79,2179,2179,73,20,-19,-14,-19
54.101562,79,2179,2179,74,20,-19,-14,-19
54.105469,79,2179,2179,76,21,-19,-14,-19
54.109375,79,2179,2179,78,20,-19,-14,-19
54.113281,79,2179,2179,79,20,-19,-14,-19
54.117188,78,2179,2179,81,20,-19,-14,-19
54.121094,78,2179,2179,82,20,-19,-14,-19
54.125000,78,2179,2179,82,20,-19,-14,-19
54.128906,78,2179,2179,82,20,-19,-14,-19
54.132812,78,2179,2179,82,20,-19,-14,-19
54.136719,77,2179,2179,83,20,-18,-14,-19
54.140625,77,2179,2179,83,20,-18,-14,-19
54.144531,77,2179,2179,83,20,-18,-14,-19
54.148438,77,2179,2179,83,20,-19,-14,-19
54.152344,77,2179,2179,85,20,-19,-14,-19
54.156250,77,2179,2179,86,21,-18,-14,-19
54.160156,78,2179,2179,86,20,-18,-14,-19
54.164062,78,2179,2179,87,20,-18,-14,-19
54.167969,78,2179,2179,87,20,-18,-14,-19
54.171875,78,2179,2179,88,21,-18,-14,-19
54.175781,78,2179,2179,89,21,-18,-14,-19
54.179688,78,2179,2179,90,20,-19,-14,-19
54.183594,78,2179,2179,91,20,-19,-14,-19
54.187500,78,2179,2179,93,20,-18,-14,-19
54.191406,78,2179,2179,94,20,-18,-14,-19
54.195312,78,2179,2179,94,20,-19,-14,-19
54.199219,78,2179,2179,94,20,-19,-14,-19
54.203125,78,2179,2179,94,21,-19,-14,-19
54.207031,78,2179,2179,93,21,-19,-14,-19
54.210938,79,2179,2179,93,20,-19,-14,-19
54.214844,79,2179,2179,93,20,-19,-14,-19
54.218750,78,2179,2179,94,20,-19,-14,-19
54.222656,78,2179,2179,95,21,-19,-14,-19
54.226562,78,2179,2179,96,21,-19,-14,-19
54.230469,78,2179,2179,98,21,-19,-14,-19
54.234375,78,2179,2179,99,21,-19,-14,-19
54.238281,77,2179,2179,100,21,-19,-14,-19
54.242188,78,2179,2179,100,21,-18,-14,-19
54.246094,77,2179,2179,100,21,-18,-14,-19
54.250000,77,2179,2179,99,20,-18,-14,-19
54.253906,77,2179,2179,100,21,-18,-14,-19
54.257812,77,2179,2179,100,21,-18,-13,-19
54.261719,78,2179,2179,100,20,-18,-14,-19
54.265625,77,2179,2179,100,20,-19,-13,-19
54.269531,77,2179,2179,101,21,-19,-14,-19
54.273438,77,2179,2179,102,21,-18,-14,-19
54.277344,77,2179,2179,103,20,-18,-14,-19
54.281250,77,2179,2179,103,20,-18,-14,-19
54.285156,77,2179,2179,104,20,-18,-14,-19
54.289062,77,2179,2179,104,20,-18,-14,-19
54.292969,78,2179,2179,104,20,-18,-14,-19
54.296875,78,2179,2179,104,20,-19,-14,-19
54.300781,78,2179,2179,104,19,-18,-14,-19
54.304688,78,2179,2179,104,20,-19,-14,-19
54.308594,78,2179,2179,104,20,-19,-14,-19
54.312500,78,2179,2179,104,20,-19,-14,-19
54.316406,78,2179,2179,104,20,-19,-14,-19
54.320312,77,2179,2179,105,20,-19,-14,-20
54.324219,78,2179,2179,106,20,-19,-14,-20
54.328125,78,2179,2179,106,20,-18,-14,-19
54.332031,78,2179,2179,106,20,-19,-14,-20
54.335938,78,2179,2179,107,21,-19,-14,-19
54.339844,78,2179,2179,108,21,-18,-14,-19
54.343750,78,2179,2179,108,21,-19,-14,-19
54.347656,78,2179,2179,108,20,-19,-14,-19
54.351562,78,2179,2179,108,20,-19,-14,-19
54.355469,78,2179,2179,109,21,-19,-14,-19
54.359375,78,2179,2179,110,20,-18,-14,-19
54.363281,78,2179,2179,110,20,-18,-14,-19
54.367188,78,2179,2179,111,20,-19,-14,-19
54.371094,78,2179,2179,111,20,-18,-14,-19
54.375000,78,2179,2179,112,21,-18,-14,-19
54.378906,78,2179,2179,112,20,-18,-14,-18
54.382812,78,2179,2179,112,20,-18,-14,-19
54.386719,78,2179,2179,112,21,-18,-14,-19
54.390625,78,2179,2179,112,21,-18,-14,-19
54.394531,79,2179,2179,112,21,-18,-14,-19
54.398438,79,2179,2179,112,20,-18,-14,-19
54.402344,79,2179,2179,113,21,-18,-14,-19
54.406250,79,2179,2179,113,21,-18,-14,-19
54.410156,80,2179,2179,113,21,-18,-14,-19
54.414062,80,2179,2179,114,20,-19,-14,-19
54.417969,79,2179,2179,114,20,-19,-14,-19
54.421875,79,2179,2179,115,21,-19,-14,-19
54.425781,80,2179,2179,115,21,-19,-14,-20
54.429688,80,2179,2179,115,21,-19,-14,-19
54.433594,79,2179,2179,116,21,-19,-14,-19
54.437500,79,2179,2179,116,21,-19,-14,-20
54.441406,79,2179,2179,117,21,-19,-14,-20
54.445312,79,2179,2179,116,21,-19,-14,-20
54.449219,79,2179,2179,116,20,-19,-14,-20
54.453125,79,2179,2179,117,21,-19,-14,-19
54.457031,79,2179,2179,116,21,-19,-14,-19
54.460938,79,2179,2179,116,20,-19,-14,-19
54.464844,78,2179,2179,115,20,-19,-14,-19
54.468750,78,2179,2179,115,20,-19,-14,-19
54.472656,78,2179,2179,115,20,-19,-14,-19
54.476562,78,2179,2179,115,20,-18,-14,-19
54.480469,78,2179,2179,116,20,-18,-13,-19
54.484375,77,2179,2179,117,20,-18,-13,-19
54.488281,77,2179,2179,118,21,-19,-14,-19
54.492188,78,2179,2179,118,21,-18,-13,-19
54.496094,77,2179,2179,118,20,-19,-14,-19
54.500000,77,2179,2179,118,20,-19,-14,-19
54.503906,77,2179,2179,119,20,-19,-14,-19
54.507812,77,2179,2179,119,20,-19,-14,-19
54.511719,78,2179,2179,119,20,-19,-15,-19
54.515625,78,2179,2179,119,20,-19,-14,-19
54.519531,77,2179,2179,119,20,-19,-14,-19
54.523438,77,2179,2179,119,20,-18,-14,-19
54.527344,78,2179,2179,119,20,-19,-14,-20
54.531250,78,2179,2179,119,20,-19,-14,-19
54.535156,77,2179,2179,119,20,-19,-14,-20
54.539062,77,2179,2179,119,20,-19,-14,-20
54.542969,77,2179,2179,119,20,-19,-14,-19
54.546875,77,2179,2179,119,20,-19,-14,-19
54.550781,77,2179,2179,119,20,-19,-14,-20
54.554688,77,2179,2179,120,20,-19,-14,-20
54.558594,77,2179,2179,120,20,-19,-14,-20
54.562500,77,2179,2179,120,20,-19,-14,-20
54.566406,77,2179,2179,121,20,-19,-14,-19
54.570312,76,2179,2179,121,20,-19,-14,-19
54.574219,76,2179,2179,121,21,-19,-14,-19
54.578125,76,2179,2179,121,20,-19,-14,-19
54.582031,76,2179,2179,121,20,-19,-14,-19
54.585938,76,2179,2179,122,21,-18,-13,-19
54.589844,76,2179,2179,122,21,-18,-14,-19
54.593750,77,2179,2179,122,21,-18,-13,-19
54.597656,76,2179,2179,123,21,-18,-13,-19
54.601562,76,2179,2179,123,20,-19,-13,-19
54.605469,76,2179,2179,124,21,-18,-13,-19
54.609375,76,2179,2179,124,21,-18,-14,-19
54.613281,76,2179,2179,124,20,-18,-14,-19
54.617188,76,2179,2179,124,21,-19,-14,-19
54.621094,76,2179,2179,124,21,-18,-14,-19
54.625000,77,2179,2179,123,21,-18,-14,-19
54.628906,77,2179,2179,123,20,-18,-14,-19
54.632812,77,2179,2179,123,20,-19,-14,-19
54.636719,78,2179,2179,123,21,-19,-15,-19
54.640625,78,2179,2179,123,21,-19,-14,-19
54.644531,78,2179,2179,124,21,-19,-14,-19
54.648438,77,2179,2179,124,20,-19,-14,-19
54.652344,77,2179,2179,125,21,-19,-14,-19
54.656250,77,2179,2179,125,21,-19,-14,-19
54.660156,77,2179,2179,125,21,-19,-14,-19
54.664062,77,2179,2179,125,21,-18,-14,-19
54.667969,77,2179,2179,126,21,-19,-14,-19
54.671875,77,2179,2179,126,21,-19,-14,-19
54.675781,77,2179,2179,126,21,-19,-14,-19
54.679688,77,2179,2179,126,21,-19,-14,-19
54.683594,76,2179,2179,126,21,-19,-14,-19
54.687500,76,2179,2179,127,21,-19,-14,-19
54.691406,76,2179,2179,127,21,-19,-14,-19
54.695312,76,2179,2179,127,20,-19,-14,-19
54.699219,77,2179,2179,127,20,-19,-14,-19
54.703125,76,2179,2179,128,21,-19,-14,-19
54.707031,77,2179,2179,128,20,-19,-14,-19
54.710938,77,2179,2179,127,20,-19,-14,-19
54.714844,77,2179,2179,127,20,-19,-14,-19
54.718750,77,2179,2179,127,20,-19,-14,-19
54.722656,77,2179,2179,127,20,-18,-14,-19
54.726562,77,2179,2179,127,20,-18,-14,-19
54.730469,77,2179,2179,126,20,-18,-14,-19
54.734375,77,2179,2179,127,20,-18,-14,-19
54.738281,77,2179,2179,127,20,-19,-14,-19
54.742188,77,2179,2179,127,20,-18,-14,-19
54.746094,77,2179,2179,127,20,-19,-13,-19
54.750000,77,2179,2179,126,19,-19,-14,-19
54.753906,77,2179,2179,127,20,-19,-14,-19
54.757812,77,2179,2179,127,20,-19,-14,-19
54.761719,78,2179,2179,127,20,-19,-13,-19
54.765625,78,2179,2179,128,20,-19,-14,-19
54.769531,77,2179,2179,129,20,-19,-14,-19
54.773438,77,2179,2179,129,21,-19,-14,-19
54.777344,77,2179,2179,129,20,-19,-14,-19
54.781250,77,2179,2179,129,21,-19,-14,-19
54.785156,76,2179,2179,130,21,-19,-14,-19
54.789062,76,2179,2179,130,21,-19,-14,-19
54.792969,76,2179,2179,130,21,-19,-14,-19
54.796875,76,2179,2179,129,21,-19,-14,-19
54.800781,76,2179,2179,129,21,-19,-14,-19
54.804688,76,2179,2179,130,21,-19,-13,-19
54.808594,76,2179,2179,129,21,-18,-13,-19
54.812500,76,2179,2179,129,21,-18,-14,-19
54.816406,76,2179,2179,130,21,-18,-14,-19
54.820312,75,2179,2179,130,21,-18,-13,-19
54.824219,75,2179,2179,131,21,-18,-13,-19
54.828125,76,2179,2179,131,20,-18,-13,-19
54.832031,76,2179,2179,131,20,-18,-13,-19
54.835938,75,2179,2179,132,21,-18,-13,-19
54.839844,75,2179,2179,132,21,-18,-14,-19
54.843750,75,2179,2179,131,21,-18,-14,-19
54.847656,75,2179,2179,131,20,-19,-14,-19
54.851562,75,2179,2179,132,20,-19,-14,-19
54.855469,75,2179,2179,132,21,-19,-14,-19
54.859375,76,2179,2179,132,20,-18,-14,-19
54.863281,76,2179,2179,132,20,-19,-14,-19
54.867188,76,2179,2179,132,20,-19,-14,-19
54.871094,75,2179,2179,132,20,-19,-14,-19
54.875000,76,2179,2179,133,21,-19,-14,-19
54.878906,76,2179,2179,132,20,-19,-14,-19
54.882812,76,2179,2179,132,20,-19,-14,-20
54.886719,76,2179,2179,133,20,-19,-13,-19
54.890625,76,2179,2179,133,21,-19,-14,-20
54.894531,76,2179,2179,133,20,-19,-14,-20
54.898438,76,2179,2179,133,20,-19,-14,-20
54.902344,75,2179,2179,133,20,-19,-14,-19
54.906250,75,2179,2179,134,21,-19,-14,-19
54.910156,75,2179,2179,133,21,-19,-14,-19
54.914062,75,2179,2179,133,20,-19,-14,-19
54.917969,74,2179,2179,133,20,-19,-14,-19
54.921875,75,2179,2179,133,21,-18,-14,-19
54.925781,75,2179,2179,134,21,-18,-14,-19
54.929688,75,2179,2179,133,20,-18,-14,-19
54.933594,75,2179,2179,134,20,-18,-14,-19
54.937500,75,2179,2179,135,21,-18,-14,-19
54.941406,75,2179,2179,135,21,-19,-14,-19
54.945312,75,2179,2179,135,20,-18,-13,-19
54.949219,75,2179,2179,135,20,-19,-13,-19
54.953125,75,2179,2179,135,21,-19,-13,-19
54.957031,75,2179,2179,135,21,-18,-13,-19
54.960938,75,2179,2179,134,20,-18,-13,-19
54.964844,75,2179,2179,134,20,-18,-14,-19
54.968750,75,2179,2179,134,20,-18,-14,-19
54.972656,76,2179,2179,134,20,-18,-14,-19
54.976562,76,2179,2179,135,20,-18,-14,-19
54.980469,75,2179,2179,135,20,-19,-14,-19
54.984375,75,2179,2179,136,20,-19,-14,-20
54.988281,74,2179,2179,137,20,-19,-14,-20
54.992188,74,2179,2179,137,20,-19,-14,-20
54.996094,74,2179,2179,136,20,-19,-14,-19
55.000000,73,2179,2179,136,20,-19,-14,-19
55.003906,73,2179,2179,136,21,-19,-14,-19
55.007812,73,2179,2179,135,21,-18,-14,-19
55.011719,73,2179,2179,135,20,-19,-13,-20
55.015625,73,2179,2179,135,20,-19,-14,-19
55.019531,72,2179,2179,136,21,-22,-14,-19
55.023438,71,2179,2179,137,21,-19,-14,-19
55.027344,71,2179,2179,137,21,-19,-14,-19
55.031250,71,2179,2179,138,20,-19,-14,-19
55.035156,70,2179,2179,138,21,-19,-14,-19
55.039062,70,2179,2179,138,21,-18,-14,-19
55.042969,70,2179,2179,138,21,-18,-14,-19
55.046875,70,2179,2179,137,20,-18,-14,-19
55.050781,70,2179,2179,137,20,-19,-14,-19
55.054688,69,2179,2179,138,21,-18,-14,-19
55.058594,69,2179,2179,138,21,-18,-14,-19
55.062500,69,2179,2179,138,20,-19,-14,-19
55.066406,68,2179,2179,138,21,-19,-14,-19
55.070312,67,2179,2179,139,21,-18,-14,-19
55.074219,67,2179,2179,139,21,-18,-14,-19
55.078125,67,2179,2179,139,20,-18,-14,-19
55.082031,66,2179,2179,139,20,-19,-14,-19
55.085938,66,2179,2179,139,21,-18,-14,-19
55.089844,65,2179,2179,139,20,-19,-14,-19
55.093750,64,2179,2179,139,20,-19,-14,-19
55.097656,63,2179,2179,140,20,-19,-14,-19
55.101562,62,2179,2179,140,20,-19,-14,-19
55.105469,61,2179,2179,140,20,-19,-14,-20
55.109375,61,2179,2179,139,20,-19,-14,-20
55.113281,60,2179,2179,139,20,-19,-14,-20
55.117188,58,2179,2179,139,20,-19,-14,-19
55.121094,57,2179,2179,139,20,-19,-14,-19
55.125000,56,2179,2179,139,20,-19,-14,-19
55.128906,55,2179,2179,139,20,-19,-14,-19
55.132812,53,2179,2179,139,20,-19,-14,-19
55.136719,51,2179,2179,140,20,-19,-14,-19
55.140625,49,2179,2179,140,20,-18,-14,-19
55.144531,48,2179,2179,140,20,-13,-14,-19
55.148438,46,2179,2179,140,20,-18,-14,-19
55.152344,43,2179,2179,139,20,-18,-14,-19
55.156250,41,2179,2179,139,20,-18,-14,-19
55.160156,39,2179,2179,138,20,-18,-13,-19
55.164062,37,2179,2179,138,20,-18,-13,-19
55.167969,34,2179,2179,136,20,-18,-14,-19
55.171875,32,2179,2179,134,21,-19,-14,-19
55.175781,30,2179,2179,130,21,-19,-13,-19
55.179688,27,2179,2179,122,20,-19,-14,-19
55.183594,25,2179,2179,110,20,-19,-14,-19
55.187500,24,2179,2179,95,20,-19,-14,-20
55.191406,22,2179,2179,78,20,-19,-14,-20
55.195312,22,2179,2179,61,20,-19,-13,-20
55.199219,21,2179,2179,46,20,-19,-14,-19
55.203125,20,2179,2179,36,21,-19,-14,-19
55.207031,19,2179,2179,29,21,-19,-14,-19
55.210938,19,2179,2179,26,20,-19,-14,-19
55.214844,18,2179,2179,26,20,-19,-14,-19
55.218750,17,2179,2179,28,20,-19,-14,-19
55.222656,15,2179,2179,29,21,-19,-14,-19
55.226562,15,2179,2179,30,21,-19,-14,-19
55.230469,14,2179,2179,29,20,-19,-14,-19
55.234375,12,2179,2179,28,21,-19,-14,-19
55.238281,12,2179,2179,27,21,-19,-14,-20
55.242188,11,2179,2179,25,21,-19,-14,-19
55.246094,10,2179,2179,24,21,-19,-14,-19
55.250000,9,2179,2179,24,21,-18,-14,-19
55.253906,9,2179,2179,25,21,-19,-14,-19
55.257812,9,2179,2179,26,21,-18,-14,-19
55.261719,8,2179,2179,27,21,-18,-13,-19
55.265625,8,2179,2179,27,21,-18,-14,-19
55.269531,8,2179,2179,27,21,-25,-14,-19
55.273438,8,2179,2179,27,21,-18,-14,-19
55.277344,8,2179,2179,26,20,-18,-14,-19
55.281250,7,2179,2179,26,20,-18,-14,-19
55.285156,7,2179,2179,26,20,-18,-14,-19
55.289062,7,2179,2179,25,20,-18,-14,-20
55.292969,7,2179,2179,25,20,-19,-14,-19
55.296875,7,2179,2179,25,20,-18,-14,-20
55.300781,6,2179,2179,25,19,-18,-14,-19
55.304688,6,2179,2179,26,20,-19,-14,-20
55.308594,7,2179,2179,26,20,-18,-14,-20
55.312500,7,2179,2179,25,19,-19,-14,-20
55.316406,6,2179,2179,25,20,-19,-14,-19
55.320312,6,2179,2179,26,20,-19,-14,-19
55.324219,6,2179,2179,26,20,-19,-14,-19
55.328125,6,2179,2179,26,20,-19,-14,-19
55.332031,6,2179,2179,26,20,-19,-14,-19
55.335938,5,2179,2179,26,20,-19,-14,-19
55.339844,5,2179,2179,26,20,-19,-14,-19
55.343750,6,2179,2179,26,21,-19,-14,-19
55.347656,6,2179,2179,26,20,-19,-14,-19
55.351562,5,2179,2179,26,20,-19,-14,-19
55.355469,5,2179,2179,26,21,-19,-14,-19
55.359375,5,2179,2179,26,21,-19,-14,-19
55.363281,5,2179,2179,26,20,-19,-14,-19
55.367188,4,2179,2179,26,20,-18,-14,-19
55.371094,4,2179,2179,26,20,-18,-14,-19
55.375000,5,2179,2179,26,21,-18,-14,-19
55.378906,5,2179,2179,26,20,-18,-14,-19
55.382812,5,2179,2179,26,20,-19,-14,-19
55.386719,5,2179,2179,26,21,-18,-13,-19
55.390625,5,2179,2179,26,21,-18,-13,-19
55.394531,5,2179,2179,26,20,-14,-14,-19
55.398438,5,2179,2179,26,20,-19,-14,-19
55.402344,5,2179,2179,26,20,-18,-14,-19
55.406250,5,2179,2179,26,20,-18,-13,-19
55.410156,5,2179,2179,26,20,-18,-14,-19
55.414062,5,2179,2179,26,20,-18,-14,-19
55.417969,5,2179,2179,26,20,-18,-14,-19
55.421875,5,2179,2179,26,20,-18,-14,-19
55.425781,5,2179,2179,26,21,-19,-14,-20
55.429688,5,2179,2179,26,20,-19,-14,-19
55.433594,5,2179,2179,26,20,-19,-14,-20
55.437500,5,2179,2179,26,21,-19,-14,-20
55.441406,5,2179,2179,26,21,-19,-14,-20
55.445312,5,2179,2179,26,21,-18,-14,-19
55.449219,5,2179,2179,26,20,-19,-14,-19
55.453125,5,2179,2179,26,21,-19,-14,-19
55.457031,5,2179,2179,26,21,-19,-14,-19
55.460938,5,2179,2179,26,20,-19,-14,-19
55.464844,5,2179,2179,26,20,-19,-14,-19
55.468750,5,2179,2179,26,20,-19,-14,-19
55.472656,5,2179,2179,26,20,-19,-14,-19
55.476562,6,2179,2179,26,20,-19,-14,-19
55.480469,6,2179,2179,26,20,-18,-14,-19
55.484375,5,2179,2179,26,20,-18,-14,-19
55.488281,6,2179,2179,26,21,-18,-14,-19
55.492188,6,2179,2179,26,21,-18,-14,-19
55.496094,7,2179,2179,26,20,-18,-14,-19
55.500000,6,2179,2179,26,20,-18,-14,-19
55.503906,7,2179,2179,26,21,-18,-14,-19
55.507812,7,2179,2179,26,21,-18,-14,-19
55.511719,8,2179,2179,26,20,-18,-14,-20
55.515625,7,2179,2179,26,20,-18,-14,-19
55.519531,7,2179,2179,26,21,-21,-13,-19
55.523438,7,2179,2179,26,21,-19,-14,-19
55.527344,7,2179,2179,26,20,-19,-13,-19
55.531250,7,2179,2179,26,20,-19,-14,-19
55.535156,7,2179,2179,26,20,-19,-14,-19
55.539062,7,2179,2179,26,20,-19,-14,-19
55.542969,8,2179,2179,26,20,-19,-14,-19
55.546875,7,2179,2179,26,20,-19,-14,-20
55.550781,7,2179,2179,26,20,-19,-14,-20
55.554688,7,2179,2179,26,20,-19,-14,-20
55.558594,8,2179,2179,26,20,-19,-14,-20
55.562500,8,2179,2179,26,20,-19,-14,-19
55.566406,8,2179,2179,26,20,-19,-14,-19
55.570312,8,2179,2179,26,20,-19,-14,-19
55.574219,8,2179,2179,26,20,-19,-14,-19
55.578125,9,2179,2179,26,20,-19,-14,-19
55.582031,9,2179,2179,25,20,-19,-14,-19
55.585938,8,2179,2179,26,20,-19,-14,-19
55.589844,8,2179,2179,26,21,-18,-14,-19
55.593750,8,2179,2179,26,21,-18,-14,-19
55.597656,8,2179,2179,26,20,-18,-14,-19
55.601562,8,2179,2179,26,21,-18,-14,-19
55.605469,9,2179,2179,27,21,-18,-14,-19
55.609375,9,2179,2179,27,21,-19,-13,-19
55.613281,9,2179,2179,26,21,-18,-14,-19
55.617188,9,2179,2179,26,21,-19,-14,-19
55.621094,9,2179,2179,27,21,-19,-14,-19
55.625000,9,2179,2179,27,21,-18,-14,-19
55.628906,9,2179,2179,26,21,-18,-14,-19
55.632812,9,2179,2179,26,21,-18,-14,-19
55.636719,9,2179,2179,26,21,-19,-14,-19
55.640625,9,2179,2179,26,21,-19,-14,-19
55.644531,9,2179,2179,26,20,-17,-14,-19
55.648438,9,2179,2179,26,20,-19,-14,-19
55.652344,8,2179,2179,26,21,-19,-14,-19
55.656250,8,2179,2179,26,21,-19,-14,-19
55.660156,8,2179,2179,26,21,-19,-14,-19
55.664062,8,2179,2179,26,20,-19,-14,-20
55.667969,7,2179,2179,26,20,-19,-14,-20
55.671875,6,2179,2179,26,21,-19,-14,-20
55.675781,6,2179,2179,26,21,-19,-14,-19
55.679688,6,2179,2179,26,20,-19,-14,-20
55.683594,5,2179,2179,26,20,-19,-14,-19
55.687500,5,2179,2179,26,21,-19,-14,-20
55.691406,5,2179,2179,26,20,-19,-14,-19
55.695312,5,2179,2179,26,20,-19,-14,-19
55.699219,5,2179,2179,26,20,-19,-14,-19
55.703125,4,2179,2179,26,20,-18,-14,-19
55.707031,4,2179,2179,26,20,-18,-14,-19
55.710938,5,2179,2179,26,20,-18,-14,-19
55.714844,5,2179,2179,26,20,-18,-14,-19
55.718750,4,2179,2179,26,20,-18,-14,-19
55.722656,4,2179,2179,26,20,-18,-14,-19
55.726562,4,2179,2179,26,20,-18,-13,-19
55.730469,4,2179,2179,26,20,-18,-13,-19
55.734375,4,2179,2179,26,20,-19,-13,-19
55.738281,3,2179,2179,26,20,-18,-13,-19
55.742188,4,2179,2179,26,20,-19,-14,-19
55.746094,4,2179,2179,26,20,-18,-14,-19
55.750000,4,2179,2179,25,20,-18,-14,-19
55.753906,4,2179,2179,26,20,-18,-14,-19
55.757812,4,2179,2179,26,20,-18,-14,-19
55.761719,4,2179,2179,25,20,-18,-14,-19
55.765625,4,2179,2179,26,20,-19,-14,-19
55.769531,4,2179,2179,26,20,-19,-14,-19
55.773438,4,2179,2179,26,21,-19,-14,-19
55.777344,5,2179,2179,26,20,-19,-14,-19
55.781250,5,2179,2179,26,20,-19,-14,-19
55.785156,5,2179,2179,26,21,-19,-14,-19
55.789062,5,2179,2179,26,21,-19,-14,-20
55.792969,5,2179,2179,26,21,-19,-14,-19
55.796875,5,2179,2179,26,21,-19,-14,-20
55.800781,5,2179,2179,26,20,-19,-14,-19
55.804688,5,2179,2179,27,21,-19,-14,-20
55.808594,5,2179,2179,27,21,-18,-14,-20
55.812500,5,2179,2179,26,21,-19,-14,-19
55.816406,5,2179,2179,26,21,-18,-14,-19
55.820312,5,2179,2179,27,21,-18,-14,-19
55.824219,5,2179,2179,26,21,-18,-13,-19
55.828125,6,2179,2179,26,21,-18,-13,-19
55.832031,6,2179,2179,26,21,-18,-13,-19
55.835938,6,2179,2179,26,21,-18,-14,-19
55.839844,6,2179,2179,26,21,-18,-13,-19
55.843750,6,2179,2179,26,21,-18,-14,-19
55.847656,6,2179,2179,26,20,-18,-14,-19
55.851562,6,2179,2179,26,20,-18,-14,-19
55.855469,6,2179,2179,26,21,-18,-13,-19
55.859375,6,2179,2179,26,21,-18,-14,-19
55.863281,6,2179,2179,26,20,-19,-13,-19
55.867188,6,2179,2179,26,20,-19,-14,-19
55.871094,7,2179,2179,26,20,-19,-14,-19
55.875000,7,2179,2179,26,21,-19,-14,-20
55.878906,7,2179,2179,26,20,-19,-14,-19
55.882812,6,2179,2179,26,20,-19,-14,-19
55.886719,6,2179,2179,26,21,-19,-14,-19
55.890625,5,2179,2179,26,21,-19,-14,-20
55.894531,5,2179,2179,26,20,-18,-14,-19
55.898438,5,2179,2179,26,20,-19,-14,-19
55.902344,5,2179,2179,26,19,-19,-14,-20
55.906250,5,2179,2179,26,20,-19,-14,-19
55.910156,5,2179,2179,26,20,-19,-14,-19
55.914062,5,2179,2179,26,20,-19,-14,-19
55.917969,5,2179,2179,26,20,-19,-14,-19
55.921875,5,2179,2179,26,20,-19,-14,-19
55.925781,5,2179,2179,26,20,-18,-14,-19
55.929688,4,2179,2179,26,20,-19,-13,-19
55.933594,4,2179,2179,26,20,-18,-14,-19
55.937500,4,2179,2179,26,20,-18,-14,-19
55.941406,4,2179,2179,26,20,-18,-13,-19
55.945312,4,2179,2179,26,20,-18,-13,-19
55.949219,4,2179,2179,26,20,-18,-13,-19
55.953125,4,2179,2179,26,21,-18,-14,-19
55.957031,4,2179,2179,26,21,-18,-13,-19
55.960938,5,2179,2179,26,20,-18,-14,-19
55.964844,5,2179,2179,26,20,-18,-14,-19
55.968750,4,2179,2179,26,20,-18,-14,-19
55.972656,4,2179,2179,26,20,-18,-14,-19
55.976562,4,2179,2179,26,20,-18,-14,-19
55.980469,5,2179,2179,26,20,-18,-14,-19
55.984375,4,2179,2179,26,20,-18,-14,-19
55.988281,4,2179,2179,26,20,-19,-14,-19
55.992188,5,2179,2179,25,20,-19,-14,-20
55.996094,5,2179,2179,25,20,-19,-14,-20
56.000000,5,2179,2179,25,20,-19,-14,-20
56.003906,5,2179,2179,26,20,-19,-14,-20
56.007812,5,2179,2179,26,20,-19,-14,-20
56.011719,6,2179,2179,26,20,-19,-14,-20
56.015625,6,2179,2179,26,20,-18,-14,-20
56.019531,6,2179,2179,26,21,-18,-14,-20
56.023438,6,2179,2179,26,21,-18,-14,-19
56.027344,6,2179,2179,26,20,-18,-14,-19
56.031250,6,2179,2179,26,21,-19,-14,-19
56.035156,6,2179,2179,26,21,-19,-14,-19
56.039062,6,2179,2179,26,21,-19,-14,-19
56.042969,6,2179,2179,26,21,-18,-14,-19
56.046875,7,2179,2179,26,21,-18,-14,-19
56.050781,7,2179,2179,26,21,-18,-14,-19
56.054688,7,2179,2179,27,21,-18,-14,-19
56.058594,8,2179,2179,27,21,-18,-14,-19
56.062500,8,2179,2179,26,21,-18,-14,-19
56.066406,8,2179,2179,26,21,-18,-14,-19
56.070312,7,2179,2179,27,21,-18,-14,-19
56.074219,8,2179,2179,27,21,-18,-14,-19
56.078125,8,2179,2179,26,21,-18,-14,-19
56.082031,8,2179,2179,26,20,-18,-14,-19
56.085938,8,2179,2179,26,21,-18,-14,-19
56.089844,8,2179,2179,26,21,-18,-14,-19
56.093750,9,2179,2179,26,20,-19,-14,-19
56.097656,9,2179,2179,26,20,-19,-14,-19
56.101562,9,2179,2179,26,20,-19,-14,-19
56.105469,8,2179,2179,26,20,-19,-14,-20
56.109375,9,2179,2179,26,20,-19,-14,-20
56.113281,9,2179,2179,26,20,-19,-14,-20
56.117188,8,2179,2179,25,20,-19,-14,-20
56.121094,8,2179,2179,26,20,-18,-14,-19
56.125000,8,2179,2179,26,20,-19,-14,-19
56.128906,8,2179,2179,25,20,-19,-14,-19
56.132812,8,2179,2179,25,20,-18,-14,-19
56.136719,8,2179,2179,26,20,-19,-14,-19
56.140625,8,2179,2179,26,20,-19,-14,-19
56.144531,8,2179,2179,25,20,-19,-14,-19
56.148438,7,2179,2179,26,20,-19,-14,-19
56.152344,7,2179,2179,26,19,-18,-14,-19
56.156250,7,2179,2179,26,20,-19,-14,-19
56.160156,7,2179,2179,27,20,-18,-14,-19
56.164062,7,2179,2179,26,20,-19,-14,-19
56.167969,7,2179,2179,26,20,-18,-14,-19
56.171875,8,2179,2179,26,21,-18,-14,-19
56.175781,8,2179,2179,26,21,-18,-14,-19
56.179688,8,2179,2179,26,20,-19,-14,-19
56.183594,8,2179,2179,26,20,-18,-14,-19
56.187500,8,2179,2179,27,21,-18,-14,-21
56.191406,7,2179,2179,26,21,-18,-14,-19
56.195312,8,2179,2179,26,21,-18,-14,-19
56.199219,8,2179,2179,26,20,-18,-14,-19
56.203125,7,2179,2179,26,21,-18,-14,-19
56.207031,8,2179,2179,26,20,-18,-14,-19
56.210938,8,2179,2179,26,20,-19,-14,-19
56.214844,8,2179,2179,26,20,-19,-14,-19
56.218750,7,2179,2179,26,20,-19,-14,-19
56.222656,8,2179,2179,26,21,-18,-14,-19
56.226562,8,2179,2179,26,21,-19,-14,-19
56.230469,8,2179,2179,26,20,-19,-14,-19
56.234375,7,2179,2179,26,20,-19,-14,-19
56.238281,7,2179,2179,26,21,-18,-14,-19
56.242188,7,2179,2179,26,21,-18,-14,-19
56.246094,7,2179,2179,26,21,-19,-14,-19
56.250000,7,2179,2179,26,21,-19,-14,-19
56.253906,7,2179,2179,26,21,-19,-14,-19
56.257812,7,2179,2179,26,21,-18,-14,-19
56.261719,7,2179,2179,26,20,-18,-14,-19
56.265625,7,2179,2179,26,20,-18,-14,-19
56.269531,7,2179,2179,26,21,-18,-14,-19
56.273438,7,2179,2179,26,21,-18,-14,-19
56.277344,7,2179,2179,26,20,-18,-14,-19
56.281250,8,2179,2179,26,20,-19,-13,-19
56.285156,7,2179,2179,26,20,-19,-14,-19
56.289062,7,2179,2179,26,20,-19,-14,-19
56.292969,8,2179,2179,26,20,-19,-14,-19
56.296875,8,2179,2179,25,20,-19,-14,-19
56.300781,7,2179,2179,25,20,-19,-14,-19
56.304688,8,2179,2179,26,20,-19,-14,-19
56.308594,8,2179,2179,26,20,-19,-14,-19
56.312500,8,2179,2179,25,20,-19,-14,-19
56.316406,8,2179,2179,26,20,-19,-14,-19
56.320312,8,2179,2179,26,20,-19,-14,-19
56.324219,8,2179,2179,26,20,-19,-14,-19
56.328125,8,2179,2179,26,20,-19,-14,-20
56.332031,8,2179,2179,26,20,-19,-14,-19
56.335938,8,2179,2179,26,21,-19,-14,-19
56.339844,8,2179,2179,26,21,-19,-14,-20
56.343750,8,2179,2179,26,21,-19,-14,-19
56.347656,8,2179,2179,26,20,-19,-14,-19
56.351562,8,2179,2179,26,20,-19,-14,-19
56.355469,8,2179,2179,26,21,-19,-14,-19
56.359375,8,2179,2179,26,21,-19,-14,-19
56.363281,8,2179,2179,26,20,-19,-14,-19
56.367188,8,2179,2179,26,20,-19,-14,-19
56.371094,8,2179,2179,26,21,-18,-14,-19
56.375000,8,2179,2179,26,20,-18,-14,-19
56.378906,9,2179,2179,26,20,-18,-14,-19
56.382812,9,2179,2179,26,20,-18,-14,-19
56.386719,9,2179,2179,26,20,-18,-14,-19
56.390625,10,2179,2179,26,20,-18,-13,-19
56.394531,10,2179,2179,26,20,-18,-14,-19
56.398438,11,2179,2179,26,20,-18,-14,-19
56.402344,10,2179,2179,26,20,-18,-14,-19
56.406250,10,2179,2179,26,21,-19,-14,-19
56.410156,10,2179,2179,25,21,-18,-14,-19
56.414062,10,2179,2179,26,20,-19,-14,-19
56.417969,10,2179,2179,26,21,-19,-14,-19
56.421875,10,2179,2179,26,21,-18,-14,-19
56.425781,11,2179,2179,26,21,-18,-14,-19
56.429688,11,2179,2179,26,20,-19,-14,-19
56.433594,12,2179,2179,26,20,-19,-14,-20
56.437500,12,2179,2179,26,21,-19,-14,-19
56.441406,12,2179,2179,26,21,-19,-14,-20
56.445312,13,2179,2179,26,20,-19,-14,-20
56.449219,13,2179,2179,26,20,-19,-14,-19
56.453125,13,2179,2179,26,20,-19,-14,-19
56.457031,13,2179,2179,26,20,-19,-14,-20
56.460938,14,2179,2179,26,20,-19,-14,-20
56.464844,14,2179,2179,26,20,-19,-14,-19
56.468750,14,2179,2179,26,20,-19,-14,-20
56.472656,15,2179,2179,26,20,-19,-14,-19
56.476562,16,2179,2179,26,20,-19,-14,-19
56.480469,16,2179,2179,26,20,-19,-14,-19
56.484375,16,2179,2179,26,20,-19,-14,-19
56.488281,17,2179,2179,26,21,-19,-14,-19
56.492188,18,2179,2179,26,20,-18,-14,-19
56.496094,19,2179,2179,26,20,-18,-14,-19
56.500000,20,2179,2179,26,20,-18,-13,-19
56.503906,21,2179,2179,26,20,-18,-13,-19
56.507812,22,2179,2179,26,20,-18,-14,-19
56.511719,23,2179,2179,25,20,-18,-14,-19
56.515625,24,2179,2179,25,20,-18,-14,-19
56.519531,25,2179,2179,26,20,-19,-14,-19
56.523438,26,2179,2179,26,20,-18,-14,-19
56.527344,27,2179,2179,26,20,-18,-14,-19
56.531250,28,2179,2179,26,20,-19,-14,-19
56.535156,28,2179,2179,25,20,-19,-14,-19
56.539062,29,2179,2179,26,20,-19,-14,-19
56.542969,31,2179,2179,26,20,-19,-14,-19
56.546875,33,2179,2179,26,20,-19,-14,-19
56.550781,33,2179,2179,26,20,-19,-14,-19
56.554688,35,2179,2179,26,20,-19,-14,-20
56.558594,36,2179,2179,26,20,-19,-14,-19
56.562500,38,2179,2179,26,20,-19,-14,-18
56.566406,39,2179,2179,26,20,-19,-14,-19
56.570312,41,2179,2179,26,20,-19,-14,-20
56.574219,42,2179,2179,26,20,-19,-14,-19
56.578125,45,2179,2179,25,20,-19,-14,-20
56.582031,46,2179,2179,25,20,-19,-14,-20
56.585938,48,2179,2179,26,20,-19,-14,-19
56.589844,50,2179,2179,26,20,-19,-14,-19
56.593750,52,2179,2179,26,20,-19,-14,-19
56.597656,53,2179,2179,26,20,-19,-14,-19
56.601562,54,2179,2179,26,20,-19,-14,-19
56.605469,55,2179,2179,27,21,-18,-14,-19
56.609375,56,2179,2179,27,21,-18,-14,-19
56.613281,57,2179,2179,26,21,-18,-14,-19
56.617188,58,2179,2179,26,21,-19,-14,-19
56.621094,59,2179,2179,27,21,-18,-14,-19
56.625000,59,2179,2179,27,21,-18,-14,-19
56.628906,60,2179,2179,26,21,-19,-14,-19
56.632812,61,2179,2179,26,21,-18,-14,-19
56.636719,62,2179,2179,26,21,-19,-14,-19
56.640625,63,2179,2179,26,21,-18,-14,-19
56.644531,64,2179,2179,26,20,-18,-14,-19
56.648438,66,2179,2179,26,20,-18,-14,-19
56.652344,67,2179,2179,26,20,-18,-14,-19
56.656250,68,2179,2179,26,21,-19,-14,-20
56.660156,69,2179,2179,26,21,-19,-14,-19
56.664062,70,2179,2179,26,20,-19,-14,-19
56.667969,70,2179,2179,26,20,-19,-14,-19
56.671875,71,2179,2179,26,21,-19,-14,-20
56.675781,72,2179,2179,26,21,-19,-14,-19
56.679688,73,2179,2179,26,20,-19,-14,-19
56.683594,73,2179,2179,26,20,-19,-14,-19
56.687500,74,2179,2179,26,20,-19,-14,-19
56.691406,75,2179,2179,26,20,-18,-14,-19
56.695312,76,2179,2179,26,20,-19,-15,-19
56.699219,76,2179,2179,26,20,-18,-14,-19
56.703125,76,2179,2179,26,20,-19,-14,-19
56.707031,76,2179,2179,26,20,-18,-14,-19
56.710938,77,2179,2179,25,20,-18,-14,-19
56.714844,78,2179,2179,26,20,-18,-14,-19
56.718750,78,2179,2179,26,20,-18,-14,-19
56.722656,78,2179,2179,26,20,-19,-14,-19
56.726562,79,2179,2179,26,20,-18,-14,-19
56.730469,80,2179,2179,26,20,-19,-14,-19
56.734375,80,2179,2179,25,20,-19,-14,-19
56.738281,80,2179,2179,26,20,-19,-14,-19
56.742188,81,2179,2179,26,20,-19,-14,-19
56.746094,81,2179,2179,26,20,-19,-14,-19
56.750000,82,2179,2179,25,20,-18,-14,-19
56.753906,82,2179,2179,26,20,-19,-14,-19
56.757812,82,2179,2179,26,20,-18,-14,-19
56.761719,83,2179,2179,26,20,-18,-14,-19
56.765625,83,2179,2179,26,20,-19,-14,-19
56.769531,83,2179,2179,26,20,-18,-14,-19
56.773438,83,2179,2179,26,21,-19,-14,-19
56.777344,84,2179,2179,26,21,-19,-14,-19
56.781250,84,2179,2179,26,20,-19,-14,-19
56.785156,84,2179,2179,26,21,-19,-14,-19
56.789062,84,2179,2179,27,21,-19,-14,-19
56.792969,84,2179,2179,27,21,-19,-14,-19
56.796875,84,2179,2179,27,21,-19,-14,-19
56.800781,84,2179,2179,27,21,-19,-14,-19
56.804688,84,2179,2179,28,21,-18,-14,-19
56.808594,85,2179,2179,28,21,-18,-14,-19
56.812500,85,2179,2179,27,20,-19,-14,-19
56.816406,84,2179,2179,27,21,-19,-14,-19
56.820312,84,2179,2179,28,21,-18,-15,-19
56.824219,84,2179,2179,28,21,-18,-14,-19
56.828125,84,2179,2179,29,21,-18,-14,-19
56.832031,84,2179,2179,29,21,-18,-14,-19
56.835938,84,2179,2179,31,21,-18,-14,-19
56.839844,84,2179,2179,31,21,-18,-14,-19
56.843750,84,2179,2179,32,21,-18,-14,-19
56.847656,84,2179,2179,33,20,-18,-14,-19
56.851562,83,2179,2179,34,20,-18,-14,-19
56.855469,83,2179,2179,35,21,-18,-14,-19
56.859375,84,2179,2179,36,21,-18,-14,-19
56.863281,84,2179,2179,37,20,-18,-14,-19
56.867188,84,2179,2179,38,20,-18,-13,-19
56.871094,84,2179,2179,40,21,-18,-14,-19
56.875000,84,2179,2179,41,21,-19,-14,-19
56.878906,85,2179,2179,42,20,-19,-13,-19
56.882812,85,2179,2179,43,20,-19,-14,-19
56.886719,84,2179,2179,45,21,-19,-14,-19
56.890625,84,2179,2179,46,21,-19,-14,-19
56.894531,84,2179,2179,47,21,-19,-14,-19
56.898438,84,2179,2179,48,20,-19,-14,-19
56.902344,83,2179,2179,50,20,-19,-14,-19
56.906250,83,2179,2179,52,21,-19,-14,-19
56.910156,83,2179,2179,53,21,-19,-14,-20
56.914062,83,2179,2179,55,20,-19,-14,-19
56.917969,83,2179,2179,57,20,-19,-14,-19
56.921875,83,2179,2179,60,20,-19,-14,-19
56.925781,83,2179,2179,62,20,-19,-14,-19
56.929688,83,2179,2179,64,20,-19,-14,-19
56.933594,82,2179,2179,65,20,-19,-14,-19
56.937500,82,2179,2179,67,20,-18,-14,-19
56.941406,82,2179,2179,68,20,-18,-14,-19
56.945312,82,2179,2179,68,20,-18,-13,-19
56.949219,82,2179,2179,68,20,-19,-14,-19
56.953125,82,2179,2179,69,20,-18,-14,-19
56.957031,82,2179,2179,69,21,-18,-14,-19
56.960938,83,2179,2179,70,20,-18,-14,-19
56.964844,82,2179,2179,71,20,-18,-14,-19
56.968750,82,2179,2179,72,20,-18,-14,-19
56.972656,82,2179,2179,73,20,-19,-14,-19
56.976562,82,2179,2179,74,20,-19,-14,-19
56.980469,82,2179,2179,74,20,-19,-14,-19
56.984375,81,2179,2179,75,20,-19,-14,-19
56.988281,81,2179,2179,76,21,-19,-14,-19
56.992188,82,2179,2179,76,20,-19,-14,-19
56.996094,82,2179,2179,77,20,-19,-14,-19
57.000000,82,2179,2179,77,20,-19,-14,-19
57.003906,82,2179,2179,79,21,-19,-14,-19
57.007812,82,2179,2179,79,21,-18,-14,-19
57.011719,83,2179,2179,80,20,-19,-14,-19
57.015625,82,2179,2179,81,20,-19,-14,-19
57.019531,82,2179,2179,82,21,-19,-14,-20
57.023438,82,2179,2179,83,21,-19,-14,-19
57.027344,82,2179,2179,85,21,-19,-14,-19
57.031250,81,2179,2179,86,20,-19,-14,-19
57.035156,81,2179,2179,87,21,-19,-14,-19
57.039062,80,2179,2179,88,21,-19,-14,-19
57.042969,80,2179,2179,88,21,-19,-14,-19
57.046875,80,2179,2179,88,21,-19,-14,-19
57.050781,79,2179,2179,88,20,-18,-13,-19
57.054688,79,2179,2179,89,21,-18,-14,-19
57.058594,79,2179,2179,89,21,-18,-13,-19
57.062500,79,2179,2179,89,20,-18,-13,-19
57.066406,79,2179,2179,89,20,-18,-14,-19
57.070312,78,2179,2179,90,21,-18,-13,-19
57.074219,78,2179,2179,91,21,-19,-14,-19
57.078125,78,2179,2179,92,20,-19,-14,-19
57.082031,78,2179,2179,94,20,-19,-14,-19
57.085938,78,2179,2179,95,21,-19,-14,-19
57.089844,78,2179,2179,96,20,-18,-14,-19
57.093750,78,2179,2179,96,20,-19,-14,-19
57.097656,78,2179,2179,97,20,-19,-14,-19
57.101562,78,2179,2179,96,20,-18,-14,-19
57.105469,78,2179,2179,96,20,-18,-14,-19
57.109375,78,2179,2179,95,20,-19,-14,-19
57.113281,78,2179,2179,95,19,-19,-14,-19
57.117188,77,2179,2179,95,19,-19,-14,-19
57.121094,78,2179,2179,96,20,-19,-14,-20
57.125000,77,2179,2179,97,20,-19,-14,-19
57.128906,77,2179,2179,97,19,-19,-14,-19
57.132812,77,2179,2179,98,19,-19,-14,-19
57.136719,77,2179,2179,98,20,-19,-14,-19
57.140625,77,2179,2179,99,20,-19,-14,-19
57.144531,76,2179,2179,99,20,-19,-14,-19
57.148438,76,2179,2179,100,20,-19,-14,-19
57.152344,75,2179,2179,101,20,-19,-14,-19
57.156250,75,2179,2179,102,20,-19,-14,-19
57.160156,75,2179,2179,103,20,-18,-14,-19
57.164062,75,2179,2179,103,20,-18,-14,-19
57.167969,75,2179,2179,104,20,-18,-14,-19
57.171875,75,2179,2179,105,21,-18,-14,-19
57.175781,76,2179,2179,105,21,-18,-14,-19
57.179688,76,2179,2179,104,20,-18,-14,-19
57.183594,76,2179,2179,104,20,-18,-14,-19
57.187500,76,2179,2179,104,21,-18,-14,-19
57.191406,76,2179,2179,104,21,-18,-14,-19
57.195312,77,2179,2179,104,21,-18,-13,-19
57.199219,77,2179,2179,104,20,-18,-14,-19
57.203125,77,2179,2179,105,21,-20,-14,-19
57.207031,77,2179,2179,106,21,-18,-14,-19
57.210938,77,2179,2179,106,20,-18,-14,-19
57.214844,77,2179,2179,106,20,-19,-14,-19
57.218750,77,2179,2179,107,20,-19,-14,-19
57.222656,77,2179,2179,107,20,-18,-14,-19
57.226562,77,2179,2179,108,20,-19,-14,-19
57.230469,78,2179,2179,108,20,-19,-14,-19
57.234375,77,2179,2179,109,20,-19,-14,-19
57.238281,77,2179,2179,109,21,-19,-14,-19
57.242188,78,2179,2179,110,21,-19,-14,-19
57.246094,78,2179,2179,110,21,-19,-14,-19
57.250000,78,2179,2179,110,21,-19,-14,-19
57.253906,78,2179,2179,110,21,-19,-14,-19
57.257812,78,2179,2179,110,21,-19,-14,-19
57.261719,78,2179,2179,109,21,-19,-14,-19
57.265625,78,2179,2179,109,21,-19,-14,-19
57.269531,78,2179,2179,109,21,-19,-14,-19
57.273438,78,2179,2179,109,21,-18,-14,-19
57.277344,78,2179,2179,109,21,-18,-14,-19
57.281250,79,2179,2179,110,20,-18,-13,-19
57.285156,79,2179,2179,110,20,-18,-13,-19
57.289062,79,2179,2179,111,20,-18,-13,-19
57.292969,79,2179,2179,112,20,-18,-14,-19
57.296875,80,2179,2179,112,20,-18,-14,-19
57.300781,80,2179,2179,112,20,-18,-14,-19
57.304688,80,2179,2179,113,20,-18,-14,-19
57.308594,80,2179,2179,113,20,-18,-14,-19
57.312500,80,2179,2179,113,20,-18,-14,-19
57.316406,80,2179,2179,113,20,-18,-14,-19
57.320312,80,2179,2179,114,20,-18,-14,-19
57.324219,80,2179,2179,114,20,-19,-14,-19
57.328125,81,2179,2179,114,20,-14,-14,-19
57.332031,81,2179,2179,114,20,-19,-14,-19
57.335938,81,2179,2179,114,20,-19,-14,-19
57.339844,81,2179,2179,115,20,-19,-14,-19
57.343750,81,2179,2179,114,20,-19,-14,-19
57.347656,81,2179,2179,114,20,-19,-14,-19
57.351562,81,2179,2179,114,20,-19,-14,-19
57.355469,81,2179,2179,115,21,-19,-14,-19
57.359375,81,2179,2179,116,21,-19,-14,-20
57.363281,81,2179,2179,115,20,-19,-14,-19
57.367188,80,2179,2179,116,21,-19,-14,-19
57.371094,80,2179,2179,116,21,-19,-14,-19
57.375000,79,2179,2179,116,21,-19,-14,-19
57.378906,79,2179,2179,116,20,-18,-14,-19
57.382812,79,2179,2179,116,20,-18,-14,-19
57.386719,79,2179,2179,117,21,-18,-14,-19
57.390625,79,2179,2179,118,21,-18,-14,-19
57.394531,79,2179,2179,118,21,-18,-14,-19
57.398438,79,2179,2179,118,21,-18,-13,-19
57.402344,79,2179,2179,119,21,-18,-13,-19
57.406250,79,2179,2179,119,21,-18,-14,-19
57.410156,79,2179,2179,120,21,-18,-14,-19
57.414062,79,2179,2179,120,21,-19,-14,-19
57.417969,79,2179,2179,120,21,-19,-14,-19
57.421875,79,2179,2179,120,21,-18,-14,-19
57.425781,79,2179,2179,120,21,-19,-14,-19
57.429688,79,2179,2179,120,20,-18,-14,-19
57.433594,79,2179,2179,120,20,-19,-14,-19
57.437500,79,2179,2179,120,20,-19,-14,-19
57.441406,79,2179,2179,120,20,-19,-14,-19
57.445312,79,2179,2179,119,20,-19,-14,-19
57.449219,79,2179,2179,119,20,-19,-14,-19
57.453125,78,2179,2179,119,20,-26,-14,-20
57.457031,78,2179,2179,120,21,-19,-14,-20
57.460938,78,2179,2179,119,20,-19,-14,-19
57.464844,78,2179,2179,120,20,-19,-14,-19
57.468750,78,2179,2179,121,20,-19,-14,-19
57.472656,78,2179,2179,122,21,-19,-14,-19
57.476562,78,2179,2179,122,21,-19,-14,-19
57.480469,78,2179,2179,122,20,-18,-14,-19
57.484375,78,2179,2179,123,20,-19,-14,-19
57.488281,78,2179,2179,123,21,-18,-14,-19
57.492188,78,2179,2179,123,21,-18,-14,-19
57.496094,78,2179,2179,123,21,-18,-14,-19
57.500000,79,2179,2179,123,20,-18,-14,-19
57.503906,79,2179,2179,124,21,-18,-14,-19
57.507812,79,2179,2179,124,21,-18,-13,-19
57.511719,80,2179,2179,123,20,-18,-14,-19
57.515625,80,2179,2179,123,20,-19,-14,-19
57.519531,80,2179,2179,124,20,-18,-14,-19
57.523438,80,2179,2179,124,20,-18,-14,-19
57.527344,80,2179,2179,124,21,-19,-14,-19
57.531250,80,2179,2179,124,20,-18,-14,-19
57.535156,80,2179,2179,124,20,-19,-14,-19
57.539062,80,2179,2179,125,20,-18,-14,-19
57.542969,81,2179,2179,125,20,-18,-14,-19
57.546875,81,2179,2179,125,20,-18,-14,-19
57.550781,81,2179,2179,125,20,-19,-14,-20
57.554688,82,2179,2179,125,20,-19,-14,-20
57.558594,82,2179,2179,125,20,-18,-14,-19
57.562500,82,2179,2179,125,20,-18,-14,-20
57.566406,82,2179,2179,125,20,-19,-14,-19
57.570312,82,2179,2179,126,20,-19,-14,-19
57.574219,82,2179,2179,126,20,-19,-14,-19
57.578125,82,2179,2179,126,20,-14,-14,-19
57.582031,83,2179,2179,125,20,-19,-14,-19
57.585938,82,2179,2179,125,20,-19,-14,-19
57.589844,83,2179,2179,125,20,-19,-14,-19
57.593750,83,2179,2179,125,20,-19,-14,-19
57.597656,83,2179,2179,125,20,-19,-14,-19
57.601562,83,2179,2179,126,20,-19,-14,-19
57.605469,83,2179,2179,127,21,-19,-14,-19
57.609375,83,2179,2179,127,20,-18,-14,-19
57.613281,82,2179,2179,127,20,-18,-14,-19
57.617188,82,2179,2179,128,21,-19,-14,-19
57.621094,82,2179,2179,128,21,-18,-13,-19
57.625000,82,2179,2179,128,21,-18,-13,-19
57.628906,82,2179,2179,128,21,-18,-13,-19
57.632812,82,2179,2179,128,21,-18,-14,-19
57.636719,82,2179,2179,129,21,-18,-14,-19
57.640625,82,2179,2179,129,21,-18,-13,-19
57.644531,82,2179,2179,129,20,-18,-14,-19
57.648438,82,2179,2179,129,20,-18,-13,-19
57.652344,82,2179,2179,130,20,-18,-13,-19
57.656250,83,2179,2179,130,21,-18,-13,-19
57.660156,83,2179,2179,129,20,-18,-13,-19
57.664062,83,2179,2179,129,20,-18,-13,-19
57.667969,83,2179,2179,129,20,-19,-14,-19
57.671875,82,2179,2179,129,20,-18,-14,-19
57.675781,82,2179,2179,129,20,-18,-14,-19
57.679688,82,2179,2179,129,20,-19,-14,-19
57.683594,81,2179,2179,129,20,-19,-14,-20
57.687500,82,2179,2179,130,21,-19,-14,-19
57.691406,82,2179,2179,130,20,-19,-14,-19
57.695312,82,2179,2179,130,20,-19,-14,-20
57.699219,82,2179,2179,130,20,-19,-14,-20
57.703125,82,2179,2179,130,20,-21,-14,-19
57.707031,82,2179,2179,130,20,-19,-14,-20
57.710938,81,2179,2179,130,20,-19,-14,-19
57.714844,81,2179,2179,130,20,-18,-14,-19
57.718750,81,2179,2179,131,20,-19,-14,-19
57.722656,80,2179,2179,131,20,-18,-14,-19
57.726562,81,2179,2179,132,21,-19,-14,-19
57.730469,81,2179,2179,132,20,-18,-14,-19
57.734375,80,2179,2179,132,20,-18,-14,-19
57.738281,80,2179,2179,132,20,-18,-14,-19
57.742188,81,2179,2179,132,20,-18,-14,-19
57.746094,81,2179,2179,132,20,-18,-14,-19
57.750000,80,2179,2179,132,20,-18,-14,-19
57.753906,80,2179,2179,132,20,-19,-14,-19
57.757812,80,2179,2179,132,20,-19,-14,-19
57.761719,80,2179,2179,132,20,-18,-14,-19
57.765625,80,2179,2179,132,20,-18,-14,-19
57.769531,79,2179,2179,132,20,-18,-14,-19
57.773438,79,2179,2179,133,20,-18,-14,-19
57.777344,80,2179,2179,133,20,-19,-14,-19
57.781250,80,2179,2179,133,20,-19,-14,-19
57.785156,79,2179,2179,133,20,-19,-14,-19
57.789062,79,2179,2179,134,20,-19,-14,-19
57.792969,79,2179,2179,134,21,-19,-14,-19
57.796875,79,2179,2179,134,21,-19,-14,-20
57.800781,78,2179,2179,134,20,-19,-14,-19
57.804688,77,2179,2179,134,21,-19,-14,-19
57.808594,77,2179,2179,134,21,-19,-14,-20
57.812500,76,2179,2179,134,20,-19,-14,-19
57.816406,75,2179,2179,134,21,-19,-14,-19
57.820312,74,2179,2179,134,21,-19,-14,-19
57.824219,73,2179,2179,134,21,-19,-14,-19
57.828125,73,2179,2179,134,20,-17,-14,-19
57.832031,72,2179,2179,134,20,-19,-14,-19
57.835938,70,2179,2179,135,21,-19,-14,-19
57.839844,69,2179,2179,135,21,-18,-14,-19
57.843750,69,2179,2179,135,21,-18,-14,-19
57.847656,67,2179,2179,135,20,-18,-14,-19
57.851562,66,2179,2179,135,20,-18,-13,-19
57.855469,65,2179,2179,136,21,-18,-14,-19
57.859375,64,2179,2179,136,21,-18,-14,-19
57.863281,62,2179,2179,136,20,-18,-14,-19
57.867188,60,2179,2179,136,20,-19,-14,-19
57.871094,59,2179,2179,136,21,-19,-14,-19
57.875000,57,2179,2179,136,21,-19,-14,-19
57.878906,55,2179,2179,136,20,-18,-14,-19
57.882812,52,2179,2179,136,20,-18,-14,-19
57.886719,50,2179,2179,136,20,-18,-14,-19
57.890625,47,2179,2179,137,21,-19,-14,-19
57.894531,44,2179,2179,136,20,-18,-14,-19
57.898438,40,2179,2179,135,20,-19,-14,-19
57.902344,37,2179,2179,134,20,-19,-14,-19
57.906250,34,2179,2179,131,21,-19,-14,-19
57.910156,32,2179,2179,125,20,-19,-14,-19
57.914062,29,2179,2179,117,20,-19,-14,-19
57.917969,27,2179,2179,106,20,-19,-14,-19
57.921875,25,2179,2179,93,20,-19,-14,-19
57.925781,23,2179,2179,78,20,-19,-14,-20
57.929688,22,2179,2179,64,20,-19,-14,-19
57.933594,21,2179,2179,50,20,-19,-14,-19
57.937500,19,2179,2179,40,20,-19,-14,-19
57.941406,18,2179,2179,32,20,-19,-14,-19
57.945312,18,2179,2179,27,20,-19,-14,-19
57.949219,17,2179,2179,25,20,-19,-14,-19
57.953125,16,2179,2179,25,20,-19,-14,-19
57.957031,16,2179,2179,26,21,-18,-14,-19
57.960938,15,2179,2179,26,20,-18,-14,-19
57.964844,15,2179,2179,27,20,-18,-13,-19
57.968750,14,2179,2179,27,21,-18,-13,-19
57.972656,13,2179,2179,27,21,-18,-14,-19
57.976562,13,2179,2179,27,21,-18,-14,-19
57.980469,13,2179,2179,26,21,-18,-14,-19
57.984375,12,2179,2179,25,20,-19,-14,-19
57.988281,12,2179,2179,26,21,-18,-14,-19
57.992188,12,2179,2179,26,21,-19,-14,-19
57.996094,12,2179,2179,26,20,-19,-14,-19
58.000000,12,2179,2179,26,20,-19,-14,-19
58.003906,11,2179,2179,26,20,-19,-14,-19
58.007812,11,2179,2179,26,20,-19,-14,-19
58.011719,11,2179,2179,26,20,-19,-14,-20
58.015625,11,2179,2179,26,20,-19,-14,-19
58.019531,10,2179,2179,26,21,-19,-14,-20
58.023438,10,2179,2179,26,21,-19,-14,-20
58.027344,10,2179,2179,26,21,-19,-14,-20
58.031250,10,2179,2179,26,20,-19,-14,-20
58.035156,10,2179,2179,26,20,-19,-14,-20
58.039062,9,2179,2179,26,21,-19,-14,-20
58.042969,10,2179,2179,26,21,-18,-14,-19
58.046875,9,2179,2179,26,21,-18,-14,-19
58.050781,9,2179,2179,26,21,-19,-14,-19
58.054688,9,2179,2179,26,21,-18,-14,-19
58.058594,10,2179,2179,26,21,-18,-14,-19
58.062500,9,2179,2179,26,21,-18,-14,-19
58.066406,9,2179,2179,26,21,-18,-14,-19
58.070312,9,2179,2179,26,21,-18,-14,-19
58.074219,9,2179,2179,26,21,-18,-14,-19
58.078125,10,2179,2179,26,20,-18,-14,-19
58.082031,10,2179,2179,26,20,-18,-14,-19
58.085938,10,2179,2179,26,19,-19,-14,-19
58.089844,10,2179,2179,26,21,-18,-14,-19
58.093750,10,2179,2179,26,20,-18,-14,-19
58.097656,10,2179,2179,26,20,-18,-14,-19
58.101562,10,2179,2179,26,20,-18,-14,-19
58.105469,10,2179,2179,26,20,-18,-14,-19
58.109375,10,2179,2179,26,20,-18,-14,-19
58.113281,11,2179,2179,25,19,-18,-14,-20
58.117188,10,2179,2179,25,19,-19,-14,-19
58.121094,10,2179,2179,25,20,-19,-14,-20
58.125000,10,2179,2179,26,20,-19,-14,-19
58.128906,11,2179,2179,25,20,-19,-14,-19
58.132812,11,2179,2179,25,20,-19,-14,-19
58.136719,11,2179,2179,26,20,-19,-14,-19
58.140625,11,2179,2179,26,20,-19,-14,-19
58.144531,11,2179,2179,25,20,-19,-14,-20
58.148438,11,2179,2179,25,20,-19,-14,-20
58.152344,11,2179,2179,26,20,-19,-14,-20
58.156250,11,2179,2179,26,20,-19,-14,-20
58.160156,11,2179,2179,26,20,-19,-14,-19
58.164062,10,2179,2179,26,20,-18,-14,-19
58.167969,10,2179,2179,26,20,-18,-14,-19
58.171875,10,2179,2179,26,21,-18,-13,-19
58.175781,10,2179,2179,26,21,-18,-13,-19
58.179688,10,2179,2179,26,21,-18,-13,-19
58.183594,10,2179,2179,26,21,-18,-14,-19
58.187500,10,2179,2179,26,21,-18,-14,-19
58.191406,10,2179,2179,26,21,-18,-14,-19
58.195312,11,2179,2179,26,21,-19,-14,-19
58.199219,11,2179,2179,26,21,-19,-14,-19
58.203125,11,2179,2179,26,21,-19,-14,-19
58.207031,11,2179,2179,26,21,-18,-14,-19
58.210938,12,2179,2179,26,20,-18,-14,-19
58.214844,12,2179,2179,26,20,-18,-14,-20
58.218750,12,2179,2179,26,20,-19,-14,-19
58.222656,13,2179,2179,26,20,-18,-14,-19
58.226562,13,2179,2179,26,21,-18,-14,-19
58.230469,13,2179,2179,26,20,-19,-14,-19
58.234375,13,2179,2179,26,20,-19,-14,-19
58.238281,13,2179,2179,26,21,-19,-14,-19
58.242188,14,2179,2179,26,21,-19,-14,-19
58.246094,14,2179,2179,26,21,-19,-14,-19
58.250000,14,2179,2179,26,21,-19,-14,-19
58.253906,13,2179,2179,26,21,-19,-14,-19
58.257812,13,2179,2179,26,21,-19,-14,-19
58.261719,13,2179,2179,26,21,-19,-14,-19
58.265625,13,2179,2179,26,21,-19,-14,-19
58.269531,13,2179,2179,26,21,-19,-14,-19
58.273438,13,2179,2179,26,21,-18,-14,-19
58.277344,13,2179,2179,26,21,-18,-14,-19
58.281250,13,2179,2179,25,20,-19,-14,-19
58.285156,13,2179,2179,26,20,-19,-14,-19
58.289062,13,2179,2179,26,20,-19,-14,-19
58.292969,14,2179,2179,26,20,-18,-14,-19
58.296875,13,2179,2179,26,20,-19,-14,-19
58.300781,13,2179,2179,26,20,-18,-14,-19
58.304688,13,2179,2179,26,20,-18,-14,-19
58.308594,13,2179,2179,26,20,-18,-14,-19
58.312500,13,2179,2179,26,20,-18,-14,-19
58.316406,13,2179,2179,26,20,-18,-14,-19
58.320312,14,2179,2179,26,20,-18,-14,-19
58.324219,14,2179,2179,26,20,-18,-14,-19
58.328125,14,2179,2179,26,20,-18,-14,-19
58.332031,15,2179,2179,26,20,-19,-13,-19
58.335938,15,2179,2179,26,20,-19,-14,-19
58.339844,15,2179,2179,26,20,-19,-14,-19
58.343750,15,2179,2179,27,20,-19,-14,-19
58.347656,14,2179,2179,26,20,-19,-14,-19
58.351562,14,2179,2179,26,20,-19,-14,-20
58.355469,14,2179,2179,26,21,-19,-14,-19
58.359375,14,2179,2179,26,21,-19,-14,-20
58.363281,14,2179,2179,26,20,-19,-14,-19
58.367188,14,2179,2179,26,21,-19,-14,-19
58.371094,14,2179,2179,26,21,-19,-14,-21
58.375000,14,2179,2179,26,21,-19,-14,-19
58.378906,14,2179,2179,26,20,-19,-14,-19
58.382812,14,2179,2179,26,20,-19,-14,-19
58.386719,14,2179,2179,26,21,-19,-14,-19
58.390625,13,2179,2179,26,21,-19,-14,-19
58.394531,14,2179,2179,26,20,-18,-14,-19
58.398438,13,2179,2179,26,20,-18,-14,-19
58.402344,13,2179,2179,26,20,-18,-13,-19
58.406250,13,2179,2179,26,21,-18,-13,-19
58.410156,14,2179,2179,26,21,-18,-13,-19
58.414062,14,2179,2179,26,20,-18,-13,-19
58.417969,13,2179,2179,26,20,-18,-13,-19
58.421875,14,2179,2179,26,21,-18,-13,-19
58.425781,14,2179,2179,26,20,-19,-13,-19
58.429688,14,2179,2179,26,20,-18,-13,-19
58.433594,14,2179,2179,26,20,-19,-13,-19
58.437500,14,2179,2179,26,20,-18,-14,-19
58.441406,14,2179,2179,26,20,-19,-14,-19
58.445312,15,2179,2179,26,20,-18,-14,-19
58.449219,15,2179,2179,26,20,-19,-14,-19
58.453125,14,2179,2179,26,21,-19,-14,-20
58.457031,14,2179,2179,26,21,-19,-14,-19
58.460938,14,2179,2179,26,20,-19,-14,-20
58.464844,15,2179,2179,26,20,-19,-14,-19
58.468750,14,2179,2179,26,21,-19,-14,-20
58.472656,14,2179,2179,26,21,-19,-14,-19
58.476562,14,2179,2179,26,21,-19,-14,-19
58.480469,14,2179,2179,26,20,-19,-14,-19
58.484375,14,2179,2179,26,20,-19,-14,-19
58.488281,14,2179,2179,26,21,-19,-14,-19
58.492188,14,2179,2179,26,21,-19,-14,-19
58.496094,13,2179,2179,26,20,-18,-14,-19
58.500000,13,2179,2179,26,20,-19,-14,-19
58.503906,13,2179,2179,26,21,-18,-14,-19
58.507812,13,2179,2179,26,20,-18,-14,-19
58.511719,13,2179,2179,26,20,-18,-14,-19
58.515625,13,2179,2179,26,20,-18,-14,-19
58.519531,12,2179,2179,26,20,-18,-14,-19
58.523438,12,2179,2179,26,20,-18,-14,-19
58.527344,12,2179,2179,26,21,-18,-14,-19
58.531250,12,2179,2179,26,20,-18,-14,-19
58.535156,11,2179,2179,26,20,-18,-14,-19
58.539062,11,2179,2179,26,20,-18,-14,-19
58.542969,12,2179,2179,26,20,-18,-14,-19
58.546875,12,2179,2179,26,20,-19,-14,-19
58.550781,11,2179,2179,26,20,-19,-14,-19
58.554688,12,2179,2179,26,20,-18,-14,-20
58.558594,12,2179,2179,26,20,-19,-14,-19
58.562500,12,2179,2179,25,20,-19,-14,-20
58.566406,12,2179,2179,25,20,-19,-14,-19
58.570312,11,2179,2179,26,20,-19,-14,-20
58.574219,11,2179,2179,26,20,-19,-14,-20
58.578125,11,2179,2179,26,20,-18,-14,-19
58.582031,10,2179,2179,26,20,-19,-14,-19
58.585938,9,2179,2179,26,20,-19,-14,-20
58.589844,9,2179,2179,27,21,-19,-14,-20
58.593750,9,2179,2179,26,21,-19,-14,-20
58.597656,9,2179,2179,26,21,-19,-14,-20
58.601562,9,2179,2179,26,21,-19,-14,-19
58.605469,9,2179,2179,27,21,-19,-14,-19
58.609375,9,2179,2179,27,21,-19,-14,-19
58.613281,9,2179,2179,26,21,-19,-14,-19
58.617188,8,2179,2179,26,21,-18,-14,-19
58.621094,9,2179,2179,27,21,-18,-14,-19
58.625000,9,2179,2179,27,21,-18,-14,-19
58.628906,9,2179,2179,26,21,-18,-13,-19
58.632812,9,2179,2179,26,20,-18,-13,-19
58.636719,9,2179,2179,27,21,-18,-13,-19
58.640625,9,2179,2179,26,21,-18,-14,-19
58.644531,9,2179,2179,26,21,-18,-13,-19
58.648438,9,2179,2179,26,20,-18,-14,-19
58.652344,9,2179,2179,26,21,-18,-14,-19
58.656250,10,2179,2179,26,21,-18,-13,-19
58.660156,10,2179,2179,26,21,-18,-14,-19
58.664062,10,2179,2179,26,20,-18,-14,-19
58.667969,10,2179,2179,26,20,-19,-14,-19
58.671875,11,2179,2179,26,20,-19,-14,-20
58.675781,11,2179,2179,26,20,-19,-14,-20
58.679688,11,2179,2179,26,20,-19,-14,-20
58.683594,11,2179,2179,26,20,-19,-14,-20
58.687500,11,2179,2179,26,21,-19,-14,-19
58.691406,11,2179,2179,26,20,-18,-14,-19
58.695312,11,2179,2179,26,20,-19,-14,-19
58.699219,11,2179,2179,26,20,-19,-14,-19
58.703125,11,2179,2179,26,20,-19,-14,-19
58.707031,11,2179,2179,26,20,-19,-14,-19
58.710938,11,2179,2179,25,20,-19,-14,-19
58.714844,11,2179,2179,25,20,-19,-14,-20
58.718750,11,2179,2179,25,20,-19,-14,-19
58.722656,11,2179,2179,26,20,-19,-14,-19
58.726562,11,2179,2179,26,20,-19,-14,-19
58.730469,11,2179,2179,25,20,-18,-14,-19
58.734375,11,2179,2179,25,20,-19,-14,-19
58.738281,11,2179,2179,26,20,-18,-14,-19
58.742188,11,2179,2179,26,20,-18,-13,-19
58.746094,11,2179,2179,25,20,-18,-13,-18
58.750000,11,2179,2179,26,20,-18,-13,-19
58.753906,11,2179,2179,26,20,-18,-14,-19
58.757812,11,2179,2179,26,20,-18,-14,-19
58.761719,12,2179,2179,26,20,-18,-14,-19
58.765625,12,2179,2179,26,20,-18,-13,-19
58.769531,12,2179,2179,26,21,-18,-14,-19
58.773438,12,2179,2179,26,21,-18,-14,-19
58.777344,12,2179,2179,26,21,-18,-14,-19
58.781250,11,2179,2179,26,20,-19,-14,-19
58.785156,11,2179,2179,26,20,-18,-14,-19
58.789062,11,2179,2179,26,21,-18,-14,-20
58.792969,11,2179,2179,26,21,-19,-14,-20
58.796875,11,2179,2179,26,20,-19,-14,-20
58.800781,11,2179,2179,26,20,-19,-14,-20
58.804688,11,2179,2179,26,21,-19,-14,-20
58.808594,10,2179,2179,26,21,-19,-14,-20
58.812500,10,2179,2179,26,20,-19,-14,-19
58.816406,10,2179,2179,26,20,-19,-14,-20
58.820312,9,2179,2179,26,21,-19,-14,-19
58.824219,9,2179,2179,26,21,-18,-14,-19
58.828125,9,2179,2179,26,21,-18,-14,-19
58.832031,9,2179,2179,26,20,-18,-14,-19
58.835938,8,2179,2179,26,20,-18,-14,-19
58.839844,8,2179,2179,26,21,-19,-14,-19
58.843750,8,2179,2179,26,21,-18,-13,-19
58.847656,8,2179,2179,26,20,-19,-13,-19
58.851562,8,2179,2179,26,20,-18,-14,-19
58.855469,8,2179,2179,26,21,-19,-13,-19
58.859375,8,2179,2179,26,21,-18,-14,-19
58.863281,8,2179,2179,26,20,-18,-14,-19
58.867188,8,2179,2179,26,20,-19,-13,-19
58.871094,8,2179,2179,26,21,-19,-14,-19
58.875000,8,2179,2179,26,21,-18,-14,-19
58.878906,8,2179,2179,26,20,-18,-14,-19
58.882812,8,2179,2179,26,20,-18,-14,-19
58.886719,8,2179,2179,26,21,-18,-14,-19
58.890625,9,2179,2179,26,20,-18,-14,-19
58.894531,9,2179,2179,26,20,-18,-14,-19
58.898438,9,2179,2179,26,20,-19,-14,-19
58.902344,9,2179,2179,26,20,-19,-14,-19
58.906250,9,2179,2179,26,20,-19,-14,-19
58.910156,10,2179,2179,26,20,-19,-14,-19
58.914062,10,2179,2179,25,20,-19,-14,-19
58.917969,9,2179,2179,25,20,-19,-14,-19
58.921875,10,2179,2179,26,20,-19,-14,-20
58.925781,10,2179,2179,26,20,-19,-14,-20
58.929688,10,2179,2179,25,20,-19,-14,-20
58.933594,11,2179,2179,26,20,-19,-14,-20
58.937500,10,2179,2179,26,21,-19,-14,-20
58.941406,10,2179,2179,26,21,-19,-14,-20
58.945312,11,2179,2179,26,20,-19,-14,-20
58.949219,11,2179,2179,26,20,-19,-13,-19
58.953125,10,2179,2179,26,21,-18,-13,-19
58.957031,11,2179,2179,26,21,-18,-13,-19
58.960938,11,2179,2179,26,21,-18,-14,-19
58.964844,11,2179,2179,26,20,-18,-13,-19
58.968750,11,2179,2179,26,20,-18,-13,-19
58.972656,11,2179,2179,26,21,-18,-14,-19
58.976562,12,2179,2179,26,20,-18,-14,-19
58.980469,12,2179,2179,26,20,-18,-14,-19
58.984375,11,2179,2179,26,20,-19,-14,-19
58.988281,11,2179,2179,26,21,-18,-14,-19
58.992188,11,2179,2179,26,21,-18,-14,-19
58.996094,11,2179,2179,26,20,-18,-14,-19
59.000000,11,2179,2179,26,20,-18,-14,-19
59.003906,11,2179,2179,26,20,-18,-15,-20
59.007812,11,2179,2179,26,20,-18,-14,-19
59.011719,11,2179,2179,26,20,-18,-14,-20
59.015625,11,2179,2179,26,20,-18,-14,-19
59.019531,11,2179,2179,26,21,-18,-14,-20
59.023438,11,2179,2179,26,21,-18,-14,-19
59.027344,11,2179,2179,26,21,-19,-14,-19
59.031250,11,2179,2179,26,20,-19,-14,-19
59.035156,10,2179,2179,26,20,-19,-14,-19
59.039062,10,2179,2179,26,21,-19,-14,-19
59.042969,10,2179,2179,26,21,-19,-14,-19
59.046875,10,2179,2179,26,20,-19,-14,-19
59.050781,10,2179,2179,26,20,-19,-14,-19
59.054688,10,2179,2179,26,21,-19,-14,-19
59.058594,10,2179,2179,26,21,-18,-14,-19
59.062500,10,2179,2179,26,20,-19,-14,-19
59.066406,9,2179,2179,26,20,-18,-14,-19
59.070312,9,2179,2179,26,21,-18,-13,-19
59.074219,9,2179,2179,26,21,-19,-14,-19
59.078125,10,2179,2179,26,20,-19,-14,-19
59.082031,10,2179,2179,26,20,-18,-14,-19
59.085938,10,2179,2179,26,20,-18,-14,-19
59.089844,10,2179,2179,26,21,-18,-14,-19
59.093750,11,2179,2179,26,20,-19,-14,-19
59.097656,11,2179,2179,26,20,-19,-14,-19
59.101562,11,2179,2179,26,20,-19,-14,-19
59.105469,11,2179,2179,26,20,-19,-14,-19
59.109375,12,2179,2179,26,20,-18,-14,-19
59.113281,12,2179,2179,25,19,-19,-14,-19
59.117188,12,2179,2179,25,20,-19,-14,-19
59.121094,13,2179,2179,26,20,-19,-14,-19
59.125000,13,2179,2179,26,20,-19,-14,-19
59.128906,14,2179,2179,25,20,-19,-13,-20
59.132812,14,2179,2179,25,20,-19,-14,-20
59.136719,14,2179,2179,26,20,-19,-14,-19
59.140625,15,2179,2179,26,20,-19,-14,-20
59.144531,15,2179,2179,26,20,-19,-14,-20
59.148438,16,2179,2179,26,20,-19,-14,-20
59.152344,16,2179,2179,26,20,-19,-14,-19
59.156250,16,2179,2179,26,21,-19,-14,-20
59.160156,17,2179,2179,26,21,-19,-14,-19
59.164062,17,2179,2179,26,20,-19,-14,-19
59.167969,17,2179,2179,26,20,-19,-14,-19
59.171875,18,2179,2179,26,21,-19,-14,-19
59.175781,19,2179,2179,26,21,-18,-14,-19
59.179688,20,2179,2179,26,20,-18,-14,-19
59.183594,21,2179,2179,26,20,-18,-14,-19
59.187500,21,2179,2179,26,21,-18,-14,-19
59.191406,22,2179,2179,26,21,-18,-14,-19
59.195312,24,2179,2179,26,20,-18,-14,-19
59.199219,25,2179,2179,26,20,-18,-14,-19
59.203125,25,2179,2179,26,21,-18,-14,-19
59.207031,26,2179,2179,27,21,-18,-14,-19
59.210938,27,2179,2179,26,21,-18,-14,-19
59.214844,29,2179,2179,26,21,-18,-14,-19
59.218750,29,2179,2179,26,21,-18,-13,-19
59.222656,31,2179,2179,26,21,-18,-14,-19
59.226562,32,2179,2179,26,21,-18,-13,-19
59.230469,34,2179,2179,26,20,-19,-13,-19
59.234375,35,2179,2179,26,20,-19,-14,-20
59.238281,37,2179,2179,26,21,-19,-14,-19
59.242188,39,2179,2179,26,21,-19,-14,-19
59.246094,40,2179,2179,26,20,-19,-14,-19
59.250000,42,2179,2179,26,20,-18,-14,-20
59.253906,44,2179,2179,26,21,-19,-14,-19
59.257812,46,2179,2179,26,21,-19,-14,-19
59.261719,48,2179,2179,26,20,-19,-14,-20
59.265625,50,2179,2179,26,20,-19,-14,-20
59.269531,52,2179,2179,26,20,-19,-14,-19
59.273438,54,2179,2179,26,20,-19,-14,-20
59.277344,56,2179,2179,26,20,-19,-14,-19
59.281250,57,2179,2179,26,20,-19,-14,-19
59.285156,58,2179,2179,26,20,-19,-14,-19
59.289062,59,2179,2179,26,20,-19,-14,-19
59.292969,61,2179,2179,26,20,-18,-14,-19
59.296875,62,2179,2179,26,20,-18,-14,-19
59.300781,62,2179,2179,26,20,-18,-14,-19
59.304688,63,2179,2179,26,20,-18,-14,-19
59.308594,64,2179,2179,26,20,-18,-14,-19
59.312500,65,2179,2179,26,20,-18,-14,-19
59.316406,66,2179,2179,26,20,-19,-14,-19
59.320312,66,2179,2179,26,20,-18,-14,-19
59.324219,67,2179,2179,26,20,-18,-14,-19
59.328125,68,2179,2179,26,20,-18,-14,-19
59.332031,68,2179,2179,26,20,-18,-14,-19
59.335938,68,2179,2179,27,20,-18,-14,-19
59.339844,69,2179,2179,27,20,-18,-14,-19
59.343750,70,2179,2179,27,20,-18,-14,-19
59.347656,70,2179,2179,26,20,-19,-14,-19
59.351562,70,2179,2179,26,20,-19,-14,-19
59.355469,71,2179,2179,26,20,-19,-14,-19
59.359375,72,2179,2179,26,20,-19,-14,-19
59.363281,73,2179,2179,25,20,-19,-14,-19
59.367188,73,2179,2179,26,20,-19,-14,-19
59.371094,74,2179,2179,26,21,-19,-14,-19
59.375000,74,2179,2179,26,21,-19,-14,-20
59.378906,75,2179,2179,26,20,-19,-13,-19
59.382812,75,2179,2179,26,20,-19,-14,-19
59.386719,75,2179,2179,26,21,-19,-14,-19
59.390625,76,2179,2179,26,21,-19,-14,-19
59.394531,76,2179,2179,26,20,-19,-14,-19
59.398438,76,2179,2179,26,20,-19,-14,-19
59.402344,77,2179,2179,26,20,-18,-14,-19
59.406250,77,2179,2179,26,21,-18,-14,-19
59.410156,78,2179,2179,26,21,-18,-13,-19
59.414062,79,2179,2179,26,20,-18,-13,-19
59.417969,79,2179,2179,26,20,-18,-13,-19
59.421875,80,2179,2179,26,21,-18,-14,-19
59.425781,80,2179,2179,26,21,-18,-14,-19
59.429688,81,2179,2179,26,21,-18,-14,-19
59.433594,81,2179,2179,26,21,-18,-14,-19
59.437500,81,2179,2179,27,21,-19,-14,-19
59.441406,81,2179,2179,26,21,-19,-14,-19
59.445312,82,2179,2179,26,20,-18,-14,-19
59.449219,82,2179,2179,26,20,-18,-14,-19
59.453125,82,2179,2179,26,20,-18,-14,-19
59.457031,82,2179,2179,26,21,-18,-14,-19
59.460938,83,2179,2179,26,20,-19,-14,-20
59.464844,83,2179,2179,26,20,-19,-14,-20
59.468750,83,2179,2179,26,20,-19,-14,-20
59.472656,83,2179,2179,26,20,-19,-14,-20
59.476562,83,2179,2179,27,21,-19,-14,-20
59.480469,83,2179,2179,26,20,-19,-14,-20
59.484375,82,2179,2179,26,20,-19,-14,-20
59.488281,82,2179,2179,27,20,-19,-14,-19
59.492188,82,2179,2179,27,20,-19,-14,-19
59.496094,82,2179,2179,26,20,-19,-14,-20
59.500000,82,2179,2179,26,20,-18,-14,-19
59.503906,82,2179,2179,26,20,-18,-13,-19
59.507812,82,2179,2179,26,20,-18,-14,-19
59.511719,82,2179,2179,26,20,-15,-14,-19
59.515625,82,2179,2179,27,20,-18,-14,-19
59.519531,81,2179,2179,28,21,-19,-14,-19
59.523438,81,2179,2179,29,21,-18,-14,-19
59.527344,81,2179,2179,29,20,-18,-14,-19
59.531250,81,2179,2179,30,20,-18,-14,-19
59.535156,81,2179,2179,31,20,-19,-14,-19
59.539062,81,2179,2179,31,20,-19,-13,-19
59.542969,82,2179,2179,32,20,-19,-14,-19
59.546875,82,2179,2179,33,20,-19,-14,-19
59.550781,82,2179,2179,34,20,-18,-14,-19
59.554688,82,2179,2179,36,20,-19,-14,-19
59.558594,82,2179,2179,38,20,-18,-14,-19
59.562500,82,2179,2179,39,20,-18,-14,-20
59.566406,83,2179,2179,41,20,-18,-14,-19
59.570312,82,2179,2179,43,20,-18,-14,-19
59.574219,82,2179,2179,44,20,-19,-14,-19
59.578125,82,2179,2179,46,20,-19,-14,-19
59.582031,82,2179,2179,47,20,-19,-14,-19
59.585938,82,2179,2179,49,20,-19,-14,-19
59.589844,82,2179,2179,51,21,-19,-14,-19
59.593750,82,2179,2179,52,21,-19,-14,-19
59.597656,82,2179,2179,54,21,-19,-14,-19
59.601562,81,2179,2179,55,21,-19,-14,-19
59.605469,81,2179,2179,57,21,-19,-14,-20
59.609375,82,2179,2179,58,21,-19,-14,-19
59.613281,82,2179,2179,58,21,-19,-14,-19
59.617188,82,2179,2179,60,21,-19,-14,-19
59.621094,81,2179,2179,61,21,-19,-14,-19
59.625000,81,2179,2179,62,21,-19,-14,-19
59.628906,81,2179,2179,63,21,-18,-13,-19
59.632812,81,2179,2179,64,21,-19,-14,-19
59.636719,81,2179,2179,65,21,-26,-13,-19
59.640625,81,2179,2179,65,21,-18,-13,-19
59.644531,81,2179,2179,65,21,-18,-13,-19
59.648438,82,2179,2179,65,21,-18,-14,-19
59.652344,82,2179,2179,66,21,-18,-13,-19
59.656250,82,2179,2179,67,21,-18,-13,-19
59.660156,82,2179,2179,68,21,-18,-14,-19
59.664062,82,2179,2179,69,20,-18,-14,-19
59.667969,82,2179,2179,71,20,-18,-14,-19
59.671875,82,2179,2179,73,21,-19,-14,-19
59.675781,83,2179,2179,74,20,-18,-14,-19
59.679688,83,2179,2179,75,20,-19,-14,-19
59.683594,83,2179,2179,76,20,-19,-14,-19
59.687500,82,2179,2179,77,20,-19,-14,-19
59.691406,82,2179,2179,79,20,-19,-14,-20
59.695312,83,2179,2179,80,20,-19,-14,-19
59.699219,82,2179,2179,82,20,-19,-14,-20
59.703125,82,2179,2179,83,20,-19,-14,-20
59.707031,82,2179,2179,85,20,-19,-14,-19
59.710938,83,2179,2179,85,20,-19,-14,-19
59.714844,83,2179,2179,86,20,-19,-14,-20
59.718750,83,2179,2179,87,20,-19,-14,-19
59.722656,82,2179,2179,88,20,-19,-14,-19
59.726562,83,2179,2179,89,20,-19,-14,-19
59.730469,82,2179,2179,89,20,-19,-14,-19
59.734375,82,2179,2179,90,20,-19,-14,-19
59.738281,82,2179,2179,91,20,-19,-14,-19
59.742188,82,2179,2179,92,20,-18,-14,-19
59.746094,82,2179,2179,92,20,-19,-14,-19
59.750000,82,2179,2179,93,20,-18,-13,-19
59.753906,82,2179,2179,93,21,-18,-13,-19
59.757812,82,2179,2179,94,21,-18,-14,-19
59.761719,83,2179,2179,94,20,-13,-14,-19
59.765625,83,2179,2179,95,20,-18,-14,-19
59.769531,83,2179,2179,97,21,-18,-14,-19
59.773438,83,2179,2179,98,21,-18,-14,-19
59.777344,83,2179,2179,98,20,-18,-14,-19
59.781250,83,2179,2179,99,20,-18,-13,-19
59.785156,83,2179,2179,99,20,-18,-14,-19
59.789062,83,2179,2179,99,20,-18,-13,-19
59.792969,84,2179,2179,99,20,-18,-13,-19
59.796875,84,2179,2179,98,20,-19,-13,-19
59.800781,84,2179,2179,98,20,-19,-14,-19
59.804688,84,2179,2179,99,21,-19,-14,-20
59.808594,84,2179,2179,100,21,-19,-14,-20
59.812500,84,2179,2179,100,21,-19,-14,-19
59.816406,84,2179,2179,101,21,-19,-14,-19
59.820312,83,2179,2179,103,21,-19,-14,-20
59.824219,83,2179,2179,103,21,-19,-14,-20
59.828125,83,2179,2179,104,21,-19,-14,-20
59.832031,83,2179,2179,104,21,-19,-14,-19
59.835938,83,2179,2179,104,20,-19,-14,-20
59.839844,83,2179,2179,104,21,-19,-14,-20
59.843750,83,2179,2179,104,21,-19,-14,-19
59.847656,82,2179,2179,104,20,-19,-14,-19
59.851562,82,2179,2179,105,20,-18,-14,-19
59.855469,82,2179,2179,106,21,-18,-14,-19
59.859375,83,2179,2179,107,21,-18,-14,-19
59.863281,83,2179,2179,107,20,-18,-13,-19
59.867188,82,2179,2179,107,20,-18,-13,-19
59.871094,83,2179,2179,108,20,-18,-13,-19
59.875000,83,2179,2179,108,20,-18,-13,-19
59.878906,83,2179,2179,108,20,-19,-14,-19
59.882812,83,2179,2179,107,20,-18,-14,-19
59.886719,82,2179,2179,108,21,-21,-14,-19
59.890625,82,2179,2179,108,21,-19,-14,-19
59.894531,82,2179,2179,108,20,-19,-14,-20
59.898438,83,2179,2179,109,20,-19,-14,-19
59.902344,83,2179,2179,109,20,-19,-14,-19
59.906250,83,2179,2179,110,20,-19,-14,-19
59.910156,83,2179,2179,110,21,-19,-14,-19
59.914062,83,2179,2179,109,20,-19,-14,-19
59.917969,83,2179,2179,109,20,-19,-14,-19
59.921875,83,2179,2179,110,20,-19,-14,-19
59.925781,83,2179,2179,110,20,-19,-14,-20
59.929688,83,2179,2179,110,20,-18,-14,-20
59.933594,83,2179,2179,110,20,-19,-14,-20
59.937500,83,2179,2179,111,20,-19,-14,-19
59.941406,83,2179,2179,112,20,-19,-14,-19
59.945312,83,2179,2179,111,20,-19,-14,-19
59.949219,83,2179,2179,111,20,-19,-14,-19
59.953125,83,2179,2179,112,20,-19,-14,-19
59.957031,82,2179,2179,112,20,-19,-14,-19
59.960938,82,2179,2179,112,20,-18,-14,-19
59.964844,82,2179,2179,112,20,-18,-13,-19
59.968750,82,2179,2179,113,20,-18,-14,-19
59.972656,82,2179,2179,114,21,-18,-14,-19
59.976562,82,2179,2179,115,21,-18,-14,-19
59.980469,83,2179,2179,115,20,-18,-14,-19
59.984375,83,2179,2179,116,20,-19,-14,-19
59.988281,83,2179,2179,116,20,-18,-14,-19
59.992188,82,2179,2179,116,20,-19,-14,-19
59.996094,83,2179,2179,115,20,-19,-14,-19
