time_s,raw_ch1,raw_ch2,raw_ch3,raw_ch4,raw_ch5,raw_ch6,raw_ch7,raw_ch8
0.000000,14,2179,2179,18,9,-24,-19,-21
0.003906,14,2179,2179,18,9,-24,-19,-21
0.007812,14,2179,2179,18,9,-24,-19,-21
0.011719,14,2179,2179,18,9,-24,-19,-21
0.015625,13,2179,2179,18,10,-24,-19,-21
0.019531,13,2179,2179,18,10,-24,-19,-21
0.023438,13,2179,2179,18,10,-23,-19,-21
0.027344,13,2179,2179,19,10,-24,-19,-21
0.031250,13,2179,2179,20,9,-24,-19,-21
0.035156,12,2179,2179,20,10,-24,-19,-21
0.039062,13,2179,2179,20,10,-24,-19,-22
0.042969,13,2179,2179,20,10,-24,-19,-22
0.046875,13,2179,2179,19,10,-24,-20,-22
0.050781,13,2179,2179,19,10,-24,-19,-22
0.054688,14,2179,2179,19,10,-24,-19,-22
0.058594,14,2179,2179,19,9,-24,-19,-22
0.062500,14,2179,2179,19,9,-24,-19,-21
0.066406,15,2179,2179,19,9,-24,-19,-21
0.070312,14,2179,2179,19,10,-24,-19,-21
0.074219,15,2179,2179,18,9,-23,-19,-21
0.078125,14,2179,2179,19,9,-24,-19,-21
0.082031,14,2179,2179,19,9,-24,-19,-21
0.085938,14,2179,2179,19,10,-24,-19,-21
0.089844,14,2179,2179,19,9,-24,-19,-22
0.093750,14,2179,2179,19,9,-24,-19,-22
0.097656,14,2179,2179,19,10,-24,-20,-22
0.101562,14,2179,2179,19,10,-24,-20,-22
0.105469,14,2179,2179,19,10,-24,-20,-22
0.109375,14,2179,2179,19,10,-25,-20,-22
0.113281,14,2179,2179,19,10,-24,-20,-22
0.117188,13,2179,2179,20,11,-25,-20,-22
0.121094,14,2179,2179,20,11,-25,-20,-22
0.125000,14,2179,2179,20,10,-25,-20,-22
0.128906,14,2179,2179,20,10,-25,-20,-22
0.132812,13,2179,2179,20,10,-25,-20,-22
0.136719,14,2179,2179,20,10,-24,-20,-22
0.140625,14,2179,2179,19,10,-24,-20,-22
0.144531,15,2179,2179,19,10,-24,-20,-21
0.148438,15,2179,2179,19,10,-25,-19,-22
0.152344,15,2179,2179,19,10,-24,-19,-21
0.156250,15,2179,2179,19,8,-24,-19,-21
0.160156,16,2179,2179,19,9,-24,-19,-21
0.164062,15,2179,2179,19,9,-24,-19,-21
0.167969,16,2179,2179,19,9,-24,-19,-21
0.171875,16,2179,2179,18,8,-24,-19,-21
0.175781,16,2179,2179,18,8,-24,-19,-22
0.179688,15,2179,2179,18,8,-24,-20,-22
0.183594,15,2179,2179,18,8,-24,-20,-22
0.187500,15,2179,2179,18,9,-24,-20,-22
0.191406,15,2179,2179,18,9,-25,-20,-22
0.195312,15,2179,2179,18,9,-25,-20,-22
0.199219,14,2179,2179,19,9,-25,-20,-22
0.203125,14,2179,2179,19,9,-24,-20,-22
0.207031,14,2179,2179,19,9,-24,-20,-21
0.210938,14,2179,2179,19,9,-24,-20,-21
0.214844,14,2179,2179,19,9,-24,-20,-21
0.218750,14,2179,2179,19,9,-24,-19,-21
0.222656,14,2179,2179,18,9,-24,-20,-22
0.226562,14,2179,2179,18,9,-24,-20,-22
0.230469,14,2179,2179,19,9,-25,-20,-22
0.234375,14,2179,2179,19,10,-25,-20,-22
0.238281,14,2179,2179,19,10,-25,-20,-22
0.242188,14,2179,2179,19,10,-24,-20,-22
0.246094,14,2179,2179,19,10,-24,-20,-21
0.250000,14,2179,2179,19,10,-24,-19,-21
0.253906,15,2179,2179,19,10,-23,-19,-21
0.257812,15,2179,2179,19,10,-24,-19,-21
0.261719,15,2179,2179,19,9,-23,-19,-21
0.265625,15,2179,2179,19,9,-23,-19,-21
0.269531,15,2179,2179,19,9,-23,-19,-21
0.273438,16,2179,2179,19,9,-23,-19,-21
0.277344,16,2179,2179,19,9,-24,-19,-21
0.281250,15,2179,2179,19,8,-24,-19,-21
0.285156,15,2179,2179,19,9,-24,-20,-22
0.289062,16,2179,2179,19,9,-24,-20,-21
0.292969,16,2179,2179,18,9,-24,-20,-21
0.296875,15,2179,2179,18,9,-24,-20,-21
0.300781,15,2179,2179,19,10,-24,-19,-21
0.304688,15,2179,2179,19,10,-23,-19,-21
0.308594,15,2179,2179,19,9,-23,-19,-21
0.312500,15,2179,2179,19,9,-23,-19,-21
0.316406,15,2179,2179,19,10,-23,-19,-21
0.320312,15,2179,2179,19,9,-23,-19,-21
0.324219,15,2179,2179,18,9,-23,-19,-21
0.328125,15,2179,2179,18,9,-24,-19,-21
0.332031,15,2179,2179,19,9,-24,-19,-21
0.335938,15,2179,2179,19,9,-24,-19,-21
0.339844,15,2179,2179,18,9,-24,-20,-22
0.343750,15,2179,2179,18,9,-24,-19,-21
0.347656,14,2179,2179,19,9,-24,-19,-21
0.351562,14,2179,2179,19,9,-24,-19,-21
0.355469,15,2179,2179,19,9,-24,-19,-21
0.359375,14,2179,2179,18,9,-24,-19,-21
0.363281,14,2179,2179,18,8,-24,-19,-21
0.367188,14,2179,2179,18,9,-24,-19,-21
0.371094,15,2179,2179,18,9,-24,-19,-21
0.375000,15,2179,2179,18,8,-24,-19,-21
0.378906,16,2179,2179,18,8,-24,-19,-21
0.382812,15,2179,2179,19,9,-24,-19,-21
0.386719,15,2179,2179,18,9,-23,-19,-21
0.390625,16,2179,2179,18,8,-23,-19,-21
0.394531,16,2179,2179,18,8,-23,-19,-21
0.398438,16,2179,2179,19,9,-24,-19,-21
0.402344,16,2179,2179,19,9,-23,-19,-21
0.406250,16,2179,2179,18,8,-23,-19,-21
0.410156,16,2179,2179,18,9,-24,-19,-21
0.414062,16,2179,2179,19,9,-24,-19,-21
0.417969,15,2179,2179,19,9,-24,-19,-21
0.421875,16,2179,2179,19,9,-24,-19,-21
0.425781,16,2179,2179,18,9,-24,-19,-21
0.429688,15,2179,2179,18,9,-24,-19,-22
0.433594,16,2179,2179,18,9,-24,-19,-22
0.437500,16,2179,2179,19,9,-24,-19,-22
0.441406,16,2179,2179,18,9,-24,-19,-22
0.445312,16,2179,2179,18,9,-24,-19,-22
0.449219,16,2179,2179,19,9,-24,-20,-22
0.453125,16,2179,2179,19,9,-24,-20,-22
0.457031,16,2179,2179,19,9,-25,-20,-22
0.460938,16,2179,2179,19,9,-25,-20,-22
0.464844,16,2179,2179,19,9,-25,-20,-22
0.468750,15,2179,2179,19,9,-24,-20,-22
0.472656,16,2179,2179,19,9,-24,-20,-22
0.476562,16,2179,2179,19,9,-24,-19,-22
0.480469,16,2179,2179,18,9,-24,-19,-21
0.484375,16,2179,2179,19,9,-24,-19,-21
0.488281,17,2179,2179,18,9,-24,-19,-21
0.492188,17,2179,2179,18,9,-24,-19,-21
0.496094,16,2179,2179,19,9,-24,-20,-22
0.500000,16,2179,2179,19,10,-25,-20,-22
0.503906,16,2179,2179,19,10,-25,-20,-22
0.507812,16,2179,2179,20,10,-25,-20,-22
0.511719,15,2179,2179,20,10,-25,-20,-22
0.515625,15,2179,2179,20,11,-25,-20,-22
0.519531,15,2179,2179,20,11,-24,-20,-22
0.523438,15,2179,2179,20,10,-24,-20,-21
0.527344,15,2179,2179,20,10,-24,-20,-21
0.531250,15,2179,2179,20,9,-24,-20,-21
0.535156,15,2179,2179,19,10,-24,-20,-21
0.539062,15,2179,2179,19,10,-24,-19,-21
0.542969,15,2179,2179,19,9,-24,-19,-21
0.546875,15,2179,2179,19,9,-24,-19,-21
0.550781,15,2179,2179,19,10,-23,-19,-21
0.554688,15,2179,2179,19,9,-23,-19,-21
0.558594,15,2179,2179,19,9,-23,-19,-21
0.562500,15,2179,2179,18,9,-23,-19,-21
0.566406,15,2179,2179,19,9,-23,-19,-21
0.570312,16,2179,2179,19,9,-23,-18,-21
0.574219,16,2179,2179,18,8,-23,-19,-21
0.578125,16,2179,2179,18,8,-23,-19,-21
0.582031,16,2179,2179,18,9,-23,-19,-21
0.585938,16,2179,2179,18,9,-23,-19,-21
0.589844,16,2179,2179,18,8,-24,-19,-21
0.593750,16,2179,2179,18,8,-24,-19,-21
0.597656,16,2179,2179,18,8,-23,-19,-21
0.601562,16,2179,2179,18,9,-23,-19,-21
0.605469,16,2179,2179,18,9,-24,-19,-21
0.609375,16,2179,2179,18,8,-24,-19,-21
0.613281,16,2179,2179,18,8,-24,-19,-21
0.617188,16,2179,2179,19,9,-24,-19,-22
0.621094,16,2179,2179,19,9,-24,-19,-22
0.625000,16,2179,2179,18,9,-24,-19,-22
0.628906,16,2179,2179,18,9,-25,-19,-22
0.632812,15,2179,2179,19,9,-24,-19,-22
0.636719,15,2179,2179,19,9,-24,-19,-21
0.640625,15,2179,2179,18,9,-24,-19,-21
0.644531,15,2179,2179,18,9,-24,-19,-21
0.648438,15,2179,2179,19,9,-24,-19,-21
0.652344,15,2179,2179,19,9,-24,-19,-21
0.656250,16,2179,2179,19,8,-24,-19,-21
0.660156,16,2179,2179,18,9,-24,-19,-21
0.664062,16,2179,2179,19,9,-24,-19,-21
0.667969,16,2179,2179,19,10,-24,-19,-21
0.671875,17,2179,2179,19,9,-24,-19,-21
0.675781,17,2179,2179,19,9,-24,-19,-21
0.679688,17,2179,2179,19,9,-24,-19,-21
0.683594,17,2179,2179,19,9,-24,-19,-21
0.687500,17,2179,2179,19,9,-24,-19,-21
0.691406,17,2179,2179,18,9,-24,-19,-22
0.695312,17,2179,2179,18,9,-24,-19,-22
0.699219,17,2179,2179,19,9,-24,-19,-22
0.703125,16,2179,2179,19,10,-24,-19,-22
0.707031,17,2179,2179,19,9,-24,-19,-22
0.710938,17,2179,2179,19,9,-24,-19,-21
0.714844,16,2179,2179,19,10,-24,-19,-21
0.718750,16,2179,2179,19,10,-24,-19,-21
0.722656,16,2179,2179,19,10,-24,-19,-21
0.726562,16,2179,2179,19,9,-24,-19,-21
0.730469,16,2179,2179,19,9,-24,-19,-21
0.734375,15,2179,2179,19,9,-24,-20,-21
0.738281,15,2179,2179,19,9,-24,-19,-21
0.742188,15,2179,2179,18,9,-24,-19,-21
0.746094,15,2179,2179,18,9,-24,-19,-21
0.750000,15,2179,2179,19,9,-24,-19,-22
0.753906,16,2179,2179,19,9,-24,-19,-21
0.757812,16,2179,2179,18,9,-24,-19,-21
0.761719,16,2179,2179,18,9,-23,-19,-21
0.765625,15,2179,2179,18,9,-24,-19,-21
0.769531,15,2179,2179,18,9,-24,-19,-21
0.773438,16,2179,2179,18,8,-23,-19,-21
0.777344,15,2179,2179,18,9,-24,-19,-21
0.781250,15,2179,2179,18,7,-24,-19,-21
0.785156,15,2179,2179,18,9,-24,-19,-22
0.789062,15,2179,2179,18,9,-24,-19,-22
0.792969,15,2179,2179,18,8,-24,-19,-22
0.796875,15,2179,2179,18,9,-24,-19,-22
0.800781,15,2179,2179,18,9,-24,-20,-22
0.804688,15,2179,2179,18,9,-24,-20,-22
0.808594,15,2179,2179,18,9,-24,-20,-22
0.812500,14,2179,2179,18,9,-24,-20,-22
0.816406,14,2179,2179,19,9,-24,-20,-22
0.820312,14,2179,2179,19,9,-24,-20,-22
0.824219,14,2179,2179,18,9,-24,-19,-21
0.828125,14,2179,2179,18,9,-24,-19,-21
0.832031,14,2179,2179,19,9,-24,-19,-21
0.835938,14,2179,2179,19,9,-24,-20,-22
0.839844,15,2179,2179,18,9,-24,-20,-22
0.843750,15,2179,2179,18,9,-24,-20,-22
0.847656,14,2179,2179,19,9,-24,-20,-22
0.851562,14,2179,2179,18,9,-24,-20,-22
0.855469,15,2179,2179,18,10,-24,-20,-22
0.859375,15,2179,2179,18,9,-24,-19,-22
0.863281,15,2179,2179,18,9,-24,-19,-22
0.867188,15,2179,2179,19,10,-24,-19,-21
0.871094,15,2179,2179,19,9,-24,-19,-21
0.875000,15,2179,2179,18,9,-24,-19,-21
0.878906,16,2179,2179,19,9,-24,-19,-21
0.882812,15,2179,2179,19,9,-24,-19,-21
0.886719,16,2179,2179,19,10,-24,-19,-21
0.890625,16,2179,2179,19,9,-24,-19,-22
0.894531,16,2179,2179,19,9,-24,-19,-22
0.898438,16,2179,2179,19,10,-24,-19,-22
0.902344,16,2179,2179,19,10,-24,-19,-22
0.906250,17,2179,2179,19,8,-24,-19,-21
0.910156,17,2179,2179,19,9,-24,-19,-21
0.914062,17,2179,2179,19,9,-24,-19,-21
0.917969,17,2179,2179,19,10,-24,-19,-21
0.921875,18,2179,2179,19,10,-24,-19,-21
0.925781,18,2179,2179,19,9,-24,-20,-21
0.929688,17,2179,2179,19,9,-24,-19,-21
0.933594,18,2179,2179,19,10,-24,-19,-21
0.937500,18,2179,2179,19,10,-24,-19,-21
0.941406,18,2179,2179,18,9,-24,-19,-21
0.945312,18,2179,2179,18,9,-24,-19,-21
0.949219,18,2179,2179,18,9,-24,-19,-21
0.953125,18,2179,2179,18,9,-24,-19,-21
0.957031,18,2179,2179,18,9,-24,-19,-21
0.960938,18,2179,2179,18,9,-24,-19,-21
0.964844,18,2179,2179,19,9,-23,-19,-21
0.968750,18,2179,2179,19,9,-24,-19,-21
0.972656,18,2179,2179,18,9,-24,-19,-21
0.976562,18,2179,2179,18,9,-24,-19,-22
0.980469,18,2179,2179,18,9,-24,-19,-22
0.984375,18,2179,2179,19,9,-24,-20,-22
0.988281,18,2179,2179,19,9,-24,-19,-22
0.992188,18,2179,2179,18,9,-24,-20,-22
0.996094,17,2179,2179,18,8,-24,-19,-21
1.000000,17,2179,2179,18,9,-24,-19,-21
1.003906,18,2179,2179,19,9,-24,-19,-21
1.007812,17,2179,2179,18,9,-23,-19,-21
1.011719,17,2179,2179,18,8,-24,-19,-21
1.015625,17,2179,2179,18,9,-23,-19,-21
1.019531,17,2179,2179,18,9,-24,-19,-21
1.023438,17,2179,2179,18,9,-24,-19,-21
1.027344,17,2179,2179,18,9,-24,-19,-21
1.031250,16,2179,2179,19,8,-24,-19,-22
1.035156,16,2179,2179,19,10,-24,-20,-22
1.039062,16,2179,2179,19,9,-24,-19,-22
1.042969,16,2179,2179,18,9,-24,-19,-22
1.046875,16,2179,2179,18,9,-24,-19,-22
1.050781,16,2179,2179,19,9,-24,-19,-22
1.054688,16,2179,2179,19,10,-24,-19,-21
1.058594,16,2179,2179,19,9,-24,-19,-21
1.062500,16,2179,2179,19,9,-24,-19,-21
1.066406,16,2179,2179,19,10,-23,-19,-21
1.070312,16,2179,2179,19,9,-23,-19,-21
1.074219,17,2179,2179,19,9,-23,-19,-21
1.078125,17,2179,2179,19,9,-24,-19,-21
1.082031,17,2179,2179,19,10,-24,-19,-21
1.085938,17,2179,2179,19,10,-24,-19,-21
1.089844,17,2179,2179,19,10,-23,-19,-21
1.093750,17,2179,2179,19,9,-24,-19,-21
1.097656,17,2179,2179,19,10,-24,-19,-21
1.101562,17,2179,2179,19,10,-24,-19,-21
1.105469,18,2179,2179,19,10,-24,-19,-21
1.109375,18,2179,2179,19,10,-24,-19,-21
1.113281,18,2179,2179,19,10,-24,-19,-22
1.117188,18,2179,2179,19,10,-24,-20,-22
1.121094,18,2179,2179,20,10,-24,-20,-22
1.125000,18,2179,2179,19,10,-25,-20,-22
1.128906,19,2179,2179,19,10,-25,-20,-22
1.132812,19,2179,2179,19,10,-24,-20,-22
1.136719,19,2179,2179,19,10,-24,-20,-22
1.140625,19,2179,2179,19,9,-24,-20,-22
1.144531,19,2179,2179,18,9,-24,-19,-21
1.148438,19,2179,2179,19,9,-24,-19,-21
1.152344,19,2179,2179,19,9,-24,-19,-21
1.156250,19,2179,2179,18,8,-24,-19,-22
1.160156,19,2179,2179,18,9,-24,-19,-21
1.164062,19,2179,2179,18,9,-24,-19,-22
1.167969,19,2179,2179,18,9,-24,-19,-21
1.171875,19,2179,2179,18,9,-24,-19,-21
1.175781,20,2179,2179,18,8,-23,-19,-21
1.179688,20,2179,2179,18,8,-24,-19,-21
1.183594,20,2179,2179,18,9,-24,-19,-21
1.187500,20,2179,2179,18,9,-24,-19,-22
1.191406,21,2179,2179,18,8,-24,-19,-22
1.195312,20,2179,2179,18,8,-24,-20,-22
1.199219,20,2179,2179,19,9,-25,-20,-22
1.203125,20,2179,2179,19,9,-25,-20,-22
1.207031,21,2179,2179,19,9,-25,-20,-23
1.210938,21,2179,2179,19,9,-25,-21,-22
1.214844,21,2179,2179,19,9,-25,-20,-23
1.218750,21,2179,2179,19,10,-25,-20,-22
1.222656,21,2179,2179,19,10,-25,-20,-22
1.226562,21,2179,2179,19,9,-25,-20,-22
1.230469,21,2179,2179,19,9,-25,-20,-22
1.234375,21,2179,2179,19,10,-25,-20,-22
1.238281,22,2179,2179,19,9,-25,-20,-22
1.242188,22,2179,2179,18,9,-24,-19,-22
1.246094,22,2179,2179,19,9,-24,-19,-22
1.250000,22,2179,2179,19,9,-24,-19,-22
1.253906,22,2179,2179,19,9,-24,-19,-21
1.257812,22,2179,2179,19,9,-24,-19,-21
1.261719,21,2179,2179,19,9,-24,-20,-22
1.265625,21,2179,2179,19,10,-24,-20,-22
1.269531,22,2179,2179,19,10,-24,-20,-22
1.273438,22,2179,2179,19,10,-24,-20,-22
1.277344,22,2179,2179,19,10,-24,-20,-22
1.281250,22,2179,2179,19,8,-24,-19,-22
1.285156,22,2179,2179,19,10,-24,-19,-22
1.289062,22,2179,2179,19,10,-24,-19,-21
1.292969,22,2179,2179,19,10,-24,-19,-21
1.296875,22,2179,2179,19,10,-24,-20,-22
1.300781,22,2179,2179,19,10,-25,-20,-22
1.304688,23,2179,2179,19,10,-25,-20,-22
1.308594,23,2179,2179,19,10,-25,-20,-22
1.312500,23,2179,2179,19,9,-25,-20,-22
1.316406,23,2179,2179,19,10,-25,-20,-22
1.320312,23,2179,2179,19,9,-25,-20,-22
1.324219,23,2179,2179,18,9,-24,-20,-22
1.328125,24,2179,2179,19,9,-24,-20,-22
1.332031,23,2179,2179,19,9,-24,-19,-22
1.335938,23,2179,2179,19,9,-24,-20,-22
1.339844,24,2179,2179,18,9,-25,-20,-22
1.343750,24,2179,2179,18,9,-25,-20,-22
1.347656,24,2179,2179,19,9,-25,-20,-22
1.351562,24,2179,2179,19,9,-25,-20,-22
1.355469,25,2179,2179,19,9,-25,-20,-22
1.359375,25,2179,2179,18,9,-24,-20,-22
1.363281,25,2179,2179,18,9,-24,-19,-21
1.367188,25,2179,2179,19,9,-24,-19,-21
1.371094,25,2179,2179,19,9,-23,-19,-21
1.375000,25,2179,2179,18,9,-23,-18,-21
1.378906,26,2179,2179,18,9,-23,-19,-21
1.382812,26,2179,2179,19,9,-24,-19,-21
1.386719,27,2179,2179,19,9,-24,-19,-21
1.390625,27,2179,2179,18,9,-24,-19,-22
1.394531,28,2179,2179,18,9,-24,-19,-22
1.398438,28,2179,2179,19,9,-25,-20,-22
1.402344,28,2179,2179,19,9,-24,-20,-22
1.406250,28,2179,2179,19,8,-24,-20,-22
1.410156,29,2179,2179,19,9,-24,-20,-22
1.414062,29,2179,2179,19,9,-24,-20,-22
1.417969,30,2179,2179,19,9,-24,-19,-21
1.421875,30,2179,2179,19,9,-24,-19,-21
1.425781,31,2179,2179,18,9,-24,-19,-21
1.429688,31,2179,2179,18,9,-24,-19,-21
1.433594,32,2179,2179,18,9,-24,-19,-21
1.437500,32,2179,2179,19,9,-24,-19,-21
1.441406,33,2179,2179,18,9,-24,-19,-22
1.445312,33,2179,2179,19,9,-24,-19,-22
1.449219,33,2179,2179,19,10,-24,-20,-22
1.453125,33,2179,2179,19,10,-24,-20,-22
1.457031,33,2179,2179,19,9,-24,-20,-22
1.460938,34,2179,2179,19,9,-24,-20,-22
1.464844,34,2179,2179,19,10,-24,-19,-21
1.468750,34,2179,2179,19,10,-23,-19,-21
1.472656,35,2179,2179,19,9,-23,-19,-21
1.476562,36,2179,2179,19,9,-23,-19,-21
1.480469,36,2179,2179,19,9,-23,-19,-21
1.484375,37,2179,2179,19,9,-23,-18,-21
1.488281,38,2179,2179,19,9,-23,-19,-21
1.492188,38,2179,2179,19,9,-24,-19,-21
1.496094,39,2179,2179,19,9,-23,-19,-21
1.500000,39,2179,2179,19,9,-24,-19,-21
1.503906,40,2179,2179,19,9,-24,-19,-21
1.507812,41,2179,2179,19,9,-24,-19,-21
1.511719,41,2179,2179,18,9,-23,-19,-21
1.515625,42,2179,2179,18,9,-24,-19,-21
1.519531,42,2179,2179,18,9,-23,-19,-21
1.523438,43,2179,2179,18,8,-23,-19,-21
1.527344,43,2179,2179,18,9,-24,-19,-21
1.531250,43,2179,2179,18,8,-24,-19,-21
1.535156,43,2179,2179,19,9,-24,-19,-21
1.539062,44,2179,2179,18,9,-24,-20,-22
1.542969,44,2179,2179,18,9,-24,-20,-22
1.546875,44,2179,2179,19,9,-24,-20,-21
1.550781,45,2179,2179,19,9,-24,-19,-21
1.554688,45,2179,2179,19,9,-24,-20,-21
1.558594,46,2179,2179,18,9,-24,-19,-21
1.562500,46,2179,2179,18,9,-24,-19,-21
1.566406,46,2179,2179,19,9,-24,-19,-21
1.570312,46,2179,2179,19,9,-24,-19,-21
1.574219,46,2179,2179,18,9,-24,-19,-21
1.578125,47,2179,2179,18,9,-24,-19,-22
1.582031,47,2179,2179,19,9,-24,-19,-21
1.585938,47,2179,2179,19,9,-24,-19,-22
1.589844,47,2179,2179,18,9,-24,-19,-21
1.593750,48,2179,2179,18,9,-24,-19,-22
1.597656,48,2179,2179,19,9,-24,-19,-22
1.601562,48,2179,2179,19,9,-24,-20,-22
1.605469,49,2179,2179,19,9,-25,-20,-22
1.609375,50,2179,2179,19,9,-25,-20,-22
1.613281,50,2179,2179,18,9,-25,-20,-22
1.617188,50,2179,2179,19,9,-24,-20,-22
1.621094,51,2179,2179,19,9,-24,-20,-22
1.625000,52,2179,2179,18,8,-24,-19,-22
1.628906,52,2179,2179,18,8,-24,-19,-22
1.632812,52,2179,2179,18,9,-24,-19,-21
1.636719,52,2179,2179,18,9,-24,-19,-22
1.640625,52,2179,2179,18,9,-24,-20,-22
1.644531,52,2179,2179,18,9,-24,-20,-22
1.648438,52,2179,2179,19,9,-24,-20,-21
1.652344,53,2179,2179,19,9,-24,-19,-21
1.656250,53,2179,2179,19,8,-24,-19,-21
1.660156,53,2179,2179,19,9,-24,-19,-21
1.664062,53,2179,2179,19,9,-24,-19,-21
1.667969,53,2179,2179,20,9,-24,-19,-21
1.671875,54,2179,2179,20,9,-24,-19,-21
1.675781,54,2179,2179,20,9,-24,-19,-21
1.679688,53,2179,2179,20,9,-24,-19,-21
1.683594,53,2179,2179,20,10,-24,-19,-22
1.687500,54,2179,2179,20,10,-24,-19,-21
1.691406,54,2179,2179,19,9,-23,-19,-21
1.695312,54,2179,2179,19,9,-24,-19,-21
1.699219,54,2179,2179,19,10,-23,-19,-21
1.703125,55,2179,2179,19,9,-23,-19,-21
1.707031,55,2179,2179,20,9,-23,-19,-21
1.710938,55,2179,2179,20,9,-24,-19,-21
1.714844,55,2179,2179,21,9,-24,-19,-21
1.718750,55,2179,2179,21,9,-24,-19,-21
1.722656,55,2179,2179,21,9,-24,-19,-21
1.726562,56,2179,2179,21,9,-24,-19,-21
1.730469,56,2179,2179,21,9,-24,-19,-21
1.734375,56,2179,2179,21,9,-24,-19,-21
1.738281,56,2179,2179,20,9,-24,-19,-21
1.742188,56,2179,2179,20,8,-24,-19,-21
1.746094,56,2179,2179,20,9,-24,-19,-21
1.750000,56,2179,2179,20,9,-24,-19,-21
1.753906,56,2179,2179,20,9,-24,-19,-22
1.757812,56,2179,2179,20,9,-24,-19,-22
1.761719,55,2179,2179,20,9,-24,-19,-22
1.765625,55,2179,2179,21,9,-24,-19,-22
1.769531,55,2179,2179,21,9,-24,-20,-21
1.773438,55,2179,2179,20,9,-24,-19,-22
1.777344,55,2179,2179,20,9,-24,-19,-21
1.781250,54,2179,2179,20,8,-24,-19,-21
1.785156,54,2179,2179,20,9,-23,-19,-21
1.789062,54,2179,2179,20,9,-24,-19,-21
1.792969,54,2179,2179,20,9,-24,-19,-21
1.796875,54,2179,2179,21,9,-24,-19,-21
1.800781,54,2179,2179,21,9,-24,-19,-21
1.804688,55,2179,2179,21,9,-24,-19,-21
1.808594,55,2179,2179,21,9,-24,-19,-21
1.812500,54,2179,2179,20,9,-24,-19,-21
1.816406,54,2179,2179,21,9,-24,-19,-21
1.820312,54,2179,2179,21,9,-24,-19,-21
1.824219,55,2179,2179,20,9,-24,-19,-21
1.828125,55,2179,2179,21,9,-24,-19,-21
1.832031,55,2179,2179,21,9,-24,-19,-21
1.835938,55,2179,2179,21,10,-24,-19,-21
1.839844,55,2179,2179,21,9,-24,-19,-21
1.843750,55,2179,2179,21,9,-24,-19,-21
1.847656,55,2179,2179,21,9,-23,-19,-21
1.851562,55,2179,2179,21,9,-23,-19,-21
1.855469,55,2179,2179,21,9,-24,-19,-21
1.859375,56,2179,2179,21,9,-24,-19,-21
1.863281,55,2179,2179,21,9,-24,-19,-21
1.867188,56,2179,2179,21,10,-24,-19,-21
1.871094,56,2179,2179,22,10,-24,-19,-21
1.875000,56,2179,2179,22,9,-24,-19,-21
1.878906,57,2179,2179,22,9,-24,-19,-21
1.882812,56,2179,2179,23,10,-24,-19,-21
1.886719,56,2179,2179,23,10,-24,-19,-21
1.890625,56,2179,2179,23,9,-24,-19,-21
1.894531,56,2179,2179,23,9,-24,-19,-21
1.898438,56,2179,2179,24,10,-24,-19,-21
1.902344,56,2179,2179,25,9,-23,-19,-21
1.906250,56,2179,2179,25,8,-23,-18,-21
1.910156,56,2179,2179,26,9,-23,-18,-21
1.914062,56,2179,2179,28,9,-23,-19,-21
1.917969,56,2179,2179,29,10,-24,-19,-21
1.921875,56,2179,2179,30,9,-24,-19,-21
1.925781,56,2179,2179,31,9,-24,-19,-21
1.929688,56,2179,2179,32,9,-24,-19,-21
1.933594,56,2179,2179,33,9,-24,-19,-22
1.937500,56,2179,2179,34,9,-24,-19,-22
1.941406,56,2179,2179,34,9,-24,-19,-22
1.945312,56,2179,2179,35,9,-24,-19,-21
1.949219,55,2179,2179,37,9,-24,-19,-21
1.953125,55,2179,2179,38,9,-24,-19,-21
1.957031,55,2179,2179,39,9,-24,-19,-21
1.960938,55,2179,2179,40,9,-24,-19,-21
1.964844,55,2179,2179,41,9,-24,-19,-21
1.968750,55,2179,2179,43,9,-23,-19,-21
1.972656,55,2179,2179,44,9,-24,-19,-21
1.976562,55,2179,2179,45,8,-24,-19,-21
1.980469,55,2179,2179,46,8,-24,-19,-21
1.984375,55,2179,2179,48,9,-24,-19,-21
1.988281,55,2179,2179,49,9,-24,-19,-21
1.992188,55,2179,2179,49,8,-23,-19,-21
1.996094,55,2179,2179,50,8,-24,-19,-21
2.000000,55,2179,2179,50,9,-24,-19,-22
2.003906,55,2179,2179,50,9,-24,-19,-21
2.007812,55,2179,2179,51,8,-24,-19,-21
2.011719,55,2179,2179,52,8,-24,-19,-22
2.015625,55,2179,2179,54,9,-24,-19,-22
2.019531,55,2179,2179,55,9,-24,-19,-22
2.023438,56,2179,2179,57,9,-24,-19,-22
2.027344,56,2179,2179,59,9,-24,-19,-22
2.031250,55,2179,2179,62,8,-24,-20,-22
2.035156,55,2179,2179,64,9,-24,-20,-22
2.039062,56,2179,2179,66,9,-24,-19,-22
2.042969,56,2179,2179,68,8,-24,-19,-22
2.046875,56,2179,2179,71,9,-24,-19,-22
2.050781,56,2179,2179,73,9,-24,-19,-22
2.054688,56,2179,2179,76,9,-24,-19,-22
2.058594,56,2179,2179,78,9,-24,-19,-21
2.062500,55,2179,2179,79,9,-24,-19,-21
2.066406,55,2179,2179,81,9,-24,-19,-21
2.070312,56,2179,2179,82,9,-24,-19,-21
2.074219,56,2179,2179,82,9,-24,-19,-21
2.078125,56,2179,2179,83,9,-24,-19,-21
2.082031,56,2179,2179,84,10,-24,-19,-21
2.085938,57,2179,2179,86,10,-24,-19,-21
2.089844,57,2179,2179,87,9,-24,-19,-21
2.093750,56,2179,2179,89,9,-24,-19,-21
2.097656,56,2179,2179,91,10,-24,-19,-21
2.101562,56,2179,2179,93,10,-24,-19,-21
2.105469,56,2179,2179,95,10,-24,-19,-21
2.109375,56,2179,2179,97,10,-24,-20,-22
2.113281,56,2179,2179,98,10,-25,-20,-22
2.117188,56,2179,2179,100,10,-25,-20,-22
2.121094,57,2179,2179,101,10,-25,-20,-22
2.125000,57,2179,2179,101,9,-25,-20,-22
2.128906,58,2179,2179,101,9,-24,-19,-22
2.132812,57,2179,2179,101,9,-24,-19,-22
2.136719,57,2179,2179,102,9,-24,-19,-21
2.140625,57,2179,2179,102,9,-24,-19,-21
2.144531,58,2179,2179,103,8,-24,-19,-21
2.148438,57,2179,2179,104,9,-24,-19,-21
2.152344,57,2179,2179,105,9,-24,-19,-22
2.156250,57,2179,2179,105,8,-24,-19,-21
2.160156,57,2179,2179,106,8,-24,-20,-22
2.164062,57,2179,2179,107,8,-24,-20,-22
2.167969,57,2179,2179,108,9,-24,-20,-22
2.171875,57,2179,2179,109,8,-24,-20,-21
2.175781,57,2179,2179,110,8,-24,-19,-21
2.179688,57,2179,2179,112,8,-24,-19,-21
2.183594,57,2179,2179,114,9,-24,-19,-21
2.187500,57,2179,2179,115,9,-23,-18,-21
2.191406,57,2179,2179,116,9,-24,-18,-21
2.195312,57,2179,2179,117,9,-24,-19,-21
2.199219,56,2179,2179,117,9,-24,-19,-21
2.203125,57,2179,2179,117,9,-24,-19,-21
2.207031,57,2179,2179,117,9,-24,-19,-21
2.210938,57,2179,2179,117,8,-24,-19,-21
2.214844,57,2179,2179,117,8,-24,-19,-21
2.218750,57,2179,2179,117,9,-24,-19,-21
2.222656,57,2179,2179,118,9,-24,-19,-22
2.226562,57,2179,2179,119,9,-24,-19,-22
2.230469,57,2179,2179,120,9,-24,-19,-22
2.234375,57,2179,2179,121,9,-24,-19,-22
2.238281,58,2179,2179,122,9,-24,-20,-22
2.242188,58,2179,2179,123,9,-24,-19,-22
2.246094,57,2179,2179,124,9,-24,-19,-22
2.250000,57,2179,2179,125,9,-24,-19,-22
2.253906,58,2179,2179,126,9,-23,-19,-21
2.257812,57,2179,2179,126,9,-23,-18,-21
2.261719,57,2179,2179,126,9,-23,-18,-21
2.265625,56,2179,2179,127,10,-23,-18,-21
2.269531,56,2179,2179,127,10,-23,-18,-21
2.273438,56,2179,2179,127,9,-23,-18,-21
2.277344,56,2179,2179,127,9,-23,-19,-21
2.281250,56,2179,2179,128,8,-24,-19,-21
2.285156,56,2179,2179,128,10,-24,-19,-21
2.289062,56,2179,2179,128,10,-24,-19,-21
2.292969,56,2179,2179,129,10,-24,-19,-21
2.296875,56,2179,2179,129,10,-24,-20,-22
2.300781,56,2179,2179,130,10,-24,-20,-22
2.304688,56,2179,2179,131,10,-24,-20,-22
2.308594,56,2179,2179,131,10,-24,-20,-22
2.312500,56,2179,2179,132,9,-24,-20,-22
2.316406,56,2179,2179,132,10,-24,-20,-22
2.320312,56,2179,2179,132,9,-24,-19,-22
2.324219,57,2179,2179,132,9,-24,-19,-22
2.328125,57,2179,2179,132,9,-24,-19,-22
2.332031,57,2179,2179,132,9,-24,-19,-22
2.335938,57,2179,2179,132,9,-24,-19,-22
2.339844,57,2179,2179,132,8,-24,-19,-22
2.343750,57,2179,2179,132,8,-24,-19,-22
2.347656,57,2179,2179,133,8,-24,-19,-22
2.351562,57,2179,2179,133,9,-24,-19,-21
2.355469,57,2179,2179,134,8,-24,-19,-22
2.359375,57,2179,2179,134,8,-24,-19,-22
2.363281,56,2179,2179,134,8,-24,-19,-22
2.367188,56,2179,2179,135,9,-24,-20,-22
2.371094,57,2179,2179,135,9,-24,-20,-22
2.375000,56,2179,2179,135,9,-25,-20,-22
2.378906,57,2179,2179,136,9,-25,-20,-22
2.382812,56,2179,2179,136,9,-25,-20,-22
2.386719,56,2179,2179,137,9,-25,-20,-23
2.390625,57,2179,2179,136,9,-25,-20,-22
2.394531,57,2179,2179,137,8,-25,-20,-22
2.398438,56,2179,2179,137,9,-25,-20,-22
2.402344,56,2179,2179,138,9,-24,-20,-22
2.406250,56,2179,2179,137,8,-24,-19,-22
2.410156,56,2179,2179,137,9,-24,-19,-22
2.414062,56,2179,2179,138,9,-24,-19,-22
2.417969,55,2179,2179,138,9,-24,-19,-22
2.421875,55,2179,2179,138,9,-24,-19,-22
2.425781,55,2179,2179,138,9,-24,-19,-22
2.429688,55,2179,2179,138,9,-24,-19,-22
2.433594,55,2179,2179,140,10,-24,-20,-22
2.437500,55,2179,2179,140,10,-24,-19,-22
2.441406,55,2179,2179,140,9,-24,-19,-21
2.445312,55,2179,2179,140,9,-24,-19,-21
2.449219,55,2179,2179,141,9,-23,-19,-21
2.453125,55,2179,2179,140,9,-23,-19,-21
2.457031,55,2179,2179,140,9,-23,-18,-21
2.460938,55,2179,2179,140,9,-23,-18,-21
2.464844,55,2179,2179,140,9,-24,-19,-21
2.468750,55,2179,2179,140,9,-23,-19,-21
2.472656,55,2179,2179,140,9,-23,-19,-21
2.476562,55,2179,2179,141,9,-24,-19,-21
2.480469,55,2179,2179,142,9,-24,-19,-21
2.484375,55,2179,2179,143,10,-24,-19,-21
2.488281,55,2179,2179,143,10,-24,-19,-21
2.492188,54,2179,2179,143,10,-24,-19,-21
2.496094,54,2179,2179,143,10,-24,-19,-22
2.500000,54,2179,2179,143,10,-24,-20,-22
2.503906,55,2179,2179,142,10,-24,-20,-22
2.507812,54,2179,2179,142,9,-24,-19,-22
2.511719,54,2179,2179,142,9,-24,-19,-22
2.515625,54,2179,2179,143,9,-24,-19,-22
2.519531,54,2179,2179,143,9,-24,-19,-21
2.523438,54,2179,2179,143,9,-23,-19,-21
2.527344,54,2179,2179,143,9,-24,-19,-21
2.531250,54,2179,2179,144,8,-24,-19,-21
2.535156,54,2179,2179,144,9,-24,-19,-22
2.539062,54,2179,2179,144,10,-24,-19,-21
2.542969,54,2179,2179,144,9,-24,-19,-21
2.546875,53,2179,2179,145,10,-24,-19,-21
2.550781,53,2179,2179,145,10,-24,-19,-21
2.554688,53,2179,2179,145,10,-23,-19,-21
2.558594,53,2179,2179,145,9,-23,-19,-21
2.562500,53,2179,2179,146,9,-23,-19,-21
2.566406,53,2179,2179,146,9,-24,-19,-21
2.570312,53,2179,2179,146,9,-24,-19,-22
2.574219,53,2179,2179,146,9,-24,-20,-22
2.578125,53,2179,2179,146,9,-25,-20,-22
2.582031,53,2179,2179,146,10,-25,-20,-22
2.585938,53,2179,2179,146,10,-25,-20,-22
2.589844,53,2179,2179,146,9,-25,-20,-22
2.593750,53,2179,2179,146,9,-25,-20,-22
2.597656,53,2179,2179,146,9,-24,-20,-22
2.601562,53,2179,2179,146,9,-24,-20,-22
2.605469,53,2179,2179,146,9,-24,-19,-21
2.609375,52,2179,2179,146,9,-23,-19,-21
2.613281,52,2179,2179,146,9,-23,-19,-21
2.617188,52,2179,2179,147,9,-23,-19,-21
2.621094,52,2179,2179,147,9,-23,-18,-21
2.625000,52,2179,2179,147,9,-23,-18,-21
2.628906,53,2179,2179,147,9,-23,-18,-21
2.632812,52,2179,2179,148,9,-24,-19,-21
2.636719,52,2179,2179,148,9,-24,-19,-21
2.640625,53,2179,2179,147,9,-24,-19,-21
2.644531,53,2179,2179,147,9,-24,-19,-21
2.648438,52,2179,2179,147,9,-24,-19,-21
2.652344,52,2179,2179,147,9,-24,-19,-21
2.656250,53,2179,2179,147,8,-24,-19,-21
2.660156,52,2179,2179,147,9,-24,-19,-21
2.664062,52,2179,2179,147,9,-23,-19,-21
2.667969,52,2179,2179,148,9,-24,-19,-21
2.671875,53,2179,2179,148,9,-24,-19,-21
2.675781,53,2179,2179,149,9,-24,-19,-21
2.679688,53,2179,2179,149,9,-24,-19,-21
2.683594,53,2179,2179,150,10,-24,-19,-21
2.687500,53,2179,2179,150,10,-24,-19,-21
2.691406,52,2179,2179,149,9,-24,-19,-21
2.695312,52,2179,2179,149,9,-24,-19,-21
2.699219,52,2179,2179,149,10,-23,-19,-21
2.703125,52,2179,2179,149,9,-23,-19,-21
2.707031,52,2179,2179,149,9,-23,-19,-21
2.710938,52,2179,2179,149,9,-23,-19,-21
2.714844,51,2179,2179,150,9,-24,-19,-21
2.718750,51,2179,2179,150,9,-24,-19,-21
2.722656,51,2179,2179,150,9,-24,-19,-21
2.726562,51,2179,2179,150,9,-24,-19,-22
2.730469,51,2179,2179,150,9,-24,-19,-22
2.734375,51,2179,2179,150,9,-24,-20,-22
2.738281,51,2179,2179,150,9,-24,-20,-22
2.742188,51,2179,2179,149,9,-24,-20,-22
2.746094,51,2179,2179,149,9,-24,-20,-22
2.750000,51,2179,2179,149,9,-24,-20,-22
2.753906,51,2179,2179,149,9,-24,-20,-22
2.757812,51,2179,2179,149,8,-24,-20,-22
2.761719,51,2179,2179,149,8,-24,-19,-22
2.765625,51,2179,2179,150,8,-24,-19,-22
2.769531,51,2179,2179,150,8,-24,-19,-22
2.773438,51,2179,2179,150,8,-24,-19,-21
2.777344,50,2179,2179,150,8,-24,-19,-22
2.781250,50,2179,2179,151,7,-24,-19,-22
2.785156,50,2179,2179,151,9,-24,-20,-22
2.789062,50,2179,2179,151,9,-24,-20,-22
2.792969,50,2179,2179,151,9,-24,-20,-22
2.796875,49,2179,2179,152,9,-24,-20,-22
2.800781,49,2179,2179,152,9,-24,-20,-22
2.804688,49,2179,2179,151,9,-24,-19,-21
2.808594,49,2179,2179,151,9,-24,-19,-21
2.812500,49,2179,2179,151,9,-24,-19,-21
2.816406,49,2179,2179,151,9,-24,-19,-21
2.820312,49,2179,2179,152,9,-24,-19,-21
2.824219,49,2179,2179,151,9,-24,-19,-21
2.828125,49,2179,2179,152,9,-24,-19,-21
2.832031,49,2179,2179,152,10,-24,-19,-21
2.835938,48,2179,2179,153,10,-24,-19,-21
2.839844,49,2179,2179,153,10,-23,-19,-21
2.843750,49,2179,2179,153,9,-23,-19,-21
2.847656,49,2179,2179,154,9,-23,-19,-21
2.851562,50,2179,2179,154,9,-23,-19,-21
2.855469,51,2179,2179,154,9,-24,-19,-21
2.859375,51,2179,2179,154,9,-24,-19,-21
2.863281,51,2179,2179,154,9,-24,-19,-22
2.867188,51,2179,2179,154,10,-24,-19,-22
2.871094,51,2179,2179,154,9,-24,-20,-22
2.875000,51,2179,2179,153,9,-24,-20,-22
2.878906,51,2179,2179,153,9,-24,-20,-22
2.882812,50,2179,2179,154,10,-24,-20,-22
2.886719,50,2179,2179,154,9,-24,-20,-22
2.890625,50,2179,2179,153,9,-24,-20,-21
2.894531,50,2179,2179,154,9,-24,-20,-21
2.898438,50,2179,2179,154,10,-24,-19,-21
2.902344,50,2179,2179,154,10,-24,-19,-21
2.906250,50,2179,2179,154,9,-24,-19,-21
2.910156,49,2179,2179,154,9,-23,-19,-21
2.914062,49,2179,2179,154,9,-23,-19,-21
2.917969,49,2179,2179,154,10,-23,-19,-21
2.921875,49,2179,2179,154,9,-24,-19,-21
2.925781,49,2179,2179,154,9,-24,-19,-21
2.929688,49,2179,2179,154,9,-24,-19,-21
2.933594,49,2179,2179,154,10,-24,-19,-21
2.937500,49,2179,2179,154,10,-24,-19,-21
2.941406,49,2179,2179,154,9,-24,-19,-21
2.945312,49,2179,2179,154,9,-24,-19,-21
2.949219,49,2179,2179,154,10,-24,-19,-21
2.953125,49,2179,2179,154,9,-24,-19,-21
2.957031,49,2179,2179,154,9,-23,-19,-21
2.960938,49,2179,2179,153,9,-24,-19,-21
2.964844,49,2179,2179,154,9,-23,-19,-21
2.968750,48,2179,2179,154,9,-23,-19,-21
2.972656,48,2179,2179,153,9,-23,-19,-21
2.976562,49,2179,2179,153,8,-23,-19,-21
2.980469,48,2179,2179,153,8,-24,-19,-21
2.984375,48,2179,2179,153,9,-23,-19,-21
2.988281,48,2179,2179,153,9,-23,-19,-21
2.992188,49,2179,2179,153,8,-23,-19,-21
2.996094,48,2179,2179,153,9,-24,-19,-21
3.000000,48,2179,2179,153,9,-24,-19,-21
3.003906,49,2179,2179,153,9,-24,-19,-21
3.007812,48,2179,2179,153,9,-24,-19,-22
3.011719,48,2179,2179,153,9,-24,-19,-21
3.015625,48,2179,2179,153,9,-24,-19,-21
3.019531,47,2179,2179,153,9,-24,-19,-21
3.023438,48,2179,2179,153,9,-23,-19,-21
3.027344,47,2179,2179,153,9,-24,-19,-21
3.031250,47,2179,2179,154,8,-23,-19,-21
3.035156,47,2179,2179,154,9,-23,-19,-21
3.039062,47,2179,2179,154,9,-23,-19,-21
3.042969,47,2179,2179,154,9,-23,-18,-21
3.046875,47,2179,2179,154,9,-23,-18,-21
3.050781,47,2179,2179,155,9,-23,-19,-21
3.054688,47,2179,2179,155,9,-23,-19,-21
3.058594,47,2179,2179,155,9,-23,-19,-21
3.062500,47,2179,2179,156,9,-23,-18,-21
3.066406,47,2179,2179,156,9,-23,-19,-21
3.070312,47,2179,2179,156,9,-23,-19,-21
3.074219,47,2179,2179,156,9,-24,-19,-21
3.078125,47,2179,2179,155,9,-24,-19,-21
3.082031,47,2179,2179,156,9,-24,-19,-22
3.085938,47,2179,2179,156,10,-24,-19,-21
3.089844,47,2179,2179,156,10,-24,-19,-21
3.093750,47,2179,2179,156,10,-24,-19,-21
3.097656,46,2179,2179,156,10,-23,-19,-21
3.101562,46,2179,2179,156,10,-23,-19,-21
3.105469,46,2179,2179,156,10,-23,-19,-21
3.109375,46,2179,2179,156,10,-23,-19,-21
3.113281,46,2179,2179,156,9,-24,-19,-21
3.117188,46,2179,2179,156,10,-23,-19,-21
3.121094,47,2179,2179,156,10,-23,-19,-21
3.125000,47,2179,2179,155,9,-23,-19,-21
3.128906,47,2179,2179,156,9,-23,-19,-21
3.132812,46,2179,2179,156,9,-24,-19,-21
3.136719,46,2179,2179,156,9,-24,-19,-21
3.140625,46,2179,2179,156,9,-24,-19,-21
3.144531,46,2179,2179,156,9,-24,-19,-21
3.148438,46,2179,2179,157,9,-24,-19,-21
3.152344,46,2179,2179,156,9,-24,-19,-21
3.156250,46,2179,2179,156,8,-24,-19,-22
3.160156,47,2179,2179,155,9,-24,-19,-22
3.164062,46,2179,2179,155,8,-24,-20,-22
3.167969,46,2179,2179,156,9,-25,-20,-22
3.171875,46,2179,2179,156,9,-25,-20,-22
3.175781,46,2179,2179,156,8,-24,-20,-22
3.179688,46,2179,2179,156,8,-24,-20,-22
3.183594,46,2179,2179,157,9,-24,-19,-22
3.187500,46,2179,2179,157,9,-24,-19,-21
3.191406,46,2179,2179,156,9,-24,-19,-21
3.195312,46,2179,2179,155,9,-24,-19,-21
3.199219,46,2179,2179,155,9,-24,-19,-21
3.203125,46,2179,2179,155,9,-24,-19,-21
3.207031,46,2179,2179,155,8,-24,-19,-22
3.210938,46,2179,2179,155,9,-24,-19,-22
3.214844,46,2179,2179,155,9,-24,-20,-22
3.218750,45,2179,2179,156,9,-24,-20,-22
3.222656,45,2179,2179,156,9,-24,-20,-22
3.226562,45,2179,2179,156,10,-24,-20,-22
3.230469,45,2179,2179,156,9,-24,-20,-22
3.234375,44,2179,2179,156,10,-24,-20,-22
3.238281,44,2179,2179,157,10,-24,-20,-21
3.242188,44,2179,2179,157,9,-23,-19,-21
3.246094,44,2179,2179,157,9,-23,-19,-21
3.250000,44,2179,2179,157,10,-23,-19,-21
3.253906,45,2179,2179,157,9,-23,-19,-21
3.257812,44,2179,2179,156,9,-24,-19,-21
3.261719,44,2179,2179,156,9,-24,-19,-21
3.265625,44,2179,2179,156,10,-24,-19,-21
3.269531,44,2179,2179,156,10,-24,-19,-21
3.273438,44,2179,2179,156,10,-24,-19,-21
3.277344,44,2179,2179,156,10,-24,-19,-21
3.281250,44,2179,2179,157,9,-24,-19,-21
3.285156,44,2179,2179,157,10,-24,-19,-22
3.289062,44,2179,2179,157,10,-24,-19,-22
3.292969,44,2179,2179,157,10,-24,-19,-22
3.296875,44,2179,2179,157,10,-24,-19,-22
3.300781,43,2179,2179,157,10,-24,-19,-22
3.304688,44,2179,2179,157,10,-24,-20,-22
3.308594,43,2179,2179,157,10,-24,-20,-22
3.312500,43,2179,2179,157,10,-24,-20,-22
3.316406,43,2179,2179,157,10,-24,-20,-21
3.320312,43,2179,2179,157,10,-24,-20,-22
3.324219,43,2179,2179,157,9,-25,-20,-22
3.328125,43,2179,2179,158,9,-25,-20,-22
3.332031,42,2179,2179,159,10,-25,-20,-22
3.335938,42,2179,2179,159,9,-25,-20,-22
3.339844,43,2179,2179,159,9,-25,-20,-22
3.343750,43,2179,2179,158,9,-24,-20,-22
3.347656,43,2179,2179,158,9,-24,-20,-22
3.351562,43,2179,2179,158,8,-24,-19,-22
3.355469,43,2179,2179,157,8,-24,-19,-21
3.359375,43,2179,2179,156,8,-23,-19,-21
3.363281,43,2179,2179,156,8,-23,-19,-21
3.367188,42,2179,2179,156,9,-24,-19,-21
3.371094,42,2179,2179,156,9,-24,-19,-21
3.375000,42,2179,2179,156,9,-24,-19,-22
3.378906,42,2179,2179,156,9,-24,-20,-22
3.382812,42,2179,2179,157,10,-24,-20,-22
3.386719,42,2179,2179,158,10,-25,-20,-22
3.390625,42,2179,2179,158,9,-25,-20,-22
3.394531,43,2179,2179,158,9,-25,-20,-22
3.398438,42,2179,2179,158,10,-25,-20,-22
3.402344,42,2179,2179,158,10,-25,-20,-22
3.406250,42,2179,2179,158,9,-24,-20,-22
3.410156,42,2179,2179,158,9,-24,-20,-22
3.414062,41,2179,2179,158,9,-24,-19,-21
3.417969,41,2179,2179,158,10,-24,-19,-21
3.421875,41,2179,2179,158,9,-24,-19,-21
3.425781,41,2179,2179,158,9,-24,-19,-21
3.429688,41,2179,2179,159,9,-24,-19,-21
3.433594,41,2179,2179,160,9,-24,-19,-21
3.437500,41,2179,2179,160,10,-24,-19,-22
3.441406,41,2179,2179,159,9,-24,-19,-21
3.445312,41,2179,2179,159,9,-24,-19,-21
3.449219,40,2179,2179,159,9,-24,-19,-21
3.453125,40,2179,2179,158,10,-24,-19,-21
3.457031,41,2179,2179,157,9,-23,-19,-21
3.460938,41,2179,2179,157,9,-24,-19,-21
3.464844,40,2179,2179,157,9,-24,-19,-21
3.468750,40,2179,2179,157,9,-24,-19,-21
3.472656,41,2179,2179,157,9,-24,-19,-22
3.476562,40,2179,2179,158,9,-24,-19,-21
3.480469,40,2179,2179,158,9,-24,-19,-22
3.484375,40,2179,2179,158,10,-24,-19,-22
3.488281,40,2179,2179,158,10,-24,-19,-22
3.492188,40,2179,2179,158,9,-24,-19,-21
3.496094,40,2179,2179,157,9,-23,-19,-21
3.500000,40,2179,2179,158,9,-24,-19,-21
3.503906,41,2179,2179,158,9,-24,-19,-21
3.507812,40,2179,2179,158,9,-24,-19,-22
3.511719,41,2179,2179,159,9,-24,-19,-22
3.515625,40,2179,2179,159,9,-24,-20,-22
3.519531,40,2179,2179,160,9,-24,-20,-22
3.523438,40,2179,2179,159,9,-24,-20,-22
3.527344,39,2179,2179,159,9,-24,-20,-22
3.531250,39,2179,2179,159,8,-24,-19,-21
3.535156,38,2179,2179,158,10,-24,-19,-21
3.539062,39,2179,2179,158,10,-23,-19,-21
3.542969,38,2179,2179,157,9,-23,-19,-21
3.546875,38,2179,2179,157,9,-23,-18,-21
3.550781,38,2179,2179,158,9,-23,-18,-21
3.554688,38,2179,2179,158,9,-23,-19,-21
3.558594,38,2179,2179,159,9,-24,-19,-21
3.562500,38,2179,2179,159,9,-24,-19,-21
3.566406,38,2179,2179,159,9,-24,-19,-22
3.570312,38,2179,2179,158,9,-24,-19,-21
3.574219,38,2179,2179,158,9,-24,-19,-22
3.578125,38,2179,2179,157,9,-24,-19,-22
3.582031,38,2179,2179,158,10,-24,-19,-21
3.585938,37,2179,2179,158,10,-24,-19,-21
3.589844,38,2179,2179,158,9,-24,-19,-21
3.593750,38,2179,2179,158,9,-24,-20,-21
3.597656,37,2179,2179,159,10,-24,-20,-21
3.601562,38,2179,2179,159,10,-24,-20,-21
3.605469,38,2179,2179,160,10,-24,-20,-21
3.609375,38,2179,2179,159,9,-24,-20,-21
3.613281,37,2179,2179,159,9,-24,-19,-21
3.617188,38,2179,2179,159,10,-24,-19,-21
3.621094,38,2179,2179,159,9,-24,-19,-21
3.625000,38,2179,2179,158,9,-23,-19,-21
3.628906,38,2179,2179,158,9,-24,-19,-21
3.632812,38,2179,2179,159,9,-24,-19,-21
3.636719,38,2179,2179,159,9,-23,-19,-21
3.640625,38,2179,2179,159,9,-24,-19,-21
3.644531,38,2179,2179,158,9,-24,-19,-21
3.648438,37,2179,2179,158,9,-24,-18,-21
3.652344,37,2179,2179,158,9,-23,-19,-21
3.656250,37,2179,2179,158,9,-23,-18,-21
3.660156,37,2179,2179,158,10,-23,-18,-21
3.664062,36,2179,2179,158,10,-23,-18,-21
3.667969,36,2179,2179,158,11,-23,-19,-21
3.671875,36,2179,2179,159,11,-23,-19,-21
3.675781,36,2179,2179,159,10,-24,-19,-21
3.679688,36,2179,2179,159,10,-24,-19,-21
3.683594,36,2179,2179,160,10,-24,-19,-22
3.687500,36,2179,2179,160,10,-24,-19,-22
3.691406,37,2179,2179,159,10,-24,-19,-22
3.695312,37,2179,2179,159,10,-24,-20,-22
3.699219,37,2179,2179,159,10,-24,-20,-22
3.703125,37,2179,2179,159,9,-24,-20,-22
3.707031,37,2179,2179,158,9,-24,-20,-22
3.710938,37,2179,2179,158,8,-24,-19,-22
3.714844,36,2179,2179,158,9,-24,-19,-22
3.718750,36,2179,2179,158,9,-24,-19,-22
3.722656,36,2179,2179,158,9,-24,-19,-22
3.726562,36,2179,2179,158,9,-24,-19,-21
3.730469,35,2179,2179,158,9,-24,-19,-21
3.734375,34,2179,2179,159,9,-24,-19,-21
3.738281,34,2179,2179,159,9,-24,-19,-21
3.742188,34,2179,2179,158,9,-24,-19,-21
3.746094,33,2179,2179,158,9,-24,-19,-21
3.750000,33,2179,2179,158,9,-24,-19,-21
3.753906,33,2179,2179,158,9,-24,-20,-22
3.757812,32,2179,2179,158,9,-24,-20,-22
3.761719,32,2179,2179,157,9,-24,-20,-22
3.765625,32,2179,2179,156,9,-24,-20,-22
3.769531,31,2179,2179,153,9,-24,-20,-22
3.773438,31,2179,2179,147,9,-24,-20,-22
3.777344,32,2179,2179,138,9,-24,-20,-22
3.781250,31,2179,2179,127,8,-24,-20,-22
3.785156,31,2179,2179,114,9,-24,-19,-22
3.789062,32,2179,2179,101,9,-24,-19,-21
3.792969,31,2179,2179,90,8,-23,-19,-21
3.796875,31,2179,2179,82,9,-23,-19,-21
3.800781,30,2179,2179,78,9,-23,-19,-21
3.804688,30,2179,2179,77,9,-23,-19,-21
3.808594,30,2179,2179,77,9,-23,-19,-21
3.812500,30,2179,2179,78,9,-23,-19,-21
3.816406,30,2179,2179,77,9,-24,-19,-21
3.820312,29,2179,2179,74,9,-24,-19,-21
3.824219,30,2179,2179,67,9,-24,-19,-21
3.828125,30,2179,2179,59,9,-24,-19,-21
3.832031,29,2179,2179,50,10,-24,-20,-21
3.835938,29,2179,2179,41,10,-24,-20,-22
3.839844,29,2179,2179,34,10,-24,-20,-22
3.843750,30,2179,2179,29,9,-24,-20,-22
3.847656,30,2179,2179,27,10,-24,-20,-21
3.851562,30,2179,2179,26,10,-24,-19,-21
3.855469,30,2179,2179,26,10,-24,-19,-21
3.859375,30,2179,2179,26,9,-24,-19,-21
3.863281,30,2179,2179,26,9,-24,-19,-21
3.867188,30,2179,2179,26,10,-24,-19,-21
3.871094,30,2179,2179,25,10,-24,-19,-21
3.875000,30,2179,2179,23,9,-24,-19,-22
3.878906,30,2179,2179,22,9,-24,-19,-21
3.882812,30,2179,2179,22,9,-24,-19,-21
3.886719,30,2179,2179,22,9,-24,-19,-21
3.890625,31,2179,2179,21,9,-24,-19,-21
3.894531,31,2179,2179,22,9,-23,-19,-21
3.898438,30,2179,2179,23,9,-24,-19,-21
3.902344,30,2179,2179,23,9,-23,-19,-21
3.906250,30,2179,2179,22,8,-23,-19,-21
3.910156,29,2179,2179,22,9,-24,-19,-21
3.914062,29,2179,2179,22,9,-24,-19,-21
3.917969,28,2179,2179,22,10,-24,-19,-21
3.921875,28,2179,2179,21,9,-24,-19,-21
3.925781,28,2179,2179,20,9,-24,-19,-21
3.929688,27,2179,2179,20,9,-24,-19,-21
3.933594,27,2179,2179,20,9,-24,-19,-21
3.937500,26,2179,2179,20,9,-24,-19,-22
3.941406,26,2179,2179,20,9,-24,-19,-21
3.945312,25,2179,2179,20,9,-24,-19,-21
3.949219,24,2179,2179,21,10,-24,-19,-22
3.953125,24,2179,2179,21,9,-24,-19,-22
3.957031,23,2179,2179,21,9,-24,-19,-22
3.960938,23,2179,2179,21,9,-24,-19,-22
3.964844,22,2179,2179,21,9,-24,-19,-22
3.968750,21,2179,2179,21,10,-24,-20,-22
3.972656,21,2179,2179,21,9,-24,-20,-22
3.976562,21,2179,2179,21,9,-25,-20,-22
3.980469,20,2179,2179,21,9,-25,-20,-22
3.984375,19,2179,2179,21,10,-25,-20,-22
3.988281,20,2179,2179,21,10,-25,-20,-22
3.992188,20,2179,2179,21,9,-25,-20,-22
3.996094,19,2179,2179,21,9,-25,-20,-22
4.000000,19,2179,2179,21,10,-24,-20,-22
4.003906,20,2179,2179,21,9,-24,-20,-22
4.007812,19,2179,2179,21,9,-24,-19,-21
4.011719,19,2179,2179,20,9,-24,-19,-21
4.015625,19,2179,2179,20,9,-23,-19,-21
4.019531,18,2179,2179,20,9,-23,-19,-21
4.023438,19,2179,2179,20,9,-23,-18,-21
4.027344,18,2179,2179,20,9,-23,-18,-21
4.031250,18,2179,2179,21,8,-23,-18,-21
4.035156,18,2179,2179,21,9,-23,-18,-21
4.039062,18,2179,2179,20,9,-23,-19,-21
4.042969,18,2179,2179,20,9,-23,-19,-21
4.046875,17,2179,2179,20,9,-23,-19,-21
4.050781,17,2179,2179,20,10,-23,-19,-21
4.054688,17,2179,2179,20,9,-23,-19,-21
4.058594,17,2179,2179,19,9,-23,-19,-21
4.062500,16,2179,2179,19,9,-23,-19,-21
4.066406,16,2179,2179,19,9,-23,-19,-21
4.070312,16,2179,2179,18,9,-23,-19,-21
4.074219,16,2179,2179,18,9,-23,-19,-21
4.078125,17,2179,2179,18,9,-23,-19,-21
4.082031,16,2179,2179,18,9,-23,-18,-21
4.085938,16,2179,2179,19,9,-23,-18,-21
4.089844,16,2179,2179,19,9,-23,-19,-21
4.093750,16,2179,2179,20,9,-23,-19,-21
4.097656,15,2179,2179,20,9,-24,-19,-21
4.101562,15,2179,2179,20,10,-24,-19,-21
4.105469,16,2179,2179,20,10,-24,-19,-21
4.109375,16,2179,2179,19,9,-24,-19,-21
4.113281,16,2179,2179,19,9,-24,-19,-22
4.117188,16,2179,2179,19,9,-24,-19,-22
4.121094,16,2179,2179,18,9,-24,-19,-21
4.125000,16,2179,2179,18,9,-23,-19,-21
4.128906,16,2179,2179,18,9,-24,-19,-21
4.132812,15,2179,2179,19,9,-23,-19,-21
4.136719,15,2179,2179,19,9,-23,-19,-21
4.140625,16,2179,2179,19,9,-24,-19,-21
4.144531,15,2179,2179,19,9,-24,-19,-21
4.148438,15,2179,2179,19,9,-24,-19,-21
4.152344,15,2179,2179,19,9,-24,-19,-22
4.156250,15,2179,2179,18,8,-24,-19,-22
4.160156,15,2179,2179,18,9,-24,-19,-22
4.164062,15,2179,2179,18,9,-24,-19,-22
4.167969,15,2179,2179,18,9,-24,-20,-22
4.171875,15,2179,2179,18,9,-24,-20,-22
4.175781,15,2179,2179,18,8,-24,-20,-22
4.179688,15,2179,2179,19,9,-25,-20,-22
4.183594,15,2179,2179,19,9,-25,-20,-22
4.187500,15,2179,2179,20,9,-24,-20,-22
4.191406,15,2179,2179,19,9,-24,-20,-22
4.195312,15,2179,2179,19,9,-24,-20,-22
4.199219,15,2179,2179,19,9,-24,-19,-21
4.203125,15,2179,2179,19,9,-24,-19,-21
4.207031,15,2179,2179,18,9,-24,-19,-21
4.210938,15,2179,2179,18,9,-24,-19,-21
4.214844,14,2179,2179,18,9,-24,-20,-22
4.218750,14,2179,2179,19,9,-24,-20,-22
4.222656,15,2179,2179,18,9,-24,-20,-22
4.226562,15,2179,2179,19,9,-24,-20,-22
4.230469,14,2179,2179,19,9,-24,-20,-22
4.234375,14,2179,2179,19,9,-24,-20,-22
4.238281,14,2179,2179,19,9,-24,-19,-21
4.242188,14,2179,2179,19,9,-23,-19,-21
4.246094,14,2179,2179,19,9,-23,-19,-21
4.250000,14,2179,2179,20,9,-23,-19,-21
4.253906,15,2179,2179,20,9,-24,-19,-21
4.257812,14,2179,2179,19,9,-24,-19,-21
4.261719,14,2179,2179,19,9,-24,-19,-22
4.265625,14,2179,2179,20,9,-24,-20,-22
4.269531,13,2179,2179,20,10,-24,-20,-22
4.273438,13,2179,2179,20,9,-24,-19,-21
4.277344,12,2179,2179,21,10,-24,-19,-21
4.281250,12,2179,2179,21,9,-23,-19,-21
4.285156,12,2179,2179,21,10,-23,-19,-21
4.289062,13,2179,2179,20,10,-23,-18,-21
4.292969,13,2179,2179,20,9,-23,-18,-21
4.296875,13,2179,2179,20,9,-23,-18,-21
4.300781,13,2179,2179,20,9,-24,-19,-21
4.304688,14,2179,2179,19,9,-24,-19,-21
4.308594,14,2179,2179,19,9,-24,-19,-21
4.312500,13,2179,2179,19,9,-24,-19,-22
4.316406,13,2179,2179,20,9,-24,-19,-22
4.320312,13,2179,2179,20,9,-24,-19,-21
4.324219,13,2179,2179,20,9,-24,-19,-21
4.328125,13,2179,2179,20,9,-24,-19,-21
4.332031,13,2179,2179,20,9,-24,-19,-21
4.335938,13,2179,2179,19,9,-24,-19,-21
4.339844,13,2179,2179,18,9,-24,-19,-21
4.343750,13,2179,2179,18,9,-24,-19,-21
4.347656,13,2179,2179,18,9,-24,-19,-21
4.351562,13,2179,2179,18,9,-24,-19,-21
4.355469,14,2179,2179,18,9,-24,-19,-21
4.359375,13,2179,2179,18,9,-24,-19,-21
4.363281,13,2179,2179,18,9,-24,-19,-21
4.367188,13,2179,2179,19,9,-24,-19,-21
4.371094,13,2179,2179,19,9,-24,-19,-21
4.375000,13,2179,2179,18,9,-24,-19,-21
4.378906,14,2179,2179,18,9,-24,-19,-21
4.382812,13,2179,2179,19,9,-24,-19,-21
4.386719,13,2179,2179,19,10,-23,-19,-21
4.390625,13,2179,2179,19,9,-24,-19,-21
4.394531,13,2179,2179,19,9,-24,-19,-21
4.398438,13,2179,2179,19,9,-24,-19,-21
4.402344,13,2179,2179,19,9,-24,-19,-22
4.406250,14,2179,2179,18,9,-24,-19,-22
4.410156,14,2179,2179,19,9,-24,-20,-22
4.414062,13,2179,2179,19,9,-25,-20,-22
4.417969,13,2179,2179,19,10,-25,-20,-22
4.421875,14,2179,2179,19,10,-25,-20,-22
4.425781,14,2179,2179,19,9,-25,-20,-22
4.429688,13,2179,2179,19,9,-25,-20,-22
4.433594,14,2179,2179,19,10,-24,-20,-22
4.437500,14,2179,2179,19,10,-24,-19,-22
4.441406,14,2179,2179,18,9,-24,-19,-22
4.445312,14,2179,2179,18,9,-24,-19,-21
4.449219,14,2179,2179,18,9,-24,-19,-21
4.453125,14,2179,2179,18,9,-24,-19,-21
4.457031,14,2179,2179,18,9,-24,-19,-22
4.460938,14,2179,2179,19,9,-24,-19,-21
4.464844,13,2179,2179,19,10,-24,-19,-21
4.468750,13,2179,2179,19,10,-24,-19,-21
4.472656,13,2179,2179,19,10,-24,-19,-21
4.476562,13,2179,2179,19,10,-24,-19,-21
4.480469,13,2179,2179,19,9,-23,-19,-21
4.484375,13,2179,2179,19,10,-23,-18,-21
4.488281,14,2179,2179,19,10,-23,-18,-21
4.492188,14,2179,2179,18,9,-23,-18,-21
4.496094,13,2179,2179,18,9,-24,-19,-21
4.500000,13,2179,2179,19,9,-24,-19,-21
4.503906,14,2179,2179,19,9,-24,-19,-21
4.507812,14,2179,2179,18,9,-24,-19,-21
4.511719,14,2179,2179,18,9,-24,-19,-22
4.515625,14,2179,2179,18,9,-24,-19,-22
4.519531,14,2179,2179,19,9,-24,-20,-22
4.523438,14,2179,2179,18,9,-24,-20,-22
4.527344,15,2179,2179,18,9,-25,-20,-22
4.531250,14,2179,2179,18,8,-25,-20,-22
4.535156,14,2179,2179,18,9,-25,-20,-22
4.539062,15,2179,2179,18,9,-25,-20,-22
4.542969,14,2179,2179,18,9,-25,-20,-22
4.546875,14,2179,2179,18,9,-25,-20,-22
4.550781,14,2179,2179,19,10,-25,-20,-22
4.554688,14,2179,2179,19,10,-25,-20,-22
4.558594,14,2179,2179,18,9,-24,-20,-22
4.562500,13,2179,2179,18,9,-24,-20,-22
4.566406,13,2179,2179,19,10,-24,-19,-21
4.570312,13,2179,2179,19,10,-24,-19,-21
4.574219,13,2179,2179,18,9,-24,-19,-21
4.578125,13,2179,2179,18,9,-24,-19,-21
4.582031,13,2179,2179,19,9,-24,-19,-21
4.585938,13,2179,2179,19,9,-24,-19,-21
4.589844,13,2179,2179,18,9,-24,-19,-21
4.593750,13,2179,2179,18,9,-24,-19,-21
4.597656,13,2179,2179,19,9,-24,-19,-21
4.601562,13,2179,2179,18,9,-24,-19,-22
4.605469,13,2179,2179,19,9,-24,-19,-22
4.609375,13,2179,2179,18,9,-24,-19,-22
4.613281,13,2179,2179,19,9,-24,-20,-22
4.617188,13,2179,2179,19,10,-24,-20,-22
4.621094,13,2179,2179,19,10,-24,-20,-22
4.625000,13,2179,2179,19,10,-24,-20,-21
4.628906,13,2179,2179,19,10,-24,-19,-21
4.632812,13,2179,2179,19,10,-24,-20,-21
4.636719,12,2179,2179,19,10,-24,-20,-21
4.640625,13,2179,2179,19,10,-24,-19,-21
4.644531,13,2179,2179,19,10,-24,-19,-22
4.648438,13,2179,2179,19,10,-24,-20,-21
4.652344,13,2179,2179,19,10,-24,-20,-22
4.656250,14,2179,2179,19,9,-24,-20,-22
4.660156,14,2179,2179,19,10,-25,-20,-22
4.664062,14,2179,2179,19,10,-25,-20,-22
4.667969,14,2179,2179,19,10,-24,-20,-22
4.671875,14,2179,2179,19,10,-25,-20,-22
4.675781,14,2179,2179,19,9,-25,-20,-22
4.679688,14,2179,2179,19,9,-25,-20,-22
4.683594,14,2179,2179,19,10,-24,-20,-22
4.687500,14,2179,2179,19,10,-24,-19,-22
4.691406,14,2179,2179,18,9,-24,-20,-22
4.695312,14,2179,2179,19,9,-24,-19,-22
4.699219,14,2179,2179,19,10,-24,-20,-22
4.703125,14,2179,2179,19,10,-24,-20,-22
4.707031,14,2179,2179,19,10,-24,-20,-22
4.710938,14,2179,2179,19,10,-24,-20,-22
4.714844,14,2179,2179,19,10,-24,-20,-22
4.718750,14,2179,2179,19,10,-24,-20,-22
4.722656,14,2179,2179,19,10,-24,-19,-22
4.726562,15,2179,2179,19,9,-24,-19,-22
4.730469,15,2179,2179,18,9,-24,-19,-22
4.734375,15,2179,2179,18,9,-24,-19,-21
4.738281,15,2179,2179,18,9,-24,-19,-21
4.742188,15,2179,2179,18,8,-24,-19,-21
4.746094,15,2179,2179,18,8,-23,-19,-21
4.750000,15,2179,2179,18,8,-23,-19,-21
4.753906,15,2179,2179,18,9,-23,-19,-21
4.757812,15,2179,2179,18,8,-24,-19,-21
4.761719,15,2179,2179,18,8,-23,-19,-21
4.765625,14,2179,2179,18,9,-23,-19,-21
4.769531,14,2179,2179,18,9,-24,-19,-21
4.773438,14,2179,2179,18,8,-23,-19,-21
4.777344,14,2179,2179,18,9,-24,-19,-21
4.781250,14,2179,2179,18,8,-24,-19,-21
4.785156,13,2179,2179,18,9,-23,-19,-21
4.789062,13,2179,2179,18,9,-23,-19,-21
4.792969,13,2179,2179,18,9,-23,-18,-21
4.796875,13,2179,2179,18,9,-23,-18,-21
4.800781,13,2179,2179,18,9,-23,-18,-21
4.804688,13,2179,2179,19,9,-23,-18,-21
4.808594,13,2179,2179,18,9,-23,-18,-20
4.812500,12,2179,2179,19,9,-23,-18,-21
4.816406,12,2179,2179,19,9,-23,-18,-21
4.820312,13,2179,2179,19,10,-23,-18,-21
4.824219,13,2179,2179,19,9,-23,-18,-21
4.828125,13,2179,2179,19,9,-23,-18,-21
4.832031,13,2179,2179,19,10,-23,-18,-21
4.835938,13,2179,2179,19,10,-23,-18,-21
4.839844,14,2179,2179,19,10,-24,-19,-21
4.843750,14,2179,2179,19,10,-24,-19,-21
4.847656,14,2179,2179,19,10,-24,-19,-22
4.851562,14,2179,2179,19,10,-24,-20,-22
4.855469,14,2179,2179,19,10,-24,-20,-22
4.859375,14,2179,2179,19,10,-24,-20,-22
4.863281,15,2179,2179,19,10,-24,-20,-22
4.867188,15,2179,2179,19,10,-24,-20,-22
4.871094,15,2179,2179,19,10,-24,-19,-21
4.875000,16,2179,2179,19,9,-24,-19,-21
4.878906,16,2179,2179,19,9,-24,-19,-21
4.882812,16,2179,2179,19,9,-24,-19,-21
4.886719,16,2179,2179,19,10,-24,-19,-21
4.890625,16,2179,2179,19,9,-24,-19,-21
4.894531,16,2179,2179,19,9,-24,-19,-21
4.898438,16,2179,2179,19,10,-24,-19,-21
4.902344,16,2179,2179,19,10,-24,-20,-21
4.906250,16,2179,2179,19,9,-24,-20,-22
4.910156,16,2179,2179,19,10,-25,-20,-22
4.914062,16,2179,2179,19,10,-25,-20,-22
4.917969,17,2179,2179,19,10,-24,-20,-22
4.921875,17,2179,2179,19,10,-24,-20,-22
4.925781,18,2179,2179,18,9,-24,-19,-22
4.929688,17,2179,2179,18,9,-24,-19,-22
4.933594,18,2179,2179,18,9,-24,-19,-22
4.937500,18,2179,2179,18,9,-24,-19,-21
4.941406,18,2179,2179,18,9,-24,-18,-21
4.945312,17,2179,2179,18,8,-24,-19,-21
4.949219,17,2179,2179,18,9,-24,-19,-22
4.953125,17,2179,2179,18,9,-24,-19,-22
4.957031,17,2179,2179,18,9,-24,-19,-22
4.960938,17,2179,2179,18,8,-24,-20,-22
4.964844,17,2179,2179,18,9,-24,-20,-22
4.968750,17,2179,2179,18,9,-24,-20,-22
4.972656,17,2179,2179,18,9,-24,-20,-22
4.976562,17,2179,2179,18,9,-24,-20,-22
4.980469,17,2179,2179,18,9,-24,-20,-22
4.984375,16,2179,2179,19,9,-24,-20,-22
4.988281,16,2179,2179,19,9,-24,-20,-22
4.992188,16,2179,2179,18,9,-24,-19,-21
4.996094,16,2179,2179,18,9,-24,-19,-21
5.000000,16,2179,2179,19,9,-24,-19,-21
5.003906,16,2179,2179,19,9,-24,-19,-21
5.007812,16,2179,2179,18,9,-24,-19,-21
5.011719,16,2179,2179,18,9,-24,-19,-21
5.015625,16,2179,2179,19,9,-24,-19,-21
5.019531,15,2179,2179,19,9,-23,-19,-21
5.023438,16,2179,2179,19,9,-23,-19,-21
5.027344,16,2179,2179,19,9,-23,-19,-21
5.031250,16,2179,2179,19,9,-23,-19,-21
5.035156,16,2179,2179,19,9,-24,-19,-21
5.039062,16,2179,2179,18,9,-24,-19,-21
5.042969,16,2179,2179,18,9,-24,-19,-21
5.046875,16,2179,2179,18,9,-24,-19,-21
5.050781,16,2179,2179,19,9,-24,-19,-22
5.054688,16,2179,2179,19,9,-24,-19,-22
5.058594,16,2179,2179,18,9,-24,-20,-22
5.062500,16,2179,2179,18,9,-24,-19,-22
5.066406,15,2179,2179,19,9,-24,-20,-22
5.070312,15,2179,2179,19,10,-24,-20,-22
5.074219,15,2179,2179,19,10,-24,-20,-22
5.078125,15,2179,2179,19,10,-25,-20,-22
5.082031,15,2179,2179,20,10,-25,-20,-22
5.085938,15,2179,2179,20,10,-25,-20,-22
5.089844,15,2179,2179,20,10,-24,-20,-22
5.093750,15,2179,2179,20,9,-24,-20,-22
5.097656,15,2179,2179,21,10,-24,-20,-22
5.101562,15,2179,2179,21,10,-24,-19,-21
5.105469,15,2179,2179,21,10,-24,-19,-21
5.109375,15,2179,2179,21,9,-24,-19,-21
5.113281,15,2179,2179,21,9,-24,-19,-21
5.117188,15,2179,2179,21,10,-24,-19,-21
5.121094,16,2179,2179,21,10,-23,-19,-21
5.125000,15,2179,2179,21,10,-24,-19,-21
5.128906,16,2179,2179,21,10,-24,-19,-21
5.132812,15,2179,2179,21,10,-24,-19,-21
5.136719,15,2179,2179,21,10,-24,-19,-21
5.140625,15,2179,2179,21,10,-24,-19,-21
5.144531,15,2179,2179,21,10,-24,-19,-21
5.148438,15,2179,2179,21,10,-24,-19,-21
5.152344,15,2179,2179,21,10,-23,-19,-21
5.156250,16,2179,2179,21,9,-23,-19,-21
5.160156,16,2179,2179,20,9,-23,-19,-21
5.164062,16,2179,2179,20,9,-24,-19,-21
5.167969,16,2179,2179,20,9,-24,-19,-21
5.171875,16,2179,2179,20,8,-24,-19,-21
5.175781,16,2179,2179,20,8,-24,-19,-21
5.179688,16,2179,2179,20,8,-24,-19,-22
5.183594,16,2179,2179,20,9,-24,-19,-22
5.187500,16,2179,2179,20,9,-24,-19,-21
5.191406,16,2179,2179,20,9,-24,-19,-21
5.195312,16,2179,2179,20,9,-24,-19,-21
5.199219,16,2179,2179,20,9,-24,-19,-21
5.203125,16,2179,2179,20,9,-24,-19,-21
5.207031,16,2179,2179,20,9,-24,-19,-21
5.210938,16,2179,2179,20,9,-24,-19,-21
5.214844,16,2179,2179,20,9,-24,-19,-21
5.218750,16,2179,2179,21,9,-24,-19,-21
5.222656,16,2179,2179,20,9,-24,-19,-21
5.226562,17,2179,2179,20,9,-24,-19,-21
5.230469,17,2179,2179,20,9,-24,-19,-22
5.234375,17,2179,2179,21,10,-24,-19,-22
5.238281,17,2179,2179,21,10,-24,-19,-22
5.242188,18,2179,2179,21,9,-24,-19,-22
5.246094,18,2179,2179,21,9,-24,-19,-22
5.250000,18,2179,2179,21,10,-24,-20,-21
5.253906,18,2179,2179,21,10,-24,-19,-21
5.257812,18,2179,2179,21,9,-23,-19,-21
5.261719,18,2179,2179,20,9,-23,-19,-21
5.265625,18,2179,2179,20,9,-23,-18,-21
5.269531,18,2179,2179,21,9,-23,-19,-21
5.273438,18,2179,2179,20,9,-23,-19,-21
5.277344,18,2179,2179,20,9,-23,-19,-21
5.281250,18,2179,2179,21,8,-24,-19,-21
5.285156,18,2179,2179,20,9,-24,-19,-22
5.289062,18,2179,2179,20,9,-24,-19,-22
5.292969,18,2179,2179,20,9,-24,-19,-22
5.296875,18,2179,2179,20,9,-24,-19,-22
5.300781,18,2179,2179,20,9,-24,-19,-22
5.304688,18,2179,2179,20,9,-24,-19,-22
5.308594,18,2179,2179,20,9,-24,-19,-21
5.312500,17,2179,2179,20,9,-24,-19,-21
5.316406,17,2179,2179,20,9,-24,-19,-21
5.320312,17,2179,2179,20,9,-24,-19,-21
5.324219,17,2179,2179,20,9,-24,-19,-21
5.328125,17,2179,2179,20,9,-24,-19,-21
5.332031,16,2179,2179,21,9,-24,-19,-21
5.335938,16,2179,2179,21,9,-24,-19,-22
5.339844,16,2179,2179,21,9,-24,-19,-22
5.343750,16,2179,2179,20,9,-24,-19,-22
5.347656,15,2179,2179,21,9,-24,-19,-22
5.351562,15,2179,2179,21,9,-24,-19,-21
5.355469,16,2179,2179,21,9,-24,-19,-21
5.359375,15,2179,2179,21,9,-24,-19,-21
5.363281,15,2179,2179,20,9,-24,-19,-21
5.367188,16,2179,2179,21,9,-24,-19,-21
5.371094,16,2179,2179,21,9,-24,-19,-21
5.375000,16,2179,2179,20,9,-24,-19,-21
5.378906,16,2179,2179,20,9,-24,-19,-21
5.382812,16,2179,2179,21,9,-24,-19,-21
5.386719,16,2179,2179,21,9,-24,-19,-21
5.390625,17,2179,2179,20,9,-24,-19,-22
5.394531,16,2179,2179,20,9,-24,-19,-22
5.398438,16,2179,2179,21,10,-24,-19,-22
5.402344,16,2179,2179,21,9,-24,-19,-21
5.406250,16,2179,2179,20,9,-24,-19,-21
5.410156,16,2179,2179,20,9,-24,-19,-21
5.414062,16,2179,2179,21,9,-24,-19,-21
5.417969,16,2179,2179,21,9,-24,-19,-21
5.421875,16,2179,2179,21,9,-24,-19,-21
5.425781,16,2179,2179,20,9,-23,-19,-21
5.429688,16,2179,2179,20,9,-23,-19,-21
5.433594,16,2179,2179,20,9,-23,-19,-21
5.437500,17,2179,2179,20,9,-24,-19,-21
5.441406,17,2179,2179,20,9,-24,-19,-21
5.445312,17,2179,2179,20,9,-24,-19,-21
5.449219,17,2179,2179,21,9,-24,-19,-22
5.453125,17,2179,2179,21,9,-24,-19,-22
5.457031,17,2179,2179,21,9,-24,-19,-22
5.460938,17,2179,2179,21,9,-24,-19,-21
5.464844,17,2179,2179,21,9,-24,-19,-21
5.468750,17,2179,2179,21,9,-24,-19,-21
5.472656,18,2179,2179,20,9,-24,-19,-22
5.476562,18,2179,2179,20,9,-24,-19,-21
5.480469,18,2179,2179,20,9,-24,-19,-21
5.484375,18,2179,2179,20,9,-23,-19,-21
5.488281,18,2179,2179,21,9,-23,-19,-21
5.492188,18,2179,2179,20,9,-23,-19,-21
5.496094,18,2179,2179,20,9,-23,-19,-21
5.500000,18,2179,2179,21,9,-23,-19,-21
5.503906,19,2179,2179,21,9,-23,-19,-21
5.507812,19,2179,2179,20,9,-24,-19,-21
5.511719,19,2179,2179,20,9,-24,-19,-21
5.515625,19,2179,2179,21,10,-24,-19,-21
5.519531,19,2179,2179,21,10,-24,-20,-22
5.523438,19,2179,2179,21,9,-24,-20,-22
5.527344,19,2179,2179,21,10,-24,-19,-22
5.531250,18,2179,2179,21,9,-24,-19,-22
5.535156,18,2179,2179,21,10,-24,-20,-22
5.539062,18,2179,2179,21,10,-24,-20,-22
5.542969,18,2179,2179,21,10,-24,-20,-22
5.546875,18,2179,2179,21,10,-25,-20,-22
5.550781,18,2179,2179,21,10,-25,-20,-22
5.554688,18,2179,2179,21,10,-25,-20,-22
5.558594,18,2179,2179,21,10,-25,-20,-22
5.562500,18,2179,2179,21,10,-25,-20,-22
5.566406,18,2179,2179,21,10,-25,-20,-22
5.570312,18,2179,2179,21,10,-25,-20,-22
5.574219,18,2179,2179,21,10,-24,-20,-22
5.578125,18,2179,2179,21,9,-25,-20,-22
5.582031,18,2179,2179,21,10,-25,-20,-22
5.585938,18,2179,2179,21,10,-25,-20,-22
5.589844,18,2179,2179,21,9,-25,-20,-22
5.593750,18,2179,2179,21,9,-24,-20,-22
5.597656,18,2179,2179,21,10,-24,-20,-22
5.601562,18,2179,2179,21,10,-24,-20,-22
5.605469,18,2179,2179,21,10,-24,-20,-22
5.609375,18,2179,2179,21,9,-24,-20,-22
5.613281,18,2179,2179,21,9,-25,-20,-22
5.617188,18,2179,2179,21,10,-25,-20,-22
5.621094,18,2179,2179,21,9,-25,-20,-22
5.625000,18,2179,2179,20,9,-25,-20,-22
5.628906,18,2179,2179,20,9,-24,-20,-22
5.632812,18,2179,2179,20,9,-24,-19,-22
5.636719,18,2179,2179,20,9,-24,-19,-22
5.640625,18,2179,2179,20,9,-24,-19,-21
5.644531,18,2179,2179,20,9,-24,-19,-21
5.648438,18,2179,2179,20,10,-24,-19,-21
5.652344,18,2179,2179,20,10,-24,-19,-21
5.656250,19,2179,2179,20,9,-24,-19,-22
5.660156,19,2179,2179,21,9,-24,-19,-22
5.664062,19,2179,2179,21,10,-24,-19,-21
5.667969,19,2179,2179,21,10,-24,-19,-22
5.671875,19,2179,2179,21,10,-24,-19,-22
5.675781,20,2179,2179,21,9,-24,-19,-22
5.679688,20,2179,2179,21,9,-24,-19,-22
5.683594,20,2179,2179,21,10,-24,-20,-22
5.687500,20,2179,2179,21,10,-24,-20,-22
5.691406,20,2179,2179,21,9,-24,-20,-22
5.695312,20,2179,2179,21,9,-24,-20,-22
5.699219,20,2179,2179,21,10,-24,-20,-22
5.703125,20,2179,2179,21,10,-24,-19,-22
5.707031,20,2179,2179,21,10,-24,-19,-21
5.710938,20,2179,2179,20,9,-24,-19,-21
5.714844,20,2179,2179,20,10,-24,-19,-21
5.718750,20,2179,2179,20,10,-24,-19,-21
5.722656,20,2179,2179,19,9,-24,-19,-21
5.726562,20,2179,2179,19,9,-24,-19,-22
5.730469,19,2179,2179,18,9,-25,-20,-22
5.734375,19,2179,2179,19,10,-25,-20,-22
5.738281,20,2179,2179,19,10,-25,-20,-22
5.742188,20,2179,2179,19,10,-25,-20,-22
5.746094,19,2179,2179,19,10,-25,-20,-22
5.750000,20,2179,2179,19,10,-25,-20,-22
5.753906,20,2179,2179,19,10,-25,-20,-22
5.757812,20,2179,2179,19,9,-25,-20,-22
5.761719,20,2179,2179,19,9,-24,-20,-22
5.765625,20,2179,2179,19,10,-25,-20,-22
5.769531,20,2179,2179,19,10,-25,-20,-22
5.773438,20,2179,2179,18,9,-24,-20,-22
5.777344,20,2179,2179,18,9,-24,-20,-22
5.781250,20,2179,2179,18,8,-24,-20,-22
5.785156,21,2179,2179,18,9,-24,-19,-22
5.789062,22,2179,2179,18,9,-24,-19,-22
5.792969,22,2179,2179,18,9,-24,-19,-22
5.796875,22,2179,2179,18,8,-24,-19,-21
5.800781,22,2179,2179,19,9,-24,-19,-21
5.804688,23,2179,2179,18,9,-24,-19,-21
5.808594,23,2179,2179,18,9,-23,-19,-21
5.812500,23,2179,2179,18,9,-23,-19,-21
5.816406,23,2179,2179,19,9,-23,-19,-21
5.820312,23,2179,2179,18,9,-23,-19,-21
5.824219,24,2179,2179,18,9,-24,-19,-21
5.828125,24,2179,2179,18,9,-24,-19,-22
5.832031,24,2179,2179,18,9,-24,-19,-22
5.835938,24,2179,2179,19,9,-24,-19,-22
5.839844,25,2179,2179,18,9,-24,-19,-21
5.843750,25,2179,2179,18,9,-24,-19,-21
5.847656,25,2179,2179,19,9,-24,-19,-21
5.851562,26,2179,2179,19,10,-24,-19,-21
5.855469,26,2179,2179,19,10,-23,-19,-21
5.859375,27,2179,2179,19,9,-23,-18,-21
5.863281,27,2179,2179,19,9,-23,-18,-21
5.867188,27,2179,2179,19,10,-23,-19,-21
5.871094,28,2179,2179,19,10,-23,-19,-21
5.875000,28,2179,2179,19,9,-24,-19,-21
5.878906,29,2179,2179,19,9,-24,-19,-21
5.882812,29,2179,2179,19,9,-24,-19,-21
5.886719,30,2179,2179,19,9,-24,-19,-21
5.890625,30,2179,2179,18,9,-23,-19,-21
5.894531,31,2179,2179,18,9,-23,-19,-21
5.898438,30,2179,2179,19,9,-23,-19,-21
5.902344,30,2179,2179,19,9,-23,-19,-21
5.906250,31,2179,2179,18,8,-23,-18,-21
5.910156,31,2179,2179,18,9,-24,-19,-21
5.914062,31,2179,2179,19,9,-24,-19,-21
5.917969,31,2179,2179,19,10,-24,-19,-21
5.921875,32,2179,2179,19,9,-24,-19,-21
5.925781,32,2179,2179,19,9,-24,-19,-21
5.929688,31,2179,2179,19,9,-24,-20,-22
5.933594,31,2179,2179,19,10,-24,-20,-22
5.937500,31,2179,2179,19,10,-24,-19,-21
5.941406,31,2179,2179,18,9,-24,-19,-21
5.945312,31,2179,2179,18,9,-24,-19,-21
5.949219,32,2179,2179,19,9,-24,-19,-21
5.953125,32,2179,2179,18,9,-23,-19,-21
5.957031,33,2179,2179,18,9,-24,-19,-21
5.960938,33,2179,2179,18,9,-24,-19,-22
5.964844,33,2179,2179,19,9,-24,-19,-22
5.968750,33,2179,2179,19,9,-24,-19,-22
5.972656,34,2179,2179,19,9,-24,-20,-22
5.976562,34,2179,2179,19,9,-24,-19,-22
5.980469,34,2179,2179,19,9,-24,-19,-21
5.984375,34,2179,2179,19,9,-24,-19,-21
5.988281,35,2179,2179,19,9,-23,-19,-21
5.992188,35,2179,2179,19,9,-24,-19,-21
5.996094,35,2179,2179,18,9,-24,-19,-21
6.000000,35,2179,2179,19,9,-23,-19,-21
6.003906,36,2179,2179,19,10,-24,-19,-21
6.007812,36,2179,2179,19,10,-24,-19,-21
6.011719,36,2179,2179,19,10,-24,-20,-22
6.015625,36,2179,2179,20,10,-25,-20,-22
6.019531,36,2179,2179,20,10,-25,-20,-22
6.023438,37,2179,2179,20,10,-25,-20,-22
6.027344,38,2179,2179,20,10,-25,-20,-22
6.031250,38,2179,2179,20,9,-25,-20,-22
6.035156,38,2179,2179,20,10,-25,-20,-22
6.039062,39,2179,2179,19,10,-24,-20,-22
6.042969,39,2179,2179,19,10,-24,-20,-22
6.046875,39,2179,2179,19,10,-24,-20,-22
6.050781,39,2179,2179,19,10,-24,-20,-22
6.054688,40,2179,2179,19,10,-24,-20,-22
6.058594,41,2179,2179,19,9,-24,-20,-21
6.062500,41,2179,2179,19,9,-24,-19,-21
6.066406,41,2179,2179,19,10,-24,-19,-21
6.070312,42,2179,2179,19,9,-24,-19,-21
6.074219,43,2179,2179,19,9,-24,-19,-21
6.078125,43,2179,2179,19,9,-24,-19,-22
6.082031,43,2179,2179,19,9,-24,-19,-22
6.085938,43,2179,2179,20,9,-24,-19,-22
6.089844,44,2179,2179,20,9,-24,-19,-22
6.093750,45,2179,2179,20,9,-24,-19,-22
6.097656,45,2179,2179,21,9,-24,-19,-22
6.101562,45,2179,2179,21,10,-24,-19,-22
6.105469,46,2179,2179,21,10,-24,-19,-22
6.109375,46,2179,2179,21,9,-24,-19,-21
6.113281,46,2179,2179,21,10,-24,-19,-21
6.117188,46,2179,2179,21,10,-24,-19,-21
6.121094,46,2179,2179,21,10,-24,-19,-21
6.125000,46,2179,2179,20,9,-24,-19,-21
6.128906,46,2179,2179,20,9,-24,-19,-21
6.132812,46,2179,2179,20,9,-24,-19,-22
6.136719,45,2179,2179,21,10,-24,-20,-22
6.140625,46,2179,2179,20,9,-24,-19,-22
6.144531,46,2179,2179,20,9,-24,-19,-21
6.148438,45,2179,2179,20,10,-24,-19,-21
6.152344,45,2179,2179,19,10,-24,-19,-21
6.156250,46,2179,2179,19,9,-24,-19,-21
6.160156,46,2179,2179,18,9,-23,-19,-21
6.164062,45,2179,2179,19,9,-23,-19,-21
6.167969,45,2179,2179,19,10,-23,-19,-21
6.171875,46,2179,2179,19,9,-23,-19,-21
6.175781,46,2179,2179,19,9,-24,-19,-21
6.179688,46,2179,2179,19,9,-23,-19,-21
6.183594,46,2179,2179,19,9,-23,-19,-21
6.187500,47,2179,2179,19,9,-23,-19,-21
6.191406,47,2179,2179,19,9,-23,-19,-21
6.195312,48,2179,2179,19,8,-23,-18,-21
6.199219,48,2179,2179,19,9,-23,-18,-21
6.203125,48,2179,2179,19,9,-23,-18,-21
6.207031,49,2179,2179,19,8,-23,-18,-21
6.210938,48,2179,2179,20,8,-23,-18,-21
6.214844,48,2179,2179,21,9,-23,-18,-21
6.218750,48,2179,2179,21,9,-23,-19,-21
6.222656,48,2179,2179,20,9,-23,-19,-21
6.226562,48,2179,2179,20,9,-24,-19,-21
6.230469,48,2179,2179,20,10,-24,-19,-21
6.234375,48,2179,2179,20,10,-24,-19,-21
6.238281,48,2179,2179,21,10,-24,-19,-21
6.242188,48,2179,2179,21,10,-24,-19,-21
6.246094,48,2179,2179,21,10,-24,-20,-21
6.250000,48,2179,2179,22,11,-25,-20,-22
6.253906,48,2179,2179,22,10,-25,-20,-22
6.257812,48,2179,2179,22,10,-25,-20,-22
6.261719,48,2179,2179,22,10,-25,-20,-22
6.265625,48,2179,2179,22,10,-24,-20,-22
6.269531,48,2179,2179,21,10,-24,-19,-21
6.273438,49,2179,2179,21,10,-24,-19,-21
6.277344,49,2179,2179,21,10,-24,-19,-21
6.281250,49,2179,2179,21,10,-24,-19,-21
6.285156,49,2179,2179,21,10,-23,-19,-21
6.289062,49,2179,2179,22,10,-24,-19,-21
6.292969,49,2179,2179,21,10,-24,-19,-21
6.296875,49,2179,2179,21,10,-24,-19,-21
6.300781,49,2179,2179,21,10,-24,-19,-21
6.304688,50,2179,2179,21,10,-24,-20,-21
6.308594,50,2179,2179,21,10,-24,-19,-21
6.312500,50,2179,2179,21,9,-24,-19,-21
6.316406,50,2179,2179,21,10,-24,-19,-22
6.320312,51,2179,2179,21,10,-24,-19,-21
6.324219,51,2179,2179,20,9,-24,-19,-21
6.328125,51,2179,2179,20,9,-23,-19,-21
6.332031,51,2179,2179,21,9,-23,-19,-21
6.335938,51,2179,2179,21,9,-24,-19,-21
6.339844,52,2179,2179,20,9,-24,-19,-21
6.343750,52,2179,2179,20,9,-24,-19,-22
6.347656,51,2179,2179,21,9,-24,-19,-21
6.351562,51,2179,2179,21,9,-24,-19,-22
6.355469,52,2179,2179,20,9,-24,-19,-21
6.359375,52,2179,2179,20,9,-24,-19,-21
6.363281,52,2179,2179,20,9,-23,-19,-21
6.367188,52,2179,2179,21,9,-23,-19,-21
6.371094,52,2179,2179,20,9,-23,-19,-21
6.375000,52,2179,2179,20,8,-23,-19,-21
6.378906,53,2179,2179,20,8,-23,-19,-21
6.382812,53,2179,2179,20,9,-24,-19,-21
6.386719,53,2179,2179,21,9,-24,-19,-21
6.390625,53,2179,2179,21,9,-24,-19,-22
6.394531,54,2179,2179,21,9,-24,-19,-22
6.398438,53,2179,2179,21,9,-24,-19,-21
6.402344,53,2179,2179,22,9,-24,-19,-21
6.406250,54,2179,2179,22,9,-23,-19,-21
6.410156,54,2179,2179,21,9,-23,-19,-21
6.414062,54,2179,2179,22,9,-23,-19,-21
6.417969,54,2179,2179,22,9,-23,-18,-21
6.421875,54,2179,2179,22,9,-23,-18,-21
6.425781,54,2179,2179,21,9,-23,-19,-21
6.429688,54,2179,2179,22,9,-23,-19,-21
6.433594,54,2179,2179,22,9,-24,-19,-21
6.437500,55,2179,2179,23,9,-24,-19,-21
6.441406,55,2179,2179,23,9,-24,-19,-21
6.445312,55,2179,2179,23,9,-24,-19,-21
6.449219,55,2179,2179,23,9,-24,-19,-21
6.453125,55,2179,2179,23,9,-24,-19,-21
6.457031,55,2179,2179,22,9,-24,-19,-21
6.460938,55,2179,2179,22,9,-24,-19,-21
6.464844,55,2179,2179,23,9,-23,-19,-21
6.468750,55,2179,2179,23,10,-23,-19,-21
6.472656,55,2179,2179,23,10,-23,-19,-21
6.476562,55,2179,2179,24,10,-24,-19,-21
6.480469,55,2179,2179,24,10,-24,-19,-21
6.484375,55,2179,2179,25,10,-24,-19,-22
6.488281,56,2179,2179,25,10,-24,-20,-22
6.492188,56,2179,2179,25,10,-24,-19,-22
6.496094,56,2179,2179,26,9,-24,-19,-22
6.500000,57,2179,2179,26,10,-24,-19,-22
6.503906,57,2179,2179,27,9,-24,-19,-22
6.507812,57,2179,2179,28,9,-24,-19,-22
6.511719,57,2179,2179,28,9,-24,-19,-21
6.515625,57,2179,2179,30,9,-24,-19,-22
6.519531,57,2179,2179,30,9,-24,-19,-21
6.523438,57,2179,2179,31,9,-24,-19,-21
6.527344,57,2179,2179,32,9,-24,-19,-21
6.531250,57,2179,2179,32,8,-24,-19,-21
6.535156,57,2179,2179,33,9,-24,-19,-22
6.539062,57,2179,2179,35,9,-24,-19,-22
6.542969,57,2179,2179,36,9,-24,-20,-22
6.546875,57,2179,2179,37,9,-24,-20,-22
6.550781,57,2179,2179,39,9,-24,-20,-22
6.554688,57,2179,2179,41,9,-24,-20,-22
6.558594,57,2179,2179,42,9,-24,-20,-22
6.562500,56,2179,2179,43,9,-24,-19,-22
6.566406,56,2179,2179,44,9,-24,-19,-22
6.570312,56,2179,2179,45,9,-24,-19,-22
6.574219,56,2179,2179,45,9,-24,-19,-22
6.578125,56,2179,2179,46,9,-24,-19,-22
6.582031,56,2179,2179,47,9,-24,-19,-21
6.585938,56,2179,2179,48,9,-24,-19,-22
6.589844,56,2179,2179,49,9,-24,-19,-21
6.593750,56,2179,2179,51,9,-24,-19,-21
6.597656,56,2179,2179,54,9,-24,-19,-21
6.601562,56,2179,2179,56,9,-24,-19,-21
6.605469,56,2179,2179,58,9,-24,-19,-21
6.609375,56,2179,2179,60,9,-24,-19,-21
6.613281,56,2179,2179,63,8,-24,-19,-21
6.617188,57,2179,2179,66,9,-24,-19,-22
6.621094,57,2179,2179,68,9,-24,-19,-22
6.625000,57,2179,2179,70,8,-24,-19,-22
6.628906,57,2179,2179,72,8,-24,-19,-22
6.632812,56,2179,2179,74,9,-24,-19,-22
6.636719,56,2179,2179,74,9,-24,-19,-21
6.640625,56,2179,2179,75,9,-24,-19,-21
6.644531,56,2179,2179,75,9,-23,-19,-21
6.648438,56,2179,2179,76,10,-23,-19,-21
6.652344,55,2179,2179,76,10,-23,-18,-21
6.656250,55,2179,2179,77,9,-23,-18,-21
6.660156,55,2179,2179,79,9,-23,-18,-21
6.664062,55,2179,2179,83,9,-23,-18,-21
6.667969,55,2179,2179,84,10,-23,-19,-21
6.671875,55,2179,2179,86,10,-23,-19,-21
6.675781,55,2179,2179,88,10,-23,-19,-21
6.679688,54,2179,2179,89,10,-23,-19,-21
6.683594,54,2179,2179,91,10,-24,-19,-21
6.687500,54,2179,2179,92,11,-24,-19,-21
6.691406,55,2179,2179,93,10,-24,-19,-21
6.695312,54,2179,2179,94,10,-24,-19,-21
6.699219,54,2179,2179,96,10,-24,-20,-21
6.703125,54,2179,2179,98,10,-24,-19,-21
6.707031,55,2179,2179,99,10,-24,-19,-22
6.710938,55,2179,2179,101,10,-24,-20,-22
6.714844,55,2179,2179,102,10,-24,-20,-22
6.718750,55,2179,2179,103,9,-24,-20,-22
6.722656,55,2179,2179,104,9,-25,-20,-22
6.726562,56,2179,2179,105,9,-24,-20,-22
6.730469,55,2179,2179,106,8,-24,-20,-22
6.734375,55,2179,2179,107,9,-24,-19,-22
6.738281,55,2179,2179,108,9,-24,-19,-21
6.742188,55,2179,2179,108,8,-24,-19,-21
6.746094,54,2179,2179,108,8,-24,-19,-21
6.750000,54,2179,2179,109,9,-24,-19,-21
6.753906,54,2179,2179,110,9,-24,-19,-21
6.757812,54,2179,2179,111,8,-24,-19,-21
6.761719,54,2179,2179,112,8,-24,-19,-21
6.765625,54,2179,2179,113,9,-24,-19,-22
6.769531,54,2179,2179,114,9,-24,-19,-21
6.773438,54,2179,2179,115,8,-24,-19,-22
6.777344,54,2179,2179,116,9,-24,-19,-22
6.781250,53,2179,2179,116,8,-24,-20,-21
6.785156,53,2179,2179,117,9,-24,-20,-22
6.789062,54,2179,2179,117,9,-24,-19,-22
6.792969,54,2179,2179,117,9,-24,-20,-22
6.796875,53,2179,2179,117,9,-24,-20,-22
6.800781,53,2179,2179,118,9,-25,-20,-22
6.804688,54,2179,2179,119,10,-25,-20,-22
6.808594,53,2179,2179,119,9,-25,-20,-22
6.812500,53,2179,2179,120,9,-24,-20,-22
6.816406,53,2179,2179,121,9,-24,-20,-22
6.820312,54,2179,2179,121,9,-24,-19,-22
6.824219,54,2179,2179,121,9,-24,-19,-22
6.828125,55,2179,2179,121,9,-24,-19,-21
6.832031,54,2179,2179,122,9,-24,-19,-21
6.835938,54,2179,2179,122,9,-23,-19,-21
6.839844,55,2179,2179,123,9,-23,-18,-21
6.843750,55,2179,2179,123,9,-23,-18,-21
6.847656,54,2179,2179,125,9,-23,-18,-21
6.851562,54,2179,2179,126,10,-23,-18,-21
6.855469,55,2179,2179,127,10,-23,-19,-21
6.859375,55,2179,2179,127,10,-24,-18,-21
6.863281,55,2179,2179,128,10,-24,-19,-21
6.867188,55,2179,2179,129,10,-24,-19,-21
6.871094,55,2179,2179,130,10,-24,-19,-21
6.875000,55,2179,2179,130,9,-24,-19,-21
6.878906,55,2179,2179,130,9,-24,-19,-21
6.882812,54,2179,2179,131,10,-24,-19,-21
6.886719,55,2179,2179,131,10,-24,-19,-21
6.890625,55,2179,2179,131,10,-24,-19,-21
6.894531,55,2179,2179,131,9,-24,-20,-22
6.898438,55,2179,2179,132,10,-24,-20,-22
6.902344,55,2179,2179,132,10,-24,-20,-22
6.906250,55,2179,2179,132,9,-24,-19,-22
6.910156,55,2179,2179,133,9,-24,-19,-21
6.914062,55,2179,2179,134,9,-24,-19,-21
6.917969,55,2179,2179,133,9,-23,-19,-21
6.921875,54,2179,2179,133,9,-23,-19,-21
6.925781,55,2179,2179,133,9,-24,-19,-21
6.929688,55,2179,2179,133,9,-24,-19,-22
6.933594,55,2179,2179,134,9,-24,-20,-22
6.937500,55,2179,2179,134,9,-25,-20,-22
6.941406,55,2179,2179,134,9,-25,-20,-22
6.945312,55,2179,2179,134,9,-25,-20,-22
6.949219,55,2179,2179,135,10,-24,-20,-22
6.953125,54,2179,2179,135,10,-24,-20,-22
6.957031,54,2179,2179,135,10,-25,-20,-22
6.960938,54,2179,2179,136,10,-25,-20,-22
6.964844,54,2179,2179,136,10,-25,-20,-22
6.968750,54,2179,2179,137,10,-25,-20,-22
6.972656,54,2179,2179,136,10,-25,-20,-22
6.976562,53,2179,2179,137,10,-25,-20,-22
6.980469,53,2179,2179,137,10,-24,-20,-22
6.984375,53,2179,2179,137,10,-24,-19,-21
6.988281,53,2179,2179,137,10,-24,-19,-21
6.992188,53,2179,2179,136,10,-24,-19,-21
6.996094,53,2179,2179,137,10,-24,-19,-21
7.000000,53,2179,2179,137,10,-23,-19,-21
7.003906,54,2179,2179,137,9,-23,-19,-21
7.007812,54,2179,2179,137,9,-23,-19,-21
7.011719,54,2179,2179,138,9,-23,-19,-21
7.015625,54,2179,2179,138,9,-23,-18,-21
7.019531,54,2179,2179,139,9,-23,-18,-21
7.023438,54,2179,2179,139,8,-23,-19,-21
7.027344,54,2179,2179,139,8,-23,-18,-21
7.031250,54,2179,2179,139,8,-23,-18,-21
7.035156,54,2179,2179,140,9,-23,-18,-21
7.039062,54,2179,2179,140,9,-23,-19,-21
7.042969,54,2179,2179,139,9,-24,-19,-21
7.046875,54,2179,2179,140,9,-23,-19,-21
7.050781,54,2179,2179,140,9,-23,-19,-21
7.054688,54,2179,2179,140,9,-23,-19,-21
7.058594,54,2179,2179,140,9,-24,-19,-21
7.062500,54,2179,2179,140,9,-24,-19,-21
7.066406,54,2179,2179,140,9,-24,-19,-21
7.070312,54,2179,2179,140,9,-24,-19,-21
7.074219,55,2179,2179,140,9,-24,-19,-22
7.078125,55,2179,2179,140,9,-24,-19,-22
7.082031,55,2179,2179,140,9,-24,-19,-22
7.085938,54,2179,2179,140,9,-24,-19,-21
7.089844,55,2179,2179,140,9,-24,-19,-21
7.093750,54,2179,2179,140,9,-23,-18,-21
7.097656,54,2179,2179,140,9,-23,-18,-21
7.101562,54,2179,2179,140,9,-23,-18,-21
7.105469,54,2179,2179,140,9,-23,-18,-21
7.109375,54,2179,2179,140,9,-23,-18,-21
7.113281,54,2179,2179,140,9,-23,-18,-21
7.117188,54,2179,2179,141,9,-23,-19,-21
7.121094,54,2179,2179,141,9,-24,-19,-21
7.125000,54,2179,2179,141,9,-24,-19,-21
7.128906,54,2179,2179,142,9,-24,-19,-22
7.132812,54,2179,2179,142,9,-24,-19,-21
7.136719,54,2179,2179,142,9,-24,-19,-22
7.140625,54,2179,2179,142,9,-24,-20,-22
7.144531,54,2179,2179,142,9,-24,-19,-22
7.148438,54,2179,2179,142,9,-24,-19,-22
7.152344,54,2179,2179,142,9,-24,-19,-22
7.156250,54,2179,2179,141,9,-24,-19,-22
7.160156,54,2179,2179,141,9,-24,-20,-22
7.164062,54,2179,2179,143,9,-24,-20,-22
7.167969,53,2179,2179,142,10,-24,-20,-22
7.171875,54,2179,2179,143,9,-25,-20,-22
7.175781,54,2179,2179,142,9,-24,-20,-22
7.179688,53,2179,2179,143,9,-24,-20,-22
7.183594,54,2179,2179,143,9,-24,-20,-22
7.187500,54,2179,2179,143,9,-24,-19,-22
7.191406,54,2179,2179,142,9,-24,-19,-21
7.195312,54,2179,2179,142,9,-24,-19,-22
7.199219,53,2179,2179,142,9,-24,-19,-22
7.203125,54,2179,2179,142,9,-24,-19,-22
7.207031,54,2179,2179,142,9,-24,-19,-22
7.210938,54,2179,2179,142,9,-24,-19,-21
7.214844,54,2179,2179,143,9,-24,-19,-21
7.218750,54,2179,2179,144,9,-24,-19,-21
7.222656,54,2179,2179,144,9,-24,-19,-21
7.226562,54,2179,2179,144,9,-24,-19,-21
7.230469,54,2179,2179,144,9,-24,-19,-21
7.234375,53,2179,2179,144,9,-24,-19,-22
7.238281,54,2179,2179,144,9,-24,-20,-22
7.242188,54,2179,2179,144,9,-24,-20,-22
7.246094,53,2179,2179,144,9,-24,-20,-22
7.250000,53,2179,2179,144,10,-24,-20,-22
7.253906,53,2179,2179,145,10,-24,-20,-22
7.257812,53,2179,2179,145,9,-24,-19,-21
7.261719,53,2179,2179,145,9,-24,-19,-21
7.265625,53,2179,2179,145,9,-24,-19,-21
7.269531,53,2179,2179,145,10,-24,-19,-21
7.273438,53,2179,2179,145,9,-24,-19,-21
7.277344,53,2179,2179,145,9,-24,-19,-21
7.281250,52,2179,2179,145,9,-24,-19,-21
7.285156,52,2179,2179,145,10,-24,-19,-21
7.289062,52,2179,2179,146,10,-24,-19,-21
7.292969,52,2179,2179,146,9,-24,-19,-21
7.296875,51,2179,2179,146,9,-24,-19,-21
7.300781,51,2179,2179,146,10,-24,-19,-21
7.304688,52,2179,2179,146,10,-24,-19,-21
7.308594,52,2179,2179,146,9,-24,-19,-21
7.312500,52,2179,2179,146,9,-24,-19,-21
7.316406,52,2179,2179,146,9,-24,-19,-21
7.320312,52,2179,2179,146,9,-24,-19,-21
7.324219,52,2179,2179,145,9,-24,-19,-21
7.328125,53,2179,2179,145,9,-24,-19,-21
7.332031,52,2179,2179,145,9,-24,-19,-21
7.335938,52,2179,2179,145,9,-24,-19,-21
7.339844,53,2179,2179,145,9,-24,-19,-21
7.343750,52,2179,2179,145,8,-24,-19,-21
7.347656,52,2179,2179,146,9,-24,-19,-21
7.351562,52,2179,2179,146,9,-24,-19,-21
7.355469,52,2179,2179,146,9,-24,-19,-22
7.359375,51,2179,2179,146,9,-24,-19,-22
7.363281,51,2179,2179,146,9,-24,-19,-22
7.367188,51,2179,2179,147,10,-25,-20,-22
7.371094,51,2179,2179,147,10,-25,-20,-22
7.375000,51,2179,2179,147,10,-25,-20,-22
7.378906,51,2179,2179,147,10,-25,-20,-22
7.382812,50,2179,2179,148,10,-25,-20,-22
7.386719,50,2179,2179,148,10,-25,-20,-22
7.390625,50,2179,2179,148,10,-25,-20,-22
7.394531,51,2179,2179,148,10,-25,-20,-22
7.398438,50,2179,2179,148,10,-25,-20,-22
7.402344,50,2179,2179,148,10,-24,-20,-22
7.406250,51,2179,2179,148,9,-24,-20,-22
7.410156,51,2179,2179,148,10,-24,-19,-22
7.414062,50,2179,2179,149,10,-24,-19,-22
7.417969,50,2179,2179,149,10,-24,-19,-21
7.421875,50,2179,2179,148,10,-24,-19,-21
7.425781,50,2179,2179,148,10,-24,-19,-21
7.429688,50,2179,2179,148,9,-24,-19,-21
7.433594,50,2179,2179,148,10,-23,-19,-21
7.437500,51,2179,2179,149,10,-23,-19,-21
7.441406,51,2179,2179,148,9,-23,-19,-21
7.445312,51,2179,2179,148,9,-23,-19,-21
7.449219,51,2179,2179,149,9,-24,-19,-21
7.453125,51,2179,2179,149,9,-24,-19,-21
7.457031,51,2179,2179,149,9,-24,-19,-21
7.460938,51,2179,2179,149,9,-24,-19,-21
7.464844,50,2179,2179,149,9,-24,-19,-21
7.468750,50,2179,2179,149,10,-24,-19,-21
7.472656,50,2179,2179,149,9,-24,-19,-21
7.476562,50,2179,2179,149,9,-24,-19,-21
7.480469,50,2179,2179,150,9,-24,-19,-21
7.484375,50,2179,2179,150,10,-24,-19,-21
7.488281,50,2179,2179,150,10,-24,-19,-21
7.492188,50,2179,2179,150,9,-24,-19,-21
7.496094,50,2179,2179,150,9,-24,-19,-21
7.500000,49,2179,2179,150,10,-24,-19,-22
7.503906,50,2179,2179,150,10,-24,-19,-22
7.507812,50,2179,2179,150,10,-24,-19,-22
7.511719,50,2179,2179,150,10,-24,-19,-21
7.515625,50,2179,2179,150,10,-24,-19,-21
7.519531,50,2179,2179,150,10,-24,-19,-22
7.523438,50,2179,2179,150,10,-24,-19,-21
7.527344,50,2179,2179,150,9,-24,-19,-21
7.531250,50,2179,2179,150,9,-24,-19,-21
7.535156,50,2179,2179,150,10,-24,-19,-22
7.539062,50,2179,2179,151,10,-24,-19,-22
7.542969,50,2179,2179,150,9,-24,-19,-22
7.546875,50,2179,2179,150,9,-24,-19,-22
7.550781,50,2179,2179,150,9,-24,-19,-22
7.554688,50,2179,2179,151,9,-24,-19,-22
7.558594,50,2179,2179,151,9,-24,-19,-21
7.562500,50,2179,2179,151,9,-24,-19,-21
7.566406,50,2179,2179,152,9,-24,-19,-22
7.570312,50,2179,2179,152,9,-23,-19,-21
7.574219,50,2179,2179,151,9,-24,-19,-21
7.578125,50,2179,2179,152,9,-24,-19,-21
7.582031,49,2179,2179,152,9,-24,-19,-21
7.585938,49,2179,2179,152,9,-24,-19,-21
7.589844,50,2179,2179,152,9,-24,-19,-21
7.593750,49,2179,2179,152,9,-24,-19,-21
7.597656,49,2179,2179,153,9,-24,-19,-21
7.601562,49,2179,2179,153,9,-24,-19,-21
7.605469,49,2179,2179,153,9,-24,-19,-21
7.609375,49,2179,2179,152,9,-24,-19,-21
7.613281,49,2179,2179,152,9,-24,-19,-22
7.617188,49,2179,2179,153,9,-24,-20,-22
7.621094,50,2179,2179,153,9,-24,-20,-22
7.625000,50,2179,2179,152,9,-25,-20,-22
7.628906,50,2179,2179,152,9,-25,-20,-22
7.632812,50,2179,2179,153,10,-25,-20,-22
7.636719,49,2179,2179,153,10,-25,-20,-22
7.640625,50,2179,2179,153,10,-25,-20,-22
7.644531,50,2179,2179,153,9,-25,-20,-22
7.648438,49,2179,2179,154,10,-25,-20,-22
7.652344,50,2179,2179,154,10,-25,-20,-22
7.656250,50,2179,2179,154,9,-25,-20,-22
7.660156,50,2179,2179,154,10,-25,-20,-22
7.664062,49,2179,2179,156,10,-24,-20,-22
7.667969,49,2179,2179,155,10,-24,-19,-22
7.671875,50,2179,2179,154,10,-24,-19,-22
7.675781,50,2179,2179,154,10,-24,-19,-22
7.679688,49,2179,2179,154,10,-24,-19,-22
7.683594,49,2179,2179,154,10,-24,-19,-21
7.687500,50,2179,2179,155,10,-24,-19,-22
7.691406,49,2179,2179,154,10,-24,-19,-21
7.695312,49,2179,2179,154,10,-24,-19,-22
7.699219,49,2179,2179,155,11,-24,-20,-21
7.703125,49,2179,2179,155,11,-24,-19,-21
7.707031,49,2179,2179,155,10,-24,-19,-21
7.710938,48,2179,2179,155,10,-24,-19,-21
7.714844,48,2179,2179,155,10,-24,-19,-21
7.718750,48,2179,2179,155,11,-24,-19,-21
7.722656,48,2179,2179,155,10,-24,-19,-21
7.726562,48,2179,2179,155,10,-24,-20,-21
7.730469,48,2179,2179,156,10,-24,-20,-22
7.734375,48,2179,2179,156,10,-24,-20,-22
7.738281,49,2179,2179,157,10,-24,-20,-22
7.742188,48,2179,2179,156,9,-24,-20,-22
7.746094,48,2179,2179,156,9,-24,-19,-22
7.750000,48,2179,2179,156,9,-24,-19,-21
7.753906,48,2179,2179,156,9,-24,-19,-22
7.757812,48,2179,2179,155,9,-24,-19,-22
7.761719,48,2179,2179,155,8,-24,-19,-22
7.765625,48,2179,2179,155,9,-24,-19,-22
7.769531,48,2179,2179,155,8,-24,-19,-22
7.773438,48,2179,2179,154,8,-24,-20,-22
7.777344,48,2179,2179,154,8,-24,-20,-22
7.781250,48,2179,2179,155,8,-24,-20,-22
7.785156,47,2179,2179,154,9,-24,-20,-22
7.789062,47,2179,2179,155,9,-24,-20,-22
7.792969,47,2179,2179,154,9,-24,-20,-22
7.796875,46,2179,2179,154,9,-24,-19,-22
7.800781,46,2179,2179,155,9,-24,-19,-21
7.804688,46,2179,2179,155,9,-24,-19,-21
7.808594,46,2179,2179,155,9,-24,-19,-21
7.812500,46,2179,2179,156,9,-23,-19,-21
7.816406,46,2179,2179,156,9,-24,-19,-21
7.820312,46,2179,2179,156,10,-24,-19,-21
7.824219,46,2179,2179,156,9,-24,-19,-21
7.828125,46,2179,2179,156,10,-24,-20,-21
7.832031,46,2179,2179,156,10,-24,-20,-22
7.835938,46,2179,2179,156,10,-24,-20,-22
7.839844,46,2179,2179,156,10,-24,-20,-21
7.843750,46,2179,2179,156,10,-24,-19,-21
7.847656,46,2179,2179,157,10,-24,-19,-21
7.851562,46,2179,2179,156,10,-23,-19,-21
7.855469,47,2179,2179,156,10,-23,-19,-21
7.859375,47,2179,2179,156,10,-23,-19,-21
7.863281,47,2179,2179,156,9,-24,-19,-21
7.867188,47,2179,2179,156,10,-24,-19,-21
7.871094,48,2179,2179,156,10,-24,-19,-21
7.875000,47,2179,2179,155,9,-24,-19,-22
7.878906,47,2179,2179,155,9,-24,-19,-21
7.882812,47,2179,2179,156,10,-24,-19,-21
7.886719,47,2179,2179,156,10,-24,-19,-21
7.890625,47,2179,2179,156,9,-24,-19,-21
7.894531,47,2179,2179,156,9,-24,-19,-21
7.898438,46,2179,2179,156,10,-24,-19,-21
7.902344,46,2179,2179,156,10,-24,-19,-21
7.906250,46,2179,2179,156,9,-24,-19,-21
7.910156,46,2179,2179,156,9,-24,-19,-21
7.914062,45,2179,2179,157,10,-24,-19,-21
7.917969,45,2179,2179,157,10,-24,-19,-22
7.921875,45,2179,2179,157,10,-24,-19,-21
7.925781,45,2179,2179,157,10,-24,-19,-21
7.929688,45,2179,2179,157,10,-23,-19,-21
7.933594,45,2179,2179,157,10,-24,-19,-21
7.937500,46,2179,2179,157,10,-23,-19,-21
7.941406,46,2179,2179,157,9,-23,-18,-21
7.945312,46,2179,2179,156,9,-23,-18,-21
7.949219,46,2179,2179,157,9,-23,-18,-21
7.953125,46,2179,2179,156,9,-23,-19,-21
7.957031,46,2179,2179,156,9,-24,-19,-22
7.960938,46,2179,2179,156,9,-24,-19,-22
7.964844,45,2179,2179,156,10,-24,-19,-22
7.968750,45,2179,2179,157,10,-24,-20,-22
7.972656,45,2179,2179,157,10,-25,-20,-22
7.976562,44,2179,2179,158,10,-25,-20,-22
7.980469,44,2179,2179,158,10,-25,-20,-22
7.984375,44,2179,2179,159,10,-25,-20,-22
7.988281,44,2179,2179,159,10,-25,-20,-22
7.992188,44,2179,2179,158,10,-25,-20,-22
7.996094,44,2179,2179,158,9,-25,-20,-22
8.000000,44,2179,2179,158,10,-25,-20,-22
8.003906,44,2179,2179,158,9,-25,-20,-22
8.007812,44,2179,2179,157,9,-25,-20,-22
8.011719,44,2179,2179,157,9,-25,-20,-22
8.015625,44,2179,2179,158,10,-25,-20,-22
8.019531,43,2179,2179,158,10,-24,-20,-22
8.023438,43,2179,2179,158,9,-24,-20,-22
8.027344,43,2179,2179,158,9,-24,-19,-21
8.031250,43,2179,2179,159,9,-24,-19,-21
8.035156,43,2179,2179,158,9,-23,-19,-21
8.039062,43,2179,2179,159,9,-23,-19,-21
8.042969,44,2179,2179,158,9,-23,-19,-21
8.046875,43,2179,2179,158,9,-24,-19,-21
8.050781,44,2179,2179,159,9,-24,-19,-22
8.054688,44,2179,2179,159,9,-24,-19,-22
8.058594,44,2179,2179,159,9,-24,-19,-22
8.062500,44,2179,2179,158,9,-24,-19,-21
8.066406,44,2179,2179,159,9,-24,-19,-22
8.070312,44,2179,2179,159,9,-24,-19,-21
8.074219,44,2179,2179,158,9,-24,-19,-21
8.078125,44,2179,2179,158,9,-24,-19,-21
8.082031,44,2179,2179,158,9,-24,-19,-21
8.085938,45,2179,2179,159,9,-24,-19,-21
8.089844,45,2179,2179,159,9,-24,-19,-22
8.093750,45,2179,2179,159,9,-24,-19,-22
8.097656,45,2179,2179,159,9,-24,-19,-22
8.101562,45,2179,2179,160,9,-24,-20,-22
8.105469,45,2179,2179,160,9,-24,-20,-22
8.109375,44,2179,2179,159,9,-24,-20,-22
8.113281,44,2179,2179,159,9,-24,-19,-22
8.117188,44,2179,2179,160,10,-24,-19,-21
8.121094,44,2179,2179,160,10,-24,-19,-21
8.125000,43,2179,2179,159,9,-24,-19,-21
8.128906,44,2179,2179,159,9,-24,-19,-21
8.132812,43,2179,2179,160,10,-24,-19,-21
8.136719,43,2179,2179,160,10,-23,-19,-21
8.140625,43,2179,2179,159,9,-23,-19,-21
8.144531,43,2179,2179,159,9,-23,-19,-21
8.148438,43,2179,2179,159,9,-24,-19,-21
8.152344,43,2179,2179,159,9,-23,-19,-21
8.156250,44,2179,2179,159,8,-23,-19,-21
8.160156,44,2179,2179,158,9,-24,-19,-21
8.164062,43,2179,2179,159,9,-24,-19,-21
8.167969,44,2179,2179,158,9,-24,-19,-21
8.171875,44,2179,2179,158,9,-24,-19,-21
8.175781,44,2179,2179,158,8,-24,-19,-21
8.179688,44,2179,2179,158,8,-24,-19,-21
8.183594,44,2179,2179,159,9,-24,-19,-21
8.187500,44,2179,2179,159,9,-24,-19,-21
8.191406,44,2179,2179,159,8,-24,-19,-22
8.195312,44,2179,2179,159,8,-24,-19,-21
8.199219,43,2179,2179,160,9,-24,-19,-21
8.203125,43,2179,2179,159,9,-24,-19,-21
8.207031,43,2179,2179,159,9,-23,-19,-21
8.210938,43,2179,2179,159,9,-24,-19,-21
8.214844,43,2179,2179,159,9,-24,-19,-21
8.218750,42,2179,2179,159,9,-24,-19,-21
8.222656,42,2179,2179,159,9,-23,-19,-21
8.226562,42,2179,2179,159,9,-23,-18,-21
8.230469,42,2179,2179,160,9,-23,-18,-21
8.234375,42,2179,2179,160,10,-23,-19,-21
8.238281,42,2179,2179,160,10,-23,-19,-21
8.242188,42,2179,2179,160,10,-23,-19,-21
8.246094,42,2179,2179,160,9,-23,-19,-21
8.250000,42,2179,2179,160,10,-23,-19,-21
8.253906,42,2179,2179,160,10,-23,-19,-21
8.257812,42,2179,2179,159,9,-24,-19,-21
8.261719,42,2179,2179,159,9,-24,-19,-21
8.265625,42,2179,2179,160,9,-24,-19,-22
8.269531,42,2179,2179,160,9,-24,-19,-22
8.273438,42,2179,2179,160,9,-24,-20,-22
8.277344,42,2179,2179,160,9,-24,-19,-21
8.281250,42,2179,2179,160,9,-24,-19,-21
8.285156,41,2179,2179,160,10,-24,-19,-21
8.289062,41,2179,2179,160,10,-24,-19,-21
8.292969,41,2179,2179,159,9,-24,-19,-21
8.296875,41,2179,2179,159,9,-24,-19,-21
8.300781,41,2179,2179,160,10,-24,-19,-21
8.304688,41,2179,2179,160,9,-24,-19,-22
8.308594,41,2179,2179,160,9,-24,-19,-22
8.312500,41,2179,2179,160,9,-24,-19,-22
8.316406,40,2179,2179,160,10,-24,-19,-23
8.320312,40,2179,2179,160,10,-24,-19,-22
8.324219,40,2179,2179,160,9,-24,-19,-21
8.328125,40,2179,2179,160,9,-24,-19,-21
8.332031,40,2179,2179,160,9,-24,-19,-21
8.335938,39,2179,2179,160,9,-24,-19,-21
8.339844,40,2179,2179,159,9,-24,-19,-21
8.343750,40,2179,2179,159,9,-24,-19,-21
8.347656,39,2179,2179,160,9,-24,-19,-22
8.351562,39,2179,2179,160,10,-24,-20,-22
8.355469,39,2179,2179,160,10,-24,-20,-21
8.359375,39,2179,2179,160,10,-24,-19,-21
8.363281,39,2179,2179,160,9,-24,-19,-21
8.367188,39,2179,2179,160,10,-24,-19,-21
8.371094,39,2179,2179,160,9,-23,-19,-21
8.375000,39,2179,2179,160,9,-23,-19,-20
8.378906,39,2179,2179,160,9,-23,-18,-20
8.382812,39,2179,2179,161,9,-23,-18,-20
8.386719,39,2179,2179,161,9,-23,-18,-21
8.390625,40,2179,2179,161,9,-23,-18,-21
8.394531,39,2179,2179,160,9,-23,-19,-21
8.398438,39,2179,2179,160,10,-23,-19,-21
8.402344,39,2179,2179,160,10,-23,-19,-21
8.406250,39,2179,2179,159,9,-24,-19,-21
8.410156,39,2179,2179,159,9,-24,-19,-21
8.414062,38,2179,2179,160,9,-24,-19,-21
8.417969,39,2179,2179,159,10,-24,-19,-21
8.421875,39,2179,2179,159,9,-24,-19,-22
8.425781,39,2179,2179,159,9,-24,-19,-22
8.429688,38,2179,2179,159,9,-24,-19,-22
8.433594,38,2179,2179,159,9,-25,-20,-22
8.437500,38,2179,2179,160,10,-25,-20,-22
8.441406,38,2179,2179,159,9,-25,-20,-23
8.445312,38,2179,2179,159,9,-24,-20,-22
8.449219,38,2179,2179,160,10,-24,-20,-21
8.453125,38,2179,2179,160,10,-24,-19,-21
8.457031,38,2179,2179,159,9,-24,-19,-21
8.460938,38,2179,2179,159,9,-24,-19,-21
8.464844,38,2179,2179,159,9,-24,-19,-22
8.468750,38,2179,2179,160,9,-24,-20,-22
8.472656,39,2179,2179,159,9,-24,-20,-22
8.476562,39,2179,2179,159,9,-25,-20,-22
8.480469,39,2179,2179,159,9,-25,-20,-22
8.484375,38,2179,2179,159,9,-25,-20,-22
8.488281,39,2179,2179,159,9,-24,-20,-22
8.492188,39,2179,2179,159,9,-25,-20,-22
8.496094,38,2179,2179,159,9,-24,-20,-22
8.500000,38,2179,2179,159,9,-24,-20,-22
8.503906,38,2179,2179,160,9,-24,-20,-22
8.507812,38,2179,2179,159,9,-24,-19,-22
8.511719,38,2179,2179,159,9,-24,-19,-22
8.515625,38,2179,2179,160,10,-24,-19,-22
8.519531,38,2179,2179,160,10,-24,-19,-21
8.523438,38,2179,2179,160,9,-24,-19,-21
8.527344,38,2179,2179,160,9,-24,-19,-21
8.531250,37,2179,2179,160,9,-24,-19,-21
8.535156,37,2179,2179,161,9,-24,-19,-21
8.539062,37,2179,2179,162,9,-23,-19,-21
8.542969,37,2179,2179,160,9,-23,-19,-21
8.546875,36,2179,2179,161,9,-24,-19,-21
8.550781,36,2179,2179,161,10,-24,-19,-21
8.554688,37,2179,2179,161,10,-24,-19,-21
8.558594,37,2179,2179,161,9,-23,-19,-21
8.562500,36,2179,2179,161,9,-23,-19,-21
8.566406,36,2179,2179,161,9,-23,-19,-22
8.570312,36,2179,2179,161,9,-23,-19,-21
8.574219,37,2179,2179,161,9,-24,-19,-21
8.578125,37,2179,2179,160,9,-24,-19,-21
8.582031,36,2179,2179,160,9,-24,-19,-22
8.585938,36,2179,2179,159,9,-24,-20,-22
8.589844,37,2179,2179,159,9,-25,-20,-22
8.593750,37,2179,2179,158,8,-25,-20,-22
8.597656,37,2179,2179,159,9,-25,-20,-22
8.601562,36,2179,2179,159,9,-25,-20,-22
8.605469,37,2179,2179,159,9,-25,-20,-22
8.609375,37,2179,2179,159,9,-25,-20,-22
8.613281,36,2179,2179,159,9,-25,-20,-22
8.617188,36,2179,2179,160,9,-25,-20,-22
8.621094,37,2179,2179,159,9,-25,-20,-22
8.625000,37,2179,2179,159,9,-25,-20,-22
8.628906,37,2179,2179,159,9,-25,-20,-22
8.632812,36,2179,2179,159,9,-25,-20,-22
8.636719,36,2179,2179,160,10,-24,-20,-22
8.640625,36,2179,2179,159,9,-24,-19,-22
8.644531,36,2179,2179,160,10,-24,-19,-21
8.648438,36,2179,2179,160,10,-24,-19,-21
8.652344,36,2179,2179,161,10,-24,-19,-21
8.656250,36,2179,2179,161,10,-23,-19,-21
8.660156,36,2179,2179,161,10,-23,-19,-21
8.664062,36,2179,2179,162,9,-23,-19,-21
8.667969,36,2179,2179,161,10,-23,-19,-21
8.671875,37,2179,2179,161,10,-23,-19,-21
8.675781,37,2179,2179,160,9,-24,-19,-21
8.679688,37,2179,2179,160,9,-24,-19,-22
8.683594,37,2179,2179,160,10,-24,-19,-22
8.687500,37,2179,2179,160,10,-24,-20,-22
8.691406,37,2179,2179,159,10,-24,-20,-23
8.695312,37,2179,2179,159,9,-25,-20,-22
8.699219,37,2179,2179,160,10,-25,-20,-22
8.703125,37,2179,2179,160,10,-24,-20,-21
8.707031,37,2179,2179,160,10,-24,-20,-21
8.710938,37,2179,2179,160,10,-24,-19,-21
8.714844,37,2179,2179,160,10,-24,-19,-21
8.718750,37,2179,2179,160,10,-24,-19,-21
8.722656,37,2179,2179,160,10,-24,-19,-21
8.726562,37,2179,2179,159,9,-24,-19,-21
8.730469,37,2179,2179,160,9,-24,-19,-21
8.734375,36,2179,2179,160,10,-24,-19,-22
8.738281,36,2179,2179,160,10,-24,-19,-22
8.742188,36,2179,2179,160,9,-24,-19,-22
8.746094,35,2179,2179,160,9,-24,-19,-22
8.750000,35,2179,2179,161,10,-24,-19,-21
8.753906,35,2179,2179,161,10,-24,-19,-21
8.757812,35,2179,2179,161,10,-24,-19,-21
8.761719,35,2179,2179,161,9,-23,-19,-21
8.765625,35,2179,2179,160,9,-23,-18,-20
8.769531,35,2179,2179,160,9,-23,-18,-20
8.773438,35,2179,2179,159,9,-23,-18,-20
8.777344,35,2179,2179,159,9,-23,-18,-20
8.781250,34,2179,2179,159,8,-23,-18,-21
8.785156,34,2179,2179,159,9,-23,-19,-21
8.789062,34,2179,2179,160,9,-23,-19,-21
8.792969,34,2179,2179,159,9,-24,-19,-21
8.796875,33,2179,2179,159,9,-24,-19,-21
8.800781,33,2179,2179,160,9,-24,-19,-21
8.804688,34,2179,2179,160,9,-24,-19,-21
8.808594,34,2179,2179,159,9,-23,-18,-21
8.812500,33,2179,2179,159,8,-23,-19,-21
8.816406,34,2179,2179,159,9,-23,-19,-22
8.820312,33,2179,2179,159,9,-23,-19,-21
8.824219,33,2179,2179,158,9,-23,-19,-21
8.828125,33,2179,2179,156,9,-24,-19,-21
8.832031,32,2179,2179,152,9,-23,-19,-21
8.835938,32,2179,2179,146,10,-23,-19,-21
8.839844,32,2179,2179,138,9,-23,-19,-21
8.843750,31,2179,2179,128,9,-24,-18,-21
8.847656,31,2179,2179,119,10,-23,-19,-21
8.851562,30,2179,2179,111,10,-23,-19,-21
8.855469,31,2179,2179,105,10,-23,-19,-21
8.859375,31,2179,2179,102,10,-24,-19,-21
8.863281,31,2179,2179,101,10,-23,-19,-21
8.867188,31,2179,2179,103,10,-24,-19,-21
8.871094,31,2179,2179,106,10,-24,-19,-21
8.875000,32,2179,2179,108,10,-24,-19,-21
8.878906,32,2179,2179,110,10,-24,-19,-21
8.882812,33,2179,2179,110,10,-24,-19,-21
8.886719,33,2179,2179,110,10,-24,-19,-21
8.890625,34,2179,2179,108,9,-23,-19,-21
8.894531,34,2179,2179,105,9,-24,-19,-21
8.898438,35,2179,2179,103,9,-24,-19,-21
8.902344,35,2179,2179,102,9,-23,-19,-21
8.906250,36,2179,2179,100,8,-23,-19,-21
8.910156,36,2179,2179,100,8,-23,-19,-21
8.914062,35,2179,2179,101,8,-24,-19,-21
8.917969,35,2179,2179,101,9,-24,-19,-21
8.921875,35,2179,2179,102,9,-24,-19,-22
8.925781,35,2179,2179,103,9,-24,-19,-22
8.929688,35,2179,2179,105,9,-24,-19,-22
8.933594,35,2179,2179,107,9,-24,-20,-22
8.937500,35,2179,2179,108,10,-24,-20,-22
8.941406,35,2179,2179,110,9,-24,-19,-23
8.945312,35,2179,2179,112,9,-24,-19,-21
8.949219,34,2179,2179,115,10,-24,-19,-21
8.953125,34,2179,2179,118,10,-24,-19,-21
8.957031,34,2179,2179,121,9,-24,-19,-21
8.960938,34,2179,2179,125,9,-24,-19,-21
8.964844,34,2179,2179,128,9,-24,-19,-21
8.968750,34,2179,2179,130,9,-24,-19,-21
8.972656,34,2179,2179,131,9,-24,-19,-21
8.976562,34,2179,2179,131,9,-24,-19,-21
8.980469,33,2179,2179,131,9,-24,-19,-21
8.984375,33,2179,2179,130,9,-24,-19,-21
8.988281,33,2179,2179,128,9,-24,-19,-21
8.992188,33,2179,2179,126,9,-24,-19,-21
8.996094,33,2179,2179,123,9,-24,-19,-22
9.000000,32,2179,2179,120,9,-24,-19,-22
9.003906,32,2179,2179,115,9,-24,-19,-21
9.007812,32,2179,2179,109,9,-24,-19,-21
9.011719,32,2179,2179,103,9,-24,-19,-21
9.015625,31,2179,2179,96,10,-24,-19,-21
9.019531,31,2179,2179,89,10,-24,-19,-21
9.023438,31,2179,2179,83,9,-23,-19,-21
9.027344,31,2179,2179,77,9,-23,-18,-21
9.031250,31,2179,2179,72,9,-23,-18,-21
9.035156,31,2179,2179,67,9,-23,-18,-21
9.039062,31,2179,2179,62,10,-23,-18,-21
9.042969,31,2179,2179,55,9,-23,-19,-21
9.046875,30,2179,2179,50,9,-23,-19,-21
9.050781,30,2179,2179,45,9,-24,-19,-21
9.054688,30,2179,2179,39,9,-23,-19,-21
9.058594,30,2179,2179,34,9,-23,-19,-21
9.062500,29,2179,2179,30,9,-23,-18,-21
9.066406,29,2179,2179,27,10,-23,-19,-22
9.070312,29,2179,2179,25,10,-23,-18,-21
9.074219,29,2179,2179,23,9,-23,-18,-21
9.078125,30,2179,2179,22,9,-23,-18,-21
9.082031,29,2179,2179,21,9,-23,-18,-21
9.085938,30,2179,2179,21,9,-23,-19,-21
9.089844,30,2179,2179,20,9,-23,-18,-21
9.093750,30,2179,2179,19,9,-23,-18,-21
9.097656,29,2179,2179,19,9,-24,-19,-21
9.101562,29,2179,2179,19,9,-24,-19,-21
9.105469,29,2179,2179,19,10,-24,-19,-21
9.109375,29,2179,2179,19,9,-24,-19,-21
9.113281,28,2179,2179,19,10,-24,-19,-22
9.117188,28,2179,2179,19,10,-24,-20,-22
9.121094,28,2179,2179,19,10,-25,-20,-22
9.125000,28,2179,2179,19,10,-25,-20,-22
9.128906,29,2179,2179,20,10,-25,-21,-22
9.132812,28,2179,2179,20,10,-25,-20,-22
9.136719,28,2179,2179,20,10,-25,-20,-22
9.140625,28,2179,2179,19,10,-25,-20,-22
9.144531,28,2179,2179,19,10,-25,-20,-22
9.148438,28,2179,2179,19,10,-25,-20,-22
9.152344,28,2179,2179,19,10,-25,-20,-22
9.156250,28,2179,2179,18,9,-24,-20,-22
9.160156,28,2179,2179,18,9,-24,-20,-22
9.164062,27,2179,2179,19,9,-24,-19,-21
9.167969,27,2179,2179,19,9,-24,-19,-21
9.171875,27,2179,2179,19,9,-24,-19,-21
9.175781,27,2179,2179,18,9,-24,-19,-21
9.179688,26,2179,2179,18,9,-24,-19,-21
9.183594,26,2179,2179,18,9,-23,-19,-21
9.187500,27,2179,2179,18,9,-23,-19,-21
9.191406,27,2179,2179,18,8,-23,-19,-22
9.195312,26,2179,2179,18,8,-24,-19,-21
9.199219,26,2179,2179,18,9,-24,-19,-22
9.203125,26,2179,2179,18,9,-24,-19,-22
9.207031,26,2179,2179,18,9,-24,-19,-22
9.210938,26,2179,2179,18,9,-24,-19,-22
9.214844,25,2179,2179,19,10,-24,-19,-22
9.218750,25,2179,2179,19,10,-24,-19,-21
9.222656,25,2179,2179,19,10,-24,-19,-21
9.226562,25,2179,2179,19,9,-23,-19,-21
9.230469,25,2179,2179,19,9,-23,-19,-21
9.234375,25,2179,2179,19,10,-23,-19,-21
9.238281,25,2179,2179,19,10,-23,-19,-21
9.242188,25,2179,2179,19,9,-24,-19,-22
9.246094,24,2179,2179,19,9,-24,-19,-22
9.250000,24,2179,2179,19,10,-24,-19,-22
9.253906,24,2179,2179,19,10,-24,-20,-22
9.257812,23,2179,2179,19,10,-24,-20,-22
9.261719,23,2179,2179,19,10,-24,-19,-22
9.265625,23,2179,2179,19,10,-24,-19,-22
9.269531,22,2179,2179,19,10,-24,-19,-21
9.273438,23,2179,2179,19,10,-24,-19,-22
9.277344,23,2179,2179,19,10,-24,-19,-22
9.281250,22,2179,2179,19,9,-24,-19,-22
9.285156,22,2179,2179,19,10,-24,-19,-22
9.289062,22,2179,2179,19,10,-24,-20,-22
9.292969,22,2179,2179,18,9,-25,-20,-22
9.296875,21,2179,2179,18,9,-25,-20,-22
9.300781,21,2179,2179,19,10,-24,-20,-22
9.304688,21,2179,2179,19,9,-24,-19,-22
9.308594,21,2179,2179,18,9,-24,-19,-22
9.312500,20,2179,2179,18,9,-24,-19,-22
9.316406,20,2179,2179,19,9,-24,-19,-23
9.320312,20,2179,2179,19,9,-24,-19,-22
9.324219,21,2179,2179,19,9,-24,-19,-22
9.328125,20,2179,2179,18,9,-24,-19,-22
9.332031,20,2179,2179,19,9,-24,-19,-22
9.335938,20,2179,2179,19,9,-24,-20,-22
9.339844,20,2179,2179,18,9,-24,-20,-22
9.343750,20,2179,2179,18,9,-25,-20,-22
9.347656,19,2179,2179,19,9,-25,-20,-22
9.351562,19,2179,2179,19,9,-25,-20,-22
9.355469,19,2179,2179,19,9,-25,-20,-22
9.359375,18,2179,2179,18,9,-25,-20,-23
9.363281,18,2179,2179,19,9,-25,-20,-23
9.367188,17,2179,2179,19,10,-25,-20,-23
9.371094,17,2179,2179,19,10,-25,-20,-22
9.375000,17,2179,2179,19,9,-25,-20,-22
9.378906,17,2179,2179,19,10,-25,-20,-22
9.382812,16,2179,2179,19,10,-24,-20,-22
9.386719,16,2179,2179,18,10,-24,-20,-22
9.390625,16,2179,2179,18,9,-24,-20,-22
9.394531,16,2179,2179,18,9,-24,-19,-22
9.398438,16,2179,2179,18,9,-24,-19,-22
9.402344,16,2179,2179,18,9,-24,-19,-22
9.406250,17,2179,2179,18,9,-24,-19,-21
9.410156,17,2179,2179,18,9,-24,-19,-21
9.414062,16,2179,2179,19,9,-24,-19,-21
9.417969,16,2179,2179,19,9,-24,-19,-21
9.421875,17,2179,2179,19,9,-24,-19,-22
9.425781,17,2179,2179,19,9,-24,-19,-22
9.429688,17,2179,2179,19,9,-24,-19,-22
9.433594,16,2179,2179,19,10,-24,-19,-22
9.437500,17,2179,2179,19,10,-24,-19,-22
9.441406,17,2179,2179,18,9,-24,-19,-22
9.445312,17,2179,2179,18,9,-24,-19,-21
9.449219,17,2179,2179,19,10,-23,-19,-21
9.453125,17,2179,2179,19,10,-23,-18,-21
9.457031,17,2179,2179,18,9,-23,-18,-21
9.460938,17,2179,2179,18,9,-23,-18,-21
9.464844,16,2179,2179,19,9,-23,-18,-21
9.468750,16,2179,2179,19,9,-23,-18,-21
9.472656,16,2179,2179,18,9,-23,-18,-21
9.476562,16,2179,2179,19,9,-23,-18,-21
9.480469,16,2179,2179,19,9,-23,-18,-21
9.484375,16,2179,2179,19,10,-24,-19,-21
9.488281,16,2179,2179,19,10,-23,-19,-21
9.492188,16,2179,2179,19,10,-24,-19,-21
9.496094,16,2179,2179,19,10,-24,-19,-22
9.500000,16,2179,2179,20,10,-24,-19,-22
9.503906,16,2179,2179,20,10,-24,-20,-22
9.507812,16,2179,2179,19,10,-25,-20,-22
9.511719,16,2179,2179,19,10,-25,-20,-22
9.515625,16,2179,2179,19,10,-25,-20,-22
9.519531,16,2179,2179,19,10,-25,-20,-22
9.523438,16,2179,2179,19,10,-24,-20,-22
9.527344,16,2179,2179,19,9,-24,-20,-22
9.531250,16,2179,2179,19,9,-24,-20,-22
9.535156,16,2179,2179,19,9,-24,-19,-22
9.539062,16,2179,2179,19,9,-24,-19,-21
9.542969,16,2179,2179,19,9,-24,-19,-21
9.546875,16,2179,2179,19,9,-24,-19,-21
9.550781,15,2179,2179,19,10,-24,-19,-21
9.554688,15,2179,2179,19,10,-24,-19,-21
9.558594,15,2179,2179,19,9,-24,-19,-21
9.562500,14,2179,2179,19,10,-23,-19,-21
9.566406,14,2179,2179,19,10,-23,-19,-22
9.570312,14,2179,2179,20,10,-23,-19,-21
9.574219,14,2179,2179,19,10,-23,-19,-21
9.578125,14,2179,2179,19,10,-24,-19,-21
9.582031,13,2179,2179,19,10,-24,-19,-21
9.585938,14,2179,2179,19,10,-23,-19,-21
9.589844,14,2179,2179,19,10,-23,-19,-21
9.593750,14,2179,2179,19,9,-24,-19,-21
9.597656,14,2179,2179,19,9,-24,-19,-21
9.601562,14,2179,2179,19,9,-24,-19,-21
9.605469,15,2179,2179,19,10,-24,-19,-22
9.609375,14,2179,2179,19,9,-24,-20,-22
9.613281,14,2179,2179,19,9,-24,-20,-22
9.617188,14,2179,2179,19,10,-24,-20,-22
9.621094,15,2179,2179,19,10,-24,-19,-22
9.625000,15,2179,2179,18,9,-24,-19,-22
9.628906,15,2179,2179,18,9,-24,-19,-22
9.632812,15,2179,2179,19,9,-24,-19,-22
9.636719,15,2179,2179,19,9,-24,-19,-22
9.640625,15,2179,2179,18,9,-24,-19,-22
9.644531,14,2179,2179,18,9,-24,-19,-22
9.648438,14,2179,2179,19,10,-24,-19,-22
9.652344,14,2179,2179,19,10,-24,-19,-22
9.656250,14,2179,2179,19,9,-24,-19,-22
9.660156,15,2179,2179,18,9,-24,-19,-22
9.664062,14,2179,2179,19,9,-24,-19,-22
9.667969,14,2179,2179,19,9,-24,-20,-22
9.671875,15,2179,2179,19,10,-24,-20,-22
9.675781,15,2179,2179,18,9,-25,-20,-22
9.679688,15,2179,2179,18,9,-25,-20,-22
9.683594,14,2179,2179,19,10,-25,-20,-22
9.687500,15,2179,2179,19,9,-25,-20,-22
9.691406,15,2179,2179,18,9,-24,-19,-23
9.695312,15,2179,2179,18,9,-24,-19,-22
9.699219,15,2179,2179,17,9,-24,-19,-22
9.703125,15,2179,2179,17,9,-24,-19,-22
9.707031,16,2179,2179,17,9,-24,-19,-22
9.710938,16,2179,2179,17,9,-24,-19,-22
9.714844,15,2179,2179,17,9,-24,-19,-22
9.718750,15,2179,2179,18,9,-24,-19,-22
9.722656,15,2179,2179,18,9,-24,-19,-22
9.726562,16,2179,2179,18,9,-24,-19,-22
9.730469,16,2179,2179,18,9,-24,-19,-22
9.734375,16,2179,2179,19,9,-24,-19,-22
9.738281,16,2179,2179,18,9,-24,-19,-22
9.742188,16,2179,2179,18,8,-24,-19,-22
9.746094,16,2179,2179,17,8,-24,-20,-22
9.750000,16,2179,2179,18,9,-24,-20,-22
9.753906,16,2179,2179,18,9,-24,-20,-22
9.757812,16,2179,2179,18,9,-24,-19,-22
9.761719,16,2179,2179,18,9,-24,-19,-22
9.765625,15,2179,2179,18,9,-24,-19,-21
9.769531,15,2179,2179,19,9,-24,-19,-21
9.773438,15,2179,2179,18,8,-24,-19,-22
9.777344,15,2179,2179,18,9,-23,-19,-21
9.781250,14,2179,2179,18,9,-24,-19,-21
9.785156,14,2179,2179,18,9,-24,-19,-21
9.789062,14,2179,2179,19,9,-24,-19,-21
9.792969,14,2179,2179,18,9,-24,-19,-21
9.796875,14,2179,2179,18,9,-24,-19,-22
9.800781,14,2179,2179,18,9,-24,-20,-22
9.804688,15,2179,2179,17,9,-24,-19,-21
9.808594,15,2179,2179,17,8,-24,-19,-21
9.812500,14,2179,2179,17,8,-24,-19,-21
9.816406,14,2179,2179,17,9,-23,-19,-22
9.820312,14,2179,2179,18,9,-23,-18,-21
9.824219,14,2179,2179,18,8,-23,-18,-21
9.828125,14,2179,2179,18,9,-23,-18,-20
9.832031,13,2179,2179,19,9,-23,-18,-21
9.835938,13,2179,2179,19,9,-23,-18,-21
9.839844,13,2179,2179,19,9,-23,-18,-21
9.843750,13,2179,2179,19,9,-23,-19,-21
9.847656,13,2179,2179,19,10,-24,-19,-21
9.851562,13,2179,2179,19,10,-24,-19,-21
9.855469,13,2179,2179,19,10,-24,-19,-21
9.859375,13,2179,2179,19,10,-24,-19,-22
9.863281,12,2179,2179,19,10,-24,-20,-22
9.867188,12,2179,2179,20,10,-25,-20,-22
9.871094,13,2179,2179,20,11,-25,-20,-22
9.875000,13,2179,2179,19,10,-25,-20,-22
9.878906,13,2179,2179,19,10,-25,-21,-23
9.882812,13,2179,2179,19,10,-25,-20,-23
9.886719,13,2179,2179,19,10,-25,-20,-22
9.890625,13,2179,2179,19,9,-25,-20,-22
9.894531,13,2179,2179,18,9,-24,-19,-22
9.898438,13,2179,2179,19,9,-24,-19,-22
9.902344,13,2179,2179,19,9,-24,-19,-21
9.906250,14,2179,2179,18,9,-24,-19,-21
9.910156,14,2179,2179,18,9,-23,-19,-21
9.914062,14,2179,2179,19,9,-23,-18,-21
9.917969,15,2179,2179,19,9,-23,-18,-21
9.921875,15,2179,2179,19,9,-23,-19,-21
9.925781,15,2179,2179,18,9,-24,-19,-21
9.929688,16,2179,2179,18,9,-24,-19,-21
9.933594,16,2179,2179,19,9,-24,-19,-21
9.937500,16,2179,2179,18,9,-24,-19,-21
9.941406,16,2179,2179,18,9,-24,-19,-22
9.945312,17,2179,2179,18,9,-24,-19,-21
9.949219,16,2179,2179,19,9,-24,-19,-21
9.953125,17,2179,2179,18,9,-24,-19,-22
9.957031,16,2179,2179,18,9,-24,-19,-22
9.960938,16,2179,2179,19,9,-24,-19,-22
9.964844,16,2179,2179,19,9,-24,-19,-22
9.968750,16,2179,2179,19,10,-24,-19,-22
9.972656,16,2179,2179,19,9,-24,-19,-21
9.976562,16,2179,2179,19,9,-24,-19,-21
9.980469,16,2179,2179,19,9,-24,-19,-21
9.984375,16,2179,2179,19,9,-23,-19,-21
9.988281,16,2179,2179,19,9,-23,-19,-21
9.992188,16,2179,2179,18,9,-23,-19,-21
9.996094,15,2179,2179,18,9,-23,-19,-21
10.000000,15,2179,2179,19,9,-23,-19,-21
10.003906,15,2179,2179,19,9,-23,-19,-21
10.007812,15,2179,2179,19,9,-23,-19,-21
10.011719,15,2179,2179,19,9,-23,-19,-21
10.015625,15,2179,2179,19,10,-24,-19,-21
10.019531,15,2179,2179,19,10,-24,-19,-22
10.023438,15,2179,2179,19,9,-24,-19,-22
10.027344,15,2179,2179,19,9,-24,-19,-22
10.031250,15,2179,2179,19,9,-24,-19,-22
10.035156,15,2179,2179,19,9,-24,-20,-22
10.039062,16,2179,2179,19,9,-24,-20,-22
10.042969,16,2179,2179,18,9,-24,-19,-22
10.046875,15,2179,2179,18,8,-24,-19,-22
10.050781,15,2179,2179,18,9,-24,-19,-22
10.054688,16,2179,2179,17,9,-24,-19,-21
10.058594,15,2179,2179,17,8,-23,-19,-21
10.062500,15,2179,2179,17,8,-24,-19,-21
10.066406,15,2179,2179,17,9,-24,-19,-23
10.070312,15,2179,2179,17,9,-24,-19,-21
10.074219,16,2179,2179,17,9,-24,-19,-22
10.078125,16,2179,2179,18,9,-24,-19,-22
10.082031,15,2179,2179,19,9,-24,-19,-22
10.085938,15,2179,2179,19,10,-24,-19,-22
10.089844,15,2179,2179,19,9,-24,-19,-22
10.093750,15,2179,2179,19,9,-24,-19,-21
10.097656,15,2179,2179,19,9,-24,-19,-21
10.101562,14,2179,2179,19,10,-24,-19,-21
10.105469,15,2179,2179,19,10,-23,-19,-21
10.109375,14,2179,2179,19,9,-24,-19,-21
10.113281,14,2179,2179,19,9,-24,-19,-21
10.117188,14,2179,2179,19,10,-24,-19,-21
10.121094,14,2179,2179,19,10,-24,-19,-21
10.125000,14,2179,2179,19,10,-24,-19,-21
10.128906,14,2179,2179,20,10,-24,-19,-21
10.132812,14,2179,2179,20,10,-24,-19,-21
10.136719,14,2179,2179,20,10,-24,-19,-21
10.140625,15,2179,2179,19,10,-24,-19,-21
10.144531,15,2179,2179,19,10,-24,-19,-21
10.148438,15,2179,2179,19,10,-23,-19,-21
10.152344,15,2179,2179,19,10,-23,-19,-21
10.156250,16,2179,2179,19,9,-24,-19,-21
10.160156,16,2179,2179,19,9,-24,-19,-21
10.164062,16,2179,2179,19,9,-24,-19,-21
10.167969,16,2179,2179,19,9,-24,-19,-21
10.171875,16,2179,2179,19,9,-24,-19,-21
10.175781,16,2179,2179,18,9,-24,-19,-22
10.179688,16,2179,2179,18,9,-24,-19,-22
10.183594,16,2179,2179,18,9,-24,-19,-22
10.187500,16,2179,2179,18,9,-24,-19,-22
10.191406,17,2179,2179,18,8,-24,-20,-23
10.195312,16,2179,2179,18,8,-24,-19,-22
10.199219,16,2179,2179,18,9,-24,-19,-22
10.203125,16,2179,2179,18,9,-24,-19,-21
10.207031,16,2179,2179,18,9,-23,-19,-21
10.210938,16,2179,2179,18,9,-24,-19,-21
10.214844,16,2179,2179,19,9,-23,-19,-21
10.218750,16,2179,2179,18,9,-24,-19,-21
10.222656,16,2179,2179,18,9,-24,-19,-22
10.226562,16,2179,2179,18,9,-24,-19,-22
10.230469,16,2179,2179,18,9,-24,-19,-22
10.234375,16,2179,2179,18,9,-24,-19,-22
10.238281,16,2179,2179,18,10,-24,-19,-22
10.242188,16,2179,2179,18,9,-24,-19,-22
10.246094,16,2179,2179,18,9,-24,-19,-21
10.250000,16,2179,2179,19,9,-23,-19,-21
10.253906,16,2179,2179,19,10,-24,-19,-21
10.257812,17,2179,2179,19,9,-24,-19,-21
10.261719,17,2179,2179,19,9,-24,-19,-21
10.265625,17,2179,2179,19,9,-24,-19,-21
10.269531,17,2179,2179,19,9,-24,-19,-21
10.273438,17,2179,2179,19,9,-24,-19,-22
10.277344,17,2179,2179,18,9,-24,-19,-22
10.281250,16,2179,2179,19,9,-24,-19,-22
10.285156,16,2179,2179,19,10,-24,-20,-22
10.289062,16,2179,2179,19,10,-24,-20,-22
10.292969,16,2179,2179,19,10,-24,-20,-22
10.296875,15,2179,2179,19,10,-24,-19,-21
10.300781,15,2179,2179,20,10,-24,-19,-21
10.304688,15,2179,2179,19,10,-24,-19,-21
10.308594,15,2179,2179,19,10,-24,-19,-21
10.312500,15,2179,2179,19,10,-24,-19,-21
10.316406,15,2179,2179,19,10,-24,-19,-22
10.320312,15,2179,2179,19,10,-24,-19,-21
10.324219,15,2179,2179,19,9,-23,-19,-21
10.328125,15,2179,2179,19,9,-24,-19,-21
10.332031,15,2179,2179,19,9,-23,-19,-21
10.335938,15,2179,2179,18,9,-23,-19,-21
10.339844,16,2179,2179,18,9,-23,-19,-21
10.343750,16,2179,2179,18,9,-23,-19,-21
10.347656,16,2179,2179,18,8,-24,-19,-21
10.351562,16,2179,2179,18,9,-24,-19,-21
10.355469,16,2179,2179,18,8,-24,-19,-21
10.359375,16,2179,2179,18,8,-24,-19,-21
10.363281,15,2179,2179,18,8,-24,-19,-22
10.367188,15,2179,2179,18,9,-24,-19,-22
10.371094,15,2179,2179,19,9,-24,-19,-22
10.375000,15,2179,2179,18,9,-24,-19,-21
10.378906,15,2179,2179,19,9,-24,-19,-21
10.382812,14,2179,2179,19,9,-24,-19,-22
10.386719,15,2179,2179,19,9,-24,-19,-22
10.390625,15,2179,2179,19,9,-24,-19,-21
10.394531,15,2179,2179,18,9,-24,-19,-21
10.398438,14,2179,2179,19,9,-24,-19,-21
10.402344,14,2179,2179,19,9,-24,-19,-21
10.406250,14,2179,2179,18,9,-24,-19,-21
10.410156,14,2179,2179,19,9,-24,-19,-21
10.414062,13,2179,2179,19,9,-24,-19,-21
10.417969,13,2179,2179,19,9,-24,-19,-21
10.421875,14,2179,2179,19,10,-24,-19,-21
10.425781,14,2179,2179,19,9,-24,-19,-21
10.429688,14,2179,2179,19,9,-23,-19,-21
10.433594,14,2179,2179,19,9,-24,-19,-22
10.437500,14,2179,2179,19,9,-23,-19,-21
10.441406,14,2179,2179,19,9,-24,-19,-22
10.445312,14,2179,2179,19,9,-24,-19,-22
10.449219,14,2179,2179,19,9,-24,-19,-21
10.453125,14,2179,2179,19,10,-24,-19,-21
10.457031,14,2179,2179,19,9,-24,-19,-21
10.460938,15,2179,2179,19,9,-24,-19,-21
10.464844,15,2179,2179,19,9,-24,-19,-21
10.468750,15,2179,2179,19,9,-24,-19,-21
10.472656,15,2179,2179,18,9,-24,-19,-22
10.476562,15,2179,2179,18,9,-24,-19,-22
10.480469,14,2179,2179,19,9,-24,-19,-22
10.484375,14,2179,2179,19,10,-24,-19,-22
10.488281,14,2179,2179,19,10,-24,-20,-22
10.492188,14,2179,2179,19,10,-24,-19,-21
10.496094,14,2179,2179,19,10,-24,-19,-21
10.500000,13,2179,2179,19,11,-24,-19,-21
10.503906,13,2179,2179,19,10,-23,-19,-21
10.507812,13,2179,2179,18,10,-24,-19,-21
10.511719,13,2179,2179,18,10,-24,-19,-21
10.515625,13,2179,2179,19,10,-24,-19,-21
10.519531,13,2179,2179,19,11,-24,-19,-21
10.523438,14,2179,2179,19,10,-24,-19,-21
10.527344,14,2179,2179,20,10,-24,-19,-21
10.531250,14,2179,2179,20,10,-24,-19,-21
10.535156,14,2179,2179,20,11,-24,-19,-21
10.539062,14,2179,2179,20,11,-24,-19,-21
10.542969,14,2179,2179,20,10,-23,-19,-21
10.546875,14,2179,2179,20,10,-23,-19,-21
10.550781,14,2179,2179,20,10,-23,-19,-21
10.554688,15,2179,2179,19,10,-23,-19,-21
10.558594,15,2179,2179,19,9,-24,-19,-21
10.562500,15,2179,2179,19,9,-24,-19,-21
10.566406,15,2179,2179,19,10,-24,-19,-22
10.570312,15,2179,2179,19,10,-24,-19,-22
10.574219,16,2179,2179,19,9,-24,-19,-21
10.578125,16,2179,2179,19,9,-24,-19,-21
10.582031,16,2179,2179,19,9,-24,-19,-21
10.585938,16,2179,2179,19,9,-23,-19,-21
10.589844,16,2179,2179,18,9,-23,-18,-21
10.593750,16,2179,2179,18,8,-23,-18,-21
10.597656,16,2179,2179,18,8,-23,-18,-21
10.601562,16,2179,2179,18,9,-23,-18,-21
10.605469,16,2179,2179,18,9,-23,-18,-21
10.609375,16,2179,2179,18,9,-23,-19,-21
10.613281,15,2179,2179,18,9,-23,-19,-21
10.617188,15,2179,2179,19,9,-23,-19,-21
10.621094,15,2179,2179,19,9,-23,-19,-21
10.625000,15,2179,2179,19,9,-23,-19,-21
10.628906,15,2179,2179,19,9,-23,-19,-21
10.632812,15,2179,2179,19,9,-23,-19,-21
10.636719,15,2179,2179,19,9,-23,-19,-21
10.640625,15,2179,2179,19,9,-23,-18,-21
10.644531,15,2179,2179,19,9,-23,-18,-21
10.648438,15,2179,2179,19,10,-23,-18,-21
10.652344,15,2179,2179,19,10,-23,-18,-21
10.656250,15,2179,2179,19,10,-23,-18,-21
10.660156,15,2179,2179,19,10,-23,-18,-21
10.664062,15,2179,2179,19,10,-23,-18,-21
10.667969,14,2179,2179,20,11,-23,-18,-21
10.671875,15,2179,2179,20,10,-23,-18,-21
10.675781,15,2179,2179,19,10,-23,-19,-21
10.679688,15,2179,2179,19,10,-23,-19,-21
10.683594,15,2179,2179,20,10,-23,-19,-21
10.687500,16,2179,2179,20,10,-24,-19,-21
10.691406,16,2179,2179,19,10,-24,-19,-22
10.695312,16,2179,2179,19,10,-24,-19,-22
10.699219,16,2179,2179,19,10,-24,-19,-22
10.703125,15,2179,2179,19,10,-24,-19,-22
10.707031,15,2179,2179,19,9,-24,-19,-22
10.710938,15,2179,2179,19,9,-24,-19,-22
10.714844,15,2179,2179,19,10,-24,-20,-22
10.718750,15,2179,2179,19,10,-24,-19,-21
10.722656,15,2179,2179,18,10,-24,-19,-21
10.726562,15,2179,2179,18,9,-24,-19,-21
10.730469,15,2179,2179,18,9,-24,-19,-21
10.734375,15,2179,2179,19,9,-24,-19,-21
10.738281,15,2179,2179,19,9,-23,-18,-21
10.742188,15,2179,2179,18,9,-23,-18,-21
10.746094,15,2179,2179,18,9,-23,-18,-21
10.750000,15,2179,2179,19,9,-23,-19,-21
10.753906,15,2179,2179,19,9,-23,-19,-21
10.757812,15,2179,2179,19,9,-24,-19,-21
10.761719,15,2179,2179,19,9,-24,-19,-21
10.765625,15,2179,2179,19,9,-24,-19,-22
10.769531,15,2179,2179,19,9,-24,-19,-22
10.773438,15,2179,2179,18,9,-24,-19,-21
10.777344,16,2179,2179,18,8,-24,-19,-21
10.781250,15,2179,2179,19,8,-24,-19,-21
10.785156,15,2179,2179,19,9,-23,-19,-21
10.789062,15,2179,2179,19,9,-24,-19,-21
10.792969,15,2179,2179,18,9,-24,-19,-21
10.796875,15,2179,2179,18,9,-24,-19,-22
10.800781,15,2179,2179,19,9,-25,-20,-22
10.804688,15,2179,2179,19,9,-25,-20,-22
10.808594,15,2179,2179,18,9,-25,-20,-22
10.812500,15,2179,2179,18,8,-24,-20,-22
10.816406,15,2179,2179,18,9,-24,-20,-23
10.820312,15,2179,2179,18,9,-24,-19,-22
10.824219,15,2179,2179,18,8,-24,-19,-22
10.828125,15,2179,2179,18,9,-24,-19,-22
10.832031,14,2179,2179,19,9,-24,-19,-22
10.835938,14,2179,2179,19,9,-24,-19,-22
10.839844,15,2179,2179,19,9,-24,-19,-22
10.843750,15,2179,2179,18,9,-24,-20,-22
10.847656,15,2179,2179,19,9,-24,-20,-22
10.851562,15,2179,2179,19,9,-24,-19,-22
10.855469,16,2179,2179,19,9,-24,-19,-22
10.859375,16,2179,2179,18,9,-24,-19,-21
10.863281,16,2179,2179,18,9,-24,-19,-21
10.867188,16,2179,2179,19,9,-23,-19,-21
10.871094,17,2179,2179,19,9,-23,-19,-21
10.875000,17,2179,2179,18,9,-23,-19,-21
10.878906,17,2179,2179,18,9,-24,-19,-21
10.882812,17,2179,2179,19,9,-24,-20,-22
10.886719,17,2179,2179,19,9,-24,-20,-22
10.890625,18,2179,2179,18,9,-24,-20,-22
10.894531,18,2179,2179,18,9,-24,-20,-22
10.898438,18,2179,2179,19,9,-24,-20,-22
10.902344,18,2179,2179,19,10,-24,-20,-22
10.906250,19,2179,2179,18,9,-24,-19,-22
10.910156,19,2179,2179,19,9,-24,-19,-21
10.914062,19,2179,2179,18,9,-24,-19,-22
10.917969,20,2179,2179,19,9,-24,-19,-21
10.921875,20,2179,2179,19,9,-24,-19,-21
10.925781,20,2179,2179,19,9,-24,-19,-21
10.929688,20,2179,2179,19,9,-24,-20,-22
10.933594,20,2179,2179,19,9,-24,-20,-22
10.937500,20,2179,2179,19,9,-24,-20,-22
10.941406,20,2179,2179,19,9,-24,-20,-22
10.945312,20,2179,2179,19,9,-25,-20,-22
10.949219,20,2179,2179,19,10,-24,-20,-22
10.953125,20,2179,2179,19,10,-24,-20,-22
10.957031,21,2179,2179,19,9,-25,-20,-22
10.960938,21,2179,2179,19,9,-25,-20,-22
10.964844,20,2179,2179,19,9,-25,-20,-22
10.968750,20,2179,2179,19,9,-24,-20,-22
10.972656,20,2179,2179,19,9,-24,-20,-22
10.976562,20,2179,2179,19,9,-24,-20,-22
10.980469,20,2179,2179,19,9,-24,-20,-22
10.984375,20,2179,2179,19,9,-24,-19,-22
10.988281,20,2179,2179,19,9,-24,-20,-22
10.992188,20,2179,2179,18,9,-24,-19,-22
10.996094,20,2179,2179,18,9,-24,-19,-22
11.000000,19,2179,2179,19,9,-24,-19,-21
11.003906,19,2179,2179,19,9,-23,-19,-21
11.007812,19,2179,2179,19,9,-23,-18,-21
11.011719,19,2179,2179,19,9,-23,-18,-21
11.015625,19,2179,2179,19,10,-23,-19,-21
11.019531,18,2179,2179,19,10,-23,-19,-21
11.023438,18,2179,2179,19,10,-23,-19,-21
11.027344,18,2179,2179,19,10,-23,-19,-21
11.031250,18,2179,2179,19,9,-24,-19,-21
11.035156,18,2179,2179,19,10,-24,-19,-21
11.039062,18,2179,2179,19,10,-24,-19,-21
11.042969,18,2179,2179,19,9,-24,-19,-22
11.046875,18,2179,2179,19,9,-24,-19,-22
11.050781,18,2179,2179,19,10,-24,-19,-22
11.054688,19,2179,2179,18,9,-24,-19,-22
11.058594,19,2179,2179,18,9,-24,-19,-21
11.062500,19,2179,2179,18,9,-24,-19,-21
11.066406,19,2179,2179,18,9,-23,-19,-22
11.070312,19,2179,2179,18,10,-23,-19,-21
11.074219,19,2179,2179,18,9,-23,-19,-21
11.078125,20,2179,2179,18,9,-24,-19,-21
11.082031,19,2179,2179,18,9,-24,-19,-21
11.085938,20,2179,2179,19,10,-24,-19,-22
11.089844,20,2179,2179,19,9,-24,-19,-22
11.093750,20,2179,2179,19,9,-24,-19,-22
11.097656,19,2179,2179,19,9,-24,-19,-22
11.101562,20,2179,2179,19,10,-24,-19,-22
11.105469,20,2179,2179,19,10,-24,-20,-22
11.109375,20,2179,2179,19,9,-24,-19,-22
11.113281,19,2179,2179,18,9,-24,-19,-22
11.117188,19,2179,2179,19,10,-24,-19,-22
11.121094,19,2179,2179,19,10,-24,-19,-21
11.125000,19,2179,2179,19,9,-24,-19,-21
11.128906,19,2179,2179,19,9,-24,-19,-21
11.132812,19,2179,2179,19,10,-23,-19,-21
11.136719,19,2179,2179,19,10,-23,-18,-21
11.140625,19,2179,2179,19,10,-24,-19,-21
11.144531,19,2179,2179,19,10,-24,-19,-21
11.148438,19,2179,2179,20,10,-24,-19,-21
11.152344,20,2179,2179,19,10,-24,-19,-21
11.156250,20,2179,2179,19,9,-24,-20,-21
11.160156,20,2179,2179,19,9,-24,-19,-22
11.164062,20,2179,2179,18,9,-24,-19,-21
11.167969,20,2179,2179,18,9,-23,-19,-21
11.171875,21,2179,2179,18,9,-23,-18,-21
11.175781,20,2179,2179,18,9,-23,-18,-21
11.179688,20,2179,2179,18,9,-23,-18,-21
11.183594,20,2179,2179,18,9,-23,-18,-20
11.187500,21,2179,2179,18,9,-23,-18,-21
11.191406,21,2179,2179,17,9,-23,-18,-21
11.195312,21,2179,2179,17,9,-23,-19,-21
11.199219,21,2179,2179,18,9,-23,-19,-21
11.203125,21,2179,2179,18,9,-24,-19,-21
11.207031,22,2179,2179,18,9,-24,-19,-21
11.210938,22,2179,2179,18,9,-24,-19,-21
11.214844,21,2179,2179,18,9,-24,-19,-21
11.218750,22,2179,2179,19,10,-24,-19,-22
11.222656,22,2179,2179,18,9,-24,-19,-21
11.226562,22,2179,2179,18,9,-24,-19,-21
11.230469,22,2179,2179,19,9,-24,-19,-21
11.234375,22,2179,2179,19,9,-24,-19,-21
11.238281,23,2179,2179,19,9,-24,-19,-21
11.242188,23,2179,2179,18,9,-24,-19,-21
11.246094,22,2179,2179,18,9,-23,-19,-21
11.250000,22,2179,2179,19,9,-24,-19,-21
11.253906,23,2179,2179,19,9,-23,-19,-21
11.257812,23,2179,2179,18,9,-23,-19,-21
11.261719,23,2179,2179,18,9,-24,-19,-21
11.265625,23,2179,2179,19,9,-23,-19,-21
11.269531,23,2179,2179,19,9,-23,-18,-21
11.273438,23,2179,2179,18,9,-23,-18,-21
11.277344,23,2179,2179,18,9,-23,-18,-21
11.281250,23,2179,2179,19,9,-23,-18,-21
11.285156,23,2179,2179,19,9,-23,-18,-21
11.289062,23,2179,2179,19,9,-23,-18,-21
11.292969,23,2179,2179,19,9,-23,-18,-21
11.296875,23,2179,2179,19,9,-23,-18,-21
11.300781,23,2179,2179,19,10,-24,-19,-21
11.304688,23,2179,2179,19,10,-23,-19,-21
11.308594,23,2179,2179,19,10,-23,-19,-21
11.312500,23,2179,2179,19,10,-24,-19,-21
11.316406,23,2179,2179,19,10,-24,-19,-22
11.320312,23,2179,2179,19,10,-24,-19,-22
11.324219,23,2179,2179,19,9,-24,-19,-21
11.328125,23,2179,2179,19,9,-24,-19,-22
11.332031,23,2179,2179,19,9,-24,-19,-21
11.335938,22,2179,2179,18,9,-24,-19,-22
11.339844,23,2179,2179,18,9,-24,-19,-21
11.343750,22,2179,2179,18,9,-24,-19,-21
11.347656,22,2179,2179,19,9,-24,-19,-21
11.351562,22,2179,2179,19,9,-24,-19,-21
11.355469,22,2179,2179,19,9,-23,-19,-21
11.359375,22,2179,2179,18,9,-23,-18,-21
11.363281,22,2179,2179,18,9,-23,-18,-21
11.367188,22,2179,2179,19,9,-23,-19,-21
11.371094,23,2179,2179,19,10,-23,-18,-21
11.375000,23,2179,2179,18,9,-23,-18,-21
11.378906,23,2179,2179,19,9,-24,-19,-21
11.382812,22,2179,2179,19,10,-24,-19,-21
11.386719,22,2179,2179,19,10,-24,-19,-21
11.390625,23,2179,2179,19,9,-24,-19,-21
11.394531,23,2179,2179,18,9,-24,-19,-21
11.398438,23,2179,2179,19,9,-24,-19,-21
11.402344,23,2179,2179,19,9,-23,-19,-21
11.406250,23,2179,2179,18,9,-23,-19,-21
11.410156,23,2179,2179,18,9,-23,-18,-21
11.414062,23,2179,2179,18,9,-23,-18,-21
11.417969,23,2179,2179,19,9,-23,-18,-21
11.421875,23,2179,2179,19,9,-23,-18,-21
11.425781,23,2179,2179,19,9,-23,-18,-21
11.429688,23,2179,2179,19,9,-23,-18,-21
11.433594,23,2179,2179,19,9,-23,-19,-21
11.437500,24,2179,2179,19,9,-23,-18,-21
11.441406,24,2179,2179,18,9,-24,-19,-21
11.445312,24,2179,2179,18,9,-23,-19,-21
11.449219,24,2179,2179,19,9,-23,-19,-21
11.453125,24,2179,2179,19,9,-24,-19,-21
11.457031,24,2179,2179,18,9,-24,-19,-22
11.460938,25,2179,2179,19,9,-24,-19,-22
11.464844,25,2179,2179,19,9,-24,-19,-22
11.468750,25,2179,2179,19,9,-24,-19,-22
11.472656,26,2179,2179,18,9,-24,-19,-22
11.476562,27,2179,2179,18,9,-24,-19,-22
11.480469,27,2179,2179,18,9,-24,-19,-22
11.484375,27,2179,2179,19,9,-24,-19,-21
11.488281,28,2179,2179,19,9,-23,-19,-21
11.492188,28,2179,2179,19,9,-23,-19,-21
11.496094,28,2179,2179,19,9,-23,-19,-21
11.500000,29,2179,2179,19,10,-23,-19,-21
11.503906,30,2179,2179,19,9,-23,-19,-21
11.507812,31,2179,2179,18,9,-24,-19,-22
11.511719,31,2179,2179,18,9,-24,-19,-21
11.515625,32,2179,2179,18,9,-24,-19,-22
11.519531,32,2179,2179,18,9,-24,-19,-21
11.523438,33,2179,2179,17,9,-24,-19,-21
11.527344,34,2179,2179,18,9,-24,-19,-21
11.531250,35,2179,2179,18,9,-24,-19,-21
11.535156,35,2179,2179,19,10,-24,-19,-22
11.539062,36,2179,2179,19,10,-24,-19,-21
11.542969,37,2179,2179,19,9,-24,-19,-22
11.546875,38,2179,2179,19,9,-24,-19,-21
11.550781,38,2179,2179,19,10,-24,-19,-22
11.554688,39,2179,2179,19,10,-24,-19,-22
11.558594,40,2179,2179,19,9,-24,-19,-21
11.562500,40,2179,2179,19,9,-24,-19,-21
11.566406,40,2179,2179,19,10,-24,-19,-22
11.570312,41,2179,2179,19,10,-24,-19,-21
11.574219,41,2179,2179,18,9,-24,-19,-21
11.578125,42,2179,2179,18,9,-24,-19,-21
11.582031,42,2179,2179,18,10,-24,-19,-21
11.585938,42,2179,2179,18,10,-24,-19,-21
11.589844,42,2179,2179,18,10,-24,-19,-21
11.593750,43,2179,2179,18,9,-24,-19,-21
11.597656,43,2179,2179,18,9,-24,-19,-22
11.601562,43,2179,2179,18,9,-24,-19,-22
11.605469,44,2179,2179,18,9,-24,-19,-22
11.609375,44,2179,2179,18,8,-24,-19,-21
11.613281,44,2179,2179,18,8,-23,-19,-21
11.617188,45,2179,2179,19,9,-23,-19,-21
11.621094,45,2179,2179,19,9,-23,-18,-21
11.625000,45,2179,2179,18,8,-23,-19,-21
11.628906,45,2179,2179,18,9,-23,-19,-21
11.632812,45,2179,2179,18,9,-23,-19,-21
11.636719,45,2179,2179,19,9,-23,-19,-21
11.640625,46,2179,2179,18,9,-24,-19,-21
11.644531,46,2179,2179,18,9,-24,-19,-21
11.648438,46,2179,2179,19,9,-24,-19,-21
11.652344,46,2179,2179,19,10,-23,-19,-21
11.656250,46,2179,2179,19,9,-23,-19,-21
11.660156,46,2179,2179,19,9,-23,-18,-21
11.664062,46,2179,2179,19,9,-23,-18,-21
11.667969,46,2179,2179,19,10,-23,-19,-21
11.671875,46,2179,2179,19,10,-23,-18,-21
11.675781,46,2179,2179,19,10,-23,-18,-21
11.679688,46,2179,2179,19,10,-23,-18,-21
11.683594,47,2179,2179,19,10,-23,-18,-21
11.687500,47,2179,2179,19,10,-23,-19,-21
11.691406,47,2179,2179,19,9,-23,-18,-21
11.695312,47,2179,2179,18,9,-23,-19,-21
11.699219,47,2179,2179,19,9,-24,-19,-21
11.703125,47,2179,2179,19,9,-24,-19,-22
11.707031,48,2179,2179,18,9,-24,-20,-22
11.710938,48,2179,2179,19,9,-24,-20,-22
11.714844,48,2179,2179,19,9,-25,-20,-22
11.718750,48,2179,2179,18,9,-25,-20,-22
11.722656,48,2179,2179,18,9,-24,-20,-22
11.726562,48,2179,2179,18,9,-24,-19,-22
11.730469,48,2179,2179,18,9,-24,-19,-22
11.734375,47,2179,2179,18,9,-24,-19,-22
11.738281,48,2179,2179,19,9,-24,-19,-21
11.742188,48,2179,2179,18,9,-24,-19,-21
11.746094,47,2179,2179,18,9,-24,-19,-21
11.750000,47,2179,2179,19,9,-24,-19,-22
11.753906,47,2179,2179,19,9,-24,-20,-22
11.757812,47,2179,2179,18,9,-24,-19,-22
11.761719,47,2179,2179,18,9,-24,-20,-22
11.765625,46,2179,2179,18,9,-24,-19,-22
11.769531,46,2179,2179,19,9,-24,-19,-21
11.773438,46,2179,2179,19,9,-24,-19,-21
11.777344,46,2179,2179,19,9,-24,-19,-21
11.781250,45,2179,2179,19,9,-24,-19,-21
11.785156,45,2179,2179,19,10,-24,-19,-21
11.789062,45,2179,2179,19,10,-24,-19,-21
11.792969,45,2179,2179,19,10,-24,-19,-21
11.796875,45,2179,2179,19,10,-24,-20,-22
11.800781,45,2179,2179,19,10,-24,-20,-22
11.804688,46,2179,2179,19,10,-24,-20,-22
11.808594,46,2179,2179,18,9,-24,-19,-22
11.812500,46,2179,2179,18,9,-24,-19,-22
11.816406,46,2179,2179,18,9,-24,-19,-22
11.820312,46,2179,2179,19,9,-24,-19,-22
11.824219,47,2179,2179,18,9,-24,-19,-21
11.828125,47,2179,2179,19,9,-24,-19,-22
11.832031,47,2179,2179,19,10,-24,-19,-22
11.835938,47,2179,2179,19,10,-24,-20,-22
11.839844,47,2179,2179,19,10,-24,-20,-22
11.843750,48,2179,2179,19,9,-24,-19,-22
11.847656,47,2179,2179,19,10,-24,-19,-22
11.851562,48,2179,2179,19,10,-24,-19,-21
11.855469,48,2179,2179,19,10,-23,-19,-21
11.859375,48,2179,2179,19,9,-23,-18,-21
11.863281,48,2179,2179,19,9,-23,-18,-21
11.867188,48,2179,2179,19,10,-23,-18,-21
11.871094,48,2179,2179,19,10,-23,-18,-21
11.875000,48,2179,2179,19,9,-24,-19,-21
11.878906,48,2179,2179,19,10,-24,-19,-21
11.882812,48,2179,2179,19,10,-24,-19,-21
11.886719,48,2179,2179,19,10,-24,-19,-22
11.890625,48,2179,2179,19,9,-24,-19,-22
11.894531,48,2179,2179,19,9,-24,-19,-22
11.898438,48,2179,2179,19,10,-24,-19,-21
11.902344,48,2179,2179,19,10,-24,-19,-21
11.906250,49,2179,2179,19,10,-24,-19,-21
11.910156,49,2179,2179,20,10,-23,-19,-21
11.914062,49,2179,2179,19,9,-24,-19,-21
11.917969,49,2179,2179,20,10,-24,-19,-21
11.921875,50,2179,2179,20,10,-24,-19,-22
11.925781,50,2179,2179,20,9,-24,-19,-21
11.929688,50,2179,2179,19,9,-24,-19,-22
11.933594,50,2179,2179,19,9,-24,-19,-22
11.937500,50,2179,2179,19,9,-24,-19,-21
11.941406,50,2179,2179,19,9,-23,-19,-21
11.945312,50,2179,2179,19,9,-23,-19,-21
11.949219,49,2179,2179,20,10,-23,-19,-21
11.953125,49,2179,2179,20,10,-23,-19,-21
11.957031,49,2179,2179,20,10,-23,-19,-21
11.960938,49,2179,2179,20,10,-23,-19,-21
11.964844,48,2179,2179,21,10,-24,-19,-21
11.968750,48,2179,2179,21,10,-24,-19,-21
11.972656,48,2179,2179,20,10,-24,-19,-21
11.976562,48,2179,2179,20,9,-24,-19,-21
11.980469,48,2179,2179,21,9,-24,-19,-22
11.984375,48,2179,2179,21,9,-24,-19,-22
11.988281,48,2179,2179,21,9,-24,-19,-21
11.992188,48,2179,2179,21,9,-24,-19,-21
11.996094,48,2179,2179,21,9,-24,-19,-21
12.000000,48,2179,2179,21,9,-24,-19,-21
12.003906,48,2179,2179,21,9,-24,-19,-21
12.007812,48,2179,2179,21,9,-24,-19,-22
12.011719,48,2179,2179,21,9,-24,-19,-22
12.015625,48,2179,2179,21,10,-24,-20,-22
12.019531,48,2179,2179,21,9,-24,-20,-22
12.023438,48,2179,2179,20,9,-24,-20,-22
12.027344,48,2179,2179,20,9,-24,-20,-22
12.031250,48,2179,2179,21,9,-25,-19,-22
12.035156,48,2179,2179,21,9,-25,-20,-22
12.039062,48,2179,2179,20,10,-25,-20,-22
12.042969,48,2179,2179,21,10,-25,-20,-22
12.046875,47,2179,2179,21,10,-25,-20,-22
12.050781,47,2179,2179,21,10,-25,-20,-22
12.054688,47,2179,2179,21,10,-25,-20,-22
12.058594,47,2179,2179,21,10,-25,-20,-22
12.062500,47,2179,2179,21,10,-25,-20,-22
12.066406,47,2179,2179,22,10,-25,-20,-23
12.070312,47,2179,2179,22,10,-25,-20,-22
12.074219,48,2179,2179,22,10,-24,-20,-22
12.078125,48,2179,2179,22,9,-24,-19,-22
12.082031,47,2179,2179,23,10,-24,-19,-22
12.085938,48,2179,2179,23,10,-24,-19,-22
12.089844,48,2179,2179,23,10,-24,-19,-21
12.093750,48,2179,2179,24,10,-24,-19,-21
12.097656,48,2179,2179,25,10,-24,-19,-22
12.101562,48,2179,2179,25,10,-24,-19,-22
12.105469,48,2179,2179,25,10,-25,-20,-22
12.109375,49,2179,2179,25,10,-24,-20,-22
12.113281,49,2179,2179,25,10,-25,-20,-22
12.117188,49,2179,2179,26,10,-24,-19,-22
12.121094,49,2179,2179,26,10,-24,-19,-22
12.125000,50,2179,2179,27,9,-23,-19,-21
12.128906,50,2179,2179,27,9,-23,-19,-21
12.132812,50,2179,2179,28,10,-23,-19,-21
12.136719,50,2179,2179,29,10,-23,-19,-21
12.140625,50,2179,2179,30,10,-23,-19,-21
12.144531,51,2179,2179,30,10,-23,-19,-21
12.148438,50,2179,2179,31,10,-24,-19,-21
12.152344,50,2179,2179,32,10,-24,-19,-21
12.156250,51,2179,2179,32,10,-24,-19,-21
12.160156,50,2179,2179,33,9,-23,-19,-21
12.164062,50,2179,2179,33,10,-23,-19,-21
12.167969,50,2179,2179,34,10,-24,-19,-21
12.171875,50,2179,2179,35,10,-24,-19,-21
12.175781,50,2179,2179,35,9,-24,-19,-22
12.179688,50,2179,2179,36,9,-24,-20,-22
12.183594,50,2179,2179,37,10,-24,-20,-22
12.187500,50,2179,2179,38,9,-24,-20,-22
12.191406,51,2179,2179,39,9,-24,-19,-22
12.195312,51,2179,2179,40,9,-24,-20,-22
12.199219,51,2179,2179,41,9,-24,-19,-22
12.203125,51,2179,2179,41,9,-24,-19,-22
12.207031,52,2179,2179,42,9,-24,-19,-21
12.210938,52,2179,2179,42,9,-24,-19,-21
12.214844,52,2179,2179,44,9,-24,-19,-21
12.218750,52,2179,2179,45,9,-24,-19,-21
12.222656,52,2179,2179,46,10,-24,-19,-21
12.226562,52,2179,2179,47,9,-24,-19,-21
12.230469,52,2179,2179,49,9,-24,-19,-21
12.234375,52,2179,2179,51,9,-24,-19,-21
12.238281,53,2179,2179,52,9,-24,-19,-21
12.242188,53,2179,2179,53,9,-24,-19,-22
12.246094,52,2179,2179,54,9,-24,-19,-22
12.250000,53,2179,2179,55,9,-24,-19,-22
12.253906,53,2179,2179,56,9,-24,-19,-22
12.257812,53,2179,2179,56,9,-24,-19,-22
12.261719,53,2179,2179,57,9,-24,-20,-22
12.265625,53,2179,2179,58,10,-24,-20,-22
12.269531,53,2179,2179,60,10,-24,-20,-22
12.273438,53,2179,2179,60,10,-24,-20,-22
12.277344,53,2179,2179,61,10,-25,-20,-22
12.281250,53,2179,2179,62,9,-25,-20,-22
12.285156,53,2179,2179,63,10,-24,-19,-22
12.289062,53,2179,2179,64,10,-24,-19,-22
12.292969,53,2179,2179,66,10,-24,-19,-22
12.296875,53,2179,2179,68,9,-24,-19,-21
12.300781,52,2179,2179,70,10,-24,-19,-22
12.304688,53,2179,2179,72,10,-24,-19,-21
12.308594,53,2179,2179,73,9,-24,-19,-21
12.312500,53,2179,2179,75,10,-24,-19,-21
12.316406,53,2179,2179,76,10,-24,-19,-22
12.320312,53,2179,2179,77,10,-24,-19,-22
12.324219,54,2179,2179,76,9,-24,-19,-22
12.328125,54,2179,2179,76,9,-24,-19,-22
12.332031,54,2179,2179,77,9,-24,-19,-21
12.335938,54,2179,2179,78,9,-24,-19,-21
12.339844,54,2179,2179,79,9,-24,-19,-21
12.343750,54,2179,2179,81,8,-24,-19,-21
12.347656,54,2179,2179,84,8,-23,-19,-21
12.351562,54,2179,2179,86,9,-23,-19,-21
12.355469,54,2179,2179,88,9,-24,-19,-21
12.359375,54,2179,2179,89,8,-24,-19,-22
12.363281,54,2179,2179,89,8,-24,-19,-22
12.367188,54,2179,2179,90,9,-24,-19,-22
12.371094,54,2179,2179,91,9,-24,-19,-22
12.375000,54,2179,2179,91,9,-24,-19,-21
12.378906,54,2179,2179,91,9,-24,-19,-21
12.382812,54,2179,2179,92,9,-24,-19,-21
12.386719,54,2179,2179,93,9,-23,-19,-21
12.390625,54,2179,2179,94,9,-23,-19,-21
12.394531,54,2179,2179,96,9,-23,-19,-21
12.398438,54,2179,2179,98,10,-23,-19,-21
12.402344,54,2179,2179,100,10,-23,-19,-21
12.406250,54,2179,2179,102,10,-23,-19,-21
12.410156,54,2179,2179,103,10,-23,-19,-21
12.414062,54,2179,2179,103,9,-23,-19,-21
12.417969,54,2179,2179,104,10,-23,-19,-21
12.421875,54,2179,2179,104,10,-23,-18,-21
12.425781,55,2179,2179,103,9,-23,-18,-21
12.429688,54,2179,2179,103,9,-23,-18,-21
12.433594,54,2179,2179,103,9,-23,-18,-21
12.437500,54,2179,2179,104,9,-23,-18,-21
12.441406,54,2179,2179,105,9,-23,-18,-20
12.445312,54,2179,2179,106,9,-23,-18,-21
12.449219,53,2179,2179,108,10,-23,-19,-21
12.453125,53,2179,2179,109,10,-24,-19,-21
12.457031,54,2179,2179,110,10,-24,-19,-21
12.460938,53,2179,2179,110,10,-24,-19,-22
12.464844,53,2179,2179,111,10,-24,-20,-22
12.468750,53,2179,2179,111,10,-24,-20,-22
12.472656,54,2179,2179,111,10,-24,-20,-22
12.476562,54,2179,2179,112,10,-25,-20,-22
12.480469,54,2179,2179,112,10,-25,-20,-22
12.484375,54,2179,2179,113,10,-24,-20,-22
12.488281,54,2179,2179,114,9,-24,-20,-22
12.492188,54,2179,2179,115,9,-24,-19,-21
12.496094,53,2179,2179,116,9,-24,-19,-21
12.500000,53,2179,2179,117,9,-24,-19,-21
12.503906,53,2179,2179,117,9,-23,-19,-21
12.507812,53,2179,2179,117,9,-23,-18,-21
12.511719,53,2179,2179,118,9,-23,-19,-21
12.515625,53,2179,2179,119,9,-23,-19,-21
12.519531,53,2179,2179,119,9,-23,-18,-21
12.523438,53,2179,2179,120,9,-23,-18,-21
12.527344,53,2179,2179,120,9,-23,-18,-21
12.531250,53,2179,2179,121,9,-23,-18,-21
12.535156,53,2179,2179,122,9,-23,-19,-21
12.539062,53,2179,2179,121,9,-24,-19,-21
12.542969,53,2179,2179,122,9,-24,-19,-21
12.546875,53,2179,2179,123,9,-24,-19,-21
12.550781,53,2179,2179,123,9,-24,-19,-21
12.554688,54,2179,2179,124,9,-24,-19,-22
12.558594,54,2179,2179,124,9,-24,-19,-21
12.562500,53,2179,2179,124,9,-24,-19,-22
12.566406,53,2179,2179,125,9,-24,-19,-22
12.570312,53,2179,2179,126,9,-24,-19,-22
12.574219,54,2179,2179,126,9,-24,-19,-22
12.578125,54,2179,2179,126,9,-24,-19,-22
12.582031,53,2179,2179,127,9,-24,-19,-21
12.585938,53,2179,2179,127,9,-24,-19,-21
12.589844,53,2179,2179,126,9,-24,-19,-21
12.593750,53,2179,2179,126,9,-24,-19,-21
12.597656,52,2179,2179,127,9,-24,-19,-21
12.601562,52,2179,2179,127,9,-24,-19,-21
12.605469,53,2179,2179,128,9,-24,-19,-22
12.609375,53,2179,2179,129,9,-24,-19,-22
12.613281,53,2179,2179,129,9,-24,-20,-22
12.617188,53,2179,2179,131,10,-24,-20,-22
12.621094,53,2179,2179,132,10,-24,-20,-22
12.625000,53,2179,2179,132,10,-24,-20,-22
12.628906,53,2179,2179,132,9,-24,-19,-22
12.632812,52,2179,2179,132,10,-24,-19,-21
12.636719,52,2179,2179,132,10,-23,-19,-21
12.640625,53,2179,2179,131,9,-23,-19,-21
12.644531,53,2179,2179,130,9,-23,-19,-21
12.648438,53,2179,2179,130,9,-23,-18,-21
12.652344,53,2179,2179,130,9,-23,-19,-21
12.656250,54,2179,2179,130,9,-23,-18,-21
12.660156,54,2179,2179,131,9,-24,-19,-21
12.664062,54,2179,2179,131,9,-24,-19,-21
12.667969,54,2179,2179,133,9,-24,-19,-21
12.671875,54,2179,2179,134,10,-24,-19,-21
12.675781,54,2179,2179,134,9,-24,-19,-21
12.679688,53,2179,2179,135,10,-24,-19,-21
12.683594,53,2179,2179,135,10,-24,-19,-21
12.687500,54,2179,2179,135,10,-24,-19,-21
12.691406,54,2179,2179,135,10,-24,-19,-21
12.695312,53,2179,2179,135,10,-24,-19,-22
12.699219,53,2179,2179,135,10,-24,-19,-22
12.703125,54,2179,2179,135,9,-24,-19,-22
12.707031,54,2179,2179,135,9,-24,-19,-21
12.710938,54,2179,2179,135,9,-24,-19,-21
12.714844,54,2179,2179,136,10,-24,-19,-21
12.718750,54,2179,2179,136,9,-24,-19,-21
12.722656,54,2179,2179,137,9,-24,-19,-21
12.726562,54,2179,2179,137,9,-24,-19,-21
12.730469,54,2179,2179,137,9,-24,-19,-22
12.734375,54,2179,2179,137,9,-24,-19,-22
12.738281,55,2179,2179,138,9,-24,-19,-22
12.742188,55,2179,2179,137,8,-24,-19,-22
12.746094,55,2179,2179,137,8,-24,-19,-22
12.750000,55,2179,2179,138,8,-24,-19,-21
12.753906,55,2179,2179,138,8,-23,-19,-21
12.757812,55,2179,2179,138,8,-24,-18,-21
12.761719,54,2179,2179,138,8,-24,-19,-21
12.765625,54,2179,2179,139,9,-24,-19,-21
12.769531,54,2179,2179,139,9,-24,-19,-21
12.773438,54,2179,2179,138,9,-23,-19,-21
12.777344,54,2179,2179,138,9,-24,-19,-21
12.781250,53,2179,2179,139,9,-24,-19,-21
12.785156,53,2179,2179,139,10,-24,-19,-21
12.789062,53,2179,2179,139,10,-24,-19,-22
12.792969,53,2179,2179,140,9,-24,-20,-22
12.796875,53,2179,2179,140,9,-24,-20,-22
12.800781,53,2179,2179,141,10,-24,-20,-22
12.804688,53,2179,2179,141,10,-24,-20,-22
12.808594,53,2179,2179,141,10,-24,-19,-22
12.812500,52,2179,2179,141,10,-24,-19,-22
12.816406,52,2179,2179,141,10,-24,-19,-22
12.820312,52,2179,2179,141,10,-24,-19,-21
12.824219,53,2179,2179,141,9,-23,-18,-21
12.828125,53,2179,2179,142,9,-23,-18,-21
12.832031,53,2179,2179,142,10,-23,-18,-21
12.835938,53,2179,2179,143,9,-23,-18,-21
12.839844,53,2179,2179,143,9,-23,-19,-21
12.843750,53,2179,2179,143,9,-24,-19,-21
12.847656,53,2179,2179,143,9,-24,-19,-21
12.851562,53,2179,2179,143,10,-24,-19,-21
12.855469,53,2179,2179,142,10,-24,-19,-22
12.859375,54,2179,2179,142,10,-24,-19,-22
12.863281,53,2179,2179,143,9,-24,-19,-22
12.867188,53,2179,2179,143,10,-24,-20,-22
12.871094,54,2179,2179,144,10,-24,-20,-22
12.875000,54,2179,2179,144,9,-24,-20,-22
12.878906,54,2179,2179,144,10,-24,-20,-21
12.882812,53,2179,2179,145,10,-24,-20,-21
12.886719,53,2179,2179,145,10,-24,-19,-21
12.890625,54,2179,2179,144,10,-23,-19,-21
12.894531,54,2179,2179,144,9,-23,-19,-21
12.898438,54,2179,2179,143,9,-23,-19,-21
12.902344,54,2179,2179,143,9,-24,-19,-21
12.906250,54,2179,2179,143,9,-24,-19,-21
12.910156,54,2179,2179,143,9,-24,-19,-21
12.914062,54,2179,2179,142,9,-24,-19,-22
12.917969,54,2179,2179,144,10,-24,-19,-22
12.921875,54,2179,2179,144,10,-24,-19,-22
12.925781,54,2179,2179,144,9,-24,-19,-22
12.929688,54,2179,2179,144,9,-24,-19,-21
12.933594,54,2179,2179,145,10,-24,-19,-21
12.937500,54,2179,2179,145,10,-23,-19,-21
12.941406,54,2179,2179,145,9,-24,-18,-20
12.945312,54,2179,2179,145,9,-23,-18,-21
12.949219,54,2179,2179,145,10,-24,-19,-21
12.953125,54,2179,2179,146,9,-24,-19,-21
12.957031,54,2179,2179,146,9,-24,-19,-21
12.960938,54,2179,2179,146,9,-24,-19,-21
12.964844,54,2179,2179,146,9,-24,-19,-22
12.968750,53,2179,2179,146,9,-24,-19,-22
12.972656,53,2179,2179,146,9,-24,-19,-22
12.976562,53,2179,2179,146,9,-24,-19,-22
12.980469,53,2179,2179,146,9,-24,-19,-22
12.984375,53,2179,2179,146,9,-24,-19,-21
12.988281,53,2179,2179,146,9,-24,-19,-21
12.992188,53,2179,2179,146,9,-24,-19,-22
12.996094,52,2179,2179,146,9,-24,-19,-22
13.000000,52,2179,2179,147,10,-24,-19,-22
13.003906,52,2179,2179,147,10,-24,-19,-22
13.007812,52,2179,2179,147,9,-24,-19,-21
13.011719,51,2179,2179,147,10,-24,-19,-21
13.015625,51,2179,2179,148,10,-24,-19,-21
13.019531,51,2179,2179,148,10,-23,-19,-21
13.023438,51,2179,2179,148,10,-24,-19,-21
13.027344,51,2179,2179,147,9,-24,-19,-21
13.031250,51,2179,2179,148,9,-23,-19,-21
13.035156,51,2179,2179,148,10,-24,-19,-21
13.039062,52,2179,2179,147,10,-23,-19,-21
13.042969,52,2179,2179,148,9,-23,-18,-21
13.046875,52,2179,2179,148,9,-23,-18,-21
13.050781,52,2179,2179,148,9,-23,-18,-21
13.054688,52,2179,2179,148,9,-23,-18,-21
13.058594,52,2179,2179,148,9,-23,-18,-21
13.062500,52,2179,2179,148,9,-23,-19,-21
13.066406,52,2179,2179,147,9,-23,-19,-21
13.070312,52,2179,2179,148,9,-24,-19,-21
13.074219,53,2179,2179,147,9,-24,-19,-21
13.078125,53,2179,2179,147,9,-24,-19,-22
13.082031,53,2179,2179,148,9,-24,-19,-22
13.085938,53,2179,2179,148,10,-24,-19,-22
13.089844,53,2179,2179,148,10,-24,-20,-22
13.093750,52,2179,2179,149,9,-24,-20,-22
13.097656,52,2179,2179,149,10,-24,-20,-22
13.101562,52,2179,2179,150,10,-24,-20,-22
13.105469,52,2179,2179,150,10,-24,-20,-22
13.109375,52,2179,2179,150,10,-24,-19,-21
13.113281,51,2179,2179,150,9,-24,-19,-21
13.117188,52,2179,2179,150,10,-24,-19,-21
13.121094,52,2179,2179,150,10,-24,-19,-21
13.125000,52,2179,2179,150,9,-24,-19,-22
13.128906,52,2179,2179,150,10,-24,-19,-22
13.132812,52,2179,2179,150,10,-24,-20,-22
13.136719,51,2179,2179,150,10,-24,-20,-22
13.140625,52,2179,2179,149,10,-24,-20,-22
13.144531,52,2179,2179,149,9,-24,-19,-22
13.148438,51,2179,2179,149,10,-24,-19,-21
13.152344,51,2179,2179,149,9,-24,-19,-21
13.156250,52,2179,2179,149,9,-24,-19,-21
13.160156,52,2179,2179,149,9,-24,-19,-21
13.164062,52,2179,2179,148,8,-24,-19,-22
13.167969,52,2179,2179,149,9,-24,-19,-22
13.171875,52,2179,2179,150,9,-24,-19,-22
13.175781,52,2179,2179,149,8,-24,-19,-22
13.179688,52,2179,2179,149,9,-24,-19,-22
13.183594,52,2179,2179,149,9,-24,-20,-22
13.187500,52,2179,2179,149,9,-24,-19,-22
13.191406,52,2179,2179,149,9,-24,-19,-21
13.195312,52,2179,2179,149,8,-24,-19,-22
13.199219,51,2179,2179,149,9,-24,-19,-22
13.203125,51,2179,2179,149,9,-24,-19,-22
13.207031,51,2179,2179,149,9,-24,-19,-22
13.210938,51,2179,2179,149,9,-24,-19,-21
13.214844,51,2179,2179,150,9,-24,-19,-22
13.218750,51,2179,2179,150,9,-24,-19,-21
13.222656,51,2179,2179,149,9,-23,-19,-21
13.226562,51,2179,2179,149,9,-24,-19,-21
13.230469,51,2179,2179,149,9,-23,-19,-21
13.234375,51,2179,2179,150,9,-24,-19,-21
13.238281,51,2179,2179,150,10,-24,-19,-22
13.242188,51,2179,2179,150,10,-24,-19,-21
13.246094,51,2179,2179,150,9,-24,-19,-21
13.250000,51,2179,2179,150,10,-24,-19,-21
13.253906,51,2179,2179,151,10,-24,-19,-22
13.257812,51,2179,2179,151,10,-24,-19,-22
13.261719,51,2179,2179,151,10,-24,-19,-22
13.265625,51,2179,2179,151,10,-24,-19,-22
13.269531,51,2179,2179,151,10,-24,-19,-21
13.273438,51,2179,2179,151,10,-24,-19,-22
13.277344,51,2179,2179,150,10,-24,-19,-22
13.281250,50,2179,2179,150,9,-24,-19,-22
13.285156,50,2179,2179,150,10,-24,-19,-22
13.289062,51,2179,2179,150,10,-24,-19,-22
13.292969,51,2179,2179,151,9,-24,-19,-22
13.296875,50,2179,2179,151,9,-24,-19,-22
13.300781,50,2179,2179,152,10,-24,-19,-22
13.304688,50,2179,2179,152,10,-24,-20,-22
13.308594,50,2179,2179,152,10,-24,-20,-22
13.312500,49,2179,2179,152,10,-24,-20,-22
13.316406,49,2179,2179,152,10,-24,-20,-22
13.320312,49,2179,2179,152,10,-24,-20,-22
13.324219,49,2179,2179,152,9,-24,-19,-22
13.328125,49,2179,2179,151,9,-24,-19,-21
13.332031,48,2179,2179,152,10,-24,-19,-22
13.335938,48,2179,2179,152,10,-24,-19,-22
13.339844,48,2179,2179,152,9,-24,-19,-22
13.343750,48,2179,2179,152,9,-24,-20,-22
13.347656,48,2179,2179,153,10,-24,-20,-22
13.351562,47,2179,2179,153,10,-24,-20,-22
13.355469,47,2179,2179,153,10,-24,-19,-21
13.359375,47,2179,2179,153,10,-24,-19,-21
13.363281,47,2179,2179,153,10,-24,-19,-21
13.367188,47,2179,2179,153,10,-24,-19,-21
13.371094,48,2179,2179,153,10,-24,-19,-21
13.375000,48,2179,2179,153,10,-23,-19,-21
13.378906,48,2179,2179,153,9,-24,-19,-21
13.382812,48,2179,2179,153,10,-23,-19,-21
13.386719,47,2179,2179,153,9,-23,-19,-21
13.390625,48,2179,2179,152,9,-23,-19,-21
13.394531,48,2179,2179,152,9,-23,-19,-21
13.398438,47,2179,2179,152,9,-23,-19,-21
13.402344,47,2179,2179,152,9,-23,-19,-21
13.406250,48,2179,2179,152,9,-23,-19,-21
13.410156,48,2179,2179,153,9,-24,-19,-21
13.414062,47,2179,2179,152,9,-24,-19,-21
13.417969,47,2179,2179,153,10,-24,-19,-22
13.421875,47,2179,2179,154,10,-24,-19,-22
13.425781,47,2179,2179,153,10,-24,-19,-22
13.429688,46,2179,2179,153,10,-24,-19,-22
13.433594,46,2179,2179,154,10,-24,-19,-22
13.437500,46,2179,2179,154,10,-24,-19,-22
13.441406,46,2179,2179,154,10,-24,-19,-21
13.445312,46,2179,2179,154,9,-23,-18,-21
13.449219,46,2179,2179,154,9,-23,-18,-21
13.453125,46,2179,2179,154,9,-23,-18,-21
13.457031,46,2179,2179,153,9,-23,-18,-21
13.460938,47,2179,2179,153,9,-23,-18,-21
13.464844,46,2179,2179,153,9,-23,-18,-21
13.468750,46,2179,2179,152,9,-23,-19,-21
13.472656,46,2179,2179,152,10,-24,-19,-21
13.476562,46,2179,2179,152,9,-24,-19,-22
13.480469,46,2179,2179,152,9,-24,-19,-21
13.484375,46,2179,2179,153,10,-24,-19,-21
13.488281,46,2179,2179,153,10,-23,-19,-21
13.492188,46,2179,2179,154,9,-23,-18,-21
13.496094,45,2179,2179,154,10,-24,-19,-21
13.500000,45,2179,2179,155,10,-24,-19,-21
13.503906,45,2179,2179,155,10,-24,-19,-21
13.507812,45,2179,2179,155,10,-24,-19,-21
13.511719,45,2179,2179,155,10,-24,-19,-22
13.515625,44,2179,2179,155,10,-24,-20,-22
13.519531,44,2179,2179,155,10,-24,-20,-22
13.523438,45,2179,2179,154,10,-24,-20,-22
13.527344,45,2179,2179,154,10,-24,-20,-22
13.531250,44,2179,2179,154,10,-24,-20,-22
13.535156,44,2179,2179,154,10,-24,-20,-22
13.539062,44,2179,2179,153,10,-24,-20,-22
13.542969,44,2179,2179,154,9,-24,-20,-22
13.546875,44,2179,2179,154,9,-24,-19,-21
13.550781,44,2179,2179,154,10,-24,-19,-22
13.554688,45,2179,2179,154,9,-24,-19,-21
13.558594,45,2179,2179,154,9,-23,-18,-21
13.562500,44,2179,2179,154,9,-23,-19,-21
13.566406,44,2179,2179,154,9,-23,-19,-21
13.570312,44,2179,2179,154,10,-23,-19,-21
13.574219,44,2179,2179,154,9,-23,-19,-21
13.578125,44,2179,2179,154,9,-23,-19,-21
13.582031,44,2179,2179,154,10,-24,-19,-21
13.585938,44,2179,2179,154,10,-24,-19,-21
13.589844,44,2179,2179,154,9,-24,-20,-22
13.593750,44,2179,2179,153,9,-24,-20,-22
13.597656,44,2179,2179,154,9,-24,-20,-22
13.601562,44,2179,2179,154,9,-24,-20,-22
13.605469,45,2179,2179,154,9,-24,-19,-21
13.609375,45,2179,2179,154,9,-24,-19,-21
13.613281,44,2179,2179,154,9,-23,-19,-21
13.617188,44,2179,2179,155,9,-23,-18,-21
13.621094,44,2179,2179,155,9,-23,-18,-21
13.625000,43,2179,2179,155,9,-23,-18,-21
13.628906,43,2179,2179,155,9,-23,-18,-21
13.632812,42,2179,2179,155,10,-23,-19,-21
13.636719,42,2179,2179,155,10,-23,-19,-21
13.640625,42,2179,2179,155,10,-23,-19,-21
13.644531,42,2179,2179,155,10,-24,-19,-21
13.648438,42,2179,2179,155,10,-24,-19,-21
13.652344,42,2179,2179,155,10,-24,-19,-21
13.656250,43,2179,2179,155,10,-24,-19,-21
13.660156,43,2179,2179,155,10,-24,-20,-22
13.664062,43,2179,2179,154,10,-25,-20,-22
13.667969,43,2179,2179,155,10,-25,-20,-22
13.671875,44,2179,2179,155,10,-25,-20,-22
13.675781,44,2179,2179,155,10,-25,-20,-23
13.679688,44,2179,2179,155,10,-25,-20,-22
13.683594,44,2179,2179,155,10,-25,-20,-22
13.687500,45,2179,2179,155,10,-24,-20,-22
13.691406,45,2179,2179,155,10,-24,-20,-21
13.695312,44,2179,2179,155,10,-24,-20,-22
13.699219,44,2179,2179,155,10,-24,-20,-22
13.703125,43,2179,2179,156,10,-24,-19,-22
13.707031,44,2179,2179,156,10,-24,-19,-22
13.710938,43,2179,2179,156,10,-24,-19,-21
13.714844,43,2179,2179,157,11,-24,-19,-21
13.718750,43,2179,2179,157,11,-24,-19,-21
13.722656,43,2179,2179,157,11,-24,-19,-21
13.726562,43,2179,2179,157,10,-24,-19,-21
13.730469,43,2179,2179,157,10,-24,-19,-21
13.734375,43,2179,2179,157,10,-24,-19,-21
13.738281,43,2179,2179,156,10,-24,-19,-21
13.742188,43,2179,2179,156,10,-23,-19,-21
13.746094,42,2179,2179,156,9,-23,-19,-21
13.750000,42,2179,2179,156,10,-23,-19,-21
13.753906,43,2179,2179,156,10,-24,-19,-21
13.757812,43,2179,2179,156,9,-24,-19,-21
13.761719,43,2179,2179,155,9,-24,-19,-21
13.765625,43,2179,2179,155,9,-24,-19,-22
13.769531,44,2179,2179,155,9,-24,-19,-22
13.773438,44,2179,2179,155,8,-24,-19,-22
13.777344,44,2179,2179,154,8,-24,-19,-22
13.781250,44,2179,2179,155,8,-24,-19,-22
13.785156,44,2179,2179,155,8,-24,-19,-22
13.789062,44,2179,2179,154,8,-24,-19,-21
13.792969,44,2179,2179,154,8,-24,-19,-21
13.796875,43,2179,2179,155,8,-24,-19,-22
13.800781,43,2179,2179,155,9,-24,-19,-22
13.804688,43,2179,2179,156,9,-24,-19,-22
13.808594,43,2179,2179,156,9,-24,-19,-21
13.812500,42,2179,2179,156,9,-24,-19,-22
13.816406,42,2179,2179,157,10,-24,-19,-21
13.820312,42,2179,2179,157,10,-24,-19,-21
13.824219,42,2179,2179,156,9,-24,-19,-21
13.828125,42,2179,2179,156,9,-24,-19,-21
13.832031,42,2179,2179,156,10,-24,-19,-21
13.835938,41,2179,2179,156,10,-24,-19,-21
13.839844,41,2179,2179,156,10,-24,-19,-21
13.843750,41,2179,2179,156,10,-24,-19,-21
13.847656,40,2179,2179,156,10,-24,-19,-21
13.851562,40,2179,2179,156,10,-23,-19,-21
13.855469,41,2179,2179,156,10,-23,-18,-21
13.859375,40,2179,2179,156,10,-23,-18,-21
13.863281,40,2179,2179,156,9,-23,-18,-21
13.867188,40,2179,2179,156,10,-23,-18,-21
13.871094,40,2179,2179,156,10,-23,-18,-21
13.875000,40,2179,2179,156,9,-23,-18,-21
13.878906,40,2179,2179,156,9,-23,-18,-21
13.882812,40,2179,2179,157,10,-23,-18,-21
13.886719,40,2179,2179,157,10,-23,-19,-21
13.890625,40,2179,2179,157,10,-24,-19,-21
13.894531,40,2179,2179,158,10,-24,-19,-21
13.898438,40,2179,2179,158,10,-24,-19,-22
13.902344,40,2179,2179,158,10,-24,-19,-22
13.906250,41,2179,2179,158,9,-24,-19,-22
13.910156,41,2179,2179,158,9,-24,-19,-22
13.914062,42,2179,2179,156,9,-24,-19,-22
13.917969,42,2179,2179,157,9,-24,-19,-22
13.921875,42,2179,2179,157,9,-24,-19,-22
13.925781,42,2179,2179,156,9,-24,-19,-22
13.929688,42,2179,2179,156,9,-24,-19,-21
13.933594,42,2179,2179,157,9,-24,-19,-21
13.937500,42,2179,2179,157,10,-24,-19,-21
13.941406,42,2179,2179,157,9,-24,-19,-21
13.945312,42,2179,2179,157,9,-24,-19,-21
13.949219,42,2179,2179,158,9,-24,-19,-22
13.953125,42,2179,2179,158,9,-24,-19,-21
13.957031,42,2179,2179,158,9,-24,-19,-22
13.960938,42,2179,2179,158,9,-24,-19,-21
13.964844,41,2179,2179,157,10,-24,-19,-21
13.968750,41,2179,2179,157,10,-24,-19,-21
13.972656,41,2179,2179,156,10,-24,-19,-21
13.976562,41,2179,2179,156,9,-24,-19,-21
13.980469,41,2179,2179,156,9,-24,-19,-21
13.984375,41,2179,2179,157,9,-24,-19,-22
13.988281,42,2179,2179,157,9,-24,-20,-22
13.992188,42,2179,2179,157,9,-25,-20,-22
13.996094,42,2179,2179,157,9,-25,-20,-23
14.000000,42,2179,2179,157,9,-25,-20,-23
14.003906,42,2179,2179,157,9,-25,-20,-23
14.007812,42,2179,2179,156,9,-25,-20,-23
14.011719,42,2179,2179,156,9,-25,-20,-22
14.015625,41,2179,2179,157,9,-25,-20,-22
14.019531,41,2179,2179,157,10,-24,-20,-22
14.023438,41,2179,2179,156,9,-24,-19,-22
14.027344,41,2179,2179,157,9,-24,-19,-22
14.031250,41,2179,2179,157,9,-24,-19,-22
14.035156,41,2179,2179,157,9,-24,-19,-22
14.039062,41,2179,2179,157,9,-24,-19,-21
14.042969,41,2179,2179,158,9,-24,-19,-21
14.046875,40,2179,2179,158,9,-23,-19,-21
14.050781,40,2179,2179,158,9,-23,-19,-21
14.054688,40,2179,2179,158,9,-23,-19,-21
14.058594,40,2179,2179,158,9,-24,-19,-21
14.062500,39,2179,2179,159,9,-24,-19,-21
14.066406,39,2179,2179,159,10,-24,-19,-21
14.070312,39,2179,2179,159,10,-24,-19,-21
14.074219,40,2179,2179,158,9,-24,-19,-21
14.078125,40,2179,2179,158,9,-24,-19,-21
14.082031,40,2179,2179,158,10,-24,-19,-21
14.085938,40,2179,2179,158,9,-24,-19,-21
14.089844,40,2179,2179,157,9,-24,-19,-21
14.093750,40,2179,2179,157,9,-24,-19,-21
14.097656,39,2179,2179,157,9,-24,-19,-21
14.101562,39,2179,2179,158,9,-23,-19,-21
14.105469,40,2179,2179,158,9,-23,-19,-21
14.109375,40,2179,2179,158,9,-23,-19,-21
14.113281,40,2179,2179,158,9,-23,-19,-21
14.117188,40,2179,2179,159,9,-24,-19,-21
14.121094,40,2179,2179,159,9,-24,-18,-21
14.125000,40,2179,2179,159,9,-24,-19,-21
14.128906,40,2179,2179,159,9,-24,-19,-21
14.132812,40,2179,2179,159,10,-24,-19,-21
14.136719,40,2179,2179,159,10,-24,-19,-22
14.140625,40,2179,2179,159,10,-24,-19,-22
14.144531,40,2179,2179,159,10,-24,-19,-21
14.148438,39,2179,2179,159,10,-24,-19,-21
14.152344,39,2179,2179,159,10,-24,-19,-21
14.156250,39,2179,2179,158,10,-24,-19,-21
14.160156,39,2179,2179,158,10,-24,-19,-21
14.164062,39,2179,2179,157,9,-23,-19,-21
14.167969,39,2179,2179,158,9,-23,-18,-21
14.171875,40,2179,2179,157,9,-23,-18,-21
14.175781,40,2179,2179,157,8,-23,-18,-21
14.179688,39,2179,2179,157,8,-23,-18,-21
14.183594,39,2179,2179,157,9,-23,-18,-21
14.187500,40,2179,2179,157,9,-23,-18,-21
14.191406,39,2179,2179,157,8,-24,-18,-21
14.195312,39,2179,2179,157,8,-24,-19,-22
14.199219,39,2179,2179,158,9,-24,-19,-22
14.203125,39,2179,2179,158,9,-24,-19,-22
14.207031,40,2179,2179,158,8,-24,-19,-22
14.210938,40,2179,2179,158,9,-24,-19,-22
14.214844,39,2179,2179,159,9,-24,-19,-22
14.218750,39,2179,2179,160,9,-24,-19,-22
14.222656,39,2179,2179,160,10,-24,-19,-22
14.226562,39,2179,2179,160,9,-24,-19,-22
14.230469,39,2179,2179,160,9,-24,-19,-22
14.234375,39,2179,2179,160,10,-24,-19,-22
14.238281,39,2179,2179,160,10,-24,-19,-22
14.242188,39,2179,2179,159,9,-24,-20,-22
14.246094,39,2179,2179,159,9,-25,-20,-22
14.250000,39,2179,2179,160,10,-25,-20,-22
14.253906,39,2179,2179,159,10,-25,-20,-22
14.257812,39,2179,2179,159,10,-25,-20,-22
14.261719,38,2179,2179,159,10,-24,-19,-22
14.265625,38,2179,2179,159,10,-24,-19,-22
14.269531,38,2179,2179,160,10,-24,-19,-21
14.273438,38,2179,2179,159,10,-23,-19,-21
14.277344,38,2179,2179,160,10,-23,-18,-21
14.281250,38,2179,2179,160,10,-23,-18,-21
14.285156,38,2179,2179,160,10,-23,-18,-21
14.289062,38,2179,2179,159,10,-24,-19,-21
14.292969,38,2179,2179,159,10,-24,-19,-21
14.296875,38,2179,2179,159,10,-24,-19,-22
14.300781,38,2179,2179,160,10,-24,-19,-22
14.304688,38,2179,2179,160,10,-24,-19,-22
14.308594,38,2179,2179,160,10,-24,-19,-21
14.312500,38,2179,2179,160,10,-24,-19,-21
14.316406,38,2179,2179,161,10,-24,-19,-21
14.320312,38,2179,2179,160,10,-23,-19,-21
14.324219,38,2179,2179,160,9,-23,-18,-21
14.328125,38,2179,2179,159,9,-23,-18,-21
14.332031,38,2179,2179,159,9,-23,-18,-21
14.335938,38,2179,2179,158,9,-23,-18,-21
14.339844,38,2179,2179,158,9,-23,-19,-22
14.343750,38,2179,2179,158,9,-24,-19,-22
14.347656,37,2179,2179,158,9,-24,-19,-22
14.351562,37,2179,2179,159,9,-24,-19,-22
14.355469,37,2179,2179,159,9,-24,-19,-22
14.359375,36,2179,2179,160,9,-24,-19,-21
14.363281,36,2179,2179,160,9,-24,-19,-21
14.367188,35,2179,2179,160,10,-23,-19,-21
14.371094,35,2179,2179,160,10,-23,-19,-21
14.375000,36,2179,2179,160,9,-23,-19,-21
14.378906,36,2179,2179,160,9,-23,-18,-21
14.382812,36,2179,2179,159,9,-23,-18,-21
14.386719,36,2179,2179,159,9,-23,-19,-21
14.390625,36,2179,2179,158,9,-23,-19,-21
14.394531,36,2179,2179,158,9,-24,-19,-21
14.398438,36,2179,2179,159,9,-24,-19,-22
14.402344,36,2179,2179,159,9,-24,-19,-22
14.406250,37,2179,2179,159,9,-24,-19,-22
14.410156,37,2179,2179,159,9,-24,-19,-21
14.414062,36,2179,2179,158,9,-24,-19,-22
14.417969,36,2179,2179,160,9,-24,-19,-21
14.421875,36,2179,2179,160,9,-24,-19,-21
14.425781,36,2179,2179,159,9,-24,-19,-21
14.429688,36,2179,2179,160,9,-24,-19,-21
14.433594,36,2179,2179,160,9,-24,-19,-21
14.437500,36,2179,2179,160,9,-24,-19,-21
14.441406,36,2179,2179,159,9,-24,-19,-20
14.445312,36,2179,2179,159,9,-23,-19,-21
14.449219,36,2179,2179,160,9,-24,-19,-21
14.453125,36,2179,2179,160,9,-23,-19,-21
14.457031,36,2179,2179,159,9,-23,-19,-21
14.460938,36,2179,2179,160,9,-24,-19,-21
14.464844,36,2179,2179,160,9,-24,-19,-22
14.468750,36,2179,2179,160,9,-24,-19,-21
14.472656,36,2179,2179,160,9,-24,-19,-21
14.476562,36,2179,2179,160,9,-24,-19,-21
14.480469,36,2179,2179,160,10,-24,-19,-21
14.484375,36,2179,2179,160,10,-24,-19,-21
14.488281,36,2179,2179,160,10,-24,-19,-22
14.492188,36,2179,2179,160,10,-24,-19,-22
14.496094,35,2179,2179,160,10,-24,-19,-22
14.500000,35,2179,2179,160,10,-24,-19,-22
14.503906,35,2179,2179,160,10,-24,-19,-22
14.507812,36,2179,2179,160,10,-24,-19,-21
14.511719,35,2179,2179,160,10,-24,-19,-21
14.515625,35,2179,2179,160,10,-24,-19,-21
14.519531,35,2179,2179,159,10,-23,-19,-21
14.523438,36,2179,2179,159,10,-23,-19,-21
14.527344,36,2179,2179,159,10,-23,-19,-21
14.531250,35,2179,2179,159,10,-23,-19,-21
14.535156,35,2179,2179,159,10,-23,-19,-21
14.539062,36,2179,2179,159,10,-24,-19,-21
14.542969,36,2179,2179,160,10,-24,-19,-21
14.546875,36,2179,2179,160,10,-24,-19,-21
14.550781,36,2179,2179,160,10,-24,-19,-21
14.554688,36,2179,2179,160,10,-24,-19,-21
14.558594,36,2179,2179,160,9,-24,-19,-21
14.562500,36,2179,2179,159,9,-24,-19,-21
14.566406,36,2179,2179,159,9,-23,-19,-21
14.570312,36,2179,2179,159,9,-23,-19,-21
14.574219,36,2179,2179,159,9,-23,-18,-21
14.578125,36,2179,2179,159,8,-23,-18,-21
14.582031,36,2179,2179,159,9,-23,-18,-21
14.585938,36,2179,2179,159,9,-23,-18,-21
14.589844,36,2179,2179,159,9,-23,-18,-21
14.593750,36,2179,2179,160,8,-23,-18,-21
14.597656,35,2179,2179,161,9,-23,-18,-21
14.601562,35,2179,2179,161,9,-23,-19,-21
14.605469,35,2179,2179,161,9,-23,-19,-21
14.609375,36,2179,2179,161,9,-23,-19,-21
14.613281,35,2179,2179,161,9,-24,-19,-21
14.617188,35,2179,2179,161,10,-24,-19,-21
14.621094,35,2179,2179,160,10,-24,-19,-22
14.625000,36,2179,2179,160,9,-24,-19,-22
14.628906,36,2179,2179,160,9,-24,-20,-22
14.632812,35,2179,2179,160,10,-24,-19,-22
14.636719,35,2179,2179,160,10,-24,-19,-22
14.640625,35,2179,2179,160,10,-24,-19,-22
14.644531,35,2179,2179,160,10,-23,-19,-21
14.648438,34,2179,2179,161,10,-24,-19,-21
14.652344,34,2179,2179,161,10,-23,-19,-21
14.656250,34,2179,2179,161,10,-23,-19,-21
14.660156,34,2179,2179,161,10,-24,-19,-21
14.664062,34,2179,2179,160,10,-24,-19,-21
14.667969,34,2179,2179,161,11,-24,-19,-21
14.671875,34,2179,2179,161,11,-24,-19,-21
14.675781,34,2179,2179,160,10,-24,-19,-21
14.679688,34,2179,2179,160,10,-23,-19,-21
14.683594,34,2179,2179,161,10,-23,-19,-21
14.687500,34,2179,2179,161,10,-23,-19,-21
14.691406,35,2179,2179,161,10,-24,-19,-20
14.695312,35,2179,2179,160,10,-24,-19,-21
14.699219,35,2179,2179,161,10,-24,-19,-21
14.703125,35,2179,2179,161,10,-24,-19,-22
14.707031,35,2179,2179,160,10,-24,-19,-22
14.710938,35,2179,2179,160,10,-24,-19,-22
14.714844,35,2179,2179,160,10,-24,-19,-22
14.718750,35,2179,2179,160,10,-24,-19,-22
14.722656,35,2179,2179,160,10,-24,-20,-22
14.726562,36,2179,2179,160,9,-25,-20,-22
14.730469,36,2179,2179,160,9,-25,-20,-22
14.734375,36,2179,2179,160,10,-25,-20,-23
14.738281,36,2179,2179,160,9,-25,-21,-23
14.742188,36,2179,2179,159,9,-25,-21,-23
14.746094,36,2179,2179,159,9,-25,-20,-23
14.750000,36,2179,2179,159,9,-25,-20,-23
14.753906,36,2179,2179,159,9,-25,-20,-23
14.757812,36,2179,2179,158,9,-25,-20,-22
14.761719,36,2179,2179,158,9,-24,-20,-22
14.765625,36,2179,2179,158,9,-24,-19,-22
14.769531,35,2179,2179,158,9,-24,-20,-22
14.773438,36,2179,2179,158,9,-24,-20,-22
14.777344,35,2179,2179,158,9,-24,-20,-22
14.781250,35,2179,2179,159,9,-24,-20,-22
14.785156,35,2179,2179,159,9,-24,-19,-22
14.789062,35,2179,2179,159,9,-24,-19,-22
14.792969,35,2179,2179,160,9,-24,-19,-21
14.796875,34,2179,2179,159,9,-24,-19,-21
14.800781,34,2179,2179,160,10,-24,-19,-21
14.804688,34,2179,2179,160,10,-24,-19,-21
14.808594,34,2179,2179,160,9,-24,-19,-21
14.812500,34,2179,2179,160,9,-24,-19,-21
14.816406,34,2179,2179,160,10,-24,-19,-21
14.820312,34,2179,2179,161,10,-24,-19,-22
14.824219,34,2179,2179,161,9,-24,-19,-21
14.828125,34,2179,2179,161,9,-24,-19,-22
14.832031,34,2179,2179,161,9,-24,-19,-21
14.835938,34,2179,2179,160,9,-24,-19,-22
14.839844,34,2179,2179,160,9,-24,-19,-22
14.843750,33,2179,2179,159,9,-24,-19,-21
14.847656,33,2179,2179,159,9,-24,-19,-21
14.851562,32,2179,2179,159,10,-24,-19,-22
14.855469,32,2179,2179,157,10,-24,-19,-21
14.859375,32,2179,2179,155,10,-24,-19,-21
14.863281,31,2179,2179,151,10,-24,-19,-21
14.867188,31,2179,2179,147,10,-24,-19,-21
14.871094,31,2179,2179,140,10,-24,-19,-22
14.875000,31,2179,2179,132,10,-24,-19,-21
14.878906,30,2179,2179,125,10,-24,-19,-22
14.882812,30,2179,2179,119,10,-24,-19,-21
14.886719,30,2179,2179,113,10,-24,-19,-21
14.890625,30,2179,2179,110,10,-24,-20,-21
14.894531,30,2179,2179,108,10,-24,-19,-22
14.898438,30,2179,2179,107,10,-24,-19,-22
14.902344,30,2179,2179,105,9,-24,-19,-21
14.906250,30,2179,2179,100,9,-24,-19,-21
14.910156,31,2179,2179,94,9,-23,-19,-21
14.914062,31,2179,2179,85,9,-23,-19,-21
14.917969,31,2179,2179,77,9,-23,-18,-21
14.921875,31,2179,2179,67,9,-23,-19,-21
14.925781,31,2179,2179,57,9,-24,-19,-21
14.929688,31,2179,2179,50,9,-24,-19,-21
14.933594,31,2179,2179,45,9,-24,-19,-21
14.937500,32,2179,2179,42,9,-24,-19,-22
14.941406,32,2179,2179,40,9,-24,-20,-21
14.945312,32,2179,2179,39,9,-25,-20,-22
14.949219,32,2179,2179,39,10,-25,-20,-22
14.953125,32,2179,2179,39,10,-25,-20,-23
14.957031,33,2179,2179,37,9,-25,-20,-22
14.960938,33,2179,2179,37,9,-25,-20,-22
14.964844,33,2179,2179,36,10,-25,-20,-22
14.968750,32,2179,2179,34,10,-24,-20,-22
14.972656,32,2179,2179,33,10,-24,-19,-22
14.976562,32,2179,2179,32,9,-24,-19,-22
14.980469,32,2179,2179,32,10,-24,-19,-21
14.984375,32,2179,2179,32,10,-24,-19,-21
14.988281,32,2179,2179,31,9,-24,-19,-21
14.992188,32,2179,2179,30,9,-24,-19,-21
14.996094,32,2179,2179,30,8,-24,-19,-21
15.000000,32,2179,2179,30,9,-24,-19,-21
15.003906,32,2179,2179,30,9,-24,-19,-21
15.007812,32,2179,2179,29,9,-24,-19,-21
15.011719,32,2179,2179,29,9,-24,-19,-21
15.015625,31,2179,2179,29,10,-24,-19,-21
15.019531,31,2179,2179,28,10,-24,-19,-21
15.023438,31,2179,2179,27,9,-24,-19,-21
15.027344,31,2179,2179,26,9,-24,-19,-21
15.031250,31,2179,2179,26,9,-23,-19,-21
15.035156,31,2179,2179,25,9,-23,-19,-21
15.039062,31,2179,2179,23,9,-23,-18,-21
15.042969,31,2179,2179,23,9,-23,-19,-21
15.046875,30,2179,2179,22,9,-24,-18,-21
15.050781,30,2179,2179,22,9,-23,-19,-21
15.054688,30,2179,2179,22,9,-23,-18,-21
15.058594,30,2179,2179,21,9,-23,-19,-21
15.062500,30,2179,2179,20,9,-23,-19,-21
15.066406,29,2179,2179,20,9,-23,-19,-21
15.070312,29,2179,2179,19,10,-23,-19,-21
15.074219,29,2179,2179,19,9,-23,-18,-21
15.078125,29,2179,2179,18,9,-24,-19,-21
15.082031,28,2179,2179,19,10,-24,-19,-21
15.085938,28,2179,2179,19,10,-24,-19,-21
15.089844,28,2179,2179,19,10,-24,-19,-21
15.093750,28,2179,2179,19,10,-24,-19,-21
15.097656,27,2179,2179,19,10,-23,-19,-21
15.101562,27,2179,2179,20,10,-23,-18,-21
15.105469,27,2179,2179,19,10,-23,-18,-21
15.109375,27,2179,2179,19,10,-23,-18,-21
15.113281,26,2179,2179,19,10,-23,-18,-21
15.117188,26,2179,2179,20,10,-23,-19,-21
15.121094,26,2179,2179,20,11,-23,-19,-21
15.125000,26,2179,2179,19,10,-24,-19,-21
15.128906,26,2179,2179,19,10,-24,-19,-21
15.132812,26,2179,2179,19,10,-24,-19,-21
15.136719,26,2179,2179,19,10,-24,-19,-21
15.140625,26,2179,2179,19,10,-23,-19,-21
15.144531,26,2179,2179,19,9,-23,-19,-21
15.148438,26,2179,2179,19,9,-23,-19,-21
15.152344,26,2179,2179,19,9,-23,-19,-21
15.156250,26,2179,2179,18,9,-23,-18,-21
15.160156,27,2179,2179,18,9,-23,-18,-21
15.164062,26,2179,2179,17,9,-24,-19,-21
15.167969,26,2179,2179,18,9,-24,-19,-22
15.171875,26,2179,2179,19,9,-24,-19,-22
15.175781,26,2179,2179,18,9,-24,-19,-22
15.179688,25,2179,2179,18,9,-24,-19,-22
15.183594,24,2179,2179,19,9,-24,-19,-22
15.187500,24,2179,2179,19,9,-24,-19,-22
15.191406,23,2179,2179,18,9,-24,-19,-21
15.195312,23,2179,2179,18,9,-24,-19,-21
15.199219,22,2179,2179,19,9,-24,-19,-21
15.203125,22,2179,2179,18,9,-24,-19,-21
15.207031,22,2179,2179,18,9,-24,-19,-21
15.210938,22,2179,2179,18,9,-24,-19,-21
15.214844,22,2179,2179,18,9,-24,-19,-22
15.218750,22,2179,2179,18,9,-24,-19,-22
15.222656,22,2179,2179,18,9,-24,-20,-22
15.226562,22,2179,2179,18,9,-24,-20,-22
15.230469,21,2179,2179,17,9,-24,-19,-22
15.234375,21,2179,2179,18,9,-24,-20,-22
15.238281,21,2179,2179,17,9,-24,-19,-22
15.242188,21,2179,2179,17,9,-24,-19,-22
15.246094,21,2179,2179,18,9,-24,-19,-22
15.250000,21,2179,2179,19,9,-24,-19,-21
15.253906,21,2179,2179,19,9,-24,-19,-21
15.257812,21,2179,2179,19,9,-24,-19,-22
15.261719,20,2179,2179,19,9,-24,-19,-22
15.265625,20,2179,2179,19,10,-24,-19,-22
15.269531,20,2179,2179,19,10,-24,-20,-22
15.273438,20,2179,2179,19,10,-24,-20,-22
15.277344,20,2179,2179,19,10,-24,-20,-22
15.281250,19,2179,2179,19,10,-24,-20,-22
15.285156,19,2179,2179,19,10,-24,-19,-22
15.289062,19,2179,2179,18,10,-24,-19,-21
15.292969,19,2179,2179,19,10,-24,-19,-21
15.296875,19,2179,2179,19,10,-24,-19,-21
15.300781,18,2179,2179,19,10,-24,-19,-21
15.304688,19,2179,2179,19,10,-23,-19,-21
15.308594,18,2179,2179,19,9,-23,-19,-21
15.312500,18,2179,2179,19,9,-23,-19,-21
15.316406,18,2179,2179,19,9,-23,-19,-21
15.320312,18,2179,2179,19,10,-23,-19,-21
15.324219,18,2179,2179,19,9,-23,-18,-21
15.328125,18,2179,2179,18,9,-23,-19,-21
15.332031,18,2179,2179,19,9,-23,-19,-21
15.335938,18,2179,2179,19,9,-23,-19,-21
15.339844,18,2179,2179,18,9,-24,-19,-21
15.343750,18,2179,2179,18,8,-24,-19,-22
15.347656,17,2179,2179,18,8,-24,-19,-21
15.351562,17,2179,2179,18,9,-24,-19,-22
15.355469,17,2179,2179,18,9,-24,-19,-22
15.359375,17,2179,2179,18,9,-24,-19,-22
15.363281,16,2179,2179,18,9,-24,-19,-21
15.367188,16,2179,2179,19,9,-24,-19,-21
15.371094,16,2179,2179,19,10,-24,-19,-21
15.375000,16,2179,2179,19,9,-24,-19,-21
15.378906,16,2179,2179,19,9,-24,-19,-21
15.382812,15,2179,2179,19,10,-24,-19,-21
15.386719,15,2179,2179,19,10,-23,-19,-21
15.390625,15,2179,2179,19,9,-24,-19,-21
15.394531,15,2179,2179,19,9,-24,-19,-21
15.398438,14,2179,2179,19,10,-24,-19,-21
15.402344,14,2179,2179,18,10,-24,-19,-22
15.406250,14,2179,2179,18,10,-24,-19,-21
15.410156,14,2179,2179,18,10,-24,-19,-22
15.414062,14,2179,2179,17,10,-24,-20,-22
15.417969,14,2179,2179,18,10,-24,-20,-22
15.421875,14,2179,2179,19,10,-24,-19,-22
15.425781,14,2179,2179,19,10,-24,-19,-21
15.429688,13,2179,2179,19,10,-24,-19,-21
15.433594,13,2179,2179,20,10,-24,-19,-21
15.437500,14,2179,2179,20,10,-24,-19,-21
15.441406,14,2179,2179,20,10,-24,-19,-20
15.445312,14,2179,2179,19,10,-24,-19,-21
15.449219,13,2179,2179,19,10,-24,-19,-21
15.453125,14,2179,2179,19,10,-24,-19,-21
15.457031,14,2179,2179,19,9,-24,-19,-21
15.460938,14,2179,2179,19,9,-24,-19,-21
15.464844,14,2179,2179,19,9,-23,-19,-21
15.468750,14,2179,2179,19,9,-23,-18,-21
15.472656,14,2179,2179,19,9,-23,-19,-21
15.476562,14,2179,2179,19,9,-23,-18,-21
15.480469,13,2179,2179,19,10,-23,-19,-21
15.484375,13,2179,2179,19,10,-23,-19,-21
15.488281,13,2179,2179,19,10,-23,-19,-21
15.492188,13,2179,2179,19,10,-23,-19,-21
15.496094,13,2179,2179,19,10,-24,-19,-21
15.500000,13,2179,2179,19,10,-23,-19,-21
15.503906,13,2179,2179,19,10,-23,-19,-21
15.507812,13,2179,2179,19,9,-23,-19,-21
15.511719,13,2179,2179,19,9,-23,-19,-21
15.515625,12,2179,2179,19,10,-23,-19,-21
15.519531,12,2179,2179,19,10,-23,-19,-21
15.523438,12,2179,2179,19,10,-23,-19,-21
15.527344,12,2179,2179,19,10,-23,-19,-21
15.531250,12,2179,2179,19,10,-23,-19,-21
15.535156,12,2179,2179,19,10,-23,-19,-21
15.539062,13,2179,2179,18,10,-23,-19,-21
15.542969,13,2179,2179,19,9,-23,-18,-21
15.546875,13,2179,2179,18,9,-23,-18,-21
15.550781,13,2179,2179,19,9,-23,-18,-21
15.554688,13,2179,2179,19,9,-24,-19,-21
15.558594,13,2179,2179,18,9,-24,-19,-21
15.562500,13,2179,2179,18,9,-24,-19,-21
15.566406,13,2179,2179,19,9,-24,-19,-21
15.570312,13,2179,2179,19,10,-23,-19,-21
15.574219,14,2179,2179,18,9,-23,-19,-21
15.578125,14,2179,2179,18,9,-24,-19,-21
15.582031,13,2179,2179,18,9,-23,-19,-21
15.585938,13,2179,2179,18,10,-23,-19,-21
15.589844,14,2179,2179,18,9,-23,-19,-21
15.593750,13,2179,2179,18,9,-23,-19,-21
15.597656,13,2179,2179,19,9,-24,-19,-21
15.601562,13,2179,2179,19,9,-23,-19,-21
15.605469,13,2179,2179,19,9,-24,-19,-21
15.609375,13,2179,2179,18,9,-24,-19,-21
15.613281,12,2179,2179,19,9,-24,-19,-21
15.617188,13,2179,2179,19,9,-24,-19,-21
15.621094,13,2179,2179,19,9,-24,-19,-22
15.625000,13,2179,2179,18,9,-24,-19,-22
15.628906,13,2179,2179,18,9,-24,-19,-22
15.632812,13,2179,2179,19,9,-24,-20,-22
15.636719,13,2179,2179,18,9,-24,-20,-22
15.640625,14,2179,2179,18,9,-24,-19,-22
15.644531,14,2179,2179,18,9,-24,-19,-22
15.648438,13,2179,2179,19,9,-24,-18,-21
15.652344,14,2179,2179,19,9,-23,-18,-21
15.656250,14,2179,2179,19,9,-23,-18,-21
15.660156,14,2179,2179,19,9,-23,-18,-21
15.664062,13,2179,2179,18,9,-23,-18,-21
15.667969,13,2179,2179,19,10,-23,-18,-21
15.671875,13,2179,2179,20,10,-23,-19,-21
15.675781,13,2179,2179,19,10,-24,-19,-21
15.679688,13,2179,2179,19,10,-24,-19,-21
15.683594,13,2179,2179,20,10,-24,-19,-21
15.687500,13,2179,2179,20,11,-24,-19,-21
15.691406,13,2179,2179,20,11,-24,-19,-21
15.695312,13,2179,2179,19,11,-24,-19,-22
15.699219,13,2179,2179,20,11,-24,-20,-22
15.703125,13,2179,2179,20,11,-24,-20,-22
15.707031,14,2179,2179,19,10,-25,-20,-22
15.710938,14,2179,2179,19,10,-25,-20,-22
15.714844,14,2179,2179,19,10,-25,-20,-22
15.718750,14,2179,2179,19,10,-24,-19,-22
15.722656,14,2179,2179,19,10,-24,-19,-22
15.726562,14,2179,2179,19,10,-24,-19,-22
15.730469,14,2179,2179,19,10,-23,-19,-21
15.734375,14,2179,2179,19,10,-23,-18,-21
15.738281,14,2179,2179,19,10,-23,-18,-21
15.742188,14,2179,2179,19,9,-23,-18,-21
15.746094,14,2179,2179,19,9,-23,-18,-21
15.750000,14,2179,2179,19,10,-23,-18,-21
15.753906,14,2179,2179,19,10,-23,-18,-21
15.757812,14,2179,2179,19,9,-23,-18,-21
15.761719,14,2179,2179,19,9,-23,-18,-21
15.765625,14,2179,2179,19,9,-23,-18,-21
15.769531,14,2179,2179,19,9,-23,-18,-21
15.773438,14,2179,2179,19,9,-23,-18,-21
15.777344,14,2179,2179,18,9,-24,-19,-21
15.781250,13,2179,2179,19,9,-24,-19,-22
15.785156,13,2179,2179,19,10,-24,-19,-22
15.789062,14,2179,2179,18,10,-24,-20,-22
15.792969,14,2179,2179,19,10,-24,-20,-22
15.796875,13,2179,2179,19,10,-25,-20,-22
15.800781,13,2179,2179,20,10,-24,-20,-22
15.804688,13,2179,2179,19,10,-24,-19,-22
15.808594,13,2179,2179,19,10,-24,-19,-22
15.812500,12,2179,2179,19,10,-24,-19,-21
15.816406,12,2179,2179,19,10,-24,-19,-21
15.820312,12,2179,2179,19,10,-24,-19,-21
15.824219,12,2179,2179,19,9,-24,-19,-22
15.828125,12,2179,2179,19,9,-24,-19,-22
15.832031,12,2179,2179,19,10,-24,-19,-22
15.835938,13,2179,2179,19,10,-23,-19,-22
15.839844,13,2179,2179,19,9,-23,-19,-21
15.843750,13,2179,2179,18,10,-23,-19,-21
15.847656,13,2179,2179,19,10,-23,-19,-21
15.851562,13,2179,2179,18,10,-24,-19,-21
15.855469,13,2179,2179,18,10,-24,-19,-21
15.859375,13,2179,2179,18,10,-24,-19,-22
15.863281,13,2179,2179,18,10,-24,-19,-22
15.867188,13,2179,2179,18,10,-24,-19,-22
15.871094,13,2179,2179,18,9,-24,-19,-22
15.875000,14,2179,2179,18,9,-24,-19,-22
15.878906,14,2179,2179,18,9,-24,-19,-22
15.882812,13,2179,2179,19,9,-24,-19,-22
15.886719,13,2179,2179,19,9,-23,-19,-22
15.890625,14,2179,2179,18,9,-23,-19,-22
15.894531,14,2179,2179,18,9,-24,-19,-22
15.898438,13,2179,2179,18,9,-24,-19,-22
15.902344,13,2179,2179,18,9,-24,-19,-22
15.906250,14,2179,2179,17,9,-24,-19,-21
15.910156,13,2179,2179,17,9,-24,-19,-22
15.914062,13,2179,2179,17,9,-24,-19,-22
15.917969,13,2179,2179,18,9,-24,-19,-22
15.921875,14,2179,2179,18,9,-24,-19,-21
15.925781,14,2179,2179,18,9,-24,-19,-22
15.929688,14,2179,2179,18,9,-24,-19,-21
15.933594,14,2179,2179,19,9,-24,-19,-22
15.937500,14,2179,2179,19,9,-24,-19,-22
15.941406,15,2179,2179,18,9,-24,-19,-21
15.945312,15,2179,2179,18,9,-24,-19,-21
15.949219,15,2179,2179,18,9,-24,-19,-21
15.953125,15,2179,2179,18,9,-24,-19,-21
15.957031,16,2179,2179,17,9,-23,-19,-21
15.960938,16,2179,2179,17,9,-23,-18,-21
15.964844,16,2179,2179,18,10,-23,-18,-21
15.968750,16,2179,2179,18,10,-23,-18,-21
15.972656,16,2179,2179,19,10,-23,-18,-21
15.976562,16,2179,2179,19,9,-23,-19,-21
15.980469,16,2179,2179,19,9,-24,-19,-21
15.984375,16,2179,2179,20,10,-24,-19,-22
15.988281,17,2179,2179,20,10,-24,-20,-22
15.992188,17,2179,2179,19,10,-24,-20,-22
15.996094,17,2179,2179,19,9,-24,-20,-22
16.000000,17,2179,2179,19,10,-24,-19,-21
16.003906,17,2179,2179,19,10,-24,-19,-21
16.007812,17,2179,2179,19,9,-23,-19,-21
16.011719,17,2179,2179,19,9,-23,-18,-21
16.015625,16,2179,2179,19,9,-23,-18,-21
16.019531,16,2179,2179,19,10,-23,-18,-21
16.023438,16,2179,2179,19,9,-23,-18,-21
16.027344,16,2179,2179,19,9,-23,-18,-21
16.031250,15,2179,2179,19,10,-23,-18,-21
16.035156,15,2179,2179,19,10,-23,-19,-21
16.039062,15,2179,2179,19,10,-23,-19,-21
16.042969,15,2179,2179,19,10,-23,-19,-21
16.046875,15,2179,2179,19,10,-24,-19,-21
16.050781,15,2179,2179,19,10,-24,-19,-21
16.054688,15,2179,2179,19,10,-24,-19,-21
16.058594,15,2179,2179,19,10,-24,-19,-21
16.062500,15,2179,2179,19,9,-24,-19,-21
16.066406,15,2179,2179,19,9,-24,-19,-21
16.070312,15,2179,2179,19,10,-24,-19,-22
16.074219,15,2179,2179,18,9,-24,-20,-22
16.078125,15,2179,2179,18,9,-24,-19,-22
16.082031,15,2179,2179,19,9,-24,-19,-22
16.085938,15,2179,2179,19,9,-24,-19,-22
16.089844,15,2179,2179,18,9,-24,-19,-21
16.093750,15,2179,2179,18,9,-23,-19,-21
16.097656,14,2179,2179,19,9,-23,-19,-21
16.101562,14,2179,2179,19,9,-24,-19,-21
16.105469,14,2179,2179,19,9,-23,-19,-21
16.109375,14,2179,2179,19,9,-24,-19,-21
16.113281,14,2179,2179,19,9,-24,-19,-21
16.117188,14,2179,2179,19,10,-24,-19,-22
16.121094,14,2179,2179,19,10,-24,-20,-22
16.125000,14,2179,2179,19,10,-24,-20,-22
16.128906,13,2179,2179,19,10,-24,-20,-22
16.132812,13,2179,2179,19,10,-24,-20,-22
16.136719,13,2179,2179,19,10,-24,-19,-22
16.140625,13,2179,2179,18,9,-24,-19,-21
16.144531,13,2179,2179,18,9,-24,-19,-21
16.148438,13,2179,2179,18,9,-23,-19,-21
16.152344,13,2179,2179,18,9,-23,-18,-21
16.156250,14,2179,2179,17,9,-23,-18,-21
16.160156,14,2179,2179,18,9,-24,-19,-21
16.164062,14,2179,2179,17,9,-24,-19,-21
16.167969,14,2179,2179,18,9,-24,-19,-21
16.171875,14,2179,2179,19,9,-24,-19,-22
16.175781,15,2179,2179,18,9,-24,-19,-22
16.179688,15,2179,2179,19,9,-24,-19,-22
16.183594,15,2179,2179,19,9,-24,-19,-21
16.187500,16,2179,2179,18,9,-23,-19,-21
16.191406,15,2179,2179,18,9,-23,-18,-20
16.195312,15,2179,2179,18,9,-23,-19,-21
16.199219,14,2179,2179,19,9,-23,-19,-21
16.203125,14,2179,2179,19,9,-24,-19,-22
16.207031,15,2179,2179,18,9,-24,-19,-22
16.210938,15,2179,2179,18,9,-24,-20,-22
16.214844,15,2179,2179,18,10,-24,-20,-22
16.218750,14,2179,2179,18,10,-24,-19,-22
16.222656,14,2179,2179,18,10,-24,-19,-22
16.226562,14,2179,2179,18,9,-24,-19,-22
16.230469,14,2179,2179,18,10,-24,-19,-21
16.234375,14,2179,2179,18,10,-24,-19,-21
16.238281,14,2179,2179,19,10,-24,-19,-22
16.242188,14,2179,2179,19,10,-24,-19,-22
16.246094,14,2179,2179,19,10,-24,-19,-22
16.250000,14,2179,2179,20,10,-24,-19,-22
16.253906,14,2179,2179,19,10,-24,-19,-22
16.257812,15,2179,2179,19,9,-24,-19,-22
16.261719,15,2179,2179,19,9,-24,-19,-22
16.265625,15,2179,2179,19,10,-24,-19,-22
16.269531,14,2179,2179,19,10,-24,-19,-22
16.273438,15,2179,2179,19,10,-24,-19,-22
16.277344,15,2179,2179,19,10,-24,-20,-22
16.281250,14,2179,2179,19,10,-25,-20,-22
16.285156,15,2179,2179,19,10,-25,-20,-22
16.289062,15,2179,2179,18,9,-25,-20,-22
16.292969,16,2179,2179,18,9,-25,-20,-22
16.296875,15,2179,2179,18,9,-24,-20,-22
16.300781,15,2179,2179,18,9,-24,-19,-22
16.304688,16,2179,2179,18,9,-24,-19,-21
16.308594,16,2179,2179,18,9,-24,-19,-21
16.312500,15,2179,2179,18,9,-23,-19,-21
16.316406,15,2179,2179,19,9,-23,-19,-21
16.320312,14,2179,2179,19,10,-23,-19,-21
16.324219,14,2179,2179,19,9,-23,-19,-21
16.328125,14,2179,2179,19,9,-23,-19,-21
16.332031,14,2179,2179,19,10,-24,-19,-21
16.335938,13,2179,2179,19,10,-24,-19,-21
16.339844,14,2179,2179,18,9,-24,-19,-21
16.343750,13,2179,2179,18,9,-24,-19,-22
16.347656,13,2179,2179,19,9,-24,-19,-21
16.351562,13,2179,2179,19,9,-24,-19,-21
16.355469,13,2179,2179,19,9,-24,-19,-21
16.359375,13,2179,2179,19,9,-23,-19,-21
16.363281,13,2179,2179,19,9,-24,-19,-21
16.367188,13,2179,2179,19,10,-24,-19,-21
16.371094,13,2179,2179,19,10,-24,-19,-21
16.375000,13,2179,2179,19,10,-24,-19,-22
16.378906,13,2179,2179,19,9,-24,-19,-22
16.382812,13,2179,2179,19,10,-24,-19,-22
16.386719,13,2179,2179,19,9,-24,-19,-22
16.390625,14,2179,2179,19,9,-24,-19,-22
16.394531,14,2179,2179,18,9,-24,-19,-22
16.398438,14,2179,2179,19,9,-24,-19,-22
16.402344,14,2179,2179,19,9,-24,-19,-22
16.406250,14,2179,2179,18,9,-24,-19,-22
16.410156,15,2179,2179,18,9,-24,-19,-22
16.414062,14,2179,2179,17,8,-24,-19,-22
16.417969,14,2179,2179,18,9,-24,-19,-22
16.421875,14,2179,2179,18,9,-24,-19,-22
16.425781,14,2179,2179,18,9,-24,-19,-22
16.429688,14,2179,2179,18,9,-24,-19,-22
16.433594,14,2179,2179,19,10,-24,-19,-22
16.437500,14,2179,2179,19,10,-24,-19,-22
16.441406,14,2179,2179,19,9,-24,-19,-21
16.445312,14,2179,2179,18,9,-24,-19,-22
16.449219,14,2179,2179,19,10,-24,-19,-22
16.453125,14,2179,2179,19,10,-24,-19,-21
16.457031,14,2179,2179,19,9,-24,-19,-21
16.460938,14,2179,2179,19,9,-24,-19,-21
16.464844,14,2179,2179,19,10,-24,-19,-21
16.468750,14,2179,2179,19,10,-24,-19,-22
16.472656,15,2179,2179,19,10,-24,-19,-21
16.476562,15,2179,2179,19,9,-24,-19,-21
16.480469,15,2179,2179,19,9,-23,-19,-21
16.484375,15,2179,2179,19,9,-23,-19,-21
16.488281,15,2179,2179,19,9,-23,-18,-21
16.492188,15,2179,2179,18,9,-23,-18,-21
16.496094,15,2179,2179,18,9,-23,-18,-21
16.500000,15,2179,2179,18,9,-23,-18,-21
16.503906,15,2179,2179,18,9,-23,-19,-21
16.507812,16,2179,2179,18,9,-24,-19,-22
16.511719,16,2179,2179,18,9,-24,-19,-22
16.515625,15,2179,2179,18,9,-24,-19,-21
16.519531,15,2179,2179,18,9,-23,-19,-22
16.523438,16,2179,2179,18,9,-24,-19,-21
16.527344,16,2179,2179,18,9,-23,-19,-21
16.531250,15,2179,2179,19,9,-23,-18,-21
16.535156,15,2179,2179,19,9,-23,-19,-21
16.539062,15,2179,2179,18,9,-23,-18,-21
16.542969,15,2179,2179,19,9,-23,-18,-21
16.546875,15,2179,2179,19,9,-23,-19,-21
16.550781,15,2179,2179,19,10,-23,-19,-21
16.554688,15,2179,2179,19,9,-23,-19,-21
16.558594,15,2179,2179,19,9,-23,-19,-21
16.562500,14,2179,2179,19,9,-23,-19,-21
16.566406,14,2179,2179,19,9,-24,-19,-21
16.570312,14,2179,2179,19,10,-24,-19,-21
16.574219,15,2179,2179,19,9,-24,-19,-21
16.578125,15,2179,2179,19,9,-24,-19,-21
16.582031,14,2179,2179,19,10,-24,-19,-21
16.585938,14,2179,2179,19,10,-24,-19,-21
16.589844,15,2179,2179,19,9,-24,-19,-21
16.593750,15,2179,2179,19,9,-24,-19,-21
16.597656,14,2179,2179,19,9,-24,-19,-22
16.601562,14,2179,2179,19,9,-24,-19,-22
16.605469,15,2179,2179,19,9,-24,-20,-22
16.609375,15,2179,2179,18,9,-24,-19,-22
16.613281,14,2179,2179,18,9,-24,-19,-22
16.617188,14,2179,2179,18,9,-24,-19,-22
16.621094,14,2179,2179,18,9,-24,-19,-21
16.625000,14,2179,2179,18,9,-23,-19,-21
16.628906,14,2179,2179,17,9,-23,-18,-21
16.632812,14,2179,2179,18,9,-23,-18,-21
16.636719,14,2179,2179,17,9,-23,-18,-21
16.640625,14,2179,2179,17,9,-23,-18,-21
16.644531,14,2179,2179,18,9,-23,-18,-21
16.648438,14,2179,2179,18,9,-23,-19,-21
16.652344,14,2179,2179,19,10,-23,-19,-21
16.656250,14,2179,2179,18,9,-23,-19,-21
16.660156,14,2179,2179,19,9,-23,-18,-21
16.664062,14,2179,2179,17,9,-23,-18,-21
16.667969,14,2179,2179,18,10,-23,-18,-21
16.671875,14,2179,2179,18,10,-23,-18,-21
16.675781,15,2179,2179,18,10,-23,-18,-20
16.679688,14,2179,2179,18,10,-23,-18,-21
16.683594,14,2179,2179,19,10,-23,-18,-21
16.687500,15,2179,2179,19,10,-23,-18,-21
16.691406,15,2179,2179,19,10,-23,-18,-20
16.695312,15,2179,2179,19,10,-23,-18,-21
16.699219,15,2179,2179,20,10,-23,-18,-21
16.703125,15,2179,2179,19,9,-23,-18,-21
16.707031,16,2179,2179,19,9,-23,-18,-21
16.710938,16,2179,2179,19,9,-23,-18,-21
16.714844,16,2179,2179,19,9,-23,-18,-21
16.718750,16,2179,2179,19,9,-23,-18,-21
16.722656,16,2179,2179,19,9,-23,-19,-21
16.726562,16,2179,2179,19,9,-23,-19,-21
16.730469,16,2179,2179,19,9,-23,-19,-21
16.734375,16,2179,2179,19,10,-24,-19,-21
16.738281,16,2179,2179,19,10,-24,-19,-21
16.742188,16,2179,2179,19,10,-24,-19,-21
16.746094,15,2179,2179,19,9,-24,-19,-22
16.750000,15,2179,2179,19,10,-24,-20,-22
16.753906,15,2179,2179,19,10,-25,-20,-22
16.757812,15,2179,2179,19,9,-25,-20,-22
16.761719,15,2179,2179,19,9,-25,-20,-23
16.765625,15,2179,2179,19,10,-25,-20,-23
16.769531,15,2179,2179,19,10,-25,-20,-23
16.773438,16,2179,2179,18,9,-25,-20,-23
16.777344,16,2179,2179,17,9,-25,-20,-22
16.781250,16,2179,2179,17,9,-25,-20,-22
16.785156,16,2179,2179,17,9,-25,-20,-22
16.789062,16,2179,2179,17,9,-25,-20,-22
16.792969,16,2179,2179,17,9,-25,-20,-22
16.796875,15,2179,2179,17,9,-25,-20,-22
16.800781,15,2179,2179,18,9,-25,-20,-22
16.804688,16,2179,2179,19,9,-25,-20,-22
16.808594,16,2179,2179,19,9,-25,-20,-22
16.812500,16,2179,2179,19,9,-25,-20,-22
16.816406,16,2179,2179,19,10,-25,-20,-22
16.820312,16,2179,2179,19,10,-25,-20,-23
16.824219,16,2179,2179,19,9,-25,-20,-22
16.828125,16,2179,2179,19,10,-25,-20,-22
16.832031,16,2179,2179,19,10,-25,-20,-22
16.835938,16,2179,2179,19,10,-25,-20,-22
16.839844,16,2179,2179,19,10,-25,-20,-22
16.843750,16,2179,2179,19,10,-25,-20,-22
16.847656,16,2179,2179,19,10,-25,-20,-22
16.851562,16,2179,2179,19,10,-24,-20,-22
16.855469,16,2179,2179,19,10,-24,-19,-22
16.859375,16,2179,2179,19,9,-24,-19,-22
16.863281,16,2179,2179,18,9,-24,-19,-21
16.867188,16,2179,2179,18,9,-23,-19,-21
16.871094,16,2179,2179,18,10,-23,-19,-21
16.875000,17,2179,2179,18,9,-23,-19,-21
16.878906,17,2179,2179,17,9,-24,-19,-21
16.882812,17,2179,2179,18,10,-24,-19,-21
16.886719,18,2179,2179,18,10,-23,-19,-21
16.890625,19,2179,2179,18,9,-24,-19,-21
16.894531,19,2179,2179,19,9,-23,-18,-21
16.898438,19,2179,2179,19,9,-23,-18,-21
16.902344,19,2179,2179,19,9,-23,-18,-21
16.906250,20,2179,2179,19,9,-23,-18,-21
16.910156,20,2179,2179,19,9,-23,-18,-21
16.914062,20,2179,2179,18,9,-23,-18,-21
16.917969,20,2179,2179,19,10,-24,-19,-21
16.921875,21,2179,2179,19,10,-24,-19,-21
16.925781,21,2179,2179,18,9,-24,-19,-22
16.929688,22,2179,2179,19,9,-24,-19,-22
16.933594,22,2179,2179,19,9,-24,-19,-22
16.937500,23,2179,2179,19,9,-24,-19,-22
16.941406,24,2179,2179,18,9,-24,-19,-20
16.945312,24,2179,2179,18,9,-24,-19,-21
16.949219,24,2179,2179,18,9,-24,-19,-21
16.953125,24,2179,2179,18,9,-24,-19,-21
16.957031,24,2179,2179,18,9,-24,-19,-21
16.960938,24,2179,2179,18,9,-24,-19,-22
16.964844,24,2179,2179,19,9,-24,-20,-22
16.968750,24,2179,2179,18,9,-24,-19,-22
16.972656,24,2179,2179,18,9,-24,-19,-22
16.976562,24,2179,2179,18,9,-24,-20,-22
16.980469,24,2179,2179,18,9,-24,-19,-22
16.984375,24,2179,2179,18,9,-24,-19,-22
16.988281,24,2179,2179,18,9,-24,-19,-22
16.992188,24,2179,2179,18,9,-25,-19,-22
16.996094,24,2179,2179,18,9,-24,-20,-22
17.000000,24,2179,2179,18,9,-24,-20,-22
17.003906,24,2179,2179,18,9,-24,-20,-22
17.007812,24,2179,2179,18,8,-24,-19,-22
17.011719,24,2179,2179,18,8,-24,-19,-22
17.015625,24,2179,2179,18,9,-24,-19,-22
17.019531,24,2179,2179,18,9,-24,-19,-22
17.023438,24,2179,2179,18,9,-24,-19,-22
17.027344,24,2179,2179,18,8,-24,-19,-22
17.031250,24,2179,2179,18,9,-24,-19,-22
17.035156,24,2179,2179,18,9,-24,-19,-22
17.039062,25,2179,2179,18,9,-24,-19,-22
17.042969,25,2179,2179,18,9,-24,-20,-22
17.046875,25,2179,2179,18,9,-24,-20,-22
17.050781,25,2179,2179,18,9,-24,-20,-22
17.054688,25,2179,2179,18,9,-24,-20,-22
17.058594,25,2179,2179,18,9,-24,-20,-22
17.062500,24,2179,2179,19,9,-24,-20,-22
17.066406,24,2179,2179,19,10,-24,-19,-21
17.070312,24,2179,2179,19,10,-24,-19,-22
17.074219,25,2179,2179,19,10,-24,-19,-21
17.078125,25,2179,2179,19,9,-23,-19,-21
17.082031,25,2179,2179,19,10,-23,-18,-21
17.085938,26,2179,2179,19,10,-23,-18,-21
17.089844,26,2179,2179,19,9,-23,-18,-21
17.093750,27,2179,2179,19,9,-23,-18,-21
17.097656,27,2179,2179,19,9,-23,-18,-20
17.101562,27,2179,2179,19,10,-23,-18,-21
17.105469,28,2179,2179,19,9,-23,-18,-21
17.109375,29,2179,2179,19,9,-23,-18,-21
17.113281,29,2179,2179,19,9,-23,-18,-21
17.117188,29,2179,2179,19,10,-23,-18,-21
17.121094,30,2179,2179,19,10,-23,-18,-21
17.125000,30,2179,2179,18,9,-24,-19,-21
17.128906,31,2179,2179,18,9,-24,-19,-21
17.132812,31,2179,2179,18,10,-24,-19,-21
17.136719,32,2179,2179,18,10,-24,-19,-22
17.140625,33,2179,2179,18,9,-24,-19,-22
17.144531,34,2179,2179,17,9,-24,-19,-22
17.148438,35,2179,2179,18,9,-24,-19,-22
17.152344,35,2179,2179,18,9,-24,-19,-21
17.156250,36,2179,2179,18,9,-24,-19,-21
17.160156,37,2179,2179,18,9,-23,-19,-21
17.164062,37,2179,2179,17,9,-23,-18,-21
17.167969,37,2179,2179,18,9,-23,-18,-21
17.171875,38,2179,2179,18,9,-23,-18,-21
17.175781,38,2179,2179,17,9,-23,-19,-21
17.179688,38,2179,2179,18,9,-23,-19,-21
17.183594,39,2179,2179,18,10,-24,-19,-21
17.187500,40,2179,2179,18,9,-24,-19,-22
17.191406,40,2179,2179,18,9,-24,-19,-21
17.195312,41,2179,2179,18,9,-24,-19,-22
17.199219,41,2179,2179,19,9,-24,-19,-22
17.203125,42,2179,2179,19,9,-24,-19,-22
17.207031,43,2179,2179,18,9,-24,-19,-22
17.210938,43,2179,2179,18,8,-24,-19,-22
17.214844,44,2179,2179,18,9,-24,-19,-21
17.218750,44,2179,2179,18,9,-24,-19,-21
17.222656,45,2179,2179,18,9,-23,-19,-21
17.226562,45,2179,2179,18,9,-24,-19,-21
17.230469,46,2179,2179,19,9,-24,-19,-21
17.234375,46,2179,2179,19,9,-24,-19,-21
17.238281,46,2179,2179,19,10,-24,-19,-22
17.242188,47,2179,2179,19,9,-24,-19,-21
17.246094,46,2179,2179,19,10,-23,-19,-21
17.250000,46,2179,2179,19,10,-23,-19,-21
17.253906,47,2179,2179,19,10,-24,-19,-21
17.257812,47,2179,2179,19,10,-24,-19,-21
17.261719,47,2179,2179,19,10,-24,-19,-21
17.265625,47,2179,2179,20,10,-24,-20,-22
17.269531,47,2179,2179,20,11,-24,-20,-22
17.273438,48,2179,2179,19,10,-24,-20,-22
17.277344,48,2179,2179,19,10,-24,-19,-22
17.281250,48,2179,2179,19,10,-24,-19,-21
17.285156,48,2179,2179,19,10,-23,-19,-21
17.289062,48,2179,2179,19,10,-23,-18,-21
17.292969,49,2179,2179,19,10,-23,-18,-21
17.296875,48,2179,2179,19,10,-23,-18,-21
17.300781,48,2179,2179,20,10,-23,-19,-21
17.304688,49,2179,2179,20,10,-24,-19,-21
17.308594,49,2179,2179,19,10,-24,-19,-21
17.312500,49,2179,2179,19,10,-24,-19,-22
17.316406,50,2179,2179,19,10,-24,-19,-21
17.320312,50,2179,2179,19,10,-24,-19,-21
17.324219,51,2179,2179,19,9,-23,-19,-21
17.328125,51,2179,2179,18,9,-23,-18,-21
17.332031,51,2179,2179,18,9,-23,-18,-21
17.335938,51,2179,2179,18,9,-23,-19,-21
17.339844,52,2179,2179,18,9,-24,-19,-21
17.343750,52,2179,2179,18,9,-24,-19,-21
17.347656,52,2179,2179,18,9,-24,-19,-21
17.351562,51,2179,2179,19,9,-24,-19,-21
17.355469,52,2179,2179,19,9,-24,-19,-21
17.359375,52,2179,2179,18,9,-24,-19,-21
17.363281,51,2179,2179,18,9,-24,-19,-21
17.367188,52,2179,2179,19,9,-23,-19,-21
17.371094,52,2179,2179,19,9,-23,-19,-21
17.375000,52,2179,2179,19,9,-23,-18,-21
17.378906,52,2179,2179,18,9,-23,-19,-21
17.382812,52,2179,2179,19,9,-24,-19,-21
17.386719,52,2179,2179,19,9,-24,-19,-21
17.390625,53,2179,2179,18,9,-24,-19,-22
17.394531,53,2179,2179,18,9,-24,-19,-21
17.398438,52,2179,2179,19,9,-24,-19,-22
17.402344,52,2179,2179,19,9,-24,-19,-21
17.406250,53,2179,2179,19,9,-24,-19,-21
17.410156,53,2179,2179,19,9,-23,-19,-21
17.414062,52,2179,2179,18,9,-23,-19,-21
17.417969,52,2179,2179,19,10,-23,-18,-21
17.421875,53,2179,2179,19,9,-23,-18,-21
17.425781,53,2179,2179,18,9,-23,-18,-21
17.429688,53,2179,2179,18,9,-24,-19,-21
17.433594,53,2179,2179,19,9,-24,-19,-21
17.437500,53,2179,2179,19,9,-24,-19,-22
17.441406,53,2179,2179,19,10,-24,-20,-21
17.445312,53,2179,2179,19,10,-25,-20,-22
17.449219,52,2179,2179,20,10,-25,-20,-22
17.453125,52,2179,2179,20,10,-24,-20,-22
17.457031,53,2179,2179,19,10,-24,-20,-22
17.460938,53,2179,2179,20,10,-25,-20,-22
17.464844,53,2179,2179,20,10,-24,-20,-22
17.468750,52,2179,2179,21,10,-24,-20,-22
17.472656,53,2179,2179,21,10,-24,-20,-22
17.476562,53,2179,2179,21,10,-24,-20,-22
17.480469,53,2179,2179,22,10,-24,-20,-22
17.484375,53,2179,2179,22,10,-24,-19,-21
17.488281,53,2179,2179,22,10,-24,-19,-21
17.492188,53,2179,2179,22,10,-24,-19,-21
17.496094,53,2179,2179,22,10,-24,-19,-21
17.500000,53,2179,2179,22,11,-24,-19,-21
17.503906,53,2179,2179,21,10,-24,-19,-21
17.507812,54,2179,2179,21,10,-24,-19,-22
17.511719,55,2179,2179,21,10,-24,-19,-22
17.515625,55,2179,2179,21,10,-24,-19,-22
17.519531,55,2179,2179,21,9,-24,-19,-22
17.523438,55,2179,2179,20,9,-24,-19,-21
17.527344,56,2179,2179,20,9,-24,-18,-21
17.531250,55,2179,2179,21,9,-23,-18,-21
17.535156,55,2179,2179,21,9,-23,-18,-21
17.539062,56,2179,2179,20,9,-23,-18,-21
17.542969,56,2179,2179,20,9,-23,-18,-21
17.546875,55,2179,2179,20,9,-23,-18,-21
17.550781,55,2179,2179,21,9,-23,-19,-21
17.554688,55,2179,2179,21,9,-23,-19,-21
17.558594,55,2179,2179,21,9,-23,-19,-21
17.562500,55,2179,2179,21,9,-23,-19,-21
17.566406,55,2179,2179,21,9,-23,-19,-20
17.570312,55,2179,2179,22,9,-23,-19,-21
17.574219,55,2179,2179,22,9,-23,-19,-21
17.578125,55,2179,2179,22,9,-24,-19,-21
17.582031,54,2179,2179,23,10,-24,-19,-21
17.585938,54,2179,2179,23,10,-24,-19,-21
17.589844,55,2179,2179,24,9,-24,-19,-22
17.593750,55,2179,2179,24,9,-24,-19,-22
17.597656,55,2179,2179,24,9,-24,-19,-22
17.601562,55,2179,2179,25,9,-24,-19,-22
17.605469,55,2179,2179,25,9,-24,-19,-21
17.609375,55,2179,2179,25,9,-24,-19,-21
17.613281,55,2179,2179,25,9,-23,-19,-21
17.617188,55,2179,2179,26,9,-23,-19,-21
17.621094,55,2179,2179,27,9,-23,-18,-21
17.625000,55,2179,2179,28,9,-23,-18,-21
17.628906,55,2179,2179,29,9,-24,-18,-21
17.632812,55,2179,2179,31,9,-23,-18,-21
17.636719,55,2179,2179,33,9,-23,-19,-21
17.640625,55,2179,2179,34,9,-23,-19,-21
17.644531,56,2179,2179,35,9,-24,-19,-21
17.648438,55,2179,2179,37,9,-23,-19,-21
17.652344,55,2179,2179,38,9,-23,-19,-21
17.656250,56,2179,2179,39,9,-23,-19,-21
17.660156,56,2179,2179,40,9,-23,-19,-21
17.664062,55,2179,2179,40,9,-23,-19,-21
17.667969,55,2179,2179,42,10,-24,-19,-21
17.671875,55,2179,2179,43,10,-24,-19,-21
17.675781,56,2179,2179,44,9,-24,-19,-22
17.679688,55,2179,2179,45,9,-24,-19,-22
17.683594,55,2179,2179,47,10,-24,-19,-21
17.687500,56,2179,2179,48,9,-23,-19,-21
17.691406,56,2179,2179,50,9,-23,-19,-20
17.695312,55,2179,2179,52,9,-23,-18,-21
17.699219,55,2179,2179,54,10,-23,-18,-21
17.703125,55,2179,2179,56,10,-23,-18,-20
17.707031,55,2179,2179,57,10,-23,-18,-20
17.710938,55,2179,2179,58,10,-23,-18,-21
17.714844,55,2179,2179,60,10,-23,-18,-21
17.718750,55,2179,2179,61,10,-23,-19,-21
17.722656,55,2179,2179,62,10,-23,-19,-21
17.726562,55,2179,2179,63,9,-24,-19,-21
17.730469,55,2179,2179,64,9,-24,-19,-21
17.734375,55,2179,2179,66,10,-24,-19,-22
17.738281,55,2179,2179,67,10,-24,-19,-22
17.742188,55,2179,2179,68,9,-24,-19,-22
17.746094,55,2179,2179,69,9,-24,-19,-22
17.750000,55,2179,2179,70,9,-24,-19,-22
17.753906,55,2179,2179,72,9,-24,-19,-22
17.757812,55,2179,2179,73,9,-24,-19,-22
17.761719,55,2179,2179,75,9,-24,-19,-22
17.765625,55,2179,2179,77,9,-24,-19,-22
17.769531,54,2179,2179,78,9,-24,-19,-22
17.773438,54,2179,2179,79,9,-24,-19,-21
17.777344,54,2179,2179,79,9,-24,-19,-22
17.781250,53,2179,2179,80,9,-24,-19,-22
17.785156,53,2179,2179,81,10,-24,-20,-22
17.789062,53,2179,2179,82,10,-24,-20,-22
17.792969,53,2179,2179,84,9,-25,-20,-22
17.796875,53,2179,2179,86,10,-25,-20,-22
17.800781,52,2179,2179,89,10,-24,-20,-22
17.804688,53,2179,2179,91,10,-24,-20,-22
17.808594,52,2179,2179,92,10,-24,-19,-22
17.812500,52,2179,2179,92,9,-24,-19,-21
17.816406,52,2179,2179,92,10,-24,-19,-21
17.820312,52,2179,2179,91,10,-23,-18,-21
17.824219,52,2179,2179,91,9,-23,-18,-21
17.828125,52,2179,2179,91,9,-23,-18,-21
17.832031,52,2179,2179,93,10,-23,-18,-21
17.835938,52,2179,2179,95,10,-23,-18,-21
17.839844,53,2179,2179,96,9,-23,-18,-21
17.843750,53,2179,2179,98,9,-23,-18,-21
17.847656,53,2179,2179,100,9,-23,-19,-21
17.851562,53,2179,2179,100,10,-23,-19,-21
17.855469,53,2179,2179,100,10,-24,-19,-21
17.859375,53,2179,2179,99,9,-24,-19,-21
17.863281,53,2179,2179,99,9,-24,-19,-22
17.867188,53,2179,2179,99,10,-24,-19,-22
17.871094,53,2179,2179,100,10,-24,-19,-22
17.875000,53,2179,2179,102,10,-24,-19,-22
17.878906,53,2179,2179,104,10,-24,-19,-22
17.882812,53,2179,2179,106,10,-24,-19,-22
17.886719,53,2179,2179,108,10,-24,-19,-21
17.890625,53,2179,2179,109,10,-23,-19,-21
17.894531,53,2179,2179,110,9,-24,-19,-21
17.898438,53,2179,2179,110,9,-23,-19,-21
17.902344,53,2179,2179,110,9,-23,-19,-21
17.906250,54,2179,2179,109,9,-23,-18,-21
17.910156,54,2179,2179,109,9,-23,-18,-21
17.914062,54,2179,2179,109,9,-24,-18,-21
17.917969,54,2179,2179,111,9,-23,-19,-21
17.921875,54,2179,2179,112,10,-24,-19,-21
17.925781,54,2179,2179,113,9,-24,-19,-21
17.929688,54,2179,2179,114,9,-24,-19,-21
17.933594,53,2179,2179,115,10,-23,-19,-21
17.937500,54,2179,2179,115,10,-23,-19,-21
17.941406,54,2179,2179,115,9,-24,-19,-20
17.945312,54,2179,2179,116,9,-24,-19,-21
17.949219,53,2179,2179,117,9,-24,-19,-21
17.953125,53,2179,2179,118,9,-24,-20,-22
17.957031,54,2179,2179,118,9,-24,-20,-22
17.960938,54,2179,2179,119,9,-24,-20,-22
17.964844,53,2179,2179,119,9,-24,-19,-22
17.968750,53,2179,2179,120,9,-23,-19,-21
17.972656,53,2179,2179,120,9,-23,-19,-21
17.976562,53,2179,2179,120,9,-23,-18,-21
17.980469,53,2179,2179,121,9,-23,-18,-21
17.984375,52,2179,2179,121,10,-23,-18,-21
17.988281,52,2179,2179,122,10,-23,-18,-21
17.992188,52,2179,2179,122,9,-23,-19,-21
17.996094,52,2179,2179,123,10,-23,-19,-21
18.000000,52,2179,2179,124,10,-24,-19,-21
18.003906,52,2179,2179,124,10,-24,-19,-21
18.007812,52,2179,2179,124,9,-24,-20,-21
18.011719,52,2179,2179,124,9,-24,-19,-21
18.015625,52,2179,2179,124,10,-24,-19,-21
18.019531,52,2179,2179,124,10,-24,-19,-21
18.023438,52,2179,2179,124,10,-24,-19,-21
18.027344,52,2179,2179,124,9,-24,-19,-21
18.031250,52,2179,2179,125,9,-24,-19,-21
18.035156,52,2179,2179,125,10,-23,-19,-21
18.039062,52,2179,2179,126,10,-24,-19,-21
18.042969,52,2179,2179,127,9,-24,-19,-21
18.046875,52,2179,2179,128,9,-24,-19,-21
18.050781,52,2179,2179,129,10,-24,-19,-21
18.054688,53,2179,2179,130,10,-23,-19,-21
18.058594,53,2179,2179,130,9,-23,-19,-21
18.062500,52,2179,2179,131,9,-24,-19,-21
18.066406,52,2179,2179,132,10,-24,-19,-21
18.070312,52,2179,2179,133,10,-24,-19,-21
18.074219,53,2179,2179,132,10,-24,-19,-21
18.078125,53,2179,2179,132,10,-24,-19,-21
18.082031,52,2179,2179,132,10,-24,-19,-21
18.085938,52,2179,2179,132,10,-24,-19,-21
18.089844,53,2179,2179,132,10,-24,-19,-22
18.093750,53,2179,2179,132,10,-24,-19,-21
18.097656,52,2179,2179,132,10,-24,-19,-22
18.101562,52,2179,2179,133,11,-24,-19,-21
18.105469,53,2179,2179,134,11,-24,-19,-22
18.109375,53,2179,2179,134,10,-24,-20,-22
18.113281,53,2179,2179,135,10,-24,-20,-22
18.117188,53,2179,2179,136,10,-24,-20,-22
18.121094,53,2179,2179,136,10,-24,-19,-22
18.125000,54,2179,2179,135,9,-24,-19,-21
18.128906,54,2179,2179,135,9,-24,-19,-21
18.132812,54,2179,2179,135,9,-24,-19,-21
18.136719,54,2179,2179,135,9,-24,-19,-21
18.140625,55,2179,2179,134,9,-24,-19,-21
18.144531,54,2179,2179,135,9,-23,-19,-21
18.148438,54,2179,2179,135,9,-23,-18,-21
18.152344,54,2179,2179,136,9,-23,-18,-21
18.156250,54,2179,2179,136,9,-23,-19,-21
18.160156,55,2179,2179,136,8,-23,-19,-21
18.164062,55,2179,2179,135,8,-23,-19,-21
18.167969,55,2179,2179,136,9,-23,-19,-21
18.171875,55,2179,2179,136,9,-23,-19,-21
18.175781,55,2179,2179,136,8,-23,-19,-21
18.179688,54,2179,2179,136,8,-23,-19,-21
18.183594,54,2179,2179,137,9,-23,-18,-21
18.187500,54,2179,2179,137,9,-23,-19,-21
18.191406,54,2179,2179,138,9,-23,-18,-20
18.195312,54,2179,2179,138,9,-23,-19,-21
18.199219,53,2179,2179,138,9,-23,-19,-21
18.203125,53,2179,2179,138,9,-23,-19,-22
18.207031,54,2179,2179,137,9,-24,-19,-22
18.210938,54,2179,2179,137,9,-24,-19,-22
18.214844,53,2179,2179,138,9,-24,-19,-21
18.218750,53,2179,2179,138,9,-24,-19,-21
18.222656,53,2179,2179,138,9,-24,-19,-22
18.226562,53,2179,2179,138,9,-24,-19,-22
18.230469,53,2179,2179,138,9,-24,-19,-22
18.234375,53,2179,2179,139,10,-24,-20,-22
18.238281,53,2179,2179,140,10,-24,-20,-22
18.242188,53,2179,2179,140,10,-25,-20,-22
18.246094,53,2179,2179,140,10,-25,-20,-22
18.250000,53,2179,2179,140,11,-25,-20,-23
18.253906,53,2179,2179,140,11,-25,-20,-22
18.257812,53,2179,2179,140,10,-25,-20,-22
18.261719,53,2179,2179,140,10,-25,-20,-22
18.265625,53,2179,2179,141,10,-25,-20,-22
18.269531,53,2179,2179,142,11,-25,-20,-22
18.273438,53,2179,2179,142,10,-25,-20,-22
18.277344,53,2179,2179,142,10,-25,-20,-22
18.281250,52,2179,2179,143,10,-25,-20,-22
18.285156,52,2179,2179,143,10,-25,-20,-22
18.289062,52,2179,2179,143,11,-25,-20,-22
18.292969,52,2179,2179,143,10,-25,-20,-22
18.296875,51,2179,2179,143,10,-24,-20,-22
18.300781,51,2179,2179,143,11,-24,-20,-22
18.304688,51,2179,2179,143,11,-24,-19,-21
18.308594,51,2179,2179,142,10,-24,-19,-21
18.312500,51,2179,2179,142,10,-23,-19,-21
18.316406,50,2179,2179,142,10,-23,-19,-21
18.320312,50,2179,2179,142,10,-23,-19,-21
18.324219,51,2179,2179,141,10,-24,-19,-21
18.328125,51,2179,2179,141,10,-24,-19,-21
18.332031,51,2179,2179,142,10,-24,-19,-21
18.335938,51,2179,2179,142,10,-24,-19,-22
18.339844,52,2179,2179,142,9,-24,-19,-21
18.343750,52,2179,2179,142,9,-24,-19,-21
18.347656,51,2179,2179,142,9,-24,-19,-22
18.351562,51,2179,2179,143,9,-24,-19,-22
18.355469,51,2179,2179,143,9,-24,-20,-22
18.359375,51,2179,2179,143,9,-24,-20,-22
18.363281,50,2179,2179,143,9,-25,-20,-22
18.367188,51,2179,2179,143,9,-25,-20,-22
18.371094,51,2179,2179,143,9,-25,-20,-22
18.375000,51,2179,2179,142,9,-25,-20,-22
18.378906,52,2179,2179,142,9,-25,-20,-22
18.382812,51,2179,2179,142,9,-24,-20,-22
18.386719,51,2179,2179,142,9,-24,-20,-22
18.390625,52,2179,2179,141,9,-24,-20,-22
18.394531,51,2179,2179,141,9,-24,-19,-22
18.398438,51,2179,2179,141,9,-24,-20,-22
18.402344,51,2179,2179,141,9,-24,-19,-22
18.406250,50,2179,2179,141,9,-24,-19,-22
18.410156,50,2179,2179,142,9,-24,-19,-22
18.414062,50,2179,2179,142,9,-24,-19,-22
18.417969,50,2179,2179,143,9,-24,-19,-22
18.421875,50,2179,2179,143,9,-24,-19,-22
18.425781,50,2179,2179,143,9,-24,-19,-21
18.429688,50,2179,2179,143,9,-24,-19,-22
18.433594,50,2179,2179,143,9,-24,-19,-22
18.437500,50,2179,2179,143,9,-24,-19,-22
18.441406,50,2179,2179,143,9,-24,-19,-21
18.445312,50,2179,2179,142,9,-24,-19,-21
18.449219,50,2179,2179,143,9,-24,-19,-21
18.453125,50,2179,2179,143,9,-24,-19,-21
18.457031,50,2179,2179,143,9,-24,-19,-21
18.460938,50,2179,2179,144,9,-24,-19,-21
18.464844,49,2179,2179,144,10,-23,-18,-21
18.468750,49,2179,2179,144,10,-23,-19,-21
18.472656,49,2179,2179,144,10,-23,-18,-21
18.476562,49,2179,2179,144,9,-23,-18,-21
18.480469,49,2179,2179,144,10,-23,-19,-21
18.484375,49,2179,2179,144,10,-23,-19,-21
18.488281,49,2179,2179,145,10,-23,-19,-21
18.492188,49,2179,2179,144,10,-23,-19,-21
18.496094,49,2179,2179,145,10,-23,-19,-21
18.500000,49,2179,2179,145,10,-23,-19,-21
18.503906,49,2179,2179,146,10,-23,-18,-21
18.507812,49,2179,2179,146,9,-23,-19,-21
18.511719,49,2179,2179,146,9,-23,-19,-21
18.515625,49,2179,2179,147,10,-23,-19,-21
18.519531,48,2179,2179,147,10,-23,-18,-21
18.523438,48,2179,2179,147,10,-23,-19,-21
18.527344,48,2179,2179,147,9,-23,-18,-21
18.531250,48,2179,2179,147,9,-23,-18,-21
18.535156,47,2179,2179,148,10,-24,-19,-21
18.539062,48,2179,2179,147,10,-24,-18,-21
18.542969,48,2179,2179,148,10,-23,-19,-21
18.546875,48,2179,2179,148,10,-23,-19,-21
18.550781,48,2179,2179,149,10,-23,-19,-21
18.554688,48,2179,2179,149,10,-24,-19,-21
18.558594,48,2179,2179,148,10,-24,-19,-21
18.562500,48,2179,2179,148,10,-24,-20,-21
18.566406,48,2179,2179,148,10,-24,-20,-21
18.570312,48,2179,2179,147,10,-24,-20,-22
18.574219,48,2179,2179,147,10,-24,-19,-22
18.578125,48,2179,2179,146,9,-24,-19,-22
18.582031,48,2179,2179,147,9,-24,-19,-21
18.585938,48,2179,2179,147,10,-23,-18,-21
18.589844,49,2179,2179,147,9,-23,-18,-21
18.593750,49,2179,2179,148,9,-23,-18,-21
18.597656,48,2179,2179,149,9,-23,-18,-21
18.601562,48,2179,2179,149,10,-23,-18,-21
18.605469,48,2179,2179,149,10,-23,-18,-21
18.609375,48,2179,2179,149,10,-24,-19,-21
18.613281,48,2179,2179,149,10,-24,-19,-21
18.617188,48,2179,2179,149,10,-24,-19,-21
18.621094,48,2179,2179,149,10,-24,-19,-21
18.625000,48,2179,2179,149,9,-24,-19,-21
18.628906,48,2179,2179,149,9,-24,-19,-21
18.632812,48,2179,2179,149,10,-23,-19,-21
18.636719,48,2179,2179,149,9,-23,-18,-21
18.640625,48,2179,2179,149,9,-23,-18,-21
18.644531,48,2179,2179,149,10,-23,-18,-21
18.648438,47,2179,2179,149,10,-23,-18,-21
18.652344,47,2179,2179,149,11,-23,-19,-21
18.656250,47,2179,2179,149,10,-24,-19,-21
18.660156,47,2179,2179,149,10,-24,-19,-21
18.664062,47,2179,2179,149,10,-24,-19,-21
18.667969,48,2179,2179,149,10,-24,-19,-21
18.671875,48,2179,2179,150,10,-24,-19,-21
18.675781,48,2179,2179,149,10,-23,-19,-21
18.679688,48,2179,2179,150,10,-23,-19,-21
18.683594,48,2179,2179,150,10,-23,-18,-21
18.687500,48,2179,2179,150,10,-23,-19,-21
18.691406,48,2179,2179,150,9,-23,-19,-20
18.695312,48,2179,2179,150,9,-23,-19,-21
18.699219,48,2179,2179,150,10,-24,-19,-21
18.703125,48,2179,2179,149,10,-24,-19,-22
18.707031,48,2179,2179,149,10,-24,-19,-22
18.710938,48,2179,2179,149,10,-24,-19,-22
18.714844,48,2179,2179,149,10,-24,-19,-22
18.718750,48,2179,2179,149,10,-24,-19,-22
18.722656,48,2179,2179,149,9,-24,-19,-21
18.726562,48,2179,2179,149,9,-24,-19,-21
18.730469,47,2179,2179,150,9,-24,-19,-21
18.734375,47,2179,2179,150,9,-23,-19,-21
18.738281,47,2179,2179,151,9,-23,-19,-21
18.742188,47,2179,2179,151,9,-24,-19,-21
18.746094,47,2179,2179,151,9,-24,-19,-22
18.750000,46,2179,2179,151,9,-24,-19,-21
18.753906,46,2179,2179,151,9,-24,-19,-21
18.757812,46,2179,2179,151,9,-24,-19,-22
18.761719,46,2179,2179,151,9,-24,-19,-21
18.765625,46,2179,2179,151,10,-24,-19,-21
18.769531,46,2179,2179,151,10,-23,-19,-21
18.773438,46,2179,2179,150,9,-23,-19,-21
18.777344,46,2179,2179,150,9,-23,-19,-21
18.781250,45,2179,2179,150,9,-23,-18,-21
18.785156,45,2179,2179,150,9,-23,-18,-21
18.789062,46,2179,2179,149,9,-23,-19,-21
18.792969,46,2179,2179,150,9,-23,-19,-21
18.796875,46,2179,2179,150,9,-24,-19,-21
18.800781,45,2179,2179,151,9,-24,-19,-22
18.804688,46,2179,2179,152,10,-24,-19,-22
18.808594,45,2179,2179,153,9,-24,-19,-22
18.812500,45,2179,2179,153,10,-24,-19,-22
18.816406,44,2179,2179,154,10,-24,-19,-21
18.820312,44,2179,2179,154,10,-24,-19,-21
18.824219,44,2179,2179,153,10,-24,-19,-21
18.828125,44,2179,2179,152,10,-23,-19,-21
18.832031,44,2179,2179,152,10,-23,-19,-21
18.835938,44,2179,2179,151,10,-23,-19,-21
18.839844,44,2179,2179,150,9,-23,-18,-21
18.843750,44,2179,2179,150,9,-23,-18,-21
18.847656,44,2179,2179,151,9,-23,-18,-21
18.851562,44,2179,2179,152,10,-23,-18,-21
18.855469,45,2179,2179,152,10,-23,-18,-21
18.859375,45,2179,2179,153,9,-23,-18,-21
18.863281,45,2179,2179,153,10,-23,-18,-21
18.867188,45,2179,2179,154,10,-23,-18,-21
18.871094,45,2179,2179,154,10,-23,-19,-21
18.875000,45,2179,2179,154,10,-23,-18,-21
18.878906,45,2179,2179,154,10,-23,-19,-21
18.882812,45,2179,2179,154,10,-23,-19,-21
18.886719,46,2179,2179,154,10,-23,-19,-21
18.890625,46,2179,2179,153,9,-23,-18,-21
18.894531,46,2179,2179,153,9,-23,-18,-21
18.898438,46,2179,2179,153,9,-23,-18,-21
18.902344,46,2179,2179,153,9,-23,-18,-21
18.906250,46,2179,2179,152,9,-23,-18,-21
18.910156,46,2179,2179,152,9,-23,-18,-21
18.914062,46,2179,2179,152,9,-23,-18,-21
18.917969,46,2179,2179,153,9,-23,-18,-21
18.921875,46,2179,2179,154,9,-23,-19,-21
18.925781,46,2179,2179,154,9,-23,-18,-21
18.929688,46,2179,2179,154,9,-23,-19,-21
18.933594,45,2179,2179,154,10,-23,-19,-21
18.937500,45,2179,2179,154,10,-23,-19,-21
18.941406,45,2179,2179,154,10,-23,-19,-20
18.945312,45,2179,2179,154,10,-23,-19,-21
18.949219,44,2179,2179,154,10,-23,-19,-21
18.953125,44,2179,2179,154,10,-23,-19,-21
18.957031,45,2179,2179,153,9,-24,-19,-21
18.960938,45,2179,2179,154,9,-24,-19,-21
18.964844,45,2179,2179,154,9,-24,-19,-22
18.968750,44,2179,2179,154,10,-24,-20,-22
18.972656,45,2179,2179,154,10,-24,-20,-22
18.976562,44,2179,2179,154,9,-24,-19,-22
18.980469,44,2179,2179,154,9,-24,-19,-21
18.984375,44,2179,2179,154,10,-24,-19,-21
18.988281,44,2179,2179,154,9,-23,-19,-21
18.992188,44,2179,2179,153,9,-23,-18,-21
18.996094,44,2179,2179,153,8,-23,-18,-21
19.000000,44,2179,2179,154,9,-23,-18,-21
19.003906,44,2179,2179,153,9,-23,-18,-21
19.007812,45,2179,2179,153,8,-23,-18,-21
19.011719,45,2179,2179,153,9,-24,-19,-21
19.015625,44,2179,2179,154,9,-24,-19,-21
19.019531,44,2179,2179,154,9,-24,-19,-22
19.023438,44,2179,2179,153,9,-24,-19,-22
19.027344,45,2179,2179,154,9,-24,-19,-22
19.031250,44,2179,2179,154,9,-24,-19,-22
19.035156,44,2179,2179,154,9,-24,-19,-22
19.039062,44,2179,2179,154,10,-24,-19,-22
19.042969,44,2179,2179,155,9,-24,-19,-22
19.046875,44,2179,2179,155,9,-24,-19,-22
19.050781,43,2179,2179,155,10,-24,-19,-21
19.054688,44,2179,2179,155,10,-24,-19,-21
19.058594,44,2179,2179,154,9,-24,-19,-21
19.062500,44,2179,2179,154,9,-24,-19,-21
19.066406,44,2179,2179,154,10,-24,-19,-21
19.070312,44,2179,2179,154,10,-24,-19,-21
19.074219,44,2179,2179,154,9,-24,-19,-22
19.078125,44,2179,2179,155,10,-24,-19,-22
19.082031,44,2179,2179,156,10,-24,-19,-22
19.085938,43,2179,2179,157,10,-24,-19,-22
19.089844,44,2179,2179,157,10,-24,-19,-21
19.093750,44,2179,2179,157,10,-24,-19,-21
19.097656,44,2179,2179,157,10,-24,-19,-21
19.101562,44,2179,2179,157,10,-24,-19,-21
19.105469,44,2179,2179,157,10,-23,-19,-21
19.109375,44,2179,2179,156,10,-23,-19,-22
19.113281,44,2179,2179,156,10,-24,-19,-22
19.117188,44,2179,2179,156,10,-24,-19,-22
19.121094,44,2179,2179,156,10,-24,-19,-22
19.125000,44,2179,2179,156,10,-24,-19,-21
19.128906,44,2179,2179,156,10,-24,-19,-21
19.132812,44,2179,2179,156,10,-23,-19,-21
19.136719,44,2179,2179,156,10,-23,-18,-21
19.140625,44,2179,2179,156,9,-23,-18,-21
19.144531,44,2179,2179,155,9,-23,-18,-21
19.148438,44,2179,2179,156,9,-23,-18,-21
19.152344,43,2179,2179,156,9,-23,-18,-21
19.156250,44,2179,2179,155,9,-23,-18,-21
19.160156,43,2179,2179,155,9,-23,-19,-21
19.164062,43,2179,2179,155,9,-23,-19,-21
19.167969,43,2179,2179,156,9,-24,-19,-21
19.171875,43,2179,2179,156,9,-24,-19,-22
19.175781,43,2179,2179,156,9,-24,-19,-21
19.179688,42,2179,2179,156,9,-24,-19,-21
19.183594,43,2179,2179,157,9,-24,-19,-21
19.187500,43,2179,2179,157,9,-24,-19,-21
19.191406,43,2179,2179,156,9,-24,-19,-21
19.195312,43,2179,2179,156,9,-23,-19,-21
19.199219,43,2179,2179,156,9,-23,-19,-21
19.203125,43,2179,2179,156,9,-23,-18,-21
19.207031,43,2179,2179,156,9,-23,-18,-21
19.210938,43,2179,2179,156,9,-23,-18,-21
19.214844,43,2179,2179,156,10,-23,-19,-21
19.218750,42,2179,2179,156,10,-23,-19,-21
19.222656,42,2179,2179,156,10,-24,-19,-21
19.226562,42,2179,2179,157,10,-24,-19,-21
19.230469,42,2179,2179,157,10,-24,-19,-22
19.234375,42,2179,2179,158,10,-24,-19,-22
19.238281,42,2179,2179,158,10,-24,-19,-22
19.242188,42,2179,2179,158,10,-24,-20,-22
19.246094,42,2179,2179,159,10,-24,-20,-22
19.250000,42,2179,2179,159,10,-24,-20,-22
19.253906,42,2179,2179,159,10,-24,-20,-22
19.257812,42,2179,2179,158,10,-24,-19,-22
19.261719,42,2179,2179,158,10,-24,-19,-21
19.265625,42,2179,2179,158,10,-24,-19,-21
19.269531,42,2179,2179,158,10,-23,-19,-21
19.273438,42,2179,2179,158,10,-23,-18,-21
19.277344,42,2179,2179,158,9,-23,-18,-21
19.281250,42,2179,2179,158,9,-23,-18,-21
19.285156,42,2179,2179,158,10,-23,-18,-21
19.289062,42,2179,2179,158,10,-23,-18,-21
19.292969,42,2179,2179,158,9,-23,-18,-21
19.296875,41,2179,2179,158,9,-24,-18,-21
19.300781,41,2179,2179,158,10,-24,-19,-21
19.304688,41,2179,2179,158,10,-24,-19,-22
19.308594,41,2179,2179,158,10,-24,-19,-22
19.312500,41,2179,2179,158,10,-24,-19,-22
19.316406,41,2179,2179,158,10,-24,-19,-21
19.320312,40,2179,2179,158,10,-24,-19,-22
19.324219,41,2179,2179,158,10,-24,-19,-22
19.328125,41,2179,2179,158,10,-24,-19,-22
19.332031,40,2179,2179,158,10,-24,-20,-22
19.335938,40,2179,2179,158,10,-24,-20,-22
19.339844,40,2179,2179,158,9,-25,-20,-22
19.343750,40,2179,2179,158,9,-25,-20,-22
19.347656,40,2179,2179,158,9,-25,-20,-22
19.351562,39,2179,2179,158,10,-25,-20,-22
19.355469,40,2179,2179,158,9,-24,-20,-22
19.359375,39,2179,2179,157,9,-24,-19,-22
19.363281,39,2179,2179,157,9,-24,-19,-21
19.367188,39,2179,2179,158,9,-23,-19,-21
19.371094,39,2179,2179,158,9,-23,-18,-21
19.375000,39,2179,2179,158,9,-23,-18,-21
19.378906,39,2179,2179,158,9,-23,-19,-21
19.382812,39,2179,2179,158,9,-24,-19,-21
19.386719,39,2179,2179,158,9,-23,-19,-21
19.390625,39,2179,2179,158,9,-24,-19,-21
19.394531,39,2179,2179,158,9,-24,-19,-21
19.398438,39,2179,2179,158,9,-24,-19,-22
19.402344,39,2179,2179,158,9,-23,-19,-22
19.406250,39,2179,2179,157,9,-23,-19,-22
19.410156,39,2179,2179,157,9,-24,-19,-22
19.414062,39,2179,2179,157,9,-24,-19,-22
19.417969,39,2179,2179,157,9,-24,-19,-22
19.421875,39,2179,2179,157,9,-24,-19,-22
19.425781,39,2179,2179,157,9,-24,-19,-22
19.429688,39,2179,2179,157,9,-24,-19,-22
19.433594,39,2179,2179,157,9,-24,-19,-21
19.437500,39,2179,2179,157,9,-24,-19,-21
19.441406,39,2179,2179,156,9,-24,-19,-21
19.445312,38,2179,2179,156,9,-24,-19,-21
19.449219,38,2179,2179,156,10,-24,-19,-21
19.453125,38,2179,2179,157,10,-23,-19,-21
19.457031,38,2179,2179,157,9,-23,-19,-21
19.460938,38,2179,2179,157,9,-23,-19,-21
19.464844,37,2179,2179,158,10,-23,-19,-21
19.468750,37,2179,2179,158,10,-23,-18,-21
19.472656,37,2179,2179,158,10,-23,-18,-21
19.476562,37,2179,2179,158,9,-23,-18,-21
19.480469,37,2179,2179,158,9,-23,-18,-21
19.484375,37,2179,2179,158,10,-23,-18,-21
19.488281,38,2179,2179,158,10,-23,-18,-21
19.492188,38,2179,2179,158,10,-23,-18,-21
19.496094,38,2179,2179,157,9,-23,-18,-21
19.500000,38,2179,2179,158,10,-23,-19,-21
19.503906,38,2179,2179,158,10,-23,-18,-21
19.507812,38,2179,2179,158,9,-23,-18,-21
19.511719,38,2179,2179,158,9,-23,-18,-21
19.515625,38,2179,2179,158,9,-23,-18,-21
19.519531,38,2179,2179,158,9,-23,-19,-21
19.523438,38,2179,2179,157,9,-23,-18,-21
19.527344,38,2179,2179,157,9,-24,-19,-21
19.531250,38,2179,2179,158,9,-24,-19,-21
19.535156,38,2179,2179,158,9,-24,-19,-21
19.539062,38,2179,2179,157,9,-23,-19,-21
19.542969,38,2179,2179,158,9,-23,-19,-21
19.546875,37,2179,2179,158,9,-23,-19,-21
19.550781,37,2179,2179,158,10,-23,-19,-21
19.554688,37,2179,2179,158,10,-24,-19,-21
19.558594,37,2179,2179,158,10,-24,-19,-22
19.562500,37,2179,2179,158,9,-24,-19,-22
19.566406,37,2179,2179,158,10,-24,-19,-21
19.570312,36,2179,2179,158,10,-24,-19,-22
19.574219,37,2179,2179,157,9,-24,-19,-21
19.578125,37,2179,2179,157,9,-24,-19,-21
19.582031,36,2179,2179,158,10,-23,-19,-21
19.585938,36,2179,2179,158,10,-23,-19,-21
19.589844,37,2179,2179,158,9,-23,-19,-21
19.593750,36,2179,2179,158,9,-24,-19,-21
19.597656,36,2179,2179,158,9,-24,-19,-21
19.601562,36,2179,2179,158,10,-24,-19,-22
19.605469,37,2179,2179,158,10,-24,-19,-22
19.609375,37,2179,2179,157,9,-24,-19,-22
19.613281,37,2179,2179,157,9,-24,-19,-22
19.617188,38,2179,2179,157,9,-24,-19,-21
19.621094,38,2179,2179,157,9,-24,-19,-22
19.625000,38,2179,2179,157,9,-24,-19,-21
19.628906,38,2179,2179,157,9,-24,-19,-21
19.632812,37,2179,2179,158,9,-24,-19,-22
19.636719,38,2179,2179,158,9,-24,-19,-22
19.640625,38,2179,2179,158,10,-24,-19,-22
19.644531,38,2179,2179,158,9,-24,-19,-22
19.648438,38,2179,2179,158,10,-24,-19,-22
19.652344,38,2179,2179,158,10,-24,-19,-22
19.656250,38,2179,2179,158,10,-23,-19,-21
19.660156,38,2179,2179,158,10,-24,-18,-21
19.664062,38,2179,2179,157,10,-23,-18,-21
19.667969,38,2179,2179,158,10,-23,-18,-21
19.671875,38,2179,2179,158,10,-23,-18,-21
19.675781,38,2179,2179,158,10,-23,-18,-21
19.679688,37,2179,2179,158,10,-23,-18,-21
19.683594,37,2179,2179,159,10,-23,-18,-21
19.687500,38,2179,2179,159,10,-24,-19,-21
19.691406,38,2179,2179,158,10,-24,-19,-21
19.695312,38,2179,2179,158,10,-24,-19,-22
19.699219,38,2179,2179,158,10,-24,-20,-22
19.703125,38,2179,2179,158,10,-24,-19,-22
19.707031,38,2179,2179,158,9,-24,-19,-22
19.710938,38,2179,2179,159,9,-24,-19,-22
19.714844,38,2179,2179,159,9,-24,-19,-22
19.718750,38,2179,2179,160,9,-24,-19,-22
19.722656,38,2179,2179,160,9,-24,-19,-22
19.726562,38,2179,2179,159,9,-24,-19,-22
19.730469,38,2179,2179,159,9,-24,-19,-22
19.734375,38,2179,2179,160,9,-24,-19,-22
19.738281,38,2179,2179,159,9,-24,-19,-22
19.742188,38,2179,2179,159,9,-24,-19,-22
19.746094,37,2179,2179,158,9,-24,-19,-22
19.750000,37,2179,2179,158,9,-24,-19,-22
19.753906,37,2179,2179,158,9,-24,-19,-22
19.757812,37,2179,2179,157,9,-24,-19,-22
19.761719,36,2179,2179,157,9,-24,-20,-22
19.765625,36,2179,2179,158,9,-24,-20,-22
19.769531,35,2179,2179,158,10,-24,-19,-22
19.773438,35,2179,2179,157,9,-24,-19,-22
19.777344,35,2179,2179,157,9,-24,-19,-22
19.781250,34,2179,2179,158,9,-24,-19,-21
19.785156,34,2179,2179,158,9,-24,-19,-21
19.789062,34,2179,2179,157,9,-23,-18,-21
19.792969,34,2179,2179,158,9,-23,-19,-21
19.796875,34,2179,2179,157,9,-24,-19,-21
19.800781,33,2179,2179,158,9,-24,-19,-22
19.804688,33,2179,2179,158,9,-24,-20,-22
19.808594,33,2179,2179,157,9,-24,-20,-22
19.812500,33,2179,2179,157,9,-25,-20,-22
19.816406,33,2179,2179,157,9,-25,-20,-22
19.820312,33,2179,2179,156,9,-24,-20,-22
19.824219,33,2179,2179,155,9,-24,-20,-22
19.828125,33,2179,2179,152,9,-24,-19,-22
19.832031,32,2179,2179,149,9,-24,-20,-22
19.835938,32,2179,2179,143,10,-24,-20,-22
19.839844,32,2179,2179,135,9,-25,-20,-22
19.843750,32,2179,2179,128,10,-25,-20,-22
19.847656,32,2179,2179,120,10,-25,-20,-23
19.851562,32,2179,2179,114,10,-25,-20,-23
19.855469,33,2179,2179,109,10,-25,-20,-23
19.859375,33,2179,2179,106,9,-25,-20,-22
19.863281,33,2179,2179,106,9,-24,-19,-22
19.867188,34,2179,2179,106,9,-24,-19,-22
19.871094,34,2179,2179,106,10,-24,-19,-21
19.875000,34,2179,2179,105,9,-24,-18,-21
19.878906,34,2179,2179,104,9,-24,-18,-21
19.882812,34,2179,2179,102,10,-23,-18,-21
19.886719,34,2179,2179,100,10,-23,-18,-21
19.890625,34,2179,2179,98,10,-23,-18,-21
19.894531,34,2179,2179,98,10,-23,-18,-21
19.898438,34,2179,2179,100,10,-23,-19,-21
19.902344,34,2179,2179,103,10,-24,-19,-22
19.906250,35,2179,2179,107,10,-24,-19,-22
19.910156,35,2179,2179,112,10,-24,-19,-22
19.914062,34,2179,2179,118,10,-24,-19,-22
19.917969,35,2179,2179,123,10,-24,-20,-22
19.921875,35,2179,2179,128,10,-25,-20,-22
19.925781,35,2179,2179,131,9,-25,-20,-22
19.929688,34,2179,2179,133,10,-24,-20,-22
19.933594,35,2179,2179,135,10,-24,-20,-22
19.937500,35,2179,2179,135,10,-24,-19,-21
19.941406,35,2179,2179,135,9,-24,-19,-21
19.945312,34,2179,2179,134,9,-24,-19,-21
19.949219,34,2179,2179,135,10,-23,-20,-21
19.953125,34,2179,2179,135,10,-24,-19,-21
19.957031,34,2179,2179,136,10,-24,-19,-22
19.960938,34,2179,2179,137,10,-24,-19,-22
19.964844,33,2179,2179,139,10,-24,-19,-22
19.968750,33,2179,2179,141,10,-24,-20,-22
19.972656,33,2179,2179,142,10,-24,-20,-22
19.976562,33,2179,2179,143,10,-24,-20,-22
19.980469,32,2179,2179,144,10,-24,-20,-22
19.984375,32,2179,2179,145,10,-24,-20,-22
19.988281,32,2179,2179,145,10,-24,-20,-22
19.992188,32,2179,2179,145,9,-24,-19,-22
19.996094,32,2179,2179,144,9,-24,-19,-22
20.000000,32,2179,2179,143,9,-24,-19,-22
20.003906,32,2179,2179,142,9,-23,-18,-21
20.007812,33,2179,2179,139,9,-23,-18,-21
20.011719,32,2179,2179,135,9,-23,-18,-21
20.015625,32,2179,2179,130,9,-23,-18,-21
20.019531,32,2179,2179,125,9,-23,-18,-21
20.023438,32,2179,2179,118,9,-23,-18,-21
20.027344,32,2179,2179,112,9,-23,-18,-21
20.031250,31,2179,2179,106,9,-23,-18,-21
20.035156,31,2179,2179,102,10,-23,-18,-21
20.039062,32,2179,2179,99,10,-24,-19,-21
20.042969,32,2179,2179,97,9,-24,-19,-21
20.046875,31,2179,2179,97,9,-24,-19,-21
20.050781,31,2179,2179,98,10,-24,-19,-22
20.054688,32,2179,2179,98,9,-24,-19,-21
20.058594,32,2179,2179,98,9,-24,-19,-21
20.062500,32,2179,2179,98,9,-24,-19,-21
20.066406,32,2179,2179,97,9,-24,-19,-21
20.070312,32,2179,2179,95,9,-24,-19,-22
20.074219,32,2179,2179,92,9,-24,-20,-22
20.078125,32,2179,2179,87,9,-24,-19,-22
20.082031,32,2179,2179,82,10,-24,-19,-22
20.085938,31,2179,2179,74,10,-24,-19,-22
20.089844,31,2179,2179,66,10,-24,-19,-22
20.093750,32,2179,2179,57,10,-24,-19,-21
20.097656,31,2179,2179,50,10,-24,-19,-21
20.101562,32,2179,2179,43,10,-23,-19,-21
20.105469,32,2179,2179,38,10,-23,-18,-21
20.109375,33,2179,2179,35,10,-23,-18,-21
20.113281,33,2179,2179,33,10,-23,-19,-21
20.117188,33,2179,2179,33,10,-24,-19,-21
20.121094,33,2179,2179,32,10,-24,-19,-21
20.125000,33,2179,2179,32,10,-24,-19,-22
20.128906,33,2179,2179,32,10,-24,-19,-22
20.132812,33,2179,2179,31,10,-24,-19,-22
20.136719,32,2179,2179,30,10,-24,-19,-22
20.140625,33,2179,2179,29,10,-24,-19,-21
20.144531,32,2179,2179,27,9,-23,-19,-21
20.148438,32,2179,2179,26,9,-23,-18,-21
20.152344,32,2179,2179,25,9,-23,-18,-21
20.156250,32,2179,2179,24,9,-23,-19,-21
20.160156,32,2179,2179,23,9,-24,-19,-21
20.164062,31,2179,2179,22,9,-24,-19,-21
20.167969,31,2179,2179,22,10,-24,-19,-22
20.171875,31,2179,2179,22,10,-24,-19,-22
20.175781,31,2179,2179,21,9,-24,-19,-22
20.179688,31,2179,2179,20,9,-24,-19,-22
20.183594,30,2179,2179,20,9,-24,-19,-21
20.187500,31,2179,2179,20,9,-23,-19,-21
20.191406,30,2179,2179,20,9,-23,-18,-21
20.195312,30,2179,2179,20,9,-23,-18,-21
20.199219,29,2179,2179,21,9,-24,-20,-21
20.203125,29,2179,2179,21,9,-24,-19,-22
20.207031,29,2179,2179,20,9,-24,-19,-22
20.210938,29,2179,2179,21,9,-24,-19,-22
20.214844,28,2179,2179,21,10,-24,-19,-22
20.218750,28,2179,2179,20,10,-25,-20,-22
20.222656,27,2179,2179,20,10,-25,-20,-22
20.226562,27,2179,2179,19,10,-25,-20,-22
20.230469,26,2179,2179,19,10,-24,-20,-22
20.234375,26,2179,2179,19,10,-24,-19,-22
20.238281,26,2179,2179,19,10,-24,-19,-22
20.242188,25,2179,2179,19,9,-24,-19,-22
20.246094,25,2179,2179,19,9,-24,-19,-22
20.250000,25,2179,2179,19,10,-24,-19,-22
20.253906,24,2179,2179,19,9,-24,-19,-22
20.257812,24,2179,2179,19,9,-25,-20,-23
20.261719,23,2179,2179,19,10,-25,-20,-23
20.265625,22,2179,2179,20,10,-25,-20,-23
20.269531,22,2179,2179,20,11,-25,-20,-23
20.273438,21,2179,2179,20,11,-25,-20,-23
20.277344,21,2179,2179,19,10,-25,-20,-23
20.281250,20,2179,2179,20,10,-25,-20,-22
20.285156,20,2179,2179,20,11,-25,-20,-22
20.289062,20,2179,2179,19,10,-24,-20,-22
20.292969,20,2179,2179,19,10,-24,-19,-22
20.296875,19,2179,2179,19,10,-24,-19,-22
20.300781,19,2179,2179,20,10,-24,-19,-22
20.304688,19,2179,2179,19,10,-24,-19,-22
20.308594,19,2179,2179,19,10,-24,-19,-22
20.312500,18,2179,2179,19,10,-24,-19,-22
20.316406,18,2179,2179,19,10,-24,-19,-21
20.320312,18,2179,2179,19,10,-24,-19,-22
20.324219,18,2179,2179,18,9,-24,-20,-22
20.328125,18,2179,2179,18,9,-24,-19,-22
20.332031,18,2179,2179,19,9,-24,-19,-22
20.335938,18,2179,2179,18,9,-24,-19,-22
20.339844,18,2179,2179,18,9,-25,-20,-22
20.343750,18,2179,2179,17,9,-25,-20,-23
20.347656,18,2179,2179,17,8,-25,-20,-23
20.351562,18,2179,2179,17,9,-25,-20,-22
20.355469,18,2179,2179,17,9,-24,-19,-22
20.359375,18,2179,2179,17,9,-24,-19,-22
20.363281,17,2179,2179,18,9,-24,-19,-22
20.367188,17,2179,2179,18,9,-24,-19,-21
20.371094,17,2179,2179,19,9,-24,-19,-21
20.375000,17,2179,2179,19,9,-24,-19,-21
20.378906,17,2179,2179,19,9,-24,-19,-21
20.382812,16,2179,2179,19,9,-24,-19,-21
20.386719,16,2179,2179,19,9,-24,-19,-21
20.390625,17,2179,2179,19,9,-24,-19,-21
20.394531,16,2179,2179,18,9,-24,-19,-21
20.398438,16,2179,2179,19,9,-24,-19,-22
20.402344,16,2179,2179,19,10,-24,-19,-22
20.406250,16,2179,2179,18,10,-24,-19,-22
20.410156,16,2179,2179,19,10,-24,-19,-22
20.414062,16,2179,2179,18,9,-24,-19,-22
20.417969,16,2179,2179,19,10,-24,-19,-22
20.421875,16,2179,2179,19,10,-24,-19,-22
20.425781,16,2179,2179,19,9,-24,-19,-22
20.429688,15,2179,2179,19,10,-24,-19,-22
20.433594,15,2179,2179,19,10,-24,-20,-22
20.437500,16,2179,2179,19,10,-24,-20,-22
20.441406,16,2179,2179,18,9,-24,-20,-22
20.445312,16,2179,2179,18,9,-24,-20,-22
20.449219,15,2179,2179,18,10,-24,-21,-22
20.453125,15,2179,2179,18,10,-24,-20,-22
20.457031,15,2179,2179,17,9,-24,-19,-22
20.460938,15,2179,2179,17,9,-24,-19,-22
20.464844,15,2179,2179,18,9,-24,-19,-21
20.468750,15,2179,2179,18,9,-23,-18,-21
20.472656,15,2179,2179,19,10,-23,-18,-21
20.476562,15,2179,2179,19,9,-23,-18,-21
20.480469,14,2179,2179,19,10,-23,-18,-21
20.484375,14,2179,2179,20,10,-23,-18,-21
20.488281,14,2179,2179,20,10,-23,-18,-21
20.492188,14,2179,2179,19,10,-23,-19,-21
20.496094,13,2179,2179,19,10,-23,-19,-21
20.500000,13,2179,2179,20,11,-23,-19,-21
20.503906,13,2179,2179,20,11,-24,-19,-21
20.507812,13,2179,2179,19,10,-24,-19,-21
20.511719,13,2179,2179,20,10,-24,-19,-21
20.515625,13,2179,2179,20,11,-24,-19,-21
20.519531,13,2179,2179,20,10,-24,-19,-21
20.523438,13,2179,2179,20,10,-24,-19,-21
20.527344,13,2179,2179,19,10,-24,-19,-21
20.531250,13,2179,2179,20,10,-24,-19,-21
20.535156,13,2179,2179,19,10,-24,-19,-21
20.539062,13,2179,2179,19,10,-24,-19,-21
20.542969,13,2179,2179,19,10,-24,-19,-21
20.546875,13,2179,2179,18,9,-24,-19,-21
20.550781,13,2179,2179,18,10,-24,-19,-21
20.554688,13,2179,2179,18,9,-24,-19,-21
20.558594,14,2179,2179,17,9,-24,-19,-21
20.562500,13,2179,2179,18,9,-24,-19,-21
20.566406,13,2179,2179,18,9,-24,-19,-21
20.570312,13,2179,2179,18,9,-24,-19,-22
20.574219,13,2179,2179,18,9,-24,-20,-22
20.578125,13,2179,2179,18,9,-24,-19,-22
20.582031,12,2179,2179,19,10,-24,-19,-22
20.585938,12,2179,2179,18,10,-24,-19,-22
20.589844,12,2179,2179,18,10,-24,-19,-22
20.593750,12,2179,2179,17,9,-24,-19,-21
20.597656,12,2179,2179,17,9,-24,-19,-21
20.601562,12,2179,2179,17,10,-23,-19,-21
20.605469,12,2179,2179,17,9,-23,-18,-21
20.609375,12,2179,2179,17,9,-23,-18,-21
20.613281,12,2179,2179,18,9,-23,-18,-21
20.617188,12,2179,2179,19,9,-23,-18,-21
20.621094,12,2179,2179,19,9,-23,-18,-21
20.625000,12,2179,2179,19,9,-23,-18,-21
20.628906,13,2179,2179,19,9,-23,-18,-21
20.632812,12,2179,2179,19,9,-23,-19,-21
20.636719,12,2179,2179,19,9,-23,-19,-21
20.640625,13,2179,2179,18,9,-23,-19,-21
20.644531,12,2179,2179,18,9,-23,-18,-21
20.648438,12,2179,2179,19,9,-23,-18,-21
20.652344,12,2179,2179,19,9,-23,-18,-21
20.656250,13,2179,2179,18,9,-23,-18,-21
20.660156,13,2179,2179,19,9,-23,-18,-21
20.664062,13,2179,2179,18,9,-23,-18,-21
20.667969,13,2179,2179,19,10,-24,-19,-21
20.671875,13,2179,2179,19,10,-24,-19,-22
20.675781,13,2179,2179,19,10,-24,-19,-22
20.679688,13,2179,2179,19,10,-24,-19,-22
20.683594,12,2179,2179,19,10,-24,-19,-22
20.687500,13,2179,2179,19,10,-24,-19,-22
20.691406,13,2179,2179,19,10,-24,-19,-21
20.695312,13,2179,2179,19,10,-24,-19,-21
20.699219,12,2179,2179,19,10,-23,-20,-21
20.703125,12,2179,2179,20,10,-23,-19,-21
20.707031,12,2179,2179,19,10,-23,-19,-21
20.710938,12,2179,2179,19,10,-24,-19,-21
20.714844,12,2179,2179,19,10,-24,-19,-22
20.718750,12,2179,2179,19,10,-24,-20,-22
20.722656,12,2179,2179,19,10,-24,-20,-22
20.726562,12,2179,2179,19,10,-25,-20,-22
20.730469,12,2179,2179,19,10,-25,-20,-22
20.734375,12,2179,2179,19,10,-24,-20,-22
20.738281,12,2179,2179,19,10,-24,-19,-21
20.742188,12,2179,2179,19,9,-24,-19,-21
20.746094,12,2179,2179,18,9,-24,-19,-21
20.750000,12,2179,2179,19,9,-23,-19,-21
20.753906,12,2179,2179,18,9,-23,-19,-21
20.757812,13,2179,2179,18,8,-23,-19,-21
20.761719,13,2179,2179,18,9,-23,-19,-21
20.765625,13,2179,2179,18,9,-24,-19,-21
20.769531,13,2179,2179,18,9,-24,-19,-22
20.773438,13,2179,2179,18,9,-24,-19,-22
20.777344,13,2179,2179,18,8,-24,-19,-22
20.781250,12,2179,2179,18,9,-24,-19,-22
20.785156,12,2179,2179,18,9,-24,-19,-22
20.789062,13,2179,2179,18,9,-24,-19,-22
20.792969,13,2179,2179,18,9,-25,-20,-22
20.796875,12,2179,2179,18,9,-25,-20,-22
20.800781,12,2179,2179,18,9,-25,-20,-22
20.804688,12,2179,2179,18,9,-24,-20,-22
20.808594,12,2179,2179,18,9,-24,-20,-22
20.812500,12,2179,2179,18,9,-24,-19,-22
20.816406,12,2179,2179,18,9,-24,-19,-21
20.820312,12,2179,2179,18,9,-24,-19,-21
20.824219,12,2179,2179,18,9,-24,-20,-21
20.828125,12,2179,2179,18,9,-24,-19,-21
20.832031,12,2179,2179,19,9,-24,-19,-21
20.835938,12,2179,2179,19,10,-24,-19,-21
20.839844,13,2179,2179,19,10,-24,-19,-21
20.843750,13,2179,2179,19,9,-24,-19,-21
20.847656,12,2179,2179,19,9,-23,-19,-21
20.851562,12,2179,2179,19,10,-23,-18,-21
20.855469,13,2179,2179,19,10,-23,-18,-21
20.859375,13,2179,2179,19,10,-23,-18,-21
20.863281,13,2179,2179,19,10,-23,-18,-21
20.867188,13,2179,2179,19,10,-23,-18,-21
20.871094,14,2179,2179,19,10,-23,-18,-21
20.875000,14,2179,2179,19,9,-23,-18,-21
20.878906,13,2179,2179,19,9,-24,-19,-22
20.882812,13,2179,2179,19,10,-24,-19,-21
20.886719,13,2179,2179,19,10,-24,-19,-22
20.890625,13,2179,2179,19,10,-24,-19,-22
20.894531,14,2179,2179,19,10,-24,-19,-22
20.898438,14,2179,2179,19,10,-24,-20,-22
20.902344,14,2179,2179,19,10,-24,-20,-22
20.906250,14,2179,2179,19,10,-24,-20,-22
20.910156,14,2179,2179,19,9,-24,-19,-22
20.914062,13,2179,2179,18,9,-24,-19,-22
20.917969,13,2179,2179,19,9,-24,-19,-21
20.921875,13,2179,2179,19,10,-23,-19,-21
20.925781,13,2179,2179,19,9,-23,-18,-21
20.929688,12,2179,2179,19,9,-23,-18,-21
20.933594,13,2179,2179,19,10,-23,-18,-21
20.937500,13,2179,2179,19,9,-23,-18,-21
20.941406,13,2179,2179,18,9,-23,-18,-20
20.945312,13,2179,2179,18,9,-23,-18,-21
20.949219,13,2179,2179,19,9,-23,-20,-21
20.953125,13,2179,2179,19,9,-24,-18,-21
20.957031,13,2179,2179,19,9,-24,-19,-21
20.960938,13,2179,2179,19,9,-24,-19,-21
20.964844,12,2179,2179,19,10,-24,-19,-21
20.968750,12,2179,2179,19,9,-24,-19,-21
20.972656,13,2179,2179,19,9,-24,-19,-22
20.976562,13,2179,2179,19,9,-24,-20,-22
20.980469,12,2179,2179,18,9,-24,-20,-22
20.984375,12,2179,2179,19,9,-25,-20,-22
20.988281,12,2179,2179,19,10,-25,-20,-22
20.992188,12,2179,2179,19,10,-25,-20,-22
20.996094,12,2179,2179,19,9,-25,-20,-22
21.000000,12,2179,2179,19,10,-24,-19,-22
21.003906,12,2179,2179,19,10,-24,-19,-22
21.007812,13,2179,2179,19,9,-24,-19,-22
21.011719,13,2179,2179,19,9,-24,-19,-21
21.015625,12,2179,2179,19,10,-24,-19,-22
21.019531,12,2179,2179,19,10,-24,-19,-22
21.023438,12,2179,2179,19,10,-24,-19,-22
21.027344,12,2179,2179,19,10,-24,-19,-22
21.031250,12,2179,2179,20,10,-24,-19,-22
21.035156,12,2179,2179,20,10,-24,-19,-21
21.039062,12,2179,2179,19,10,-24,-19,-21
21.042969,12,2179,2179,19,10,-24,-19,-21
21.046875,12,2179,2179,19,10,-24,-19,-21
21.050781,13,2179,2179,19,10,-23,-19,-21
21.054688,13,2179,2179,19,10,-24,-19,-21
21.058594,14,2179,2179,19,9,-24,-19,-21
21.062500,13,2179,2179,19,9,-24,-19,-21
21.066406,14,2179,2179,19,10,-23,-19,-21
21.070312,14,2179,2179,19,10,-23,-19,-21
21.074219,14,2179,2179,18,9,-23,-20,-21
21.078125,15,2179,2179,18,9,-24,-19,-21
21.082031,14,2179,2179,19,10,-24,-19,-22
21.085938,15,2179,2179,19,10,-24,-19,-22
21.089844,15,2179,2179,19,10,-24,-19,-22
21.093750,15,2179,2179,19,10,-24,-19,-22
21.097656,15,2179,2179,19,10,-24,-19,-22
21.101562,14,2179,2179,19,10,-24,-19,-22
21.105469,15,2179,2179,19,10,-24,-19,-22
21.109375,15,2179,2179,19,10,-24,-19,-21
21.113281,14,2179,2179,19,10,-24,-19,-21
21.117188,14,2179,2179,19,10,-24,-19,-21
21.121094,14,2179,2179,19,10,-24,-19,-22
21.125000,14,2179,2179,18,10,-24,-19,-22
21.128906,14,2179,2179,18,10,-24,-19,-22
21.132812,14,2179,2179,18,10,-25,-20,-22
21.136719,14,2179,2179,18,10,-24,-20,-22
21.140625,14,2179,2179,18,10,-24,-19,-22
21.144531,14,2179,2179,18,10,-24,-19,-22
21.148438,14,2179,2179,19,10,-24,-19,-21
21.152344,14,2179,2179,19,10,-24,-19,-21
21.156250,14,2179,2179,19,9,-24,-18,-21
21.160156,14,2179,2179,19,9,-24,-18,-21
21.164062,14,2179,2179,18,9,-24,-19,-21
21.167969,15,2179,2179,19,9,-24,-19,-22
21.171875,15,2179,2179,19,9,-24,-19,-22
21.175781,15,2179,2179,18,9,-24,-19,-22
21.179688,14,2179,2179,18,9,-24,-20,-22
21.183594,14,2179,2179,19,9,-24,-20,-22
21.187500,14,2179,2179,19,9,-24,-19,-22
21.191406,14,2179,2179,19,9,-24,-19,-21
21.195312,15,2179,2179,19,9,-23,-19,-21
21.199219,15,2179,2179,19,9,-23,-20,-21
21.203125,15,2179,2179,19,10,-23,-18,-21
21.207031,15,2179,2179,19,9,-23,-18,-21
21.210938,15,2179,2179,19,10,-23,-18,-21
21.214844,14,2179,2179,19,10,-23,-19,-21
21.218750,14,2179,2179,19,10,-23,-19,-21
21.222656,14,2179,2179,19,10,-23,-19,-21
21.226562,14,2179,2179,19,10,-23,-19,-21
21.230469,14,2179,2179,19,10,-23,-18,-21
21.234375,13,2179,2179,20,10,-23,-18,-21
21.238281,14,2179,2179,20,10,-23,-18,-21
21.242188,14,2179,2179,19,10,-23,-18,-21
21.246094,13,2179,2179,19,10,-23,-18,-21
21.250000,14,2179,2179,20,10,-23,-18,-21
21.253906,14,2179,2179,20,10,-23,-18,-21
21.257812,14,2179,2179,19,10,-23,-18,-21
21.261719,15,2179,2179,19,10,-24,-19,-21
21.265625,14,2179,2179,19,10,-23,-18,-21
21.269531,15,2179,2179,19,10,-23,-19,-21
21.273438,15,2179,2179,18,10,-23,-19,-21
21.277344,15,2179,2179,18,10,-23,-18,-21
21.281250,15,2179,2179,18,10,-23,-18,-21
21.285156,15,2179,2179,18,10,-23,-18,-21
21.289062,15,2179,2179,18,10,-23,-18,-21
21.292969,15,2179,2179,18,9,-23,-18,-21
21.296875,15,2179,2179,18,9,-23,-19,-21
21.300781,15,2179,2179,19,10,-23,-19,-21
21.304688,15,2179,2179,19,10,-24,-19,-21
21.308594,15,2179,2179,19,10,-24,-19,-22
21.312500,15,2179,2179,19,10,-24,-20,-22
21.316406,15,2179,2179,19,10,-24,-20,-22
21.320312,15,2179,2179,19,10,-25,-20,-22
21.324219,15,2179,2179,19,10,-24,-21,-22
21.328125,16,2179,2179,18,9,-24,-20,-22
21.332031,15,2179,2179,19,9,-24,-19,-22
21.335938,15,2179,2179,19,9,-24,-19,-22
21.339844,16,2179,2179,18,9,-24,-19,-21
21.343750,16,2179,2179,18,9,-23,-19,-21
21.347656,15,2179,2179,19,9,-23,-19,-21
21.351562,15,2179,2179,19,9,-23,-19,-21
21.355469,16,2179,2179,19,9,-24,-19,-21
21.359375,16,2179,2179,19,9,-24,-19,-22
21.363281,15,2179,2179,19,9,-24,-20,-22
21.367188,16,2179,2179,19,9,-25,-20,-22
21.371094,16,2179,2179,19,10,-25,-20,-22
21.375000,16,2179,2179,18,9,-25,-20,-22
21.378906,16,2179,2179,18,9,-24,-19,-22
21.382812,16,2179,2179,19,9,-24,-19,-22
21.386719,16,2179,2179,19,9,-24,-19,-21
21.390625,17,2179,2179,18,9,-24,-19,-21
21.394531,16,2179,2179,19,9,-24,-19,-21
21.398438,16,2179,2179,19,9,-24,-19,-22
21.402344,16,2179,2179,19,10,-24,-19,-22
21.406250,16,2179,2179,19,10,-24,-20,-22
21.410156,16,2179,2179,19,9,-24,-19,-22
21.414062,16,2179,2179,18,9,-24,-19,-21
21.417969,16,2179,2179,19,9,-23,-19,-21
21.421875,16,2179,2179,19,10,-23,-18,-21
21.425781,16,2179,2179,19,9,-23,-18,-21
21.429688,15,2179,2179,19,10,-23,-18,-21
21.433594,15,2179,2179,19,10,-23,-18,-21
21.437500,15,2179,2179,19,10,-23,-19,-21
21.441406,15,2179,2179,19,10,-23,-19,-21
21.445312,15,2179,2179,19,9,-24,-18,-21
21.449219,15,2179,2179,19,10,-23,-20,-21
21.453125,15,2179,2179,19,10,-23,-19,-21
21.457031,16,2179,2179,19,9,-23,-18,-21
21.460938,16,2179,2179,19,9,-23,-18,-21
21.464844,16,2179,2179,19,10,-23,-18,-21
21.468750,15,2179,2179,19,10,-23,-18,-21
21.472656,16,2179,2179,19,10,-23,-18,-21
21.476562,15,2179,2179,19,10,-24,-19,-21
21.480469,15,2179,2179,19,10,-24,-19,-22
21.484375,15,2179,2179,19,10,-24,-19,-22
21.488281,15,2179,2179,19,10,-24,-19,-22
21.492188,16,2179,2179,19,10,-24,-19,-21
21.496094,15,2179,2179,19,9,-24,-19,-22
21.500000,15,2179,2179,19,10,-24,-19,-22
21.503906,15,2179,2179,19,9,-24,-19,-21
21.507812,16,2179,2179,18,9,-24,-18,-21
21.511719,16,2179,2179,19,9,-23,-18,-21
21.515625,15,2179,2179,19,10,-23,-18,-21
21.519531,15,2179,2179,19,10,-23,-19,-21
21.523438,15,2179,2179,19,10,-23,-19,-21
21.527344,15,2179,2179,19,10,-23,-19,-21
21.531250,15,2179,2179,19,10,-24,-19,-21
21.535156,14,2179,2179,19,10,-24,-19,-22
21.539062,15,2179,2179,19,10,-24,-19,-22
21.542969,14,2179,2179,19,10,-24,-19,-22
21.546875,14,2179,2179,19,10,-24,-19,-21
21.550781,14,2179,2179,20,10,-24,-19,-21
21.554688,14,2179,2179,20,11,-24,-19,-22
21.558594,14,2179,2179,19,10,-24,-19,-21
21.562500,14,2179,2179,19,10,-24,-19,-21
21.566406,14,2179,2179,19,10,-24,-19,-21
21.570312,15,2179,2179,19,10,-24,-19,-22
21.574219,15,2179,2179,19,10,-24,-20,-22
21.578125,16,2179,2179,18,9,-24,-19,-21
21.582031,15,2179,2179,19,9,-23,-19,-21
21.585938,16,2179,2179,19,9,-23,-18,-21
21.589844,16,2179,2179,18,9,-23,-18,-21
21.593750,16,2179,2179,18,9,-24,-19,-21
21.597656,16,2179,2179,18,8,-24,-19,-22
21.601562,16,2179,2179,19,9,-24,-19,-22
21.605469,16,2179,2179,18,9,-24,-19,-22
21.609375,16,2179,2179,18,9,-24,-20,-22
21.613281,16,2179,2179,18,9,-24,-19,-22
21.617188,16,2179,2179,18,9,-24,-19,-22
21.621094,16,2179,2179,18,9,-24,-19,-22
21.625000,16,2179,2179,18,9,-24,-19,-21
21.628906,15,2179,2179,18,9,-24,-19,-21
21.632812,15,2179,2179,19,9,-24,-19,-21
21.636719,15,2179,2179,19,9,-23,-18,-21
21.640625,15,2179,2179,18,9,-23,-19,-21
21.644531,15,2179,2179,18,9,-23,-18,-21
21.648438,14,2179,2179,18,10,-23,-18,-21
21.652344,14,2179,2179,18,10,-23,-18,-21
21.656250,14,2179,2179,18,10,-23,-18,-21
21.660156,14,2179,2179,18,10,-23,-18,-21
21.664062,14,2179,2179,18,10,-23,-18,-21
21.667969,14,2179,2179,19,10,-23,-19,-21
21.671875,14,2179,2179,19,11,-24,-19,-21
21.675781,14,2179,2179,19,10,-24,-19,-22
21.679688,14,2179,2179,19,10,-24,-19,-22
21.683594,14,2179,2179,20,11,-24,-20,-22
21.687500,15,2179,2179,20,10,-24,-19,-22
21.691406,15,2179,2179,19,10,-24,-19,-21
21.695312,15,2179,2179,19,9,-24,-19,-22
21.699219,15,2179,2179,19,9,-24,-20,-22
21.703125,15,2179,2179,18,9,-24,-19,-22
21.707031,15,2179,2179,18,9,-23,-19,-21
21.710938,15,2179,2179,18,9,-23,-19,-21
21.714844,15,2179,2179,19,9,-23,-19,-21
21.718750,15,2179,2179,19,9,-24,-19,-21
21.722656,15,2179,2179,19,10,-24,-19,-21
21.726562,15,2179,2179,19,9,-24,-19,-21
21.730469,14,2179,2179,19,10,-24,-19,-22
21.734375,14,2179,2179,19,10,-24,-19,-22
21.738281,15,2179,2179,19,10,-24,-20,-22
21.742188,15,2179,2179,19,9,-24,-19,-22
21.746094,15,2179,2179,18,9,-24,-19,-22
21.750000,15,2179,2179,19,9,-24,-19,-22
21.753906,15,2179,2179,19,9,-24,-19,-22
21.757812,15,2179,2179,18,9,-24,-19,-22
21.761719,15,2179,2179,19,9,-24,-19,-22
21.765625,15,2179,2179,19,9,-24,-19,-21
21.769531,15,2179,2179,19,9,-24,-19,-22
21.773438,15,2179,2179,18,9,-24,-19,-22
21.777344,16,2179,2179,18,9,-24,-19,-22
21.781250,15,2179,2179,19,9,-24,-19,-22
21.785156,15,2179,2179,19,10,-24,-19,-22
21.789062,16,2179,2179,19,10,-24,-19,-22
21.792969,16,2179,2179,19,10,-24,-20,-22
21.796875,16,2179,2179,19,9,-25,-20,-22
21.800781,16,2179,2179,19,10,-25,-20,-22
21.804688,17,2179,2179,19,9,-25,-20,-22
21.808594,18,2179,2179,19,9,-24,-20,-22
21.812500,18,2179,2179,18,9,-24,-19,-22
21.816406,18,2179,2179,19,9,-24,-19,-22
21.820312,18,2179,2179,19,9,-24,-19,-22
21.824219,19,2179,2179,19,9,-24,-20,-21
21.828125,19,2179,2179,19,9,-23,-19,-21
21.832031,18,2179,2179,19,10,-23,-18,-21
21.835938,18,2179,2179,19,10,-23,-18,-21
21.839844,19,2179,2179,19,10,-23,-18,-21
21.843750,19,2179,2179,19,10,-23,-18,-21
21.847656,18,2179,2179,19,10,-23,-18,-21
21.851562,18,2179,2179,19,10,-23,-18,-21
21.855469,19,2179,2179,19,10,-23,-18,-21
21.859375,18,2179,2179,19,10,-23,-19,-21
21.863281,18,2179,2179,19,10,-23,-19,-21
21.867188,18,2179,2179,20,10,-24,-19,-21
21.871094,18,2179,2179,20,11,-24,-19,-21
21.875000,19,2179,2179,19,10,-24,-19,-21
21.878906,19,2179,2179,19,10,-24,-19,-21
21.882812,19,2179,2179,19,10,-24,-19,-22
21.886719,19,2179,2179,19,10,-24,-18,-21
21.890625,19,2179,2179,19,9,-24,-18,-21
21.894531,19,2179,2179,18,9,-23,-18,-21
21.898438,19,2179,2179,19,9,-23,-18,-21
21.902344,19,2179,2179,19,9,-23,-18,-21
21.906250,19,2179,2179,18,9,-23,-18,-21
21.910156,19,2179,2179,18,9,-23,-18,-21
21.914062,19,2179,2179,18,9,-23,-18,-21
21.917969,19,2179,2179,19,9,-23,-18,-22
21.921875,19,2179,2179,19,9,-24,-19,-22
21.925781,19,2179,2179,18,9,-24,-19,-22
21.929688,18,2179,2179,18,9,-24,-19,-22
21.933594,18,2179,2179,19,10,-24,-19,-22
21.937500,18,2179,2179,19,10,-24,-19,-22
21.941406,18,2179,2179,19,10,-24,-19,-21
21.945312,18,2179,2179,19,9,-24,-19,-21
21.949219,18,2179,2179,19,10,-24,-20,-21
21.953125,18,2179,2179,19,10,-23,-18,-21
21.957031,18,2179,2179,19,9,-23,-19,-21
21.960938,18,2179,2179,19,10,-23,-19,-21
21.964844,18,2179,2179,19,10,-23,-19,-21
21.968750,18,2179,2179,19,10,-23,-19,-21
21.972656,18,2179,2179,19,9,-23,-19,-21
21.976562,18,2179,2179,18,9,-23,-18,-21
21.980469,18,2179,2179,19,9,-23,-18,-21
21.984375,18,2179,2179,19,10,-23,-18,-21
21.988281,19,2179,2179,19,10,-23,-18,-21
21.992188,19,2179,2179,19,9,-23,-18,-21
21.996094,18,2179,2179,19,9,-24,-19,-21
22.000000,19,2179,2179,19,10,-24,-19,-21
22.003906,19,2179,2179,19,10,-24,-19,-22
22.007812,19,2179,2179,19,9,-24,-19,-21
22.011719,19,2179,2179,19,9,-24,-19,-22
22.015625,19,2179,2179,19,9,-24,-19,-21
22.019531,19,2179,2179,19,9,-23,-18,-21
22.023438,19,2179,2179,18,9,-23,-18,-21
22.027344,19,2179,2179,19,9,-23,-18,-21
22.031250,19,2179,2179,19,9,-23,-18,-21
22.035156,19,2179,2179,19,10,-23,-18,-21
22.039062,20,2179,2179,19,10,-23,-19,-21
22.042969,20,2179,2179,19,9,-23,-18,-21
22.046875,20,2179,2179,19,9,-23,-18,-21
22.050781,20,2179,2179,19,10,-23,-19,-21
22.054688,21,2179,2179,19,10,-23,-19,-21
22.058594,21,2179,2179,18,9,-23,-19,-21
22.062500,21,2179,2179,19,9,-24,-18,-21
22.066406,20,2179,2179,19,9,-23,-19,-21
22.070312,20,2179,2179,19,10,-23,-18,-21
22.074219,21,2179,2179,19,10,-24,-19,-21
22.078125,21,2179,2179,19,10,-24,-19,-21
22.082031,20,2179,2179,19,10,-24,-19,-22
22.085938,21,2179,2179,19,10,-24,-19,-22
22.089844,21,2179,2179,18,10,-24,-19,-22
22.093750,21,2179,2179,18,10,-24,-19,-22
22.097656,21,2179,2179,18,10,-24,-19,-22
22.101562,21,2179,2179,19,11,-24,-19,-22
22.105469,22,2179,2179,19,10,-24,-19,-22
22.109375,22,2179,2179,19,10,-24,-20,-22
22.113281,22,2179,2179,19,10,-25,-20,-22
22.117188,22,2179,2179,20,10,-25,-20,-22
22.121094,22,2179,2179,20,10,-25,-20,-22
22.125000,23,2179,2179,19,10,-25,-20,-22
22.128906,23,2179,2179,19,10,-25,-20,-22
22.132812,23,2179,2179,19,10,-24,-20,-22
22.136719,23,2179,2179,19,10,-24,-20,-22
22.140625,23,2179,2179,18,10,-24,-20,-22
22.144531,23,2179,2179,18,10,-24,-20,-22
22.148438,23,2179,2179,18,10,-24,-19,-21
22.152344,23,2179,2179,18,10,-24,-19,-21
22.156250,24,2179,2179,18,10,-23,-19,-21
22.160156,24,2179,2179,18,10,-23,-19,-21
22.164062,23,2179,2179,18,10,-24,-19,-21
22.167969,23,2179,2179,19,10,-24,-19,-21
22.171875,23,2179,2179,19,10,-24,-19,-21
22.175781,23,2179,2179,19,9,-24,-19,-21
22.179688,23,2179,2179,19,9,-24,-19,-22
22.183594,23,2179,2179,19,9,-24,-19,-22
22.187500,24,2179,2179,19,9,-24,-19,-22
22.191406,24,2179,2179,18,9,-24,-19,-21
22.195312,24,2179,2179,18,9,-24,-19,-21
22.199219,24,2179,2179,18,9,-23,-20,-21
22.203125,24,2179,2179,18,9,-23,-18,-21
22.207031,24,2179,2179,18,9,-23,-18,-21
22.210938,24,2179,2179,18,9,-23,-18,-21
22.214844,24,2179,2179,19,9,-23,-18,-21
22.218750,23,2179,2179,19,9,-24,-19,-21
22.222656,24,2179,2179,18,9,-23,-19,-21
22.226562,24,2179,2179,18,9,-24,-19,-21
22.230469,23,2179,2179,18,9,-23,-19,-21
22.234375,23,2179,2179,19,9,-23,-19,-21
22.238281,24,2179,2179,19,10,-23,-19,-21
22.242188,24,2179,2179,19,9,-23,-19,-21
22.246094,23,2179,2179,18,9,-23,-18,-21
22.250000,23,2179,2179,19,10,-23,-18,-21
22.253906,23,2179,2179,19,10,-23,-18,-21
22.257812,23,2179,2179,19,10,-23,-18,-21
22.261719,23,2179,2179,19,9,-23,-19,-21
22.265625,23,2179,2179,19,10,-23,-19,-21
22.269531,23,2179,2179,19,10,-24,-19,-21
22.273438,23,2179,2179,18,9,-24,-19,-22
22.277344,23,2179,2179,18,9,-24,-19,-22
22.281250,22,2179,2179,19,10,-24,-19,-22
22.285156,22,2179,2179,19,10,-24,-19,-22
22.289062,23,2179,2179,19,10,-24,-19,-22
22.292969,23,2179,2179,19,10,-24,-19,-22
22.296875,22,2179,2179,19,10,-24,-19,-22
22.300781,22,2179,2179,20,10,-24,-19,-22
22.304688,22,2179,2179,19,10,-24,-19,-22
22.308594,22,2179,2179,19,10,-24,-19,-22
22.312500,22,2179,2179,19,10,-24,-19,-22
22.316406,22,2179,2179,19,10,-24,-19,-21
22.320312,22,2179,2179,19,10,-24,-19,-21
22.324219,22,2179,2179,19,10,-24,-20,-22
22.328125,23,2179,2179,19,9,-24,-20,-22
22.332031,22,2179,2179,19,10,-25,-20,-22
22.335938,22,2179,2179,19,10,-25,-20,-22
22.339844,23,2179,2179,19,9,-25,-20,-22
22.343750,23,2179,2179,19,9,-24,-20,-22
22.347656,22,2179,2179,19,9,-24,-19,-22
22.351562,22,2179,2179,19,10,-24,-19,-22
22.355469,23,2179,2179,19,10,-24,-19,-22
22.359375,23,2179,2179,18,9,-24,-19,-21
22.363281,22,2179,2179,19,9,-24,-19,-21
22.367188,22,2179,2179,19,10,-24,-19,-21
22.371094,23,2179,2179,19,10,-24,-19,-21
22.375000,23,2179,2179,19,10,-24,-19,-21
22.378906,23,2179,2179,19,10,-24,-19,-21
22.382812,23,2179,2179,19,10,-24,-19,-21
22.386719,23,2179,2179,19,10,-23,-19,-21
22.390625,24,2179,2179,19,10,-23,-19,-21
22.394531,24,2179,2179,19,9,-23,-18,-21
22.398438,24,2179,2179,19,9,-23,-18,-21
22.402344,24,2179,2179,19,9,-23,-18,-21
22.406250,25,2179,2179,18,9,-23,-18,-21
22.410156,25,2179,2179,18,9,-23,-18,-21
22.414062,25,2179,2179,18,9,-23,-18,-21
22.417969,25,2179,2179,18,9,-23,-18,-21
22.421875,25,2179,2179,19,9,-23,-19,-21
22.425781,25,2179,2179,18,9,-24,-19,-21
22.429688,26,2179,2179,18,9,-24,-19,-21
22.433594,26,2179,2179,19,9,-24,-19,-22
22.437500,26,2179,2179,18,9,-24,-19,-22
22.441406,26,2179,2179,18,9,-24,-19,-22
22.445312,26,2179,2179,18,9,-24,-19,-22
22.449219,26,2179,2179,18,9,-24,-20,-22
22.453125,26,2179,2179,19,9,-24,-20,-22
22.457031,26,2179,2179,18,9,-25,-20,-22
22.460938,26,2179,2179,18,9,-25,-20,-23
22.464844,26,2179,2179,19,9,-25,-20,-22
22.468750,26,2179,2179,19,9,-24,-20,-22
22.472656,26,2179,2179,18,9,-24,-20,-22
22.476562,26,2179,2179,18,9,-24,-19,-22
22.480469,26,2179,2179,18,9,-24,-19,-22
22.484375,26,2179,2179,19,9,-24,-19,-22
22.488281,26,2179,2179,19,9,-24,-19,-22
22.492188,27,2179,2179,19,9,-24,-19,-22
22.496094,27,2179,2179,19,9,-24,-19,-22
22.500000,27,2179,2179,19,10,-24,-19,-22
22.503906,27,2179,2179,19,10,-24,-20,-22
22.507812,28,2179,2179,19,9,-24,-19,-22
22.511719,28,2179,2179,19,9,-24,-19,-22
22.515625,28,2179,2179,19,10,-24,-19,-21
22.519531,29,2179,2179,19,9,-23,-18,-21
22.523438,29,2179,2179,18,9,-23,-18,-21
22.527344,30,2179,2179,18,9,-23,-18,-21
22.531250,30,2179,2179,19,9,-23,-18,-21
22.535156,30,2179,2179,19,9,-23,-18,-21
22.539062,30,2179,2179,19,9,-23,-18,-21
22.542969,30,2179,2179,19,9,-23,-18,-21
22.546875,30,2179,2179,19,10,-23,-19,-21
22.550781,30,2179,2179,20,10,-24,-19,-21
22.554688,31,2179,2179,20,10,-24,-19,-21
22.558594,31,2179,2179,19,10,-24,-19,-22
22.562500,30,2179,2179,19,10,-24,-20,-22
22.566406,30,2179,2179,19,10,-24,-20,-22
22.570312,31,2179,2179,19,10,-24,-20,-22
22.574219,31,2179,2179,18,9,-24,-20,-22
22.578125,32,2179,2179,18,9,-24,-19,-22
22.582031,32,2179,2179,18,9,-24,-19,-22
22.585938,32,2179,2179,18,9,-24,-19,-22
22.589844,32,2179,2179,18,9,-24,-19,-21
22.593750,32,2179,2179,18,9,-23,-19,-21
22.597656,32,2179,2179,18,9,-23,-19,-21
22.601562,32,2179,2179,19,9,-23,-18,-21
22.605469,33,2179,2179,18,9,-23,-19,-21
22.609375,33,2179,2179,18,9,-23,-19,-21
22.613281,33,2179,2179,18,9,-23,-19,-21
22.617188,34,2179,2179,18,9,-23,-19,-21
22.621094,34,2179,2179,18,9,-23,-18,-21
22.625000,35,2179,2179,17,9,-23,-18,-21
22.628906,36,2179,2179,17,9,-23,-18,-21
22.632812,36,2179,2179,18,9,-24,-18,-21
22.636719,36,2179,2179,18,9,-23,-18,-21
22.640625,38,2179,2179,18,9,-24,-19,-21
22.644531,38,2179,2179,18,9,-24,-19,-21
22.648438,38,2179,2179,19,9,-24,-19,-22
22.652344,38,2179,2179,19,10,-24,-19,-22
22.656250,39,2179,2179,19,10,-24,-19,-22
22.660156,39,2179,2179,19,10,-24,-19,-22
22.664062,39,2179,2179,19,10,-24,-20,-22
22.667969,39,2179,2179,19,10,-24,-19,-22
22.671875,40,2179,2179,19,10,-24,-19,-21
22.675781,40,2179,2179,19,10,-24,-19,-21
22.679688,40,2179,2179,19,10,-24,-19,-22
22.683594,40,2179,2179,20,10,-24,-20,-22
22.687500,41,2179,2179,20,10,-24,-20,-22
22.691406,41,2179,2179,19,10,-24,-19,-22
22.695312,41,2179,2179,19,10,-24,-19,-22
22.699219,42,2179,2179,19,10,-24,-20,-22
22.703125,42,2179,2179,19,10,-24,-19,-22
22.707031,43,2179,2179,19,9,-24,-19,-21
22.710938,44,2179,2179,19,10,-23,-18,-21
22.714844,44,2179,2179,19,10,-23,-18,-21
22.718750,44,2179,2179,19,10,-23,-18,-21
22.722656,45,2179,2179,19,10,-23,-18,-21
22.726562,45,2179,2179,19,10,-23,-18,-21
22.730469,45,2179,2179,19,10,-23,-19,-21
22.734375,46,2179,2179,20,10,-24,-19,-21
22.738281,46,2179,2179,19,10,-24,-19,-22
22.742188,47,2179,2179,19,10,-24,-20,-22
22.746094,47,2179,2179,19,9,-25,-19,-22
22.750000,47,2179,2179,19,10,-24,-19,-22
22.753906,48,2179,2179,19,9,-24,-19,-22
22.757812,48,2179,2179,18,9,-24,-19,-22
22.761719,48,2179,2179,18,9,-24,-19,-22
22.765625,48,2179,2179,19,10,-24,-19,-22
22.769531,48,2179,2179,19,10,-24,-19,-22
22.773438,49,2179,2179,19,9,-24,-20,-22
22.777344,49,2179,2179,19,10,-25,-20,-22
22.781250,49,2179,2179,19,10,-25,-20,-22
22.785156,49,2179,2179,19,10,-25,-20,-22
22.789062,49,2179,2179,19,10,-25,-21,-23
22.792969,49,2179,2179,19,10,-25,-21,-22
22.796875,49,2179,2179,19,10,-25,-20,-23
22.800781,49,2179,2179,19,10,-25,-20,-22
22.804688,50,2179,2179,19,10,-24,-20,-22
22.808594,50,2179,2179,18,9,-24,-19,-22
22.812500,49,2179,2179,18,9,-24,-19,-22
22.816406,49,2179,2179,18,10,-24,-19,-22
22.820312,49,2179,2179,18,10,-24,-19,-22
22.824219,49,2179,2179,18,10,-24,-20,-22
22.828125,49,2179,2179,19,10,-24,-19,-22
22.832031,48,2179,2179,20,11,-24,-19,-22
22.835938,48,2179,2179,20,11,-24,-19,-22
22.839844,48,2179,2179,20,11,-24,-19,-21
22.843750,48,2179,2179,20,10,-24,-19,-21
22.847656,48,2179,2179,20,10,-24,-19,-21
22.851562,48,2179,2179,20,10,-24,-19,-21
22.855469,48,2179,2179,19,10,-24,-19,-22
22.859375,48,2179,2179,19,10,-24,-19,-22
22.863281,48,2179,2179,19,10,-24,-19,-21
22.867188,48,2179,2179,19,10,-23,-19,-21
22.871094,49,2179,2179,19,10,-23,-18,-21
22.875000,49,2179,2179,19,9,-23,-18,-21
22.878906,49,2179,2179,19,9,-23,-18,-21
22.882812,48,2179,2179,19,10,-23,-18,-21
22.886719,48,2179,2179,19,10,-23,-18,-21
22.890625,49,2179,2179,19,9,-23,-18,-21
22.894531,48,2179,2179,19,9,-23,-18,-21
22.898438,48,2179,2179,19,10,-23,-18,-21
22.902344,48,2179,2179,19,10,-23,-18,-21
22.906250,48,2179,2179,19,10,-23,-18,-21
22.910156,48,2179,2179,19,9,-23,-18,-21
22.914062,48,2179,2179,18,9,-23,-18,-21
22.917969,48,2179,2179,19,10,-23,-18,-21
22.921875,49,2179,2179,19,10,-23,-18,-21
22.925781,50,2179,2179,19,9,-23,-18,-21
22.929688,50,2179,2179,19,9,-24,-18,-22
22.933594,50,2179,2179,19,9,-24,-18,-22
22.937500,50,2179,2179,19,10,-24,-19,-22
22.941406,50,2179,2179,19,9,-24,-19,-22
22.945312,50,2179,2179,19,9,-24,-19,-22
22.949219,50,2179,2179,19,10,-24,-20,-22
22.953125,50,2179,2179,19,10,-24,-19,-22
22.957031,50,2179,2179,19,9,-24,-19,-22
22.960938,50,2179,2179,19,9,-24,-19,-22
22.964844,50,2179,2179,19,9,-24,-19,-21
22.968750,51,2179,2179,19,9,-23,-19,-21
22.972656,51,2179,2179,20,9,-23,-19,-21
22.976562,51,2179,2179,20,9,-23,-19,-21
22.980469,51,2179,2179,20,9,-23,-19,-21
22.984375,51,2179,2179,21,9,-23,-19,-21
22.988281,52,2179,2179,21,9,-24,-19,-21
22.992188,52,2179,2179,21,9,-24,-19,-22
22.996094,51,2179,2179,21,9,-24,-19,-22
23.000000,51,2179,2179,21,9,-24,-19,-22
23.003906,51,2179,2179,21,10,-24,-19,-22
23.007812,51,2179,2179,21,9,-24,-19,-22
23.011719,51,2179,2179,21,10,-24,-19,-22
23.015625,51,2179,2179,21,10,-24,-19,-21
23.019531,51,2179,2179,21,10,-24,-19,-21
23.023438,51,2179,2179,21,9,-23,-19,-21
23.027344,51,2179,2179,21,9,-23,-19,-21
23.031250,51,2179,2179,21,9,-23,-18,-21
23.035156,51,2179,2179,21,9,-23,-18,-21
23.039062,52,2179,2179,21,9,-23,-19,-21
23.042969,52,2179,2179,20,9,-23,-19,-21
23.046875,51,2179,2179,20,9,-24,-19,-21
23.050781,52,2179,2179,21,9,-24,-19,-22
23.054688,52,2179,2179,21,9,-24,-19,-22
23.058594,52,2179,2179,21,9,-24,-19,-22
23.062500,51,2179,2179,21,10,-24,-19,-22
23.066406,51,2179,2179,21,10,-24,-19,-21
23.070312,51,2179,2179,21,10,-24,-19,-21
23.074219,52,2179,2179,21,10,-24,-19,-21
23.078125,52,2179,2179,21,10,-24,-19,-21
23.082031,52,2179,2179,21,10,-24,-19,-21
23.085938,52,2179,2179,21,10,-24,-19,-21
23.089844,52,2179,2179,21,9,-24,-19,-22
23.093750,52,2179,2179,21,9,-24,-19,-22
23.097656,52,2179,2179,21,9,-24,-19,-22
23.101562,52,2179,2179,21,10,-24,-19,-22
23.105469,52,2179,2179,22,10,-24,-19,-21
23.109375,52,2179,2179,22,10,-24,-19,-21
23.113281,52,2179,2179,23,10,-24,-19,-21
23.117188,52,2179,2179,24,10,-24,-19,-21
23.121094,52,2179,2179,24,10,-23,-18,-21
23.125000,53,2179,2179,24,9,-23,-18,-21
23.128906,53,2179,2179,25,9,-23,-18,-21
23.132812,53,2179,2179,25,9,-23,-18,-21
23.136719,53,2179,2179,26,9,-23,-18,-21
23.140625,53,2179,2179,26,9,-23,-19,-21
23.144531,53,2179,2179,26,9,-24,-19,-21
23.148438,53,2179,2179,28,9,-24,-19,-22
23.152344,53,2179,2179,29,9,-24,-19,-22
23.156250,54,2179,2179,29,9,-24,-19,-21
23.160156,54,2179,2179,30,9,-24,-19,-21
23.164062,54,2179,2179,32,9,-24,-19,-21
23.167969,54,2179,2179,33,9,-24,-19,-21
23.171875,54,2179,2179,35,9,-23,-19,-21
23.175781,54,2179,2179,35,9,-23,-19,-21
23.179688,53,2179,2179,37,9,-23,-19,-21
23.183594,53,2179,2179,38,10,-23,-19,-21
23.187500,53,2179,2179,39,10,-24,-19,-21
23.191406,53,2179,2179,40,10,-24,-19,-21
23.195312,53,2179,2179,41,10,-24,-20,-22
23.199219,52,2179,2179,42,10,-24,-20,-22
23.203125,53,2179,2179,43,10,-24,-19,-22
23.207031,53,2179,2179,44,9,-24,-19,-21
23.210938,53,2179,2179,45,9,-24,-19,-21
23.214844,53,2179,2179,46,9,-23,-18,-21
23.218750,53,2179,2179,48,9,-23,-18,-21
23.222656,53,2179,2179,49,10,-23,-18,-21
23.226562,53,2179,2179,51,9,-23,-18,-21
23.230469,53,2179,2179,52,9,-23,-18,-21
23.234375,53,2179,2179,53,10,-23,-18,-21
23.238281,53,2179,2179,54,10,-23,-18,-21
23.242188,53,2179,2179,55,10,-23,-19,-21
23.246094,53,2179,2179,56,10,-23,-19,-21
23.250000,53,2179,2179,57,10,-23,-19,-21
23.253906,53,2179,2179,57,10,-24,-19,-21
23.257812,54,2179,2179,58,10,-24,-19,-22
23.261719,54,2179,2179,59,10,-24,-19,-22
23.265625,53,2179,2179,61,10,-24,-20,-22
23.269531,53,2179,2179,62,10,-25,-20,-22
23.273438,53,2179,2179,63,10,-25,-20,-22
23.277344,53,2179,2179,65,10,-25,-20,-22
23.281250,53,2179,2179,67,10,-25,-20,-22
23.285156,53,2179,2179,68,11,-25,-20,-23
23.289062,53,2179,2179,70,10,-25,-20,-22
23.292969,53,2179,2179,71,10,-25,-20,-22
23.296875,53,2179,2179,71,10,-25,-20,-23
23.300781,53,2179,2179,72,10,-24,-20,-22
23.304688,53,2179,2179,73,10,-24,-20,-22
23.308594,53,2179,2179,73,10,-24,-20,-22
23.312500,53,2179,2179,74,10,-24,-20,-22
23.316406,53,2179,2179,75,10,-24,-19,-21
23.320312,53,2179,2179,77,10,-24,-19,-22
23.324219,54,2179,2179,78,10,-24,-19,-21
23.328125,54,2179,2179,80,9,-24,-19,-22
23.332031,54,2179,2179,83,10,-24,-19,-22
23.335938,54,2179,2179,84,9,-24,-19,-22
23.339844,54,2179,2179,86,9,-24,-20,-22
23.343750,54,2179,2179,88,9,-25,-20,-22
23.347656,54,2179,2179,89,9,-24,-20,-22
23.351562,54,2179,2179,91,10,-24,-20,-22
23.355469,54,2179,2179,92,10,-24,-19,-22
23.359375,54,2179,2179,93,9,-24,-19,-22
23.363281,54,2179,2179,94,9,-24,-19,-21
23.367188,55,2179,2179,96,9,-23,-19,-21
23.371094,55,2179,2179,97,10,-23,-19,-21
23.375000,55,2179,2179,98,9,-23,-19,-21
23.378906,55,2179,2179,98,9,-24,-19,-21
23.382812,54,2179,2179,99,10,-24,-19,-21
23.386719,54,2179,2179,98,10,-24,-19,-21
23.390625,54,2179,2179,97,9,-24,-19,-22
23.394531,54,2179,2179,97,9,-24,-19,-22
23.398438,54,2179,2179,99,10,-24,-19,-22
23.402344,54,2179,2179,100,10,-24,-19,-22
23.406250,54,2179,2179,103,9,-25,-20,-22
23.410156,54,2179,2179,105,9,-25,-20,-22
23.414062,54,2179,2179,108,9,-25,-20,-22
23.417969,53,2179,2179,110,10,-25,-20,-22
23.421875,53,2179,2179,111,10,-25,-20,-22
23.425781,53,2179,2179,110,9,-25,-20,-22
23.429688,53,2179,2179,109,9,-25,-20,-22
23.433594,53,2179,2179,108,9,-24,-20,-22
23.437500,54,2179,2179,107,9,-24,-20,-22
23.441406,54,2179,2179,107,9,-24,-19,-22
23.445312,54,2179,2179,108,9,-24,-19,-22
23.449219,53,2179,2179,109,9,-24,-20,-22
23.453125,53,2179,2179,112,10,-24,-19,-22
23.457031,54,2179,2179,113,9,-24,-19,-22
23.460938,54,2179,2179,115,10,-24,-19,-22
23.464844,54,2179,2179,117,10,-24,-19,-21
23.468750,54,2179,2179,117,10,-23,-19,-21
23.472656,54,2179,2179,117,10,-23,-19,-21
23.476562,54,2179,2179,117,9,-23,-18,-21
23.480469,54,2179,2179,117,9,-23,-18,-21
23.484375,54,2179,2179,117,10,-24,-19,-22
23.488281,54,2179,2179,118,10,-24,-19,-22
23.492188,54,2179,2179,119,10,-24,-19,-21
23.496094,53,2179,2179,121,10,-24,-19,-22
23.500000,54,2179,2179,123,10,-24,-19,-21
23.503906,53,2179,2179,125,11,-24,-19,-21
23.507812,54,2179,2179,126,10,-23,-18,-21
23.511719,54,2179,2179,127,10,-23,-18,-21
23.515625,53,2179,2179,127,10,-23,-18,-21
23.519531,53,2179,2179,126,10,-23,-18,-21
23.523438,53,2179,2179,126,10,-23,-18,-21
23.527344,54,2179,2179,126,9,-23,-18,-21
23.531250,53,2179,2179,127,10,-23,-18,-21
23.535156,53,2179,2179,128,10,-23,-18,-21
23.539062,53,2179,2179,129,10,-23,-18,-21
23.542969,53,2179,2179,130,10,-23,-19,-21
23.546875,53,2179,2179,130,10,-24,-19,-21
23.550781,53,2179,2179,131,10,-23,-19,-22
23.554688,54,2179,2179,131,10,-23,-19,-21
23.558594,54,2179,2179,130,10,-23,-19,-21
23.562500,54,2179,2179,130,10,-23,-19,-21
23.566406,54,2179,2179,130,10,-23,-19,-21
23.570312,54,2179,2179,130,10,-23,-19,-21
23.574219,54,2179,2179,130,9,-24,-18,-21
23.578125,54,2179,2179,131,9,-24,-19,-22
23.582031,54,2179,2179,132,10,-24,-19,-22
23.585938,54,2179,2179,133,10,-24,-20,-22
23.589844,54,2179,2179,133,9,-25,-20,-22
23.593750,54,2179,2179,134,10,-24,-20,-22
23.597656,53,2179,2179,134,9,-24,-20,-22
23.601562,53,2179,2179,134,10,-24,-19,-21
23.605469,53,2179,2179,134,9,-24,-19,-21
23.609375,53,2179,2179,133,9,-23,-19,-21
23.613281,53,2179,2179,133,9,-23,-19,-21
23.617188,52,2179,2179,134,9,-24,-19,-21
23.621094,52,2179,2179,134,9,-24,-19,-21
23.625000,52,2179,2179,134,9,-24,-19,-21
23.628906,52,2179,2179,134,9,-24,-19,-22
23.632812,52,2179,2179,135,10,-24,-19,-22
23.636719,52,2179,2179,136,10,-24,-19,-21
23.640625,52,2179,2179,135,10,-23,-19,-21
23.644531,52,2179,2179,135,9,-23,-18,-21
23.648438,52,2179,2179,136,10,-23,-18,-21
23.652344,52,2179,2179,136,10,-23,-18,-21
23.656250,52,2179,2179,136,10,-23,-18,-21
23.660156,52,2179,2179,137,10,-23,-19,-21
23.664062,52,2179,2179,137,10,-24,-19,-21
23.667969,52,2179,2179,138,10,-24,-19,-22
23.671875,52,2179,2179,138,10,-24,-19,-22
23.675781,52,2179,2179,138,10,-23,-19,-21
23.679688,52,2179,2179,138,9,-23,-18,-21
23.683594,52,2179,2179,139,10,-23,-18,-21
23.687500,53,2179,2179,138,10,-23,-18,-21
23.691406,53,2179,2179,138,9,-23,-18,-20
23.695312,53,2179,2179,138,9,-23,-18,-21
23.699219,53,2179,2179,138,10,-23,-19,-21
23.703125,53,2179,2179,139,10,-23,-18,-21
23.707031,53,2179,2179,138,10,-24,-19,-21
23.710938,53,2179,2179,139,10,-24,-19,-21
23.714844,53,2179,2179,140,10,-24,-19,-21
23.718750,52,2179,2179,140,10,-24,-19,-22
23.722656,53,2179,2179,140,10,-24,-19,-21
23.726562,53,2179,2179,140,10,-24,-19,-22
23.730469,53,2179,2179,141,10,-24,-19,-22
23.734375,53,2179,2179,141,10,-24,-19,-22
23.738281,54,2179,2179,141,10,-24,-19,-22
23.742188,54,2179,2179,141,9,-24,-19,-22
23.746094,54,2179,2179,141,9,-24,-19,-21
23.750000,54,2179,2179,142,9,-24,-19,-21
23.753906,54,2179,2179,142,9,-23,-18,-21
23.757812,54,2179,2179,142,9,-23,-18,-21
23.761719,54,2179,2179,142,9,-23,-18,-21
23.765625,53,2179,2179,143,9,-23,-18,-21
23.769531,53,2179,2179,143,9,-23,-18,-21
23.773438,53,2179,2179,143,9,-23,-18,-21
23.777344,53,2179,2179,143,9,-23,-18,-21
23.781250,53,2179,2179,143,9,-23,-18,-21
23.785156,53,2179,2179,143,9,-23,-19,-21
23.789062,53,2179,2179,143,10,-24,-19,-21
23.792969,53,2179,2179,143,9,-24,-19,-21
23.796875,52,2179,2179,142,10,-24,-19,-22
23.800781,52,2179,2179,143,10,-24,-20,-22
23.804688,53,2179,2179,143,10,-24,-20,-22
23.808594,53,2179,2179,142,10,-24,-19,-22
23.812500,53,2179,2179,143,9,-24,-19,-22
23.816406,53,2179,2179,143,10,-24,-19,-21
23.820312,53,2179,2179,143,10,-24,-19,-21
23.824219,53,2179,2179,143,9,-23,-18,-21
23.828125,52,2179,2179,143,9,-23,-18,-21
23.832031,52,2179,2179,144,10,-23,-18,-21
23.835938,51,2179,2179,144,10,-23,-18,-21
23.839844,52,2179,2179,144,10,-23,-18,-21
23.843750,51,2179,2179,145,10,-23,-19,-21
23.847656,51,2179,2179,145,10,-24,-19,-21
23.851562,52,2179,2179,146,10,-24,-19,-22
23.855469,52,2179,2179,146,10,-24,-19,-22
23.859375,52,2179,2179,145,9,-24,-19,-21
23.863281,52,2179,2179,145,10,-24,-18,-21
23.867188,52,2179,2179,145,10,-23,-18,-21
23.871094,52,2179,2179,145,10,-23,-18,-21
23.875000,52,2179,2179,144,9,-23,-18,-21
23.878906,52,2179,2179,145,9,-23,-18,-21
23.882812,51,2179,2179,146,10,-23,-18,-21
23.886719,52,2179,2179,146,10,-23,-18,-21
23.890625,52,2179,2179,146,10,-23,-19,-21
23.894531,52,2179,2179,147,10,-24,-19,-21
23.898438,51,2179,2179,147,10,-24,-19,-22
23.902344,52,2179,2179,147,10,-24,-19,-22
23.906250,52,2179,2179,146,10,-24,-19,-22
23.910156,52,2179,2179,146,9,-24,-19,-22
23.914062,52,2179,2179,146,9,-24,-19,-22
23.917969,52,2179,2179,146,9,-24,-19,-22
23.921875,52,2179,2179,146,9,-24,-19,-21
23.925781,52,2179,2179,145,9,-23,-19,-21
23.929688,52,2179,2179,146,9,-23,-19,-21
23.933594,52,2179,2179,146,9,-23,-19,-21
23.937500,52,2179,2179,146,9,-23,-19,-21
23.941406,52,2179,2179,147,9,-24,-19,-21
23.945312,52,2179,2179,147,9,-24,-19,-22
23.949219,52,2179,2179,147,10,-24,-20,-22
23.953125,52,2179,2179,148,10,-24,-19,-22
23.957031,53,2179,2179,148,9,-24,-20,-22
23.960938,53,2179,2179,148,9,-24,-19,-22
23.964844,53,2179,2179,148,10,-24,-19,-22
23.968750,53,2179,2179,148,10,-24,-19,-22
23.972656,53,2179,2179,147,10,-24,-19,-22
23.976562,53,2179,2179,146,9,-24,-19,-22
23.980469,53,2179,2179,146,9,-24,-19,-22
23.984375,53,2179,2179,146,9,-24,-19,-22
23.988281,53,2179,2179,146,9,-24,-19,-22
23.992188,53,2179,2179,146,9,-24,-19,-22
23.996094,53,2179,2179,146,9,-24,-19,-22
24.000000,52,2179,2179,146,9,-23,-19,-22
24.003906,52,2179,2179,147,9,-23,-18,-22
24.007812,52,2179,2179,146,9,-23,-18,-22
24.011719,52,2179,2179,147,9,-24,-19,-22
24.015625,52,2179,2179,147,10,-24,-19,-22
24.019531,52,2179,2179,147,10,-24,-19,-22
24.023438,52,2179,2179,146,9,-24,-19,-22
24.027344,52,2179,2179,146,9,-24,-19,-21
24.031250,51,2179,2179,147,10,-24,-19,-22
24.035156,51,2179,2179,147,10,-24,-19,-22
24.039062,51,2179,2179,148,10,-24,-19,-22
24.042969,51,2179,2179,149,10,-24,-19,-22
24.046875,51,2179,2179,150,10,-24,-19,-22
24.050781,51,2179,2179,151,10,-24,-19,-22
24.054688,51,2179,2179,151,10,-24,-19,-22
24.058594,51,2179,2179,151,10,-24,-19,-22
24.062500,51,2179,2179,151,10,-24,-19,-22
24.066406,51,2179,2179,151,10,-24,-19,-22
24.070312,51,2179,2179,150,10,-24,-19,-22
24.074219,52,2179,2179,150,10,-24,-19,-22
24.078125,52,2179,2179,150,10,-24,-19,-22
24.082031,51,2179,2179,150,10,-24,-19,-22
24.085938,51,2179,2179,150,10,-24,-19,-22
24.089844,52,2179,2179,150,10,-24,-19,-22
24.093750,52,2179,2179,150,10,-24,-19,-21
24.097656,52,2179,2179,150,9,-24,-19,-22
24.101562,52,2179,2179,150,10,-24,-19,-22
24.105469,52,2179,2179,150,10,-24,-19,-22
24.109375,52,2179,2179,150,9,-24,-19,-22
24.113281,52,2179,2179,150,10,-24,-19,-22
24.117188,52,2179,2179,150,10,-24,-19,-22
24.121094,52,2179,2179,150,10,-24,-19,-22
24.125000,52,2179,2179,150,9,-24,-19,-22
24.128906,52,2179,2179,150,9,-24,-19,-21
24.132812,51,2179,2179,150,10,-24,-19,-21
24.136719,51,2179,2179,150,10,-24,-19,-21
24.140625,51,2179,2179,150,10,-24,-19,-21
24.144531,51,2179,2179,150,10,-24,-19,-21
24.148438,50,2179,2179,150,10,-24,-19,-21
24.152344,50,2179,2179,150,10,-24,-19,-22
24.156250,50,2179,2179,150,10,-24,-19,-22
24.160156,50,2179,2179,150,10,-24,-19,-22
24.164062,50,2179,2179,150,9,-24,-19,-22
24.167969,50,2179,2179,150,9,-24,-19,-22
24.171875,50,2179,2179,150,9,-24,-19,-21
24.175781,50,2179,2179,150,9,-23,-19,-21
24.179688,50,2179,2179,151,9,-23,-19,-22
24.183594,50,2179,2179,151,9,-23,-19,-22
24.187500,50,2179,2179,151,9,-23,-19,-22
24.191406,50,2179,2179,151,9,-24,-19,-22
24.195312,50,2179,2179,151,9,-24,-19,-22
24.199219,50,2179,2179,151,9,-24,-19,-22
24.203125,50,2179,2179,150,9,-24,-19,-22
24.207031,50,2179,2179,149,9,-24,-19,-22
24.210938,50,2179,2179,149,9,-24,-19,-22
24.214844,50,2179,2179,150,9,-23,-18,-21
24.218750,50,2179,2179,150,9,-23,-18,-21
24.222656,50,2179,2179,151,10,-23,-18,-21
24.226562,50,2179,2179,151,10,-24,-19,-21
24.230469,49,2179,2179,152,10,-24,-19,-22
24.234375,49,2179,2179,152,10,-24,-19,-22
24.238281,49,2179,2179,152,10,-24,-19,-22
24.242188,49,2179,2179,151,10,-24,-19,-21
24.246094,49,2179,2179,151,10,-24,-19,-21
24.250000,49,2179,2179,152,10,-23,-19,-21
24.253906,48,2179,2179,152,10,-23,-18,-21
24.257812,48,2179,2179,152,10,-23,-18,-21
24.261719,48,2179,2179,152,10,-23,-18,-21
24.265625,48,2179,2179,153,11,-23,-18,-21
24.269531,48,2179,2179,153,11,-23,-19,-21
24.273438,48,2179,2179,153,10,-23,-19,-21
24.277344,49,2179,2179,152,10,-23,-18,-21
24.281250,48,2179,2179,152,10,-23,-18,-21
24.285156,49,2179,2179,151,10,-23,-18,-21
24.289062,49,2179,2179,151,10,-23,-18,-21
24.292969,49,2179,2179,151,10,-23,-18,-21
24.296875,49,2179,2179,151,9,-23,-18,-21
24.300781,49,2179,2179,152,10,-23,-18,-21
24.304688,50,2179,2179,152,10,-23,-18,-21
24.308594,50,2179,2179,152,9,-23,-18,-21
24.312500,49,2179,2179,152,10,-23,-19,-21
24.316406,49,2179,2179,152,10,-24,-19,-21
24.320312,49,2179,2179,152,10,-24,-19,-22
24.324219,49,2179,2179,152,9,-24,-19,-22
24.328125,49,2179,2179,151,9,-24,-19,-22
24.332031,49,2179,2179,152,10,-24,-19,-22
24.335938,49,2179,2179,152,9,-24,-20,-22
24.339844,49,2179,2179,152,9,-25,-20,-22
24.343750,49,2179,2179,152,9,-25,-20,-22
24.347656,49,2179,2179,153,9,-25,-20,-22
24.351562,48,2179,2179,153,9,-24,-20,-22
24.355469,48,2179,2179,154,9,-24,-19,-22
24.359375,48,2179,2179,154,9,-24,-19,-22
24.363281,47,2179,2179,154,9,-24,-19,-22
24.367188,47,2179,2179,154,10,-24,-19,-22
24.371094,47,2179,2179,154,10,-24,-19,-22
24.375000,47,2179,2179,154,10,-24,-19,-22
24.378906,48,2179,2179,154,10,-25,-20,-22
24.382812,47,2179,2179,154,10,-25,-20,-22
24.386719,47,2179,2179,154,10,-25,-20,-23
24.390625,48,2179,2179,154,10,-25,-20,-23
24.394531,48,2179,2179,153,10,-25,-20,-23
24.398438,47,2179,2179,153,10,-25,-20,-22
24.402344,47,2179,2179,153,10,-24,-20,-22
24.406250,48,2179,2179,153,10,-24,-20,-22
24.410156,48,2179,2179,153,10,-24,-20,-22
24.414062,47,2179,2179,154,10,-24,-20,-22
24.417969,47,2179,2179,154,10,-24,-19,-22
24.421875,47,2179,2179,155,10,-24,-20,-22
24.425781,47,2179,2179,155,10,-24,-20,-22
24.429688,47,2179,2179,155,10,-24,-20,-22
24.433594,47,2179,2179,155,10,-24,-20,-22
24.437500,48,2179,2179,155,10,-24,-20,-22
24.441406,48,2179,2179,154,10,-24,-19,-22
24.445312,47,2179,2179,154,9,-24,-19,-22
24.449219,47,2179,2179,154,10,-24,-19,-22
24.453125,47,2179,2179,155,10,-24,-19,-22
24.457031,47,2179,2179,155,9,-24,-19,-21
24.460938,47,2179,2179,155,9,-23,-18,-21
24.464844,47,2179,2179,155,10,-23,-18,-21
24.468750,47,2179,2179,155,10,-23,-18,-21
24.472656,47,2179,2179,154,10,-23,-18,-21
24.476562,47,2179,2179,154,9,-23,-18,-21
24.480469,47,2179,2179,154,9,-23,-18,-21
24.484375,47,2179,2179,155,10,-23,-18,-21
24.488281,47,2179,2179,155,10,-23,-19,-21
24.492188,47,2179,2179,155,10,-24,-19,-21
24.496094,47,2179,2179,156,10,-24,-19,-22
24.500000,47,2179,2179,156,10,-24,-19,-22
24.503906,47,2179,2179,156,10,-24,-19,-22
24.507812,48,2179,2179,155,9,-24,-19,-22
24.511719,48,2179,2179,155,9,-24,-19,-22
24.515625,48,2179,2179,155,9,-24,-19,-21
24.519531,48,2179,2179,154,9,-23,-18,-21
24.523438,48,2179,2179,154,9,-23,-19,-21
24.527344,48,2179,2179,155,9,-23,-18,-21
24.531250,47,2179,2179,155,9,-23,-19,-21
24.535156,47,2179,2179,156,10,-24,-19,-21
24.539062,48,2179,2179,156,10,-24,-19,-22
24.542969,47,2179,2179,156,9,-24,-19,-22
24.546875,47,2179,2179,156,9,-24,-19,-22
24.550781,47,2179,2179,157,10,-24,-19,-22
24.554688,47,2179,2179,157,10,-24,-20,-22
24.558594,47,2179,2179,157,9,-25,-20,-22
24.562500,46,2179,2179,157,10,-24,-20,-22
24.566406,46,2179,2179,158,10,-24,-20,-22
24.570312,46,2179,2179,158,10,-24,-20,-22
24.574219,47,2179,2179,157,9,-24,-19,-22
24.578125,46,2179,2179,157,9,-24,-19,-22
24.582031,46,2179,2179,157,10,-24,-19,-22
24.585938,46,2179,2179,157,9,-23,-19,-21
24.589844,47,2179,2179,156,9,-23,-19,-21
24.593750,46,2179,2179,156,9,-23,-18,-21
24.597656,46,2179,2179,157,9,-23,-18,-21
24.601562,46,2179,2179,157,9,-23,-18,-21
24.605469,46,2179,2179,157,9,-23,-18,-21
24.609375,47,2179,2179,156,8,-23,-18,-21
24.613281,46,2179,2179,156,8,-23,-18,-21
24.617188,47,2179,2179,156,8,-23,-19,-21
24.621094,47,2179,2179,156,9,-24,-19,-22
24.625000,46,2179,2179,155,8,-24,-19,-22
24.628906,46,2179,2179,155,9,-24,-19,-22
24.632812,45,2179,2179,156,9,-24,-19,-21
24.636719,45,2179,2179,157,10,-24,-19,-22
24.640625,45,2179,2179,157,10,-24,-19,-22
24.644531,45,2179,2179,158,10,-24,-19,-21
24.648438,44,2179,2179,159,10,-24,-19,-21
24.652344,44,2179,2179,159,10,-24,-19,-21
24.656250,44,2179,2179,159,10,-24,-19,-21
24.660156,44,2179,2179,159,10,-24,-19,-21
24.664062,44,2179,2179,159,10,-24,-19,-21
24.667969,44,2179,2179,159,10,-24,-19,-21
24.671875,44,2179,2179,159,10,-24,-19,-22
24.675781,44,2179,2179,158,10,-24,-19,-22
24.679688,44,2179,2179,158,10,-24,-19,-22
24.683594,44,2179,2179,158,10,-24,-19,-22
24.687500,45,2179,2179,158,10,-24,-19,-21
24.691406,45,2179,2179,158,10,-24,-19,-21
24.695312,45,2179,2179,158,10,-24,-19,-21
24.699219,45,2179,2179,158,10,-23,-19,-21
24.703125,45,2179,2179,158,10,-24,-18,-21
24.707031,46,2179,2179,158,10,-23,-19,-21
24.710938,45,2179,2179,158,10,-24,-19,-21
24.714844,45,2179,2179,159,10,-24,-19,-22
24.718750,45,2179,2179,158,10,-24,-19,-22
24.722656,46,2179,2179,158,10,-24,-19,-22
24.726562,46,2179,2179,157,9,-24,-19,-21
24.730469,46,2179,2179,157,9,-24,-19,-21
24.734375,46,2179,2179,158,9,-24,-19,-21
24.738281,46,2179,2179,158,9,-24,-19,-22
24.742188,46,2179,2179,158,9,-24,-19,-22
24.746094,45,2179,2179,158,9,-24,-19,-22
24.750000,45,2179,2179,158,10,-24,-20,-22
24.753906,45,2179,2179,158,10,-24,-20,-22
24.757812,46,2179,2179,157,9,-24,-19,-22
24.761719,45,2179,2179,157,9,-24,-19,-22
24.765625,45,2179,2179,157,9,-24,-19,-21
24.769531,45,2179,2179,157,9,-23,-19,-21
24.773438,45,2179,2179,157,9,-23,-18,-21
24.777344,45,2179,2179,157,9,-23,-19,-21
24.781250,44,2179,2179,158,9,-24,-19,-21
24.785156,44,2179,2179,158,9,-23,-19,-21
24.789062,45,2179,2179,159,9,-24,-19,-21
24.792969,45,2179,2179,159,9,-24,-19,-21
24.796875,44,2179,2179,159,9,-24,-19,-21
24.800781,44,2179,2179,159,9,-24,-19,-21
24.804688,44,2179,2179,159,9,-23,-19,-21
24.808594,44,2179,2179,159,9,-24,-18,-21
24.812500,44,2179,2179,159,9,-23,-18,-21
24.816406,43,2179,2179,159,9,-23,-19,-21
24.820312,43,2179,2179,160,9,-23,-19,-21
24.824219,44,2179,2179,159,9,-23,-18,-21
24.828125,44,2179,2179,160,9,-24,-19,-21
24.832031,43,2179,2179,160,10,-24,-19,-22
24.835938,43,2179,2179,160,10,-24,-19,-22
24.839844,44,2179,2179,159,10,-24,-19,-22
24.843750,44,2179,2179,159,10,-24,-20,-22
24.847656,43,2179,2179,159,10,-24,-19,-22
24.851562,43,2179,2179,159,10,-24,-20,-22
24.855469,43,2179,2179,159,10,-24,-19,-22
24.859375,43,2179,2179,159,10,-24,-19,-22
24.863281,43,2179,2179,159,10,-24,-19,-21
24.867188,43,2179,2179,159,10,-24,-18,-21
24.871094,43,2179,2179,159,10,-23,-18,-21
24.875000,42,2179,2179,159,10,-23,-18,-21
24.878906,42,2179,2179,159,10,-24,-19,-21
24.882812,42,2179,2179,160,10,-24,-19,-21
24.886719,42,2179,2179,160,10,-24,-19,-22
24.890625,43,2179,2179,160,10,-24,-19,-22
24.894531,43,2179,2179,160,9,-24,-19,-22
24.898438,43,2179,2179,160,10,-24,-19,-22
24.902344,43,2179,2179,160,10,-24,-19,-22
24.906250,44,2179,2179,159,9,-24,-18,-22
24.910156,44,2179,2179,159,9,-23,-18,-21
24.914062,43,2179,2179,159,9,-23,-18,-21
24.917969,43,2179,2179,160,10,-23,-18,-21
24.921875,43,2179,2179,160,10,-23,-18,-21
24.925781,43,2179,2179,160,9,-23,-18,-21
24.929688,43,2179,2179,159,9,-24,-19,-21
24.933594,43,2179,2179,160,10,-24,-19,-22
24.937500,43,2179,2179,159,10,-24,-19,-22
24.941406,43,2179,2179,160,10,-24,-19,-22
24.945312,43,2179,2179,160,10,-24,-19,-22
24.949219,43,2179,2179,161,10,-24,-19,-22
24.953125,43,2179,2179,161,10,-24,-19,-22
24.957031,43,2179,2179,161,10,-24,-19,-22
24.960938,42,2179,2179,161,10,-24,-19,-22
24.964844,42,2179,2179,162,11,-24,-20,-22
24.968750,42,2179,2179,161,11,-25,-20,-22
24.972656,42,2179,2179,160,11,-25,-20,-22
24.976562,42,2179,2179,160,10,-25,-20,-22
24.980469,41,2179,2179,160,10,-25,-20,-22
24.984375,41,2179,2179,160,10,-25,-20,-22
24.988281,42,2179,2179,160,10,-24,-20,-22
24.992188,42,2179,2179,160,10,-24,-20,-22
24.996094,42,2179,2179,160,9,-24,-19,-22
25.000000,42,2179,2179,160,10,-24,-20,-22
25.003906,42,2179,2179,160,10,-24,-19,-22
25.007812,43,2179,2179,160,9,-24,-19,-22
25.011719,43,2179,2179,160,9,-24,-19,-22
25.015625,43,2179,2179,160,9,-24,-19,-22
25.019531,43,2179,2179,160,9,-24,-19,-22
25.023438,43,2179,2179,159,9,-24,-19,-22
25.027344,43,2179,2179,159,9,-24,-19,-21
25.031250,43,2179,2179,160,9,-24,-19,-21
25.035156,43,2179,2179,160,10,-24,-19,-22
25.039062,43,2179,2179,160,9,-24,-19,-22
25.042969,43,2179,2179,160,9,-24,-19,-22
25.046875,43,2179,2179,160,9,-24,-19,-22
25.050781,43,2179,2179,160,10,-24,-19,-22
25.054688,43,2179,2179,160,10,-24,-19,-22
25.058594,43,2179,2179,159,9,-24,-20,-22
25.062500,43,2179,2179,160,9,-24,-19,-22
25.066406,43,2179,2179,160,9,-24,-19,-21
25.070312,43,2179,2179,161,10,-24,-19,-21
25.074219,43,2179,2179,161,9,-23,-18,-21
25.078125,43,2179,2179,161,9,-23,-19,-21
25.082031,42,2179,2179,162,10,-23,-18,-21
25.085938,42,2179,2179,163,10,-23,-19,-22
25.089844,42,2179,2179,162,10,-24,-19,-22
25.093750,42,2179,2179,162,10,-24,-19,-22
25.097656,42,2179,2179,162,10,-24,-19,-22
25.101562,42,2179,2179,162,10,-24,-19,-21
25.105469,42,2179,2179,162,10,-24,-19,-21
25.109375,42,2179,2179,161,10,-24,-18,-21
25.113281,41,2179,2179,161,10,-24,-19,-21
25.117188,41,2179,2179,162,10,-24,-19,-21
25.121094,41,2179,2179,161,10,-24,-19,-22
25.125000,41,2179,2179,161,10,-24,-19,-21
25.128906,41,2179,2179,160,10,-24,-20,-22
25.132812,41,2179,2179,160,10,-24,-20,-22
25.136719,42,2179,2179,160,10,-24,-20,-22
25.140625,42,2179,2179,160,9,-24,-19,-22
25.144531,42,2179,2179,160,9,-24,-19,-22
25.148438,42,2179,2179,160,9,-24,-19,-21
25.152344,41,2179,2179,161,9,-24,-19,-21
25.156250,41,2179,2179,161,9,-24,-19,-21
25.160156,41,2179,2179,161,9,-24,-19,-21
25.164062,41,2179,2179,162,9,-24,-19,-21
25.167969,40,2179,2179,162,10,-24,-19,-22
25.171875,40,2179,2179,162,10,-24,-20,-22
25.175781,40,2179,2179,161,9,-24,-20,-22
25.179688,40,2179,2179,160,9,-25,-20,-22
25.183594,40,2179,2179,160,10,-25,-20,-22
25.187500,40,2179,2179,160,10,-25,-20,-22
25.191406,39,2179,2179,160,10,-25,-20,-22
25.195312,39,2179,2179,160,10,-25,-20,-22
25.199219,39,2179,2179,160,10,-25,-20,-22
25.203125,39,2179,2179,160,10,-24,-20,-22
25.207031,40,2179,2179,160,10,-24,-20,-22
25.210938,40,2179,2179,160,10,-24,-20,-22
25.214844,39,2179,2179,161,10,-24,-20,-22
25.218750,39,2179,2179,161,10,-24,-20,-22
25.222656,39,2179,2179,161,11,-24,-19,-22
25.226562,39,2179,2179,161,10,-24,-19,-21
25.230469,39,2179,2179,161,10,-24,-19,-22
25.234375,39,2179,2179,162,10,-24,-19,-21
25.238281,39,2179,2179,162,10,-24,-19,-22
25.242188,39,2179,2179,162,10,-24,-19,-22
25.246094,39,2179,2179,163,10,-24,-19,-22
25.250000,39,2179,2179,163,10,-25,-20,-22
25.253906,39,2179,2179,163,10,-25,-20,-22
25.257812,40,2179,2179,162,10,-25,-20,-23
25.261719,40,2179,2179,161,10,-25,-20,-23
25.265625,39,2179,2179,161,10,-25,-20,-23
25.269531,39,2179,2179,161,10,-25,-20,-23
25.273438,39,2179,2179,161,10,-25,-20,-23
25.277344,39,2179,2179,161,10,-25,-20,-22
25.281250,39,2179,2179,162,10,-25,-20,-22
25.285156,39,2179,2179,162,11,-25,-20,-22
25.289062,39,2179,2179,163,11,-25,-20,-22
25.292969,39,2179,2179,163,10,-25,-20,-22
25.296875,39,2179,2179,163,10,-25,-20,-22
25.300781,39,2179,2179,163,10,-24,-20,-22
25.304688,39,2179,2179,163,10,-24,-20,-22
25.308594,39,2179,2179,162,10,-24,-19,-22
25.312500,39,2179,2179,162,10,-24,-19,-22
25.316406,39,2179,2179,162,10,-24,-19,-21
25.320312,38,2179,2179,162,10,-23,-19,-21
25.324219,38,2179,2179,162,10,-23,-18,-21
25.328125,38,2179,2179,162,10,-23,-19,-21
25.332031,38,2179,2179,163,10,-24,-19,-21
25.335938,38,2179,2179,162,10,-23,-19,-21
25.339844,38,2179,2179,162,10,-23,-19,-21
25.343750,38,2179,2179,162,9,-23,-19,-21
25.347656,38,2179,2179,162,9,-23,-19,-21
25.351562,38,2179,2179,162,9,-23,-19,-21
25.355469,38,2179,2179,161,9,-23,-18,-21
25.359375,38,2179,2179,161,9,-23,-18,-21
25.363281,38,2179,2179,161,9,-23,-18,-21
25.367188,38,2179,2179,162,10,-23,-19,-21
25.371094,38,2179,2179,162,10,-23,-19,-21
25.375000,38,2179,2179,162,9,-23,-19,-21
25.378906,38,2179,2179,162,9,-23,-19,-21
25.382812,37,2179,2179,162,10,-23,-19,-21
25.386719,37,2179,2179,162,9,-23,-19,-21
25.390625,37,2179,2179,162,9,-23,-19,-21
25.394531,37,2179,2179,162,9,-23,-19,-21
25.398438,37,2179,2179,162,10,-23,-18,-21
25.402344,37,2179,2179,162,10,-23,-18,-21
25.406250,37,2179,2179,162,10,-23,-18,-21
25.410156,37,2179,2179,161,10,-23,-18,-21
25.414062,36,2179,2179,161,10,-23,-18,-21
25.417969,36,2179,2179,161,10,-23,-18,-21
25.421875,36,2179,2179,161,10,-23,-18,-21
25.425781,36,2179,2179,161,9,-23,-18,-21
25.429688,36,2179,2179,160,9,-23,-18,-21
25.433594,36,2179,2179,161,10,-23,-18,-21
25.437500,36,2179,2179,161,10,-23,-19,-21
25.441406,36,2179,2179,161,9,-24,-19,-21
25.445312,36,2179,2179,161,9,-24,-19,-22
25.449219,36,2179,2179,162,9,-24,-19,-22
25.453125,36,2179,2179,162,10,-24,-19,-22
25.457031,36,2179,2179,162,10,-24,-19,-22
25.460938,36,2179,2179,162,10,-24,-20,-22
25.464844,36,2179,2179,163,10,-24,-20,-22
25.468750,36,2179,2179,163,10,-24,-20,-22
25.472656,36,2179,2179,162,11,-25,-20,-22
25.476562,36,2179,2179,162,10,-25,-20,-22
25.480469,35,2179,2179,162,10,-25,-19,-22
25.484375,35,2179,2179,163,11,-24,-19,-22
25.488281,36,2179,2179,163,11,-24,-19,-21
25.492188,35,2179,2179,163,10,-24,-19,-21
25.496094,35,2179,2179,162,10,-24,-19,-21
25.500000,34,2179,2179,163,11,-23,-19,-21
25.503906,34,2179,2179,163,11,-23,-19,-21
25.507812,35,2179,2179,162,10,-23,-18,-21
25.511719,35,2179,2179,162,10,-23,-19,-21
25.515625,35,2179,2179,162,10,-23,-19,-21
25.519531,35,2179,2179,162,10,-24,-19,-21
25.523438,36,2179,2179,162,9,-24,-19,-21
25.527344,36,2179,2179,162,9,-24,-19,-21
25.531250,35,2179,2179,162,9,-24,-19,-21
25.535156,35,2179,2179,162,10,-24,-19,-21
25.539062,36,2179,2179,162,10,-24,-19,-21
25.542969,36,2179,2179,161,9,-24,-19,-21
25.546875,35,2179,2179,161,9,-24,-19,-21
25.550781,36,2179,2179,161,9,-23,-19,-21
25.554688,36,2179,2179,161,9,-23,-19,-21
25.558594,36,2179,2179,160,9,-23,-18,-21
25.562500,35,2179,2179,160,9,-23,-18,-21
25.566406,35,2179,2179,161,9,-23,-18,-21
25.570312,35,2179,2179,161,9,-23,-18,-21
25.574219,35,2179,2179,161,9,-23,-17,-21
25.578125,35,2179,2179,161,9,-23,-18,-21
25.582031,34,2179,2179,162,10,-23,-18,-21
25.585938,34,2179,2179,162,10,-23,-18,-21
25.589844,34,2179,2179,162,9,-23,-18,-21
25.593750,34,2179,2179,162,9,-23,-18,-21
25.597656,33,2179,2179,162,9,-23,-18,-21
25.601562,33,2179,2179,162,10,-23,-18,-21
25.605469,33,2179,2179,162,10,-23,-19,-21
25.609375,33,2179,2179,161,9,-23,-19,-21
25.613281,32,2179,2179,162,10,-23,-19,-21
25.617188,32,2179,2179,162,10,-23,-19,-21
25.621094,32,2179,2179,162,10,-24,-19,-21
25.625000,32,2179,2179,162,10,-24,-19,-22
25.628906,32,2179,2179,162,10,-24,-20,-22
25.632812,31,2179,2179,162,10,-24,-20,-22
25.636719,31,2179,2179,162,10,-24,-20,-22
25.640625,32,2179,2179,160,10,-24,-20,-22
25.644531,31,2179,2179,157,9,-24,-19,-22
25.648438,31,2179,2179,152,9,-24,-19,-22
25.652344,31,2179,2179,145,10,-23,-19,-21
25.656250,31,2179,2179,135,9,-23,-18,-21
25.660156,31,2179,2179,125,9,-23,-18,-21
25.664062,30,2179,2179,115,9,-23,-18,-21
25.667969,29,2179,2179,108,10,-23,-18,-21
25.671875,30,2179,2179,104,10,-23,-18,-21
25.675781,30,2179,2179,102,10,-23,-18,-21
25.679688,29,2179,2179,102,10,-23,-18,-21
25.683594,29,2179,2179,102,10,-23,-19,-21
25.687500,30,2179,2179,99,10,-23,-19,-21
25.691406,30,2179,2179,93,10,-24,-19,-21
25.695312,30,2179,2179,84,10,-24,-19,-21
25.699219,30,2179,2179,72,10,-24,-19,-21
25.703125,30,2179,2179,60,10,-24,-19,-22
25.707031,30,2179,2179,48,10,-24,-19,-22
25.710938,30,2179,2179,39,10,-24,-19,-22
25.714844,30,2179,2179,33,10,-24,-19,-22
25.718750,30,2179,2179,31,10,-24,-19,-22
25.722656,31,2179,2179,29,10,-24,-19,-22
25.726562,31,2179,2179,29,10,-24,-19,-22
25.730469,31,2179,2179,30,9,-24,-19,-22
25.734375,31,2179,2179,30,10,-23,-18,-21
25.738281,31,2179,2179,29,10,-23,-18,-21
25.742188,32,2179,2179,27,9,-23,-18,-21
25.746094,31,2179,2179,25,9,-23,-18,-21
25.750000,31,2179,2179,24,9,-23,-19,-21
25.753906,32,2179,2179,23,10,-24,-19,-22
25.757812,32,2179,2179,23,9,-24,-19,-22
25.761719,32,2179,2179,23,9,-24,-19,-22
25.765625,32,2179,2179,23,9,-24,-19,-22
25.769531,32,2179,2179,23,9,-24,-19,-22
25.773438,32,2179,2179,23,8,-24,-19,-22
25.777344,32,2179,2179,23,8,-24,-19,-22
25.781250,31,2179,2179,22,8,-24,-19,-22
25.785156,30,2179,2179,22,9,-24,-19,-22
25.789062,31,2179,2179,21,9,-24,-19,-22
25.792969,30,2179,2179,21,9,-24,-19,-22
25.796875,29,2179,2179,20,9,-24,-20,-22
25.800781,28,2179,2179,21,10,-24,-20,-22
25.804688,28,2179,2179,20,10,-24,-20,-22
25.808594,28,2179,2179,20,10,-24,-20,-22
25.812500,27,2179,2179,20,10,-24,-19,-22
25.816406,26,2179,2179,20,10,-24,-19,-22
25.820312,26,2179,2179,20,10,-24,-19,-21
25.824219,26,2179,2179,19,10,-24,-18,-22
25.828125,26,2179,2179,19,10,-24,-19,-22
25.832031,26,2179,2179,20,10,-24,-19,-22
25.835938,26,2179,2179,20,10,-24,-19,-22
25.839844,26,2179,2179,19,10,-24,-19,-22
25.843750,26,2179,2179,19,10,-24,-19,-22
25.847656,26,2179,2179,20,10,-24,-19,-22
25.851562,26,2179,2179,20,10,-24,-19,-21
25.855469,26,2179,2179,20,10,-24,-19,-21
25.859375,26,2179,2179,19,10,-24,-19,-21
25.863281,26,2179,2179,19,10,-24,-19,-21
25.867188,26,2179,2179,19,10,-24,-19,-21
25.871094,26,2179,2179,18,10,-24,-19,-21
25.875000,26,2179,2179,18,9,-23,-19,-21
25.878906,26,2179,2179,18,9,-24,-19,-21
25.882812,26,2179,2179,18,10,-24,-19,-21
25.886719,25,2179,2179,18,10,-24,-19,-21
25.890625,25,2179,2179,18,10,-24,-19,-22
25.894531,25,2179,2179,18,9,-24,-19,-22
25.898438,25,2179,2179,19,10,-24,-19,-22
25.902344,25,2179,2179,19,10,-24,-19,-22
25.906250,25,2179,2179,19,10,-24,-19,-22
25.910156,25,2179,2179,19,9,-24,-19,-21
25.914062,25,2179,2179,18,9,-23,-18,-21
25.917969,24,2179,2179,19,9,-23,-18,-21
25.921875,24,2179,2179,19,10,-23,-18,-21
25.925781,24,2179,2179,18,10,-23,-18,-21
25.929688,23,2179,2179,18,9,-23,-18,-21
25.933594,23,2179,2179,19,10,-23,-19,-21
25.937500,23,2179,2179,19,10,-24,-19,-22
25.941406,23,2179,2179,19,10,-24,-19,-22
25.945312,22,2179,2179,19,10,-24,-19,-22
25.949219,22,2179,2179,19,10,-24,-19,-22
25.953125,22,2179,2179,19,10,-24,-20,-22
25.957031,21,2179,2179,19,10,-24,-20,-22
25.960938,21,2179,2179,19,10,-24,-20,-22
25.964844,20,2179,2179,19,10,-25,-20,-22
25.968750,20,2179,2179,19,10,-24,-20,-22
25.972656,20,2179,2179,19,10,-24,-20,-22
25.976562,20,2179,2179,19,10,-24,-19,-22
25.980469,19,2179,2179,19,10,-24,-19,-22
25.984375,19,2179,2179,20,10,-24,-19,-22
25.988281,19,2179,2179,19,10,-24,-19,-22
25.992188,19,2179,2179,19,10,-24,-19,-22
25.996094,18,2179,2179,18,9,-24,-19,-21
26.000000,18,2179,2179,19,9,-24,-19,-21
26.003906,18,2179,2179,19,10,-24,-19,-21
26.007812,18,2179,2179,18,9,-23,-19,-21
26.011719,17,2179,2179,19,9,-23,-19,-21
26.015625,17,2179,2179,19,10,-24,-19,-21
26.019531,16,2179,2179,19,10,-24,-19,-22
26.023438,16,2179,2179,19,10,-24,-19,-22
26.027344,16,2179,2179,18,9,-24,-19,-22
26.031250,16,2179,2179,19,9,-24,-19,-22
26.035156,16,2179,2179,19,9,-24,-19,-22
26.039062,17,2179,2179,19,9,-24,-19,-22
26.042969,17,2179,2179,18,9,-23,-19,-21
26.046875,16,2179,2179,18,9,-23,-19,-21
26.050781,17,2179,2179,18,9,-24,-19,-22
26.054688,17,2179,2179,19,9,-24,-19,-22
26.058594,17,2179,2179,18,9,-24,-19,-22
26.062500,17,2179,2179,18,9,-24,-19,-22
26.066406,16,2179,2179,19,9,-24,-19,-22
26.070312,16,2179,2179,19,9,-24,-19,-22
26.074219,17,2179,2179,18,9,-24,-18,-22
26.078125,16,2179,2179,18,9,-24,-19,-22
26.082031,16,2179,2179,19,10,-24,-19,-22
26.085938,15,2179,2179,19,10,-24,-19,-22
26.089844,16,2179,2179,19,10,-24,-19,-22
26.093750,15,2179,2179,19,10,-24,-19,-22
26.097656,14,2179,2179,20,10,-24,-19,-21
26.101562,14,2179,2179,20,10,-24,-19,-21
26.105469,14,2179,2179,20,10,-24,-19,-21
26.109375,14,2179,2179,19,10,-24,-19,-21
26.113281,13,2179,2179,19,10,-24,-19,-21
26.117188,13,2179,2179,19,10,-24,-19,-21
26.121094,13,2179,2179,19,10,-23,-19,-21
26.125000,13,2179,2179,19,10,-24,-19,-21
26.128906,13,2179,2179,19,9,-23,-19,-21
26.132812,12,2179,2179,19,10,-24,-19,-21
26.136719,12,2179,2179,19,10,-24,-19,-21
26.140625,12,2179,2179,19,10,-24,-19,-21
26.144531,12,2179,2179,19,10,-24,-19,-22
26.148438,12,2179,2179,19,10,-24,-19,-22
26.152344,12,2179,2179,19,10,-24,-19,-22
26.156250,12,2179,2179,18,9,-24,-19,-21
26.160156,12,2179,2179,18,9,-24,-19,-21
26.164062,12,2179,2179,18,9,-24,-18,-21
26.167969,11,2179,2179,19,9,-23,-19,-21
26.171875,12,2179,2179,19,9,-24,-19,-21
26.175781,12,2179,2179,18,9,-24,-19,-22
26.179688,12,2179,2179,18,9,-24,-19,-21
26.183594,11,2179,2179,19,9,-24,-19,-21
26.187500,12,2179,2179,18,9,-24,-19,-22
26.191406,12,2179,2179,18,9,-24,-19,-21
26.195312,12,2179,2179,18,9,-24,-19,-22
26.199219,11,2179,2179,18,9,-24,-18,-22
26.203125,11,2179,2179,18,9,-24,-19,-22
26.207031,11,2179,2179,18,9,-24,-19,-21
26.210938,11,2179,2179,18,9,-23,-19,-22
26.214844,11,2179,2179,18,9,-23,-19,-21
26.218750,11,2179,2179,18,9,-23,-19,-21
26.222656,11,2179,2179,18,10,-24,-19,-21
26.226562,11,2179,2179,18,9,-24,-19,-21
26.230469,10,2179,2179,18,9,-24,-19,-22
26.234375,10,2179,2179,19,10,-24,-19,-22
26.238281,10,2179,2179,19,10,-23,-19,-21
26.242188,10,2179,2179,19,10,-24,-18,-21
26.246094,10,2179,2179,19,9,-23,-18,-21
26.250000,10,2179,2179,19,10,-23,-19,-21
26.253906,10,2179,2179,19,10,-23,-18,-21
26.257812,10,2179,2179,19,10,-23,-18,-21
26.261719,10,2179,2179,19,10,-23,-18,-21
26.265625,10,2179,2179,19,10,-23,-18,-21
26.269531,10,2179,2179,19,10,-23,-19,-21
26.273438,10,2179,2179,19,10,-24,-19,-21
26.277344,10,2179,2179,19,10,-24,-19,-22
26.281250,10,2179,2179,19,9,-24,-19,-22
26.285156,10,2179,2179,19,10,-24,-19,-22
26.289062,10,2179,2179,19,10,-24,-19,-22
26.292969,10,2179,2179,18,9,-24,-19,-22
26.296875,10,2179,2179,19,9,-24,-19,-22
26.300781,10,2179,2179,19,10,-24,-19,-22
26.304688,10,2179,2179,19,10,-24,-19,-22
26.308594,10,2179,2179,19,10,-24,-19,-21
26.312500,9,2179,2179,19,10,-24,-19,-22
26.316406,9,2179,2179,19,10,-24,-19,-22
26.320312,9,2179,2179,19,10,-24,-19,-22
26.324219,10,2179,2179,19,10,-24,-19,-22
26.328125,10,2179,2179,18,9,-24,-19,-22
26.332031,10,2179,2179,18,9,-24,-19,-22
26.335938,10,2179,2179,18,9,-24,-19,-22
26.339844,10,2179,2179,17,9,-24,-19,-22
26.343750,10,2179,2179,17,9,-24,-19,-22
26.347656,10,2179,2179,17,8,-24,-19,-22
26.351562,10,2179,2179,17,9,-24,-19,-22
26.355469,10,2179,2179,17,9,-24,-19,-22
26.359375,10,2179,2179,17,9,-24,-19,-22
26.363281,10,2179,2179,18,9,-23,-19,-21
26.367188,10,2179,2179,19,9,-24,-19,-21
26.371094,10,2179,2179,19,10,-24,-18,-21
26.375000,10,2179,2179,19,9,-23,-18,-21
26.378906,10,2179,2179,19,9,-23,-18,-21
26.382812,9,2179,2179,19,10,-23,-18,-21
26.386719,10,2179,2179,19,10,-23,-19,-21
26.390625,10,2179,2179,19,10,-23,-19,-21
26.394531,10,2179,2179,19,10,-24,-19,-21
26.398438,10,2179,2179,19,10,-24,-19,-22
26.402344,10,2179,2179,19,10,-24,-20,-22
26.406250,10,2179,2179,19,10,-24,-20,-22
26.410156,10,2179,2179,18,9,-24,-19,-22
26.414062,10,2179,2179,18,9,-24,-19,-22
26.417969,10,2179,2179,19,9,-24,-19,-21
26.421875,10,2179,2179,19,9,-24,-19,-21
26.425781,10,2179,2179,18,9,-24,-19,-21
26.429688,10,2179,2179,18,9,-24,-19,-21
26.433594,9,2179,2179,19,10,-24,-19,-22
26.437500,9,2179,2179,19,10,-24,-20,-22
26.441406,9,2179,2179,19,10,-24,-20,-22
26.445312,9,2179,2179,19,10,-25,-20,-22
26.449219,9,2179,2179,19,10,-25,-20,-22
26.453125,9,2179,2179,19,11,-25,-20,-22
26.457031,9,2179,2179,19,10,-25,-20,-22
26.460938,9,2179,2179,19,10,-25,-20,-22
26.464844,9,2179,2179,19,10,-24,-20,-22
26.468750,10,2179,2179,19,10,-24,-20,-22
26.472656,10,2179,2179,19,10,-24,-20,-22
26.476562,10,2179,2179,19,10,-24,-20,-22
26.480469,10,2179,2179,19,10,-24,-20,-22
26.484375,10,2179,2179,19,10,-24,-19,-22
26.488281,11,2179,2179,19,9,-24,-19,-22
26.492188,11,2179,2179,18,9,-24,-19,-22
26.496094,10,2179,2179,18,9,-24,-19,-21
26.500000,10,2179,2179,18,9,-23,-19,-21
26.503906,10,2179,2179,18,9,-23,-18,-21
26.507812,10,2179,2179,17,9,-23,-18,-21
26.511719,10,2179,2179,17,9,-23,-18,-21
26.515625,10,2179,2179,18,10,-23,-18,-21
26.519531,9,2179,2179,18,10,-23,-19,-21
26.523438,10,2179,2179,18,9,-24,-19,-21
26.527344,10,2179,2179,18,9,-24,-19,-22
26.531250,9,2179,2179,19,10,-24,-19,-22
26.535156,9,2179,2179,19,10,-24,-19,-22
26.539062,9,2179,2179,19,10,-24,-19,-22
26.542969,9,2179,2179,19,10,-24,-19,-22
26.546875,9,2179,2179,19,9,-24,-19,-22
26.550781,9,2179,2179,19,10,-24,-19,-22
26.554688,9,2179,2179,19,10,-24,-19,-21
26.558594,9,2179,2179,18,9,-23,-19,-21
26.562500,9,2179,2179,19,10,-24,-19,-21
26.566406,9,2179,2179,19,10,-24,-19,-21
26.570312,9,2179,2179,19,10,-24,-19,-22
26.574219,10,2179,2179,19,9,-24,-18,-22
26.578125,10,2179,2179,18,9,-24,-19,-21
26.582031,10,2179,2179,19,9,-24,-19,-21
26.585938,10,2179,2179,18,9,-24,-19,-21
26.589844,10,2179,2179,18,9,-24,-19,-21
26.593750,10,2179,2179,18,9,-24,-19,-22
26.597656,10,2179,2179,18,9,-24,-19,-22
26.601562,9,2179,2179,18,10,-24,-19,-22
26.605469,9,2179,2179,18,9,-24,-19,-22
26.609375,9,2179,2179,18,9,-24,-19,-22
26.613281,9,2179,2179,18,9,-24,-19,-22
26.617188,9,2179,2179,19,10,-24,-19,-22
26.621094,9,2179,2179,19,10,-24,-19,-21
26.625000,9,2179,2179,19,10,-24,-19,-21
26.628906,8,2179,2179,19,9,-23,-19,-21
26.632812,8,2179,2179,20,10,-24,-19,-21
26.636719,8,2179,2179,19,10,-24,-19,-21
26.640625,8,2179,2179,19,9,-24,-19,-21
26.644531,8,2179,2179,19,10,-24,-19,-21
26.648438,8,2179,2179,19,10,-24,-19,-21
26.652344,8,2179,2179,19,10,-23,-19,-21
26.656250,8,2179,2179,19,10,-23,-19,-21
26.660156,8,2179,2179,19,10,-24,-19,-21
26.664062,8,2179,2179,19,10,-24,-19,-22
26.667969,8,2179,2179,19,10,-23,-18,-21
26.671875,8,2179,2179,19,10,-24,-18,-21
26.675781,8,2179,2179,19,10,-23,-18,-21
26.679688,8,2179,2179,19,10,-23,-18,-21
26.683594,8,2179,2179,20,11,-24,-18,-21
26.687500,9,2179,2179,20,10,-24,-19,-21
26.691406,9,2179,2179,19,10,-24,-19,-22
26.695312,9,2179,2179,19,10,-24,-19,-22
26.699219,10,2179,2179,19,10,-24,-19,-22
26.703125,10,2179,2179,19,10,-24,-19,-22
26.707031,11,2179,2179,19,10,-24,-19,-22
26.710938,11,2179,2179,19,9,-24,-19,-22
26.714844,12,2179,2179,19,10,-24,-19,-22
26.718750,12,2179,2179,19,10,-24,-19,-22
26.722656,12,2179,2179,18,10,-24,-19,-22
26.726562,12,2179,2179,18,9,-24,-19,-22
26.730469,12,2179,2179,18,9,-24,-19,-22
26.734375,12,2179,2179,19,10,-24,-19,-22
26.738281,12,2179,2179,18,9,-24,-19,-22
26.742188,12,2179,2179,18,9,-24,-19,-22
26.746094,12,2179,2179,18,9,-24,-19,-22
26.750000,12,2179,2179,18,9,-24,-19,-22
26.753906,12,2179,2179,18,9,-24,-19,-22
26.757812,12,2179,2179,18,9,-24,-19,-22
26.761719,12,2179,2179,18,9,-24,-19,-22
26.765625,12,2179,2179,18,9,-24,-19,-21
26.769531,12,2179,2179,18,9,-24,-19,-22
26.773438,12,2179,2179,18,9,-24,-19,-22
26.777344,12,2179,2179,18,9,-24,-19,-22
26.781250,12,2179,2179,18,9,-24,-19,-21
26.785156,11,2179,2179,18,9,-23,-19,-22
26.789062,12,2179,2179,18,9,-23,-19,-21
26.792969,11,2179,2179,18,9,-23,-18,-21
26.796875,11,2179,2179,18,9,-23,-18,-21
26.800781,11,2179,2179,18,9,-23,-18,-21
26.804688,11,2179,2179,19,9,-23,-18,-21
26.808594,11,2179,2179,18,9,-23,-18,-21
26.812500,10,2179,2179,18,9,-23,-18,-21
26.816406,10,2179,2179,19,10,-23,-18,-21
26.820312,10,2179,2179,19,10,-23,-18,-21
26.824219,10,2179,2179,19,10,-23,-18,-21
26.828125,10,2179,2179,19,10,-24,-19,-21
26.832031,10,2179,2179,19,10,-24,-19,-22
26.835938,10,2179,2179,19,10,-24,-19,-22
26.839844,10,2179,2179,19,10,-24,-20,-22
26.843750,10,2179,2179,19,10,-25,-20,-22
26.847656,10,2179,2179,19,10,-24,-20,-22
26.851562,11,2179,2179,19,10,-24,-20,-22
26.855469,11,2179,2179,19,10,-24,-19,-22
26.859375,11,2179,2179,18,9,-24,-19,-22
26.863281,11,2179,2179,18,9,-24,-19,-21
26.867188,11,2179,2179,18,10,-23,-18,-21
26.871094,11,2179,2179,19,10,-23,-18,-21
26.875000,11,2179,2179,18,9,-23,-18,-21
26.878906,11,2179,2179,18,9,-23,-19,-21
26.882812,10,2179,2179,19,10,-24,-19,-21
26.886719,11,2179,2179,19,10,-24,-19,-21
26.890625,11,2179,2179,19,9,-24,-19,-21
26.894531,11,2179,2179,18,9,-24,-19,-22
26.898438,11,2179,2179,19,9,-24,-19,-22
26.902344,11,2179,2179,19,9,-24,-19,-22
26.906250,12,2179,2179,18,9,-24,-19,-22
26.910156,12,2179,2179,18,9,-24,-20,-22
26.914062,12,2179,2179,18,9,-24,-19,-22
26.917969,12,2179,2179,19,9,-24,-19,-22
26.921875,12,2179,2179,19,10,-24,-19,-21
26.925781,12,2179,2179,19,9,-24,-19,-21
26.929688,12,2179,2179,19,9,-23,-19,-21
26.933594,12,2179,2179,19,10,-23,-18,-21
26.937500,12,2179,2179,19,10,-23,-18,-21
26.941406,12,2179,2179,19,9,-23,-18,-21
26.945312,12,2179,2179,19,9,-23,-18,-21
26.949219,13,2179,2179,19,10,-23,-18,-21
26.953125,12,2179,2179,19,10,-23,-19,-21
26.957031,13,2179,2179,19,9,-23,-19,-21
26.960938,12,2179,2179,18,9,-23,-19,-21
26.964844,12,2179,2179,19,10,-24,-19,-21
26.968750,12,2179,2179,19,10,-23,-19,-21
26.972656,12,2179,2179,19,10,-23,-18,-21
26.976562,12,2179,2179,19,9,-24,-19,-21
26.980469,12,2179,2179,19,9,-24,-19,-22
26.984375,12,2179,2179,19,10,-24,-19,-22
26.988281,12,2179,2179,19,10,-24,-19,-22
26.992188,12,2179,2179,19,9,-24,-19,-21
26.996094,11,2179,2179,19,9,-24,-19,-21
27.000000,11,2179,2179,19,10,-23,-19,-21
27.003906,11,2179,2179,19,10,-24,-19,-21
27.007812,12,2179,2179,19,9,-24,-18,-22
27.011719,12,2179,2179,19,9,-24,-19,-22
27.015625,12,2179,2179,19,10,-24,-19,-22
27.019531,12,2179,2179,19,9,-24,-19,-22
27.023438,12,2179,2179,18,9,-24,-19,-22
27.027344,12,2179,2179,18,9,-23,-19,-21
27.031250,12,2179,2179,19,9,-23,-19,-21
27.035156,12,2179,2179,19,10,-23,-19,-21
27.039062,13,2179,2179,19,9,-23,-18,-21
27.042969,12,2179,2179,18,9,-23,-18,-21
27.046875,12,2179,2179,18,9,-23,-18,-21
27.050781,12,2179,2179,19,9,-23,-18,-21
27.054688,12,2179,2179,19,9,-23,-19,-21
27.058594,12,2179,2179,18,9,-23,-19,-21
27.062500,12,2179,2179,18,9,-24,-19,-21
27.066406,12,2179,2179,18,9,-23,-19,-21
27.070312,12,2179,2179,19,9,-23,-19,-21
27.074219,13,2179,2179,18,9,-23,-18,-21
27.078125,13,2179,2179,18,9,-23,-19,-21
27.082031,12,2179,2179,19,10,-23,-19,-21
27.085938,12,2179,2179,19,10,-23,-19,-21
27.089844,13,2179,2179,19,10,-23,-18,-21
27.093750,12,2179,2179,19,10,-23,-18,-21
27.097656,12,2179,2179,19,10,-23,-18,-21
27.101562,12,2179,2179,19,10,-23,-18,-21
27.105469,12,2179,2179,19,10,-23,-18,-21
27.109375,12,2179,2179,19,9,-23,-18,-21
27.113281,12,2179,2179,18,9,-23,-18,-21
27.117188,13,2179,2179,19,10,-23,-19,-21
27.121094,13,2179,2179,19,10,-23,-19,-21
27.125000,13,2179,2179,18,9,-24,-18,-21
27.128906,13,2179,2179,18,9,-24,-19,-21
27.132812,12,2179,2179,19,10,-24,-19,-21
27.136719,12,2179,2179,19,10,-24,-19,-22
27.140625,13,2179,2179,19,9,-24,-19,-22
27.144531,13,2179,2179,19,9,-24,-19,-22
27.148438,12,2179,2179,19,10,-24,-19,-22
27.152344,13,2179,2179,19,10,-24,-19,-22
27.156250,13,2179,2179,18,9,-24,-19,-22
27.160156,13,2179,2179,18,9,-24,-19,-22
27.164062,13,2179,2179,18,9,-23,-19,-21
27.167969,12,2179,2179,18,9,-23,-18,-21
27.171875,13,2179,2179,18,9,-23,-18,-21
27.175781,13,2179,2179,18,9,-23,-18,-21
27.179688,13,2179,2179,18,9,-23,-18,-21
27.183594,13,2179,2179,18,9,-23,-18,-21
27.187500,13,2179,2179,18,9,-23,-18,-21
27.191406,14,2179,2179,18,9,-23,-18,-21
27.195312,14,2179,2179,18,9,-24,-18,-21
27.199219,14,2179,2179,19,9,-24,-18,-22
27.203125,14,2179,2179,19,9,-23,-19,-21
27.207031,14,2179,2179,18,9,-23,-19,-21
27.210938,14,2179,2179,18,9,-23,-19,-21
27.214844,14,2179,2179,19,9,-23,-18,-21
27.218750,14,2179,2179,19,9,-23,-18,-21
27.222656,14,2179,2179,19,9,-23,-18,-21
27.226562,14,2179,2179,18,9,-23,-18,-21
27.230469,14,2179,2179,19,9,-23,-18,-21
27.234375,14,2179,2179,19,10,-23,-19,-21
27.238281,14,2179,2179,19,10,-24,-19,-21
27.242188,14,2179,2179,19,10,-24,-19,-22
27.246094,13,2179,2179,19,10,-24,-19,-22
27.250000,13,2179,2179,19,10,-24,-19,-22
27.253906,13,2179,2179,19,10,-24,-19,-22
27.257812,13,2179,2179,19,10,-24,-19,-22
27.261719,13,2179,2179,19,10,-24,-19,-22
27.265625,13,2179,2179,20,10,-24,-19,-22
27.269531,13,2179,2179,19,10,-24,-19,-22
27.273438,13,2179,2179,19,10,-24,-19,-22
27.277344,13,2179,2179,19,10,-24,-19,-22
27.281250,13,2179,2179,19,10,-24,-19,-22
27.285156,13,2179,2179,19,10,-24,-19,-21
27.289062,13,2179,2179,19,10,-23,-19,-21
27.292969,13,2179,2179,19,10,-23,-19,-21
27.296875,13,2179,2179,19,10,-23,-19,-21
27.300781,13,2179,2179,19,10,-23,-19,-21
27.304688,14,2179,2179,19,10,-23,-19,-21
27.308594,13,2179,2179,19,10,-23,-19,-21
27.312500,13,2179,2179,19,10,-24,-19,-21
27.316406,13,2179,2179,19,10,-24,-19,-21
27.320312,14,2179,2179,19,10,-24,-19,-22
27.324219,15,2179,2179,19,9,-24,-18,-22
27.328125,15,2179,2179,19,9,-24,-19,-22
27.332031,15,2179,2179,19,10,-24,-19,-22
27.335938,15,2179,2179,19,10,-24,-19,-22
27.339844,16,2179,2179,18,9,-24,-19,-22
27.343750,16,2179,2179,19,9,-24,-19,-22
27.347656,16,2179,2179,19,9,-24,-19,-22
27.351562,16,2179,2179,19,10,-24,-19,-22
27.355469,16,2179,2179,19,9,-24,-19,-22
27.359375,16,2179,2179,18,9,-24,-19,-22
27.363281,16,2179,2179,18,9,-23,-19,-21
27.367188,16,2179,2179,19,9,-23,-19,-21
27.371094,16,2179,2179,19,10,-23,-19,-21
27.375000,16,2179,2179,19,9,-23,-19,-21
27.378906,16,2179,2179,19,9,-23,-19,-21
27.382812,16,2179,2179,19,10,-23,-19,-21
27.386719,16,2179,2179,19,10,-24,-19,-21
27.390625,17,2179,2179,19,10,-24,-19,-21
27.394531,17,2179,2179,19,9,-24,-19,-21
27.398438,17,2179,2179,19,10,-24,-19,-21
27.402344,18,2179,2179,19,10,-24,-19,-22
27.406250,19,2179,2179,19,10,-24,-19,-21
27.410156,19,2179,2179,19,9,-24,-19,-21
27.414062,19,2179,2179,19,9,-24,-19,-21
27.417969,19,2179,2179,19,9,-24,-19,-22
27.421875,19,2179,2179,19,9,-24,-19,-21
27.425781,19,2179,2179,18,9,-24,-19,-22
27.429688,19,2179,2179,18,9,-24,-19,-22
27.433594,19,2179,2179,19,9,-24,-19,-22
27.437500,19,2179,2179,19,9,-24,-19,-22
27.441406,19,2179,2179,19,9,-23,-19,-21
27.445312,19,2179,2179,19,9,-23,-19,-22
27.449219,19,2179,2179,19,10,-24,-18,-21
27.453125,19,2179,2179,19,10,-24,-19,-22
27.457031,19,2179,2179,19,10,-24,-19,-22
27.460938,19,2179,2179,19,10,-24,-19,-22
27.464844,19,2179,2179,19,10,-24,-19,-22
27.468750,19,2179,2179,19,10,-24,-19,-22
27.472656,19,2179,2179,19,10,-24,-19,-22
27.476562,19,2179,2179,19,10,-24,-19,-22
27.480469,19,2179,2179,19,10,-24,-19,-21
27.484375,18,2179,2179,19,10,-23,-19,-21
27.488281,19,2179,2179,19,10,-23,-18,-21
27.492188,19,2179,2179,19,10,-23,-18,-21
27.496094,19,2179,2179,19,10,-23,-18,-21
27.500000,19,2179,2179,19,10,-24,-19,-21
27.503906,19,2179,2179,19,10,-23,-18,-21
27.507812,19,2179,2179,19,9,-24,-18,-21
27.511719,19,2179,2179,19,9,-23,-19,-21
27.515625,19,2179,2179,19,10,-23,-19,-21
27.519531,19,2179,2179,19,10,-23,-19,-21
27.523438,19,2179,2179,19,9,-23,-19,-21
27.527344,19,2179,2179,18,9,-23,-19,-21
27.531250,19,2179,2179,19,9,-23,-19,-21
27.535156,19,2179,2179,19,10,-23,-19,-21
27.539062,20,2179,2179,19,10,-23,-19,-21
27.542969,20,2179,2179,19,9,-23,-19,-21
27.546875,19,2179,2179,19,10,-23,-19,-21
27.550781,19,2179,2179,19,10,-24,-19,-21
27.554688,19,2179,2179,19,10,-24,-19,-21
27.558594,20,2179,2179,19,9,-24,-19,-21
27.562500,20,2179,2179,19,10,-24,-19,-22
27.566406,20,2179,2179,19,10,-24,-19,-21
27.570312,20,2179,2179,19,10,-24,-19,-22
27.574219,20,2179,2179,18,10,-24,-18,-21
27.578125,21,2179,2179,18,9,-24,-19,-21
27.582031,20,2179,2179,19,10,-24,-19,-21
27.585938,21,2179,2179,19,10,-24,-19,-21
27.589844,21,2179,2179,19,9,-23,-19,-21
27.593750,21,2179,2179,19,9,-24,-19,-21
27.597656,21,2179,2179,19,9,-24,-19,-21
27.601562,22,2179,2179,19,9,-24,-19,-21
27.605469,22,2179,2179,19,10,-24,-19,-21
27.609375,23,2179,2179,18,9,-24,-19,-21
27.613281,23,2179,2179,19,9,-24,-19,-21
27.617188,23,2179,2179,19,10,-24,-19,-22
27.621094,24,2179,2179,19,10,-24,-19,-22
27.625000,24,2179,2179,19,9,-24,-19,-22
27.628906,25,2179,2179,19,9,-24,-19,-22
27.632812,25,2179,2179,19,10,-24,-19,-22
27.636719,26,2179,2179,19,9,-24,-19,-22
27.640625,27,2179,2179,19,9,-24,-19,-22
27.644531,27,2179,2179,19,9,-24,-19,-22
27.648438,28,2179,2179,19,10,-24,-19,-21
27.652344,28,2179,2179,19,10,-23,-19,-21
27.656250,29,2179,2179,19,10,-24,-19,-22
27.660156,30,2179,2179,19,10,-24,-19,-21
27.664062,31,2179,2179,19,10,-24,-19,-22
27.667969,31,2179,2179,19,10,-24,-19,-22
27.671875,33,2179,2179,19,10,-24,-19,-22
27.675781,33,2179,2179,19,10,-24,-19,-22
27.679688,34,2179,2179,19,10,-24,-19,-22
27.683594,34,2179,2179,19,10,-24,-19,-22
27.687500,35,2179,2179,19,10,-24,-19,-21
27.691406,36,2179,2179,19,10,-23,-19,-21
27.695312,37,2179,2179,19,10,-23,-19,-21
27.699219,37,2179,2179,19,10,-23,-18,-21
27.703125,38,2179,2179,19,10,-23,-19,-21
27.707031,39,2179,2179,19,10,-23,-19,-21
27.710938,40,2179,2179,19,10,-24,-19,-21
27.714844,40,2179,2179,19,10,-24,-19,-21
27.718750,40,2179,2179,19,10,-24,-19,-21
27.722656,41,2179,2179,19,10,-24,-19,-22
27.726562,41,2179,2179,19,10,-24,-19,-22
27.730469,41,2179,2179,19,9,-24,-19,-22
27.734375,41,2179,2179,19,10,-24,-19,-21
27.738281,42,2179,2179,18,9,-24,-19,-21
27.742188,42,2179,2179,18,9,-23,-19,-21
27.746094,42,2179,2179,18,9,-23,-18,-21
27.750000,42,2179,2179,18,9,-23,-18,-21
27.753906,42,2179,2179,19,9,-23,-18,-21
27.757812,42,2179,2179,18,9,-24,-19,-21
27.761719,42,2179,2179,18,9,-24,-19,-21
27.765625,42,2179,2179,19,9,-24,-19,-21
27.769531,42,2179,2179,19,9,-24,-19,-22
27.773438,43,2179,2179,18,9,-24,-19,-22
27.777344,43,2179,2179,18,9,-23,-18,-21
27.781250,43,2179,2179,18,9,-23,-18,-21
27.785156,43,2179,2179,19,9,-23,-18,-21
27.789062,43,2179,2179,19,9,-23,-18,-21
27.792969,43,2179,2179,18,9,-23,-18,-21
27.796875,43,2179,2179,18,9,-23,-18,-21
27.800781,43,2179,2179,19,10,-23,-19,-21
27.804688,44,2179,2179,19,10,-24,-19,-21
27.808594,44,2179,2179,18,9,-24,-19,-21
27.812500,44,2179,2179,18,9,-24,-19,-21
27.816406,45,2179,2179,19,9,-23,-19,-21
27.820312,45,2179,2179,19,9,-23,-18,-21
27.824219,45,2179,2179,19,9,-23,-17,-21
27.828125,45,2179,2179,19,9,-23,-18,-21
27.832031,45,2179,2179,19,10,-23,-18,-21
27.835938,45,2179,2179,19,10,-24,-19,-21
27.839844,45,2179,2179,19,10,-24,-19,-22
27.843750,46,2179,2179,18,10,-24,-19,-22
27.847656,46,2179,2179,18,10,-24,-20,-22
27.851562,46,2179,2179,18,10,-24,-19,-22
27.855469,47,2179,2179,18,10,-24,-19,-22
27.859375,47,2179,2179,18,9,-24,-19,-22
27.863281,47,2179,2179,18,10,-24,-19,-22
27.867188,47,2179,2179,19,10,-23,-19,-22
27.871094,47,2179,2179,19,10,-23,-18,-21
27.875000,47,2179,2179,19,10,-23,-18,-21
27.878906,46,2179,2179,19,10,-23,-19,-21
27.882812,46,2179,2179,20,10,-24,-19,-21
27.886719,46,2179,2179,20,10,-24,-19,-22
27.890625,46,2179,2179,19,10,-24,-19,-22
27.894531,47,2179,2179,19,10,-24,-20,-22
27.898438,47,2179,2179,19,10,-24,-20,-22
27.902344,47,2179,2179,19,10,-24,-19,-22
27.906250,47,2179,2179,19,10,-24,-19,-22
27.910156,48,2179,2179,19,9,-24,-19,-22
27.914062,48,2179,2179,19,9,-24,-19,-22
27.917969,48,2179,2179,19,10,-24,-18,-22
27.921875,49,2179,2179,19,10,-24,-19,-22
27.925781,49,2179,2179,19,10,-24,-19,-22
27.929688,49,2179,2179,19,9,-24,-19,-22
27.933594,49,2179,2179,19,10,-24,-19,-22
27.937500,49,2179,2179,19,9,-24,-19,-22
27.941406,49,2179,2179,18,9,-24,-19,-21
27.945312,49,2179,2179,18,9,-24,-19,-22
27.949219,49,2179,2179,19,9,-24,-18,-22
27.953125,49,2179,2179,19,9,-24,-19,-21
27.957031,49,2179,2179,18,9,-24,-19,-21
27.960938,49,2179,2179,19,9,-24,-19,-22
27.964844,49,2179,2179,19,10,-24,-19,-22
27.968750,49,2179,2179,19,10,-24,-19,-22
27.972656,49,2179,2179,19,10,-24,-19,-22
27.976562,50,2179,2179,19,9,-24,-19,-22
27.980469,49,2179,2179,19,9,-24,-19,-22
27.984375,50,2179,2179,19,10,-24,-19,-22
27.988281,50,2179,2179,19,10,-24,-19,-22
27.992188,50,2179,2179,18,9,-24,-19,-22
27.996094,50,2179,2179,18,9,-24,-19,-22
28.000000,50,2179,2179,19,9,-24,-19,-21
28.003906,50,2179,2179,19,9,-24,-19,-21
28.007812,50,2179,2179,18,9,-23,-18,-21
28.011719,51,2179,2179,18,9,-23,-18,-21
28.015625,51,2179,2179,18,9,-23,-18,-21
28.019531,51,2179,2179,19,9,-24,-18,-22
28.023438,51,2179,2179,18,9,-23,-18,-22
28.027344,51,2179,2179,19,9,-23,-18,-22
28.031250,51,2179,2179,19,9,-23,-18,-21
28.035156,51,2179,2179,19,10,-23,-19,-21
28.039062,52,2179,2179,19,10,-23,-19,-21
28.042969,52,2179,2179,19,10,-24,-19,-21
28.046875,52,2179,2179,19,10,-24,-19,-21
28.050781,52,2179,2179,19,10,-24,-19,-22
28.054688,52,2179,2179,19,10,-24,-19,-22
28.058594,52,2179,2179,19,10,-24,-19,-22
28.062500,52,2179,2179,19,10,-24,-19,-22
28.066406,52,2179,2179,19,10,-24,-19,-22
28.070312,52,2179,2179,19,10,-24,-19,-22
28.074219,52,2179,2179,19,10,-24,-18,-22
28.078125,52,2179,2179,19,10,-24,-19,-22
28.082031,52,2179,2179,19,10,-24,-19,-21
28.085938,52,2179,2179,19,10,-24,-19,-22
28.089844,53,2179,2179,19,10,-24,-19,-22
28.093750,53,2179,2179,19,10,-24,-20,-22
28.097656,53,2179,2179,20,10,-25,-20,-22
28.101562,53,2179,2179,20,10,-25,-20,-22
28.105469,53,2179,2179,20,10,-25,-20,-23
28.109375,53,2179,2179,20,9,-25,-20,-23
28.113281,53,2179,2179,21,10,-24,-19,-22
28.117188,53,2179,2179,21,10,-24,-19,-22
28.121094,53,2179,2179,21,10,-24,-19,-22
28.125000,53,2179,2179,21,10,-24,-19,-22
28.128906,53,2179,2179,21,10,-24,-19,-22
28.132812,53,2179,2179,21,10,-24,-20,-22
28.136719,53,2179,2179,21,10,-24,-20,-23
28.140625,54,2179,2179,21,10,-24,-20,-23
28.144531,54,2179,2179,21,10,-24,-20,-22
28.148438,54,2179,2179,21,10,-24,-20,-22
28.152344,54,2179,2179,21,10,-24,-20,-22
28.156250,54,2179,2179,20,9,-24,-19,-22
28.160156,54,2179,2179,20,9,-24,-19,-22
28.164062,54,2179,2179,20,9,-24,-19,-22
28.167969,54,2179,2179,21,9,-24,-19,-22
28.171875,54,2179,2179,21,9,-24,-19,-22
28.175781,55,2179,2179,21,9,-24,-19,-22
28.179688,54,2179,2179,22,8,-24,-19,-21
28.183594,54,2179,2179,23,9,-23,-19,-21
28.187500,55,2179,2179,23,9,-23,-19,-22
28.191406,55,2179,2179,23,9,-24,-19,-22
28.195312,54,2179,2179,24,9,-24,-19,-22
28.199219,54,2179,2179,25,9,-24,-18,-22
28.203125,54,2179,2179,26,9,-24,-19,-22
28.207031,54,2179,2179,26,9,-23,-19,-21
28.210938,54,2179,2179,27,9,-23,-18,-21
28.214844,53,2179,2179,28,9,-23,-18,-21
28.218750,53,2179,2179,29,10,-23,-18,-21
28.222656,54,2179,2179,29,10,-23,-18,-21
28.226562,54,2179,2179,30,10,-23,-19,-21
28.230469,54,2179,2179,31,10,-24,-19,-21
28.234375,54,2179,2179,32,10,-24,-19,-22
28.238281,54,2179,2179,33,10,-24,-19,-22
28.242188,55,2179,2179,34,9,-24,-19,-22
28.246094,54,2179,2179,35,9,-24,-19,-22
28.250000,54,2179,2179,36,9,-23,-19,-21
28.253906,54,2179,2179,37,9,-23,-18,-21
28.257812,55,2179,2179,38,9,-23,-18,-21
28.261719,55,2179,2179,40,9,-23,-19,-21
28.265625,55,2179,2179,41,9,-23,-19,-21
28.269531,55,2179,2179,41,9,-23,-19,-21
28.273438,55,2179,2179,42,9,-24,-19,-21
28.277344,56,2179,2179,42,9,-24,-19,-22
28.281250,55,2179,2179,44,9,-24,-19,-22
28.285156,55,2179,2179,45,10,-24,-19,-22
28.289062,56,2179,2179,46,10,-24,-19,-22
28.292969,56,2179,2179,48,9,-24,-19,-22
28.296875,55,2179,2179,50,9,-24,-19,-22
28.300781,55,2179,2179,52,10,-24,-19,-22
28.304688,56,2179,2179,54,10,-24,-19,-22
28.308594,56,2179,2179,55,9,-24,-19,-21
28.312500,55,2179,2179,56,10,-24,-19,-21
28.316406,55,2179,2179,57,10,-24,-19,-21
28.320312,55,2179,2179,58,10,-23,-18,-21
28.324219,55,2179,2179,59,10,-23,-17,-21
28.328125,55,2179,2179,60,10,-23,-18,-21
28.332031,54,2179,2179,63,10,-23,-18,-21
28.335938,54,2179,2179,65,10,-23,-18,-21
28.339844,55,2179,2179,67,9,-23,-18,-21
28.343750,55,2179,2179,70,9,-23,-18,-21
28.347656,54,2179,2179,73,9,-24,-19,-22
28.351562,54,2179,2179,75,10,-24,-19,-22
28.355469,55,2179,2179,77,10,-24,-19,-21
28.359375,55,2179,2179,78,9,-24,-19,-22
28.363281,55,2179,2179,79,9,-24,-19,-22
28.367188,55,2179,2179,80,10,-24,-19,-22
28.371094,55,2179,2179,80,9,-24,-19,-22
28.375000,55,2179,2179,81,9,-24,-19,-22
28.378906,55,2179,2179,82,9,-24,-19,-22
28.382812,55,2179,2179,84,10,-24,-19,-22
28.386719,55,2179,2179,86,10,-24,-19,-22
28.390625,55,2179,2179,87,9,-23,-19,-21
28.394531,55,2179,2179,89,9,-23,-18,-21
28.398438,54,2179,2179,89,10,-23,-18,-21
28.402344,54,2179,2179,90,10,-23,-18,-21
28.406250,55,2179,2179,90,10,-23,-18,-21
28.410156,55,2179,2179,91,9,-23,-18,-21
28.414062,54,2179,2179,92,9,-23,-18,-21
28.417969,54,2179,2179,94,10,-23,-18,-21
28.421875,54,2179,2179,95,10,-23,-18,-21
28.425781,54,2179,2179,96,9,-23,-18,-21
28.429688,54,2179,2179,97,10,-23,-18,-21
28.433594,54,2179,2179,98,10,-23,-18,-21
28.437500,54,2179,2179,99,10,-23,-18,-21
28.441406,54,2179,2179,98,10,-23,-18,-21
28.445312,54,2179,2179,99,10,-23,-18,-21
28.449219,54,2179,2179,99,10,-23,-18,-21
28.453125,54,2179,2179,100,10,-23,-18,-21
28.457031,54,2179,2179,101,9,-23,-18,-21
28.460938,55,2179,2179,102,9,-23,-18,-21
28.464844,54,2179,2179,104,10,-23,-18,-21
28.468750,55,2179,2179,105,10,-23,-18,-22
28.472656,55,2179,2179,106,10,-23,-19,-21
28.476562,55,2179,2179,107,9,-24,-19,-22
28.480469,54,2179,2179,108,9,-24,-19,-22
28.484375,54,2179,2179,109,10,-24,-19,-22
28.488281,55,2179,2179,109,10,-24,-19,-22
28.492188,55,2179,2179,110,9,-24,-19,-22
28.496094,54,2179,2179,110,9,-24,-19,-22
28.500000,54,2179,2179,112,10,-24,-19,-22
28.503906,54,2179,2179,112,10,-24,-19,-22
28.507812,54,2179,2179,112,9,-24,-18,-21
28.511719,54,2179,2179,113,9,-23,-18,-21
28.515625,54,2179,2179,113,10,-23,-18,-21
28.519531,54,2179,2179,113,10,-23,-18,-21
28.523438,54,2179,2179,113,9,-23,-18,-21
28.527344,54,2179,2179,114,9,-23,-18,-21
28.531250,54,2179,2179,114,9,-23,-18,-21
28.535156,54,2179,2179,115,10,-23,-18,-21
28.539062,54,2179,2179,116,10,-23,-18,-21
28.542969,54,2179,2179,117,10,-24,-18,-21
28.546875,54,2179,2179,118,9,-24,-18,-22
28.550781,54,2179,2179,119,10,-24,-18,-22
28.554688,54,2179,2179,120,10,-24,-19,-22
28.558594,54,2179,2179,120,9,-24,-18,-22
28.562500,54,2179,2179,120,9,-24,-19,-22
28.566406,54,2179,2179,121,9,-24,-19,-22
28.570312,54,2179,2179,120,9,-24,-19,-22
28.574219,54,2179,2179,120,9,-24,-18,-22
28.578125,54,2179,2179,120,9,-24,-19,-22
28.582031,54,2179,2179,120,9,-24,-19,-22
28.585938,54,2179,2179,121,9,-24,-19,-22
28.589844,54,2179,2179,122,10,-24,-19,-22
28.593750,54,2179,2179,123,10,-24,-19,-22
28.597656,53,2179,2179,124,9,-24,-19,-22
28.601562,53,2179,2179,125,10,-24,-19,-22
28.605469,53,2179,2179,125,10,-24,-19,-22
28.609375,53,2179,2179,126,9,-24,-19,-22
28.613281,53,2179,2179,126,9,-24,-19,-22
28.617188,53,2179,2179,126,9,-24,-19,-22
28.621094,54,2179,2179,126,9,-23,-18,-21
28.625000,54,2179,2179,126,9,-23,-18,-21
28.628906,54,2179,2179,126,9,-23,-18,-21
28.632812,53,2179,2179,126,10,-23,-18,-21
28.636719,54,2179,2179,126,10,-23,-19,-21
28.640625,54,2179,2179,126,10,-23,-19,-21
28.644531,54,2179,2179,127,10,-23,-19,-21
28.648438,54,2179,2179,128,10,-24,-19,-21
28.652344,54,2179,2179,128,10,-24,-19,-22
28.656250,55,2179,2179,128,10,-24,-19,-21
28.660156,55,2179,2179,129,10,-24,-19,-22
28.664062,55,2179,2179,129,10,-24,-19,-22
28.667969,55,2179,2179,129,10,-24,-19,-22
28.671875,55,2179,2179,130,10,-23,-19,-22
28.675781,55,2179,2179,130,10,-23,-19,-21
28.679688,55,2179,2179,131,10,-23,-19,-22
28.683594,55,2179,2179,132,10,-23,-18,-21
28.687500,55,2179,2179,133,10,-23,-18,-21
28.691406,55,2179,2179,133,10,-23,-19,-21
28.695312,55,2179,2179,133,10,-24,-19,-21
28.699219,54,2179,2179,133,10,-24,-18,-21
28.703125,54,2179,2179,133,11,-24,-19,-22
28.707031,55,2179,2179,132,10,-24,-19,-22
28.710938,55,2179,2179,131,10,-24,-19,-22
28.714844,55,2179,2179,131,9,-24,-19,-22
28.718750,55,2179,2179,132,9,-24,-19,-22
28.722656,55,2179,2179,132,9,-24,-19,-22
28.726562,55,2179,2179,133,9,-24,-19,-22
28.730469,54,2179,2179,134,9,-24,-19,-22
28.734375,54,2179,2179,135,9,-24,-19,-22
28.738281,54,2179,2179,135,9,-24,-19,-22
28.742188,54,2179,2179,135,9,-24,-19,-22
28.746094,54,2179,2179,135,9,-24,-19,-22
28.750000,54,2179,2179,135,10,-24,-19,-22
28.753906,54,2179,2179,135,10,-24,-19,-22
28.757812,54,2179,2179,134,9,-24,-19,-22
28.761719,53,2179,2179,134,9,-24,-19,-22
28.765625,53,2179,2179,134,10,-24,-19,-22
28.769531,53,2179,2179,135,9,-23,-19,-21
28.773438,54,2179,2179,135,9,-23,-19,-21
28.777344,54,2179,2179,135,9,-23,-18,-21
28.781250,54,2179,2179,136,9,-23,-18,-22
28.785156,53,2179,2179,137,9,-24,-19,-22
28.789062,54,2179,2179,137,9,-24,-19,-22
28.792969,53,2179,2179,137,9,-24,-19,-22
28.796875,53,2179,2179,137,9,-24,-19,-22
28.800781,53,2179,2179,138,10,-25,-20,-22
28.804688,53,2179,2179,138,10,-24,-20,-22
28.808594,53,2179,2179,137,10,-24,-20,-22
28.812500,52,2179,2179,137,10,-24,-19,-22
28.816406,52,2179,2179,137,10,-24,-19,-22
28.820312,52,2179,2179,138,11,-24,-19,-22
28.824219,52,2179,2179,138,10,-24,-18,-21
28.828125,52,2179,2179,138,10,-23,-19,-21
28.832031,52,2179,2179,139,11,-23,-18,-21
28.835938,52,2179,2179,139,10,-23,-18,-21
28.839844,52,2179,2179,139,10,-23,-18,-21
28.843750,53,2179,2179,139,10,-23,-18,-21
28.847656,53,2179,2179,139,10,-23,-18,-21
28.851562,53,2179,2179,139,10,-22,-18,-21
28.855469,53,2179,2179,140,10,-23,-18,-21
28.859375,53,2179,2179,139,10,-23,-18,-21
28.863281,52,2179,2179,140,10,-23,-18,-21
28.867188,53,2179,2179,141,10,-23,-18,-21
28.871094,53,2179,2179,141,10,-23,-18,-21
28.875000,53,2179,2179,141,10,-23,-18,-21
28.878906,53,2179,2179,140,10,-24,-19,-21
28.882812,53,2179,2179,141,10,-24,-19,-22
28.886719,53,2179,2179,140,10,-24,-19,-22
28.890625,54,2179,2179,140,9,-24,-19,-22
28.894531,54,2179,2179,140,9,-24,-19,-22
28.898438,53,2179,2179,140,10,-24,-19,-22
28.902344,53,2179,2179,140,10,-24,-20,-22
28.906250,53,2179,2179,140,10,-25,-20,-22
28.910156,53,2179,2179,141,10,-25,-20,-22
28.914062,53,2179,2179,141,10,-25,-20,-22
28.917969,52,2179,2179,142,10,-24,-19,-22
28.921875,52,2179,2179,142,10,-24,-19,-22
28.925781,52,2179,2179,142,10,-24,-19,-22
28.929688,52,2179,2179,142,10,-23,-18,-21
28.933594,52,2179,2179,143,10,-23,-18,-21
28.937500,52,2179,2179,142,10,-23,-18,-21
28.941406,52,2179,2179,142,9,-23,-18,-21
28.945312,51,2179,2179,142,10,-23,-18,-21
28.949219,51,2179,2179,142,10,-23,-18,-21
28.953125,51,2179,2179,142,10,-24,-19,-21
28.957031,51,2179,2179,143,10,-24,-19,-22
28.960938,51,2179,2179,143,10,-24,-20,-22
28.964844,51,2179,2179,143,10,-25,-20,-22
28.968750,51,2179,2179,143,10,-25,-20,-23
28.972656,52,2179,2179,143,10,-25,-20,-23
28.976562,52,2179,2179,143,9,-25,-20,-23
28.980469,52,2179,2179,143,9,-25,-20,-23
28.984375,52,2179,2179,143,9,-25,-20,-23
28.988281,52,2179,2179,143,9,-25,-20,-22
28.992188,52,2179,2179,142,9,-25,-20,-23
28.996094,52,2179,2179,142,9,-25,-20,-22
29.000000,52,2179,2179,142,9,-24,-20,-23
29.003906,52,2179,2179,142,9,-24,-20,-22
29.007812,53,2179,2179,142,8,-24,-19,-22
29.011719,53,2179,2179,142,8,-24,-19,-22
29.015625,52,2179,2179,143,9,-24,-19,-22
29.019531,52,2179,2179,144,9,-24,-19,-22
29.023438,52,2179,2179,143,9,-24,-19,-22
29.027344,52,2179,2179,143,9,-24,-19,-22
29.031250,51,2179,2179,143,9,-24,-19,-22
29.035156,51,2179,2179,143,9,-24,-19,-22
29.039062,51,2179,2179,143,10,-24,-19,-22
29.042969,50,2179,2179,143,10,-24,-19,-22
29.046875,50,2179,2179,144,10,-24,-19,-22
29.050781,50,2179,2179,144,10,-24,-19,-22
29.054688,50,2179,2179,145,10,-24,-19,-21
29.058594,50,2179,2179,145,10,-24,-19,-21
29.062500,49,2179,2179,145,10,-24,-19,-21
29.066406,50,2179,2179,145,10,-24,-19,-22
29.070312,50,2179,2179,145,10,-24,-19,-22
29.074219,50,2179,2179,145,9,-24,-18,-22
29.078125,51,2179,2179,145,9,-24,-19,-22
29.082031,51,2179,2179,145,10,-24,-18,-22
29.085938,51,2179,2179,145,10,-24,-18,-22
29.089844,51,2179,2179,144,9,-23,-18,-21
29.093750,51,2179,2179,144,9,-23,-18,-21
29.097656,51,2179,2179,144,9,-23,-18,-21
29.101562,51,2179,2179,144,10,-23,-19,-21
29.105469,51,2179,2179,145,10,-23,-19,-22
29.109375,51,2179,2179,144,9,-24,-19,-22
29.113281,51,2179,2179,145,9,-24,-19,-22
29.117188,51,2179,2179,145,10,-24,-19,-22
29.121094,52,2179,2179,146,9,-24,-20,-22
29.125000,51,2179,2179,146,9,-24,-19,-22
29.128906,51,2179,2179,146,9,-24,-19,-22
29.132812,51,2179,2179,146,10,-24,-19,-22
29.136719,51,2179,2179,146,9,-24,-19,-22
29.140625,51,2179,2179,145,9,-24,-19,-22
29.144531,51,2179,2179,145,9,-24,-19,-21
29.148438,50,2179,2179,145,10,-23,-19,-21
29.152344,50,2179,2179,145,10,-23,-19,-21
29.156250,50,2179,2179,145,10,-23,-18,-21
29.160156,50,2179,2179,144,9,-23,-18,-21
29.164062,50,2179,2179,144,9,-23,-18,-21
29.167969,50,2179,2179,145,9,-23,-19,-21
29.171875,50,2179,2179,145,9,-23,-19,-21
29.175781,51,2179,2179,145,9,-24,-19,-21
29.179688,51,2179,2179,145,9,-24,-19,-22
29.183594,51,2179,2179,145,9,-24,-19,-22
29.187500,51,2179,2179,145,9,-24,-19,-22
29.191406,51,2179,2179,145,9,-24,-19,-22
29.195312,51,2179,2179,145,9,-24,-19,-22
29.199219,51,2179,2179,145,9,-23,-18,-22
29.203125,51,2179,2179,146,9,-23,-18,-21
29.207031,51,2179,2179,146,9,-23,-18,-21
29.210938,50,2179,2179,146,9,-23,-18,-21
29.214844,50,2179,2179,146,9,-24,-18,-21
29.218750,50,2179,2179,146,10,-24,-19,-22
29.222656,50,2179,2179,146,10,-24,-19,-22
29.226562,50,2179,2179,146,10,-24,-19,-22
29.230469,49,2179,2179,146,10,-24,-19,-22
29.234375,49,2179,2179,146,10,-24,-19,-22
29.238281,50,2179,2179,146,10,-24,-19,-22
29.242188,50,2179,2179,146,10,-23,-18,-21
29.246094,49,2179,2179,147,10,-23,-18,-21
29.250000,49,2179,2179,147,10,-23,-18,-21
29.253906,49,2179,2179,147,10,-23,-18,-21
29.257812,49,2179,2179,147,10,-24,-18,-21
29.261719,49,2179,2179,147,10,-24,-18,-21
29.265625,49,2179,2179,147,10,-23,-19,-21
29.269531,49,2179,2179,147,10,-24,-19,-22
29.273438,49,2179,2179,147,10,-24,-19,-22
29.277344,49,2179,2179,147,10,-24,-19,-22
29.281250,49,2179,2179,148,10,-24,-19,-22
29.285156,49,2179,2179,148,10,-24,-19,-22
29.289062,49,2179,2179,148,10,-24,-19,-22
29.292969,49,2179,2179,148,10,-24,-19,-22
29.296875,49,2179,2179,148,9,-24,-19,-22
29.300781,49,2179,2179,148,10,-24,-19,-22
29.304688,49,2179,2179,147,10,-24,-19,-22
29.308594,49,2179,2179,147,10,-23,-19,-21
29.312500,49,2179,2179,147,10,-24,-19,-22
29.316406,49,2179,2179,147,10,-24,-19,-21
29.320312,49,2179,2179,147,10,-24,-19,-22
29.324219,49,2179,2179,148,10,-24,-18,-22
29.328125,48,2179,2179,148,10,-24,-19,-22
29.332031,48,2179,2179,149,10,-24,-19,-22
29.335938,48,2179,2179,149,10,-24,-19,-22
29.339844,48,2179,2179,149,10,-24,-19,-22
29.343750,48,2179,2179,149,9,-24,-19,-22
29.347656,47,2179,2179,150,9,-24,-19,-22
29.351562,47,2179,2179,150,10,-24,-19,-21
29.355469,48,2179,2179,150,10,-23,-18,-21
29.359375,47,2179,2179,150,9,-23,-18,-21
29.363281,47,2179,2179,150,9,-23,-18,-21
29.367188,47,2179,2179,150,10,-23,-18,-21
29.371094,47,2179,2179,150,10,-23,-18,-21
29.375000,47,2179,2179,150,9,-23,-18,-21
29.378906,47,2179,2179,150,9,-23,-18,-21
29.382812,47,2179,2179,150,10,-23,-18,-21
29.386719,47,2179,2179,150,10,-23,-18,-21
29.390625,47,2179,2179,150,9,-23,-19,-21
29.394531,47,2179,2179,150,9,-23,-19,-22
29.398438,47,2179,2179,150,10,-23,-19,-22
29.402344,47,2179,2179,150,10,-24,-19,-22
29.406250,47,2179,2179,150,10,-24,-19,-22
29.410156,47,2179,2179,150,9,-24,-19,-22
29.414062,47,2179,2179,150,9,-24,-19,-22
29.417969,47,2179,2179,150,10,-24,-19,-22
29.421875,47,2179,2179,150,10,-24,-19,-22
29.425781,47,2179,2179,150,9,-24,-19,-21
29.429688,47,2179,2179,151,9,-23,-19,-22
29.433594,47,2179,2179,152,10,-23,-19,-21
29.437500,47,2179,2179,152,10,-23,-19,-21
29.441406,47,2179,2179,152,9,-23,-19,-21
29.445312,46,2179,2179,152,10,-24,-19,-21
29.449219,46,2179,2179,152,10,-23,-18,-21
29.453125,46,2179,2179,152,10,-23,-18,-21
29.457031,46,2179,2179,152,10,-23,-18,-21
29.460938,46,2179,2179,152,10,-23,-18,-21
29.464844,45,2179,2179,152,10,-23,-18,-21
29.468750,45,2179,2179,152,10,-23,-18,-21
29.472656,45,2179,2179,152,11,-23,-18,-21
29.476562,45,2179,2179,152,10,-23,-18,-21
29.480469,45,2179,2179,153,10,-23,-18,-21
29.484375,45,2179,2179,153,11,-23,-18,-21
29.488281,45,2179,2179,153,11,-23,-18,-21
29.492188,45,2179,2179,153,10,-23,-18,-21
29.496094,44,2179,2179,153,10,-24,-19,-21
29.500000,44,2179,2179,153,10,-24,-19,-22
29.503906,44,2179,2179,153,10,-24,-19,-22
29.507812,45,2179,2179,153,10,-24,-19,-22
29.511719,45,2179,2179,153,10,-24,-19,-22
29.515625,45,2179,2179,153,10,-24,-19,-22
29.519531,45,2179,2179,153,9,-24,-19,-22
29.523438,45,2179,2179,153,9,-24,-19,-22
29.527344,45,2179,2179,152,9,-24,-19,-22
29.531250,44,2179,2179,152,9,-24,-19,-22
29.535156,44,2179,2179,152,10,-24,-19,-22
29.539062,44,2179,2179,152,10,-24,-19,-22
29.542969,44,2179,2179,152,10,-24,-19,-22
29.546875,43,2179,2179,152,10,-24,-19,-22
29.550781,43,2179,2179,153,10,-24,-19,-22
29.554688,43,2179,2179,153,10,-24,-19,-22
29.558594,43,2179,2179,153,10,-24,-19,-22
29.562500,42,2179,2179,153,10,-24,-19,-22
29.566406,42,2179,2179,153,10,-24,-19,-22
29.570312,42,2179,2179,153,10,-23,-19,-22
29.574219,42,2179,2179,153,9,-23,-18,-22
29.578125,42,2179,2179,153,9,-24,-18,-22
29.582031,42,2179,2179,153,9,-24,-18,-22
29.585938,42,2179,2179,153,9,-23,-19,-22
29.589844,42,2179,2179,153,9,-23,-18,-22
29.593750,42,2179,2179,153,9,-23,-18,-22
29.597656,42,2179,2179,153,9,-23,-18,-22
29.601562,42,2179,2179,153,9,-23,-19,-21
29.605469,42,2179,2179,153,9,-23,-18,-21
29.609375,42,2179,2179,153,9,-23,-19,-21
29.613281,42,2179,2179,153,9,-24,-19,-22
29.617188,42,2179,2179,154,9,-24,-19,-22
29.621094,43,2179,2179,154,9,-24,-19,-22
29.625000,43,2179,2179,154,9,-24,-19,-22
29.628906,43,2179,2179,154,9,-24,-19,-22
29.632812,43,2179,2179,154,10,-24,-19,-22
29.636719,43,2179,2179,154,10,-24,-19,-21
29.640625,43,2179,2179,153,10,-24,-19,-21
29.644531,42,2179,2179,153,10,-24,-19,-22
29.648438,42,2179,2179,154,10,-24,-19,-22
29.652344,42,2179,2179,153,11,-24,-19,-22
29.656250,42,2179,2179,153,10,-24,-19,-22
29.660156,42,2179,2179,153,10,-24,-19,-22
29.664062,42,2179,2179,154,10,-24,-19,-22
29.667969,42,2179,2179,154,10,-24,-19,-21
29.671875,42,2179,2179,154,10,-23,-19,-21
29.675781,42,2179,2179,154,10,-23,-18,-21
29.679688,42,2179,2179,154,10,-23,-19,-21
29.683594,42,2179,2179,155,11,-24,-19,-22
29.687500,42,2179,2179,155,10,-24,-19,-21
29.691406,42,2179,2179,154,10,-23,-19,-21
29.695312,42,2179,2179,154,10,-24,-18,-21
29.699219,42,2179,2179,154,10,-24,-18,-21
29.703125,42,2179,2179,154,10,-24,-19,-21
29.707031,42,2179,2179,154,10,-23,-19,-21
29.710938,42,2179,2179,154,10,-24,-19,-21
29.714844,41,2179,2179,155,10,-24,-19,-22
29.718750,41,2179,2179,155,10,-24,-19,-22
29.722656,41,2179,2179,155,10,-24,-19,-22
29.726562,41,2179,2179,154,9,-24,-19,-22
29.730469,41,2179,2179,154,9,-24,-19,-22
29.734375,41,2179,2179,155,10,-23,-19,-21
29.738281,41,2179,2179,155,9,-23,-18,-21
29.742188,41,2179,2179,154,9,-24,-18,-21
29.746094,40,2179,2179,154,9,-24,-18,-21
29.750000,40,2179,2179,154,10,-24,-18,-21
29.753906,40,2179,2179,154,10,-24,-19,-22
29.757812,40,2179,2179,153,9,-24,-19,-22
29.761719,40,2179,2179,153,10,-24,-19,-22
29.765625,40,2179,2179,154,10,-24,-19,-22
29.769531,39,2179,2179,154,10,-24,-19,-22
29.773438,40,2179,2179,154,10,-24,-19,-22
29.777344,40,2179,2179,154,9,-24,-19,-22
29.781250,40,2179,2179,155,9,-24,-19,-21
29.785156,39,2179,2179,155,10,-23,-19,-22
29.789062,40,2179,2179,155,10,-23,-19,-21
29.792969,40,2179,2179,155,9,-23,-18,-21
29.796875,39,2179,2179,156,9,-24,-19,-21
29.800781,39,2179,2179,156,10,-23,-19,-21
29.804688,40,2179,2179,156,10,-23,-19,-21
29.808594,40,2179,2179,156,9,-23,-19,-21
29.812500,39,2179,2179,156,10,-24,-19,-21
29.816406,39,2179,2179,156,10,-24,-19,-21
29.820312,40,2179,2179,156,10,-23,-18,-21
29.824219,40,2179,2179,156,10,-24,-18,-21
29.828125,40,2179,2179,155,10,-24,-19,-21
29.832031,40,2179,2179,155,10,-25,-19,-21
29.835938,40,2179,2179,155,10,-24,-19,-22
29.839844,40,2179,2179,154,10,-24,-19,-22
29.843750,41,2179,2179,154,10,-24,-19,-22
29.847656,40,2179,2179,154,10,-24,-19,-22
29.851562,41,2179,2179,154,10,-24,-19,-21
29.855469,41,2179,2179,154,10,-23,-19,-21
29.859375,41,2179,2179,154,10,-23,-18,-21
29.863281,41,2179,2179,155,10,-23,-18,-21
29.867188,41,2179,2179,155,10,-23,-18,-21
29.871094,41,2179,2179,156,10,-23,-18,-21
29.875000,40,2179,2179,156,10,-23,-18,-21
29.878906,40,2179,2179,156,10,-23,-18,-21
29.882812,39,2179,2179,157,10,-23,-18,-21
29.886719,39,2179,2179,157,10,-23,-18,-21
29.890625,40,2179,2179,156,10,-23,-19,-21
29.894531,39,2179,2179,156,10,-23,-19,-21
29.898438,39,2179,2179,156,10,-24,-19,-21
29.902344,39,2179,2179,157,10,-24,-19,-21
29.906250,40,2179,2179,156,10,-24,-19,-21
29.910156,40,2179,2179,157,10,-24,-19,-21
29.914062,39,2179,2179,157,10,-24,-19,-21
29.917969,39,2179,2179,157,10,-23,-19,-21
29.921875,40,2179,2179,157,10,-24,-19,-22
29.925781,40,2179,2179,157,9,-24,-19,-22
29.929688,39,2179,2179,156,9,-24,-19,-22
29.933594,39,2179,2179,156,10,-24,-19,-22
29.937500,40,2179,2179,155,10,-24,-19,-22
29.941406,40,2179,2179,154,10,-24,-19,-22
29.945312,40,2179,2179,154,10,-24,-19,-22
29.949219,40,2179,2179,155,10,-24,-19,-22
29.953125,40,2179,2179,155,10,-24,-19,-22
29.957031,40,2179,2179,156,10,-24,-19,-22
29.960938,40,2179,2179,156,10,-24,-19,-22
29.964844,39,2179,2179,157,10,-24,-19,-22
29.968750,39,2179,2179,157,10,-24,-19,-22
29.972656,40,2179,2179,156,10,-24,-19,-22
29.976562,40,2179,2179,156,9,-24,-19,-22
29.980469,39,2179,2179,155,9,-23,-19,-21
29.984375,39,2179,2179,155,9,-23,-18,-21
29.988281,40,2179,2179,155,9,-23,-18,-21
29.992188,40,2179,2179,155,9,-23,-18,-21
29.996094,40,2179,2179,155,9,-23,-18,-21
30.000000,40,2179,2179,156,9,-23,-18,-21
30.003906,39,2179,2179,156,10,-23,-18,-21
30.007812,40,2179,2179,156,9,-23,-18,-21
30.011719,40,2179,2179,156,9,-23,-19,-21
30.015625,39,2179,2179,156,9,-24,-19,-22
30.019531,39,2179,2179,156,9,-24,-19,-22
30.023438,39,2179,2179,156,9,-24,-19,-22
30.027344,39,2179,2179,155,9,-24,-19,-22
30.031250,39,2179,2179,156,9,-24,-19,-22
30.035156,39,2179,2179,156,10,-24,-19,-21
30.039062,39,2179,2179,156,10,-23,-19,-22
30.042969,39,2179,2179,156,9,-23,-19,-21
30.046875,39,2179,2179,156,9,-24,-19,-21
30.050781,38,2179,2179,156,10,-23,-19,-21
30.054688,38,2179,2179,156,10,-23,-19,-21
30.058594,38,2179,2179,156,9,-24,-19,-21
30.062500,38,2179,2179,157,10,-24,-19,-22
30.066406,38,2179,2179,157,10,-24,-19,-22
30.070312,38,2179,2179,157,10,-24,-19,-22
30.074219,38,2179,2179,157,10,-24,-19,-22
30.078125,37,2179,2179,157,10,-24,-19,-22
30.082031,37,2179,2179,158,10,-26,-20,-22
30.085938,37,2179,2179,158,10,-24,-20,-22
30.089844,37,2179,2179,158,10,-24,-20,-22
30.093750,37,2179,2179,158,10,-24,-20,-22
30.097656,37,2179,2179,158,10,-24,-20,-22
30.101562,37,2179,2179,158,11,-24,-19,-22
30.105469,38,2179,2179,158,10,-24,-19,-22
30.109375,38,2179,2179,158,10,-23,-19,-21
30.113281,37,2179,2179,158,10,-23,-18,-21
30.117188,37,2179,2179,158,10,-23,-18,-21
30.121094,37,2179,2179,158,10,-23,-19,-21
30.125000,37,2179,2179,157,10,-24,-19,-21
30.128906,37,2179,2179,157,10,-24,-19,-22
30.132812,37,2179,2179,157,10,-24,-19,-22
30.136719,37,2179,2179,156,10,-24,-20,-22
30.140625,38,2179,2179,155,9,-24,-20,-22
30.144531,38,2179,2179,155,9,-24,-20,-22
30.148438,38,2179,2179,155,9,-24,-19,-22
30.152344,38,2179,2179,155,9,-24,-19,-22
30.156250,38,2179,2179,155,9,-24,-19,-22
30.160156,38,2179,2179,155,8,-24,-19,-21
30.164062,37,2179,2179,155,9,-24,-19,-21
30.167969,37,2179,2179,155,9,-24,-19,-22
30.171875,37,2179,2179,156,9,-24,-19,-22
30.175781,37,2179,2179,156,9,-24,-19,-22
30.179688,36,2179,2179,156,9,-24,-19,-22
30.183594,36,2179,2179,156,10,-24,-19,-22
30.187500,36,2179,2179,156,10,-24,-19,-22
30.191406,36,2179,2179,156,9,-24,-19,-21
30.195312,36,2179,2179,157,9,-24,-19,-21
30.199219,36,2179,2179,157,9,-23,-18,-21
30.203125,35,2179,2179,157,10,-23,-18,-21
30.207031,36,2179,2179,157,9,-23,-18,-21
30.210938,35,2179,2179,157,9,-23,-18,-21
30.214844,35,2179,2179,157,10,-23,-18,-21
30.218750,35,2179,2179,157,10,-23,-18,-21
30.222656,35,2179,2179,157,10,-23,-19,-21
30.226562,35,2179,2179,157,10,-24,-19,-21
30.230469,35,2179,2179,157,10,-24,-19,-21
30.234375,35,2179,2179,158,10,-24,-19,-21
30.238281,36,2179,2179,158,10,-24,-19,-22
30.242188,36,2179,2179,158,10,-24,-19,-22
30.246094,35,2179,2179,158,10,-24,-19,-22
30.250000,35,2179,2179,158,10,-24,-19,-22
30.253906,35,2179,2179,158,10,-24,-19,-22
30.257812,35,2179,2179,157,10,-24,-19,-22
30.261719,35,2179,2179,157,10,-24,-19,-22
30.265625,34,2179,2179,157,10,-24,-19,-22
30.269531,34,2179,2179,156,10,-24,-19,-22
30.273438,35,2179,2179,156,10,-24,-19,-21
30.277344,34,2179,2179,157,10,-24,-19,-21
30.281250,34,2179,2179,158,10,-24,-19,-21
30.285156,34,2179,2179,158,10,-24,-19,-22
30.289062,34,2179,2179,158,10,-24,-19,-22
30.292969,34,2179,2179,158,10,-24,-19,-22
30.296875,33,2179,2179,158,10,-25,-20,-22
30.300781,34,2179,2179,158,11,-25,-20,-22
30.304688,34,2179,2179,157,11,-25,-20,-22
30.308594,34,2179,2179,156,10,-25,-20,-23
30.312500,34,2179,2179,156,10,-25,-20,-22
30.316406,34,2179,2179,156,10,-24,-20,-22
30.320312,34,2179,2179,156,10,-24,-19,-22
30.324219,34,2179,2179,156,10,-24,-18,-22
30.328125,34,2179,2179,156,9,-23,-19,-21
30.332031,33,2179,2179,157,10,-26,-18,-21
30.335938,34,2179,2179,157,9,-23,-18,-21
30.339844,34,2179,2179,157,9,-23,-18,-21
30.343750,34,2179,2179,157,9,-23,-18,-21
30.347656,34,2179,2179,157,9,-23,-18,-21
30.351562,34,2179,2179,156,9,-23,-18,-21
30.355469,34,2179,2179,156,9,-23,-18,-21
30.359375,33,2179,2179,155,9,-23,-18,-21
30.363281,33,2179,2179,155,10,-24,-19,-21
30.367188,32,2179,2179,155,10,-24,-19,-22
30.371094,33,2179,2179,155,10,-24,-19,-22
30.375000,33,2179,2179,155,10,-24,-19,-22
30.378906,33,2179,2179,156,10,-24,-19,-22
30.382812,32,2179,2179,157,11,-25,-20,-22
30.386719,32,2179,2179,157,10,-25,-20,-22
30.390625,33,2179,2179,156,10,-25,-19,-22
30.394531,33,2179,2179,156,10,-24,-19,-22
30.398438,32,2179,2179,156,10,-24,-19,-22
30.402344,32,2179,2179,156,10,-24,-19,-22
30.406250,33,2179,2179,155,10,-24,-18,-21
30.410156,33,2179,2179,155,10,-23,-18,-21
30.414062,33,2179,2179,155,10,-23,-18,-21
30.417969,33,2179,2179,155,10,-23,-18,-21
30.421875,33,2179,2179,155,10,-23,-18,-21
30.425781,33,2179,2179,154,10,-24,-19,-22
30.429688,33,2179,2179,154,10,-24,-19,-22
30.433594,33,2179,2179,154,10,-24,-19,-22
30.437500,33,2179,2179,154,10,-24,-19,-22
30.441406,33,2179,2179,153,10,-24,-19,-21
30.445312,33,2179,2179,152,9,-24,-19,-22
30.449219,33,2179,2179,151,10,-24,-18,-22
30.453125,33,2179,2179,148,10,-24,-19,-22
30.457031,33,2179,2179,143,9,-23,-19,-22
30.460938,33,2179,2179,137,9,-24,-19,-22
30.464844,33,2179,2179,130,10,-24,-19,-22
30.468750,33,2179,2179,121,10,-24,-19,-22
30.472656,33,2179,2179,112,10,-24,-19,-22
30.476562,33,2179,2179,103,10,-24,-19,-22
30.480469,32,2179,2179,95,10,-24,-19,-21
30.484375,32,2179,2179,90,10,-24,-19,-21
30.488281,32,2179,2179,86,10,-24,-19,-21
30.492188,32,2179,2179,83,10,-23,-19,-21
30.496094,31,2179,2179,83,10,-24,-19,-22
30.500000,31,2179,2179,82,10,-24,-19,-21
30.503906,31,2179,2179,82,10,-24,-19,-21
30.507812,31,2179,2179,81,10,-23,-18,-21
30.511719,31,2179,2179,81,10,-24,-18,-21
30.515625,30,2179,2179,80,10,-23,-19,-21
30.519531,30,2179,2179,80,10,-23,-19,-21
30.523438,30,2179,2179,79,10,-23,-19,-21
30.527344,30,2179,2179,79,9,-23,-19,-21
30.531250,30,2179,2179,79,9,-23,-19,-21
30.535156,29,2179,2179,76,10,-23,-18,-21
30.539062,30,2179,2179,71,10,-23,-18,-21
30.542969,30,2179,2179,64,9,-23,-18,-21
30.546875,29,2179,2179,55,9,-23,-18,-21
30.550781,29,2179,2179,45,9,-23,-18,-21
30.554688,29,2179,2179,36,9,-23,-18,-21
30.558594,29,2179,2179,27,9,-24,-19,-21
30.562500,28,2179,2179,22,9,-24,-19,-22
30.566406,28,2179,2179,20,9,-24,-19,-22
30.570312,28,2179,2179,19,9,-24,-19,-22
30.574219,27,2179,2179,20,9,-24,-19,-22
30.578125,27,2179,2179,21,9,-25,-20,-22
30.582031,27,2179,2179,22,10,-28,-20,-22
30.585938,27,2179,2179,22,10,-25,-20,-22
30.589844,27,2179,2179,21,10,-25,-20,-22
30.593750,26,2179,2179,20,10,-25,-20,-22
30.597656,26,2179,2179,19,10,-24,-20,-22
30.601562,26,2179,2179,18,10,-24,-20,-22
30.605469,26,2179,2179,18,10,-24,-19,-22
30.609375,26,2179,2179,18,10,-24,-19,-22
30.613281,26,2179,2179,18,10,-24,-19,-22
30.617188,27,2179,2179,19,10,-24,-20,-22
30.621094,27,2179,2179,19,10,-24,-20,-22
30.625000,28,2179,2179,19,9,-24,-19,-22
30.628906,28,2179,2179,19,9,-24,-19,-22
30.632812,28,2179,2179,19,10,-24,-19,-22
30.636719,28,2179,2179,19,10,-24,-19,-22
30.640625,28,2179,2179,19,10,-24,-19,-22
30.644531,28,2179,2179,19,10,-24,-19,-21
30.648438,28,2179,2179,19,10,-24,-19,-21
30.652344,28,2179,2179,19,10,-24,-19,-21
30.656250,28,2179,2179,19,10,-24,-19,-22
30.660156,28,2179,2179,19,10,-24,-19,-22
30.664062,28,2179,2179,19,10,-24,-19,-22
30.667969,27,2179,2179,19,10,-24,-19,-22
30.671875,28,2179,2179,19,10,-24,-19,-22
30.675781,27,2179,2179,19,10,-24,-19,-21
30.679688,26,2179,2179,19,10,-24,-19,-22
30.683594,26,2179,2179,19,10,-24,-19,-22
30.687500,26,2179,2179,19,11,-24,-19,-22
30.691406,26,2179,2179,19,10,-24,-19,-22
30.695312,25,2179,2179,19,10,-24,-19,-22
30.699219,25,2179,2179,19,10,-24,-19,-22
30.703125,24,2179,2179,19,10,-24,-19,-22
30.707031,24,2179,2179,18,10,-23,-19,-21
30.710938,23,2179,2179,18,10,-24,-19,-21
30.714844,23,2179,2179,18,10,-23,-19,-21
30.718750,23,2179,2179,18,10,-23,-18,-21
30.722656,23,2179,2179,19,10,-23,-18,-21
30.726562,22,2179,2179,19,10,-24,-19,-21
30.730469,22,2179,2179,19,10,-23,-19,-21
30.734375,22,2179,2179,20,10,-24,-19,-21
30.738281,22,2179,2179,20,10,-23,-19,-21
30.742188,22,2179,2179,19,10,-24,-19,-22
30.746094,21,2179,2179,19,10,-24,-19,-22
30.750000,21,2179,2179,19,10,-24,-19,-22
30.753906,21,2179,2179,18,10,-24,-19,-22
30.757812,21,2179,2179,18,9,-24,-19,-22
30.761719,21,2179,2179,18,9,-24,-19,-21
30.765625,21,2179,2179,18,10,-24,-19,-21
30.769531,20,2179,2179,18,9,-23,-19,-21
30.773438,21,2179,2179,18,9,-23,-19,-21
30.777344,20,2179,2179,18,9,-23,-19,-21
30.781250,20,2179,2179,18,9,-24,-19,-21
30.785156,19,2179,2179,19,10,-23,-19,-21
30.789062,20,2179,2179,19,10,-24,-19,-21
30.792969,19,2179,2179,19,9,-24,-19,-21
30.796875,19,2179,2179,19,9,-24,-19,-21
30.800781,19,2179,2179,19,9,-23,-19,-21
30.804688,19,2179,2179,19,10,-23,-19,-21
30.808594,19,2179,2179,18,9,-23,-19,-21
30.812500,18,2179,2179,18,10,-23,-19,-21
30.816406,18,2179,2179,19,10,-24,-19,-22
30.820312,18,2179,2179,19,10,-24,-19,-22
30.824219,18,2179,2179,19,10,-24,-19,-22
30.828125,18,2179,2179,19,10,-24,-20,-22
30.832031,18,2179,2179,19,10,-29,-19,-22
30.835938,18,2179,2179,19,10,-24,-19,-22
30.839844,19,2179,2179,19,10,-24,-19,-22
30.843750,19,2179,2179,19,9,-24,-19,-22
30.847656,18,2179,2179,19,10,-23,-18,-21
30.851562,18,2179,2179,19,10,-23,-18,-21
30.855469,18,2179,2179,19,10,-23,-18,-21
30.859375,18,2179,2179,19,10,-23,-18,-21
30.863281,18,2179,2179,19,10,-23,-18,-21
30.867188,18,2179,2179,19,10,-23,-19,-21
30.871094,18,2179,2179,19,10,-23,-19,-21
30.875000,18,2179,2179,19,10,-24,-19,-22
30.878906,18,2179,2179,18,10,-24,-19,-22
30.882812,17,2179,2179,19,10,-24,-19,-21
30.886719,17,2179,2179,19,10,-24,-19,-21
30.890625,17,2179,2179,19,10,-24,-19,-22
30.894531,17,2179,2179,19,10,-24,-19,-21
30.898438,16,2179,2179,19,10,-24,-19,-22
30.902344,16,2179,2179,19,10,-24,-19,-22
30.906250,16,2179,2179,19,10,-24,-19,-22
30.910156,17,2179,2179,19,10,-24,-19,-22
30.914062,16,2179,2179,19,10,-24,-19,-22
30.917969,16,2179,2179,18,10,-24,-19,-22
30.921875,16,2179,2179,18,10,-24,-19,-22
30.925781,16,2179,2179,18,10,-24,-19,-22
30.929688,16,2179,2179,18,10,-24,-19,-22
30.933594,16,2179,2179,18,10,-24,-19,-22
30.937500,16,2179,2179,19,10,-24,-19,-22
30.941406,16,2179,2179,18,10,-24,-19,-22
30.945312,16,2179,2179,19,10,-24,-19,-22
30.949219,16,2179,2179,19,10,-24,-19,-22
30.953125,16,2179,2179,19,10,-24,-19,-22
30.957031,16,2179,2179,19,10,-23,-19,-22
30.960938,16,2179,2179,18,9,-24,-20,-22
30.964844,16,2179,2179,18,10,-25,-20,-22
30.968750,17,2179,2179,18,9,-25,-20,-23
30.972656,17,2179,2179,17,9,-25,-20,-22
30.976562,17,2179,2179,17,9,-25,-20,-23
30.980469,17,2179,2179,17,9,-25,-20,-22
30.984375,17,2179,2179,17,9,-24,-20,-22
30.988281,17,2179,2179,18,9,-24,-19,-22
30.992188,16,2179,2179,18,9,-24,-19,-22
30.996094,16,2179,2179,18,9,-24,-19,-22
31.000000,15,2179,2179,19,10,-24,-19,-22
31.003906,15,2179,2179,19,10,-24,-20,-22
31.007812,15,2179,2179,19,10,-25,-20,-22
31.011719,15,2179,2179,19,10,-25,-20,-22
31.015625,15,2179,2179,19,10,-25,-20,-22
31.019531,14,2179,2179,19,10,-24,-19,-22
31.023438,15,2179,2179,18,10,-24,-19,-22
31.027344,15,2179,2179,19,10,-23,-19,-21
31.031250,14,2179,2179,19,9,-23,-18,-21
31.035156,14,2179,2179,19,10,-23,-18,-21
31.039062,14,2179,2179,19,10,-23,-18,-20
31.042969,14,2179,2179,19,10,-23,-18,-20
31.046875,13,2179,2179,19,10,-23,-18,-21
31.050781,13,2179,2179,19,10,-23,-18,-21
31.054688,13,2179,2179,20,10,-23,-18,-21
31.058594,13,2179,2179,19,10,-23,-19,-21
31.062500,13,2179,2179,19,10,-24,-19,-22
31.066406,13,2179,2179,19,10,-24,-19,-22
31.070312,14,2179,2179,19,10,-24,-20,-22
31.074219,14,2179,2179,19,10,-24,-19,-22
31.078125,14,2179,2179,19,10,-25,-20,-22
31.082031,14,2179,2179,19,10,-30,-20,-22
31.085938,14,2179,2179,19,10,-25,-20,-22
31.089844,14,2179,2179,19,10,-24,-20,-22
31.093750,14,2179,2179,19,10,-24,-19,-22
31.097656,14,2179,2179,19,10,-24,-19,-22
31.101562,14,2179,2179,19,10,-23,-19,-21
31.105469,14,2179,2179,19,10,-23,-19,-21
31.109375,13,2179,2179,19,10,-23,-18,-21
31.113281,13,2179,2179,19,10,-23,-18,-21
31.117188,12,2179,2179,20,11,-23,-19,-21
31.121094,12,2179,2179,20,11,-23,-19,-21
31.125000,12,2179,2179,19,11,-23,-19,-21
31.128906,12,2179,2179,20,11,-24,-19,-21
31.132812,12,2179,2179,20,11,-24,-19,-21
31.136719,13,2179,2179,20,11,-24,-19,-22
31.140625,13,2179,2179,19,10,-24,-19,-22
31.144531,13,2179,2179,19,10,-24,-19,-22
31.148438,13,2179,2179,18,10,-24,-19,-22
31.152344,14,2179,2179,18,10,-24,-19,-22
31.156250,14,2179,2179,17,10,-24,-19,-22
31.160156,14,2179,2179,17,9,-24,-19,-22
31.164062,14,2179,2179,17,9,-24,-19,-22
31.167969,14,2179,2179,18,9,-23,-19,-21
31.171875,14,2179,2179,18,9,-23,-19,-21
31.175781,14,2179,2179,18,9,-23,-19,-21
31.179688,14,2179,2179,18,9,-24,-19,-22
31.183594,14,2179,2179,19,9,-24,-19,-22
31.187500,14,2179,2179,19,9,-24,-19,-22
31.191406,14,2179,2179,18,9,-24,-19,-22
31.195312,14,2179,2179,18,9,-24,-19,-22
31.199219,14,2179,2179,18,9,-24,-18,-22
31.203125,14,2179,2179,18,9,-24,-19,-22
31.207031,14,2179,2179,18,9,-22,-19,-22
31.210938,14,2179,2179,18,9,-24,-18,-22
31.214844,14,2179,2179,19,10,-23,-18,-22
31.218750,14,2179,2179,19,10,-23,-19,-21
31.222656,14,2179,2179,19,10,-23,-19,-22
31.226562,13,2179,2179,19,10,-23,-19,-21
31.230469,13,2179,2179,19,10,-23,-19,-21
31.234375,13,2179,2179,19,10,-24,-19,-21
31.238281,13,2179,2179,19,10,-24,-19,-21
31.242188,13,2179,2179,19,10,-24,-19,-21
31.246094,13,2179,2179,19,10,-24,-19,-22
31.250000,13,2179,2179,19,10,-24,-19,-22
31.253906,14,2179,2179,18,10,-24,-19,-22
31.257812,14,2179,2179,18,10,-23,-19,-22
31.261719,14,2179,2179,18,10,-23,-18,-21
31.265625,14,2179,2179,18,10,-23,-18,-21
31.269531,14,2179,2179,18,10,-23,-18,-21
31.273438,14,2179,2179,19,10,-23,-18,-21
31.277344,14,2179,2179,19,10,-23,-19,-21
31.281250,14,2179,2179,19,10,-24,-19,-21
31.285156,14,2179,2179,20,10,-24,-19,-22
31.289062,14,2179,2179,19,10,-24,-19,-22
31.292969,14,2179,2179,19,10,-24,-19,-22
31.296875,14,2179,2179,19,10,-24,-19,-22
31.300781,14,2179,2179,19,10,-24,-19,-22
31.304688,14,2179,2179,19,10,-23,-19,-22
31.308594,14,2179,2179,18,9,-23,-18,-21
31.312500,13,2179,2179,18,10,-23,-18,-21
31.316406,13,2179,2179,19,10,-23,-18,-21
31.320312,13,2179,2179,19,10,-23,-18,-21
31.324219,13,2179,2179,19,9,-23,-18,-21
31.328125,13,2179,2179,19,9,-23,-19,-21
31.332031,13,2179,2179,19,10,-29,-19,-21
31.335938,13,2179,2179,19,9,-23,-19,-21
31.339844,13,2179,2179,18,9,-24,-19,-21
31.343750,13,2179,2179,18,9,-23,-19,-21
31.347656,13,2179,2179,18,9,-23,-19,-21
31.351562,13,2179,2179,18,10,-23,-19,-21
31.355469,13,2179,2179,18,10,-24,-19,-21
31.359375,13,2179,2179,18,10,-24,-19,-21
31.363281,13,2179,2179,18,10,-24,-19,-22
31.367188,13,2179,2179,18,10,-24,-19,-22
31.371094,13,2179,2179,19,10,-24,-20,-22
31.375000,13,2179,2179,19,10,-25,-20,-22
31.378906,14,2179,2179,19,10,-25,-20,-22
31.382812,14,2179,2179,19,10,-25,-20,-23
31.386719,14,2179,2179,19,10,-24,-20,-22
31.390625,15,2179,2179,18,9,-24,-19,-22
31.394531,14,2179,2179,18,9,-24,-19,-22
31.398438,14,2179,2179,19,9,-24,-19,-21
31.402344,14,2179,2179,19,9,-24,-19,-21
31.406250,14,2179,2179,18,9,-23,-19,-21
31.410156,14,2179,2179,18,9,-23,-18,-21
31.414062,14,2179,2179,19,9,-23,-18,-21
31.417969,14,2179,2179,19,10,-23,-19,-21
31.421875,14,2179,2179,19,10,-23,-19,-21
31.425781,14,2179,2179,19,10,-23,-19,-21
31.429688,13,2179,2179,19,10,-24,-19,-21
31.433594,13,2179,2179,19,10,-24,-19,-21
31.437500,13,2179,2179,19,10,-24,-19,-21
31.441406,13,2179,2179,19,10,-24,-19,-21
31.445312,14,2179,2179,19,10,-24,-19,-21
31.449219,14,2179,2179,18,10,-23,-18,-21
31.453125,14,2179,2179,18,10,-23,-19,-21
31.457031,14,2179,2179,18,10,-21,-18,-21
31.460938,14,2179,2179,18,10,-23,-18,-21
31.464844,13,2179,2179,18,10,-23,-18,-21
31.468750,13,2179,2179,19,10,-23,-19,-21
31.472656,14,2179,2179,19,10,-23,-19,-21
31.476562,14,2179,2179,19,10,-24,-19,-22
31.480469,14,2179,2179,19,10,-24,-20,-22
31.484375,14,2179,2179,19,10,-24,-20,-22
31.488281,15,2179,2179,19,10,-24,-20,-22
31.492188,15,2179,2179,19,9,-24,-19,-22
31.496094,14,2179,2179,18,9,-24,-19,-22
31.500000,14,2179,2179,19,9,-23,-19,-22
31.503906,14,2179,2179,19,10,-23,-18,-21
31.507812,14,2179,2179,19,10,-23,-18,-21
31.511719,14,2179,2179,19,10,-23,-18,-21
31.515625,13,2179,2179,19,10,-23,-18,-21
31.519531,13,2179,2179,19,10,-23,-19,-21
31.523438,13,2179,2179,19,10,-24,-19,-21
31.527344,13,2179,2179,19,10,-24,-19,-21
31.531250,13,2179,2179,19,10,-24,-19,-21
31.535156,13,2179,2179,19,10,-24,-19,-22
31.539062,13,2179,2179,19,10,-24,-19,-22
31.542969,13,2179,2179,18,10,-24,-19,-22
31.546875,13,2179,2179,18,10,-24,-19,-22
31.550781,13,2179,2179,18,10,-24,-19,-22
31.554688,13,2179,2179,18,10,-24,-19,-22
31.558594,13,2179,2179,17,9,-24,-19,-22
31.562500,13,2179,2179,17,9,-23,-19,-22
31.566406,13,2179,2179,18,10,-24,-19,-21
31.570312,14,2179,2179,18,9,-24,-19,-22
31.574219,14,2179,2179,18,9,-23,-18,-21
31.578125,14,2179,2179,18,9,-24,-19,-22
31.582031,13,2179,2179,19,9,-30,-19,-22
31.585938,13,2179,2179,19,9,-24,-19,-22
31.589844,14,2179,2179,18,9,-24,-19,-22
31.593750,14,2179,2179,18,9,-24,-18,-22
31.597656,13,2179,2179,18,9,-23,-19,-22
31.601562,13,2179,2179,18,9,-24,-19,-22
31.605469,14,2179,2179,18,10,-24,-19,-22
31.609375,14,2179,2179,17,9,-24,-19,-22
31.613281,14,2179,2179,18,9,-24,-20,-22
31.617188,14,2179,2179,18,10,-25,-20,-22
31.621094,15,2179,2179,19,10,-25,-20,-23
31.625000,15,2179,2179,18,9,-25,-20,-23
31.628906,15,2179,2179,18,9,-25,-20,-23
31.632812,15,2179,2179,19,9,-25,-20,-23
31.636719,15,2179,2179,19,9,-24,-20,-22
31.640625,16,2179,2179,18,9,-24,-19,-22
31.644531,16,2179,2179,18,9,-24,-19,-22
31.648438,16,2179,2179,18,10,-24,-19,-21
31.652344,16,2179,2179,19,10,-23,-19,-21
31.656250,16,2179,2179,19,10,-23,-18,-21
31.660156,16,2179,2179,19,10,-23,-18,-21
31.664062,16,2179,2179,19,10,-23,-18,-21
31.667969,16,2179,2179,19,10,-23,-18,-21
31.671875,17,2179,2179,19,10,-23,-18,-21
31.675781,16,2179,2179,18,10,-23,-18,-21
31.679688,16,2179,2179,18,10,-23,-18,-21
31.683594,16,2179,2179,18,10,-23,-19,-21
31.687500,16,2179,2179,18,10,-23,-18,-21
31.691406,16,2179,2179,18,10,-23,-19,-21
31.695312,16,2179,2179,18,10,-24,-19,-21
31.699219,16,2179,2179,19,10,-24,-19,-22
31.703125,16,2179,2179,19,10,-24,-19,-21
31.707031,16,2179,2179,19,10,-21,-19,-21
31.710938,16,2179,2179,19,10,-24,-19,-22
31.714844,16,2179,2179,20,10,-24,-19,-21
31.718750,15,2179,2179,20,10,-24,-19,-21
31.722656,15,2179,2179,19,10,-24,-19,-21
31.726562,15,2179,2179,19,10,-24,-19,-21
31.730469,15,2179,2179,19,10,-24,-19,-22
31.734375,15,2179,2179,19,10,-24,-19,-22
31.738281,15,2179,2179,19,10,-24,-19,-22
31.742188,15,2179,2179,18,9,-24,-19,-21
31.746094,14,2179,2179,18,9,-24,-19,-21
31.750000,14,2179,2179,19,9,-23,-18,-21
31.753906,14,2179,2179,19,9,-23,-18,-21
31.757812,14,2179,2179,19,9,-23,-18,-21
31.761719,14,2179,2179,19,9,-23,-18,-21
31.765625,14,2179,2179,19,9,-23,-18,-21
31.769531,14,2179,2179,19,9,-23,-18,-21
31.773438,14,2179,2179,19,9,-23,-19,-21
31.777344,14,2179,2179,18,9,-24,-19,-21
31.781250,14,2179,2179,19,9,-24,-19,-21
31.785156,14,2179,2179,19,9,-24,-19,-21
31.789062,15,2179,2179,18,9,-24,-18,-21
31.792969,15,2179,2179,18,8,-23,-18,-21
31.796875,14,2179,2179,18,8,-23,-18,-21
31.800781,15,2179,2179,18,9,-23,-18,-21
31.804688,15,2179,2179,18,9,-23,-18,-21
31.808594,15,2179,2179,18,9,-23,-18,-21
31.812500,14,2179,2179,18,9,-23,-18,-21
31.816406,14,2179,2179,19,9,-23,-18,-21
31.820312,14,2179,2179,19,9,-23,-18,-21
31.824219,14,2179,2179,19,9,-23,-18,-21
31.828125,14,2179,2179,19,10,-24,-19,-21
31.832031,14,2179,2179,19,10,-30,-19,-21
31.835938,14,2179,2179,19,10,-24,-19,-21
31.839844,15,2179,2179,19,10,-23,-19,-21
31.843750,15,2179,2179,19,10,-23,-19,-21
31.847656,14,2179,2179,19,10,-24,-19,-21
31.851562,14,2179,2179,19,10,-23,-19,-21
31.855469,15,2179,2179,19,10,-23,-19,-21
31.859375,15,2179,2179,19,10,-24,-19,-21
31.863281,15,2179,2179,19,10,-24,-19,-21
31.867188,15,2179,2179,19,10,-23,-19,-21
31.871094,15,2179,2179,19,10,-23,-19,-21
31.875000,16,2179,2179,19,10,-23,-19,-21
31.878906,15,2179,2179,19,10,-23,-19,-21
31.882812,15,2179,2179,19,10,-23,-19,-21
31.886719,15,2179,2179,19,10,-23,-18,-21
31.890625,15,2179,2179,19,10,-23,-19,-21
31.894531,15,2179,2179,19,10,-23,-19,-21
31.898438,15,2179,2179,19,10,-24,-19,-21
31.902344,15,2179,2179,19,10,-24,-19,-22
31.906250,16,2179,2179,19,10,-24,-19,-22
31.910156,16,2179,2179,18,10,-24,-19,-22
31.914062,16,2179,2179,18,9,-24,-19,-22
31.917969,16,2179,2179,19,10,-24,-19,-22
31.921875,16,2179,2179,19,10,-24,-19,-22
31.925781,16,2179,2179,19,10,-24,-19,-22
31.929688,15,2179,2179,19,10,-24,-19,-22
31.933594,15,2179,2179,19,10,-24,-19,-22
31.937500,15,2179,2179,19,10,-24,-19,-22
31.941406,15,2179,2179,19,10,-24,-20,-22
31.945312,15,2179,2179,19,10,-25,-20,-22
31.949219,15,2179,2179,19,10,-25,-20,-23
31.953125,15,2179,2179,19,10,-25,-20,-22
31.957031,15,2179,2179,18,10,-21,-20,-23
31.960938,15,2179,2179,19,9,-25,-20,-22
31.964844,15,2179,2179,19,10,-24,-20,-22
31.968750,15,2179,2179,19,10,-24,-19,-22
31.972656,15,2179,2179,19,10,-24,-19,-22
31.976562,15,2179,2179,19,10,-23,-19,-21
31.980469,15,2179,2179,19,9,-23,-19,-21
31.984375,15,2179,2179,19,10,-23,-19,-21
31.988281,16,2179,2179,19,10,-23,-18,-21
31.992188,15,2179,2179,19,9,-23,-18,-21
31.996094,15,2179,2179,19,10,-23,-18,-21
32.000000,15,2179,2179,19,10,-23,-18,-21
32.003906,15,2179,2179,19,10,-23,-18,-21
32.007812,15,2179,2179,19,10,-23,-18,-21
32.011719,15,2179,2179,19,10,-24,-19,-21
32.015625,15,2179,2179,19,10,-24,-19,-21
32.019531,15,2179,2179,19,10,-24,-19,-22
32.023438,15,2179,2179,19,10,-24,-19,-22
32.027344,15,2179,2179,19,10,-24,-19,-22
32.031250,14,2179,2179,19,10,-24,-19,-21
32.035156,14,2179,2179,19,10,-24,-19,-21
32.039062,14,2179,2179,19,10,-24,-19,-21
32.042969,14,2179,2179,19,10,-24,-19,-21
32.046875,13,2179,2179,19,10,-24,-19,-21
32.050781,13,2179,2179,20,11,-24,-19,-22
32.054688,13,2179,2179,20,11,-24,-19,-21
32.058594,13,2179,2179,19,10,-24,-19,-21
32.062500,13,2179,2179,19,10,-24,-19,-21
32.066406,13,2179,2179,19,10,-23,-19,-21
32.070312,13,2179,2179,19,10,-23,-18,-21
32.074219,13,2179,2179,19,10,-23,-18,-21
32.078125,13,2179,2179,19,10,-23,-18,-21
32.082031,13,2179,2179,19,10,-30,-18,-21
32.085938,13,2179,2179,19,10,-23,-18,-21
32.089844,14,2179,2179,19,10,-23,-18,-21
32.093750,14,2179,2179,18,10,-23,-18,-21
32.097656,14,2179,2179,18,9,-23,-18,-21
32.101562,14,2179,2179,18,10,-23,-18,-21
32.105469,14,2179,2179,18,10,-23,-18,-21
32.109375,14,2179,2179,17,9,-23,-18,-21
32.113281,14,2179,2179,17,9,-23,-18,-21
32.117188,14,2179,2179,18,10,-23,-18,-21
32.121094,14,2179,2179,18,10,-23,-18,-21
32.125000,14,2179,2179,18,10,-23,-18,-21
32.128906,14,2179,2179,19,9,-23,-18,-21
32.132812,14,2179,2179,19,10,-23,-18,-21
32.136719,14,2179,2179,19,10,-23,-18,-21
32.140625,14,2179,2179,19,10,-23,-18,-21
32.144531,13,2179,2179,19,10,-23,-18,-21
32.148438,13,2179,2179,19,10,-23,-18,-21
32.152344,13,2179,2179,18,10,-23,-18,-21
32.156250,13,2179,2179,18,10,-23,-18,-21
32.160156,13,2179,2179,18,10,-23,-18,-21
32.164062,13,2179,2179,18,10,-23,-18,-21
32.167969,13,2179,2179,19,10,-23,-18,-21
32.171875,13,2179,2179,19,10,-23,-18,-21
32.175781,14,2179,2179,19,9,-23,-18,-21
32.179688,13,2179,2179,19,9,-23,-18,-21
32.183594,14,2179,2179,19,9,-23,-18,-21
32.187500,14,2179,2179,19,9,-23,-18,-21
32.191406,15,2179,2179,18,9,-23,-18,-21
32.195312,15,2179,2179,18,9,-23,-18,-21
32.199219,14,2179,2179,18,9,-23,-18,-21
32.203125,14,2179,2179,19,9,-23,-18,-21
32.207031,14,2179,2179,18,9,-18,-18,-21
32.210938,14,2179,2179,18,9,-23,-18,-21
32.214844,14,2179,2179,19,9,-23,-18,-21
32.218750,14,2179,2179,19,9,-23,-18,-21
32.222656,14,2179,2179,19,9,-23,-18,-21
32.226562,14,2179,2179,19,9,-23,-18,-21
32.230469,14,2179,2179,19,9,-24,-19,-21
32.234375,14,2179,2179,19,10,-24,-19,-22
32.238281,15,2179,2179,19,10,-24,-19,-22
32.242188,14,2179,2179,19,10,-24,-19,-22
32.246094,14,2179,2179,19,10,-24,-19,-22
32.250000,14,2179,2179,19,10,-24,-20,-22
32.253906,14,2179,2179,19,10,-24,-20,-22
32.257812,15,2179,2179,19,10,-24,-20,-22
32.261719,15,2179,2179,19,10,-24,-19,-22
32.265625,14,2179,2179,19,10,-24,-19,-22
32.269531,14,2179,2179,19,10,-24,-19,-22
32.273438,14,2179,2179,19,10,-23,-18,-21
32.277344,14,2179,2179,19,10,-23,-18,-21
32.281250,13,2179,2179,19,10,-23,-18,-21
32.285156,13,2179,2179,19,10,-23,-18,-21
32.289062,13,2179,2179,19,10,-23,-18,-21
32.292969,13,2179,2179,19,10,-23,-18,-21
32.296875,13,2179,2179,19,10,-24,-18,-22
32.300781,13,2179,2179,19,10,-24,-19,-22
32.304688,13,2179,2179,19,10,-24,-19,-22
32.308594,13,2179,2179,19,10,-24,-19,-22
32.312500,12,2179,2179,19,10,-24,-19,-22
32.316406,12,2179,2179,19,10,-24,-19,-22
32.320312,12,2179,2179,19,10,-24,-19,-22
32.324219,13,2179,2179,19,10,-24,-19,-22
32.328125,12,2179,2179,18,10,-24,-19,-22
32.332031,12,2179,2179,18,10,-31,-19,-22
32.335938,12,2179,2179,18,10,-24,-19,-22
32.339844,12,2179,2179,17,10,-24,-19,-22
32.343750,12,2179,2179,17,9,-24,-19,-22
32.347656,12,2179,2179,18,9,-24,-19,-21
32.351562,12,2179,2179,18,10,-24,-19,-21
32.355469,13,2179,2179,18,10,-23,-19,-21
32.359375,13,2179,2179,17,9,-23,-19,-21
32.363281,13,2179,2179,18,9,-23,-19,-21
32.367188,13,2179,2179,18,10,-24,-19,-21
32.371094,13,2179,2179,18,10,-24,-19,-22
32.375000,13,2179,2179,19,10,-24,-19,-22
32.378906,13,2179,2179,19,10,-24,-19,-22
32.382812,13,2179,2179,20,10,-24,-19,-22
32.386719,14,2179,2179,20,10,-24,-19,-22
32.390625,14,2179,2179,19,10,-24,-19,-21
32.394531,14,2179,2179,19,10,-24,-19,-21
32.398438,14,2179,2179,19,10,-23,-19,-21
32.402344,15,2179,2179,19,10,-23,-19,-21
32.406250,15,2179,2179,19,10,-23,-19,-21
32.410156,15,2179,2179,19,10,-23,-19,-21
32.414062,15,2179,2179,19,10,-23,-19,-21
32.417969,15,2179,2179,19,10,-23,-19,-21
32.421875,15,2179,2179,19,10,-24,-19,-21
32.425781,16,2179,2179,19,10,-24,-19,-21
32.429688,16,2179,2179,19,10,-24,-19,-21
32.433594,16,2179,2179,19,10,-24,-19,-21
32.437500,16,2179,2179,19,11,-25,-20,-22
32.441406,17,2179,2179,19,10,-25,-20,-22
32.445312,17,2179,2179,18,10,-25,-20,-22
32.449219,17,2179,2179,18,10,-25,-20,-22
32.453125,17,2179,2179,18,11,-24,-20,-22
32.457031,17,2179,2179,18,10,-20,-20,-22
32.460938,17,2179,2179,18,10,-24,-20,-22
32.464844,17,2179,2179,19,11,-24,-19,-22
32.468750,17,2179,2179,19,11,-24,-19,-22
32.472656,17,2179,2179,19,11,-24,-19,-22
32.476562,18,2179,2179,19,10,-24,-19,-22
32.480469,18,2179,2179,19,10,-24,-19,-22
32.484375,18,2179,2179,19,10,-24,-19,-22
32.488281,18,2179,2179,19,10,-23,-18,-21
32.492188,18,2179,2179,18,10,-23,-18,-21
32.496094,18,2179,2179,18,10,-23,-18,-21
32.500000,18,2179,2179,19,10,-23,-18,-21
32.503906,18,2179,2179,19,10,-23,-18,-21
32.507812,18,2179,2179,18,9,-23,-18,-21
32.511719,18,2179,2179,19,9,-23,-18,-21
32.515625,17,2179,2179,19,10,-23,-18,-21
32.519531,17,2179,2179,19,10,-23,-19,-21
32.523438,18,2179,2179,19,9,-24,-19,-22
32.527344,18,2179,2179,19,9,-24,-19,-21
32.531250,18,2179,2179,19,9,-24,-19,-21
32.535156,18,2179,2179,19,10,-23,-19,-21
32.539062,18,2179,2179,19,10,-23,-19,-21
32.542969,18,2179,2179,19,10,-23,-19,-21
32.546875,18,2179,2179,19,10,-23,-19,-21
32.550781,18,2179,2179,19,10,-23,-19,-21
32.554688,19,2179,2179,19,10,-24,-19,-21
32.558594,19,2179,2179,19,10,-23,-19,-21
32.562500,19,2179,2179,19,10,-23,-19,-21
32.566406,19,2179,2179,19,10,-23,-19,-21
32.570312,18,2179,2179,20,10,-23,-19,-21
32.574219,19,2179,2179,19,10,-23,-18,-21
32.578125,19,2179,2179,19,10,-23,-19,-21
32.582031,18,2179,2179,20,10,-30,-18,-21
32.585938,19,2179,2179,20,10,-23,-18,-21
32.589844,20,2179,2179,19,10,-23,-18,-21
32.593750,20,2179,2179,19,10,-23,-18,-21
32.597656,20,2179,2179,19,10,-23,-18,-21
32.601562,21,2179,2179,19,10,-23,-19,-21
32.605469,22,2179,2179,19,10,-23,-18,-21
32.609375,22,2179,2179,19,10,-23,-18,-21
32.613281,22,2179,2179,19,10,-23,-18,-21
32.617188,22,2179,2179,19,10,-23,-18,-21
32.621094,23,2179,2179,19,9,-23,-18,-21
32.625000,23,2179,2179,19,9,-23,-18,-21
32.628906,23,2179,2179,19,9,-23,-18,-21
32.632812,23,2179,2179,19,9,-23,-18,-21
32.636719,23,2179,2179,19,10,-23,-18,-21
32.640625,23,2179,2179,19,9,-23,-18,-21
32.644531,23,2179,2179,19,9,-23,-19,-21
32.648438,23,2179,2179,19,10,-24,-19,-22
32.652344,23,2179,2179,19,10,-24,-19,-21
32.656250,23,2179,2179,19,10,-24,-19,-22
32.660156,23,2179,2179,19,10,-24,-19,-22
32.664062,23,2179,2179,19,10,-23,-19,-21
32.667969,22,2179,2179,19,10,-23,-19,-21
32.671875,22,2179,2179,19,10,-23,-18,-21
32.675781,22,2179,2179,19,10,-23,-18,-21
32.679688,21,2179,2179,19,10,-23,-18,-21
32.683594,21,2179,2179,19,10,-23,-18,-21
32.687500,21,2179,2179,19,10,-23,-18,-21
32.691406,21,2179,2179,19,10,-23,-18,-21
32.695312,21,2179,2179,19,10,-23,-18,-21
32.699219,21,2179,2179,19,10,-23,-18,-20
32.703125,21,2179,2179,19,10,-23,-18,-21
32.707031,22,2179,2179,19,10,-18,-18,-21
32.710938,22,2179,2179,19,10,-23,-18,-21
32.714844,21,2179,2179,19,10,-23,-18,-21
32.718750,22,2179,2179,19,10,-23,-18,-21
32.722656,22,2179,2179,19,10,-23,-18,-21
32.726562,22,2179,2179,19,10,-23,-18,-21
32.730469,22,2179,2179,19,10,-23,-18,-21
32.734375,22,2179,2179,19,10,-23,-18,-21
32.738281,23,2179,2179,19,10,-23,-18,-21
32.742188,23,2179,2179,18,9,-23,-18,-21
32.746094,23,2179,2179,18,9,-23,-18,-21
32.750000,22,2179,2179,19,9,-23,-18,-21
32.753906,23,2179,2179,19,10,-23,-18,-21
32.757812,23,2179,2179,18,9,-23,-18,-21
32.761719,23,2179,2179,18,9,-23,-18,-21
32.765625,22,2179,2179,19,9,-23,-18,-21
32.769531,23,2179,2179,19,9,-23,-18,-21
32.773438,23,2179,2179,18,9,-23,-18,-21
32.777344,23,2179,2179,18,9,-23,-18,-21
32.781250,22,2179,2179,19,9,-24,-19,-21
32.785156,22,2179,2179,19,10,-24,-19,-21
32.789062,22,2179,2179,19,10,-24,-19,-21
32.792969,22,2179,2179,19,10,-24,-19,-21
32.796875,22,2179,2179,19,10,-24,-19,-21
32.800781,22,2179,2179,19,10,-23,-19,-21
32.804688,23,2179,2179,19,10,-23,-19,-21
32.808594,23,2179,2179,18,9,-23,-18,-21
32.812500,23,2179,2179,18,9,-23,-18,-21
32.816406,24,2179,2179,19,9,-23,-18,-21
32.820312,24,2179,2179,19,9,-23,-18,-21
32.824219,24,2179,2179,18,9,-23,-18,-21
32.828125,24,2179,2179,19,10,-23,-18,-21
32.832031,24,2179,2179,19,10,-31,-19,-21
32.835938,25,2179,2179,19,10,-24,-19,-22
32.839844,25,2179,2179,19,10,-24,-19,-22
32.843750,25,2179,2179,19,10,-24,-19,-22
32.847656,25,2179,2179,19,10,-23,-19,-21
32.851562,25,2179,2179,19,10,-23,-19,-21
32.855469,26,2179,2179,19,10,-23,-19,-21
32.859375,26,2179,2179,18,9,-23,-19,-21
32.863281,25,2179,2179,18,9,-23,-19,-22
32.867188,25,2179,2179,18,10,-24,-19,-22
32.871094,25,2179,2179,18,10,-24,-19,-22
32.875000,25,2179,2179,18,9,-24,-19,-22
32.878906,25,2179,2179,18,9,-24,-19,-22
32.882812,25,2179,2179,19,10,-24,-19,-22
32.886719,25,2179,2179,19,10,-24,-18,-21
32.890625,25,2179,2179,18,9,-23,-18,-21
32.894531,24,2179,2179,19,10,-23,-18,-21
32.898438,24,2179,2179,19,10,-23,-18,-21
32.902344,24,2179,2179,19,10,-23,-18,-21
32.906250,25,2179,2179,18,10,-23,-18,-21
32.910156,25,2179,2179,19,10,-23,-18,-21
32.914062,24,2179,2179,19,10,-23,-18,-21
32.917969,24,2179,2179,19,10,-23,-18,-21
32.921875,25,2179,2179,19,10,-23,-19,-21
32.925781,25,2179,2179,19,10,-24,-19,-22
32.929688,25,2179,2179,19,9,-24,-19,-22
32.933594,25,2179,2179,19,10,-24,-19,-22
32.937500,26,2179,2179,19,9,-24,-19,-22
32.941406,27,2179,2179,18,9,-24,-19,-22
32.945312,27,2179,2179,18,9,-24,-19,-22
32.949219,27,2179,2179,17,9,-24,-19,-22
32.953125,27,2179,2179,17,9,-24,-20,-22
32.957031,27,2179,2179,17,9,-18,-20,-22
32.960938,27,2179,2179,17,9,-24,-20,-22
32.964844,27,2179,2179,18,10,-24,-20,-22
32.968750,27,2179,2179,18,10,-25,-20,-22
32.972656,27,2179,2179,18,10,-25,-20,-22
32.976562,27,2179,2179,18,10,-25,-20,-22
32.980469,27,2179,2179,18,10,-25,-20,-22
32.984375,28,2179,2179,19,10,-25,-20,-22
32.988281,29,2179,2179,19,10,-24,-20,-22
32.992188,29,2179,2179,18,10,-25,-20,-22
32.996094,29,2179,2179,18,10,-25,-20,-22
33.000000,30,2179,2179,19,10,-24,-20,-22
33.003906,31,2179,2179,19,10,-24,-19,-22
33.007812,31,2179,2179,19,10,-24,-19,-22
33.011719,32,2179,2179,19,9,-24,-19,-22
33.015625,32,2179,2179,19,10,-24,-19,-21
33.019531,33,2179,2179,19,10,-23,-19,-21
33.023438,34,2179,2179,19,10,-23,-19,-21
33.027344,34,2179,2179,19,10,-24,-19,-21
33.031250,35,2179,2179,19,9,-23,-19,-21
33.035156,35,2179,2179,19,10,-23,-19,-21
33.039062,36,2179,2179,19,10,-24,-18,-21
33.042969,37,2179,2179,19,10,-24,-18,-21
33.046875,37,2179,2179,19,9,-23,-18,-21
33.050781,38,2179,2179,19,10,-23,-19,-21
33.054688,39,2179,2179,19,10,-24,-19,-21
33.058594,40,2179,2179,19,10,-24,-19,-21
33.062500,40,2179,2179,19,10,-24,-19,-22
33.066406,41,2179,2179,19,10,-24,-19,-22
33.070312,41,2179,2179,19,10,-24,-19,-22
33.074219,42,2179,2179,19,10,-24,-19,-22
33.078125,42,2179,2179,19,10,-24,-19,-22
33.082031,42,2179,2179,19,10,-31,-19,-22
33.085938,43,2179,2179,19,10,-24,-19,-22
33.089844,43,2179,2179,19,10,-23,-19,-21
33.093750,43,2179,2179,19,10,-24,-19,-21
33.097656,43,2179,2179,19,10,-24,-19,-22
33.101562,43,2179,2179,20,10,-24,-19,-21
33.105469,44,2179,2179,19,10,-24,-19,-22
33.109375,44,2179,2179,19,10,-24,-19,-21
33.113281,45,2179,2179,19,10,-24,-19,-21
33.117188,45,2179,2179,19,10,-24,-19,-22
33.121094,46,2179,2179,19,10,-24,-19,-21
33.125000,46,2179,2179,19,10,-24,-19,-21
33.128906,46,2179,2179,19,10,-23,-18,-21
33.132812,46,2179,2179,19,10,-23,-18,-21
33.136719,46,2179,2179,19,10,-23,-18,-21
33.140625,46,2179,2179,19,10,-23,-19,-21
33.144531,46,2179,2179,19,10,-23,-19,-21
33.148438,46,2179,2179,19,10,-24,-19,-21
33.152344,47,2179,2179,19,10,-24,-19,-21
33.156250,48,2179,2179,18,9,-24,-19,-22
33.160156,48,2179,2179,18,9,-24,-19,-21
33.164062,48,2179,2179,18,9,-24,-19,-22
33.167969,48,2179,2179,19,9,-24,-19,-22
33.171875,48,2179,2179,19,10,-24,-19,-22
33.175781,48,2179,2179,19,9,-24,-19,-22
33.179688,48,2179,2179,19,9,-24,-20,-22
33.183594,49,2179,2179,19,9,-24,-20,-22
33.187500,49,2179,2179,18,9,-24,-19,-22
33.191406,50,2179,2179,18,9,-24,-19,-22
33.195312,50,2179,2179,18,9,-24,-19,-22
33.199219,50,2179,2179,18,9,-24,-19,-22
33.203125,50,2179,2179,18,9,-23,-19,-22
33.207031,50,2179,2179,18,9,-18,-19,-22
33.210938,50,2179,2179,18,9,-24,-19,-22
33.214844,50,2179,2179,19,9,-24,-19,-22
33.218750,50,2179,2179,18,9,-24,-19,-22
33.222656,51,2179,2179,18,9,-24,-19,-21
33.226562,51,2179,2179,18,9,-24,-19,-22
33.230469,51,2179,2179,18,9,-24,-19,-21
33.234375,51,2179,2179,19,9,-23,-19,-21
33.238281,52,2179,2179,19,9,-23,-19,-21
33.242188,52,2179,2179,19,9,-23,-18,-21
33.246094,52,2179,2179,19,10,-23,-19,-21
33.250000,52,2179,2179,19,10,-24,-19,-21
33.253906,53,2179,2179,19,10,-24,-19,-21
33.257812,53,2179,2179,19,9,-24,-19,-22
33.261719,54,2179,2179,19,9,-24,-19,-22
33.265625,54,2179,2179,19,10,-24,-19,-22
33.269531,54,2179,2179,19,10,-23,-19,-21
33.273438,54,2179,2179,19,9,-23,-19,-21
33.277344,55,2179,2179,18,9,-23,-18,-21
33.281250,55,2179,2179,19,9,-23,-18,-21
33.285156,55,2179,2179,19,10,-23,-18,-21
33.289062,55,2179,2179,19,10,-23,-18,-21
33.292969,55,2179,2179,19,10,-24,-19,-21
33.296875,55,2179,2179,19,10,-24,-19,-21
33.300781,55,2179,2179,19,11,-24,-19,-22
33.304688,55,2179,2179,19,11,-24,-20,-22
33.308594,55,2179,2179,19,10,-25,-20,-22
33.312500,55,2179,2179,19,10,-25,-20,-23
33.316406,55,2179,2179,19,10,-25,-20,-23
33.320312,56,2179,2179,19,10,-25,-20,-23
33.324219,56,2179,2179,19,10,-25,-19,-22
33.328125,57,2179,2179,19,9,-24,-19,-22
33.332031,56,2179,2179,19,10,-32,-19,-22
33.335938,57,2179,2179,19,9,-24,-19,-22
33.339844,57,2179,2179,19,9,-24,-19,-22
33.343750,57,2179,2179,20,9,-24,-19,-22
33.347656,57,2179,2179,20,9,-23,-19,-21
33.351562,57,2179,2179,20,10,-23,-18,-21
33.355469,57,2179,2179,20,10,-23,-18,-21
33.359375,57,2179,2179,20,9,-23,-18,-21
33.363281,57,2179,2179,19,9,-23,-18,-21
33.367188,57,2179,2179,19,10,-23,-18,-21
33.371094,57,2179,2179,19,10,-23,-18,-21
33.375000,57,2179,2179,19,10,-23,-18,-21
33.378906,58,2179,2179,19,10,-23,-18,-21
33.382812,57,2179,2179,20,10,-23,-19,-21
33.386719,57,2179,2179,20,10,-23,-18,-21
33.390625,58,2179,2179,20,9,-23,-19,-21
33.394531,58,2179,2179,20,9,-23,-18,-21
33.398438,57,2179,2179,20,10,-23,-18,-21
33.402344,57,2179,2179,20,9,-23,-18,-21
33.406250,57,2179,2179,20,9,-23,-18,-21
33.410156,57,2179,2179,20,9,-23,-18,-21
33.414062,56,2179,2179,20,9,-23,-18,-21
33.417969,56,2179,2179,21,10,-23,-18,-21
33.421875,56,2179,2179,22,10,-24,-19,-21
33.425781,56,2179,2179,22,10,-24,-19,-21
33.429688,55,2179,2179,22,10,-24,-19,-21
33.433594,55,2179,2179,22,10,-24,-19,-21
33.437500,56,2179,2179,23,10,-24,-19,-21
33.441406,55,2179,2179,23,10,-24,-19,-21
33.445312,55,2179,2179,23,10,-24,-19,-21
33.449219,55,2179,2179,24,10,-24,-19,-21
33.453125,55,2179,2179,24,10,-23,-19,-21
33.457031,55,2179,2179,24,10,-17,-19,-21
33.460938,55,2179,2179,25,10,-24,-19,-21
33.464844,55,2179,2179,26,10,-24,-19,-21
33.468750,55,2179,2179,27,10,-24,-19,-22
33.472656,55,2179,2179,28,10,-24,-19,-22
33.476562,55,2179,2179,29,10,-24,-19,-22
33.480469,55,2179,2179,30,10,-24,-19,-22
33.484375,55,2179,2179,31,10,-24,-19,-22
33.488281,55,2179,2179,31,10,-24,-19,-22
33.492188,55,2179,2179,32,10,-24,-19,-22
33.496094,54,2179,2179,33,10,-24,-19,-22
33.500000,55,2179,2179,34,10,-24,-19,-22
33.503906,54,2179,2179,36,10,-24,-19,-22
33.507812,55,2179,2179,37,10,-24,-19,-22
33.511719,55,2179,2179,38,10,-24,-19,-22
33.515625,54,2179,2179,40,10,-24,-19,-22
33.519531,54,2179,2179,41,10,-24,-19,-22
33.523438,54,2179,2179,42,9,-23,-19,-21
33.527344,54,2179,2179,42,9,-23,-18,-21
33.531250,54,2179,2179,44,9,-23,-18,-21
33.535156,54,2179,2179,45,10,-23,-19,-21
33.539062,55,2179,2179,46,10,-24,-19,-21
33.542969,55,2179,2179,47,10,-24,-19,-21
33.546875,55,2179,2179,48,10,-24,-19,-22
33.550781,55,2179,2179,50,10,-24,-19,-22
33.554688,56,2179,2179,51,10,-24,-19,-22
33.558594,56,2179,2179,52,9,-24,-19,-21
33.562500,56,2179,2179,54,9,-23,-18,-21
33.566406,56,2179,2179,55,9,-23,-18,-21
33.570312,56,2179,2179,56,9,-23,-18,-21
33.574219,56,2179,2179,58,9,-23,-18,-21
33.578125,56,2179,2179,59,9,-23,-18,-21
33.582031,55,2179,2179,61,10,-31,-19,-21
33.585938,56,2179,2179,62,10,-24,-19,-21
33.589844,56,2179,2179,63,9,-24,-19,-21
33.593750,56,2179,2179,65,9,-24,-19,-21
33.597656,56,2179,2179,66,9,-24,-19,-21
33.601562,56,2179,2179,67,9,-24,-19,-21
33.605469,56,2179,2179,68,9,-24,-19,-22
33.609375,56,2179,2179,68,9,-24,-19,-21
33.613281,56,2179,2179,69,9,-24,-19,-22
33.617188,55,2179,2179,70,9,-23,-19,-21
33.621094,55,2179,2179,71,10,-24,-19,-21
33.625000,55,2179,2179,72,9,-23,-18,-21
33.628906,55,2179,2179,74,9,-23,-18,-21
33.632812,55,2179,2179,76,10,-23,-19,-21
33.636719,55,2179,2179,79,10,-24,-19,-21
33.640625,55,2179,2179,81,9,-24,-19,-21
33.644531,55,2179,2179,83,10,-24,-19,-22
33.648438,55,2179,2179,86,10,-24,-19,-22
33.652344,55,2179,2179,88,10,-24,-19,-22
33.656250,55,2179,2179,89,10,-24,-19,-22
33.660156,55,2179,2179,91,10,-24,-19,-22
33.664062,55,2179,2179,92,10,-24,-19,-22
33.667969,55,2179,2179,94,10,-24,-19,-22
33.671875,55,2179,2179,95,10,-24,-19,-22
33.675781,55,2179,2179,95,10,-24,-19,-22
33.679688,55,2179,2179,96,10,-24,-18,-22
33.683594,55,2179,2179,97,10,-24,-18,-22
33.687500,55,2179,2179,98,10,-24,-18,-21
33.691406,55,2179,2179,98,10,-23,-18,-21
33.695312,55,2179,2179,100,10,-23,-18,-21
33.699219,54,2179,2179,101,10,-23,-18,-21
33.703125,54,2179,2179,103,10,-23,-18,-21
33.707031,54,2179,2179,104,10,-17,-18,-21
33.710938,54,2179,2179,105,10,-23,-19,-21
33.714844,54,2179,2179,107,10,-23,-18,-21
33.718750,54,2179,2179,108,10,-23,-19,-21
33.722656,54,2179,2179,109,10,-23,-18,-22
33.726562,54,2179,2179,109,10,-23,-19,-21
33.730469,53,2179,2179,110,10,-24,-19,-22
33.734375,53,2179,2179,110,10,-24,-19,-22
33.738281,54,2179,2179,110,10,-24,-19,-22
33.742188,54,2179,2179,110,10,-24,-20,-22
33.746094,54,2179,2179,109,10,-24,-19,-22
33.750000,54,2179,2179,110,10,-24,-19,-22
33.753906,55,2179,2179,110,10,-24,-19,-22
33.757812,55,2179,2179,111,10,-23,-19,-22
33.761719,55,2179,2179,112,10,-23,-19,-22
33.765625,55,2179,2179,114,10,-24,-19,-22
33.769531,55,2179,2179,115,10,-24,-19,-22
33.773438,55,2179,2179,116,9,-24,-19,-22
33.777344,55,2179,2179,116,9,-24,-19,-22
33.781250,55,2179,2179,117,9,-24,-19,-22
33.785156,55,2179,2179,117,9,-23,-19,-22
33.789062,55,2179,2179,117,9,-23,-18,-21
33.792969,55,2179,2179,116,9,-23,-18,-21
33.796875,55,2179,2179,116,9,-23,-18,-21
33.800781,54,2179,2179,117,9,-23,-19,-21
33.804688,54,2179,2179,117,10,-24,-19,-21
33.808594,54,2179,2179,117,9,-24,-19,-22
33.812500,54,2179,2179,117,9,-24,-19,-22
33.816406,54,2179,2179,118,10,-24,-19,-22
33.820312,55,2179,2179,119,10,-24,-19,-22
33.824219,55,2179,2179,120,9,-24,-19,-22
33.828125,55,2179,2179,120,9,-23,-18,-21
33.832031,54,2179,2179,122,10,-30,-18,-21
33.835938,54,2179,2179,122,10,-23,-18,-21
33.839844,55,2179,2179,122,10,-23,-18,-21
33.843750,55,2179,2179,122,10,-23,-18,-21
33.847656,54,2179,2179,122,10,-23,-18,-21
33.851562,54,2179,2179,122,10,-23,-18,-21
33.855469,55,2179,2179,122,10,-23,-18,-21
33.859375,55,2179,2179,122,10,-23,-18,-21
33.863281,54,2179,2179,123,10,-23,-18,-21
33.867188,54,2179,2179,124,10,-23,-19,-21
33.871094,55,2179,2179,124,10,-24,-19,-21
33.875000,55,2179,2179,124,10,-24,-19,-21
33.878906,55,2179,2179,125,10,-24,-19,-21
33.882812,55,2179,2179,126,10,-23,-19,-21
33.886719,56,2179,2179,126,10,-23,-19,-21
33.890625,56,2179,2179,125,10,-24,-19,-22
33.894531,56,2179,2179,126,10,-24,-19,-21
33.898438,56,2179,2179,126,10,-24,-19,-22
33.902344,56,2179,2179,127,10,-24,-19,-22
33.906250,56,2179,2179,127,10,-24,-19,-21
33.910156,56,2179,2179,127,10,-24,-19,-21
33.914062,56,2179,2179,128,10,-23,-19,-21
33.917969,56,2179,2179,128,10,-24,-19,-21
33.921875,56,2179,2179,128,10,-24,-19,-21
33.925781,56,2179,2179,128,10,-24,-19,-21
33.929688,56,2179,2179,128,10,-24,-19,-21
33.933594,55,2179,2179,128,10,-24,-19,-21
33.937500,55,2179,2179,128,10,-24,-19,-21
33.941406,55,2179,2179,128,10,-24,-19,-22
33.945312,55,2179,2179,128,10,-24,-19,-22
33.949219,55,2179,2179,129,10,-24,-19,-22
33.953125,55,2179,2179,130,10,-24,-19,-22
33.957031,55,2179,2179,130,10,-17,-19,-21
33.960938,55,2179,2179,130,10,-24,-18,-21
33.964844,55,2179,2179,130,10,-24,-19,-21
33.968750,55,2179,2179,130,10,-24,-18,-21
33.972656,55,2179,2179,130,10,-23,-18,-21
33.976562,55,2179,2179,130,10,-24,-18,-21
33.980469,55,2179,2179,130,10,-23,-19,-21
33.984375,55,2179,2179,131,10,-24,-19,-22
33.988281,56,2179,2179,132,9,-23,-19,-22
33.992188,55,2179,2179,132,9,-24,-19,-21
33.996094,55,2179,2179,132,9,-24,-19,-22
34.000000,55,2179,2179,132,10,-24,-19,-22
34.003906,55,2179,2179,132,10,-24,-19,-22
34.007812,55,2179,2179,131,9,-24,-19,-22
34.011719,55,2179,2179,131,9,-24,-19,-22
34.015625,54,2179,2179,131,10,-24,-19,-22
34.019531,54,2179,2179,131,10,-24,-19,-22
34.023438,55,2179,2179,131,10,-24,-19,-22
34.027344,55,2179,2179,132,9,-24,-19,-22
34.031250,54,2179,2179,132,10,-24,-19,-22
34.035156,54,2179,2179,133,10,-24,-19,-22
34.039062,54,2179,2179,133,10,-24,-19,-21
34.042969,54,2179,2179,133,9,-23,-19,-21
34.046875,54,2179,2179,133,10,-23,-18,-21
34.050781,54,2179,2179,134,10,-23,-19,-21
34.054688,54,2179,2179,134,10,-23,-18,-21
34.058594,54,2179,2179,134,10,-23,-18,-21
34.062500,54,2179,2179,134,10,-24,-19,-21
34.066406,54,2179,2179,134,11,-24,-19,-21
34.070312,54,2179,2179,134,10,-24,-19,-21
34.074219,54,2179,2179,134,10,-24,-19,-22
34.078125,55,2179,2179,134,10,-24,-19,-22
34.082031,54,2179,2179,135,10,-31,-19,-21
34.085938,55,2179,2179,135,10,-23,-19,-21
34.089844,55,2179,2179,136,10,-23,-19,-21
34.093750,55,2179,2179,136,10,-23,-19,-21
34.097656,55,2179,2179,137,10,-23,-19,-21
34.101562,55,2179,2179,137,10,-24,-19,-22
34.105469,55,2179,2179,138,10,-24,-19,-22
34.109375,55,2179,2179,137,10,-24,-19,-22
34.113281,55,2179,2179,137,10,-24,-19,-22
34.117188,54,2179,2179,137,11,-24,-20,-22
34.121094,54,2179,2179,137,11,-24,-20,-22
34.125000,54,2179,2179,137,10,-24,-20,-22
34.128906,55,2179,2179,137,10,-24,-19,-22
34.132812,54,2179,2179,138,11,-24,-20,-22
34.136719,54,2179,2179,138,11,-24,-19,-22
34.140625,54,2179,2179,138,10,-24,-19,-22
34.144531,54,2179,2179,138,10,-24,-19,-22
34.148438,54,2179,2179,139,10,-24,-19,-21
34.152344,54,2179,2179,139,10,-23,-19,-21
34.156250,54,2179,2179,138,10,-23,-19,-21
34.160156,54,2179,2179,138,9,-23,-19,-21
34.164062,54,2179,2179,138,9,-23,-18,-21
34.167969,54,2179,2179,138,9,-23,-19,-21
34.171875,54,2179,2179,138,9,-23,-19,-22
34.175781,54,2179,2179,138,9,-23,-19,-21
34.179688,54,2179,2179,138,9,-24,-19,-21
34.183594,54,2179,2179,139,9,-24,-19,-21
34.187500,54,2179,2179,139,9,-24,-19,-22
34.191406,54,2179,2179,139,9,-24,-19,-22
34.195312,54,2179,2179,139,9,-24,-19,-22
34.199219,54,2179,2179,140,10,-24,-19,-22
34.203125,54,2179,2179,140,10,-24,-19,-22
34.207031,54,2179,2179,140,9,-18,-19,-22
34.210938,54,2179,2179,140,9,-24,-19,-22
34.214844,53,2179,2179,140,10,-24,-19,-22
34.218750,53,2179,2179,140,10,-24,-19,-22
34.222656,54,2179,2179,140,10,-24,-19,-22
34.226562,54,2179,2179,140,9,-24,-19,-22
34.230469,53,2179,2179,140,10,-24,-19,-22
34.234375,53,2179,2179,141,10,-24,-19,-22
34.238281,53,2179,2179,142,10,-24,-19,-22
34.242188,53,2179,2179,142,10,-24,-19,-22
34.246094,53,2179,2179,142,10,-24,-19,-22
34.250000,53,2179,2179,143,10,-24,-19,-22
34.253906,53,2179,2179,143,10,-24,-19,-22
34.257812,53,2179,2179,143,10,-24,-19,-22
34.261719,53,2179,2179,142,10,-24,-19,-22
34.265625,53,2179,2179,143,10,-24,-19,-22
34.269531,53,2179,2179,142,10,-24,-19,-22
34.273438,54,2179,2179,142,10,-24,-19,-22
34.277344,54,2179,2179,142,10,-24,-19,-22
34.281250,54,2179,2179,142,10,-24,-19,-22
34.285156,54,2179,2179,143,10,-24,-19,-22
34.289062,54,2179,2179,143,10,-24,-19,-22
34.292969,54,2179,2179,143,10,-24,-19,-22
34.296875,54,2179,2179,143,10,-24,-19,-22
34.300781,54,2179,2179,144,10,-24,-20,-22
34.304688,54,2179,2179,144,10,-24,-19,-22
34.308594,54,2179,2179,143,10,-24,-19,-22
34.312500,54,2179,2179,143,10,-24,-19,-22
34.316406,54,2179,2179,143,10,-24,-19,-22
34.320312,54,2179,2179,143,10,-24,-19,-22
34.324219,54,2179,2179,143,10,-24,-19,-21
34.328125,54,2179,2179,143,10,-24,-19,-21
34.332031,53,2179,2179,143,10,-30,-19,-21
34.335938,53,2179,2179,144,10,-23,-19,-21
34.339844,53,2179,2179,144,10,-23,-19,-21
34.343750,53,2179,2179,144,10,-24,-19,-21
34.347656,53,2179,2179,145,10,-24,-19,-22
34.351562,53,2179,2179,145,10,-24,-19,-22
34.355469,53,2179,2179,145,10,-24,-20,-22
34.359375,53,2179,2179,145,10,-24,-20,-22
34.363281,53,2179,2179,145,10,-24,-20,-22
34.367188,53,2179,2179,146,10,-24,-20,-22
34.371094,53,2179,2179,146,10,-24,-19,-22
34.375000,53,2179,2179,146,10,-24,-19,-22
34.378906,53,2179,2179,146,10,-24,-19,-22
34.382812,53,2179,2179,146,10,-24,-19,-21
34.386719,53,2179,2179,146,10,-23,-19,-21
34.390625,53,2179,2179,145,10,-23,-19,-21
34.394531,53,2179,2179,145,9,-23,-19,-21
34.398438,53,2179,2179,145,10,-23,-18,-21
34.402344,53,2179,2179,145,9,-23,-19,-21
34.406250,53,2179,2179,145,9,-23,-18,-22
34.410156,53,2179,2179,145,9,-23,-18,-22
34.414062,53,2179,2179,146,9,-23,-18,-21
34.417969,53,2179,2179,147,10,-23,-18,-22
34.421875,53,2179,2179,147,10,-23,-18,-21
34.425781,52,2179,2179,147,10,-23,-18,-21
34.429688,52,2179,2179,147,10,-23,-18,-21
34.433594,51,2179,2179,148,10,-23,-19,-21
34.437500,51,2179,2179,148,11,-23,-19,-21
34.441406,51,2179,2179,147,10,-24,-19,-21
34.445312,50,2179,2179,147,10,-24,-19,-21
34.449219,50,2179,2179,147,11,-24,-19,-22
34.453125,50,2179,2179,147,11,-24,-19,-22
34.457031,50,2179,2179,147,10,-18,-20,-22
34.460938,50,2179,2179,147,10,-25,-20,-22
34.464844,50,2179,2179,147,10,-24,-20,-22
34.468750,50,2179,2179,147,10,-24,-19,-22
34.472656,51,2179,2179,147,10,-24,-19,-22
34.476562,51,2179,2179,148,9,-24,-19,-22
34.480469,51,2179,2179,148,9,-23,-18,-21
34.484375,51,2179,2179,149,10,-23,-18,-21
34.488281,51,2179,2179,148,10,-23,-18,-21
34.492188,51,2179,2179,148,10,-23,-18,-21
34.496094,51,2179,2179,148,10,-23,-18,-21
34.500000,51,2179,2179,148,10,-23,-18,-21
34.503906,51,2179,2179,148,10,-23,-18,-21
34.507812,52,2179,2179,147,9,-23,-18,-21
34.511719,52,2179,2179,147,10,-23,-18,-21
34.515625,51,2179,2179,147,10,-23,-18,-21
34.519531,51,2179,2179,147,10,-23,-18,-21
34.523438,52,2179,2179,147,10,-23,-18,-21
34.527344,52,2179,2179,147,9,-23,-18,-21
34.531250,51,2179,2179,147,9,-23,-18,-21
34.535156,51,2179,2179,148,10,-23,-18,-21
34.539062,52,2179,2179,148,10,-23,-18,-21
34.542969,51,2179,2179,148,9,-23,-18,-21
34.546875,51,2179,2179,148,9,-23,-19,-21
34.550781,51,2179,2179,148,10,-23,-19,-21
34.554688,51,2179,2179,148,10,-23,-19,-21
34.558594,50,2179,2179,148,9,-23,-19,-21
34.562500,50,2179,2179,147,9,-23,-19,-21
34.566406,50,2179,2179,148,9,-23,-19,-21
34.570312,50,2179,2179,148,9,-23,-19,-21
34.574219,50,2179,2179,148,9,-24,-19,-22
34.578125,51,2179,2179,148,9,-24,-19,-22
34.582031,50,2179,2179,149,9,-31,-19,-22
34.585938,50,2179,2179,149,10,-24,-19,-22
34.589844,51,2179,2179,149,9,-24,-19,-22
34.593750,50,2179,2179,149,9,-24,-19,-22
34.597656,50,2179,2179,149,9,-24,-19,-22
34.601562,50,2179,2179,148,9,-24,-19,-22
34.605469,50,2179,2179,148,9,-24,-19,-21
34.609375,50,2179,2179,148,9,-23,-18,-21
34.613281,50,2179,2179,148,9,-23,-18,-22
34.617188,50,2179,2179,148,9,-23,-18,-22
34.621094,50,2179,2179,149,9,-24,-19,-22
34.625000,50,2179,2179,149,9,-24,-19,-22
34.628906,50,2179,2179,149,9,-24,-19,-22
34.632812,50,2179,2179,150,10,-25,-20,-22
34.636719,50,2179,2179,149,10,-25,-20,-22
34.640625,50,2179,2179,149,10,-25,-20,-22
34.644531,50,2179,2179,149,10,-25,-20,-22
34.648438,50,2179,2179,149,10,-24,-20,-22
34.652344,50,2179,2179,149,10,-24,-19,-22
34.656250,50,2179,2179,149,10,-24,-19,-22
34.660156,49,2179,2179,149,10,-25,-19,-22
34.664062,49,2179,2179,150,10,-25,-20,-22
34.667969,49,2179,2179,150,10,-25,-20,-22
34.671875,49,2179,2179,150,11,-25,-20,-22
34.675781,49,2179,2179,150,10,-25,-20,-22
34.679688,49,2179,2179,150,10,-25,-20,-23
34.683594,49,2179,2179,151,10,-25,-20,-23
34.687500,50,2179,2179,151,10,-24,-19,-22
34.691406,50,2179,2179,150,10,-24,-19,-22
34.695312,50,2179,2179,151,10,-24,-19,-22
34.699219,49,2179,2179,151,10,-24,-19,-22
34.703125,49,2179,2179,151,10,-24,-19,-21
34.707031,49,2179,2179,151,10,-17,-19,-21
34.710938,50,2179,2179,151,10,-24,-19,-21
34.714844,50,2179,2179,151,10,-23,-19,-21
34.718750,50,2179,2179,150,10,-24,-19,-21
34.722656,50,2179,2179,150,10,-24,-19,-21
34.726562,50,2179,2179,150,9,-23,-19,-21
34.730469,50,2179,2179,149,9,-23,-19,-21
34.734375,50,2179,2179,150,10,-23,-19,-21
34.738281,51,2179,2179,150,9,-23,-19,-22
34.742188,51,2179,2179,150,9,-24,-19,-21
34.746094,50,2179,2179,151,9,-24,-19,-22
34.750000,50,2179,2179,151,9,-24,-19,-22
34.753906,50,2179,2179,152,9,-24,-19,-22
34.757812,50,2179,2179,152,9,-24,-19,-22
34.761719,50,2179,2179,152,9,-24,-19,-22
34.765625,49,2179,2179,152,10,-24,-19,-22
34.769531,48,2179,2179,152,10,-24,-19,-21
34.773438,49,2179,2179,152,9,-23,-18,-21
34.777344,48,2179,2179,152,10,-23,-18,-21
34.781250,48,2179,2179,152,10,-23,-18,-21
34.785156,48,2179,2179,152,10,-24,-18,-21
34.789062,48,2179,2179,152,10,-24,-18,-21
34.792969,48,2179,2179,152,10,-24,-19,-21
34.796875,48,2179,2179,152,10,-24,-19,-22
34.800781,48,2179,2179,153,10,-24,-19,-22
34.804688,48,2179,2179,153,10,-24,-19,-22
34.808594,48,2179,2179,153,10,-24,-19,-22
34.812500,48,2179,2179,153,10,-24,-19,-22
34.816406,48,2179,2179,153,10,-24,-19,-22
34.820312,48,2179,2179,153,10,-24,-19,-22
34.824219,48,2179,2179,153,10,-24,-19,-22
34.828125,48,2179,2179,153,10,-24,-19,-21
34.832031,47,2179,2179,153,10,-30,-18,-21
34.835938,48,2179,2179,152,10,-23,-18,-21
34.839844,48,2179,2179,152,10,-23,-18,-21
34.843750,48,2179,2179,152,10,-23,-18,-21
34.847656,48,2179,2179,152,10,-23,-18,-21
34.851562,48,2179,2179,153,10,-23,-19,-21
34.855469,48,2179,2179,154,11,-24,-19,-21
34.859375,48,2179,2179,154,10,-24,-19,-21
34.863281,47,2179,2179,154,11,-24,-19,-22
34.867188,47,2179,2179,155,11,-24,-19,-22
34.871094,47,2179,2179,155,11,-24,-19,-22
34.875000,48,2179,2179,154,10,-24,-19,-22
34.878906,48,2179,2179,153,10,-24,-19,-22
34.882812,47,2179,2179,153,10,-24,-19,-22
34.886719,47,2179,2179,153,10,-23,-18,-22
34.890625,48,2179,2179,153,10,-23,-18,-22
34.894531,47,2179,2179,153,10,-23,-18,-21
34.898438,47,2179,2179,154,10,-23,-18,-21
34.902344,47,2179,2179,154,11,-23,-18,-21
34.906250,47,2179,2179,154,11,-23,-18,-21
34.910156,47,2179,2179,154,10,-23,-18,-21
34.914062,47,2179,2179,154,10,-23,-18,-21
34.917969,47,2179,2179,154,10,-23,-18,-21
34.921875,47,2179,2179,153,10,-23,-18,-21
34.925781,48,2179,2179,153,9,-23,-18,-21
34.929688,47,2179,2179,153,9,-23,-18,-21
34.933594,47,2179,2179,153,10,-24,-19,-22
34.937500,48,2179,2179,154,10,-24,-19,-22
34.941406,48,2179,2179,154,9,-24,-19,-22
34.945312,47,2179,2179,153,10,-24,-19,-22
34.949219,47,2179,2179,154,10,-24,-19,-22
34.953125,47,2179,2179,154,10,-24,-19,-22
34.957031,47,2179,2179,153,10,-17,-19,-21
34.960938,47,2179,2179,153,10,-24,-19,-21
34.964844,46,2179,2179,153,10,-23,-18,-21
34.968750,46,2179,2179,153,10,-23,-18,-21
34.972656,47,2179,2179,154,10,-23,-19,-21
34.976562,46,2179,2179,154,9,-23,-19,-21
34.980469,46,2179,2179,154,9,-24,-19,-22
34.984375,46,2179,2179,155,10,-24,-19,-22
34.988281,46,2179,2179,154,10,-24,-19,-21
34.992188,46,2179,2179,154,10,-24,-19,-21
34.996094,46,2179,2179,154,10,-24,-19,-21
35.000000,46,2179,2179,154,10,-24,-19,-21
35.003906,46,2179,2179,154,10,-23,-18,-21
35.007812,46,2179,2179,154,10,-23,-18,-21
35.011719,46,2179,2179,154,10,-23,-18,-21
35.015625,46,2179,2179,154,10,-23,-18,-21
35.019531,46,2179,2179,154,10,-24,-19,-21
35.023438,47,2179,2179,154,10,-24,-19,-22
35.027344,47,2179,2179,154,9,-24,-19,-22
35.031250,46,2179,2179,154,10,-24,-19,-22
35.035156,46,2179,2179,154,10,-24,-19,-22
35.039062,46,2179,2179,154,10,-24,-19,-22
35.042969,46,2179,2179,154,10,-24,-19,-22
35.046875,46,2179,2179,154,9,-24,-19,-22
35.050781,46,2179,2179,154,10,-24,-19,-22
35.054688,46,2179,2179,154,10,-24,-19,-22
35.058594,46,2179,2179,154,9,-24,-19,-21
35.062500,45,2179,2179,154,10,-24,-19,-21
35.066406,45,2179,2179,154,10,-24,-19,-21
35.070312,45,2179,2179,154,10,-24,-19,-21
35.074219,45,2179,2179,154,10,-24,-19,-21
35.078125,45,2179,2179,154,10,-24,-19,-21
35.082031,44,2179,2179,154,10,-30,-19,-22
35.085938,45,2179,2179,155,10,-24,-19,-22
35.089844,45,2179,2179,154,10,-24,-19,-22
35.093750,45,2179,2179,154,10,-23,-19,-21
35.097656,44,2179,2179,154,10,-24,-19,-22
35.101562,44,2179,2179,154,10,-23,-18,-21
35.105469,44,2179,2179,154,10,-23,-19,-21
35.109375,44,2179,2179,154,10,-24,-19,-21
35.113281,44,2179,2179,154,10,-24,-19,-22
35.117188,44,2179,2179,155,10,-24,-19,-22
35.121094,44,2179,2179,154,10,-24,-20,-22
35.125000,44,2179,2179,154,10,-25,-20,-22
35.128906,44,2179,2179,154,10,-25,-20,-22
35.132812,44,2179,2179,154,10,-25,-20,-23
35.136719,44,2179,2179,154,10,-25,-20,-23
35.140625,44,2179,2179,154,9,-24,-20,-22
35.144531,44,2179,2179,154,9,-24,-20,-22
35.148438,44,2179,2179,154,9,-24,-19,-22
35.152344,44,2179,2179,154,10,-24,-19,-22
35.156250,44,2179,2179,153,10,-24,-19,-21
35.160156,43,2179,2179,153,9,-24,-19,-21
35.164062,43,2179,2179,153,9,-23,-18,-21
35.167969,43,2179,2179,154,9,-23,-18,-21
35.171875,43,2179,2179,154,9,-23,-18,-21
35.175781,43,2179,2179,153,9,-23,-18,-21
35.179688,43,2179,2179,153,9,-23,-18,-21
35.183594,42,2179,2179,154,10,-23,-18,-21
35.187500,42,2179,2179,154,10,-23,-18,-21
35.191406,42,2179,2179,154,9,-23,-19,-21
35.195312,42,2179,2179,154,10,-24,-19,-21
35.199219,42,2179,2179,155,10,-24,-19,-22
35.203125,42,2179,2179,155,10,-24,-19,-22
35.207031,42,2179,2179,155,10,-18,-19,-22
35.210938,43,2179,2179,155,9,-24,-19,-22
35.214844,42,2179,2179,155,10,-24,-18,-21
35.218750,42,2179,2179,154,10,-23,-18,-21
35.222656,42,2179,2179,154,10,-23,-18,-21
35.226562,42,2179,2179,154,10,-23,-18,-21
35.230469,42,2179,2179,153,9,-23,-18,-21
35.234375,42,2179,2179,154,10,-23,-18,-21
35.238281,42,2179,2179,154,10,-23,-18,-21
35.242188,42,2179,2179,154,10,-23,-19,-21
35.246094,42,2179,2179,154,10,-24,-19,-21
35.250000,42,2179,2179,154,10,-24,-19,-22
35.253906,42,2179,2179,155,11,-24,-19,-22
35.257812,42,2179,2179,154,10,-24,-19,-22
35.261719,42,2179,2179,155,10,-24,-19,-22
35.265625,42,2179,2179,155,11,-24,-19,-22
35.269531,42,2179,2179,155,11,-24,-19,-22
35.273438,42,2179,2179,156,10,-24,-19,-22
35.277344,42,2179,2179,156,10,-24,-19,-21
35.281250,41,2179,2179,156,10,-23,-19,-21
35.285156,41,2179,2179,156,10,-23,-18,-21
35.289062,41,2179,2179,156,10,-23,-18,-21
35.292969,41,2179,2179,155,10,-23,-18,-21
35.296875,41,2179,2179,155,10,-23,-18,-21
35.300781,41,2179,2179,155,10,-23,-18,-21
35.304688,41,2179,2179,155,10,-23,-19,-21
35.308594,41,2179,2179,155,10,-23,-19,-21
35.312500,41,2179,2179,156,10,-24,-19,-21
35.316406,41,2179,2179,156,10,-24,-19,-21
35.320312,41,2179,2179,156,10,-24,-19,-22
35.324219,41,2179,2179,156,10,-23,-18,-21
35.328125,41,2179,2179,155,9,-23,-18,-21
35.332031,41,2179,2179,155,10,-29,-18,-21
35.335938,41,2179,2179,155,10,-23,-18,-21
35.339844,41,2179,2179,155,9,-23,-18,-21
35.343750,41,2179,2179,155,10,-24,-19,-21
35.347656,41,2179,2179,155,10,-24,-19,-22
35.351562,40,2179,2179,156,10,-24,-19,-22
35.355469,41,2179,2179,156,10,-24,-19,-22
35.359375,40,2179,2179,156,9,-24,-19,-22
35.363281,40,2179,2179,156,9,-24,-19,-22
35.367188,40,2179,2179,156,10,-24,-19,-22
35.371094,40,2179,2179,156,10,-24,-19,-22
35.375000,39,2179,2179,156,10,-24,-19,-22
35.378906,39,2179,2179,155,10,-24,-19,-22
35.382812,39,2179,2179,156,10,-24,-19,-21
35.386719,38,2179,2179,156,10,-23,-18,-21
35.390625,39,2179,2179,156,10,-23,-18,-21
35.394531,38,2179,2179,156,10,-23,-18,-21
35.398438,38,2179,2179,156,10,-23,-18,-21
35.402344,38,2179,2179,156,10,-23,-19,-21
35.406250,38,2179,2179,155,10,-23,-19,-21
35.410156,38,2179,2179,155,10,-24,-19,-21
35.414062,38,2179,2179,154,10,-24,-19,-21
35.417969,37,2179,2179,154,10,-24,-19,-22
35.421875,37,2179,2179,154,10,-24,-19,-22
35.425781,37,2179,2179,154,10,-24,-19,-22
35.429688,37,2179,2179,154,9,-24,-18,-21
35.433594,37,2179,2179,155,9,-23,-19,-21
35.437500,37,2179,2179,155,9,-24,-18,-22
35.441406,37,2179,2179,155,9,-24,-19,-22
35.445312,37,2179,2179,156,9,-24,-19,-22
35.449219,37,2179,2179,156,9,-24,-19,-22
35.453125,37,2179,2179,156,9,-24,-19,-22
35.457031,37,2179,2179,155,9,-18,-19,-22
35.460938,37,2179,2179,155,9,-24,-19,-22
35.464844,37,2179,2179,155,9,-24,-19,-22
35.468750,37,2179,2179,155,9,-24,-19,-21
35.472656,38,2179,2179,155,10,-23,-19,-21
35.476562,38,2179,2179,155,9,-23,-18,-21
35.480469,37,2179,2179,156,9,-23,-18,-21
35.484375,37,2179,2179,156,10,-23,-18,-21
35.488281,38,2179,2179,156,10,-23,-18,-21
35.492188,38,2179,2179,156,10,-23,-18,-21
35.496094,37,2179,2179,156,10,-23,-18,-21
35.500000,37,2179,2179,156,10,-23,-18,-21
35.503906,37,2179,2179,156,10,-23,-18,-21
35.507812,38,2179,2179,156,10,-23,-18,-21
35.511719,38,2179,2179,156,10,-23,-18,-21
35.515625,37,2179,2179,156,10,-23,-18,-21
35.519531,37,2179,2179,157,10,-23,-19,-21
35.523438,38,2179,2179,156,10,-23,-19,-21
35.527344,38,2179,2179,156,10,-24,-19,-21
35.531250,37,2179,2179,157,10,-24,-19,-21
35.535156,37,2179,2179,157,11,-24,-19,-22
35.539062,38,2179,2179,157,11,-25,-20,-22
35.542969,38,2179,2179,156,10,-25,-20,-22
35.546875,38,2179,2179,156,10,-25,-20,-23
35.550781,38,2179,2179,156,10,-25,-20,-23
35.554688,38,2179,2179,156,10,-25,-20,-23
35.558594,38,2179,2179,156,10,-25,-20,-23
35.562500,37,2179,2179,156,10,-24,-20,-22
35.566406,38,2179,2179,156,10,-24,-19,-22
35.570312,37,2179,2179,156,10,-24,-19,-22
35.574219,37,2179,2179,156,10,-24,-19,-22
35.578125,37,2179,2179,156,10,-24,-19,-22
35.582031,37,2179,2179,156,10,-30,-20,-22
35.585938,36,2179,2179,156,10,-24,-20,-22
35.589844,37,2179,2179,156,10,-24,-20,-22
35.593750,36,2179,2179,156,10,-24,-19,-22
35.597656,36,2179,2179,156,9,-24,-19,-22
35.601562,35,2179,2179,156,10,-23,-19,-21
35.605469,35,2179,2179,156,10,-23,-19,-21
35.609375,36,2179,2179,156,9,-23,-18,-21
35.613281,35,2179,2179,156,9,-23,-18,-21
35.617188,35,2179,2179,156,10,-23,-18,-21
35.621094,36,2179,2179,156,9,-23,-19,-21
35.625000,36,2179,2179,157,10,-24,-19,-22
35.628906,35,2179,2179,157,10,-24,-19,-22
35.632812,35,2179,2179,158,10,-24,-19,-22
35.636719,35,2179,2179,158,10,-24,-19,-22
35.640625,35,2179,2179,157,10,-24,-19,-22
35.644531,35,2179,2179,157,10,-23,-19,-21
35.648438,35,2179,2179,157,10,-23,-19,-21
35.652344,35,2179,2179,156,10,-23,-18,-21
35.656250,35,2179,2179,156,10,-23,-18,-21
35.660156,35,2179,2179,156,9,-23,-18,-21
35.664062,35,2179,2179,157,10,-24,-18,-21
35.667969,35,2179,2179,158,10,-24,-18,-21
35.671875,35,2179,2179,158,10,-24,-19,-22
35.675781,35,2179,2179,158,10,-24,-19,-22
35.679688,35,2179,2179,158,10,-24,-19,-22
35.683594,35,2179,2179,158,11,-24,-19,-22
35.687500,35,2179,2179,157,10,-24,-19,-22
35.691406,35,2179,2179,156,10,-24,-19,-22
35.695312,35,2179,2179,156,10,-24,-19,-22
35.699219,35,2179,2179,156,10,-24,-19,-22
35.703125,35,2179,2179,157,10,-24,-19,-22
35.707031,35,2179,2179,157,9,-18,-19,-22
35.710938,35,2179,2179,157,9,-24,-19,-22
35.714844,35,2179,2179,158,10,-24,-19,-22
35.718750,35,2179,2179,158,10,-24,-19,-22
35.722656,35,2179,2179,158,10,-25,-20,-22
35.726562,36,2179,2179,157,10,-25,-20,-23
35.730469,35,2179,2179,157,10,-25,-20,-22
35.734375,35,2179,2179,157,10,-25,-20,-23
35.738281,35,2179,2179,157,10,-24,-20,-22
35.742188,35,2179,2179,156,10,-24,-19,-22
35.746094,35,2179,2179,156,10,-24,-19,-22
35.750000,35,2179,2179,157,10,-24,-19,-22
35.753906,35,2179,2179,157,10,-24,-19,-22
35.757812,35,2179,2179,156,9,-24,-19,-22
35.761719,34,2179,2179,156,10,-25,-19,-22
35.765625,34,2179,2179,156,10,-25,-20,-22
35.769531,33,2179,2179,156,10,-25,-20,-22
35.773438,34,2179,2179,156,10,-25,-20,-22
35.777344,34,2179,2179,156,10,-25,-20,-22
35.781250,33,2179,2179,156,10,-25,-20,-22
35.785156,33,2179,2179,156,10,-25,-20,-22
35.789062,34,2179,2179,156,10,-25,-20,-22
35.792969,33,2179,2179,156,10,-25,-20,-22
35.796875,33,2179,2179,156,9,-25,-20,-22
35.800781,33,2179,2179,156,10,-25,-20,-22
35.804688,33,2179,2179,156,10,-24,-19,-22
35.808594,33,2179,2179,156,10,-24,-19,-22
35.812500,32,2179,2179,156,10,-24,-19,-22
35.816406,32,2179,2179,156,10,-24,-19,-21
35.820312,32,2179,2179,156,10,-23,-19,-21
35.824219,32,2179,2179,156,10,-23,-18,-21
35.828125,32,2179,2179,156,10,-23,-19,-21
35.832031,32,2179,2179,156,10,-29,-19,-21
35.835938,33,2179,2179,156,10,-23,-18,-21
35.839844,33,2179,2179,155,10,-23,-18,-21
35.843750,33,2179,2179,155,10,-23,-18,-21
35.847656,33,2179,2179,154,10,-23,-18,-21
35.851562,33,2179,2179,152,10,-23,-19,-21
35.855469,33,2179,2179,149,10,-23,-19,-21
35.859375,32,2179,2179,144,10,-24,-19,-21
35.863281,32,2179,2179,139,10,-24,-19,-22
35.867188,32,2179,2179,133,10,-24,-19,-22
35.871094,32,2179,2179,126,10,-24,-19,-22
35.875000,32,2179,2179,121,9,-24,-19,-22
35.878906,31,2179,2179,116,9,-24,-19,-22
35.882812,31,2179,2179,114,10,-24,-19,-22
35.886719,30,2179,2179,111,10,-24,-19,-22
35.890625,30,2179,2179,109,9,-24,-19,-22
35.894531,29,2179,2179,106,9,-24,-19,-22
35.898438,29,2179,2179,102,10,-24,-19,-22
35.902344,28,2179,2179,95,10,-24,-19,-22
35.906250,28,2179,2179,84,10,-24,-19,-22
35.910156,27,2179,2179,70,10,-24,-19,-22
35.914062,27,2179,2179,56,10,-24,-20,-22
35.917969,26,2179,2179,41,10,-24,-20,-22
35.921875,26,2179,2179,30,10,-24,-20,-22
35.925781,26,2179,2179,21,10,-24,-20,-22
35.929688,25,2179,2179,16,10,-24,-20,-22
35.933594,25,2179,2179,15,10,-24,-19,-22
35.937500,25,2179,2179,16,10,-24,-19,-22
35.941406,25,2179,2179,17,9,-24,-19,-22
35.945312,24,2179,2179,19,9,-24,-19,-22
35.949219,23,2179,2179,20,10,-24,-18,-22
35.953125,23,2179,2179,19,10,-23,-18,-21
35.957031,23,2179,2179,18,9,-18,-18,-21
35.960938,22,2179,2179,16,9,-23,-19,-21
35.964844,22,2179,2179,16,9,-23,-19,-21
35.968750,22,2179,2179,15,10,-23,-19,-21
35.972656,22,2179,2179,15,10,-24,-19,-21
35.976562,21,2179,2179,16,9,-24,-19,-22
35.980469,21,2179,2179,17,10,-24,-19,-22
35.984375,21,2179,2179,18,10,-24,-19,-22
35.988281,21,2179,2179,19,10,-24,-19,-22
35.992188,20,2179,2179,19,10,-24,-19,-22
35.996094,20,2179,2179,19,10,-24,-19,-22
36.000000,20,2179,2179,19,10,-24,-19,-22
36.003906,20,2179,2179,19,10,-24,-19,-22
36.007812,20,2179,2179,18,9,-24,-19,-22
36.011719,20,2179,2179,18,9,-24,-19,-21
36.015625,19,2179,2179,19,9,-23,-18,-21
36.019531,19,2179,2179,19,9,-23,-18,-21
36.023438,19,2179,2179,19,9,-23,-18,-21
36.027344,18,2179,2179,19,10,-23,-18,-21
36.031250,17,2179,2179,19,10,-23,-18,-21
36.035156,17,2179,2179,19,10,-23,-18,-21
36.039062,17,2179,2179,19,10,-24,-19,-21
36.042969,17,2179,2179,19,10,-23,-18,-21
36.046875,17,2179,2179,19,10,-23,-18,-21
36.050781,17,2179,2179,19,10,-23,-18,-21
36.054688,17,2179,2179,19,10,-24,-19,-22
36.058594,17,2179,2179,19,10,-24,-19,-22
36.062500,16,2179,2179,19,10,-24,-19,-22
36.066406,16,2179,2179,19,10,-24,-19,-22
36.070312,17,2179,2179,19,10,-24,-19,-22
36.074219,17,2179,2179,18,10,-24,-19,-22
36.078125,17,2179,2179,18,9,-24,-20,-22
36.082031,16,2179,2179,19,10,-29,-19,-22
36.085938,16,2179,2179,19,10,-24,-19,-22
36.089844,16,2179,2179,19,10,-24,-19,-22
36.093750,16,2179,2179,19,10,-24,-19,-22
36.097656,16,2179,2179,19,10,-25,-19,-22
36.101562,16,2179,2179,19,10,-24,-20,-22
36.105469,16,2179,2179,19,10,-24,-20,-22
36.109375,16,2179,2179,19,10,-24,-19,-22
36.113281,16,2179,2179,19,10,-24,-19,-22
36.117188,16,2179,2179,19,10,-23,-19,-21
36.121094,16,2179,2179,19,10,-23,-18,-21
36.125000,15,2179,2179,19,10,-23,-18,-21
36.128906,15,2179,2179,19,9,-23,-18,-21
36.132812,15,2179,2179,19,10,-23,-18,-21
36.136719,14,2179,2179,19,10,-23,-18,-21
36.140625,14,2179,2179,19,9,-23,-19,-21
36.144531,14,2179,2179,19,9,-23,-18,-21
36.148438,14,2179,2179,19,10,-23,-18,-21
36.152344,14,2179,2179,19,9,-23,-19,-21
36.156250,14,2179,2179,18,9,-23,-18,-21
36.160156,14,2179,2179,18,9,-23,-18,-21
36.164062,14,2179,2179,18,9,-23,-18,-21
36.167969,14,2179,2179,18,9,-23,-18,-21
36.171875,14,2179,2179,18,9,-23,-18,-21
36.175781,14,2179,2179,18,9,-23,-18,-21
36.179688,14,2179,2179,18,9,-23,-18,-21
36.183594,14,2179,2179,18,9,-23,-18,-21
36.187500,14,2179,2179,18,9,-23,-19,-21
36.191406,14,2179,2179,18,8,-23,-18,-21
36.195312,14,2179,2179,18,9,-23,-19,-21
36.199219,14,2179,2179,18,9,-24,-19,-22
36.203125,14,2179,2179,18,9,-24,-19,-22
36.207031,14,2179,2179,18,9,-18,-19,-21
36.210938,14,2179,2179,18,9,-23,-19,-21
36.214844,14,2179,2179,19,9,-24,-19,-21
36.218750,13,2179,2179,19,9,-24,-19,-21
36.222656,13,2179,2179,18,9,-24,-19,-22
36.226562,13,2179,2179,18,9,-24,-19,-22
36.230469,13,2179,2179,18,9,-24,-19,-22
36.234375,13,2179,2179,19,10,-24,-19,-22
36.238281,13,2179,2179,19,10,-24,-19,-22
36.242188,13,2179,2179,19,10,-24,-19,-22
36.246094,13,2179,2179,19,10,-24,-19,-21
36.250000,13,2179,2179,19,10,-24,-19,-22
36.253906,13,2179,2179,19,10,-24,-19,-21
36.257812,13,2179,2179,18,10,-23,-18,-21
36.261719,13,2179,2179,18,10,-23,-19,-21
36.265625,12,2179,2179,18,10,-23,-18,-21
36.269531,12,2179,2179,18,10,-23,-19,-21
36.273438,12,2179,2179,18,10,-23,-19,-21
36.277344,13,2179,2179,18,10,-23,-19,-21
36.281250,12,2179,2179,19,10,-24,-19,-21
36.285156,12,2179,2179,19,10,-24,-19,-22
36.289062,13,2179,2179,19,10,-24,-19,-22
36.292969,13,2179,2179,19,10,-24,-19,-22
36.296875,12,2179,2179,19,10,-24,-19,-22
36.300781,12,2179,2179,19,10,-24,-19,-22
36.304688,12,2179,2179,19,10,-24,-19,-22
36.308594,12,2179,2179,19,10,-24,-19,-21
36.312500,12,2179,2179,19,10,-24,-19,-21
36.316406,12,2179,2179,19,10,-23,-19,-21
36.320312,12,2179,2179,19,10,-23,-19,-21
36.324219,12,2179,2179,18,10,-23,-18,-21
36.328125,12,2179,2179,18,9,-23,-18,-21
36.332031,11,2179,2179,18,10,-28,-19,-21
36.335938,11,2179,2179,18,10,-23,-19,-21
36.339844,11,2179,2179,17,9,-24,-19,-21
36.343750,11,2179,2179,17,9,-24,-19,-21
36.347656,11,2179,2179,17,9,-24,-19,-22
36.351562,11,2179,2179,18,9,-24,-19,-22
36.355469,11,2179,2179,18,9,-24,-19,-22
36.359375,11,2179,2179,18,9,-24,-19,-22
36.363281,11,2179,2179,19,9,-24,-19,-22
36.367188,11,2179,2179,19,10,-24,-19,-22
36.371094,11,2179,2179,19,10,-24,-20,-22
36.375000,11,2179,2179,19,10,-25,-20,-22
36.378906,11,2179,2179,19,9,-25,-20,-22
36.382812,12,2179,2179,18,10,-25,-20,-22
36.386719,12,2179,2179,18,10,-24,-19,-22
36.390625,12,2179,2179,18,9,-24,-19,-22
36.394531,12,2179,2179,18,9,-24,-19,-22
36.398438,12,2179,2179,18,9,-24,-19,-21
36.402344,11,2179,2179,19,10,-23,-19,-21
36.406250,11,2179,2179,18,10,-23,-19,-21
36.410156,11,2179,2179,19,9,-24,-19,-21
36.414062,11,2179,2179,19,10,-24,-19,-21
36.417969,11,2179,2179,19,10,-24,-19,-22
36.421875,11,2179,2179,19,10,-24,-19,-22
36.425781,11,2179,2179,19,10,-24,-19,-22
36.429688,10,2179,2179,18,10,-24,-19,-22
36.433594,10,2179,2179,19,10,-24,-19,-22
36.437500,11,2179,2179,19,10,-23,-18,-21
36.441406,11,2179,2179,18,10,-23,-18,-21
36.445312,11,2179,2179,19,10,-23,-18,-21
36.449219,11,2179,2179,19,10,-23,-18,-21
36.453125,11,2179,2179,19,10,-24,-19,-21
36.457031,11,2179,2179,19,10,-19,-19,-22
36.460938,12,2179,2179,19,10,-24,-20,-22
36.464844,11,2179,2179,20,11,-25,-20,-22
36.468750,12,2179,2179,19,11,-25,-20,-23
36.472656,12,2179,2179,19,11,-25,-20,-23
36.476562,12,2179,2179,19,10,-25,-20,-22
36.480469,12,2179,2179,19,10,-25,-20,-23
36.484375,13,2179,2179,19,10,-25,-20,-22
36.488281,14,2179,2179,19,10,-25,-20,-22
36.492188,14,2179,2179,19,10,-24,-19,-22
36.496094,13,2179,2179,18,9,-24,-19,-22
36.500000,13,2179,2179,19,9,-24,-19,-22
36.503906,13,2179,2179,19,10,-24,-19,-22
36.507812,13,2179,2179,18,9,-23,-19,-21
36.511719,13,2179,2179,18,9,-23,-18,-22
36.515625,13,2179,2179,19,10,-23,-18,-21
36.519531,13,2179,2179,19,10,-23,-18,-21
36.523438,13,2179,2179,19,9,-23,-18,-21
36.527344,13,2179,2179,19,10,-23,-18,-21
36.531250,13,2179,2179,19,10,-23,-18,-21
36.535156,12,2179,2179,19,10,-23,-18,-21
36.539062,12,2179,2179,19,10,-23,-19,-21
36.542969,12,2179,2179,19,10,-24,-19,-21
36.546875,12,2179,2179,19,10,-24,-19,-21
36.550781,12,2179,2179,19,11,-24,-19,-22
36.554688,12,2179,2179,19,11,-24,-19,-22
36.558594,12,2179,2179,19,10,-24,-19,-22
36.562500,12,2179,2179,19,10,-24,-19,-22
36.566406,12,2179,2179,19,10,-23,-18,-21
36.570312,12,2179,2179,19,10,-23,-18,-21
36.574219,12,2179,2179,19,9,-23,-18,-21
36.578125,12,2179,2179,19,9,-23,-18,-21
36.582031,12,2179,2179,19,9,-28,-18,-21
36.585938,12,2179,2179,19,9,-23,-18,-21
36.589844,12,2179,2179,18,9,-23,-19,-21
36.593750,12,2179,2179,19,9,-24,-19,-22
36.597656,12,2179,2179,19,9,-24,-19,-22
36.601562,11,2179,2179,19,10,-24,-19,-21
36.605469,12,2179,2179,19,10,-24,-19,-21
36.609375,11,2179,2179,18,10,-23,-19,-21
36.613281,11,2179,2179,18,10,-24,-19,-21
36.617188,11,2179,2179,19,10,-24,-19,-21
36.621094,11,2179,2179,18,10,-24,-19,-21
36.625000,11,2179,2179,18,10,-24,-19,-21
36.628906,11,2179,2179,18,10,-24,-19,-22
36.632812,11,2179,2179,19,10,-24,-19,-22
36.636719,11,2179,2179,19,10,-24,-19,-22
36.640625,11,2179,2179,19,10,-24,-19,-22
36.644531,11,2179,2179,19,10,-24,-19,-21
36.648438,11,2179,2179,19,10,-23,-19,-21
36.652344,12,2179,2179,19,10,-23,-18,-21
36.656250,12,2179,2179,19,10,-23,-18,-21
36.660156,12,2179,2179,19,10,-23,-18,-21
36.664062,12,2179,2179,19,10,-23,-18,-21
36.667969,12,2179,2179,19,10,-23,-18,-21
36.671875,12,2179,2179,19,10,-23,-18,-21
36.675781,13,2179,2179,19,10,-23,-18,-21
36.679688,12,2179,2179,19,10,-23,-18,-21
36.683594,12,2179,2179,20,11,-23,-19,-21
36.687500,13,2179,2179,20,11,-24,-19,-21
36.691406,13,2179,2179,19,10,-24,-19,-22
36.695312,13,2179,2179,19,10,-24,-20,-22
36.699219,13,2179,2179,19,10,-25,-20,-22
36.703125,13,2179,2179,19,10,-25,-20,-22
36.707031,13,2179,2179,19,9,-19,-20,-22
36.710938,14,2179,2179,18,9,-24,-19,-22
36.714844,13,2179,2179,19,10,-24,-19,-22
36.718750,13,2179,2179,19,9,-23,-19,-22
36.722656,13,2179,2179,18,9,-23,-19,-22
36.726562,13,2179,2179,18,9,-24,-19,-21
36.730469,12,2179,2179,18,9,-24,-19,-21
36.734375,12,2179,2179,19,10,-24,-19,-22
36.738281,12,2179,2179,19,10,-24,-19,-22
36.742188,12,2179,2179,18,9,-24,-19,-22
36.746094,12,2179,2179,18,9,-24,-19,-22
36.750000,12,2179,2179,19,9,-24,-19,-22
36.753906,11,2179,2179,19,10,-24,-19,-21
36.757812,12,2179,2179,19,9,-24,-18,-21
36.761719,12,2179,2179,19,9,-24,-19,-21
36.765625,12,2179,2179,19,10,-24,-19,-22
36.769531,12,2179,2179,19,10,-24,-19,-21
36.773438,13,2179,2179,19,10,-24,-19,-22
36.777344,13,2179,2179,19,9,-24,-19,-22
36.781250,13,2179,2179,19,9,-24,-19,-22
36.785156,13,2179,2179,19,10,-23,-19,-22
36.789062,13,2179,2179,19,10,-23,-18,-21
36.792969,13,2179,2179,18,9,-23,-18,-21
36.796875,13,2179,2179,18,9,-23,-18,-21
36.800781,13,2179,2179,19,9,-23,-18,-21
36.804688,13,2179,2179,19,10,-23,-18,-21
36.808594,13,2179,2179,18,9,-23,-19,-21
36.812500,13,2179,2179,19,9,-23,-19,-21
36.816406,13,2179,2179,19,10,-23,-19,-21
36.820312,13,2179,2179,19,10,-24,-19,-21
36.824219,14,2179,2179,19,10,-24,-19,-22
36.828125,14,2179,2179,19,9,-24,-19,-21
36.832031,13,2179,2179,19,10,-28,-19,-22
36.835938,13,2179,2179,19,10,-24,-19,-22
36.839844,14,2179,2179,19,10,-24,-19,-22
36.843750,13,2179,2179,19,10,-24,-19,-22
36.847656,13,2179,2179,19,9,-23,-19,-22
36.851562,13,2179,2179,19,10,-23,-19,-22
36.855469,13,2179,2179,19,10,-23,-18,-21
36.859375,13,2179,2179,19,10,-23,-18,-21
36.863281,12,2179,2179,19,10,-23,-18,-21
36.867188,12,2179,2179,19,10,-23,-18,-21
36.871094,12,2179,2179,19,10,-23,-18,-21
36.875000,12,2179,2179,19,10,-23,-18,-21
36.878906,12,2179,2179,19,10,-23,-19,-21
36.882812,12,2179,2179,19,10,-24,-18,-21
36.886719,12,2179,2179,19,10,-23,-18,-21
36.890625,12,2179,2179,19,9,-23,-18,-21
36.894531,12,2179,2179,19,9,-23,-18,-21
36.898438,12,2179,2179,19,9,-23,-18,-21
36.902344,12,2179,2179,19,9,-23,-18,-21
36.906250,13,2179,2179,19,10,-23,-19,-21
36.910156,12,2179,2179,18,9,-24,-19,-21
36.914062,12,2179,2179,19,10,-24,-19,-21
36.917969,12,2179,2179,19,10,-24,-19,-22
36.921875,13,2179,2179,19,10,-24,-19,-22
36.925781,13,2179,2179,19,10,-24,-19,-22
36.929688,13,2179,2179,19,10,-24,-19,-21
36.933594,12,2179,2179,19,10,-23,-19,-21
36.937500,13,2179,2179,19,10,-23,-18,-21
36.941406,12,2179,2179,19,10,-24,-18,-21
36.945312,12,2179,2179,19,10,-23,-19,-21
36.949219,11,2179,2179,19,10,-23,-19,-21
36.953125,11,2179,2179,19,10,-23,-19,-21
36.957031,12,2179,2179,19,10,-19,-19,-21
36.960938,12,2179,2179,19,9,-23,-19,-21
36.964844,12,2179,2179,19,10,-23,-18,-21
36.968750,12,2179,2179,19,10,-23,-18,-21
36.972656,12,2179,2179,19,10,-23,-18,-21
36.976562,13,2179,2179,19,9,-24,-18,-21
36.980469,12,2179,2179,19,10,-24,-19,-21
36.984375,12,2179,2179,19,10,-24,-19,-22
36.988281,13,2179,2179,19,10,-24,-19,-22
36.992188,13,2179,2179,18,10,-24,-19,-22
36.996094,13,2179,2179,18,10,-24,-19,-22
37.000000,13,2179,2179,18,10,-24,-19,-22
37.003906,13,2179,2179,18,10,-24,-19,-22
37.007812,13,2179,2179,17,9,-24,-19,-22
37.011719,13,2179,2179,17,9,-24,-19,-21
37.015625,13,2179,2179,18,10,-24,-19,-21
37.019531,12,2179,2179,18,10,-23,-19,-21
37.023438,13,2179,2179,18,10,-23,-19,-21
37.027344,13,2179,2179,19,9,-24,-19,-21
37.031250,12,2179,2179,19,9,-23,-19,-21
37.035156,12,2179,2179,19,10,-23,-19,-21
37.039062,12,2179,2179,19,10,-24,-19,-22
37.042969,12,2179,2179,19,10,-24,-19,-22
37.046875,12,2179,2179,19,10,-24,-19,-22
37.050781,12,2179,2179,19,10,-24,-19,-22
37.054688,12,2179,2179,19,10,-24,-19,-22
37.058594,12,2179,2179,19,10,-24,-19,-22
37.062500,12,2179,2179,19,10,-24,-19,-22
37.066406,12,2179,2179,19,10,-24,-19,-22
37.070312,12,2179,2179,19,10,-24,-18,-22
37.074219,12,2179,2179,19,10,-23,-18,-21
37.078125,12,2179,2179,19,9,-23,-18,-21
37.082031,12,2179,2179,19,10,-27,-18,-21
37.085938,12,2179,2179,19,10,-23,-18,-21
37.089844,13,2179,2179,19,9,-23,-19,-21
37.093750,13,2179,2179,19,10,-24,-19,-21
37.097656,12,2179,2179,19,10,-23,-19,-22
37.101562,12,2179,2179,19,10,-24,-19,-22
37.105469,12,2179,2179,19,10,-24,-19,-22
37.109375,12,2179,2179,19,10,-24,-19,-22
37.113281,12,2179,2179,19,10,-24,-19,-22
37.117188,12,2179,2179,19,10,-24,-19,-22
37.121094,12,2179,2179,19,10,-24,-19,-22
37.125000,13,2179,2179,19,10,-24,-19,-22
37.128906,13,2179,2179,19,9,-24,-19,-22
37.132812,13,2179,2179,19,10,-24,-19,-22
37.136719,13,2179,2179,19,10,-24,-19,-22
37.140625,13,2179,2179,19,10,-24,-19,-22
37.144531,13,2179,2179,19,9,-24,-19,-22
37.148438,13,2179,2179,19,10,-24,-19,-22
37.152344,13,2179,2179,19,10,-24,-19,-22
37.156250,13,2179,2179,18,10,-24,-19,-22
37.160156,13,2179,2179,18,9,-24,-19,-22
37.164062,13,2179,2179,19,9,-24,-19,-22
37.167969,13,2179,2179,19,10,-24,-19,-22
37.171875,14,2179,2179,19,9,-23,-19,-22
37.175781,14,2179,2179,18,9,-23,-19,-21
37.179688,14,2179,2179,18,9,-24,-19,-22
37.183594,14,2179,2179,19,10,-24,-19,-22
37.187500,14,2179,2179,19,9,-24,-19,-21
37.191406,14,2179,2179,18,9,-24,-19,-21
37.195312,14,2179,2179,19,9,-24,-19,-22
37.199219,14,2179,2179,19,10,-24,-19,-22
37.203125,14,2179,2179,19,10,-24,-19,-22
37.207031,14,2179,2179,18,9,-19,-19,-22
37.210938,15,2179,2179,18,9,-23,-19,-21
37.214844,15,2179,2179,19,10,-23,-19,-21
37.218750,15,2179,2179,19,10,-24,-19,-21
37.222656,15,2179,2179,18,10,-23,-19,-21
37.226562,15,2179,2179,18,9,-24,-19,-21
37.230469,15,2179,2179,19,9,-24,-19,-21
37.234375,15,2179,2179,19,10,-24,-19,-22
37.238281,15,2179,2179,19,10,-24,-19,-22
37.242188,15,2179,2179,19,10,-24,-19,-22
37.246094,15,2179,2179,19,10,-24,-19,-22
37.250000,15,2179,2179,19,10,-24,-19,-22
37.253906,15,2179,2179,19,10,-24,-19,-22
37.257812,15,2179,2179,19,10,-24,-19,-22
37.261719,15,2179,2179,19,10,-24,-19,-22
37.265625,14,2179,2179,19,10,-23,-19,-21
37.269531,14,2179,2179,19,11,-23,-19,-21
37.273438,15,2179,2179,19,10,-23,-19,-21
37.277344,15,2179,2179,19,10,-23,-19,-21
37.281250,14,2179,2179,19,10,-24,-18,-21
37.285156,14,2179,2179,19,10,-23,-19,-21
37.289062,15,2179,2179,19,10,-23,-18,-21
37.292969,15,2179,2179,19,10,-24,-19,-21
37.296875,14,2179,2179,19,10,-24,-19,-22
37.300781,14,2179,2179,19,10,-23,-19,-21
37.304688,14,2179,2179,19,10,-23,-19,-21
37.308594,14,2179,2179,18,10,-24,-19,-22
37.312500,14,2179,2179,18,9,-24,-19,-22
37.316406,14,2179,2179,18,10,-24,-19,-22
37.320312,14,2179,2179,18,10,-24,-19,-22
37.324219,14,2179,2179,18,9,-24,-19,-22
37.328125,15,2179,2179,18,9,-24,-19,-22
37.332031,14,2179,2179,18,10,-27,-19,-22
37.335938,14,2179,2179,19,10,-24,-19,-22
37.339844,14,2179,2179,19,9,-24,-19,-22
37.343750,14,2179,2179,19,9,-24,-19,-22
37.347656,14,2179,2179,19,9,-24,-19,-21
37.351562,14,2179,2179,19,10,-24,-19,-22
37.355469,14,2179,2179,19,10,-24,-19,-21
37.359375,14,2179,2179,18,9,-24,-19,-21
37.363281,14,2179,2179,18,9,-24,-19,-21
37.367188,14,2179,2179,19,10,-24,-19,-22
37.371094,14,2179,2179,19,10,-24,-19,-21
37.375000,15,2179,2179,19,10,-24,-19,-21
37.378906,15,2179,2179,19,10,-24,-19,-22
37.382812,15,2179,2179,19,10,-24,-19,-22
37.386719,15,2179,2179,19,10,-23,-19,-21
37.390625,15,2179,2179,19,10,-24,-19,-21
37.394531,16,2179,2179,19,10,-23,-19,-21
37.398438,16,2179,2179,19,10,-24,-19,-21
37.402344,16,2179,2179,19,10,-23,-19,-21
37.406250,17,2179,2179,19,10,-24,-19,-21
37.410156,17,2179,2179,19,10,-24,-19,-22
37.414062,17,2179,2179,19,10,-24,-19,-21
37.417969,17,2179,2179,19,10,-23,-19,-21
37.421875,17,2179,2179,19,10,-23,-19,-21
37.425781,18,2179,2179,19,9,-24,-19,-22
37.429688,17,2179,2179,19,10,-24,-19,-22
37.433594,17,2179,2179,19,10,-24,-19,-22
37.437500,17,2179,2179,19,10,-24,-19,-22
37.441406,18,2179,2179,19,10,-24,-19,-22
37.445312,18,2179,2179,19,10,-24,-19,-22
37.449219,17,2179,2179,19,10,-24,-19,-22
37.453125,17,2179,2179,19,10,-24,-19,-22
37.457031,17,2179,2179,19,10,-19,-19,-22
37.460938,17,2179,2179,19,10,-24,-19,-22
37.464844,17,2179,2179,19,10,-24,-19,-22
37.468750,16,2179,2179,19,10,-24,-19,-22
37.472656,16,2179,2179,19,10,-24,-19,-21
37.476562,16,2179,2179,19,10,-24,-19,-22
37.480469,16,2179,2179,19,10,-24,-19,-21
37.484375,16,2179,2179,19,10,-24,-19,-21
37.488281,16,2179,2179,19,10,-23,-19,-21
37.492188,16,2179,2179,19,10,-23,-18,-21
37.496094,16,2179,2179,19,10,-23,-18,-21
37.500000,16,2179,2179,19,10,-23,-19,-21
37.503906,16,2179,2179,19,10,-23,-19,-21
37.507812,16,2179,2179,19,9,-23,-19,-21
37.511719,16,2179,2179,19,9,-23,-19,-21
37.515625,16,2179,2179,19,10,-24,-19,-21
37.519531,16,2179,2179,19,10,-23,-19,-21
37.523438,16,2179,2179,19,10,-24,-19,-22
37.527344,17,2179,2179,19,9,-24,-19,-22
37.531250,16,2179,2179,19,9,-24,-19,-22
37.535156,16,2179,2179,19,10,-24,-19,-22
37.539062,17,2179,2179,19,10,-23,-19,-22
37.542969,17,2179,2179,19,10,-24,-19,-22
37.546875,16,2179,2179,19,10,-24,-19,-22
37.550781,16,2179,2179,19,10,-24,-19,-22
37.554688,17,2179,2179,19,10,-24,-19,-22
37.558594,17,2179,2179,19,10,-24,-19,-22
37.562500,16,2179,2179,19,10,-24,-19,-22
37.566406,16,2179,2179,19,10,-24,-19,-22
37.570312,17,2179,2179,19,10,-24,-19,-22
37.574219,17,2179,2179,19,10,-24,-19,-22
37.578125,17,2179,2179,18,9,-24,-19,-22
37.582031,17,2179,2179,19,10,-27,-19,-22
37.585938,17,2179,2179,19,10,-24,-19,-22
37.589844,17,2179,2179,18,9,-24,-19,-21
37.593750,17,2179,2179,18,9,-24,-19,-21
37.597656,17,2179,2179,19,9,-23,-19,-21
37.601562,17,2179,2179,19,9,-23,-19,-21
37.605469,18,2179,2179,19,9,-23,-19,-21
37.609375,18,2179,2179,18,9,-23,-19,-21
37.613281,18,2179,2179,18,9,-23,-18,-21
37.617188,17,2179,2179,19,10,-23,-18,-21
37.621094,18,2179,2179,19,10,-23,-18,-21
37.625000,17,2179,2179,19,10,-23,-18,-21
37.628906,17,2179,2179,19,10,-23,-18,-21
37.632812,17,2179,2179,19,10,-23,-19,-21
37.636719,17,2179,2179,19,10,-23,-18,-21
37.640625,18,2179,2179,19,10,-23,-19,-21
37.644531,18,2179,2179,19,10,-23,-19,-21
37.648438,18,2179,2179,19,10,-24,-19,-21
37.652344,18,2179,2179,19,10,-24,-19,-22
37.656250,18,2179,2179,19,10,-24,-20,-22
37.660156,18,2179,2179,19,10,-24,-20,-22
37.664062,18,2179,2179,19,10,-24,-19,-22
37.667969,17,2179,2179,20,11,-24,-19,-22
37.671875,17,2179,2179,20,11,-24,-19,-22
37.675781,17,2179,2179,19,10,-24,-19,-21
37.679688,17,2179,2179,19,10,-24,-19,-22
37.683594,17,2179,2179,20,11,-24,-19,-21
37.687500,17,2179,2179,20,11,-24,-19,-21
37.691406,17,2179,2179,19,10,-24,-19,-21
37.695312,17,2179,2179,20,11,-24,-19,-21
37.699219,17,2179,2179,20,11,-24,-19,-22
37.703125,17,2179,2179,20,11,-24,-19,-22
37.707031,17,2179,2179,19,10,-20,-19,-22
37.710938,17,2179,2179,19,10,-24,-19,-22
37.714844,17,2179,2179,20,11,-24,-19,-22
37.718750,17,2179,2179,20,10,-24,-19,-22
37.722656,18,2179,2179,19,10,-24,-19,-22
37.726562,18,2179,2179,19,10,-24,-19,-22
37.730469,18,2179,2179,19,9,-23,-19,-21
37.734375,18,2179,2179,19,10,-23,-19,-21
37.738281,19,2179,2179,19,10,-24,-18,-22
37.742188,19,2179,2179,19,9,-24,-19,-21
37.746094,18,2179,2179,19,9,-24,-19,-22
37.750000,19,2179,2179,19,10,-24,-19,-22
37.753906,19,2179,2179,19,10,-24,-19,-22
37.757812,19,2179,2179,19,9,-24,-19,-22
37.761719,19,2179,2179,18,9,-24,-19,-22
37.765625,19,2179,2179,19,10,-24,-19,-22
37.769531,19,2179,2179,19,10,-24,-19,-22
37.773438,19,2179,2179,18,9,-24,-18,-21
37.777344,19,2179,2179,18,9,-23,-18,-21
37.781250,19,2179,2179,19,9,-23,-18,-22
37.785156,19,2179,2179,19,10,-23,-18,-21
37.789062,19,2179,2179,19,10,-23,-18,-21
37.792969,19,2179,2179,19,9,-24,-19,-21
37.796875,18,2179,2179,19,10,-24,-19,-22
37.800781,19,2179,2179,19,10,-24,-19,-22
37.804688,19,2179,2179,19,10,-24,-19,-22
37.808594,19,2179,2179,19,10,-24,-19,-22
37.812500,19,2179,2179,19,10,-24,-19,-22
37.816406,19,2179,2179,19,10,-24,-19,-22
37.820312,19,2179,2179,19,10,-24,-19,-22
37.824219,19,2179,2179,19,10,-23,-19,-22
37.828125,19,2179,2179,19,10,-23,-18,-21
37.832031,19,2179,2179,19,10,-26,-18,-21
37.835938,19,2179,2179,19,10,-23,-18,-21
37.839844,19,2179,2179,19,10,-24,-19,-21
37.843750,20,2179,2179,19,10,-24,-19,-22
37.847656,20,2179,2179,19,10,-24,-19,-22
37.851562,20,2179,2179,19,10,-24,-19,-22
37.855469,20,2179,2179,19,10,-24,-19,-22
37.859375,20,2179,2179,19,10,-24,-19,-22
37.863281,20,2179,2179,19,10,-24,-19,-22
37.867188,20,2179,2179,19,10,-24,-19,-22
37.871094,21,2179,2179,19,10,-24,-19,-21
37.875000,21,2179,2179,19,10,-23,-19,-21
37.878906,21,2179,2179,19,10,-24,-19,-21
37.882812,21,2179,2179,19,10,-24,-19,-21
37.886719,21,2179,2179,18,10,-24,-19,-21
37.890625,21,2179,2179,18,9,-23,-19,-21
37.894531,21,2179,2179,18,9,-24,-19,-22
37.898438,21,2179,2179,18,9,-24,-19,-22
37.902344,20,2179,2179,18,10,-24,-19,-22
37.906250,21,2179,2179,18,10,-24,-19,-22
37.910156,21,2179,2179,18,9,-24,-18,-21
37.914062,20,2179,2179,18,10,-24,-19,-21
37.917969,20,2179,2179,19,10,-24,-19,-22
37.921875,20,2179,2179,19,10,-24,-19,-21
37.925781,20,2179,2179,19,10,-24,-19,-22
37.929688,20,2179,2179,19,10,-24,-19,-22
37.933594,20,2179,2179,19,10,-24,-19,-22
37.937500,20,2179,2179,19,10,-24,-19,-22
37.941406,20,2179,2179,18,9,-24,-19,-22
37.945312,21,2179,2179,18,9,-24,-19,-22
37.949219,20,2179,2179,18,10,-24,-19,-22
37.953125,20,2179,2179,18,10,-23,-18,-21
37.957031,20,2179,2179,17,9,-20,-18,-21
37.960938,21,2179,2179,17,9,-23,-18,-21
37.964844,20,2179,2179,18,10,-23,-18,-21
37.968750,20,2179,2179,18,10,-24,-18,-21
37.972656,20,2179,2179,18,10,-24,-19,-21
37.976562,20,2179,2179,18,9,-24,-19,-21
37.980469,20,2179,2179,19,9,-24,-19,-21
37.984375,20,2179,2179,19,10,-23,-19,-21
37.988281,20,2179,2179,19,10,-24,-19,-21
37.992188,20,2179,2179,19,9,-24,-19,-22
37.996094,19,2179,2179,19,10,-24,-19,-21
38.000000,19,2179,2179,19,10,-23,-19,-21
38.003906,20,2179,2179,19,10,-23,-19,-21
38.007812,20,2179,2179,19,10,-23,-19,-21
38.011719,20,2179,2179,19,10,-23,-19,-21
38.015625,20,2179,2179,19,10,-23,-18,-21
38.019531,20,2179,2179,20,10,-23,-19,-21
38.023438,21,2179,2179,19,10,-24,-19,-21
38.027344,21,2179,2179,19,10,-23,-19,-21
38.031250,21,2179,2179,19,10,-23,-18,-21
38.035156,21,2179,2179,19,10,-23,-18,-21
38.039062,22,2179,2179,19,10,-23,-18,-21
38.042969,22,2179,2179,19,10,-23,-18,-21
38.046875,22,2179,2179,18,9,-23,-18,-21
38.050781,23,2179,2179,18,9,-23,-18,-21
38.054688,23,2179,2179,19,10,-23,-18,-21
38.058594,23,2179,2179,18,9,-23,-18,-21
38.062500,22,2179,2179,19,9,-23,-18,-21
38.066406,23,2179,2179,19,10,-23,-18,-21
38.070312,23,2179,2179,19,10,-23,-18,-21
38.074219,23,2179,2179,19,10,-23,-18,-21
38.078125,23,2179,2179,19,10,-23,-18,-21
38.082031,23,2179,2179,19,10,-26,-18,-21
38.085938,23,2179,2179,20,11,-23,-18,-21
38.089844,23,2179,2179,19,10,-23,-19,-21
38.093750,23,2179,2179,19,10,-23,-19,-21
38.097656,23,2179,2179,20,10,-24,-19,-21
38.101562,23,2179,2179,19,11,-24,-19,-22
38.105469,24,2179,2179,19,10,-24,-19,-21
38.109375,25,2179,2179,19,10,-23,-19,-22
38.113281,25,2179,2179,19,10,-23,-19,-22
38.117188,25,2179,2179,19,10,-24,-19,-22
38.121094,26,2179,2179,19,10,-23,-19,-21
38.125000,27,2179,2179,19,10,-23,-18,-21
38.128906,28,2179,2179,19,10,-23,-18,-21
38.132812,28,2179,2179,19,10,-23,-18,-21
38.136719,28,2179,2179,19,10,-23,-19,-21
38.140625,29,2179,2179,19,10,-24,-19,-21
38.144531,30,2179,2179,19,10,-24,-19,-22
38.148438,30,2179,2179,19,10,-24,-19,-22
38.152344,32,2179,2179,19,10,-24,-19,-22
38.156250,33,2179,2179,18,9,-24,-19,-22
38.160156,34,2179,2179,18,9,-24,-19,-22
38.164062,34,2179,2179,18,9,-24,-19,-22
38.167969,35,2179,2179,19,10,-24,-19,-22
38.171875,36,2179,2179,19,9,-23,-18,-21
38.175781,37,2179,2179,18,9,-23,-18,-21
38.179688,37,2179,2179,19,9,-23,-19,-21
38.183594,37,2179,2179,19,10,-24,-19,-22
38.187500,38,2179,2179,19,10,-24,-19,-22
38.191406,39,2179,2179,19,10,-24,-19,-22
38.195312,40,2179,2179,19,10,-24,-19,-22
38.199219,40,2179,2179,19,10,-24,-19,-22
38.203125,40,2179,2179,19,10,-24,-19,-22
38.207031,41,2179,2179,19,9,-20,-19,-22
38.210938,41,2179,2179,19,9,-23,-18,-21
38.214844,41,2179,2179,19,10,-23,-18,-21
38.218750,42,2179,2179,19,10,-23,-19,-21
38.222656,43,2179,2179,19,10,-23,-19,-21
38.226562,43,2179,2179,19,10,-24,-19,-21
38.230469,43,2179,2179,19,10,-23,-19,-21
38.234375,43,2179,2179,19,10,-23,-19,-21
38.238281,44,2179,2179,19,10,-23,-19,-22
38.242188,45,2179,2179,19,10,-24,-19,-21
38.246094,45,2179,2179,19,10,-24,-18,-21
38.250000,45,2179,2179,19,10,-23,-18,-21
38.253906,45,2179,2179,19,10,-23,-18,-21
38.257812,46,2179,2179,19,10,-23,-18,-21
38.261719,46,2179,2179,19,10,-23,-18,-21
38.265625,46,2179,2179,20,10,-23,-18,-21
38.269531,46,2179,2179,20,11,-24,-19,-21
38.273438,46,2179,2179,20,10,-24,-19,-22
38.277344,47,2179,2179,20,10,-24,-19,-22
38.281250,47,2179,2179,20,10,-24,-19,-22
38.285156,47,2179,2179,20,11,-24,-19,-22
38.289062,48,2179,2179,19,11,-24,-19,-22
38.292969,49,2179,2179,19,10,-24,-18,-21
38.296875,49,2179,2179,19,10,-23,-18,-21
38.300781,49,2179,2179,19,10,-23,-18,-21
38.304688,50,2179,2179,19,10,-23,-18,-21
38.308594,50,2179,2179,18,9,-23,-18,-21
38.312500,49,2179,2179,18,9,-23,-18,-21
38.316406,49,2179,2179,19,10,-23,-18,-21
38.320312,50,2179,2179,19,10,-23,-18,-21
38.324219,50,2179,2179,18,9,-23,-18,-21
38.328125,51,2179,2179,18,9,-23,-19,-21
38.332031,51,2179,2179,18,9,-26,-18,-21
38.335938,51,2179,2179,18,9,-23,-18,-21
38.339844,52,2179,2179,18,9,-23,-18,-21
38.343750,52,2179,2179,18,9,-23,-18,-21
38.347656,52,2179,2179,18,9,-23,-18,-21
38.351562,52,2179,2179,18,9,-23,-18,-21
38.355469,52,2179,2179,19,9,-23,-18,-21
38.359375,52,2179,2179,18,9,-23,-18,-21
38.363281,52,2179,2179,18,9,-23,-18,-21
38.367188,52,2179,2179,18,9,-23,-18,-21
38.371094,52,2179,2179,18,9,-23,-18,-21
38.375000,52,2179,2179,18,9,-23,-18,-21
38.378906,52,2179,2179,19,9,-23,-18,-22
38.382812,52,2179,2179,19,10,-23,-19,-21
38.386719,52,2179,2179,19,10,-24,-18,-21
38.390625,52,2179,2179,19,10,-24,-19,-22
38.394531,52,2179,2179,19,10,-24,-19,-22
38.398438,52,2179,2179,19,10,-24,-19,-22
38.402344,52,2179,2179,19,10,-24,-19,-22
38.406250,52,2179,2179,19,10,-24,-19,-22
38.410156,51,2179,2179,19,10,-24,-19,-22
38.414062,50,2179,2179,19,10,-24,-19,-21
38.417969,50,2179,2179,19,10,-23,-19,-21
38.421875,51,2179,2179,19,10,-23,-18,-21
38.425781,51,2179,2179,19,10,-23,-18,-21
38.429688,50,2179,2179,19,10,-23,-18,-21
38.433594,50,2179,2179,20,10,-23,-18,-21
38.437500,51,2179,2179,20,10,-23,-18,-21
38.441406,51,2179,2179,19,10,-23,-18,-21
38.445312,51,2179,2179,19,10,-23,-18,-21
38.449219,51,2179,2179,19,10,-23,-18,-21
38.453125,51,2179,2179,19,10,-24,-19,-21
38.457031,51,2179,2179,19,10,-20,-19,-21
38.460938,52,2179,2179,19,10,-24,-19,-22
38.464844,52,2179,2179,19,10,-24,-19,-22
38.468750,52,2179,2179,20,11,-24,-20,-22
38.472656,52,2179,2179,19,10,-25,-19,-22
38.476562,52,2179,2179,19,10,-24,-19,-22
38.480469,52,2179,2179,19,10,-24,-19,-22
38.484375,53,2179,2179,19,10,-24,-19,-22
38.488281,53,2179,2179,19,10,-24,-19,-22
38.492188,53,2179,2179,19,10,-24,-19,-22
38.496094,53,2179,2179,19,10,-24,-19,-22
38.500000,53,2179,2179,19,10,-24,-19,-22
38.503906,52,2179,2179,19,11,-24,-19,-22
38.507812,52,2179,2179,19,10,-24,-19,-22
38.511719,52,2179,2179,19,10,-24,-19,-21
38.515625,52,2179,2179,19,10,-23,-19,-21
38.519531,52,2179,2179,19,10,-23,-18,-21
38.523438,53,2179,2179,19,10,-23,-18,-21
38.527344,53,2179,2179,19,10,-23,-18,-21
38.531250,52,2179,2179,19,9,-23,-18,-21
38.535156,52,2179,2179,19,10,-23,-18,-21
38.539062,52,2179,2179,19,10,-23,-18,-21
38.542969,52,2179,2179,19,10,-23,-18,-21
38.546875,52,2179,2179,20,10,-23,-18,-21
38.550781,52,2179,2179,20,10,-23,-19,-21
38.554688,52,2179,2179,21,10,-23,-18,-21
38.558594,53,2179,2179,21,10,-24,-18,-21
38.562500,52,2179,2179,21,10,-24,-19,-22
38.566406,53,2179,2179,21,10,-24,-19,-22
38.570312,54,2179,2179,21,9,-23,-19,-22
38.574219,55,2179,2179,21,9,-24,-19,-22
38.578125,55,2179,2179,20,9,-24,-18,-22
38.582031,54,2179,2179,20,9,-26,-19,-22
38.585938,55,2179,2179,20,9,-24,-19,-22
38.589844,55,2179,2179,20,9,-24,-19,-22
38.593750,55,2179,2179,20,9,-24,-19,-22
38.597656,55,2179,2179,20,9,-24,-19,-22
38.601562,55,2179,2179,20,9,-24,-19,-22
38.605469,55,2179,2179,20,9,-24,-19,-22
38.609375,55,2179,2179,20,9,-24,-19,-22
38.613281,55,2179,2179,20,9,-24,-19,-22
38.617188,55,2179,2179,20,9,-24,-19,-22
38.621094,55,2179,2179,21,9,-24,-19,-22
38.625000,55,2179,2179,21,9,-24,-19,-22
38.628906,55,2179,2179,21,9,-24,-19,-21
38.632812,54,2179,2179,22,10,-23,-19,-22
38.636719,54,2179,2179,23,9,-23,-18,-21
38.640625,54,2179,2179,24,9,-23,-18,-21
38.644531,55,2179,2179,25,10,-23,-18,-21
38.648438,54,2179,2179,25,10,-23,-18,-21
38.652344,54,2179,2179,26,10,-23,-18,-21
38.656250,55,2179,2179,27,10,-23,-18,-21
38.660156,55,2179,2179,27,10,-23,-18,-21
38.664062,54,2179,2179,28,10,-24,-18,-21
38.667969,55,2179,2179,29,10,-24,-19,-22
38.671875,55,2179,2179,29,10,-24,-19,-22
38.675781,55,2179,2179,30,10,-24,-20,-22
38.679688,55,2179,2179,30,10,-25,-20,-22
38.683594,55,2179,2179,32,11,-25,-20,-23
38.687500,55,2179,2179,33,11,-25,-20,-23
38.691406,56,2179,2179,34,10,-25,-20,-23
38.695312,55,2179,2179,36,10,-25,-20,-23
38.699219,55,2179,2179,38,10,-25,-20,-23
38.703125,55,2179,2179,39,11,-25,-20,-23
38.707031,55,2179,2179,40,10,-21,-20,-22
38.710938,55,2179,2179,42,10,-24,-19,-22
38.714844,55,2179,2179,43,10,-24,-19,-22
38.718750,55,2179,2179,44,10,-24,-19,-22
38.722656,55,2179,2179,44,10,-24,-19,-22
38.726562,55,2179,2179,45,10,-24,-19,-22
38.730469,54,2179,2179,45,10,-24,-19,-22
38.734375,54,2179,2179,47,10,-24,-19,-22
38.738281,55,2179,2179,47,10,-24,-19,-22
38.742188,55,2179,2179,48,10,-24,-19,-21
38.746094,55,2179,2179,50,9,-23,-19,-21
38.750000,55,2179,2179,51,10,-23,-18,-21
38.753906,55,2179,2179,53,9,-23,-18,-21
38.757812,55,2179,2179,54,9,-23,-18,-21
38.761719,55,2179,2179,55,9,-23,-18,-21
38.765625,55,2179,2179,56,9,-23,-18,-21
38.769531,55,2179,2179,57,9,-23,-18,-21
38.773438,55,2179,2179,58,9,-23,-18,-21
38.777344,55,2179,2179,59,9,-23,-18,-21
38.781250,55,2179,2179,60,9,-23,-19,-21
38.785156,55,2179,2179,61,10,-23,-19,-22
38.789062,55,2179,2179,63,10,-24,-19,-21
38.792969,55,2179,2179,64,9,-24,-19,-22
38.796875,55,2179,2179,65,9,-24,-19,-22
38.800781,55,2179,2179,67,10,-24,-19,-22
38.804688,55,2179,2179,69,10,-24,-19,-22
38.808594,55,2179,2179,70,9,-23,-19,-21
38.812500,54,2179,2179,71,9,-23,-18,-21
38.816406,55,2179,2179,72,10,-23,-18,-21
38.820312,55,2179,2179,73,10,-23,-18,-21
38.824219,55,2179,2179,74,10,-23,-19,-21
38.828125,55,2179,2179,75,9,-23,-18,-21
38.832031,55,2179,2179,76,10,-26,-19,-21
38.835938,55,2179,2179,77,10,-24,-19,-22
38.839844,55,2179,2179,79,9,-24,-19,-22
38.843750,55,2179,2179,80,9,-24,-19,-22
38.847656,55,2179,2179,82,9,-24,-19,-22
38.851562,55,2179,2179,84,10,-24,-19,-22
38.855469,56,2179,2179,86,10,-24,-19,-22
38.859375,56,2179,2179,87,9,-24,-19,-22
38.863281,56,2179,2179,88,9,-24,-19,-22
38.867188,56,2179,2179,89,10,-24,-19,-22
38.871094,56,2179,2179,89,10,-24,-19,-22
38.875000,56,2179,2179,89,10,-24,-18,-22
38.878906,56,2179,2179,90,10,-24,-18,-22
38.882812,56,2179,2179,90,10,-23,-18,-22
38.886719,56,2179,2179,91,10,-23,-18,-22
38.890625,56,2179,2179,91,9,-23,-18,-21
38.894531,56,2179,2179,92,10,-23,-18,-21
38.898438,56,2179,2179,94,10,-24,-19,-21
38.902344,56,2179,2179,95,10,-24,-19,-22
38.906250,57,2179,2179,96,10,-24,-19,-22
38.910156,57,2179,2179,98,10,-24,-19,-21
38.914062,57,2179,2179,101,10,-24,-19,-21
38.917969,57,2179,2179,103,10,-24,-19,-21
38.921875,58,2179,2179,105,10,-23,-19,-21
38.925781,58,2179,2179,106,10,-23,-19,-21
38.929688,57,2179,2179,106,10,-23,-19,-21
38.933594,57,2179,2179,107,10,-24,-19,-21
38.937500,57,2179,2179,107,10,-23,-19,-21
38.941406,57,2179,2179,107,10,-24,-19,-22
38.945312,57,2179,2179,107,10,-24,-19,-21
38.949219,57,2179,2179,107,10,-23,-18,-21
38.953125,57,2179,2179,108,10,-24,-18,-21
38.957031,57,2179,2179,109,10,-20,-18,-21
38.960938,58,2179,2179,110,10,-23,-18,-21
38.964844,57,2179,2179,112,10,-23,-18,-21
38.968750,57,2179,2179,113,10,-23,-18,-21
38.972656,57,2179,2179,113,10,-23,-19,-21
38.976562,57,2179,2179,114,10,-24,-19,-22
38.980469,57,2179,2179,115,10,-24,-20,-22
38.984375,57,2179,2179,116,10,-24,-20,-22
38.988281,58,2179,2179,116,10,-24,-19,-22
38.992188,58,2179,2179,116,10,-24,-19,-22
38.996094,58,2179,2179,116,9,-24,-19,-22
39.000000,58,2179,2179,116,10,-24,-19,-22
39.003906,58,2179,2179,117,10,-24,-19,-22
39.007812,58,2179,2179,118,10,-24,-19,-22
39.011719,58,2179,2179,118,10,-24,-19,-22
39.015625,58,2179,2179,120,10,-24,-19,-22
39.019531,58,2179,2179,120,10,-24,-19,-22
39.023438,58,2179,2179,121,10,-24,-19,-22
39.027344,58,2179,2179,121,10,-24,-19,-22
39.031250,58,2179,2179,121,10,-24,-19,-22
39.035156,58,2179,2179,122,10,-24,-19,-22
39.039062,58,2179,2179,122,10,-24,-19,-22
39.042969,58,2179,2179,122,10,-24,-19,-22
39.046875,58,2179,2179,122,10,-24,-19,-22
39.050781,58,2179,2179,123,10,-23,-19,-21
39.054688,58,2179,2179,124,10,-23,-18,-21
39.058594,58,2179,2179,124,9,-23,-18,-21
39.062500,58,2179,2179,125,10,-23,-18,-21
39.066406,58,2179,2179,125,10,-23,-18,-21
39.070312,58,2179,2179,126,10,-23,-18,-21
39.074219,58,2179,2179,126,10,-23,-18,-21
39.078125,59,2179,2179,126,10,-23,-18,-21
39.082031,58,2179,2179,127,10,-25,-19,-21
39.085938,58,2179,2179,127,10,-23,-19,-21
39.089844,58,2179,2179,127,10,-23,-19,-21
39.093750,58,2179,2179,128,10,-23,-19,-21
39.097656,58,2179,2179,129,10,-24,-19,-21
39.101562,58,2179,2179,129,10,-24,-19,-22
39.105469,58,2179,2179,129,10,-24,-19,-22
39.109375,59,2179,2179,129,10,-24,-19,-22
39.113281,58,2179,2179,129,10,-24,-19,-21
39.117188,58,2179,2179,129,10,-24,-19,-21
39.121094,58,2179,2179,129,10,-24,-19,-21
39.125000,58,2179,2179,130,10,-24,-19,-22
39.128906,58,2179,2179,130,10,-24,-19,-22
39.132812,58,2179,2179,131,10,-24,-19,-22
39.136719,57,2179,2179,132,10,-24,-19,-22
39.140625,57,2179,2179,132,10,-24,-19,-22
39.144531,57,2179,2179,132,10,-24,-19,-22
39.148438,57,2179,2179,132,10,-24,-19,-21
39.152344,57,2179,2179,132,10,-24,-19,-21
39.156250,57,2179,2179,132,10,-23,-19,-21
39.160156,57,2179,2179,132,10,-24,-19,-21
39.164062,57,2179,2179,133,9,-24,-18,-21
39.167969,57,2179,2179,133,10,-23,-19,-22
39.171875,58,2179,2179,134,10,-23,-18,-21
39.175781,58,2179,2179,134,9,-23,-19,-21
39.179688,57,2179,2179,134,9,-24,-19,-22
39.183594,57,2179,2179,134,9,-24,-19,-22
39.187500,57,2179,2179,134,9,-24,-19,-22
39.191406,57,2179,2179,134,9,-24,-19,-22
39.195312,57,2179,2179,134,9,-24,-19,-22
39.199219,56,2179,2179,134,10,-24,-19,-22
39.203125,56,2179,2179,134,10,-24,-19,-22
39.207031,57,2179,2179,134,9,-21,-19,-22
39.210938,57,2179,2179,134,9,-24,-19,-22
39.214844,56,2179,2179,135,11,-24,-19,-21
39.218750,56,2179,2179,135,10,-24,-19,-22
39.222656,56,2179,2179,135,10,-24,-19,-22
39.226562,56,2179,2179,135,10,-24,-19,-22
39.230469,56,2179,2179,136,10,-24,-19,-21
39.234375,56,2179,2179,137,10,-24,-19,-21
39.238281,56,2179,2179,137,10,-23,-19,-21
39.242188,55,2179,2179,137,10,-24,-19,-21
39.246094,55,2179,2179,137,10,-24,-19,-22
39.250000,55,2179,2179,137,10,-24,-19,-22
39.253906,55,2179,2179,138,11,-24,-19,-22
39.257812,55,2179,2179,137,10,-24,-19,-22
39.261719,56,2179,2179,138,10,-24,-19,-22
39.265625,55,2179,2179,138,11,-24,-19,-22
39.269531,56,2179,2179,139,10,-24,-19,-21
39.273438,56,2179,2179,138,10,-23,-18,-21
39.277344,56,2179,2179,139,10,-23,-18,-21
39.281250,56,2179,2179,139,10,-23,-18,-21
39.285156,56,2179,2179,139,10,-23,-18,-21
39.289062,56,2179,2179,139,11,-23,-18,-21
39.292969,56,2179,2179,139,10,-23,-19,-21
39.296875,56,2179,2179,139,10,-24,-19,-21
39.300781,57,2179,2179,140,10,-24,-19,-22
39.304688,57,2179,2179,140,10,-24,-19,-22
39.308594,57,2179,2179,140,10,-24,-19,-22
39.312500,56,2179,2179,140,10,-24,-19,-22
39.316406,57,2179,2179,140,10,-24,-19,-22
39.320312,57,2179,2179,140,10,-24,-19,-22
39.324219,57,2179,2179,139,10,-24,-19,-22
39.328125,57,2179,2179,139,9,-23,-19,-21
39.332031,57,2179,2179,139,10,-25,-18,-21
39.335938,57,2179,2179,139,10,-23,-19,-21
39.339844,57,2179,2179,139,10,-23,-19,-21
39.343750,57,2179,2179,140,9,-23,-18,-21
39.347656,57,2179,2179,140,9,-23,-18,-21
39.351562,56,2179,2179,140,10,-23,-18,-21
39.355469,56,2179,2179,141,10,-23,-18,-21
39.359375,56,2179,2179,141,10,-23,-18,-21
39.363281,56,2179,2179,141,10,-23,-19,-21
39.367188,56,2179,2179,142,10,-23,-19,-21
39.371094,56,2179,2179,142,10,-23,-19,-21
39.375000,56,2179,2179,142,10,-24,-19,-21
39.378906,56,2179,2179,142,10,-24,-19,-22
39.382812,56,2179,2179,142,10,-24,-19,-21
39.386719,56,2179,2179,142,10,-23,-19,-21
39.390625,56,2179,2179,141,9,-23,-18,-21
39.394531,56,2179,2179,141,9,-23,-18,-21
39.398438,56,2179,2179,141,9,-23,-18,-21
39.402344,56,2179,2179,141,9,-23,-18,-21
39.406250,56,2179,2179,141,10,-24,-19,-21
39.410156,56,2179,2179,141,9,-23,-19,-21
39.414062,55,2179,2179,142,10,-23,-19,-21
39.417969,55,2179,2179,143,10,-24,-19,-21
39.421875,55,2179,2179,143,10,-24,-19,-22
39.425781,55,2179,2179,142,10,-24,-19,-22
39.429688,55,2179,2179,142,10,-24,-19,-22
39.433594,55,2179,2179,142,10,-24,-19,-22
39.437500,55,2179,2179,141,10,-24,-19,-22
39.441406,55,2179,2179,141,10,-24,-19,-22
39.445312,55,2179,2179,141,10,-24,-19,-22
39.449219,55,2179,2179,141,10,-24,-19,-22
39.453125,55,2179,2179,142,10,-24,-19,-22
39.457031,55,2179,2179,142,10,-21,-19,-21
39.460938,55,2179,2179,142,10,-23,-18,-21
39.464844,54,2179,2179,143,11,-23,-18,-21
39.468750,54,2179,2179,143,10,-23,-18,-21
39.472656,54,2179,2179,142,10,-23,-18,-21
39.476562,54,2179,2179,142,10,-23,-18,-21
39.480469,53,2179,2179,142,10,-23,-18,-21
39.484375,53,2179,2179,143,10,-23,-18,-21
39.488281,54,2179,2179,143,11,-23,-19,-21
39.492188,54,2179,2179,143,10,-24,-19,-21
39.496094,54,2179,2179,143,10,-24,-19,-22
39.500000,54,2179,2179,144,10,-24,-20,-22
39.503906,54,2179,2179,144,10,-25,-20,-22
39.507812,55,2179,2179,144,10,-24,-20,-22
39.511719,55,2179,2179,144,10,-24,-20,-22
39.515625,55,2179,2179,144,10,-24,-19,-22
39.519531,55,2179,2179,144,10,-24,-19,-22
39.523438,55,2179,2179,144,10,-23,-19,-21
39.527344,55,2179,2179,144,10,-23,-19,-21
39.531250,54,2179,2179,144,10,-24,-19,-21
39.535156,54,2179,2179,144,10,-24,-19,-22
39.539062,54,2179,2179,143,10,-24,-19,-22
39.542969,55,2179,2179,143,10,-24,-19,-22
39.546875,54,2179,2179,143,10,-24,-20,-22
39.550781,55,2179,2179,143,10,-24,-20,-22
39.554688,55,2179,2179,144,10,-24,-19,-22
39.558594,54,2179,2179,143,9,-24,-19,-21
39.562500,53,2179,2179,144,9,-23,-18,-21
39.566406,53,2179,2179,145,10,-23,-18,-21
39.570312,53,2179,2179,145,10,-23,-18,-21
39.574219,53,2179,2179,145,10,-23,-18,-21
39.578125,53,2179,2179,145,10,-23,-18,-21
39.582031,52,2179,2179,145,11,-25,-18,-21
39.585938,52,2179,2179,145,11,-23,-19,-21
39.589844,53,2179,2179,145,11,-24,-19,-22
39.593750,53,2179,2179,145,10,-24,-19,-22
39.597656,53,2179,2179,146,10,-24,-20,-22
39.601562,53,2179,2179,146,10,-25,-20,-22
39.605469,53,2179,2179,146,10,-25,-20,-22
39.609375,53,2179,2179,145,10,-25,-20,-22
39.613281,53,2179,2179,145,10,-25,-20,-22
39.617188,53,2179,2179,145,10,-24,-20,-22
39.621094,53,2179,2179,144,10,-24,-19,-22
39.625000,53,2179,2179,144,10,-24,-19,-22
39.628906,53,2179,2179,144,10,-24,-19,-22
39.632812,53,2179,2179,145,10,-24,-20,-22
39.636719,53,2179,2179,145,10,-24,-20,-22
39.640625,54,2179,2179,145,10,-24,-20,-22
39.644531,54,2179,2179,145,10,-24,-19,-22
39.648438,54,2179,2179,146,10,-24,-19,-22
39.652344,54,2179,2179,146,10,-23,-19,-21
39.656250,54,2179,2179,145,10,-23,-18,-21
39.660156,54,2179,2179,145,10,-23,-18,-21
39.664062,53,2179,2179,146,10,-23,-18,-21
39.667969,53,2179,2179,146,11,-23,-18,-21
39.671875,53,2179,2179,146,11,-23,-18,-21
39.675781,53,2179,2179,146,11,-23,-18,-21
39.679688,53,2179,2179,147,10,-23,-18,-21
39.683594,53,2179,2179,147,11,-23,-19,-21
39.687500,52,2179,2179,147,11,-24,-19,-21
39.691406,53,2179,2179,147,10,-24,-19,-22
39.695312,53,2179,2179,147,11,-24,-19,-22
39.699219,52,2179,2179,147,11,-24,-19,-22
39.703125,52,2179,2179,147,11,-24,-19,-22
39.707031,52,2179,2179,147,11,-21,-19,-22
39.710938,52,2179,2179,147,11,-24,-19,-21
39.714844,52,2179,2179,147,12,-24,-19,-21
39.718750,52,2179,2179,147,11,-23,-19,-21
39.722656,52,2179,2179,147,11,-23,-19,-21
39.726562,51,2179,2179,147,10,-23,-19,-21
39.730469,51,2179,2179,147,10,-24,-19,-21
39.734375,51,2179,2179,148,11,-24,-19,-22
39.738281,51,2179,2179,147,11,-24,-19,-22
39.742188,51,2179,2179,147,10,-24,-19,-22
39.746094,51,2179,2179,147,10,-24,-19,-22
39.750000,51,2179,2179,148,11,-24,-19,-22
39.753906,51,2179,2179,148,11,-24,-19,-22
39.757812,51,2179,2179,147,10,-24,-19,-22
39.761719,51,2179,2179,147,10,-24,-19,-21
39.765625,50,2179,2179,147,10,-24,-19,-21
39.769531,50,2179,2179,146,10,-23,-19,-21
39.773438,50,2179,2179,146,9,-24,-19,-21
39.777344,50,2179,2179,146,10,-23,-19,-21
39.781250,50,2179,2179,146,10,-23,-18,-21
39.785156,50,2179,2179,147,10,-23,-18,-21
39.789062,50,2179,2179,148,10,-23,-18,-21
39.792969,50,2179,2179,148,10,-23,-18,-21
39.796875,49,2179,2179,149,10,-23,-18,-21
39.800781,49,2179,2179,149,11,-23,-19,-21
39.804688,50,2179,2179,149,11,-24,-19,-21
39.808594,50,2179,2179,148,10,-24,-19,-21
39.812500,49,2179,2179,148,10,-24,-19,-22
39.816406,50,2179,2179,147,10,-24,-19,-22
39.820312,50,2179,2179,147,10,-24,-19,-22
39.824219,50,2179,2179,147,10,-24,-19,-22
39.828125,50,2179,2179,147,10,-24,-19,-22
39.832031,49,2179,2179,148,10,-25,-19,-21
39.835938,49,2179,2179,149,10,-23,-19,-21
39.839844,49,2179,2179,149,11,-24,-19,-21
39.843750,49,2179,2179,149,11,-24,-19,-22
39.847656,48,2179,2179,150,11,-24,-20,-22
39.851562,48,2179,2179,150,11,-24,-20,-22
39.855469,49,2179,2179,149,11,-24,-20,-22
39.859375,49,2179,2179,149,11,-25,-20,-22
39.863281,49,2179,2179,149,11,-25,-20,-22
39.867188,49,2179,2179,149,11,-24,-20,-22
39.871094,49,2179,2179,150,10,-24,-20,-22
39.875000,49,2179,2179,150,10,-24,-19,-22
39.878906,49,2179,2179,150,10,-24,-19,-21
39.882812,49,2179,2179,150,10,-24,-19,-21
39.886719,49,2179,2179,150,10,-23,-18,-21
39.890625,49,2179,2179,149,10,-23,-18,-21
39.894531,49,2179,2179,149,10,-23,-18,-21
39.898438,49,2179,2179,149,10,-23,-18,-21
39.902344,49,2179,2179,148,10,-23,-18,-21
39.906250,49,2179,2179,148,10,-23,-18,-21
39.910156,49,2179,2179,148,10,-23,-18,-21
39.914062,48,2179,2179,148,10,-23,-18,-21
39.917969,48,2179,2179,149,10,-23,-18,-21
39.921875,48,2179,2179,150,10,-23,-19,-22
39.925781,49,2179,2179,150,10,-24,-19,-22
39.929688,48,2179,2179,150,10,-24,-19,-22
39.933594,48,2179,2179,150,10,-24,-19,-22
39.937500,48,2179,2179,150,10,-24,-19,-22
39.941406,48,2179,2179,149,10,-24,-19,-22
39.945312,48,2179,2179,150,10,-24,-19,-22
39.949219,48,2179,2179,150,10,-24,-19,-22
39.953125,48,2179,2179,150,10,-24,-19,-22
39.957031,48,2179,2179,150,10,-22,-19,-22
39.960938,48,2179,2179,149,10,-24,-19,-22
39.964844,47,2179,2179,149,12,-24,-19,-21
39.968750,47,2179,2179,149,10,-23,-19,-21
39.972656,47,2179,2179,148,10,-23,-19,-21
39.976562,47,2179,2179,148,10,-23,-18,-21
39.980469,47,2179,2179,148,9,-23,-18,-21
39.984375,47,2179,2179,149,10,-23,-18,-21
39.988281,48,2179,2179,149,10,-23,-18,-21
39.992188,48,2179,2179,149,9,-23,-18,-21
39.996094,48,2179,2179,150,9,-23,-18,-22
40.000000,48,2179,2179,150,10,-24,-19,-22
40.003906,48,2179,2179,150,10,-24,-19,-22
40.007812,48,2179,2179,150,9,-24,-19,-22
40.011719,48,2179,2179,150,9,-23,-18,-21
40.015625,47,2179,2179,150,10,-23,-18,-21
40.019531,47,2179,2179,150,10,-23,-18,-21
40.023438,47,2179,2179,150,10,-23,-18,-21
40.027344,47,2179,2179,150,9,-23,-18,-21
40.031250,47,2179,2179,150,9,-23,-18,-21
40.035156,47,2179,2179,150,10,-23,-18,-21
40.039062,47,2179,2179,150,10,-23,-18,-21
40.042969,47,2179,2179,150,10,-23,-18,-21
40.046875,47,2179,2179,150,10,-24,-19,-22
40.050781,47,2179,2179,150,10,-24,-19,-22
40.054688,47,2179,2179,150,10,-24,-19,-22
40.058594,47,2179,2179,150,10,-24,-19,-22
40.062500,47,2179,2179,150,10,-24,-19,-22
40.066406,47,2179,2179,151,10,-23,-19,-21
40.070312,47,2179,2179,151,10,-23,-18,-21
40.074219,48,2179,2179,151,10,-23,-18,-21
40.078125,47,2179,2179,152,10,-23,-18,-21
40.082031,47,2179,2179,153,11,-25,-18,-21
40.085938,47,2179,2179,154,11,-23,-18,-21
40.089844,47,2179,2179,154,12,-23,-18,-21
40.093750,47,2179,2179,154,11,-23,-18,-21
40.097656,47,2179,2179,154,11,-23,-19,-21
40.101562,47,2179,2179,154,11,-24,-19,-22
40.105469,47,2179,2179,154,11,-24,-19,-22
40.109375,47,2179,2179,153,11,-24,-19,-22
40.113281,47,2179,2179,152,10,-24,-19,-22
40.117188,47,2179,2179,152,10,-24,-19,-22
40.121094,48,2179,2179,152,10,-24,-19,-22
40.125000,48,2179,2179,151,10,-23,-19,-21
40.128906,48,2179,2179,151,10,-23,-18,-21
40.132812,48,2179,2179,152,10,-23,-18,-21
40.136719,48,2179,2179,152,10,-23,-18,-21
40.140625,49,2179,2179,152,9,-23,-18,-21
40.144531,49,2179,2179,152,9,-24,-19,-22
40.148438,48,2179,2179,152,10,-24,-19,-22
40.152344,48,2179,2179,152,10,-24,-19,-22
40.156250,48,2179,2179,152,10,-24,-19,-22
40.160156,48,2179,2179,152,10,-24,-19,-22
40.164062,48,2179,2179,153,10,-24,-19,-22
40.167969,48,2179,2179,153,10,-24,-19,-22
40.171875,48,2179,2179,153,10,-24,-19,-22
40.175781,48,2179,2179,153,10,-23,-19,-21
40.179688,47,2179,2179,153,9,-23,-19,-21
40.183594,47,2179,2179,153,10,-23,-19,-21
40.187500,47,2179,2179,153,9,-24,-19,-22
40.191406,48,2179,2179,152,9,-24,-19,-22
40.195312,48,2179,2179,152,9,-24,-19,-22
40.199219,48,2179,2179,153,9,-24,-19,-22
40.203125,47,2179,2179,153,9,-24,-20,-22
40.207031,48,2179,2179,153,9,-22,-19,-22
40.210938,47,2179,2179,153,9,-24,-19,-22
40.214844,47,2179,2179,153,11,-24,-19,-22
40.218750,47,2179,2179,153,10,-24,-19,-22
40.222656,47,2179,2179,153,10,-24,-19,-22
40.226562,47,2179,2179,153,10,-24,-19,-21
40.230469,46,2179,2179,153,10,-23,-19,-21
40.234375,46,2179,2179,154,10,-23,-19,-21
40.238281,46,2179,2179,154,10,-23,-19,-21
40.242188,46,2179,2179,154,10,-24,-19,-21
40.246094,45,2179,2179,154,10,-23,-18,-21
40.250000,45,2179,2179,155,10,-23,-18,-21
40.253906,45,2179,2179,155,10,-23,-18,-21
40.257812,45,2179,2179,154,10,-23,-18,-21
40.261719,45,2179,2179,154,10,-23,-18,-21
40.265625,45,2179,2179,154,10,-24,-18,-22
40.269531,45,2179,2179,154,10,-24,-19,-22
40.273438,45,2179,2179,154,10,-24,-19,-22
40.277344,45,2179,2179,154,10,-24,-19,-22
40.281250,45,2179,2179,154,10,-24,-19,-22
40.285156,45,2179,2179,155,11,-24,-19,-21
40.289062,45,2179,2179,155,11,-24,-19,-21
40.292969,45,2179,2179,154,10,-23,-19,-21
40.296875,45,2179,2179,154,10,-23,-18,-21
40.300781,45,2179,2179,155,10,-23,-19,-21
40.304688,46,2179,2179,154,10,-24,-18,-21
40.308594,46,2179,2179,154,10,-24,-19,-21
40.312500,46,2179,2179,154,10,-24,-19,-21
40.316406,46,2179,2179,154,10,-23,-19,-21
40.320312,46,2179,2179,154,10,-23,-18,-21
40.324219,47,2179,2179,154,10,-23,-18,-21
40.328125,47,2179,2179,154,9,-23,-18,-21
40.332031,46,2179,2179,154,9,-25,-18,-21
40.335938,47,2179,2179,154,9,-23,-18,-21
40.339844,47,2179,2179,153,10,-23,-19,-21
40.343750,47,2179,2179,153,9,-23,-19,-21
40.347656,47,2179,2179,153,9,-24,-19,-22
40.351562,47,2179,2179,153,9,-24,-19,-22
40.355469,47,2179,2179,154,9,-23,-19,-21
40.359375,46,2179,2179,154,9,-23,-19,-21
40.363281,46,2179,2179,154,9,-23,-19,-21
40.367188,46,2179,2179,155,10,-23,-19,-21
40.371094,46,2179,2179,155,9,-23,-19,-21
40.375000,46,2179,2179,155,9,-23,-19,-21
40.378906,45,2179,2179,154,9,-24,-19,-21
40.382812,45,2179,2179,154,10,-24,-19,-22
40.386719,45,2179,2179,154,10,-24,-19,-22
40.390625,45,2179,2179,153,10,-24,-19,-21
40.394531,44,2179,2179,154,10,-24,-19,-21
40.398438,44,2179,2179,154,10,-24,-19,-21
40.402344,44,2179,2179,154,10,-23,-19,-21
40.406250,44,2179,2179,154,10,-23,-18,-21
40.410156,44,2179,2179,155,10,-23,-18,-21
40.414062,44,2179,2179,155,10,-23,-18,-21
40.417969,44,2179,2179,156,11,-23,-18,-21
40.421875,44,2179,2179,156,11,-23,-18,-22
40.425781,44,2179,2179,156,10,-23,-18,-22
40.429688,43,2179,2179,156,10,-24,-19,-22
40.433594,43,2179,2179,157,11,-24,-19,-22
40.437500,43,2179,2179,157,10,-24,-19,-22
40.441406,44,2179,2179,156,10,-25,-19,-22
40.445312,44,2179,2179,155,10,-24,-20,-23
40.449219,44,2179,2179,155,10,-24,-20,-22
40.453125,44,2179,2179,155,10,-24,-19,-22
40.457031,44,2179,2179,154,9,-22,-19,-22
40.460938,44,2179,2179,154,9,-23,-19,-22
40.464844,44,2179,2179,155,11,-23,-18,-21
40.468750,43,2179,2179,155,10,-23,-18,-21
40.472656,44,2179,2179,155,10,-23,-18,-21
40.476562,43,2179,2179,156,10,-23,-18,-21
40.480469,43,2179,2179,156,10,-23,-19,-21
40.484375,42,2179,2179,157,10,-23,-19,-21
40.488281,43,2179,2179,157,10,-24,-19,-22
40.492188,43,2179,2179,156,10,-24,-19,-22
40.496094,42,2179,2179,156,10,-24,-19,-22
40.500000,42,2179,2179,156,10,-24,-19,-22
40.503906,42,2179,2179,156,10,-24,-18,-22
40.507812,42,2179,2179,156,10,-23,-18,-21
40.511719,42,2179,2179,156,10,-23,-18,-21
40.515625,42,2179,2179,156,10,-24,-19,-21
40.519531,42,2179,2179,157,10,-24,-19,-22
40.523438,42,2179,2179,156,10,-24,-19,-22
40.527344,42,2179,2179,156,10,-25,-20,-22
40.531250,42,2179,2179,157,10,-25,-20,-22
40.535156,42,2179,2179,157,11,-25,-20,-23
40.539062,43,2179,2179,156,10,-25,-20,-23
40.542969,43,2179,2179,156,10,-25,-20,-23
40.546875,43,2179,2179,156,10,-25,-20,-22
40.550781,43,2179,2179,156,10,-24,-20,-23
40.554688,43,2179,2179,156,10,-24,-19,-22
40.558594,43,2179,2179,156,10,-24,-19,-22
40.562500,42,2179,2179,156,10,-24,-19,-22
40.566406,42,2179,2179,157,10,-24,-19,-22
40.570312,42,2179,2179,157,10,-23,-19,-21
40.574219,42,2179,2179,157,9,-23,-18,-21
40.578125,42,2179,2179,157,9,-23,-18,-21
40.582031,41,2179,2179,157,10,-24,-18,-21
40.585938,41,2179,2179,157,10,-23,-18,-21
40.589844,41,2179,2179,156,11,-23,-18,-21
40.593750,41,2179,2179,156,10,-23,-18,-21
40.597656,41,2179,2179,157,10,-24,-19,-21
40.601562,40,2179,2179,157,10,-24,-19,-22
40.605469,41,2179,2179,157,10,-24,-19,-22
40.609375,41,2179,2179,157,10,-24,-19,-22
40.613281,41,2179,2179,158,10,-24,-19,-22
40.617188,41,2179,2179,158,10,-24,-19,-22
40.621094,41,2179,2179,158,10,-24,-19,-22
40.625000,41,2179,2179,157,10,-24,-19,-22
40.628906,41,2179,2179,157,10,-24,-19,-22
40.632812,41,2179,2179,156,10,-24,-19,-22
40.636719,41,2179,2179,156,10,-24,-18,-22
40.640625,41,2179,2179,155,9,-24,-19,-21
40.644531,41,2179,2179,156,9,-23,-18,-21
40.648438,41,2179,2179,156,9,-23,-18,-21
40.652344,42,2179,2179,157,10,-23,-18,-21
40.656250,42,2179,2179,157,10,-23,-18,-21
40.660156,42,2179,2179,157,9,-23,-18,-21
40.664062,41,2179,2179,157,10,-23,-18,-21
40.667969,41,2179,2179,157,10,-23,-18,-21
40.671875,41,2179,2179,157,10,-23,-18,-21
40.675781,41,2179,2179,157,10,-23,-18,-21
40.679688,41,2179,2179,157,10,-23,-18,-21
40.683594,41,2179,2179,158,10,-23,-18,-21
40.687500,41,2179,2179,158,10,-23,-18,-21
40.691406,41,2179,2179,157,10,-23,-18,-21
40.695312,40,2179,2179,157,10,-23,-18,-21
40.699219,40,2179,2179,157,10,-23,-18,-21
40.703125,40,2179,2179,157,10,-23,-18,-21
40.707031,39,2179,2179,156,10,-21,-18,-21
40.710938,39,2179,2179,156,10,-23,-18,-21
40.714844,39,2179,2179,156,12,-23,-18,-21
40.718750,39,2179,2179,156,11,-23,-18,-21
40.722656,39,2179,2179,156,10,-23,-18,-21
40.726562,39,2179,2179,157,10,-23,-18,-21
40.730469,39,2179,2179,157,10,-23,-18,-21
40.734375,39,2179,2179,158,10,-23,-18,-21
40.738281,39,2179,2179,158,10,-23,-18,-21
40.742188,39,2179,2179,158,10,-23,-18,-21
40.746094,39,2179,2179,158,10,-23,-18,-21
40.750000,39,2179,2179,158,10,-24,-19,-21
40.753906,38,2179,2179,158,10,-24,-19,-22
40.757812,39,2179,2179,158,10,-24,-19,-22
40.761719,38,2179,2179,157,10,-25,-20,-22
40.765625,38,2179,2179,157,10,-25,-20,-22
40.769531,38,2179,2179,157,10,-24,-20,-22
40.773438,39,2179,2179,156,9,-25,-20,-23
40.777344,39,2179,2179,156,9,-24,-20,-22
40.781250,38,2179,2179,157,9,-24,-19,-22
40.785156,38,2179,2179,157,9,-24,-19,-22
40.789062,38,2179,2179,157,9,-24,-19,-22
40.792969,38,2179,2179,157,9,-24,-19,-22
40.796875,37,2179,2179,157,9,-24,-19,-22
40.800781,37,2179,2179,157,10,-24,-19,-22
40.804688,37,2179,2179,157,10,-24,-19,-21
40.808594,36,2179,2179,157,10,-24,-19,-21
40.812500,36,2179,2179,157,10,-24,-19,-21
40.816406,36,2179,2179,158,10,-24,-19,-21
40.820312,36,2179,2179,158,10,-23,-19,-21
40.824219,36,2179,2179,159,10,-23,-19,-21
40.828125,36,2179,2179,159,10,-23,-18,-21
40.832031,36,2179,2179,159,10,-25,-18,-21
40.835938,36,2179,2179,159,11,-23,-19,-21
40.839844,36,2179,2179,158,11,-24,-19,-21
40.843750,36,2179,2179,157,11,-24,-19,-21
40.847656,35,2179,2179,157,10,-24,-19,-21
40.851562,35,2179,2179,157,11,-23,-19,-21
40.855469,36,2179,2179,157,10,-23,-19,-21
40.859375,36,2179,2179,157,10,-23,-18,-21
40.863281,36,2179,2179,157,10,-23,-18,-21
40.867188,36,2179,2179,158,10,-23,-18,-21
40.871094,36,2179,2179,158,10,-23,-19,-21
40.875000,36,2179,2179,158,10,-24,-19,-22
40.878906,35,2179,2179,158,10,-24,-19,-22
40.882812,35,2179,2179,158,10,-24,-19,-22
40.886719,35,2179,2179,158,10,-24,-19,-22
40.890625,35,2179,2179,157,10,-24,-19,-22
40.894531,34,2179,2179,157,10,-24,-19,-21
40.898438,34,2179,2179,157,11,-23,-18,-21
40.902344,34,2179,2179,157,10,-23,-18,-21
40.906250,34,2179,2179,157,10,-23,-18,-21
40.910156,34,2179,2179,157,10,-23,-18,-21
40.914062,33,2179,2179,157,10,-24,-19,-21
40.917969,34,2179,2179,157,10,-24,-19,-22
40.921875,34,2179,2179,156,10,-24,-19,-22
40.925781,34,2179,2179,156,10,-24,-19,-22
40.929688,34,2179,2179,155,10,-24,-19,-22
40.933594,34,2179,2179,156,10,-23,-19,-21
40.937500,34,2179,2179,156,10,-23,-18,-21
40.941406,34,2179,2179,155,9,-23,-18,-21
40.945312,34,2179,2179,156,9,-23,-18,-21
40.949219,34,2179,2179,156,10,-23,-18,-21
40.953125,33,2179,2179,157,10,-22,-18,-21
40.957031,34,2179,2179,157,9,-21,-18,-21
40.960938,34,2179,2179,157,9,-23,-18,-21
40.964844,33,2179,2179,157,11,-23,-18,-21
40.968750,33,2179,2179,157,10,-23,-19,-21
40.972656,33,2179,2179,157,10,-24,-19,-21
40.976562,33,2179,2179,156,10,-24,-19,-22
40.980469,33,2179,2179,156,10,-24,-19,-22
40.984375,33,2179,2179,155,10,-24,-19,-22
40.988281,33,2179,2179,154,10,-24,-19,-22
40.992188,33,2179,2179,152,10,-24,-19,-22
40.996094,32,2179,2179,149,10,-24,-19,-22
41.000000,32,2179,2179,143,10,-24,-19,-22
41.003906,32,2179,2179,135,10,-24,-19,-21
41.007812,31,2179,2179,124,9,-24,-19,-22
41.011719,31,2179,2179,113,10,-24,-19,-21
41.015625,31,2179,2179,102,10,-24,-19,-21
41.019531,30,2179,2179,92,10,-24,-19,-21
41.023438,31,2179,2179,84,10,-24,-19,-21
41.027344,31,2179,2179,79,10,-24,-19,-21
41.031250,30,2179,2179,77,10,-24,-19,-21
41.035156,30,2179,2179,77,10,-23,-19,-21
41.039062,30,2179,2179,78,10,-23,-19,-21
41.042969,30,2179,2179,79,10,-23,-18,-21
41.046875,30,2179,2179,78,10,-24,-19,-21
41.050781,30,2179,2179,75,10,-23,-18,-21
41.054688,30,2179,2179,70,10,-23,-18,-21
41.058594,30,2179,2179,63,10,-23,-18,-21
41.062500,30,2179,2179,56,9,-23,-18,-21
41.066406,30,2179,2179,49,10,-23,-18,-21
41.070312,30,2179,2179,43,10,-23,-19,-21
41.074219,30,2179,2179,39,10,-24,-19,-22
41.078125,30,2179,2179,35,10,-24,-19,-21
41.082031,29,2179,2179,33,10,-25,-19,-21
41.085938,29,2179,2179,31,11,-24,-19,-22
41.089844,29,2179,2179,29,11,-24,-19,-22
41.093750,29,2179,2179,27,10,-24,-19,-22
41.097656,29,2179,2179,26,10,-24,-19,-22
41.101562,29,2179,2179,24,11,-24,-20,-22
41.105469,29,2179,2179,22,11,-24,-19,-22
41.109375,29,2179,2179,21,10,-24,-19,-22
41.113281,28,2179,2179,20,10,-24,-19,-22
41.117188,28,2179,2179,20,10,-24,-19,-22
41.121094,28,2179,2179,19,10,-24,-19,-22
41.125000,28,2179,2179,19,10,-23,-19,-21
41.128906,27,2179,2179,19,10,-24,-19,-21
41.132812,27,2179,2179,20,10,-24,-19,-21
41.136719,27,2179,2179,19,10,-24,-19,-22
41.140625,27,2179,2179,19,10,-24,-19,-22
41.144531,28,2179,2179,19,10,-24,-19,-22
41.148438,27,2179,2179,19,10,-24,-19,-22
41.152344,27,2179,2179,19,10,-24,-19,-22
41.156250,27,2179,2179,18,9,-23,-18,-21
41.160156,27,2179,2179,18,9,-23,-18,-21
41.164062,27,2179,2179,18,9,-23,-18,-21
41.167969,26,2179,2179,19,9,-23,-18,-21
41.171875,27,2179,2179,19,9,-23,-18,-21
41.175781,27,2179,2179,18,9,-23,-18,-21
41.179688,26,2179,2179,18,9,-23,-19,-21
41.183594,25,2179,2179,19,9,-24,-19,-21
41.187500,25,2179,2179,19,10,-24,-19,-22
41.191406,25,2179,2179,19,9,-24,-20,-22
41.195312,25,2179,2179,19,9,-24,-20,-22
41.199219,24,2179,2179,19,10,-25,-20,-22
41.203125,24,2179,2179,19,10,-24,-20,-22
41.207031,24,2179,2179,18,9,-23,-20,-22
41.210938,24,2179,2179,18,9,-24,-20,-22
41.214844,23,2179,2179,19,10,-24,-19,-22
41.218750,23,2179,2179,19,10,-24,-19,-22
41.222656,22,2179,2179,18,10,-24,-19,-21
41.226562,21,2179,2179,19,10,-23,-18,-21
41.230469,21,2179,2179,19,10,-23,-18,-21
41.234375,20,2179,2179,19,11,-23,-18,-21
41.238281,20,2179,2179,20,11,-23,-18,-21
41.242188,19,2179,2179,19,10,-23,-18,-21
41.246094,19,2179,2179,19,10,-23,-19,-21
41.250000,19,2179,2179,20,11,-24,-19,-22
41.253906,19,2179,2179,20,11,-24,-19,-22
41.257812,19,2179,2179,19,10,-24,-19,-22
41.261719,19,2179,2179,19,10,-23,-18,-21
41.265625,18,2179,2179,19,10,-23,-18,-21
41.269531,18,2179,2179,19,10,-23,-18,-21
41.273438,18,2179,2179,19,10,-23,-18,-21
41.277344,18,2179,2179,19,10,-23,-18,-21
41.281250,17,2179,2179,20,10,-23,-18,-21
41.285156,17,2179,2179,20,11,-23,-18,-21
41.289062,17,2179,2179,20,10,-24,-19,-21
41.292969,17,2179,2179,19,10,-24,-19,-22
41.296875,17,2179,2179,20,11,-24,-19,-22
41.300781,18,2179,2179,20,11,-24,-19,-22
41.304688,18,2179,2179,20,11,-24,-19,-22
41.308594,18,2179,2179,19,11,-24,-19,-22
41.312500,19,2179,2179,19,10,-24,-19,-22
41.316406,18,2179,2179,19,11,-24,-19,-22
41.320312,19,2179,2179,19,10,-24,-19,-22
41.324219,19,2179,2179,19,10,-24,-19,-22
41.328125,19,2179,2179,19,9,-23,-19,-21
41.332031,18,2179,2179,19,10,-24,-18,-21
41.335938,18,2179,2179,19,10,-23,-18,-21
41.339844,18,2179,2179,18,10,-23,-18,-21
41.343750,18,2179,2179,18,9,-23,-18,-21
41.347656,18,2179,2179,19,9,-23,-18,-21
41.351562,18,2179,2179,19,10,-23,-18,-21
41.355469,18,2179,2179,19,10,-23,-18,-21
41.359375,18,2179,2179,18,9,-23,-18,-21
41.363281,18,2179,2179,19,9,-23,-18,-21
41.367188,17,2179,2179,19,10,-23,-18,-21
41.371094,17,2179,2179,19,10,-23,-18,-21
41.375000,17,2179,2179,19,9,-23,-18,-21
41.378906,17,2179,2179,18,9,-23,-18,-21
41.382812,17,2179,2179,19,9,-23,-18,-21
41.386719,17,2179,2179,19,10,-23,-18,-21
41.390625,17,2179,2179,19,9,-23,-18,-21
41.394531,17,2179,2179,19,10,-23,-18,-21
41.398438,16,2179,2179,19,10,-23,-18,-21
41.402344,16,2179,2179,19,10,-23,-18,-21
41.406250,16,2179,2179,19,11,-23,-18,-21
41.410156,15,2179,2179,19,10,-23,-19,-21
41.414062,15,2179,2179,19,10,-23,-19,-21
41.417969,14,2179,2179,20,11,-23,-19,-21
41.421875,14,2179,2179,20,11,-24,-19,-21
41.425781,14,2179,2179,20,10,-24,-19,-22
41.429688,14,2179,2179,20,10,-24,-19,-22
41.433594,14,2179,2179,20,11,-24,-19,-21
41.437500,14,2179,2179,20,11,-24,-19,-21
41.441406,14,2179,2179,19,10,-24,-19,-21
41.445312,14,2179,2179,19,10,-23,-19,-21
41.449219,14,2179,2179,19,10,-23,-18,-21
41.453125,13,2179,2179,19,10,-23,-18,-21
41.457031,14,2179,2179,19,10,-21,-18,-21
41.460938,14,2179,2179,19,10,-23,-18,-21
41.464844,13,2179,2179,19,10,-23,-18,-21
41.468750,13,2179,2179,19,10,-23,-18,-21
41.472656,14,2179,2179,19,10,-23,-18,-21
41.476562,14,2179,2179,19,10,-23,-19,-21
41.480469,13,2179,2179,19,10,-24,-19,-21
41.484375,14,2179,2179,19,10,-24,-19,-22
41.488281,14,2179,2179,18,10,-24,-19,-22
41.492188,15,2179,2179,18,10,-24,-19,-22
41.496094,14,2179,2179,17,10,-24,-19,-22
41.500000,14,2179,2179,18,10,-24,-19,-22
41.503906,14,2179,2179,18,10,-24,-19,-21
41.507812,15,2179,2179,19,10,-24,-18,-22
41.511719,14,2179,2179,19,10,-24,-19,-21
41.515625,14,2179,2179,20,10,-24,-19,-21
41.519531,14,2179,2179,20,10,-24,-19,-22
41.523438,14,2179,2179,19,10,-24,-19,-22
41.527344,14,2179,2179,19,10,-24,-20,-22
41.531250,14,2179,2179,19,10,-24,-20,-22
41.535156,14,2179,2179,19,11,-25,-20,-22
41.539062,14,2179,2179,19,10,-24,-20,-22
41.542969,14,2179,2179,18,10,-24,-20,-22
41.546875,14,2179,2179,18,10,-24,-20,-22
41.550781,14,2179,2179,18,10,-24,-19,-22
41.554688,15,2179,2179,18,10,-24,-19,-22
41.558594,15,2179,2179,18,9,-23,-19,-21
41.562500,15,2179,2179,17,9,-23,-19,-21
41.566406,14,2179,2179,18,10,-23,-18,-21
41.570312,14,2179,2179,18,10,-23,-18,-21
41.574219,14,2179,2179,18,9,-23,-18,-21
41.578125,14,2179,2179,18,9,-23,-18,-21
41.582031,14,2179,2179,19,9,-24,-18,-21
41.585938,14,2179,2179,19,10,-23,-18,-21
41.589844,14,2179,2179,19,10,-23,-18,-21
41.593750,14,2179,2179,19,9,-24,-19,-22
41.597656,14,2179,2179,19,9,-24,-19,-22
41.601562,14,2179,2179,18,9,-24,-19,-22
41.605469,15,2179,2179,19,10,-24,-20,-22
41.609375,15,2179,2179,18,9,-24,-20,-22
41.613281,14,2179,2179,18,9,-24,-19,-22
41.617188,14,2179,2179,19,10,-24,-19,-22
41.621094,14,2179,2179,19,10,-24,-19,-22
41.625000,14,2179,2179,19,10,-24,-19,-21
41.628906,14,2179,2179,19,10,-24,-19,-21
41.632812,14,2179,2179,19,10,-24,-19,-21
41.636719,14,2179,2179,19,10,-23,-18,-21
41.640625,14,2179,2179,19,10,-23,-19,-21
41.644531,14,2179,2179,19,10,-23,-19,-21
41.648438,14,2179,2179,19,10,-23,-18,-21
41.652344,14,2179,2179,19,11,-23,-19,-21
41.656250,14,2179,2179,19,11,-24,-19,-21
41.660156,14,2179,2179,19,10,-24,-19,-22
41.664062,14,2179,2179,19,11,-24,-19,-22
41.667969,14,2179,2179,20,11,-24,-19,-22
41.671875,15,2179,2179,19,11,-24,-19,-22
41.675781,15,2179,2179,19,10,-24,-19,-22
41.679688,14,2179,2179,19,10,-24,-19,-22
41.683594,15,2179,2179,18,10,-24,-19,-21
41.687500,15,2179,2179,18,10,-23,-18,-21
41.691406,15,2179,2179,18,10,-23,-18,-21
41.695312,15,2179,2179,18,10,-23,-18,-21
41.699219,14,2179,2179,18,10,-23,-18,-21
41.703125,14,2179,2179,18,10,-23,-19,-21
41.707031,14,2179,2179,18,10,-22,-19,-22
41.710938,14,2179,2179,18,10,-24,-19,-22
41.714844,14,2179,2179,19,11,-24,-19,-22
41.718750,14,2179,2179,19,10,-24,-19,-22
41.722656,15,2179,2179,18,10,-24,-19,-22
41.726562,15,2179,2179,18,10,-24,-19,-22
41.730469,14,2179,2179,18,10,-24,-19,-22
41.734375,14,2179,2179,18,10,-23,-19,-21
41.738281,14,2179,2179,17,10,-23,-18,-21
41.742188,13,2179,2179,17,10,-23,-18,-21
41.746094,13,2179,2179,17,10,-24,-19,-21
41.750000,13,2179,2179,17,10,-24,-19,-22
41.753906,13,2179,2179,18,10,-24,-19,-22
41.757812,13,2179,2179,17,10,-24,-19,-22
41.761719,14,2179,2179,18,9,-24,-19,-22
41.765625,14,2179,2179,18,9,-24,-19,-22
41.769531,14,2179,2179,19,9,-24,-19,-22
41.773438,14,2179,2179,18,9,-23,-18,-21
41.777344,14,2179,2179,19,9,-23,-18,-21
41.781250,13,2179,2179,19,9,-23,-18,-21
41.785156,13,2179,2179,19,10,-23,-18,-21
41.789062,13,2179,2179,19,10,-23,-19,-21
41.792969,13,2179,2179,19,10,-23,-19,-21
41.796875,13,2179,2179,19,10,-24,-19,-21
41.800781,13,2179,2179,18,9,-24,-19,-22
41.804688,14,2179,2179,19,10,-24,-19,-22
41.808594,14,2179,2179,18,9,-24,-19,-22
41.812500,14,2179,2179,18,9,-24,-18,-22
41.816406,13,2179,2179,19,10,-24,-18,-22
41.820312,13,2179,2179,19,10,-24,-19,-22
41.824219,13,2179,2179,19,10,-23,-19,-22
41.828125,13,2179,2179,19,10,-24,-19,-22
41.832031,13,2179,2179,19,10,-25,-19,-22
41.835938,13,2179,2179,19,10,-24,-19,-22
41.839844,13,2179,2179,19,10,-24,-19,-22
41.843750,13,2179,2179,19,10,-24,-19,-22
41.847656,13,2179,2179,19,10,-24,-19,-21
41.851562,12,2179,2179,19,10,-23,-18,-21
41.855469,13,2179,2179,19,10,-23,-18,-21
41.859375,12,2179,2179,19,10,-23,-18,-21
41.863281,12,2179,2179,19,10,-23,-18,-21
41.867188,12,2179,2179,19,10,-23,-18,-21
41.871094,13,2179,2179,19,10,-23,-18,-21
41.875000,13,2179,2179,19,10,-23,-18,-21
41.878906,13,2179,2179,19,10,-23,-18,-21
41.882812,13,2179,2179,19,10,-23,-18,-21
41.886719,13,2179,2179,19,10,-23,-18,-21
41.890625,13,2179,2179,19,10,-23,-18,-21
41.894531,12,2179,2179,19,10,-23,-18,-21
41.898438,12,2179,2179,19,10,-23,-19,-22
41.902344,12,2179,2179,19,10,-24,-19,-22
41.906250,13,2179,2179,19,10,-24,-19,-22
41.910156,13,2179,2179,19,9,-24,-19,-22
41.914062,13,2179,2179,18,9,-24,-19,-22
41.917969,13,2179,2179,19,10,-24,-19,-22
41.921875,13,2179,2179,18,10,-24,-19,-22
41.925781,13,2179,2179,18,10,-24,-19,-21
41.929688,13,2179,2179,18,10,-24,-19,-21
41.933594,13,2179,2179,18,10,-24,-19,-21
41.937500,13,2179,2179,18,10,-23,-19,-21
41.941406,12,2179,2179,18,10,-24,-19,-21
41.945312,12,2179,2179,19,10,-24,-19,-22
41.949219,12,2179,2179,19,10,-24,-19,-22
41.953125,12,2179,2179,19,10,-24,-19,-22
41.957031,12,2179,2179,18,10,-23,-19,-22
41.960938,12,2179,2179,18,9,-24,-19,-22
41.964844,12,2179,2179,18,10,-24,-19,-21
41.968750,12,2179,2179,17,10,-23,-18,-21
41.972656,13,2179,2179,17,9,-23,-18,-21
41.976562,13,2179,2179,18,9,-23,-18,-21
41.980469,13,2179,2179,18,9,-23,-18,-21
41.984375,13,2179,2179,19,10,-23,-18,-21
41.988281,13,2179,2179,19,10,-23,-18,-21
41.992188,13,2179,2179,19,10,-23,-19,-21
41.996094,13,2179,2179,19,10,-24,-19,-22
42.000000,13,2179,2179,19,10,-24,-19,-22
42.003906,13,2179,2179,19,10,-24,-19,-22
42.007812,14,2179,2179,18,9,-24,-19,-22
42.011719,14,2179,2179,18,9,-24,-19,-21
42.015625,13,2179,2179,19,10,-23,-18,-21
42.019531,13,2179,2179,19,10,-23,-18,-21
42.023438,13,2179,2179,19,10,-23,-18,-21
42.027344,13,2179,2179,19,10,-23,-18,-21
42.031250,12,2179,2179,19,10,-23,-18,-21
42.035156,12,2179,2179,19,10,-23,-18,-21
42.039062,13,2179,2179,19,10,-23,-19,-22
42.042969,13,2179,2179,19,10,-24,-19,-21
42.046875,12,2179,2179,19,10,-24,-19,-22
42.050781,12,2179,2179,19,10,-24,-19,-22
42.054688,12,2179,2179,19,10,-24,-19,-22
42.058594,12,2179,2179,19,10,-24,-19,-22
42.062500,12,2179,2179,19,10,-24,-19,-22
42.066406,12,2179,2179,19,10,-24,-19,-22
42.070312,12,2179,2179,19,10,-24,-19,-22
42.074219,13,2179,2179,19,10,-24,-19,-22
42.078125,13,2179,2179,19,10,-23,-19,-21
42.082031,13,2179,2179,19,10,-24,-18,-21
42.085938,13,2179,2179,19,10,-23,-18,-21
42.089844,13,2179,2179,19,10,-23,-18,-21
42.093750,13,2179,2179,19,10,-23,-18,-21
42.097656,12,2179,2179,19,10,-23,-18,-21
42.101562,12,2179,2179,19,10,-24,-19,-21
42.105469,13,2179,2179,20,10,-24,-19,-22
42.109375,13,2179,2179,19,10,-24,-19,-22
42.113281,13,2179,2179,19,10,-24,-19,-22
42.117188,13,2179,2179,19,10,-24,-20,-22
42.121094,13,2179,2179,19,10,-24,-19,-22
42.125000,14,2179,2179,18,10,-24,-19,-22
42.128906,14,2179,2179,18,9,-24,-19,-22
42.132812,13,2179,2179,18,10,-24,-19,-22
42.136719,13,2179,2179,18,10,-23,-18,-22
42.140625,13,2179,2179,18,9,-23,-19,-22
42.144531,13,2179,2179,18,10,-23,-18,-21
42.148438,13,2179,2179,18,10,-23,-18,-21
42.152344,13,2179,2179,18,10,-23,-19,-21
42.156250,13,2179,2179,18,10,-23,-19,-21
42.160156,13,2179,2179,18,10,-24,-19,-21
42.164062,12,2179,2179,18,10,-24,-19,-22
42.167969,12,2179,2179,18,10,-24,-19,-22
42.171875,13,2179,2179,18,10,-24,-19,-22
42.175781,13,2179,2179,18,10,-24,-19,-22
42.179688,13,2179,2179,18,9,-24,-19,-22
42.183594,13,2179,2179,19,10,-24,-19,-22
42.187500,14,2179,2179,19,10,-24,-19,-22
42.191406,14,2179,2179,18,9,-24,-19,-22
42.195312,14,2179,2179,19,9,-24,-19,-21
42.199219,13,2179,2179,19,10,-23,-18,-21
42.203125,13,2179,2179,19,10,-23,-18,-21
42.207031,13,2179,2179,19,10,-22,-18,-21
42.210938,13,2179,2179,19,10,-23,-19,-21
42.214844,12,2179,2179,19,10,-24,-19,-21
42.218750,12,2179,2179,19,11,-24,-19,-22
42.222656,13,2179,2179,18,11,-24,-20,-22
42.226562,13,2179,2179,18,10,-25,-20,-22
42.230469,13,2179,2179,18,10,-25,-20,-22
42.234375,13,2179,2179,19,11,-25,-20,-23
42.238281,13,2179,2179,19,11,-24,-20,-22
42.242188,14,2179,2179,19,10,-24,-20,-22
42.246094,13,2179,2179,19,10,-24,-19,-22
42.250000,14,2179,2179,20,10,-24,-19,-22
42.253906,14,2179,2179,20,10,-24,-19,-22
42.257812,14,2179,2179,19,10,-24,-19,-22
42.261719,14,2179,2179,19,10,-24,-20,-22
42.265625,14,2179,2179,19,10,-24,-20,-22
42.269531,14,2179,2179,19,10,-24,-19,-22
42.273438,14,2179,2179,19,10,-24,-19,-22
42.277344,14,2179,2179,19,10,-24,-19,-22
42.281250,14,2179,2179,19,10,-23,-19,-21
42.285156,14,2179,2179,19,11,-23,-19,-21
42.289062,15,2179,2179,19,11,-23,-19,-21
42.292969,15,2179,2179,18,10,-24,-19,-22
42.296875,16,2179,2179,18,10,-24,-19,-22
42.300781,16,2179,2179,18,11,-24,-19,-22
42.304688,17,2179,2179,18,10,-24,-19,-22
42.308594,18,2179,2179,18,10,-24,-19,-22
42.312500,18,2179,2179,18,9,-24,-19,-22
42.316406,18,2179,2179,19,10,-23,-19,-21
42.320312,19,2179,2179,19,9,-23,-18,-21
42.324219,19,2179,2179,18,9,-23,-18,-21
42.328125,19,2179,2179,18,9,-23,-18,-21
42.332031,19,2179,2179,19,9,-24,-18,-21
42.335938,18,2179,2179,19,10,-23,-18,-21
42.339844,19,2179,2179,18,9,-23,-19,-21
42.343750,18,2179,2179,18,9,-23,-19,-21
42.347656,18,2179,2179,18,9,-24,-19,-22
42.351562,18,2179,2179,19,9,-24,-19,-22
42.355469,18,2179,2179,19,9,-24,-19,-22
42.359375,18,2179,2179,18,9,-24,-19,-22
42.363281,18,2179,2179,18,9,-24,-19,-22
42.367188,18,2179,2179,19,10,-24,-19,-22
42.371094,18,2179,2179,19,10,-24,-19,-22
42.375000,17,2179,2179,19,10,-23,-19,-21
42.378906,17,2179,2179,19,10,-23,-18,-21
42.382812,16,2179,2179,19,10,-23,-18,-21
42.386719,16,2179,2179,19,10,-23,-18,-21
42.390625,16,2179,2179,19,10,-23,-18,-21
42.394531,16,2179,2179,19,10,-23,-18,-21
42.398438,16,2179,2179,19,10,-23,-19,-21
42.402344,16,2179,2179,19,10,-23,-19,-21
42.406250,16,2179,2179,19,11,-24,-19,-22
42.410156,16,2179,2179,19,10,-24,-19,-22
42.414062,16,2179,2179,19,10,-24,-20,-22
42.417969,16,2179,2179,19,10,-24,-20,-22
42.421875,16,2179,2179,19,10,-24,-19,-22
42.425781,17,2179,2179,19,9,-24,-19,-22
42.429688,16,2179,2179,19,10,-24,-19,-22
42.433594,16,2179,2179,19,10,-24,-19,-21
42.437500,17,2179,2179,19,10,-23,-19,-22
42.441406,16,2179,2179,19,10,-23,-19,-21
42.445312,16,2179,2179,19,10,-24,-19,-21
42.449219,16,2179,2179,19,10,-24,-19,-22
42.453125,16,2179,2179,19,10,-24,-19,-22
42.457031,16,2179,2179,19,10,-23,-19,-22
42.460938,16,2179,2179,19,10,-24,-19,-22
42.464844,16,2179,2179,19,10,-24,-19,-22
42.468750,16,2179,2179,19,10,-23,-19,-21
42.472656,16,2179,2179,19,10,-23,-18,-21
42.476562,16,2179,2179,19,10,-23,-18,-21
42.480469,16,2179,2179,19,10,-23,-18,-21
42.484375,16,2179,2179,20,10,-24,-19,-21
42.488281,16,2179,2179,19,11,-24,-19,-22
42.492188,16,2179,2179,19,10,-24,-19,-22
42.496094,16,2179,2179,19,10,-24,-19,-22
42.500000,16,2179,2179,19,10,-24,-19,-22
42.503906,17,2179,2179,18,10,-24,-19,-22
42.507812,17,2179,2179,18,9,-23,-18,-21
42.511719,17,2179,2179,18,9,-23,-18,-21
42.515625,17,2179,2179,18,10,-23,-18,-21
42.519531,17,2179,2179,18,10,-23,-18,-21
42.523438,17,2179,2179,18,9,-23,-18,-21
42.527344,17,2179,2179,18,9,-23,-18,-22
42.531250,17,2179,2179,19,9,-23,-19,-22
42.535156,17,2179,2179,19,10,-23,-19,-21
42.539062,18,2179,2179,19,10,-23,-19,-22
42.542969,18,2179,2179,19,9,-24,-19,-22
42.546875,17,2179,2179,19,10,-24,-19,-22
42.550781,17,2179,2179,19,10,-24,-19,-22
42.554688,17,2179,2179,19,10,-24,-19,-22
42.558594,17,2179,2179,19,10,-24,-19,-22
42.562500,17,2179,2179,18,10,-24,-19,-22
42.566406,16,2179,2179,19,10,-23,-19,-22
42.570312,16,2179,2179,19,10,-23,-18,-21
42.574219,16,2179,2179,19,10,-23,-18,-21
42.578125,16,2179,2179,19,10,-23,-18,-21
42.582031,15,2179,2179,19,10,-24,-18,-21
42.585938,15,2179,2179,19,10,-23,-18,-21
42.589844,15,2179,2179,19,10,-23,-18,-21
42.593750,15,2179,2179,19,10,-23,-19,-21
42.597656,15,2179,2179,19,10,-24,-19,-22
42.601562,15,2179,2179,19,10,-24,-19,-22
42.605469,15,2179,2179,19,10,-24,-19,-22
42.609375,16,2179,2179,19,9,-23,-19,-21
42.613281,15,2179,2179,18,9,-23,-18,-21
42.617188,16,2179,2179,19,10,-23,-18,-21
42.621094,16,2179,2179,19,9,-23,-18,-21
42.625000,16,2179,2179,18,9,-23,-18,-21
42.628906,16,2179,2179,18,9,-23,-18,-21
42.632812,16,2179,2179,19,10,-22,-18,-21
42.636719,16,2179,2179,19,10,-23,-18,-21
42.640625,16,2179,2179,19,10,-23,-18,-21
42.644531,16,2179,2179,19,10,-23,-18,-21
42.648438,16,2179,2179,20,10,-23,-18,-21
42.652344,16,2179,2179,19,10,-23,-18,-21
42.656250,16,2179,2179,19,10,-23,-19,-21
42.660156,16,2179,2179,19,10,-23,-19,-22
42.664062,16,2179,2179,19,10,-24,-19,-22
42.667969,16,2179,2179,19,10,-24,-19,-22
42.671875,16,2179,2179,19,10,-24,-19,-22
42.675781,16,2179,2179,19,10,-24,-19,-22
42.679688,16,2179,2179,19,10,-24,-19,-22
42.683594,16,2179,2179,19,10,-24,-19,-22
42.687500,16,2179,2179,19,10,-24,-19,-22
42.691406,16,2179,2179,19,10,-23,-18,-21
42.695312,16,2179,2179,19,10,-23,-18,-21
42.699219,16,2179,2179,19,10,-23,-18,-21
42.703125,16,2179,2179,19,10,-22,-18,-21
42.707031,16,2179,2179,18,10,-22,-18,-21
42.710938,16,2179,2179,18,10,-23,-18,-21
42.714844,15,2179,2179,18,9,-23,-18,-21
42.718750,15,2179,2179,18,10,-23,-18,-21
42.722656,16,2179,2179,17,10,-24,-19,-22
42.726562,16,2179,2179,18,9,-24,-19,-22
42.730469,16,2179,2179,18,9,-24,-19,-22
42.734375,16,2179,2179,18,10,-24,-19,-22
42.738281,16,2179,2179,19,9,-25,-19,-23
42.742188,16,2179,2179,19,9,-25,-20,-23
42.746094,16,2179,2179,19,9,-25,-20,-23
42.750000,16,2179,2179,19,10,-25,-20,-23
42.753906,16,2179,2179,19,10,-25,-20,-23
42.757812,16,2179,2179,19,10,-25,-20,-23
42.761719,15,2179,2179,19,10,-25,-20,-23
42.765625,15,2179,2179,19,10,-25,-20,-23
42.769531,15,2179,2179,19,10,-25,-20,-23
42.773438,16,2179,2179,18,10,-25,-20,-23
42.777344,16,2179,2179,18,9,-25,-20,-23
42.781250,15,2179,2179,19,9,-25,-20,-23
42.785156,16,2179,2179,19,10,-25,-20,-23
42.789062,16,2179,2179,19,10,-25,-20,-22
42.792969,16,2179,2179,18,9,-24,-20,-22
42.796875,16,2179,2179,18,9,-24,-20,-22
42.800781,16,2179,2179,19,10,-24,-19,-22
42.804688,16,2179,2179,19,10,-24,-19,-22
42.808594,16,2179,2179,19,10,-24,-19,-22
42.812500,16,2179,2179,19,10,-24,-19,-22
42.816406,15,2179,2179,19,10,-24,-19,-22
42.820312,15,2179,2179,19,10,-23,-19,-21
42.824219,16,2179,2179,19,10,-23,-18,-21
42.828125,16,2179,2179,19,10,-23,-18,-21
42.832031,16,2179,2179,19,10,-24,-18,-21
42.835938,16,2179,2179,19,10,-23,-18,-21
42.839844,17,2179,2179,19,9,-23,-18,-21
42.843750,17,2179,2179,19,10,-23,-18,-21
42.847656,17,2179,2179,19,10,-23,-18,-21
42.851562,16,2179,2179,19,10,-23,-18,-21
42.855469,16,2179,2179,19,10,-23,-18,-21
42.859375,16,2179,2179,19,10,-23,-18,-21
42.863281,16,2179,2179,20,10,-23,-19,-21
42.867188,16,2179,2179,20,11,-24,-19,-21
42.871094,16,2179,2179,20,11,-23,-19,-21
42.875000,16,2179,2179,19,10,-23,-19,-21
42.878906,17,2179,2179,19,10,-23,-19,-21
42.882812,16,2179,2179,19,10,-23,-19,-21
42.886719,17,2179,2179,19,10,-23,-19,-21
42.890625,17,2179,2179,18,9,-23,-19,-21
42.894531,17,2179,2179,18,9,-23,-18,-21
42.898438,17,2179,2179,19,9,-23,-18,-21
42.902344,17,2179,2179,19,10,-23,-19,-21
42.906250,17,2179,2179,18,10,-23,-18,-21
42.910156,17,2179,2179,18,9,-23,-18,-21
42.914062,17,2179,2179,19,9,-23,-18,-21
42.917969,17,2179,2179,19,10,-23,-19,-21
42.921875,17,2179,2179,19,10,-23,-18,-21
42.925781,17,2179,2179,18,10,-23,-18,-21
42.929688,16,2179,2179,18,10,-23,-18,-21
42.933594,16,2179,2179,18,10,-23,-18,-21
42.937500,17,2179,2179,18,10,-23,-19,-21
42.941406,16,2179,2179,18,10,-23,-19,-21
42.945312,16,2179,2179,18,10,-24,-19,-21
42.949219,16,2179,2179,19,10,-24,-19,-22
42.953125,16,2179,2179,19,10,-24,-20,-22
42.957031,17,2179,2179,18,10,-23,-20,-22
42.960938,17,2179,2179,18,10,-24,-19,-22
42.964844,17,2179,2179,18,9,-24,-19,-22
42.968750,16,2179,2179,18,10,-24,-19,-22
42.972656,17,2179,2179,18,10,-24,-19,-21
42.976562,16,2179,2179,18,10,-24,-19,-22
42.980469,16,2179,2179,18,10,-24,-19,-21
42.984375,16,2179,2179,19,10,-24,-19,-22
42.988281,16,2179,2179,19,10,-24,-19,-22
42.992188,16,2179,2179,19,10,-24,-19,-22
42.996094,16,2179,2179,19,10,-24,-19,-22
43.000000,16,2179,2179,19,10,-24,-19,-22
43.003906,15,2179,2179,19,10,-24,-19,-22
43.007812,16,2179,2179,19,10,-23,-18,-21
43.011719,15,2179,2179,19,9,-23,-18,-21
43.015625,15,2179,2179,19,10,-23,-18,-21
43.019531,15,2179,2179,19,10,-23,-18,-21
43.023438,15,2179,2179,19,10,-23,-18,-21
43.027344,16,2179,2179,19,10,-23,-18,-22
43.031250,16,2179,2179,20,10,-23,-19,-21
43.035156,16,2179,2179,19,10,-23,-19,-22
43.039062,17,2179,2179,19,10,-23,-19,-21
43.042969,17,2179,2179,19,10,-23,-19,-21
43.046875,16,2179,2179,19,10,-23,-18,-21
43.050781,16,2179,2179,19,10,-23,-18,-21
43.054688,16,2179,2179,19,10,-23,-18,-21
43.058594,16,2179,2179,18,10,-23,-18,-21
43.062500,17,2179,2179,18,10,-24,-19,-21
43.066406,17,2179,2179,18,10,-24,-19,-22
43.070312,17,2179,2179,18,10,-23,-19,-21
43.074219,18,2179,2179,18,10,-24,-19,-21
43.078125,18,2179,2179,18,9,-24,-19,-21
43.082031,17,2179,2179,19,10,-24,-19,-21
43.085938,17,2179,2179,19,10,-24,-19,-21
43.089844,17,2179,2179,19,9,-24,-19,-22
43.093750,17,2179,2179,19,10,-24,-19,-22
43.097656,17,2179,2179,19,10,-24,-19,-21
43.101562,17,2179,2179,19,10,-24,-19,-22
43.105469,17,2179,2179,19,10,-23,-19,-21
43.109375,17,2179,2179,19,10,-23,-19,-21
43.113281,17,2179,2179,18,10,-24,-19,-21
43.117188,17,2179,2179,19,10,-23,-19,-21
43.121094,18,2179,2179,19,10,-23,-18,-22
43.125000,18,2179,2179,19,10,-24,-18,-21
43.128906,18,2179,2179,19,10,-24,-19,-22
43.132812,18,2179,2179,19,10,-23,-19,-21
43.136719,18,2179,2179,19,10,-23,-18,-21
43.140625,18,2179,2179,19,10,-23,-18,-21
43.144531,18,2179,2179,19,10,-23,-18,-21
43.148438,18,2179,2179,19,10,-23,-18,-21
43.152344,18,2179,2179,19,10,-23,-18,-21
43.156250,18,2179,2179,18,9,-23,-18,-21
43.160156,18,2179,2179,18,9,-23,-18,-21
43.164062,18,2179,2179,18,9,-23,-18,-21
43.167969,18,2179,2179,19,9,-23,-18,-21
43.171875,19,2179,2179,19,9,-23,-18,-21
43.175781,18,2179,2179,18,9,-23,-18,-21
43.179688,18,2179,2179,18,9,-24,-19,-21
43.183594,18,2179,2179,19,9,-24,-19,-21
43.187500,18,2179,2179,19,10,-24,-19,-22
43.191406,18,2179,2179,18,9,-24,-19,-22
43.195312,18,2179,2179,19,9,-24,-19,-22
43.199219,18,2179,2179,19,10,-24,-19,-21
43.203125,18,2179,2179,18,10,-23,-19,-21
43.207031,18,2179,2179,18,9,-23,-19,-21
43.210938,18,2179,2179,17,9,-23,-19,-21
43.214844,18,2179,2179,18,8,-23,-18,-21
43.218750,18,2179,2179,17,9,-23,-18,-21
43.222656,19,2179,2179,17,9,-23,-18,-21
43.226562,19,2179,2179,17,9,-23,-18,-21
43.230469,19,2179,2179,18,9,-24,-19,-22
43.234375,19,2179,2179,18,10,-24,-19,-22
43.238281,19,2179,2179,18,10,-24,-19,-22
43.242188,19,2179,2179,18,9,-24,-19,-22
43.246094,19,2179,2179,18,10,-24,-19,-22
43.250000,20,2179,2179,18,10,-24,-19,-22
43.253906,20,2179,2179,18,10,-24,-19,-21
43.257812,20,2179,2179,18,9,-24,-19,-22
43.261719,21,2179,2179,18,9,-24,-19,-22
43.265625,20,2179,2179,18,10,-24,-19,-22
43.269531,20,2179,2179,19,10,-24,-19,-22
43.273438,21,2179,2179,19,9,-24,-19,-22
43.277344,21,2179,2179,19,9,-24,-19,-22
43.281250,21,2179,2179,19,10,-24,-19,-22
43.285156,21,2179,2179,19,10,-24,-19,-22
43.289062,21,2179,2179,19,10,-24,-19,-22
43.292969,22,2179,2179,18,10,-24,-19,-22
43.296875,21,2179,2179,18,10,-24,-19,-22
43.300781,21,2179,2179,19,10,-23,-19,-22
43.304688,21,2179,2179,19,10,-24,-19,-22
43.308594,21,2179,2179,19,10,-23,-19,-21
43.312500,20,2179,2179,19,10,-23,-18,-21
43.316406,19,2179,2179,19,10,-23,-18,-21
43.320312,19,2179,2179,19,10,-23,-18,-21
43.324219,19,2179,2179,19,10,-23,-18,-21
43.328125,19,2179,2179,19,10,-23,-18,-21
43.332031,19,2179,2179,19,10,-24,-18,-21
43.335938,19,2179,2179,19,10,-23,-19,-21
43.339844,19,2179,2179,18,9,-23,-19,-22
43.343750,19,2179,2179,18,9,-24,-19,-21
43.347656,19,2179,2179,19,9,-24,-19,-21
43.351562,19,2179,2179,19,9,-24,-19,-21
43.355469,19,2179,2179,19,9,-24,-19,-22
43.359375,19,2179,2179,18,9,-24,-19,-22
43.363281,19,2179,2179,18,9,-24,-19,-22
43.367188,19,2179,2179,19,10,-24,-19,-22
43.371094,20,2179,2179,18,10,-23,-19,-22
43.375000,20,2179,2179,18,9,-24,-19,-22
43.378906,20,2179,2179,18,9,-23,-19,-21
43.382812,19,2179,2179,19,10,-23,-18,-22
43.386719,19,2179,2179,19,10,-23,-18,-21
43.390625,19,2179,2179,19,10,-23,-18,-21
43.394531,19,2179,2179,19,10,-23,-19,-21
43.398438,19,2179,2179,19,10,-24,-19,-21
43.402344,19,2179,2179,19,10,-24,-19,-22
43.406250,19,2179,2179,19,10,-24,-19,-22
43.410156,19,2179,2179,19,10,-24,-19,-22
43.414062,18,2179,2179,19,10,-24,-19,-22
43.417969,19,2179,2179,19,10,-24,-19,-21
43.421875,19,2179,2179,19,10,-24,-19,-21
43.425781,19,2179,2179,19,10,-24,-19,-21
43.429688,19,2179,2179,19,10,-24,-19,-21
43.433594,19,2179,2179,19,10,-23,-19,-21
43.437500,20,2179,2179,19,10,-23,-19,-21
43.441406,20,2179,2179,19,10,-24,-19,-21
43.445312,20,2179,2179,19,10,-24,-19,-21
43.449219,20,2179,2179,19,10,-23,-19,-21
43.453125,20,2179,2179,19,10,-23,-19,-21
43.457031,20,2179,2179,19,10,-22,-18,-21
43.460938,20,2179,2179,19,10,-23,-18,-21
43.464844,20,2179,2179,19,9,-23,-18,-21
43.468750,20,2179,2179,19,10,-23,-19,-21
43.472656,21,2179,2179,19,10,-23,-19,-21
43.476562,21,2179,2179,19,10,-24,-19,-22
43.480469,21,2179,2179,19,10,-24,-19,-22
43.484375,21,2179,2179,19,10,-24,-19,-22
43.488281,21,2179,2179,19,10,-24,-19,-22
43.492188,21,2179,2179,19,10,-24,-19,-22
43.496094,21,2179,2179,19,10,-24,-19,-22
43.500000,21,2179,2179,19,10,-24,-19,-22
43.503906,21,2179,2179,19,10,-23,-19,-21
43.507812,22,2179,2179,19,10,-23,-19,-21
43.511719,22,2179,2179,19,10,-23,-19,-21
43.515625,21,2179,2179,19,10,-23,-19,-21
43.519531,21,2179,2179,19,10,-24,-19,-22
43.523438,22,2179,2179,18,10,-24,-19,-22
43.527344,22,2179,2179,18,10,-24,-19,-22
43.531250,22,2179,2179,18,10,-23,-19,-21
43.535156,23,2179,2179,18,10,-23,-18,-21
43.539062,23,2179,2179,18,10,-23,-18,-21
43.542969,23,2179,2179,18,10,-23,-18,-21
43.546875,23,2179,2179,18,10,-23,-19,-21
43.550781,23,2179,2179,19,10,-23,-19,-21
43.554688,23,2179,2179,19,10,-23,-19,-21
43.558594,23,2179,2179,19,10,-24,-19,-22
43.562500,24,2179,2179,19,10,-24,-19,-22
43.566406,23,2179,2179,19,10,-24,-19,-22
43.570312,24,2179,2179,19,10,-24,-19,-22
43.574219,24,2179,2179,19,10,-24,-19,-22
43.578125,24,2179,2179,18,9,-24,-19,-22
43.582031,24,2179,2179,18,10,-24,-19,-22
43.585938,25,2179,2179,19,10,-24,-19,-22
43.589844,25,2179,2179,18,9,-23,-19,-21
43.593750,25,2179,2179,18,10,-24,-19,-21
43.597656,25,2179,2179,19,10,-24,-19,-21
43.601562,26,2179,2179,19,10,-24,-19,-21
43.605469,26,2179,2179,19,10,-24,-19,-21
43.609375,27,2179,2179,19,10,-24,-19,-22
43.613281,27,2179,2179,19,10,-24,-19,-22
43.617188,27,2179,2179,19,10,-24,-19,-22
43.621094,28,2179,2179,19,10,-24,-19,-22
43.625000,28,2179,2179,19,10,-24,-19,-21
43.628906,29,2179,2179,19,10,-24,-19,-21
43.632812,29,2179,2179,19,10,-23,-19,-21
43.636719,29,2179,2179,19,10,-23,-19,-21
43.640625,30,2179,2179,19,10,-23,-19,-21
43.644531,31,2179,2179,19,10,-23,-19,-21
43.648438,31,2179,2179,19,10,-23,-18,-22
43.652344,32,2179,2179,19,10,-23,-18,-21
43.656250,32,2179,2179,19,10,-23,-18,-21
43.660156,33,2179,2179,19,10,-23,-18,-21
43.664062,33,2179,2179,19,10,-23,-19,-21
43.667969,33,2179,2179,19,10,-23,-19,-21
43.671875,34,2179,2179,19,10,-23,-19,-21
43.675781,35,2179,2179,19,10,-24,-19,-21
43.679688,35,2179,2179,19,10,-24,-19,-21
43.683594,35,2179,2179,19,10,-24,-19,-21
43.687500,36,2179,2179,19,10,-23,-19,-21
43.691406,36,2179,2179,19,10,-24,-19,-21
43.695312,36,2179,2179,19,10,-24,-19,-22
43.699219,36,2179,2179,19,10,-24,-19,-22
43.703125,36,2179,2179,19,10,-24,-19,-22
43.707031,36,2179,2179,19,10,-23,-19,-22
43.710938,36,2179,2179,19,10,-24,-19,-22
43.714844,36,2179,2179,19,9,-24,-19,-22
43.718750,36,2179,2179,19,10,-24,-19,-22
43.722656,36,2179,2179,19,10,-24,-19,-22
43.726562,36,2179,2179,19,10,-24,-19,-22
43.730469,35,2179,2179,19,10,-24,-19,-22
43.734375,35,2179,2179,19,10,-24,-19,-22
43.738281,36,2179,2179,19,10,-24,-19,-21
43.742188,36,2179,2179,18,9,-23,-18,-21
43.746094,35,2179,2179,19,9,-23,-18,-21
43.750000,36,2179,2179,19,10,-23,-18,-21
43.753906,36,2179,2179,19,10,-24,-18,-21
43.757812,36,2179,2179,19,10,-24,-19,-21
43.761719,36,2179,2179,19,10,-24,-19,-22
43.765625,36,2179,2179,19,10,-24,-19,-21
43.769531,36,2179,2179,19,10,-24,-19,-22
43.773438,37,2179,2179,19,10,-24,-19,-22
43.777344,37,2179,2179,19,10,-24,-19,-22
43.781250,37,2179,2179,19,10,-24,-19,-22
43.785156,37,2179,2179,19,10,-24,-19,-22
43.789062,37,2179,2179,19,10,-24,-19,-22
43.792969,37,2179,2179,19,10,-24,-19,-22
43.796875,37,2179,2179,19,10,-24,-19,-22
43.800781,37,2179,2179,19,11,-24,-19,-22
43.804688,38,2179,2179,19,11,-24,-19,-22
43.808594,38,2179,2179,19,10,-24,-19,-22
43.812500,39,2179,2179,19,10,-24,-19,-22
43.816406,38,2179,2179,20,11,-24,-19,-21
43.820312,38,2179,2179,20,11,-24,-19,-21
43.824219,39,2179,2179,19,10,-24,-19,-21
43.828125,39,2179,2179,19,10,-24,-19,-22
43.832031,39,2179,2179,19,10,-24,-19,-22
43.835938,39,2179,2179,20,11,-24,-19,-22
43.839844,40,2179,2179,19,9,-24,-19,-22
43.843750,40,2179,2179,19,10,-24,-19,-21
43.847656,41,2179,2179,19,10,-24,-19,-22
43.851562,41,2179,2179,19,10,-23,-19,-21
43.855469,42,2179,2179,19,10,-23,-19,-21
43.859375,42,2179,2179,19,10,-23,-19,-21
43.863281,42,2179,2179,19,10,-24,-19,-21
43.867188,43,2179,2179,20,11,-24,-19,-21
43.871094,43,2179,2179,19,10,-24,-19,-21
43.875000,44,2179,2179,19,10,-24,-19,-22
43.878906,44,2179,2179,19,10,-24,-19,-22
43.882812,44,2179,2179,19,10,-24,-19,-22
43.886719,44,2179,2179,19,10,-24,-19,-22
43.890625,45,2179,2179,19,10,-24,-19,-22
43.894531,45,2179,2179,18,9,-23,-19,-21
43.898438,45,2179,2179,19,10,-23,-18,-21
43.902344,45,2179,2179,19,10,-23,-19,-21
43.906250,46,2179,2179,19,10,-23,-19,-21
43.910156,46,2179,2179,19,10,-23,-19,-21
43.914062,46,2179,2179,19,10,-24,-19,-22
43.917969,46,2179,2179,19,10,-24,-19,-21
43.921875,46,2179,2179,19,10,-24,-19,-22
43.925781,47,2179,2179,18,10,-24,-19,-21
43.929688,46,2179,2179,18,10,-24,-19,-21
43.933594,46,2179,2179,18,10,-24,-19,-22
43.937500,47,2179,2179,18,10,-24,-19,-21
43.941406,47,2179,2179,18,10,-23,-19,-22
43.945312,47,2179,2179,18,10,-23,-19,-21
43.949219,47,2179,2179,19,10,-23,-19,-21
43.953125,47,2179,2179,19,10,-23,-19,-21
43.957031,47,2179,2179,19,10,-23,-19,-21
43.960938,47,2179,2179,19,10,-23,-19,-21
43.964844,47,2179,2179,19,9,-24,-19,-22
43.968750,48,2179,2179,19,10,-24,-19,-22
43.972656,48,2179,2179,19,10,-24,-19,-21
43.976562,49,2179,2179,19,9,-24,-19,-21
43.980469,49,2179,2179,18,9,-24,-19,-21
43.984375,49,2179,2179,19,10,-24,-19,-21
43.988281,49,2179,2179,19,9,-24,-19,-22
43.992188,50,2179,2179,19,9,-24,-19,-22
43.996094,50,2179,2179,19,9,-24,-19,-22
44.000000,50,2179,2179,19,10,-24,-19,-22
44.003906,50,2179,2179,19,10,-24,-19,-22
44.007812,51,2179,2179,19,10,-24,-19,-22
44.011719,51,2179,2179,19,9,-24,-19,-22
44.015625,51,2179,2179,19,10,-24,-19,-22
44.019531,51,2179,2179,19,10,-24,-19,-21
44.023438,51,2179,2179,19,10,-24,-19,-21
44.027344,51,2179,2179,19,10,-24,-19,-21
44.031250,51,2179,2179,19,10,-24,-19,-22
44.035156,51,2179,2179,19,10,-24,-19,-21
44.039062,52,2179,2179,19,10,-23,-19,-21
44.042969,52,2179,2179,19,10,-23,-19,-21
44.046875,52,2179,2179,19,10,-24,-19,-21
44.050781,52,2179,2179,19,10,-23,-19,-21
44.054688,53,2179,2179,19,10,-23,-19,-21
44.058594,53,2179,2179,19,10,-24,-19,-21
44.062500,54,2179,2179,19,9,-24,-19,-21
44.066406,53,2179,2179,19,10,-24,-19,-22
44.070312,53,2179,2179,19,10,-23,-19,-21
44.074219,54,2179,2179,19,9,-23,-19,-21
44.078125,54,2179,2179,19,9,-23,-18,-21
44.082031,53,2179,2179,19,10,-24,-19,-21
44.085938,54,2179,2179,19,10,-23,-18,-21
44.089844,54,2179,2179,19,9,-23,-19,-21
44.093750,54,2179,2179,19,9,-24,-19,-22
44.097656,54,2179,2179,19,10,-24,-19,-21
44.101562,54,2179,2179,19,10,-24,-19,-22
44.105469,54,2179,2179,19,10,-24,-19,-22
44.109375,54,2179,2179,19,10,-24,-19,-22
44.113281,54,2179,2179,20,10,-24,-19,-21
44.117188,54,2179,2179,20,10,-24,-19,-22
44.121094,55,2179,2179,20,10,-24,-19,-21
44.125000,55,2179,2179,20,10,-24,-19,-22
44.128906,55,2179,2179,20,10,-24,-19,-21
44.132812,55,2179,2179,20,10,-24,-19,-22
44.136719,54,2179,2179,19,10,-24,-19,-22
44.140625,55,2179,2179,19,10,-24,-19,-22
44.144531,54,2179,2179,19,10,-24,-19,-22
44.148438,54,2179,2179,20,10,-24,-19,-22
44.152344,54,2179,2179,20,10,-24,-19,-21
44.156250,54,2179,2179,20,10,-24,-19,-21
44.160156,55,2179,2179,21,9,-24,-19,-21
44.164062,55,2179,2179,21,9,-23,-19,-21
44.167969,55,2179,2179,21,9,-23,-19,-21
44.171875,55,2179,2179,21,9,-23,-19,-21
44.175781,55,2179,2179,20,9,-23,-19,-21
44.179688,55,2179,2179,20,9,-23,-19,-21
44.183594,55,2179,2179,20,10,-23,-19,-21
44.187500,56,2179,2179,20,10,-23,-19,-21
44.191406,55,2179,2179,20,9,-24,-19,-22
44.195312,56,2179,2179,20,9,-24,-19,-22
44.199219,56,2179,2179,21,10,-24,-19,-21
44.203125,56,2179,2179,22,10,-23,-19,-22
44.207031,56,2179,2179,22,9,-23,-19,-22
44.210938,56,2179,2179,22,10,-24,-19,-22
44.214844,56,2179,2179,23,9,-24,-19,-21
44.218750,55,2179,2179,24,10,-24,-19,-22
44.222656,56,2179,2179,24,10,-24,-19,-22
44.226562,55,2179,2179,24,10,-24,-19,-22
44.230469,55,2179,2179,25,10,-24,-19,-22
44.234375,56,2179,2179,26,10,-24,-19,-22
44.238281,56,2179,2179,27,10,-23,-19,-22
44.242188,56,2179,2179,28,10,-23,-19,-21
44.246094,56,2179,2179,29,10,-23,-19,-21
44.250000,56,2179,2179,30,10,-23,-19,-21
44.253906,56,2179,2179,31,10,-23,-18,-21
44.257812,57,2179,2179,32,10,-23,-18,-21
44.261719,57,2179,2179,32,10,-23,-18,-21
44.265625,57,2179,2179,33,10,-23,-18,-21
44.269531,57,2179,2179,34,10,-23,-19,-21
44.273438,57,2179,2179,34,10,-23,-19,-21
44.277344,57,2179,2179,35,10,-24,-19,-22
44.281250,57,2179,2179,37,10,-24,-19,-22
44.285156,57,2179,2179,38,10,-23,-19,-21
44.289062,58,2179,2179,40,10,-23,-18,-21
44.292969,58,2179,2179,42,10,-23,-18,-21
44.296875,57,2179,2179,43,10,-23,-18,-21
44.300781,58,2179,2179,45,10,-23,-19,-21
44.304688,58,2179,2179,47,10,-23,-19,-21
44.308594,58,2179,2179,48,10,-23,-19,-21
44.312500,58,2179,2179,49,9,-23,-19,-22
44.316406,58,2179,2179,51,10,-23,-19,-21
44.320312,58,2179,2179,52,10,-24,-19,-22
44.324219,58,2179,2179,53,10,-24,-19,-22
44.328125,57,2179,2179,54,10,-24,-19,-22
44.332031,57,2179,2179,55,10,-24,-19,-22
44.335938,57,2179,2179,56,10,-24,-19,-22
44.339844,57,2179,2179,57,9,-23,-19,-22
44.343750,57,2179,2179,59,9,-24,-19,-22
44.347656,57,2179,2179,61,10,-24,-19,-22
44.351562,56,2179,2179,63,10,-24,-19,-22
44.355469,57,2179,2179,65,10,-24,-19,-22
44.359375,56,2179,2179,67,9,-23,-19,-21
44.363281,56,2179,2179,69,9,-24,-18,-21
44.367188,55,2179,2179,70,10,-23,-18,-21
44.371094,56,2179,2179,71,10,-23,-19,-21
44.375000,56,2179,2179,71,10,-23,-19,-21
44.378906,56,2179,2179,71,10,-23,-18,-21
44.382812,56,2179,2179,72,10,-24,-19,-22
44.386719,56,2179,2179,72,10,-24,-19,-22
44.390625,56,2179,2179,73,10,-23,-18,-22
44.394531,56,2179,2179,74,10,-23,-18,-21
44.398438,56,2179,2179,77,10,-23,-18,-21
44.402344,56,2179,2179,80,10,-23,-18,-21
44.406250,57,2179,2179,83,10,-23,-18,-21
44.410156,57,2179,2179,85,10,-23,-18,-21
44.414062,56,2179,2179,87,10,-23,-18,-21
44.417969,56,2179,2179,89,10,-23,-19,-21
44.421875,57,2179,2179,89,10,-24,-19,-22
44.425781,57,2179,2179,90,10,-24,-19,-22
44.429688,57,2179,2179,90,10,-24,-19,-22
44.433594,57,2179,2179,91,10,-24,-19,-22
44.437500,57,2179,2179,92,10,-24,-19,-22
44.441406,57,2179,2179,93,10,-24,-19,-22
44.445312,57,2179,2179,95,10,-24,-19,-22
44.449219,56,2179,2179,96,10,-24,-19,-21
44.453125,56,2179,2179,97,10,-23,-19,-21
44.457031,57,2179,2179,97,10,-23,-19,-21
44.460938,57,2179,2179,98,10,-23,-19,-21
44.464844,57,2179,2179,99,9,-24,-19,-21
44.468750,57,2179,2179,100,11,-23,-19,-21
44.472656,57,2179,2179,101,10,-23,-19,-21
44.476562,58,2179,2179,102,10,-23,-19,-21
44.480469,57,2179,2179,103,10,-23,-19,-21
44.484375,58,2179,2179,104,11,-23,-19,-21
44.488281,58,2179,2179,105,10,-23,-19,-21
44.492188,58,2179,2179,106,10,-23,-18,-21
44.496094,58,2179,2179,107,10,-23,-19,-21
44.500000,58,2179,2179,108,10,-23,-19,-21
44.503906,58,2179,2179,109,10,-23,-19,-21
44.507812,58,2179,2179,110,10,-23,-18,-21
44.511719,58,2179,2179,111,10,-24,-19,-22
44.515625,58,2179,2179,112,10,-23,-19,-22
44.519531,57,2179,2179,113,10,-24,-19,-21
44.523438,57,2179,2179,114,10,-24,-19,-21
44.527344,57,2179,2179,115,10,-24,-19,-21
44.531250,57,2179,2179,116,10,-24,-19,-21
44.535156,57,2179,2179,117,10,-23,-19,-21
44.539062,57,2179,2179,117,10,-24,-18,-21
44.542969,57,2179,2179,117,10,-23,-19,-21
44.546875,57,2179,2179,117,10,-23,-19,-21
44.550781,57,2179,2179,117,10,-23,-19,-22
44.554688,57,2179,2179,117,10,-24,-19,-22
44.558594,57,2179,2179,117,10,-24,-19,-22
44.562500,57,2179,2179,118,10,-24,-19,-21
44.566406,56,2179,2179,119,10,-24,-19,-22
44.570312,57,2179,2179,121,10,-23,-19,-21
44.574219,57,2179,2179,121,10,-23,-19,-22
44.578125,57,2179,2179,122,10,-24,-19,-21
44.582031,57,2179,2179,122,10,-24,-19,-22
44.585938,57,2179,2179,122,10,-24,-19,-22
44.589844,57,2179,2179,122,9,-24,-19,-22
44.593750,58,2179,2179,121,10,-24,-19,-22
44.597656,58,2179,2179,122,10,-24,-19,-22
44.601562,58,2179,2179,122,10,-24,-19,-22
44.605469,59,2179,2179,123,9,-24,-19,-21
44.609375,59,2179,2179,123,9,-23,-19,-22
44.613281,59,2179,2179,124,9,-23,-19,-21
44.617188,58,2179,2179,125,9,-23,-18,-21
44.621094,58,2179,2179,125,9,-23,-18,-21
44.625000,58,2179,2179,125,9,-23,-18,-21
44.628906,58,2179,2179,125,10,-23,-18,-21
44.632812,58,2179,2179,125,10,-23,-19,-21
44.636719,58,2179,2179,125,10,-23,-19,-21
44.640625,58,2179,2179,125,10,-23,-19,-21
44.644531,58,2179,2179,126,10,-23,-18,-21
44.648438,58,2179,2179,127,10,-23,-18,-21
44.652344,58,2179,2179,128,10,-23,-19,-21
44.656250,58,2179,2179,129,11,-23,-19,-21
44.660156,57,2179,2179,130,11,-24,-19,-21
44.664062,57,2179,2179,130,10,-24,-19,-21
44.667969,57,2179,2179,131,11,-24,-19,-22
44.671875,58,2179,2179,131,11,-24,-19,-22
44.675781,58,2179,2179,130,10,-24,-19,-21
44.679688,57,2179,2179,130,10,-24,-19,-22
44.683594,57,2179,2179,129,10,-24,-19,-22
44.687500,58,2179,2179,129,11,-23,-18,-21
44.691406,57,2179,2179,129,10,-23,-18,-21
44.695312,57,2179,2179,129,10,-23,-19,-21
44.699219,57,2179,2179,130,11,-23,-19,-21
44.703125,57,2179,2179,131,10,-24,-19,-21
44.707031,58,2179,2179,131,10,-23,-19,-21
44.710938,58,2179,2179,131,10,-24,-19,-21
44.714844,58,2179,2179,132,9,-24,-19,-21
44.718750,58,2179,2179,132,10,-24,-19,-22
44.722656,58,2179,2179,131,10,-24,-19,-21
44.726562,58,2179,2179,131,9,-24,-19,-22
44.730469,58,2179,2179,131,9,-24,-19,-22
44.734375,58,2179,2179,131,10,-24,-19,-22
44.738281,58,2179,2179,132,10,-24,-19,-22
44.742188,58,2179,2179,132,9,-24,-19,-22
44.746094,58,2179,2179,132,9,-24,-19,-22
44.750000,58,2179,2179,133,10,-24,-19,-22
44.753906,58,2179,2179,133,9,-24,-19,-22
44.757812,58,2179,2179,133,9,-24,-19,-22
44.761719,58,2179,2179,133,9,-24,-19,-22
44.765625,58,2179,2179,133,9,-24,-19,-22
44.769531,57,2179,2179,134,10,-24,-19,-22
44.773438,57,2179,2179,134,9,-24,-19,-21
44.777344,57,2179,2179,134,9,-24,-19,-21
44.781250,57,2179,2179,135,9,-24,-19,-21
44.785156,57,2179,2179,135,10,-24,-19,-22
44.789062,57,2179,2179,135,10,-24,-19,-21
44.792969,58,2179,2179,135,9,-24,-19,-21
44.796875,57,2179,2179,135,9,-24,-19,-22
44.800781,58,2179,2179,135,10,-24,-19,-22
44.804688,58,2179,2179,136,10,-23,-19,-22
44.808594,58,2179,2179,136,9,-24,-19,-22
44.812500,59,2179,2179,136,9,-23,-19,-22
44.816406,58,2179,2179,137,10,-23,-19,-21
44.820312,58,2179,2179,137,10,-23,-19,-22
44.824219,58,2179,2179,137,10,-24,-19,-22
44.828125,58,2179,2179,137,10,-24,-19,-22
44.832031,58,2179,2179,137,10,-24,-19,-22
44.835938,58,2179,2179,137,10,-24,-19,-22
44.839844,58,2179,2179,137,9,-24,-19,-22
44.843750,58,2179,2179,137,10,-24,-19,-22
44.847656,58,2179,2179,138,10,-24,-19,-22
44.851562,58,2179,2179,138,11,-24,-19,-22
44.855469,58,2179,2179,139,11,-24,-19,-22
44.859375,57,2179,2179,139,11,-24,-19,-22
44.863281,57,2179,2179,139,11,-24,-19,-21
44.867188,57,2179,2179,140,11,-24,-19,-21
44.871094,57,2179,2179,140,11,-24,-19,-22
44.875000,57,2179,2179,140,11,-24,-19,-21
44.878906,57,2179,2179,140,11,-24,-19,-21
44.882812,57,2179,2179,140,11,-24,-19,-21
44.886719,57,2179,2179,140,11,-23,-19,-21
44.890625,57,2179,2179,140,10,-23,-19,-21
44.894531,57,2179,2179,140,10,-23,-19,-21
44.898438,57,2179,2179,141,11,-23,-18,-21
44.902344,57,2179,2179,141,11,-23,-18,-21
44.906250,57,2179,2179,140,11,-23,-19,-21
44.910156,57,2179,2179,140,10,-24,-19,-22
44.914062,57,2179,2179,140,10,-24,-19,-22
44.917969,57,2179,2179,140,10,-24,-19,-22
44.921875,57,2179,2179,140,10,-24,-19,-22
44.925781,58,2179,2179,140,9,-24,-20,-22
44.929688,57,2179,2179,141,9,-24,-20,-22
44.933594,57,2179,2179,142,9,-24,-19,-22
44.937500,58,2179,2179,142,9,-24,-19,-22
44.941406,58,2179,2179,142,9,-24,-19,-22
44.945312,57,2179,2179,142,9,-24,-19,-22
44.949219,57,2179,2179,142,9,-23,-19,-21
44.953125,56,2179,2179,141,10,-23,-18,-21
44.957031,56,2179,2179,141,10,-23,-18,-21
44.960938,56,2179,2179,141,10,-23,-18,-21
44.964844,56,2179,2179,141,9,-23,-18,-21
44.968750,55,2179,2179,142,10,-23,-18,-21
44.972656,56,2179,2179,142,10,-23,-18,-21
44.976562,56,2179,2179,142,10,-23,-18,-21
44.980469,56,2179,2179,142,9,-23,-18,-21
44.984375,56,2179,2179,143,10,-23,-18,-21
44.988281,56,2179,2179,143,10,-23,-18,-21
44.992188,56,2179,2179,142,10,-23,-18,-21
44.996094,56,2179,2179,142,10,-24,-18,-21
45.000000,56,2179,2179,142,10,-23,-19,-21
45.003906,56,2179,2179,142,10,-23,-19,-21
45.007812,56,2179,2179,142,10,-23,-19,-21
45.011719,56,2179,2179,143,10,-23,-18,-21
45.015625,56,2179,2179,143,10,-23,-18,-21
45.019531,56,2179,2179,144,10,-23,-18,-21
45.023438,56,2179,2179,144,10,-23,-18,-21
45.027344,56,2179,2179,144,10,-23,-18,-21
45.031250,56,2179,2179,144,10,-23,-18,-21
45.035156,56,2179,2179,145,10,-24,-19,-21
45.039062,56,2179,2179,145,10,-24,-19,-22
45.042969,56,2179,2179,144,10,-24,-19,-22
45.046875,56,2179,2179,144,10,-24,-19,-22
45.050781,56,2179,2179,144,10,-24,-19,-22
45.054688,56,2179,2179,144,10,-24,-19,-22
45.058594,56,2179,2179,144,10,-23,-19,-21
45.062500,56,2179,2179,144,10,-23,-19,-21
45.066406,55,2179,2179,144,10,-23,-19,-21
45.070312,55,2179,2179,144,10,-24,-19,-21
45.074219,55,2179,2179,144,10,-23,-19,-21
45.078125,55,2179,2179,144,10,-23,-19,-21
45.082031,55,2179,2179,145,10,-24,-19,-21
45.085938,55,2179,2179,145,10,-24,-19,-21
45.089844,55,2179,2179,144,9,-24,-19,-22
45.093750,55,2179,2179,144,10,-24,-19,-21
45.097656,55,2179,2179,144,10,-23,-19,-21
45.101562,55,2179,2179,144,10,-23,-19,-21
45.105469,55,2179,2179,145,10,-24,-19,-22
45.109375,55,2179,2179,145,10,-24,-19,-21
45.113281,55,2179,2179,145,10,-24,-19,-22
45.117188,55,2179,2179,146,10,-24,-19,-22
45.121094,55,2179,2179,146,10,-24,-19,-22
45.125000,56,2179,2179,146,9,-24,-19,-22
45.128906,55,2179,2179,146,9,-24,-19,-22
45.132812,55,2179,2179,146,10,-23,-18,-21
45.136719,55,2179,2179,146,10,-23,-19,-22
45.140625,55,2179,2179,146,9,-23,-18,-21
45.144531,55,2179,2179,146,9,-23,-18,-21
45.148438,54,2179,2179,146,10,-23,-18,-21
45.152344,54,2179,2179,146,10,-23,-19,-21
45.156250,54,2179,2179,146,10,-23,-19,-21
45.160156,54,2179,2179,146,10,-24,-19,-22
45.164062,54,2179,2179,146,10,-24,-19,-22
45.167969,54,2179,2179,146,10,-24,-19,-22
45.171875,54,2179,2179,146,10,-24,-19,-22
45.175781,54,2179,2179,146,9,-24,-19,-22
45.179688,53,2179,2179,145,9,-24,-19,-21
45.183594,53,2179,2179,146,9,-23,-18,-21
45.187500,53,2179,2179,146,9,-23,-18,-21
45.191406,53,2179,2179,145,9,-23,-18,-21
45.195312,53,2179,2179,145,9,-22,-18,-21
45.199219,52,2179,2179,146,9,-22,-18,-21
45.203125,52,2179,2179,146,9,-23,-18,-21
45.207031,53,2179,2179,146,9,-22,-18,-21
45.210938,53,2179,2179,146,9,-23,-18,-21
45.214844,52,2179,2179,147,8,-23,-18,-21
45.218750,52,2179,2179,148,10,-23,-18,-21
45.222656,53,2179,2179,148,10,-23,-18,-21
45.226562,53,2179,2179,148,10,-23,-18,-21
45.230469,52,2179,2179,148,10,-23,-18,-21
45.234375,53,2179,2179,149,10,-23,-18,-21
45.238281,53,2179,2179,149,10,-23,-19,-21
45.242188,53,2179,2179,148,10,-24,-19,-22
45.246094,53,2179,2179,148,10,-24,-19,-22
45.250000,53,2179,2179,148,10,-24,-19,-22
45.253906,54,2179,2179,148,10,-24,-20,-22
45.257812,54,2179,2179,148,10,-24,-19,-22
45.261719,54,2179,2179,148,10,-24,-19,-22
45.265625,54,2179,2179,148,10,-24,-19,-22
45.269531,53,2179,2179,148,10,-24,-19,-21
45.273438,54,2179,2179,148,10,-24,-19,-21
45.277344,54,2179,2179,148,10,-24,-19,-21
45.281250,53,2179,2179,149,10,-24,-19,-22
45.285156,53,2179,2179,149,11,-24,-19,-22
45.289062,53,2179,2179,149,11,-24,-19,-22
45.292969,53,2179,2179,148,10,-24,-19,-22
45.296875,53,2179,2179,148,10,-24,-19,-22
45.300781,53,2179,2179,149,11,-24,-19,-22
45.304688,53,2179,2179,149,10,-23,-19,-21
45.308594,53,2179,2179,149,10,-23,-18,-21
45.312500,53,2179,2179,149,10,-23,-18,-21
45.316406,52,2179,2179,149,10,-23,-18,-21
45.320312,52,2179,2179,150,10,-23,-19,-21
45.324219,52,2179,2179,149,10,-23,-19,-21
45.328125,52,2179,2179,149,10,-24,-19,-22
45.332031,52,2179,2179,149,10,-24,-19,-22
45.335938,52,2179,2179,149,10,-23,-19,-22
45.339844,52,2179,2179,148,9,-23,-19,-22
45.343750,52,2179,2179,148,9,-23,-19,-22
45.347656,52,2179,2179,149,10,-23,-18,-21
45.351562,51,2179,2179,149,10,-23,-18,-21
45.355469,51,2179,2179,150,10,-23,-19,-21
45.359375,51,2179,2179,150,10,-23,-19,-21
45.363281,51,2179,2179,150,10,-24,-19,-22
45.367188,51,2179,2179,151,10,-24,-19,-22
45.371094,51,2179,2179,150,10,-24,-19,-22
45.375000,51,2179,2179,149,10,-24,-19,-22
45.378906,51,2179,2179,149,10,-24,-19,-22
45.382812,51,2179,2179,149,10,-24,-19,-22
45.386719,51,2179,2179,149,10,-23,-19,-21
45.390625,51,2179,2179,148,10,-24,-19,-21
45.394531,51,2179,2179,149,10,-23,-19,-21
45.398438,50,2179,2179,149,10,-23,-18,-21
45.402344,50,2179,2179,150,10,-23,-19,-21
45.406250,50,2179,2179,150,10,-23,-19,-21
45.410156,50,2179,2179,149,10,-23,-19,-21
45.414062,50,2179,2179,150,10,-24,-19,-21
45.417969,50,2179,2179,150,10,-23,-19,-21
45.421875,51,2179,2179,150,10,-23,-19,-21
45.425781,51,2179,2179,149,10,-23,-19,-21
45.429688,51,2179,2179,149,10,-23,-19,-21
45.433594,51,2179,2179,149,10,-23,-19,-21
45.437500,51,2179,2179,149,10,-23,-19,-21
45.441406,51,2179,2179,148,9,-23,-19,-21
45.445312,51,2179,2179,147,9,-23,-19,-21
45.449219,51,2179,2179,148,10,-23,-19,-21
45.453125,51,2179,2179,148,10,-23,-19,-22
45.457031,51,2179,2179,148,10,-23,-19,-21
45.460938,52,2179,2179,148,10,-23,-19,-21
45.464844,51,2179,2179,149,9,-23,-19,-21
45.468750,51,2179,2179,150,10,-23,-19,-21
45.472656,52,2179,2179,150,10,-23,-19,-21
45.476562,52,2179,2179,150,10,-24,-19,-21
45.480469,51,2179,2179,151,10,-24,-19,-21
45.484375,51,2179,2179,151,10,-23,-19,-21
45.488281,52,2179,2179,151,10,-23,-19,-21
45.492188,52,2179,2179,150,10,-23,-19,-21
45.496094,51,2179,2179,150,10,-24,-19,-21
45.500000,51,2179,2179,150,10,-24,-19,-21
45.503906,51,2179,2179,150,11,-24,-19,-22
45.507812,51,2179,2179,150,10,-24,-19,-22
45.511719,51,2179,2179,150,10,-24,-19,-21
45.515625,51,2179,2179,150,10,-24,-19,-22
45.519531,51,2179,2179,150,10,-24,-19,-22
45.523438,51,2179,2179,150,10,-23,-19,-21
45.527344,51,2179,2179,150,10,-24,-19,-21
45.531250,51,2179,2179,150,10,-23,-19,-22
45.535156,51,2179,2179,150,10,-23,-19,-21
45.539062,51,2179,2179,150,10,-23,-19,-21
45.542969,51,2179,2179,150,10,-23,-18,-21
45.546875,51,2179,2179,150,10,-23,-19,-21
45.550781,51,2179,2179,150,10,-23,-19,-21
45.554688,52,2179,2179,150,10,-23,-19,-21
45.558594,52,2179,2179,150,10,-23,-19,-21
45.562500,52,2179,2179,150,10,-24,-19,-21
45.566406,51,2179,2179,150,10,-24,-19,-22
45.570312,51,2179,2179,150,10,-24,-19,-22
45.574219,52,2179,2179,149,9,-23,-19,-21
45.578125,52,2179,2179,150,9,-24,-19,-22
45.582031,51,2179,2179,150,10,-24,-19,-22
45.585938,51,2179,2179,150,10,-23,-18,-21
45.589844,51,2179,2179,150,8,-23,-18,-21
45.593750,51,2179,2179,151,9,-23,-18,-21
45.597656,51,2179,2179,151,10,-23,-18,-21
45.601562,50,2179,2179,152,10,-23,-19,-21
45.605469,51,2179,2179,152,10,-23,-19,-21
45.609375,51,2179,2179,152,10,-23,-19,-21
45.613281,50,2179,2179,151,10,-23,-19,-21
45.617188,51,2179,2179,151,10,-23,-19,-21
45.621094,51,2179,2179,150,10,-23,-18,-21
45.625000,51,2179,2179,150,9,-23,-18,-21
45.628906,51,2179,2179,150,9,-23,-18,-21
45.632812,50,2179,2179,150,10,-23,-18,-21
45.636719,50,2179,2179,151,10,-22,-18,-21
45.640625,50,2179,2179,151,9,-23,-18,-20
45.644531,50,2179,2179,151,10,-23,-18,-21
45.648438,49,2179,2179,152,10,-23,-18,-21
45.652344,49,2179,2179,151,10,-23,-18,-21
45.656250,50,2179,2179,151,10,-23,-18,-21
45.660156,50,2179,2179,150,10,-23,-18,-21
45.664062,50,2179,2179,150,9,-23,-18,-21
45.667969,49,2179,2179,150,10,-23,-18,-21
45.671875,50,2179,2179,150,10,-23,-18,-21
45.675781,50,2179,2179,150,10,-23,-19,-21
45.679688,49,2179,2179,151,10,-24,-19,-22
45.683594,49,2179,2179,152,11,-24,-19,-22
45.687500,49,2179,2179,152,11,-24,-19,-22
45.691406,49,2179,2179,152,10,-24,-19,-22
45.695312,49,2179,2179,152,10,-24,-19,-22
45.699219,48,2179,2179,153,11,-24,-19,-22
45.703125,48,2179,2179,152,11,-24,-19,-22
45.707031,48,2179,2179,151,10,-23,-19,-21
45.710938,48,2179,2179,151,10,-23,-19,-21
45.714844,48,2179,2179,151,9,-23,-19,-21
45.718750,47,2179,2179,151,10,-23,-19,-21
45.722656,47,2179,2179,151,10,-23,-19,-22
45.726562,47,2179,2179,152,10,-24,-19,-21
45.730469,47,2179,2179,152,10,-24,-19,-22
45.734375,47,2179,2179,152,10,-24,-19,-21
45.738281,48,2179,2179,153,10,-24,-19,-21
45.742188,48,2179,2179,152,10,-23,-18,-21
45.746094,47,2179,2179,152,10,-23,-18,-21
45.750000,47,2179,2179,153,10,-23,-18,-21
45.753906,47,2179,2179,153,10,-23,-18,-21
45.757812,47,2179,2179,153,10,-23,-18,-21
45.761719,47,2179,2179,153,10,-23,-18,-21
45.765625,46,2179,2179,153,10,-23,-18,-21
45.769531,46,2179,2179,153,10,-24,-19,-21
45.773438,46,2179,2179,153,10,-24,-19,-22
45.777344,46,2179,2179,152,10,-24,-20,-22
45.781250,46,2179,2179,152,10,-24,-20,-22
45.785156,46,2179,2179,152,10,-24,-20,-22
45.789062,46,2179,2179,152,10,-24,-20,-22
45.792969,46,2179,2179,152,10,-24,-19,-22
45.796875,46,2179,2179,152,10,-24,-19,-22
45.800781,46,2179,2179,153,10,-24,-19,-22
45.804688,46,2179,2179,153,10,-24,-19,-22
45.808594,46,2179,2179,153,10,-23,-19,-22
45.812500,46,2179,2179,153,10,-23,-19,-21
45.816406,45,2179,2179,153,10,-23,-19,-21
45.820312,45,2179,2179,153,10,-23,-19,-21
45.824219,45,2179,2179,153,10,-23,-19,-21
45.828125,45,2179,2179,153,10,-23,-18,-21
45.832031,44,2179,2179,153,11,-24,-18,-21
45.835938,45,2179,2179,153,11,-23,-18,-21
45.839844,45,2179,2179,153,10,-23,-19,-21
45.843750,45,2179,2179,153,10,-24,-19,-21
45.847656,45,2179,2179,154,10,-24,-19,-21
45.851562,45,2179,2179,154,11,-23,-18,-21
45.855469,45,2179,2179,154,11,-23,-18,-21
45.859375,45,2179,2179,154,10,-23,-18,-21
45.863281,45,2179,2179,154,10,-23,-18,-21
45.867188,45,2179,2179,155,10,-23,-18,-21
45.871094,45,2179,2179,154,10,-23,-19,-21
45.875000,45,2179,2179,153,10,-24,-19,-22
45.878906,45,2179,2179,153,10,-24,-19,-22
45.882812,44,2179,2179,153,10,-24,-19,-22
45.886719,44,2179,2179,152,10,-24,-19,-22
45.890625,44,2179,2179,152,10,-24,-19,-22
45.894531,44,2179,2179,151,9,-24,-19,-22
45.898438,44,2179,2179,152,10,-24,-19,-22
45.902344,43,2179,2179,152,10,-23,-19,-21
45.906250,43,2179,2179,152,10,-24,-19,-21
45.910156,43,2179,2179,153,10,-24,-19,-21
45.914062,43,2179,2179,153,10,-24,-19,-21
45.917969,42,2179,2179,154,11,-23,-19,-21
45.921875,43,2179,2179,154,11,-24,-19,-21
45.925781,43,2179,2179,154,10,-23,-19,-21
45.929688,42,2179,2179,154,10,-23,-19,-21
45.933594,42,2179,2179,155,10,-23,-19,-21
45.937500,43,2179,2179,155,10,-23,-19,-21
45.941406,42,2179,2179,154,10,-24,-19,-21
45.945312,42,2179,2179,154,10,-24,-19,-21
45.949219,42,2179,2179,154,10,-24,-19,-22
45.953125,42,2179,2179,154,10,-24,-19,-21
45.957031,43,2179,2179,154,10,-23,-19,-21
45.960938,43,2179,2179,154,9,-23,-19,-21
45.964844,42,2179,2179,154,8,-23,-18,-21
45.968750,42,2179,2179,154,10,-23,-19,-21
45.972656,42,2179,2179,154,10,-24,-19,-21
45.976562,42,2179,2179,154,10,-24,-19,-22
45.980469,41,2179,2179,154,10,-24,-20,-22
45.984375,42,2179,2179,154,10,-24,-20,-22
45.988281,42,2179,2179,154,10,-24,-20,-22
45.992188,42,2179,2179,153,10,-24,-20,-22
45.996094,42,2179,2179,153,10,-24,-19,-22
46.000000,42,2179,2179,153,10,-24,-19,-22
46.003906,42,2179,2179,153,10,-23,-19,-21
46.007812,42,2179,2179,152,10,-23,-18,-21
46.011719,42,2179,2179,153,10,-23,-18,-21
46.015625,41,2179,2179,153,10,-23,-18,-21
46.019531,41,2179,2179,153,10,-23,-18,-21
46.023438,41,2179,2179,153,10,-23,-19,-21
46.027344,41,2179,2179,154,10,-23,-19,-21
46.031250,40,2179,2179,155,10,-24,-19,-21
46.035156,41,2179,2179,155,10,-24,-19,-22
46.039062,41,2179,2179,155,10,-24,-19,-21
46.042969,42,2179,2179,154,10,-23,-18,-21
46.046875,42,2179,2179,154,10,-23,-18,-21
46.050781,41,2179,2179,154,10,-23,-18,-21
46.054688,42,2179,2179,154,10,-23,-18,-21
46.058594,41,2179,2179,154,10,-23,-18,-21
46.062500,42,2179,2179,154,10,-23,-18,-21
46.066406,41,2179,2179,155,10,-23,-19,-21
46.070312,41,2179,2179,155,10,-24,-19,-21
46.074219,41,2179,2179,155,10,-24,-19,-22
46.078125,41,2179,2179,155,10,-24,-19,-22
46.082031,41,2179,2179,155,10,-24,-19,-22
46.085938,41,2179,2179,156,10,-24,-19,-22
46.089844,41,2179,2179,155,9,-24,-19,-22
46.093750,41,2179,2179,154,10,-24,-19,-22
46.097656,41,2179,2179,154,10,-24,-19,-22
46.101562,40,2179,2179,154,10,-24,-19,-22
46.105469,40,2179,2179,154,10,-24,-19,-22
46.109375,40,2179,2179,154,10,-24,-19,-21
46.113281,40,2179,2179,154,10,-23,-19,-21
46.117188,39,2179,2179,154,11,-23,-19,-21
46.121094,39,2179,2179,155,11,-23,-18,-21
46.125000,39,2179,2179,155,10,-23,-18,-21
46.128906,39,2179,2179,155,11,-23,-18,-21
46.132812,38,2179,2179,156,11,-23,-18,-21
46.136719,39,2179,2179,157,11,-23,-19,-21
46.140625,39,2179,2179,157,10,-23,-19,-21
46.144531,38,2179,2179,157,10,-23,-19,-21
46.148438,38,2179,2179,157,11,-24,-19,-21
46.152344,38,2179,2179,157,10,-24,-19,-21
46.156250,38,2179,2179,156,10,-24,-19,-21
46.160156,38,2179,2179,156,10,-24,-19,-22
46.164062,38,2179,2179,155,10,-24,-19,-22
46.167969,38,2179,2179,155,10,-24,-19,-22
46.171875,38,2179,2179,154,9,-24,-19,-22
46.175781,38,2179,2179,154,9,-23,-18,-21
46.179688,38,2179,2179,154,9,-23,-19,-21
46.183594,37,2179,2179,154,9,-23,-19,-21
46.187500,37,2179,2179,155,10,-23,-19,-21
46.191406,37,2179,2179,155,9,-24,-19,-21
46.195312,36,2179,2179,155,10,-24,-19,-22
46.199219,36,2179,2179,155,10,-24,-19,-22
46.203125,36,2179,2179,155,10,-24,-19,-22
46.207031,36,2179,2179,155,10,-23,-19,-22
46.210938,36,2179,2179,154,10,-24,-19,-22
46.214844,35,2179,2179,154,9,-24,-19,-22
46.218750,35,2179,2179,154,10,-23,-19,-22
46.222656,35,2179,2179,154,10,-23,-18,-21
46.226562,35,2179,2179,154,10,-23,-18,-21
46.230469,35,2179,2179,154,10,-23,-18,-21
46.234375,35,2179,2179,154,10,-23,-18,-21
46.238281,35,2179,2179,155,11,-23,-18,-21
46.242188,36,2179,2179,155,10,-23,-18,-21
46.246094,36,2179,2179,155,10,-23,-18,-21
46.250000,36,2179,2179,156,10,-24,-19,-22
46.253906,36,2179,2179,156,10,-24,-19,-22
46.257812,37,2179,2179,156,10,-23,-19,-22
46.261719,37,2179,2179,156,10,-24,-19,-21
46.265625,37,2179,2179,156,10,-24,-19,-21
46.269531,37,2179,2179,156,10,-24,-19,-22
46.273438,38,2179,2179,155,10,-24,-19,-21
46.277344,38,2179,2179,155,10,-23,-19,-21
46.281250,38,2179,2179,155,10,-24,-19,-22
46.285156,38,2179,2179,155,10,-24,-19,-22
46.289062,38,2179,2179,155,10,-24,-19,-22
46.292969,38,2179,2179,155,10,-23,-19,-21
46.296875,38,2179,2179,156,10,-24,-19,-22
46.300781,38,2179,2179,156,10,-24,-19,-22
46.304688,38,2179,2179,156,10,-24,-19,-22
46.308594,38,2179,2179,155,10,-24,-19,-21
46.312500,38,2179,2179,155,10,-24,-19,-21
46.316406,37,2179,2179,155,10,-24,-19,-21
46.320312,37,2179,2179,155,10,-24,-19,-21
46.324219,37,2179,2179,155,10,-24,-19,-21
46.328125,37,2179,2179,155,10,-24,-19,-22
46.332031,37,2179,2179,156,10,-24,-19,-21
46.335938,36,2179,2179,156,10,-23,-19,-21
46.339844,36,2179,2179,155,9,-23,-19,-22
46.343750,37,2179,2179,155,9,-23,-19,-21
46.347656,36,2179,2179,155,9,-23,-19,-21
46.351562,36,2179,2179,155,10,-23,-19,-21
46.355469,36,2179,2179,155,10,-23,-19,-21
46.359375,36,2179,2179,155,10,-23,-19,-21
46.363281,36,2179,2179,155,10,-24,-19,-22
46.367188,35,2179,2179,156,10,-24,-19,-22
46.371094,36,2179,2179,156,10,-23,-19,-21
46.375000,36,2179,2179,155,10,-23,-19,-21
46.378906,36,2179,2179,155,10,-23,-19,-21
46.382812,36,2179,2179,155,10,-24,-19,-22
46.386719,36,2179,2179,154,10,-24,-19,-21
46.390625,36,2179,2179,154,10,-24,-19,-22
46.394531,36,2179,2179,154,10,-24,-19,-21
46.398438,36,2179,2179,155,10,-24,-19,-22
46.402344,36,2179,2179,155,10,-24,-19,-22
46.406250,36,2179,2179,155,10,-24,-19,-22
46.410156,35,2179,2179,155,10,-24,-19,-22
46.414062,35,2179,2179,155,10,-24,-19,-22
46.417969,35,2179,2179,156,10,-24,-19,-22
46.421875,35,2179,2179,155,10,-23,-19,-22
46.425781,35,2179,2179,155,10,-24,-19,-22
46.429688,34,2179,2179,156,10,-24,-19,-21
46.433594,34,2179,2179,156,10,-24,-19,-22
46.437500,34,2179,2179,157,10,-24,-19,-21
46.441406,34,2179,2179,156,10,-24,-19,-21
46.445312,34,2179,2179,156,10,-24,-19,-22
46.449219,34,2179,2179,156,10,-24,-19,-22
46.453125,34,2179,2179,156,10,-23,-19,-22
46.457031,34,2179,2179,156,10,-23,-19,-22
46.460938,35,2179,2179,156,10,-23,-19,-21
46.464844,35,2179,2179,156,9,-23,-18,-21
46.468750,35,2179,2179,156,10,-23,-18,-21
46.472656,35,2179,2179,155,10,-23,-18,-21
46.476562,35,2179,2179,155,10,-23,-18,-21
46.480469,35,2179,2179,155,10,-23,-18,-22
46.484375,36,2179,2179,155,10,-24,-19,-22
46.488281,36,2179,2179,155,10,-23,-18,-21
46.492188,36,2179,2179,155,10,-23,-18,-21
46.496094,36,2179,2179,155,10,-23,-18,-21
46.500000,36,2179,2179,155,10,-23,-18,-21
46.503906,36,2179,2179,155,10,-23,-18,-21
46.507812,35,2179,2179,155,10,-23,-18,-21
46.511719,35,2179,2179,155,10,-23,-18,-21
46.515625,34,2179,2179,155,10,-23,-18,-21
46.519531,34,2179,2179,156,10,-23,-18,-21
46.523438,34,2179,2179,156,10,-23,-18,-21
46.527344,34,2179,2179,156,10,-23,-18,-21
46.531250,33,2179,2179,157,10,-23,-19,-21
46.535156,33,2179,2179,157,10,-24,-19,-22
46.539062,33,2179,2179,157,10,-23,-19,-22
46.542969,33,2179,2179,156,10,-24,-19,-22
46.546875,33,2179,2179,156,10,-24,-19,-22
46.550781,33,2179,2179,156,10,-24,-20,-22
46.554688,34,2179,2179,155,10,-24,-19,-22
46.558594,34,2179,2179,154,9,-24,-19,-22
46.562500,35,2179,2179,154,9,-24,-19,-22
46.566406,34,2179,2179,154,10,-24,-19,-22
46.570312,34,2179,2179,154,10,-23,-18,-21
46.574219,34,2179,2179,154,9,-23,-18,-21
46.578125,34,2179,2179,154,9,-23,-18,-21
46.582031,33,2179,2179,155,10,-23,-18,-21
46.585938,33,2179,2179,155,10,-23,-18,-21
46.589844,33,2179,2179,154,9,-23,-18,-21
46.593750,33,2179,2179,153,9,-23,-18,-21
46.597656,32,2179,2179,154,10,-23,-19,-21
46.601562,32,2179,2179,153,10,-24,-19,-21
46.605469,32,2179,2179,153,10,-24,-19,-22
46.609375,32,2179,2179,152,10,-24,-19,-22
46.613281,32,2179,2179,150,9,-24,-19,-22
46.617188,32,2179,2179,147,10,-24,-19,-22
46.621094,32,2179,2179,141,10,-24,-19,-22
46.625000,32,2179,2179,133,9,-24,-19,-22
46.628906,32,2179,2179,124,9,-23,-19,-21
46.632812,31,2179,2179,116,10,-23,-18,-21
46.636719,31,2179,2179,108,10,-23,-18,-21
46.640625,30,2179,2179,103,10,-23,-18,-21
46.644531,30,2179,2179,101,10,-23,-18,-21
46.648438,29,2179,2179,101,10,-23,-18,-21
46.652344,29,2179,2179,103,11,-23,-18,-21
46.656250,29,2179,2179,104,11,-23,-19,-21
46.660156,28,2179,2179,103,10,-24,-19,-21
46.664062,28,2179,2179,100,10,-24,-19,-22
46.667969,27,2179,2179,93,11,-24,-19,-22
46.671875,28,2179,2179,82,11,-23,-18,-22
46.675781,27,2179,2179,69,10,-23,-18,-21
46.679688,27,2179,2179,56,10,-23,-18,-21
46.683594,26,2179,2179,45,11,-23,-18,-22
46.687500,26,2179,2179,37,11,-24,-19,-22
46.691406,26,2179,2179,31,10,-24,-19,-22
46.695312,26,2179,2179,29,10,-24,-19,-22
46.699219,26,2179,2179,28,10,-24,-19,-22
46.703125,25,2179,2179,28,10,-24,-19,-22
46.707031,26,2179,2179,28,10,-24,-19,-22
46.710938,25,2179,2179,28,10,-24,-19,-22
46.714844,25,2179,2179,27,9,-24,-19,-22
46.718750,25,2179,2179,25,10,-24,-19,-22
46.722656,25,2179,2179,23,10,-24,-19,-22
46.726562,24,2179,2179,21,10,-24,-19,-22
46.730469,24,2179,2179,21,10,-24,-19,-22
46.734375,24,2179,2179,21,10,-24,-19,-22
46.738281,23,2179,2179,21,10,-24,-19,-22
46.742188,23,2179,2179,21,10,-24,-19,-21
46.746094,22,2179,2179,22,10,-24,-19,-22
46.750000,21,2179,2179,22,10,-23,-19,-21
46.753906,21,2179,2179,22,11,-23,-19,-21
46.757812,21,2179,2179,22,10,-23,-18,-21
46.761719,20,2179,2179,22,10,-23,-18,-21
46.765625,20,2179,2179,22,11,-23,-18,-21
46.769531,19,2179,2179,22,11,-23,-18,-21
46.773438,20,2179,2179,22,10,-23,-18,-21
46.777344,19,2179,2179,22,10,-24,-19,-21
46.781250,19,2179,2179,22,10,-24,-19,-22
46.785156,19,2179,2179,22,11,-24,-20,-22
46.789062,19,2179,2179,22,10,-24,-20,-22
46.792969,19,2179,2179,21,10,-24,-20,-22
46.796875,18,2179,2179,21,10,-24,-20,-22
46.800781,18,2179,2179,22,10,-24,-19,-22
46.804688,18,2179,2179,22,10,-24,-19,-22
46.808594,18,2179,2179,22,10,-24,-19,-22
46.812500,18,2179,2179,22,10,-24,-19,-22
46.816406,18,2179,2179,22,10,-24,-19,-22
46.820312,18,2179,2179,21,10,-24,-20,-22
46.824219,18,2179,2179,21,10,-24,-20,-22
46.828125,18,2179,2179,21,10,-25,-20,-22
46.832031,17,2179,2179,21,10,-25,-20,-22
46.835938,17,2179,2179,21,11,-24,-19,-22
46.839844,17,2179,2179,21,10,-24,-19,-22
46.843750,17,2179,2179,21,10,-24,-19,-22
46.847656,16,2179,2179,22,11,-24,-19,-21
46.851562,16,2179,2179,22,11,-23,-19,-21
46.855469,16,2179,2179,22,11,-23,-18,-21
46.859375,16,2179,2179,21,10,-23,-18,-21
46.863281,16,2179,2179,21,10,-23,-18,-21
46.867188,16,2179,2179,21,10,-23,-18,-21
46.871094,16,2179,2179,21,10,-23,-18,-21
46.875000,16,2179,2179,21,10,-23,-18,-21
46.878906,16,2179,2179,21,10,-23,-18,-21
46.882812,16,2179,2179,21,10,-23,-18,-21
46.886719,15,2179,2179,21,11,-23,-18,-21
46.890625,15,2179,2179,21,10,-23,-18,-21
46.894531,15,2179,2179,21,10,-23,-18,-21
46.898438,15,2179,2179,22,10,-23,-18,-21
46.902344,15,2179,2179,21,10,-24,-19,-21
46.906250,15,2179,2179,21,10,-24,-19,-21
46.910156,15,2179,2179,21,10,-24,-19,-22
46.914062,15,2179,2179,21,10,-24,-19,-22
46.917969,15,2179,2179,21,10,-24,-19,-22
46.921875,16,2179,2179,20,10,-24,-20,-22
46.925781,16,2179,2179,20,10,-24,-20,-22
46.929688,15,2179,2179,19,10,-24,-20,-22
46.933594,16,2179,2179,19,10,-24,-19,-22
46.937500,16,2179,2179,19,10,-24,-19,-22
46.941406,16,2179,2179,18,10,-24,-19,-22
46.945312,15,2179,2179,18,10,-24,-19,-21
46.949219,15,2179,2179,19,10,-24,-19,-21
46.953125,14,2179,2179,19,10,-23,-19,-21
46.957031,14,2179,2179,19,10,-23,-19,-21
46.960938,14,2179,2179,19,10,-23,-19,-21
46.964844,14,2179,2179,19,9,-24,-19,-21
46.968750,14,2179,2179,19,10,-23,-19,-21
46.972656,14,2179,2179,19,10,-23,-18,-21
46.976562,14,2179,2179,19,10,-23,-18,-21
46.980469,14,2179,2179,19,10,-23,-18,-21
46.984375,14,2179,2179,19,10,-23,-18,-21
46.988281,14,2179,2179,19,10,-23,-18,-21
46.992188,14,2179,2179,19,10,-23,-18,-21
46.996094,13,2179,2179,19,10,-24,-19,-22
47.000000,13,2179,2179,19,10,-24,-19,-22
47.003906,13,2179,2179,19,10,-24,-20,-22
47.007812,14,2179,2179,19,10,-24,-19,-22
47.011719,14,2179,2179,19,10,-24,-20,-22
47.015625,14,2179,2179,19,10,-24,-19,-22
47.019531,14,2179,2179,19,10,-24,-19,-22
47.023438,14,2179,2179,18,9,-24,-19,-22
47.027344,14,2179,2179,19,10,-24,-19,-22
47.031250,14,2179,2179,19,10,-24,-19,-21
47.035156,13,2179,2179,19,10,-23,-19,-22
47.039062,13,2179,2179,19,10,-24,-19,-22
47.042969,13,2179,2179,19,10,-24,-19,-22
47.046875,13,2179,2179,19,10,-24,-19,-22
47.050781,13,2179,2179,19,10,-24,-19,-22
47.054688,13,2179,2179,19,10,-23,-19,-21
47.058594,13,2179,2179,19,10,-23,-18,-21
47.062500,13,2179,2179,19,10,-23,-19,-21
47.066406,12,2179,2179,19,10,-23,-19,-21
47.070312,12,2179,2179,19,10,-23,-19,-21
47.074219,12,2179,2179,19,10,-23,-19,-21
47.078125,12,2179,2179,19,10,-24,-19,-21
47.082031,12,2179,2179,19,10,-24,-19,-22
47.085938,12,2179,2179,20,11,-24,-19,-22
47.089844,12,2179,2179,19,10,-24,-19,-21
47.093750,12,2179,2179,20,10,-24,-19,-22
47.097656,12,2179,2179,20,10,-24,-19,-22
47.101562,12,2179,2179,21,10,-24,-19,-22
47.105469,12,2179,2179,21,10,-23,-19,-21
47.109375,12,2179,2179,21,10,-23,-19,-21
47.113281,12,2179,2179,21,10,-23,-19,-21
47.117188,12,2179,2179,22,10,-24,-19,-21
47.121094,12,2179,2179,21,10,-24,-19,-21
47.125000,12,2179,2179,21,10,-24,-19,-22
47.128906,12,2179,2179,21,10,-24,-19,-22
47.132812,11,2179,2179,21,10,-24,-19,-22
47.136719,11,2179,2179,21,11,-24,-19,-22
47.140625,11,2179,2179,21,10,-24,-19,-22
47.144531,11,2179,2179,21,10,-24,-19,-22
47.148438,11,2179,2179,21,10,-24,-19,-22
47.152344,11,2179,2179,21,10,-24,-19,-22
47.156250,11,2179,2179,21,10,-24,-19,-22
47.160156,10,2179,2179,21,9,-23,-19,-21
47.164062,10,2179,2179,21,9,-24,-19,-22
47.167969,10,2179,2179,21,10,-24,-19,-22
47.171875,10,2179,2179,21,10,-24,-19,-22
47.175781,10,2179,2179,20,9,-24,-19,-22
47.179688,10,2179,2179,20,9,-23,-19,-22
47.183594,10,2179,2179,21,10,-23,-19,-22
47.187500,10,2179,2179,21,10,-23,-19,-22
47.191406,10,2179,2179,20,9,-24,-19,-22
47.195312,10,2179,2179,21,9,-24,-19,-22
47.199219,10,2179,2179,21,10,-24,-19,-22
47.203125,10,2179,2179,21,10,-24,-19,-22
47.207031,10,2179,2179,21,10,-23,-18,-21
47.210938,10,2179,2179,21,9,-23,-18,-21
47.214844,10,2179,2179,21,8,-23,-18,-21
47.218750,10,2179,2179,21,9,-23,-18,-21
47.222656,10,2179,2179,20,10,-23,-18,-21
47.226562,10,2179,2179,20,9,-23,-18,-21
47.230469,10,2179,2179,20,9,-23,-18,-21
47.234375,11,2179,2179,21,10,-23,-18,-21
47.238281,11,2179,2179,21,10,-23,-18,-21
47.242188,11,2179,2179,21,9,-23,-18,-21
47.246094,11,2179,2179,21,10,-23,-18,-21
47.250000,11,2179,2179,21,10,-24,-18,-21
47.253906,11,2179,2179,21,10,-23,-18,-21
47.257812,12,2179,2179,21,10,-23,-18,-21
47.261719,12,2179,2179,21,10,-23,-18,-21
47.265625,11,2179,2179,21,10,-23,-18,-21
47.269531,11,2179,2179,21,10,-23,-19,-21
47.273438,11,2179,2179,21,10,-23,-19,-21
47.277344,11,2179,2179,21,10,-24,-19,-22
47.281250,12,2179,2179,22,10,-24,-19,-22
47.285156,12,2179,2179,21,10,-24,-19,-22
47.289062,12,2179,2179,21,10,-24,-19,-22
47.292969,13,2179,2179,21,10,-24,-19,-22
47.296875,13,2179,2179,21,10,-24,-19,-22
47.300781,12,2179,2179,21,10,-23,-18,-21
47.304688,13,2179,2179,21,10,-23,-18,-21
47.308594,12,2179,2179,21,10,-23,-18,-21
47.312500,13,2179,2179,21,10,-23,-18,-21
47.316406,12,2179,2179,21,10,-23,-18,-21
47.320312,12,2179,2179,21,10,-23,-18,-21
47.324219,12,2179,2179,21,10,-24,-18,-22
47.328125,12,2179,2179,21,10,-24,-19,-22
47.332031,12,2179,2179,21,10,-23,-18,-22
47.335938,12,2179,2179,21,10,-23,-19,-21
47.339844,12,2179,2179,21,9,-23,-19,-21
47.343750,12,2179,2179,20,10,-23,-19,-21
47.347656,11,2179,2179,21,10,-24,-19,-22
47.351562,11,2179,2179,21,10,-24,-19,-21
47.355469,11,2179,2179,21,10,-24,-19,-21
47.359375,11,2179,2179,20,10,-24,-19,-21
47.363281,11,2179,2179,21,9,-24,-19,-21
47.367188,11,2179,2179,21,10,-24,-19,-22
47.371094,11,2179,2179,21,10,-24,-19,-21
47.375000,11,2179,2179,20,9,-23,-19,-21
47.378906,11,2179,2179,20,9,-23,-18,-21
47.382812,10,2179,2179,21,10,-23,-19,-21
47.386719,11,2179,2179,21,10,-23,-19,-21
47.390625,11,2179,2179,21,10,-23,-19,-21
47.394531,11,2179,2179,21,10,-24,-19,-22
47.398438,11,2179,2179,21,10,-24,-19,-22
47.402344,11,2179,2179,21,10,-23,-19,-22
47.406250,11,2179,2179,21,10,-23,-19,-22
47.410156,11,2179,2179,21,10,-23,-19,-22
47.414062,10,2179,2179,21,9,-23,-19,-22
47.417969,10,2179,2179,21,10,-23,-19,-21
47.421875,11,2179,2179,21,10,-23,-19,-22
47.425781,11,2179,2179,21,9,-23,-18,-22
47.429688,11,2179,2179,21,9,-24,-19,-22
47.433594,11,2179,2179,21,10,-24,-19,-22
47.437500,11,2179,2179,21,10,-24,-19,-22
47.441406,12,2179,2179,20,10,-24,-19,-22
47.445312,12,2179,2179,20,9,-24,-19,-22
47.449219,12,2179,2179,21,10,-24,-19,-22
47.453125,11,2179,2179,21,10,-24,-19,-22
47.457031,12,2179,2179,21,10,-23,-19,-22
47.460938,12,2179,2179,21,10,-24,-18,-21
47.464844,11,2179,2179,21,9,-23,-18,-21
47.468750,11,2179,2179,21,11,-23,-19,-21
47.472656,11,2179,2179,21,10,-24,-19,-21
47.476562,12,2179,2179,21,10,-24,-19,-21
47.480469,11,2179,2179,21,10,-24,-19,-22
47.484375,12,2179,2179,21,10,-24,-19,-22
47.488281,12,2179,2179,21,11,-24,-19,-22
47.492188,12,2179,2179,21,10,-23,-18,-21
47.496094,12,2179,2179,21,10,-23,-18,-21
47.500000,12,2179,2179,21,10,-23,-18,-21
47.503906,12,2179,2179,21,10,-23,-18,-21
47.507812,12,2179,2179,21,10,-23,-18,-21
47.511719,12,2179,2179,21,10,-23,-19,-21
47.515625,12,2179,2179,21,10,-23,-18,-21
47.519531,12,2179,2179,21,10,-23,-18,-21
47.523438,12,2179,2179,21,10,-23,-18,-21
47.527344,12,2179,2179,21,9,-23,-18,-21
47.531250,12,2179,2179,21,9,-23,-18,-21
47.535156,12,2179,2179,21,10,-23,-18,-21
47.539062,12,2179,2179,21,10,-23,-18,-21
47.542969,12,2179,2179,20,9,-23,-18,-21
47.546875,12,2179,2179,20,9,-23,-18,-21
47.550781,12,2179,2179,21,10,-23,-18,-21
47.554688,12,2179,2179,21,10,-23,-18,-21
47.558594,12,2179,2179,21,10,-23,-18,-21
47.562500,12,2179,2179,21,10,-23,-18,-21
47.566406,12,2179,2179,21,10,-23,-18,-21
47.570312,12,2179,2179,21,10,-23,-18,-21
47.574219,12,2179,2179,21,10,-23,-18,-21
47.578125,12,2179,2179,21,10,-23,-18,-21
47.582031,11,2179,2179,22,10,-23,-18,-21
47.585938,11,2179,2179,22,10,-23,-18,-21
47.589844,11,2179,2179,22,10,-23,-19,-21
47.593750,11,2179,2179,23,10,-24,-19,-21
47.597656,11,2179,2179,24,10,-24,-19,-21
47.601562,11,2179,2179,24,11,-24,-19,-22
47.605469,12,2179,2179,23,10,-24,-19,-22
47.609375,12,2179,2179,23,10,-24,-19,-22
47.613281,12,2179,2179,22,10,-24,-19,-22
47.617188,12,2179,2179,22,10,-24,-19,-22
47.621094,12,2179,2179,22,10,-24,-19,-22
47.625000,13,2179,2179,21,9,-24,-19,-22
47.628906,12,2179,2179,21,9,-24,-19,-22
47.632812,12,2179,2179,22,10,-24,-19,-22
47.636719,12,2179,2179,22,10,-23,-19,-21
47.640625,13,2179,2179,22,10,-23,-19,-21
47.644531,12,2179,2179,22,9,-23,-19,-21
47.648438,12,2179,2179,22,10,-23,-19,-21
47.652344,13,2179,2179,22,10,-23,-19,-21
47.656250,13,2179,2179,21,10,-24,-19,-22
47.660156,12,2179,2179,21,10,-24,-19,-22
47.664062,12,2179,2179,21,10,-24,-19,-22
47.667969,12,2179,2179,22,10,-24,-19,-22
47.671875,12,2179,2179,22,10,-24,-19,-22
47.675781,12,2179,2179,22,10,-24,-19,-22
47.679688,11,2179,2179,22,10,-23,-19,-21
47.683594,11,2179,2179,22,10,-23,-18,-21
47.687500,11,2179,2179,22,11,-23,-18,-21
47.691406,11,2179,2179,22,10,-23,-18,-21
47.695312,11,2179,2179,22,10,-22,-18,-21
47.699219,11,2179,2179,23,11,-23,-18,-21
47.703125,11,2179,2179,23,10,-23,-18,-21
47.707031,12,2179,2179,23,10,-23,-18,-21
47.710938,12,2179,2179,23,10,-23,-18,-21
47.714844,12,2179,2179,23,10,-23,-18,-21
47.718750,12,2179,2179,23,11,-24,-18,-22
47.722656,12,2179,2179,22,11,-24,-19,-22
47.726562,12,2179,2179,22,10,-24,-19,-22
47.730469,12,2179,2179,22,10,-23,-19,-21
47.734375,12,2179,2179,23,10,-23,-19,-21
47.738281,12,2179,2179,23,10,-23,-19,-21
47.742188,12,2179,2179,23,10,-23,-18,-21
47.746094,12,2179,2179,23,10,-23,-19,-21
47.750000,11,2179,2179,24,10,-23,-19,-21
47.753906,11,2179,2179,23,11,-23,-19,-21
47.757812,12,2179,2179,23,10,-24,-19,-21
47.761719,12,2179,2179,22,10,-24,-19,-22
47.765625,11,2179,2179,22,11,-24,-20,-22
47.769531,11,2179,2179,22,11,-25,-20,-22
47.773438,12,2179,2179,22,10,-25,-20,-22
47.777344,12,2179,2179,22,10,-25,-20,-23
47.781250,11,2179,2179,23,10,-25,-20,-22
47.785156,11,2179,2179,23,10,-25,-20,-23
47.789062,12,2179,2179,23,11,-24,-20,-22
47.792969,11,2179,2179,22,10,-24,-19,-22
47.796875,11,2179,2179,22,10,-24,-19,-22
47.800781,11,2179,2179,22,11,-24,-19,-22
47.804688,11,2179,2179,21,10,-24,-19,-22
47.808594,10,2179,2179,21,11,-24,-19,-22
47.812500,11,2179,2179,21,11,-24,-19,-22
47.816406,10,2179,2179,21,11,-24,-19,-21
47.820312,10,2179,2179,22,11,-24,-19,-21
47.824219,10,2179,2179,22,10,-24,-19,-21
47.828125,10,2179,2179,22,10,-24,-19,-21
47.832031,10,2179,2179,23,10,-24,-19,-21
47.835938,11,2179,2179,23,10,-23,-19,-21
47.839844,11,2179,2179,22,10,-23,-19,-21
47.843750,11,2179,2179,22,10,-23,-19,-21
47.847656,11,2179,2179,22,10,-23,-19,-21
47.851562,11,2179,2179,21,10,-23,-18,-21
47.855469,12,2179,2179,21,10,-23,-19,-21
47.859375,12,2179,2179,20,10,-23,-19,-21
47.863281,12,2179,2179,20,10,-24,-19,-22
47.867188,12,2179,2179,21,10,-24,-19,-22
47.871094,12,2179,2179,21,10,-24,-19,-22
47.875000,12,2179,2179,21,10,-24,-20,-22
47.878906,12,2179,2179,21,10,-24,-20,-22
47.882812,12,2179,2179,21,10,-25,-20,-22
47.886719,12,2179,2179,21,10,-24,-20,-22
47.890625,12,2179,2179,21,10,-24,-20,-22
47.894531,12,2179,2179,20,10,-24,-19,-22
47.898438,12,2179,2179,21,10,-24,-19,-22
47.902344,12,2179,2179,21,10,-24,-19,-22
47.906250,12,2179,2179,20,10,-23,-18,-21
47.910156,13,2179,2179,20,9,-23,-18,-21
47.914062,12,2179,2179,21,10,-23,-18,-21
47.917969,12,2179,2179,21,10,-23,-18,-21
47.921875,12,2179,2179,21,10,-24,-19,-22
47.925781,12,2179,2179,21,10,-24,-19,-22
47.929688,12,2179,2179,21,10,-24,-19,-22
47.933594,12,2179,2179,21,10,-24,-20,-22
47.937500,12,2179,2179,21,10,-24,-20,-22
47.941406,13,2179,2179,21,10,-24,-20,-22
47.945312,13,2179,2179,20,10,-24,-20,-22
47.949219,13,2179,2179,21,10,-24,-20,-22
47.953125,13,2179,2179,21,10,-24,-19,-22
47.957031,13,2179,2179,20,10,-24,-19,-22
47.960938,13,2179,2179,20,9,-24,-19,-22
47.964844,13,2179,2179,20,9,-24,-19,-22
47.968750,13,2179,2179,21,10,-24,-19,-22
47.972656,13,2179,2179,20,10,-23,-19,-22
47.976562,13,2179,2179,20,9,-24,-19,-22
47.980469,13,2179,2179,20,9,-24,-19,-22
47.984375,13,2179,2179,21,10,-24,-19,-22
47.988281,13,2179,2179,21,10,-24,-19,-22
47.992188,13,2179,2179,20,9,-24,-19,-21
47.996094,13,2179,2179,20,9,-24,-19,-22
48.000000,13,2179,2179,21,10,-24,-19,-22
48.003906,13,2179,2179,20,10,-23,-19,-21
48.007812,14,2179,2179,20,9,-24,-19,-22
48.011719,14,2179,2179,20,9,-24,-19,-22
48.015625,14,2179,2179,20,9,-24,-19,-22
48.019531,14,2179,2179,21,9,-24,-19,-22
48.023438,15,2179,2179,20,9,-24,-19,-22
48.027344,15,2179,2179,20,9,-24,-19,-22
48.031250,14,2179,2179,21,10,-24,-19,-22
48.035156,14,2179,2179,21,10,-24,-19,-22
48.039062,15,2179,2179,21,10,-24,-19,-22
48.042969,14,2179,2179,21,10,-24,-19,-22
48.046875,14,2179,2179,21,10,-24,-19,-22
48.050781,14,2179,2179,21,10,-23,-19,-22
48.054688,15,2179,2179,21,10,-23,-19,-21
48.058594,14,2179,2179,21,10,-23,-19,-21
48.062500,14,2179,2179,21,10,-24,-19,-22
48.066406,14,2179,2179,21,11,-24,-19,-22
48.070312,14,2179,2179,21,11,-24,-19,-22
48.074219,14,2179,2179,21,10,-24,-19,-22
48.078125,14,2179,2179,21,11,-24,-19,-22
48.082031,14,2179,2179,21,11,-24,-19,-22
48.085938,14,2179,2179,22,11,-24,-19,-22
48.089844,14,2179,2179,21,10,-24,-19,-22
48.093750,14,2179,2179,21,10,-24,-19,-22
48.097656,13,2179,2179,22,11,-24,-19,-22
48.101562,13,2179,2179,22,11,-24,-19,-22
48.105469,13,2179,2179,21,11,-24,-19,-22
48.109375,13,2179,2179,21,10,-24,-19,-22
48.113281,13,2179,2179,21,10,-24,-19,-22
48.117188,13,2179,2179,22,11,-24,-19,-22
48.121094,13,2179,2179,21,11,-24,-19,-22
48.125000,13,2179,2179,21,10,-24,-19,-22
48.128906,13,2179,2179,21,10,-24,-19,-21
48.132812,13,2179,2179,21,10,-23,-19,-21
48.136719,13,2179,2179,21,10,-23,-18,-21
48.140625,14,2179,2179,21,10,-23,-18,-21
48.144531,14,2179,2179,21,10,-23,-18,-21
48.148438,13,2179,2179,21,10,-23,-18,-21
48.152344,14,2179,2179,21,10,-23,-18,-21
48.156250,14,2179,2179,21,10,-23,-18,-21
48.160156,14,2179,2179,21,10,-24,-19,-21
48.164062,14,2179,2179,20,9,-24,-19,-22
48.167969,14,2179,2179,21,9,-24,-19,-22
48.171875,15,2179,2179,21,9,-24,-19,-22
48.175781,15,2179,2179,20,9,-24,-19,-22
48.179688,15,2179,2179,20,9,-24,-19,-22
48.183594,15,2179,2179,20,9,-24,-19,-22
48.187500,16,2179,2179,20,9,-24,-18,-22
48.191406,16,2179,2179,20,9,-23,-18,-22
48.195312,16,2179,2179,20,9,-24,-19,-22
48.199219,16,2179,2179,20,9,-24,-19,-22
48.203125,16,2179,2179,20,10,-24,-19,-22
48.207031,17,2179,2179,20,9,-24,-19,-22
48.210938,17,2179,2179,20,9,-24,-19,-22
48.214844,16,2179,2179,21,9,-24,-19,-22
48.218750,16,2179,2179,21,10,-24,-19,-22
48.222656,17,2179,2179,21,10,-24,-19,-22
48.226562,17,2179,2179,20,10,-23,-18,-21
48.230469,16,2179,2179,20,10,-23,-18,-21
48.234375,16,2179,2179,21,11,-23,-18,-22
48.238281,16,2179,2179,21,11,-23,-18,-21
48.242188,16,2179,2179,20,10,-23,-18,-21
48.246094,16,2179,2179,20,10,-23,-19,-21
48.250000,16,2179,2179,21,11,-24,-19,-22
48.253906,17,2179,2179,21,10,-23,-19,-22
48.257812,17,2179,2179,21,10,-24,-19,-22
48.261719,18,2179,2179,21,10,-24,-19,-22
48.265625,18,2179,2179,21,10,-23,-18,-22
48.269531,18,2179,2179,21,10,-23,-18,-21
48.273438,18,2179,2179,21,10,-23,-18,-21
48.277344,18,2179,2179,21,10,-23,-18,-21
48.281250,17,2179,2179,21,10,-23,-18,-21
48.285156,17,2179,2179,21,11,-23,-18,-21
48.289062,17,2179,2179,21,11,-23,-18,-21
48.292969,17,2179,2179,21,11,-24,-19,-22
48.296875,16,2179,2179,21,11,-24,-19,-22
48.300781,16,2179,2179,22,11,-24,-19,-22
48.304688,16,2179,2179,22,11,-24,-19,-22
48.308594,16,2179,2179,21,10,-24,-19,-21
48.312500,16,2179,2179,21,11,-24,-19,-21
48.316406,15,2179,2179,22,11,-24,-19,-21
48.320312,15,2179,2179,22,11,-23,-19,-21
48.324219,16,2179,2179,21,10,-23,-18,-21
48.328125,16,2179,2179,21,10,-23,-18,-21
48.332031,16,2179,2179,21,10,-23,-18,-21
48.335938,17,2179,2179,21,10,-23,-18,-21
48.339844,17,2179,2179,20,9,-23,-19,-21
48.343750,17,2179,2179,20,9,-24,-19,-22
48.347656,17,2179,2179,21,9,-24,-19,-22
48.351562,17,2179,2179,20,9,-24,-19,-22
48.355469,17,2179,2179,20,9,-24,-19,-22
48.359375,17,2179,2179,20,9,-24,-19,-22
48.363281,17,2179,2179,20,9,-24,-19,-21
48.367188,17,2179,2179,21,10,-24,-19,-22
48.371094,17,2179,2179,21,10,-24,-19,-22
48.375000,16,2179,2179,20,10,-24,-19,-22
48.378906,16,2179,2179,21,10,-24,-19,-22
48.382812,16,2179,2179,21,11,-24,-19,-22
48.386719,16,2179,2179,22,11,-24,-19,-22
48.390625,15,2179,2179,22,11,-24,-20,-22
48.394531,16,2179,2179,22,11,-24,-19,-22
48.398438,15,2179,2179,22,11,-24,-20,-22
48.402344,15,2179,2179,22,11,-24,-20,-22
48.406250,16,2179,2179,22,11,-24,-20,-22
48.410156,16,2179,2179,21,10,-24,-20,-22
48.414062,16,2179,2179,21,10,-24,-20,-22
48.417969,16,2179,2179,21,10,-24,-20,-22
48.421875,17,2179,2179,21,10,-24,-20,-22
48.425781,17,2179,2179,20,10,-24,-20,-22
48.429688,17,2179,2179,20,10,-24,-19,-22
48.433594,17,2179,2179,20,10,-24,-19,-22
48.437500,18,2179,2179,20,10,-24,-19,-22
48.441406,18,2179,2179,19,10,-24,-19,-22
48.445312,19,2179,2179,19,9,-24,-19,-22
48.449219,19,2179,2179,20,10,-24,-19,-22
48.453125,19,2179,2179,20,10,-23,-18,-22
48.457031,19,2179,2179,20,10,-23,-18,-21
48.460938,19,2179,2179,20,10,-23,-18,-21
48.464844,18,2179,2179,21,9,-23,-18,-21
48.468750,18,2179,2179,21,10,-23,-18,-21
48.472656,19,2179,2179,22,10,-23,-18,-21
48.476562,19,2179,2179,21,10,-23,-18,-21
48.480469,18,2179,2179,21,10,-23,-18,-21
48.484375,19,2179,2179,21,10,-23,-19,-21
48.488281,19,2179,2179,20,11,-23,-19,-21
48.492188,19,2179,2179,19,10,-24,-19,-22
48.496094,19,2179,2179,19,10,-24,-19,-22
48.500000,19,2179,2179,19,10,-24,-19,-22
48.503906,19,2179,2179,19,10,-24,-19,-22
48.507812,20,2179,2179,20,10,-24,-19,-22
48.511719,20,2179,2179,20,10,-24,-19,-22
48.515625,19,2179,2179,21,10,-23,-18,-21
48.519531,19,2179,2179,21,10,-23,-18,-21
48.523438,19,2179,2179,21,10,-23,-18,-21
48.527344,19,2179,2179,21,10,-23,-18,-21
48.531250,19,2179,2179,21,10,-23,-18,-21
48.535156,19,2179,2179,21,10,-23,-18,-21
48.539062,20,2179,2179,20,10,-23,-18,-21
48.542969,20,2179,2179,19,10,-23,-18,-21
48.546875,20,2179,2179,19,10,-23,-18,-21
48.550781,20,2179,2179,19,10,-23,-19,-21
48.554688,21,2179,2179,19,10,-23,-18,-21
48.558594,21,2179,2179,18,10,-23,-18,-21
48.562500,21,2179,2179,18,9,-23,-18,-21
48.566406,21,2179,2179,19,10,-23,-18,-21
48.570312,21,2179,2179,19,10,-23,-18,-21
48.574219,21,2179,2179,19,10,-23,-19,-21
48.578125,21,2179,2179,19,10,-24,-19,-21
48.582031,21,2179,2179,19,10,-24,-19,-22
48.585938,21,2179,2179,19,10,-24,-19,-22
48.589844,21,2179,2179,19,10,-24,-19,-22
48.593750,21,2179,2179,18,10,-24,-19,-22
48.597656,21,2179,2179,20,9,-24,-19,-22
48.601562,21,2179,2179,19,10,-23,-19,-21
48.605469,21,2179,2179,19,10,-23,-18,-21
48.609375,21,2179,2179,19,10,-23,-18,-21
48.613281,21,2179,2179,19,10,-23,-18,-21
48.617188,20,2179,2179,19,10,-23,-18,-21
48.621094,20,2179,2179,19,10,-23,-19,-21
48.625000,20,2179,2179,19,10,-24,-19,-21
48.628906,20,2179,2179,19,10,-24,-19,-21
48.632812,20,2179,2179,19,10,-24,-19,-21
48.636719,20,2179,2179,19,10,-24,-19,-22
48.640625,20,2179,2179,19,10,-23,-19,-22
48.644531,20,2179,2179,19,10,-23,-19,-22
48.648438,20,2179,2179,19,10,-23,-18,-22
48.652344,20,2179,2179,19,10,-23,-18,-21
48.656250,20,2179,2179,19,10,-23,-18,-22
48.660156,20,2179,2179,19,10,-24,-18,-21
48.664062,20,2179,2179,19,10,-24,-19,-21
48.667969,20,2179,2179,20,11,-24,-19,-22
48.671875,21,2179,2179,20,11,-24,-19,-22
48.675781,21,2179,2179,19,10,-24,-19,-22
48.679688,22,2179,2179,19,10,-24,-19,-22
48.683594,22,2179,2179,19,10,-24,-19,-22
48.687500,22,2179,2179,19,10,-23,-19,-22
48.691406,22,2179,2179,19,10,-23,-18,-22
48.695312,22,2179,2179,19,10,-23,-18,-21
48.699219,22,2179,2179,19,10,-23,-18,-21
48.703125,22,2179,2179,19,10,-23,-18,-21
48.707031,22,2179,2179,19,10,-23,-18,-21
48.710938,22,2179,2179,19,10,-23,-18,-21
48.714844,22,2179,2179,19,10,-23,-18,-21
48.718750,22,2179,2179,19,11,-23,-18,-21
48.722656,22,2179,2179,20,10,-23,-18,-21
48.726562,22,2179,2179,19,10,-23,-18,-21
48.730469,21,2179,2179,19,10,-24,-19,-21
48.734375,22,2179,2179,19,11,-24,-19,-22
48.738281,22,2179,2179,19,11,-24,-19,-22
48.742188,22,2179,2179,19,10,-24,-19,-22
48.746094,22,2179,2179,19,10,-24,-19,-22
48.750000,23,2179,2179,19,10,-24,-20,-23
48.753906,23,2179,2179,19,10,-24,-19,-22
48.757812,24,2179,2179,18,10,-24,-19,-22
48.761719,24,2179,2179,18,9,-24,-19,-22
48.765625,24,2179,2179,18,9,-24,-18,-22
48.769531,24,2179,2179,19,10,-23,-18,-21
48.773438,24,2179,2179,18,9,-23,-18,-21
48.777344,24,2179,2179,18,9,-23,-18,-21
48.781250,24,2179,2179,19,9,-23,-18,-21
48.785156,24,2179,2179,19,10,-23,-19,-22
48.789062,25,2179,2179,19,10,-24,-19,-22
48.792969,25,2179,2179,18,9,-24,-19,-22
48.796875,25,2179,2179,19,9,-24,-19,-22
48.800781,25,2179,2179,19,10,-24,-19,-22
48.804688,26,2179,2179,19,10,-24,-19,-21
48.808594,26,2179,2179,19,10,-24,-19,-21
48.812500,26,2179,2179,19,10,-23,-19,-21
48.816406,25,2179,2179,19,10,-23,-19,-21
48.820312,25,2179,2179,19,10,-23,-19,-21
48.824219,26,2179,2179,19,10,-24,-19,-22
48.828125,26,2179,2179,19,10,-24,-19,-22
48.832031,25,2179,2179,19,10,-24,-19,-22
48.835938,25,2179,2179,19,10,-23,-18,-21
48.839844,26,2179,2179,19,10,-23,-18,-21
48.843750,26,2179,2179,19,10,-23,-19,-21
48.847656,26,2179,2179,20,10,-24,-18,-21
48.851562,26,2179,2179,19,10,-23,-19,-22
48.855469,26,2179,2179,19,10,-23,-19,-21
48.859375,26,2179,2179,19,10,-23,-18,-22
48.863281,26,2179,2179,19,10,-23,-18,-21
48.867188,26,2179,2179,20,11,-23,-18,-21
48.871094,26,2179,2179,19,11,-23,-18,-21
48.875000,26,2179,2179,19,10,-23,-18,-21
48.878906,26,2179,2179,19,10,-23,-18,-21
48.882812,26,2179,2179,19,10,-23,-18,-21
48.886719,26,2179,2179,19,10,-23,-18,-21
48.890625,26,2179,2179,19,10,-23,-19,-21
48.894531,27,2179,2179,19,10,-23,-18,-21
48.898438,26,2179,2179,19,10,-23,-19,-21
48.902344,27,2179,2179,19,10,-24,-19,-21
48.906250,27,2179,2179,19,10,-24,-19,-22
48.910156,27,2179,2179,19,10,-24,-19,-22
48.914062,27,2179,2179,19,10,-24,-19,-21
48.917969,27,2179,2179,19,10,-24,-19,-22
48.921875,27,2179,2179,19,10,-24,-19,-21
48.925781,28,2179,2179,19,10,-24,-19,-21
48.929688,27,2179,2179,19,10,-24,-19,-21
48.933594,27,2179,2179,19,10,-24,-19,-22
48.937500,27,2179,2179,19,10,-24,-19,-22
48.941406,28,2179,2179,19,10,-23,-19,-22
48.945312,28,2179,2179,19,10,-23,-19,-21
48.949219,28,2179,2179,19,10,-24,-19,-21
48.953125,28,2179,2179,19,10,-23,-19,-21
48.957031,28,2179,2179,19,10,-23,-19,-22
48.960938,28,2179,2179,19,10,-24,-19,-21
48.964844,28,2179,2179,19,9,-24,-19,-22
48.968750,29,2179,2179,19,10,-23,-19,-22
48.972656,29,2179,2179,19,10,-24,-19,-22
48.976562,30,2179,2179,18,9,-24,-19,-22
48.980469,30,2179,2179,18,10,-24,-19,-22
48.984375,30,2179,2179,19,10,-24,-19,-22
48.988281,30,2179,2179,19,10,-24,-19,-22
48.992188,31,2179,2179,18,9,-24,-19,-22
48.996094,30,2179,2179,18,9,-24,-19,-22
49.000000,30,2179,2179,19,10,-23,-19,-22
49.003906,31,2179,2179,19,10,-23,-18,-21
49.007812,31,2179,2179,18,9,-23,-18,-21
49.011719,32,2179,2179,18,9,-23,-18,-21
49.015625,32,2179,2179,19,10,-23,-18,-21
49.019531,32,2179,2179,19,10,-23,-18,-21
49.023438,33,2179,2179,18,10,-23,-18,-21
49.027344,33,2179,2179,18,10,-23,-18,-21
49.031250,32,2179,2179,19,10,-23,-19,-21
49.035156,32,2179,2179,19,10,-23,-19,-21
49.039062,33,2179,2179,19,10,-24,-19,-21
49.042969,32,2179,2179,19,10,-23,-19,-21
49.046875,32,2179,2179,19,10,-23,-18,-21
49.050781,32,2179,2179,19,10,-23,-19,-21
49.054688,33,2179,2179,19,10,-24,-19,-21
49.058594,33,2179,2179,19,10,-23,-18,-21
49.062500,34,2179,2179,19,10,-23,-18,-22
49.066406,34,2179,2179,19,10,-23,-18,-21
49.070312,34,2179,2179,19,10,-23,-19,-22
49.074219,35,2179,2179,19,10,-23,-18,-21
49.078125,35,2179,2179,19,10,-23,-18,-21
49.082031,35,2179,2179,19,10,-23,-18,-21
49.085938,36,2179,2179,19,10,-23,-19,-22
49.089844,37,2179,2179,19,10,-23,-19,-22
49.093750,38,2179,2179,19,10,-24,-18,-21
49.097656,38,2179,2179,20,10,-24,-18,-21
49.101562,38,2179,2179,19,10,-24,-18,-22
49.105469,39,2179,2179,19,10,-24,-19,-22
49.109375,40,2179,2179,19,10,-24,-19,-22
49.113281,40,2179,2179,19,10,-24,-19,-22
49.117188,40,2179,2179,19,10,-24,-19,-22
49.121094,41,2179,2179,19,10,-24,-19,-22
49.125000,42,2179,2179,19,10,-24,-19,-22
49.128906,42,2179,2179,19,10,-24,-19,-22
49.132812,42,2179,2179,19,10,-24,-19,-22
49.136719,43,2179,2179,19,10,-24,-19,-22
49.140625,43,2179,2179,19,10,-24,-19,-21
49.144531,43,2179,2179,19,10,-24,-19,-21
49.148438,43,2179,2179,19,10,-24,-19,-21
49.152344,44,2179,2179,19,10,-23,-19,-21
49.156250,44,2179,2179,19,10,-24,-19,-21
49.160156,45,2179,2179,19,10,-23,-19,-21
49.164062,45,2179,2179,19,10,-24,-19,-22
49.167969,45,2179,2179,19,10,-24,-19,-22
49.171875,46,2179,2179,19,10,-24,-19,-22
49.175781,46,2179,2179,19,9,-24,-19,-21
49.179688,46,2179,2179,19,10,-24,-19,-21
49.183594,47,2179,2179,19,10,-24,-19,-21
49.187500,47,2179,2179,19,10,-23,-18,-21
49.191406,47,2179,2179,19,9,-23,-19,-21
49.195312,47,2179,2179,18,9,-24,-19,-21
49.199219,48,2179,2179,19,9,-23,-19,-21
49.203125,47,2179,2179,19,10,-24,-19,-21
49.207031,48,2179,2179,18,9,-24,-19,-22
49.210938,47,2179,2179,18,9,-24,-19,-21
49.214844,47,2179,2179,19,9,-24,-19,-22
49.218750,47,2179,2179,19,10,-24,-19,-22
49.222656,48,2179,2179,20,10,-24,-19,-22
49.226562,48,2179,2179,19,10,-24,-19,-22
49.230469,48,2179,2179,19,10,-24,-19,-22
49.234375,48,2179,2179,19,10,-24,-19,-21
49.238281,48,2179,2179,19,10,-24,-19,-22
49.242188,48,2179,2179,19,10,-24,-19,-22
49.246094,48,2179,2179,19,10,-24,-19,-21
49.250000,48,2179,2179,19,10,-24,-19,-23
49.253906,48,2179,2179,19,10,-23,-19,-21
49.257812,48,2179,2179,19,10,-23,-18,-21
49.261719,48,2179,2179,19,10,-23,-18,-21
49.265625,48,2179,2179,19,11,-23,-18,-21
49.269531,48,2179,2179,19,11,-23,-19,-21
49.273438,48,2179,2179,19,10,-23,-18,-21
49.277344,48,2179,2179,19,10,-24,-19,-21
49.281250,48,2179,2179,20,10,-23,-19,-21
49.285156,48,2179,2179,19,10,-23,-19,-21
49.289062,48,2179,2179,19,10,-24,-19,-22
49.292969,48,2179,2179,19,10,-23,-18,-21
49.296875,48,2179,2179,19,10,-23,-19,-21
49.300781,48,2179,2179,19,10,-23,-19,-21
49.304688,49,2179,2179,19,10,-23,-19,-21
49.308594,49,2179,2179,19,9,-23,-19,-21
49.312500,49,2179,2179,19,9,-24,-19,-21
49.316406,49,2179,2179,19,10,-24,-19,-22
49.320312,49,2179,2179,20,10,-24,-19,-22
49.324219,50,2179,2179,20,10,-24,-19,-22
49.328125,50,2179,2179,20,9,-24,-19,-22
49.332031,49,2179,2179,21,10,-24,-19,-22
49.335938,49,2179,2179,21,10,-23,-19,-21
49.339844,49,2179,2179,21,9,-23,-19,-21
49.343750,49,2179,2179,21,9,-23,-19,-21
49.347656,49,2179,2179,22,10,-23,-19,-21
49.351562,49,2179,2179,21,10,-23,-19,-21
49.355469,49,2179,2179,21,10,-23,-19,-21
49.359375,50,2179,2179,20,10,-23,-18,-21
49.363281,50,2179,2179,20,10,-23,-18,-21
49.367188,50,2179,2179,21,10,-23,-18,-21
49.371094,51,2179,2179,21,10,-23,-18,-21
49.375000,51,2179,2179,20,9,-23,-18,-22
49.378906,51,2179,2179,21,9,-23,-18,-21
49.382812,51,2179,2179,21,10,-23,-18,-21
49.386719,52,2179,2179,21,10,-23,-18,-21
49.390625,52,2179,2179,21,10,-23,-19,-21
49.394531,52,2179,2179,21,10,-23,-19,-21
49.398438,52,2179,2179,21,10,-23,-19,-22
49.402344,52,2179,2179,21,10,-23,-19,-22
49.406250,52,2179,2179,21,10,-23,-19,-22
49.410156,53,2179,2179,21,10,-24,-19,-22
49.414062,52,2179,2179,20,10,-24,-19,-22
49.417969,52,2179,2179,21,10,-24,-19,-22
49.421875,53,2179,2179,21,10,-23,-19,-22
49.425781,53,2179,2179,21,10,-24,-19,-22
49.429688,53,2179,2179,21,10,-24,-19,-22
49.433594,53,2179,2179,21,10,-24,-19,-22
49.437500,53,2179,2179,21,10,-24,-19,-22
49.441406,53,2179,2179,21,10,-24,-19,-22
49.445312,54,2179,2179,21,10,-24,-19,-21
49.449219,53,2179,2179,21,10,-24,-19,-21
49.453125,53,2179,2179,21,10,-24,-19,-21
49.457031,53,2179,2179,21,10,-23,-19,-22
49.460938,53,2179,2179,21,10,-24,-19,-21
49.464844,53,2179,2179,21,10,-24,-19,-22
49.468750,53,2179,2179,22,11,-24,-19,-22
49.472656,54,2179,2179,22,11,-23,-19,-21
49.476562,54,2179,2179,21,10,-23,-18,-21
49.480469,54,2179,2179,21,10,-23,-19,-21
49.484375,54,2179,2179,21,10,-23,-19,-22
49.488281,55,2179,2179,21,10,-23,-18,-21
49.492188,55,2179,2179,21,10,-23,-19,-21
49.496094,54,2179,2179,21,10,-23,-19,-21
49.500000,54,2179,2179,21,10,-24,-19,-23
49.503906,55,2179,2179,21,10,-24,-19,-21
49.507812,55,2179,2179,21,10,-24,-19,-22
49.511719,56,2179,2179,21,10,-24,-19,-22
49.515625,55,2179,2179,22,10,-24,-19,-22
49.519531,55,2179,2179,22,10,-24,-19,-22
49.523438,56,2179,2179,22,10,-24,-19,-22
49.527344,56,2179,2179,23,10,-24,-19,-22
49.531250,55,2179,2179,23,10,-24,-19,-22
49.535156,55,2179,2179,23,10,-24,-19,-22
49.539062,56,2179,2179,23,10,-24,-19,-22
49.542969,55,2179,2179,23,10,-24,-19,-21
49.546875,55,2179,2179,23,10,-24,-19,-21
49.550781,55,2179,2179,24,11,-24,-19,-22
49.554688,55,2179,2179,25,11,-23,-18,-21
49.558594,55,2179,2179,25,10,-23,-18,-21
49.562500,55,2179,2179,26,10,-24,-18,-21
49.566406,54,2179,2179,28,10,-23,-19,-21
49.570312,54,2179,2179,29,10,-23,-19,-21
49.574219,55,2179,2179,30,10,-23,-18,-21
49.578125,54,2179,2179,30,10,-23,-18,-22
49.582031,54,2179,2179,32,10,-24,-19,-22
49.585938,54,2179,2179,33,10,-24,-19,-22
49.589844,55,2179,2179,33,10,-24,-19,-22
49.593750,55,2179,2179,34,10,-24,-19,-22
49.597656,55,2179,2179,36,10,-24,-19,-22
49.601562,55,2179,2179,37,10,-24,-18,-22
49.605469,55,2179,2179,38,10,-23,-18,-21
49.609375,55,2179,2179,39,10,-23,-18,-21
49.613281,55,2179,2179,40,10,-24,-18,-21
49.617188,55,2179,2179,42,10,-24,-18,-22
49.621094,55,2179,2179,43,10,-23,-18,-21
49.625000,55,2179,2179,43,10,-23,-18,-22
49.628906,55,2179,2179,44,10,-24,-19,-22
49.632812,55,2179,2179,44,10,-24,-19,-22
49.636719,55,2179,2179,45,10,-24,-19,-22
49.640625,55,2179,2179,45,10,-24,-19,-21
49.644531,55,2179,2179,45,10,-24,-19,-22
49.648438,55,2179,2179,46,11,-24,-19,-22
49.652344,55,2179,2179,47,11,-24,-19,-22
49.656250,55,2179,2179,48,10,-24,-19,-22
49.660156,55,2179,2179,50,10,-24,-19,-22
49.664062,55,2179,2179,51,10,-24,-19,-22
49.667969,55,2179,2179,54,11,-24,-19,-21
49.671875,55,2179,2179,56,11,-23,-19,-21
49.675781,55,2179,2179,58,10,-23,-19,-21
49.679688,55,2179,2179,60,10,-23,-18,-21
49.683594,55,2179,2179,62,11,-23,-18,-21
49.687500,55,2179,2179,64,11,-23,-18,-22
49.691406,56,2179,2179,65,10,-24,-18,-22
49.695312,56,2179,2179,66,10,-23,-18,-22
49.699219,56,2179,2179,68,11,-23,-18,-21
49.703125,56,2179,2179,70,11,-23,-18,-21
49.707031,56,2179,2179,71,10,-23,-18,-21
49.710938,56,2179,2179,72,10,-23,-18,-21
49.714844,56,2179,2179,73,9,-23,-18,-21
49.718750,56,2179,2179,74,10,-23,-18,-21
49.722656,56,2179,2179,76,10,-23,-18,-22
49.726562,56,2179,2179,76,10,-23,-18,-21
49.730469,55,2179,2179,78,10,-23,-18,-22
49.734375,55,2179,2179,80,10,-24,-18,-22
49.738281,56,2179,2179,82,10,-23,-19,-22
49.742188,56,2179,2179,83,10,-23,-19,-21
49.746094,55,2179,2179,85,10,-24,-19,-22
49.750000,56,2179,2179,86,10,-24,-19,-23
49.753906,55,2179,2179,87,10,-23,-19,-22
49.757812,56,2179,2179,89,9,-23,-19,-21
49.761719,56,2179,2179,90,10,-23,-19,-21
49.765625,55,2179,2179,93,10,-24,-19,-22
49.769531,55,2179,2179,95,10,-23,-19,-22
49.773438,55,2179,2179,96,10,-23,-19,-21
49.777344,55,2179,2179,98,10,-23,-19,-21
49.781250,55,2179,2179,100,10,-23,-18,-21
49.785156,55,2179,2179,101,10,-23,-18,-21
49.789062,55,2179,2179,102,10,-23,-18,-21
49.792969,55,2179,2179,102,10,-23,-19,-21
49.796875,55,2179,2179,103,10,-23,-19,-21
49.800781,55,2179,2179,103,10,-23,-19,-21
49.804688,55,2179,2179,104,10,-23,-19,-21
49.808594,55,2179,2179,104,10,-23,-18,-21
49.812500,56,2179,2179,104,10,-23,-18,-21
49.816406,55,2179,2179,105,10,-23,-18,-21
49.820312,55,2179,2179,106,10,-23,-18,-21
49.824219,56,2179,2179,106,9,-23,-18,-21
49.828125,56,2179,2179,108,10,-23,-18,-21
49.832031,56,2179,2179,109,10,-23,-18,-22
49.835938,56,2179,2179,110,10,-23,-19,-22
49.839844,56,2179,2179,111,10,-24,-19,-22
49.843750,56,2179,2179,112,10,-24,-19,-22
49.847656,56,2179,2179,114,10,-24,-19,-22
49.851562,56,2179,2179,115,10,-24,-19,-22
49.855469,56,2179,2179,116,10,-24,-19,-22
49.859375,56,2179,2179,116,10,-24,-19,-22
49.863281,56,2179,2179,117,10,-24,-19,-22
49.867188,56,2179,2179,117,10,-24,-19,-22
49.871094,56,2179,2179,117,10,-24,-19,-22
49.875000,56,2179,2179,115,10,-24,-19,-23
49.878906,56,2179,2179,115,10,-24,-18,-21
49.882812,55,2179,2179,115,10,-24,-19,-22
49.886719,56,2179,2179,115,10,-24,-18,-22
49.890625,56,2179,2179,116,10,-23,-19,-22
49.894531,56,2179,2179,117,10,-24,-18,-21
49.898438,56,2179,2179,119,10,-24,-18,-22
49.902344,56,2179,2179,120,10,-24,-18,-22
49.906250,56,2179,2179,121,10,-24,-18,-21
49.910156,57,2179,2179,121,10,-23,-18,-21
49.914062,56,2179,2179,121,10,-24,-18,-21
49.917969,56,2179,2179,122,10,-24,-19,-22
49.921875,57,2179,2179,122,10,-24,-19,-21
49.925781,57,2179,2179,122,10,-24,-19,-22
49.929688,57,2179,2179,123,10,-24,-19,-22
49.933594,57,2179,2179,124,10,-24,-19,-22
49.937500,57,2179,2179,125,10,-24,-19,-22
49.941406,57,2179,2179,126,10,-24,-19,-22
49.945312,57,2179,2179,127,10,-24,-19,-22
49.949219,56,2179,2179,128,10,-24,-19,-22
49.953125,56,2179,2179,128,10,-24,-19,-22
49.957031,57,2179,2179,127,10,-23,-18,-22
49.960938,56,2179,2179,127,10,-24,-19,-21
49.964844,56,2179,2179,127,10,-23,-19,-22
49.968750,56,2179,2179,127,10,-24,-19,-21
49.972656,56,2179,2179,127,10,-23,-19,-21
49.976562,56,2179,2179,126,10,-23,-19,-21
49.980469,56,2179,2179,127,10,-23,-18,-21
49.984375,56,2179,2179,128,10,-23,-18,-21
49.988281,56,2179,2179,128,10,-23,-18,-21
49.992188,56,2179,2179,128,10,-23,-18,-21
49.996094,55,2179,2179,128,10,-23,-18,-21
50.000000,55,2179,2179,129,10,-23,-18,-23
50.003906,55,2179,2179,129,10,-23,-18,-21
50.007812,55,2179,2179,129,10,-23,-18,-21
50.011719,55,2179,2179,129,10,-23,-18,-21
50.015625,55,2179,2179,130,10,-23,-18,-21
50.019531,55,2179,2179,131,10,-23,-18,-21
50.023438,55,2179,2179,131,10,-23,-18,-21
50.027344,56,2179,2179,131,10,-23,-18,-21
50.031250,56,2179,2179,132,10,-24,-19,-21
50.035156,56,2179,2179,132,10,-24,-19,-22
50.039062,56,2179,2179,132,10,-23,-19,-22
50.042969,56,2179,2179,132,9,-24,-19,-22
50.046875,56,2179,2179,132,9,-24,-19,-22
50.050781,55,2179,2179,132,10,-24,-19,-22
50.054688,55,2179,2179,132,10,-23,-19,-22
50.058594,55,2179,2179,132,10,-24,-19,-22
50.062500,55,2179,2179,132,10,-23,-19,-21
50.066406,55,2179,2179,133,11,-23,-19,-22
50.070312,55,2179,2179,134,11,-23,-19,-21
50.074219,55,2179,2179,134,10,-23,-19,-21
50.078125,55,2179,2179,134,10,-24,-19,-21
50.082031,55,2179,2179,135,11,-24,-19,-21
50.085938,55,2179,2179,135,11,-24,-19,-21
50.089844,56,2179,2179,136,10,-23,-18,-21
50.093750,56,2179,2179,137,11,-23,-18,-21
50.097656,56,2179,2179,137,10,-23,-18,-21
50.101562,56,2179,2179,137,11,-23,-18,-21
50.105469,56,2179,2179,137,11,-23,-18,-21
50.109375,56,2179,2179,137,10,-23,-18,-21
50.113281,56,2179,2179,137,10,-23,-18,-21
50.117188,56,2179,2179,137,11,-24,-18,-21
50.121094,56,2179,2179,137,10,-23,-18,-21
50.125000,56,2179,2179,137,10,-24,-18,-22
50.128906,56,2179,2179,137,10,-24,-19,-21
50.132812,56,2179,2179,137,10,-24,-19,-21
50.136719,57,2179,2179,137,10,-24,-19,-22
50.140625,57,2179,2179,137,10,-24,-19,-22
50.144531,57,2179,2179,137,10,-24,-19,-22
50.148438,57,2179,2179,138,10,-24,-19,-22
50.152344,57,2179,2179,138,10,-24,-19,-22
50.156250,57,2179,2179,138,10,-24,-19,-22
50.160156,57,2179,2179,138,9,-24,-19,-22
50.164062,56,2179,2179,138,9,-24,-19,-22
50.167969,56,2179,2179,138,9,-24,-19,-22
50.171875,56,2179,2179,138,10,-24,-19,-22
50.175781,56,2179,2179,138,9,-24,-19,-22
50.179688,56,2179,2179,138,10,-24,-19,-22
50.183594,56,2179,2179,138,10,-24,-19,-22
50.187500,56,2179,2179,138,10,-24,-19,-22
50.191406,56,2179,2179,138,9,-23,-19,-22
50.195312,56,2179,2179,139,9,-23,-19,-22
50.199219,56,2179,2179,139,10,-23,-18,-22
50.203125,55,2179,2179,139,10,-23,-18,-21
50.207031,56,2179,2179,139,9,-23,-18,-22
50.210938,56,2179,2179,139,10,-24,-18,-22
50.214844,56,2179,2179,138,9,-23,-18,-22
50.218750,55,2179,2179,138,10,-24,-19,-22
50.222656,56,2179,2179,139,10,-24,-19,-22
50.226562,56,2179,2179,138,9,-24,-19,-22
50.230469,55,2179,2179,139,10,-24,-19,-22
50.234375,55,2179,2179,140,10,-24,-19,-22
50.238281,55,2179,2179,140,10,-24,-19,-22
50.242188,55,2179,2179,140,10,-24,-19,-22
50.246094,55,2179,2179,141,10,-24,-19,-22
50.250000,55,2179,2179,141,10,-24,-19,-23
50.253906,54,2179,2179,141,10,-24,-19,-21
50.257812,55,2179,2179,140,10,-24,-19,-21
50.261719,55,2179,2179,140,10,-24,-19,-21
50.265625,54,2179,2179,140,10,-24,-19,-21
50.269531,54,2179,2179,141,11,-24,-19,-21
50.273438,55,2179,2179,141,10,-23,-19,-21
50.277344,55,2179,2179,141,10,-24,-19,-21
50.281250,54,2179,2179,141,10,-23,-19,-21
50.285156,54,2179,2179,142,11,-23,-19,-22
50.289062,55,2179,2179,142,11,-23,-19,-21
50.292969,54,2179,2179,142,10,-24,-18,-21
50.296875,54,2179,2179,141,10,-23,-18,-21
50.300781,54,2179,2179,142,10,-23,-18,-21
50.304688,55,2179,2179,141,10,-23,-18,-21
50.308594,55,2179,2179,141,10,-23,-18,-21
50.312500,55,2179,2179,140,10,-23,-18,-21
50.316406,55,2179,2179,141,10,-23,-18,-21
50.320312,55,2179,2179,141,10,-23,-18,-21
50.324219,55,2179,2179,141,10,-23,-18,-21
50.328125,55,2179,2179,142,10,-23,-18,-21
50.332031,55,2179,2179,143,10,-23,-18,-21
50.335938,55,2179,2179,143,10,-24,-19,-22
50.339844,56,2179,2179,143,9,-24,-19,-22
50.343750,56,2179,2179,143,9,-24,-19,-22
50.347656,56,2179,2179,143,9,-24,-19,-22
50.351562,56,2179,2179,143,10,-24,-19,-22
50.355469,56,2179,2179,143,9,-24,-19,-22
50.359375,56,2179,2179,143,9,-24,-18,-22
50.363281,55,2179,2179,143,9,-23,-18,-22
50.367188,55,2179,2179,143,10,-23,-18,-22
50.371094,55,2179,2179,144,10,-23,-18,-22
50.375000,55,2179,2179,144,10,-23,-18,-23
50.378906,55,2179,2179,144,10,-24,-19,-22
50.382812,54,2179,2179,145,10,-24,-19,-21
50.386719,54,2179,2179,145,10,-24,-19,-21
50.390625,54,2179,2179,144,10,-24,-19,-21
50.394531,54,2179,2179,144,10,-23,-18,-21
50.398438,53,2179,2179,144,10,-23,-19,-21
50.402344,53,2179,2179,144,10,-23,-19,-21
50.406250,54,2179,2179,144,10,-23,-19,-21
50.410156,54,2179,2179,144,10,-23,-18,-21
50.414062,53,2179,2179,144,10,-23,-18,-22
50.417969,53,2179,2179,144,10,-23,-18,-21
50.421875,54,2179,2179,143,10,-23,-18,-21
50.425781,54,2179,2179,143,10,-23,-18,-21
50.429688,54,2179,2179,143,10,-23,-18,-21
50.433594,54,2179,2179,143,10,-23,-18,-21
50.437500,54,2179,2179,143,10,-23,-18,-21
50.441406,54,2179,2179,143,10,-23,-18,-21
50.445312,53,2179,2179,144,10,-23,-18,-21
50.449219,53,2179,2179,144,10,-23,-18,-21
50.453125,53,2179,2179,145,10,-23,-18,-21
50.457031,53,2179,2179,144,10,-23,-18,-21
50.460938,53,2179,2179,145,10,-24,-19,-21
50.464844,53,2179,2179,145,10,-24,-19,-22
50.468750,53,2179,2179,145,11,-24,-19,-22
50.472656,53,2179,2179,144,11,-24,-19,-22
50.476562,53,2179,2179,144,10,-24,-19,-22
50.480469,53,2179,2179,144,10,-24,-19,-22
50.484375,53,2179,2179,145,10,-24,-19,-22
50.488281,53,2179,2179,145,11,-24,-19,-22
50.492188,53,2179,2179,144,10,-24,-19,-22
50.496094,52,2179,2179,144,10,-24,-19,-21
50.500000,52,2179,2179,145,11,-24,-19,-23
50.503906,51,2179,2179,145,10,-23,-19,-21
50.507812,52,2179,2179,144,10,-23,-18,-21
50.511719,52,2179,2179,144,10,-23,-18,-21
50.515625,51,2179,2179,144,10,-23,-18,-21
50.519531,52,2179,2179,145,10,-23,-18,-21
50.523438,52,2179,2179,144,10,-23,-18,-22
50.527344,52,2179,2179,144,10,-23,-18,-21
50.531250,52,2179,2179,145,10,-23,-18,-22
50.535156,52,2179,2179,145,10,-23,-18,-22
50.539062,52,2179,2179,146,10,-23,-18,-22
50.542969,52,2179,2179,145,10,-23,-18,-22
50.546875,52,2179,2179,145,10,-23,-18,-22
50.550781,52,2179,2179,145,10,-23,-18,-22
50.554688,53,2179,2179,144,10,-23,-18,-21
50.558594,52,2179,2179,144,10,-23,-18,-22
50.562500,53,2179,2179,144,9,-23,-19,-22
50.566406,52,2179,2179,144,10,-24,-19,-22
50.570312,52,2179,2179,145,10,-24,-19,-22
50.574219,52,2179,2179,145,9,-24,-19,-22
50.578125,52,2179,2179,145,9,-24,-19,-22
50.582031,52,2179,2179,146,10,-24,-19,-22
50.585938,52,2179,2179,146,10,-24,-19,-22
50.589844,52,2179,2179,146,9,-24,-19,-22
50.593750,52,2179,2179,146,9,-23,-19,-21
50.597656,52,2179,2179,146,9,-23,-18,-21
50.601562,52,2179,2179,146,10,-23,-18,-21
50.605469,51,2179,2179,145,10,-23,-18,-21
50.609375,52,2179,2179,145,9,-23,-18,-21
50.613281,51,2179,2179,145,10,-23,-18,-21
50.617188,51,2179,2179,146,10,-23,-18,-21
50.621094,52,2179,2179,146,10,-23,-18,-21
50.625000,52,2179,2179,146,9,-23,-18,-22
50.628906,52,2179,2179,146,10,-23,-18,-21
50.632812,51,2179,2179,147,10,-23,-19,-21
50.636719,52,2179,2179,147,10,-23,-19,-21
50.640625,52,2179,2179,146,10,-23,-19,-21
50.644531,52,2179,2179,146,10,-24,-19,-22
50.648438,51,2179,2179,147,10,-24,-19,-22
50.652344,51,2179,2179,146,10,-24,-19,-22
50.656250,52,2179,2179,146,10,-24,-19,-22
50.660156,52,2179,2179,146,10,-24,-19,-22
50.664062,51,2179,2179,146,10,-23,-18,-21
50.667969,51,2179,2179,147,11,-23,-18,-21
50.671875,51,2179,2179,147,11,-23,-18,-21
50.675781,51,2179,2179,147,11,-23,-19,-21
50.679688,51,2179,2179,147,11,-24,-19,-21
50.683594,50,2179,2179,147,11,-24,-19,-22
50.687500,51,2179,2179,147,11,-24,-19,-22
50.691406,51,2179,2179,147,11,-24,-19,-22
50.695312,51,2179,2179,147,10,-24,-19,-22
50.699219,50,2179,2179,148,11,-24,-19,-22
50.703125,50,2179,2179,148,11,-24,-19,-22
50.707031,50,2179,2179,148,10,-23,-19,-21
50.710938,49,2179,2179,147,10,-23,-18,-21
50.714844,49,2179,2179,148,10,-23,-18,-21
50.718750,49,2179,2179,148,10,-23,-18,-21
50.722656,50,2179,2179,148,10,-23,-18,-21
50.726562,50,2179,2179,148,10,-23,-18,-21
50.730469,49,2179,2179,148,10,-23,-18,-21
50.734375,49,2179,2179,149,10,-23,-18,-21
50.738281,49,2179,2179,149,11,-23,-18,-21
50.742188,49,2179,2179,149,10,-24,-19,-21
50.746094,49,2179,2179,149,10,-24,-19,-21
50.750000,48,2179,2179,149,10,-23,-19,-23
50.753906,48,2179,2179,149,10,-23,-19,-22
50.757812,49,2179,2179,149,10,-23,-19,-22
50.761719,49,2179,2179,149,10,-24,-19,-22
50.765625,49,2179,2179,149,10,-24,-19,-22
50.769531,49,2179,2179,148,10,-24,-19,-22
50.773438,49,2179,2179,148,9,-24,-19,-22
50.777344,49,2179,2179,147,9,-24,-19,-22
50.781250,49,2179,2179,148,9,-24,-19,-22
50.785156,49,2179,2179,148,9,-24,-19,-22
50.789062,49,2179,2179,149,9,-24,-19,-22
50.792969,49,2179,2179,149,9,-23,-18,-22
50.796875,49,2179,2179,149,9,-23,-18,-21
50.800781,48,2179,2179,149,10,-23,-18,-22
50.804688,49,2179,2179,149,9,-23,-18,-22
50.808594,48,2179,2179,149,9,-24,-18,-22
50.812500,48,2179,2179,148,9,-24,-19,-22
50.816406,47,2179,2179,149,10,-24,-19,-22
50.820312,47,2179,2179,149,10,-23,-19,-22
50.824219,47,2179,2179,150,10,-23,-19,-22
50.828125,47,2179,2179,150,10,-24,-19,-22
50.832031,47,2179,2179,151,10,-23,-19,-21
50.835938,47,2179,2179,151,10,-23,-18,-21
50.839844,48,2179,2179,151,10,-23,-18,-21
50.843750,48,2179,2179,150,10,-23,-18,-21
50.847656,48,2179,2179,150,10,-23,-19,-22
50.851562,48,2179,2179,150,10,-24,-19,-22
50.855469,49,2179,2179,149,10,-24,-19,-22
50.859375,49,2179,2179,149,10,-24,-19,-22
50.863281,48,2179,2179,148,10,-24,-19,-23
50.867188,48,2179,2179,149,10,-24,-20,-23
50.871094,49,2179,2179,149,10,-24,-19,-22
50.875000,49,2179,2179,149,10,-24,-19,-23
50.878906,48,2179,2179,149,9,-24,-19,-22
50.882812,48,2179,2179,150,10,-24,-19,-22
50.886719,48,2179,2179,150,10,-23,-19,-22
50.890625,48,2179,2179,150,10,-23,-19,-22
50.894531,48,2179,2179,150,9,-23,-18,-22
50.898438,48,2179,2179,151,10,-23,-18,-22
50.902344,47,2179,2179,151,10,-23,-19,-21
50.906250,47,2179,2179,151,10,-24,-19,-21
50.910156,47,2179,2179,151,10,-24,-19,-22
50.914062,47,2179,2179,151,10,-24,-19,-22
50.917969,46,2179,2179,151,10,-24,-19,-21
50.921875,46,2179,2179,151,10,-24,-19,-22
50.925781,46,2179,2179,151,10,-23,-19,-21
50.929688,46,2179,2179,151,10,-23,-19,-21
50.933594,46,2179,2179,151,10,-23,-18,-21
50.937500,47,2179,2179,151,10,-23,-18,-21
50.941406,47,2179,2179,151,10,-23,-18,-21
50.945312,47,2179,2179,150,9,-23,-18,-21
50.949219,47,2179,2179,151,10,-23,-18,-21
50.953125,47,2179,2179,151,10,-23,-18,-21
50.957031,47,2179,2179,151,9,-23,-18,-21
50.960938,47,2179,2179,151,9,-24,-19,-22
50.964844,46,2179,2179,152,9,-24,-19,-22
50.968750,46,2179,2179,152,10,-24,-19,-22
50.972656,47,2179,2179,152,10,-24,-19,-22
50.976562,46,2179,2179,152,10,-24,-19,-21
50.980469,45,2179,2179,152,10,-24,-19,-21
50.984375,45,2179,2179,153,10,-23,-19,-21
50.988281,45,2179,2179,153,11,-23,-19,-21
50.992188,45,2179,2179,152,10,-23,-18,-21
50.996094,45,2179,2179,152,10,-23,-19,-21
51.000000,45,2179,2179,153,11,-23,-19,-22
51.003906,44,2179,2179,153,11,-23,-19,-21
51.007812,44,2179,2179,154,11,-23,-19,-21
51.011719,44,2179,2179,154,11,-23,-19,-21
51.015625,44,2179,2179,155,11,-23,-19,-21
51.019531,44,2179,2179,155,11,-23,-19,-21
51.023438,44,2179,2179,154,10,-23,-18,-21
51.027344,44,2179,2179,154,10,-23,-18,-21
51.031250,43,2179,2179,154,10,-23,-18,-21
51.035156,43,2179,2179,153,11,-23,-18,-21
51.039062,43,2179,2179,153,11,-23,-18,-21
51.042969,43,2179,2179,152,10,-23,-18,-21
51.046875,42,2179,2179,152,10,-23,-19,-21
51.050781,42,2179,2179,153,11,-24,-19,-22
51.054688,43,2179,2179,153,10,-24,-19,-22
51.058594,43,2179,2179,153,10,-24,-19,-22
51.062500,43,2179,2179,153,10,-23,-19,-22
51.066406,43,2179,2179,153,10,-23,-19,-22
51.070312,43,2179,2179,154,10,-23,-18,-21
51.074219,43,2179,2179,153,10,-23,-18,-21
51.078125,44,2179,2179,153,10,-23,-18,-21
51.082031,43,2179,2179,153,10,-23,-18,-21
51.085938,43,2179,2179,153,10,-23,-18,-21
51.089844,43,2179,2179,153,10,-23,-18,-21
51.093750,44,2179,2179,153,10,-23,-18,-21
51.097656,43,2179,2179,153,10,-23,-18,-21
51.101562,43,2179,2179,154,10,-23,-19,-21
51.105469,43,2179,2179,153,10,-23,-19,-21
51.109375,43,2179,2179,153,10,-23,-18,-21
51.113281,43,2179,2179,153,10,-23,-18,-21
51.117188,43,2179,2179,154,10,-23,-19,-21
51.121094,43,2179,2179,154,11,-23,-19,-21
51.125000,43,2179,2179,154,10,-24,-19,-22
51.128906,42,2179,2179,154,10,-24,-19,-22
51.132812,42,2179,2179,154,11,-24,-19,-22
51.136719,42,2179,2179,154,11,-24,-20,-22
51.140625,42,2179,2179,153,10,-24,-20,-23
51.144531,42,2179,2179,153,10,-25,-20,-23
51.148438,42,2179,2179,153,10,-25,-20,-23
51.152344,42,2179,2179,153,10,-24,-20,-23
51.156250,43,2179,2179,153,10,-24,-20,-22
51.160156,42,2179,2179,152,9,-24,-19,-22
51.164062,42,2179,2179,152,9,-24,-19,-22
51.167969,42,2179,2179,153,9,-23,-19,-22
51.171875,42,2179,2179,153,9,-23,-19,-21
51.175781,42,2179,2179,153,9,-23,-18,-21
51.179688,41,2179,2179,153,9,-23,-18,-21
51.183594,41,2179,2179,154,9,-23,-18,-21
51.187500,41,2179,2179,154,9,-23,-18,-21
51.191406,40,2179,2179,154,9,-23,-18,-22
51.195312,40,2179,2179,154,9,-23,-19,-21
51.199219,39,2179,2179,154,10,-23,-19,-22
51.203125,39,2179,2179,154,10,-24,-19,-21
51.207031,39,2179,2179,154,10,-24,-19,-22
51.210938,39,2179,2179,154,10,-24,-19,-22
51.214844,39,2179,2179,154,10,-24,-19,-22
51.218750,39,2179,2179,154,10,-24,-19,-22
51.222656,39,2179,2179,153,10,-24,-19,-22
51.226562,39,2179,2179,153,9,-24,-19,-22
51.230469,38,2179,2179,154,10,-24,-19,-22
51.234375,38,2179,2179,154,10,-23,-18,-22
51.238281,38,2179,2179,154,10,-23,-18,-21
51.242188,38,2179,2179,154,10,-23,-18,-21
51.246094,38,2179,2179,154,10,-23,-19,-21
51.250000,38,2179,2179,154,10,-24,-19,-23
51.253906,38,2179,2179,154,10,-24,-19,-22
51.257812,38,2179,2179,154,10,-24,-19,-22
51.261719,38,2179,2179,154,10,-24,-19,-22
51.265625,37,2179,2179,154,11,-24,-19,-22
51.269531,37,2179,2179,154,11,-24,-19,-22
51.273438,38,2179,2179,153,10,-24,-19,-22
51.277344,38,2179,2179,153,10,-23,-19,-21
51.281250,37,2179,2179,153,10,-23,-19,-21
51.285156,38,2179,2179,153,10,-23,-18,-21
51.289062,38,2179,2179,154,10,-23,-18,-21
51.292969,38,2179,2179,153,10,-23,-18,-21
51.296875,38,2179,2179,154,10,-23,-18,-22
51.300781,38,2179,2179,154,10,-24,-19,-22
51.304688,39,2179,2179,154,10,-24,-19,-22
51.308594,38,2179,2179,154,10,-24,-19,-22
51.312500,38,2179,2179,154,10,-24,-19,-22
51.316406,38,2179,2179,154,11,-24,-19,-22
51.320312,38,2179,2179,154,10,-24,-19,-22
51.324219,39,2179,2179,154,10,-24,-19,-22
51.328125,39,2179,2179,154,10,-24,-19,-22
51.332031,38,2179,2179,154,10,-23,-18,-21
51.335938,38,2179,2179,154,10,-23,-18,-21
51.339844,39,2179,2179,153,10,-23,-18,-21
51.343750,39,2179,2179,153,9,-23,-18,-22
51.347656,39,2179,2179,153,9,-24,-19,-22
51.351562,39,2179,2179,154,10,-24,-19,-22
51.355469,39,2179,2179,154,9,-24,-19,-22
51.359375,39,2179,2179,154,9,-24,-18,-22
51.363281,38,2179,2179,154,10,-24,-19,-21
51.367188,38,2179,2179,154,10,-23,-19,-21
51.371094,38,2179,2179,154,10,-23,-18,-21
51.375000,38,2179,2179,154,10,-23,-18,-21
51.378906,38,2179,2179,154,10,-23,-18,-21
51.382812,38,2179,2179,154,10,-23,-18,-21
51.386719,38,2179,2179,154,10,-23,-18,-21
51.390625,38,2179,2179,154,10,-23,-18,-21
51.394531,38,2179,2179,154,10,-24,-18,-21
51.398438,38,2179,2179,154,10,-24,-19,-22
51.402344,38,2179,2179,154,10,-24,-19,-22
51.406250,39,2179,2179,154,10,-24,-19,-22
51.410156,38,2179,2179,154,10,-24,-19,-22
51.414062,38,2179,2179,154,10,-24,-19,-22
51.417969,38,2179,2179,154,10,-24,-19,-22
51.421875,38,2179,2179,154,10,-24,-19,-22
51.425781,38,2179,2179,154,10,-24,-19,-22
51.429688,38,2179,2179,154,10,-24,-19,-22
51.433594,38,2179,2179,154,10,-24,-19,-22
51.437500,38,2179,2179,154,10,-24,-19,-22
51.441406,38,2179,2179,154,10,-23,-19,-21
51.445312,38,2179,2179,154,10,-23,-19,-21
51.449219,38,2179,2179,155,10,-23,-19,-21
51.453125,38,2179,2179,155,10,-23,-18,-21
51.457031,38,2179,2179,155,10,-23,-18,-21
51.460938,38,2179,2179,155,10,-23,-18,-21
51.464844,38,2179,2179,156,9,-23,-18,-21
51.468750,38,2179,2179,156,10,-23,-18,-21
51.472656,38,2179,2179,155,10,-23,-18,-21
51.476562,38,2179,2179,155,10,-23,-18,-22
51.480469,37,2179,2179,155,10,-23,-18,-21
51.484375,37,2179,2179,155,10,-23,-18,-21
51.488281,37,2179,2179,154,10,-23,-18,-21
51.492188,37,2179,2179,154,10,-23,-18,-21
51.496094,37,2179,2179,153,10,-23,-18,-21
51.500000,37,2179,2179,154,10,-23,-18,-22
51.503906,37,2179,2179,154,10,-23,-18,-21
51.507812,37,2179,2179,154,9,-23,-18,-21
51.511719,37,2179,2179,154,10,-23,-18,-21
51.515625,37,2179,2179,155,10,-23,-19,-21
51.519531,36,2179,2179,155,10,-23,-19,-21
51.523438,36,2179,2179,155,10,-23,-19,-21
51.527344,36,2179,2179,155,10,-23,-19,-21
51.531250,35,2179,2179,155,10,-23,-19,-21
51.535156,35,2179,2179,154,10,-23,-19,-21
51.539062,35,2179,2179,154,10,-24,-19,-22
51.542969,34,2179,2179,154,10,-24,-19,-22
51.546875,34,2179,2179,154,10,-24,-19,-22
51.550781,34,2179,2179,155,10,-24,-19,-22
51.554688,34,2179,2179,155,10,-24,-19,-22
51.558594,34,2179,2179,155,10,-23,-19,-22
51.562500,34,2179,2179,155,10,-23,-18,-21
51.566406,34,2179,2179,155,10,-23,-18,-21
51.570312,34,2179,2179,156,10,-23,-19,-21
51.574219,34,2179,2179,155,10,-24,-19,-21
51.578125,34,2179,2179,155,10,-24,-19,-22
51.582031,34,2179,2179,155,10,-24,-19,-22
51.585938,34,2179,2179,155,10,-24,-19,-22
51.589844,34,2179,2179,155,10,-24,-19,-22
51.593750,34,2179,2179,154,9,-24,-19,-22
51.597656,34,2179,2179,154,9,-24,-19,-22
51.601562,34,2179,2179,155,10,-24,-19,-22
51.605469,34,2179,2179,155,10,-24,-19,-22
51.609375,34,2179,2179,155,9,-24,-19,-22
51.613281,34,2179,2179,155,10,-24,-19,-22
51.617188,34,2179,2179,155,10,-24,-19,-22
51.621094,34,2179,2179,155,10,-24,-19,-22
51.625000,34,2179,2179,154,10,-24,-19,-21
51.628906,34,2179,2179,154,10,-23,-18,-21
51.632812,34,2179,2179,154,10,-23,-18,-21
51.636719,33,2179,2179,154,10,-23,-18,-21
51.640625,33,2179,2179,153,9,-23,-18,-21
51.644531,33,2179,2179,154,10,-23,-18,-21
51.648438,33,2179,2179,154,10,-23,-18,-21
51.652344,32,2179,2179,154,10,-23,-18,-21
51.656250,32,2179,2179,154,10,-23,-18,-21
51.660156,32,2179,2179,154,10,-23,-19,-22
51.664062,32,2179,2179,154,10,-24,-19,-22
51.667969,31,2179,2179,154,11,-24,-19,-22
51.671875,32,2179,2179,153,11,-24,-19,-22
51.675781,32,2179,2179,150,11,-24,-19,-22
51.679688,31,2179,2179,146,11,-24,-20,-22
51.683594,31,2179,2179,140,11,-24,-19,-22
51.687500,31,2179,2179,131,11,-24,-19,-22
51.691406,31,2179,2179,121,10,-24,-19,-22
51.695312,31,2179,2179,111,10,-24,-19,-22
51.699219,31,2179,2179,102,10,-24,-18,-22
51.703125,30,2179,2179,95,10,-23,-18,-22
51.707031,30,2179,2179,89,10,-23,-18,-21
51.710938,30,2179,2179,85,10,-23,-18,-21
51.714844,29,2179,2179,83,10,-23,-18,-21
51.718750,29,2179,2179,81,10,-23,-19,-21
51.722656,29,2179,2179,78,10,-24,-19,-21
51.726562,28,2179,2179,73,10,-24,-19,-21
51.730469,28,2179,2179,67,10,-24,-19,-22
51.734375,27,2179,2179,60,10,-24,-19,-22
51.738281,27,2179,2179,52,10,-24,-19,-22
51.742188,27,2179,2179,44,10,-24,-19,-22
51.746094,26,2179,2179,38,10,-24,-19,-22
51.750000,26,2179,2179,35,10,-24,-19,-22
51.753906,25,2179,2179,33,10,-23,-19,-21
51.757812,25,2179,2179,31,9,-23,-19,-21
51.761719,25,2179,2179,30,9,-23,-19,-21
51.765625,25,2179,2179,29,10,-23,-18,-21
51.769531,25,2179,2179,28,10,-23,-19,-21
51.773438,25,2179,2179,26,9,-23,-18,-21
51.777344,25,2179,2179,24,9,-23,-18,-21
51.781250,24,2179,2179,22,9,-23,-18,-21
51.785156,24,2179,2179,21,10,-23,-18,-21
51.789062,24,2179,2179,20,10,-23,-19,-21
51.792969,24,2179,2179,20,10,-23,-18,-21
51.796875,23,2179,2179,20,9,-23,-18,-21
51.800781,23,2179,2179,21,10,-23,-18,-21
51.804688,23,2179,2179,21,10,-23,-18,-21
51.808594,23,2179,2179,21,10,-24,-19,-21
51.812500,23,2179,2179,21,10,-24,-19,-21
51.816406,23,2179,2179,21,10,-23,-18,-21
51.820312,23,2179,2179,20,10,-23,-18,-21
51.824219,23,2179,2179,19,10,-23,-19,-21
51.828125,23,2179,2179,19,10,-24,-19,-21
51.832031,22,2179,2179,19,11,-24,-19,-22
51.835938,22,2179,2179,19,11,-24,-19,-21
51.839844,22,2179,2179,19,11,-24,-19,-22
51.843750,22,2179,2179,19,10,-24,-19,-22
51.847656,21,2179,2179,18,10,-24,-19,-22
51.851562,21,2179,2179,19,10,-24,-19,-22
51.855469,21,2179,2179,19,10,-24,-19,-22
51.859375,21,2179,2179,19,10,-24,-19,-22
51.863281,21,2179,2179,19,10,-24,-19,-22
51.867188,21,2179,2179,19,10,-24,-19,-22
51.871094,21,2179,2179,19,10,-23,-18,-21
51.875000,20,2179,2179,19,10,-23,-18,-21
51.878906,20,2179,2179,19,10,-23,-18,-21
51.882812,20,2179,2179,19,10,-23,-18,-21
51.886719,20,2179,2179,19,10,-23,-19,-21
51.890625,19,2179,2179,19,10,-23,-19,-21
51.894531,19,2179,2179,19,10,-24,-19,-22
51.898438,19,2179,2179,19,10,-24,-19,-22
51.902344,19,2179,2179,19,10,-24,-19,-22
51.906250,19,2179,2179,19,10,-24,-19,-22
51.910156,19,2179,2179,19,10,-24,-19,-22
51.914062,19,2179,2179,19,10,-24,-19,-22
51.917969,18,2179,2179,19,10,-24,-19,-22
51.921875,18,2179,2179,19,10,-24,-19,-22
51.925781,18,2179,2179,19,10,-24,-19,-22
51.929688,18,2179,2179,19,10,-24,-19,-22
51.933594,18,2179,2179,18,10,-24,-19,-22
51.937500,17,2179,2179,18,10,-24,-19,-22
51.941406,17,2179,2179,18,10,-24,-19,-22
51.945312,17,2179,2179,18,10,-24,-19,-22
51.949219,16,2179,2179,18,10,-24,-19,-22
51.953125,16,2179,2179,18,10,-24,-19,-21
51.957031,16,2179,2179,19,10,-23,-19,-21
51.960938,15,2179,2179,19,10,-23,-18,-21
51.964844,15,2179,2179,19,10,-24,-19,-21
51.968750,15,2179,2179,20,10,-23,-19,-21
51.972656,15,2179,2179,19,10,-23,-18,-21
51.976562,15,2179,2179,19,10,-23,-18,-21
51.980469,14,2179,2179,19,10,-23,-18,-21
51.984375,14,2179,2179,19,10,-23,-18,-21
51.988281,14,2179,2179,19,10,-23,-18,-21
51.992188,13,2179,2179,19,10,-23,-19,-21
51.996094,13,2179,2179,19,10,-23,-19,-21
52.000000,13,2179,2179,19,11,-24,-19,-22
52.003906,13,2179,2179,19,10,-24,-19,-22
52.007812,13,2179,2179,19,10,-24,-19,-22
52.011719,13,2179,2179,19,10,-23,-19,-22
52.015625,13,2179,2179,19,10,-23,-19,-22
52.019531,13,2179,2179,19,10,-24,-19,-22
52.023438,13,2179,2179,19,10,-24,-19,-22
52.027344,13,2179,2179,19,10,-24,-19,-22
52.031250,12,2179,2179,19,10,-24,-19,-22
52.035156,12,2179,2179,19,10,-24,-20,-22
52.039062,13,2179,2179,19,10,-25,-20,-23
52.042969,12,2179,2179,18,10,-25,-20,-23
52.046875,12,2179,2179,18,10,-25,-20,-23
52.050781,12,2179,2179,19,10,-24,-20,-22
52.054688,12,2179,2179,19,10,-24,-19,-22
52.058594,12,2179,2179,18,10,-24,-19,-22
52.062500,12,2179,2179,19,10,-23,-18,-22
52.066406,12,2179,2179,19,10,-23,-18,-21
52.070312,12,2179,2179,19,10,-23,-18,-21
52.074219,12,2179,2179,19,10,-23,-18,-21
52.078125,12,2179,2179,19,10,-23,-18,-21
52.082031,12,2179,2179,20,11,-23,-19,-21
52.085938,12,2179,2179,20,11,-23,-19,-21
52.089844,13,2179,2179,19,10,-23,-19,-21
52.093750,13,2179,2179,19,10,-23,-19,-21
52.097656,13,2179,2179,19,10,-23,-19,-21
52.101562,13,2179,2179,20,11,-23,-19,-21
52.105469,13,2179,2179,19,10,-23,-18,-21
52.109375,13,2179,2179,19,10,-23,-18,-21
52.113281,13,2179,2179,19,10,-23,-18,-21
52.117188,13,2179,2179,19,10,-23,-19,-21
52.121094,13,2179,2179,19,10,-24,-19,-22
52.125000,13,2179,2179,19,10,-24,-19,-21
52.128906,13,2179,2179,19,10,-24,-19,-22
52.132812,13,2179,2179,19,10,-24,-19,-22
52.136719,13,2179,2179,19,10,-24,-19,-22
52.140625,13,2179,2179,19,10,-24,-19,-22
52.144531,13,2179,2179,19,10,-24,-19,-22
52.148438,13,2179,2179,19,10,-24,-19,-21
52.152344,12,2179,2179,19,10,-24,-19,-21
52.156250,13,2179,2179,19,10,-24,-19,-22
52.160156,12,2179,2179,19,10,-24,-19,-21
52.164062,12,2179,2179,18,10,-24,-19,-22
52.167969,11,2179,2179,19,10,-24,-19,-21
52.171875,11,2179,2179,19,10,-24,-19,-22
52.175781,11,2179,2179,19,10,-24,-19,-22
52.179688,11,2179,2179,19,10,-24,-19,-22
52.183594,11,2179,2179,19,10,-23,-19,-22
52.187500,11,2179,2179,19,10,-23,-19,-22
52.191406,11,2179,2179,19,10,-23,-19,-21
52.195312,11,2179,2179,19,10,-24,-19,-21
52.199219,11,2179,2179,19,10,-24,-19,-22
52.203125,11,2179,2179,19,10,-23,-19,-22
52.207031,11,2179,2179,19,10,-23,-19,-22
52.210938,11,2179,2179,19,10,-23,-19,-22
52.214844,11,2179,2179,19,10,-23,-19,-22
52.218750,11,2179,2179,19,10,-23,-19,-21
52.222656,11,2179,2179,18,10,-23,-19,-22
52.226562,11,2179,2179,19,10,-23,-19,-21
52.230469,11,2179,2179,19,10,-24,-19,-22
52.234375,11,2179,2179,19,11,-24,-19,-22
52.238281,11,2179,2179,19,11,-24,-19,-22
52.242188,11,2179,2179,19,10,-24,-19,-22
52.246094,11,2179,2179,19,10,-24,-19,-22
52.250000,11,2179,2179,19,11,-24,-19,-22
52.253906,10,2179,2179,19,11,-24,-19,-22
52.257812,11,2179,2179,19,10,-23,-19,-22
52.261719,11,2179,2179,19,10,-23,-18,-21
52.265625,10,2179,2179,19,11,-23,-18,-22
52.269531,10,2179,2179,19,11,-24,-19,-22
52.273438,11,2179,2179,19,10,-23,-19,-22
52.277344,11,2179,2179,19,10,-24,-19,-21
52.281250,10,2179,2179,19,10,-24,-18,-22
52.285156,10,2179,2179,19,11,-24,-19,-21
52.289062,11,2179,2179,19,10,-24,-19,-22
52.292969,11,2179,2179,19,10,-24,-19,-22
52.296875,11,2179,2179,19,10,-24,-19,-21
52.300781,11,2179,2179,19,11,-23,-19,-21
52.304688,11,2179,2179,19,11,-24,-19,-21
52.308594,12,2179,2179,19,10,-23,-19,-21
52.312500,12,2179,2179,19,10,-24,-19,-21
52.316406,12,2179,2179,19,11,-24,-19,-22
52.320312,12,2179,2179,19,11,-24,-19,-22
52.324219,12,2179,2179,19,10,-24,-19,-22
52.328125,12,2179,2179,19,10,-24,-19,-22
52.332031,12,2179,2179,19,10,-24,-19,-22
52.335938,12,2179,2179,19,10,-24,-19,-22
52.339844,12,2179,2179,19,10,-24,-19,-22
52.343750,12,2179,2179,18,10,-24,-19,-22
52.347656,12,2179,2179,18,10,-24,-19,-22
52.351562,11,2179,2179,19,10,-24,-19,-22
52.355469,12,2179,2179,19,10,-24,-19,-22
52.359375,12,2179,2179,19,10,-24,-19,-22
52.363281,11,2179,2179,19,10,-24,-19,-21
52.367188,11,2179,2179,19,10,-23,-19,-21
52.371094,11,2179,2179,19,10,-23,-19,-21
52.375000,11,2179,2179,19,10,-23,-19,-21
52.378906,11,2179,2179,19,10,-23,-19,-21
52.382812,11,2179,2179,19,10,-23,-19,-21
52.386719,11,2179,2179,19,10,-23,-19,-21
52.390625,12,2179,2179,19,10,-23,-19,-21
52.394531,12,2179,2179,19,10,-23,-18,-21
52.398438,12,2179,2179,19,10,-23,-18,-21
52.402344,12,2179,2179,19,10,-23,-18,-21
52.406250,13,2179,2179,19,10,-23,-18,-21
52.410156,13,2179,2179,19,10,-23,-18,-21
52.414062,13,2179,2179,19,10,-23,-18,-21
52.417969,13,2179,2179,19,10,-23,-18,-21
52.421875,13,2179,2179,19,10,-23,-18,-21
52.425781,14,2179,2179,19,10,-23,-18,-21
52.429688,14,2179,2179,19,10,-23,-18,-21
52.433594,14,2179,2179,19,10,-23,-18,-21
52.437500,14,2179,2179,19,10,-23,-18,-21
52.441406,14,2179,2179,19,10,-23,-18,-21
52.445312,14,2179,2179,19,10,-23,-19,-21
52.449219,14,2179,2179,19,10,-23,-19,-21
52.453125,14,2179,2179,19,11,-23,-19,-21
52.457031,14,2179,2179,19,10,-23,-19,-21
52.460938,14,2179,2179,19,10,-23,-19,-21
52.464844,13,2179,2179,19,10,-24,-19,-21
52.468750,13,2179,2179,19,10,-24,-19,-21
52.472656,14,2179,2179,18,10,-24,-19,-21
52.476562,14,2179,2179,19,10,-24,-19,-21
52.480469,13,2179,2179,19,10,-24,-19,-21
52.484375,13,2179,2179,19,10,-23,-19,-21
52.488281,14,2179,2179,19,10,-24,-19,-21
52.492188,14,2179,2179,19,10,-23,-19,-21
52.496094,13,2179,2179,19,10,-23,-18,-21
52.500000,13,2179,2179,19,10,-23,-18,-21
52.503906,13,2179,2179,19,10,-23,-18,-21
52.507812,13,2179,2179,19,10,-23,-18,-21
52.511719,13,2179,2179,19,10,-23,-19,-21
52.515625,13,2179,2179,20,10,-24,-18,-21
52.519531,13,2179,2179,20,11,-23,-19,-21
52.523438,13,2179,2179,19,10,-23,-18,-21
52.527344,13,2179,2179,19,10,-23,-18,-21
52.531250,13,2179,2179,19,10,-23,-18,-21
52.535156,14,2179,2179,19,10,-23,-18,-21
52.539062,14,2179,2179,19,10,-23,-18,-21
52.542969,14,2179,2179,19,10,-23,-19,-21
52.546875,14,2179,2179,19,10,-23,-19,-21
52.550781,14,2179,2179,19,10,-24,-19,-22
52.554688,14,2179,2179,19,10,-24,-19,-22
52.558594,14,2179,2179,19,10,-24,-19,-22
52.562500,14,2179,2179,19,10,-24,-19,-22
52.566406,14,2179,2179,19,10,-24,-19,-22
52.570312,14,2179,2179,19,10,-24,-19,-22
52.574219,14,2179,2179,19,10,-24,-19,-22
52.578125,14,2179,2179,19,10,-24,-19,-21
52.582031,13,2179,2179,19,10,-24,-19,-21
52.585938,13,2179,2179,19,10,-24,-19,-22
52.589844,13,2179,2179,19,10,-24,-19,-21
52.593750,13,2179,2179,19,10,-24,-19,-21
52.597656,13,2179,2179,18,10,-24,-19,-21
52.601562,13,2179,2179,19,10,-24,-19,-21
52.605469,13,2179,2179,19,10,-23,-19,-21
52.609375,14,2179,2179,18,9,-23,-19,-21
52.613281,14,2179,2179,18,9,-23,-19,-21
52.617188,14,2179,2179,19,10,-23,-19,-21
52.621094,14,2179,2179,19,10,-23,-19,-21
52.625000,14,2179,2179,18,9,-23,-18,-21
52.628906,14,2179,2179,18,9,-23,-19,-21
52.632812,14,2179,2179,19,10,-23,-18,-21
52.636719,14,2179,2179,19,10,-23,-18,-21
52.640625,14,2179,2179,18,10,-24,-19,-21
52.644531,14,2179,2179,18,10,-24,-19,-21
52.648438,14,2179,2179,18,10,-24,-19,-22
52.652344,14,2179,2179,19,11,-24,-19,-22
52.656250,14,2179,2179,18,11,-24,-19,-22
52.660156,14,2179,2179,19,10,-24,-19,-22
52.664062,14,2179,2179,19,10,-24,-19,-22
52.667969,14,2179,2179,20,11,-24,-19,-22
52.671875,14,2179,2179,20,11,-24,-19,-22
52.675781,14,2179,2179,20,11,-24,-19,-22
52.679688,14,2179,2179,20,11,-24,-19,-22
52.683594,14,2179,2179,20,11,-24,-19,-22
52.687500,14,2179,2179,20,11,-23,-19,-22
52.691406,14,2179,2179,19,10,-24,-19,-22
52.695312,15,2179,2179,19,10,-24,-19,-21
52.699219,14,2179,2179,19,10,-23,-19,-21
52.703125,14,2179,2179,18,10,-23,-18,-21
52.707031,14,2179,2179,18,10,-23,-18,-21
52.710938,14,2179,2179,18,10,-23,-18,-22
52.714844,14,2179,2179,18,10,-23,-18,-21
52.718750,14,2179,2179,18,10,-23,-18,-21
52.722656,14,2179,2179,18,10,-23,-18,-21
52.726562,14,2179,2179,19,10,-23,-18,-21
52.730469,14,2179,2179,19,10,-23,-18,-21
52.734375,14,2179,2179,19,10,-24,-19,-21
52.738281,15,2179,2179,19,10,-24,-19,-21
52.742188,15,2179,2179,19,10,-24,-19,-21
52.746094,15,2179,2179,19,10,-24,-19,-22
52.750000,14,2179,2179,19,10,-24,-19,-22
52.753906,14,2179,2179,19,10,-24,-19,-22
52.757812,15,2179,2179,18,10,-24,-19,-22
52.761719,15,2179,2179,18,10,-24,-19,-22
52.765625,14,2179,2179,19,10,-24,-19,-22
52.769531,14,2179,2179,19,10,-24,-19,-21
52.773438,14,2179,2179,19,10,-24,-19,-22
52.777344,14,2179,2179,19,10,-24,-19,-21
52.781250,14,2179,2179,19,10,-24,-19,-22
52.785156,13,2179,2179,19,10,-24,-19,-22
52.789062,14,2179,2179,19,10,-24,-19,-22
52.792969,14,2179,2179,18,10,-23,-19,-21
52.796875,13,2179,2179,19,10,-24,-19,-21
52.800781,13,2179,2179,19,10,-23,-19,-21
52.804688,13,2179,2179,19,10,-23,-19,-21
52.808594,14,2179,2179,19,10,-23,-18,-21
52.812500,14,2179,2179,19,10,-23,-18,-21
52.816406,13,2179,2179,19,10,-23,-18,-21
52.820312,14,2179,2179,19,10,-23,-19,-21
52.824219,14,2179,2179,18,10,-23,-19,-22
52.828125,14,2179,2179,18,10,-24,-19,-21
52.832031,14,2179,2179,18,10,-23,-19,-21
52.835938,14,2179,2179,18,10,-23,-19,-21
52.839844,14,2179,2179,18,10,-23,-19,-21
52.843750,15,2179,2179,18,10,-23,-19,-21
52.847656,14,2179,2179,17,10,-23,-19,-21
52.851562,14,2179,2179,19,10,-23,-19,-21
52.855469,14,2179,2179,19,10,-23,-19,-21
52.859375,14,2179,2179,19,10,-23,-19,-21
52.863281,14,2179,2179,20,10,-23,-19,-21
52.867188,14,2179,2179,20,11,-24,-19,-22
52.871094,14,2179,2179,20,11,-24,-19,-22
52.875000,14,2179,2179,19,10,-24,-19,-21
52.878906,14,2179,2179,19,10,-24,-19,-22
52.882812,14,2179,2179,19,11,-24,-19,-22
52.886719,13,2179,2179,19,11,-24,-19,-22
52.890625,14,2179,2179,19,10,-24,-19,-22
52.894531,13,2179,2179,19,10,-23,-19,-22
52.898438,13,2179,2179,19,10,-23,-19,-22
52.902344,13,2179,2179,19,10,-23,-18,-21
52.906250,13,2179,2179,19,10,-24,-19,-21
52.910156,13,2179,2179,19,10,-24,-18,-21
52.914062,13,2179,2179,19,10,-24,-19,-21
52.917969,13,2179,2179,19,11,-24,-19,-21
52.921875,13,2179,2179,19,11,-24,-19,-21
52.925781,13,2179,2179,19,10,-24,-19,-21
52.929688,13,2179,2179,19,11,-24,-19,-21
52.933594,13,2179,2179,19,11,-23,-19,-21
52.937500,13,2179,2179,19,10,-23,-19,-21
52.941406,13,2179,2179,19,10,-23,-19,-21
52.945312,13,2179,2179,19,10,-23,-19,-21
52.949219,13,2179,2179,19,10,-23,-19,-21
52.953125,14,2179,2179,19,10,-24,-19,-22
52.957031,14,2179,2179,19,10,-24,-19,-22
52.960938,14,2179,2179,19,10,-24,-19,-22
52.964844,13,2179,2179,19,10,-24,-19,-22
52.968750,14,2179,2179,19,10,-24,-19,-22
52.972656,14,2179,2179,18,10,-24,-19,-22
52.976562,14,2179,2179,19,10,-24,-19,-22
52.980469,14,2179,2179,19,10,-24,-19,-22
52.984375,14,2179,2179,19,10,-24,-19,-22
52.988281,14,2179,2179,19,11,-24,-19,-22
52.992188,14,2179,2179,18,11,-24,-19,-22
52.996094,14,2179,2179,18,10,-24,-19,-22
53.000000,14,2179,2179,18,11,-24,-19,-22
53.003906,14,2179,2179,18,11,-24,-19,-22
53.007812,15,2179,2179,18,10,-24,-19,-22
53.011719,15,2179,2179,19,10,-23,-19,-22
53.015625,15,2179,2179,19,10,-23,-18,-21
53.019531,15,2179,2179,19,10,-23,-18,-21
53.023438,15,2179,2179,19,10,-23,-18,-21
53.027344,16,2179,2179,19,10,-23,-18,-21
53.031250,15,2179,2179,19,10,-23,-18,-21
53.035156,16,2179,2179,19,10,-23,-18,-21
53.039062,16,2179,2179,19,10,-24,-19,-21
53.042969,16,2179,2179,19,10,-24,-19,-22
53.046875,16,2179,2179,19,10,-24,-19,-22
53.050781,16,2179,2179,19,10,-24,-19,-22
53.054688,17,2179,2179,19,10,-24,-19,-22
53.058594,18,2179,2179,19,10,-24,-19,-22
53.062500,18,2179,2179,19,10,-25,-20,-22
53.066406,17,2179,2179,19,10,-24,-20,-22
53.070312,18,2179,2179,19,10,-24,-20,-22
53.074219,18,2179,2179,19,10,-24,-19,-22
53.078125,18,2179,2179,19,10,-24,-19,-22
53.082031,18,2179,2179,19,10,-24,-19,-22
53.085938,18,2179,2179,19,10,-23,-19,-21
53.089844,18,2179,2179,19,10,-23,-19,-21
53.093750,17,2179,2179,19,10,-23,-18,-21
53.097656,17,2179,2179,18,10,-23,-19,-21
53.101562,16,2179,2179,20,11,-24,-19,-21
53.105469,16,2179,2179,20,11,-24,-19,-22
53.109375,16,2179,2179,19,11,-24,-19,-22
53.113281,16,2179,2179,19,11,-24,-19,-22
53.117188,16,2179,2179,20,11,-24,-19,-22
53.121094,16,2179,2179,19,11,-24,-19,-22
53.125000,16,2179,2179,19,11,-24,-19,-21
53.128906,16,2179,2179,19,11,-24,-19,-22
53.132812,16,2179,2179,19,11,-24,-19,-22
53.136719,16,2179,2179,18,11,-24,-19,-22
53.140625,16,2179,2179,18,10,-24,-19,-22
53.144531,16,2179,2179,18,10,-24,-19,-22
53.148438,16,2179,2179,18,10,-23,-19,-22
53.152344,16,2179,2179,19,10,-23,-19,-21
53.156250,17,2179,2179,19,10,-23,-19,-21
53.160156,17,2179,2179,19,9,-23,-19,-21
53.164062,16,2179,2179,19,9,-24,-19,-21
53.167969,16,2179,2179,19,10,-23,-19,-22
53.171875,16,2179,2179,19,9,-23,-18,-21
53.175781,16,2179,2179,18,9,-24,-18,-21
53.179688,16,2179,2179,18,9,-23,-19,-21
53.183594,16,2179,2179,19,10,-23,-19,-22
53.187500,16,2179,2179,19,10,-24,-19,-22
53.191406,16,2179,2179,18,10,-24,-19,-22
53.195312,16,2179,2179,18,10,-24,-19,-22
53.199219,15,2179,2179,19,10,-24,-19,-22
53.203125,15,2179,2179,19,10,-24,-19,-22
53.207031,15,2179,2179,19,10,-24,-19,-22
53.210938,15,2179,2179,19,10,-24,-19,-22
53.214844,15,2179,2179,19,9,-23,-19,-21
53.218750,15,2179,2179,19,10,-23,-18,-22
53.222656,15,2179,2179,18,10,-23,-18,-21
53.226562,15,2179,2179,19,10,-23,-18,-21
53.230469,15,2179,2179,19,10,-23,-18,-21
53.234375,15,2179,2179,20,11,-23,-18,-21
53.238281,15,2179,2179,20,11,-23,-18,-21
53.242188,15,2179,2179,19,11,-23,-18,-21
53.246094,15,2179,2179,19,11,-23,-18,-21
53.250000,15,2179,2179,20,11,-23,-19,-21
53.253906,15,2179,2179,20,11,-23,-18,-21
53.257812,16,2179,2179,19,10,-23,-18,-21
53.261719,16,2179,2179,19,10,-23,-18,-21
53.265625,16,2179,2179,20,11,-23,-18,-21
53.269531,16,2179,2179,20,11,-23,-19,-21
53.273438,17,2179,2179,19,10,-23,-19,-22
53.277344,17,2179,2179,19,10,-24,-19,-22
53.281250,17,2179,2179,20,10,-24,-19,-22
53.285156,17,2179,2179,19,11,-24,-20,-22
53.289062,17,2179,2179,20,11,-24,-19,-22
53.292969,17,2179,2179,19,10,-24,-19,-22
53.296875,17,2179,2179,19,11,-24,-19,-22
53.300781,17,2179,2179,20,11,-24,-19,-22
53.304688,17,2179,2179,20,11,-24,-20,-22
53.308594,17,2179,2179,19,10,-24,-19,-22
53.312500,17,2179,2179,19,10,-24,-19,-22
53.316406,17,2179,2179,19,11,-24,-19,-22
53.320312,17,2179,2179,19,11,-24,-19,-22
53.324219,17,2179,2179,19,10,-24,-19,-22
53.328125,17,2179,2179,19,10,-24,-19,-22
53.332031,16,2179,2179,19,10,-24,-19,-22
53.335938,17,2179,2179,19,10,-24,-19,-22
53.339844,17,2179,2179,19,10,-24,-19,-22
53.343750,17,2179,2179,18,9,-24,-19,-22
53.347656,16,2179,2179,18,9,-24,-19,-22
53.351562,16,2179,2179,19,10,-24,-19,-22
53.355469,16,2179,2179,19,9,-24,-19,-22
53.359375,16,2179,2179,18,9,-23,-19,-22
53.363281,16,2179,2179,18,9,-23,-18,-22
53.367188,16,2179,2179,19,9,-23,-18,-21
53.371094,16,2179,2179,19,10,-23,-18,-21
53.375000,16,2179,2179,19,9,-22,-18,-20
53.378906,16,2179,2179,19,10,-22,-18,-21
53.382812,15,2179,2179,19,10,-23,-18,-21
53.386719,15,2179,2179,19,10,-23,-18,-21
53.390625,16,2179,2179,19,10,-23,-18,-21
53.394531,15,2179,2179,19,10,-23,-18,-21
53.398438,15,2179,2179,20,11,-23,-18,-21
53.402344,15,2179,2179,20,11,-23,-19,-21
53.406250,15,2179,2179,19,11,-23,-19,-21
53.410156,15,2179,2179,19,10,-24,-19,-21
53.414062,15,2179,2179,19,10,-24,-19,-22
53.417969,15,2179,2179,19,11,-24,-19,-21
53.421875,15,2179,2179,19,11,-24,-19,-22
53.425781,15,2179,2179,19,10,-24,-19,-21
53.429688,15,2179,2179,19,10,-24,-19,-21
53.433594,15,2179,2179,19,10,-23,-18,-21
53.437500,15,2179,2179,19,10,-23,-18,-21
53.441406,16,2179,2179,19,10,-23,-18,-21
53.445312,15,2179,2179,19,10,-23,-18,-21
53.449219,15,2179,2179,20,11,-23,-18,-21
53.453125,15,2179,2179,20,10,-24,-19,-21
53.457031,16,2179,2179,19,10,-24,-19,-22
53.460938,16,2179,2179,19,10,-24,-19,-22
53.464844,16,2179,2179,19,10,-24,-19,-22
53.468750,17,2179,2179,19,10,-24,-19,-22
53.472656,18,2179,2179,18,10,-24,-19,-22
53.476562,18,2179,2179,19,10,-24,-19,-22
53.480469,17,2179,2179,19,10,-23,-19,-22
53.484375,17,2179,2179,19,10,-23,-18,-21
53.488281,18,2179,2179,19,10,-23,-19,-21
53.492188,18,2179,2179,19,10,-24,-19,-21
53.496094,18,2179,2179,19,10,-24,-19,-21
53.500000,18,2179,2179,19,10,-24,-19,-21
53.503906,18,2179,2179,19,10,-24,-19,-21
53.507812,18,2179,2179,19,10,-24,-19,-21
53.511719,18,2179,2179,19,10,-24,-19,-21
53.515625,18,2179,2179,19,11,-23,-19,-21
53.519531,17,2179,2179,19,11,-23,-19,-21
53.523438,18,2179,2179,19,10,-23,-18,-21
53.527344,18,2179,2179,19,10,-23,-19,-21
53.531250,17,2179,2179,19,10,-23,-19,-21
53.535156,18,2179,2179,19,10,-23,-19,-21
53.539062,19,2179,2179,19,10,-23,-19,-21
53.542969,19,2179,2179,19,10,-24,-19,-21
53.546875,19,2179,2179,19,10,-24,-19,-21
53.550781,19,2179,2179,19,10,-24,-19,-22
53.554688,19,2179,2179,18,10,-24,-19,-22
53.558594,20,2179,2179,18,10,-24,-19,-22
53.562500,20,2179,2179,18,10,-24,-19,-22
53.566406,20,2179,2179,18,10,-24,-19,-21
53.570312,20,2179,2179,18,10,-23,-19,-22
53.574219,20,2179,2179,18,10,-23,-19,-22
53.578125,21,2179,2179,19,10,-24,-19,-22
53.582031,20,2179,2179,19,10,-24,-19,-22
53.585938,20,2179,2179,19,10,-24,-19,-22
53.589844,21,2179,2179,19,10,-24,-19,-22
53.593750,21,2179,2179,19,9,-24,-19,-22
53.597656,21,2179,2179,18,9,-24,-19,-22
53.601562,21,2179,2179,19,10,-24,-19,-22
53.605469,21,2179,2179,18,10,-23,-19,-22
53.609375,22,2179,2179,18,9,-23,-19,-21
53.613281,21,2179,2179,18,9,-23,-19,-21
53.617188,21,2179,2179,19,10,-23,-19,-22
53.621094,22,2179,2179,19,10,-23,-19,-21
53.625000,22,2179,2179,19,10,-24,-19,-21
53.628906,22,2179,2179,19,10,-24,-19,-22
53.632812,22,2179,2179,19,10,-24,-19,-22
53.636719,23,2179,2179,19,10,-24,-19,-22
53.640625,24,2179,2179,19,10,-23,-19,-21
53.644531,24,2179,2179,19,9,-23,-19,-21
53.648438,24,2179,2179,19,10,-23,-18,-21
53.652344,25,2179,2179,19,10,-23,-18,-21
53.656250,25,2179,2179,19,10,-23,-18,-21
53.660156,25,2179,2179,19,10,-23,-18,-21
53.664062,25,2179,2179,19,10,-23,-18,-21
53.667969,26,2179,2179,19,11,-23,-19,-22
53.671875,27,2179,2179,20,11,-23,-19,-22
53.675781,27,2179,2179,19,10,-23,-19,-21
53.679688,27,2179,2179,19,10,-23,-19,-22
53.683594,27,2179,2179,20,11,-24,-19,-22
53.687500,28,2179,2179,19,11,-24,-19,-22
53.691406,28,2179,2179,19,10,-24,-19,-22
53.695312,28,2179,2179,19,10,-24,-19,-22
53.699219,28,2179,2179,20,11,-24,-19,-22
53.703125,28,2179,2179,20,11,-24,-19,-22
53.707031,29,2179,2179,19,10,-24,-19,-22
53.710938,29,2179,2179,19,10,-24,-19,-22
53.714844,29,2179,2179,20,10,-24,-19,-22
53.718750,29,2179,2179,20,11,-24,-19,-22
53.722656,29,2179,2179,19,11,-24,-19,-22
53.726562,30,2179,2179,19,10,-24,-19,-22
53.730469,29,2179,2179,19,10,-24,-19,-22
53.734375,29,2179,2179,19,10,-24,-19,-22
53.738281,30,2179,2179,19,10,-23,-19,-22
53.742188,30,2179,2179,19,10,-23,-19,-21
53.746094,30,2179,2179,19,10,-23,-19,-21
53.750000,30,2179,2179,19,10,-23,-19,-21
53.753906,30,2179,2179,19,10,-23,-19,-21
53.757812,30,2179,2179,18,9,-23,-19,-21
53.761719,30,2179,2179,18,10,-23,-19,-21
53.765625,29,2179,2179,18,10,-24,-19,-22
53.769531,29,2179,2179,18,10,-24,-19,-22
53.773438,29,2179,2179,18,10,-24,-19,-22
53.777344,29,2179,2179,18,10,-24,-19,-22
53.781250,29,2179,2179,19,10,-24,-19,-21
53.785156,29,2179,2179,19,10,-24,-18,-22
53.789062,30,2179,2179,19,10,-24,-19,-22
53.792969,30,2179,2179,19,10,-24,-19,-22
53.796875,29,2179,2179,19,10,-23,-19,-22
53.800781,30,2179,2179,19,10,-24,-19,-21
53.804688,30,2179,2179,19,10,-24,-19,-21
53.808594,30,2179,2179,19,10,-24,-19,-22
53.812500,30,2179,2179,19,10,-24,-19,-22
53.816406,29,2179,2179,19,10,-24,-19,-22
53.820312,29,2179,2179,19,10,-24,-19,-22
53.824219,29,2179,2179,19,10,-24,-19,-22
53.828125,29,2179,2179,19,10,-24,-19,-22
53.832031,29,2179,2179,19,10,-24,-19,-21
53.835938,29,2179,2179,19,10,-23,-19,-21
53.839844,29,2179,2179,19,10,-23,-19,-21
53.843750,29,2179,2179,19,10,-24,-19,-21
53.847656,29,2179,2179,18,10,-23,-19,-21
53.851562,29,2179,2179,19,11,-23,-19,-22
53.855469,30,2179,2179,19,11,-23,-19,-21
53.859375,30,2179,2179,19,10,-23,-19,-21
53.863281,30,2179,2179,19,10,-23,-19,-21
53.867188,30,2179,2179,19,10,-23,-19,-21
53.871094,30,2179,2179,19,10,-23,-18,-21
53.875000,30,2179,2179,19,10,-23,-18,-20
53.878906,30,2179,2179,19,10,-23,-18,-21
53.882812,30,2179,2179,19,10,-23,-18,-21
53.886719,31,2179,2179,19,10,-23,-18,-21
53.890625,33,2179,2179,19,10,-23,-19,-21
53.894531,33,2179,2179,19,10,-23,-19,-21
53.898438,34,2179,2179,19,10,-23,-19,-22
53.902344,35,2179,2179,19,10,-23,-19,-22
53.906250,36,2179,2179,19,10,-23,-19,-22
53.910156,37,2179,2179,19,10,-24,-19,-22
53.914062,37,2179,2179,19,10,-24,-19,-22
53.917969,38,2179,2179,19,10,-24,-19,-22
53.921875,39,2179,2179,19,10,-24,-19,-22
53.925781,40,2179,2179,19,10,-24,-19,-22
53.929688,40,2179,2179,19,10,-24,-19,-22
53.933594,41,2179,2179,19,10,-24,-19,-22
53.937500,42,2179,2179,19,10,-24,-19,-22
53.941406,42,2179,2179,19,10,-23,-18,-21
53.945312,42,2179,2179,19,10,-23,-18,-21
53.949219,43,2179,2179,19,10,-23,-18,-21
53.953125,43,2179,2179,19,11,-23,-19,-21
53.957031,44,2179,2179,19,10,-23,-19,-21
53.960938,45,2179,2179,19,10,-23,-18,-21
53.964844,45,2179,2179,19,10,-23,-18,-21
53.968750,46,2179,2179,19,10,-23,-18,-21
53.972656,46,2179,2179,18,10,-23,-18,-21
53.976562,47,2179,2179,19,10,-23,-18,-21
53.980469,47,2179,2179,19,10,-23,-18,-21
53.984375,48,2179,2179,19,10,-23,-19,-21
53.988281,48,2179,2179,19,10,-23,-19,-21
53.992188,49,2179,2179,19,10,-23,-19,-21
53.996094,49,2179,2179,19,10,-24,-19,-21
54.000000,49,2179,2179,19,10,-24,-19,-21
54.003906,49,2179,2179,19,10,-24,-19,-21
54.007812,50,2179,2179,19,10,-24,-19,-22
54.011719,50,2179,2179,19,10,-24,-19,-22
54.015625,49,2179,2179,19,10,-24,-19,-22
54.019531,49,2179,2179,19,10,-24,-19,-22
54.023438,50,2179,2179,19,10,-24,-19,-22
54.027344,49,2179,2179,19,10,-24,-19,-22
54.031250,49,2179,2179,19,10,-24,-19,-22
54.035156,49,2179,2179,19,10,-24,-19,-21
54.039062,49,2179,2179,19,10,-24,-19,-21
54.042969,49,2179,2179,19,10,-23,-19,-21
54.046875,49,2179,2179,19,10,-23,-19,-21
54.050781,49,2179,2179,19,10,-24,-19,-21
54.054688,49,2179,2179,19,10,-23,-19,-21
54.058594,49,2179,2179,19,10,-23,-18,-21
54.062500,49,2179,2179,19,10,-23,-18,-21
54.066406,49,2179,2179,19,10,-23,-19,-21
54.070312,49,2179,2179,19,10,-23,-18,-21
54.074219,49,2179,2179,19,10,-23,-19,-21
54.078125,49,2179,2179,19,10,-23,-18,-21
54.082031,49,2179,2179,19,10,-23,-18,-21
54.085938,50,2179,2179,19,10,-23,-19,-21
54.089844,50,2179,2179,19,10,-23,-18,-21
54.093750,50,2179,2179,19,10,-24,-19,-21
54.097656,50,2179,2179,18,10,-24,-19,-22
54.101562,50,2179,2179,19,10,-24,-19,-22
54.105469,50,2179,2179,19,10,-24,-19,-22
54.109375,50,2179,2179,19,10,-24,-19,-22
54.113281,50,2179,2179,19,10,-24,-19,-22
54.117188,50,2179,2179,19,10,-24,-19,-22
54.121094,51,2179,2179,19,10,-24,-19,-22
54.125000,51,2179,2179,19,10,-24,-19,-21
54.128906,51,2179,2179,19,10,-24,-19,-22
54.132812,50,2179,2179,19,10,-24,-19,-22
54.136719,51,2179,2179,19,10,-24,-19,-21
54.140625,51,2179,2179,19,10,-24,-19,-22
54.144531,51,2179,2179,19,10,-24,-19,-22
54.148438,51,2179,2179,19,10,-24,-19,-22
54.152344,51,2179,2179,19,10,-23,-19,-22
54.156250,51,2179,2179,19,10,-23,-19,-21
54.160156,51,2179,2179,19,10,-23,-19,-21
54.164062,51,2179,2179,19,10,-23,-18,-21
54.167969,52,2179,2179,19,10,-23,-19,-21
54.171875,52,2179,2179,19,10,-23,-19,-21
54.175781,53,2179,2179,19,9,-23,-18,-21
54.179688,52,2179,2179,19,9,-23,-18,-21
54.183594,53,2179,2179,19,9,-23,-18,-21
54.187500,53,2179,2179,19,9,-23,-19,-21
54.191406,53,2179,2179,19,9,-23,-19,-21
54.195312,54,2179,2179,18,9,-23,-19,-21
54.199219,54,2179,2179,19,9,-23,-19,-21
54.203125,54,2179,2179,18,9,-23,-19,-21
54.207031,54,2179,2179,18,9,-23,-19,-22
54.210938,54,2179,2179,19,9,-23,-18,-21
54.214844,53,2179,2179,19,9,-24,-19,-21
54.218750,54,2179,2179,20,10,-23,-19,-21
54.222656,54,2179,2179,19,10,-23,-19,-21
54.226562,54,2179,2179,20,10,-23,-19,-21
54.230469,53,2179,2179,20,10,-24,-19,-22
54.234375,53,2179,2179,21,10,-24,-19,-22
54.238281,53,2179,2179,20,10,-23,-19,-22
54.242188,53,2179,2179,20,10,-23,-18,-22
54.246094,53,2179,2179,20,10,-23,-19,-22
54.250000,53,2179,2179,20,10,-23,-19,-21
54.253906,53,2179,2179,20,11,-23,-18,-21
54.257812,53,2179,2179,20,10,-23,-18,-21
54.261719,53,2179,2179,20,10,-23,-19,-21
54.265625,52,2179,2179,21,11,-23,-18,-21
54.269531,52,2179,2179,21,11,-23,-18,-21
54.273438,53,2179,2179,21,11,-23,-18,-21
54.277344,53,2179,2179,21,10,-23,-18,-21
54.281250,52,2179,2179,22,11,-23,-19,-21
54.285156,53,2179,2179,22,11,-23,-19,-22
54.289062,53,2179,2179,22,11,-24,-19,-21
54.292969,53,2179,2179,21,10,-24,-19,-22
54.296875,54,2179,2179,21,10,-24,-19,-22
54.300781,54,2179,2179,21,11,-24,-19,-22
54.304688,54,2179,2179,21,10,-24,-19,-22
54.308594,55,2179,2179,21,10,-24,-19,-22
54.312500,54,2179,2179,21,10,-24,-19,-21
54.316406,54,2179,2179,21,10,-24,-19,-22
54.320312,54,2179,2179,21,10,-24,-19,-22
54.324219,54,2179,2179,21,10,-24,-19,-22
54.328125,54,2179,2179,21,10,-24,-19,-22
54.332031,54,2179,2179,22,10,-24,-19,-22
54.335938,54,2179,2179,22,10,-24,-19,-22
54.339844,54,2179,2179,23,10,-23,-19,-22
54.343750,54,2179,2179,23,9,-24,-19,-22
54.347656,54,2179,2179,23,9,-24,-19,-22
54.351562,53,2179,2179,25,10,-24,-19,-22
54.355469,53,2179,2179,25,10,-24,-19,-22
54.359375,53,2179,2179,25,10,-24,-19,-22
54.363281,53,2179,2179,26,10,-24,-19,-22
54.367188,53,2179,2179,27,10,-24,-19,-22
54.371094,53,2179,2179,28,10,-24,-19,-22
54.375000,53,2179,2179,28,10,-24,-19,-21
54.378906,54,2179,2179,29,10,-24,-19,-22
54.382812,53,2179,2179,30,10,-23,-19,-22
54.386719,53,2179,2179,31,10,-24,-19,-21
54.390625,54,2179,2179,32,10,-23,-19,-21
54.394531,54,2179,2179,32,10,-23,-19,-21
54.398438,54,2179,2179,34,10,-23,-18,-21
54.402344,54,2179,2179,35,10,-23,-18,-21
54.406250,54,2179,2179,36,10,-23,-19,-21
54.410156,54,2179,2179,37,10,-23,-19,-22
54.414062,54,2179,2179,39,10,-23,-19,-22
54.417969,54,2179,2179,41,10,-24,-19,-22
54.421875,54,2179,2179,42,10,-23,-19,-22
54.425781,54,2179,2179,43,10,-24,-19,-22
54.429688,54,2179,2179,44,10,-24,-19,-22
54.433594,53,2179,2179,46,10,-23,-19,-22
54.437500,54,2179,2179,47,10,-24,-19,-22
54.441406,54,2179,2179,48,10,-24,-19,-21
54.445312,54,2179,2179,48,10,-24,-19,-21
54.449219,54,2179,2179,49,10,-24,-19,-22
54.453125,54,2179,2179,50,10,-23,-19,-22
54.457031,54,2179,2179,50,10,-24,-19,-22
54.460938,54,2179,2179,50,10,-23,-19,-21
54.464844,53,2179,2179,52,10,-23,-19,-21
54.468750,53,2179,2179,54,11,-23,-19,-21
54.472656,54,2179,2179,55,11,-23,-19,-21
54.476562,54,2179,2179,57,10,-23,-18,-21
54.480469,54,2179,2179,60,10,-23,-18,-21
54.484375,54,2179,2179,62,10,-23,-18,-21
54.488281,55,2179,2179,63,10,-23,-18,-21
54.492188,55,2179,2179,64,10,-23,-19,-21
54.496094,55,2179,2179,65,10,-23,-19,-21
54.500000,55,2179,2179,67,10,-24,-19,-21
54.503906,55,2179,2179,68,10,-24,-19,-21
54.507812,55,2179,2179,69,10,-24,-19,-22
54.511719,55,2179,2179,71,10,-24,-19,-22
54.515625,55,2179,2179,73,10,-24,-19,-22
54.519531,55,2179,2179,75,10,-24,-19,-22
54.523438,56,2179,2179,76,10,-23,-19,-21
54.527344,55,2179,2179,78,10,-23,-19,-22
54.531250,55,2179,2179,79,10,-23,-19,-21
54.535156,56,2179,2179,79,10,-24,-19,-21
54.539062,56,2179,2179,80,10,-24,-19,-22
54.542969,56,2179,2179,81,10,-24,-19,-21
54.546875,56,2179,2179,81,10,-24,-19,-21
54.550781,56,2179,2179,83,10,-24,-19,-22
54.554688,56,2179,2179,84,10,-24,-19,-21
54.558594,56,2179,2179,85,10,-24,-19,-21
54.562500,56,2179,2179,86,10,-24,-19,-21
54.566406,55,2179,2179,88,10,-23,-19,-21
54.570312,55,2179,2179,90,10,-23,-19,-21
54.574219,55,2179,2179,91,10,-23,-18,-21
54.578125,55,2179,2179,93,10,-23,-18,-21
54.582031,55,2179,2179,95,10,-23,-18,-21
54.585938,55,2179,2179,97,10,-23,-18,-22
54.589844,56,2179,2179,97,10,-23,-18,-22
54.593750,56,2179,2179,98,10,-23,-18,-22
54.597656,56,2179,2179,98,9,-23,-19,-22
54.601562,55,2179,2179,99,10,-23,-19,-21
54.605469,56,2179,2179,100,10,-23,-18,-21
54.609375,55,2179,2179,101,10,-23,-18,-21
54.613281,55,2179,2179,103,10,-23,-18,-21
54.617188,55,2179,2179,106,10,-23,-19,-21
54.621094,55,2179,2179,108,10,-24,-19,-21
54.625000,55,2179,2179,110,10,-24,-19,-20
54.628906,55,2179,2179,111,9,-24,-19,-21
54.632812,55,2179,2179,112,10,-24,-19,-22
54.636719,55,2179,2179,112,10,-24,-19,-22
54.640625,56,2179,2179,112,10,-24,-19,-22
54.644531,56,2179,2179,111,10,-24,-19,-22
54.648438,56,2179,2179,112,10,-24,-19,-22
54.652344,56,2179,2179,112,10,-24,-19,-22
54.656250,56,2179,2179,113,10,-23,-19,-22
54.660156,56,2179,2179,114,10,-23,-19,-22
54.664062,56,2179,2179,115,10,-23,-18,-22
54.667969,56,2179,2179,116,10,-23,-18,-21
54.671875,55,2179,2179,117,11,-23,-18,-21
54.675781,55,2179,2179,117,10,-23,-18,-21
54.679688,55,2179,2179,118,10,-23,-18,-21
54.683594,55,2179,2179,118,11,-23,-18,-21
54.687500,54,2179,2179,119,11,-23,-18,-21
54.691406,55,2179,2179,119,11,-23,-18,-21
54.695312,55,2179,2179,120,10,-23,-18,-21
54.699219,55,2179,2179,121,11,-23,-18,-21
54.703125,55,2179,2179,121,11,-23,-19,-21
54.707031,55,2179,2179,121,10,-23,-19,-21
54.710938,55,2179,2179,122,10,-23,-19,-21
54.714844,55,2179,2179,122,10,-23,-19,-22
54.718750,55,2179,2179,123,10,-23,-19,-22
54.722656,56,2179,2179,123,10,-23,-19,-22
54.726562,56,2179,2179,124,10,-24,-19,-22
54.730469,55,2179,2179,125,10,-24,-19,-22
54.734375,55,2179,2179,126,10,-23,-19,-22
54.738281,55,2179,2179,126,10,-23,-18,-21
54.742188,55,2179,2179,126,10,-23,-18,-21
54.746094,54,2179,2179,126,10,-23,-18,-21
54.750000,54,2179,2179,126,10,-23,-18,-21
54.753906,54,2179,2179,126,10,-23,-19,-21
54.757812,54,2179,2179,125,10,-23,-19,-22
54.761719,54,2179,2179,126,10,-23,-19,-22
54.765625,54,2179,2179,126,10,-24,-19,-22
54.769531,53,2179,2179,127,10,-24,-19,-22
54.773438,54,2179,2179,127,10,-24,-19,-22
54.777344,53,2179,2179,127,10,-24,-19,-22
54.781250,53,2179,2179,128,10,-23,-19,-22
54.785156,53,2179,2179,129,10,-24,-19,-22
54.789062,53,2179,2179,129,10,-23,-19,-21
54.792969,53,2179,2179,130,10,-23,-18,-21
54.796875,53,2179,2179,130,10,-23,-19,-21
54.800781,53,2179,2179,131,10,-23,-19,-21
54.804688,53,2179,2179,131,10,-23,-19,-21
54.808594,53,2179,2179,131,9,-23,-18,-21
54.812500,53,2179,2179,131,10,-23,-19,-21
54.816406,53,2179,2179,131,10,-23,-19,-21
54.820312,53,2179,2179,131,10,-23,-19,-21
54.824219,53,2179,2179,131,10,-23,-19,-21
54.828125,53,2179,2179,131,9,-23,-19,-21
54.832031,52,2179,2179,132,10,-24,-19,-21
54.835938,53,2179,2179,132,10,-24,-19,-21
54.839844,53,2179,2179,132,10,-24,-19,-21
54.843750,53,2179,2179,133,10,-24,-19,-22
54.847656,53,2179,2179,131,10,-24,-19,-22
54.851562,52,2179,2179,132,10,-24,-19,-22
54.855469,53,2179,2179,132,10,-24,-19,-22
54.859375,53,2179,2179,132,10,-24,-19,-22
54.863281,53,2179,2179,133,10,-23,-19,-22
54.867188,53,2179,2179,134,11,-24,-19,-22
54.871094,53,2179,2179,134,10,-23,-19,-22
54.875000,53,2179,2179,135,10,-23,-19,-20
54.878906,53,2179,2179,135,10,-23,-19,-21
54.882812,52,2179,2179,136,10,-23,-19,-21
54.886719,53,2179,2179,135,11,-23,-19,-21
54.890625,53,2179,2179,135,10,-23,-19,-21
54.894531,53,2179,2179,134,10,-23,-19,-21
54.898438,53,2179,2179,134,10,-23,-19,-21
54.902344,53,2179,2179,134,11,-23,-19,-21
54.906250,54,2179,2179,134,10,-23,-19,-21
54.910156,54,2179,2179,135,10,-23,-19,-21
54.914062,54,2179,2179,136,10,-23,-19,-21
54.917969,54,2179,2179,137,10,-23,-19,-21
54.921875,55,2179,2179,137,10,-23,-19,-21
54.925781,55,2179,2179,137,10,-23,-18,-21
54.929688,54,2179,2179,137,10,-23,-18,-21
54.933594,55,2179,2179,137,10,-24,-18,-22
54.937500,55,2179,2179,137,10,-23,-19,-21
54.941406,55,2179,2179,137,10,-24,-19,-21
54.945312,55,2179,2179,137,10,-24,-19,-22
54.949219,55,2179,2179,138,10,-24,-19,-21
54.953125,55,2179,2179,138,10,-23,-19,-22
54.957031,55,2179,2179,138,10,-24,-19,-22
54.960938,55,2179,2179,139,10,-24,-19,-22
54.964844,54,2179,2179,139,10,-24,-19,-22
54.968750,54,2179,2179,139,10,-24,-19,-22
54.972656,54,2179,2179,138,10,-24,-19,-22
54.976562,54,2179,2179,138,10,-24,-19,-22
54.980469,54,2179,2179,138,10,-24,-19,-22
54.984375,53,2179,2179,139,10,-23,-19,-21
54.988281,53,2179,2179,139,10,-23,-19,-21
54.992188,53,2179,2179,139,10,-23,-19,-21
54.996094,53,2179,2179,139,10,-23,-18,-21
55.000000,53,2179,2179,140,10,-23,-18,-21
55.003906,53,2179,2179,140,10,-23,-18,-21
55.007812,53,2179,2179,140,10,-23,-18,-21
55.011719,53,2179,2179,140,10,-23,-18,-21
55.015625,52,2179,2179,140,10,-23,-19,-21
55.019531,53,2179,2179,140,10,-23,-19,-21
55.023438,53,2179,2179,140,10,-23,-19,-21
55.027344,53,2179,2179,140,10,-24,-19,-22
55.031250,53,2179,2179,141,10,-24,-19,-21
55.035156,53,2179,2179,141,10,-23,-19,-21
55.039062,53,2179,2179,141,10,-23,-19,-22
55.042969,53,2179,2179,141,10,-24,-19,-21
55.046875,53,2179,2179,141,10,-24,-19,-22
55.050781,53,2179,2179,142,10,-24,-19,-22
55.054688,53,2179,2179,142,10,-24,-19,-22
55.058594,53,2179,2179,142,10,-24,-19,-22
55.062500,53,2179,2179,142,10,-24,-19,-22
55.066406,52,2179,2179,143,10,-24,-19,-22
55.070312,52,2179,2179,143,11,-24,-19,-22
55.074219,52,2179,2179,143,10,-24,-19,-22
55.078125,52,2179,2179,143,10,-24,-19,-22
55.082031,52,2179,2179,144,10,-24,-19,-21
55.085938,52,2179,2179,144,10,-23,-19,-21
55.089844,52,2179,2179,144,10,-24,-19,-21
55.093750,52,2179,2179,144,10,-24,-19,-21
55.097656,52,2179,2179,144,10,-23,-19,-21
55.101562,52,2179,2179,145,11,-23,-19,-21
55.105469,53,2179,2179,145,10,-23,-19,-21
55.109375,53,2179,2179,144,10,-23,-18,-21
55.113281,53,2179,2179,144,10,-23,-19,-21
55.117188,53,2179,2179,144,10,-23,-19,-21
55.121094,53,2179,2179,144,11,-23,-19,-21
55.125000,53,2179,2179,144,10,-23,-19,-20
55.128906,53,2179,2179,143,10,-23,-19,-21
55.132812,53,2179,2179,144,11,-23,-19,-21
55.136719,53,2179,2179,143,10,-23,-19,-21
55.140625,54,2179,2179,143,10,-23,-19,-22
55.144531,53,2179,2179,144,10,-24,-19,-22
55.148438,53,2179,2179,144,10,-23,-19,-22
55.152344,53,2179,2179,144,10,-23,-19,-22
55.156250,53,2179,2179,144,10,-24,-19,-22
55.160156,53,2179,2179,144,10,-24,-19,-22
55.164062,53,2179,2179,144,10,-24,-19,-22
55.167969,53,2179,2179,144,10,-24,-19,-22
55.171875,53,2179,2179,144,10,-24,-19,-22
55.175781,53,2179,2179,143,9,-24,-19,-22
55.179688,52,2179,2179,144,9,-24,-19,-22
55.183594,52,2179,2179,144,10,-23,-19,-22
55.187500,52,2179,2179,145,10,-24,-19,-22
55.191406,52,2179,2179,145,10,-24,-19,-22
55.195312,52,2179,2179,145,10,-24,-19,-22
55.199219,52,2179,2179,146,10,-24,-18,-22
55.203125,52,2179,2179,146,10,-23,-18,-21
55.207031,52,2179,2179,146,10,-23,-18,-21
55.210938,52,2179,2179,146,10,-23,-18,-21
55.214844,52,2179,2179,146,10,-23,-18,-21
55.218750,52,2179,2179,145,10,-23,-18,-21
55.222656,52,2179,2179,144,10,-23,-18,-21
55.226562,53,2179,2179,144,10,-23,-19,-22
55.230469,52,2179,2179,144,10,-23,-19,-21
55.234375,52,2179,2179,145,11,-23,-19,-22
55.238281,53,2179,2179,145,11,-23,-19,-21
55.242188,53,2179,2179,145,10,-23,-19,-21
55.246094,53,2179,2179,145,10,-24,-19,-22
55.250000,53,2179,2179,146,11,-23,-19,-21
55.253906,53,2179,2179,146,10,-23,-18,-22
55.257812,53,2179,2179,146,10,-23,-19,-21
55.261719,53,2179,2179,146,10,-23,-19,-21
55.265625,53,2179,2179,146,10,-23,-19,-21
55.269531,53,2179,2179,145,11,-23,-19,-21
55.273438,53,2179,2179,145,10,-23,-19,-21
55.277344,53,2179,2179,145,10,-24,-19,-22
55.281250,52,2179,2179,145,10,-24,-19,-22
55.285156,52,2179,2179,146,11,-24,-19,-21
55.289062,52,2179,2179,146,10,-23,-19,-21
55.292969,52,2179,2179,146,10,-23,-19,-21
55.296875,52,2179,2179,146,10,-23,-19,-22
55.300781,52,2179,2179,147,11,-23,-19,-21
55.304688,52,2179,2179,147,11,-23,-19,-22
55.308594,52,2179,2179,147,10,-24,-19,-22
55.312500,52,2179,2179,146,10,-24,-19,-22
55.316406,52,2179,2179,147,10,-24,-19,-22
55.320312,52,2179,2179,146,10,-24,-19,-22
55.324219,52,2179,2179,146,10,-24,-19,-22
55.328125,52,2179,2179,146,10,-24,-19,-21
55.332031,52,2179,2179,146,10,-23,-18,-21
55.335938,52,2179,2179,146,10,-23,-19,-21
55.339844,52,2179,2179,147,10,-23,-18,-22
55.343750,52,2179,2179,147,10,-23,-19,-22
55.347656,52,2179,2179,147,9,-24,-19,-22
55.351562,52,2179,2179,147,10,-24,-19,-22
55.355469,52,2179,2179,147,10,-24,-19,-22
55.359375,51,2179,2179,147,9,-24,-19,-22
55.363281,51,2179,2179,147,10,-24,-19,-22
55.367188,51,2179,2179,147,10,-23,-19,-22
55.371094,51,2179,2179,147,10,-24,-19,-22
55.375000,51,2179,2179,147,10,-24,-19,-21
55.378906,51,2179,2179,147,10,-24,-19,-22
55.382812,51,2179,2179,148,10,-24,-19,-22
55.386719,51,2179,2179,148,10,-24,-19,-22
55.390625,51,2179,2179,147,10,-24,-19,-22
55.394531,51,2179,2179,147,10,-23,-18,-21
55.398438,50,2179,2179,147,10,-23,-18,-21
55.402344,50,2179,2179,147,10,-23,-18,-21
55.406250,50,2179,2179,147,10,-23,-18,-21
55.410156,50,2179,2179,148,10,-23,-18,-21
55.414062,49,2179,2179,148,10,-23,-18,-21
55.417969,49,2179,2179,148,10,-23,-18,-21
55.421875,49,2179,2179,148,11,-22,-18,-21
55.425781,49,2179,2179,148,10,-23,-18,-21
55.429688,49,2179,2179,148,10,-23,-18,-21
55.433594,49,2179,2179,148,11,-23,-19,-22
55.437500,49,2179,2179,148,10,-23,-19,-21
55.441406,50,2179,2179,148,10,-23,-19,-22
55.445312,50,2179,2179,148,10,-23,-19,-22
55.449219,49,2179,2179,148,10,-24,-19,-22
55.453125,50,2179,2179,149,10,-24,-19,-22
55.457031,50,2179,2179,149,10,-24,-19,-22
55.460938,50,2179,2179,149,10,-24,-19,-22
55.464844,49,2179,2179,150,10,-24,-19,-22
55.468750,49,2179,2179,150,10,-24,-19,-22
55.472656,50,2179,2179,148,10,-24,-19,-22
55.476562,49,2179,2179,149,10,-24,-19,-22
55.480469,49,2179,2179,148,10,-24,-19,-22
55.484375,49,2179,2179,148,10,-23,-19,-22
55.488281,49,2179,2179,149,10,-23,-18,-21
55.492188,49,2179,2179,149,10,-23,-18,-21
55.496094,48,2179,2179,149,10,-24,-19,-21
55.500000,48,2179,2179,150,11,-24,-19,-21
55.503906,48,2179,2179,150,11,-24,-19,-22
55.507812,48,2179,2179,150,10,-24,-19,-22
55.511719,48,2179,2179,150,10,-24,-19,-22
55.515625,48,2179,2179,150,10,-23,-19,-22
55.519531,48,2179,2179,150,10,-23,-19,-22
55.523438,48,2179,2179,150,10,-23,-18,-22
55.527344,48,2179,2179,150,9,-24,-18,-22
55.531250,48,2179,2179,151,10,-23,-18,-21
55.535156,48,2179,2179,151,10,-23,-18,-21
55.539062,49,2179,2179,151,10,-23,-19,-21
55.542969,49,2179,2179,151,9,-23,-19,-21
55.546875,48,2179,2179,150,9,-23,-19,-21
55.550781,48,2179,2179,150,10,-23,-18,-21
55.554688,49,2179,2179,149,10,-23,-18,-21
55.558594,49,2179,2179,149,9,-23,-18,-21
55.562500,49,2179,2179,149,9,-23,-18,-21
55.566406,49,2179,2179,150,9,-24,-19,-21
55.570312,49,2179,2179,150,9,-23,-19,-22
55.574219,49,2179,2179,151,9,-23,-19,-22
55.578125,49,2179,2179,151,9,-24,-19,-22
55.582031,48,2179,2179,152,9,-24,-19,-22
55.585938,48,2179,2179,152,10,-24,-19,-22
55.589844,49,2179,2179,152,10,-24,-19,-22
55.593750,48,2179,2179,151,10,-24,-19,-22
55.597656,48,2179,2179,150,10,-24,-19,-22
55.601562,48,2179,2179,151,10,-24,-19,-22
55.605469,48,2179,2179,151,10,-24,-19,-22
55.609375,47,2179,2179,151,10,-24,-19,-22
55.613281,47,2179,2179,151,10,-23,-19,-21
55.617188,47,2179,2179,151,10,-23,-19,-21
55.621094,47,2179,2179,152,10,-23,-19,-21
55.625000,47,2179,2179,151,10,-23,-19,-20
55.628906,48,2179,2179,151,10,-23,-19,-21
55.632812,48,2179,2179,152,10,-23,-19,-21
55.636719,48,2179,2179,152,10,-23,-18,-21
55.640625,48,2179,2179,151,10,-23,-18,-21
55.644531,48,2179,2179,152,9,-23,-18,-21
55.648438,48,2179,2179,152,10,-23,-18,-21
55.652344,48,2179,2179,152,10,-23,-18,-21
55.656250,48,2179,2179,152,10,-23,-18,-21
55.660156,48,2179,2179,152,10,-23,-18,-21
55.664062,48,2179,2179,152,10,-23,-19,-22
55.667969,48,2179,2179,152,10,-24,-19,-22
55.671875,48,2179,2179,152,10,-24,-19,-22
55.675781,48,2179,2179,152,10,-24,-19,-22
55.679688,48,2179,2179,152,10,-24,-19,-22
55.683594,48,2179,2179,153,10,-24,-19,-22
55.687500,48,2179,2179,153,10,-24,-19,-22
55.691406,48,2179,2179,153,10,-24,-19,-22
55.695312,48,2179,2179,153,10,-24,-19,-22
55.699219,48,2179,2179,153,10,-23,-18,-21
55.703125,47,2179,2179,153,10,-23,-18,-21
55.707031,47,2179,2179,152,10,-23,-18,-21
55.710938,47,2179,2179,152,10,-23,-18,-21
55.714844,47,2179,2179,152,10,-23,-18,-21
55.718750,47,2179,2179,153,10,-23,-18,-21
55.722656,47,2179,2179,152,10,-23,-18,-21
55.726562,47,2179,2179,153,10,-23,-18,-21
55.730469,46,2179,2179,153,10,-23,-18,-21
55.734375,46,2179,2179,154,10,-23,-18,-21
55.738281,46,2179,2179,154,10,-23,-18,-21
55.742188,46,2179,2179,154,10,-23,-18,-21
55.746094,46,2179,2179,153,10,-23,-18,-21
55.750000,45,2179,2179,154,10,-23,-19,-21
55.753906,45,2179,2179,154,10,-23,-18,-22
55.757812,45,2179,2179,154,10,-24,-19,-22
55.761719,45,2179,2179,154,10,-24,-19,-22
55.765625,45,2179,2179,154,10,-24,-19,-22
55.769531,45,2179,2179,154,10,-24,-19,-22
55.773438,46,2179,2179,154,9,-24,-19,-22
55.777344,45,2179,2179,154,9,-24,-19,-22
55.781250,45,2179,2179,154,9,-24,-19,-22
55.785156,44,2179,2179,154,10,-24,-19,-22
55.789062,44,2179,2179,154,10,-24,-19,-22
55.792969,44,2179,2179,154,10,-24,-19,-22
55.796875,43,2179,2179,154,10,-24,-19,-22
55.800781,43,2179,2179,154,10,-24,-19,-22
55.804688,43,2179,2179,154,10,-24,-19,-22
55.808594,43,2179,2179,154,10,-23,-19,-21
55.812500,42,2179,2179,154,10,-23,-19,-21
55.816406,42,2179,2179,155,11,-23,-19,-21
55.820312,41,2179,2179,155,11,-23,-19,-21
55.824219,41,2179,2179,155,11,-24,-19,-22
55.828125,41,2179,2179,155,11,-24,-20,-22
55.832031,42,2179,2179,155,11,-24,-20,-22
55.835938,42,2179,2179,154,10,-24,-20,-22
55.839844,43,2179,2179,154,10,-24,-20,-22
55.843750,43,2179,2179,154,10,-24,-19,-22
55.847656,43,2179,2179,153,10,-24,-19,-22
55.851562,43,2179,2179,154,11,-23,-19,-22
55.855469,43,2179,2179,154,10,-23,-18,-21
55.859375,43,2179,2179,154,10,-23,-18,-21
55.863281,43,2179,2179,154,10,-23,-18,-21
55.867188,43,2179,2179,154,11,-23,-18,-21
55.871094,44,2179,2179,154,11,-23,-18,-21
55.875000,44,2179,2179,154,10,-23,-19,-21
55.878906,44,2179,2179,154,10,-23,-19,-22
55.882812,44,2179,2179,154,10,-23,-19,-22
55.886719,44,2179,2179,154,10,-23,-19,-22
55.890625,44,2179,2179,154,10,-23,-18,-22
55.894531,44,2179,2179,154,10,-23,-18,-21
55.898438,44,2179,2179,154,10,-23,-18,-21
55.902344,43,2179,2179,155,10,-23,-18,-21
55.906250,43,2179,2179,154,10,-24,-19,-22
55.910156,43,2179,2179,154,10,-24,-19,-22
55.914062,43,2179,2179,155,10,-24,-19,-22
55.917969,43,2179,2179,155,11,-24,-19,-22
55.921875,43,2179,2179,155,11,-24,-19,-22
55.925781,43,2179,2179,155,10,-24,-19,-22
55.929688,42,2179,2179,155,10,-23,-18,-22
55.933594,42,2179,2179,155,10,-23,-18,-22
55.937500,42,2179,2179,155,10,-23,-18,-21
55.941406,42,2179,2179,155,10,-23,-18,-21
55.945312,42,2179,2179,155,10,-23,-18,-21
55.949219,42,2179,2179,155,10,-23,-18,-21
55.953125,42,2179,2179,155,10,-23,-18,-21
55.957031,42,2179,2179,155,10,-23,-18,-21
55.960938,42,2179,2179,156,10,-23,-18,-21
55.964844,41,2179,2179,156,10,-24,-19,-21
55.968750,41,2179,2179,156,10,-24,-19,-22
55.972656,42,2179,2179,156,10,-24,-19,-22
55.976562,42,2179,2179,156,9,-24,-19,-22
55.980469,41,2179,2179,156,10,-24,-19,-22
55.984375,41,2179,2179,156,10,-24,-19,-22
55.988281,41,2179,2179,156,10,-24,-19,-22
55.992188,41,2179,2179,156,10,-23,-19,-22
55.996094,40,2179,2179,156,10,-24,-19,-22
56.000000,40,2179,2179,156,10,-24,-19,-21
56.003906,40,2179,2179,156,10,-24,-19,-21
56.007812,40,2179,2179,156,10,-24,-19,-22
56.011719,40,2179,2179,156,10,-24,-19,-21
56.015625,40,2179,2179,156,10,-24,-19,-21
56.019531,40,2179,2179,156,10,-23,-19,-21
56.023438,40,2179,2179,156,10,-23,-19,-21
56.027344,40,2179,2179,156,10,-23,-19,-21
56.031250,39,2179,2179,156,10,-24,-19,-22
56.035156,39,2179,2179,156,11,-23,-18,-22
56.039062,39,2179,2179,156,11,-23,-19,-21
56.042969,39,2179,2179,156,10,-23,-18,-21
56.046875,39,2179,2179,156,10,-23,-19,-22
56.050781,39,2179,2179,157,11,-23,-19,-22
56.054688,39,2179,2179,156,10,-23,-19,-22
56.058594,39,2179,2179,156,10,-24,-19,-22
56.062500,39,2179,2179,156,10,-24,-19,-22
56.066406,39,2179,2179,156,10,-24,-19,-22
56.070312,39,2179,2179,156,11,-24,-19,-22
56.074219,39,2179,2179,156,10,-23,-19,-22
56.078125,40,2179,2179,156,10,-23,-19,-22
56.082031,40,2179,2179,156,10,-23,-18,-22
56.085938,40,2179,2179,156,10,-23,-18,-22
56.089844,40,2179,2179,156,10,-23,-18,-21
56.093750,40,2179,2179,156,10,-23,-18,-22
56.097656,39,2179,2179,156,10,-24,-19,-22
56.101562,39,2179,2179,157,11,-24,-19,-22
56.105469,40,2179,2179,156,11,-24,-19,-22
56.109375,40,2179,2179,156,10,-24,-19,-22
56.113281,39,2179,2179,156,10,-24,-19,-22
56.117188,39,2179,2179,157,10,-24,-19,-22
56.121094,39,2179,2179,157,11,-23,-19,-21
56.125000,39,2179,2179,157,10,-23,-18,-21
56.128906,39,2179,2179,157,10,-23,-19,-21
56.132812,38,2179,2179,158,10,-23,-18,-21
56.136719,38,2179,2179,158,10,-23,-18,-21
56.140625,38,2179,2179,158,10,-23,-18,-21
56.144531,39,2179,2179,157,10,-24,-18,-22
56.148438,39,2179,2179,157,10,-24,-19,-22
56.152344,39,2179,2179,156,10,-24,-19,-22
56.156250,39,2179,2179,156,10,-23,-18,-22
56.160156,40,2179,2179,155,10,-23,-18,-22
56.164062,39,2179,2179,155,10,-23,-18,-21
56.167969,39,2179,2179,156,10,-23,-18,-21
56.171875,39,2179,2179,156,10,-23,-19,-21
56.175781,39,2179,2179,156,10,-23,-19,-21
56.179688,39,2179,2179,156,10,-23,-19,-21
56.183594,39,2179,2179,157,10,-23,-19,-22
56.187500,39,2179,2179,157,10,-24,-19,-22
56.191406,40,2179,2179,156,9,-24,-19,-22
56.195312,40,2179,2179,156,9,-24,-19,-22
56.199219,40,2179,2179,156,10,-24,-19,-21
56.203125,40,2179,2179,156,10,-24,-19,-22
56.207031,40,2179,2179,156,9,-24,-19,-22
56.210938,40,2179,2179,156,10,-24,-19,-22
56.214844,39,2179,2179,156,10,-24,-19,-22
56.218750,39,2179,2179,157,10,-24,-19,-22
56.222656,39,2179,2179,157,10,-24,-19,-22
56.226562,39,2179,2179,157,10,-24,-19,-22
56.230469,39,2179,2179,157,10,-24,-19,-22
56.234375,38,2179,2179,158,11,-24,-19,-22
56.238281,39,2179,2179,157,11,-23,-18,-21
56.242188,39,2179,2179,157,10,-23,-18,-22
56.246094,39,2179,2179,157,10,-23,-18,-22
56.250000,39,2179,2179,157,11,-23,-18,-21
56.253906,39,2179,2179,157,11,-23,-18,-22
56.257812,39,2179,2179,157,10,-23,-18,-22
56.261719,39,2179,2179,157,10,-24,-18,-22
56.265625,39,2179,2179,157,11,-24,-19,-22
56.269531,39,2179,2179,157,11,-24,-18,-22
56.273438,39,2179,2179,157,10,-23,-18,-21
56.277344,39,2179,2179,157,10,-23,-18,-21
56.281250,38,2179,2179,157,10,-23,-18,-21
56.285156,38,2179,2179,157,10,-23,-18,-21
56.289062,39,2179,2179,158,10,-23,-18,-21
56.292969,39,2179,2179,158,10,-23,-18,-21
56.296875,38,2179,2179,158,10,-23,-19,-22
56.300781,38,2179,2179,159,11,-23,-19,-22
56.304688,38,2179,2179,159,11,-23,-19,-22
56.308594,38,2179,2179,158,10,-23,-19,-22
56.312500,38,2179,2179,158,10,-24,-19,-22
56.316406,38,2179,2179,158,11,-24,-19,-22
56.320312,38,2179,2179,157,11,-24,-19,-22
56.324219,38,2179,2179,157,10,-24,-19,-22
56.328125,38,2179,2179,156,10,-23,-19,-21
56.332031,38,2179,2179,157,11,-23,-18,-21
56.335938,37,2179,2179,157,10,-23,-19,-22
56.339844,37,2179,2179,158,10,-23,-19,-21
56.343750,37,2179,2179,158,10,-23,-18,-21
56.347656,37,2179,2179,158,10,-23,-19,-21
56.351562,37,2179,2179,159,11,-23,-19,-21
56.355469,37,2179,2179,159,10,-24,-19,-22
56.359375,37,2179,2179,158,10,-24,-19,-22
56.363281,37,2179,2179,158,10,-24,-19,-22
56.367188,36,2179,2179,158,10,-23,-19,-22
56.371094,36,2179,2179,158,11,-23,-19,-22
56.375000,36,2179,2179,158,10,-23,-19,-21
56.378906,36,2179,2179,158,10,-23,-19,-22
56.382812,36,2179,2179,159,11,-23,-19,-22
56.386719,36,2179,2179,159,11,-23,-19,-22
56.390625,37,2179,2179,158,10,-23,-18,-21
56.394531,37,2179,2179,158,10,-23,-19,-22
56.398438,37,2179,2179,158,10,-23,-18,-21
56.402344,36,2179,2179,158,10,-23,-19,-22
56.406250,37,2179,2179,157,10,-24,-19,-22
56.410156,36,2179,2179,157,10,-24,-19,-22
56.414062,36,2179,2179,157,10,-24,-19,-22
56.417969,36,2179,2179,157,11,-24,-19,-22
56.421875,36,2179,2179,157,11,-24,-19,-22
56.425781,36,2179,2179,157,10,-24,-19,-22
56.429688,35,2179,2179,158,10,-24,-19,-22
56.433594,35,2179,2179,158,11,-24,-19,-22
56.437500,35,2179,2179,159,11,-24,-19,-22
56.441406,35,2179,2179,159,11,-23,-18,-22
56.445312,35,2179,2179,159,10,-23,-18,-21
56.449219,34,2179,2179,159,11,-23,-18,-21
56.453125,34,2179,2179,159,11,-23,-19,-21
56.457031,34,2179,2179,158,11,-24,-19,-22
56.460938,34,2179,2179,158,11,-24,-19,-22
56.464844,34,2179,2179,159,10,-24,-19,-22
56.468750,35,2179,2179,158,10,-24,-19,-22
56.472656,35,2179,2179,158,10,-24,-19,-22
56.476562,35,2179,2179,158,10,-24,-19,-22
56.480469,35,2179,2179,158,10,-24,-19,-22
56.484375,35,2179,2179,159,10,-23,-19,-22
56.488281,34,2179,2179,158,10,-23,-19,-21
56.492188,34,2179,2179,158,10,-23,-18,-21
56.496094,34,2179,2179,158,10,-23,-18,-21
56.500000,34,2179,2179,158,10,-23,-18,-21
56.503906,33,2179,2179,158,10,-23,-19,-22
56.507812,33,2179,2179,158,10,-23,-19,-22
56.511719,33,2179,2179,158,10,-23,-19,-22
56.515625,33,2179,2179,158,10,-23,-19,-22
56.519531,33,2179,2179,158,10,-23,-19,-22
56.523438,33,2179,2179,157,10,-23,-19,-22
56.527344,32,2179,2179,156,10,-24,-19,-22
56.531250,32,2179,2179,155,10,-24,-19,-22
56.535156,31,2179,2179,151,10,-24,-19,-21
56.539062,31,2179,2179,145,10,-24,-19,-22
56.542969,31,2179,2179,136,10,-23,-19,-21
56.546875,30,2179,2179,124,10,-23,-18,-21
56.550781,30,2179,2179,111,11,-23,-18,-21
56.554688,30,2179,2179,98,11,-23,-18,-21
56.558594,30,2179,2179,86,10,-23,-18,-21
56.562500,29,2179,2179,78,10,-23,-18,-21
56.566406,29,2179,2179,74,10,-23,-18,-21
56.570312,28,2179,2179,74,10,-23,-18,-21
56.574219,29,2179,2179,74,10,-24,-19,-22
56.578125,29,2179,2179,75,10,-24,-19,-22
56.582031,28,2179,2179,75,10,-24,-19,-22
56.585938,29,2179,2179,71,10,-24,-19,-22
56.589844,29,2179,2179,65,10,-24,-19,-22
56.593750,29,2179,2179,57,9,-23,-19,-22
56.597656,28,2179,2179,49,9,-23,-19,-22
56.601562,28,2179,2179,42,9,-23,-18,-22
56.605469,28,2179,2179,37,10,-23,-18,-21
56.609375,28,2179,2179,33,9,-23,-18,-21
56.613281,27,2179,2179,32,9,-23,-18,-21
56.617188,27,2179,2179,31,10,-23,-18,-21
56.621094,27,2179,2179,31,10,-23,-19,-21
56.625000,26,2179,2179,30,10,-23,-19,-21
56.628906,26,2179,2179,28,10,-24,-19,-21
56.632812,25,2179,2179,27,10,-24,-19,-22
56.636719,25,2179,2179,24,10,-24,-19,-22
56.640625,25,2179,2179,22,10,-23,-19,-22
56.644531,24,2179,2179,21,10,-24,-19,-22
56.648438,24,2179,2179,21,11,-24,-19,-22
56.652344,23,2179,2179,21,11,-24,-19,-22
56.656250,23,2179,2179,20,11,-23,-18,-22
56.660156,23,2179,2179,21,10,-23,-18,-22
56.664062,23,2179,2179,20,11,-24,-18,-21
56.667969,22,2179,2179,20,11,-23,-18,-22
56.671875,23,2179,2179,20,11,-23,-18,-21
56.675781,22,2179,2179,19,11,-23,-18,-21
56.679688,22,2179,2179,19,11,-23,-18,-21
56.683594,22,2179,2179,19,11,-23,-18,-21
56.687500,22,2179,2179,19,11,-23,-18,-21
56.691406,22,2179,2179,19,11,-23,-18,-22
56.695312,22,2179,2179,19,10,-23,-18,-21
56.699219,22,2179,2179,19,10,-23,-18,-21
56.703125,22,2179,2179,19,10,-23,-18,-21
56.707031,22,2179,2179,19,10,-23,-19,-21
56.710938,21,2179,2179,19,10,-23,-18,-21
56.714844,20,2179,2179,19,10,-23,-19,-21
56.718750,20,2179,2179,19,10,-23,-19,-22
56.722656,20,2179,2179,19,10,-24,-19,-22
56.726562,20,2179,2179,19,10,-24,-19,-22
56.730469,19,2179,2179,19,10,-24,-19,-21
56.734375,19,2179,2179,19,11,-24,-19,-22
56.738281,19,2179,2179,19,11,-23,-19,-22
56.742188,18,2179,2179,19,10,-24,-19,-22
56.746094,18,2179,2179,19,10,-24,-19,-22
56.750000,17,2179,2179,19,10,-24,-19,-21
56.753906,17,2179,2179,19,10,-24,-19,-21
56.757812,17,2179,2179,19,10,-23,-19,-21
56.761719,16,2179,2179,19,10,-23,-19,-22
56.765625,16,2179,2179,19,10,-23,-19,-21
56.769531,16,2179,2179,19,10,-23,-19,-21
56.773438,16,2179,2179,19,10,-23,-19,-21
56.777344,16,2179,2179,19,10,-24,-19,-22
56.781250,16,2179,2179,19,10,-24,-19,-22
56.785156,16,2179,2179,19,10,-24,-19,-22
56.789062,16,2179,2179,19,10,-24,-19,-22
56.792969,16,2179,2179,19,10,-24,-19,-22
56.796875,16,2179,2179,19,10,-24,-19,-22
56.800781,15,2179,2179,19,10,-23,-19,-22
56.804688,15,2179,2179,19,10,-23,-19,-21
56.808594,15,2179,2179,18,9,-23,-18,-21
56.812500,15,2179,2179,19,10,-23,-18,-21
56.816406,15,2179,2179,19,10,-23,-18,-21
56.820312,15,2179,2179,19,10,-23,-18,-21
56.824219,15,2179,2179,19,10,-23,-18,-21
56.828125,15,2179,2179,19,10,-24,-19,-22
56.832031,15,2179,2179,19,11,-24,-19,-21
56.835938,16,2179,2179,19,11,-24,-19,-22
56.839844,16,2179,2179,19,11,-23,-19,-22
56.843750,16,2179,2179,19,10,-24,-19,-22
56.847656,16,2179,2179,19,10,-24,-19,-22
56.851562,16,2179,2179,19,11,-23,-19,-22
56.855469,16,2179,2179,19,11,-23,-18,-21
56.859375,16,2179,2179,19,10,-23,-18,-21
56.863281,16,2179,2179,20,11,-23,-18,-21
56.867188,16,2179,2179,20,11,-23,-18,-21
56.871094,16,2179,2179,20,11,-23,-18,-21
56.875000,16,2179,2179,19,11,-23,-18,-20
56.878906,16,2179,2179,19,10,-23,-18,-21
56.882812,16,2179,2179,20,11,-23,-19,-21
56.886719,16,2179,2179,19,11,-23,-18,-21
56.890625,16,2179,2179,19,10,-23,-19,-21
56.894531,16,2179,2179,19,10,-24,-19,-22
56.898438,16,2179,2179,19,10,-23,-19,-21
56.902344,16,2179,2179,19,10,-24,-19,-22
56.906250,16,2179,2179,19,10,-24,-19,-21
56.910156,16,2179,2179,19,10,-24,-19,-22
56.914062,16,2179,2179,19,10,-24,-19,-22
56.917969,15,2179,2179,19,10,-24,-19,-22
56.921875,15,2179,2179,19,10,-24,-19,-22
56.925781,15,2179,2179,19,10,-23,-19,-22
56.929688,15,2179,2179,19,10,-24,-19,-22
56.933594,14,2179,2179,19,10,-24,-19,-22
56.937500,14,2179,2179,19,10,-24,-19,-22
56.941406,14,2179,2179,19,10,-24,-19,-21
56.945312,14,2179,2179,19,10,-24,-19,-22
56.949219,13,2179,2179,19,10,-24,-19,-21
56.953125,13,2179,2179,19,10,-24,-19,-21
56.957031,13,2179,2179,19,10,-23,-19,-21
56.960938,13,2179,2179,19,10,-24,-19,-21
56.964844,12,2179,2179,19,10,-23,-18,-21
56.968750,12,2179,2179,19,10,-23,-19,-21
56.972656,13,2179,2179,19,10,-23,-18,-22
56.976562,13,2179,2179,19,10,-23,-18,-21
56.980469,12,2179,2179,19,10,-23,-18,-21
56.984375,12,2179,2179,19,10,-23,-18,-21
56.988281,13,2179,2179,19,10,-23,-18,-21
56.992188,13,2179,2179,19,10,-23,-18,-21
56.996094,12,2179,2179,19,10,-23,-18,-21
57.000000,12,2179,2179,19,10,-23,-18,-21
57.003906,12,2179,2179,19,10,-23,-19,-21
57.007812,13,2179,2179,19,10,-23,-19,-21
57.011719,13,2179,2179,19,10,-23,-19,-21
57.015625,13,2179,2179,19,10,-23,-18,-21
57.019531,13,2179,2179,19,10,-23,-19,-21
57.023438,13,2179,2179,19,10,-23,-19,-22
57.027344,13,2179,2179,19,10,-23,-19,-22
57.031250,13,2179,2179,19,10,-23,-19,-22
57.035156,13,2179,2179,19,10,-23,-19,-22
57.039062,13,2179,2179,19,10,-24,-19,-22
57.042969,13,2179,2179,19,10,-23,-19,-22
57.046875,13,2179,2179,19,10,-23,-18,-22
57.050781,13,2179,2179,19,10,-23,-18,-21
57.054688,13,2179,2179,19,10,-23,-18,-21
57.058594,13,2179,2179,19,10,-23,-19,-21
57.062500,13,2179,2179,19,10,-23,-19,-21
57.066406,13,2179,2179,19,11,-23,-19,-21
57.070312,13,2179,2179,19,11,-24,-19,-22
57.074219,13,2179,2179,19,10,-24,-19,-22
57.078125,13,2179,2179,19,10,-24,-19,-22
57.082031,13,2179,2179,20,11,-24,-19,-22
57.085938,13,2179,2179,19,11,-23,-19,-22
57.089844,13,2179,2179,19,10,-23,-18,-21
57.093750,13,2179,2179,19,10,-23,-18,-21
57.097656,13,2179,2179,19,10,-23,-18,-21
57.101562,13,2179,2179,20,11,-23,-18,-21
57.105469,13,2179,2179,19,11,-23,-18,-21
57.109375,13,2179,2179,19,10,-23,-18,-21
57.113281,13,2179,2179,19,10,-23,-18,-21
57.117188,13,2179,2179,19,10,-23,-18,-21
57.121094,14,2179,2179,19,10,-23,-18,-21
57.125000,14,2179,2179,19,10,-23,-18,-21
57.128906,14,2179,2179,19,10,-23,-19,-21
57.132812,13,2179,2179,19,10,-23,-20,-22
57.136719,13,2179,2179,19,10,-23,-19,-22
57.140625,14,2179,2179,19,10,-23,-19,-22
57.144531,13,2179,2179,19,10,-23,-19,-22
57.148438,13,2179,2179,19,10,-24,-19,-22
57.152344,13,2179,2179,19,10,-24,-19,-22
57.156250,13,2179,2179,19,10,-24,-19,-22
57.160156,13,2179,2179,19,10,-24,-19,-22
57.164062,13,2179,2179,19,10,-24,-19,-22
57.167969,13,2179,2179,19,10,-24,-19,-22
57.171875,13,2179,2179,19,10,-23,-19,-22
57.175781,13,2179,2179,19,10,-23,-18,-22
57.179688,13,2179,2179,19,10,-23,-19,-21
57.183594,13,2179,2179,19,10,-23,-18,-22
57.187500,13,2179,2179,19,10,-23,-18,-22
57.191406,13,2179,2179,19,10,-23,-19,-22
57.195312,13,2179,2179,19,10,-23,-18,-22
57.199219,13,2179,2179,19,10,-23,-18,-21
57.203125,13,2179,2179,19,10,-23,-18,-21
57.207031,13,2179,2179,19,10,-23,-18,-21
57.210938,13,2179,2179,19,10,-23,-18,-21
57.214844,13,2179,2179,19,10,-23,-18,-21
57.218750,13,2179,2179,19,10,-23,-18,-21
57.222656,13,2179,2179,19,10,-23,-18,-21
57.226562,14,2179,2179,18,10,-23,-19,-22
57.230469,14,2179,2179,19,10,-23,-19,-22
57.234375,13,2179,2179,19,10,-23,-19,-22
57.238281,14,2179,2179,18,10,-24,-19,-22
57.242188,13,2179,2179,18,10,-24,-19,-22
57.246094,13,2179,2179,18,10,-24,-19,-22
57.250000,13,2179,2179,19,11,-24,-19,-21
57.253906,13,2179,2179,19,11,-24,-19,-22
57.257812,13,2179,2179,19,10,-24,-19,-22
57.261719,13,2179,2179,19,11,-24,-19,-21
57.265625,12,2179,2179,20,11,-24,-19,-22
57.269531,12,2179,2179,20,11,-24,-19,-22
57.273438,12,2179,2179,19,11,-24,-19,-22
57.277344,12,2179,2179,19,10,-24,-19,-22
57.281250,12,2179,2179,19,10,-24,-19,-21
57.285156,12,2179,2179,18,11,-23,-19,-22
57.289062,12,2179,2179,18,11,-23,-19,-22
57.292969,12,2179,2179,18,10,-23,-19,-22
57.296875,12,2179,2179,18,10,-23,-19,-22
57.300781,12,2179,2179,19,11,-23,-19,-22
57.304688,12,2179,2179,19,11,-23,-18,-21
57.308594,12,2179,2179,19,10,-23,-18,-21
57.312500,12,2179,2179,19,10,-23,-18,-21
57.316406,12,2179,2179,19,10,-23,-18,-21
57.320312,12,2179,2179,19,10,-23,-18,-21
57.324219,12,2179,2179,19,10,-23,-18,-21
57.328125,12,2179,2179,19,10,-23,-18,-21
57.332031,12,2179,2179,19,10,-23,-18,-21
57.335938,12,2179,2179,19,10,-23,-18,-21
57.339844,12,2179,2179,19,10,-23,-18,-21
57.343750,12,2179,2179,19,10,-24,-19,-22
57.347656,12,2179,2179,18,9,-24,-19,-22
57.351562,12,2179,2179,18,10,-24,-19,-22
57.355469,13,2179,2179,18,10,-24,-19,-22
57.359375,13,2179,2179,17,9,-24,-19,-22
57.363281,12,2179,2179,17,9,-24,-19,-22
57.367188,12,2179,2179,17,10,-24,-19,-22
57.371094,12,2179,2179,17,10,-24,-19,-22
57.375000,12,2179,2179,18,10,-23,-19,-21
57.378906,12,2179,2179,18,9,-23,-19,-21
57.382812,12,2179,2179,19,10,-23,-20,-21
57.386719,12,2179,2179,19,10,-23,-19,-21
57.390625,12,2179,2179,19,10,-23,-19,-21
57.394531,12,2179,2179,19,10,-23,-18,-21
57.398438,12,2179,2179,20,10,-23,-18,-21
57.402344,12,2179,2179,20,11,-23,-19,-21
57.406250,12,2179,2179,19,11,-23,-18,-21
57.410156,12,2179,2179,19,10,-23,-18,-21
57.414062,12,2179,2179,19,10,-23,-19,-21
57.417969,12,2179,2179,19,10,-23,-18,-21
57.421875,12,2179,2179,19,10,-23,-18,-21
57.425781,12,2179,2179,19,10,-23,-18,-21
57.429688,12,2179,2179,19,10,-23,-19,-21
57.433594,12,2179,2179,19,10,-23,-19,-21
57.437500,13,2179,2179,19,10,-23,-18,-22
57.441406,13,2179,2179,19,10,-23,-18,-22
57.445312,12,2179,2179,19,10,-23,-19,-22
57.449219,12,2179,2179,19,10,-23,-19,-22
57.453125,12,2179,2179,19,11,-23,-19,-22
57.457031,12,2179,2179,19,10,-23,-19,-22
57.460938,12,2179,2179,19,10,-24,-19,-22
57.464844,11,2179,2179,19,10,-23,-19,-22
57.468750,11,2179,2179,18,10,-24,-19,-22
57.472656,12,2179,2179,18,11,-23,-19,-22
57.476562,12,2179,2179,17,10,-23,-19,-21
57.480469,11,2179,2179,17,10,-24,-19,-22
57.484375,11,2179,2179,18,11,-24,-19,-21
57.488281,12,2179,2179,18,11,-23,-19,-22
57.492188,12,2179,2179,19,10,-23,-19,-22
57.496094,11,2179,2179,19,10,-23,-19,-22
57.500000,12,2179,2179,19,11,-23,-18,-21
57.503906,11,2179,2179,20,11,-23,-18,-21
57.507812,12,2179,2179,19,10,-23,-19,-21
57.511719,12,2179,2179,19,10,-23,-18,-21
57.515625,12,2179,2179,19,11,-23,-18,-21
57.519531,12,2179,2179,19,10,-23,-18,-21
57.523438,12,2179,2179,18,10,-23,-19,-22
57.527344,12,2179,2179,18,10,-24,-19,-21
57.531250,12,2179,2179,18,10,-23,-19,-21
57.535156,12,2179,2179,18,10,-24,-19,-22
57.539062,13,2179,2179,18,10,-24,-18,-22
57.542969,13,2179,2179,18,10,-24,-19,-22
57.546875,12,2179,2179,19,10,-24,-18,-22
57.550781,12,2179,2179,19,10,-24,-18,-22
57.554688,13,2179,2179,20,10,-24,-19,-22
57.558594,13,2179,2179,19,10,-24,-19,-22
57.562500,13,2179,2179,19,10,-24,-19,-22
57.566406,13,2179,2179,19,10,-24,-19,-22
57.570312,13,2179,2179,19,10,-24,-19,-22
57.574219,13,2179,2179,18,10,-24,-19,-22
57.578125,13,2179,2179,18,10,-24,-19,-22
57.582031,13,2179,2179,18,10,-24,-19,-21
57.585938,13,2179,2179,18,10,-24,-19,-21
57.589844,14,2179,2179,18,10,-24,-19,-21
57.593750,13,2179,2179,18,10,-23,-19,-21
57.597656,13,2179,2179,18,10,-23,-19,-21
57.601562,13,2179,2179,19,10,-23,-19,-21
57.605469,14,2179,2179,19,10,-23,-18,-21
57.609375,14,2179,2179,19,10,-23,-18,-21
57.613281,13,2179,2179,19,10,-23,-18,-21
57.617188,13,2179,2179,19,10,-23,-18,-21
57.621094,14,2179,2179,19,10,-23,-18,-21
57.625000,14,2179,2179,19,10,-23,-18,-21
57.628906,14,2179,2179,19,9,-23,-18,-22
57.632812,14,2179,2179,19,10,-23,-20,-22
57.636719,14,2179,2179,19,10,-23,-18,-21
57.640625,14,2179,2179,19,10,-23,-18,-22
57.644531,15,2179,2179,19,10,-23,-18,-21
57.648438,14,2179,2179,19,10,-23,-18,-21
57.652344,14,2179,2179,19,10,-23,-19,-21
57.656250,14,2179,2179,19,11,-24,-19,-21
57.660156,14,2179,2179,19,10,-24,-19,-21
57.664062,13,2179,2179,19,11,-24,-19,-22
57.667969,13,2179,2179,20,11,-24,-19,-22
57.671875,13,2179,2179,20,11,-24,-19,-22
57.675781,13,2179,2179,19,10,-24,-19,-21
57.679688,13,2179,2179,19,10,-24,-19,-22
57.683594,13,2179,2179,19,11,-24,-19,-22
57.687500,12,2179,2179,19,10,-24,-19,-21
57.691406,13,2179,2179,18,10,-23,-19,-22
57.695312,12,2179,2179,18,10,-24,-19,-21
57.699219,12,2179,2179,18,10,-23,-18,-21
57.703125,11,2179,2179,18,10,-23,-18,-21
57.707031,11,2179,2179,18,10,-23,-18,-21
57.710938,11,2179,2179,18,10,-23,-18,-21
57.714844,11,2179,2179,19,10,-23,-18,-21
57.718750,11,2179,2179,19,10,-23,-18,-21
57.722656,11,2179,2179,19,10,-23,-18,-21
57.726562,11,2179,2179,19,10,-23,-19,-21
57.730469,11,2179,2179,19,10,-24,-19,-21
57.734375,11,2179,2179,19,10,-24,-19,-22
57.738281,12,2179,2179,19,10,-24,-19,-22
57.742188,11,2179,2179,19,10,-24,-19,-22
57.746094,11,2179,2179,18,9,-24,-19,-22
57.750000,12,2179,2179,19,10,-24,-19,-22
57.753906,12,2179,2179,19,10,-24,-19,-22
57.757812,12,2179,2179,18,9,-24,-20,-22
57.761719,12,2179,2179,19,9,-24,-19,-22
57.765625,12,2179,2179,19,10,-23,-19,-22
57.769531,12,2179,2179,19,10,-24,-19,-22
57.773438,13,2179,2179,19,10,-24,-19,-22
57.777344,13,2179,2179,19,10,-24,-19,-21
57.781250,13,2179,2179,19,10,-24,-19,-22
57.785156,14,2179,2179,19,10,-24,-19,-22
57.789062,14,2179,2179,19,10,-24,-19,-22
57.792969,14,2179,2179,19,10,-24,-19,-22
57.796875,14,2179,2179,19,10,-23,-19,-22
57.800781,14,2179,2179,19,10,-23,-19,-21
57.804688,15,2179,2179,19,10,-23,-19,-21
57.808594,15,2179,2179,19,10,-23,-19,-21
57.812500,16,2179,2179,19,10,-23,-19,-21
57.816406,15,2179,2179,19,10,-23,-19,-21
57.820312,16,2179,2179,19,10,-23,-19,-21
57.824219,16,2179,2179,19,10,-23,-19,-21
57.828125,16,2179,2179,19,10,-24,-19,-22
57.832031,16,2179,2179,19,10,-24,-19,-21
57.835938,16,2179,2179,19,11,-23,-18,-21
57.839844,16,2179,2179,19,10,-23,-18,-21
57.843750,16,2179,2179,19,10,-23,-18,-21
57.847656,16,2179,2179,19,10,-23,-18,-21
57.851562,16,2179,2179,19,10,-23,-18,-22
57.855469,16,2179,2179,19,10,-23,-18,-22
57.859375,16,2179,2179,19,10,-23,-18,-22
57.863281,15,2179,2179,19,10,-24,-19,-22
57.867188,15,2179,2179,19,10,-24,-19,-22
57.871094,15,2179,2179,19,11,-24,-19,-22
57.875000,15,2179,2179,19,10,-24,-19,-22
57.878906,14,2179,2179,19,10,-24,-19,-22
57.882812,14,2179,2179,19,11,-24,-21,-22
57.886719,14,2179,2179,20,11,-23,-19,-22
57.890625,14,2179,2179,19,10,-23,-19,-21
57.894531,14,2179,2179,19,10,-23,-19,-21
57.898438,14,2179,2179,19,10,-23,-19,-21
57.902344,14,2179,2179,19,10,-23,-19,-21
57.906250,14,2179,2179,19,10,-23,-19,-21
57.910156,14,2179,2179,19,10,-23,-19,-21
57.914062,14,2179,2179,19,10,-23,-19,-21
57.917969,14,2179,2179,19,10,-23,-19,-21
57.921875,14,2179,2179,19,10,-23,-19,-21
57.925781,14,2179,2179,19,10,-23,-19,-21
57.929688,14,2179,2179,19,10,-23,-19,-21
57.933594,14,2179,2179,20,11,-23,-19,-22
57.937500,14,2179,2179,20,11,-23,-18,-21
57.941406,14,2179,2179,19,11,-23,-18,-21
57.945312,14,2179,2179,19,10,-23,-19,-21
57.949219,14,2179,2179,19,11,-24,-18,-21
57.953125,14,2179,2179,20,11,-23,-19,-22
57.957031,15,2179,2179,19,10,-23,-19,-22
57.960938,15,2179,2179,19,10,-23,-19,-22
57.964844,14,2179,2179,19,10,-23,-19,-21
57.968750,14,2179,2179,19,10,-24,-19,-22
57.972656,15,2179,2179,19,10,-23,-19,-21
57.976562,15,2179,2179,19,10,-24,-19,-22
57.980469,15,2179,2179,19,10,-24,-19,-22
57.984375,15,2179,2179,19,10,-24,-19,-22
57.988281,15,2179,2179,19,10,-24,-19,-22
57.992188,15,2179,2179,19,10,-24,-19,-22
57.996094,15,2179,2179,19,9,-23,-19,-22
58.000000,15,2179,2179,19,10,-23,-19,-21
58.003906,15,2179,2179,19,10,-23,-18,-22
58.007812,15,2179,2179,19,10,-23,-19,-21
58.011719,15,2179,2179,19,10,-23,-18,-21
58.015625,15,2179,2179,19,10,-23,-18,-21
58.019531,15,2179,2179,19,10,-23,-18,-21
58.023438,15,2179,2179,19,10,-23,-18,-21
58.027344,15,2179,2179,19,10,-23,-18,-21
58.031250,15,2179,2179,19,10,-23,-18,-21
58.035156,15,2179,2179,19,10,-23,-18,-21
58.039062,16,2179,2179,18,10,-23,-18,-21
58.042969,16,2179,2179,18,10,-23,-18,-21
58.046875,15,2179,2179,18,10,-23,-18,-22
58.050781,15,2179,2179,18,10,-23,-18,-22
58.054688,15,2179,2179,19,10,-23,-18,-22
58.058594,15,2179,2179,18,10,-23,-18,-21
58.062500,16,2179,2179,19,10,-24,-19,-22
58.066406,15,2179,2179,19,11,-23,-19,-21
58.070312,15,2179,2179,19,10,-23,-19,-21
58.074219,15,2179,2179,19,10,-23,-19,-21
58.078125,15,2179,2179,19,10,-24,-19,-21
58.082031,15,2179,2179,20,11,-23,-19,-21
58.085938,15,2179,2179,20,11,-24,-19,-22
58.089844,15,2179,2179,19,11,-24,-19,-22
58.093750,15,2179,2179,19,11,-24,-19,-22
58.097656,15,2179,2179,19,10,-24,-19,-22
58.101562,15,2179,2179,19,11,-24,-19,-22
58.105469,16,2179,2179,19,11,-24,-19,-22
58.109375,16,2179,2179,19,10,-24,-19,-22
58.113281,15,2179,2179,19,10,-24,-19,-22
58.117188,15,2179,2179,19,10,-23,-18,-21
58.121094,16,2179,2179,20,11,-23,-18,-22
58.125000,16,2179,2179,19,10,-23,-18,-21
58.128906,16,2179,2179,19,10,-23,-18,-22
58.132812,16,2179,2179,19,11,-23,-20,-22
58.136719,16,2179,2179,19,11,-23,-18,-22
58.140625,17,2179,2179,19,10,-23,-18,-22
58.144531,17,2179,2179,19,10,-23,-18,-22
58.148438,17,2179,2179,19,10,-23,-18,-21
58.152344,17,2179,2179,19,10,-23,-18,-21
58.156250,18,2179,2179,19,10,-23,-18,-21
58.160156,18,2179,2179,19,9,-23,-18,-21
58.164062,18,2179,2179,19,9,-23,-18,-21
58.167969,18,2179,2179,19,9,-24,-19,-22
58.171875,18,2179,2179,19,10,-23,-19,-22
58.175781,18,2179,2179,18,9,-24,-19,-22
58.179688,18,2179,2179,18,9,-24,-19,-22
58.183594,18,2179,2179,19,10,-23,-19,-22
58.187500,18,2179,2179,19,10,-24,-19,-22
58.191406,18,2179,2179,18,9,-24,-19,-22
58.195312,18,2179,2179,19,10,-24,-19,-22
58.199219,18,2179,2179,19,10,-23,-19,-21
58.203125,18,2179,2179,19,10,-24,-19,-22
58.207031,18,2179,2179,19,10,-23,-19,-21
58.210938,18,2179,2179,19,10,-23,-19,-21
58.214844,17,2179,2179,19,10,-23,-19,-21
58.218750,17,2179,2179,19,10,-23,-19,-21
58.222656,18,2179,2179,19,10,-23,-19,-21
58.226562,18,2179,2179,19,10,-23,-19,-21
58.230469,18,2179,2179,19,10,-23,-19,-21
58.234375,18,2179,2179,19,11,-23,-19,-22
58.238281,19,2179,2179,20,11,-23,-19,-22
58.242188,18,2179,2179,20,11,-24,-19,-22
58.246094,18,2179,2179,20,11,-24,-19,-22
58.250000,18,2179,2179,20,11,-24,-19,-22
58.253906,18,2179,2179,20,11,-24,-19,-22
58.257812,19,2179,2179,20,11,-24,-20,-22
58.261719,19,2179,2179,20,11,-24,-19,-22
58.265625,19,2179,2179,20,11,-24,-19,-21
58.269531,19,2179,2179,20,11,-24,-19,-22
58.273438,19,2179,2179,19,10,-24,-19,-22
58.277344,19,2179,2179,19,10,-23,-19,-21
58.281250,19,2179,2179,19,10,-23,-19,-21
58.285156,19,2179,2179,19,10,-23,-19,-21
58.289062,19,2179,2179,19,10,-23,-19,-21
58.292969,19,2179,2179,19,10,-23,-19,-21
58.296875,18,2179,2179,19,10,-23,-18,-21
58.300781,18,2179,2179,20,11,-23,-19,-21
58.304688,18,2179,2179,20,11,-23,-19,-21
58.308594,18,2179,2179,19,10,-23,-19,-21
58.312500,18,2179,2179,19,11,-23,-19,-21
58.316406,17,2179,2179,20,11,-23,-19,-21
58.320312,17,2179,2179,20,11,-24,-19,-22
58.324219,17,2179,2179,19,10,-24,-19,-21
58.328125,17,2179,2179,19,10,-24,-19,-22
58.332031,17,2179,2179,19,11,-24,-19,-22
58.335938,17,2179,2179,19,11,-23,-19,-22
58.339844,18,2179,2179,19,10,-24,-19,-22
58.343750,18,2179,2179,19,10,-24,-19,-21
58.347656,17,2179,2179,18,10,-24,-18,-21
58.351562,17,2179,2179,19,10,-24,-19,-21
58.355469,17,2179,2179,19,10,-23,-18,-21
58.359375,17,2179,2179,19,9,-23,-18,-21
58.363281,17,2179,2179,19,9,-23,-19,-21
58.367188,17,2179,2179,19,10,-23,-19,-22
58.371094,17,2179,2179,18,10,-23,-19,-22
58.375000,17,2179,2179,18,10,-23,-19,-21
58.378906,17,2179,2179,18,10,-24,-19,-22
58.382812,16,2179,2179,18,10,-23,-20,-22
58.386719,17,2179,2179,19,10,-23,-19,-22
58.390625,17,2179,2179,19,10,-23,-18,-22
58.394531,17,2179,2179,19,10,-23,-19,-21
58.398438,16,2179,2179,20,10,-24,-18,-22
58.402344,16,2179,2179,20,11,-24,-19,-22
58.406250,16,2179,2179,19,10,-24,-19,-22
58.410156,16,2179,2179,19,10,-24,-19,-22
58.414062,16,2179,2179,19,10,-24,-19,-21
58.417969,16,2179,2179,19,11,-23,-19,-22
58.421875,16,2179,2179,19,10,-23,-19,-21
58.425781,15,2179,2179,19,10,-23,-18,-21
58.429688,15,2179,2179,19,10,-23,-18,-21
58.433594,15,2179,2179,19,11,-23,-18,-22
58.437500,15,2179,2179,19,11,-23,-18,-21
58.441406,15,2179,2179,19,10,-23,-18,-21
58.445312,15,2179,2179,19,10,-23,-18,-21
58.449219,15,2179,2179,19,10,-23,-18,-21
58.453125,15,2179,2179,19,11,-23,-18,-21
58.457031,15,2179,2179,18,10,-23,-18,-21
58.460938,15,2179,2179,18,10,-23,-18,-21
58.464844,14,2179,2179,19,10,-23,-19,-22
58.468750,14,2179,2179,19,11,-23,-19,-22
58.472656,15,2179,2179,19,11,-24,-19,-22
58.476562,15,2179,2179,19,10,-23,-19,-22
58.480469,15,2179,2179,19,10,-23,-19,-22
58.484375,15,2179,2179,20,11,-23,-19,-22
58.488281,15,2179,2179,20,11,-23,-19,-22
58.492188,15,2179,2179,19,10,-23,-18,-22
58.496094,15,2179,2179,19,10,-23,-18,-22
58.500000,15,2179,2179,19,11,-23,-19,-21
58.503906,15,2179,2179,19,11,-24,-19,-22
58.507812,15,2179,2179,19,10,-24,-19,-22
58.511719,15,2179,2179,19,11,-24,-19,-22
58.515625,15,2179,2179,19,11,-24,-19,-22
58.519531,15,2179,2179,19,11,-23,-19,-22
58.523438,15,2179,2179,19,10,-23,-19,-21
58.527344,15,2179,2179,19,10,-23,-19,-21
58.531250,15,2179,2179,19,10,-23,-19,-21
58.535156,15,2179,2179,19,10,-23,-19,-21
58.539062,15,2179,2179,19,10,-23,-19,-21
58.542969,15,2179,2179,19,10,-23,-18,-21
58.546875,15,2179,2179,19,10,-23,-18,-21
58.550781,15,2179,2179,19,10,-23,-18,-21
58.554688,15,2179,2179,19,10,-23,-19,-21
58.558594,15,2179,2179,19,10,-23,-19,-22
58.562500,15,2179,2179,19,10,-23,-19,-21
58.566406,15,2179,2179,19,10,-23,-19,-21
58.570312,15,2179,2179,19,10,-23,-19,-21
58.574219,16,2179,2179,19,10,-23,-19,-21
58.578125,16,2179,2179,19,10,-23,-19,-21
58.582031,16,2179,2179,19,10,-23,-19,-21
58.585938,16,2179,2179,19,10,-23,-19,-22
58.589844,17,2179,2179,19,10,-23,-19,-21
58.593750,16,2179,2179,19,10,-24,-19,-22
58.597656,17,2179,2179,19,10,-24,-19,-22
58.601562,17,2179,2179,19,10,-24,-19,-22
58.605469,17,2179,2179,19,10,-24,-19,-22
58.609375,17,2179,2179,19,10,-24,-19,-22
58.613281,17,2179,2179,19,10,-24,-19,-22
58.617188,17,2179,2179,19,10,-24,-19,-22
58.621094,18,2179,2179,19,10,-23,-19,-22
58.625000,18,2179,2179,19,10,-23,-19,-21
58.628906,18,2179,2179,19,10,-24,-19,-22
58.632812,18,2179,2179,19,10,-23,-20,-21
58.636719,18,2179,2179,19,10,-23,-19,-21
58.640625,18,2179,2179,19,10,-23,-19,-21
58.644531,19,2179,2179,19,10,-23,-18,-21
58.648438,19,2179,2179,19,10,-23,-18,-21
58.652344,19,2179,2179,19,10,-23,-18,-21
58.656250,20,2179,2179,19,10,-23,-18,-21
58.660156,21,2179,2179,19,10,-23,-18,-21
58.664062,21,2179,2179,19,10,-23,-18,-21
58.667969,22,2179,2179,19,11,-23,-18,-22
58.671875,22,2179,2179,19,10,-23,-18,-21
58.675781,23,2179,2179,19,10,-23,-18,-21
58.679688,24,2179,2179,19,10,-23,-18,-21
58.683594,24,2179,2179,20,11,-23,-18,-21
58.687500,25,2179,2179,20,11,-24,-19,-21
58.691406,26,2179,2179,20,11,-24,-19,-21
58.695312,26,2179,2179,19,10,-24,-19,-22
58.699219,27,2179,2179,20,11,-24,-19,-22
58.703125,28,2179,2179,20,11,-24,-19,-22
58.707031,29,2179,2179,19,10,-24,-19,-22
58.710938,29,2179,2179,19,10,-24,-19,-22
58.714844,30,2179,2179,19,10,-24,-19,-22
58.718750,31,2179,2179,19,11,-23,-19,-22
58.722656,32,2179,2179,19,11,-23,-18,-21
58.726562,32,2179,2179,19,10,-23,-18,-21
58.730469,33,2179,2179,19,10,-23,-18,-21
58.734375,34,2179,2179,20,10,-23,-18,-21
58.738281,35,2179,2179,19,10,-23,-18,-21
58.742188,36,2179,2179,19,10,-23,-18,-21
58.746094,36,2179,2179,19,10,-23,-18,-22
58.750000,37,2179,2179,19,10,-23,-18,-21
58.753906,38,2179,2179,19,10,-23,-18,-21
58.757812,39,2179,2179,18,9,-23,-19,-21
58.761719,40,2179,2179,18,10,-23,-18,-21
58.765625,40,2179,2179,18,10,-23,-18,-21
58.769531,41,2179,2179,17,10,-23,-18,-21
58.773438,42,2179,2179,17,10,-23,-18,-21
58.777344,42,2179,2179,17,9,-23,-18,-21
58.781250,42,2179,2179,17,10,-23,-18,-21
58.785156,42,2179,2179,18,10,-23,-18,-21
58.789062,43,2179,2179,18,10,-23,-19,-22
58.792969,43,2179,2179,18,10,-23,-19,-22
58.796875,43,2179,2179,19,9,-23,-18,-21
58.800781,42,2179,2179,19,10,-23,-19,-22
58.804688,43,2179,2179,19,10,-23,-19,-22
58.808594,43,2179,2179,19,9,-23,-19,-22
58.812500,42,2179,2179,19,10,-23,-19,-22
58.816406,42,2179,2179,19,10,-23,-19,-22
58.820312,42,2179,2179,19,10,-23,-19,-22
58.824219,42,2179,2179,19,10,-23,-19,-21
58.828125,42,2179,2179,19,10,-24,-19,-22
58.832031,42,2179,2179,19,11,-23,-19,-22
58.835938,42,2179,2179,20,11,-23,-19,-22
58.839844,42,2179,2179,19,11,-23,-19,-22
58.843750,42,2179,2179,19,11,-24,-19,-21
58.847656,43,2179,2179,19,11,-23,-19,-22
58.851562,43,2179,2179,20,11,-23,-18,-21
58.855469,43,2179,2179,20,11,-23,-18,-21
58.859375,44,2179,2179,19,10,-23,-18,-21
58.863281,43,2179,2179,19,11,-23,-18,-21
58.867188,44,2179,2179,20,11,-23,-18,-21
58.871094,44,2179,2179,20,11,-23,-18,-21
58.875000,45,2179,2179,20,11,-23,-18,-21
58.878906,45,2179,2179,19,10,-23,-18,-21
58.882812,45,2179,2179,20,11,-23,-20,-22
58.886719,45,2179,2179,20,11,-24,-19,-22
58.890625,46,2179,2179,19,10,-23,-19,-22
58.894531,46,2179,2179,19,10,-23,-19,-22
58.898438,47,2179,2179,19,10,-24,-19,-22
58.902344,47,2179,2179,19,10,-23,-19,-22
58.906250,47,2179,2179,19,10,-24,-19,-22
58.910156,48,2179,2179,19,10,-24,-19,-22
58.914062,47,2179,2179,19,10,-24,-19,-22
58.917969,47,2179,2179,19,10,-24,-19,-22
58.921875,48,2179,2179,19,10,-24,-19,-22
58.925781,47,2179,2179,19,10,-24,-19,-22
58.929688,47,2179,2179,19,10,-24,-19,-22
58.933594,47,2179,2179,19,10,-24,-19,-22
58.937500,47,2179,2179,19,11,-23,-19,-22
58.941406,47,2179,2179,19,10,-24,-19,-22
58.945312,48,2179,2179,19,10,-24,-19,-21
58.949219,47,2179,2179,19,10,-24,-19,-21
58.953125,48,2179,2179,19,10,-23,-19,-21
58.957031,48,2179,2179,19,10,-23,-19,-22
58.960938,49,2179,2179,19,10,-23,-19,-21
58.964844,49,2179,2179,19,10,-23,-18,-21
58.968750,50,2179,2179,19,10,-23,-19,-22
58.972656,50,2179,2179,19,10,-24,-18,-22
58.976562,51,2179,2179,19,10,-23,-18,-22
58.980469,51,2179,2179,19,10,-23,-19,-22
58.984375,51,2179,2179,19,10,-23,-19,-22
58.988281,51,2179,2179,19,10,-23,-19,-22
58.992188,51,2179,2179,19,10,-24,-19,-22
58.996094,51,2179,2179,19,9,-23,-19,-21
59.000000,52,2179,2179,19,10,-24,-19,-21
59.003906,52,2179,2179,19,10,-24,-19,-22
59.007812,52,2179,2179,19,10,-24,-19,-22
59.011719,52,2179,2179,19,10,-24,-19,-22
59.015625,52,2179,2179,19,10,-24,-19,-22
59.019531,53,2179,2179,19,11,-24,-19,-22
59.023438,53,2179,2179,19,10,-24,-19,-22
59.027344,53,2179,2179,19,10,-24,-19,-22
59.031250,53,2179,2179,19,10,-24,-20,-22
59.035156,53,2179,2179,19,11,-25,-20,-23
59.039062,54,2179,2179,19,10,-24,-20,-23
59.042969,54,2179,2179,19,10,-24,-20,-22
59.046875,54,2179,2179,19,10,-24,-19,-22
59.050781,54,2179,2179,19,11,-24,-19,-22
59.054688,54,2179,2179,19,11,-23,-18,-21
59.058594,54,2179,2179,19,10,-23,-18,-21
59.062500,54,2179,2179,19,10,-23,-18,-21
59.066406,54,2179,2179,19,10,-23,-18,-21
59.070312,54,2179,2179,20,11,-23,-18,-21
59.074219,55,2179,2179,19,10,-23,-18,-21
59.078125,55,2179,2179,19,11,-23,-18,-21
59.082031,55,2179,2179,20,11,-23,-18,-21
59.085938,55,2179,2179,20,11,-24,-19,-22
59.089844,55,2179,2179,19,11,-24,-19,-22
59.093750,56,2179,2179,19,11,-24,-19,-22
59.097656,56,2179,2179,19,10,-24,-19,-22
59.101562,56,2179,2179,19,11,-24,-19,-22
59.105469,57,2179,2179,19,10,-24,-19,-22
59.109375,57,2179,2179,19,10,-24,-19,-22
59.113281,56,2179,2179,19,10,-24,-19,-22
59.117188,56,2179,2179,19,10,-24,-19,-22
59.121094,57,2179,2179,19,10,-24,-19,-22
59.125000,57,2179,2179,19,10,-24,-19,-22
59.128906,57,2179,2179,19,10,-24,-19,-22
59.132812,57,2179,2179,20,11,-24,-20,-22
59.136719,57,2179,2179,20,10,-24,-19,-22
59.140625,57,2179,2179,19,10,-24,-19,-22
59.144531,57,2179,2179,20,9,-24,-19,-22
59.148438,57,2179,2179,20,9,-23,-19,-22
59.152344,57,2179,2179,21,10,-23,-18,-22
59.156250,57,2179,2179,20,9,-23,-18,-21
59.160156,57,2179,2179,21,9,-23,-18,-21
59.164062,56,2179,2179,21,9,-23,-18,-21
59.167969,56,2179,2179,21,10,-23,-18,-21
59.171875,57,2179,2179,21,10,-23,-18,-21
59.175781,57,2179,2179,21,9,-23,-18,-21
59.179688,57,2179,2179,21,9,-23,-18,-21
59.183594,57,2179,2179,21,9,-23,-18,-21
59.187500,57,2179,2179,22,9,-23,-18,-21
59.191406,57,2179,2179,22,9,-23,-18,-21
59.195312,57,2179,2179,23,9,-23,-18,-21
59.199219,57,2179,2179,24,9,-23,-18,-21
59.203125,57,2179,2179,25,10,-23,-18,-21
59.207031,57,2179,2179,25,9,-23,-18,-21
59.210938,57,2179,2179,26,10,-23,-18,-22
59.214844,57,2179,2179,26,10,-23,-18,-22
59.218750,56,2179,2179,27,10,-23,-18,-22
59.222656,57,2179,2179,28,10,-23,-19,-22
59.226562,57,2179,2179,29,10,-23,-18,-22
59.230469,56,2179,2179,30,10,-23,-18,-21
59.234375,56,2179,2179,32,10,-23,-18,-21
59.238281,56,2179,2179,34,10,-23,-18,-21
59.242188,56,2179,2179,35,10,-23,-18,-21
59.246094,56,2179,2179,36,10,-23,-18,-21
59.250000,55,2179,2179,38,11,-23,-19,-21
59.253906,55,2179,2179,38,11,-23,-19,-21
59.257812,55,2179,2179,39,11,-24,-19,-22
59.261719,55,2179,2179,39,11,-24,-19,-22
59.265625,55,2179,2179,40,11,-24,-19,-22
59.269531,56,2179,2179,42,11,-24,-19,-22
59.273438,56,2179,2179,43,10,-24,-19,-22
59.277344,56,2179,2179,44,10,-23,-18,-21
59.281250,56,2179,2179,47,10,-23,-18,-21
59.285156,56,2179,2179,48,10,-23,-18,-21
59.289062,56,2179,2179,50,10,-23,-18,-21
59.292969,56,2179,2179,51,10,-23,-18,-21
59.296875,56,2179,2179,52,10,-23,-18,-21
59.300781,56,2179,2179,54,11,-23,-18,-21
59.304688,56,2179,2179,54,11,-23,-18,-21
59.308594,56,2179,2179,54,11,-23,-19,-21
59.312500,57,2179,2179,55,11,-24,-19,-22
59.316406,56,2179,2179,56,11,-24,-19,-22
59.320312,57,2179,2179,57,11,-24,-20,-22
59.324219,57,2179,2179,58,10,-24,-20,-22
59.328125,58,2179,2179,60,10,-24,-20,-22
59.332031,58,2179,2179,62,10,-24,-19,-22
59.335938,58,2179,2179,65,10,-24,-19,-22
59.339844,58,2179,2179,67,10,-24,-19,-22
59.343750,57,2179,2179,69,10,-23,-19,-22
59.347656,57,2179,2179,70,10,-23,-18,-21
59.351562,57,2179,2179,72,10,-23,-19,-21
59.355469,57,2179,2179,73,10,-24,-19,-22
59.359375,57,2179,2179,73,10,-24,-19,-22
59.363281,57,2179,2179,75,10,-24,-19,-22
59.367188,57,2179,2179,77,10,-24,-19,-22
59.371094,57,2179,2179,79,10,-24,-19,-22
59.375000,57,2179,2179,81,10,-23,-19,-21
59.378906,57,2179,2179,83,10,-23,-18,-21
59.382812,56,2179,2179,86,11,-23,-19,-21
59.386719,56,2179,2179,88,11,-23,-18,-21
59.390625,56,2179,2179,89,10,-23,-19,-21
59.394531,56,2179,2179,90,11,-23,-19,-22
59.398438,56,2179,2179,91,11,-24,-19,-22
59.402344,56,2179,2179,92,11,-24,-19,-22
59.406250,57,2179,2179,92,11,-24,-19,-22
59.410156,57,2179,2179,93,10,-24,-19,-22
59.414062,57,2179,2179,94,10,-24,-19,-22
59.417969,58,2179,2179,96,10,-24,-19,-22
59.421875,58,2179,2179,97,10,-24,-18,-22
59.425781,58,2179,2179,98,10,-23,-18,-22
59.429688,58,2179,2179,99,9,-23,-18,-22
59.433594,58,2179,2179,100,10,-23,-19,-22
59.437500,58,2179,2179,101,10,-24,-19,-22
59.441406,58,2179,2179,101,10,-24,-19,-22
59.445312,58,2179,2179,102,10,-24,-20,-23
59.449219,58,2179,2179,103,10,-24,-20,-23
59.453125,58,2179,2179,104,10,-24,-20,-23
59.457031,58,2179,2179,106,10,-24,-20,-23
59.460938,58,2179,2179,107,10,-24,-20,-23
59.464844,58,2179,2179,109,10,-25,-20,-22
59.468750,58,2179,2179,110,11,-24,-20,-22
59.472656,58,2179,2179,111,11,-24,-19,-22
59.476562,58,2179,2179,111,11,-24,-19,-22
59.480469,58,2179,2179,111,10,-24,-19,-22
59.484375,58,2179,2179,111,11,-24,-19,-22
59.488281,59,2179,2179,111,11,-24,-19,-22
59.492188,59,2179,2179,111,11,-24,-19,-22
59.496094,59,2179,2179,111,10,-24,-19,-22
59.500000,59,2179,2179,113,11,-24,-19,-22
59.503906,59,2179,2179,115,11,-23,-18,-22
59.507812,59,2179,2179,116,10,-23,-18,-21
59.511719,59,2179,2179,118,10,-23,-18,-21
59.515625,59,2179,2179,119,10,-23,-18,-21
59.519531,59,2179,2179,120,10,-23,-18,-21
59.523438,60,2179,2179,120,10,-23,-18,-21
59.527344,60,2179,2179,119,9,-23,-18,-21
59.531250,59,2179,2179,119,9,-23,-18,-21
59.535156,60,2179,2179,119,10,-23,-18,-21
59.539062,60,2179,2179,119,10,-23,-18,-21
59.542969,60,2179,2179,119,10,-23,-18,-21
59.546875,59,2179,2179,119,10,-23,-18,-21
59.550781,59,2179,2179,121,10,-23,-18,-21
59.554688,59,2179,2179,122,10,-23,-18,-21
59.558594,59,2179,2179,123,10,-23,-18,-21
59.562500,59,2179,2179,124,10,-23,-19,-21
59.566406,59,2179,2179,124,10,-23,-19,-21
59.570312,59,2179,2179,124,10,-23,-19,-21
59.574219,59,2179,2179,124,10,-23,-18,-21
59.578125,59,2179,2179,124,10,-23,-18,-21
59.582031,58,2179,2179,124,10,-23,-18,-21
59.585938,58,2179,2179,124,10,-23,-18,-21
59.589844,58,2179,2179,124,10,-23,-18,-21
59.593750,58,2179,2179,125,9,-23,-18,-21
59.597656,58,2179,2179,125,9,-23,-18,-21
59.601562,58,2179,2179,126,10,-23,-18,-21
59.605469,58,2179,2179,126,10,-23,-19,-22
59.609375,58,2179,2179,126,10,-23,-19,-22
59.613281,58,2179,2179,126,10,-24,-18,-22
59.617188,58,2179,2179,127,10,-24,-18,-22
59.621094,58,2179,2179,127,10,-23,-18,-21
59.625000,58,2179,2179,127,10,-23,-18,-21
59.628906,58,2179,2179,129,10,-23,-18,-21
59.632812,57,2179,2179,130,10,-23,-18,-21
59.636719,57,2179,2179,131,11,-23,-18,-21
59.640625,57,2179,2179,132,11,-23,-18,-21
59.644531,57,2179,2179,132,11,-23,-19,-21
59.648438,57,2179,2179,132,11,-24,-19,-22
59.652344,56,2179,2179,132,12,-24,-19,-22
59.656250,57,2179,2179,131,12,-24,-19,-22
59.660156,57,2179,2179,131,11,-24,-20,-22
59.664062,57,2179,2179,130,11,-24,-20,-22
59.667969,57,2179,2179,131,11,-24,-20,-23
59.671875,58,2179,2179,131,11,-24,-20,-22
59.675781,58,2179,2179,131,11,-24,-20,-22
59.679688,58,2179,2179,131,10,-24,-19,-22
59.683594,58,2179,2179,132,11,-24,-19,-22
59.687500,58,2179,2179,133,11,-24,-19,-22
59.691406,59,2179,2179,133,11,-24,-19,-22
59.695312,59,2179,2179,133,11,-24,-19,-22
59.699219,59,2179,2179,133,11,-23,-18,-21
59.703125,59,2179,2179,134,11,-23,-18,-21
59.707031,59,2179,2179,133,11,-23,-18,-21
59.710938,59,2179,2179,133,11,-23,-18,-21
59.714844,59,2179,2179,133,10,-23,-18,-21
59.718750,59,2179,2179,133,11,-23,-18,-22
59.722656,59,2179,2179,133,11,-24,-18,-22
59.726562,59,2179,2179,133,10,-24,-19,-22
59.730469,59,2179,2179,134,10,-24,-19,-22
59.734375,59,2179,2179,135,10,-24,-19,-22
59.738281,59,2179,2179,135,10,-23,-19,-22
59.742188,58,2179,2179,136,10,-23,-19,-21
59.746094,58,2179,2179,136,10,-23,-19,-22
59.750000,58,2179,2179,137,10,-23,-19,-21
59.753906,58,2179,2179,137,10,-24,-19,-22
59.757812,58,2179,2179,137,10,-24,-19,-22
59.761719,58,2179,2179,137,10,-24,-19,-22
59.765625,58,2179,2179,137,10,-24,-19,-22
59.769531,58,2179,2179,136,10,-24,-19,-22
59.773438,58,2179,2179,136,10,-24,-19,-22
59.777344,57,2179,2179,136,10,-24,-18,-22
59.781250,56,2179,2179,137,10,-23,-19,-22
59.785156,56,2179,2179,137,11,-23,-19,-22
59.789062,56,2179,2179,137,11,-24,-19,-22
59.792969,56,2179,2179,137,11,-24,-19,-22
59.796875,55,2179,2179,138,11,-24,-19,-22
59.800781,55,2179,2179,138,11,-24,-20,-22
59.804688,56,2179,2179,138,11,-25,-20,-23
59.808594,56,2179,2179,138,10,-25,-20,-23
59.812500,56,2179,2179,139,10,-25,-20,-23
59.816406,56,2179,2179,139,11,-24,-20,-22
59.820312,56,2179,2179,139,10,-24,-19,-22
59.824219,56,2179,2179,138,10,-24,-19,-22
59.828125,56,2179,2179,138,10,-24,-19,-22
59.832031,56,2179,2179,138,10,-24,-19,-22
59.835938,56,2179,2179,138,10,-24,-19,-22
59.839844,56,2179,2179,137,10,-23,-19,-22
59.843750,56,2179,2179,137,10,-23,-18,-22
59.847656,56,2179,2179,138,10,-23,-19,-22
59.851562,56,2179,2179,138,11,-23,-18,-22
59.855469,56,2179,2179,139,11,-23,-18,-21
59.859375,56,2179,2179,139,10,-23,-18,-21
59.863281,56,2179,2179,139,11,-23,-18,-21
59.867188,56,2179,2179,140,11,-23,-18,-21
59.871094,56,2179,2179,140,11,-23,-18,-21
59.875000,56,2179,2179,140,10,-23,-18,-21
59.878906,56,2179,2179,140,10,-23,-18,-21
59.882812,55,2179,2179,140,10,-23,-19,-21
59.886719,55,2179,2179,141,10,-23,-18,-21
59.890625,56,2179,2179,140,10,-23,-18,-21
59.894531,55,2179,2179,141,10,-23,-18,-21
59.898438,55,2179,2179,141,10,-23,-18,-21
59.902344,55,2179,2179,141,10,-23,-18,-21
59.906250,55,2179,2179,141,10,-23,-18,-21
59.910156,55,2179,2179,140,10,-23,-18,-21
59.914062,55,2179,2179,141,10,-23,-18,-21
59.917969,55,2179,2179,141,10,-22,-18,-21
59.921875,56,2179,2179,142,10,-22,-18,-21
59.925781,56,2179,2179,141,10,-22,-18,-21
59.929688,56,2179,2179,141,10,-23,-18,-21
59.933594,56,2179,2179,142,10,-23,-18,-21
59.937500,56,2179,2179,142,10,-23,-18,-21
59.941406,56,2179,2179,141,10,-23,-18,-21
59.945312,56,2179,2179,141,10,-23,-18,-21
59.949219,56,2179,2179,142,10,-23,-18,-21
59.953125,55,2179,2179,142,10,-23,-19,-22
59.957031,56,2179,2179,142,10,-23,-19,-22
59.960938,56,2179,2179,142,10,-24,-19,-22
59.964844,55,2179,2179,142,10,-24,-19,-22
59.968750,55,2179,2179,142,10,-24,-19,-22
59.972656,56,2179,2179,142,10,-24,-19,-22
59.976562,55,2179,2179,141,10,-24,-19,-22
59.980469,55,2179,2179,141,10,-24,-19,-22
59.984375,55,2179,2179,142,10,-23,-19,-21
59.988281,55,2179,2179,142,10,-23,-18,-21
59.992188,55,2179,2179,142,10,-23,-18,-21
59.996094,54,2179,2179,142,10,-23,-18,-21
