time_s,raw_ch1,raw_ch2,raw_ch3,raw_ch4,raw_ch5,raw_ch6,raw_ch7,raw_ch8
0.000000,35,2179,2179,181,4,-27,-22,-25
0.003906,35,2179,2179,182,4,-27,-22,-24
0.007812,35,2179,2179,182,4,-27,-22,-24
0.011719,35,2179,2179,182,4,-27,-22,-24
0.015625,35,2179,2179,182,4,-27,-22,-24
0.019531,35,2179,2179,183,4,-27,-23,-25
0.023438,35,2179,2179,182,4,-27,-22,-25
0.027344,35,2179,2179,182,4,-27,-22,-25
0.031250,34,2179,2179,182,4,-27,-22,-25
0.035156,34,2179,2179,182,4,-27,-22,-25
0.039062,34,2179,2179,182,4,-27,-22,-25
0.042969,34,2179,2179,182,4,-27,-22,-25
0.046875,33,2179,2179,182,3,-27,-22,-25
0.050781,33,2179,2179,182,4,-27,-22,-25
0.054688,33,2179,2179,182,4,-27,-22,-25
0.058594,33,2179,2179,182,4,-27,-22,-25
0.062500,33,2179,2179,182,3,-27,-22,-25
0.066406,32,2179,2179,182,3,-27,-22,-25
0.070312,32,2179,2179,182,4,-27,-22,-25
0.074219,32,2179,2179,183,4,-27,-22,-25
0.078125,32,2179,2179,183,3,-27,-22,-25
0.082031,32,2179,2179,183,4,-27,-22,-25
0.085938,32,2179,2179,183,4,-27,-22,-25
0.089844,32,2179,2179,183,4,-27,-22,-25
0.093750,33,2179,2179,182,4,-27,-22,-25
0.097656,33,2179,2179,182,4,-27,-22,-24
0.101562,33,2179,2179,182,4,-27,-22,-25
0.105469,33,2179,2179,181,4,-27,-22,-25
0.109375,33,2179,2179,181,4,-27,-22,-25
0.113281,33,2179,2179,181,4,-27,-22,-24
0.117188,33,2179,2179,181,3,-27,-22,-25
0.121094,33,2179,2179,182,4,-27,-22,-25
0.125000,33,2179,2179,182,4,-27,-22,-25
0.128906,33,2179,2179,182,3,-27,-22,-25
0.132812,33,2179,2179,182,4,-27,-22,-25
0.136719,33,2179,2179,183,4,-27,-22,-24
0.140625,33,2179,2179,182,4,-27,-22,-25
0.144531,33,2179,2179,182,3,-27,-22,-25
0.148438,33,2179,2179,182,4,-27,-22,-25
0.152344,33,2179,2179,182,4,-27,-22,-25
0.156250,33,2179,2179,182,4,-27,-22,-25
0.160156,33,2179,2179,182,4,-27,-22,-25
0.164062,33,2179,2179,182,4,-27,-22,-25
0.167969,32,2179,2179,182,4,-27,-22,-25
0.171875,32,2179,2179,183,5,-27,-22,-25
0.175781,32,2179,2179,183,4,-27,-22,-25
0.179688,32,2179,2179,183,4,-27,-22,-24
0.183594,32,2179,2179,183,4,-27,-22,-24
0.187500,31,2179,2179,184,4,-27,-22,-24
0.191406,32,2179,2179,184,4,-27,-22,-24
0.195312,32,2179,2179,184,4,-27,-22,-24
0.199219,31,2179,2179,184,4,-27,-22,-24
0.203125,31,2179,2179,184,5,-27,-22,-24
0.207031,31,2179,2179,184,5,-27,-22,-24
0.210938,31,2179,2179,183,4,-27,-22,-25
0.214844,31,2179,2179,183,4,-27,-22,-24
0.218750,31,2179,2179,183,4,-27,-22,-25
0.222656,31,2179,2179,183,4,-27,-22,-25
0.226562,31,2179,2179,182,4,-27,-22,-25
0.230469,31,2179,2179,182,4,-27,-22,-25
0.234375,31,2179,2179,181,3,-27,-22,-25
0.238281,31,2179,2179,182,4,-27,-22,-25
0.242188,31,2179,2179,182,4,-27,-22,-25
0.246094,30,2179,2179,182,3,-27,-22,-25
0.250000,30,2179,2179,182,3,-27,-22,-25
0.253906,30,2179,2179,182,3,-27,-22,-25
0.257812,30,2179,2179,182,3,-27,-22,-25
0.261719,29,2179,2179,183,3,-27,-22,-24
0.265625,29,2179,2179,183,3,-27,-22,-25
0.269531,29,2179,2179,183,3,-27,-22,-25
0.273438,28,2179,2179,183,4,-27,-22,-25
0.277344,28,2179,2179,183,3,-27,-22,-25
0.281250,28,2179,2179,182,3,-27,-22,-25
0.285156,28,2179,2179,182,4,-27,-22,-25
0.289062,27,2179,2179,182,4,-27,-22,-25
0.292969,27,2179,2179,182,4,-27,-22,-25
0.296875,27,2179,2179,182,3,-27,-22,-25
0.300781,26,2179,2179,182,4,-27,-22,-25
0.304688,26,2179,2179,183,4,-27,-22,-25
0.308594,26,2179,2179,183,4,-27,-22,-24
0.312500,25,2179,2179,182,4,-27,-22,-24
0.316406,24,2179,2179,179,3,-27,-22,-24
0.320312,24,2179,2179,173,4,-27,-22,-25
0.324219,23,2179,2179,162,4,-27,-22,-25
0.328125,22,2179,2179,146,3,-27,-22,-25
0.332031,22,2179,2179,127,3,-27,-22,-25
0.335938,21,2179,2179,107,4,-27,-22,-25
0.339844,21,2179,2179,89,4,-27,-22,-25
0.343750,20,2179,2179,75,4,-27,-22,-25
0.347656,20,2179,2179,66,4,-27,-22,-25
0.351562,19,2179,2179,62,4,-27,-22,-25
0.355469,19,2179,2179,59,4,-27,-22,-25
0.359375,19,2179,2179,56,4,-27,-22,-25
0.363281,18,2179,2179,53,4,-27,-22,-25
0.367188,18,2179,2179,47,4,-27,-22,-25
0.371094,17,2179,2179,41,4,-27,-22,-25
0.375000,17,2179,2179,33,4,-27,-22,-24
0.378906,17,2179,2179,26,4,-27,-22,-24
0.382812,16,2179,2179,20,4,-27,-22,-24
0.386719,16,2179,2179,18,4,-27,-22,-24
0.390625,16,2179,2179,17,4,-27,-22,-25
0.394531,16,2179,2179,16,4,-27,-22,-24
0.398438,16,2179,2179,17,4,-27,-22,-24
0.402344,15,2179,2179,18,4,-27,-22,-24
0.406250,15,2179,2179,18,4,-27,-22,-25
0.410156,15,2179,2179,17,3,-27,-22,-25
0.414062,15,2179,2179,16,3,-27,-22,-25
0.417969,15,2179,2179,15,3,-27,-22,-25
0.421875,15,2179,2179,14,3,-27,-22,-25
0.425781,15,2179,2179,14,3,-27,-22,-25
0.429688,14,2179,2179,13,3,-27,-22,-25
0.433594,14,2179,2179,14,3,-27,-22,-25
0.437500,14,2179,2179,15,4,-27,-22,-25
0.441406,14,2179,2179,15,4,-27,-22,-25
0.445312,13,2179,2179,15,3,-27,-22,-25
0.449219,13,2179,2179,15,3,-27,-22,-25
0.453125,12,2179,2179,16,4,-27,-22,-25
0.457031,12,2179,2179,15,4,-27,-22,-25
0.460938,13,2179,2179,15,4,-27,-22,-24
0.464844,12,2179,2179,15,4,-27,-22,-25
0.468750,12,2179,2179,15,4,-27,-22,-25
0.472656,12,2179,2179,15,4,-27,-22,-25
0.476562,11,2179,2179,15,4,-27,-22,-24
0.480469,11,2179,2179,15,4,-27,-22,-25
0.484375,11,2179,2179,14,4,-27,-22,-24
0.488281,11,2179,2179,15,4,-27,-22,-25
0.492188,11,2179,2179,15,4,-27,-22,-24
0.496094,11,2179,2179,15,4,-27,-22,-24
0.500000,11,2179,2179,15,4,-27,-22,-24
0.503906,10,2179,2179,15,4,-27,-22,-25
0.507812,11,2179,2179,14,4,-27,-22,-25
0.511719,11,2179,2179,14,4,-27,-22,-23
0.515625,10,2179,2179,14,4,-27,-22,-25
0.519531,10,2179,2179,14,4,-27,-22,-25
0.523438,10,2179,2179,15,4,-27,-22,-25
0.527344,10,2179,2179,15,3,-27,-22,-25
0.531250,9,2179,2179,15,3,-27,-22,-25
0.535156,9,2179,2179,16,4,-27,-22,-25
0.539062,9,2179,2179,15,4,-27,-22,-25
0.542969,9,2179,2179,15,4,-27,-22,-25
0.546875,9,2179,2179,15,4,-27,-22,-25
0.550781,8,2179,2179,15,4,-27,-22,-25
0.554688,8,2179,2179,15,4,-27,-22,-25
0.558594,8,2179,2179,14,4,-27,-22,-25
0.562500,8,2179,2179,14,4,-27,-22,-25
0.566406,8,2179,2179,14,4,-27,-22,-25
0.570312,8,2179,2179,14,4,-27,-22,-25
0.574219,8,2179,2179,15,4,-27,-22,-25
0.578125,8,2179,2179,15,4,-27,-22,-24
0.582031,8,2179,2179,15,4,-27,-22,-24
0.585938,7,2179,2179,15,4,-27,-22,-24
0.589844,7,2179,2179,16,4,-27,-22,-24
0.593750,8,2179,2179,15,4,-27,-22,-25
0.597656,8,2179,2179,15,3,-27,-22,-25
0.601562,7,2179,2179,15,4,-27,-22,-25
0.605469,7,2179,2179,15,4,-27,-22,-25
0.609375,7,2179,2179,14,4,-27,-22,-25
0.613281,7,2179,2179,15,3,-27,-22,-25
0.617188,7,2179,2179,15,3,-27,-22,-25
0.621094,7,2179,2179,15,4,-27,-22,-25
0.625000,7,2179,2179,15,3,-27,-22,-25
0.628906,7,2179,2179,15,3,-27,-22,-25
0.632812,7,2179,2179,15,4,-27,-22,-25
0.636719,7,2179,2179,15,4,-27,-22,-25
0.640625,6,2179,2179,15,4,-27,-22,-25
0.644531,6,2179,2179,15,4,-27,-22,-25
0.648438,6,2179,2179,15,4,-27,-22,-25
0.652344,6,2179,2179,15,4,-27,-22,-25
0.656250,5,2179,2179,15,4,-27,-22,-25
0.660156,5,2179,2179,15,4,-27,-22,-25
0.664062,5,2179,2179,14,3,-27,-22,-25
0.667969,5,2179,2179,14,3,-27,-22,-25
0.671875,5,2179,2179,14,4,-27,-22,-25
0.675781,5,2179,2179,14,4,-27,-22,-25
0.679688,5,2179,2179,14,3,-27,-22,-24
0.683594,5,2179,2179,14,3,-27,-22,-24
0.687500,5,2179,2179,14,4,-27,-22,-24
0.691406,6,2179,2179,14,4,-27,-22,-24
0.695312,6,2179,2179,14,3,-27,-22,-24
0.699219,6,2179,2179,14,3,-27,-22,-24
0.703125,6,2179,2179,14,3,-27,-22,-24
0.707031,6,2179,2179,14,3,-27,-22,-24
0.710938,6,2179,2179,14,3,-27,-22,-24
0.714844,6,2179,2179,14,3,-27,-22,-24
0.718750,6,2179,2179,14,3,-27,-22,-25
0.722656,6,2179,2179,14,4,-27,-22,-24
0.726562,6,2179,2179,14,3,-27,-22,-25
0.730469,6,2179,2179,15,3,-27,-22,-25
0.734375,6,2179,2179,15,4,-27,-22,-25
0.738281,5,2179,2179,15,4,-27,-22,-25
0.742188,6,2179,2179,16,4,-27,-22,-25
0.746094,6,2179,2179,15,4,-27,-22,-25
0.750000,5,2179,2179,15,4,-27,-22,-25
0.753906,5,2179,2179,15,4,-27,-22,-25
0.757812,5,2179,2179,15,4,-27,-22,-25
0.761719,5,2179,2179,15,4,-27,-22,-25
0.765625,5,2179,2179,15,4,-27,-22,-24
0.769531,4,2179,2179,15,4,-27,-22,-25
0.773438,4,2179,2179,16,4,-27,-22,-24
0.777344,5,2179,2179,15,4,-27,-22,-24
0.781250,4,2179,2179,15,4,-27,-22,-24
0.785156,4,2179,2179,16,5,-27,-22,-24
0.789062,4,2179,2179,16,4,-27,-22,-24
0.792969,4,2179,2179,16,4,-27,-22,-25
0.796875,4,2179,2179,15,4,-27,-22,-25
0.800781,4,2179,2179,15,4,-27,-22,-25
0.804688,3,2179,2179,16,4,-27,-22,-25
0.808594,4,2179,2179,15,4,-27,-22,-25
0.812500,4,2179,2179,15,4,-27,-22,-24
0.816406,3,2179,2179,15,3,-27,-22,-25
0.820312,3,2179,2179,15,4,-27,-22,-25
0.824219,3,2179,2179,15,4,-27,-22,-25
0.828125,3,2179,2179,15,3,-27,-22,-25
0.832031,3,2179,2179,14,3,-27,-22,-25
0.835938,3,2179,2179,14,4,-27,-22,-25
0.839844,3,2179,2179,14,4,-27,-22,-25
0.843750,3,2179,2179,13,3,-27,-22,-25
0.847656,3,2179,2179,13,3,-27,-22,-25
0.851562,2,2179,2179,13,3,-27,-22,-25
0.855469,2,2179,2179,13,4,-27,-22,-25
0.859375,2,2179,2179,14,4,-27,-22,-25
0.863281,2,2179,2179,14,3,-27,-22,-25
0.867188,1,2179,2179,15,3,-27,-22,-25
0.871094,1,2179,2179,15,4,-27,-22,-25
0.875000,1,2179,2179,16,4,-27,-22,-24
0.878906,1,2179,2179,15,3,-27,-22,-25
0.882812,1,2179,2179,15,3,-27,-22,-25
0.886719,1,2179,2179,15,4,-27,-22,-26
0.890625,1,2179,2179,15,4,-27,-22,-25
0.894531,1,2179,2179,14,3,-27,-22,-25
0.898438,2,2179,2179,14,3,-27,-22,-25
0.902344,1,2179,2179,14,4,-27,-22,-25
0.906250,2,2179,2179,14,4,-27,-22,-25
0.910156,2,2179,2179,14,3,-27,-22,-25
0.914062,2,2179,2179,14,3,-27,-22,-25
0.917969,3,2179,2179,14,3,-27,-22,-25
0.921875,3,2179,2179,15,4,-27,-22,-25
0.925781,3,2179,2179,15,4,-27,-22,-25
0.929688,3,2179,2179,15,4,-27,-22,-25
0.933594,3,2179,2179,15,4,-27,-22,-25
0.937500,3,2179,2179,16,4,-27,-22,-25
0.941406,3,2179,2179,16,5,-27,-22,-25
0.945312,3,2179,2179,16,4,-27,-22,-25
0.949219,3,2179,2179,15,4,-27,-22,-25
0.953125,2,2179,2179,16,4,-27,-22,-25
0.957031,2,2179,2179,15,4,-27,-22,-25
0.960938,3,2179,2179,15,4,-27,-22,-25
0.964844,2,2179,2179,15,4,-27,-22,-25
0.968750,2,2179,2179,15,4,-27,-22,-24
0.972656,2,2179,2179,15,4,-27,-22,-24
0.976562,2,2179,2179,15,3,-27,-22,-25
0.980469,2,2179,2179,15,4,-27,-22,-25
0.984375,2,2179,2179,16,4,-27,-22,-25
0.988281,2,2179,2179,14,4,-27,-22,-25
0.992188,2,2179,2179,14,4,-27,-22,-25
0.996094,2,2179,2179,14,4,-27,-22,-25
1.000000,1,2179,2179,14,4,-27,-22,-25
1.003906,1,2179,2179,14,4,-27,-22,-25
1.007812,1,2179,2179,14,4,-27,-22,-25
1.011719,1,2179,2179,14,4,-27,-22,-25
1.015625,1,2179,2179,14,3,-27,-22,-25
1.019531,0,2179,2179,14,4,-27,-22,-25
1.023438,0,2179,2179,14,4,-27,-22,-25
1.027344,0,2179,2179,14,3,-27,-22,-25
1.031250,0,2179,2179,14,3,-27,-22,-25
1.035156,0,2179,2179,14,4,-27,-22,-25
1.039062,0,2179,2179,14,4,-27,-22,-25
1.042969,0,2179,2179,14,4,-27,-22,-25
1.046875,0,2179,2179,14,3,-27,-22,-25
1.050781,0,2179,2179,14,3,-27,-22,-25
1.054688,0,2179,2179,15,4,-27,-22,-25
1.058594,0,2179,2179,15,4,-27,-22,-25
1.062500,0,2179,2179,14,3,-27,-22,-25
1.066406,0,2179,2179,14,3,-27,-22,-25
1.070312,0,2179,2179,14,4,-27,-22,-25
1.074219,0,2179,2179,14,4,-27,-22,-25
1.078125,0,2179,2179,14,3,-27,-22,-25
1.082031,1,2179,2179,14,3,-27,-22,-25
1.085938,1,2179,2179,14,4,-27,-22,-24
1.089844,1,2179,2179,14,4,-27,-22,-25
1.093750,1,2179,2179,14,3,-27,-22,-24
1.097656,1,2179,2179,14,3,-27,-22,-25
1.101562,1,2179,2179,15,3,-27,-22,-24
1.105469,1,2179,2179,15,4,-27,-22,-24
1.109375,1,2179,2179,15,4,-27,-22,-24
1.113281,2,2179,2179,15,3,-27,-22,-25
1.117188,2,2179,2179,15,3,-27,-22,-25
1.121094,2,2179,2179,15,4,-27,-22,-25
1.125000,2,2179,2179,15,4,-27,-22,-25
1.128906,3,2179,2179,15,3,-27,-22,-25
1.132812,3,2179,2179,15,3,-27,-22,-25
1.136719,2,2179,2179,15,4,-27,-22,-25
1.140625,2,2179,2179,15,4,-27,-22,-25
1.144531,2,2179,2179,15,4,-27,-22,-25
1.148438,2,2179,2179,15,4,-27,-22,-25
1.152344,2,2179,2179,15,4,-27,-22,-25
1.156250,2,2179,2179,15,4,-27,-22,-25
1.160156,2,2179,2179,14,4,-27,-22,-25
1.164062,2,2179,2179,14,4,-27,-22,-25
1.167969,2,2179,2179,15,4,-27,-22,-25
1.171875,2,2179,2179,15,4,-27,-22,-24
1.175781,2,2179,2179,15,4,-27,-22,-24
1.179688,2,2179,2179,15,4,-27,-22,-24
1.183594,2,2179,2179,15,4,-27,-22,-24
1.187500,2,2179,2179,16,4,-27,-22,-24
1.191406,3,2179,2179,16,4,-27,-22,-25
1.195312,3,2179,2179,15,4,-27,-22,-24
1.199219,3,2179,2179,14,4,-27,-22,-24
1.203125,3,2179,2179,14,4,-27,-22,-24
1.207031,3,2179,2179,14,4,-27,-22,-24
1.210938,4,2179,2179,13,4,-27,-22,-25
1.214844,4,2179,2179,13,4,-27,-22,-25
1.218750,3,2179,2179,13,4,-27,-22,-25
1.222656,3,2179,2179,14,4,-27,-22,-25
1.226562,3,2179,2179,14,3,-27,-22,-25
1.230469,3,2179,2179,14,4,-27,-22,-25
1.234375,3,2179,2179,14,4,-27,-22,-25
1.238281,3,2179,2179,14,4,-27,-22,-25
1.242188,3,2179,2179,14,4,-27,-22,-25
1.246094,3,2179,2179,14,3,-27,-22,-25
1.250000,3,2179,2179,14,3,-27,-22,-25
1.253906,3,2179,2179,14,4,-27,-22,-25
1.257812,4,2179,2179,15,3,-27,-22,-25
1.261719,4,2179,2179,15,3,-27,-22,-25
1.265625,4,2179,2179,15,3,-27,-22,-25
1.269531,3,2179,2179,15,3,-27,-22,-24
1.273438,4,2179,2179,15,4,-27,-22,-25
1.277344,4,2179,2179,14,3,-27,-22,-25
1.281250,4,2179,2179,14,3,-27,-22,-25
1.285156,4,2179,2179,14,3,-27,-22,-25
1.289062,5,2179,2179,14,4,-27,-22,-25
1.292969,5,2179,2179,14,4,-27,-22,-25
1.296875,5,2179,2179,14,3,-27,-22,-25
1.300781,5,2179,2179,14,3,-27,-22,-25
1.304688,6,2179,2179,15,4,-27,-22,-25
1.308594,6,2179,2179,15,4,-27,-22,-25
1.312500,7,2179,2179,15,3,-27,-22,-25
1.316406,7,2179,2179,15,4,-27,-22,-25
1.320312,7,2179,2179,14,4,-27,-22,-25
1.324219,8,2179,2179,14,4,-27,-22,-25
1.328125,8,2179,2179,13,4,-27,-22,-25
1.332031,8,2179,2179,13,4,-27,-22,-25
1.335938,7,2179,2179,14,4,-27,-22,-25
1.339844,8,2179,2179,14,5,-27,-22,-25
1.343750,8,2179,2179,15,4,-27,-22,-25
1.347656,8,2179,2179,15,4,-27,-22,-25
1.351562,8,2179,2179,16,3,-27,-22,-25
1.355469,8,2179,2179,16,4,-27,-22,-25
1.359375,9,2179,2179,15,4,-27,-22,-25
1.363281,9,2179,2179,15,4,-27,-22,-25
1.367188,9,2179,2179,14,4,-27,-22,-25
1.371094,9,2179,2179,14,4,-27,-22,-25
1.375000,10,2179,2179,14,4,-27,-22,-24
1.378906,11,2179,2179,14,4,-27,-22,-24
1.382812,11,2179,2179,15,4,-27,-22,-25
1.386719,11,2179,2179,15,4,-27,-22,-25
1.390625,11,2179,2179,16,4,-27,-22,-25
1.394531,12,2179,2179,15,4,-27,-22,-25
1.398438,12,2179,2179,15,4,-27,-22,-25
1.402344,12,2179,2179,15,4,-27,-22,-25
1.406250,13,2179,2179,15,4,-27,-22,-25
1.410156,13,2179,2179,14,4,-27,-22,-25
1.414062,14,2179,2179,14,3,-27,-22,-25
1.417969,14,2179,2179,14,3,-27,-22,-25
1.421875,14,2179,2179,14,3,-27,-22,-25
1.425781,15,2179,2179,14,3,-27,-22,-25
1.429688,15,2179,2179,14,3,-27,-22,-25
1.433594,15,2179,2179,14,3,-27,-22,-25
1.437500,15,2179,2179,15,3,-27,-22,-25
1.441406,15,2179,2179,15,3,-27,-22,-25
1.445312,15,2179,2179,14,3,-27,-22,-25
1.449219,16,2179,2179,14,3,-27,-22,-25
1.453125,15,2179,2179,14,3,-27,-22,-25
1.457031,15,2179,2179,13,4,-27,-22,-25
1.460938,15,2179,2179,13,3,-27,-22,-25
1.464844,16,2179,2179,13,3,-27,-22,-25
1.468750,16,2179,2179,13,4,-27,-22,-25
1.472656,16,2179,2179,14,4,-27,-22,-24
1.476562,17,2179,2179,14,3,-27,-22,-24
1.480469,17,2179,2179,14,4,-27,-22,-24
1.484375,17,2179,2179,14,4,-27,-22,-24
1.488281,18,2179,2179,14,4,-27,-22,-24
1.492188,18,2179,2179,14,4,-27,-22,-25
1.496094,19,2179,2179,13,4,-27,-22,-24
1.500000,19,2179,2179,13,4,-27,-22,-25
1.503906,19,2179,2179,13,4,-27,-22,-25
1.507812,20,2179,2179,13,4,-27,-22,-25
1.511719,21,2179,2179,12,3,-27,-22,-25
1.515625,21,2179,2179,12,3,-27,-22,-25
1.519531,21,2179,2179,13,4,-27,-22,-25
1.523438,22,2179,2179,13,4,-27,-22,-25
1.527344,23,2179,2179,13,3,-27,-22,-25
1.531250,23,2179,2179,14,4,-27,-22,-25
1.535156,23,2179,2179,14,4,-27,-22,-25
1.539062,24,2179,2179,15,4,-27,-22,-25
1.542969,25,2179,2179,14,4,-27,-22,-25
1.546875,25,2179,2179,14,4,-27,-22,-25
1.550781,25,2179,2179,14,4,-27,-22,-25
1.554688,26,2179,2179,14,4,-27,-22,-25
1.558594,26,2179,2179,14,4,-27,-22,-25
1.562500,26,2179,2179,14,4,-27,-22,-25
1.566406,27,2179,2179,14,4,-27,-22,-25
1.570312,27,2179,2179,15,4,-27,-22,-25
1.574219,28,2179,2179,15,5,-27,-22,-24
1.578125,29,2179,2179,14,4,-27,-22,-24
1.582031,29,2179,2179,15,4,-27,-22,-25
1.585938,30,2179,2179,15,4,-27,-22,-25
1.589844,30,2179,2179,15,4,-27,-22,-25
1.593750,31,2179,2179,15,4,-26,-22,-24
1.597656,31,2179,2179,15,4,-27,-22,-25
1.601562,31,2179,2179,16,4,-27,-22,-24
1.605469,31,2179,2179,15,4,-27,-22,-25
1.609375,32,2179,2179,15,4,-27,-22,-25
1.613281,32,2179,2179,15,3,-27,-22,-25
1.617188,32,2179,2179,15,3,-27,-22,-25
1.621094,32,2179,2179,15,4,-27,-22,-25
1.625000,32,2179,2179,15,4,-27,-22,-25
1.628906,33,2179,2179,15,4,-27,-22,-25
1.632812,32,2179,2179,15,4,-27,-22,-25
1.636719,32,2179,2179,15,4,-27,-22,-25
1.640625,32,2179,2179,15,4,-27,-22,-25
1.644531,33,2179,2179,15,4,-27,-22,-25
1.648438,33,2179,2179,15,4,-27,-22,-25
1.652344,33,2179,2179,15,4,-27,-22,-25
1.656250,33,2179,2179,15,4,-27,-22,-25
1.660156,33,2179,2179,15,4,-27,-22,-25
1.664062,34,2179,2179,15,4,-27,-22,-24
1.667969,34,2179,2179,15,3,-27,-22,-24
1.671875,34,2179,2179,15,4,-27,-22,-24
1.675781,34,2179,2179,15,4,-27,-22,-24
1.679688,34,2179,2179,15,3,-27,-22,-24
1.683594,34,2179,2179,15,3,-27,-22,-24
1.687500,34,2179,2179,15,3,-27,-22,-25
1.691406,34,2179,2179,15,3,-27,-22,-25
1.695312,34,2179,2179,15,3,-27,-22,-25
1.699219,34,2179,2179,15,3,-27,-22,-25
1.703125,34,2179,2179,15,4,-27,-22,-25
1.707031,34,2179,2179,15,4,-27,-22,-25
1.710938,35,2179,2179,15,3,-27,-22,-25
1.714844,35,2179,2179,15,3,-27,-22,-25
1.718750,34,2179,2179,15,4,-28,-22,-25
1.722656,35,2179,2179,15,4,-27,-22,-25
1.726562,35,2179,2179,15,5,-27,-22,-25
1.730469,35,2179,2179,15,4,-27,-22,-25
1.734375,34,2179,2179,15,4,-27,-22,-25
1.738281,34,2179,2179,16,4,-27,-22,-25
1.742188,34,2179,2179,16,4,-27,-22,-25
1.746094,34,2179,2179,15,4,-27,-22,-25
1.750000,34,2179,2179,15,4,-27,-22,-25
1.753906,34,2179,2179,16,4,-27,-22,-25
1.757812,34,2179,2179,16,5,-27,-22,-25
1.761719,33,2179,2179,15,4,-27,-22,-25
1.765625,33,2179,2179,15,4,-27,-22,-24
1.769531,33,2179,2179,16,5,-27,-22,-24
1.773438,33,2179,2179,15,4,-27,-22,-24
1.777344,33,2179,2179,15,4,-27,-22,-24
1.781250,33,2179,2179,15,4,-27,-22,-24
1.785156,32,2179,2179,15,4,-27,-22,-25
1.789062,32,2179,2179,15,4,-27,-22,-25
1.792969,32,2179,2179,15,4,-27,-22,-25
1.796875,32,2179,2179,15,4,-27,-22,-24
1.800781,31,2179,2179,15,4,-27,-22,-24
1.804688,31,2179,2179,15,4,-27,-22,-24
1.808594,32,2179,2179,15,4,-27,-22,-24
1.812500,32,2179,2179,15,3,-27,-22,-24
1.816406,31,2179,2179,15,3,-27,-22,-25
1.820312,31,2179,2179,15,4,-27,-22,-25
1.824219,31,2179,2179,15,4,-27,-22,-25
1.828125,31,2179,2179,15,3,-27,-22,-25
1.832031,31,2179,2179,15,3,-27,-22,-25
1.835938,30,2179,2179,15,4,-27,-22,-25
1.839844,30,2179,2179,15,4,-27,-22,-25
1.843750,30,2179,2179,15,3,-24,-22,-24
1.847656,30,2179,2179,15,3,-27,-22,-25
1.851562,30,2179,2179,15,5,-27,-22,-25
1.855469,29,2179,2179,15,4,-27,-22,-25
1.859375,29,2179,2179,15,3,-27,-22,-25
1.863281,29,2179,2179,15,3,-27,-22,-25
1.867188,29,2179,2179,15,3,-27,-22,-25
1.871094,29,2179,2179,15,4,-27,-22,-25
1.875000,29,2179,2179,15,3,-27,-22,-25
1.878906,29,2179,2179,15,3,-27,-22,-25
1.882812,29,2179,2179,15,3,-27,-22,-25
1.886719,30,2179,2179,15,4,-27,-22,-25
1.890625,30,2179,2179,15,4,-27,-22,-25
1.894531,31,2179,2179,15,3,-27,-22,-25
1.898438,31,2179,2179,15,3,-27,-22,-25
1.902344,31,2179,2179,15,4,-27,-22,-25
1.906250,31,2179,2179,15,4,-27,-22,-25
1.910156,32,2179,2179,15,3,-27,-22,-25
1.914062,32,2179,2179,15,3,-27,-22,-25
1.917969,32,2179,2179,15,3,-27,-22,-25
1.921875,32,2179,2179,15,4,-27,-22,-25
1.925781,32,2179,2179,15,4,-27,-22,-25
1.929688,32,2179,2179,15,4,-27,-22,-25
1.933594,32,2179,2179,15,4,-27,-22,-25
1.937500,32,2179,2179,16,4,-27,-22,-25
1.941406,33,2179,2179,16,4,-27,-22,-25
1.945312,33,2179,2179,15,4,-27,-22,-25
1.949219,32,2179,2179,15,4,-27,-22,-25
1.953125,32,2179,2179,15,4,-27,-22,-25
1.957031,32,2179,2179,15,4,-27,-22,-25
1.960938,32,2179,2179,15,4,-27,-22,-24
1.964844,32,2179,2179,15,4,-27,-22,-25
1.968750,32,2179,2179,15,4,-30,-22,-24
1.972656,32,2179,2179,15,4,-27,-22,-24
1.976562,33,2179,2179,15,4,-27,-22,-24
1.980469,33,2179,2179,15,4,-27,-22,-24
1.984375,33,2179,2179,15,4,-27,-22,-25
1.988281,33,2179,2179,15,4,-27,-22,-25
1.992188,33,2179,2179,15,4,-27,-22,-25
1.996094,34,2179,2179,15,3,-27,-22,-24
2.000000,34,2179,2179,15,3,-27,-22,-25
2.003906,34,2179,2179,15,4,-27,-22,-25
2.007812,34,2179,2179,15,3,-27,-22,-25
2.011719,35,2179,2179,15,3,-27,-22,-25
2.015625,35,2179,2179,15,3,-27,-22,-25
2.019531,35,2179,2179,15,4,-27,-22,-25
2.023438,36,2179,2179,15,4,-27,-22,-25
2.027344,36,2179,2179,15,3,-27,-22,-25
2.031250,36,2179,2179,15,4,-27,-22,-25
2.035156,36,2179,2179,15,4,-27,-22,-25
2.039062,35,2179,2179,15,4,-27,-22,-25
2.042969,36,2179,2179,15,4,-27,-22,-25
2.046875,35,2179,2179,15,4,-27,-22,-25
2.050781,35,2179,2179,15,4,-27,-22,-25
2.054688,35,2179,2179,15,4,-27,-22,-25
2.058594,35,2179,2179,15,4,-27,-22,-25
2.062500,36,2179,2179,15,3,-27,-22,-25
2.066406,35,2179,2179,15,3,-27,-22,-25
2.070312,35,2179,2179,15,4,-27,-22,-25
2.074219,36,2179,2179,15,4,-27,-22,-25
2.078125,36,2179,2179,15,3,-27,-21,-24
2.082031,36,2179,2179,15,3,-27,-22,-25
2.085938,35,2179,2179,15,4,-27,-22,-25
2.089844,36,2179,2179,15,4,-27,-22,-25
2.093750,36,2179,2179,15,3,-22,-22,-25
2.097656,36,2179,2179,15,3,-27,-22,-25
2.101562,36,2179,2179,15,4,-27,-22,-25
2.105469,36,2179,2179,15,4,-27,-22,-25
2.109375,37,2179,2179,15,4,-27,-22,-25
2.113281,37,2179,2179,15,3,-27,-22,-25
2.117188,37,2179,2179,15,3,-27,-22,-25
2.121094,37,2179,2179,16,4,-27,-22,-25
2.125000,37,2179,2179,16,4,-27,-22,-25
2.128906,37,2179,2179,16,3,-27,-22,-25
2.132812,37,2179,2179,16,3,-27,-22,-25
2.136719,37,2179,2179,16,4,-27,-22,-25
2.140625,37,2179,2179,16,4,-27,-22,-25
2.144531,37,2179,2179,15,3,-27,-22,-25
2.148438,37,2179,2179,15,4,-27,-22,-25
2.152344,37,2179,2179,15,4,-27,-22,-24
2.156250,36,2179,2179,15,4,-27,-22,-24
2.160156,37,2179,2179,15,4,-27,-22,-25
2.164062,37,2179,2179,15,4,-27,-22,-24
2.167969,37,2179,2179,15,4,-27,-22,-25
2.171875,37,2179,2179,16,4,-27,-22,-25
2.175781,38,2179,2179,16,4,-27,-22,-25
2.179688,38,2179,2179,15,4,-27,-22,-25
2.183594,37,2179,2179,15,4,-27,-22,-25
2.187500,38,2179,2179,15,4,-27,-22,-25
2.191406,38,2179,2179,16,4,-27,-22,-25
2.195312,38,2179,2179,15,4,-27,-22,-24
2.199219,38,2179,2179,16,4,-27,-22,-25
2.203125,38,2179,2179,16,4,-27,-22,-25
2.207031,38,2179,2179,16,4,-27,-22,-25
2.210938,39,2179,2179,16,4,-27,-22,-25
2.214844,39,2179,2179,16,4,-27,-22,-25
2.218750,38,2179,2179,16,4,-33,-22,-25
2.222656,39,2179,2179,16,4,-27,-22,-25
2.226562,39,2179,2179,16,4,-27,-22,-25
2.230469,39,2179,2179,16,4,-27,-22,-25
2.234375,38,2179,2179,17,4,-27,-22,-25
2.238281,38,2179,2179,17,4,-27,-22,-25
2.242188,38,2179,2179,17,4,-27,-22,-25
2.246094,38,2179,2179,17,3,-27,-22,-25
2.250000,38,2179,2179,17,3,-27,-22,-25
2.253906,39,2179,2179,17,3,-27,-22,-25
2.257812,39,2179,2179,17,3,-27,-22,-24
2.261719,39,2179,2179,16,3,-27,-22,-24
2.265625,39,2179,2179,16,3,-27,-22,-24
2.269531,39,2179,2179,17,3,-27,-22,-25
2.273438,39,2179,2179,17,3,-27,-22,-24
2.277344,39,2179,2179,17,3,-27,-22,-25
2.281250,39,2179,2179,17,3,-27,-22,-24
2.285156,39,2179,2179,17,3,-27,-22,-25
2.289062,39,2179,2179,18,4,-27,-22,-25
2.292969,40,2179,2179,18,4,-27,-22,-25
2.296875,40,2179,2179,18,3,-27,-22,-25
2.300781,39,2179,2179,19,4,-27,-22,-25
2.304688,40,2179,2179,19,4,-27,-22,-25
2.308594,40,2179,2179,20,4,-27,-22,-25
2.312500,40,2179,2179,20,4,-27,-22,-25
2.316406,40,2179,2179,20,4,-27,-22,-25
2.320312,40,2179,2179,21,4,-27,-22,-25
2.324219,41,2179,2179,22,4,-27,-22,-25
2.328125,41,2179,2179,23,4,-27,-22,-25
2.332031,41,2179,2179,23,4,-27,-22,-25
2.335938,41,2179,2179,25,4,-27,-22,-25
2.339844,41,2179,2179,26,4,-27,-22,-25
2.343750,41,2179,2179,27,4,-21,-22,-25
2.347656,41,2179,2179,28,4,-27,-22,-25
2.351562,41,2179,2179,29,4,-27,-22,-25
2.355469,41,2179,2179,30,4,-27,-22,-25
2.359375,41,2179,2179,31,4,-27,-22,-25
2.363281,41,2179,2179,32,4,-27,-22,-25
2.367188,41,2179,2179,33,4,-27,-22,-25
2.371094,41,2179,2179,35,4,-27,-22,-25
2.375000,41,2179,2179,36,4,-27,-22,-25
2.378906,41,2179,2179,38,4,-27,-22,-24
2.382812,40,2179,2179,39,4,-27,-22,-24
2.386719,40,2179,2179,40,4,-27,-22,-25
2.390625,40,2179,2179,41,4,-27,-22,-25
2.394531,41,2179,2179,42,4,-27,-22,-25
2.398438,41,2179,2179,43,4,-27,-22,-25
2.402344,41,2179,2179,44,4,-27,-22,-25
2.406250,41,2179,2179,45,4,-27,-22,-25
2.410156,41,2179,2179,45,4,-27,-22,-25
2.414062,42,2179,2179,46,3,-27,-22,-25
2.417969,41,2179,2179,48,3,-27,-22,-25
2.421875,41,2179,2179,49,4,-27,-22,-25
2.425781,41,2179,2179,50,4,-27,-22,-25
2.429688,41,2179,2179,52,3,-27,-22,-25
2.433594,41,2179,2179,53,3,-27,-22,-25
2.437500,41,2179,2179,56,4,-27,-22,-25
2.441406,41,2179,2179,58,4,-27,-22,-25
2.445312,41,2179,2179,60,3,-27,-22,-25
2.449219,41,2179,2179,62,3,-27,-22,-25
2.453125,40,2179,2179,64,3,-27,-22,-25
2.457031,40,2179,2179,66,3,-27,-22,-25
2.460938,40,2179,2179,67,3,-27,-21,-25
2.464844,40,2179,2179,68,3,-27,-22,-24
2.468750,40,2179,2179,70,4,-34,-22,-24
2.472656,40,2179,2179,72,4,-27,-22,-24
2.476562,41,2179,2179,73,3,-27,-22,-24
2.480469,41,2179,2179,75,4,-27,-22,-24
2.484375,41,2179,2179,77,4,-27,-22,-25
2.488281,41,2179,2179,79,4,-27,-22,-25
2.492188,41,2179,2179,81,4,-27,-22,-25
2.496094,42,2179,2179,82,3,-27,-22,-25
2.500000,41,2179,2179,84,3,-27,-22,-25
2.503906,42,2179,2179,86,4,-27,-22,-25
2.507812,42,2179,2179,87,4,-27,-22,-25
2.511719,42,2179,2179,88,3,-27,-22,-25
2.515625,43,2179,2179,90,3,-27,-22,-25
2.519531,42,2179,2179,92,4,-27,-22,-25
2.523438,43,2179,2179,94,4,-27,-22,-25
2.527344,43,2179,2179,96,4,-27,-22,-25
2.531250,43,2179,2179,98,4,-27,-22,-25
2.535156,42,2179,2179,101,4,-27,-22,-25
2.539062,42,2179,2179,103,4,-27,-22,-25
2.542969,42,2179,2179,104,4,-27,-22,-25
2.546875,42,2179,2179,105,4,-27,-22,-25
2.550781,42,2179,2179,106,4,-27,-22,-24
2.554688,42,2179,2179,107,4,-27,-22,-24
2.558594,42,2179,2179,108,4,-27,-22,-24
2.562500,42,2179,2179,109,4,-27,-22,-24
2.566406,41,2179,2179,110,4,-27,-22,-25
2.570312,41,2179,2179,112,4,-27,-22,-25
2.574219,42,2179,2179,114,4,-27,-22,-24
2.578125,42,2179,2179,116,4,-27,-22,-25
2.582031,42,2179,2179,117,4,-27,-22,-25
2.585938,42,2179,2179,120,4,-27,-22,-25
2.589844,42,2179,2179,122,4,-27,-22,-25
2.593750,42,2179,2179,123,4,-26,-22,-25
2.597656,42,2179,2179,125,4,-27,-22,-25
2.601562,42,2179,2179,127,4,-27,-22,-25
2.605469,42,2179,2179,129,4,-27,-22,-25
2.609375,42,2179,2179,130,4,-27,-22,-25
2.613281,42,2179,2179,131,3,-27,-22,-25
2.617188,42,2179,2179,132,4,-27,-22,-25
2.621094,42,2179,2179,133,4,-27,-22,-25
2.625000,42,2179,2179,133,4,-27,-22,-25
2.628906,42,2179,2179,133,4,-27,-22,-25
2.632812,42,2179,2179,133,4,-27,-22,-25
2.636719,42,2179,2179,135,4,-27,-22,-25
2.640625,42,2179,2179,136,4,-27,-22,-25
2.644531,42,2179,2179,138,3,-27,-22,-25
2.648438,42,2179,2179,140,3,-27,-22,-25
2.652344,41,2179,2179,141,4,-27,-22,-25
2.656250,41,2179,2179,142,4,-27,-22,-25
2.660156,41,2179,2179,143,4,-27,-22,-24
2.664062,41,2179,2179,143,3,-27,-22,-25
2.667969,41,2179,2179,143,4,-27,-22,-24
2.671875,41,2179,2179,143,4,-27,-22,-25
2.675781,42,2179,2179,143,4,-27,-22,-24
2.679688,41,2179,2179,143,4,-27,-22,-24
2.683594,41,2179,2179,144,4,-27,-22,-24
2.687500,41,2179,2179,146,4,-27,-22,-24
2.691406,42,2179,2179,148,4,-27,-22,-25
2.695312,42,2179,2179,149,3,-27,-22,-24
2.699219,42,2179,2179,151,3,-27,-22,-25
2.703125,42,2179,2179,152,4,-27,-22,-25
2.707031,42,2179,2179,153,4,-27,-22,-25
2.710938,43,2179,2179,153,3,-27,-21,-25
2.714844,43,2179,2179,154,3,-27,-22,-25
2.718750,42,2179,2179,154,4,-27,-22,-25
2.722656,42,2179,2179,154,4,-27,-22,-25
2.726562,42,2179,2179,154,3,-27,-22,-25
2.730469,41,2179,2179,155,4,-27,-22,-25
2.734375,41,2179,2179,156,4,-27,-22,-25
2.738281,41,2179,2179,157,4,-27,-22,-25
2.742188,41,2179,2179,158,4,-27,-22,-25
2.746094,41,2179,2179,158,4,-27,-22,-25
2.750000,41,2179,2179,159,4,-27,-22,-25
2.753906,41,2179,2179,160,4,-27,-22,-25
2.757812,41,2179,2179,160,4,-27,-22,-25
2.761719,41,2179,2179,160,4,-27,-22,-24
2.765625,41,2179,2179,159,4,-27,-22,-24
2.769531,41,2179,2179,160,4,-27,-22,-24
2.773438,41,2179,2179,160,5,-27,-22,-24
2.777344,41,2179,2179,160,4,-27,-22,-24
2.781250,41,2179,2179,161,4,-27,-22,-24
2.785156,41,2179,2179,162,4,-27,-22,-25
2.789062,41,2179,2179,163,4,-27,-22,-25
2.792969,42,2179,2179,163,4,-27,-22,-25
2.796875,42,2179,2179,164,4,-27,-22,-25
2.800781,42,2179,2179,164,4,-27,-22,-25
2.804688,42,2179,2179,165,4,-27,-22,-25
2.808594,42,2179,2179,165,4,-27,-22,-25
2.812500,42,2179,2179,165,4,-27,-22,-25
2.816406,42,2179,2179,165,4,-27,-22,-25
2.820312,41,2179,2179,166,4,-27,-22,-25
2.824219,42,2179,2179,166,4,-27,-22,-25
2.828125,42,2179,2179,166,4,-27,-22,-25
2.832031,41,2179,2179,167,4,-27,-22,-25
2.835938,41,2179,2179,167,4,-27,-22,-25
2.839844,41,2179,2179,168,4,-27,-22,-25
2.843750,41,2179,2179,168,4,-27,-22,-25
2.847656,41,2179,2179,168,3,-27,-22,-24
2.851562,40,2179,2179,168,4,-27,-22,-24
2.855469,40,2179,2179,169,4,-27,-22,-24
2.859375,41,2179,2179,169,4,-27,-22,-24
2.863281,41,2179,2179,169,3,-27,-22,-24
2.867188,40,2179,2179,169,3,-27,-22,-25
2.871094,40,2179,2179,170,4,-27,-22,-25
2.875000,40,2179,2179,170,4,-27,-22,-25
2.878906,40,2179,2179,170,3,-27,-22,-24
2.882812,40,2179,2179,171,3,-27,-22,-24
2.886719,39,2179,2179,171,4,-27,-22,-25
2.890625,39,2179,2179,171,4,-27,-22,-25
2.894531,39,2179,2179,171,3,-27,-22,-25
2.898438,39,2179,2179,171,3,-27,-22,-25
2.902344,39,2179,2179,171,4,-27,-22,-25
2.906250,39,2179,2179,171,4,-27,-22,-25
2.910156,40,2179,2179,171,4,-27,-22,-25
2.914062,40,2179,2179,171,4,-27,-22,-25
2.917969,39,2179,2179,172,4,-27,-22,-25
2.921875,39,2179,2179,172,4,-27,-22,-25
2.925781,40,2179,2179,173,4,-27,-22,-25
2.929688,39,2179,2179,173,4,-27,-22,-25
2.933594,39,2179,2179,173,4,-27,-22,-25
2.937500,39,2179,2179,173,4,-27,-22,-25
2.941406,39,2179,2179,173,5,-27,-22,-25
2.945312,39,2179,2179,173,4,-27,-22,-25
2.949219,39,2179,2179,173,4,-27,-22,-25
2.953125,39,2179,2179,173,4,-27,-22,-25
2.957031,38,2179,2179,173,4,-27,-22,-25
2.960938,39,2179,2179,173,4,-27,-21,-25
2.964844,39,2179,2179,173,4,-27,-22,-24
2.968750,38,2179,2179,174,4,-27,-22,-25
2.972656,38,2179,2179,174,4,-27,-22,-24
2.976562,39,2179,2179,175,4,-27,-22,-24
2.980469,38,2179,2179,175,4,-27,-22,-24
2.984375,38,2179,2179,176,4,-27,-22,-24
2.988281,38,2179,2179,176,4,-27,-22,-24
2.992188,38,2179,2179,176,4,-27,-22,-24
2.996094,39,2179,2179,175,3,-27,-22,-25
3.000000,39,2179,2179,175,3,-27,-22,-25
3.003906,39,2179,2179,175,4,-27,-22,-25
3.007812,39,2179,2179,175,4,-27,-22,-25
3.011719,39,2179,2179,175,3,-27,-22,-25
3.015625,39,2179,2179,176,4,-27,-22,-25
3.019531,38,2179,2179,177,4,-27,-22,-25
3.023438,38,2179,2179,177,4,-27,-22,-25
3.027344,38,2179,2179,176,4,-27,-22,-25
3.031250,38,2179,2179,177,4,-27,-22,-25
3.035156,37,2179,2179,177,4,-27,-22,-25
3.039062,37,2179,2179,176,4,-27,-22,-25
3.042969,37,2179,2179,176,4,-27,-22,-25
3.046875,37,2179,2179,176,4,-27,-22,-24
3.050781,37,2179,2179,176,4,-27,-22,-24
3.054688,37,2179,2179,176,4,-27,-22,-24
3.058594,37,2179,2179,176,4,-27,-22,-24
3.062500,37,2179,2179,176,4,-27,-22,-24
3.066406,37,2179,2179,176,4,-27,-22,-24
3.070312,37,2179,2179,176,4,-27,-22,-25
3.074219,37,2179,2179,176,4,-27,-22,-24
3.078125,37,2179,2179,176,4,-27,-22,-24
3.082031,36,2179,2179,176,4,-27,-22,-24
3.085938,36,2179,2179,176,4,-27,-22,-25
3.089844,36,2179,2179,177,4,-27,-22,-25
3.093750,37,2179,2179,177,3,-27,-22,-25
3.097656,37,2179,2179,177,3,-27,-22,-24
3.101562,36,2179,2179,178,4,-27,-22,-25
3.105469,36,2179,2179,178,4,-27,-22,-24
3.109375,36,2179,2179,178,4,-27,-22,-25
3.113281,36,2179,2179,178,4,-27,-22,-24
3.117188,35,2179,2179,178,4,-27,-22,-25
3.121094,35,2179,2179,178,4,-27,-22,-25
3.125000,35,2179,2179,178,4,-27,-22,-25
3.128906,35,2179,2179,178,4,-27,-22,-25
3.132812,35,2179,2179,178,4,-27,-22,-25
3.136719,35,2179,2179,177,4,-27,-22,-25
3.140625,35,2179,2179,177,4,-27,-22,-25
3.144531,35,2179,2179,176,4,-27,-22,-25
3.148438,35,2179,2179,176,4,-27,-22,-24
3.152344,35,2179,2179,177,4,-27,-22,-24
3.156250,34,2179,2179,178,4,-27,-22,-24
3.160156,35,2179,2179,178,4,-27,-22,-24
3.164062,35,2179,2179,178,4,-27,-22,-24
3.167969,34,2179,2179,179,4,-27,-22,-24
3.171875,34,2179,2179,179,4,-27,-22,-24
3.175781,35,2179,2179,179,4,-27,-22,-24
3.179688,35,2179,2179,178,4,-27,-22,-24
3.183594,34,2179,2179,177,4,-27,-22,-24
3.187500,34,2179,2179,177,4,-27,-22,-24
3.191406,34,2179,2179,177,4,-27,-22,-24
3.195312,34,2179,2179,177,4,-27,-22,-24
3.199219,34,2179,2179,178,4,-27,-22,-25
3.203125,33,2179,2179,179,4,-27,-22,-24
3.207031,33,2179,2179,179,4,-27,-22,-25
3.210938,34,2179,2179,179,4,-27,-22,-25
3.214844,33,2179,2179,179,4,-27,-22,-25
3.218750,33,2179,2179,179,4,-27,-22,-25
3.222656,33,2179,2179,179,4,-27,-22,-25
3.226562,33,2179,2179,178,4,-27,-22,-25
3.230469,33,2179,2179,178,4,-27,-22,-25
3.234375,32,2179,2179,178,4,-27,-22,-25
3.238281,32,2179,2179,178,4,-27,-22,-25
3.242188,32,2179,2179,179,4,-27,-22,-25
3.246094,32,2179,2179,179,4,-27,-22,-25
3.250000,31,2179,2179,179,4,-27,-22,-25
3.253906,31,2179,2179,180,4,-27,-22,-25
3.257812,31,2179,2179,180,4,-27,-22,-24
3.261719,30,2179,2179,180,3,-27,-22,-24
3.265625,30,2179,2179,179,3,-27,-22,-24
3.269531,30,2179,2179,179,4,-27,-22,-24
3.273438,30,2179,2179,178,3,-27,-22,-25
3.277344,30,2179,2179,178,3,-27,-22,-25
3.281250,30,2179,2179,178,3,-27,-22,-25
3.285156,30,2179,2179,178,4,-27,-22,-25
3.289062,30,2179,2179,179,4,-27,-22,-25
3.292969,30,2179,2179,179,4,-27,-22,-25
3.296875,30,2179,2179,180,3,-27,-22,-25
3.300781,30,2179,2179,180,4,-27,-22,-24
3.304688,30,2179,2179,181,4,-27,-22,-25
3.308594,30,2179,2179,181,4,-27,-22,-25
3.312500,30,2179,2179,180,4,-27,-22,-24
3.316406,30,2179,2179,180,4,-27,-22,-25
3.320312,30,2179,2179,180,4,-27,-22,-25
3.324219,31,2179,2179,180,4,-27,-22,-25
3.328125,31,2179,2179,180,4,-27,-22,-24
3.332031,31,2179,2179,180,4,-27,-22,-25
3.335938,31,2179,2179,180,4,-27,-24,-25
3.339844,31,2179,2179,180,4,-27,-22,-25
3.343750,31,2179,2179,180,4,-27,-22,-25
3.347656,31,2179,2179,180,4,-27,-22,-25
3.351562,31,2179,2179,180,4,-27,-22,-24
3.355469,31,2179,2179,180,4,-27,-22,-24
3.359375,31,2179,2179,179,4,-27,-22,-24
3.363281,31,2179,2179,179,4,-27,-22,-24
3.367188,31,2179,2179,179,4,-27,-22,-24
3.371094,31,2179,2179,180,4,-27,-22,-24
3.375000,31,2179,2179,181,4,-27,-22,-24
3.378906,31,2179,2179,181,4,-27,-22,-24
3.382812,30,2179,2179,181,4,-27,-22,-25
3.386719,30,2179,2179,181,4,-27,-22,-25
3.390625,30,2179,2179,181,4,-27,-22,-25
3.394531,31,2179,2179,180,4,-27,-22,-25
3.398438,31,2179,2179,180,4,-27,-22,-25
3.402344,30,2179,2179,180,4,-27,-22,-25
3.406250,30,2179,2179,180,4,-27,-22,-25
3.410156,31,2179,2179,180,4,-27,-22,-25
3.414062,31,2179,2179,180,3,-27,-22,-25
3.417969,30,2179,2179,181,3,-27,-22,-25
3.421875,30,2179,2179,181,4,-27,-22,-25
3.425781,30,2179,2179,181,4,-27,-22,-24
3.429688,30,2179,2179,181,3,-27,-22,-25
3.433594,30,2179,2179,180,3,-27,-22,-25
3.437500,30,2179,2179,180,4,-27,-22,-25
3.441406,30,2179,2179,180,4,-27,-22,-25
3.445312,29,2179,2179,179,3,-27,-22,-24
3.449219,29,2179,2179,179,3,-27,-22,-24
3.453125,29,2179,2179,180,4,-27,-22,-24
3.457031,29,2179,2179,180,4,-27,-22,-25
3.460938,29,2179,2179,180,4,-27,-22,-24
3.464844,29,2179,2179,180,3,-27,-22,-25
3.468750,29,2179,2179,181,4,-27,-22,-25
3.472656,29,2179,2179,182,4,-27,-22,-25
3.476562,29,2179,2179,182,4,-27,-22,-25
3.480469,29,2179,2179,182,4,-27,-22,-25
3.484375,29,2179,2179,182,4,-27,-22,-25
3.488281,29,2179,2179,182,4,-27,-22,-25
3.492188,29,2179,2179,182,4,-27,-22,-25
3.496094,29,2179,2179,182,3,-27,-22,-24
3.500000,29,2179,2179,182,3,-27,-22,-25
3.503906,29,2179,2179,181,4,-27,-22,-24
3.507812,29,2179,2179,181,4,-27,-22,-24
3.511719,30,2179,2179,180,3,-27,-22,-24
3.515625,30,2179,2179,180,3,-27,-22,-25
3.519531,29,2179,2179,181,4,-27,-22,-25
3.523438,30,2179,2179,181,4,-27,-22,-25
3.527344,30,2179,2179,181,4,-27,-22,-25
3.531250,30,2179,2179,181,3,-27,-22,-25
3.535156,30,2179,2179,181,4,-27,-22,-24
3.539062,29,2179,2179,182,4,-27,-22,-25
3.542969,29,2179,2179,181,4,-27,-22,-25
3.546875,29,2179,2179,181,4,-27,-22,-24
3.550781,29,2179,2179,181,4,-27,-22,-25
3.554688,29,2179,2179,182,4,-27,-22,-25
3.558594,29,2179,2179,182,4,-27,-22,-24
3.562500,29,2179,2179,182,4,-27,-22,-24
3.566406,29,2179,2179,182,4,-27,-22,-24
3.570312,29,2179,2179,183,4,-27,-22,-24
3.574219,29,2179,2179,183,4,-27,-22,-24
3.578125,29,2179,2179,182,4,-27,-22,-23
3.582031,29,2179,2179,182,4,-27,-22,-24
3.585938,29,2179,2179,182,4,-27,-22,-24
3.589844,29,2179,2179,182,4,-27,-22,-24
3.593750,29,2179,2179,182,3,-27,-22,-24
3.597656,29,2179,2179,182,4,-27,-22,-25
3.601562,28,2179,2179,182,4,-27,-22,-25
3.605469,28,2179,2179,182,4,-27,-22,-25
3.609375,29,2179,2179,182,4,-27,-22,-25
3.613281,29,2179,2179,182,3,-27,-22,-25
3.617188,29,2179,2179,182,4,-27,-22,-25
3.621094,29,2179,2179,182,4,-27,-22,-25
3.625000,29,2179,2179,182,4,-27,-22,-25
3.628906,29,2179,2179,182,4,-27,-22,-25
3.632812,28,2179,2179,182,4,-27,-22,-25
3.636719,28,2179,2179,182,4,-27,-22,-25
3.640625,28,2179,2179,182,4,-27,-22,-25
3.644531,28,2179,2179,181,4,-27,-22,-25
3.648438,28,2179,2179,181,4,-27,-22,-25
3.652344,28,2179,2179,181,4,-27,-22,-24
3.656250,28,2179,2179,181,4,-27,-22,-24
3.660156,29,2179,2179,181,4,-27,-22,-25
3.664062,29,2179,2179,181,3,-27,-22,-24
3.667969,29,2179,2179,182,4,-27,-22,-25
3.671875,29,2179,2179,182,4,-27,-22,-24
3.675781,29,2179,2179,182,4,-27,-22,-25
3.679688,29,2179,2179,182,3,-27,-22,-24
3.683594,28,2179,2179,182,3,-27,-22,-25
3.687500,28,2179,2179,182,4,-27,-22,-25
3.691406,29,2179,2179,182,4,-27,-22,-25
3.695312,29,2179,2179,182,3,-27,-22,-25
3.699219,28,2179,2179,182,3,-27,-22,-25
3.703125,28,2179,2179,183,3,-27,-22,-24
3.707031,28,2179,2179,183,4,-27,-22,-25
3.710938,29,2179,2179,183,3,-27,-22,-25
3.714844,29,2179,2179,183,3,-27,-22,-25
3.718750,28,2179,2179,184,4,-27,-22,-25
3.722656,28,2179,2179,184,4,-27,-22,-25
3.726562,28,2179,2179,183,4,-27,-22,-25
3.730469,28,2179,2179,183,4,-27,-22,-25
3.734375,27,2179,2179,182,4,-27,-22,-25
3.738281,27,2179,2179,182,4,-27,-22,-25
3.742188,27,2179,2179,182,4,-27,-22,-25
3.746094,27,2179,2179,182,4,-27,-22,-24
3.750000,26,2179,2179,182,4,-27,-22,-24
3.753906,26,2179,2179,182,4,-27,-22,-24
3.757812,27,2179,2179,183,4,-27,-22,-24
3.761719,27,2179,2179,182,4,-27,-22,-24
3.765625,27,2179,2179,182,4,-27,-22,-24
3.769531,27,2179,2179,183,4,-27,-22,-24
3.773438,27,2179,2179,183,4,-27,-22,-24
3.777344,27,2179,2179,183,4,-27,-22,-24
3.781250,27,2179,2179,183,4,-27,-22,-24
3.785156,27,2179,2179,183,4,-27,-22,-25
3.789062,27,2179,2179,183,4,-27,-22,-25
3.792969,28,2179,2179,183,4,-27,-22,-25
3.796875,27,2179,2179,183,4,-27,-22,-24
3.800781,27,2179,2179,182,4,-27,-22,-25
3.804688,27,2179,2179,182,4,-27,-22,-25
3.808594,27,2179,2179,182,4,-27,-22,-25
3.812500,27,2179,2179,182,4,-27,-22,-25
3.816406,27,2179,2179,182,4,-27,-22,-25
3.820312,27,2179,2179,182,4,-27,-22,-25
3.824219,27,2179,2179,182,4,-27,-22,-25
3.828125,27,2179,2179,182,4,-27,-22,-24
3.832031,26,2179,2179,182,3,-27,-22,-24
3.835938,26,2179,2179,182,4,-27,-22,-24
3.839844,26,2179,2179,182,4,-27,-22,-24
3.843750,26,2179,2179,182,3,-27,-22,-24
3.847656,26,2179,2179,182,3,-27,-22,-25
3.851562,26,2179,2179,183,4,-27,-22,-25
3.855469,26,2179,2179,183,4,-27,-22,-25
3.859375,27,2179,2179,183,4,-27,-22,-25
3.863281,27,2179,2179,183,3,-27,-22,-25
3.867188,26,2179,2179,183,3,-27,-22,-24
3.871094,26,2179,2179,183,4,-27,-22,-24
3.875000,27,2179,2179,183,3,-27,-22,-25
3.878906,26,2179,2179,182,3,-27,-22,-24
3.882812,26,2179,2179,182,3,-27,-22,-25
3.886719,26,2179,2179,182,4,-27,-22,-25
3.890625,26,2179,2179,181,3,-27,-22,-25
3.894531,27,2179,2179,181,3,-27,-22,-25
3.898438,27,2179,2179,181,3,-27,-22,-25
3.902344,26,2179,2179,182,3,-27,-22,-25
3.906250,26,2179,2179,182,4,-27,-22,-25
3.910156,27,2179,2179,182,4,-27,-22,-25
3.914062,27,2179,2179,183,4,-27,-22,-25
3.917969,26,2179,2179,183,4,-27,-22,-25
3.921875,26,2179,2179,183,4,-27,-22,-25
3.925781,26,2179,2179,182,4,-27,-22,-25
3.929688,26,2179,2179,183,4,-27,-22,-25
3.933594,26,2179,2179,183,4,-27,-22,-25
3.937500,26,2179,2179,183,4,-27,-22,-25
3.941406,26,2179,2179,183,4,-27,-22,-25
3.945312,26,2179,2179,183,4,-27,-22,-25
3.949219,26,2179,2179,183,4,-27,-22,-24
3.953125,25,2179,2179,183,4,-27,-22,-25
3.957031,25,2179,2179,183,4,-27,-22,-24
3.960938,26,2179,2179,183,4,-27,-22,-25
3.964844,26,2179,2179,182,4,-27,-22,-24
3.968750,25,2179,2179,182,4,-27,-22,-25
3.972656,25,2179,2179,182,4,-27,-22,-24
3.976562,25,2179,2179,181,4,-27,-22,-25
3.980469,25,2179,2179,181,4,-27,-22,-25
3.984375,24,2179,2179,181,3,-27,-22,-24
3.988281,24,2179,2179,182,4,-27,-22,-25
3.992188,24,2179,2179,182,4,-27,-22,-24
3.996094,24,2179,2179,181,3,-27,-22,-24
4.000000,23,2179,2179,181,3,-27,-22,-24
4.003906,23,2179,2179,180,4,-27,-22,-25
4.007812,23,2179,2179,177,4,-27,-22,-25
4.011719,22,2179,2179,173,3,-27,-22,-24
4.015625,22,2179,2179,166,3,-27,-22,-25
4.019531,21,2179,2179,158,4,-27,-22,-24
4.023438,20,2179,2179,148,4,-27,-22,-25
4.027344,20,2179,2179,138,4,-27,-22,-24
4.031250,20,2179,2179,128,4,-27,-22,-24
4.035156,19,2179,2179,119,4,-27,-22,-24
4.039062,19,2179,2179,110,4,-27,-22,-25
4.042969,19,2179,2179,101,4,-27,-22,-24
4.046875,18,2179,2179,92,4,-27,-22,-25
4.050781,18,2179,2179,82,4,-27,-22,-24
4.054688,17,2179,2179,71,4,-27,-22,-24
4.058594,17,2179,2179,59,4,-27,-22,-24
4.062500,17,2179,2179,47,3,-27,-22,-25
4.066406,17,2179,2179,38,3,-27,-22,-25
4.070312,16,2179,2179,31,4,-27,-22,-25
4.074219,17,2179,2179,26,4,-27,-22,-24
4.078125,17,2179,2179,23,3,-27,-22,-25
4.082031,16,2179,2179,22,3,-27,-22,-25
4.085938,16,2179,2179,22,4,-27,-22,-25
4.089844,16,2179,2179,22,3,-27,-22,-25
4.093750,16,2179,2179,21,3,-27,-22,-25
4.097656,16,2179,2179,20,3,-27,-22,-25
4.101562,15,2179,2179,19,4,-27,-22,-25
4.105469,15,2179,2179,18,4,-27,-22,-25
4.109375,14,2179,2179,17,4,-27,-22,-25
4.113281,14,2179,2179,17,4,-27,-22,-25
4.117188,14,2179,2179,17,4,-27,-22,-25
4.121094,13,2179,2179,17,4,-27,-22,-25
4.125000,13,2179,2179,17,4,-27,-22,-24
4.128906,13,2179,2179,17,4,-27,-22,-24
4.132812,12,2179,2179,17,4,-27,-22,-24
4.136719,12,2179,2179,17,4,-27,-22,-24
4.140625,12,2179,2179,16,4,-27,-22,-24
4.144531,12,2179,2179,15,4,-27,-22,-24
4.148438,12,2179,2179,15,4,-27,-22,-25
4.152344,12,2179,2179,15,4,-27,-22,-24
4.156250,12,2179,2179,15,4,-27,-22,-24
4.160156,13,2179,2179,15,4,-27,-22,-24
4.164062,13,2179,2179,15,4,-27,-22,-24
4.167969,13,2179,2179,16,4,-27,-22,-25
4.171875,13,2179,2179,16,4,-27,-22,-25
4.175781,13,2179,2179,16,4,-27,-22,-25
4.179688,13,2179,2179,15,4,-27,-22,-25
4.183594,13,2179,2179,15,4,-27,-22,-25
4.187500,13,2179,2179,15,4,-27,-22,-25
4.191406,13,2179,2179,15,4,-27,-22,-25
4.195312,13,2179,2179,15,4,-27,-22,-25
4.199219,13,2179,2179,15,3,-27,-22,-25
4.203125,13,2179,2179,15,4,-27,-22,-26
4.207031,13,2179,2179,15,4,-27,-22,-25
4.210938,13,2179,2179,15,4,-27,-22,-25
4.214844,13,2179,2179,15,4,-27,-22,-25
4.218750,12,2179,2179,15,4,-27,-22,-25
4.222656,12,2179,2179,15,4,-27,-22,-25
4.226562,12,2179,2179,15,4,-27,-22,-25
4.230469,12,2179,2179,15,4,-27,-22,-25
4.234375,11,2179,2179,15,4,-27,-22,-24
4.238281,11,2179,2179,15,4,-27,-22,-24
4.242188,11,2179,2179,15,4,-27,-22,-24
4.246094,10,2179,2179,15,4,-27,-22,-24
4.250000,10,2179,2179,15,3,-27,-22,-24
4.253906,9,2179,2179,15,4,-27,-22,-24
4.257812,9,2179,2179,15,4,-27,-22,-24
4.261719,9,2179,2179,14,3,-27,-22,-24
4.265625,9,2179,2179,14,3,-27,-22,-25
4.269531,8,2179,2179,14,3,-27,-22,-24
4.273438,8,2179,2179,14,3,-27,-22,-25
4.277344,8,2179,2179,13,3,-27,-22,-25
4.281250,8,2179,2179,13,3,-27,-22,-25
4.285156,8,2179,2179,14,3,-27,-22,-25
4.289062,8,2179,2179,14,4,-27,-22,-25
4.292969,8,2179,2179,14,3,-27,-22,-25
4.296875,8,2179,2179,14,4,-27,-22,-25
4.300781,8,2179,2179,16,4,-27,-22,-25
4.304688,7,2179,2179,15,4,-27,-22,-25
4.308594,7,2179,2179,15,4,-27,-22,-25
4.312500,7,2179,2179,15,4,-27,-22,-25
4.316406,7,2179,2179,15,4,-27,-22,-25
4.320312,6,2179,2179,16,4,-27,-22,-25
4.324219,6,2179,2179,16,4,-27,-22,-25
4.328125,6,2179,2179,15,4,-27,-22,-25
4.332031,6,2179,2179,15,4,-27,-22,-24
4.335938,6,2179,2179,15,5,-27,-22,-24
4.339844,6,2179,2179,15,5,-27,-22,-24
4.343750,6,2179,2179,14,4,-27,-22,-24
4.347656,6,2179,2179,14,4,-27,-22,-24
4.351562,6,2179,2179,14,5,-27,-22,-24
4.355469,6,2179,2179,14,5,-27,-22,-24
4.359375,6,2179,2179,14,5,-27,-22,-24
4.363281,6,2179,2179,15,4,-27,-22,-24
4.367188,6,2179,2179,15,4,-27,-22,-25
4.371094,6,2179,2179,16,4,-27,-22,-25
4.375000,6,2179,2179,16,4,-27,-22,-25
4.378906,6,2179,2179,15,4,-27,-22,-24
4.382812,5,2179,2179,15,4,-27,-22,-25
4.386719,5,2179,2179,15,4,-27,-22,-24
4.390625,5,2179,2179,15,4,-27,-22,-25
4.394531,5,2179,2179,15,4,-27,-22,-24
4.398438,5,2179,2179,15,3,-27,-22,-25
4.402344,5,2179,2179,15,4,-27,-22,-25
4.406250,5,2179,2179,15,4,-27,-22,-25
4.410156,5,2179,2179,15,4,-27,-22,-25
4.414062,5,2179,2179,15,3,-27,-22,-25
4.417969,5,2179,2179,15,3,-27,-22,-25
4.421875,5,2179,2179,15,4,-27,-22,-25
4.425781,5,2179,2179,15,4,-27,-22,-25
4.429688,5,2179,2179,15,3,-27,-22,-25
4.433594,4,2179,2179,15,3,-27,-22,-25
4.437500,4,2179,2179,15,4,-27,-22,-25
4.441406,5,2179,2179,15,4,-27,-22,-24
4.445312,4,2179,2179,15,3,-27,-22,-24
4.449219,4,2179,2179,15,3,-27,-22,-24
4.453125,4,2179,2179,15,3,-27,-22,-24
4.457031,4,2179,2179,15,4,-27,-22,-24
4.460938,4,2179,2179,15,3,-27,-22,-24
4.464844,4,2179,2179,15,3,-27,-22,-24
4.468750,4,2179,2179,15,4,-27,-22,-25
4.472656,4,2179,2179,15,4,-27,-22,-24
4.476562,4,2179,2179,14,4,-27,-22,-25
4.480469,4,2179,2179,14,3,-27,-22,-25
4.484375,4,2179,2179,14,3,-27,-22,-25
4.488281,4,2179,2179,14,4,-27,-22,-25
4.492188,4,2179,2179,14,4,-27,-22,-25
4.496094,4,2179,2179,14,4,-27,-22,-25
4.500000,4,2179,2179,14,4,-27,-22,-25
4.503906,4,2179,2179,14,4,-27,-22,-25
4.507812,4,2179,2179,14,4,-27,-22,-25
4.511719,4,2179,2179,14,4,-27,-22,-25
4.515625,4,2179,2179,13,4,-27,-22,-25
4.519531,3,2179,2179,13,4,-27,-22,-25
4.523438,3,2179,2179,13,4,-27,-22,-25
4.527344,3,2179,2179,13,4,-27,-22,-25
4.531250,3,2179,2179,13,4,-27,-22,-25
4.535156,2,2179,2179,14,4,-27,-22,-25
4.539062,2,2179,2179,14,4,-27,-22,-24
4.542969,3,2179,2179,14,3,-27,-22,-25
4.546875,2,2179,2179,15,4,-27,-22,-24
4.550781,2,2179,2179,15,4,-27,-22,-25
4.554688,2,2179,2179,15,4,-27,-22,-24
4.558594,3,2179,2179,15,4,-27,-22,-24
4.562500,3,2179,2179,15,4,-27,-22,-25
4.566406,3,2179,2179,14,4,-27,-22,-24
4.570312,3,2179,2179,14,4,-27,-22,-24
4.574219,3,2179,2179,14,4,-27,-22,-24
4.578125,3,2179,2179,14,4,-27,-22,-24
4.582031,3,2179,2179,14,4,-27,-22,-24
4.585938,3,2179,2179,14,4,-27,-22,-25
4.589844,3,2179,2179,14,4,-27,-22,-25
4.593750,3,2179,2179,14,4,-27,-22,-25
4.597656,3,2179,2179,14,4,-27,-22,-25
4.601562,3,2179,2179,14,4,-27,-22,-25
4.605469,3,2179,2179,14,4,-27,-22,-25
4.609375,3,2179,2179,14,4,-27,-22,-25
4.613281,3,2179,2179,14,4,-27,-22,-25
4.617188,2,2179,2179,14,4,-27,-22,-25
4.621094,2,2179,2179,14,4,-27,-22,-25
4.625000,2,2179,2179,14,4,-27,-22,-25
4.628906,2,2179,2179,14,4,-27,-22,-25
4.632812,2,2179,2179,14,4,-27,-22,-25
4.636719,2,2179,2179,14,4,-27,-22,-25
4.640625,3,2179,2179,14,4,-27,-22,-25
4.644531,3,2179,2179,13,4,-27,-22,-25
4.648438,3,2179,2179,13,4,-27,-22,-25
4.652344,3,2179,2179,14,4,-27,-22,-25
4.656250,3,2179,2179,14,4,-27,-22,-24
4.660156,3,2179,2179,14,4,-26,-22,-25
4.664062,3,2179,2179,14,4,-27,-22,-25
4.667969,3,2179,2179,15,3,-27,-22,-25
4.671875,3,2179,2179,14,4,-27,-22,-25
4.675781,3,2179,2179,14,4,-27,-22,-25
4.679688,3,2179,2179,14,3,-27,-22,-24
4.683594,3,2179,2179,14,3,-27,-22,-25
4.687500,3,2179,2179,15,4,-27,-22,-25
4.691406,4,2179,2179,15,3,-27,-22,-25
4.695312,4,2179,2179,15,3,-27,-22,-25
4.699219,4,2179,2179,15,3,-27,-22,-25
4.703125,4,2179,2179,15,4,-27,-22,-25
4.707031,4,2179,2179,15,4,-27,-22,-25
4.710938,4,2179,2179,15,3,-27,-22,-25
4.714844,4,2179,2179,15,4,-27,-22,-25
4.718750,4,2179,2179,15,4,-27,-22,-25
4.722656,4,2179,2179,15,4,-27,-22,-25
4.726562,4,2179,2179,15,4,-27,-22,-24
4.730469,4,2179,2179,14,4,-27,-22,-25
4.734375,3,2179,2179,14,4,-27,-22,-24
4.738281,3,2179,2179,14,4,-27,-22,-24
4.742188,4,2179,2179,14,4,-27,-22,-24
4.746094,4,2179,2179,13,4,-27,-22,-24
4.750000,4,2179,2179,13,4,-27,-22,-24
4.753906,4,2179,2179,14,4,-26,-22,-25
4.757812,5,2179,2179,14,4,-27,-22,-24
4.761719,5,2179,2179,14,4,-27,-22,-24
4.765625,5,2179,2179,14,4,-27,-22,-25
4.769531,4,2179,2179,15,4,-27,-22,-25
4.773438,4,2179,2179,15,4,-27,-22,-24
4.777344,5,2179,2179,15,4,-27,-22,-24
4.781250,4,2179,2179,14,4,-27,-22,-25
4.785156,4,2179,2179,15,4,-27,-22,-25
4.789062,4,2179,2179,15,4,-27,-22,-25
4.792969,5,2179,2179,15,3,-27,-22,-25
4.796875,5,2179,2179,15,4,-27,-22,-25
4.800781,5,2179,2179,15,4,-27,-22,-25
4.804688,5,2179,2179,15,4,-27,-22,-25
4.808594,5,2179,2179,16,4,-27,-22,-25
4.812500,5,2179,2179,15,4,-27,-22,-25
4.816406,5,2179,2179,15,4,-27,-22,-25
4.820312,5,2179,2179,15,4,-27,-22,-25
4.824219,6,2179,2179,14,4,-27,-22,-25
4.828125,6,2179,2179,14,4,-27,-22,-24
4.832031,5,2179,2179,13,3,-27,-22,-24
4.835938,5,2179,2179,13,4,-27,-22,-24
4.839844,5,2179,2179,13,4,-27,-22,-25
4.843750,5,2179,2179,13,4,-27,-22,-24
4.847656,5,2179,2179,13,3,-27,-22,-24
4.851562,5,2179,2179,14,4,-27,-22,-24
4.855469,5,2179,2179,14,4,-27,-22,-25
4.859375,6,2179,2179,15,4,-27,-22,-24
4.863281,6,2179,2179,15,3,-27,-22,-25
4.867188,5,2179,2179,15,3,-27,-22,-25
4.871094,6,2179,2179,15,4,-27,-22,-25
4.875000,6,2179,2179,15,4,-27,-22,-25
4.878906,6,2179,2179,15,3,-27,-22,-25
4.882812,6,2179,2179,15,3,-27,-22,-25
4.886719,5,2179,2179,15,4,-27,-22,-25
4.890625,6,2179,2179,15,4,-27,-22,-25
4.894531,5,2179,2179,15,3,-27,-22,-25
4.898438,5,2179,2179,15,3,-27,-22,-25
4.902344,5,2179,2179,15,4,-27,-22,-25
4.906250,5,2179,2179,15,4,-27,-22,-25
4.910156,5,2179,2179,14,4,-26,-22,-25
4.914062,5,2179,2179,14,4,-27,-22,-25
4.917969,4,2179,2179,14,4,-27,-22,-25
4.921875,4,2179,2179,14,4,-27,-22,-25
4.925781,4,2179,2179,14,4,-27,-22,-25
4.929688,4,2179,2179,14,4,-27,-22,-25
4.933594,4,2179,2179,14,4,-27,-22,-25
4.937500,4,2179,2179,14,4,-27,-22,-25
4.941406,4,2179,2179,14,5,-27,-22,-25
4.945312,5,2179,2179,14,4,-27,-22,-24
4.949219,4,2179,2179,14,4,-27,-22,-25
4.953125,5,2179,2179,14,4,-27,-22,-25
4.957031,5,2179,2179,15,4,-27,-22,-24
4.960938,5,2179,2179,15,4,-27,-22,-25
4.964844,5,2179,2179,15,4,-27,-22,-25
4.968750,5,2179,2179,15,4,-27,-22,-25
4.972656,5,2179,2179,15,4,-27,-22,-25
4.976562,5,2179,2179,15,4,-27,-22,-25
4.980469,6,2179,2179,15,3,-27,-22,-25
4.984375,5,2179,2179,15,3,-27,-22,-25
4.988281,5,2179,2179,15,4,-27,-22,-25
4.992188,6,2179,2179,15,4,-27,-22,-25
4.996094,6,2179,2179,14,3,-27,-22,-25
5.000000,6,2179,2179,14,3,-27,-22,-25
5.003906,7,2179,2179,15,4,-27,-22,-25
5.007812,7,2179,2179,15,4,-27,-22,-25
5.011719,8,2179,2179,15,4,-27,-22,-25
5.015625,8,2179,2179,15,4,-27,-22,-25
5.019531,8,2179,2179,15,4,-27,-22,-25
5.023438,8,2179,2179,15,4,-27,-22,-25
5.027344,8,2179,2179,15,4,-27,-22,-25
5.031250,8,2179,2179,14,4,-27,-22,-25
5.035156,8,2179,2179,14,4,-28,-22,-25
5.039062,8,2179,2179,14,4,-27,-22,-25
5.042969,9,2179,2179,14,5,-27,-22,-25
5.046875,9,2179,2179,14,4,-27,-22,-25
5.050781,9,2179,2179,14,4,-27,-22,-24
5.054688,9,2179,2179,15,4,-27,-22,-24
5.058594,10,2179,2179,15,4,-27,-22,-24
5.062500,10,2179,2179,15,4,-27,-22,-24
5.066406,9,2179,2179,15,4,-27,-22,-25
5.070312,9,2179,2179,15,4,-27,-22,-25
5.074219,10,2179,2179,15,4,-27,-22,-25
5.078125,10,2179,2179,14,3,-27,-22,-25
5.082031,10,2179,2179,13,3,-27,-22,-25
5.085938,10,2179,2179,13,4,-27,-22,-25
5.089844,10,2179,2179,13,4,-27,-22,-25
5.093750,11,2179,2179,13,3,-27,-22,-24
5.097656,11,2179,2179,13,4,-27,-22,-25
5.101562,11,2179,2179,14,4,-27,-22,-25
5.105469,11,2179,2179,15,4,-27,-22,-25
5.109375,12,2179,2179,15,4,-27,-22,-25
5.113281,12,2179,2179,15,4,-27,-22,-25
5.117188,12,2179,2179,15,4,-27,-22,-25
5.121094,12,2179,2179,16,4,-27,-22,-25
5.125000,12,2179,2179,15,4,-27,-22,-25
5.128906,12,2179,2179,15,4,-27,-22,-25
5.132812,12,2179,2179,15,4,-27,-22,-25
5.136719,12,2179,2179,15,4,-27,-22,-25
5.140625,12,2179,2179,15,4,-27,-22,-25
5.144531,13,2179,2179,15,4,-27,-22,-24
5.148438,13,2179,2179,15,4,-27,-22,-24
5.152344,13,2179,2179,15,4,-27,-22,-24
5.156250,13,2179,2179,15,4,-27,-22,-24
5.160156,14,2179,2179,15,4,-24,-22,-25
5.164062,14,2179,2179,15,4,-27,-22,-25
5.167969,14,2179,2179,16,5,-27,-22,-25
5.171875,14,2179,2179,15,4,-27,-22,-25
5.175781,14,2179,2179,15,4,-27,-22,-25
5.179688,15,2179,2179,15,4,-27,-22,-25
5.183594,15,2179,2179,15,4,-27,-22,-25
5.187500,15,2179,2179,15,4,-27,-22,-25
5.191406,16,2179,2179,15,4,-27,-22,-25
5.195312,16,2179,2179,15,4,-27,-22,-25
5.199219,16,2179,2179,15,4,-27,-22,-25
5.203125,16,2179,2179,15,4,-27,-22,-25
5.207031,16,2179,2179,15,4,-27,-22,-25
5.210938,16,2179,2179,15,4,-27,-22,-25
5.214844,17,2179,2179,15,4,-27,-22,-25
5.218750,17,2179,2179,15,4,-27,-22,-25
5.222656,17,2179,2179,15,4,-27,-22,-25
5.226562,17,2179,2179,15,4,-27,-22,-25
5.230469,17,2179,2179,14,4,-27,-22,-24
5.234375,17,2179,2179,14,3,-27,-22,-25
5.238281,17,2179,2179,14,4,-27,-22,-24
5.242188,17,2179,2179,14,3,-27,-22,-25
5.246094,17,2179,2179,14,3,-27,-22,-24
5.250000,17,2179,2179,13,3,-27,-22,-24
5.253906,17,2179,2179,14,3,-27,-22,-25
5.257812,18,2179,2179,14,4,-27,-22,-24
5.261719,18,2179,2179,14,3,-27,-22,-24
5.265625,18,2179,2179,14,3,-27,-22,-24
5.269531,18,2179,2179,14,4,-27,-22,-25
5.273438,19,2179,2179,14,4,-27,-22,-25
5.277344,19,2179,2179,14,3,-27,-22,-25
5.281250,19,2179,2179,14,3,-27,-22,-25
5.285156,19,2179,2179,15,4,-30,-22,-25
5.289062,19,2179,2179,15,4,-27,-22,-25
5.292969,19,2179,2179,15,3,-27,-22,-25
5.296875,20,2179,2179,15,3,-27,-22,-24
5.300781,20,2179,2179,15,3,-27,-22,-25
5.304688,20,2179,2179,16,4,-27,-22,-25
5.308594,21,2179,2179,15,4,-27,-22,-25
5.312500,21,2179,2179,15,4,-27,-22,-25
5.316406,21,2179,2179,15,4,-27,-22,-25
5.320312,21,2179,2179,15,4,-27,-22,-25
5.324219,21,2179,2179,15,4,-27,-22,-25
5.328125,21,2179,2179,15,4,-27,-22,-25
5.332031,21,2179,2179,15,4,-27,-22,-24
5.335938,20,2179,2179,16,4,-27,-22,-25
5.339844,20,2179,2179,15,4,-27,-22,-25
5.343750,21,2179,2179,15,4,-27,-22,-25
5.347656,21,2179,2179,15,4,-27,-22,-25
5.351562,21,2179,2179,15,4,-27,-21,-25
5.355469,22,2179,2179,15,4,-27,-22,-25
5.359375,22,2179,2179,14,4,-27,-22,-25
5.363281,22,2179,2179,14,4,-27,-22,-25
5.367188,22,2179,2179,14,4,-27,-22,-25
5.371094,23,2179,2179,15,4,-27,-22,-25
5.375000,23,2179,2179,15,4,-27,-22,-25
5.378906,24,2179,2179,15,4,-27,-22,-25
5.382812,24,2179,2179,15,4,-27,-22,-25
5.386719,24,2179,2179,15,4,-27,-22,-25
5.390625,24,2179,2179,15,4,-27,-22,-25
5.394531,25,2179,2179,15,4,-27,-22,-25
5.398438,25,2179,2179,15,4,-27,-22,-25
5.402344,25,2179,2179,15,4,-27,-22,-25
5.406250,25,2179,2179,15,4,-27,-22,-25
5.410156,26,2179,2179,15,4,-22,-22,-25
5.414062,26,2179,2179,15,4,-27,-22,-25
5.417969,26,2179,2179,15,4,-27,-22,-25
5.421875,26,2179,2179,15,4,-27,-22,-25
5.425781,27,2179,2179,15,4,-27,-22,-24
5.429688,27,2179,2179,14,3,-27,-22,-24
5.433594,28,2179,2179,14,3,-27,-22,-24
5.437500,28,2179,2179,15,4,-27,-22,-24
5.441406,29,2179,2179,14,4,-27,-22,-24
5.445312,29,2179,2179,14,3,-27,-22,-25
5.449219,29,2179,2179,13,3,-27,-22,-25
5.453125,30,2179,2179,13,4,-27,-22,-25
5.457031,30,2179,2179,13,4,-27,-22,-24
5.460938,30,2179,2179,13,4,-27,-22,-25
5.464844,30,2179,2179,13,4,-27,-22,-24
5.468750,30,2179,2179,14,4,-27,-22,-24
5.472656,31,2179,2179,14,4,-27,-22,-25
5.476562,31,2179,2179,14,4,-27,-22,-25
5.480469,31,2179,2179,15,3,-27,-22,-25
5.484375,31,2179,2179,15,3,-27,-22,-25
5.488281,31,2179,2179,15,4,-27,-22,-25
5.492188,32,2179,2179,15,4,-27,-22,-25
5.496094,32,2179,2179,15,4,-27,-22,-25
5.500000,31,2179,2179,15,4,-27,-22,-25
5.503906,32,2179,2179,15,4,-27,-22,-25
5.507812,32,2179,2179,15,4,-27,-22,-25
5.511719,32,2179,2179,15,4,-27,-22,-25
5.515625,32,2179,2179,15,4,-27,-22,-25
5.519531,33,2179,2179,15,4,-27,-22,-25
5.523438,33,2179,2179,15,4,-27,-22,-25
5.527344,33,2179,2179,15,4,-27,-22,-25
5.531250,33,2179,2179,15,4,-27,-22,-25
5.535156,32,2179,2179,16,5,-33,-22,-25
5.539062,32,2179,2179,16,5,-27,-22,-24
5.542969,33,2179,2179,15,4,-27,-22,-24
5.546875,33,2179,2179,15,4,-27,-22,-24
5.550781,33,2179,2179,16,4,-27,-22,-24
5.554688,33,2179,2179,16,5,-27,-22,-25
5.558594,33,2179,2179,16,4,-27,-22,-24
5.562500,33,2179,2179,15,4,-27,-22,-24
5.566406,33,2179,2179,15,4,-27,-22,-24
5.570312,33,2179,2179,15,4,-27,-22,-24
5.574219,33,2179,2179,15,4,-27,-22,-25
5.578125,33,2179,2179,15,4,-27,-22,-25
5.582031,34,2179,2179,15,4,-27,-22,-25
5.585938,33,2179,2179,15,4,-27,-22,-25
5.589844,34,2179,2179,15,4,-27,-22,-25
5.593750,34,2179,2179,15,4,-27,-22,-25
5.597656,34,2179,2179,15,4,-27,-22,-25
5.601562,34,2179,2179,15,4,-27,-22,-25
5.605469,34,2179,2179,15,4,-27,-22,-25
5.609375,34,2179,2179,15,4,-27,-22,-25
5.613281,34,2179,2179,15,4,-27,-22,-25
5.617188,34,2179,2179,15,4,-27,-22,-25
5.621094,33,2179,2179,15,4,-27,-22,-25
5.625000,34,2179,2179,15,4,-27,-22,-24
5.628906,34,2179,2179,15,4,-27,-22,-25
5.632812,34,2179,2179,15,4,-27,-22,-24
5.636719,34,2179,2179,15,4,-27,-22,-24
5.640625,34,2179,2179,15,4,-27,-22,-25
5.644531,35,2179,2179,15,4,-27,-22,-24
5.648438,35,2179,2179,15,4,-27,-22,-24
5.652344,35,2179,2179,15,4,-27,-22,-24
5.656250,34,2179,2179,15,4,-27,-22,-24
5.660156,35,2179,2179,15,3,-21,-22,-24
5.664062,35,2179,2179,15,3,-27,-22,-24
5.667969,34,2179,2179,15,4,-27,-22,-24
5.671875,34,2179,2179,15,4,-27,-22,-25
5.675781,35,2179,2179,15,4,-27,-22,-24
5.679688,35,2179,2179,15,3,-27,-22,-25
5.683594,34,2179,2179,15,3,-27,-22,-24
5.687500,34,2179,2179,15,4,-27,-22,-25
5.691406,35,2179,2179,15,4,-27,-22,-25
5.695312,35,2179,2179,15,4,-27,-22,-25
5.699219,34,2179,2179,15,4,-27,-22,-25
5.703125,34,2179,2179,15,4,-27,-22,-25
5.707031,34,2179,2179,15,4,-27,-22,-25
5.710938,34,2179,2179,15,3,-27,-22,-25
5.714844,34,2179,2179,15,4,-27,-22,-25
5.718750,34,2179,2179,15,4,-27,-22,-25
5.722656,33,2179,2179,15,4,-27,-22,-25
5.726562,33,2179,2179,15,4,-27,-22,-24
5.730469,33,2179,2179,15,4,-27,-22,-25
5.734375,33,2179,2179,15,4,-27,-22,-24
5.738281,33,2179,2179,15,5,-27,-22,-24
5.742188,34,2179,2179,15,4,-27,-22,-25
5.746094,34,2179,2179,15,4,-27,-21,-24
5.750000,34,2179,2179,15,4,-27,-22,-24
5.753906,34,2179,2179,16,5,-27,-22,-25
5.757812,34,2179,2179,16,5,-27,-22,-25
5.761719,34,2179,2179,15,4,-27,-22,-25
5.765625,34,2179,2179,16,4,-27,-22,-25
5.769531,34,2179,2179,16,4,-27,-22,-24
5.773438,34,2179,2179,16,4,-27,-22,-25
5.777344,35,2179,2179,16,4,-27,-21,-25
5.781250,35,2179,2179,16,4,-27,-22,-25
5.785156,35,2179,2179,17,4,-34,-22,-25
5.789062,35,2179,2179,17,4,-27,-22,-25
5.792969,35,2179,2179,17,4,-27,-22,-25
5.796875,35,2179,2179,17,4,-27,-22,-25
5.800781,35,2179,2179,17,4,-27,-22,-25
5.804688,35,2179,2179,17,4,-27,-22,-25
5.808594,36,2179,2179,17,4,-27,-22,-25
5.812500,35,2179,2179,17,4,-27,-22,-25
5.816406,35,2179,2179,17,4,-27,-22,-25
5.820312,35,2179,2179,17,4,-27,-22,-25
5.824219,36,2179,2179,16,4,-27,-22,-25
5.828125,36,2179,2179,15,4,-27,-22,-25
5.832031,36,2179,2179,15,4,-27,-22,-25
5.835938,36,2179,2179,15,4,-27,-22,-24
5.839844,37,2179,2179,15,4,-27,-22,-25
5.843750,37,2179,2179,15,4,-27,-22,-24
5.847656,38,2179,2179,15,3,-27,-22,-24
5.851562,38,2179,2179,15,4,-27,-22,-24
5.855469,38,2179,2179,16,4,-27,-22,-24
5.859375,38,2179,2179,16,4,-27,-22,-24
5.863281,38,2179,2179,16,3,-27,-22,-25
5.867188,38,2179,2179,17,3,-27,-22,-25
5.871094,37,2179,2179,17,4,-27,-22,-25
5.875000,38,2179,2179,17,4,-27,-22,-25
5.878906,38,2179,2179,16,3,-27,-22,-24
5.882812,38,2179,2179,16,3,-27,-22,-24
5.886719,38,2179,2179,16,4,-27,-22,-25
5.890625,38,2179,2179,16,4,-27,-22,-25
5.894531,38,2179,2179,15,3,-27,-22,-25
5.898438,38,2179,2179,16,3,-27,-22,-25
5.902344,38,2179,2179,16,4,-27,-22,-25
5.906250,37,2179,2179,17,4,-27,-22,-25
5.910156,38,2179,2179,17,4,-26,-22,-25
5.914062,37,2179,2179,17,4,-27,-22,-24
5.917969,37,2179,2179,18,4,-27,-22,-25
5.921875,37,2179,2179,18,4,-27,-22,-24
5.925781,37,2179,2179,17,4,-27,-22,-25
5.929688,37,2179,2179,17,4,-27,-22,-25
5.933594,36,2179,2179,17,4,-27,-22,-25
5.937500,36,2179,2179,18,4,-27,-22,-24
5.941406,37,2179,2179,18,4,-27,-21,-24
5.945312,37,2179,2179,17,4,-27,-22,-24
5.949219,36,2179,2179,17,4,-27,-22,-24
5.953125,37,2179,2179,18,4,-27,-22,-24
5.957031,37,2179,2179,18,4,-27,-22,-24
5.960938,37,2179,2179,17,4,-27,-22,-24
5.964844,37,2179,2179,17,4,-27,-22,-25
5.968750,37,2179,2179,18,4,-27,-22,-24
5.972656,37,2179,2179,18,4,-27,-22,-24
5.976562,38,2179,2179,18,3,-27,-22,-25
5.980469,38,2179,2179,18,3,-27,-22,-24
5.984375,37,2179,2179,19,4,-27,-22,-25
5.988281,37,2179,2179,20,4,-27,-22,-24
5.992188,38,2179,2179,20,4,-27,-22,-25
5.996094,38,2179,2179,20,4,-27,-22,-25
6.000000,38,2179,2179,21,4,-27,-22,-25
6.003906,38,2179,2179,21,4,-27,-22,-25
6.007812,38,2179,2179,22,4,-27,-22,-25
6.011719,38,2179,2179,22,4,-27,-22,-25
6.015625,38,2179,2179,23,4,-27,-22,-25
6.019531,38,2179,2179,24,4,-27,-22,-25
6.023438,38,2179,2179,25,4,-27,-22,-25
6.027344,39,2179,2179,25,4,-27,-21,-24
6.031250,39,2179,2179,26,4,-27,-22,-24
6.035156,38,2179,2179,27,4,-27,-22,-24
6.039062,38,2179,2179,28,4,-27,-22,-24
6.042969,39,2179,2179,29,4,-27,-22,-24
6.046875,39,2179,2179,31,4,-27,-22,-24
6.050781,39,2179,2179,32,4,-27,-22,-24
6.054688,39,2179,2179,34,4,-27,-22,-24
6.058594,39,2179,2179,35,4,-27,-22,-25
6.062500,39,2179,2179,36,4,-27,-22,-25
6.066406,39,2179,2179,37,4,-27,-22,-25
6.070312,39,2179,2179,39,4,-27,-22,-25
6.074219,40,2179,2179,40,4,-27,-22,-25
6.078125,40,2179,2179,41,4,-27,-22,-25
6.082031,40,2179,2179,42,3,-27,-22,-25
6.085938,39,2179,2179,44,4,-27,-22,-25
6.089844,40,2179,2179,45,4,-27,-22,-24
6.093750,40,2179,2179,47,4,-27,-22,-25
6.097656,40,2179,2179,48,4,-27,-22,-25
6.101562,40,2179,2179,51,4,-27,-22,-25
6.105469,40,2179,2179,52,4,-27,-22,-25
6.109375,40,2179,2179,54,4,-27,-22,-25
6.113281,40,2179,2179,56,4,-27,-22,-25
6.117188,40,2179,2179,58,4,-27,-22,-25
6.121094,40,2179,2179,60,4,-27,-22,-25
6.125000,40,2179,2179,62,4,-27,-22,-25
6.128906,40,2179,2179,64,4,-27,-22,-24
6.132812,40,2179,2179,67,4,-27,-22,-24
6.136719,40,2179,2179,70,4,-27,-22,-24
6.140625,40,2179,2179,72,4,-27,-22,-24
6.144531,40,2179,2179,74,4,-27,-22,-24
6.148438,40,2179,2179,75,4,-27,-22,-24
6.152344,40,2179,2179,76,4,-27,-21,-24
6.156250,40,2179,2179,77,4,-27,-22,-24
6.160156,40,2179,2179,78,4,-27,-22,-25
6.164062,40,2179,2179,79,4,-27,-22,-24
6.167969,40,2179,2179,81,4,-27,-22,-25
6.171875,40,2179,2179,83,4,-27,-22,-25
6.175781,41,2179,2179,85,4,-27,-22,-25
6.179688,41,2179,2179,88,4,-27,-22,-25
6.183594,40,2179,2179,90,4,-27,-22,-25
6.187500,40,2179,2179,93,4,-27,-22,-25
6.191406,40,2179,2179,94,4,-27,-22,-25
6.195312,40,2179,2179,96,4,-27,-22,-25
6.199219,39,2179,2179,97,4,-27,-22,-25
6.203125,39,2179,2179,99,4,-27,-22,-25
6.207031,39,2179,2179,101,4,-27,-22,-25
6.210938,39,2179,2179,102,4,-27,-22,-25
6.214844,39,2179,2179,104,4,-27,-22,-25
6.218750,38,2179,2179,107,4,-27,-22,-25
6.222656,38,2179,2179,108,4,-27,-22,-25
6.226562,39,2179,2179,110,4,-27,-22,-25
6.230469,39,2179,2179,111,4,-27,-22,-25
6.234375,38,2179,2179,112,4,-27,-22,-25
6.238281,38,2179,2179,113,4,-27,-22,-25
6.242188,38,2179,2179,114,4,-27,-22,-25
6.246094,38,2179,2179,115,4,-27,-22,-25
6.250000,38,2179,2179,117,3,-27,-22,-25
6.253906,38,2179,2179,118,4,-27,-22,-25
6.257812,38,2179,2179,120,4,-27,-22,-25
6.261719,38,2179,2179,121,3,-27,-22,-25
6.265625,38,2179,2179,122,3,-27,-22,-25
6.269531,38,2179,2179,123,4,-27,-22,-25
6.273438,38,2179,2179,124,3,-27,-22,-25
6.277344,39,2179,2179,125,3,-27,-21,-25
6.281250,39,2179,2179,126,3,-27,-22,-25
6.285156,38,2179,2179,128,4,-27,-22,-25
6.289062,38,2179,2179,129,4,-27,-22,-25
6.292969,38,2179,2179,130,3,-27,-22,-25
6.296875,38,2179,2179,131,3,-27,-22,-25
6.300781,38,2179,2179,133,4,-27,-22,-25
6.304688,38,2179,2179,134,4,-27,-22,-25
6.308594,38,2179,2179,135,4,-27,-22,-25
6.312500,38,2179,2179,135,3,-27,-22,-25
6.316406,37,2179,2179,135,4,-27,-22,-25
6.320312,37,2179,2179,136,4,-27,-22,-25
6.324219,37,2179,2179,136,4,-27,-22,-24
6.328125,37,2179,2179,137,4,-27,-22,-24
6.332031,37,2179,2179,138,4,-27,-22,-24
6.335938,37,2179,2179,140,5,-27,-22,-24
6.339844,37,2179,2179,142,4,-27,-22,-25
6.343750,37,2179,2179,143,4,-27,-22,-25
6.347656,37,2179,2179,145,4,-27,-22,-24
6.351562,37,2179,2179,146,4,-27,-22,-24
6.355469,37,2179,2179,146,5,-27,-22,-25
6.359375,38,2179,2179,146,4,-27,-22,-25
6.363281,38,2179,2179,146,4,-27,-22,-25
6.367188,38,2179,2179,147,4,-27,-22,-25
6.371094,38,2179,2179,148,4,-27,-22,-25
6.375000,38,2179,2179,149,4,-27,-22,-25
6.378906,38,2179,2179,149,4,-27,-22,-25
6.382812,38,2179,2179,150,3,-27,-22,-25
6.386719,38,2179,2179,151,4,-27,-22,-25
6.390625,39,2179,2179,152,4,-27,-22,-25
6.394531,38,2179,2179,152,4,-27,-22,-24
6.398438,38,2179,2179,152,4,-27,-22,-25
6.402344,38,2179,2179,152,4,-27,-22,-25
6.406250,38,2179,2179,152,4,-27,-22,-25
6.410156,38,2179,2179,152,4,-27,-22,-25
6.414062,37,2179,2179,152,4,-27,-22,-25
6.417969,37,2179,2179,153,4,-27,-22,-25
6.421875,37,2179,2179,154,4,-27,-22,-25
6.425781,37,2179,2179,154,4,-27,-22,-25
6.429688,37,2179,2179,155,3,-27,-22,-24
6.433594,37,2179,2179,156,3,-27,-22,-24
6.437500,37,2179,2179,157,3,-27,-22,-24
6.441406,37,2179,2179,157,3,-27,-22,-25
6.445312,37,2179,2179,157,3,-27,-22,-24
6.449219,37,2179,2179,157,3,-27,-22,-25
6.453125,37,2179,2179,158,4,-27,-22,-25
6.457031,38,2179,2179,159,4,-27,-22,-25
6.460938,38,2179,2179,159,3,-27,-22,-25
6.464844,38,2179,2179,160,3,-27,-22,-25
6.468750,38,2179,2179,161,4,-27,-22,-24
6.472656,38,2179,2179,161,3,-27,-22,-25
6.476562,38,2179,2179,161,3,-27,-22,-25
6.480469,38,2179,2179,161,3,-27,-22,-25
6.484375,38,2179,2179,162,4,-27,-22,-25
6.488281,38,2179,2179,162,4,-27,-22,-25
6.492188,39,2179,2179,163,4,-27,-22,-25
6.496094,39,2179,2179,163,4,-27,-22,-25
6.500000,38,2179,2179,164,4,-27,-22,-25
6.503906,38,2179,2179,166,4,-27,-22,-25
6.507812,38,2179,2179,166,4,-27,-22,-25
6.511719,38,2179,2179,167,4,-27,-22,-24
6.515625,37,2179,2179,167,4,-27,-22,-25
6.519531,37,2179,2179,168,4,-27,-22,-24
6.523438,37,2179,2179,168,4,-27,-22,-25
6.527344,37,2179,2179,169,4,-27,-22,-25
6.531250,37,2179,2179,169,4,-27,-22,-25
6.535156,36,2179,2179,169,4,-27,-22,-25
6.539062,36,2179,2179,169,4,-27,-22,-25
6.542969,37,2179,2179,169,4,-27,-22,-25
6.546875,37,2179,2179,169,4,-27,-22,-24
6.550781,36,2179,2179,170,4,-27,-22,-24
6.554688,36,2179,2179,171,4,-27,-22,-25
6.558594,37,2179,2179,171,4,-27,-22,-25
6.562500,36,2179,2179,171,4,-27,-22,-25
6.566406,36,2179,2179,171,4,-27,-22,-25
6.570312,36,2179,2179,172,4,-27,-22,-25
6.574219,36,2179,2179,172,5,-27,-22,-25
6.578125,36,2179,2179,172,4,-27,-22,-24
6.582031,36,2179,2179,172,4,-27,-22,-25
6.585938,36,2179,2179,172,5,-27,-22,-25
6.589844,35,2179,2179,172,4,-27,-22,-25
6.593750,36,2179,2179,172,4,-27,-22,-25
6.597656,35,2179,2179,172,4,-27,-22,-25
6.601562,35,2179,2179,173,4,-27,-22,-25
6.605469,35,2179,2179,173,4,-27,-22,-25
6.609375,35,2179,2179,173,4,-27,-22,-25
6.613281,35,2179,2179,174,4,-27,-22,-24
6.617188,35,2179,2179,173,3,-27,-22,-25
6.621094,35,2179,2179,174,4,-27,-22,-24
6.625000,35,2179,2179,174,4,-27,-22,-24
6.628906,35,2179,2179,173,4,-27,-22,-24
6.632812,35,2179,2179,173,4,-27,-22,-24
6.636719,34,2179,2179,174,4,-27,-22,-25
6.640625,35,2179,2179,174,4,-27,-22,-25
6.644531,35,2179,2179,174,4,-27,-22,-24
6.648438,35,2179,2179,175,4,-27,-22,-25
6.652344,35,2179,2179,175,4,-27,-23,-25
6.656250,35,2179,2179,175,4,-27,-22,-25
6.660156,35,2179,2179,174,4,-27,-22,-25
6.664062,35,2179,2179,174,4,-27,-22,-25
6.667969,35,2179,2179,175,4,-27,-22,-25
6.671875,35,2179,2179,175,4,-27,-22,-25
6.675781,36,2179,2179,174,4,-27,-22,-25
6.679688,36,2179,2179,175,3,-27,-22,-25
6.683594,36,2179,2179,175,3,-27,-22,-25
6.687500,36,2179,2179,175,3,-27,-22,-25
6.691406,36,2179,2179,175,3,-27,-22,-25
6.695312,36,2179,2179,175,3,-27,-22,-25
6.699219,36,2179,2179,175,3,-27,-22,-25
6.703125,36,2179,2179,176,4,-27,-22,-25
6.707031,36,2179,2179,177,4,-27,-22,-25
6.710938,36,2179,2179,177,3,-27,-22,-25
6.714844,35,2179,2179,178,3,-27,-22,-24
6.718750,35,2179,2179,178,4,-27,-22,-24
6.722656,35,2179,2179,178,4,-27,-22,-24
6.726562,35,2179,2179,178,4,-27,-22,-24
6.730469,35,2179,2179,177,4,-27,-22,-24
6.734375,35,2179,2179,177,4,-27,-22,-24
6.738281,35,2179,2179,177,4,-27,-22,-24
6.742188,35,2179,2179,176,4,-27,-22,-25
6.746094,35,2179,2179,176,4,-27,-22,-25
6.750000,35,2179,2179,176,4,-27,-22,-25
6.753906,35,2179,2179,177,4,-27,-22,-25
6.757812,35,2179,2179,178,4,-27,-22,-25
6.761719,35,2179,2179,178,4,-27,-22,-25
6.765625,35,2179,2179,179,4,-27,-22,-24
6.769531,35,2179,2179,179,4,-27,-22,-24
6.773438,35,2179,2179,180,4,-27,-22,-24
6.777344,35,2179,2179,179,4,-27,-22,-25
6.781250,35,2179,2179,180,4,-27,-22,-25
6.785156,35,2179,2179,181,4,-27,-22,-25
6.789062,35,2179,2179,181,4,-27,-22,-25
6.792969,35,2179,2179,181,4,-27,-22,-25
6.796875,35,2179,2179,181,4,-27,-22,-25
6.800781,35,2179,2179,181,4,-27,-22,-25
6.804688,34,2179,2179,180,4,-27,-22,-25
6.808594,34,2179,2179,180,4,-27,-22,-25
6.812500,34,2179,2179,179,4,-27,-22,-25
6.816406,34,2179,2179,179,4,-27,-22,-25
6.820312,34,2179,2179,179,4,-27,-22,-25
6.824219,34,2179,2179,180,4,-27,-22,-25
6.828125,34,2179,2179,180,4,-27,-22,-25
6.832031,34,2179,2179,181,4,-27,-22,-24
6.835938,34,2179,2179,182,4,-27,-22,-24
6.839844,34,2179,2179,182,4,-27,-22,-24
6.843750,34,2179,2179,181,4,-27,-22,-25
6.847656,34,2179,2179,181,4,-27,-22,-24
6.851562,34,2179,2179,181,4,-27,-22,-25
6.855469,34,2179,2179,181,4,-27,-22,-24
6.859375,35,2179,2179,181,3,-27,-22,-25
6.863281,35,2179,2179,181,3,-27,-22,-25
6.867188,35,2179,2179,181,3,-27,-22,-25
6.871094,35,2179,2179,182,3,-27,-22,-24
6.875000,35,2179,2179,182,3,-27,-22,-25
6.878906,35,2179,2179,182,3,-27,-22,-25
6.882812,35,2179,2179,182,3,-27,-22,-25
6.886719,35,2179,2179,182,4,-27,-22,-25
6.890625,35,2179,2179,182,4,-27,-22,-25
6.894531,34,2179,2179,182,3,-27,-22,-24
6.898438,34,2179,2179,182,3,-27,-22,-25
6.902344,33,2179,2179,182,4,-27,-22,-25
6.906250,33,2179,2179,182,4,-27,-22,-25
6.910156,33,2179,2179,182,4,-27,-22,-25
6.914062,33,2179,2179,182,4,-27,-22,-25
6.917969,32,2179,2179,183,4,-27,-22,-24
6.921875,32,2179,2179,183,4,-27,-22,-25
6.925781,33,2179,2179,182,4,-27,-22,-25
6.929688,33,2179,2179,182,4,-27,-22,-25
6.933594,33,2179,2179,182,4,-27,-22,-25
6.937500,33,2179,2179,183,4,-27,-22,-25
6.941406,33,2179,2179,183,4,-27,-22,-24
6.945312,33,2179,2179,183,4,-27,-22,-24
6.949219,33,2179,2179,183,4,-27,-22,-24
6.953125,33,2179,2179,184,4,-27,-22,-25
6.957031,33,2179,2179,184,4,-27,-22,-25
6.960938,34,2179,2179,183,4,-27,-22,-25
6.964844,34,2179,2179,183,4,-27,-22,-25
6.968750,34,2179,2179,183,4,-27,-22,-25
6.972656,33,2179,2179,182,4,-27,-22,-25
6.976562,33,2179,2179,182,4,-27,-22,-25
6.980469,33,2179,2179,182,4,-27,-22,-25
6.984375,33,2179,2179,183,4,-27,-22,-25
6.988281,33,2179,2179,184,4,-27,-22,-25
6.992188,33,2179,2179,183,4,-27,-22,-25
6.996094,33,2179,2179,184,4,-27,-22,-25
7.000000,33,2179,2179,184,4,-27,-22,-25
7.003906,33,2179,2179,185,4,-27,-22,-25
7.007812,34,2179,2179,185,4,-27,-22,-25
7.011719,33,2179,2179,184,4,-27,-22,-25
7.015625,33,2179,2179,184,4,-27,-22,-25
7.019531,33,2179,2179,184,4,-27,-22,-24
7.023438,32,2179,2179,184,4,-27,-22,-24
7.027344,33,2179,2179,184,4,-27,-22,-24
7.031250,33,2179,2179,184,4,-27,-22,-25
7.035156,32,2179,2179,184,4,-27,-22,-24
7.039062,32,2179,2179,184,4,-27,-22,-25
7.042969,33,2179,2179,183,4,-27,-22,-25
7.046875,33,2179,2179,183,4,-27,-22,-25
7.050781,32,2179,2179,184,4,-27,-22,-25
7.054688,32,2179,2179,184,4,-27,-22,-25
7.058594,32,2179,2179,185,4,-27,-22,-25
7.062500,32,2179,2179,185,3,-27,-22,-25
7.066406,32,2179,2179,185,3,-27,-22,-25
7.070312,32,2179,2179,185,4,-27,-22,-25
7.074219,31,2179,2179,185,4,-27,-22,-25
7.078125,31,2179,2179,184,3,-27,-22,-25
7.082031,31,2179,2179,184,3,-27,-22,-25
7.085938,31,2179,2179,185,4,-27,-22,-25
7.089844,31,2179,2179,185,4,-27,-22,-25
7.093750,31,2179,2179,185,4,-27,-22,-25
7.097656,31,2179,2179,185,4,-27,-22,-25
7.101562,30,2179,2179,185,4,-27,-22,-25
7.105469,30,2179,2179,186,4,-27,-22,-25
7.109375,30,2179,2179,185,4,-27,-22,-25
7.113281,30,2179,2179,185,4,-27,-22,-25
7.117188,29,2179,2179,184,4,-27,-22,-25
7.121094,29,2179,2179,185,4,-27,-22,-25
7.125000,29,2179,2179,185,4,-27,-22,-25
7.128906,29,2179,2179,185,4,-27,-21,-24
7.132812,28,2179,2179,185,4,-27,-21,-24
7.136719,28,2179,2179,186,4,-27,-22,-25
7.140625,28,2179,2179,186,4,-27,-21,-25
7.144531,28,2179,2179,186,4,-27,-22,-24
7.148438,28,2179,2179,186,4,-27,-22,-25
7.152344,28,2179,2179,186,4,-27,-22,-24
7.156250,28,2179,2179,185,4,-27,-22,-25
7.160156,28,2179,2179,185,3,-27,-22,-24
7.164062,28,2179,2179,184,3,-27,-22,-25
7.167969,28,2179,2179,184,4,-27,-22,-24
7.171875,27,2179,2179,184,4,-27,-22,-25
7.175781,27,2179,2179,184,4,-27,-22,-25
7.179688,27,2179,2179,184,4,-27,-22,-25
7.183594,27,2179,2179,184,4,-27,-22,-25
7.187500,26,2179,2179,185,4,-27,-22,-25
7.191406,26,2179,2179,186,5,-27,-22,-25
7.195312,26,2179,2179,186,4,-27,-22,-25
7.199219,25,2179,2179,186,4,-27,-22,-25
7.203125,25,2179,2179,186,4,-27,-22,-25
7.207031,25,2179,2179,186,4,-27,-22,-25
7.210938,25,2179,2179,185,4,-27,-22,-25
7.214844,24,2179,2179,185,4,-27,-22,-25
7.218750,24,2179,2179,185,4,-27,-22,-24
7.222656,23,2179,2179,185,4,-27,-22,-24
7.226562,23,2179,2179,185,4,-27,-22,-24
7.230469,23,2179,2179,184,4,-27,-22,-24
7.234375,22,2179,2179,181,4,-27,-22,-24
7.238281,22,2179,2179,176,4,-27,-22,-25
7.242188,22,2179,2179,167,4,-27,-22,-24
7.246094,22,2179,2179,155,4,-27,-22,-24
7.250000,21,2179,2179,140,4,-27,-22,-24
7.253906,21,2179,2179,125,4,-27,-22,-25
7.257812,21,2179,2179,110,4,-27,-22,-25
7.261719,21,2179,2179,99,3,-27,-22,-25
7.265625,21,2179,2179,91,3,-27,-22,-25
7.269531,20,2179,2179,87,3,-27,-22,-25
7.273438,20,2179,2179,85,3,-27,-22,-25
7.277344,20,2179,2179,82,3,-27,-22,-25
7.281250,20,2179,2179,77,3,-27,-22,-25
7.285156,19,2179,2179,71,4,-27,-22,-24
7.289062,19,2179,2179,62,4,-27,-22,-25
7.292969,19,2179,2179,52,4,-27,-22,-25
7.296875,18,2179,2179,43,4,-27,-22,-25
7.300781,18,2179,2179,36,4,-27,-22,-25
7.304688,17,2179,2179,31,4,-27,-22,-25
7.308594,17,2179,2179,29,4,-27,-22,-25
7.312500,17,2179,2179,27,4,-27,-22,-25
7.316406,16,2179,2179,27,3,-27,-22,-24
7.320312,16,2179,2179,27,4,-27,-22,-25
7.324219,16,2179,2179,26,4,-27,-22,-25
7.328125,16,2179,2179,24,4,-27,-22,-24
7.332031,16,2179,2179,22,4,-27,-22,-25
7.335938,15,2179,2179,20,4,-27,-22,-24
7.339844,15,2179,2179,19,4,-27,-22,-25
7.343750,15,2179,2179,18,4,-27,-22,-25
7.347656,15,2179,2179,18,4,-27,-22,-25
7.351562,14,2179,2179,18,4,-27,-22,-25
7.355469,14,2179,2179,19,4,-27,-22,-24
7.359375,14,2179,2179,19,4,-27,-22,-25
7.363281,14,2179,2179,18,4,-27,-22,-25
7.367188,14,2179,2179,18,4,-27,-22,-25
7.371094,13,2179,2179,18,4,-27,-22,-25
7.375000,13,2179,2179,17,4,-27,-22,-25
7.378906,14,2179,2179,17,4,-27,-22,-25
7.382812,13,2179,2179,16,4,-27,-22,-25
7.386719,13,2179,2179,17,4,-27,-22,-25
7.390625,13,2179,2179,17,4,-27,-22,-25
7.394531,12,2179,2179,17,4,-27,-22,-25
7.398438,12,2179,2179,17,4,-27,-22,-25
7.402344,11,2179,2179,18,4,-27,-22,-25
7.406250,11,2179,2179,18,4,-27,-22,-25
7.410156,11,2179,2179,17,4,-27,-22,-25
7.414062,11,2179,2179,17,4,-27,-22,-24
7.417969,11,2179,2179,17,4,-27,-22,-25
7.421875,10,2179,2179,17,4,-27,-22,-25
7.425781,11,2179,2179,17,4,-27,-22,-25
7.429688,10,2179,2179,17,3,-27,-22,-25
7.433594,10,2179,2179,17,3,-27,-22,-25
7.437500,10,2179,2179,17,3,-27,-22,-25
7.441406,10,2179,2179,17,3,-27,-22,-25
7.445312,10,2179,2179,16,3,-27,-22,-24
7.449219,9,2179,2179,16,3,-27,-22,-25
7.453125,9,2179,2179,16,4,-27,-22,-25
7.457031,9,2179,2179,16,4,-27,-22,-25
7.460938,9,2179,2179,15,3,-27,-22,-25
7.464844,9,2179,2179,15,3,-27,-22,-25
7.468750,9,2179,2179,15,4,-27,-22,-25
7.472656,8,2179,2179,15,4,-27,-22,-25
7.476562,8,2179,2179,15,4,-27,-22,-25
7.480469,8,2179,2179,15,4,-27,-22,-25
7.484375,7,2179,2179,15,3,-27,-22,-25
7.488281,7,2179,2179,15,4,-27,-22,-25
7.492188,8,2179,2179,16,4,-27,-22,-25
7.496094,8,2179,2179,15,4,-27,-22,-25
7.500000,7,2179,2179,15,4,-27,-22,-25
7.503906,8,2179,2179,15,4,-27,-22,-25
7.507812,8,2179,2179,15,4,-27,-22,-25
7.511719,8,2179,2179,15,4,-27,-22,-24
7.515625,8,2179,2179,15,4,-27,-22,-24
7.519531,8,2179,2179,15,4,-27,-22,-26
7.523438,8,2179,2179,15,4,-27,-22,-24
7.527344,8,2179,2179,15,4,-27,-22,-24
7.531250,8,2179,2179,15,4,-27,-22,-24
7.535156,8,2179,2179,15,4,-27,-22,-24
7.539062,8,2179,2179,15,4,-27,-22,-24
7.542969,9,2179,2179,15,4,-27,-22,-24
7.546875,9,2179,2179,15,4,-27,-22,-25
7.550781,9,2179,2179,15,4,-27,-22,-24
7.554688,9,2179,2179,15,4,-27,-22,-25
7.558594,10,2179,2179,15,4,-27,-22,-25
7.562500,10,2179,2179,15,3,-27,-22,-25
7.566406,10,2179,2179,15,4,-27,-22,-25
7.570312,10,2179,2179,15,4,-27,-22,-25
7.574219,10,2179,2179,15,4,-27,-22,-25
7.578125,10,2179,2179,15,4,-27,-22,-25
7.582031,10,2179,2179,15,4,-27,-22,-25
7.585938,9,2179,2179,16,4,-27,-22,-25
7.589844,9,2179,2179,16,4,-27,-22,-25
7.593750,9,2179,2179,15,4,-27,-22,-25
7.597656,9,2179,2179,15,4,-27,-22,-25
7.601562,8,2179,2179,15,4,-27,-22,-25
7.605469,8,2179,2179,15,4,-27,-22,-25
7.609375,8,2179,2179,15,3,-27,-22,-25
7.613281,8,2179,2179,15,4,-27,-22,-24
7.617188,8,2179,2179,16,4,-27,-22,-25
7.621094,8,2179,2179,15,4,-27,-22,-24
7.625000,8,2179,2179,15,4,-27,-22,-25
7.628906,8,2179,2179,15,4,-27,-22,-24
7.632812,8,2179,2179,15,4,-27,-22,-25
7.636719,8,2179,2179,15,4,-27,-22,-25
7.640625,8,2179,2179,15,4,-27,-22,-25
7.644531,8,2179,2179,15,4,-27,-22,-25
7.648438,8,2179,2179,15,4,-27,-22,-25
7.652344,8,2179,2179,15,4,-27,-22,-25
7.656250,8,2179,2179,15,4,-27,-22,-24
7.660156,8,2179,2179,15,3,-27,-22,-25
7.664062,8,2179,2179,15,3,-27,-22,-25
7.667969,8,2179,2179,15,4,-27,-22,-25
7.671875,8,2179,2179,15,4,-27,-22,-25
7.675781,8,2179,2179,15,4,-27,-22,-25
7.679688,8,2179,2179,15,3,-27,-22,-25
7.683594,8,2179,2179,15,4,-27,-22,-25
7.687500,7,2179,2179,15,4,-27,-22,-25
7.691406,8,2179,2179,15,4,-27,-22,-25
7.695312,8,2179,2179,15,4,-27,-22,-25
7.699219,7,2179,2179,15,4,-27,-22,-25
7.703125,7,2179,2179,15,4,-27,-22,-25
7.707031,8,2179,2179,15,4,-27,-22,-25
7.710938,8,2179,2179,15,4,-27,-22,-25
7.714844,8,2179,2179,15,4,-27,-22,-25
7.718750,7,2179,2179,15,4,-27,-22,-25
7.722656,7,2179,2179,15,4,-27,-22,-25
7.726562,8,2179,2179,15,4,-27,-22,-24
7.730469,8,2179,2179,15,4,-27,-21,-24
7.734375,7,2179,2179,15,3,-27,-22,-24
7.738281,7,2179,2179,15,4,-27,-22,-24
7.742188,7,2179,2179,15,4,-27,-22,-24
7.746094,7,2179,2179,15,4,-27,-22,-24
7.750000,7,2179,2179,15,4,-27,-22,-24
7.753906,7,2179,2179,16,4,-27,-22,-25
7.757812,7,2179,2179,16,4,-27,-22,-25
7.761719,7,2179,2179,15,4,-27,-22,-25
7.765625,7,2179,2179,15,4,-27,-22,-25
7.769531,7,2179,2179,16,4,-27,-22,-25
7.773438,7,2179,2179,16,5,-27,-22,-25
7.777344,8,2179,2179,15,4,-27,-22,-25
7.781250,8,2179,2179,15,4,-27,-22,-25
7.785156,7,2179,2179,16,5,-27,-22,-25
7.789062,7,2179,2179,16,5,-27,-22,-25
7.792969,7,2179,2179,15,4,-27,-22,-25
7.796875,7,2179,2179,15,4,-27,-22,-25
7.800781,7,2179,2179,15,4,-27,-22,-25
7.804688,7,2179,2179,15,4,-27,-22,-25
7.808594,7,2179,2179,15,4,-27,-22,-24
7.812500,7,2179,2179,15,4,-27,-22,-24
7.816406,7,2179,2179,15,4,-27,-22,-24
7.820312,7,2179,2179,15,4,-27,-22,-24
7.824219,7,2179,2179,15,4,-27,-22,-24
7.828125,7,2179,2179,15,3,-27,-22,-24
7.832031,8,2179,2179,15,3,-27,-22,-24
7.835938,7,2179,2179,15,4,-27,-22,-24
7.839844,7,2179,2179,15,4,-27,-22,-24
7.843750,8,2179,2179,15,4,-27,-22,-24
7.847656,8,2179,2179,15,3,-27,-22,-25
7.851562,7,2179,2179,15,4,-27,-22,-24
7.855469,7,2179,2179,15,4,-27,-22,-24
7.859375,7,2179,2179,15,2,-27,-22,-24
7.863281,7,2179,2179,15,3,-27,-22,-25
7.867188,7,2179,2179,15,3,-27,-22,-25
7.871094,7,2179,2179,14,3,-27,-22,-25
7.875000,7,2179,2179,14,3,-27,-22,-25
7.878906,7,2179,2179,14,3,-27,-22,-25
7.882812,7,2179,2179,14,4,-27,-22,-25
7.886719,7,2179,2179,14,4,-27,-22,-25
7.890625,7,2179,2179,14,4,-27,-22,-25
7.894531,6,2179,2179,14,4,-27,-22,-25
7.898438,6,2179,2179,14,4,-27,-22,-25
7.902344,5,2179,2179,15,4,-27,-22,-25
7.906250,5,2179,2179,15,4,-27,-22,-25
7.910156,5,2179,2179,15,4,-27,-22,-24
7.914062,5,2179,2179,15,4,-27,-22,-24
7.917969,5,2179,2179,16,4,-27,-22,-25
7.921875,5,2179,2179,16,4,-27,-22,-25
7.925781,6,2179,2179,15,4,-27,-22,-25
7.929688,6,2179,2179,15,4,-27,-22,-24
7.933594,5,2179,2179,14,4,-27,-22,-25
7.937500,6,2179,2179,14,4,-27,-22,-25
7.941406,6,2179,2179,14,4,-27,-22,-25
7.945312,6,2179,2179,14,4,-27,-22,-25
7.949219,5,2179,2179,13,4,-27,-22,-25
7.953125,5,2179,2179,14,4,-27,-22,-24
7.957031,6,2179,2179,14,4,-27,-22,-24
7.960938,5,2179,2179,14,4,-27,-22,-24
7.964844,5,2179,2179,14,4,-27,-22,-25
7.968750,5,2179,2179,15,4,-27,-22,-24
7.972656,5,2179,2179,15,4,-27,-22,-25
7.976562,6,2179,2179,15,4,-26,-22,-25
7.980469,6,2179,2179,14,4,-27,-22,-25
7.984375,6,2179,2179,14,3,-27,-22,-25
7.988281,6,2179,2179,14,4,-27,-22,-25
7.992188,7,2179,2179,14,4,-27,-22,-25
7.996094,6,2179,2179,14,4,-27,-22,-25
8.000000,6,2179,2179,14,4,-27,-22,-25
8.003906,6,2179,2179,14,4,-27,-22,-25
8.007812,6,2179,2179,15,4,-27,-22,-24
8.011719,6,2179,2179,14,4,-27,-22,-24
8.015625,6,2179,2179,15,4,-27,-22,-25
8.019531,6,2179,2179,15,4,-27,-22,-25
8.023438,6,2179,2179,15,4,-27,-22,-25
8.027344,6,2179,2179,15,4,-27,-22,-24
8.031250,6,2179,2179,15,4,-27,-22,-24
8.035156,6,2179,2179,16,4,-27,-22,-24
8.039062,6,2179,2179,16,4,-27,-22,-25
8.042969,7,2179,2179,15,4,-27,-22,-25
8.046875,7,2179,2179,15,4,-27,-22,-24
8.050781,7,2179,2179,15,4,-27,-22,-25
8.054688,7,2179,2179,15,4,-27,-22,-25
8.058594,8,2179,2179,15,4,-27,-22,-25
8.062500,8,2179,2179,15,3,-27,-22,-25
8.066406,8,2179,2179,14,3,-27,-22,-25
8.070312,8,2179,2179,15,3,-27,-22,-25
8.074219,8,2179,2179,15,4,-27,-22,-25
8.078125,8,2179,2179,14,3,-27,-22,-25
8.082031,9,2179,2179,14,3,-27,-22,-25
8.085938,8,2179,2179,14,4,-27,-22,-25
8.089844,8,2179,2179,14,4,-27,-22,-25
8.093750,8,2179,2179,14,4,-27,-22,-25
8.097656,8,2179,2179,14,4,-27,-22,-25
8.101562,8,2179,2179,15,4,-27,-22,-25
8.105469,7,2179,2179,15,4,-27,-22,-24
8.109375,8,2179,2179,15,3,-27,-22,-25
8.113281,8,2179,2179,16,4,-27,-22,-24
8.117188,8,2179,2179,16,4,-27,-22,-24
8.121094,8,2179,2179,16,4,-27,-22,-24
8.125000,8,2179,2179,16,4,-27,-22,-24
8.128906,9,2179,2179,15,4,-27,-22,-24
8.132812,8,2179,2179,15,4,-27,-22,-24
8.136719,8,2179,2179,15,4,-27,-22,-25
8.140625,9,2179,2179,14,4,-27,-22,-24
8.144531,9,2179,2179,14,4,-27,-22,-24
8.148438,9,2179,2179,14,3,-27,-22,-24
8.152344,9,2179,2179,14,4,-27,-22,-24
8.156250,10,2179,2179,14,4,-27,-22,-25
8.160156,11,2179,2179,14,4,-27,-22,-25
8.164062,11,2179,2179,15,4,-27,-22,-25
8.167969,10,2179,2179,15,4,-27,-22,-25
8.171875,11,2179,2179,15,4,-27,-22,-25
8.175781,11,2179,2179,15,4,-27,-22,-25
8.179688,11,2179,2179,15,4,-27,-22,-25
8.183594,11,2179,2179,15,4,-27,-22,-25
8.187500,11,2179,2179,15,5,-27,-22,-25
8.191406,11,2179,2179,15,5,-27,-22,-25
8.195312,11,2179,2179,15,4,-27,-22,-25
8.199219,11,2179,2179,15,4,-27,-22,-25
8.203125,11,2179,2179,16,5,-27,-22,-24
8.207031,11,2179,2179,16,5,-27,-22,-25
8.210938,11,2179,2179,16,4,-27,-22,-25
8.214844,11,2179,2179,15,4,-27,-22,-24
8.218750,11,2179,2179,15,4,-27,-22,-25
8.222656,10,2179,2179,15,4,-27,-22,-24
8.226562,11,2179,2179,14,4,-26,-22,-24
8.230469,11,2179,2179,14,4,-27,-22,-24
8.234375,11,2179,2179,14,4,-27,-22,-24
8.238281,11,2179,2179,15,4,-27,-22,-24
8.242188,11,2179,2179,15,4,-27,-22,-25
8.246094,11,2179,2179,15,3,-27,-22,-25
8.250000,11,2179,2179,15,3,-27,-22,-25
8.253906,11,2179,2179,15,4,-27,-22,-25
8.257812,12,2179,2179,15,3,-27,-22,-25
8.261719,12,2179,2179,15,3,-27,-22,-25
8.265625,12,2179,2179,14,3,-27,-22,-25
8.269531,12,2179,2179,15,3,-27,-22,-25
8.273438,13,2179,2179,14,4,-27,-22,-25
8.277344,13,2179,2179,14,3,-27,-22,-25
8.281250,13,2179,2179,14,3,-27,-22,-25
8.285156,13,2179,2179,14,4,-27,-22,-25
8.289062,13,2179,2179,14,4,-27,-22,-25
8.292969,13,2179,2179,14,4,-27,-22,-25
8.296875,13,2179,2179,14,4,-27,-22,-25
8.300781,13,2179,2179,15,4,-27,-22,-25
8.304688,13,2179,2179,15,4,-27,-22,-25
8.308594,13,2179,2179,16,4,-27,-22,-24
8.312500,14,2179,2179,15,4,-27,-22,-25
8.316406,13,2179,2179,15,4,-27,-22,-24
8.320312,14,2179,2179,15,4,-27,-22,-25
8.324219,14,2179,2179,15,4,-27,-22,-24
8.328125,14,2179,2179,14,4,-27,-22,-24
8.332031,15,2179,2179,14,4,-27,-22,-24
8.335938,15,2179,2179,14,4,-27,-22,-25
8.339844,15,2179,2179,15,4,-27,-22,-24
8.343750,16,2179,2179,15,4,-27,-22,-25
8.347656,16,2179,2179,15,4,-27,-22,-24
8.351562,17,2179,2179,16,4,-28,-22,-25
8.355469,18,2179,2179,16,4,-27,-22,-25
8.359375,18,2179,2179,15,5,-27,-22,-25
8.363281,19,2179,2179,15,4,-27,-22,-25
8.367188,19,2179,2179,16,4,-27,-22,-25
8.371094,19,2179,2179,15,4,-27,-22,-25
8.375000,20,2179,2179,15,4,-27,-22,-25
8.378906,20,2179,2179,14,4,-27,-22,-25
8.382812,20,2179,2179,14,4,-27,-22,-25
8.386719,20,2179,2179,14,4,-27,-22,-25
8.390625,21,2179,2179,14,4,-27,-22,-25
8.394531,21,2179,2179,14,4,-27,-22,-25
8.398438,21,2179,2179,14,4,-27,-22,-24
8.402344,21,2179,2179,15,4,-27,-22,-25
8.406250,21,2179,2179,15,4,-27,-22,-25
8.410156,21,2179,2179,15,4,-27,-22,-24
8.414062,21,2179,2179,15,4,-27,-22,-24
8.417969,21,2179,2179,16,4,-27,-22,-25
8.421875,21,2179,2179,16,4,-27,-22,-25
8.425781,21,2179,2179,15,4,-27,-22,-25
8.429688,21,2179,2179,15,3,-27,-22,-25
8.433594,21,2179,2179,15,3,-27,-22,-24
8.437500,21,2179,2179,15,4,-27,-22,-24
8.441406,22,2179,2179,15,4,-27,-22,-25
8.445312,22,2179,2179,14,3,-27,-22,-25
8.449219,22,2179,2179,14,3,-27,-22,-25
8.453125,22,2179,2179,14,4,-27,-22,-25
8.457031,22,2179,2179,14,4,-27,-22,-25
8.460938,23,2179,2179,13,3,-27,-22,-25
8.464844,23,2179,2179,13,4,-27,-22,-25
8.468750,23,2179,2179,13,4,-27,-22,-25
8.472656,23,2179,2179,13,4,-27,-22,-25
8.476562,23,2179,2179,13,4,-24,-22,-25
8.480469,23,2179,2179,13,4,-27,-22,-25
8.484375,23,2179,2179,14,5,-27,-22,-25
8.488281,24,2179,2179,14,4,-27,-22,-25
8.492188,24,2179,2179,15,4,-27,-22,-25
8.496094,24,2179,2179,15,4,-27,-22,-25
8.500000,24,2179,2179,15,4,-27,-22,-25
8.503906,23,2179,2179,16,4,-27,-22,-25
8.507812,24,2179,2179,15,4,-27,-22,-24
8.511719,23,2179,2179,15,4,-27,-22,-25
8.515625,23,2179,2179,15,4,-27,-22,-24
8.519531,23,2179,2179,15,4,-27,-22,-25
8.523438,23,2179,2179,14,4,-27,-22,-24
8.527344,24,2179,2179,14,4,-27,-22,-24
8.531250,24,2179,2179,14,4,-27,-22,-24
8.535156,24,2179,2179,14,4,-27,-22,-24
8.539062,24,2179,2179,15,4,-27,-22,-25
8.542969,25,2179,2179,15,4,-27,-22,-24
8.546875,25,2179,2179,15,4,-27,-22,-24
8.550781,25,2179,2179,15,4,-27,-22,-24
8.554688,26,2179,2179,15,4,-27,-22,-25
8.558594,26,2179,2179,14,4,-27,-22,-25
8.562500,26,2179,2179,13,4,-27,-22,-25
8.566406,26,2179,2179,13,4,-27,-22,-25
8.570312,26,2179,2179,13,4,-27,-22,-25
8.574219,26,2179,2179,13,4,-27,-22,-25
8.578125,26,2179,2179,14,4,-27,-22,-25
8.582031,25,2179,2179,14,4,-27,-22,-25
8.585938,25,2179,2179,15,5,-27,-22,-25
8.589844,25,2179,2179,15,4,-27,-22,-25
8.593750,25,2179,2179,14,4,-27,-22,-25
8.597656,25,2179,2179,14,4,-27,-22,-25
8.601562,25,2179,2179,14,4,-30,-22,-25
8.605469,25,2179,2179,14,4,-27,-22,-25
8.609375,25,2179,2179,13,4,-27,-22,-24
8.613281,25,2179,2179,13,4,-27,-22,-25
8.617188,25,2179,2179,14,4,-27,-22,-24
8.621094,25,2179,2179,14,4,-27,-22,-25
8.625000,26,2179,2179,14,4,-27,-22,-24
8.628906,26,2179,2179,14,4,-27,-22,-24
8.632812,26,2179,2179,14,4,-27,-22,-24
8.636719,26,2179,2179,14,4,-27,-22,-24
8.640625,26,2179,2179,14,4,-27,-22,-24
8.644531,26,2179,2179,13,4,-27,-22,-24
8.648438,27,2179,2179,14,4,-27,-22,-25
8.652344,26,2179,2179,14,4,-27,-22,-25
8.656250,27,2179,2179,14,4,-27,-22,-25
8.660156,27,2179,2179,14,4,-27,-22,-25
8.664062,27,2179,2179,14,4,-27,-22,-25
8.667969,26,2179,2179,15,4,-27,-22,-25
8.671875,26,2179,2179,15,4,-27,-22,-25
8.675781,26,2179,2179,14,4,-27,-22,-25
8.679688,26,2179,2179,14,4,-27,-22,-25
8.683594,25,2179,2179,14,4,-27,-22,-25
8.687500,25,2179,2179,14,4,-27,-22,-25
8.691406,25,2179,2179,14,4,-27,-22,-25
8.695312,25,2179,2179,14,4,-27,-22,-25
8.699219,25,2179,2179,14,4,-27,-22,-25
8.703125,24,2179,2179,14,4,-27,-22,-25
8.707031,24,2179,2179,14,4,-27,-22,-25
8.710938,24,2179,2179,14,4,-27,-22,-24
8.714844,24,2179,2179,13,4,-27,-22,-24
8.718750,23,2179,2179,14,4,-27,-21,-24
8.722656,24,2179,2179,14,4,-27,-22,-25
8.726562,24,2179,2179,14,4,-22,-22,-24
8.730469,24,2179,2179,14,4,-27,-22,-24
8.734375,24,2179,2179,15,4,-27,-22,-25
8.738281,24,2179,2179,15,4,-27,-22,-25
8.742188,24,2179,2179,16,4,-27,-22,-25
8.746094,24,2179,2179,16,4,-27,-22,-25
8.750000,23,2179,2179,15,4,-27,-22,-24
8.753906,24,2179,2179,15,4,-27,-22,-25
8.757812,24,2179,2179,15,4,-27,-22,-25
8.761719,24,2179,2179,14,4,-27,-22,-25
8.765625,24,2179,2179,14,4,-27,-22,-25
8.769531,24,2179,2179,14,4,-27,-22,-25
8.773438,24,2179,2179,14,4,-27,-22,-25
8.777344,24,2179,2179,14,4,-27,-22,-25
8.781250,24,2179,2179,14,4,-27,-22,-25
8.785156,23,2179,2179,15,5,-27,-22,-25
8.789062,23,2179,2179,15,5,-27,-22,-25
8.792969,24,2179,2179,14,4,-27,-22,-25
8.796875,24,2179,2179,14,4,-27,-22,-25
8.800781,23,2179,2179,14,4,-27,-22,-25
8.804688,23,2179,2179,13,4,-27,-22,-25
8.808594,23,2179,2179,13,4,-27,-22,-25
8.812500,24,2179,2179,13,4,-27,-22,-25
8.816406,23,2179,2179,13,4,-27,-22,-25
8.820312,24,2179,2179,14,4,-27,-22,-25
8.824219,24,2179,2179,14,4,-27,-22,-25
8.828125,24,2179,2179,13,4,-27,-22,-24
8.832031,24,2179,2179,13,4,-27,-22,-24
8.835938,24,2179,2179,13,4,-27,-22,-24
8.839844,24,2179,2179,13,4,-27,-22,-25
8.843750,25,2179,2179,13,4,-27,-22,-24
8.847656,25,2179,2179,13,3,-27,-22,-25
8.851562,24,2179,2179,14,4,-33,-22,-24
8.855469,25,2179,2179,14,4,-27,-22,-25
8.859375,25,2179,2179,14,3,-27,-22,-25
8.863281,25,2179,2179,14,3,-27,-22,-25
8.867188,25,2179,2179,14,3,-27,-22,-25
8.871094,25,2179,2179,14,4,-27,-22,-25
8.875000,26,2179,2179,13,4,-27,-22,-25
8.878906,26,2179,2179,13,3,-27,-22,-25
8.882812,26,2179,2179,13,4,-27,-22,-25
8.886719,25,2179,2179,13,4,-27,-22,-25
8.890625,26,2179,2179,13,4,-27,-22,-25
8.894531,26,2179,2179,13,4,-27,-22,-24
8.898438,25,2179,2179,13,4,-27,-22,-25
8.902344,25,2179,2179,13,4,-27,-22,-24
8.906250,26,2179,2179,14,4,-27,-22,-25
8.910156,26,2179,2179,13,4,-27,-22,-25
8.914062,27,2179,2179,13,4,-27,-22,-25
8.917969,27,2179,2179,13,4,-27,-22,-25
8.921875,27,2179,2179,14,4,-27,-22,-25
8.925781,28,2179,2179,13,4,-27,-22,-25
8.929688,28,2179,2179,14,4,-27,-22,-24
8.933594,28,2179,2179,14,4,-27,-22,-25
8.937500,28,2179,2179,15,4,-27,-22,-25
8.941406,29,2179,2179,15,4,-27,-22,-25
8.945312,29,2179,2179,15,4,-27,-22,-25
8.949219,29,2179,2179,15,4,-27,-22,-25
8.953125,30,2179,2179,15,4,-27,-22,-25
8.957031,30,2179,2179,15,4,-27,-22,-25
8.960938,30,2179,2179,14,4,-27,-22,-25
8.964844,31,2179,2179,14,4,-27,-22,-25
8.968750,31,2179,2179,14,4,-27,-22,-25
8.972656,31,2179,2179,14,4,-27,-22,-25
8.976562,32,2179,2179,14,4,-21,-22,-25
8.980469,32,2179,2179,14,4,-27,-22,-25
8.984375,32,2179,2179,14,4,-27,-22,-25
8.988281,32,2179,2179,14,4,-27,-22,-25
8.992188,32,2179,2179,14,5,-27,-22,-25
8.996094,32,2179,2179,14,4,-27,-22,-24
9.000000,31,2179,2179,14,4,-27,-22,-25
9.003906,31,2179,2179,14,4,-27,-22,-24
9.007812,32,2179,2179,14,4,-27,-22,-24
9.011719,32,2179,2179,13,4,-27,-22,-24
9.015625,31,2179,2179,13,4,-27,-22,-24
9.019531,32,2179,2179,13,4,-27,-22,-25
9.023438,32,2179,2179,13,4,-27,-22,-24
9.027344,33,2179,2179,13,4,-27,-22,-25
9.031250,33,2179,2179,14,4,-27,-22,-25
9.035156,32,2179,2179,14,4,-27,-22,-25
9.039062,32,2179,2179,15,4,-27,-22,-24
9.042969,32,2179,2179,15,4,-27,-22,-25
9.046875,32,2179,2179,15,4,-27,-22,-25
9.050781,32,2179,2179,15,4,-27,-22,-25
9.054688,32,2179,2179,15,4,-27,-22,-25
9.058594,32,2179,2179,15,4,-27,-22,-25
9.062500,31,2179,2179,15,4,-27,-22,-25
9.066406,31,2179,2179,15,4,-27,-22,-25
9.070312,31,2179,2179,15,4,-27,-22,-25
9.074219,30,2179,2179,15,4,-27,-22,-25
9.078125,30,2179,2179,15,4,-27,-22,-25
9.082031,30,2179,2179,15,4,-27,-22,-25
9.085938,30,2179,2179,15,4,-27,-22,-25
9.089844,29,2179,2179,15,4,-27,-22,-25
9.093750,30,2179,2179,15,4,-27,-22,-25
9.097656,29,2179,2179,15,4,-27,-22,-25
9.101562,29,2179,2179,15,4,-34,-22,-25
9.105469,29,2179,2179,15,4,-27,-22,-25
9.109375,29,2179,2179,15,4,-27,-22,-24
9.113281,30,2179,2179,15,4,-27,-22,-25
9.117188,29,2179,2179,15,4,-27,-22,-24
9.121094,30,2179,2179,15,4,-27,-22,-24
9.125000,30,2179,2179,15,4,-27,-22,-25
9.128906,30,2179,2179,15,4,-27,-22,-25
9.132812,30,2179,2179,15,4,-27,-22,-25
9.136719,31,2179,2179,15,4,-27,-22,-25
9.140625,31,2179,2179,15,4,-27,-22,-25
9.144531,32,2179,2179,15,4,-27,-22,-25
9.148438,32,2179,2179,15,4,-27,-22,-25
9.152344,32,2179,2179,15,4,-27,-22,-25
9.156250,33,2179,2179,15,4,-27,-22,-25
9.160156,33,2179,2179,15,4,-27,-22,-25
9.164062,33,2179,2179,15,4,-27,-22,-25
9.167969,34,2179,2179,15,4,-27,-22,-25
9.171875,34,2179,2179,16,4,-27,-22,-25
9.175781,34,2179,2179,15,4,-27,-22,-25
9.179688,35,2179,2179,15,4,-27,-22,-25
9.183594,35,2179,2179,15,4,-27,-22,-25
9.187500,35,2179,2179,16,4,-27,-22,-25
9.191406,35,2179,2179,15,4,-27,-22,-25
9.195312,35,2179,2179,15,4,-27,-22,-25
9.199219,34,2179,2179,15,4,-27,-22,-25
9.203125,34,2179,2179,15,4,-27,-22,-25
9.207031,35,2179,2179,16,4,-27,-22,-24
9.210938,35,2179,2179,15,4,-27,-22,-24
9.214844,35,2179,2179,15,4,-27,-22,-24
9.218750,35,2179,2179,16,4,-27,-21,-24
9.222656,36,2179,2179,16,5,-27,-22,-24
9.226562,36,2179,2179,15,4,-26,-22,-25
9.230469,36,2179,2179,15,4,-27,-22,-24
9.234375,36,2179,2179,15,4,-27,-22,-25
9.238281,36,2179,2179,15,4,-27,-22,-25
9.242188,36,2179,2179,15,4,-27,-22,-25
9.246094,36,2179,2179,15,3,-27,-22,-25
9.250000,36,2179,2179,14,3,-27,-22,-25
9.253906,36,2179,2179,15,4,-27,-22,-25
9.257812,36,2179,2179,15,3,-27,-22,-25
9.261719,36,2179,2179,15,3,-27,-22,-25
9.265625,36,2179,2179,15,3,-27,-22,-25
9.269531,36,2179,2179,15,4,-27,-22,-25
9.273438,36,2179,2179,15,4,-27,-22,-25
9.277344,37,2179,2179,15,3,-27,-22,-25
9.281250,37,2179,2179,15,3,-27,-22,-25
9.285156,36,2179,2179,15,4,-27,-22,-25
9.289062,36,2179,2179,15,4,-27,-22,-25
9.292969,36,2179,2179,15,3,-27,-22,-25
9.296875,36,2179,2179,15,4,-27,-22,-25
9.300781,35,2179,2179,15,4,-27,-22,-24
9.304688,35,2179,2179,15,4,-27,-22,-25
9.308594,35,2179,2179,15,4,-27,-22,-24
9.312500,35,2179,2179,15,4,-27,-22,-24
9.316406,35,2179,2179,15,4,-27,-22,-24
9.320312,35,2179,2179,16,4,-27,-22,-25
9.324219,36,2179,2179,16,4,-27,-22,-25
9.328125,36,2179,2179,16,4,-27,-22,-25
9.332031,37,2179,2179,16,4,-27,-22,-25
9.335938,37,2179,2179,17,4,-27,-22,-25
9.339844,37,2179,2179,17,4,-27,-22,-25
9.343750,38,2179,2179,17,4,-27,-21,-25
9.347656,38,2179,2179,17,4,-27,-22,-24
9.351562,38,2179,2179,18,4,-27,-22,-25
9.355469,38,2179,2179,17,4,-27,-22,-25
9.359375,38,2179,2179,17,4,-27,-22,-25
9.363281,38,2179,2179,17,4,-27,-22,-25
9.367188,38,2179,2179,17,4,-27,-22,-25
9.371094,38,2179,2179,17,4,-27,-22,-25
9.375000,39,2179,2179,17,4,-27,-22,-25
9.378906,39,2179,2179,17,4,-27,-22,-25
9.382812,38,2179,2179,17,4,-27,-22,-25
9.386719,38,2179,2179,18,5,-27,-22,-25
9.390625,39,2179,2179,18,5,-27,-22,-25
9.394531,39,2179,2179,17,4,-27,-22,-25
9.398438,38,2179,2179,17,4,-27,-22,-25
9.402344,38,2179,2179,18,4,-27,-22,-25
9.406250,38,2179,2179,18,4,-27,-22,-24
9.410156,39,2179,2179,17,4,-27,-22,-24
9.414062,39,2179,2179,17,4,-27,-22,-24
9.417969,39,2179,2179,17,4,-27,-22,-24
9.421875,39,2179,2179,17,4,-27,-22,-24
9.425781,40,2179,2179,17,4,-27,-22,-24
9.429688,40,2179,2179,17,4,-27,-22,-25
9.433594,40,2179,2179,17,4,-27,-22,-24
9.437500,40,2179,2179,17,4,-27,-22,-25
9.441406,40,2179,2179,17,4,-27,-22,-25
9.445312,40,2179,2179,17,3,-27,-22,-25
9.449219,40,2179,2179,17,3,-27,-22,-25
9.453125,40,2179,2179,17,4,-27,-22,-25
9.457031,40,2179,2179,17,4,-27,-22,-25
9.460938,40,2179,2179,17,4,-27,-22,-24
9.464844,41,2179,2179,17,4,-27,-22,-25
9.468750,41,2179,2179,17,4,-27,-21,-25
9.472656,41,2179,2179,18,4,-27,-22,-25
9.476562,41,2179,2179,17,4,-27,-22,-25
9.480469,41,2179,2179,17,4,-27,-22,-25
9.484375,40,2179,2179,18,4,-27,-22,-25
9.488281,40,2179,2179,18,4,-27,-22,-25
9.492188,41,2179,2179,17,4,-27,-22,-25
9.496094,41,2179,2179,17,4,-27,-22,-25
9.500000,40,2179,2179,17,4,-27,-22,-25
9.503906,40,2179,2179,18,4,-27,-22,-24
9.507812,41,2179,2179,17,4,-27,-22,-24
9.511719,41,2179,2179,17,4,-27,-22,-24
9.515625,41,2179,2179,17,4,-27,-22,-24
9.519531,41,2179,2179,18,4,-27,-22,-24
9.523438,40,2179,2179,18,4,-27,-22,-25
9.527344,41,2179,2179,18,4,-27,-22,-24
9.531250,41,2179,2179,18,4,-27,-22,-25
9.535156,40,2179,2179,19,4,-27,-22,-24
9.539062,40,2179,2179,19,4,-27,-22,-25
9.542969,41,2179,2179,19,4,-27,-22,-24
9.546875,41,2179,2179,19,4,-27,-22,-25
9.550781,41,2179,2179,20,4,-27,-22,-25
9.554688,41,2179,2179,20,4,-27,-22,-25
9.558594,42,2179,2179,20,4,-27,-22,-25
9.562500,42,2179,2179,20,4,-27,-22,-25
9.566406,42,2179,2179,20,4,-27,-22,-25
9.570312,41,2179,2179,21,4,-27,-22,-25
9.574219,42,2179,2179,22,5,-27,-22,-25
9.578125,41,2179,2179,23,4,-27,-22,-25
9.582031,41,2179,2179,24,4,-27,-22,-25
9.585938,41,2179,2179,25,5,-27,-22,-25
9.589844,41,2179,2179,26,4,-27,-22,-25
9.593750,41,2179,2179,26,4,-27,-21,-25
9.597656,41,2179,2179,27,4,-27,-22,-25
9.601562,40,2179,2179,28,4,-27,-22,-25
9.605469,40,2179,2179,30,4,-27,-22,-25
9.609375,41,2179,2179,30,4,-27,-22,-25
9.613281,41,2179,2179,32,4,-27,-22,-24
9.617188,40,2179,2179,33,4,-27,-22,-25
9.621094,41,2179,2179,34,4,-27,-22,-25
9.625000,41,2179,2179,35,4,-27,-22,-25
9.628906,41,2179,2179,36,4,-27,-22,-25
9.632812,41,2179,2179,37,4,-27,-22,-25
9.636719,41,2179,2179,38,4,-27,-22,-25
9.640625,42,2179,2179,40,4,-27,-22,-25
9.644531,42,2179,2179,41,3,-27,-22,-24
9.648438,42,2179,2179,43,3,-27,-22,-25
9.652344,42,2179,2179,45,4,-27,-22,-24
9.656250,41,2179,2179,46,4,-27,-22,-25
9.660156,42,2179,2179,47,4,-27,-22,-25
9.664062,42,2179,2179,49,3,-27,-22,-25
9.667969,42,2179,2179,50,4,-27,-22,-25
9.671875,42,2179,2179,51,4,-27,-22,-25
9.675781,42,2179,2179,52,4,-27,-22,-25
9.679688,42,2179,2179,54,4,-27,-22,-25
9.683594,42,2179,2179,55,4,-27,-22,-25
9.687500,42,2179,2179,57,4,-27,-22,-25
9.691406,42,2179,2179,59,4,-27,-22,-25
9.695312,42,2179,2179,61,4,-27,-22,-25
9.699219,41,2179,2179,63,4,-27,-22,-25
9.703125,41,2179,2179,66,4,-27,-22,-25
9.707031,42,2179,2179,68,4,-27,-22,-24
9.710938,42,2179,2179,70,4,-27,-22,-24
9.714844,42,2179,2179,71,3,-27,-22,-25
9.718750,42,2179,2179,74,4,-27,-22,-24
9.722656,42,2179,2179,76,4,-27,-22,-25
9.726562,42,2179,2179,78,4,-27,-22,-25
9.730469,42,2179,2179,80,4,-27,-22,-25
9.734375,42,2179,2179,83,4,-27,-22,-25
9.738281,42,2179,2179,86,4,-27,-22,-25
9.742188,42,2179,2179,88,4,-27,-22,-25
9.746094,42,2179,2179,89,4,-27,-22,-25
9.750000,42,2179,2179,91,4,-27,-22,-25
9.753906,42,2179,2179,92,4,-27,-22,-25
9.757812,42,2179,2179,94,4,-27,-22,-25
9.761719,42,2179,2179,96,4,-27,-22,-25
9.765625,42,2179,2179,98,4,-27,-22,-25
9.769531,42,2179,2179,101,5,-27,-22,-25
9.773438,42,2179,2179,103,5,-27,-22,-24
9.777344,42,2179,2179,105,4,-27,-22,-25
9.781250,42,2179,2179,107,4,-27,-22,-25
9.785156,42,2179,2179,108,5,-27,-22,-24
9.789062,42,2179,2179,109,4,-27,-22,-25
9.792969,42,2179,2179,109,4,-27,-22,-24
9.796875,42,2179,2179,111,4,-27,-22,-25
9.800781,42,2179,2179,113,4,-27,-22,-24
9.804688,42,2179,2179,115,4,-27,-22,-25
9.808594,42,2179,2179,116,4,-27,-21,-25
9.812500,42,2179,2179,117,4,-27,-22,-25
9.816406,42,2179,2179,118,4,-27,-22,-24
9.820312,42,2179,2179,119,4,-27,-22,-24
9.824219,42,2179,2179,120,4,-27,-22,-24
9.828125,42,2179,2179,121,4,-27,-22,-25
9.832031,42,2179,2179,122,4,-27,-22,-25
9.835938,42,2179,2179,125,4,-27,-22,-25
9.839844,42,2179,2179,127,4,-27,-22,-25
9.843750,42,2179,2179,128,3,-27,-22,-25
9.847656,43,2179,2179,129,3,-27,-22,-25
9.851562,42,2179,2179,131,4,-27,-22,-25
9.855469,42,2179,2179,132,4,-27,-22,-25
9.859375,42,2179,2179,132,3,-27,-22,-25
9.863281,42,2179,2179,133,4,-27,-22,-25
9.867188,41,2179,2179,134,4,-27,-22,-25
9.871094,41,2179,2179,135,4,-27,-22,-25
9.875000,41,2179,2179,137,4,-27,-22,-25
9.878906,41,2179,2179,138,4,-27,-22,-25
9.882812,41,2179,2179,139,4,-27,-22,-25
9.886719,41,2179,2179,140,4,-27,-22,-25
9.890625,41,2179,2179,141,5,-27,-22,-25
9.894531,40,2179,2179,141,4,-27,-22,-24
9.898438,40,2179,2179,142,4,-27,-22,-24
9.902344,40,2179,2179,143,4,-27,-22,-24
9.906250,40,2179,2179,143,4,-27,-22,-24
9.910156,41,2179,2179,144,4,-27,-22,-24
9.914062,41,2179,2179,145,4,-27,-22,-25
9.917969,41,2179,2179,146,4,-27,-22,-24
9.921875,41,2179,2179,147,4,-27,-22,-25
9.925781,41,2179,2179,149,4,-27,-22,-25
9.929688,41,2179,2179,150,4,-27,-22,-25
9.933594,40,2179,2179,151,4,-27,-22,-24
9.937500,40,2179,2179,152,4,-27,-22,-25
9.941406,40,2179,2179,153,4,-27,-22,-24
9.945312,41,2179,2179,153,4,-27,-22,-25
9.949219,40,2179,2179,154,4,-27,-22,-24
9.953125,40,2179,2179,155,4,-27,-22,-25
9.957031,40,2179,2179,155,4,-27,-22,-25
9.960938,40,2179,2179,155,4,-27,-22,-24
9.964844,40,2179,2179,155,4,-27,-22,-25
9.968750,40,2179,2179,156,4,-27,-24,-25
9.972656,40,2179,2179,156,4,-27,-22,-25
9.976562,40,2179,2179,157,4,-27,-22,-25
9.980469,40,2179,2179,158,4,-27,-22,-25
9.984375,39,2179,2179,159,4,-27,-22,-25
9.988281,39,2179,2179,161,4,-27,-22,-25
9.992188,39,2179,2179,162,4,-27,-22,-25
9.996094,39,2179,2179,163,4,-27,-22,-24
10.000000,39,2179,2179,164,4,-27,-22,-24
10.003906,39,2179,2179,165,4,-27,-22,-24
10.007812,39,2179,2179,166,4,-27,-22,-24
10.011719,39,2179,2179,166,4,-27,-22,-24
10.015625,39,2179,2179,166,4,-27,-22,-24
10.019531,39,2179,2179,167,4,-27,-22,-24
10.023438,39,2179,2179,168,4,-27,-22,-24
10.027344,40,2179,2179,168,4,-27,-22,-24
10.031250,40,2179,2179,169,4,-27,-22,-24
10.035156,40,2179,2179,169,4,-27,-22,-24
10.039062,40,2179,2179,170,4,-27,-22,-25
10.042969,41,2179,2179,170,4,-27,-22,-24
10.046875,41,2179,2179,171,3,-27,-22,-25
10.050781,40,2179,2179,171,3,-27,-22,-25
10.054688,40,2179,2179,172,4,-27,-22,-25
10.058594,40,2179,2179,172,4,-27,-22,-25
10.062500,40,2179,2179,173,4,-27,-22,-25
10.066406,40,2179,2179,173,3,-27,-22,-25
10.070312,40,2179,2179,174,4,-27,-22,-25
10.074219,40,2179,2179,175,4,-27,-22,-25
10.078125,40,2179,2179,175,4,-27,-22,-25
10.082031,40,2179,2179,176,4,-27,-22,-25
10.085938,40,2179,2179,177,4,-27,-22,-24
10.089844,39,2179,2179,177,4,-27,-22,-25
10.093750,39,2179,2179,178,4,-27,-22,-24
10.097656,39,2179,2179,178,4,-27,-22,-24
10.101562,39,2179,2179,179,4,-27,-22,-24
10.105469,38,2179,2179,179,4,-27,-22,-24
10.109375,39,2179,2179,179,4,-27,-22,-24
10.113281,39,2179,2179,179,4,-27,-22,-24
10.117188,38,2179,2179,180,4,-27,-22,-24
10.121094,38,2179,2179,180,4,-27,-22,-24
10.125000,39,2179,2179,180,4,-27,-22,-24
10.128906,39,2179,2179,180,4,-27,-22,-24
10.132812,39,2179,2179,181,4,-27,-22,-24
10.136719,39,2179,2179,181,4,-27,-22,-24
10.140625,39,2179,2179,182,4,-27,-22,-24
10.144531,39,2179,2179,182,4,-27,-22,-24
10.148438,39,2179,2179,182,4,-27,-22,-25
10.152344,38,2179,2179,183,4,-27,-22,-24
10.156250,38,2179,2179,183,4,-27,-22,-24
10.160156,38,2179,2179,183,4,-27,-22,-24
10.164062,38,2179,2179,184,4,-27,-22,-25
10.167969,38,2179,2179,184,5,-27,-22,-25
10.171875,38,2179,2179,185,5,-27,-22,-25
10.175781,38,2179,2179,185,4,-27,-22,-25
10.179688,38,2179,2179,185,4,-27,-22,-25
10.183594,38,2179,2179,184,4,-27,-22,-25
10.187500,38,2179,2179,185,4,-27,-22,-25
10.191406,38,2179,2179,185,5,-27,-22,-25
10.195312,38,2179,2179,184,4,-27,-22,-24
10.199219,38,2179,2179,185,4,-27,-22,-25
10.203125,38,2179,2179,185,5,-27,-22,-25
10.207031,38,2179,2179,185,4,-27,-22,-24
10.210938,38,2179,2179,185,4,-27,-22,-23
10.214844,38,2179,2179,185,4,-27,-22,-24
10.218750,38,2179,2179,186,4,-27,-22,-25
10.222656,38,2179,2179,186,4,-27,-22,-25
10.226562,38,2179,2179,185,4,-27,-22,-25
10.230469,38,2179,2179,185,4,-27,-22,-25
10.234375,38,2179,2179,186,4,-27,-22,-25
10.238281,38,2179,2179,186,4,-27,-22,-25
10.242188,38,2179,2179,185,4,-27,-22,-25
10.246094,38,2179,2179,186,3,-27,-22,-25
10.250000,38,2179,2179,186,3,-27,-22,-25
10.253906,37,2179,2179,186,4,-27,-22,-25
10.257812,38,2179,2179,187,4,-27,-22,-25
10.261719,38,2179,2179,186,3,-27,-22,-25
10.265625,37,2179,2179,187,3,-27,-22,-25
10.269531,38,2179,2179,187,4,-27,-22,-25
10.273438,38,2179,2179,188,4,-27,-22,-25
10.277344,38,2179,2179,188,3,-27,-22,-25
10.281250,38,2179,2179,188,4,-27,-22,-25
10.285156,38,2179,2179,188,4,-27,-22,-24
10.289062,37,2179,2179,188,4,-27,-22,-24
10.292969,37,2179,2179,188,4,-27,-22,-24
10.296875,37,2179,2179,187,4,-27,-22,-24
10.300781,37,2179,2179,187,4,-27,-22,-24
10.304688,36,2179,2179,187,4,-27,-22,-24
10.308594,37,2179,2179,186,4,-27,-22,-24
10.312500,37,2179,2179,187,4,-27,-22,-24
10.316406,36,2179,2179,187,4,-27,-22,-24
10.320312,37,2179,2179,188,4,-27,-22,-24
10.324219,37,2179,2179,188,4,-27,-22,-24
10.328125,37,2179,2179,188,4,-27,-22,-24
10.332031,37,2179,2179,188,4,-27,-22,-24
10.335938,37,2179,2179,189,4,-27,-22,-24
10.339844,37,2179,2179,188,4,-27,-22,-25
10.343750,37,2179,2179,188,4,-27,-22,-25
10.347656,37,2179,2179,188,3,-27,-22,-25
10.351562,37,2179,2179,188,4,-27,-22,-25
10.355469,37,2179,2179,189,4,-27,-22,-25
10.359375,37,2179,2179,189,4,-27,-22,-25
10.363281,37,2179,2179,190,4,-27,-22,-25
10.367188,36,2179,2179,191,4,-27,-22,-25
10.371094,36,2179,2179,192,5,-27,-22,-25
10.375000,36,2179,2179,192,4,-27,-22,-25
10.378906,36,2179,2179,192,4,-27,-22,-25
10.382812,36,2179,2179,191,4,-27,-22,-25
10.386719,35,2179,2179,191,5,-27,-22,-25
10.390625,35,2179,2179,191,5,-27,-22,-25
10.394531,35,2179,2179,190,4,-27,-22,-24
10.398438,35,2179,2179,189,4,-27,-22,-24
10.402344,35,2179,2179,189,5,-27,-22,-24
10.406250,35,2179,2179,189,4,-27,-22,-24
10.410156,35,2179,2179,189,4,-27,-22,-24
10.414062,35,2179,2179,189,4,-27,-22,-24
10.417969,35,2179,2179,189,4,-27,-22,-24
10.421875,35,2179,2179,190,4,-27,-22,-24
10.425781,35,2179,2179,190,3,-27,-22,-24
10.429688,35,2179,2179,190,3,-27,-22,-24
10.433594,35,2179,2179,189,3,-27,-22,-24
10.437500,35,2179,2179,190,4,-27,-22,-24
10.441406,35,2179,2179,190,3,-27,-22,-24
10.445312,35,2179,2179,190,3,-27,-22,-24
10.449219,35,2179,2179,190,3,-27,-22,-25
10.453125,34,2179,2179,191,4,-27,-22,-25
10.457031,35,2179,2179,191,4,-27,-22,-24
10.460938,34,2179,2179,192,4,-27,-22,-23
10.464844,34,2179,2179,192,4,-27,-22,-24
10.468750,34,2179,2179,192,4,-27,-22,-25
10.472656,34,2179,2179,192,4,-27,-22,-25
10.476562,34,2179,2179,192,4,-27,-22,-25
10.480469,34,2179,2179,192,4,-27,-22,-24
10.484375,34,2179,2179,192,4,-27,-22,-25
10.488281,34,2179,2179,191,4,-27,-22,-25
10.492188,34,2179,2179,191,4,-27,-22,-24
10.496094,34,2179,2179,191,4,-27,-22,-24
10.500000,34,2179,2179,190,4,-27,-22,-24
10.503906,33,2179,2179,190,4,-27,-22,-24
10.507812,34,2179,2179,190,4,-27,-22,-24
10.511719,34,2179,2179,190,4,-27,-22,-24
10.515625,33,2179,2179,191,4,-27,-22,-24
10.519531,33,2179,2179,192,4,-27,-22,-25
10.523438,34,2179,2179,192,4,-27,-22,-25
10.527344,34,2179,2179,192,4,-27,-22,-24
10.531250,34,2179,2179,192,4,-27,-22,-25
10.535156,34,2179,2179,193,4,-27,-22,-25
10.539062,34,2179,2179,192,4,-27,-22,-25
10.542969,34,2179,2179,192,4,-27,-22,-25
10.546875,34,2179,2179,192,4,-27,-22,-25
10.550781,33,2179,2179,193,4,-27,-22,-25
10.554688,33,2179,2179,193,4,-27,-22,-25
10.558594,33,2179,2179,192,4,-27,-22,-25
10.562500,33,2179,2179,192,4,-27,-22,-25
10.566406,33,2179,2179,192,4,-27,-22,-25
10.570312,33,2179,2179,192,4,-27,-22,-25
10.574219,33,2179,2179,191,4,-27,-22,-25
10.578125,33,2179,2179,191,4,-27,-22,-25
10.582031,33,2179,2179,191,4,-27,-22,-25
10.585938,32,2179,2179,191,4,-27,-22,-25
10.589844,32,2179,2179,192,4,-27,-22,-25
10.593750,32,2179,2179,192,4,-27,-22,-25
10.597656,32,2179,2179,192,4,-27,-22,-25
10.601562,32,2179,2179,192,4,-27,-22,-24
10.605469,32,2179,2179,192,4,-27,-22,-24
10.609375,33,2179,2179,192,4,-27,-22,-24
10.613281,33,2179,2179,192,4,-27,-22,-24
10.617188,32,2179,2179,193,4,-27,-22,-24
10.621094,32,2179,2179,193,4,-27,-22,-25
10.625000,33,2179,2179,193,4,-27,-22,-25
10.628906,33,2179,2179,193,4,-27,-22,-25
10.632812,32,2179,2179,192,4,-27,-22,-24
10.636719,33,2179,2179,192,4,-27,-22,-25
10.640625,33,2179,2179,192,4,-27,-22,-24
10.644531,33,2179,2179,191,4,-27,-22,-24
10.648438,33,2179,2179,191,3,-27,-22,-24
10.652344,32,2179,2179,192,4,-27,-22,-24
10.656250,32,2179,2179,192,4,-27,-22,-25
10.660156,33,2179,2179,192,4,-27,-22,-25
10.664062,33,2179,2179,192,4,-27,-22,-25
10.667969,32,2179,2179,192,4,-27,-22,-25
10.671875,32,2179,2179,192,4,-27,-22,-25
10.675781,33,2179,2179,191,4,-27,-22,-25
10.679688,32,2179,2179,191,4,-27,-22,-24
10.683594,32,2179,2179,190,4,-27,-22,-24
10.687500,32,2179,2179,191,4,-27,-22,-25
10.691406,32,2179,2179,191,4,-27,-22,-24
10.695312,32,2179,2179,191,3,-27,-22,-25
10.699219,31,2179,2179,191,4,-27,-22,-24
10.703125,31,2179,2179,192,4,-27,-22,-24
10.707031,32,2179,2179,192,4,-27,-22,-24
10.710938,32,2179,2179,192,4,-27,-22,-25
10.714844,32,2179,2179,192,4,-27,-22,-24
10.718750,32,2179,2179,193,4,-27,-22,-24
10.722656,32,2179,2179,193,4,-27,-22,-24
10.726562,32,2179,2179,193,4,-27,-22,-24
10.730469,32,2179,2179,193,4,-27,-22,-24
10.734375,32,2179,2179,193,5,-27,-22,-24
10.738281,32,2179,2179,192,5,-27,-22,-25
10.742188,32,2179,2179,192,5,-27,-22,-24
10.746094,31,2179,2179,192,4,-27,-22,-24
10.750000,31,2179,2179,192,4,-27,-22,-24
10.753906,31,2179,2179,193,5,-27,-22,-24
10.757812,32,2179,2179,193,5,-27,-22,-24
10.761719,31,2179,2179,193,4,-27,-22,-24
10.765625,31,2179,2179,193,4,-27,-22,-24
10.769531,31,2179,2179,193,5,-27,-22,-25
10.773438,31,2179,2179,193,5,-27,-22,-24
10.777344,31,2179,2179,192,4,-27,-22,-25
10.781250,30,2179,2179,192,4,-27,-22,-24
10.785156,30,2179,2179,193,5,-27,-22,-24
10.789062,30,2179,2179,193,5,-27,-22,-24
10.792969,30,2179,2179,193,4,-27,-22,-24
10.796875,30,2179,2179,193,4,-27,-22,-24
10.800781,29,2179,2179,194,4,-27,-22,-24
10.804688,29,2179,2179,194,4,-26,-22,-24
10.808594,29,2179,2179,194,4,-26,-22,-24
10.812500,29,2179,2179,193,4,-27,-22,-24
10.816406,29,2179,2179,193,4,-27,-22,-24
10.820312,28,2179,2179,193,4,-27,-22,-25
10.824219,29,2179,2179,193,4,-27,-22,-24
10.828125,28,2179,2179,192,3,-27,-22,-24
10.832031,28,2179,2179,192,3,-27,-22,-24
10.835938,28,2179,2179,192,4,-27,-22,-26
10.839844,28,2179,2179,192,4,-27,-22,-25
10.843750,28,2179,2179,191,3,-27,-22,-25
10.847656,28,2179,2179,191,3,-27,-22,-25
10.851562,28,2179,2179,192,4,-27,-22,-25
10.855469,28,2179,2179,192,4,-27,-22,-25
10.859375,28,2179,2179,191,4,-27,-22,-25
10.863281,28,2179,2179,192,3,-27,-22,-25
10.867188,28,2179,2179,192,3,-27,-22,-25
10.871094,28,2179,2179,192,4,-27,-22,-25
10.875000,28,2179,2179,192,4,-27,-22,-25
10.878906,28,2179,2179,192,4,-27,-22,-25
10.882812,28,2179,2179,191,4,-27,-22,-25
10.886719,28,2179,2179,192,4,-27,-22,-25
10.890625,29,2179,2179,192,4,-27,-22,-25
10.894531,29,2179,2179,192,4,-27,-22,-24
10.898438,29,2179,2179,192,4,-27,-22,-25
10.902344,29,2179,2179,192,4,-27,-22,-24
10.906250,29,2179,2179,193,4,-27,-22,-24
10.910156,30,2179,2179,193,4,-27,-22,-24
10.914062,30,2179,2179,193,4,-27,-22,-24
10.917969,30,2179,2179,193,4,-27,-22,-25
10.921875,30,2179,2179,194,4,-27,-22,-24
10.925781,31,2179,2179,193,4,-27,-22,-24
10.929688,31,2179,2179,193,4,-27,-22,-24
10.933594,30,2179,2179,194,4,-27,-22,-24
10.937500,31,2179,2179,193,4,-27,-22,-24
10.941406,31,2179,2179,193,5,-27,-22,-25
10.945312,31,2179,2179,193,4,-27,-22,-24
10.949219,31,2179,2179,193,4,-27,-22,-25
10.953125,30,2179,2179,193,4,-27,-22,-25
10.957031,31,2179,2179,193,4,-27,-22,-25
10.960938,30,2179,2179,192,4,-27,-22,-25
10.964844,30,2179,2179,193,4,-27,-22,-25
10.968750,30,2179,2179,193,4,-27,-22,-25
10.972656,30,2179,2179,193,4,-27,-22,-25
10.976562,30,2179,2179,193,4,-27,-22,-25
10.980469,30,2179,2179,193,4,-27,-22,-25
10.984375,29,2179,2179,193,4,-27,-22,-25
10.988281,29,2179,2179,193,4,-27,-22,-24
10.992188,29,2179,2179,193,4,-27,-22,-24
10.996094,29,2179,2179,193,4,-27,-22,-24
11.000000,28,2179,2179,193,4,-27,-22,-24
11.003906,28,2179,2179,193,4,-27,-21,-24
11.007812,28,2179,2179,193,4,-27,-21,-24
11.011719,28,2179,2179,193,4,-27,-22,-24
11.015625,28,2179,2179,193,4,-27,-22,-24
11.019531,28,2179,2179,193,4,-27,-22,-25
11.023438,28,2179,2179,193,4,-27,-22,-25
11.027344,29,2179,2179,193,4,-27,-21,-24
11.031250,28,2179,2179,193,4,-27,-22,-24
11.035156,28,2179,2179,193,4,-27,-22,-24
11.039062,28,2179,2179,194,4,-27,-22,-25
11.042969,28,2179,2179,193,4,-27,-22,-25
11.046875,28,2179,2179,194,4,-27,-22,-24
11.050781,28,2179,2179,194,3,-27,-22,-24
11.054688,28,2179,2179,194,4,-27,-22,-25
11.058594,29,2179,2179,193,4,-27,-22,-25
11.062500,29,2179,2179,193,4,-27,-22,-25
11.066406,29,2179,2179,192,4,-27,-22,-25
11.070312,29,2179,2179,192,4,-27,-22,-25
11.074219,29,2179,2179,191,4,-27,-22,-25
11.078125,29,2179,2179,191,4,-27,-22,-25
11.082031,29,2179,2179,191,4,-27,-22,-25
11.085938,29,2179,2179,192,4,-27,-22,-25
11.089844,29,2179,2179,193,4,-27,-22,-25
11.093750,29,2179,2179,193,4,-27,-22,-25
11.097656,29,2179,2179,193,4,-27,-22,-25
11.101562,28,2179,2179,194,4,-27,-22,-24
11.105469,28,2179,2179,194,4,-27,-22,-25
11.109375,28,2179,2179,194,4,-27,-22,-25
11.113281,28,2179,2179,194,4,-27,-22,-25
11.117188,27,2179,2179,194,4,-27,-22,-25
11.121094,27,2179,2179,194,4,-27,-22,-24
11.125000,28,2179,2179,194,4,-27,-22,-25
11.128906,27,2179,2179,193,3,-27,-22,-25
11.132812,27,2179,2179,193,4,-27,-22,-25
11.136719,27,2179,2179,193,4,-27,-22,-25
11.140625,27,2179,2179,193,4,-27,-22,-25
11.144531,27,2179,2179,192,3,-27,-22,-25
11.148438,28,2179,2179,193,3,-27,-22,-24
11.152344,27,2179,2179,193,4,-27,-22,-24
11.156250,27,2179,2179,193,4,-27,-22,-25
11.160156,27,2179,2179,193,4,-27,-22,-25
11.164062,27,2179,2179,193,4,-27,-22,-25
11.167969,26,2179,2179,193,4,-27,-22,-25
11.171875,26,2179,2179,193,5,-27,-22,-25
11.175781,26,2179,2179,193,3,-27,-22,-25
11.179688,25,2179,2179,191,4,-27,-22,-24
11.183594,25,2179,2179,189,4,-27,-22,-25
11.187500,24,2179,2179,185,4,-27,-22,-24
11.191406,24,2179,2179,178,4,-27,-22,-24
11.195312,24,2179,2179,170,4,-27,-22,-24
11.199219,23,2179,2179,161,4,-27,-22,-24
11.203125,23,2179,2179,153,4,-27,-22,-24
11.207031,23,2179,2179,145,4,-27,-22,-24
11.210938,23,2179,2179,140,4,-27,-22,-24
11.214844,23,2179,2179,136,4,-27,-22,-24
11.218750,23,2179,2179,134,5,-27,-22,-24
11.222656,23,2179,2179,131,4,-27,-22,-24
11.226562,23,2179,2179,126,4,-27,-22,-25
11.230469,23,2179,2179,118,4,-27,-22,-25
11.234375,22,2179,2179,108,4,-27,-22,-25
11.238281,22,2179,2179,94,4,-27,-22,-25
11.242188,22,2179,2179,79,4,-27,-22,-25
11.246094,22,2179,2179,64,3,-27,-22,-25
11.250000,21,2179,2179,52,3,-27,-22,-25
11.253906,21,2179,2179,42,4,-27,-22,-25
11.257812,21,2179,2179,36,4,-27,-22,-25
11.261719,21,2179,2179,33,3,-27,-22,-25
11.265625,21,2179,2179,32,3,-27,-22,-25
11.269531,21,2179,2179,32,4,-27,-22,-25
11.273438,22,2179,2179,32,3,-27,-22,-25
11.277344,21,2179,2179,30,3,-27,-22,-25
11.281250,21,2179,2179,29,3,-27,-22,-25
11.285156,21,2179,2179,27,4,-27,-22,-24
11.289062,20,2179,2179,25,4,-27,-22,-24
11.292969,20,2179,2179,23,4,-26,-22,-25
11.296875,20,2179,2179,22,4,-27,-22,-25
11.300781,19,2179,2179,22,3,-27,-22,-24
11.304688,19,2179,2179,21,4,-27,-22,-24
11.308594,20,2179,2179,21,4,-27,-22,-24
11.312500,20,2179,2179,21,4,-27,-22,-24
11.316406,20,2179,2179,21,4,-27,-22,-24
11.320312,20,2179,2179,22,4,-27,-22,-24
11.324219,20,2179,2179,21,4,-27,-22,-24
11.328125,20,2179,2179,20,4,-27,-22,-24
11.332031,20,2179,2179,19,4,-27,-22,-24
11.335938,20,2179,2179,19,4,-27,-22,-25
11.339844,19,2179,2179,18,4,-27,-22,-24
11.343750,19,2179,2179,18,4,-27,-22,-25
11.347656,19,2179,2179,17,4,-27,-22,-24
11.351562,18,2179,2179,18,4,-27,-22,-25
11.355469,17,2179,2179,17,5,-27,-22,-25
11.359375,17,2179,2179,17,4,-27,-22,-25
11.363281,17,2179,2179,17,4,-27,-22,-25
11.367188,17,2179,2179,17,4,-27,-22,-25
11.371094,17,2179,2179,17,5,-27,-22,-25
11.375000,17,2179,2179,17,5,-27,-22,-24
11.378906,17,2179,2179,16,4,-27,-22,-25
11.382812,16,2179,2179,16,4,-27,-22,-24
11.386719,16,2179,2179,16,4,-27,-22,-25
11.390625,16,2179,2179,15,4,-27,-22,-24
11.394531,16,2179,2179,15,4,-27,-22,-24
11.398438,16,2179,2179,15,4,-27,-22,-24
11.402344,16,2179,2179,15,4,-27,-22,-25
11.406250,16,2179,2179,15,4,-27,-22,-24
11.410156,16,2179,2179,15,4,-27,-22,-25
11.414062,16,2179,2179,15,4,-27,-22,-25
11.417969,16,2179,2179,15,4,-27,-22,-25
11.421875,15,2179,2179,15,4,-27,-22,-25
11.425781,16,2179,2179,15,3,-27,-22,-25
11.429688,15,2179,2179,15,3,-27,-22,-24
11.433594,15,2179,2179,15,3,-27,-22,-24
11.437500,15,2179,2179,15,4,-27,-22,-25
11.441406,15,2179,2179,15,4,-27,-22,-24
11.445312,15,2179,2179,15,3,-27,-22,-25
11.449219,15,2179,2179,15,4,-27,-22,-25
11.453125,15,2179,2179,15,4,-27,-22,-25
11.457031,15,2179,2179,15,4,-27,-22,-25
11.460938,15,2179,2179,15,4,-27,-22,-25
11.464844,15,2179,2179,15,4,-27,-22,-25
11.468750,14,2179,2179,15,4,-27,-22,-25
11.472656,14,2179,2179,15,4,-27,-22,-24
11.476562,14,2179,2179,15,4,-27,-22,-25
11.480469,14,2179,2179,15,4,-27,-22,-24
11.484375,14,2179,2179,15,4,-27,-22,-24
11.488281,14,2179,2179,15,4,-27,-22,-24
11.492188,14,2179,2179,15,4,-27,-22,-24
11.496094,14,2179,2179,15,4,-27,-22,-24
11.500000,14,2179,2179,15,3,-27,-22,-24
11.503906,14,2179,2179,15,4,-27,-22,-24
11.507812,14,2179,2179,15,4,-27,-22,-25
11.511719,14,2179,2179,15,4,-27,-22,-25
11.515625,14,2179,2179,15,4,-27,-22,-25
11.519531,14,2179,2179,15,4,-27,-22,-25
11.523438,14,2179,2179,15,4,-27,-22,-24
11.527344,14,2179,2179,15,4,-27,-22,-24
11.531250,14,2179,2179,15,4,-27,-22,-24
11.535156,14,2179,2179,15,4,-27,-22,-25
11.539062,13,2179,2179,15,4,-27,-22,-25
11.542969,13,2179,2179,15,4,-26,-22,-25
11.546875,13,2179,2179,15,4,-27,-22,-25
11.550781,13,2179,2179,15,4,-27,-22,-25
11.554688,13,2179,2179,16,4,-27,-22,-25
11.558594,13,2179,2179,15,5,-27,-22,-25
11.562500,13,2179,2179,15,4,-27,-22,-25
11.566406,13,2179,2179,15,4,-27,-22,-25
11.570312,12,2179,2179,16,5,-27,-22,-25
11.574219,13,2179,2179,15,4,-27,-22,-24
11.578125,12,2179,2179,15,4,-27,-22,-25
11.582031,12,2179,2179,15,4,-27,-22,-25
11.585938,12,2179,2179,15,4,-27,-22,-25
11.589844,11,2179,2179,15,4,-27,-22,-24
11.593750,12,2179,2179,14,4,-27,-22,-24
11.597656,12,2179,2179,14,4,-27,-22,-25
11.601562,12,2179,2179,14,4,-27,-22,-24
11.605469,12,2179,2179,14,4,-27,-22,-24
11.609375,12,2179,2179,14,4,-27,-22,-24
11.613281,12,2179,2179,15,4,-27,-22,-24
11.617188,12,2179,2179,15,4,-27,-22,-24
11.621094,12,2179,2179,16,4,-27,-22,-25
11.625000,12,2179,2179,16,4,-27,-22,-24
11.628906,12,2179,2179,15,4,-27,-22,-25
11.632812,11,2179,2179,15,3,-27,-22,-25
11.636719,11,2179,2179,16,4,-27,-22,-25
11.640625,11,2179,2179,15,4,-27,-22,-25
11.644531,11,2179,2179,15,4,-27,-22,-25
11.648438,11,2179,2179,15,4,-27,-22,-25
11.652344,11,2179,2179,15,4,-27,-22,-25
11.656250,11,2179,2179,15,4,-27,-22,-25
11.660156,11,2179,2179,15,4,-27,-22,-25
11.664062,11,2179,2179,15,4,-27,-22,-25
11.667969,10,2179,2179,15,4,-28,-22,-25
11.671875,10,2179,2179,15,4,-27,-22,-25
11.675781,10,2179,2179,15,4,-27,-22,-25
11.679688,10,2179,2179,15,4,-27,-22,-25
11.683594,9,2179,2179,15,3,-27,-22,-24
11.687500,9,2179,2179,15,4,-27,-22,-25
11.691406,9,2179,2179,15,4,-27,-22,-24
11.695312,9,2179,2179,15,4,-27,-22,-24
11.699219,9,2179,2179,15,4,-27,-22,-24
11.703125,9,2179,2179,15,4,-27,-22,-24
11.707031,9,2179,2179,15,4,-27,-22,-24
11.710938,9,2179,2179,15,4,-27,-22,-24
11.714844,9,2179,2179,15,4,-27,-22,-24
11.718750,9,2179,2179,15,4,-27,-22,-24
11.722656,8,2179,2179,15,4,-27,-22,-25
11.726562,9,2179,2179,15,4,-27,-22,-25
11.730469,8,2179,2179,15,4,-27,-22,-24
11.734375,8,2179,2179,15,4,-27,-22,-25
11.738281,8,2179,2179,15,4,-27,-22,-25
11.742188,8,2179,2179,15,4,-27,-22,-25
11.746094,8,2179,2179,15,4,-27,-22,-25
11.750000,8,2179,2179,15,4,-27,-22,-25
11.753906,8,2179,2179,16,5,-27,-22,-25
11.757812,8,2179,2179,16,5,-27,-22,-25
11.761719,8,2179,2179,15,4,-27,-22,-25
11.765625,8,2179,2179,15,4,-27,-22,-25
11.769531,7,2179,2179,15,5,-27,-22,-25
11.773438,7,2179,2179,15,5,-27,-22,-25
11.777344,8,2179,2179,15,4,-27,-22,-25
11.781250,8,2179,2179,15,4,-27,-22,-24
11.785156,8,2179,2179,15,4,-27,-22,-24
11.789062,8,2179,2179,15,5,-27,-22,-24
11.792969,9,2179,2179,14,4,-24,-22,-24
11.796875,9,2179,2179,15,4,-27,-22,-24
11.800781,9,2179,2179,15,6,-27,-22,-24
11.804688,9,2179,2179,16,4,-26,-22,-24
11.808594,10,2179,2179,16,5,-27,-22,-24
11.812500,10,2179,2179,16,4,-27,-22,-24
11.816406,10,2179,2179,15,4,-27,-22,-24
11.820312,10,2179,2179,15,4,-27,-22,-24
11.824219,10,2179,2179,15,4,-27,-22,-24
11.828125,10,2179,2179,15,4,-27,-22,-24
11.832031,10,2179,2179,15,3,-27,-22,-25
11.835938,9,2179,2179,15,4,-27,-22,-25
11.839844,9,2179,2179,15,4,-27,-22,-25
11.843750,10,2179,2179,15,3,-27,-22,-25
11.847656,10,2179,2179,15,3,-27,-22,-25
11.851562,9,2179,2179,15,4,-27,-22,-25
11.855469,9,2179,2179,15,4,-27,-22,-25
11.859375,9,2179,2179,15,4,-27,-22,-25
11.863281,9,2179,2179,15,4,-27,-22,-25
11.867188,9,2179,2179,15,4,-27,-22,-25
11.871094,8,2179,2179,15,4,-27,-22,-25
11.875000,8,2179,2179,15,4,-27,-22,-25
11.878906,8,2179,2179,15,4,-27,-22,-25
11.882812,8,2179,2179,15,4,-27,-22,-25
11.886719,7,2179,2179,16,4,-27,-22,-25
11.890625,8,2179,2179,15,4,-27,-22,-25
11.894531,8,2179,2179,15,4,-27,-22,-25
11.898438,7,2179,2179,15,4,-27,-22,-25
11.902344,7,2179,2179,15,4,-27,-22,-24
11.906250,7,2179,2179,15,4,-27,-22,-24
11.910156,8,2179,2179,15,4,-27,-22,-24
11.914062,8,2179,2179,15,4,-27,-22,-25
11.917969,7,2179,2179,15,4,-29,-22,-24
11.921875,7,2179,2179,15,4,-27,-22,-24
11.925781,8,2179,2179,15,4,-27,-22,-24
11.929688,8,2179,2179,15,4,-27,-22,-24
11.933594,8,2179,2179,15,4,-27,-22,-25
11.937500,8,2179,2179,16,4,-27,-22,-25
11.941406,8,2179,2179,16,4,-27,-22,-25
11.945312,8,2179,2179,15,4,-27,-22,-24
11.949219,8,2179,2179,15,4,-27,-22,-24
11.953125,8,2179,2179,15,4,-27,-22,-24
11.957031,8,2179,2179,16,4,-27,-22,-25
11.960938,8,2179,2179,15,4,-27,-22,-24
11.964844,9,2179,2179,15,4,-27,-22,-24
11.968750,8,2179,2179,16,4,-27,-22,-24
11.972656,8,2179,2179,15,4,-27,-22,-24
11.976562,9,2179,2179,15,4,-27,-22,-24
11.980469,8,2179,2179,15,4,-27,-22,-24
11.984375,8,2179,2179,16,4,-27,-22,-24
11.988281,8,2179,2179,16,5,-27,-22,-24
11.992188,9,2179,2179,15,4,-27,-22,-24
11.996094,9,2179,2179,15,4,-27,-22,-24
12.000000,8,2179,2179,15,4,-27,-22,-24
12.003906,8,2179,2179,15,4,-26,-22,-24
12.007812,9,2179,2179,15,4,-27,-22,-24
12.011719,9,2179,2179,15,4,-27,-22,-24
12.015625,8,2179,2179,15,4,-27,-22,-25
12.019531,8,2179,2179,15,4,-27,-22,-25
12.023438,8,2179,2179,15,4,-27,-22,-25
12.027344,9,2179,2179,15,4,-27,-22,-25
12.031250,9,2179,2179,15,4,-27,-22,-25
12.035156,8,2179,2179,15,4,-27,-22,-25
12.039062,8,2179,2179,15,4,-27,-22,-25
12.042969,9,2179,2179,15,4,-22,-22,-24
12.046875,9,2179,2179,15,4,-27,-22,-24
12.050781,9,2179,2179,15,4,-27,-22,-24
12.054688,9,2179,2179,15,4,-27,-22,-24
12.058594,9,2179,2179,15,4,-27,-22,-25
12.062500,9,2179,2179,15,4,-27,-22,-24
12.066406,9,2179,2179,15,4,-27,-22,-25
12.070312,9,2179,2179,15,4,-27,-22,-25
12.074219,10,2179,2179,14,4,-27,-22,-25
12.078125,9,2179,2179,14,4,-27,-22,-24
12.082031,9,2179,2179,14,4,-27,-22,-24
12.085938,9,2179,2179,14,4,-27,-22,-24
12.089844,9,2179,2179,14,4,-27,-22,-24
12.093750,9,2179,2179,14,4,-27,-22,-25
12.097656,10,2179,2179,15,3,-27,-22,-24
12.101562,9,2179,2179,15,4,-27,-22,-25
12.105469,9,2179,2179,15,4,-27,-22,-24
12.109375,10,2179,2179,15,4,-27,-22,-25
12.113281,10,2179,2179,15,4,-27,-22,-24
12.117188,10,2179,2179,15,4,-27,-22,-24
12.121094,9,2179,2179,15,4,-27,-22,-24
12.125000,10,2179,2179,15,4,-27,-22,-24
12.128906,10,2179,2179,14,4,-27,-22,-24
12.132812,9,2179,2179,14,4,-27,-22,-24
12.136719,9,2179,2179,14,4,-27,-22,-25
12.140625,10,2179,2179,14,4,-27,-22,-25
12.144531,10,2179,2179,14,4,-27,-22,-24
12.148438,9,2179,2179,14,4,-27,-22,-25
12.152344,9,2179,2179,15,4,-27,-22,-24
12.156250,9,2179,2179,15,4,-27,-22,-24
12.160156,10,2179,2179,15,4,-27,-22,-24
12.164062,10,2179,2179,15,4,-27,-22,-24
12.167969,9,2179,2179,16,4,-32,-22,-24
12.171875,10,2179,2179,16,4,-27,-22,-24
12.175781,10,2179,2179,15,4,-27,-22,-25
12.179688,10,2179,2179,15,4,-27,-22,-24
12.183594,9,2179,2179,14,4,-27,-22,-25
12.187500,9,2179,2179,14,5,-27,-22,-25
12.191406,9,2179,2179,14,4,-27,-22,-25
12.195312,9,2179,2179,14,4,-27,-22,-24
12.199219,9,2179,2179,14,4,-27,-22,-24
12.203125,10,2179,2179,14,4,-27,-22,-24
12.207031,10,2179,2179,15,4,-27,-22,-24
12.210938,10,2179,2179,15,4,-27,-22,-24
12.214844,10,2179,2179,15,4,-27,-22,-24
12.218750,10,2179,2179,15,4,-27,-22,-24
12.222656,10,2179,2179,15,4,-27,-22,-25
12.226562,10,2179,2179,15,3,-27,-22,-24
12.230469,10,2179,2179,15,3,-27,-22,-24
12.234375,10,2179,2179,15,4,-27,-22,-24
12.238281,10,2179,2179,15,4,-27,-22,-25
12.242188,10,2179,2179,15,3,-27,-22,-25
12.246094,10,2179,2179,15,3,-27,-22,-25
12.250000,10,2179,2179,15,3,-27,-22,-25
12.253906,10,2179,2179,15,4,-27,-22,-25
12.257812,10,2179,2179,15,4,-27,-22,-25
12.261719,10,2179,2179,14,3,-27,-22,-25
12.265625,10,2179,2179,14,3,-27,-22,-25
12.269531,10,2179,2179,15,4,-27,-22,-24
12.273438,10,2179,2179,15,4,-27,-22,-24
12.277344,10,2179,2179,15,3,-27,-22,-25
12.281250,10,2179,2179,15,3,-27,-22,-24
12.285156,10,2179,2179,15,4,-27,-22,-24
12.289062,10,2179,2179,15,4,-27,-22,-25
12.292969,10,2179,2179,15,3,-20,-22,-24
12.296875,11,2179,2179,15,3,-27,-22,-24
12.300781,11,2179,2179,15,4,-27,-22,-24
12.304688,11,2179,2179,15,4,-26,-22,-25
12.308594,12,2179,2179,15,4,-27,-22,-25
12.312500,12,2179,2179,15,4,-27,-22,-25
12.316406,12,2179,2179,15,4,-27,-22,-25
12.320312,12,2179,2179,15,4,-27,-22,-25
12.324219,13,2179,2179,15,4,-27,-22,-24
12.328125,13,2179,2179,15,4,-27,-22,-24
12.332031,12,2179,2179,15,4,-27,-22,-24
12.335938,12,2179,2179,15,4,-27,-22,-25
12.339844,12,2179,2179,15,4,-27,-22,-25
12.343750,13,2179,2179,14,4,-27,-22,-25
12.347656,13,2179,2179,14,4,-27,-22,-25
12.351562,13,2179,2179,14,4,-27,-22,-25
12.355469,13,2179,2179,15,4,-27,-22,-25
12.359375,13,2179,2179,15,4,-27,-22,-25
12.363281,13,2179,2179,15,4,-27,-22,-25
12.367188,13,2179,2179,15,4,-27,-22,-25
12.371094,13,2179,2179,15,4,-27,-22,-25
12.375000,13,2179,2179,15,4,-27,-22,-25
12.378906,13,2179,2179,14,4,-27,-22,-25
12.382812,13,2179,2179,14,4,-27,-22,-25
12.386719,13,2179,2179,14,4,-27,-22,-25
12.390625,14,2179,2179,15,4,-27,-22,-24
12.394531,14,2179,2179,14,4,-27,-22,-24
12.398438,14,2179,2179,15,4,-27,-22,-24
12.402344,14,2179,2179,15,4,-27,-22,-24
12.406250,14,2179,2179,15,4,-27,-22,-24
12.410156,15,2179,2179,14,4,-27,-21,-24
12.414062,15,2179,2179,14,4,-27,-22,-25
12.417969,15,2179,2179,14,4,-35,-22,-24
12.421875,15,2179,2179,13,4,-27,-22,-25
12.425781,16,2179,2179,12,3,-27,-22,-24
12.429688,17,2179,2179,12,3,-27,-22,-25
12.433594,17,2179,2179,13,3,-27,-22,-24
12.437500,17,2179,2179,13,4,-27,-22,-25
12.441406,18,2179,2179,14,4,-27,-22,-25
12.445312,18,2179,2179,14,3,-27,-22,-25
12.449219,18,2179,2179,14,4,-27,-22,-25
12.453125,18,2179,2179,15,4,-27,-22,-25
12.457031,18,2179,2179,15,4,-27,-22,-25
12.460938,19,2179,2179,14,4,-27,-22,-25
12.464844,19,2179,2179,14,4,-27,-22,-24
12.468750,19,2179,2179,15,4,-27,-22,-25
12.472656,19,2179,2179,14,4,-27,-22,-25
12.476562,19,2179,2179,14,4,-27,-22,-24
12.480469,20,2179,2179,14,4,-27,-22,-24
12.484375,20,2179,2179,15,4,-27,-22,-24
12.488281,20,2179,2179,15,4,-27,-22,-24
12.492188,20,2179,2179,14,4,-27,-22,-24
12.496094,20,2179,2179,14,4,-27,-22,-24
12.500000,20,2179,2179,14,4,-27,-22,-24
12.503906,21,2179,2179,14,4,-27,-22,-24
12.507812,21,2179,2179,14,4,-27,-22,-24
12.511719,21,2179,2179,13,4,-27,-22,-24
12.515625,21,2179,2179,13,4,-27,-22,-24
12.519531,22,2179,2179,14,4,-27,-22,-24
12.523438,22,2179,2179,14,4,-27,-22,-24
12.527344,22,2179,2179,14,4,-27,-22,-24
12.531250,22,2179,2179,14,4,-27,-22,-25
12.535156,22,2179,2179,14,4,-27,-22,-25
12.539062,22,2179,2179,15,4,-27,-22,-25
12.542969,22,2179,2179,14,4,-25,-22,-25
12.546875,22,2179,2179,14,4,-27,-22,-25
12.550781,22,2179,2179,14,4,-27,-22,-25
12.554688,22,2179,2179,14,4,-27,-22,-25
12.558594,23,2179,2179,14,4,-27,-22,-25
12.562500,23,2179,2179,14,4,-27,-22,-25
12.566406,23,2179,2179,14,4,-27,-22,-25
12.570312,23,2179,2179,14,4,-27,-22,-24
12.574219,23,2179,2179,14,4,-27,-22,-25
12.578125,23,2179,2179,14,4,-27,-22,-24
12.582031,23,2179,2179,14,4,-27,-22,-25
12.585938,24,2179,2179,14,4,-27,-22,-24
12.589844,24,2179,2179,14,4,-27,-22,-25
12.593750,25,2179,2179,14,4,-27,-22,-25
12.597656,25,2179,2179,14,4,-27,-22,-24
12.601562,25,2179,2179,15,4,-27,-22,-24
12.605469,25,2179,2179,15,4,-27,-22,-24
12.609375,25,2179,2179,15,4,-27,-22,-25
12.613281,25,2179,2179,15,4,-27,-22,-24
12.617188,25,2179,2179,15,4,-27,-22,-24
12.621094,26,2179,2179,15,4,-27,-22,-24
12.625000,27,2179,2179,14,4,-27,-22,-24
12.628906,27,2179,2179,14,4,-27,-22,-24
12.632812,27,2179,2179,14,4,-27,-22,-25
12.636719,28,2179,2179,15,4,-27,-22,-25
12.640625,29,2179,2179,15,4,-27,-22,-25
12.644531,30,2179,2179,15,4,-27,-22,-25
12.648438,30,2179,2179,15,4,-27,-22,-25
12.652344,30,2179,2179,15,4,-27,-22,-25
12.656250,31,2179,2179,15,4,-27,-22,-25
12.660156,32,2179,2179,15,4,-27,-21,-25
12.664062,32,2179,2179,14,3,-27,-22,-25
12.667969,31,2179,2179,15,4,-28,-22,-25
12.671875,31,2179,2179,14,4,-27,-22,-24
12.675781,32,2179,2179,14,4,-27,-22,-24
12.679688,32,2179,2179,14,4,-27,-22,-24
12.683594,31,2179,2179,14,4,-27,-22,-24
12.687500,32,2179,2179,14,4,-27,-22,-24
12.691406,32,2179,2179,15,4,-27,-22,-24
12.695312,33,2179,2179,15,3,-27,-22,-24
12.699219,33,2179,2179,15,4,-27,-22,-24
12.703125,33,2179,2179,15,4,-26,-22,-24
12.707031,33,2179,2179,15,4,-27,-22,-24
12.710938,33,2179,2179,14,4,-27,-22,-24
12.714844,33,2179,2179,14,4,-27,-22,-24
12.718750,33,2179,2179,14,4,-27,-22,-25
12.722656,33,2179,2179,13,4,-27,-22,-24
12.726562,34,2179,2179,13,4,-27,-22,-25
12.730469,34,2179,2179,14,4,-27,-22,-25
12.734375,33,2179,2179,14,4,-27,-22,-25
12.738281,34,2179,2179,15,4,-27,-22,-25
12.742188,34,2179,2179,15,4,-27,-22,-25
12.746094,34,2179,2179,16,4,-27,-22,-24
12.750000,34,2179,2179,16,4,-27,-22,-25
12.753906,34,2179,2179,16,4,-27,-22,-25
12.757812,34,2179,2179,16,5,-27,-22,-25
12.761719,34,2179,2179,15,4,-27,-22,-25
12.765625,34,2179,2179,15,4,-27,-22,-24
12.769531,34,2179,2179,16,5,-27,-22,-24
12.773438,34,2179,2179,15,5,-27,-22,-24
12.777344,34,2179,2179,15,4,-27,-22,-24
12.781250,34,2179,2179,15,4,-27,-22,-24
12.785156,34,2179,2179,16,4,-27,-21,-24
12.789062,34,2179,2179,16,4,-27,-22,-25
12.792969,35,2179,2179,15,4,-27,-22,-25
12.796875,35,2179,2179,15,4,-27,-21,-25
12.800781,35,2179,2179,16,4,-27,-21,-25
12.804688,35,2179,2179,15,4,-27,-22,-25
12.808594,36,2179,2179,15,4,-27,-22,-25
12.812500,36,2179,2179,15,4,-27,-22,-24
12.816406,36,2179,2179,15,4,-27,-22,-25
12.820312,37,2179,2179,15,4,-27,-22,-25
12.824219,37,2179,2179,15,4,-27,-22,-24
12.828125,38,2179,2179,15,4,-27,-22,-25
12.832031,37,2179,2179,15,3,-27,-22,-25
12.835938,38,2179,2179,15,4,-27,-22,-25
12.839844,38,2179,2179,15,4,-27,-22,-25
12.843750,38,2179,2179,15,3,-27,-22,-25
12.847656,38,2179,2179,15,4,-27,-22,-25
12.851562,38,2179,2179,15,4,-27,-22,-25
12.855469,38,2179,2179,15,4,-27,-22,-25
12.859375,38,2179,2179,15,4,-27,-22,-25
12.863281,38,2179,2179,15,4,-27,-22,-25
12.867188,38,2179,2179,15,4,-27,-22,-25
12.871094,38,2179,2179,15,4,-27,-22,-25
12.875000,38,2179,2179,15,4,-27,-22,-25
12.878906,38,2179,2179,15,4,-27,-22,-25
12.882812,38,2179,2179,15,4,-27,-22,-24
12.886719,38,2179,2179,15,4,-27,-22,-25
12.890625,38,2179,2179,15,4,-27,-22,-24
12.894531,39,2179,2179,15,3,-27,-22,-24
12.898438,39,2179,2179,15,4,-27,-22,-24
12.902344,39,2179,2179,15,4,-26,-22,-24
12.906250,39,2179,2179,15,4,-27,-22,-25
12.910156,40,2179,2179,15,3,-27,-21,-24
12.914062,40,2179,2179,15,3,-27,-22,-24
12.917969,40,2179,2179,15,4,-27,-22,-24
12.921875,40,2179,2179,15,4,-27,-22,-25
12.925781,41,2179,2179,15,4,-27,-22,-25
12.929688,41,2179,2179,15,4,-27,-22,-25
12.933594,41,2179,2179,15,4,-27,-22,-25
12.937500,41,2179,2179,15,4,-27,-22,-25
12.941406,42,2179,2179,15,4,-27,-22,-25
12.945312,42,2179,2179,15,4,-27,-22,-25
12.949219,41,2179,2179,15,4,-27,-22,-25
12.953125,41,2179,2179,16,4,-27,-22,-25
12.957031,42,2179,2179,16,4,-27,-22,-25
12.960938,42,2179,2179,16,4,-27,-22,-25
12.964844,42,2179,2179,17,4,-27,-22,-25
12.968750,41,2179,2179,18,4,-27,-22,-25
12.972656,41,2179,2179,18,4,-27,-22,-24
12.976562,41,2179,2179,17,4,-27,-22,-24
12.980469,41,2179,2179,17,4,-27,-22,-24
12.984375,41,2179,2179,18,4,-27,-22,-24
12.988281,40,2179,2179,18,4,-27,-22,-24
12.992188,41,2179,2179,17,4,-27,-22,-25
12.996094,40,2179,2179,17,4,-27,-22,-24
13.000000,40,2179,2179,17,4,-27,-22,-25
13.003906,40,2179,2179,17,4,-27,-22,-24
13.007812,40,2179,2179,18,4,-27,-22,-24
13.011719,41,2179,2179,17,4,-27,-22,-24
13.015625,41,2179,2179,17,4,-27,-22,-24
13.019531,41,2179,2179,18,4,-27,-22,-25
13.023438,41,2179,2179,18,4,-27,-22,-25
13.027344,41,2179,2179,18,4,-27,-22,-25
13.031250,41,2179,2179,18,4,-27,-22,-25
13.035156,41,2179,2179,19,4,-27,-22,-25
13.039062,41,2179,2179,19,4,-27,-22,-25
13.042969,42,2179,2179,19,4,-27,-22,-25
13.046875,42,2179,2179,19,4,-27,-22,-25
13.050781,41,2179,2179,20,4,-27,-22,-25
13.054688,41,2179,2179,19,4,-27,-22,-25
13.058594,42,2179,2179,19,4,-27,-22,-25
13.062500,42,2179,2179,19,4,-27,-22,-25
13.066406,41,2179,2179,19,4,-27,-22,-25
13.070312,41,2179,2179,19,4,-27,-22,-25
13.074219,41,2179,2179,19,4,-27,-22,-25
13.078125,41,2179,2179,19,4,-27,-22,-24
13.082031,41,2179,2179,19,4,-27,-22,-24
13.085938,41,2179,2179,20,4,-27,-22,-25
13.089844,41,2179,2179,21,4,-27,-22,-24
13.093750,42,2179,2179,21,4,-27,-22,-24
13.097656,42,2179,2179,21,4,-27,-22,-24
13.101562,42,2179,2179,22,4,-27,-22,-24
13.105469,42,2179,2179,21,4,-27,-22,-25
13.109375,42,2179,2179,21,4,-27,-22,-24
13.113281,42,2179,2179,21,4,-27,-22,-25
13.117188,42,2179,2179,21,4,-27,-22,-24
13.121094,42,2179,2179,21,4,-27,-22,-25
13.125000,42,2179,2179,21,4,-27,-22,-25
13.128906,42,2179,2179,21,3,-27,-22,-25
13.132812,42,2179,2179,22,3,-27,-22,-25
13.136719,42,2179,2179,23,4,-27,-22,-25
13.140625,42,2179,2179,24,4,-27,-22,-25
13.144531,41,2179,2179,24,4,-27,-22,-25
13.148438,41,2179,2179,25,4,-27,-22,-25
13.152344,41,2179,2179,26,4,-27,-22,-25
13.156250,41,2179,2179,27,4,-27,-22,-25
13.160156,41,2179,2179,28,4,-27,-22,-25
13.164062,41,2179,2179,29,4,-27,-22,-25
13.167969,41,2179,2179,30,4,-27,-22,-25
13.171875,40,2179,2179,31,4,-27,-22,-25
13.175781,41,2179,2179,33,4,-27,-22,-25
13.179688,40,2179,2179,34,4,-27,-22,-25
13.183594,40,2179,2179,35,4,-27,-22,-25
13.187500,40,2179,2179,37,5,-27,-22,-24
13.191406,40,2179,2179,37,5,-26,-22,-24
13.195312,41,2179,2179,38,4,-27,-22,-24
13.199219,40,2179,2179,39,4,-27,-22,-24
13.203125,40,2179,2179,40,4,-27,-22,-24
13.207031,41,2179,2179,42,5,-27,-22,-25
13.210938,41,2179,2179,43,4,-27,-22,-25
13.214844,41,2179,2179,44,4,-27,-22,-25
13.218750,41,2179,2179,45,4,-27,-22,-25
13.222656,41,2179,2179,47,4,-27,-22,-25
13.226562,41,2179,2179,48,4,-27,-22,-25
13.230469,40,2179,2179,49,4,-27,-22,-25
13.234375,40,2179,2179,50,4,-27,-22,-24
13.238281,40,2179,2179,51,4,-27,-22,-25
13.242188,40,2179,2179,52,4,-27,-22,-25
13.246094,40,2179,2179,53,4,-27,-22,-25
13.250000,40,2179,2179,55,4,-27,-22,-25
13.253906,40,2179,2179,57,4,-27,-22,-25
13.257812,41,2179,2179,59,4,-27,-22,-25
13.261719,41,2179,2179,61,4,-27,-22,-25
13.265625,40,2179,2179,63,4,-27,-22,-25
13.269531,40,2179,2179,66,4,-27,-22,-25
13.273438,40,2179,2179,68,4,-27,-22,-25
13.277344,40,2179,2179,69,4,-27,-22,-24
13.281250,40,2179,2179,71,4,-27,-22,-25
13.285156,40,2179,2179,73,4,-27,-23,-24
13.289062,40,2179,2179,75,4,-27,-22,-24
13.292969,40,2179,2179,76,3,-27,-22,-24
13.296875,41,2179,2179,77,4,-27,-22,-24
13.300781,40,2179,2179,79,4,-27,-22,-25
13.304688,40,2179,2179,81,4,-27,-22,-24
13.308594,40,2179,2179,82,4,-27,-22,-24
13.312500,40,2179,2179,85,4,-27,-22,-24
13.316406,40,2179,2179,87,4,-27,-22,-25
13.320312,40,2179,2179,90,4,-27,-22,-24
13.324219,40,2179,2179,92,4,-27,-22,-25
13.328125,40,2179,2179,94,4,-27,-22,-24
13.332031,40,2179,2179,97,4,-27,-22,-25
13.335938,40,2179,2179,99,5,-27,-22,-24
13.339844,40,2179,2179,101,5,-27,-22,-25
13.343750,40,2179,2179,102,4,-27,-22,-25
13.347656,40,2179,2179,103,4,-27,-22,-25
13.351562,40,2179,2179,104,5,-27,-22,-25
13.355469,40,2179,2179,106,5,-27,-22,-25
13.359375,40,2179,2179,107,4,-27,-22,-25
13.363281,40,2179,2179,109,4,-27,-22,-24
13.367188,39,2179,2179,111,4,-27,-22,-25
13.371094,39,2179,2179,113,4,-27,-22,-24
13.375000,40,2179,2179,115,4,-27,-22,-24
13.378906,40,2179,2179,117,4,-27,-22,-24
13.382812,40,2179,2179,118,4,-27,-22,-25
13.386719,40,2179,2179,120,4,-27,-22,-25
13.390625,40,2179,2179,122,4,-27,-22,-24
13.394531,40,2179,2179,123,4,-27,-22,-24
13.398438,39,2179,2179,124,4,-27,-22,-24
13.402344,39,2179,2179,125,4,-27,-22,-24
13.406250,39,2179,2179,126,4,-27,-22,-24
13.410156,39,2179,2179,126,4,-27,-23,-24
13.414062,39,2179,2179,127,4,-27,-22,-24
13.417969,39,2179,2179,129,4,-27,-22,-25
13.421875,39,2179,2179,130,4,-27,-22,-25
13.425781,39,2179,2179,131,3,-27,-22,-25
13.429688,39,2179,2179,132,3,-27,-22,-25
13.433594,39,2179,2179,133,3,-27,-22,-25
13.437500,39,2179,2179,134,4,-27,-22,-25
13.441406,39,2179,2179,135,4,-27,-22,-25
13.445312,39,2179,2179,136,3,-27,-22,-25
13.449219,38,2179,2179,136,3,-27,-22,-25
13.453125,38,2179,2179,137,4,-27,-22,-25
13.457031,38,2179,2179,138,4,-27,-22,-25
13.460938,38,2179,2179,139,4,-27,-22,-25
13.464844,38,2179,2179,140,4,-27,-22,-24
13.468750,37,2179,2179,142,4,-27,-22,-24
13.472656,38,2179,2179,143,4,-27,-22,-24
13.476562,38,2179,2179,144,4,-26,-22,-24
13.480469,38,2179,2179,145,4,-27,-22,-24
13.484375,38,2179,2179,146,4,-27,-22,-24
13.488281,38,2179,2179,147,5,-27,-22,-24
13.492188,38,2179,2179,148,4,-27,-22,-24
13.496094,38,2179,2179,149,4,-27,-22,-24
13.500000,38,2179,2179,149,4,-27,-22,-24
13.503906,38,2179,2179,151,5,-27,-22,-24
13.507812,37,2179,2179,151,5,-27,-22,-25
13.511719,38,2179,2179,151,4,-27,-22,-24
13.515625,37,2179,2179,152,4,-27,-22,-24
13.519531,38,2179,2179,153,4,-27,-22,-25
13.523438,38,2179,2179,153,4,-27,-22,-25
13.527344,38,2179,2179,153,4,-27,-22,-24
13.531250,38,2179,2179,154,4,-27,-22,-25
13.535156,38,2179,2179,155,4,-27,-22,-25
13.539062,38,2179,2179,155,4,-27,-22,-25
13.542969,38,2179,2179,156,4,-27,-22,-25
13.546875,38,2179,2179,157,4,-27,-22,-25
13.550781,38,2179,2179,158,4,-27,-22,-25
13.554688,37,2179,2179,158,4,-27,-22,-25
13.558594,37,2179,2179,159,4,-27,-22,-25
13.562500,37,2179,2179,159,4,-27,-22,-24
13.566406,36,2179,2179,159,4,-27,-22,-24
13.570312,36,2179,2179,160,4,-27,-22,-24
13.574219,36,2179,2179,161,4,-27,-22,-24
13.578125,36,2179,2179,161,4,-27,-22,-24
13.582031,36,2179,2179,162,4,-27,-22,-24
13.585938,36,2179,2179,164,4,-27,-22,-24
13.589844,37,2179,2179,164,4,-27,-22,-24
13.593750,37,2179,2179,165,4,-27,-22,-25
13.597656,37,2179,2179,165,4,-27,-22,-25
13.601562,37,2179,2179,165,4,-27,-22,-24
13.605469,37,2179,2179,165,4,-27,-22,-24
13.609375,37,2179,2179,165,4,-27,-22,-25
13.613281,37,2179,2179,165,4,-27,-22,-25
13.617188,37,2179,2179,166,4,-27,-22,-25
13.621094,37,2179,2179,166,4,-27,-22,-25
13.625000,37,2179,2179,166,4,-27,-22,-25
13.628906,37,2179,2179,166,4,-27,-22,-25
13.632812,36,2179,2179,167,4,-27,-22,-25
13.636719,36,2179,2179,167,4,-27,-22,-25
13.640625,37,2179,2179,167,4,-27,-22,-25
13.644531,37,2179,2179,167,4,-27,-22,-25
13.648438,36,2179,2179,167,4,-27,-22,-25
13.652344,36,2179,2179,168,4,-27,-22,-24
13.656250,36,2179,2179,168,4,-27,-22,-25
13.660156,37,2179,2179,169,4,-27,-22,-25
13.664062,37,2179,2179,169,4,-27,-22,-24
13.667969,36,2179,2179,170,4,-27,-22,-24
13.671875,36,2179,2179,170,4,-27,-22,-25
13.675781,36,2179,2179,170,4,-27,-22,-24
13.679688,36,2179,2179,170,4,-27,-22,-24
13.683594,36,2179,2179,171,4,-27,-22,-24
13.687500,36,2179,2179,171,4,-27,-22,-25
13.691406,37,2179,2179,171,4,-27,-22,-24
13.695312,37,2179,2179,171,4,-27,-22,-24
13.699219,37,2179,2179,171,4,-27,-22,-24
13.703125,37,2179,2179,171,4,-27,-22,-25
13.707031,37,2179,2179,172,4,-27,-22,-25
13.710938,37,2179,2179,172,4,-27,-22,-25
13.714844,36,2179,2179,173,3,-27,-22,-24
13.718750,36,2179,2179,174,4,-27,-22,-25
13.722656,36,2179,2179,174,4,-27,-22,-25
13.726562,36,2179,2179,174,4,-27,-22,-25
13.730469,36,2179,2179,175,4,-27,-22,-25
13.734375,36,2179,2179,175,4,-27,-22,-25
13.738281,36,2179,2179,175,4,-27,-22,-25
13.742188,36,2179,2179,175,4,-27,-22,-25
13.746094,36,2179,2179,175,4,-27,-22,-25
13.750000,36,2179,2179,174,4,-27,-22,-25
13.753906,36,2179,2179,176,5,-27,-22,-25
13.757812,36,2179,2179,176,5,-27,-22,-25
13.761719,36,2179,2179,176,4,-27,-22,-25
13.765625,36,2179,2179,176,4,-27,-22,-24
13.769531,36,2179,2179,177,4,-27,-22,-24
13.773438,36,2179,2179,177,4,-27,-22,-24
13.777344,36,2179,2179,177,4,-27,-22,-23
13.781250,36,2179,2179,177,4,-27,-22,-24
13.785156,36,2179,2179,178,4,-27,-22,-24
13.789062,36,2179,2179,178,4,-27,-22,-24
13.792969,36,2179,2179,178,4,-27,-22,-24
13.796875,36,2179,2179,178,4,-27,-22,-24
13.800781,36,2179,2179,179,4,-27,-22,-24
13.804688,36,2179,2179,179,4,-27,-22,-24
13.808594,36,2179,2179,179,4,-27,-22,-24
13.812500,36,2179,2179,179,4,-27,-22,-24
13.816406,35,2179,2179,178,4,-27,-22,-24
13.820312,35,2179,2179,179,4,-27,-22,-25
13.824219,36,2179,2179,178,4,-27,-22,-25
13.828125,36,2179,2179,178,4,-27,-22,-25
13.832031,35,2179,2179,179,3,-27,-22,-25
13.835938,35,2179,2179,180,4,-27,-22,-25
13.839844,35,2179,2179,181,4,-27,-22,-25
13.843750,35,2179,2179,181,4,-27,-22,-25
13.847656,35,2179,2179,181,4,-27,-22,-25
13.851562,34,2179,2179,181,4,-27,-22,-25
13.855469,34,2179,2179,181,4,-27,-22,-25
13.859375,34,2179,2179,180,4,-27,-22,-25
13.863281,34,2179,2179,179,4,-27,-22,-24
13.867188,34,2179,2179,179,4,-27,-22,-24
13.871094,34,2179,2179,179,4,-27,-22,-25
13.875000,34,2179,2179,179,4,-27,-22,-24
13.878906,34,2179,2179,180,4,-27,-22,-24
13.882812,34,2179,2179,181,3,-27,-22,-24
13.886719,34,2179,2179,182,4,-27,-22,-24
13.890625,34,2179,2179,182,4,-27,-22,-24
13.894531,34,2179,2179,182,4,-27,-22,-24
13.898438,34,2179,2179,181,4,-27,-22,-24
13.902344,34,2179,2179,182,4,-27,-22,-24
13.906250,33,2179,2179,182,4,-27,-22,-25
13.910156,34,2179,2179,181,4,-27,-22,-24
13.914062,34,2179,2179,182,3,-27,-22,-24
13.917969,34,2179,2179,182,4,-27,-22,-24
13.921875,33,2179,2179,182,4,-27,-22,-25
13.925781,34,2179,2179,182,4,-27,-22,-25
13.929688,33,2179,2179,183,4,-27,-22,-25
13.933594,33,2179,2179,183,4,-27,-22,-25
13.937500,33,2179,2179,183,4,-27,-22,-25
13.941406,33,2179,2179,183,4,-27,-22,-25
13.945312,33,2179,2179,183,4,-27,-22,-25
13.949219,33,2179,2179,183,4,-27,-22,-25
13.953125,33,2179,2179,184,4,-27,-22,-25
13.957031,33,2179,2179,184,4,-27,-22,-24
13.960938,33,2179,2179,183,4,-27,-22,-25
13.964844,33,2179,2179,183,4,-27,-22,-25
13.968750,33,2179,2179,183,4,-27,-22,-24
13.972656,32,2179,2179,183,4,-27,-22,-24
13.976562,33,2179,2179,182,4,-27,-22,-24
13.980469,32,2179,2179,183,4,-27,-22,-24
13.984375,31,2179,2179,183,4,-27,-22,-24
13.988281,31,2179,2179,184,4,-27,-22,-24
13.992188,32,2179,2179,184,4,-27,-22,-24
13.996094,32,2179,2179,185,4,-27,-22,-24
14.000000,32,2179,2179,184,4,-27,-22,-24
14.003906,32,2179,2179,185,4,-27,-22,-24
14.007812,32,2179,2179,185,4,-27,-22,-24
14.011719,32,2179,2179,185,4,-27,-22,-25
14.015625,32,2179,2179,185,3,-27,-22,-25
14.019531,32,2179,2179,185,4,-27,-22,-25
14.023438,32,2179,2179,185,4,-27,-22,-25
14.027344,32,2179,2179,185,3,-27,-22,-24
14.031250,32,2179,2179,185,4,-27,-22,-25
14.035156,32,2179,2179,185,4,-27,-22,-25
14.039062,32,2179,2179,185,4,-27,-22,-25
14.042969,32,2179,2179,184,4,-27,-22,-25
14.046875,32,2179,2179,184,4,-27,-22,-25
14.050781,32,2179,2179,184,4,-27,-22,-25
14.054688,32,2179,2179,184,4,-27,-22,-25
14.058594,32,2179,2179,184,4,-27,-22,-25
14.062500,32,2179,2179,184,4,-27,-22,-25
14.066406,31,2179,2179,185,4,-27,-22,-24
14.070312,31,2179,2179,185,4,-27,-22,-25
14.074219,32,2179,2179,186,4,-27,-22,-24
14.078125,31,2179,2179,186,4,-27,-22,-24
14.082031,31,2179,2179,187,4,-27,-22,-24
14.085938,31,2179,2179,187,4,-27,-22,-24
14.089844,31,2179,2179,188,4,-27,-22,-24
14.093750,31,2179,2179,188,4,-27,-22,-24
14.097656,31,2179,2179,188,4,-27,-22,-24
14.101562,30,2179,2179,188,4,-27,-22,-24
14.105469,30,2179,2179,187,5,-27,-22,-24
14.109375,31,2179,2179,187,4,-27,-22,-25
14.113281,31,2179,2179,186,4,-27,-22,-25
14.117188,31,2179,2179,187,4,-27,-22,-25
14.121094,31,2179,2179,187,4,-27,-22,-25
14.125000,31,2179,2179,186,4,-27,-22,-25
14.128906,31,2179,2179,186,3,-27,-22,-25
14.132812,30,2179,2179,186,3,-27,-22,-25
14.136719,30,2179,2179,186,4,-27,-22,-25
14.140625,30,2179,2179,186,4,-27,-22,-25
14.144531,29,2179,2179,185,4,-27,-22,-25
14.148438,29,2179,2179,186,4,-27,-22,-25
14.152344,28,2179,2179,186,4,-27,-22,-26
14.156250,28,2179,2179,187,4,-27,-22,-25
14.160156,28,2179,2179,187,4,-27,-22,-25
14.164062,28,2179,2179,187,4,-27,-22,-24
14.167969,28,2179,2179,187,5,-27,-22,-25
14.171875,27,2179,2179,188,5,-27,-22,-24
14.175781,28,2179,2179,187,4,-27,-22,-24
14.179688,27,2179,2179,187,4,-27,-22,-24
14.183594,26,2179,2179,187,4,-27,-22,-24
14.187500,26,2179,2179,187,5,-27,-22,-24
14.191406,26,2179,2179,186,4,-27,-22,-24
14.195312,25,2179,2179,186,4,-27,-22,-24
14.199219,24,2179,2179,186,4,-27,-22,-24
14.203125,24,2179,2179,186,4,-27,-22,-24
14.207031,23,2179,2179,187,4,-27,-22,-24
14.210938,23,2179,2179,186,4,-27,-22,-24
14.214844,23,2179,2179,184,4,-27,-22,-25
14.218750,22,2179,2179,181,4,-27,-22,-25
14.222656,22,2179,2179,174,4,-27,-22,-25
14.226562,22,2179,2179,162,4,-27,-22,-25
14.230469,22,2179,2179,147,4,-27,-22,-25
14.234375,21,2179,2179,129,4,-27,-22,-25
14.238281,20,2179,2179,111,4,-27,-22,-25
14.242188,20,2179,2179,93,4,-27,-22,-25
14.246094,19,2179,2179,79,4,-27,-22,-25
14.250000,18,2179,2179,70,4,-27,-22,-25
14.253906,17,2179,2179,62,4,-27,-22,-25
14.257812,17,2179,2179,57,4,-27,-22,-25
14.261719,16,2179,2179,53,4,-27,-22,-25
14.265625,16,2179,2179,48,3,-27,-22,-24
14.269531,15,2179,2179,43,4,-27,-22,-24
14.273438,15,2179,2179,36,4,-27,-22,-24
14.277344,15,2179,2179,30,3,-27,-22,-25
14.281250,15,2179,2179,25,3,-27,-21,-24
14.285156,15,2179,2179,21,4,-27,-22,-25
14.289062,14,2179,2179,19,4,-27,-22,-25
14.292969,14,2179,2179,18,4,-27,-22,-25
14.296875,14,2179,2179,17,4,-27,-22,-25
14.300781,13,2179,2179,18,4,-27,-22,-24
14.304688,12,2179,2179,18,4,-27,-22,-24
14.308594,12,2179,2179,18,4,-27,-22,-24
14.312500,12,2179,2179,17,4,-27,-22,-25
14.316406,11,2179,2179,17,4,-27,-22,-25
14.320312,11,2179,2179,17,4,-27,-22,-25
14.324219,11,2179,2179,17,4,-27,-22,-25
14.328125,11,2179,2179,17,4,-27,-22,-25
14.332031,11,2179,2179,17,4,-27,-22,-25
14.335938,10,2179,2179,17,4,-27,-22,-25
14.339844,10,2179,2179,17,5,-27,-22,-25
14.343750,10,2179,2179,17,4,-27,-22,-25
14.347656,10,2179,2179,17,4,-27,-22,-25
14.351562,10,2179,2179,16,5,-27,-22,-25
14.355469,10,2179,2179,16,5,-27,-22,-25
14.359375,10,2179,2179,15,4,-27,-22,-25
14.363281,10,2179,2179,15,4,-27,-22,-24
14.367188,9,2179,2179,15,4,-27,-22,-25
14.371094,9,2179,2179,15,5,-27,-22,-24
14.375000,9,2179,2179,15,4,-27,-22,-25
14.378906,9,2179,2179,15,4,-27,-22,-24
14.382812,8,2179,2179,15,4,-27,-22,-24
14.386719,8,2179,2179,16,5,-27,-22,-25
14.390625,9,2179,2179,16,4,-27,-22,-25
14.394531,9,2179,2179,15,4,-27,-22,-25
14.398438,9,2179,2179,15,4,-27,-22,-24
14.402344,9,2179,2179,15,4,-27,-22,-25
14.406250,9,2179,2179,15,4,-27,-22,-25
14.410156,9,2179,2179,15,4,-27,-22,-25
14.414062,9,2179,2179,15,3,-27,-22,-25
14.417969,8,2179,2179,15,4,-27,-22,-25
14.421875,8,2179,2179,15,4,-27,-22,-25
14.425781,8,2179,2179,15,3,-27,-22,-25
14.429688,8,2179,2179,15,3,-27,-22,-25
14.433594,8,2179,2179,15,3,-27,-22,-25
14.437500,7,2179,2179,15,4,-27,-22,-25
14.441406,7,2179,2179,15,4,-27,-22,-25
14.445312,7,2179,2179,15,3,-27,-22,-25
14.449219,6,2179,2179,15,4,-27,-22,-25
14.453125,6,2179,2179,15,4,-27,-22,-25
14.457031,6,2179,2179,15,4,-27,-22,-25
14.460938,6,2179,2179,15,4,-27,-22,-25
14.464844,6,2179,2179,15,4,-27,-22,-25
14.468750,5,2179,2179,15,4,-27,-22,-25
14.472656,5,2179,2179,15,4,-27,-22,-25
14.476562,6,2179,2179,15,4,-27,-22,-25
14.480469,6,2179,2179,15,4,-27,-21,-25
14.484375,6,2179,2179,15,4,-27,-22,-24
14.488281,6,2179,2179,15,4,-26,-21,-25
14.492188,6,2179,2179,15,3,-27,-21,-25
14.496094,6,2179,2179,15,4,-27,-21,-25
14.500000,5,2179,2179,15,4,-27,-22,-25
14.503906,5,2179,2179,15,4,-27,-22,-25
14.507812,5,2179,2179,15,4,-27,-22,-25
14.511719,6,2179,2179,15,3,-27,-22,-25
14.515625,5,2179,2179,15,4,-27,-22,-25
14.519531,5,2179,2179,15,4,-27,-22,-25
14.523438,5,2179,2179,15,4,-27,-22,-25
14.527344,5,2179,2179,15,4,-27,-22,-25
14.531250,5,2179,2179,15,4,-27,-22,-25
14.535156,5,2179,2179,15,4,-27,-22,-25
14.539062,5,2179,2179,15,4,-27,-22,-25
14.542969,5,2179,2179,15,4,-27,-22,-25
14.546875,5,2179,2179,15,4,-27,-22,-25
14.550781,5,2179,2179,15,4,-27,-22,-25
14.554688,5,2179,2179,15,4,-27,-22,-25
14.558594,5,2179,2179,14,5,-27,-22,-25
14.562500,5,2179,2179,14,4,-27,-22,-24
14.566406,5,2179,2179,14,4,-27,-22,-24
14.570312,4,2179,2179,15,5,-27,-22,-25
14.574219,5,2179,2179,15,4,-27,-22,-24
14.578125,4,2179,2179,15,4,-27,-22,-24
14.582031,4,2179,2179,15,4,-27,-22,-24
14.585938,4,2179,2179,16,4,-27,-22,-25
14.589844,5,2179,2179,16,4,-27,-22,-25
14.593750,5,2179,2179,15,4,-27,-22,-25
14.597656,5,2179,2179,15,4,-27,-22,-25
14.601562,5,2179,2179,15,4,-27,-22,-25
14.605469,5,2179,2179,15,4,-27,-22,-25
14.609375,5,2179,2179,14,4,-26,-22,-25
14.613281,5,2179,2179,14,4,-27,-22,-25
14.617188,5,2179,2179,14,3,-27,-22,-25
14.621094,5,2179,2179,14,4,-27,-22,-25
14.625000,5,2179,2179,14,4,-27,-22,-25
14.628906,5,2179,2179,14,4,-27,-22,-25
14.632812,5,2179,2179,15,4,-27,-22,-25
14.636719,5,2179,2179,15,4,-27,-22,-25
14.640625,5,2179,2179,15,4,-27,-22,-25
14.644531,5,2179,2179,15,4,-27,-22,-25
14.648438,5,2179,2179,15,4,-27,-22,-25
14.652344,5,2179,2179,15,4,-27,-22,-25
14.656250,5,2179,2179,15,4,-27,-22,-25
14.660156,5,2179,2179,15,4,-27,-22,-25
14.664062,5,2179,2179,15,4,-27,-22,-24
14.667969,5,2179,2179,15,4,-27,-22,-24
14.671875,5,2179,2179,15,4,-27,-22,-24
14.675781,5,2179,2179,15,3,-27,-22,-24
14.679688,5,2179,2179,15,3,-27,-22,-24
14.683594,5,2179,2179,15,3,-27,-22,-24
14.687500,5,2179,2179,15,4,-27,-22,-24
14.691406,5,2179,2179,14,4,-27,-22,-24
14.695312,5,2179,2179,14,3,-27,-22,-24
14.699219,5,2179,2179,14,3,-27,-22,-24
14.703125,5,2179,2179,14,4,-27,-22,-25
14.707031,6,2179,2179,14,4,-27,-22,-25
14.710938,6,2179,2179,14,3,-27,-22,-25
14.714844,6,2179,2179,14,3,-27,-22,-25
14.718750,5,2179,2179,14,4,-27,-22,-25
14.722656,5,2179,2179,15,4,-27,-22,-25
14.726562,6,2179,2179,14,4,-27,-22,-25
14.730469,6,2179,2179,14,4,-27,-22,-25
14.734375,5,2179,2179,15,4,-27,-22,-25
14.738281,5,2179,2179,15,5,-27,-22,-25
14.742188,5,2179,2179,15,3,-27,-22,-25
14.746094,5,2179,2179,15,4,-27,-22,-25
14.750000,5,2179,2179,16,4,-27,-22,-25
14.753906,5,2179,2179,16,4,-27,-22,-25
14.757812,5,2179,2179,16,4,-27,-22,-25
14.761719,5,2179,2179,15,4,-27,-22,-24
14.765625,4,2179,2179,15,5,-27,-22,-25
14.769531,4,2179,2179,16,5,-27,-22,-24
14.773438,5,2179,2179,16,5,-27,-22,-24
14.777344,5,2179,2179,15,5,-27,-22,-24
14.781250,5,2179,2179,15,5,-27,-22,-24
14.785156,5,2179,2179,16,5,-27,-22,-24
14.789062,5,2179,2179,15,5,-27,-22,-24
14.792969,5,2179,2179,15,4,-27,-22,-24
14.796875,5,2179,2179,15,4,-27,-22,-25
14.800781,5,2179,2179,15,4,-27,-22,-25
14.804688,5,2179,2179,14,4,-27,-22,-25
14.808594,5,2179,2179,14,4,-27,-22,-25
14.812500,6,2179,2179,14,4,-27,-22,-25
14.816406,5,2179,2179,15,4,-27,-22,-25
14.820312,5,2179,2179,15,4,-27,-22,-25
14.824219,6,2179,2179,15,4,-27,-22,-25
14.828125,6,2179,2179,15,4,-27,-22,-25
14.832031,6,2179,2179,15,4,-27,-22,-25
14.835938,5,2179,2179,15,4,-27,-22,-25
14.839844,6,2179,2179,14,4,-27,-22,-25
14.843750,5,2179,2179,13,3,-27,-22,-25
14.847656,5,2179,2179,13,4,-27,-22,-25
14.851562,5,2179,2179,13,4,-27,-22,-25
14.855469,5,2179,2179,13,4,-27,-22,-25
14.859375,5,2179,2179,13,4,-26,-22,-24
14.863281,5,2179,2179,13,3,-27,-22,-24
14.867188,5,2179,2179,14,3,-27,-22,-24
14.871094,5,2179,2179,15,4,-27,-22,-24
14.875000,6,2179,2179,15,4,-27,-22,-24
14.878906,6,2179,2179,15,3,-27,-22,-25
14.882812,6,2179,2179,15,3,-27,-22,-25
14.886719,6,2179,2179,15,4,-27,-22,-25
14.890625,6,2179,2179,15,4,-27,-22,-25
14.894531,6,2179,2179,15,4,-27,-22,-25
14.898438,6,2179,2179,15,4,-27,-22,-25
14.902344,6,2179,2179,15,4,-27,-22,-25
14.906250,6,2179,2179,15,4,-27,-22,-25
14.910156,6,2179,2179,15,3,-27,-22,-25
14.914062,6,2179,2179,15,4,-27,-22,-25
14.917969,6,2179,2179,15,4,-27,-22,-25
14.921875,6,2179,2179,16,4,-27,-22,-24
14.925781,6,2179,2179,15,4,-27,-22,-25
14.929688,7,2179,2179,15,4,-27,-22,-25
14.933594,7,2179,2179,15,4,-27,-22,-25
14.937500,7,2179,2179,16,5,-27,-22,-25
14.941406,7,2179,2179,15,5,-27,-22,-25
14.945312,7,2179,2179,15,4,-27,-22,-25
14.949219,6,2179,2179,15,4,-27,-22,-25
14.953125,6,2179,2179,15,4,-27,-22,-25
14.957031,6,2179,2179,16,4,-27,-22,-25
14.960938,7,2179,2179,15,4,-27,-22,-24
14.964844,7,2179,2179,15,4,-27,-22,-25
14.968750,6,2179,2179,15,4,-27,-22,-24
14.972656,6,2179,2179,15,4,-27,-22,-24
14.976562,7,2179,2179,15,4,-27,-22,-24
14.980469,7,2179,2179,15,4,-27,-22,-24
14.984375,7,2179,2179,15,4,-28,-22,-25
14.988281,7,2179,2179,15,4,-27,-22,-25
14.992188,8,2179,2179,15,4,-27,-22,-25
14.996094,8,2179,2179,15,4,-27,-22,-25
15.000000,8,2179,2179,15,4,-27,-22,-25
15.003906,8,2179,2179,15,4,-27,-22,-25
15.007812,9,2179,2179,15,4,-27,-22,-25
15.011719,9,2179,2179,15,3,-27,-22,-25
15.015625,9,2179,2179,15,3,-27,-22,-24
15.019531,9,2179,2179,15,4,-27,-22,-25
15.023438,9,2179,2179,15,4,-27,-22,-25
15.027344,9,2179,2179,15,4,-27,-22,-25
15.031250,9,2179,2179,15,4,-27,-22,-25
15.035156,9,2179,2179,15,4,-27,-22,-25
15.039062,9,2179,2179,15,4,-27,-22,-24
15.042969,9,2179,2179,15,4,-27,-22,-25
15.046875,9,2179,2179,15,4,-27,-22,-25
15.050781,9,2179,2179,15,4,-27,-22,-25
15.054688,9,2179,2179,15,4,-27,-22,-25
15.058594,9,2179,2179,15,4,-27,-22,-24
15.062500,9,2179,2179,15,4,-27,-22,-24
15.066406,9,2179,2179,15,4,-27,-22,-24
15.070312,9,2179,2179,15,4,-27,-22,-24
15.074219,9,2179,2179,14,4,-27,-22,-24
15.078125,9,2179,2179,14,4,-27,-22,-24
15.082031,9,2179,2179,14,4,-27,-22,-24
15.085938,9,2179,2179,14,4,-27,-22,-24
15.089844,9,2179,2179,14,4,-27,-22,-24
15.093750,9,2179,2179,14,4,-27,-22,-24
15.097656,9,2179,2179,14,4,-27,-22,-24
15.101562,9,2179,2179,15,4,-27,-22,-24
15.105469,9,2179,2179,15,4,-27,-22,-24
15.109375,10,2179,2179,14,4,-25,-22,-25
15.113281,10,2179,2179,14,4,-27,-22,-25
15.117188,9,2179,2179,15,5,-27,-22,-25
15.121094,9,2179,2179,15,4,-27,-22,-24
15.125000,9,2179,2179,14,4,-27,-22,-24
15.128906,9,2179,2179,14,4,-27,-22,-25
15.132812,8,2179,2179,14,4,-27,-22,-25
15.136719,8,2179,2179,14,4,-27,-22,-25
15.140625,8,2179,2179,14,4,-27,-22,-24
15.144531,8,2179,2179,14,4,-27,-22,-24
15.148438,8,2179,2179,14,4,-27,-22,-24
15.152344,8,2179,2179,14,4,-27,-22,-25
15.156250,8,2179,2179,14,4,-27,-22,-24
15.160156,8,2179,2179,14,4,-27,-22,-25
15.164062,8,2179,2179,14,4,-27,-22,-25
15.167969,8,2179,2179,15,5,-27,-22,-24
15.171875,8,2179,2179,15,4,-27,-22,-24
15.175781,8,2179,2179,14,4,-27,-22,-24
15.179688,8,2179,2179,14,4,-27,-22,-24
15.183594,8,2179,2179,14,4,-27,-22,-24
15.187500,9,2179,2179,15,4,-27,-22,-25
15.191406,9,2179,2179,15,4,-27,-22,-24
15.195312,9,2179,2179,15,4,-27,-22,-25
15.199219,9,2179,2179,15,4,-27,-22,-25
15.203125,10,2179,2179,16,4,-27,-22,-25
15.207031,10,2179,2179,16,4,-27,-22,-24
15.210938,10,2179,2179,15,4,-27,-22,-25
15.214844,10,2179,2179,15,4,-27,-22,-25
15.218750,10,2179,2179,15,4,-27,-22,-24
15.222656,11,2179,2179,15,4,-27,-22,-25
15.226562,11,2179,2179,15,4,-27,-22,-25
15.230469,11,2179,2179,15,4,-27,-22,-25
15.234375,11,2179,2179,15,4,-29,-22,-25
15.238281,11,2179,2179,15,4,-27,-22,-25
15.242188,11,2179,2179,14,4,-27,-22,-25
15.246094,11,2179,2179,14,4,-27,-22,-25
15.250000,11,2179,2179,13,4,-27,-22,-25
15.253906,11,2179,2179,13,4,-27,-22,-25
15.257812,11,2179,2179,13,4,-27,-22,-25
15.261719,11,2179,2179,13,3,-27,-22,-25
15.265625,10,2179,2179,13,4,-27,-22,-25
15.269531,10,2179,2179,14,4,-27,-22,-25
15.273438,11,2179,2179,14,4,-27,-22,-25
15.277344,11,2179,2179,14,4,-27,-22,-25
15.281250,11,2179,2179,14,3,-27,-22,-24
15.285156,10,2179,2179,14,4,-27,-22,-25
15.289062,11,2179,2179,14,4,-27,-22,-25
15.292969,11,2179,2179,13,3,-27,-22,-25
15.296875,11,2179,2179,13,4,-27,-22,-25
15.300781,10,2179,2179,14,4,-27,-22,-25
15.304688,10,2179,2179,14,4,-27,-22,-25
15.308594,11,2179,2179,14,4,-27,-22,-25
15.312500,11,2179,2179,14,4,-27,-22,-25
15.316406,10,2179,2179,14,4,-27,-22,-25
15.320312,11,2179,2179,15,4,-27,-22,-25
15.324219,11,2179,2179,14,4,-27,-22,-25
15.328125,11,2179,2179,14,4,-27,-22,-25
15.332031,11,2179,2179,14,4,-27,-22,-25
15.335938,12,2179,2179,15,4,-27,-22,-25
15.339844,12,2179,2179,15,4,-27,-22,-25
15.343750,12,2179,2179,15,4,-27,-22,-25
15.347656,12,2179,2179,15,4,-27,-22,-25
15.351562,12,2179,2179,16,4,-27,-22,-25
15.355469,11,2179,2179,16,5,-27,-22,-25
15.359375,11,2179,2179,15,4,-23,-22,-24
15.363281,11,2179,2179,15,4,-27,-22,-24
15.367188,11,2179,2179,15,4,-27,-22,-24
15.371094,10,2179,2179,15,4,-27,-22,-24
15.375000,11,2179,2179,15,5,-27,-22,-24
15.378906,11,2179,2179,15,4,-27,-22,-24
15.382812,11,2179,2179,15,4,-26,-22,-24
15.386719,11,2179,2179,15,5,-27,-22,-24
15.390625,12,2179,2179,15,5,-27,-22,-24
15.394531,12,2179,2179,14,4,-27,-22,-24
15.398438,12,2179,2179,15,4,-27,-22,-24
15.402344,12,2179,2179,15,4,-27,-22,-24
15.406250,12,2179,2179,15,4,-27,-22,-24
15.410156,12,2179,2179,15,4,-27,-22,-24
15.414062,12,2179,2179,14,3,-27,-22,-24
15.417969,12,2179,2179,14,4,-27,-22,-25
15.421875,12,2179,2179,14,4,-27,-22,-25
15.425781,13,2179,2179,14,3,-27,-22,-25
15.429688,13,2179,2179,13,3,-27,-22,-25
15.433594,13,2179,2179,14,3,-27,-22,-25
15.437500,13,2179,2179,14,3,-27,-22,-25
15.441406,13,2179,2179,14,4,-27,-22,-25
15.445312,13,2179,2179,14,3,-27,-22,-25
15.449219,12,2179,2179,14,3,-27,-22,-25
15.453125,12,2179,2179,14,4,-27,-22,-25
15.457031,12,2179,2179,14,4,-27,-22,-24
15.460938,12,2179,2179,14,4,-27,-22,-24
15.464844,12,2179,2179,14,4,-27,-21,-24
15.468750,12,2179,2179,14,4,-27,-22,-24
15.472656,12,2179,2179,14,4,-27,-22,-24
15.476562,13,2179,2179,14,4,-27,-22,-24
15.480469,13,2179,2179,15,4,-27,-22,-24
15.484375,14,2179,2179,15,4,-31,-22,-24
15.488281,14,2179,2179,15,4,-27,-22,-24
15.492188,15,2179,2179,15,4,-27,-22,-24
15.496094,15,2179,2179,15,4,-27,-22,-25
15.500000,15,2179,2179,14,4,-27,-22,-24
15.503906,15,2179,2179,14,4,-27,-22,-24
15.507812,16,2179,2179,14,4,-27,-22,-25
15.511719,16,2179,2179,14,4,-27,-22,-25
15.515625,16,2179,2179,14,4,-27,-22,-25
15.519531,16,2179,2179,14,4,-27,-22,-25
15.523438,17,2179,2179,14,4,-27,-22,-25
15.527344,16,2179,2179,14,4,-27,-22,-25
15.531250,16,2179,2179,14,4,-27,-22,-25
15.535156,16,2179,2179,14,4,-27,-22,-25
15.539062,16,2179,2179,14,4,-27,-22,-25
15.542969,16,2179,2179,14,4,-27,-22,-25
15.546875,16,2179,2179,14,4,-27,-22,-25
15.550781,15,2179,2179,14,4,-27,-22,-25
15.554688,15,2179,2179,14,5,-27,-22,-24
15.558594,15,2179,2179,14,4,-27,-22,-24
15.562500,15,2179,2179,14,4,-27,-21,-24
15.566406,15,2179,2179,14,4,-27,-22,-24
15.570312,15,2179,2179,15,5,-27,-22,-24
15.574219,16,2179,2179,15,5,-26,-22,-24
15.578125,16,2179,2179,15,4,-27,-22,-24
15.582031,16,2179,2179,14,4,-27,-21,-24
15.585938,16,2179,2179,14,5,-27,-22,-24
15.589844,16,2179,2179,14,4,-27,-22,-24
15.593750,17,2179,2179,13,4,-27,-22,-24
15.597656,17,2179,2179,13,4,-27,-22,-25
15.601562,17,2179,2179,13,4,-27,-22,-25
15.605469,17,2179,2179,14,4,-27,-22,-25
15.609375,17,2179,2179,14,3,-21,-22,-25
15.613281,18,2179,2179,14,3,-27,-22,-25
15.617188,18,2179,2179,15,4,-27,-22,-25
15.621094,18,2179,2179,15,4,-27,-22,-25
15.625000,18,2179,2179,15,4,-27,-22,-25
15.628906,18,2179,2179,15,4,-27,-22,-25
15.632812,18,2179,2179,15,4,-27,-22,-25
15.636719,18,2179,2179,15,4,-27,-22,-24
15.640625,18,2179,2179,15,4,-27,-22,-24
15.644531,18,2179,2179,14,4,-27,-22,-24
15.648438,18,2179,2179,14,4,-27,-22,-24
15.652344,18,2179,2179,14,4,-27,-22,-24
15.656250,18,2179,2179,14,4,-27,-22,-24
15.660156,19,2179,2179,13,4,-27,-22,-24
15.664062,19,2179,2179,14,4,-27,-22,-24
15.667969,18,2179,2179,14,4,-27,-22,-24
15.671875,18,2179,2179,15,4,-27,-22,-24
15.675781,19,2179,2179,15,4,-27,-22,-24
15.679688,19,2179,2179,15,4,-27,-22,-24
15.683594,18,2179,2179,15,3,-27,-22,-25
15.687500,19,2179,2179,15,4,-27,-22,-25
15.691406,19,2179,2179,15,4,-27,-22,-25
15.695312,19,2179,2179,15,3,-27,-22,-24
15.699219,19,2179,2179,14,3,-27,-22,-24
15.703125,19,2179,2179,14,4,-27,-22,-24
15.707031,19,2179,2179,14,4,-27,-22,-24
15.710938,18,2179,2179,13,3,-27,-22,-24
15.714844,18,2179,2179,14,4,-27,-22,-25
15.718750,18,2179,2179,15,4,-27,-22,-25
15.722656,18,2179,2179,15,4,-27,-22,-24
15.726562,18,2179,2179,15,4,-27,-22,-25
15.730469,18,2179,2179,15,4,-27,-22,-25
15.734375,17,2179,2179,15,4,-34,-22,-25
15.738281,18,2179,2179,15,5,-27,-22,-25
15.742188,18,2179,2179,14,4,-27,-22,-25
15.746094,18,2179,2179,13,4,-27,-22,-24
15.750000,18,2179,2179,13,5,-27,-22,-25
15.753906,18,2179,2179,13,5,-27,-22,-25
15.757812,18,2179,2179,13,5,-27,-22,-25
15.761719,19,2179,2179,13,5,-27,-22,-25
15.765625,19,2179,2179,14,5,-27,-22,-24
15.769531,19,2179,2179,14,5,-27,-22,-24
15.773438,20,2179,2179,14,5,-27,-22,-24
15.777344,20,2179,2179,14,4,-27,-22,-24
15.781250,20,2179,2179,14,4,-27,-22,-24
15.785156,20,2179,2179,14,5,-27,-22,-24
15.789062,20,2179,2179,14,5,-27,-22,-24
15.792969,21,2179,2179,14,4,-27,-22,-25
15.796875,21,2179,2179,15,4,-27,-22,-24
15.800781,21,2179,2179,15,4,-27,-22,-24
15.804688,22,2179,2179,16,4,-27,-22,-25
15.808594,22,2179,2179,15,4,-27,-22,-25
15.812500,22,2179,2179,15,4,-27,-22,-25
15.816406,22,2179,2179,15,4,-27,-22,-25
15.820312,22,2179,2179,14,4,-27,-22,-25
15.824219,23,2179,2179,14,4,-27,-22,-25
15.828125,23,2179,2179,13,4,-27,-22,-25
15.832031,23,2179,2179,13,4,-27,-22,-25
15.835938,23,2179,2179,14,4,-27,-22,-25
15.839844,23,2179,2179,14,4,-27,-22,-24
15.843750,24,2179,2179,14,4,-27,-22,-25
15.847656,24,2179,2179,14,4,-27,-22,-25
15.851562,24,2179,2179,15,4,-27,-22,-25
15.855469,24,2179,2179,15,4,-27,-22,-25
15.859375,24,2179,2179,14,3,-23,-22,-25
15.863281,25,2179,2179,14,3,-27,-22,-24
15.867188,24,2179,2179,14,4,-27,-22,-24
15.871094,25,2179,2179,14,4,-27,-22,-25
15.875000,25,2179,2179,13,4,-27,-22,-25
15.878906,26,2179,2179,13,4,-27,-22,-25
15.882812,26,2179,2179,13,4,-27,-22,-25
15.886719,26,2179,2179,13,4,-27,-22,-25
15.890625,26,2179,2179,13,4,-27,-22,-24
15.894531,26,2179,2179,13,4,-27,-22,-25
15.898438,26,2179,2179,13,3,-27,-22,-24
15.902344,26,2179,2179,13,4,-27,-22,-25
15.906250,26,2179,2179,13,4,-27,-22,-24
15.910156,26,2179,2179,13,4,-27,-22,-24
15.914062,26,2179,2179,13,4,-27,-22,-25
15.917969,26,2179,2179,13,4,-27,-22,-25
15.921875,26,2179,2179,14,4,-27,-22,-25
15.925781,26,2179,2179,13,4,-27,-22,-25
15.929688,26,2179,2179,13,4,-27,-22,-25
15.933594,26,2179,2179,14,4,-27,-22,-25
15.937500,26,2179,2179,14,5,-27,-22,-25
15.941406,27,2179,2179,14,5,-27,-22,-25
15.945312,27,2179,2179,13,4,-27,-22,-25
15.949219,26,2179,2179,13,4,-27,-22,-25
15.953125,26,2179,2179,14,4,-27,-22,-24
15.957031,27,2179,2179,14,5,-27,-22,-24
15.960938,27,2179,2179,14,4,-27,-22,-24
15.964844,27,2179,2179,14,4,-27,-22,-24
15.968750,28,2179,2179,14,4,-27,-22,-24
15.972656,28,2179,2179,15,4,-26,-22,-24
15.976562,29,2179,2179,14,4,-26,-21,-24
15.980469,29,2179,2179,14,4,-27,-22,-24
15.984375,29,2179,2179,14,4,-31,-22,-24
15.988281,30,2179,2179,14,4,-27,-22,-24
15.992188,30,2179,2179,13,4,-27,-22,-24
15.996094,31,2179,2179,13,4,-27,-22,-24
16.000000,31,2179,2179,14,4,-27,-22,-24
16.003906,31,2179,2179,15,4,-27,-22,-24
16.007812,32,2179,2179,15,4,-27,-22,-24
16.011719,32,2179,2179,15,4,-27,-22,-25
16.015625,32,2179,2179,16,4,-27,-22,-25
16.019531,33,2179,2179,16,4,-27,-22,-25
16.023438,34,2179,2179,16,4,-27,-22,-25
16.027344,34,2179,2179,15,4,-27,-22,-25
16.031250,34,2179,2179,15,4,-27,-22,-25
16.035156,34,2179,2179,15,5,-27,-22,-25
16.039062,34,2179,2179,15,5,-27,-22,-25
16.042969,35,2179,2179,15,4,-27,-22,-25
16.046875,35,2179,2179,15,4,-27,-22,-25
16.050781,34,2179,2179,15,4,-27,-22,-25
16.054688,34,2179,2179,15,4,-27,-22,-25
16.058594,35,2179,2179,14,4,-27,-22,-24
16.062500,35,2179,2179,14,4,-27,-22,-25
16.066406,35,2179,2179,14,4,-27,-22,-24
16.070312,35,2179,2179,14,4,-27,-22,-24
16.074219,35,2179,2179,14,4,-27,-22,-24
16.078125,35,2179,2179,14,4,-27,-22,-25
16.082031,35,2179,2179,15,4,-27,-22,-24
16.085938,35,2179,2179,15,4,-27,-22,-25
16.089844,36,2179,2179,15,4,-27,-22,-25
16.093750,35,2179,2179,14,4,-27,-22,-24
16.097656,35,2179,2179,14,4,-27,-22,-25
16.101562,35,2179,2179,14,4,-27,-21,-24
16.105469,35,2179,2179,14,4,-27,-22,-24
16.109375,36,2179,2179,14,4,-27,-22,-25
16.113281,35,2179,2179,14,4,-27,-22,-25
16.117188,35,2179,2179,14,4,-27,-22,-25
16.121094,35,2179,2179,14,4,-27,-22,-25
16.125000,35,2179,2179,15,4,-27,-22,-25
16.128906,35,2179,2179,15,4,-27,-22,-24
16.132812,34,2179,2179,14,4,-27,-22,-24
16.136719,34,2179,2179,15,5,-27,-22,-24
16.140625,34,2179,2179,15,5,-27,-22,-24
16.144531,34,2179,2179,14,4,-27,-22,-24
16.148438,34,2179,2179,14,4,-27,-22,-24
16.152344,34,2179,2179,15,4,-27,-22,-24
16.156250,34,2179,2179,15,4,-27,-22,-24
16.160156,35,2179,2179,15,4,-27,-22,-24
16.164062,35,2179,2179,15,4,-27,-22,-24
16.167969,35,2179,2179,16,4,-27,-22,-24
16.171875,35,2179,2179,16,4,-27,-22,-24
16.175781,36,2179,2179,16,4,-27,-22,-24
16.179688,36,2179,2179,15,4,-27,-22,-24
16.183594,36,2179,2179,16,4,-27,-22,-25
16.187500,36,2179,2179,16,4,-27,-22,-25
16.191406,36,2179,2179,16,4,-27,-22,-25
16.195312,36,2179,2179,15,4,-27,-22,-24
16.199219,37,2179,2179,15,4,-27,-22,-24
16.203125,37,2179,2179,16,4,-27,-22,-24
16.207031,37,2179,2179,16,4,-27,-22,-25
16.210938,37,2179,2179,15,4,-27,-22,-24
16.214844,37,2179,2179,15,4,-27,-22,-25
16.218750,38,2179,2179,16,4,-27,-22,-25
16.222656,38,2179,2179,16,4,-27,-22,-25
16.226562,39,2179,2179,15,4,-27,-21,-25
16.230469,39,2179,2179,15,4,-27,-22,-25
16.234375,39,2179,2179,15,4,-27,-22,-25
16.238281,39,2179,2179,15,4,-27,-22,-24
16.242188,40,2179,2179,15,4,-27,-22,-24
16.246094,40,2179,2179,15,4,-27,-22,-24
16.250000,40,2179,2179,15,4,-27,-22,-24
16.253906,40,2179,2179,15,4,-27,-22,-24
16.257812,40,2179,2179,15,4,-27,-22,-24
16.261719,40,2179,2179,15,3,-27,-22,-24
16.265625,40,2179,2179,15,4,-27,-22,-24
16.269531,41,2179,2179,15,4,-27,-22,-24
16.273438,42,2179,2179,15,4,-27,-22,-25
16.277344,42,2179,2179,15,3,-27,-22,-25
16.281250,42,2179,2179,15,3,-27,-22,-24
16.285156,42,2179,2179,16,4,-27,-22,-24
16.289062,42,2179,2179,16,4,-27,-22,-24
16.292969,42,2179,2179,16,4,-27,-22,-25
16.296875,42,2179,2179,16,4,-27,-22,-25
16.300781,42,2179,2179,16,4,-27,-22,-25
16.304688,43,2179,2179,16,4,-27,-22,-25
16.308594,43,2179,2179,16,4,-27,-22,-25
16.312500,44,2179,2179,16,4,-27,-22,-25
16.316406,44,2179,2179,16,4,-27,-22,-25
16.320312,44,2179,2179,17,4,-27,-22,-24
16.324219,44,2179,2179,17,4,-27,-22,-24
16.328125,44,2179,2179,17,4,-27,-22,-25
16.332031,44,2179,2179,18,4,-27,-22,-25
16.335938,44,2179,2179,18,5,-27,-22,-25
16.339844,44,2179,2179,18,5,-27,-22,-25
16.343750,44,2179,2179,17,4,-27,-22,-24
16.347656,44,2179,2179,17,5,-27,-22,-24
16.351562,44,2179,2179,17,5,-27,-21,-24
16.355469,44,2179,2179,18,5,-27,-22,-24
16.359375,44,2179,2179,17,4,-27,-22,-24
16.363281,44,2179,2179,17,4,-27,-22,-24
16.367188,44,2179,2179,18,5,-27,-22,-24
16.371094,44,2179,2179,18,4,-27,-22,-24
16.375000,44,2179,2179,18,5,-27,-22,-24
16.378906,44,2179,2179,18,4,-27,-22,-24
16.382812,44,2179,2179,19,4,-27,-22,-24
16.386719,44,2179,2179,20,4,-27,-22,-24
16.390625,45,2179,2179,20,4,-27,-22,-24
16.394531,45,2179,2179,20,4,-27,-22,-24
16.398438,45,2179,2179,20,4,-27,-22,-25
16.402344,45,2179,2179,20,4,-27,-22,-24
16.406250,45,2179,2179,21,4,-27,-22,-24
16.410156,45,2179,2179,21,4,-27,-22,-25
16.414062,45,2179,2179,21,4,-27,-22,-24
16.417969,45,2179,2179,22,4,-27,-22,-25
16.421875,45,2179,2179,22,4,-27,-22,-25
16.425781,45,2179,2179,23,4,-27,-22,-25
16.429688,45,2179,2179,24,4,-27,-22,-25
16.433594,45,2179,2179,25,4,-27,-22,-25
16.437500,45,2179,2179,27,4,-27,-22,-24
16.441406,45,2179,2179,27,4,-27,-22,-25
16.445312,45,2179,2179,28,4,-27,-22,-24
16.449219,44,2179,2179,30,3,-27,-22,-24
16.453125,45,2179,2179,31,4,-27,-22,-25
16.457031,45,2179,2179,33,4,-27,-22,-25
16.460938,45,2179,2179,34,4,-26,-22,-24
16.464844,45,2179,2179,36,4,-27,-22,-24
16.468750,45,2179,2179,38,4,-27,-22,-24
16.472656,45,2179,2179,40,4,-27,-22,-24
16.476562,45,2179,2179,41,4,-27,-21,-24
16.480469,45,2179,2179,43,4,-27,-22,-24
16.484375,45,2179,2179,45,4,-27,-22,-25
16.488281,45,2179,2179,47,4,-27,-22,-24
16.492188,45,2179,2179,48,4,-27,-22,-25
16.496094,45,2179,2179,49,4,-27,-22,-25
16.500000,45,2179,2179,50,4,-27,-22,-25
16.503906,45,2179,2179,52,4,-27,-22,-25
16.507812,45,2179,2179,54,4,-27,-22,-25
16.511719,45,2179,2179,56,4,-27,-22,-25
16.515625,45,2179,2179,59,4,-27,-22,-25
16.519531,45,2179,2179,62,4,-27,-22,-25
16.523438,45,2179,2179,65,4,-27,-22,-25
16.527344,45,2179,2179,67,4,-27,-22,-25
16.531250,45,2179,2179,70,4,-27,-22,-25
16.535156,45,2179,2179,73,5,-27,-22,-25
16.539062,45,2179,2179,75,5,-27,-22,-25
16.542969,45,2179,2179,78,4,-27,-22,-25
16.546875,45,2179,2179,81,4,-27,-22,-24
16.550781,45,2179,2179,84,5,-27,-22,-25
16.554688,45,2179,2179,88,5,-27,-22,-24
16.558594,45,2179,2179,90,5,-27,-22,-24
16.562500,45,2179,2179,93,4,-27,-22,-25
16.566406,45,2179,2179,95,5,-27,-22,-25
16.570312,45,2179,2179,97,5,-27,-22,-25
16.574219,45,2179,2179,99,5,-27,-22,-25
16.578125,46,2179,2179,100,4,-27,-22,-25
16.582031,45,2179,2179,101,4,-27,-22,-24
16.585938,46,2179,2179,103,5,-27,-22,-25
16.589844,46,2179,2179,105,4,-27,-22,-25
16.593750,46,2179,2179,108,4,-27,-22,-24
16.597656,46,2179,2179,112,4,-27,-22,-24
16.601562,46,2179,2179,116,4,-27,-22,-24
16.605469,46,2179,2179,120,4,-27,-22,-24
16.609375,46,2179,2179,123,4,-27,-22,-25
16.613281,46,2179,2179,126,4,-27,-22,-25
16.617188,46,2179,2179,128,4,-27,-22,-25
16.621094,46,2179,2179,129,4,-27,-22,-25
16.625000,46,2179,2179,130,5,-27,-22,-25
16.628906,46,2179,2179,131,4,-27,-22,-25
16.632812,45,2179,2179,132,4,-27,-22,-25
16.636719,45,2179,2179,134,5,-27,-22,-25
16.640625,46,2179,2179,136,4,-27,-22,-24
16.644531,46,2179,2179,137,4,-27,-22,-24
16.648438,45,2179,2179,138,4,-27,-22,-24
16.652344,45,2179,2179,139,4,-27,-22,-25
16.656250,45,2179,2179,140,4,-27,-22,-24
16.660156,45,2179,2179,140,4,-27,-22,-24
16.664062,45,2179,2179,141,4,-27,-22,-24
16.667969,45,2179,2179,143,4,-27,-22,-24
16.671875,45,2179,2179,145,4,-27,-22,-24
16.675781,45,2179,2179,147,4,-27,-22,-25
16.679688,45,2179,2179,150,4,-27,-22,-24
16.683594,45,2179,2179,152,4,-27,-22,-25
16.687500,45,2179,2179,154,4,-27,-22,-24
16.691406,45,2179,2179,155,4,-27,-22,-25
16.695312,45,2179,2179,155,4,-27,-22,-25
16.699219,45,2179,2179,155,4,-27,-22,-25
16.703125,45,2179,2179,156,4,-27,-22,-25
16.707031,45,2179,2179,156,4,-27,-22,-25
16.710938,45,2179,2179,156,4,-27,-22,-25
16.714844,44,2179,2179,156,4,-27,-22,-25
16.718750,44,2179,2179,157,4,-27,-22,-24
16.722656,44,2179,2179,159,4,-27,-22,-25
16.726562,45,2179,2179,160,4,-27,-23,-25
16.730469,44,2179,2179,161,4,-27,-22,-25
16.734375,44,2179,2179,163,4,-27,-22,-25
16.738281,44,2179,2179,164,4,-27,-22,-25
16.742188,44,2179,2179,164,4,-27,-22,-25
16.746094,44,2179,2179,164,4,-27,-22,-25
16.750000,44,2179,2179,165,4,-27,-22,-24
16.753906,44,2179,2179,166,5,-27,-22,-25
16.757812,44,2179,2179,166,5,-27,-22,-25
16.761719,44,2179,2179,167,4,-27,-22,-25
16.765625,44,2179,2179,167,4,-27,-22,-24
16.769531,44,2179,2179,169,5,-27,-22,-24
16.773438,44,2179,2179,169,5,-27,-22,-24
16.777344,44,2179,2179,169,5,-27,-22,-25
16.781250,44,2179,2179,169,5,-27,-22,-24
16.785156,44,2179,2179,170,5,-27,-22,-24
16.789062,43,2179,2179,169,5,-27,-22,-24
16.792969,43,2179,2179,169,4,-27,-22,-25
16.796875,43,2179,2179,169,4,-27,-22,-25
16.800781,43,2179,2179,169,4,-27,-22,-24
16.804688,43,2179,2179,170,4,-27,-22,-25
16.808594,43,2179,2179,170,4,-27,-22,-25
16.812500,43,2179,2179,171,4,-27,-22,-25
16.816406,43,2179,2179,171,4,-27,-22,-25
16.820312,44,2179,2179,173,4,-27,-22,-25
16.824219,44,2179,2179,173,4,-27,-22,-25
16.828125,44,2179,2179,173,4,-27,-22,-25
16.832031,44,2179,2179,173,4,-27,-22,-25
16.835938,44,2179,2179,173,4,-27,-22,-25
16.839844,44,2179,2179,173,4,-27,-22,-25
16.843750,43,2179,2179,174,4,-27,-22,-24
16.847656,43,2179,2179,174,4,-27,-22,-24
16.851562,43,2179,2179,174,4,-27,-23,-24
16.855469,43,2179,2179,175,4,-27,-22,-24
16.859375,44,2179,2179,174,4,-27,-22,-24
16.863281,44,2179,2179,174,4,-27,-22,-24
16.867188,44,2179,2179,175,4,-27,-22,-24
16.871094,44,2179,2179,175,4,-27,-22,-25
16.875000,44,2179,2179,175,4,-27,-22,-25
16.878906,44,2179,2179,176,4,-27,-22,-25
16.882812,44,2179,2179,177,4,-27,-22,-25
16.886719,44,2179,2179,177,4,-27,-22,-25
16.890625,44,2179,2179,178,4,-27,-22,-25
16.894531,44,2179,2179,177,4,-27,-22,-25
16.898438,43,2179,2179,177,3,-27,-22,-25
16.902344,43,2179,2179,177,4,-27,-22,-25
16.906250,43,2179,2179,177,4,-27,-22,-24
16.910156,44,2179,2179,177,4,-27,-22,-24
16.914062,44,2179,2179,177,4,-27,-22,-24
16.917969,44,2179,2179,178,4,-27,-22,-25
16.921875,43,2179,2179,179,4,-27,-22,-25
16.925781,43,2179,2179,179,4,-27,-22,-25
16.929688,43,2179,2179,180,4,-27,-22,-25
16.933594,43,2179,2179,180,4,-27,-22,-24
16.937500,43,2179,2179,181,5,-27,-22,-25
16.941406,43,2179,2179,180,5,-27,-22,-24
16.945312,43,2179,2179,181,5,-27,-22,-24
16.949219,42,2179,2179,181,4,-27,-22,-24
16.953125,42,2179,2179,181,5,-27,-22,-24
16.957031,43,2179,2179,181,5,-27,-22,-24
16.960938,42,2179,2179,181,4,-27,-22,-24
16.964844,42,2179,2179,181,4,-27,-22,-24
16.968750,42,2179,2179,182,4,-27,-22,-24
16.972656,42,2179,2179,182,4,-27,-22,-24
16.976562,43,2179,2179,182,4,-27,-22,-25
16.980469,43,2179,2179,182,4,-27,-22,-24
16.984375,42,2179,2179,182,4,-27,-22,-24
16.988281,42,2179,2179,182,4,-27,-22,-24
16.992188,43,2179,2179,181,4,-27,-22,-24
16.996094,43,2179,2179,181,4,-27,-22,-24
17.000000,42,2179,2179,181,4,-27,-22,-24
17.003906,42,2179,2179,181,4,-27,-22,-24
17.007812,42,2179,2179,182,4,-27,-22,-25
17.011719,42,2179,2179,182,4,-27,-22,-24
17.015625,42,2179,2179,183,4,-27,-22,-25
17.019531,42,2179,2179,183,4,-27,-22,-25
17.023438,42,2179,2179,183,4,-27,-22,-25
17.027344,43,2179,2179,182,4,-27,-22,-24
17.031250,43,2179,2179,182,4,-27,-22,-24
17.035156,42,2179,2179,182,4,-27,-22,-24
17.039062,42,2179,2179,182,4,-27,-22,-24
17.042969,42,2179,2179,181,4,-27,-22,-25
17.046875,42,2179,2179,181,4,-27,-22,-24
17.050781,41,2179,2179,182,4,-27,-22,-24
17.054688,41,2179,2179,182,4,-27,-22,-24
17.058594,41,2179,2179,182,4,-27,-22,-24
17.062500,41,2179,2179,183,4,-27,-22,-24
17.066406,41,2179,2179,183,4,-27,-22,-24
17.070312,41,2179,2179,184,4,-27,-22,-24
17.074219,41,2179,2179,184,4,-27,-22,-25
17.078125,41,2179,2179,183,4,-27,-22,-25
17.082031,41,2179,2179,183,4,-27,-22,-25
17.085938,41,2179,2179,183,4,-27,-22,-25
17.089844,41,2179,2179,183,4,-27,-22,-25
17.093750,41,2179,2179,183,4,-27,-22,-24
17.097656,41,2179,2179,184,4,-27,-22,-25
17.101562,41,2179,2179,184,4,-27,-22,-25
17.105469,40,2179,2179,185,4,-27,-22,-25
17.109375,41,2179,2179,185,4,-27,-22,-25
17.113281,40,2179,2179,185,4,-27,-22,-25
17.117188,40,2179,2179,186,4,-27,-22,-25
17.121094,40,2179,2179,186,4,-27,-22,-25
17.125000,40,2179,2179,185,4,-27,-22,-25
17.128906,40,2179,2179,185,4,-27,-22,-25
17.132812,40,2179,2179,184,4,-27,-22,-25
17.136719,40,2179,2179,184,4,-27,-22,-25
17.140625,40,2179,2179,184,4,-27,-22,-25
17.144531,40,2179,2179,183,4,-27,-22,-24
17.148438,39,2179,2179,183,4,-27,-22,-25
17.152344,39,2179,2179,184,4,-27,-22,-24
17.156250,39,2179,2179,185,4,-27,-22,-24
17.160156,39,2179,2179,185,4,-27,-22,-24
17.164062,39,2179,2179,186,4,-27,-22,-24
17.167969,39,2179,2179,186,5,-27,-22,-24
17.171875,39,2179,2179,186,5,-27,-22,-25
17.175781,39,2179,2179,185,4,-27,-22,-25
17.179688,39,2179,2179,185,4,-27,-22,-24
17.183594,38,2179,2179,184,4,-27,-22,-25
17.187500,38,2179,2179,184,5,-27,-22,-25
17.191406,39,2179,2179,183,4,-27,-22,-25
17.195312,38,2179,2179,184,4,-27,-22,-25
17.199219,38,2179,2179,184,4,-27,-22,-25
17.203125,38,2179,2179,185,4,-27,-22,-25
17.207031,39,2179,2179,186,4,-27,-22,-24
17.210938,39,2179,2179,186,4,-27,-22,-25
17.214844,38,2179,2179,186,4,-27,-22,-25
17.218750,38,2179,2179,186,5,-27,-22,-24
17.222656,38,2179,2179,186,5,-27,-22,-25
17.226562,38,2179,2179,185,4,-27,-22,-24
17.230469,38,2179,2179,185,4,-27,-22,-25
17.234375,37,2179,2179,185,4,-27,-22,-25
17.238281,37,2179,2179,185,4,-27,-22,-24
17.242188,37,2179,2179,185,4,-27,-22,-25
17.246094,37,2179,2179,185,4,-27,-22,-24
17.250000,36,2179,2179,185,4,-27,-22,-24
17.253906,36,2179,2179,185,4,-27,-22,-25
17.257812,36,2179,2179,186,4,-27,-22,-25
17.261719,36,2179,2179,186,3,-27,-22,-24
17.265625,36,2179,2179,186,4,-27,-22,-24
17.269531,36,2179,2179,186,4,-27,-22,-24
17.273438,36,2179,2179,186,4,-27,-22,-25
17.277344,36,2179,2179,186,3,-27,-22,-25
17.281250,36,2179,2179,186,3,-27,-22,-25
17.285156,36,2179,2179,186,4,-27,-22,-25
17.289062,36,2179,2179,186,4,-27,-22,-25
17.292969,36,2179,2179,185,3,-27,-22,-25
17.296875,36,2179,2179,185,3,-27,-22,-24
17.300781,35,2179,2179,185,4,-27,-22,-24
17.304688,35,2179,2179,185,4,-27,-22,-24
17.308594,35,2179,2179,185,4,-27,-22,-24
17.312500,35,2179,2179,185,4,-27,-22,-24
17.316406,35,2179,2179,185,4,-27,-22,-25
17.320312,35,2179,2179,186,4,-27,-22,-24
17.324219,35,2179,2179,186,5,-27,-22,-24
17.328125,35,2179,2179,186,4,-27,-22,-25
17.332031,34,2179,2179,186,4,-27,-22,-24
17.335938,34,2179,2179,186,5,-27,-22,-25
17.339844,34,2179,2179,185,5,-27,-22,-25
17.343750,34,2179,2179,185,4,-27,-22,-24
17.347656,34,2179,2179,185,4,-27,-22,-25
17.351562,34,2179,2179,185,5,-27,-22,-24
17.355469,34,2179,2179,186,5,-27,-22,-24
17.359375,34,2179,2179,185,4,-27,-22,-24
17.363281,34,2179,2179,186,4,-27,-22,-24
17.367188,33,2179,2179,186,5,-27,-22,-24
17.371094,33,2179,2179,186,5,-27,-22,-25
17.375000,34,2179,2179,186,5,-27,-22,-25
17.378906,34,2179,2179,186,4,-27,-22,-25
17.382812,33,2179,2179,187,4,-27,-22,-25
17.386719,33,2179,2179,187,4,-27,-22,-24
17.390625,33,2179,2179,187,4,-27,-22,-25
17.394531,33,2179,2179,187,4,-27,-22,-25
17.398438,33,2179,2179,187,4,-27,-22,-25
17.402344,32,2179,2179,187,4,-27,-22,-25
17.406250,33,2179,2179,187,4,-27,-22,-25
17.410156,33,2179,2179,186,4,-27,-22,-25
17.414062,33,2179,2179,186,4,-27,-22,-25
17.417969,33,2179,2179,186,4,-27,-22,-25
17.421875,32,2179,2179,187,4,-27,-22,-25
17.425781,33,2179,2179,187,4,-27,-22,-25
17.429688,32,2179,2179,187,4,-27,-22,-25
17.433594,32,2179,2179,187,4,-27,-22,-25
17.437500,32,2179,2179,187,4,-27,-22,-25
17.441406,31,2179,2179,187,4,-27,-22,-25
17.445312,31,2179,2179,187,4,-27,-22,-25
17.449219,31,2179,2179,187,4,-27,-22,-24
17.453125,31,2179,2179,187,4,-27,-22,-24
17.457031,31,2179,2179,187,4,-27,-22,-24
17.460938,31,2179,2179,186,4,-27,-22,-24
17.464844,31,2179,2179,186,4,-27,-22,-24
17.468750,31,2179,2179,187,4,-27,-22,-26
17.472656,31,2179,2179,186,4,-27,-22,-24
17.476562,31,2179,2179,186,4,-27,-22,-25
17.480469,31,2179,2179,186,4,-27,-22,-24
17.484375,31,2179,2179,187,4,-27,-22,-24
17.488281,31,2179,2179,187,4,-27,-22,-24
17.492188,31,2179,2179,187,4,-27,-22,-25
17.496094,31,2179,2179,188,4,-27,-22,-24
17.500000,30,2179,2179,188,4,-27,-22,-25
17.503906,30,2179,2179,189,4,-27,-22,-25
17.507812,30,2179,2179,189,4,-27,-22,-24
17.511719,30,2179,2179,188,4,-27,-22,-24
17.515625,30,2179,2179,188,4,-27,-22,-25
17.519531,30,2179,2179,188,4,-27,-22,-25
17.523438,30,2179,2179,188,5,-27,-22,-25
17.527344,30,2179,2179,188,4,-27,-22,-24
17.531250,30,2179,2179,187,4,-27,-22,-25
17.535156,29,2179,2179,187,5,-27,-22,-24
17.539062,29,2179,2179,187,5,-27,-22,-24
17.542969,29,2179,2179,186,4,-27,-22,-24
17.546875,29,2179,2179,185,4,-27,-22,-24
17.550781,29,2179,2179,186,4,-27,-22,-24
17.554688,29,2179,2179,186,5,-27,-22,-24
17.558594,29,2179,2179,186,4,-26,-22,-24
17.562500,29,2179,2179,187,4,-27,-22,-24
17.566406,28,2179,2179,188,4,-27,-22,-24
17.570312,28,2179,2179,188,5,-27,-22,-25
17.574219,28,2179,2179,188,5,-27,-22,-25
17.578125,28,2179,2179,188,4,-27,-22,-25
17.582031,27,2179,2179,187,4,-27,-22,-25
17.585938,27,2179,2179,187,4,-27,-22,-25
17.589844,27,2179,2179,187,4,-27,-22,-25
17.593750,27,2179,2179,187,4,-27,-22,-25
17.597656,27,2179,2179,187,4,-27,-22,-24
17.601562,27,2179,2179,187,4,-27,-22,-25
17.605469,27,2179,2179,187,4,-27,-22,-25
17.609375,27,2179,2179,187,4,-27,-22,-25
17.613281,26,2179,2179,187,4,-27,-22,-25
17.617188,26,2179,2179,187,4,-27,-22,-25
17.621094,26,2179,2179,187,4,-27,-22,-25
17.625000,25,2179,2179,187,5,-27,-22,-24
17.628906,25,2179,2179,187,4,-27,-22,-25
17.632812,25,2179,2179,187,4,-27,-22,-24
17.636719,24,2179,2179,188,4,-27,-22,-24
17.640625,24,2179,2179,188,4,-27,-22,-24
17.644531,24,2179,2179,188,4,-27,-22,-24
17.648438,24,2179,2179,188,4,-27,-22,-24
17.652344,24,2179,2179,187,4,-27,-22,-24
17.656250,25,2179,2179,187,4,-27,-22,-25
17.660156,25,2179,2179,187,4,-27,-22,-24
17.664062,26,2179,2179,187,4,-27,-22,-25
17.667969,26,2179,2179,187,4,-27,-22,-25
17.671875,26,2179,2179,187,4,-27,-22,-25
17.675781,26,2179,2179,187,4,-27,-22,-25
17.679688,26,2179,2179,186,4,-27,-22,-25
17.683594,26,2179,2179,187,3,-27,-21,-25
17.687500,27,2179,2179,187,4,-27,-21,-25
17.691406,28,2179,2179,187,4,-27,-22,-25
17.695312,28,2179,2179,186,4,-27,-22,-25
17.699219,28,2179,2179,187,4,-27,-22,-25
17.703125,28,2179,2179,188,4,-27,-22,-25
17.707031,28,2179,2179,188,4,-27,-22,-25
17.710938,28,2179,2179,188,4,-27,-22,-24
17.714844,28,2179,2179,189,4,-27,-22,-25
17.718750,28,2179,2179,189,4,-27,-22,-24
17.722656,27,2179,2179,189,4,-27,-22,-25
17.726562,28,2179,2179,188,4,-27,-22,-24
17.730469,28,2179,2179,188,4,-27,-22,-25
17.734375,27,2179,2179,188,4,-27,-22,-24
17.738281,27,2179,2179,188,5,-27,-22,-24
17.742188,27,2179,2179,188,4,-27,-22,-24
17.746094,27,2179,2179,188,4,-27,-22,-24
17.750000,27,2179,2179,188,4,-27,-22,-24
17.753906,26,2179,2179,188,5,-27,-22,-24
17.757812,27,2179,2179,187,5,-27,-22,-24
17.761719,27,2179,2179,187,4,-27,-22,-24
17.765625,27,2179,2179,186,4,-26,-21,-24
17.769531,27,2179,2179,187,5,-27,-22,-24
17.773438,27,2179,2179,187,5,-27,-21,-24
17.777344,27,2179,2179,187,4,-27,-22,-24
17.781250,27,2179,2179,187,4,-27,-22,-25
17.785156,27,2179,2179,188,4,-27,-22,-24
17.789062,27,2179,2179,188,4,-27,-22,-25
17.792969,27,2179,2179,188,4,-27,-22,-25
17.796875,27,2179,2179,187,4,-27,-22,-25
17.800781,27,2179,2179,187,4,-27,-22,-25
17.804688,27,2179,2179,187,4,-27,-22,-25
17.808594,27,2179,2179,187,3,-27,-22,-25
17.812500,27,2179,2179,187,4,-27,-22,-25
17.816406,27,2179,2179,187,4,-27,-22,-25
17.820312,27,2179,2179,187,4,-27,-22,-25
17.824219,27,2179,2179,187,4,-27,-22,-25
17.828125,27,2179,2179,187,4,-27,-22,-25
17.832031,26,2179,2179,187,4,-27,-22,-24
17.835938,26,2179,2179,188,4,-27,-22,-24
17.839844,27,2179,2179,188,4,-27,-22,-24
17.843750,27,2179,2179,187,4,-27,-22,-24
17.847656,27,2179,2179,187,4,-27,-22,-24
17.851562,27,2179,2179,187,4,-27,-22,-24
17.855469,27,2179,2179,187,4,-27,-22,-25
17.859375,27,2179,2179,187,4,-27,-22,-24
17.863281,27,2179,2179,187,4,-27,-22,-24
17.867188,27,2179,2179,187,4,-27,-22,-24
17.871094,27,2179,2179,187,4,-27,-22,-24
17.875000,28,2179,2179,186,4,-27,-22,-24
17.878906,28,2179,2179,186,4,-27,-22,-24
17.882812,28,2179,2179,186,4,-27,-22,-24
17.886719,28,2179,2179,186,4,-27,-22,-24
17.890625,28,2179,2179,187,4,-27,-22,-25
17.894531,28,2179,2179,187,4,-27,-22,-24
17.898438,28,2179,2179,187,4,-27,-22,-25
17.902344,28,2179,2179,188,4,-27,-22,-25
17.906250,28,2179,2179,188,5,-27,-22,-24
17.910156,27,2179,2179,188,4,-27,-22,-24
17.914062,27,2179,2179,188,4,-27,-22,-24
17.917969,27,2179,2179,188,5,-27,-22,-24
17.921875,26,2179,2179,187,5,-27,-22,-24
17.925781,26,2179,2179,187,5,-27,-22,-24
17.929688,26,2179,2179,186,4,-27,-22,-24
17.933594,26,2179,2179,187,4,-27,-22,-24
17.937500,26,2179,2179,187,5,-27,-22,-24
17.941406,27,2179,2179,187,5,-27,-22,-24
17.945312,27,2179,2179,187,5,-27,-22,-24
17.949219,27,2179,2179,188,5,-27,-22,-24
17.953125,27,2179,2179,188,5,-27,-22,-24
17.957031,28,2179,2179,188,5,-27,-22,-24
17.960938,28,2179,2179,187,4,-27,-22,-24
17.964844,28,2179,2179,187,4,-27,-22,-25
17.968750,28,2179,2179,188,5,-27,-22,-25
17.972656,28,2179,2179,188,5,-27,-22,-24
17.976562,28,2179,2179,188,4,-27,-22,-25
17.980469,29,2179,2179,187,4,-27,-22,-24
17.984375,29,2179,2179,188,4,-27,-22,-25
17.988281,29,2179,2179,187,4,-27,-22,-25
17.992188,29,2179,2179,186,4,-27,-22,-25
17.996094,29,2179,2179,186,4,-27,-22,-25
18.000000,29,2179,2179,186,4,-27,-22,-25
18.003906,29,2179,2179,187,4,-27,-22,-25
18.007812,29,2179,2179,187,4,-27,-22,-25
18.011719,29,2179,2179,187,4,-27,-22,-25
18.015625,29,2179,2179,188,4,-27,-22,-25
18.019531,29,2179,2179,189,4,-27,-22,-25
18.023438,29,2179,2179,189,4,-27,-22,-24
18.027344,29,2179,2179,189,4,-27,-22,-25
18.031250,29,2179,2179,188,4,-27,-22,-25
18.035156,28,2179,2179,188,4,-27,-22,-24
18.039062,28,2179,2179,188,4,-27,-22,-24
18.042969,28,2179,2179,188,4,-27,-22,-24
18.046875,28,2179,2179,188,4,-27,-22,-24
18.050781,28,2179,2179,188,4,-27,-22,-24
18.054688,28,2179,2179,188,4,-27,-22,-24
18.058594,28,2179,2179,188,3,-27,-22,-24
18.062500,28,2179,2179,188,4,-27,-22,-24
18.066406,27,2179,2179,188,4,-27,-22,-25
18.070312,27,2179,2179,188,4,-27,-22,-25
18.074219,28,2179,2179,187,4,-27,-22,-25
18.078125,28,2179,2179,187,4,-27,-22,-25
18.082031,27,2179,2179,187,4,-27,-22,-24
18.085938,27,2179,2179,187,4,-27,-22,-25
18.089844,28,2179,2179,187,4,-27,-22,-25
18.093750,27,2179,2179,187,4,-27,-22,-25
18.097656,27,2179,2179,187,4,-27,-22,-24
18.101562,27,2179,2179,188,4,-27,-22,-25
18.105469,27,2179,2179,189,4,-27,-22,-25
18.109375,27,2179,2179,189,4,-27,-22,-25
18.113281,27,2179,2179,189,4,-27,-22,-25
18.117188,27,2179,2179,189,5,-27,-22,-25
18.121094,27,2179,2179,189,5,-27,-22,-25
18.125000,27,2179,2179,188,5,-27,-22,-25
18.128906,27,2179,2179,188,4,-27,-22,-24
18.132812,27,2179,2179,188,4,-27,-22,-24
18.136719,27,2179,2179,188,4,-27,-22,-24
18.140625,27,2179,2179,188,4,-27,-22,-24
18.144531,26,2179,2179,188,4,-27,-22,-24
18.148438,26,2179,2179,188,4,-27,-22,-24
18.152344,26,2179,2179,189,4,-27,-22,-24
18.156250,27,2179,2179,188,4,-27,-22,-24
18.160156,26,2179,2179,188,4,-27,-22,-24
18.164062,26,2179,2179,188,4,-27,-22,-24
18.167969,26,2179,2179,188,4,-27,-22,-25
18.171875,26,2179,2179,188,4,-26,-22,-24
18.175781,27,2179,2179,188,4,-26,-22,-24
18.179688,27,2179,2179,188,4,-27,-22,-25
18.183594,26,2179,2179,188,3,-27,-22,-24
18.187500,27,2179,2179,188,4,-27,-22,-25
18.191406,27,2179,2179,188,4,-27,-22,-24
18.195312,26,2179,2179,188,4,-27,-22,-24
18.199219,26,2179,2179,188,4,-27,-22,-24
18.203125,26,2179,2179,188,4,-27,-22,-24
18.207031,26,2179,2179,188,4,-27,-22,-24
18.210938,26,2179,2179,188,4,-27,-22,-24
18.214844,26,2179,2179,188,4,-27,-22,-25
18.218750,26,2179,2179,189,5,-27,-22,-25
18.222656,26,2179,2179,189,5,-27,-22,-25
18.226562,26,2179,2179,188,5,-27,-22,-24
18.230469,26,2179,2179,188,4,-27,-22,-24
18.234375,25,2179,2179,189,5,-27,-22,-24
18.238281,25,2179,2179,189,5,-27,-22,-24
18.242188,26,2179,2179,189,4,-27,-22,-24
18.246094,26,2179,2179,188,4,-27,-22,-24
18.250000,25,2179,2179,188,4,-27,-22,-24
18.253906,26,2179,2179,188,4,-27,-21,-24
18.257812,26,2179,2179,188,4,-27,-22,-24
18.261719,26,2179,2179,187,3,-27,-22,-25
18.265625,26,2179,2179,187,3,-27,-22,-25
18.269531,26,2179,2179,187,4,-27,-22,-25
18.273438,26,2179,2179,187,4,-27,-22,-25
18.277344,26,2179,2179,186,3,-27,-22,-24
18.281250,26,2179,2179,186,3,-27,-22,-25
18.285156,25,2179,2179,187,4,-27,-22,-25
18.289062,25,2179,2179,187,4,-27,-22,-25
18.292969,25,2179,2179,187,4,-27,-22,-25
18.296875,25,2179,2179,188,4,-27,-22,-25
18.300781,25,2179,2179,188,4,-27,-22,-25
18.304688,25,2179,2179,189,4,-27,-22,-25
18.308594,25,2179,2179,188,3,-27,-22,-25
18.312500,24,2179,2179,188,4,-27,-22,-25
18.316406,24,2179,2179,187,4,-27,-22,-25
18.320312,24,2179,2179,186,4,-27,-22,-25
18.324219,24,2179,2179,185,5,-27,-22,-25
18.328125,23,2179,2179,183,4,-27,-22,-25
18.332031,22,2179,2179,179,4,-27,-22,-24
18.335938,22,2179,2179,174,5,-27,-22,-25
18.339844,22,2179,2179,167,4,-27,-22,-25
18.343750,21,2179,2179,158,4,-27,-22,-24
18.347656,21,2179,2179,150,4,-27,-22,-24
18.351562,20,2179,2179,142,5,-27,-22,-24
18.355469,20,2179,2179,135,5,-27,-22,-25
18.359375,20,2179,2179,127,4,-27,-22,-25
18.363281,20,2179,2179,118,4,-27,-22,-24
18.367188,19,2179,2179,107,5,-27,-22,-24
18.371094,19,2179,2179,92,4,-27,-22,-24
18.375000,19,2179,2179,75,4,-27,-22,-24
18.378906,18,2179,2179,58,4,-27,-22,-24
18.382812,18,2179,2179,41,4,-27,-22,-24
18.386719,17,2179,2179,28,4,-27,-22,-24
18.390625,17,2179,2179,19,4,-27,-22,-24
18.394531,17,2179,2179,14,4,-27,-22,-25
18.398438,16,2179,2179,13,4,-27,-22,-25
18.402344,16,2179,2179,15,4,-27,-22,-25
18.406250,16,2179,2179,16,4,-27,-22,-25
18.410156,16,2179,2179,17,4,-27,-22,-25
18.414062,15,2179,2179,17,4,-27,-22,-25
18.417969,15,2179,2179,16,4,-27,-22,-25
18.421875,14,2179,2179,14,4,-27,-22,-25
18.425781,14,2179,2179,12,4,-26,-22,-25
18.429688,14,2179,2179,11,3,-27,-22,-24
18.433594,13,2179,2179,11,4,-27,-22,-24
18.437500,12,2179,2179,12,4,-27,-22,-24
18.441406,12,2179,2179,12,4,-27,-22,-25
18.445312,12,2179,2179,13,4,-27,-22,-25
18.449219,12,2179,2179,14,4,-27,-22,-25
18.453125,12,2179,2179,14,4,-27,-22,-25
18.457031,12,2179,2179,14,4,-27,-22,-25
18.460938,12,2179,2179,13,4,-27,-22,-24
18.464844,11,2179,2179,13,4,-27,-22,-24
18.468750,11,2179,2179,13,4,-27,-22,-24
18.472656,10,2179,2179,14,5,-27,-22,-24
18.476562,10,2179,2179,14,4,-27,-22,-25
18.480469,10,2179,2179,14,4,-27,-22,-24
18.484375,10,2179,2179,15,4,-27,-22,-24
18.488281,10,2179,2179,15,4,-27,-22,-25
18.492188,10,2179,2179,15,4,-27,-22,-24
18.496094,10,2179,2179,15,4,-27,-22,-25
18.500000,10,2179,2179,15,4,-27,-22,-24
18.503906,10,2179,2179,15,4,-27,-22,-25
18.507812,10,2179,2179,14,4,-27,-22,-25
18.511719,10,2179,2179,14,4,-27,-22,-25
18.515625,10,2179,2179,14,4,-27,-22,-25
18.519531,10,2179,2179,14,4,-27,-22,-25
18.523438,10,2179,2179,14,4,-27,-22,-25
18.527344,10,2179,2179,14,4,-27,-22,-25
18.531250,9,2179,2179,14,4,-27,-22,-25
18.535156,9,2179,2179,15,5,-27,-22,-25
18.539062,9,2179,2179,15,5,-27,-22,-25
18.542969,9,2179,2179,15,4,-27,-22,-25
18.546875,10,2179,2179,15,4,-27,-22,-25
18.550781,10,2179,2179,15,5,-28,-22,-24
18.554688,10,2179,2179,15,5,-27,-22,-25
18.558594,11,2179,2179,15,6,-27,-22,-24
18.562500,11,2179,2179,14,4,-27,-22,-24
18.566406,11,2179,2179,14,4,-27,-22,-24
18.570312,11,2179,2179,14,5,-27,-22,-24
18.574219,11,2179,2179,14,5,-27,-22,-24
18.578125,11,2179,2179,14,4,-27,-22,-24
18.582031,11,2179,2179,14,4,-27,-22,-24
18.585938,11,2179,2179,14,4,-27,-22,-25
18.589844,11,2179,2179,14,4,-27,-22,-25
18.593750,11,2179,2179,14,4,-27,-22,-25
18.597656,11,2179,2179,15,4,-27,-21,-25
18.601562,11,2179,2179,15,4,-27,-22,-25
18.605469,11,2179,2179,15,4,-27,-22,-25
18.609375,11,2179,2179,15,4,-27,-22,-25
18.613281,11,2179,2179,15,4,-27,-22,-25
18.617188,10,2179,2179,15,4,-27,-22,-25
18.621094,10,2179,2179,15,4,-27,-22,-25
18.625000,10,2179,2179,15,4,-27,-22,-25
18.628906,10,2179,2179,15,4,-27,-22,-25
18.632812,9,2179,2179,15,4,-27,-22,-25
18.636719,9,2179,2179,15,4,-27,-22,-24
18.640625,9,2179,2179,14,4,-27,-22,-25
18.644531,9,2179,2179,13,4,-27,-22,-24
18.648438,9,2179,2179,13,4,-27,-22,-24
18.652344,9,2179,2179,13,4,-27,-22,-24
18.656250,9,2179,2179,14,4,-27,-22,-24
18.660156,9,2179,2179,14,4,-27,-22,-24
18.664062,9,2179,2179,14,4,-27,-22,-24
18.667969,9,2179,2179,15,4,-27,-22,-25
18.671875,9,2179,2179,16,4,-27,-22,-24
18.675781,10,2179,2179,15,4,-24,-22,-25
18.679688,10,2179,2179,15,4,-27,-22,-24
18.683594,10,2179,2179,15,4,-27,-22,-24
18.687500,10,2179,2179,15,4,-27,-22,-25
18.691406,10,2179,2179,14,4,-27,-22,-25
18.695312,10,2179,2179,14,3,-27,-22,-25
18.699219,10,2179,2179,14,4,-27,-22,-25
18.703125,9,2179,2179,14,4,-27,-22,-25
18.707031,9,2179,2179,14,4,-27,-22,-25
18.710938,9,2179,2179,14,4,-27,-22,-25
18.714844,9,2179,2179,15,4,-27,-22,-25
18.718750,9,2179,2179,15,4,-27,-22,-25
18.722656,9,2179,2179,15,4,-27,-22,-25
18.726562,9,2179,2179,15,4,-27,-22,-25
18.730469,9,2179,2179,14,4,-27,-22,-24
18.734375,9,2179,2179,14,4,-27,-22,-24
18.738281,9,2179,2179,14,4,-27,-22,-24
18.742188,9,2179,2179,13,4,-27,-22,-25
18.746094,9,2179,2179,13,4,-27,-22,-24
18.750000,9,2179,2179,13,4,-27,-22,-24
18.753906,9,2179,2179,13,5,-27,-22,-24
18.757812,9,2179,2179,14,5,-27,-22,-24
18.761719,9,2179,2179,14,4,-27,-22,-24
18.765625,8,2179,2179,14,4,-27,-22,-24
18.769531,8,2179,2179,14,4,-27,-22,-24
18.773438,8,2179,2179,14,5,-27,-22,-24
18.777344,8,2179,2179,14,4,-27,-22,-24
18.781250,8,2179,2179,13,4,-27,-22,-24
18.785156,9,2179,2179,14,4,-27,-22,-24
18.789062,9,2179,2179,14,4,-27,-22,-24
18.792969,9,2179,2179,14,4,-27,-22,-25
18.796875,10,2179,2179,14,4,-27,-22,-24
18.800781,9,2179,2179,14,4,-30,-22,-25
18.804688,9,2179,2179,15,5,-27,-22,-25
18.808594,10,2179,2179,15,4,-27,-22,-25
18.812500,10,2179,2179,15,4,-27,-22,-25
18.816406,9,2179,2179,15,4,-27,-22,-25
18.820312,9,2179,2179,15,4,-27,-22,-25
18.824219,10,2179,2179,15,4,-27,-22,-24
18.828125,10,2179,2179,14,4,-27,-22,-24
18.832031,9,2179,2179,15,4,-27,-22,-24
18.835938,9,2179,2179,15,4,-27,-22,-25
18.839844,9,2179,2179,15,4,-27,-22,-24
18.843750,9,2179,2179,15,4,-27,-22,-25
18.847656,9,2179,2179,15,4,-27,-22,-25
18.851562,8,2179,2179,15,4,-27,-22,-25
18.855469,8,2179,2179,15,4,-27,-22,-25
18.859375,9,2179,2179,14,4,-27,-22,-25
18.863281,9,2179,2179,13,4,-27,-22,-25
18.867188,9,2179,2179,13,4,-27,-22,-25
18.871094,9,2179,2179,13,4,-27,-22,-24
18.875000,9,2179,2179,13,4,-27,-22,-25
18.878906,9,2179,2179,14,3,-27,-22,-25
18.882812,9,2179,2179,14,3,-27,-22,-25
18.886719,9,2179,2179,14,4,-27,-22,-25
18.890625,9,2179,2179,14,4,-27,-22,-25
18.894531,9,2179,2179,14,4,-27,-22,-25
18.898438,8,2179,2179,14,4,-27,-22,-25
18.902344,8,2179,2179,14,4,-27,-22,-25
18.906250,8,2179,2179,14,5,-27,-22,-25
18.910156,8,2179,2179,14,4,-27,-22,-25
18.914062,8,2179,2179,14,4,-27,-22,-25
18.917969,8,2179,2179,15,5,-27,-22,-25
18.921875,7,2179,2179,15,5,-27,-22,-25
18.925781,7,2179,2179,15,4,-21,-22,-25
18.929688,7,2179,2179,15,4,-27,-22,-25
18.933594,7,2179,2179,15,5,-27,-22,-25
18.937500,6,2179,2179,15,5,-27,-22,-25
18.941406,7,2179,2179,14,5,-27,-22,-24
18.945312,6,2179,2179,14,5,-27,-22,-24
18.949219,6,2179,2179,13,4,-27,-22,-25
18.953125,6,2179,2179,14,5,-27,-22,-25
18.957031,7,2179,2179,14,5,-27,-22,-25
18.960938,7,2179,2179,14,4,-27,-22,-25
18.964844,7,2179,2179,15,4,-27,-22,-25
18.968750,7,2179,2179,15,5,-27,-22,-25
18.972656,6,2179,2179,15,5,-27,-22,-24
18.976562,7,2179,2179,15,4,-27,-22,-24
18.980469,7,2179,2179,14,4,-27,-22,-25
18.984375,6,2179,2179,15,4,-27,-22,-25
18.988281,6,2179,2179,14,4,-27,-22,-25
18.992188,6,2179,2179,14,4,-27,-22,-25
18.996094,7,2179,2179,14,4,-27,-22,-25
19.000000,6,2179,2179,14,4,-27,-22,-25
19.003906,6,2179,2179,14,5,-27,-22,-25
19.007812,6,2179,2179,14,5,-27,-22,-25
19.011719,6,2179,2179,14,4,-27,-22,-25
19.015625,6,2179,2179,14,4,-27,-22,-25
19.019531,6,2179,2179,14,4,-27,-22,-25
19.023438,6,2179,2179,14,4,-27,-22,-25
19.027344,6,2179,2179,14,4,-27,-22,-25
19.031250,5,2179,2179,14,4,-27,-22,-25
19.035156,5,2179,2179,15,4,-27,-22,-24
19.039062,6,2179,2179,15,4,-27,-22,-24
19.042969,6,2179,2179,14,4,-27,-22,-24
19.046875,6,2179,2179,14,4,-27,-22,-24
19.050781,6,2179,2179,14,4,-33,-22,-24
19.054688,6,2179,2179,14,4,-27,-22,-24
19.058594,6,2179,2179,14,4,-27,-22,-24
19.062500,6,2179,2179,14,4,-27,-22,-24
19.066406,6,2179,2179,14,4,-26,-22,-24
19.070312,6,2179,2179,14,4,-27,-22,-25
19.074219,7,2179,2179,14,4,-27,-22,-25
19.078125,7,2179,2179,14,4,-27,-22,-25
19.082031,7,2179,2179,14,4,-27,-22,-25
19.085938,7,2179,2179,14,4,-27,-22,-25
19.089844,7,2179,2179,14,4,-27,-22,-25
19.093750,7,2179,2179,14,4,-27,-22,-25
19.097656,7,2179,2179,15,4,-27,-22,-25
19.101562,7,2179,2179,15,4,-27,-22,-24
19.105469,7,2179,2179,15,4,-27,-22,-25
19.109375,7,2179,2179,15,4,-27,-22,-25
19.113281,7,2179,2179,15,4,-27,-22,-25
19.117188,7,2179,2179,15,4,-27,-22,-25
19.121094,7,2179,2179,15,4,-27,-22,-25
19.125000,7,2179,2179,15,5,-27,-22,-25
19.128906,7,2179,2179,14,4,-27,-22,-25
19.132812,7,2179,2179,14,4,-27,-22,-25
19.136719,7,2179,2179,14,4,-27,-22,-24
19.140625,7,2179,2179,14,4,-26,-22,-24
19.144531,7,2179,2179,13,4,-26,-22,-24
19.148438,7,2179,2179,13,4,-27,-22,-24
19.152344,8,2179,2179,14,5,-27,-22,-24
19.156250,8,2179,2179,14,5,-27,-22,-25
19.160156,8,2179,2179,14,4,-27,-22,-24
19.164062,8,2179,2179,14,4,-27,-22,-24
19.167969,8,2179,2179,15,4,-27,-22,-24
19.171875,8,2179,2179,15,5,-27,-22,-25
19.175781,9,2179,2179,15,4,-21,-22,-24
19.179688,9,2179,2179,15,4,-27,-22,-24
19.183594,9,2179,2179,15,5,-27,-22,-25
19.187500,9,2179,2179,15,4,-27,-22,-25
19.191406,9,2179,2179,14,5,-27,-22,-25
19.195312,10,2179,2179,14,4,-27,-22,-24
19.199219,10,2179,2179,13,4,-27,-22,-25
19.203125,10,2179,2179,13,5,-27,-22,-25
19.207031,10,2179,2179,13,4,-27,-22,-25
19.210938,10,2179,2179,13,4,-27,-22,-25
19.214844,10,2179,2179,13,4,-27,-22,-25
19.218750,10,2179,2179,13,5,-27,-22,-25
19.222656,9,2179,2179,14,5,-27,-22,-25
19.226562,10,2179,2179,13,4,-27,-22,-25
19.230469,9,2179,2179,13,4,-27,-22,-25
19.234375,9,2179,2179,14,4,-27,-22,-24
19.238281,9,2179,2179,13,4,-27,-22,-24
19.242188,10,2179,2179,13,4,-27,-22,-25
19.246094,10,2179,2179,13,4,-26,-22,-24
19.250000,10,2179,2179,13,4,-27,-22,-25
19.253906,10,2179,2179,13,4,-27,-22,-24
19.257812,10,2179,2179,13,4,-27,-22,-25
19.261719,10,2179,2179,13,4,-27,-22,-24
19.265625,10,2179,2179,13,4,-27,-22,-25
19.269531,10,2179,2179,13,4,-27,-22,-24
19.273438,10,2179,2179,14,4,-27,-22,-24
19.277344,10,2179,2179,13,3,-27,-22,-24
19.281250,10,2179,2179,14,3,-27,-22,-25
19.285156,10,2179,2179,14,4,-27,-22,-25
19.289062,10,2179,2179,14,4,-27,-22,-25
19.292969,10,2179,2179,14,4,-27,-22,-24
19.296875,10,2179,2179,14,4,-27,-22,-25
19.300781,9,2179,2179,14,4,-34,-22,-25
19.304688,9,2179,2179,13,4,-27,-22,-25
19.308594,10,2179,2179,13,4,-27,-22,-25
19.312500,10,2179,2179,13,4,-27,-22,-25
19.316406,10,2179,2179,13,4,-27,-22,-25
19.320312,10,2179,2179,13,4,-27,-22,-25
19.324219,10,2179,2179,14,4,-27,-22,-25
19.328125,9,2179,2179,14,4,-27,-22,-25
19.332031,9,2179,2179,14,4,-27,-22,-25
19.335938,9,2179,2179,15,5,-27,-22,-24
19.339844,9,2179,2179,15,5,-27,-22,-24
19.343750,10,2179,2179,15,4,-27,-22,-24
19.347656,10,2179,2179,15,4,-27,-22,-25
19.351562,10,2179,2179,15,5,-27,-22,-24
19.355469,10,2179,2179,15,4,-27,-22,-24
19.359375,11,2179,2179,14,4,-27,-22,-24
19.363281,11,2179,2179,14,4,-27,-22,-24
19.367188,11,2179,2179,14,4,-27,-22,-24
19.371094,11,2179,2179,14,4,-27,-22,-24
19.375000,11,2179,2179,14,4,-27,-22,-25
19.378906,12,2179,2179,13,4,-27,-22,-25
19.382812,12,2179,2179,13,4,-27,-22,-25
19.386719,12,2179,2179,13,4,-27,-22,-25
19.390625,12,2179,2179,13,4,-27,-22,-25
19.394531,13,2179,2179,13,4,-27,-22,-25
19.398438,13,2179,2179,13,4,-27,-22,-25
19.402344,13,2179,2179,13,5,-27,-22,-25
19.406250,13,2179,2179,14,4,-27,-22,-25
19.410156,13,2179,2179,13,4,-27,-22,-25
19.414062,13,2179,2179,14,4,-27,-22,-25
19.417969,13,2179,2179,14,4,-27,-22,-25
19.421875,13,2179,2179,15,4,-27,-22,-25
19.425781,13,2179,2179,15,4,-27,-22,-25
19.429688,13,2179,2179,15,4,-27,-22,-25
19.433594,13,2179,2179,15,4,-27,-22,-25
19.437500,13,2179,2179,15,4,-27,-22,-24
19.441406,13,2179,2179,14,4,-27,-22,-24
19.445312,13,2179,2179,14,3,-27,-22,-24
19.449219,13,2179,2179,13,3,-27,-22,-25
19.453125,13,2179,2179,13,4,-27,-22,-25
19.457031,13,2179,2179,13,4,-27,-22,-25
19.460938,13,2179,2179,13,4,-27,-22,-25
19.464844,13,2179,2179,13,4,-27,-22,-24
19.468750,13,2179,2179,13,4,-27,-22,-25
19.472656,13,2179,2179,14,4,-27,-22,-24
19.476562,13,2179,2179,13,4,-27,-22,-25
19.480469,14,2179,2179,13,4,-27,-22,-25
19.484375,14,2179,2179,14,4,-27,-22,-25
19.488281,14,2179,2179,13,4,-27,-22,-25
19.492188,14,2179,2179,13,4,-27,-22,-25
19.496094,14,2179,2179,13,4,-27,-22,-25
19.500000,13,2179,2179,14,4,-27,-22,-25
19.503906,13,2179,2179,14,4,-27,-22,-25
19.507812,13,2179,2179,14,4,-27,-22,-25
19.511719,13,2179,2179,14,4,-27,-22,-25
19.515625,13,2179,2179,14,4,-27,-22,-25
19.519531,13,2179,2179,14,4,-27,-22,-25
19.523438,13,2179,2179,14,4,-27,-22,-25
19.527344,13,2179,2179,13,4,-27,-22,-24
19.531250,13,2179,2179,13,4,-27,-22,-24
19.535156,13,2179,2179,14,4,-27,-22,-24
19.539062,13,2179,2179,14,4,-26,-22,-24
19.542969,14,2179,2179,15,4,-27,-21,-24
19.546875,14,2179,2179,15,4,-27,-22,-24
19.550781,14,2179,2179,15,4,-27,-21,-24
19.554688,14,2179,2179,15,4,-27,-22,-24
19.558594,14,2179,2179,14,4,-27,-22,-25
19.562500,14,2179,2179,14,4,-27,-21,-24
19.566406,14,2179,2179,13,4,-27,-21,-24
19.570312,14,2179,2179,13,4,-27,-22,-25
19.574219,15,2179,2179,13,4,-27,-22,-25
19.578125,15,2179,2179,13,4,-27,-22,-25
19.582031,15,2179,2179,13,4,-27,-22,-25
19.585938,15,2179,2179,13,4,-27,-22,-25
19.589844,15,2179,2179,14,4,-27,-22,-25
19.593750,15,2179,2179,13,4,-27,-22,-25
19.597656,15,2179,2179,13,4,-27,-22,-25
19.601562,15,2179,2179,14,4,-27,-22,-25
19.605469,16,2179,2179,14,4,-27,-22,-25
19.609375,16,2179,2179,13,4,-27,-22,-25
19.613281,16,2179,2179,13,4,-27,-22,-25
19.617188,16,2179,2179,13,4,-27,-22,-25
19.621094,16,2179,2179,14,4,-27,-22,-25
19.625000,16,2179,2179,13,5,-27,-22,-25
19.628906,16,2179,2179,14,4,-27,-22,-24
19.632812,16,2179,2179,14,4,-27,-22,-24
19.636719,16,2179,2179,15,5,-27,-22,-25
19.640625,16,2179,2179,15,5,-27,-22,-24
19.644531,16,2179,2179,15,4,-26,-22,-24
19.648438,17,2179,2179,14,4,-27,-22,-24
19.652344,17,2179,2179,14,4,-27,-22,-25
19.656250,17,2179,2179,14,4,-27,-22,-24
19.660156,18,2179,2179,13,4,-27,-22,-24
19.664062,18,2179,2179,13,4,-27,-22,-24
19.667969,18,2179,2179,13,4,-27,-21,-24
19.671875,18,2179,2179,13,4,-27,-22,-25
19.675781,19,2179,2179,13,4,-27,-22,-25
19.679688,19,2179,2179,13,4,-27,-22,-25
19.683594,19,2179,2179,13,4,-27,-22,-25
19.687500,18,2179,2179,13,4,-27,-22,-25
19.691406,19,2179,2179,13,4,-27,-22,-24
19.695312,19,2179,2179,13,4,-27,-22,-25
19.699219,18,2179,2179,13,4,-27,-22,-25
19.703125,18,2179,2179,13,4,-27,-22,-25
19.707031,18,2179,2179,13,4,-27,-22,-25
19.710938,17,2179,2179,13,4,-27,-22,-25
19.714844,17,2179,2179,13,4,-27,-22,-25
19.718750,17,2179,2179,13,4,-27,-22,-25
19.722656,17,2179,2179,14,4,-27,-22,-25
19.726562,16,2179,2179,14,4,-27,-22,-24
19.730469,16,2179,2179,14,4,-27,-22,-24
19.734375,16,2179,2179,15,4,-27,-22,-24
19.738281,16,2179,2179,15,4,-26,-21,-24
19.742188,16,2179,2179,15,4,-27,-22,-24
19.746094,17,2179,2179,15,4,-26,-22,-24
19.750000,16,2179,2179,15,4,-27,-22,-25
19.753906,17,2179,2179,15,5,-27,-22,-25
19.757812,17,2179,2179,14,5,-27,-22,-24
19.761719,17,2179,2179,14,4,-27,-22,-24
19.765625,17,2179,2179,14,4,-27,-22,-24
19.769531,18,2179,2179,14,4,-27,-22,-25
19.773438,18,2179,2179,14,5,-27,-22,-24
19.777344,19,2179,2179,14,4,-27,-22,-24
19.781250,19,2179,2179,14,4,-27,-22,-24
19.785156,19,2179,2179,14,4,-27,-22,-24
19.789062,19,2179,2179,14,4,-27,-22,-25
19.792969,20,2179,2179,14,4,-27,-21,-25
19.796875,20,2179,2179,14,4,-27,-22,-25
19.800781,19,2179,2179,14,4,-27,-22,-25
19.804688,20,2179,2179,15,4,-27,-22,-25
19.808594,20,2179,2179,14,4,-27,-22,-25
19.812500,20,2179,2179,14,4,-27,-22,-25
19.816406,20,2179,2179,14,4,-27,-22,-25
19.820312,20,2179,2179,14,4,-27,-22,-25
19.824219,20,2179,2179,14,4,-27,-22,-25
19.828125,20,2179,2179,13,4,-27,-22,-25
19.832031,20,2179,2179,13,4,-27,-22,-25
19.835938,20,2179,2179,14,4,-27,-22,-24
19.839844,20,2179,2179,14,4,-27,-22,-24
19.843750,20,2179,2179,14,4,-27,-21,-24
19.847656,21,2179,2179,14,4,-27,-21,-25
19.851562,20,2179,2179,15,4,-27,-22,-24
19.855469,21,2179,2179,14,4,-27,-22,-25
19.859375,21,2179,2179,14,4,-27,-22,-25
19.863281,21,2179,2179,13,4,-27,-22,-25
19.867188,21,2179,2179,13,4,-27,-22,-25
19.871094,21,2179,2179,13,4,-27,-22,-25
19.875000,22,2179,2179,12,4,-27,-22,-25
19.878906,22,2179,2179,12,3,-27,-22,-25
19.882812,22,2179,2179,13,4,-27,-22,-25
19.886719,22,2179,2179,13,4,-27,-22,-25
19.890625,22,2179,2179,13,4,-27,-22,-25
19.894531,22,2179,2179,13,4,-27,-22,-25
19.898438,22,2179,2179,13,4,-27,-22,-25
19.902344,22,2179,2179,14,4,-27,-22,-25
19.906250,22,2179,2179,14,4,-27,-22,-25
19.910156,22,2179,2179,13,4,-27,-22,-24
19.914062,22,2179,2179,13,4,-27,-22,-25
19.917969,21,2179,2179,14,4,-27,-22,-25
19.921875,21,2179,2179,14,5,-27,-22,-25
19.925781,21,2179,2179,14,4,-27,-22,-24
19.929688,21,2179,2179,14,4,-27,-22,-24
19.933594,21,2179,2179,15,5,-27,-22,-24
19.937500,21,2179,2179,15,5,-27,-22,-24
19.941406,21,2179,2179,14,5,-26,-22,-25
19.945312,21,2179,2179,14,4,-27,-22,-24
19.949219,21,2179,2179,14,4,-27,-22,-25
19.953125,21,2179,2179,14,5,-27,-22,-25
19.957031,21,2179,2179,14,4,-27,-22,-25
19.960938,21,2179,2179,14,4,-27,-22,-24
19.964844,21,2179,2179,14,4,-27,-22,-25
19.968750,21,2179,2179,15,4,-27,-22,-25
19.972656,21,2179,2179,15,4,-27,-22,-25
19.976562,21,2179,2179,14,4,-27,-22,-25
19.980469,21,2179,2179,14,4,-27,-22,-25
19.984375,21,2179,2179,14,4,-27,-22,-25
19.988281,21,2179,2179,14,4,-27,-22,-25
19.992188,22,2179,2179,14,4,-27,-22,-25
19.996094,22,2179,2179,14,4,-27,-22,-25
20.000000,22,2179,2179,14,4,-27,-22,-25
20.003906,22,2179,2179,14,4,-27,-22,-25
20.007812,22,2179,2179,14,4,-27,-22,-25
20.011719,22,2179,2179,14,4,-27,-22,-24
20.015625,22,2179,2179,14,4,-27,-22,-24
20.019531,22,2179,2179,14,4,-27,-22,-24
20.023438,23,2179,2179,14,4,-27,-22,-24
20.027344,23,2179,2179,13,4,-27,-22,-24
20.031250,23,2179,2179,13,4,-27,-22,-24
20.035156,23,2179,2179,14,4,-27,-22,-24
20.039062,23,2179,2179,14,4,-27,-22,-24
20.042969,24,2179,2179,14,4,-27,-22,-24
20.046875,24,2179,2179,14,4,-27,-22,-25
20.050781,24,2179,2179,15,5,-27,-22,-25
20.054688,24,2179,2179,15,5,-27,-22,-25
20.058594,25,2179,2179,14,4,-27,-22,-25
20.062500,25,2179,2179,14,4,-27,-22,-25
20.066406,24,2179,2179,14,4,-27,-22,-25
20.070312,24,2179,2179,14,4,-27,-22,-25
20.074219,25,2179,2179,14,4,-27,-22,-25
20.078125,25,2179,2179,14,4,-27,-22,-24
20.082031,24,2179,2179,14,4,-27,-22,-25
20.085938,24,2179,2179,14,4,-27,-22,-25
20.089844,25,2179,2179,14,4,-27,-22,-25
20.093750,25,2179,2179,14,4,-27,-22,-25
20.097656,25,2179,2179,14,4,-27,-22,-25
20.101562,24,2179,2179,14,4,-27,-22,-25
20.105469,24,2179,2179,14,4,-27,-22,-25
20.109375,24,2179,2179,13,4,-27,-22,-25
20.113281,24,2179,2179,13,4,-27,-22,-25
20.117188,24,2179,2179,14,4,-27,-22,-25
20.121094,23,2179,2179,14,4,-27,-22,-25
20.125000,23,2179,2179,14,4,-27,-22,-25
20.128906,23,2179,2179,14,4,-27,-22,-25
20.132812,23,2179,2179,14,4,-27,-22,-25
20.136719,23,2179,2179,14,4,-27,-22,-25
20.140625,23,2179,2179,14,4,-27,-22,-24
20.144531,24,2179,2179,13,4,-27,-22,-24
20.148438,24,2179,2179,13,4,-27,-22,-24
20.152344,24,2179,2179,13,4,-27,-22,-24
20.156250,24,2179,2179,13,4,-27,-22,-24
20.160156,24,2179,2179,13,4,-27,-21,-24
20.164062,24,2179,2179,13,4,-27,-22,-24
20.167969,24,2179,2179,14,4,-27,-23,-25
20.171875,24,2179,2179,14,4,-27,-22,-25
20.175781,24,2179,2179,13,4,-27,-22,-25
20.179688,24,2179,2179,13,4,-27,-22,-25
20.183594,24,2179,2179,14,4,-27,-22,-25
20.187500,25,2179,2179,14,4,-27,-22,-25
20.191406,25,2179,2179,14,5,-27,-22,-25
20.195312,25,2179,2179,14,4,-27,-22,-25
20.199219,25,2179,2179,14,4,-27,-22,-25
20.203125,25,2179,2179,15,5,-27,-22,-25
20.207031,25,2179,2179,15,5,-27,-22,-25
20.210938,26,2179,2179,15,4,-27,-22,-24
20.214844,26,2179,2179,15,4,-27,-22,-24
20.218750,26,2179,2179,15,5,-27,-22,-24
20.222656,26,2179,2179,15,5,-27,-22,-24
20.226562,27,2179,2179,14,4,-27,-22,-24
20.230469,28,2179,2179,13,4,-27,-22,-25
20.234375,28,2179,2179,13,5,-27,-22,-24
20.238281,29,2179,2179,13,4,-26,-22,-25
20.242188,29,2179,2179,13,4,-27,-22,-24
20.246094,30,2179,2179,13,4,-27,-22,-24
20.250000,29,2179,2179,13,4,-27,-22,-24
20.253906,30,2179,2179,13,4,-27,-22,-24
20.257812,30,2179,2179,13,4,-27,-22,-25
20.261719,30,2179,2179,13,3,-27,-22,-25
20.265625,29,2179,2179,13,3,-27,-22,-25
20.269531,29,2179,2179,13,3,-27,-22,-25
20.273438,30,2179,2179,13,3,-27,-22,-25
20.277344,30,2179,2179,12,3,-27,-22,-25
20.281250,29,2179,2179,13,3,-27,-22,-25
20.285156,29,2179,2179,13,4,-27,-22,-24
20.289062,29,2179,2179,13,4,-27,-22,-25
20.292969,29,2179,2179,13,4,-27,-22,-25
20.296875,29,2179,2179,13,3,-27,-22,-25
20.300781,29,2179,2179,13,4,-27,-22,-25
20.304688,29,2179,2179,13,4,-27,-22,-25
20.308594,29,2179,2179,14,4,-27,-22,-25
20.312500,29,2179,2179,14,4,-27,-22,-25
20.316406,29,2179,2179,15,4,-27,-22,-25
20.320312,28,2179,2179,15,4,-27,-22,-25
20.324219,29,2179,2179,15,4,-27,-22,-24
20.328125,29,2179,2179,15,4,-27,-22,-24
20.332031,29,2179,2179,15,4,-27,-22,-25
20.335938,29,2179,2179,15,4,-27,-22,-24
20.339844,29,2179,2179,14,5,-27,-22,-24
20.343750,29,2179,2179,14,4,-27,-21,-25
20.347656,29,2179,2179,13,4,-27,-22,-24
20.351562,29,2179,2179,14,5,-27,-22,-24
20.355469,29,2179,2179,14,4,-27,-22,-24
20.359375,30,2179,2179,14,4,-27,-22,-24
20.363281,30,2179,2179,14,4,-27,-22,-25
20.367188,29,2179,2179,15,4,-27,-22,-25
20.371094,30,2179,2179,15,4,-27,-22,-25
20.375000,30,2179,2179,15,4,-27,-22,-25
20.378906,30,2179,2179,14,4,-27,-22,-25
20.382812,30,2179,2179,14,4,-27,-22,-25
20.386719,30,2179,2179,14,4,-27,-22,-25
20.390625,31,2179,2179,14,4,-27,-22,-25
20.394531,31,2179,2179,14,4,-27,-22,-25
20.398438,31,2179,2179,13,4,-27,-22,-25
20.402344,31,2179,2179,14,4,-27,-22,-25
20.406250,32,2179,2179,14,4,-27,-22,-25
20.410156,32,2179,2179,13,4,-27,-22,-24
20.414062,32,2179,2179,14,4,-27,-22,-25
20.417969,32,2179,2179,14,4,-27,-22,-25
20.421875,32,2179,2179,15,4,-27,-22,-25
20.425781,33,2179,2179,15,4,-27,-22,-24
20.429688,33,2179,2179,15,4,-27,-22,-25
20.433594,33,2179,2179,15,4,-27,-22,-25
20.437500,33,2179,2179,15,4,-27,-22,-24
20.441406,34,2179,2179,15,4,-27,-22,-25
20.445312,34,2179,2179,15,4,-27,-22,-25
20.449219,34,2179,2179,14,4,-27,-22,-25
20.453125,34,2179,2179,14,4,-27,-22,-25
20.457031,35,2179,2179,14,4,-27,-22,-25
20.460938,35,2179,2179,14,4,-27,-22,-24
20.464844,34,2179,2179,14,4,-27,-22,-25
20.468750,35,2179,2179,15,4,-27,-22,-24
20.472656,35,2179,2179,15,4,-27,-22,-24
20.476562,36,2179,2179,15,4,-27,-22,-24
20.480469,36,2179,2179,15,4,-27,-22,-24
20.484375,36,2179,2179,16,4,-27,-22,-24
20.488281,37,2179,2179,15,4,-27,-22,-25
20.492188,37,2179,2179,15,4,-27,-22,-25
20.496094,37,2179,2179,15,4,-27,-22,-24
20.500000,37,2179,2179,15,4,-27,-22,-25
20.503906,37,2179,2179,15,4,-27,-22,-25
20.507812,37,2179,2179,14,4,-27,-22,-24
20.511719,37,2179,2179,15,4,-27,-22,-25
20.515625,37,2179,2179,15,4,-27,-22,-25
20.519531,37,2179,2179,15,4,-27,-22,-25
20.523438,37,2179,2179,15,4,-27,-22,-24
20.527344,37,2179,2179,15,4,-27,-22,-24
20.531250,37,2179,2179,15,4,-27,-22,-24
20.535156,37,2179,2179,15,4,-27,-22,-24
20.539062,38,2179,2179,15,4,-27,-22,-24
20.542969,38,2179,2179,14,4,-27,-22,-24
20.546875,38,2179,2179,14,4,-27,-22,-25
20.550781,38,2179,2179,14,5,-27,-22,-25
20.554688,38,2179,2179,15,4,-27,-22,-25
20.558594,39,2179,2179,14,4,-27,-22,-25
20.562500,39,2179,2179,15,4,-27,-22,-25
20.566406,39,2179,2179,15,4,-27,-22,-25
20.570312,39,2179,2179,15,4,-27,-22,-25
20.574219,39,2179,2179,15,4,-27,-22,-25
20.578125,39,2179,2179,14,4,-27,-22,-25
20.582031,39,2179,2179,14,4,-27,-22,-25
20.585938,39,2179,2179,14,4,-27,-22,-25
20.589844,39,2179,2179,14,4,-27,-22,-25
20.593750,40,2179,2179,14,4,-27,-22,-25
20.597656,40,2179,2179,15,4,-27,-22,-24
20.601562,39,2179,2179,15,4,-27,-22,-24
20.605469,39,2179,2179,16,5,-27,-22,-25
20.609375,39,2179,2179,15,4,-27,-22,-25
20.613281,39,2179,2179,16,4,-27,-22,-25
20.617188,39,2179,2179,16,4,-27,-22,-24
20.621094,39,2179,2179,16,5,-27,-22,-25
20.625000,39,2179,2179,15,5,-27,-22,-24
20.628906,39,2179,2179,15,4,-27,-22,-24
20.632812,39,2179,2179,14,4,-27,-22,-24
20.636719,39,2179,2179,15,4,-27,-22,-24
20.640625,39,2179,2179,16,5,-27,-22,-24
20.644531,39,2179,2179,15,4,-27,-21,-24
20.648438,39,2179,2179,15,4,-27,-22,-25
20.652344,39,2179,2179,16,5,-27,-22,-25
20.656250,39,2179,2179,16,4,-27,-22,-25
20.660156,39,2179,2179,15,4,-27,-22,-24
20.664062,39,2179,2179,15,4,-27,-22,-25
20.667969,39,2179,2179,15,4,-27,-22,-24
20.671875,39,2179,2179,15,4,-27,-22,-25
20.675781,39,2179,2179,15,3,-27,-22,-25
20.679688,39,2179,2179,15,3,-27,-22,-25
20.683594,39,2179,2179,16,4,-27,-22,-25
20.687500,39,2179,2179,16,4,-27,-22,-25
20.691406,39,2179,2179,16,4,-27,-22,-25
20.695312,39,2179,2179,16,4,-27,-22,-25
20.699219,38,2179,2179,16,4,-27,-22,-25
20.703125,38,2179,2179,17,4,-27,-22,-25
20.707031,38,2179,2179,17,4,-27,-22,-25
20.710938,38,2179,2179,17,4,-27,-22,-25
20.714844,38,2179,2179,17,4,-27,-22,-24
20.718750,38,2179,2179,18,4,-27,-22,-25
20.722656,38,2179,2179,18,4,-27,-22,-24
20.726562,38,2179,2179,17,4,-27,-22,-24
20.730469,38,2179,2179,17,4,-27,-22,-24
20.734375,38,2179,2179,17,4,-26,-22,-24
20.738281,38,2179,2179,17,4,-27,-22,-25
20.742188,38,2179,2179,17,4,-27,-22,-25
20.746094,38,2179,2179,17,4,-27,-22,-24
20.750000,38,2179,2179,17,4,-27,-22,-24
20.753906,38,2179,2179,18,5,-27,-22,-24
20.757812,39,2179,2179,17,4,-27,-22,-24
20.761719,38,2179,2179,17,4,-27,-22,-24
20.765625,38,2179,2179,17,4,-27,-22,-25
20.769531,38,2179,2179,18,4,-27,-22,-25
20.773438,39,2179,2179,18,5,-27,-22,-25
20.777344,38,2179,2179,17,4,-27,-22,-25
20.781250,38,2179,2179,17,4,-27,-22,-25
20.785156,39,2179,2179,18,4,-27,-22,-25
20.789062,39,2179,2179,18,4,-27,-22,-25
20.792969,39,2179,2179,17,4,-27,-22,-25
20.796875,39,2179,2179,17,4,-27,-22,-25
20.800781,39,2179,2179,18,5,-27,-22,-25
20.804688,39,2179,2179,18,5,-27,-22,-25
20.808594,40,2179,2179,17,4,-27,-22,-25
20.812500,39,2179,2179,17,4,-27,-22,-25
20.816406,39,2179,2179,17,4,-27,-22,-25
20.820312,39,2179,2179,17,4,-27,-22,-24
20.824219,39,2179,2179,17,4,-27,-22,-25
20.828125,39,2179,2179,17,4,-27,-22,-24
20.832031,40,2179,2179,17,4,-27,-22,-25
20.835938,40,2179,2179,17,4,-27,-22,-25
20.839844,40,2179,2179,17,4,-27,-22,-24
20.843750,40,2179,2179,17,4,-27,-22,-24
20.847656,40,2179,2179,17,4,-27,-22,-24
20.851562,40,2179,2179,17,4,-27,-22,-25
20.855469,40,2179,2179,17,4,-27,-22,-24
20.859375,41,2179,2179,17,4,-27,-22,-24
20.863281,41,2179,2179,17,4,-27,-22,-24
20.867188,41,2179,2179,17,4,-27,-22,-25
20.871094,41,2179,2179,18,4,-27,-22,-25
20.875000,41,2179,2179,18,4,-27,-22,-25
20.878906,41,2179,2179,18,3,-27,-22,-25
20.882812,41,2179,2179,18,4,-27,-22,-25
20.886719,41,2179,2179,19,4,-27,-22,-25
20.890625,41,2179,2179,19,4,-27,-22,-25
20.894531,41,2179,2179,19,4,-27,-22,-25
20.898438,40,2179,2179,19,4,-27,-22,-25
20.902344,40,2179,2179,20,4,-27,-22,-25
20.906250,40,2179,2179,20,4,-27,-22,-25
20.910156,40,2179,2179,20,4,-27,-22,-25
20.914062,40,2179,2179,21,4,-27,-22,-25
20.917969,39,2179,2179,22,4,-27,-22,-25
20.921875,39,2179,2179,22,5,-27,-22,-25
20.925781,40,2179,2179,23,4,-27,-22,-24
20.929688,39,2179,2179,23,4,-27,-22,-25
20.933594,39,2179,2179,24,4,-27,-21,-25
20.937500,39,2179,2179,24,4,-27,-22,-25
20.941406,39,2179,2179,24,5,-27,-22,-25
20.945312,39,2179,2179,24,4,-26,-22,-24
20.949219,39,2179,2179,25,4,-27,-22,-24
20.953125,39,2179,2179,26,5,-27,-22,-24
20.957031,39,2179,2179,27,4,-27,-22,-25
20.960938,39,2179,2179,27,4,-27,-22,-24
20.964844,39,2179,2179,28,4,-27,-22,-25
20.968750,40,2179,2179,29,4,-27,-22,-25
20.972656,40,2179,2179,30,4,-27,-22,-25
20.976562,40,2179,2179,30,4,-27,-22,-25
20.980469,40,2179,2179,31,4,-27,-22,-25
20.984375,40,2179,2179,32,4,-27,-22,-25
20.988281,40,2179,2179,33,4,-27,-22,-25
20.992188,40,2179,2179,33,4,-27,-22,-25
20.996094,41,2179,2179,34,4,-27,-22,-25
21.000000,40,2179,2179,35,4,-27,-22,-25
21.003906,40,2179,2179,36,4,-27,-22,-25
21.007812,41,2179,2179,37,5,-27,-22,-25
21.011719,40,2179,2179,38,4,-27,-22,-25
21.015625,40,2179,2179,39,4,-27,-22,-24
21.019531,40,2179,2179,41,4,-27,-22,-24
21.023438,40,2179,2179,42,5,-27,-22,-24
21.027344,40,2179,2179,43,4,-27,-22,-24
21.031250,40,2179,2179,44,4,-27,-21,-25
21.035156,40,2179,2179,45,4,-27,-22,-26
21.039062,40,2179,2179,46,4,-27,-22,-25
21.042969,41,2179,2179,47,4,-27,-22,-25
21.046875,41,2179,2179,48,4,-27,-22,-24
21.050781,41,2179,2179,50,4,-27,-22,-24
21.054688,41,2179,2179,52,4,-27,-22,-25
21.058594,41,2179,2179,53,4,-27,-22,-25
21.062500,41,2179,2179,54,4,-27,-22,-25
21.066406,41,2179,2179,55,4,-27,-22,-25
21.070312,41,2179,2179,57,4,-27,-22,-25
21.074219,42,2179,2179,58,4,-27,-22,-25
21.078125,41,2179,2179,59,4,-27,-22,-25
21.082031,41,2179,2179,61,4,-27,-22,-25
21.085938,41,2179,2179,63,4,-27,-22,-25
21.089844,41,2179,2179,65,4,-27,-22,-25
21.093750,41,2179,2179,67,4,-27,-22,-25
21.097656,41,2179,2179,69,4,-27,-22,-25
21.101562,40,2179,2179,71,4,-27,-22,-25
21.105469,40,2179,2179,73,4,-27,-22,-25
21.109375,41,2179,2179,75,4,-27,-22,-25
21.113281,40,2179,2179,77,4,-27,-22,-24
21.117188,40,2179,2179,79,4,-27,-22,-24
21.121094,40,2179,2179,80,4,-27,-22,-24
21.125000,40,2179,2179,82,4,-27,-22,-24
21.128906,41,2179,2179,83,4,-27,-22,-24
21.132812,40,2179,2179,86,4,-27,-22,-24
21.136719,41,2179,2179,86,4,-27,-22,-24
21.140625,41,2179,2179,88,5,-26,-22,-24
21.144531,41,2179,2179,89,4,-27,-22,-24
21.148438,41,2179,2179,91,4,-27,-22,-24
21.152344,41,2179,2179,93,4,-27,-22,-24
21.156250,41,2179,2179,95,4,-27,-22,-24
21.160156,41,2179,2179,97,4,-27,-22,-24
21.164062,42,2179,2179,100,4,-27,-22,-25
21.167969,41,2179,2179,102,4,-27,-22,-25
21.171875,41,2179,2179,103,4,-27,-22,-25
21.175781,41,2179,2179,104,4,-27,-22,-25
21.179688,41,2179,2179,105,4,-27,-22,-25
21.183594,41,2179,2179,107,5,-27,-22,-25
21.187500,41,2179,2179,108,5,-27,-22,-25
21.191406,41,2179,2179,109,5,-27,-22,-25
21.195312,42,2179,2179,110,4,-27,-22,-25
21.199219,41,2179,2179,112,4,-27,-22,-24
21.203125,41,2179,2179,115,5,-27,-22,-25
21.207031,42,2179,2179,117,5,-27,-22,-24
21.210938,42,2179,2179,119,4,-27,-22,-24
21.214844,42,2179,2179,120,4,-27,-22,-24
21.218750,42,2179,2179,122,4,-27,-22,-24
21.222656,42,2179,2179,124,5,-27,-22,-24
21.226562,42,2179,2179,125,4,-27,-22,-25
21.230469,42,2179,2179,127,4,-27,-22,-25
21.234375,42,2179,2179,129,4,-27,-22,-24
21.238281,42,2179,2179,130,4,-27,-22,-25
21.242188,43,2179,2179,131,4,-27,-22,-25
21.246094,43,2179,2179,132,4,-27,-22,-25
21.250000,43,2179,2179,133,3,-27,-22,-24
21.253906,43,2179,2179,134,4,-27,-22,-25
21.257812,43,2179,2179,135,4,-27,-22,-25
21.261719,43,2179,2179,136,3,-27,-22,-25
21.265625,43,2179,2179,137,3,-27,-22,-25
21.269531,43,2179,2179,139,4,-27,-22,-25
21.273438,43,2179,2179,141,4,-27,-22,-25
21.277344,43,2179,2179,142,3,-27,-22,-25
21.281250,43,2179,2179,144,4,-27,-22,-25
21.285156,43,2179,2179,145,4,-27,-22,-25
21.289062,43,2179,2179,146,4,-27,-22,-25
21.292969,43,2179,2179,147,4,-27,-22,-25
21.296875,43,2179,2179,147,4,-27,-22,-25
21.300781,42,2179,2179,148,4,-27,-22,-25
21.304688,42,2179,2179,149,4,-27,-22,-25
21.308594,43,2179,2179,149,4,-27,-22,-25
21.312500,42,2179,2179,150,4,-27,-22,-25
21.316406,42,2179,2179,151,4,-27,-22,-25
21.320312,42,2179,2179,153,4,-27,-22,-25
21.324219,42,2179,2179,153,4,-27,-22,-24
21.328125,42,2179,2179,154,4,-27,-22,-25
21.332031,42,2179,2179,154,4,-27,-22,-24
21.335938,42,2179,2179,155,4,-27,-22,-24
21.339844,42,2179,2179,156,4,-26,-22,-24
21.343750,43,2179,2179,156,4,-26,-21,-24
21.347656,43,2179,2179,156,4,-27,-22,-25
21.351562,43,2179,2179,157,4,-27,-22,-25
21.355469,43,2179,2179,158,4,-27,-22,-25
21.359375,43,2179,2179,159,4,-27,-22,-25
21.363281,43,2179,2179,159,4,-27,-22,-25
21.367188,43,2179,2179,160,4,-27,-22,-25
21.371094,43,2179,2179,161,5,-27,-22,-25
21.375000,42,2179,2179,161,3,-27,-22,-25
21.378906,42,2179,2179,162,4,-27,-22,-25
21.382812,42,2179,2179,163,4,-27,-22,-25
21.386719,42,2179,2179,163,5,-27,-22,-25
21.390625,42,2179,2179,163,5,-27,-22,-25
21.394531,42,2179,2179,163,4,-27,-22,-25
21.398438,42,2179,2179,164,4,-27,-22,-25
21.402344,41,2179,2179,164,4,-27,-22,-25
21.406250,41,2179,2179,164,4,-27,-22,-25
21.410156,41,2179,2179,164,4,-27,-22,-24
21.414062,41,2179,2179,165,4,-27,-22,-25
21.417969,40,2179,2179,165,4,-27,-22,-24
21.421875,40,2179,2179,166,4,-27,-22,-25
21.425781,40,2179,2179,166,4,-27,-22,-24
21.429688,40,2179,2179,166,4,-27,-21,-25
21.433594,40,2179,2179,167,4,-27,-22,-25
21.437500,40,2179,2179,168,4,-27,-22,-25
21.441406,40,2179,2179,168,4,-27,-22,-25
21.445312,40,2179,2179,168,4,-27,-22,-24
21.449219,39,2179,2179,169,4,-27,-22,-24
21.453125,39,2179,2179,169,4,-27,-22,-25
21.457031,40,2179,2179,169,4,-27,-22,-25
21.460938,40,2179,2179,169,4,-27,-22,-24
21.464844,40,2179,2179,168,4,-27,-22,-24
21.468750,40,2179,2179,169,4,-27,-22,-25
21.472656,40,2179,2179,169,4,-27,-22,-25
21.476562,40,2179,2179,169,4,-27,-22,-25
21.480469,40,2179,2179,169,4,-27,-22,-25
21.484375,39,2179,2179,170,4,-27,-22,-25
21.488281,39,2179,2179,171,4,-27,-22,-25
21.492188,39,2179,2179,171,4,-26,-22,-25
21.496094,39,2179,2179,172,4,-27,-22,-25
21.500000,39,2179,2179,173,3,-27,-22,-25
21.503906,38,2179,2179,173,4,-27,-22,-25
21.507812,39,2179,2179,173,4,-27,-22,-25
21.511719,38,2179,2179,173,4,-27,-22,-25
21.515625,38,2179,2179,172,4,-27,-22,-24
21.519531,38,2179,2179,173,4,-27,-22,-24
21.523438,38,2179,2179,172,4,-27,-22,-24
21.527344,38,2179,2179,172,4,-27,-21,-24
21.531250,38,2179,2179,172,4,-27,-21,-24
21.535156,38,2179,2179,173,4,-26,-21,-24
21.539062,38,2179,2179,173,4,-27,-21,-24
21.542969,39,2179,2179,173,4,-27,-21,-24
21.546875,39,2179,2179,174,4,-26,-22,-24
21.550781,39,2179,2179,174,5,-27,-22,-25
21.554688,38,2179,2179,174,4,-26,-22,-24
21.558594,39,2179,2179,174,4,-27,-22,-25
21.562500,39,2179,2179,174,4,-27,-22,-24
21.566406,39,2179,2179,174,4,-27,-22,-25
21.570312,39,2179,2179,174,5,-27,-22,-24
21.574219,39,2179,2179,174,4,-27,-22,-25
21.578125,39,2179,2179,173,4,-27,-22,-25
21.582031,39,2179,2179,174,4,-27,-22,-25
21.585938,39,2179,2179,174,4,-27,-22,-25
21.589844,39,2179,2179,174,5,-27,-22,-25
21.593750,39,2179,2179,175,4,-27,-22,-25
21.597656,39,2179,2179,175,4,-27,-22,-25
21.601562,39,2179,2179,176,5,-27,-22,-24
21.605469,38,2179,2179,176,5,-27,-22,-25
21.609375,39,2179,2179,176,4,-27,-22,-25
21.613281,39,2179,2179,176,4,-27,-22,-24
21.617188,38,2179,2179,176,4,-27,-22,-24
21.621094,38,2179,2179,177,4,-27,-22,-24
21.625000,39,2179,2179,176,3,-27,-22,-24
21.628906,39,2179,2179,177,4,-27,-22,-24
21.632812,39,2179,2179,177,4,-27,-22,-24
21.636719,39,2179,2179,178,4,-27,-22,-24
21.640625,39,2179,2179,178,4,-27,-22,-25
21.644531,39,2179,2179,178,4,-27,-22,-24
21.648438,39,2179,2179,178,4,-27,-22,-25
21.652344,39,2179,2179,178,4,-27,-22,-25
21.656250,39,2179,2179,178,4,-27,-22,-25
21.660156,40,2179,2179,178,4,-27,-22,-25
21.664062,40,2179,2179,178,3,-27,-22,-25
21.667969,40,2179,2179,179,4,-27,-22,-25
21.671875,40,2179,2179,179,4,-27,-22,-25
21.675781,40,2179,2179,178,3,-27,-22,-25
21.679688,40,2179,2179,178,4,-27,-22,-25
21.683594,40,2179,2179,179,4,-27,-22,-25
21.687500,40,2179,2179,179,4,-27,-22,-25
21.691406,40,2179,2179,179,4,-27,-22,-25
21.695312,40,2179,2179,180,4,-27,-22,-25
21.699219,39,2179,2179,180,4,-27,-22,-25
21.703125,39,2179,2179,181,4,-27,-22,-25
21.707031,39,2179,2179,181,4,-27,-22,-25
21.710938,39,2179,2179,181,4,-27,-22,-25
21.714844,38,2179,2179,180,4,-27,-22,-25
21.718750,38,2179,2179,181,4,-27,-22,-25
21.722656,39,2179,2179,181,4,-27,-22,-24
21.726562,38,2179,2179,180,4,-27,-22,-24
21.730469,38,2179,2179,180,4,-27,-22,-24
21.734375,38,2179,2179,181,4,-27,-22,-25
21.738281,38,2179,2179,181,4,-27,-22,-24
21.742188,38,2179,2179,181,4,-26,-22,-24
21.746094,39,2179,2179,181,4,-27,-22,-24
21.750000,38,2179,2179,181,4,-27,-22,-24
21.753906,39,2179,2179,181,4,-27,-22,-24
21.757812,39,2179,2179,181,4,-27,-22,-24
21.761719,39,2179,2179,182,4,-27,-22,-24
21.765625,39,2179,2179,182,4,-27,-22,-25
21.769531,38,2179,2179,183,4,-27,-22,-24
21.773438,39,2179,2179,183,4,-27,-22,-25
21.777344,38,2179,2179,183,4,-27,-22,-25
21.781250,38,2179,2179,183,4,-27,-22,-24
21.785156,38,2179,2179,183,5,-27,-22,-25
21.789062,37,2179,2179,183,5,-27,-22,-24
21.792969,37,2179,2179,183,4,-27,-22,-25
21.796875,37,2179,2179,183,4,-27,-22,-25
21.800781,37,2179,2179,183,5,-27,-22,-25
21.804688,37,2179,2179,184,4,-27,-22,-25
21.808594,37,2179,2179,183,4,-27,-22,-25
21.812500,37,2179,2179,184,4,-27,-22,-25
21.816406,36,2179,2179,184,4,-27,-22,-25
21.820312,35,2179,2179,184,5,-27,-22,-24
21.824219,35,2179,2179,184,4,-27,-22,-24
21.828125,35,2179,2179,183,4,-27,-22,-24
21.832031,35,2179,2179,183,4,-27,-22,-24
21.835938,35,2179,2179,184,4,-27,-22,-25
21.839844,35,2179,2179,184,4,-27,-22,-25
21.843750,35,2179,2179,184,4,-27,-22,-24
21.847656,36,2179,2179,184,4,-27,-22,-25
21.851562,35,2179,2179,184,4,-27,-22,-25
21.855469,35,2179,2179,183,4,-27,-22,-24
21.859375,36,2179,2179,183,4,-27,-22,-24
21.863281,36,2179,2179,183,3,-27,-22,-25
21.867188,36,2179,2179,183,4,-28,-22,-25
21.871094,36,2179,2179,183,4,-27,-22,-25
21.875000,36,2179,2179,183,4,-27,-22,-25
21.878906,36,2179,2179,183,4,-27,-22,-25
21.882812,36,2179,2179,184,4,-27,-22,-25
21.886719,36,2179,2179,184,4,-27,-22,-25
21.890625,36,2179,2179,184,5,-27,-22,-25
21.894531,36,2179,2179,184,4,-27,-22,-25
21.898438,36,2179,2179,184,4,-27,-22,-25
21.902344,36,2179,2179,185,4,-27,-22,-25
21.906250,36,2179,2179,185,4,-27,-22,-25
21.910156,36,2179,2179,184,4,-27,-22,-25
21.914062,36,2179,2179,184,4,-27,-22,-25
21.917969,35,2179,2179,185,4,-27,-22,-25
21.921875,35,2179,2179,185,5,-27,-22,-24
21.925781,36,2179,2179,184,4,-27,-22,-24
21.929688,36,2179,2179,184,4,-26,-22,-24
21.933594,35,2179,2179,185,5,-27,-22,-25
21.937500,36,2179,2179,185,5,-27,-22,-25
21.941406,36,2179,2179,184,5,-27,-22,-24
21.945312,36,2179,2179,184,4,-27,-22,-24
21.949219,35,2179,2179,185,4,-27,-22,-24
21.953125,35,2179,2179,185,5,-27,-22,-25
21.957031,35,2179,2179,185,5,-27,-22,-25
21.960938,35,2179,2179,185,4,-27,-22,-25
21.964844,35,2179,2179,185,4,-27,-22,-25
21.968750,34,2179,2179,186,5,-27,-22,-25
21.972656,34,2179,2179,186,4,-27,-22,-25
21.976562,34,2179,2179,186,4,-27,-22,-25
21.980469,34,2179,2179,186,4,-27,-22,-25
21.984375,34,2179,2179,186,5,-27,-22,-25
21.988281,34,2179,2179,186,4,-27,-22,-25
21.992188,34,2179,2179,185,4,-25,-22,-25
21.996094,34,2179,2179,185,4,-27,-22,-25
22.000000,33,2179,2179,185,6,-27,-22,-24
22.003906,33,2179,2179,185,5,-27,-22,-25
22.007812,33,2179,2179,185,4,-27,-22,-25
22.011719,33,2179,2179,185,4,-27,-22,-25
22.015625,32,2179,2179,186,4,-27,-22,-25
22.019531,32,2179,2179,186,5,-27,-22,-25
22.023438,33,2179,2179,187,4,-27,-22,-25
22.027344,32,2179,2179,187,4,-27,-21,-24
22.031250,32,2179,2179,187,4,-27,-22,-24
22.035156,32,2179,2179,187,4,-27,-21,-25
22.039062,32,2179,2179,187,4,-27,-21,-25
22.042969,33,2179,2179,187,4,-27,-21,-25
22.046875,33,2179,2179,186,4,-27,-22,-25
22.050781,32,2179,2179,186,4,-27,-22,-25
22.054688,33,2179,2179,186,4,-27,-22,-24
22.058594,33,2179,2179,185,4,-27,-22,-24
22.062500,33,2179,2179,185,4,-27,-22,-25
22.066406,33,2179,2179,185,4,-27,-22,-25
22.070312,33,2179,2179,185,4,-27,-22,-25
22.074219,33,2179,2179,185,4,-27,-22,-25
22.078125,33,2179,2179,185,4,-27,-22,-25
22.082031,32,2179,2179,185,4,-27,-22,-25
22.085938,32,2179,2179,186,4,-27,-22,-25
22.089844,32,2179,2179,186,4,-27,-22,-25
22.093750,32,2179,2179,186,4,-27,-22,-24
22.097656,31,2179,2179,186,4,-27,-22,-25
22.101562,32,2179,2179,187,5,-27,-22,-25
22.105469,32,2179,2179,187,4,-27,-22,-25
22.109375,32,2179,2179,186,4,-27,-22,-25
22.113281,32,2179,2179,186,4,-27,-22,-24
22.117188,31,2179,2179,186,4,-29,-22,-24
22.121094,31,2179,2179,186,4,-27,-22,-24
22.125000,31,2179,2179,185,4,-27,-22,-24
22.128906,31,2179,2179,185,4,-27,-22,-24
22.132812,31,2179,2179,186,4,-27,-21,-24
22.136719,31,2179,2179,186,4,-27,-22,-24
22.140625,31,2179,2179,187,4,-27,-22,-24
22.144531,31,2179,2179,187,4,-27,-22,-24
22.148438,31,2179,2179,187,4,-27,-22,-24
22.152344,31,2179,2179,187,4,-27,-22,-24
22.156250,32,2179,2179,187,4,-27,-22,-24
22.160156,32,2179,2179,187,4,-27,-22,-24
22.164062,32,2179,2179,187,4,-27,-22,-25
22.167969,32,2179,2179,187,4,-27,-22,-25
22.171875,32,2179,2179,187,4,-27,-22,-25
22.175781,32,2179,2179,186,4,-27,-22,-24
22.179688,32,2179,2179,186,4,-27,-22,-25
22.183594,32,2179,2179,186,4,-27,-22,-25
22.187500,33,2179,2179,186,4,-27,-22,-25
22.191406,33,2179,2179,186,5,-27,-22,-25
22.195312,33,2179,2179,186,4,-27,-22,-24
22.199219,33,2179,2179,187,4,-27,-22,-24
22.203125,33,2179,2179,187,4,-27,-22,-24
22.207031,33,2179,2179,188,4,-27,-22,-24
22.210938,33,2179,2179,188,4,-27,-22,-24
22.214844,32,2179,2179,188,4,-27,-22,-24
22.218750,32,2179,2179,189,4,-27,-22,-25
22.222656,33,2179,2179,188,4,-27,-22,-25
22.226562,33,2179,2179,188,4,-27,-22,-25
22.230469,33,2179,2179,187,4,-27,-22,-25
22.234375,33,2179,2179,187,4,-26,-22,-25
22.238281,33,2179,2179,186,4,-27,-22,-24
22.242188,33,2179,2179,186,4,-22,-22,-24
22.246094,33,2179,2179,185,4,-27,-22,-24
22.250000,33,2179,2179,186,4,-27,-22,-24
22.253906,33,2179,2179,186,4,-27,-22,-24
22.257812,33,2179,2179,186,4,-27,-22,-25
22.261719,33,2179,2179,186,3,-27,-22,-25
22.265625,33,2179,2179,187,3,-27,-22,-25
22.269531,33,2179,2179,187,4,-27,-22,-25
22.273438,33,2179,2179,187,4,-27,-22,-25
22.277344,33,2179,2179,186,3,-27,-22,-24
22.281250,32,2179,2179,186,4,-27,-22,-25
22.285156,32,2179,2179,186,4,-27,-22,-25
22.289062,32,2179,2179,186,4,-27,-22,-25
22.292969,32,2179,2179,186,4,-27,-22,-25
22.296875,32,2179,2179,186,4,-27,-22,-25
22.300781,31,2179,2179,187,4,-27,-22,-25
22.304688,31,2179,2179,188,4,-27,-22,-25
22.308594,31,2179,2179,188,4,-27,-22,-24
22.312500,31,2179,2179,188,4,-27,-22,-24
22.316406,31,2179,2179,189,4,-27,-22,-24
22.320312,31,2179,2179,189,5,-26,-22,-24
22.324219,31,2179,2179,189,4,-27,-22,-24
22.328125,31,2179,2179,188,4,-27,-22,-24
22.332031,31,2179,2179,188,4,-27,-22,-24
22.335938,31,2179,2179,188,4,-27,-22,-24
22.339844,31,2179,2179,188,4,-27,-22,-24
22.343750,32,2179,2179,188,4,-27,-22,-24
22.347656,31,2179,2179,188,4,-27,-22,-24
22.351562,31,2179,2179,188,4,-27,-22,-24
22.355469,31,2179,2179,188,4,-27,-22,-24
22.359375,32,2179,2179,187,4,-27,-22,-25
22.363281,32,2179,2179,187,4,-27,-22,-24
22.367188,31,2179,2179,187,4,-32,-22,-25
22.371094,31,2179,2179,187,4,-27,-22,-25
22.375000,32,2179,2179,187,4,-27,-22,-25
22.378906,32,2179,2179,188,4,-27,-22,-24
22.382812,31,2179,2179,188,4,-27,-22,-25
22.386719,31,2179,2179,189,4,-27,-22,-25
22.390625,31,2179,2179,189,4,-27,-22,-25
22.394531,31,2179,2179,188,4,-27,-22,-25
22.398438,31,2179,2179,188,4,-27,-22,-25
22.402344,31,2179,2179,189,4,-27,-22,-25
22.406250,31,2179,2179,189,4,-27,-22,-25
22.410156,31,2179,2179,188,4,-27,-22,-25
22.414062,31,2179,2179,188,4,-27,-22,-25
22.417969,31,2179,2179,189,4,-27,-22,-24
22.421875,31,2179,2179,188,4,-27,-22,-24
22.425781,31,2179,2179,188,4,-27,-22,-24
22.429688,31,2179,2179,188,4,-27,-22,-24
22.433594,31,2179,2179,188,4,-27,-22,-24
22.437500,31,2179,2179,188,4,-27,-22,-24
22.441406,31,2179,2179,187,4,-27,-22,-24
22.445312,31,2179,2179,187,4,-27,-22,-24
22.449219,31,2179,2179,187,4,-27,-22,-24
22.453125,31,2179,2179,187,4,-27,-22,-24
22.457031,32,2179,2179,187,4,-27,-22,-25
22.460938,32,2179,2179,187,4,-27,-22,-24
22.464844,32,2179,2179,187,3,-27,-22,-25
22.468750,32,2179,2179,188,4,-27,-22,-24
22.472656,32,2179,2179,188,4,-27,-22,-25
22.476562,32,2179,2179,188,4,-27,-22,-25
22.480469,32,2179,2179,188,4,-27,-22,-25
22.484375,32,2179,2179,189,4,-27,-22,-25
22.488281,32,2179,2179,188,4,-27,-22,-25
22.492188,32,2179,2179,188,4,-20,-22,-25
22.496094,32,2179,2179,188,4,-27,-22,-24
22.500000,32,2179,2179,188,4,-27,-22,-24
22.503906,32,2179,2179,188,4,-27,-22,-25
22.507812,32,2179,2179,188,4,-27,-22,-25
22.511719,31,2179,2179,188,4,-27,-22,-25
22.515625,31,2179,2179,188,4,-27,-22,-25
22.519531,31,2179,2179,189,4,-27,-22,-25
22.523438,31,2179,2179,189,4,-27,-22,-24
22.527344,31,2179,2179,188,4,-27,-22,-24
22.531250,31,2179,2179,188,4,-27,-22,-24
22.535156,31,2179,2179,189,4,-27,-22,-24
22.539062,32,2179,2179,189,5,-27,-22,-24
22.542969,32,2179,2179,189,4,-27,-22,-24
22.546875,32,2179,2179,189,4,-27,-22,-24
22.550781,32,2179,2179,190,5,-27,-22,-24
22.554688,32,2179,2179,189,4,-27,-22,-25
22.558594,32,2179,2179,189,4,-27,-22,-25
22.562500,32,2179,2179,188,4,-27,-22,-25
22.566406,32,2179,2179,188,4,-27,-22,-25
22.570312,32,2179,2179,188,4,-27,-22,-25
22.574219,32,2179,2179,188,4,-27,-22,-25
22.578125,32,2179,2179,188,4,-27,-22,-25
22.582031,31,2179,2179,188,4,-27,-22,-25
22.585938,31,2179,2179,189,4,-27,-22,-25
22.589844,31,2179,2179,189,5,-27,-22,-25
22.593750,31,2179,2179,189,4,-27,-22,-25
22.597656,30,2179,2179,189,4,-27,-22,-24
22.601562,30,2179,2179,190,4,-27,-22,-24
22.605469,30,2179,2179,189,4,-27,-22,-24
22.609375,30,2179,2179,189,4,-27,-21,-24
22.613281,30,2179,2179,189,4,-27,-22,-24
22.617188,29,2179,2179,189,4,-34,-22,-24
22.621094,29,2179,2179,189,4,-26,-22,-24
22.625000,29,2179,2179,189,4,-27,-22,-24
22.628906,30,2179,2179,189,4,-27,-22,-24
22.632812,29,2179,2179,190,4,-27,-22,-24
22.636719,29,2179,2179,190,4,-27,-22,-25
22.640625,29,2179,2179,190,5,-27,-22,-24
22.644531,29,2179,2179,189,4,-27,-22,-24
22.648438,29,2179,2179,189,4,-27,-22,-24
22.652344,29,2179,2179,189,4,-27,-22,-25
22.656250,29,2179,2179,189,4,-26,-22,-24
22.660156,29,2179,2179,189,4,-26,-22,-25
22.664062,29,2179,2179,188,4,-27,-22,-25
22.667969,28,2179,2179,189,4,-27,-22,-25
22.671875,28,2179,2179,189,4,-27,-22,-24
22.675781,28,2179,2179,189,4,-27,-22,-25
22.679688,28,2179,2179,189,4,-27,-22,-25
22.683594,28,2179,2179,190,4,-27,-22,-25
22.687500,28,2179,2179,190,4,-27,-22,-25
22.691406,28,2179,2179,190,4,-27,-22,-25
22.695312,28,2179,2179,190,4,-27,-22,-24
22.699219,27,2179,2179,189,4,-27,-22,-24
22.703125,27,2179,2179,189,4,-27,-22,-24
22.707031,27,2179,2179,188,4,-27,-22,-24
22.710938,26,2179,2179,188,4,-27,-22,-25
22.714844,26,2179,2179,188,4,-27,-22,-24
22.718750,25,2179,2179,188,4,-26,-22,-24
22.722656,26,2179,2179,188,4,-27,-22,-24
22.726562,26,2179,2179,188,4,-27,-22,-24
22.730469,26,2179,2179,188,4,-27,-22,-25
22.734375,26,2179,2179,189,4,-27,-21,-24
22.738281,27,2179,2179,189,4,-27,-22,-24
22.742188,27,2179,2179,189,4,-23,-22,-24
22.746094,28,2179,2179,189,4,-27,-22,-24
22.750000,28,2179,2179,189,4,-27,-22,-24
22.753906,28,2179,2179,188,4,-27,-22,-25
22.757812,29,2179,2179,188,4,-27,-22,-25
22.761719,29,2179,2179,188,4,-27,-22,-25
22.765625,29,2179,2179,188,4,-27,-22,-25
22.769531,29,2179,2179,189,5,-27,-22,-25
22.773438,30,2179,2179,189,5,-27,-22,-25
22.777344,30,2179,2179,189,4,-27,-22,-25
22.781250,30,2179,2179,189,4,-27,-22,-25
22.785156,30,2179,2179,190,5,-27,-22,-25
22.789062,30,2179,2179,190,5,-27,-22,-25
22.792969,30,2179,2179,190,4,-27,-22,-25
22.796875,30,2179,2179,189,4,-27,-22,-25
22.800781,30,2179,2179,190,5,-27,-22,-25
22.804688,30,2179,2179,190,5,-27,-22,-24
22.808594,30,2179,2179,189,4,-27,-22,-24
22.812500,30,2179,2179,189,4,-27,-22,-24
22.816406,30,2179,2179,189,4,-27,-22,-24
22.820312,29,2179,2179,189,5,-27,-22,-24
22.824219,30,2179,2179,189,4,-27,-22,-24
22.828125,30,2179,2179,188,4,-27,-22,-25
22.832031,29,2179,2179,188,4,-27,-22,-24
22.835938,29,2179,2179,189,4,-27,-22,-25
22.839844,30,2179,2179,189,4,-27,-22,-25
22.843750,30,2179,2179,189,4,-27,-22,-24
22.847656,30,2179,2179,189,3,-27,-22,-24
22.851562,30,2179,2179,189,4,-27,-22,-24
22.855469,30,2179,2179,189,3,-27,-22,-25
22.859375,30,2179,2179,189,3,-27,-21,-25
22.863281,30,2179,2179,189,3,-27,-22,-25
22.867188,29,2179,2179,189,4,-30,-22,-25
22.871094,29,2179,2179,189,4,-27,-22,-25
22.875000,30,2179,2179,188,4,-27,-22,-25
22.878906,29,2179,2179,188,4,-27,-22,-25
22.882812,29,2179,2179,188,3,-27,-22,-25
22.886719,29,2179,2179,189,4,-27,-22,-25
22.890625,30,2179,2179,189,4,-27,-22,-25
22.894531,29,2179,2179,189,4,-27,-22,-25
22.898438,29,2179,2179,189,4,-27,-22,-24
22.902344,28,2179,2179,190,4,-27,-22,-24
22.906250,28,2179,2179,191,4,-27,-22,-25
22.910156,28,2179,2179,191,4,-27,-22,-24
22.914062,28,2179,2179,191,4,-27,-22,-24
22.917969,28,2179,2179,191,4,-26,-22,-24
22.921875,27,2179,2179,191,5,-26,-22,-24
22.925781,28,2179,2179,190,4,-26,-22,-24
22.929688,28,2179,2179,190,4,-27,-22,-24
22.933594,27,2179,2179,190,5,-27,-22,-24
22.937500,27,2179,2179,190,5,-27,-22,-24
22.941406,28,2179,2179,189,5,-27,-22,-25
22.945312,28,2179,2179,189,4,-27,-22,-25
22.949219,28,2179,2179,189,4,-27,-22,-24
22.953125,28,2179,2179,189,4,-27,-22,-24
22.957031,28,2179,2179,189,4,-27,-22,-25
22.960938,27,2179,2179,188,4,-27,-22,-24
22.964844,26,2179,2179,188,4,-27,-22,-25
22.968750,26,2179,2179,189,4,-27,-22,-25
22.972656,25,2179,2179,189,4,-27,-22,-25
22.976562,25,2179,2179,188,4,-27,-22,-25
22.980469,24,2179,2179,187,4,-27,-22,-25
22.984375,23,2179,2179,184,5,-27,-22,-25
22.988281,22,2179,2179,180,5,-27,-22,-25
22.992188,22,2179,2179,173,4,-27,-22,-25
22.996094,22,2179,2179,165,4,-27,-22,-25
23.000000,21,2179,2179,155,4,-27,-22,-25
23.003906,20,2179,2179,144,4,-27,-22,-25
23.007812,21,2179,2179,131,4,-26,-22,-24
23.011719,20,2179,2179,117,4,-27,-22,-24
23.015625,20,2179,2179,102,4,-27,-22,-24
23.019531,20,2179,2179,87,5,-26,-22,-24
23.023438,20,2179,2179,71,5,-27,-22,-24
23.027344,20,2179,2179,56,4,-27,-22,-24
23.031250,19,2179,2179,44,4,-27,-22,-25
23.035156,19,2179,2179,34,5,-27,-22,-24
23.039062,18,2179,2179,27,5,-27,-22,-24
23.042969,18,2179,2179,22,4,-27,-22,-24
23.046875,18,2179,2179,20,4,-27,-22,-24
23.050781,18,2179,2179,19,4,-27,-22,-24
23.054688,18,2179,2179,19,4,-27,-22,-24
23.058594,18,2179,2179,18,4,-27,-22,-25
23.062500,17,2179,2179,18,4,-27,-22,-24
23.066406,17,2179,2179,17,4,-27,-22,-25
23.070312,16,2179,2179,16,4,-27,-22,-25
23.074219,16,2179,2179,15,4,-27,-22,-25
23.078125,16,2179,2179,14,4,-27,-22,-25
23.082031,16,2179,2179,14,4,-27,-22,-25
23.085938,16,2179,2179,14,4,-27,-22,-25
23.089844,16,2179,2179,14,4,-27,-22,-25
23.093750,16,2179,2179,14,4,-27,-22,-24
23.097656,15,2179,2179,14,4,-27,-22,-24
23.101562,15,2179,2179,15,4,-27,-22,-24
23.105469,14,2179,2179,15,4,-27,-22,-25
23.109375,14,2179,2179,14,4,-27,-21,-24
23.113281,14,2179,2179,14,4,-27,-22,-24
23.117188,13,2179,2179,14,4,-27,-22,-24
23.121094,13,2179,2179,14,4,-27,-22,-24
23.125000,13,2179,2179,14,4,-27,-22,-25
23.128906,13,2179,2179,14,4,-27,-22,-24
23.132812,13,2179,2179,14,4,-27,-22,-24
23.136719,13,2179,2179,15,4,-27,-22,-24
23.140625,13,2179,2179,15,4,-27,-22,-24
23.144531,12,2179,2179,15,4,-27,-22,-24
23.148438,12,2179,2179,16,4,-27,-22,-25
23.152344,12,2179,2179,16,4,-27,-22,-25
23.156250,12,2179,2179,16,4,-27,-22,-25
23.160156,12,2179,2179,15,4,-27,-22,-24
23.164062,12,2179,2179,15,4,-27,-22,-24
23.167969,11,2179,2179,15,4,-27,-22,-24
23.171875,11,2179,2179,15,5,-27,-22,-24
23.175781,11,2179,2179,14,4,-27,-22,-25
23.179688,10,2179,2179,14,4,-27,-22,-25
23.183594,10,2179,2179,15,5,-27,-22,-25
23.187500,10,2179,2179,15,5,-27,-22,-25
23.191406,10,2179,2179,15,4,-27,-22,-25
23.195312,10,2179,2179,15,4,-27,-22,-24
23.199219,9,2179,2179,15,4,-27,-22,-25
23.203125,9,2179,2179,15,5,-27,-22,-24
23.207031,9,2179,2179,15,4,-27,-22,-24
23.210938,9,2179,2179,14,4,-27,-22,-24
23.214844,9,2179,2179,14,4,-27,-22,-24
23.218750,9,2179,2179,14,5,-27,-22,-25
23.222656,9,2179,2179,14,4,-27,-22,-24
23.226562,9,2179,2179,14,4,-27,-22,-24
23.230469,9,2179,2179,14,4,-27,-22,-24
23.234375,9,2179,2179,15,4,-27,-21,-24
23.238281,9,2179,2179,15,4,-27,-22,-24
23.242188,9,2179,2179,14,4,-27,-22,-25
23.246094,9,2179,2179,14,3,-27,-22,-24
23.250000,9,2179,2179,14,4,-27,-22,-24
23.253906,9,2179,2179,14,4,-27,-22,-24
23.257812,9,2179,2179,13,4,-27,-22,-25
23.261719,9,2179,2179,13,3,-27,-22,-25
23.265625,9,2179,2179,13,3,-27,-22,-25
23.269531,9,2179,2179,13,4,-27,-22,-25
23.273438,9,2179,2179,14,4,-27,-22,-25
23.277344,9,2179,2179,14,3,-27,-22,-25
23.281250,8,2179,2179,14,3,-27,-22,-25
23.285156,8,2179,2179,14,4,-27,-22,-25
23.289062,8,2179,2179,14,4,-27,-22,-25
23.292969,8,2179,2179,14,4,-27,-22,-25
23.296875,8,2179,2179,13,4,-27,-22,-24
23.300781,8,2179,2179,13,4,-27,-22,-25
23.304688,8,2179,2179,13,4,-27,-22,-24
23.308594,8,2179,2179,13,4,-27,-22,-25
23.312500,8,2179,2179,13,4,-27,-22,-24
23.316406,7,2179,2179,14,4,-27,-22,-24
23.320312,7,2179,2179,15,4,-26,-22,-25
23.324219,7,2179,2179,15,4,-27,-22,-24
23.328125,8,2179,2179,15,4,-26,-21,-24
23.332031,7,2179,2179,15,4,-27,-21,-24
23.335938,7,2179,2179,15,4,-27,-21,-25
23.339844,8,2179,2179,15,4,-27,-22,-24
23.343750,8,2179,2179,14,4,-27,-22,-24
23.347656,8,2179,2179,15,4,-27,-22,-24
23.351562,8,2179,2179,15,4,-27,-22,-24
23.355469,8,2179,2179,15,4,-27,-22,-25
23.359375,8,2179,2179,15,4,-27,-21,-25
23.363281,8,2179,2179,15,4,-27,-22,-24
23.367188,8,2179,2179,15,4,-27,-22,-24
23.371094,8,2179,2179,15,5,-27,-22,-25
23.375000,8,2179,2179,14,4,-27,-22,-25
23.378906,8,2179,2179,14,4,-27,-22,-25
23.382812,8,2179,2179,14,4,-27,-22,-25
23.386719,8,2179,2179,15,5,-27,-22,-25
23.390625,8,2179,2179,15,5,-27,-22,-25
23.394531,8,2179,2179,14,4,-27,-22,-25
23.398438,8,2179,2179,15,4,-27,-22,-24
23.402344,7,2179,2179,15,5,-27,-22,-24
23.406250,8,2179,2179,15,4,-27,-22,-24
23.410156,8,2179,2179,14,4,-27,-22,-24
23.414062,8,2179,2179,14,4,-27,-22,-24
23.417969,7,2179,2179,14,4,-27,-22,-24
23.421875,8,2179,2179,14,4,-26,-22,-24
23.425781,8,2179,2179,14,4,-27,-22,-24
23.429688,8,2179,2179,14,4,-27,-22,-25
23.433594,8,2179,2179,14,4,-27,-22,-25
23.437500,8,2179,2179,14,4,-27,-22,-25
23.441406,8,2179,2179,14,4,-27,-22,-25
23.445312,8,2179,2179,14,3,-27,-22,-25
23.449219,8,2179,2179,14,4,-27,-22,-25
23.453125,8,2179,2179,15,4,-27,-22,-25
23.457031,9,2179,2179,15,4,-27,-22,-25
23.460938,8,2179,2179,15,4,-27,-22,-25
23.464844,8,2179,2179,15,4,-27,-22,-25
23.468750,8,2179,2179,15,5,-27,-22,-25
23.472656,8,2179,2179,15,4,-27,-22,-25
23.476562,8,2179,2179,14,4,-27,-22,-24
23.480469,8,2179,2179,14,4,-27,-22,-25
23.484375,7,2179,2179,14,4,-27,-23,-25
23.488281,7,2179,2179,14,5,-27,-22,-25
23.492188,7,2179,2179,14,4,-27,-22,-25
23.496094,7,2179,2179,14,4,-27,-22,-25
23.500000,7,2179,2179,14,4,-27,-22,-25
23.503906,7,2179,2179,14,4,-27,-22,-24
23.507812,7,2179,2179,14,4,-27,-22,-24
23.511719,7,2179,2179,14,4,-27,-22,-24
23.515625,7,2179,2179,14,4,-26,-22,-24
23.519531,7,2179,2179,15,4,-27,-22,-24
23.523438,7,2179,2179,15,4,-27,-22,-24
23.527344,7,2179,2179,14,4,-27,-22,-24
23.531250,7,2179,2179,15,4,-27,-22,-24
23.535156,7,2179,2179,15,4,-27,-22,-24
23.539062,7,2179,2179,15,5,-27,-22,-24
23.542969,7,2179,2179,14,4,-26,-22,-24
23.546875,7,2179,2179,14,4,-27,-22,-24
23.550781,7,2179,2179,14,4,-27,-22,-24
23.554688,7,2179,2179,14,4,-27,-22,-25
23.558594,7,2179,2179,13,4,-27,-22,-24
23.562500,7,2179,2179,13,4,-27,-22,-24
23.566406,7,2179,2179,14,4,-27,-22,-25
23.570312,7,2179,2179,14,5,-27,-22,-25
23.574219,7,2179,2179,14,5,-27,-22,-25
23.578125,7,2179,2179,14,5,-27,-22,-25
23.582031,6,2179,2179,15,5,-27,-22,-25
23.585938,6,2179,2179,15,5,-27,-22,-25
23.589844,6,2179,2179,15,5,-27,-22,-25
23.593750,6,2179,2179,15,4,-27,-22,-25
23.597656,6,2179,2179,15,4,-27,-22,-25
23.601562,6,2179,2179,15,5,-27,-22,-24
23.605469,6,2179,2179,15,4,-27,-22,-25
23.609375,7,2179,2179,14,4,-27,-23,-24
23.613281,7,2179,2179,14,4,-27,-21,-25
23.617188,7,2179,2179,14,4,-27,-22,-24
23.621094,7,2179,2179,14,4,-27,-21,-25
23.625000,8,2179,2179,14,4,-27,-22,-25
23.628906,8,2179,2179,14,4,-27,-22,-24
23.632812,8,2179,2179,14,4,-27,-22,-24
23.636719,8,2179,2179,14,4,-27,-22,-24
23.640625,8,2179,2179,14,4,-26,-22,-24
23.644531,9,2179,2179,14,4,-27,-22,-24
23.648438,8,2179,2179,15,4,-27,-22,-24
23.652344,9,2179,2179,15,4,-26,-22,-25
23.656250,9,2179,2179,15,4,-27,-22,-25
23.660156,9,2179,2179,15,4,-27,-22,-25
23.664062,9,2179,2179,14,4,-27,-22,-25
23.667969,9,2179,2179,14,4,-27,-22,-25
23.671875,8,2179,2179,14,4,-27,-22,-25
23.675781,9,2179,2179,13,4,-27,-22,-25
23.679688,8,2179,2179,13,4,-27,-22,-25
23.683594,8,2179,2179,14,4,-27,-22,-25
23.687500,8,2179,2179,14,4,-27,-22,-25
23.691406,8,2179,2179,15,4,-27,-22,-25
23.695312,8,2179,2179,15,4,-27,-22,-24
23.699219,7,2179,2179,15,4,-27,-22,-25
23.703125,7,2179,2179,15,4,-27,-22,-24
23.707031,7,2179,2179,15,4,-27,-22,-24
23.710938,7,2179,2179,14,4,-27,-22,-24
23.714844,7,2179,2179,14,4,-27,-22,-24
23.718750,7,2179,2179,14,4,-27,-22,-24
23.722656,7,2179,2179,14,4,-27,-22,-24
23.726562,7,2179,2179,13,4,-27,-21,-24
23.730469,7,2179,2179,14,4,-27,-22,-24
23.734375,7,2179,2179,14,4,-26,-23,-24
23.738281,7,2179,2179,15,5,-26,-22,-25
23.742188,8,2179,2179,15,4,-26,-22,-24
23.746094,8,2179,2179,15,4,-27,-22,-25
23.750000,8,2179,2179,15,4,-27,-22,-24
23.753906,8,2179,2179,15,4,-27,-22,-24
23.757812,8,2179,2179,14,5,-27,-22,-25
23.761719,8,2179,2179,14,4,-27,-22,-25
23.765625,8,2179,2179,14,4,-27,-22,-25
23.769531,8,2179,2179,15,5,-27,-22,-24
23.773438,8,2179,2179,15,5,-27,-22,-24
23.777344,8,2179,2179,15,5,-27,-22,-24
23.781250,8,2179,2179,15,4,-27,-22,-24
23.785156,8,2179,2179,15,5,-27,-22,-24
23.789062,8,2179,2179,15,5,-27,-22,-24
23.792969,8,2179,2179,14,4,-27,-22,-24
23.796875,8,2179,2179,14,4,-27,-22,-24
23.800781,7,2179,2179,14,5,-27,-22,-24
23.804688,7,2179,2179,14,4,-27,-22,-24
23.808594,7,2179,2179,13,4,-27,-22,-25
23.812500,8,2179,2179,13,4,-27,-22,-24
23.816406,7,2179,2179,13,4,-27,-22,-24
23.820312,8,2179,2179,14,4,-26,-22,-24
23.824219,8,2179,2179,13,4,-26,-22,-24
23.828125,8,2179,2179,14,4,-26,-22,-24
23.832031,8,2179,2179,14,4,-27,-22,-24
23.835938,8,2179,2179,14,4,-26,-22,-24
23.839844,8,2179,2179,15,4,-27,-22,-25
23.843750,8,2179,2179,14,4,-27,-22,-24
23.847656,8,2179,2179,14,4,-27,-22,-25
23.851562,8,2179,2179,14,4,-27,-22,-24
23.855469,8,2179,2179,14,4,-27,-22,-25
23.859375,8,2179,2179,14,4,-27,-22,-25
23.863281,8,2179,2179,14,3,-27,-22,-25
23.867188,8,2179,2179,14,4,-27,-22,-25
23.871094,8,2179,2179,14,4,-27,-22,-25
23.875000,8,2179,2179,14,4,-27,-22,-25
23.878906,8,2179,2179,14,4,-27,-22,-24
23.882812,8,2179,2179,14,4,-27,-22,-24
23.886719,8,2179,2179,14,4,-27,-22,-25
23.890625,8,2179,2179,14,4,-27,-22,-24
23.894531,8,2179,2179,14,4,-27,-22,-24
23.898438,8,2179,2179,14,4,-27,-22,-24
23.902344,8,2179,2179,15,4,-27,-22,-24
23.906250,8,2179,2179,15,4,-27,-22,-24
23.910156,8,2179,2179,15,4,-27,-22,-24
23.914062,8,2179,2179,15,4,-27,-22,-24
23.917969,8,2179,2179,15,4,-27,-22,-24
23.921875,8,2179,2179,15,5,-26,-22,-24
23.925781,9,2179,2179,15,4,-27,-22,-24
23.929688,9,2179,2179,14,4,-27,-22,-24
23.933594,9,2179,2179,14,4,-27,-22,-24
23.937500,9,2179,2179,14,4,-27,-22,-24
23.941406,9,2179,2179,14,4,-27,-22,-24
23.945312,9,2179,2179,14,4,-27,-22,-24
23.949219,9,2179,2179,13,4,-27,-22,-25
23.953125,9,2179,2179,14,4,-27,-22,-25
23.957031,9,2179,2179,14,4,-27,-22,-25
23.960938,8,2179,2179,14,4,-27,-22,-25
23.964844,8,2179,2179,14,4,-27,-22,-24
23.968750,8,2179,2179,14,4,-27,-22,-24
23.972656,8,2179,2179,14,4,-27,-22,-24
23.976562,8,2179,2179,14,4,-27,-22,-23
23.980469,7,2179,2179,15,4,-27,-22,-25
23.984375,7,2179,2179,15,4,-27,-22,-25
23.988281,7,2179,2179,16,4,-27,-22,-25
23.992188,7,2179,2179,15,4,-27,-22,-25
23.996094,8,2179,2179,15,4,-27,-22,-24
24.000000,7,2179,2179,15,4,-27,-22,-24
24.003906,7,2179,2179,15,4,-26,-22,-24
24.007812,7,2179,2179,14,4,-27,-22,-24
24.011719,7,2179,2179,14,4,-26,-22,-24
24.015625,7,2179,2179,14,4,-27,-21,-24
24.019531,6,2179,2179,15,4,-26,-22,-24
24.023438,7,2179,2179,15,4,-27,-21,-24
24.027344,7,2179,2179,15,4,-27,-22,-24
24.031250,6,2179,2179,15,4,-27,-22,-24
24.035156,6,2179,2179,15,5,-27,-22,-24
24.039062,6,2179,2179,15,5,-27,-22,-24
24.042969,7,2179,2179,14,4,-27,-22,-24
24.046875,7,2179,2179,14,4,-27,-22,-24
24.050781,7,2179,2179,13,4,-27,-22,-25
24.054688,7,2179,2179,13,4,-27,-22,-24
24.058594,7,2179,2179,12,4,-27,-22,-24
24.062500,7,2179,2179,12,4,-27,-22,-24
24.066406,7,2179,2179,13,4,-27,-22,-24
24.070312,7,2179,2179,13,4,-27,-22,-25
24.074219,7,2179,2179,13,4,-27,-22,-24
24.078125,6,2179,2179,13,4,-27,-22,-24
24.082031,6,2179,2179,13,4,-27,-22,-24
24.085938,6,2179,2179,14,4,-27,-22,-24
24.089844,6,2179,2179,14,4,-27,-22,-24
24.093750,6,2179,2179,13,4,-27,-22,-24
24.097656,6,2179,2179,13,4,-27,-22,-24
24.101562,6,2179,2179,13,4,-26,-22,-24
24.105469,6,2179,2179,13,4,-26,-22,-24
24.109375,6,2179,2179,13,4,-27,-22,-24
24.113281,7,2179,2179,13,4,-26,-22,-24
24.117188,7,2179,2179,14,4,-27,-22,-24
24.121094,7,2179,2179,14,4,-26,-22,-24
24.125000,7,2179,2179,13,4,-27,-22,-24
24.128906,7,2179,2179,13,4,-27,-22,-24
24.132812,7,2179,2179,13,4,-27,-22,-24
24.136719,7,2179,2179,13,4,-27,-22,-24
24.140625,8,2179,2179,14,4,-27,-22,-24
24.144531,8,2179,2179,13,4,-27,-22,-24
24.148438,8,2179,2179,13,4,-27,-22,-24
24.152344,8,2179,2179,14,5,-27,-22,-24
24.156250,8,2179,2179,14,5,-27,-22,-24
24.160156,8,2179,2179,14,4,-27,-22,-24
24.164062,8,2179,2179,14,4,-27,-22,-25
24.167969,8,2179,2179,15,4,-27,-22,-25
24.171875,8,2179,2179,15,5,-27,-22,-25
24.175781,9,2179,2179,14,4,-27,-22,-25
24.179688,9,2179,2179,15,4,-27,-22,-25
24.183594,9,2179,2179,15,5,-27,-22,-24
24.187500,9,2179,2179,15,5,-27,-22,-25
24.191406,9,2179,2179,15,5,-27,-22,-24
24.195312,9,2179,2179,15,4,-27,-22,-24
24.199219,9,2179,2179,15,5,-27,-22,-24
24.203125,9,2179,2179,16,5,-27,-22,-24
24.207031,9,2179,2179,16,5,-27,-22,-24
24.210938,9,2179,2179,15,4,-27,-21,-24
24.214844,9,2179,2179,14,4,-27,-22,-24
24.218750,10,2179,2179,14,5,-27,-22,-24
24.222656,10,2179,2179,13,4,-27,-22,-24
24.226562,10,2179,2179,13,4,-27,-22,-24
24.230469,11,2179,2179,13,4,-27,-22,-25
24.234375,11,2179,2179,13,4,-27,-22,-24
24.238281,11,2179,2179,13,4,-27,-22,-25
24.242188,12,2179,2179,13,4,-27,-22,-24
24.246094,12,2179,2179,13,4,-27,-22,-25
24.250000,12,2179,2179,13,4,-27,-22,-24
24.253906,12,2179,2179,13,4,-27,-22,-24
24.257812,13,2179,2179,13,4,-27,-22,-24
24.261719,13,2179,2179,13,3,-27,-22,-24
24.265625,13,2179,2179,13,4,-27,-22,-25
24.269531,13,2179,2179,13,4,-27,-22,-25
24.273438,14,2179,2179,13,4,-27,-22,-24
24.277344,14,2179,2179,13,3,-27,-22,-24
24.281250,14,2179,2179,13,3,-27,-22,-24
24.285156,14,2179,2179,14,4,-27,-22,-24
24.289062,15,2179,2179,14,4,-27,-22,-24
24.292969,15,2179,2179,14,4,-27,-22,-24
24.296875,15,2179,2179,14,4,-27,-22,-24
24.300781,15,2179,2179,15,4,-27,-22,-24
24.304688,15,2179,2179,15,4,-27,-22,-24
24.308594,16,2179,2179,14,4,-26,-22,-24
24.312500,16,2179,2179,14,4,-27,-22,-24
24.316406,16,2179,2179,14,4,-27,-22,-24
24.320312,17,2179,2179,15,4,-27,-22,-24
24.324219,17,2179,2179,14,4,-27,-22,-24
24.328125,17,2179,2179,14,4,-27,-22,-24
24.332031,17,2179,2179,14,4,-27,-22,-24
24.335938,18,2179,2179,14,4,-27,-22,-24
24.339844,18,2179,2179,14,5,-27,-22,-24
24.343750,18,2179,2179,13,4,-27,-22,-25
24.347656,19,2179,2179,13,4,-27,-22,-25
24.351562,19,2179,2179,14,5,-27,-22,-26
24.355469,19,2179,2179,14,5,-27,-22,-25
24.359375,20,2179,2179,14,4,-27,-22,-25
24.363281,20,2179,2179,14,4,-27,-22,-25
24.367188,20,2179,2179,15,5,-27,-22,-25
24.371094,20,2179,2179,16,5,-27,-22,-25
24.375000,21,2179,2179,15,4,-27,-22,-25
24.378906,21,2179,2179,15,4,-27,-22,-24
24.382812,21,2179,2179,15,4,-27,-22,-25
24.386719,21,2179,2179,15,5,-27,-22,-24
24.390625,22,2179,2179,15,5,-27,-22,-24
24.394531,22,2179,2179,14,4,-27,-22,-24
24.398438,22,2179,2179,14,4,-27,-22,-24
24.402344,22,2179,2179,14,4,-27,-22,-24
24.406250,23,2179,2179,14,5,-27,-22,-24
24.410156,23,2179,2179,14,4,-27,-22,-24
24.414062,24,2179,2179,14,4,-27,-22,-24
24.417969,24,2179,2179,14,5,-27,-22,-24
24.421875,25,2179,2179,14,4,-27,-22,-24
24.425781,25,2179,2179,13,4,-26,-22,-24
24.429688,26,2179,2179,13,4,-27,-22,-24
24.433594,26,2179,2179,13,4,-27,-22,-24
24.437500,26,2179,2179,13,4,-27,-22,-24
24.441406,27,2179,2179,13,3,-27,-22,-24
24.445312,28,2179,2179,13,3,-27,-22,-24
24.449219,28,2179,2179,14,4,-27,-22,-25
24.453125,28,2179,2179,14,4,-27,-22,-25
24.457031,29,2179,2179,14,4,-27,-22,-25
24.460938,29,2179,2179,14,3,-27,-22,-24
24.464844,30,2179,2179,14,3,-27,-22,-25
24.468750,30,2179,2179,14,4,-27,-22,-25
24.472656,31,2179,2179,14,4,-27,-22,-25
24.476562,31,2179,2179,13,4,-27,-22,-25
24.480469,32,2179,2179,13,4,-27,-22,-25
24.484375,32,2179,2179,13,4,-27,-22,-25
24.488281,32,2179,2179,13,4,-27,-22,-25
24.492188,32,2179,2179,13,4,-27,-22,-25
24.496094,32,2179,2179,13,4,-27,-22,-25
24.500000,32,2179,2179,13,4,-27,-22,-24
24.503906,32,2179,2179,14,4,-27,-22,-24
24.507812,32,2179,2179,13,4,-27,-22,-24
24.511719,32,2179,2179,13,4,-26,-22,-24
24.515625,32,2179,2179,13,4,-27,-22,-24
24.519531,32,2179,2179,14,5,-26,-22,-24
24.523438,32,2179,2179,14,4,-26,-22,-24
24.527344,32,2179,2179,14,4,-27,-22,-24
24.531250,32,2179,2179,14,4,-27,-22,-25
24.535156,32,2179,2179,15,4,-27,-22,-25
24.539062,32,2179,2179,15,4,-27,-22,-25
24.542969,33,2179,2179,15,4,-27,-22,-25
24.546875,33,2179,2179,15,4,-27,-22,-25
24.550781,33,2179,2179,16,4,-27,-22,-25
24.554688,34,2179,2179,16,4,-27,-22,-25
24.558594,34,2179,2179,16,4,-27,-22,-25
24.562500,34,2179,2179,15,4,-27,-22,-25
24.566406,34,2179,2179,15,4,-27,-22,-25
24.570312,34,2179,2179,15,4,-27,-22,-25
24.574219,34,2179,2179,16,4,-27,-22,-24
24.578125,35,2179,2179,14,4,-27,-22,-24
24.582031,34,2179,2179,14,4,-27,-22,-24
24.585938,35,2179,2179,14,4,-27,-22,-24
24.589844,35,2179,2179,14,5,-27,-22,-25
24.593750,35,2179,2179,14,4,-27,-22,-24
24.597656,35,2179,2179,15,4,-27,-22,-24
24.601562,35,2179,2179,15,4,-26,-22,-24
24.605469,35,2179,2179,15,4,-27,-22,-24
24.609375,35,2179,2179,15,4,-27,-22,-24
24.613281,36,2179,2179,15,4,-27,-22,-24
24.617188,36,2179,2179,16,4,-27,-22,-24
24.621094,36,2179,2179,15,4,-27,-22,-24
24.625000,37,2179,2179,15,4,-27,-22,-24
24.628906,37,2179,2179,14,4,-27,-22,-24
24.632812,38,2179,2179,14,4,-27,-22,-24
24.636719,38,2179,2179,14,4,-26,-22,-24
24.640625,38,2179,2179,14,4,-27,-22,-24
24.644531,39,2179,2179,14,4,-27,-22,-24
24.648438,39,2179,2179,15,4,-27,-22,-25
24.652344,39,2179,2179,15,4,-27,-22,-25
24.656250,39,2179,2179,15,4,-27,-22,-25
24.660156,39,2179,2179,15,4,-27,-22,-25
24.664062,40,2179,2179,14,4,-27,-22,-25
24.667969,39,2179,2179,14,4,-27,-22,-25
24.671875,39,2179,2179,14,4,-27,-22,-25
24.675781,40,2179,2179,14,4,-27,-22,-25
24.679688,40,2179,2179,14,4,-27,-22,-25
24.683594,40,2179,2179,15,4,-27,-22,-25
24.687500,40,2179,2179,15,4,-27,-22,-25
24.691406,40,2179,2179,15,3,-27,-22,-25
24.695312,40,2179,2179,15,4,-27,-22,-25
24.699219,39,2179,2179,16,4,-27,-22,-24
24.703125,39,2179,2179,15,4,-27,-22,-25
24.707031,40,2179,2179,15,4,-27,-22,-24
24.710938,40,2179,2179,15,4,-27,-22,-24
24.714844,39,2179,2179,15,4,-27,-21,-24
24.718750,40,2179,2179,15,4,-27,-22,-24
24.722656,40,2179,2179,15,4,-27,-22,-24
24.726562,40,2179,2179,15,4,-27,-22,-25
24.730469,40,2179,2179,15,4,-27,-22,-24
24.734375,40,2179,2179,16,4,-27,-22,-24
24.738281,40,2179,2179,16,4,-26,-22,-24
24.742188,41,2179,2179,15,4,-26,-22,-24
24.746094,41,2179,2179,15,4,-27,-22,-25
24.750000,40,2179,2179,16,4,-27,-22,-25
24.753906,40,2179,2179,15,4,-26,-22,-24
24.757812,41,2179,2179,15,4,-27,-22,-25
24.761719,41,2179,2179,15,4,-27,-22,-24
24.765625,41,2179,2179,15,4,-27,-22,-25
24.769531,40,2179,2179,16,4,-27,-22,-25
24.773438,41,2179,2179,16,4,-27,-22,-24
24.777344,41,2179,2179,15,4,-27,-22,-25
24.781250,41,2179,2179,15,4,-27,-22,-24
24.785156,41,2179,2179,16,5,-27,-22,-24
24.789062,41,2179,2179,16,5,-27,-22,-24
24.792969,40,2179,2179,16,4,-27,-22,-24
24.796875,40,2179,2179,16,4,-27,-22,-24
24.800781,40,2179,2179,17,5,-27,-22,-24
24.804688,40,2179,2179,17,5,-27,-22,-24
24.808594,40,2179,2179,17,4,-26,-22,-24
24.812500,40,2179,2179,17,4,-27,-22,-24
24.816406,40,2179,2179,18,3,-27,-22,-24
24.820312,40,2179,2179,18,4,-27,-22,-24
24.824219,40,2179,2179,17,4,-27,-22,-24
24.828125,40,2179,2179,17,4,-27,-22,-24
24.832031,40,2179,2179,17,4,-27,-22,-24
24.835938,40,2179,2179,17,4,-27,-22,-24
24.839844,40,2179,2179,17,4,-27,-22,-24
24.843750,41,2179,2179,17,4,-27,-22,-24
24.847656,40,2179,2179,17,4,-27,-22,-24
24.851562,40,2179,2179,17,4,-27,-22,-24
24.855469,40,2179,2179,17,4,-27,-22,-24
24.859375,41,2179,2179,17,4,-27,-22,-25
24.863281,41,2179,2179,17,4,-27,-22,-24
24.867188,41,2179,2179,17,4,-27,-22,-25
24.871094,41,2179,2179,17,4,-27,-22,-25
24.875000,41,2179,2179,17,4,-27,-22,-25
24.878906,41,2179,2179,17,4,-27,-22,-24
24.882812,41,2179,2179,17,4,-27,-22,-24
24.886719,41,2179,2179,17,4,-27,-22,-24
24.890625,41,2179,2179,17,4,-27,-22,-24
24.894531,41,2179,2179,17,4,-27,-22,-24
24.898438,41,2179,2179,18,4,-27,-22,-24
24.902344,41,2179,2179,18,4,-27,-22,-24
24.906250,41,2179,2179,19,4,-26,-22,-24
24.910156,42,2179,2179,19,4,-26,-21,-24
24.914062,42,2179,2179,19,4,-26,-22,-24
24.917969,42,2179,2179,20,4,-27,-22,-24
24.921875,42,2179,2179,20,4,-27,-22,-24
24.925781,43,2179,2179,20,4,-27,-22,-24
24.929688,43,2179,2179,21,4,-27,-22,-24
24.933594,42,2179,2179,21,4,-27,-22,-24
24.937500,42,2179,2179,22,5,-27,-22,-24
24.941406,43,2179,2179,22,3,-27,-22,-24
24.945312,43,2179,2179,23,4,-27,-22,-24
24.949219,43,2179,2179,24,4,-27,-22,-24
24.953125,43,2179,2179,25,4,-27,-22,-25
24.957031,43,2179,2179,26,4,-27,-22,-25
24.960938,44,2179,2179,27,4,-27,-22,-25
24.964844,44,2179,2179,27,4,-27,-22,-25
24.968750,44,2179,2179,29,5,-27,-22,-25
24.972656,44,2179,2179,29,5,-27,-22,-25
24.976562,44,2179,2179,30,4,-27,-22,-25
24.980469,44,2179,2179,31,4,-27,-22,-25
24.984375,43,2179,2179,32,5,-27,-22,-25
24.988281,43,2179,2179,34,5,-27,-22,-25
24.992188,43,2179,2179,35,4,-27,-22,-24
24.996094,43,2179,2179,36,4,-27,-22,-24
25.000000,43,2179,2179,38,4,-27,-22,-24
25.003906,43,2179,2179,39,4,-27,-22,-24
25.007812,43,2179,2179,40,4,-27,-22,-24
25.011719,44,2179,2179,42,4,-27,-22,-24
25.015625,44,2179,2179,43,4,-27,-22,-24
25.019531,43,2179,2179,44,4,-26,-22,-24
25.023438,44,2179,2179,46,4,-26,-22,-24
25.027344,43,2179,2179,47,4,-27,-22,-24
25.031250,43,2179,2179,49,4,-27,-22,-24
25.035156,43,2179,2179,51,4,-27,-22,-24
25.039062,44,2179,2179,53,4,-27,-22,-24
25.042969,43,2179,2179,55,4,-27,-22,-24
25.046875,43,2179,2179,57,4,-27,-22,-24
25.050781,43,2179,2179,59,4,-27,-22,-25
25.054688,44,2179,2179,61,4,-27,-22,-25
25.058594,44,2179,2179,62,4,-26,-22,-25
25.062500,44,2179,2179,64,4,-27,-22,-25
25.066406,44,2179,2179,66,3,-27,-22,-25
25.070312,44,2179,2179,69,4,-27,-22,-25
25.074219,44,2179,2179,71,4,-27,-22,-25
25.078125,44,2179,2179,74,4,-27,-22,-25
25.082031,44,2179,2179,77,4,-27,-22,-25
25.085938,44,2179,2179,80,4,-27,-22,-25
25.089844,44,2179,2179,83,4,-27,-22,-24
25.093750,44,2179,2179,85,4,-27,-22,-24
25.097656,44,2179,2179,88,4,-27,-22,-24
25.101562,44,2179,2179,90,4,-27,-22,-24
25.105469,44,2179,2179,92,4,-27,-22,-24
25.109375,44,2179,2179,93,4,-27,-22,-24
25.113281,44,2179,2179,96,4,-26,-22,-24
25.117188,43,2179,2179,99,5,-27,-22,-24
25.121094,43,2179,2179,102,4,-27,-22,-24
25.125000,43,2179,2179,104,4,-27,-22,-24
25.128906,43,2179,2179,107,4,-27,-22,-24
25.132812,43,2179,2179,110,4,-27,-22,-24
25.136719,42,2179,2179,112,4,-27,-22,-24
25.140625,43,2179,2179,114,4,-27,-22,-25
25.144531,43,2179,2179,115,4,-27,-22,-25
25.148438,43,2179,2179,117,4,-27,-22,-24
25.152344,42,2179,2179,119,4,-27,-22,-24
25.156250,43,2179,2179,121,4,-27,-22,-25
25.160156,43,2179,2179,122,4,-27,-22,-24
25.164062,43,2179,2179,123,4,-27,-22,-25
25.167969,42,2179,2179,124,5,-27,-22,-24
25.171875,42,2179,2179,125,5,-27,-22,-25
25.175781,43,2179,2179,126,4,-27,-22,-24
25.179688,42,2179,2179,127,4,-27,-22,-24
25.183594,42,2179,2179,128,4,-27,-22,-24
25.187500,42,2179,2179,130,5,-27,-22,-24
25.191406,42,2179,2179,130,4,-27,-22,-24
25.195312,42,2179,2179,131,4,-27,-22,-24
25.199219,41,2179,2179,133,4,-27,-22,-24
25.203125,41,2179,2179,134,5,-27,-22,-24
25.207031,42,2179,2179,136,4,-27,-22,-24
25.210938,42,2179,2179,137,4,-27,-22,-24
25.214844,42,2179,2179,138,4,-27,-22,-24
25.218750,42,2179,2179,140,5,-27,-22,-24
25.222656,42,2179,2179,142,4,-27,-22,-24
25.226562,42,2179,2179,142,4,-27,-22,-24
25.230469,42,2179,2179,143,4,-27,-22,-25
25.234375,42,2179,2179,144,4,-27,-22,-24
25.238281,42,2179,2179,145,4,-27,-22,-25
25.242188,42,2179,2179,145,4,-26,-22,-25
25.246094,42,2179,2179,145,4,-27,-22,-25
25.250000,42,2179,2179,146,4,-27,-22,-25
25.253906,42,2179,2179,147,4,-27,-22,-24
25.257812,43,2179,2179,147,4,-27,-22,-24
25.261719,43,2179,2179,148,3,-27,-22,-24
25.265625,42,2179,2179,149,4,-27,-22,-25
25.269531,42,2179,2179,150,4,-27,-22,-25
25.273438,43,2179,2179,150,4,-27,-22,-25
25.277344,43,2179,2179,151,4,-27,-22,-24
25.281250,43,2179,2179,152,4,-27,-22,-24
25.285156,43,2179,2179,153,4,-27,-22,-24
25.289062,43,2179,2179,154,4,-27,-22,-25
25.292969,43,2179,2179,154,4,-27,-22,-24
25.296875,43,2179,2179,155,4,-27,-22,-24
25.300781,42,2179,2179,157,4,-27,-22,-24
25.304688,42,2179,2179,157,4,-27,-22,-24
25.308594,43,2179,2179,158,4,-25,-22,-24
25.312500,43,2179,2179,159,4,-27,-22,-24
25.316406,42,2179,2179,160,5,-27,-22,-24
25.320312,42,2179,2179,161,5,-27,-22,-24
25.324219,43,2179,2179,161,4,-27,-22,-24
25.328125,43,2179,2179,161,4,-27,-22,-24
25.332031,42,2179,2179,162,4,-27,-22,-24
25.335938,42,2179,2179,162,4,-27,-22,-24
25.339844,43,2179,2179,162,4,-27,-22,-24
25.343750,43,2179,2179,161,4,-27,-22,-24
25.347656,42,2179,2179,162,4,-27,-22,-25
25.351562,42,2179,2179,162,5,-27,-22,-24
25.355469,42,2179,2179,163,5,-27,-22,-24
25.359375,42,2179,2179,164,4,-27,-22,-25
25.363281,42,2179,2179,165,4,-27,-22,-25
25.367188,42,2179,2179,166,5,-27,-22,-25
25.371094,42,2179,2179,167,5,-27,-22,-24
25.375000,42,2179,2179,167,4,-27,-22,-24
25.378906,43,2179,2179,168,4,-27,-22,-24
25.382812,42,2179,2179,168,4,-27,-22,-24
25.386719,42,2179,2179,169,5,-27,-22,-24
25.390625,42,2179,2179,169,5,-27,-22,-24
25.394531,42,2179,2179,169,4,-27,-22,-24
25.398438,42,2179,2179,169,4,-27,-22,-24
25.402344,42,2179,2179,170,4,-27,-22,-24
25.406250,42,2179,2179,170,4,-27,-22,-24
25.410156,42,2179,2179,170,4,-27,-22,-24
25.414062,41,2179,2179,171,4,-27,-22,-24
25.417969,41,2179,2179,172,4,-27,-22,-24
25.421875,41,2179,2179,172,4,-27,-22,-24
25.425781,41,2179,2179,172,4,-27,-22,-24
25.429688,41,2179,2179,173,4,-27,-22,-24
25.433594,41,2179,2179,173,4,-28,-22,-25
25.437500,41,2179,2179,173,4,-27,-22,-25
25.441406,42,2179,2179,172,4,-27,-22,-25
25.445312,42,2179,2179,172,3,-27,-22,-25
25.449219,42,2179,2179,172,3,-27,-22,-25
25.453125,42,2179,2179,172,4,-27,-22,-25
25.457031,42,2179,2179,173,4,-27,-22,-25
25.460938,42,2179,2179,173,4,-27,-22,-25
25.464844,42,2179,2179,173,4,-27,-22,-25
25.468750,41,2179,2179,174,4,-27,-22,-25
25.472656,42,2179,2179,175,4,-27,-22,-25
25.476562,42,2179,2179,175,4,-27,-22,-25
25.480469,41,2179,2179,175,4,-27,-22,-25
25.484375,41,2179,2179,175,4,-27,-22,-25
25.488281,41,2179,2179,175,5,-27,-22,-25
25.492188,41,2179,2179,175,4,-27,-22,-24
25.496094,41,2179,2179,175,4,-27,-22,-24
25.500000,41,2179,2179,176,4,-26,-22,-24
25.503906,41,2179,2179,176,4,-26,-22,-24
25.507812,41,2179,2179,176,5,-27,-22,-24
25.511719,41,2179,2179,177,4,-27,-22,-24
25.515625,41,2179,2179,177,4,-27,-22,-24
25.519531,40,2179,2179,177,4,-27,-22,-24
25.523438,41,2179,2179,177,5,-27,-22,-24
25.527344,40,2179,2179,177,4,-27,-22,-25
25.531250,40,2179,2179,176,4,-27,-22,-24
25.535156,40,2179,2179,177,4,-27,-22,-24
25.539062,40,2179,2179,177,4,-27,-22,-24
25.542969,40,2179,2179,177,4,-27,-22,-25
25.546875,40,2179,2179,177,4,-27,-22,-24
25.550781,40,2179,2179,178,4,-27,-22,-24
25.554688,41,2179,2179,178,4,-27,-22,-24
25.558594,41,2179,2179,179,4,-24,-22,-25
25.562500,41,2179,2179,179,4,-27,-22,-25
25.566406,41,2179,2179,179,5,-27,-22,-25
25.570312,40,2179,2179,179,5,-27,-22,-25
25.574219,40,2179,2179,178,5,-27,-22,-25
25.578125,40,2179,2179,178,4,-27,-22,-25
25.582031,39,2179,2179,178,4,-27,-22,-25
25.585938,39,2179,2179,178,5,-27,-22,-25
25.589844,39,2179,2179,178,5,-27,-22,-25
25.593750,39,2179,2179,178,4,-27,-22,-24
25.597656,39,2179,2179,179,4,-27,-22,-24
25.601562,39,2179,2179,179,4,-27,-21,-25
25.605469,39,2179,2179,179,4,-26,-22,-24
25.609375,39,2179,2179,179,4,-26,-22,-24
25.613281,39,2179,2179,179,4,-26,-22,-25
25.617188,38,2179,2179,180,4,-27,-22,-24
25.621094,38,2179,2179,180,4,-27,-22,-25
25.625000,38,2179,2179,179,4,-27,-22,-25
25.628906,38,2179,2179,179,4,-27,-22,-25
25.632812,38,2179,2179,180,4,-27,-22,-24
25.636719,38,2179,2179,180,4,-27,-22,-25
25.640625,39,2179,2179,180,4,-27,-22,-25
25.644531,39,2179,2179,180,4,-27,-22,-25
25.648438,38,2179,2179,180,4,-27,-22,-24
25.652344,38,2179,2179,180,4,-27,-22,-24
25.656250,38,2179,2179,181,4,-27,-22,-24
25.660156,38,2179,2179,180,4,-27,-22,-24
25.664062,37,2179,2179,180,4,-27,-22,-24
25.667969,37,2179,2179,181,4,-27,-22,-24
25.671875,37,2179,2179,180,4,-27,-22,-24
25.675781,38,2179,2179,180,4,-27,-22,-25
25.679688,38,2179,2179,181,4,-27,-22,-24
25.683594,37,2179,2179,181,4,-30,-22,-24
25.687500,37,2179,2179,182,4,-27,-22,-24
25.691406,37,2179,2179,181,4,-27,-22,-24
25.695312,37,2179,2179,181,4,-27,-22,-24
25.699219,36,2179,2179,182,4,-27,-22,-24
25.703125,36,2179,2179,181,4,-27,-22,-25
25.707031,36,2179,2179,181,4,-27,-22,-24
25.710938,36,2179,2179,181,4,-27,-22,-24
25.714844,36,2179,2179,181,4,-27,-22,-24
25.718750,35,2179,2179,182,4,-27,-22,-24
25.722656,36,2179,2179,182,4,-27,-22,-24
25.726562,35,2179,2179,182,4,-27,-22,-24
25.730469,35,2179,2179,182,4,-27,-22,-24
25.734375,35,2179,2179,182,4,-27,-22,-24
25.738281,35,2179,2179,183,4,-27,-22,-24
25.742188,36,2179,2179,183,4,-27,-22,-24
25.746094,35,2179,2179,183,4,-27,-22,-25
25.750000,35,2179,2179,183,5,-27,-22,-25
25.753906,35,2179,2179,183,4,-27,-22,-25
25.757812,35,2179,2179,183,5,-27,-22,-24
25.761719,35,2179,2179,183,4,-27,-22,-25
25.765625,35,2179,2179,183,4,-27,-22,-24
25.769531,35,2179,2179,184,5,-27,-22,-25
25.773438,35,2179,2179,184,5,-27,-22,-25
25.777344,34,2179,2179,183,4,-27,-22,-24
25.781250,34,2179,2179,182,4,-27,-22,-25
25.785156,34,2179,2179,182,5,-27,-22,-25
25.789062,34,2179,2179,181,4,-27,-22,-25
25.792969,34,2179,2179,180,4,-27,-22,-24
25.796875,34,2179,2179,180,4,-27,-22,-24
25.800781,33,2179,2179,181,4,-27,-22,-24
25.804688,33,2179,2179,181,4,-27,-22,-25
25.808594,34,2179,2179,181,4,-21,-22,-24
25.812500,34,2179,2179,182,4,-27,-22,-24
25.816406,34,2179,2179,183,4,-27,-22,-24
25.820312,34,2179,2179,184,4,-27,-22,-25
25.824219,34,2179,2179,184,4,-27,-22,-25
25.828125,34,2179,2179,184,4,-27,-22,-24
25.832031,33,2179,2179,183,4,-27,-22,-25
25.835938,33,2179,2179,183,4,-27,-22,-25
25.839844,33,2179,2179,182,4,-27,-22,-25
25.843750,33,2179,2179,182,4,-27,-22,-24
25.847656,32,2179,2179,182,4,-27,-22,-24
25.851562,32,2179,2179,182,4,-27,-22,-25
25.855469,32,2179,2179,182,4,-27,-22,-25
25.859375,32,2179,2179,182,4,-27,-22,-25
25.863281,32,2179,2179,183,4,-27,-22,-25
25.867188,32,2179,2179,184,4,-27,-22,-25
25.871094,32,2179,2179,184,4,-27,-22,-25
25.875000,32,2179,2179,183,4,-27,-22,-25
25.878906,32,2179,2179,183,4,-27,-22,-25
25.882812,32,2179,2179,183,4,-27,-22,-25
25.886719,31,2179,2179,183,4,-27,-22,-25
25.890625,32,2179,2179,183,4,-27,-22,-25
25.894531,31,2179,2179,182,4,-27,-22,-25
25.898438,31,2179,2179,183,4,-26,-22,-24
25.902344,31,2179,2179,183,4,-26,-22,-24
25.906250,31,2179,2179,184,4,-26,-22,-24
25.910156,31,2179,2179,184,4,-27,-22,-24
25.914062,30,2179,2179,184,4,-27,-22,-24
25.917969,30,2179,2179,185,5,-27,-22,-24
25.921875,30,2179,2179,185,5,-27,-22,-24
25.925781,30,2179,2179,185,4,-27,-21,-24
25.929688,29,2179,2179,185,4,-27,-22,-25
25.933594,29,2179,2179,186,5,-33,-22,-25
25.937500,29,2179,2179,186,5,-27,-22,-24
25.941406,29,2179,2179,186,5,-27,-22,-25
25.945312,29,2179,2179,185,4,-27,-22,-24
25.949219,28,2179,2179,185,4,-27,-22,-25
25.953125,28,2179,2179,185,5,-27,-22,-25
25.957031,28,2179,2179,184,5,-27,-22,-25
25.960938,27,2179,2179,183,4,-27,-22,-25
25.964844,26,2179,2179,182,4,-27,-22,-25
25.968750,26,2179,2179,182,5,-27,-22,-25
25.972656,25,2179,2179,182,5,-27,-22,-25
25.976562,25,2179,2179,182,4,-27,-22,-24
25.980469,24,2179,2179,182,4,-27,-22,-25
25.984375,23,2179,2179,182,4,-27,-22,-24
25.988281,22,2179,2179,180,5,-27,-22,-24
25.992188,21,2179,2179,176,4,-27,-22,-24
25.996094,20,2179,2179,168,4,-27,-21,-24
26.000000,20,2179,2179,157,4,-27,-22,-24
26.003906,19,2179,2179,143,4,-27,-22,-24
26.007812,19,2179,2179,127,4,-27,-22,-24
26.011719,19,2179,2179,112,4,-27,-22,-24
26.015625,18,2179,2179,98,4,-27,-22,-24
26.019531,17,2179,2179,85,4,-27,-22,-24
26.023438,17,2179,2179,74,5,-27,-22,-24
26.027344,17,2179,2179,63,4,-27,-22,-24
26.031250,16,2179,2179,52,4,-27,-22,-24
26.035156,15,2179,2179,43,5,-27,-22,-24
26.039062,15,2179,2179,34,4,-27,-22,-25
26.042969,14,2179,2179,27,4,-27,-22,-25
26.046875,14,2179,2179,22,4,-27,-22,-25
26.050781,13,2179,2179,19,4,-27,-22,-25
26.054688,13,2179,2179,18,4,-27,-22,-25
26.058594,13,2179,2179,18,4,-21,-22,-25
26.062500,13,2179,2179,19,4,-27,-22,-25
26.066406,12,2179,2179,20,4,-27,-22,-25
26.070312,12,2179,2179,19,4,-27,-22,-25
26.074219,12,2179,2179,18,4,-27,-22,-25
26.078125,12,2179,2179,18,4,-27,-22,-24
26.082031,12,2179,2179,17,4,-27,-22,-24
26.085938,12,2179,2179,17,4,-27,-22,-25
26.089844,12,2179,2179,16,4,-27,-22,-24
26.093750,12,2179,2179,16,4,-27,-22,-24
26.097656,12,2179,2179,16,4,-27,-22,-24
26.101562,12,2179,2179,17,5,-27,-22,-24
26.105469,12,2179,2179,17,5,-27,-22,-24
26.109375,12,2179,2179,16,4,-27,-22,-24
26.113281,12,2179,2179,16,4,-27,-21,-24
26.117188,12,2179,2179,16,4,-27,-22,-24
26.121094,12,2179,2179,15,4,-27,-22,-24
26.125000,12,2179,2179,15,4,-27,-22,-24
26.128906,12,2179,2179,15,4,-27,-22,-24
26.132812,12,2179,2179,15,4,-27,-21,-24
26.136719,12,2179,2179,15,4,-27,-22,-24
26.140625,12,2179,2179,15,4,-27,-22,-25
26.144531,12,2179,2179,15,4,-27,-22,-24
26.148438,12,2179,2179,15,4,-27,-22,-25
26.152344,12,2179,2179,16,5,-27,-22,-25
26.156250,12,2179,2179,16,5,-27,-22,-25
26.160156,11,2179,2179,15,4,-27,-22,-25
26.164062,11,2179,2179,15,4,-27,-22,-25
26.167969,11,2179,2179,16,5,-27,-22,-24
26.171875,11,2179,2179,16,5,-27,-22,-24
26.175781,11,2179,2179,15,5,-27,-21,-24
26.179688,11,2179,2179,15,4,-27,-22,-24
26.183594,10,2179,2179,16,5,-34,-22,-25
26.187500,10,2179,2179,16,5,-27,-22,-24
26.191406,10,2179,2179,15,4,-27,-22,-24
26.195312,10,2179,2179,15,4,-27,-22,-24
26.199219,9,2179,2179,16,4,-27,-22,-24
26.203125,10,2179,2179,16,5,-26,-22,-24
26.207031,10,2179,2179,16,5,-27,-22,-24
26.210938,10,2179,2179,15,4,-27,-22,-24
26.214844,10,2179,2179,15,4,-27,-22,-24
26.218750,10,2179,2179,16,5,-27,-22,-24
26.222656,11,2179,2179,15,4,-27,-22,-24
26.226562,11,2179,2179,15,4,-27,-22,-24
26.230469,10,2179,2179,14,4,-27,-22,-24
26.234375,10,2179,2179,14,4,-27,-22,-24
26.238281,10,2179,2179,14,4,-27,-22,-25
26.242188,10,2179,2179,14,4,-27,-22,-25
26.246094,10,2179,2179,14,4,-27,-22,-24
26.250000,10,2179,2179,14,4,-27,-22,-25
26.253906,10,2179,2179,14,4,-27,-22,-25
26.257812,11,2179,2179,14,4,-27,-22,-24
26.261719,11,2179,2179,14,3,-27,-22,-24
26.265625,10,2179,2179,14,3,-27,-22,-25
26.269531,10,2179,2179,14,4,-27,-22,-24
26.273438,10,2179,2179,14,4,-27,-22,-24
26.277344,10,2179,2179,14,4,-27,-22,-24
26.281250,9,2179,2179,14,4,-27,-22,-24
26.285156,9,2179,2179,15,4,-27,-22,-25
26.289062,9,2179,2179,15,4,-27,-22,-24
26.292969,9,2179,2179,15,4,-27,-22,-24
26.296875,9,2179,2179,16,4,-27,-22,-24
26.300781,9,2179,2179,16,4,-27,-21,-24
26.304688,9,2179,2179,16,4,-27,-21,-24
26.308594,9,2179,2179,16,4,-26,-21,-25
26.312500,9,2179,2179,15,4,-27,-22,-24
26.316406,8,2179,2179,15,5,-27,-22,-24
26.320312,8,2179,2179,15,5,-27,-22,-24
26.324219,8,2179,2179,15,5,-27,-22,-24
26.328125,9,2179,2179,14,4,-27,-22,-24
26.332031,8,2179,2179,14,4,-27,-22,-24
26.335938,8,2179,2179,15,5,-27,-22,-24
26.339844,8,2179,2179,15,4,-27,-22,-24
26.343750,8,2179,2179,14,4,-27,-22,-25
26.347656,8,2179,2179,14,4,-27,-22,-25
26.351562,8,2179,2179,14,5,-27,-22,-25
26.355469,8,2179,2179,14,5,-27,-22,-25
26.359375,8,2179,2179,14,4,-27,-22,-25
26.363281,8,2179,2179,13,4,-27,-22,-25
26.367188,7,2179,2179,14,5,-27,-22,-24
26.371094,7,2179,2179,14,5,-27,-22,-24
26.375000,7,2179,2179,14,5,-27,-22,-24
26.378906,7,2179,2179,14,5,-27,-22,-24
26.382812,7,2179,2179,15,5,-27,-22,-24
26.386719,7,2179,2179,15,5,-27,-22,-24
26.390625,7,2179,2179,15,5,-27,-22,-24
26.394531,7,2179,2179,15,5,-27,-22,-24
26.398438,7,2179,2179,15,5,-27,-22,-24
26.402344,7,2179,2179,15,5,-26,-22,-24
26.406250,7,2179,2179,15,4,-26,-22,-24
26.410156,7,2179,2179,15,4,-27,-22,-24
26.414062,7,2179,2179,15,4,-27,-22,-24
26.417969,7,2179,2179,15,4,-27,-22,-24
26.421875,7,2179,2179,15,4,-27,-22,-24
26.425781,7,2179,2179,15,4,-27,-21,-24
26.429688,7,2179,2179,14,4,-27,-22,-24
26.433594,6,2179,2179,13,4,-27,-22,-24
26.437500,6,2179,2179,13,4,-27,-22,-25
26.441406,6,2179,2179,12,3,-27,-22,-25
26.445312,6,2179,2179,12,3,-27,-22,-25
26.449219,6,2179,2179,13,3,-27,-22,-25
26.453125,6,2179,2179,13,4,-27,-22,-25
26.457031,6,2179,2179,13,4,-27,-22,-25
26.460938,5,2179,2179,13,4,-27,-22,-25
26.464844,5,2179,2179,13,4,-27,-22,-24
26.468750,4,2179,2179,14,4,-27,-22,-25
26.472656,5,2179,2179,14,4,-27,-22,-24
26.476562,4,2179,2179,14,4,-27,-22,-24
26.480469,4,2179,2179,14,4,-27,-22,-25
26.484375,3,2179,2179,14,4,-27,-22,-24
26.488281,3,2179,2179,15,4,-27,-22,-25
26.492188,3,2179,2179,15,4,-27,-22,-25
26.496094,3,2179,2179,15,4,-27,-22,-24
26.500000,3,2179,2179,15,4,-27,-22,-24
26.503906,3,2179,2179,15,4,-27,-22,-24
26.507812,3,2179,2179,15,4,-27,-22,-24
26.511719,3,2179,2179,14,4,-27,-21,-24
26.515625,3,2179,2179,14,4,-27,-22,-24
26.519531,3,2179,2179,14,4,-27,-22,-24
26.523438,3,2179,2179,14,4,-27,-22,-24
26.527344,4,2179,2179,14,4,-27,-22,-24
26.531250,4,2179,2179,14,4,-27,-22,-24
26.535156,4,2179,2179,14,4,-27,-22,-24
26.539062,4,2179,2179,14,4,-27,-22,-24
26.542969,4,2179,2179,13,4,-27,-22,-24
26.546875,4,2179,2179,13,4,-27,-22,-25
26.550781,3,2179,2179,13,4,-27,-21,-24
26.554688,3,2179,2179,13,4,-27,-22,-25
26.558594,3,2179,2179,13,4,-27,-22,-25
26.562500,3,2179,2179,13,4,-27,-22,-25
26.566406,3,2179,2179,14,5,-27,-22,-25
26.570312,3,2179,2179,14,5,-27,-22,-25
26.574219,3,2179,2179,14,5,-27,-22,-24
26.578125,3,2179,2179,14,4,-27,-22,-24
26.582031,2,2179,2179,14,4,-27,-22,-24
26.585938,2,2179,2179,14,5,-27,-22,-24
26.589844,2,2179,2179,14,5,-27,-22,-24
26.593750,3,2179,2179,14,4,-27,-21,-24
26.597656,2,2179,2179,14,4,-27,-22,-24
26.601562,3,2179,2179,15,5,-27,-22,-24
26.605469,3,2179,2179,15,5,-27,-22,-24
26.609375,3,2179,2179,15,4,-27,-22,-24
26.613281,3,2179,2179,16,4,-27,-22,-24
26.617188,3,2179,2179,16,4,-27,-22,-24
26.621094,3,2179,2179,16,4,-27,-22,-24
26.625000,4,2179,2179,15,4,-27,-22,-24
26.628906,4,2179,2179,15,4,-27,-22,-24
26.632812,4,2179,2179,14,4,-27,-22,-24
26.636719,4,2179,2179,14,4,-27,-22,-25
26.640625,5,2179,2179,14,4,-27,-22,-25
26.644531,4,2179,2179,14,4,-27,-22,-24
26.648438,4,2179,2179,14,4,-27,-22,-25
26.652344,4,2179,2179,15,4,-27,-22,-24
26.656250,5,2179,2179,15,4,-27,-22,-24
26.660156,5,2179,2179,15,4,-27,-22,-24
26.664062,4,2179,2179,15,4,-27,-22,-25
26.667969,4,2179,2179,15,4,-27,-22,-25
26.671875,4,2179,2179,15,4,-27,-22,-25
26.675781,5,2179,2179,14,4,-27,-21,-25
26.679688,5,2179,2179,13,4,-27,-22,-24
26.683594,4,2179,2179,13,4,-27,-22,-24
26.687500,5,2179,2179,14,4,-27,-22,-24
26.691406,5,2179,2179,14,4,-27,-22,-24
26.695312,5,2179,2179,14,4,-27,-22,-24
26.699219,5,2179,2179,15,4,-27,-22,-24
26.703125,5,2179,2179,16,4,-27,-22,-24
26.707031,5,2179,2179,16,4,-27,-22,-24
26.710938,5,2179,2179,15,4,-27,-22,-24
26.714844,5,2179,2179,14,4,-27,-22,-24
26.718750,6,2179,2179,14,5,-27,-22,-24
26.722656,6,2179,2179,14,4,-27,-22,-24
26.726562,6,2179,2179,13,4,-27,-22,-24
26.730469,6,2179,2179,13,4,-27,-22,-24
26.734375,6,2179,2179,14,4,-27,-22,-24
26.738281,6,2179,2179,14,4,-27,-22,-24
26.742188,7,2179,2179,14,4,-27,-22,-25
26.746094,7,2179,2179,15,4,-27,-22,-25
26.750000,6,2179,2179,16,5,-27,-22,-25
26.753906,7,2179,2179,16,5,-27,-22,-25
26.757812,7,2179,2179,15,5,-27,-22,-25
26.761719,7,2179,2179,15,5,-27,-22,-25
26.765625,7,2179,2179,14,5,-27,-22,-25
26.769531,7,2179,2179,15,5,-27,-22,-25
26.773438,7,2179,2179,15,5,-27,-22,-25
26.777344,7,2179,2179,15,5,-27,-22,-25
26.781250,6,2179,2179,15,5,-27,-22,-25
26.785156,6,2179,2179,16,5,-27,-22,-24
26.789062,6,2179,2179,16,5,-27,-22,-24
26.792969,6,2179,2179,15,5,-27,-21,-24
26.796875,6,2179,2179,15,4,-27,-22,-24
26.800781,6,2179,2179,14,4,-27,-21,-24
26.804688,6,2179,2179,14,4,-27,-22,-24
26.808594,7,2179,2179,13,4,-26,-22,-24
26.812500,7,2179,2179,13,4,-27,-22,-24
26.816406,6,2179,2179,13,4,-27,-22,-25
26.820312,6,2179,2179,13,5,-27,-22,-24
26.824219,7,2179,2179,13,4,-27,-22,-24
26.828125,7,2179,2179,13,4,-27,-22,-24
26.832031,6,2179,2179,13,4,-27,-22,-24
26.835938,6,2179,2179,14,4,-27,-22,-25
26.839844,7,2179,2179,14,4,-27,-22,-24
26.843750,7,2179,2179,14,4,-27,-22,-24
26.847656,7,2179,2179,15,4,-27,-22,-25
26.851562,7,2179,2179,15,4,-27,-22,-25
26.855469,7,2179,2179,15,4,-27,-22,-25
26.859375,7,2179,2179,15,4,-27,-22,-25
26.863281,6,2179,2179,15,4,-27,-22,-25
26.867188,6,2179,2179,15,4,-27,-22,-25
26.871094,6,2179,2179,15,4,-27,-22,-25
26.875000,6,2179,2179,15,4,-27,-22,-25
26.878906,6,2179,2179,15,4,-27,-22,-24
26.882812,5,2179,2179,15,4,-27,-22,-25
26.886719,5,2179,2179,16,4,-27,-22,-24
26.890625,6,2179,2179,15,4,-27,-22,-24
26.894531,6,2179,2179,15,4,-26,-22,-24
26.898438,6,2179,2179,15,4,-27,-22,-24
26.902344,6,2179,2179,16,4,-27,-22,-24
26.906250,7,2179,2179,16,5,-27,-22,-24
26.910156,7,2179,2179,15,4,-27,-21,-24
26.914062,7,2179,2179,15,4,-27,-21,-24
26.917969,7,2179,2179,15,5,-27,-22,-24
26.921875,7,2179,2179,15,4,-27,-22,-24
26.925781,8,2179,2179,14,4,-27,-21,-24
26.929688,8,2179,2179,14,4,-27,-22,-24
26.933594,8,2179,2179,14,4,-27,-22,-24
26.937500,8,2179,2179,15,5,-27,-22,-24
26.941406,9,2179,2179,14,4,-27,-22,-25
26.945312,9,2179,2179,15,4,-27,-22,-24
26.949219,9,2179,2179,15,5,-27,-22,-25
26.953125,9,2179,2179,15,5,-27,-22,-25
26.957031,10,2179,2179,15,5,-27,-22,-25
26.960938,10,2179,2179,15,5,-27,-22,-25
26.964844,9,2179,2179,15,5,-27,-22,-25
26.968750,9,2179,2179,15,5,-27,-22,-25
26.972656,9,2179,2179,15,5,-27,-22,-25
26.976562,9,2179,2179,14,4,-27,-22,-24
26.980469,8,2179,2179,14,4,-27,-22,-24
26.984375,8,2179,2179,15,4,-27,-22,-24
26.988281,8,2179,2179,15,4,-27,-22,-24
26.992188,8,2179,2179,14,4,-27,-22,-24
26.996094,8,2179,2179,14,4,-26,-22,-24
27.000000,8,2179,2179,15,4,-27,-21,-24
27.003906,8,2179,2179,15,5,-27,-22,-24
27.007812,8,2179,2179,15,5,-27,-22,-24
27.011719,8,2179,2179,15,4,-27,-21,-24
27.015625,8,2179,2179,15,4,-27,-21,-24
27.019531,8,2179,2179,16,5,-27,-22,-24
27.023438,8,2179,2179,16,4,-27,-22,-24
27.027344,8,2179,2179,16,4,-27,-21,-24
27.031250,8,2179,2179,15,4,-27,-21,-24
27.035156,7,2179,2179,16,5,-27,-22,-25
27.039062,8,2179,2179,15,5,-26,-22,-24
27.042969,8,2179,2179,15,4,-27,-22,-24
27.046875,8,2179,2179,14,4,-27,-22,-24
27.050781,8,2179,2179,14,4,-27,-23,-24
27.054688,8,2179,2179,14,4,-27,-22,-25
27.058594,8,2179,2179,14,4,-27,-22,-25
27.062500,8,2179,2179,14,4,-27,-22,-25
27.066406,8,2179,2179,14,4,-27,-22,-25
27.070312,8,2179,2179,14,4,-27,-22,-25
27.074219,8,2179,2179,14,4,-27,-22,-25
27.078125,8,2179,2179,13,4,-27,-22,-25
27.082031,7,2179,2179,13,3,-27,-22,-24
27.085938,7,2179,2179,13,4,-27,-22,-24
27.089844,7,2179,2179,14,4,-27,-22,-24
27.093750,7,2179,2179,13,4,-27,-21,-24
27.097656,7,2179,2179,14,4,-27,-22,-24
27.101562,8,2179,2179,14,4,-27,-22,-24
27.105469,8,2179,2179,15,5,-27,-21,-24
27.109375,9,2179,2179,14,4,-27,-21,-24
27.113281,9,2179,2179,14,4,-27,-21,-24
27.117188,9,2179,2179,14,5,-27,-22,-24
27.121094,10,2179,2179,14,5,-27,-22,-24
27.125000,10,2179,2179,13,4,-27,-22,-24
27.128906,11,2179,2179,13,4,-27,-22,-24
27.132812,11,2179,2179,13,4,-27,-22,-24
27.136719,11,2179,2179,14,5,-27,-22,-25
27.140625,11,2179,2179,13,4,-27,-22,-24
27.144531,11,2179,2179,14,4,-27,-22,-24
27.148438,12,2179,2179,14,4,-27,-22,-24
27.152344,12,2179,2179,15,5,-27,-22,-25
27.156250,12,2179,2179,15,5,-27,-22,-24
27.160156,12,2179,2179,15,4,-27,-22,-24
27.164062,12,2179,2179,15,4,-27,-22,-24
27.167969,12,2179,2179,16,5,-27,-22,-24
27.171875,12,2179,2179,16,5,-27,-22,-24
27.175781,12,2179,2179,15,4,-27,-22,-24
27.179688,12,2179,2179,15,4,-27,-22,-24
27.183594,12,2179,2179,15,5,-27,-22,-24
27.187500,12,2179,2179,15,5,-27,-22,-24
27.191406,12,2179,2179,14,4,-27,-22,-24
27.195312,13,2179,2179,14,4,-27,-22,-24
27.199219,12,2179,2179,15,4,-27,-22,-24
27.203125,13,2179,2179,15,4,-27,-22,-24
27.207031,13,2179,2179,15,5,-27,-22,-24
27.210938,14,2179,2179,14,4,-27,-22,-24
27.214844,14,2179,2179,15,4,-27,-22,-24
27.218750,14,2179,2179,15,5,-27,-22,-24
27.222656,15,2179,2179,15,4,-27,-22,-24
27.226562,15,2179,2179,14,4,-27,-22,-24
27.230469,16,2179,2179,14,4,-27,-22,-24
27.234375,15,2179,2179,14,4,-27,-22,-24
27.238281,16,2179,2179,14,4,-27,-22,-24
27.242188,16,2179,2179,14,4,-27,-22,-25
27.246094,16,2179,2179,14,4,-27,-22,-25
27.250000,15,2179,2179,15,4,-27,-22,-25
27.253906,15,2179,2179,15,4,-27,-22,-25
27.257812,16,2179,2179,15,4,-27,-22,-24
27.261719,16,2179,2179,14,4,-27,-22,-25
27.265625,16,2179,2179,14,4,-27,-22,-24
27.269531,16,2179,2179,14,4,-27,-22,-24
27.273438,16,2179,2179,14,4,-27,-22,-24
27.277344,16,2179,2179,14,4,-27,-22,-24
27.281250,16,2179,2179,14,4,-27,-22,-24
27.285156,16,2179,2179,15,4,-27,-22,-24
27.289062,16,2179,2179,15,4,-27,-22,-24
27.292969,17,2179,2179,15,4,-27,-22,-24
27.296875,17,2179,2179,15,4,-27,-22,-25
27.300781,17,2179,2179,15,4,-27,-22,-24
27.304688,18,2179,2179,15,5,-27,-22,-24
27.308594,18,2179,2179,14,4,-27,-22,-24
27.312500,19,2179,2179,14,4,-27,-21,-24
27.316406,19,2179,2179,14,5,-27,-22,-24
27.320312,19,2179,2179,14,4,-27,-22,-24
27.324219,20,2179,2179,14,4,-27,-22,-24
27.328125,20,2179,2179,14,4,-27,-22,-24
27.332031,20,2179,2179,14,4,-27,-22,-25
27.335938,21,2179,2179,14,5,-27,-22,-24
27.339844,21,2179,2179,13,4,-27,-22,-25
27.343750,22,2179,2179,13,4,-27,-22,-24
27.347656,22,2179,2179,13,4,-27,-22,-25
27.351562,22,2179,2179,14,5,-27,-22,-25
27.355469,23,2179,2179,14,5,-27,-22,-25
27.359375,23,2179,2179,15,4,-27,-22,-24
27.363281,23,2179,2179,15,4,-27,-22,-25
27.367188,23,2179,2179,15,5,-27,-22,-25
27.371094,24,2179,2179,15,5,-27,-22,-25
27.375000,24,2179,2179,14,4,-27,-22,-24
27.378906,25,2179,2179,14,4,-27,-22,-24
27.382812,25,2179,2179,14,4,-27,-22,-24
27.386719,25,2179,2179,14,5,-27,-22,-24
27.390625,26,2179,2179,13,5,-27,-22,-24
27.394531,26,2179,2179,13,5,-27,-22,-24
27.398438,26,2179,2179,14,5,-27,-22,-24
27.402344,27,2179,2179,14,5,-27,-22,-24
27.406250,27,2179,2179,14,5,-27,-22,-24
27.410156,28,2179,2179,13,4,-27,-22,-24
27.414062,28,2179,2179,14,4,-27,-22,-24
27.417969,28,2179,2179,14,4,-27,-22,-24
27.421875,29,2179,2179,13,4,-27,-22,-25
27.425781,30,2179,2179,13,4,-27,-22,-25
27.429688,30,2179,2179,13,4,-27,-22,-25
27.433594,30,2179,2179,13,4,-27,-22,-25
27.437500,30,2179,2179,13,4,-27,-22,-25
27.441406,31,2179,2179,13,4,-27,-22,-25
27.445312,31,2179,2179,13,4,-27,-22,-25
27.449219,31,2179,2179,13,4,-27,-22,-24
27.453125,31,2179,2179,14,4,-27,-22,-24
27.457031,32,2179,2179,14,4,-27,-22,-25
27.460938,32,2179,2179,14,4,-27,-22,-24
27.464844,32,2179,2179,15,4,-27,-22,-25
27.468750,32,2179,2179,15,4,-27,-22,-24
27.472656,32,2179,2179,15,4,-27,-22,-24
27.476562,32,2179,2179,15,4,-27,-22,-24
27.480469,32,2179,2179,15,4,-27,-22,-24
27.484375,32,2179,2179,15,4,-27,-22,-25
27.488281,32,2179,2179,14,5,-27,-22,-25
27.492188,33,2179,2179,14,4,-27,-22,-24
27.496094,33,2179,2179,14,4,-27,-22,-24
27.500000,33,2179,2179,15,5,-27,-22,-24
27.503906,34,2179,2179,15,5,-27,-22,-24
27.507812,35,2179,2179,15,5,-27,-22,-24
27.511719,35,2179,2179,15,4,-27,-22,-24
27.515625,35,2179,2179,14,5,-27,-21,-24
27.519531,35,2179,2179,15,5,-27,-22,-24
27.523438,36,2179,2179,15,5,-27,-22,-24
27.527344,36,2179,2179,14,4,-27,-22,-24
27.531250,36,2179,2179,14,4,-27,-22,-25
27.535156,36,2179,2179,15,4,-27,-22,-25
27.539062,36,2179,2179,15,4,-27,-22,-25
27.542969,37,2179,2179,15,4,-27,-22,-23
27.546875,37,2179,2179,15,4,-27,-22,-25
27.550781,37,2179,2179,16,4,-27,-22,-25
27.554688,37,2179,2179,16,5,-27,-22,-25
27.558594,37,2179,2179,15,4,-27,-22,-25
27.562500,37,2179,2179,14,4,-27,-22,-24
27.566406,38,2179,2179,15,5,-27,-22,-25
27.570312,38,2179,2179,14,5,-27,-22,-24
27.574219,38,2179,2179,14,5,-27,-22,-24
27.578125,38,2179,2179,14,4,-27,-22,-24
27.582031,38,2179,2179,15,4,-27,-22,-24
27.585938,37,2179,2179,16,5,-27,-22,-24
27.589844,38,2179,2179,16,5,-26,-22,-24
27.593750,37,2179,2179,16,4,-26,-22,-24
27.597656,37,2179,2179,16,4,-27,-22,-24
27.601562,37,2179,2179,16,5,-26,-22,-24
27.605469,37,2179,2179,16,5,-26,-22,-24
27.609375,38,2179,2179,15,4,-27,-21,-24
27.613281,38,2179,2179,15,4,-27,-22,-24
27.617188,38,2179,2179,16,5,-27,-22,-25
27.621094,38,2179,2179,16,4,-27,-22,-24
27.625000,38,2179,2179,15,4,-27,-21,-24
27.628906,38,2179,2179,15,4,-27,-22,-25
27.632812,38,2179,2179,16,4,-27,-22,-25
27.636719,38,2179,2179,16,4,-27,-22,-25
27.640625,38,2179,2179,15,4,-27,-22,-25
27.644531,38,2179,2179,15,4,-27,-22,-25
27.648438,38,2179,2179,15,4,-27,-22,-25
27.652344,38,2179,2179,15,4,-27,-22,-25
27.656250,38,2179,2179,16,4,-27,-22,-25
27.660156,38,2179,2179,15,4,-27,-22,-25
27.664062,37,2179,2179,15,4,-27,-22,-25
27.667969,37,2179,2179,15,4,-27,-22,-24
27.671875,37,2179,2179,15,4,-27,-22,-25
27.675781,37,2179,2179,15,4,-27,-22,-24
27.679688,37,2179,2179,15,4,-27,-22,-24
27.683594,37,2179,2179,15,4,-27,-22,-24
27.687500,38,2179,2179,15,4,-26,-22,-24
27.691406,38,2179,2179,15,4,-26,-21,-24
27.695312,38,2179,2179,15,4,-26,-22,-24
27.699219,38,2179,2179,15,4,-26,-21,-24
27.703125,38,2179,2179,15,4,-27,-22,-24
27.707031,39,2179,2179,15,4,-27,-21,-24
27.710938,39,2179,2179,15,4,-27,-22,-24
27.714844,39,2179,2179,15,4,-27,-22,-24
27.718750,39,2179,2179,15,4,-27,-22,-24
27.722656,40,2179,2179,15,4,-26,-22,-24
27.726562,40,2179,2179,15,4,-26,-22,-24
27.730469,40,2179,2179,15,4,-27,-22,-24
27.734375,40,2179,2179,16,4,-27,-22,-24
27.738281,40,2179,2179,16,4,-27,-22,-24
27.742188,41,2179,2179,16,4,-27,-22,-25
27.746094,42,2179,2179,16,5,-27,-22,-24
27.750000,42,2179,2179,17,5,-27,-22,-25
27.753906,42,2179,2179,17,5,-27,-22,-25
27.757812,42,2179,2179,17,5,-27,-22,-25
27.761719,42,2179,2179,18,4,-27,-22,-24
27.765625,42,2179,2179,17,5,-27,-22,-25
27.769531,42,2179,2179,18,5,-27,-22,-25
27.773438,42,2179,2179,18,5,-27,-22,-24
27.777344,42,2179,2179,17,5,-27,-22,-24
27.781250,42,2179,2179,17,4,-27,-22,-24
27.785156,42,2179,2179,18,5,-27,-22,-25
27.789062,42,2179,2179,18,5,-27,-22,-24
27.792969,42,2179,2179,17,4,-27,-22,-24
27.796875,42,2179,2179,17,4,-27,-22,-24
27.800781,42,2179,2179,18,4,-27,-22,-24
27.804688,42,2179,2179,18,5,-27,-22,-24
27.808594,42,2179,2179,18,4,-27,-22,-24
27.812500,42,2179,2179,18,4,-27,-22,-24
27.816406,42,2179,2179,19,4,-27,-22,-24
27.820312,42,2179,2179,19,4,-27,-22,-24
27.824219,42,2179,2179,19,4,-27,-22,-24
27.828125,42,2179,2179,19,4,-27,-22,-24
27.832031,41,2179,2179,19,4,-27,-22,-24
27.835938,41,2179,2179,19,4,-27,-22,-24
27.839844,41,2179,2179,19,4,-27,-22,-24
27.843750,41,2179,2179,19,4,-27,-22,-25
27.847656,41,2179,2179,19,4,-27,-22,-25
27.851562,41,2179,2179,19,4,-27,-22,-25
27.855469,41,2179,2179,19,4,-27,-22,-25
27.859375,41,2179,2179,20,4,-27,-22,-25
27.863281,41,2179,2179,20,4,-27,-22,-25
27.867188,41,2179,2179,21,4,-27,-22,-24
27.871094,41,2179,2179,21,4,-27,-22,-24
27.875000,41,2179,2179,21,4,-27,-22,-24
27.878906,41,2179,2179,21,4,-27,-22,-24
27.882812,41,2179,2179,21,4,-27,-22,-24
27.886719,40,2179,2179,21,4,-27,-22,-24
27.890625,41,2179,2179,21,4,-27,-22,-24
27.894531,41,2179,2179,22,4,-27,-22,-24
27.898438,41,2179,2179,22,4,-26,-22,-24
27.902344,41,2179,2179,23,4,-27,-22,-24
27.906250,41,2179,2179,23,4,-27,-22,-24
27.910156,42,2179,2179,24,4,-27,-22,-24
27.914062,42,2179,2179,24,4,-27,-22,-24
27.917969,42,2179,2179,25,4,-27,-22,-26
27.921875,42,2179,2179,25,4,-27,-22,-24
27.925781,42,2179,2179,25,4,-27,-22,-25
27.929688,43,2179,2179,26,4,-27,-22,-25
27.933594,43,2179,2179,27,4,-27,-22,-25
27.937500,43,2179,2179,28,4,-27,-22,-25
27.941406,43,2179,2179,29,4,-27,-22,-25
27.945312,43,2179,2179,31,4,-27,-22,-25
27.949219,43,2179,2179,32,4,-27,-22,-25
27.953125,43,2179,2179,34,4,-27,-22,-25
27.957031,43,2179,2179,35,5,-27,-22,-24
27.960938,43,2179,2179,36,4,-27,-22,-25
27.964844,43,2179,2179,37,4,-27,-22,-25
27.968750,42,2179,2179,38,5,-27,-22,-25
27.972656,43,2179,2179,39,5,-27,-22,-24
27.976562,43,2179,2179,40,4,-27,-22,-24
27.980469,43,2179,2179,41,4,-27,-22,-24
27.984375,42,2179,2179,43,5,-27,-22,-24
27.988281,42,2179,2179,44,5,-27,-22,-24
27.992188,43,2179,2179,46,4,-27,-22,-24
27.996094,43,2179,2179,48,4,-27,-22,-24
28.000000,43,2179,2179,50,4,-27,-22,-24
28.003906,43,2179,2179,52,5,-27,-22,-24
28.007812,43,2179,2179,53,4,-27,-22,-24
28.011719,43,2179,2179,55,4,-27,-22,-24
28.015625,43,2179,2179,58,4,-27,-22,-24
28.019531,43,2179,2179,58,4,-27,-22,-24
28.023438,43,2179,2179,60,4,-27,-22,-24
28.027344,44,2179,2179,62,4,-27,-22,-24
28.031250,43,2179,2179,64,4,-27,-22,-24
28.035156,43,2179,2179,68,4,-27,-22,-25
28.039062,44,2179,2179,71,4,-27,-22,-25
28.042969,44,2179,2179,74,4,-27,-22,-25
28.046875,44,2179,2179,76,4,-27,-22,-25
28.050781,43,2179,2179,78,4,-27,-22,-25
28.054688,43,2179,2179,80,5,-27,-22,-25
28.058594,43,2179,2179,80,4,-27,-22,-25
28.062500,43,2179,2179,81,4,-27,-22,-25
28.066406,43,2179,2179,83,4,-27,-22,-25
28.070312,43,2179,2179,84,4,-27,-22,-25
28.074219,43,2179,2179,85,4,-27,-22,-24
28.078125,42,2179,2179,87,4,-27,-22,-24
28.082031,42,2179,2179,90,4,-27,-22,-24
28.085938,42,2179,2179,93,5,-27,-22,-24
28.089844,42,2179,2179,96,4,-26,-22,-24
28.093750,42,2179,2179,98,4,-27,-22,-24
28.097656,42,2179,2179,101,4,-27,-22,-24
28.101562,42,2179,2179,104,4,-27,-22,-24
28.105469,42,2179,2179,106,5,-27,-21,-24
28.109375,43,2179,2179,107,4,-27,-21,-24
28.113281,43,2179,2179,108,4,-27,-22,-24
28.117188,42,2179,2179,109,4,-27,-22,-24
28.121094,42,2179,2179,110,4,-27,-22,-24
28.125000,42,2179,2179,111,4,-27,-22,-25
28.128906,42,2179,2179,111,4,-27,-22,-24
28.132812,42,2179,2179,113,4,-27,-22,-24
28.136719,42,2179,2179,115,4,-27,-22,-25
28.140625,42,2179,2179,117,4,-27,-22,-24
28.144531,42,2179,2179,119,4,-27,-22,-24
28.148438,42,2179,2179,122,4,-27,-22,-25
28.152344,42,2179,2179,124,4,-27,-22,-25
28.156250,42,2179,2179,125,5,-27,-22,-25
28.160156,42,2179,2179,126,4,-27,-22,-25
28.164062,41,2179,2179,126,4,-27,-22,-25
28.167969,41,2179,2179,127,5,-27,-22,-24
28.171875,41,2179,2179,127,5,-27,-22,-24
28.175781,41,2179,2179,128,4,-27,-22,-24
28.179688,41,2179,2179,130,4,-27,-22,-24
28.183594,41,2179,2179,132,5,-27,-22,-24
28.187500,40,2179,2179,134,4,-27,-22,-25
28.191406,41,2179,2179,136,4,-27,-22,-24
28.195312,40,2179,2179,139,4,-27,-22,-24
28.199219,40,2179,2179,141,4,-27,-22,-25
28.203125,40,2179,2179,143,5,-27,-22,-25
28.207031,40,2179,2179,143,5,-27,-22,-24
28.210938,40,2179,2179,144,4,-27,-21,-24
28.214844,40,2179,2179,144,4,-27,-21,-24
28.218750,40,2179,2179,144,4,-27,-22,-24
28.222656,40,2179,2179,145,4,-27,-21,-25
28.226562,41,2179,2179,145,4,-27,-22,-25
28.230469,41,2179,2179,145,4,-27,-22,-25
28.234375,40,2179,2179,146,4,-27,-22,-25
28.238281,40,2179,2179,147,4,-27,-22,-25
28.242188,41,2179,2179,148,4,-27,-22,-25
28.246094,41,2179,2179,148,4,-27,-22,-25
28.250000,40,2179,2179,149,4,-27,-22,-25
28.253906,40,2179,2179,149,4,-27,-22,-25
28.257812,41,2179,2179,149,3,-27,-22,-25
28.261719,41,2179,2179,150,4,-27,-22,-24
28.265625,40,2179,2179,151,4,-27,-22,-25
28.269531,40,2179,2179,152,4,-27,-22,-24
28.273438,40,2179,2179,153,4,-27,-22,-25
28.277344,40,2179,2179,153,4,-27,-22,-24
28.281250,40,2179,2179,154,4,-27,-22,-24
28.285156,40,2179,2179,155,4,-27,-22,-24
28.289062,40,2179,2179,155,4,-27,-22,-24
28.292969,40,2179,2179,155,4,-27,-21,-24
28.296875,40,2179,2179,155,4,-27,-21,-24
28.300781,40,2179,2179,156,4,-27,-22,-24
28.304688,40,2179,2179,157,4,-27,-22,-24
28.308594,40,2179,2179,157,4,-26,-22,-24
28.312500,40,2179,2179,158,4,-27,-22,-24
28.316406,40,2179,2179,159,4,-27,-22,-24
28.320312,40,2179,2179,160,4,-27,-22,-24
28.324219,40,2179,2179,160,4,-27,-22,-24
28.328125,40,2179,2179,160,4,-27,-22,-25
28.332031,40,2179,2179,160,4,-27,-22,-24
28.335938,40,2179,2179,161,4,-27,-22,-24
28.339844,40,2179,2179,162,5,-27,-22,-24
28.343750,40,2179,2179,162,4,-27,-22,-24
28.347656,40,2179,2179,163,4,-27,-22,-25
28.351562,40,2179,2179,164,5,-27,-22,-25
28.355469,40,2179,2179,165,5,-27,-22,-25
28.359375,40,2179,2179,165,5,-27,-22,-25
28.363281,40,2179,2179,165,5,-27,-22,-24
28.367188,40,2179,2179,166,5,-27,-22,-24
28.371094,40,2179,2179,166,5,-27,-22,-25
28.375000,40,2179,2179,165,5,-26,-22,-24
28.378906,40,2179,2179,165,5,-27,-22,-24
28.382812,40,2179,2179,165,4,-27,-22,-24
28.386719,40,2179,2179,165,5,-27,-22,-24
28.390625,40,2179,2179,165,4,-27,-22,-24
28.394531,40,2179,2179,165,4,-27,-22,-24
28.398438,40,2179,2179,165,4,-26,-22,-25
28.402344,40,2179,2179,166,4,-26,-22,-25
28.406250,41,2179,2179,166,5,-26,-22,-25
28.410156,41,2179,2179,166,4,-27,-22,-24
28.414062,41,2179,2179,167,4,-27,-22,-24
28.417969,40,2179,2179,168,4,-27,-22,-25
28.421875,40,2179,2179,169,4,-27,-22,-24
28.425781,41,2179,2179,169,3,-27,-22,-25
28.429688,40,2179,2179,169,3,-27,-22,-24
28.433594,40,2179,2179,170,4,-27,-22,-25
28.437500,40,2179,2179,170,3,-27,-22,-25
28.441406,40,2179,2179,170,3,-27,-22,-25
28.445312,40,2179,2179,171,3,-27,-22,-25
28.449219,39,2179,2179,172,4,-27,-22,-25
28.453125,39,2179,2179,172,4,-27,-22,-25
28.457031,39,2179,2179,172,4,-27,-22,-24
28.460938,39,2179,2179,172,4,-27,-22,-25
28.464844,39,2179,2179,172,4,-27,-22,-24
28.468750,39,2179,2179,172,4,-27,-22,-25
28.472656,39,2179,2179,172,4,-27,-22,-24
28.476562,38,2179,2179,172,4,-27,-22,-24
28.480469,39,2179,2179,172,4,-27,-22,-24
28.484375,38,2179,2179,173,5,-27,-22,-24
28.488281,38,2179,2179,174,4,-27,-22,-24
28.492188,39,2179,2179,174,4,-27,-22,-24
28.496094,39,2179,2179,174,4,-27,-22,-24
28.500000,38,2179,2179,175,4,-27,-22,-25
28.503906,38,2179,2179,175,4,-27,-22,-24
28.507812,39,2179,2179,175,3,-27,-22,-24
28.511719,38,2179,2179,174,4,-27,-22,-24
28.515625,38,2179,2179,175,4,-27,-22,-24
28.519531,38,2179,2179,175,4,-27,-22,-25
28.523438,38,2179,2179,174,4,-27,-22,-25
28.527344,38,2179,2179,174,4,-27,-22,-25
28.531250,38,2179,2179,174,4,-27,-22,-25
28.535156,38,2179,2179,175,4,-27,-22,-25
28.539062,38,2179,2179,176,4,-27,-22,-25
28.542969,38,2179,2179,176,4,-27,-22,-25
28.546875,38,2179,2179,176,4,-27,-22,-25
28.550781,38,2179,2179,177,5,-27,-22,-25
28.554688,38,2179,2179,177,5,-27,-22,-25
28.558594,39,2179,2179,177,4,-27,-22,-25
28.562500,39,2179,2179,177,4,-27,-22,-25
28.566406,38,2179,2179,177,5,-27,-22,-25
28.570312,38,2179,2179,177,5,-27,-22,-24
28.574219,38,2179,2179,177,5,-27,-22,-24
28.578125,38,2179,2179,177,4,-27,-22,-24
28.582031,38,2179,2179,177,4,-27,-22,-24
28.585938,38,2179,2179,177,5,-27,-22,-24
28.589844,39,2179,2179,177,5,-26,-22,-24
28.593750,39,2179,2179,178,4,-27,-22,-24
28.597656,38,2179,2179,178,5,-27,-22,-24
28.601562,38,2179,2179,178,5,-27,-22,-25
28.605469,39,2179,2179,178,5,-27,-22,-24
28.609375,38,2179,2179,178,4,-27,-22,-24
28.613281,38,2179,2179,178,4,-27,-22,-24
28.617188,38,2179,2179,178,4,-27,-22,-24
28.621094,38,2179,2179,178,4,-27,-22,-24
28.625000,38,2179,2179,178,4,-26,-22,-24
28.628906,38,2179,2179,178,4,-27,-22,-25
28.632812,38,2179,2179,178,3,-27,-22,-25
28.636719,38,2179,2179,178,4,-27,-22,-25
28.640625,38,2179,2179,178,4,-27,-22,-25
28.644531,39,2179,2179,178,4,-27,-22,-25
28.648438,38,2179,2179,178,4,-27,-22,-25
28.652344,38,2179,2179,178,4,-27,-22,-25
28.656250,38,2179,2179,178,4,-27,-22,-25
28.660156,38,2179,2179,178,4,-27,-22,-25
28.664062,37,2179,2179,179,4,-27,-22,-25
28.667969,37,2179,2179,179,4,-27,-22,-25
28.671875,37,2179,2179,180,4,-27,-22,-24
28.675781,37,2179,2179,180,4,-27,-22,-24
28.679688,37,2179,2179,180,4,-27,-22,-24
28.683594,36,2179,2179,180,4,-27,-22,-24
28.687500,36,2179,2179,180,4,-27,-22,-24
28.691406,37,2179,2179,179,4,-27,-21,-24
28.695312,37,2179,2179,179,4,-27,-21,-24
28.699219,37,2179,2179,179,4,-26,-21,-24
28.703125,37,2179,2179,179,4,-27,-21,-24
28.707031,37,2179,2179,179,4,-27,-22,-24
28.710938,37,2179,2179,179,4,-27,-21,-24
28.714844,37,2179,2179,179,4,-26,-22,-24
28.718750,37,2179,2179,180,4,-27,-22,-24
28.722656,37,2179,2179,180,4,-27,-22,-25
28.726562,37,2179,2179,180,4,-27,-22,-24
28.730469,37,2179,2179,180,4,-27,-22,-25
28.734375,37,2179,2179,180,5,-27,-22,-24
28.738281,37,2179,2179,181,5,-27,-22,-24
28.742188,37,2179,2179,180,4,-27,-22,-24
28.746094,37,2179,2179,181,4,-27,-22,-25
28.750000,37,2179,2179,181,5,-28,-22,-25
28.753906,37,2179,2179,182,5,-27,-22,-25
28.757812,37,2179,2179,182,5,-27,-22,-24
28.761719,37,2179,2179,182,4,-27,-22,-25
28.765625,37,2179,2179,182,4,-27,-22,-24
28.769531,37,2179,2179,182,5,-27,-22,-24
28.773438,37,2179,2179,181,5,-27,-22,-24
28.777344,37,2179,2179,181,4,-27,-22,-24
28.781250,37,2179,2179,181,4,-27,-22,-24
28.785156,37,2179,2179,181,5,-27,-22,-24
28.789062,37,2179,2179,181,5,-27,-22,-24
28.792969,37,2179,2179,181,5,-27,-21,-24
28.796875,37,2179,2179,181,5,-27,-21,-25
28.800781,37,2179,2179,181,5,-27,-22,-24
28.804688,36,2179,2179,182,5,-27,-22,-24
28.808594,37,2179,2179,181,4,-27,-22,-24
28.812500,37,2179,2179,182,4,-27,-22,-24
28.816406,36,2179,2179,182,4,-27,-22,-24
28.820312,36,2179,2179,182,4,-27,-22,-24
28.824219,37,2179,2179,182,4,-27,-22,-25
28.828125,37,2179,2179,182,4,-27,-22,-25
28.832031,36,2179,2179,182,4,-27,-22,-25
28.835938,36,2179,2179,182,4,-27,-22,-25
28.839844,37,2179,2179,182,4,-27,-22,-25
28.843750,37,2179,2179,182,4,-27,-22,-25
28.847656,37,2179,2179,182,4,-27,-22,-25
28.851562,37,2179,2179,183,4,-27,-22,-25
28.855469,37,2179,2179,183,4,-27,-22,-25
28.859375,37,2179,2179,183,4,-27,-22,-25
28.863281,37,2179,2179,183,4,-27,-22,-25
28.867188,37,2179,2179,183,4,-27,-22,-25
28.871094,36,2179,2179,183,4,-27,-22,-25
28.875000,36,2179,2179,182,4,-25,-22,-25
28.878906,36,2179,2179,182,4,-27,-22,-25
28.882812,36,2179,2179,182,5,-27,-22,-25
28.886719,35,2179,2179,182,4,-27,-22,-24
28.890625,36,2179,2179,182,4,-27,-22,-24
28.894531,36,2179,2179,182,4,-27,-22,-24
28.898438,36,2179,2179,182,4,-27,-22,-24
28.902344,36,2179,2179,183,4,-27,-22,-24
28.906250,36,2179,2179,183,4,-27,-22,-24
28.910156,36,2179,2179,182,4,-27,-22,-24
28.914062,36,2179,2179,183,4,-27,-22,-24
28.917969,36,2179,2179,183,4,-27,-22,-24
28.921875,36,2179,2179,183,4,-27,-22,-25
28.925781,36,2179,2179,182,4,-27,-22,-24
28.929688,36,2179,2179,182,4,-27,-22,-24
28.933594,36,2179,2179,183,5,-27,-22,-25
28.937500,35,2179,2179,184,5,-27,-22,-25
28.941406,35,2179,2179,184,4,-27,-22,-25
28.945312,35,2179,2179,184,5,-27,-22,-25
28.949219,35,2179,2179,184,5,-27,-22,-25
28.953125,35,2179,2179,184,5,-27,-22,-25
28.957031,35,2179,2179,184,5,-27,-22,-25
28.960938,34,2179,2179,183,4,-27,-22,-25
28.964844,34,2179,2179,184,4,-27,-22,-25
28.968750,34,2179,2179,184,5,-27,-22,-25
28.972656,34,2179,2179,184,5,-27,-22,-25
28.976562,33,2179,2179,184,4,-27,-22,-24
28.980469,32,2179,2179,184,4,-27,-22,-24
28.984375,33,2179,2179,184,5,-26,-22,-24
28.988281,32,2179,2179,184,5,-27,-21,-24
28.992188,33,2179,2179,184,4,-27,-21,-24
28.996094,32,2179,2179,184,4,-27,-21,-24
29.000000,32,2179,2179,185,4,-28,-21,-24
29.003906,32,2179,2179,185,4,-27,-21,-24
29.007812,32,2179,2179,185,5,-26,-21,-25
29.011719,32,2179,2179,185,4,-27,-21,-24
29.015625,32,2179,2179,185,4,-27,-21,-24
29.019531,32,2179,2179,185,4,-27,-22,-24
29.023438,31,2179,2179,185,4,-27,-22,-24
29.027344,31,2179,2179,184,4,-27,-22,-24
29.031250,30,2179,2179,184,4,-27,-22,-24
29.035156,30,2179,2179,184,4,-27,-22,-24
29.039062,30,2179,2179,184,4,-27,-22,-24
29.042969,29,2179,2179,183,4,-27,-22,-24
29.046875,29,2179,2179,183,4,-27,-22,-25
29.050781,28,2179,2179,184,4,-27,-22,-25
29.054688,27,2179,2179,184,4,-27,-22,-25
29.058594,27,2179,2179,184,4,-27,-22,-25
29.062500,26,2179,2179,184,4,-27,-22,-25
29.066406,25,2179,2179,184,4,-27,-22,-24
29.070312,24,2179,2179,183,4,-27,-22,-24
29.074219,23,2179,2179,179,4,-27,-22,-24
29.078125,23,2179,2179,174,4,-27,-21,-24
29.082031,22,2179,2179,164,4,-27,-21,-24
29.085938,21,2179,2179,151,4,-27,-21,-24
29.089844,21,2179,2179,136,4,-27,-21,-24
29.093750,21,2179,2179,119,4,-26,-21,-24
29.097656,20,2179,2179,105,4,-27,-21,-24
29.101562,20,2179,2179,94,4,-27,-21,-24
29.105469,19,2179,2179,86,4,-27,-22,-24
29.109375,19,2179,2179,80,4,-27,-22,-24
29.113281,19,2179,2179,76,4,-27,-22,-24
29.117188,18,2179,2179,71,4,-27,-22,-24
29.121094,18,2179,2179,63,4,-27,-22,-24
29.125000,18,2179,2179,52,4,-23,-22,-25
29.128906,17,2179,2179,40,4,-27,-22,-25
29.132812,17,2179,2179,29,4,-27,-22,-25
29.136719,17,2179,2179,19,5,-27,-22,-25
29.140625,16,2179,2179,12,5,-27,-22,-25
29.144531,16,2179,2179,9,4,-27,-22,-24
29.148438,15,2179,2179,10,4,-27,-22,-24
29.152344,15,2179,2179,12,5,-27,-22,-25
29.156250,15,2179,2179,14,5,-27,-22,-24
29.160156,14,2179,2179,16,4,-27,-22,-24
29.164062,14,2179,2179,17,4,-27,-22,-24
29.167969,14,2179,2179,16,5,-27,-22,-25
29.171875,13,2179,2179,15,5,-27,-22,-24
29.175781,13,2179,2179,14,4,-27,-22,-24
29.179688,13,2179,2179,13,4,-27,-22,-24
29.183594,12,2179,2179,13,5,-27,-22,-24
29.187500,12,2179,2179,13,5,-26,-22,-24
29.191406,12,2179,2179,14,5,-27,-22,-24
29.195312,12,2179,2179,15,5,-27,-21,-24
29.199219,12,2179,2179,17,5,-27,-22,-24
29.203125,12,2179,2179,17,5,-27,-22,-24
29.207031,12,2179,2179,17,5,-27,-22,-25
29.210938,12,2179,2179,16,4,-27,-22,-24
29.214844,11,2179,2179,16,4,-27,-22,-24
29.218750,12,2179,2179,16,4,-27,-22,-25
29.222656,12,2179,2179,15,4,-27,-22,-25
29.226562,11,2179,2179,15,4,-27,-22,-25
29.230469,11,2179,2179,15,4,-27,-22,-25
29.234375,11,2179,2179,16,5,-27,-22,-25
29.238281,10,2179,2179,16,5,-27,-22,-25
29.242188,10,2179,2179,16,4,-27,-22,-25
29.246094,10,2179,2179,16,4,-27,-22,-25
29.250000,10,2179,2179,16,4,-31,-22,-25
29.253906,10,2179,2179,16,4,-27,-22,-25
29.257812,10,2179,2179,15,4,-27,-22,-24
29.261719,10,2179,2179,15,4,-27,-22,-25
29.265625,9,2179,2179,15,4,-27,-22,-25
29.269531,9,2179,2179,15,4,-27,-22,-24
29.273438,9,2179,2179,15,4,-27,-22,-24
29.277344,8,2179,2179,15,4,-27,-22,-24
29.281250,8,2179,2179,15,4,-27,-22,-24
29.285156,8,2179,2179,15,4,-27,-22,-25
29.289062,8,2179,2179,15,4,-27,-22,-24
29.292969,9,2179,2179,15,4,-27,-22,-25
29.296875,9,2179,2179,15,4,-27,-22,-24
29.300781,9,2179,2179,16,4,-27,-22,-24
29.304688,9,2179,2179,16,4,-27,-22,-24
29.308594,9,2179,2179,15,4,-27,-22,-25
29.312500,9,2179,2179,15,4,-27,-22,-24
29.316406,8,2179,2179,16,4,-27,-22,-24
29.320312,9,2179,2179,16,4,-27,-22,-25
29.324219,9,2179,2179,15,4,-27,-22,-25
29.328125,8,2179,2179,15,4,-27,-22,-25
29.332031,8,2179,2179,15,4,-27,-22,-25
29.335938,8,2179,2179,16,4,-27,-22,-25
29.339844,8,2179,2179,16,4,-27,-22,-25
29.343750,8,2179,2179,15,4,-27,-22,-25
29.347656,7,2179,2179,15,4,-27,-22,-25
29.351562,7,2179,2179,16,5,-27,-22,-25
29.355469,7,2179,2179,16,5,-27,-22,-25
29.359375,7,2179,2179,15,4,-27,-22,-25
29.363281,7,2179,2179,15,4,-27,-22,-24
29.367188,6,2179,2179,16,5,-27,-22,-24
29.371094,6,2179,2179,16,4,-27,-22,-25
29.375000,6,2179,2179,15,4,-21,-22,-24
29.378906,6,2179,2179,15,4,-27,-22,-24
29.382812,5,2179,2179,16,4,-27,-22,-24
29.386719,5,2179,2179,16,4,-27,-22,-24
29.390625,5,2179,2179,15,4,-27,-22,-24
29.394531,6,2179,2179,15,4,-27,-22,-24
29.398438,6,2179,2179,15,4,-27,-22,-24
29.402344,6,2179,2179,16,4,-27,-22,-24
29.406250,7,2179,2179,15,4,-27,-22,-24
29.410156,7,2179,2179,15,4,-27,-22,-24
29.414062,6,2179,2179,15,4,-27,-22,-24
29.417969,7,2179,2179,15,4,-27,-21,-24
29.421875,7,2179,2179,14,4,-26,-22,-24
29.425781,7,2179,2179,14,4,-27,-22,-24
29.429688,7,2179,2179,14,3,-27,-22,-24
29.433594,7,2179,2179,14,4,-27,-22,-24
29.437500,7,2179,2179,15,4,-27,-22,-25
29.441406,8,2179,2179,15,4,-27,-22,-25
29.445312,8,2179,2179,15,4,-27,-22,-24
29.449219,7,2179,2179,16,4,-27,-22,-24
29.453125,7,2179,2179,16,4,-27,-22,-24
29.457031,7,2179,2179,16,4,-27,-22,-24
29.460938,7,2179,2179,15,4,-27,-22,-24
29.464844,7,2179,2179,15,4,-27,-22,-24
29.468750,6,2179,2179,14,4,-27,-22,-24
29.472656,7,2179,2179,14,4,-27,-22,-24
29.476562,6,2179,2179,14,4,-27,-22,-24
29.480469,6,2179,2179,13,4,-27,-22,-24
29.484375,6,2179,2179,14,5,-27,-22,-24
29.488281,6,2179,2179,14,5,-27,-22,-24
29.492188,6,2179,2179,14,5,-27,-22,-24
29.496094,6,2179,2179,15,5,-27,-22,-24
29.500000,6,2179,2179,15,5,-34,-22,-24
29.503906,6,2179,2179,15,5,-27,-22,-24
29.507812,6,2179,2179,14,4,-27,-22,-24
29.511719,6,2179,2179,14,4,-27,-22,-24
29.515625,6,2179,2179,14,4,-27,-22,-24
29.519531,6,2179,2179,14,4,-27,-22,-25
29.523438,6,2179,2179,14,4,-27,-22,-24
29.527344,6,2179,2179,14,4,-27,-22,-24
29.531250,6,2179,2179,15,4,-27,-22,-24
29.535156,5,2179,2179,16,5,-27,-22,-25
29.539062,5,2179,2179,16,5,-27,-22,-24
29.542969,5,2179,2179,16,5,-27,-22,-24
29.546875,5,2179,2179,16,5,-27,-22,-25
29.550781,5,2179,2179,16,5,-27,-22,-24
29.554688,5,2179,2179,16,5,-27,-22,-25
29.558594,5,2179,2179,15,4,-27,-22,-24
29.562500,5,2179,2179,15,4,-27,-22,-25
29.566406,5,2179,2179,15,5,-27,-22,-25
29.570312,5,2179,2179,15,5,-26,-22,-25
29.574219,5,2179,2179,15,5,-27,-22,-25
29.578125,5,2179,2179,15,4,-27,-22,-24
29.582031,5,2179,2179,15,4,-27,-22,-24
29.585938,5,2179,2179,15,5,-27,-22,-24
29.589844,5,2179,2179,15,4,-26,-22,-24
29.593750,5,2179,2179,14,4,-27,-22,-24
29.597656,5,2179,2179,14,4,-27,-22,-24
29.601562,5,2179,2179,14,4,-27,-22,-24
29.605469,6,2179,2179,13,4,-27,-22,-24
29.609375,6,2179,2179,13,4,-27,-22,-24
29.613281,6,2179,2179,13,4,-27,-22,-24
29.617188,6,2179,2179,14,4,-27,-21,-24
29.621094,6,2179,2179,15,4,-27,-22,-24
29.625000,6,2179,2179,15,4,-21,-22,-24
29.628906,6,2179,2179,15,4,-27,-22,-24
29.632812,6,2179,2179,15,4,-27,-22,-24
29.636719,6,2179,2179,15,4,-27,-22,-24
29.640625,6,2179,2179,14,4,-27,-22,-25
29.644531,6,2179,2179,14,4,-27,-22,-24
29.648438,5,2179,2179,14,4,-27,-22,-25
29.652344,5,2179,2179,14,5,-27,-22,-25
29.656250,6,2179,2179,14,5,-27,-22,-25
29.660156,6,2179,2179,14,4,-27,-22,-25
29.664062,5,2179,2179,14,4,-27,-22,-25
29.667969,5,2179,2179,15,4,-27,-22,-24
29.671875,6,2179,2179,16,4,-27,-22,-25
29.675781,6,2179,2179,16,4,-27,-22,-24
29.679688,6,2179,2179,16,4,-27,-22,-24
29.683594,6,2179,2179,16,4,-27,-22,-24
29.687500,6,2179,2179,15,4,-26,-22,-24
29.691406,6,2179,2179,14,4,-26,-22,-24
29.695312,6,2179,2179,14,4,-27,-22,-24
29.699219,6,2179,2179,14,4,-27,-22,-24
29.703125,6,2179,2179,14,4,-27,-22,-24
29.707031,6,2179,2179,13,4,-27,-22,-24
29.710938,6,2179,2179,13,4,-27,-22,-24
29.714844,6,2179,2179,13,4,-27,-22,-24
29.718750,6,2179,2179,13,4,-27,-22,-24
29.722656,6,2179,2179,13,4,-27,-22,-24
29.726562,6,2179,2179,13,4,-27,-22,-24
29.730469,6,2179,2179,13,4,-27,-22,-24
29.734375,6,2179,2179,14,4,-27,-22,-24
29.738281,6,2179,2179,14,5,-27,-22,-25
29.742188,7,2179,2179,14,4,-27,-21,-25
29.746094,6,2179,2179,15,5,-27,-22,-25
29.750000,6,2179,2179,15,5,-33,-22,-25
29.753906,6,2179,2179,16,5,-27,-22,-25
29.757812,6,2179,2179,16,4,-27,-22,-25
29.761719,6,2179,2179,16,4,-27,-22,-24
29.765625,6,2179,2179,16,4,-27,-22,-24
29.769531,6,2179,2179,16,5,-27,-22,-24
29.773438,6,2179,2179,16,5,-27,-22,-24
29.777344,6,2179,2179,15,5,-27,-22,-24
29.781250,6,2179,2179,14,4,-27,-22,-24
29.785156,6,2179,2179,14,5,-27,-22,-24
29.789062,6,2179,2179,14,5,-27,-22,-24
29.792969,6,2179,2179,14,4,-27,-22,-24
29.796875,6,2179,2179,14,4,-27,-22,-24
29.800781,6,2179,2179,15,5,-27,-22,-24
29.804688,6,2179,2179,15,5,-27,-22,-24
29.808594,6,2179,2179,15,4,-27,-22,-24
29.812500,6,2179,2179,15,4,-27,-22,-24
29.816406,6,2179,2179,14,4,-27,-22,-24
29.820312,6,2179,2179,14,4,-27,-22,-24
29.824219,6,2179,2179,13,4,-27,-22,-24
29.828125,6,2179,2179,13,4,-27,-22,-24
29.832031,5,2179,2179,13,4,-27,-22,-24
29.835938,5,2179,2179,14,4,-27,-22,-24
29.839844,5,2179,2179,15,4,-27,-22,-24
29.843750,5,2179,2179,15,4,-27,-22,-24
29.847656,5,2179,2179,15,4,-27,-22,-24
29.851562,5,2179,2179,16,4,-27,-22,-24
29.855469,5,2179,2179,16,4,-27,-22,-24
29.859375,5,2179,2179,15,4,-27,-22,-25
29.863281,4,2179,2179,14,4,-27,-22,-24
29.867188,4,2179,2179,14,4,-27,-21,-24
29.871094,4,2179,2179,14,4,-27,-22,-24
29.875000,5,2179,2179,13,4,-26,-21,-24
29.878906,5,2179,2179,13,4,-27,-21,-24
29.882812,5,2179,2179,14,4,-27,-21,-24
29.886719,5,2179,2179,14,4,-27,-21,-24
29.890625,5,2179,2179,14,4,-27,-21,-24
29.894531,5,2179,2179,14,4,-27,-22,-24
29.898438,5,2179,2179,14,4,-27,-22,-24
29.902344,5,2179,2179,15,4,-27,-22,-24
29.906250,5,2179,2179,15,4,-27,-22,-24
29.910156,5,2179,2179,14,4,-27,-22,-24
29.914062,5,2179,2179,14,4,-27,-22,-24
29.917969,6,2179,2179,14,4,-27,-22,-24
29.921875,6,2179,2179,14,4,-27,-22,-24
29.925781,6,2179,2179,14,4,-27,-22,-25
29.929688,6,2179,2179,14,4,-27,-22,-24
29.933594,6,2179,2179,15,5,-27,-22,-25
29.937500,5,2179,2179,15,5,-27,-22,-24
29.941406,6,2179,2179,14,5,-27,-22,-25
29.945312,6,2179,2179,14,5,-27,-22,-24
29.949219,5,2179,2179,14,5,-27,-22,-24
29.953125,5,2179,2179,14,5,-27,-22,-24
29.957031,6,2179,2179,14,5,-27,-22,-24
29.960938,6,2179,2179,14,4,-27,-22,-24
29.964844,6,2179,2179,14,4,-27,-22,-24
29.968750,6,2179,2179,15,4,-27,-22,-24
29.972656,6,2179,2179,15,5,-27,-22,-24
29.976562,6,2179,2179,15,4,-27,-22,-24
29.980469,6,2179,2179,14,4,-27,-22,-24
29.984375,6,2179,2179,15,4,-27,-22,-24
29.988281,6,2179,2179,14,4,-27,-22,-24
29.992188,6,2179,2179,14,4,-27,-21,-24
29.996094,6,2179,2179,14,4,-26,-22,-24
30.000000,6,2179,2179,14,4,-27,-21,-25
30.003906,6,2179,2179,14,4,-26,-22,-25
30.007812,7,2179,2179,13,4,-26,-22,-25
30.011719,7,2179,2179,14,4,-27,-21,-24
30.015625,6,2179,2179,14,4,-27,-22,-24
30.019531,6,2179,2179,15,4,-27,-22,-24
30.023438,6,2179,2179,15,4,-27,-22,-25
30.027344,6,2179,2179,15,4,-27,-22,-25
30.031250,6,2179,2179,15,4,-27,-22,-25
30.035156,6,2179,2179,16,5,-27,-22,-25
30.039062,7,2179,2179,15,5,-27,-22,-25
30.042969,7,2179,2179,15,4,-27,-22,-25
30.046875,7,2179,2179,14,4,-27,-22,-25
30.050781,7,2179,2179,14,4,-27,-22,-25
30.054688,7,2179,2179,13,4,-27,-22,-24
30.058594,8,2179,2179,13,4,-27,-22,-25
30.062500,8,2179,2179,13,4,-27,-22,-24
30.066406,7,2179,2179,14,4,-27,-22,-24
30.070312,8,2179,2179,14,4,-27,-22,-25
30.074219,8,2179,2179,14,4,-27,-22,-24
30.078125,8,2179,2179,14,4,-27,-21,-24
30.082031,8,2179,2179,14,4,-27,-22,-24
30.085938,8,2179,2179,15,4,-27,-22,-24
30.089844,8,2179,2179,14,4,-27,-21,-24
30.093750,8,2179,2179,14,4,-27,-21,-24
30.097656,9,2179,2179,13,4,-27,-21,-24
30.101562,9,2179,2179,13,4,-27,-21,-25
30.105469,9,2179,2179,13,4,-27,-22,-24
30.109375,10,2179,2179,13,4,-27,-21,-24
30.113281,10,2179,2179,13,4,-27,-22,-25
30.117188,10,2179,2179,14,4,-27,-21,-24
30.121094,10,2179,2179,13,4,-27,-22,-25
30.125000,9,2179,2179,13,4,-27,-22,-25
30.128906,10,2179,2179,13,4,-27,-22,-25
30.132812,9,2179,2179,13,4,-27,-22,-25
30.136719,9,2179,2179,13,4,-27,-22,-25
30.140625,9,2179,2179,13,4,-27,-22,-25
30.144531,10,2179,2179,13,4,-27,-22,-25
30.148438,9,2179,2179,13,4,-27,-22,-25
30.152344,9,2179,2179,14,4,-27,-22,-25
30.156250,10,2179,2179,14,4,-27,-22,-25
30.160156,10,2179,2179,13,4,-27,-22,-25
30.164062,9,2179,2179,14,4,-27,-22,-25
30.167969,9,2179,2179,14,4,-27,-22,-24
30.171875,9,2179,2179,14,5,-27,-22,-24
30.175781,10,2179,2179,14,4,-27,-22,-24
30.179688,10,2179,2179,14,4,-27,-22,-24
30.183594,10,2179,2179,15,5,-27,-22,-24
30.187500,10,2179,2179,15,5,-27,-22,-24
30.191406,10,2179,2179,15,4,-27,-22,-24
30.195312,10,2179,2179,15,4,-27,-22,-24
30.199219,10,2179,2179,15,4,-27,-22,-24
30.203125,11,2179,2179,15,4,-27,-22,-24
30.207031,12,2179,2179,14,4,-27,-22,-24
30.210938,12,2179,2179,14,4,-27,-21,-24
30.214844,12,2179,2179,14,4,-27,-22,-24
30.218750,12,2179,2179,15,4,-27,-22,-24
30.222656,12,2179,2179,15,4,-27,-22,-24
30.226562,12,2179,2179,14,4,-27,-22,-24
30.230469,12,2179,2179,14,4,-27,-22,-25
30.234375,12,2179,2179,15,5,-27,-22,-24
30.238281,12,2179,2179,15,4,-27,-22,-25
30.242188,13,2179,2179,14,4,-27,-21,-24
30.246094,13,2179,2179,14,4,-27,-22,-25
30.250000,13,2179,2179,15,4,-27,-22,-25
30.253906,14,2179,2179,15,4,-27,-22,-25
30.257812,14,2179,2179,15,4,-27,-22,-25
30.261719,14,2179,2179,15,4,-27,-22,-24
30.265625,14,2179,2179,15,4,-27,-22,-25
30.269531,15,2179,2179,15,4,-27,-22,-24
30.273438,15,2179,2179,15,4,-27,-22,-24
30.277344,16,2179,2179,15,4,-27,-22,-24
30.281250,16,2179,2179,15,4,-26,-22,-24
30.285156,16,2179,2179,15,4,-26,-22,-24
30.289062,17,2179,2179,15,4,-26,-22,-24
30.292969,18,2179,2179,15,4,-26,-21,-24
30.296875,18,2179,2179,15,4,-27,-21,-24
30.300781,18,2179,2179,15,4,-27,-22,-24
30.304688,18,2179,2179,15,4,-27,-22,-24
30.308594,18,2179,2179,14,4,-27,-22,-24
30.312500,18,2179,2179,14,4,-27,-22,-25
30.316406,18,2179,2179,15,5,-27,-22,-25
30.320312,18,2179,2179,14,5,-27,-22,-25
30.324219,18,2179,2179,14,5,-27,-22,-24
30.328125,19,2179,2179,14,4,-27,-22,-24
30.332031,19,2179,2179,15,5,-27,-22,-24
30.335938,18,2179,2179,15,5,-27,-22,-24
30.339844,19,2179,2179,15,5,-27,-22,-24
30.343750,19,2179,2179,15,5,-27,-22,-24
30.347656,19,2179,2179,15,5,-27,-22,-24
30.351562,19,2179,2179,16,5,-27,-22,-24
30.355469,19,2179,2179,15,5,-27,-22,-25
30.359375,18,2179,2179,15,4,-27,-22,-24
30.363281,18,2179,2179,15,5,-27,-22,-24
30.367188,18,2179,2179,15,5,-27,-22,-24
30.371094,18,2179,2179,15,5,-26,-21,-24
30.375000,19,2179,2179,15,5,-26,-21,-24
30.378906,19,2179,2179,15,5,-26,-21,-24
30.382812,19,2179,2179,15,5,-26,-21,-24
30.386719,19,2179,2179,15,5,-26,-21,-24
30.390625,20,2179,2179,15,5,-26,-21,-24
30.394531,20,2179,2179,15,4,-26,-22,-24
30.398438,20,2179,2179,15,4,-26,-22,-25
30.402344,20,2179,2179,15,4,-26,-22,-24
30.406250,20,2179,2179,15,4,-27,-22,-25
30.410156,21,2179,2179,14,4,-27,-21,-24
30.414062,20,2179,2179,14,4,-27,-22,-25
30.417969,20,2179,2179,15,4,-27,-22,-24
30.421875,20,2179,2179,15,4,-27,-22,-25
30.425781,20,2179,2179,15,4,-27,-22,-25
30.429688,21,2179,2179,15,4,-27,-22,-25
30.433594,21,2179,2179,15,4,-27,-22,-25
30.437500,21,2179,2179,14,4,-27,-22,-25
30.441406,22,2179,2179,14,4,-27,-22,-25
30.445312,22,2179,2179,14,4,-27,-22,-25
30.449219,22,2179,2179,14,4,-27,-22,-25
30.453125,22,2179,2179,14,4,-27,-22,-24
30.457031,23,2179,2179,14,4,-27,-22,-24
30.460938,23,2179,2179,14,4,-27,-22,-24
30.464844,23,2179,2179,14,4,-27,-22,-24
30.468750,23,2179,2179,14,4,-27,-22,-24
30.472656,23,2179,2179,14,4,-27,-22,-24
30.476562,24,2179,2179,14,4,-26,-22,-24
30.480469,24,2179,2179,14,4,-27,-22,-24
30.484375,25,2179,2179,15,4,-27,-22,-24
30.488281,25,2179,2179,15,4,-26,-21,-24
30.492188,26,2179,2179,14,4,-26,-22,-24
30.496094,27,2179,2179,14,4,-27,-22,-24
30.500000,27,2179,2179,14,4,-27,-21,-24
30.503906,27,2179,2179,14,4,-27,-22,-24
30.507812,27,2179,2179,14,4,-27,-22,-24
30.511719,28,2179,2179,14,4,-27,-22,-24
30.515625,27,2179,2179,15,4,-27,-22,-25
30.519531,27,2179,2179,15,4,-27,-22,-25
30.523438,28,2179,2179,15,4,-27,-22,-25
30.527344,28,2179,2179,15,4,-27,-22,-25
30.531250,28,2179,2179,15,4,-27,-22,-25
30.535156,28,2179,2179,15,4,-27,-22,-25
30.539062,29,2179,2179,15,4,-27,-22,-25
30.542969,29,2179,2179,14,4,-27,-22,-25
30.546875,30,2179,2179,14,4,-27,-22,-25
30.550781,30,2179,2179,14,4,-27,-22,-24
30.554688,30,2179,2179,14,5,-27,-22,-24
30.558594,31,2179,2179,14,4,-27,-22,-24
30.562500,31,2179,2179,14,5,-27,-22,-24
30.566406,31,2179,2179,14,5,-27,-22,-24
30.570312,32,2179,2179,14,5,-27,-22,-24
30.574219,32,2179,2179,14,5,-27,-22,-24
30.578125,33,2179,2179,14,4,-26,-22,-24
30.582031,33,2179,2179,14,4,-26,-22,-24
30.585938,33,2179,2179,15,5,-27,-22,-24
30.589844,33,2179,2179,15,4,-26,-22,-24
30.593750,33,2179,2179,15,4,-27,-22,-24
30.597656,33,2179,2179,14,4,-27,-22,-24
30.601562,33,2179,2179,15,5,-27,-22,-24
30.605469,33,2179,2179,15,5,-27,-22,-24
30.609375,33,2179,2179,15,4,-27,-22,-24
30.613281,34,2179,2179,15,4,-27,-22,-24
30.617188,33,2179,2179,15,4,-27,-24,-24
30.621094,34,2179,2179,15,4,-27,-22,-24
30.625000,34,2179,2179,15,4,-27,-22,-25
30.628906,34,2179,2179,15,4,-27,-22,-25
30.632812,34,2179,2179,16,5,-27,-22,-25
30.636719,34,2179,2179,16,5,-27,-22,-25
30.640625,35,2179,2179,15,5,-27,-22,-25
30.644531,35,2179,2179,15,4,-27,-22,-25
30.648438,35,2179,2179,15,4,-27,-22,-25
30.652344,35,2179,2179,16,4,-27,-22,-25
30.656250,35,2179,2179,15,5,-27,-22,-25
30.660156,35,2179,2179,15,4,-27,-22,-24
30.664062,34,2179,2179,15,4,-27,-22,-24
30.667969,35,2179,2179,16,4,-27,-22,-24
30.671875,35,2179,2179,16,4,-27,-22,-24
30.675781,36,2179,2179,15,4,-27,-22,-24
30.679688,36,2179,2179,15,4,-26,-22,-24
30.683594,36,2179,2179,16,4,-27,-22,-24
30.687500,37,2179,2179,15,4,-27,-22,-24
30.691406,37,2179,2179,15,4,-26,-22,-25
30.695312,37,2179,2179,15,4,-27,-22,-24
30.699219,36,2179,2179,15,4,-27,-22,-24
30.703125,36,2179,2179,16,4,-27,-22,-24
30.707031,37,2179,2179,15,4,-27,-22,-24
30.710938,37,2179,2179,15,4,-27,-22,-24
30.714844,37,2179,2179,15,4,-27,-22,-24
30.718750,37,2179,2179,15,4,-27,-22,-25
30.722656,37,2179,2179,15,4,-27,-22,-25
30.726562,37,2179,2179,15,4,-27,-22,-24
30.730469,37,2179,2179,15,4,-27,-22,-25
30.734375,37,2179,2179,15,4,-27,-22,-24
30.738281,37,2179,2179,15,4,-27,-22,-25
30.742188,38,2179,2179,15,4,-27,-22,-25
30.746094,38,2179,2179,15,4,-27,-22,-25
30.750000,37,2179,2179,16,5,-27,-22,-25
30.753906,37,2179,2179,16,5,-27,-22,-25
30.757812,37,2179,2179,15,4,-27,-22,-25
30.761719,37,2179,2179,15,5,-27,-22,-24
30.765625,36,2179,2179,15,5,-26,-22,-24
30.769531,36,2179,2179,15,5,-26,-22,-24
30.773438,37,2179,2179,15,5,-26,-21,-24
30.777344,37,2179,2179,15,5,-26,-21,-24
30.781250,37,2179,2179,15,5,-26,-22,-24
30.785156,37,2179,2179,16,5,-27,-22,-25
30.789062,38,2179,2179,16,5,-27,-22,-24
30.792969,38,2179,2179,16,4,-27,-22,-24
30.796875,38,2179,2179,16,4,-27,-22,-24
30.800781,38,2179,2179,16,5,-27,-22,-24
30.804688,38,2179,2179,16,4,-27,-22,-24
30.808594,39,2179,2179,15,4,-27,-22,-25
30.812500,39,2179,2179,15,4,-27,-22,-25
30.816406,39,2179,2179,15,4,-27,-22,-25
30.820312,39,2179,2179,15,4,-27,-22,-25
30.824219,39,2179,2179,15,4,-27,-22,-25
30.828125,39,2179,2179,15,4,-27,-22,-25
30.832031,39,2179,2179,15,4,-27,-22,-24
30.835938,39,2179,2179,15,4,-27,-22,-25
30.839844,39,2179,2179,15,4,-27,-22,-25
30.843750,39,2179,2179,15,4,-27,-22,-25
30.847656,39,2179,2179,15,4,-27,-22,-25
30.851562,39,2179,2179,15,4,-27,-22,-24
30.855469,40,2179,2179,15,4,-27,-22,-24
30.859375,40,2179,2179,15,4,-27,-22,-23
30.863281,40,2179,2179,15,4,-27,-22,-24
30.867188,40,2179,2179,15,4,-27,-22,-24
30.871094,41,2179,2179,15,4,-27,-22,-24
30.875000,41,2179,2179,15,4,-27,-22,-24
30.878906,41,2179,2179,15,4,-27,-22,-24
30.882812,41,2179,2179,15,4,-27,-22,-24
30.886719,41,2179,2179,15,4,-27,-22,-24
30.890625,42,2179,2179,15,4,-27,-21,-24
30.894531,42,2179,2179,15,4,-27,-22,-24
30.898438,42,2179,2179,15,4,-27,-22,-24
30.902344,43,2179,2179,15,4,-27,-21,-24
30.906250,43,2179,2179,15,4,-27,-21,-24
30.910156,44,2179,2179,15,4,-27,-22,-24
30.914062,43,2179,2179,15,4,-27,-22,-24
30.917969,43,2179,2179,15,4,-27,-22,-25
30.921875,43,2179,2179,16,5,-27,-22,-25
30.925781,44,2179,2179,15,4,-27,-22,-24
30.929688,44,2179,2179,15,4,-27,-22,-24
30.933594,44,2179,2179,16,5,-27,-22,-25
30.937500,44,2179,2179,16,5,-27,-22,-25
30.941406,44,2179,2179,16,5,-27,-22,-24
30.945312,44,2179,2179,16,5,-27,-22,-25
30.949219,44,2179,2179,17,4,-27,-22,-25
30.953125,44,2179,2179,17,5,-27,-22,-25
30.957031,44,2179,2179,17,5,-27,-22,-25
30.960938,43,2179,2179,17,4,-27,-21,-24
30.964844,43,2179,2179,18,4,-26,-21,-24
30.968750,43,2179,2179,18,5,-26,-21,-24
30.972656,43,2179,2179,18,5,-26,-21,-24
30.976562,43,2179,2179,17,4,-26,-21,-24
30.980469,43,2179,2179,17,4,-27,-21,-24
30.984375,43,2179,2179,18,5,-27,-21,-24
30.988281,43,2179,2179,18,4,-27,-21,-24
30.992188,43,2179,2179,18,4,-27,-22,-24
30.996094,43,2179,2179,18,4,-27,-22,-24
31.000000,43,2179,2179,19,4,-27,-22,-24
31.003906,43,2179,2179,19,5,-27,-22,-25
31.007812,44,2179,2179,18,4,-27,-22,-24
31.011719,44,2179,2179,18,4,-27,-22,-25
31.015625,44,2179,2179,19,4,-27,-22,-25
31.019531,44,2179,2179,19,4,-27,-22,-25
31.023438,44,2179,2179,19,4,-27,-22,-25
31.027344,44,2179,2179,19,4,-27,-22,-25
31.031250,43,2179,2179,19,4,-27,-22,-25
31.035156,43,2179,2179,20,4,-27,-22,-25
31.039062,43,2179,2179,21,4,-27,-22,-25
31.042969,43,2179,2179,21,4,-27,-22,-24
31.046875,43,2179,2179,21,4,-27,-22,-25
31.050781,43,2179,2179,21,4,-27,-22,-25
31.054688,43,2179,2179,21,4,-27,-22,-25
31.058594,44,2179,2179,21,4,-27,-22,-25
31.062500,44,2179,2179,21,4,-27,-22,-25
31.066406,44,2179,2179,22,4,-27,-22,-25
31.070312,44,2179,2179,22,4,-27,-22,-25
31.074219,45,2179,2179,22,4,-27,-21,-24
31.078125,45,2179,2179,23,4,-27,-21,-24
31.082031,45,2179,2179,23,4,-27,-22,-24
31.085938,45,2179,2179,25,4,-27,-22,-24
31.089844,46,2179,2179,26,4,-27,-22,-24
31.093750,46,2179,2179,26,4,-27,-22,-24
31.097656,46,2179,2179,27,4,-27,-22,-24
31.101562,46,2179,2179,28,4,-27,-22,-25
31.105469,46,2179,2179,28,4,-27,-22,-24
31.109375,46,2179,2179,29,4,-27,-22,-23
31.113281,46,2179,2179,30,4,-27,-22,-24
31.117188,46,2179,2179,31,4,-27,-22,-24
31.121094,46,2179,2179,32,4,-27,-22,-25
31.125000,47,2179,2179,33,4,-27,-22,-24
31.128906,47,2179,2179,35,4,-27,-22,-24
31.132812,46,2179,2179,37,5,-27,-22,-25
31.136719,46,2179,2179,38,5,-27,-22,-24
31.140625,46,2179,2179,39,4,-27,-22,-25
31.144531,46,2179,2179,41,4,-27,-22,-25
31.148438,46,2179,2179,42,4,-27,-22,-25
31.152344,46,2179,2179,44,5,-27,-22,-25
31.156250,46,2179,2179,46,5,-27,-22,-24
31.160156,46,2179,2179,47,4,-27,-21,-24
31.164062,45,2179,2179,49,4,-27,-21,-24
31.167969,45,2179,2179,51,5,-27,-21,-24
31.171875,45,2179,2179,53,5,-27,-21,-24
31.175781,45,2179,2179,54,5,-27,-21,-24
31.179688,45,2179,2179,56,5,-27,-22,-24
31.183594,45,2179,2179,58,5,-27,-21,-24
31.187500,45,2179,2179,60,5,-27,-22,-24
31.191406,45,2179,2179,61,4,-26,-22,-24
31.195312,45,2179,2179,63,4,-26,-22,-24
31.199219,45,2179,2179,65,4,-27,-22,-24
31.203125,45,2179,2179,68,5,-27,-22,-24
31.207031,46,2179,2179,69,4,-27,-22,-24
31.210938,46,2179,2179,72,4,-27,-22,-24
31.214844,46,2179,2179,74,4,-27,-22,-24
31.218750,45,2179,2179,77,4,-27,-22,-24
31.222656,46,2179,2179,79,5,-27,-22,-25
31.226562,46,2179,2179,81,4,-27,-22,-25
31.230469,46,2179,2179,83,4,-27,-22,-25
31.234375,46,2179,2179,86,5,-27,-22,-25
31.238281,45,2179,2179,88,5,-27,-22,-25
31.242188,46,2179,2179,89,4,-27,-22,-25
31.246094,46,2179,2179,90,4,-27,-22,-25
31.250000,46,2179,2179,92,4,-27,-22,-25
31.253906,46,2179,2179,93,4,-27,-22,-25
31.257812,46,2179,2179,94,4,-27,-22,-25
31.261719,46,2179,2179,95,4,-27,-22,-24
31.265625,46,2179,2179,97,4,-27,-22,-24
31.269531,46,2179,2179,99,4,-27,-22,-24
31.273438,47,2179,2179,102,4,-26,-22,-24
31.277344,47,2179,2179,104,4,-27,-21,-24
31.281250,47,2179,2179,106,4,-27,-21,-24
31.285156,47,2179,2179,109,4,-27,-22,-25
31.289062,47,2179,2179,110,4,-27,-21,-25
31.292969,47,2179,2179,112,4,-27,-22,-25
31.296875,47,2179,2179,113,4,-27,-22,-25
31.300781,47,2179,2179,115,4,-27,-22,-25
31.304688,47,2179,2179,117,4,-27,-22,-25
31.308594,48,2179,2179,119,4,-27,-22,-24
31.312500,47,2179,2179,122,4,-27,-22,-24
31.316406,47,2179,2179,124,4,-27,-21,-25
31.320312,47,2179,2179,127,4,-27,-22,-25
31.324219,48,2179,2179,129,4,-27,-22,-25
31.328125,48,2179,2179,130,4,-27,-22,-25
31.332031,47,2179,2179,131,4,-27,-22,-25
31.335938,47,2179,2179,132,5,-27,-22,-25
31.339844,47,2179,2179,133,5,-27,-22,-25
31.343750,47,2179,2179,134,4,-27,-22,-25
31.347656,47,2179,2179,134,4,-27,-22,-25
31.351562,46,2179,2179,136,5,-27,-22,-25
31.355469,47,2179,2179,138,5,-27,-22,-24
31.359375,46,2179,2179,139,5,-27,-22,-25
31.363281,46,2179,2179,141,5,-27,-22,-24
31.367188,46,2179,2179,142,5,-27,-22,-24
31.371094,47,2179,2179,144,5,-27,-22,-24
31.375000,47,2179,2179,144,4,-27,-21,-24
31.378906,47,2179,2179,145,4,-27,-22,-24
31.382812,47,2179,2179,146,5,-27,-22,-24
31.386719,47,2179,2179,146,5,-27,-22,-24
31.390625,47,2179,2179,147,5,-26,-22,-24
31.394531,47,2179,2179,148,4,-27,-22,-24
31.398438,47,2179,2179,149,4,-27,-22,-25
31.402344,47,2179,2179,150,5,-27,-22,-24
31.406250,48,2179,2179,151,4,-27,-22,-24
31.410156,48,2179,2179,152,4,-27,-22,-24
31.414062,47,2179,2179,153,4,-27,-22,-24
31.417969,47,2179,2179,154,4,-27,-22,-25
31.421875,47,2179,2179,154,4,-27,-22,-25
31.425781,47,2179,2179,155,4,-27,-22,-25
31.429688,47,2179,2179,155,4,-27,-22,-25
31.433594,47,2179,2179,156,4,-27,-22,-25
31.437500,46,2179,2179,156,4,-27,-22,-24
31.441406,46,2179,2179,156,4,-27,-22,-24
31.445312,46,2179,2179,156,4,-27,-22,-25
31.449219,46,2179,2179,157,4,-27,-22,-24
31.453125,46,2179,2179,158,4,-27,-22,-25
31.457031,45,2179,2179,159,5,-27,-22,-24
31.460938,45,2179,2179,159,4,-27,-22,-24
31.464844,45,2179,2179,160,4,-27,-22,-24
31.468750,45,2179,2179,161,5,-27,-22,-24
31.472656,45,2179,2179,162,4,-27,-22,-24
31.476562,45,2179,2179,163,4,-27,-21,-24
31.480469,45,2179,2179,163,4,-27,-22,-24
31.484375,45,2179,2179,164,4,-27,-21,-26
31.488281,45,2179,2179,165,4,-27,-21,-24
31.492188,45,2179,2179,165,4,-27,-22,-25
31.496094,45,2179,2179,165,4,-27,-22,-24
31.500000,45,2179,2179,165,4,-27,-22,-24
31.503906,45,2179,2179,165,4,-27,-22,-24
31.507812,45,2179,2179,165,4,-27,-22,-24
31.511719,45,2179,2179,165,4,-27,-22,-24
31.515625,45,2179,2179,165,4,-27,-21,-24
31.519531,45,2179,2179,166,4,-27,-22,-25
31.523438,45,2179,2179,166,4,-27,-22,-25
31.527344,45,2179,2179,166,4,-27,-22,-24
31.531250,44,2179,2179,167,4,-27,-22,-25
31.535156,44,2179,2179,168,5,-27,-22,-25
31.539062,44,2179,2179,168,5,-27,-22,-24
31.542969,44,2179,2179,168,5,-27,-22,-25
31.546875,44,2179,2179,168,4,-27,-22,-24
31.550781,43,2179,2179,169,5,-27,-22,-24
31.554688,43,2179,2179,169,5,-27,-22,-24
31.558594,43,2179,2179,168,4,-26,-22,-24
31.562500,43,2179,2179,168,5,-26,-22,-24
31.566406,43,2179,2179,168,5,-27,-22,-24
31.570312,43,2179,2179,168,5,-26,-21,-24
31.574219,43,2179,2179,169,4,-26,-21,-24
31.578125,44,2179,2179,169,4,-27,-21,-24
31.582031,43,2179,2179,170,4,-27,-22,-24
31.585938,43,2179,2179,169,5,-27,-22,-24
31.589844,44,2179,2179,169,4,-27,-22,-24
31.593750,44,2179,2179,169,4,-27,-22,-25
31.597656,43,2179,2179,169,4,-27,-22,-24
31.601562,43,2179,2179,169,5,-27,-22,-25
31.605469,44,2179,2179,169,4,-27,-22,-25
31.609375,44,2179,2179,169,4,-27,-22,-24
31.613281,44,2179,2179,170,4,-27,-22,-24
31.617188,44,2179,2179,170,4,-27,-22,-24
31.621094,44,2179,2179,171,5,-27,-22,-25
31.625000,44,2179,2179,171,4,-27,-22,-25
31.628906,44,2179,2179,171,4,-27,-22,-25
31.632812,44,2179,2179,172,5,-27,-22,-25
31.636719,43,2179,2179,172,5,-27,-22,-25
31.640625,44,2179,2179,172,5,-27,-22,-25
31.644531,44,2179,2179,172,4,-27,-22,-25
31.648438,44,2179,2179,172,4,-27,-22,-25
31.652344,43,2179,2179,172,5,-27,-22,-25
31.656250,44,2179,2179,172,5,-27,-22,-24
31.660156,43,2179,2179,172,4,-27,-22,-24
31.664062,43,2179,2179,173,4,-27,-22,-24
31.667969,43,2179,2179,173,5,-27,-22,-24
31.671875,43,2179,2179,174,5,-26,-21,-24
31.675781,43,2179,2179,174,4,-26,-21,-24
31.679688,44,2179,2179,174,4,-27,-22,-24
31.683594,43,2179,2179,174,4,-27,-22,-24
31.687500,43,2179,2179,174,4,-27,-22,-24
31.691406,44,2179,2179,174,4,-26,-22,-24
31.695312,44,2179,2179,173,4,-27,-22,-24
31.699219,43,2179,2179,174,3,-27,-22,-24
31.703125,43,2179,2179,174,4,-27,-22,-24
31.707031,44,2179,2179,174,4,-26,-22,-25
31.710938,44,2179,2179,174,3,-27,-22,-25
31.714844,43,2179,2179,175,3,-27,-22,-25
31.718750,43,2179,2179,175,4,-27,-22,-25
31.722656,43,2179,2179,175,4,-27,-22,-25
31.726562,43,2179,2179,175,4,-27,-22,-25
31.730469,43,2179,2179,176,4,-27,-22,-24
31.734375,43,2179,2179,176,4,-27,-22,-24
31.738281,43,2179,2179,176,4,-27,-22,-24
31.742188,43,2179,2179,175,4,-27,-22,-24
31.746094,43,2179,2179,175,4,-27,-22,-24
31.750000,43,2179,2179,175,5,-27,-22,-24
31.753906,42,2179,2179,175,5,-27,-22,-24
31.757812,43,2179,2179,175,4,-27,-22,-24
31.761719,42,2179,2179,176,5,-27,-22,-24
31.765625,42,2179,2179,177,5,-27,-22,-24
31.769531,42,2179,2179,177,5,-27,-22,-24
31.773438,43,2179,2179,178,5,-26,-22,-24
31.777344,43,2179,2179,178,5,-27,-22,-24
31.781250,43,2179,2179,178,5,-27,-22,-24
31.785156,43,2179,2179,179,5,-27,-22,-24
31.789062,43,2179,2179,178,5,-27,-22,-24
31.792969,43,2179,2179,177,5,-27,-21,-24
31.796875,43,2179,2179,177,4,-27,-21,-25
31.800781,42,2179,2179,177,5,-27,-21,-24
31.804688,42,2179,2179,177,5,-27,-21,-25
31.808594,42,2179,2179,176,4,-27,-22,-24
31.812500,42,2179,2179,177,4,-27,-22,-24
31.816406,42,2179,2179,178,4,-27,-22,-25
31.820312,42,2179,2179,178,4,-27,-22,-25
31.824219,42,2179,2179,178,3,-27,-22,-25
31.828125,41,2179,2179,178,4,-27,-22,-25
31.832031,41,2179,2179,179,4,-27,-22,-25
31.835938,40,2179,2179,179,4,-27,-22,-25
31.839844,40,2179,2179,179,4,-27,-22,-25
31.843750,40,2179,2179,178,4,-27,-22,-24
31.847656,39,2179,2179,178,4,-27,-22,-25
31.851562,39,2179,2179,179,5,-27,-22,-25
31.855469,39,2179,2179,179,4,-27,-22,-25
31.859375,39,2179,2179,178,4,-27,-21,-24
31.863281,39,2179,2179,179,4,-27,-21,-24
31.867188,38,2179,2179,179,5,-27,-22,-24
31.871094,38,2179,2179,179,5,-27,-22,-24
31.875000,38,2179,2179,179,4,-27,-22,-24
31.878906,37,2179,2179,178,4,-27,-22,-24
31.882812,37,2179,2179,179,4,-27,-22,-24
31.886719,37,2179,2179,179,4,-27,-22,-24
31.890625,37,2179,2179,179,4,-27,-22,-24
31.894531,37,2179,2179,179,4,-27,-22,-24
31.898438,37,2179,2179,179,4,-27,-22,-24
31.902344,37,2179,2179,180,5,-27,-22,-24
31.906250,37,2179,2179,180,4,-27,-22,-24
31.910156,37,2179,2179,180,4,-27,-22,-24
31.914062,37,2179,2179,180,4,-27,-22,-24
31.917969,37,2179,2179,181,5,-27,-22,-24
31.921875,38,2179,2179,180,5,-27,-22,-24
31.925781,37,2179,2179,180,4,-27,-22,-25
31.929688,37,2179,2179,180,4,-27,-22,-25
31.933594,37,2179,2179,180,5,-27,-22,-25
31.937500,37,2179,2179,180,5,-27,-22,-25
31.941406,37,2179,2179,180,5,-26,-22,-25
31.945312,37,2179,2179,181,5,-27,-22,-24
31.949219,37,2179,2179,181,4,-27,-22,-25
31.953125,36,2179,2179,181,5,-27,-22,-25
31.957031,37,2179,2179,181,5,-26,-21,-25
31.960938,37,2179,2179,181,5,-26,-22,-24
31.964844,37,2179,2179,181,4,-26,-22,-24
31.968750,37,2179,2179,181,5,-26,-21,-24
31.972656,37,2179,2179,181,4,-26,-21,-24
31.976562,37,2179,2179,180,4,-26,-21,-24
31.980469,37,2179,2179,180,4,-27,-21,-24
31.984375,37,2179,2179,180,4,-26,-22,-25
31.988281,37,2179,2179,180,4,-27,-21,-24
31.992188,37,2179,2179,180,4,-26,-21,-24
31.996094,37,2179,2179,180,4,-27,-21,-24
32.000000,36,2179,2179,181,4,-27,-21,-24
32.003906,36,2179,2179,180,4,-27,-22,-24
32.007812,37,2179,2179,180,4,-27,-22,-24
32.011719,36,2179,2179,180,4,-27,-21,-24
32.015625,36,2179,2179,180,4,-27,-22,-24
32.019531,36,2179,2179,180,4,-27,-22,-25
32.023438,36,2179,2179,180,4,-27,-22,-25
32.027344,36,2179,2179,180,4,-27,-22,-25
32.031250,35,2179,2179,180,4,-27,-22,-25
32.035156,35,2179,2179,180,4,-27,-22,-25
32.039062,35,2179,2179,181,4,-27,-22,-24
32.042969,35,2179,2179,181,4,-27,-22,-24
32.046875,35,2179,2179,182,4,-27,-22,-24
32.050781,34,2179,2179,183,4,-27,-22,-24
32.054688,34,2179,2179,183,4,-27,-22,-24
32.058594,34,2179,2179,182,4,-27,-22,-25
32.062500,34,2179,2179,181,4,-27,-22,-24
32.066406,34,2179,2179,181,4,-27,-22,-24
32.070312,34,2179,2179,181,4,-26,-22,-24
32.074219,34,2179,2179,180,3,-27,-22,-24
32.078125,34,2179,2179,180,4,-27,-22,-24
32.082031,34,2179,2179,181,4,-27,-21,-24
32.085938,34,2179,2179,182,4,-27,-22,-24
32.089844,34,2179,2179,182,4,-27,-22,-24
32.093750,35,2179,2179,183,4,-27,-22,-24
32.097656,35,2179,2179,183,4,-27,-22,-24
32.101562,35,2179,2179,183,4,-26,-22,-24
32.105469,36,2179,2179,183,4,-27,-22,-24
32.109375,36,2179,2179,182,4,-27,-21,-24
32.113281,35,2179,2179,182,4,-27,-21,-24
32.117188,35,2179,2179,182,4,-27,-22,-25
32.121094,35,2179,2179,182,4,-27,-22,-25
32.125000,35,2179,2179,182,4,-27,-22,-25
32.128906,35,2179,2179,182,4,-27,-22,-25
32.132812,34,2179,2179,182,5,-27,-22,-25
32.136719,34,2179,2179,182,5,-27,-22,-24
32.140625,35,2179,2179,182,5,-27,-22,-24
32.144531,35,2179,2179,181,4,-27,-22,-24
32.148438,34,2179,2179,181,4,-27,-22,-24
32.152344,34,2179,2179,182,5,-27,-22,-24
32.156250,34,2179,2179,181,5,-27,-22,-24
32.160156,34,2179,2179,181,4,-26,-22,-24
32.164062,33,2179,2179,182,5,-27,-22,-24
32.167969,33,2179,2179,182,5,-27,-22,-24
32.171875,33,2179,2179,182,5,-27,-21,-24
32.175781,33,2179,2179,182,4,-27,-21,-24
32.179688,33,2179,2179,182,4,-26,-21,-24
32.183594,33,2179,2179,183,5,-26,-21,-25
32.187500,33,2179,2179,183,5,-26,-21,-24
32.191406,34,2179,2179,183,4,-25,-22,-24
32.195312,34,2179,2179,183,4,-26,-21,-24
32.199219,34,2179,2179,183,4,-27,-22,-24
32.203125,34,2179,2179,183,5,-26,-22,-24
32.207031,34,2179,2179,182,5,-27,-22,-25
32.210938,34,2179,2179,182,4,-27,-22,-24
32.214844,34,2179,2179,182,4,-27,-22,-25
32.218750,34,2179,2179,183,5,-27,-22,-24
32.222656,34,2179,2179,183,5,-27,-22,-24
32.226562,34,2179,2179,182,4,-27,-22,-25
32.230469,34,2179,2179,183,4,-27,-22,-25
32.234375,34,2179,2179,183,5,-27,-22,-25
32.238281,34,2179,2179,183,4,-27,-22,-25
32.242188,34,2179,2179,183,4,-27,-22,-25
32.246094,34,2179,2179,183,4,-27,-22,-25
32.250000,34,2179,2179,184,4,-27,-22,-25
32.253906,33,2179,2179,184,4,-26,-22,-25
32.257812,33,2179,2179,184,3,-27,-22,-25
32.261719,33,2179,2179,184,4,-27,-22,-25
32.265625,33,2179,2179,183,3,-26,-21,-24
32.269531,33,2179,2179,183,4,-26,-22,-24
32.273438,33,2179,2179,182,4,-27,-22,-24
32.277344,34,2179,2179,182,4,-27,-22,-24
32.281250,33,2179,2179,182,4,-27,-22,-24
32.285156,33,2179,2179,182,4,-27,-22,-24
32.289062,34,2179,2179,182,4,-27,-22,-24
32.292969,33,2179,2179,182,4,-27,-22,-24
32.296875,34,2179,2179,182,4,-27,-22,-25
32.300781,33,2179,2179,183,4,-27,-22,-24
32.304688,33,2179,2179,183,4,-27,-22,-24
32.308594,33,2179,2179,182,4,-27,-22,-25
32.312500,33,2179,2179,182,4,-27,-22,-25
32.316406,32,2179,2179,183,4,-28,-22,-25
32.320312,32,2179,2179,183,5,-27,-22,-25
32.324219,32,2179,2179,183,5,-27,-22,-25
32.328125,32,2179,2179,184,4,-27,-22,-25
32.332031,32,2179,2179,185,4,-27,-22,-25
32.335938,31,2179,2179,185,5,-27,-22,-25
32.339844,31,2179,2179,185,5,-27,-22,-25
32.343750,31,2179,2179,184,4,-27,-22,-25
32.347656,30,2179,2179,184,4,-27,-22,-24
32.351562,30,2179,2179,183,5,-27,-22,-25
32.355469,30,2179,2179,183,5,-27,-22,-24
32.359375,30,2179,2179,182,5,-27,-22,-24
32.363281,30,2179,2179,182,4,-26,-22,-24
32.367188,30,2179,2179,182,5,-27,-21,-24
32.371094,30,2179,2179,183,5,-27,-22,-24
32.375000,30,2179,2179,183,5,-26,-22,-24
32.378906,30,2179,2179,184,5,-27,-22,-25
32.382812,29,2179,2179,185,5,-26,-22,-24
32.386719,29,2179,2179,185,5,-26,-22,-25
32.390625,29,2179,2179,185,5,-27,-22,-24
32.394531,29,2179,2179,185,4,-27,-22,-25
32.398438,28,2179,2179,185,4,-27,-22,-24
32.402344,28,2179,2179,185,5,-27,-22,-25
32.406250,28,2179,2179,185,5,-27,-22,-25
32.410156,28,2179,2179,184,4,-27,-22,-25
32.414062,28,2179,2179,184,4,-27,-22,-25
32.417969,28,2179,2179,184,4,-27,-22,-25
32.421875,28,2179,2179,184,5,-27,-22,-25
32.425781,28,2179,2179,183,4,-27,-22,-25
32.429688,28,2179,2179,183,4,-27,-22,-25
32.433594,28,2179,2179,183,4,-27,-22,-25
32.437500,28,2179,2179,182,4,-27,-22,-25
32.441406,28,2179,2179,182,4,-25,-22,-25
32.445312,27,2179,2179,182,4,-27,-22,-25
32.449219,26,2179,2179,182,6,-27,-22,-25
32.453125,26,2179,2179,183,5,-27,-22,-25
32.457031,26,2179,2179,182,4,-27,-22,-24
32.460938,25,2179,2179,182,4,-27,-22,-24
32.464844,25,2179,2179,181,4,-27,-22,-24
32.468750,24,2179,2179,179,5,-27,-22,-24
32.472656,25,2179,2179,174,5,-27,-22,-24
32.476562,24,2179,2179,165,5,-27,-21,-24
32.480469,24,2179,2179,152,5,-27,-21,-24
32.484375,24,2179,2179,136,5,-27,-22,-24
32.488281,23,2179,2179,117,5,-27,-22,-24
32.492188,23,2179,2179,99,5,-27,-22,-24
32.496094,23,2179,2179,83,4,-27,-22,-24
32.500000,23,2179,2179,73,4,-27,-22,-24
32.503906,23,2179,2179,67,4,-27,-22,-25
32.507812,23,2179,2179,66,4,-27,-22,-24
32.511719,22,2179,2179,67,4,-27,-22,-24
32.515625,22,2179,2179,68,4,-27,-22,-24
32.519531,21,2179,2179,66,4,-27,-22,-25
32.523438,21,2179,2179,61,5,-27,-22,-24
32.527344,21,2179,2179,52,4,-27,-22,-25
32.531250,20,2179,2179,43,5,-27,-22,-25
32.535156,20,2179,2179,34,5,-27,-22,-25
32.539062,20,2179,2179,27,5,-27,-22,-25
32.542969,19,2179,2179,22,5,-27,-22,-24
32.546875,18,2179,2179,20,5,-27,-22,-25
32.550781,19,2179,2179,20,5,-27,-22,-24
32.554688,19,2179,2179,20,5,-27,-22,-24
32.558594,19,2179,2179,20,5,-27,-22,-24
32.562500,19,2179,2179,20,5,-27,-22,-24
32.566406,19,2179,2179,20,5,-29,-21,-24
32.570312,19,2179,2179,18,5,-27,-21,-24
32.574219,19,2179,2179,17,4,-26,-21,-24
32.578125,19,2179,2179,15,4,-27,-21,-24
32.582031,19,2179,2179,15,4,-27,-21,-24
32.585938,18,2179,2179,14,4,-27,-21,-24
32.589844,18,2179,2179,15,4,-27,-22,-25
32.593750,18,2179,2179,15,4,-27,-21,-24
32.597656,18,2179,2179,15,4,-27,-22,-25
32.601562,18,2179,2179,16,4,-27,-22,-25
32.605469,18,2179,2179,16,4,-27,-22,-25
32.609375,18,2179,2179,15,4,-27,-22,-24
32.613281,18,2179,2179,15,4,-27,-22,-25
32.617188,18,2179,2179,15,4,-27,-22,-25
32.621094,18,2179,2179,15,4,-27,-22,-25
32.625000,18,2179,2179,15,4,-27,-22,-25
32.628906,18,2179,2179,14,4,-27,-22,-25
32.632812,17,2179,2179,15,4,-27,-22,-24
32.636719,17,2179,2179,14,5,-27,-22,-24
32.640625,17,2179,2179,14,5,-27,-22,-24
32.644531,17,2179,2179,14,4,-27,-22,-24
32.648438,17,2179,2179,14,4,-27,-22,-24
32.652344,16,2179,2179,14,5,-27,-22,-24
32.656250,16,2179,2179,14,5,-27,-22,-24
32.660156,16,2179,2179,15,4,-27,-22,-24
32.664062,16,2179,2179,15,4,-27,-22,-24
32.667969,16,2179,2179,16,4,-27,-22,-24
32.671875,16,2179,2179,16,4,-27,-21,-24
32.675781,16,2179,2179,16,4,-26,-21,-24
32.679688,17,2179,2179,15,4,-27,-22,-24
32.683594,16,2179,2179,16,4,-26,-21,-24
32.687500,16,2179,2179,15,4,-26,-21,-25
32.691406,16,2179,2179,15,4,-22,-21,-25
32.695312,16,2179,2179,15,3,-27,-21,-25
32.699219,16,2179,2179,15,4,-27,-22,-25
32.703125,16,2179,2179,15,4,-27,-22,-25
32.707031,16,2179,2179,14,4,-27,-22,-25
32.710938,16,2179,2179,14,4,-27,-22,-25
32.714844,15,2179,2179,14,4,-27,-22,-25
32.718750,15,2179,2179,14,4,-27,-22,-25
32.722656,15,2179,2179,14,4,-27,-22,-25
32.726562,14,2179,2179,14,4,-27,-22,-25
32.730469,13,2179,2179,15,4,-27,-22,-25
32.734375,13,2179,2179,15,5,-27,-22,-25
32.738281,13,2179,2179,16,4,-27,-22,-25
32.742188,13,2179,2179,16,4,-27,-22,-24
32.746094,13,2179,2179,16,4,-27,-22,-24
32.750000,12,2179,2179,16,5,-27,-22,-24
32.753906,12,2179,2179,16,5,-27,-22,-24
32.757812,12,2179,2179,16,4,-27,-22,-25
32.761719,12,2179,2179,15,4,-27,-22,-24
32.765625,11,2179,2179,15,4,-27,-22,-25
32.769531,11,2179,2179,15,5,-27,-22,-25
32.773438,11,2179,2179,15,5,-27,-21,-25
32.777344,11,2179,2179,15,4,-27,-21,-24
32.781250,11,2179,2179,15,4,-27,-22,-24
32.785156,11,2179,2179,14,5,-27,-22,-24
32.789062,11,2179,2179,14,4,-27,-21,-24
32.792969,12,2179,2179,14,4,-27,-22,-24
32.796875,12,2179,2179,13,4,-27,-22,-24
32.800781,12,2179,2179,14,4,-27,-22,-24
32.804688,12,2179,2179,14,4,-27,-22,-25
32.808594,12,2179,2179,14,4,-27,-22,-25
32.812500,12,2179,2179,15,4,-27,-22,-24
32.816406,11,2179,2179,15,4,-31,-22,-24
32.820312,11,2179,2179,15,4,-27,-22,-24
32.824219,11,2179,2179,14,4,-27,-22,-25
32.828125,11,2179,2179,14,4,-27,-22,-25
32.832031,11,2179,2179,13,4,-27,-22,-25
32.835938,11,2179,2179,13,4,-27,-22,-25
32.839844,11,2179,2179,13,4,-27,-22,-25
32.843750,11,2179,2179,13,4,-27,-22,-24
32.847656,10,2179,2179,14,4,-27,-22,-25
32.851562,10,2179,2179,14,4,-27,-22,-24
32.855469,10,2179,2179,15,4,-27,-22,-24
32.859375,10,2179,2179,15,4,-27,-21,-24
32.863281,10,2179,2179,14,4,-27,-21,-24
32.867188,10,2179,2179,15,4,-27,-22,-24
32.871094,10,2179,2179,15,4,-27,-22,-24
32.875000,10,2179,2179,14,4,-27,-22,-24
32.878906,10,2179,2179,14,4,-27,-22,-24
32.882812,10,2179,2179,15,4,-27,-22,-25
32.886719,10,2179,2179,15,4,-27,-22,-24
32.890625,11,2179,2179,15,4,-27,-22,-25
32.894531,11,2179,2179,16,4,-27,-22,-25
32.898438,10,2179,2179,16,4,-27,-21,-25
32.902344,10,2179,2179,16,5,-27,-22,-25
32.906250,10,2179,2179,16,4,-27,-22,-24
32.910156,10,2179,2179,15,4,-27,-22,-25
32.914062,10,2179,2179,15,4,-27,-22,-25
32.917969,10,2179,2179,15,4,-26,-22,-25
32.921875,10,2179,2179,15,5,-27,-22,-25
32.925781,10,2179,2179,14,4,-27,-22,-25
32.929688,10,2179,2179,14,4,-27,-22,-25
32.933594,9,2179,2179,15,5,-27,-21,-25
32.937500,9,2179,2179,15,5,-27,-22,-24
32.941406,9,2179,2179,15,5,-21,-21,-25
32.945312,9,2179,2179,15,5,-27,-22,-25
32.949219,8,2179,2179,15,5,-27,-22,-24
32.953125,8,2179,2179,15,5,-27,-21,-24
32.957031,8,2179,2179,15,5,-27,-21,-24
32.960938,8,2179,2179,15,5,-27,-21,-24
32.964844,8,2179,2179,14,4,-27,-22,-24
32.968750,8,2179,2179,14,5,-27,-22,-24
32.972656,9,2179,2179,14,5,-27,-22,-24
32.976562,9,2179,2179,14,4,-27,-22,-24
32.980469,8,2179,2179,14,4,-27,-22,-24
32.984375,8,2179,2179,14,5,-27,-22,-25
32.988281,8,2179,2179,14,4,-26,-21,-24
32.992188,9,2179,2179,14,4,-27,-21,-25
32.996094,9,2179,2179,14,4,-27,-21,-25
33.000000,9,2179,2179,14,4,-27,-21,-25
33.003906,9,2179,2179,14,4,-27,-22,-25
33.007812,9,2179,2179,14,4,-27,-21,-25
33.011719,9,2179,2179,14,4,-27,-21,-25
33.015625,9,2179,2179,13,4,-27,-21,-25
33.019531,9,2179,2179,13,4,-27,-22,-25
33.023438,10,2179,2179,13,4,-27,-22,-25
33.027344,10,2179,2179,13,4,-27,-22,-24
33.031250,9,2179,2179,13,4,-27,-22,-24
33.035156,9,2179,2179,14,4,-27,-22,-25
33.039062,9,2179,2179,14,4,-27,-22,-24
33.042969,9,2179,2179,13,4,-27,-22,-24
33.046875,9,2179,2179,13,4,-27,-22,-24
33.050781,9,2179,2179,14,4,-27,-22,-24
33.054688,9,2179,2179,13,4,-26,-21,-24
33.058594,9,2179,2179,13,4,-26,-21,-24
33.062500,9,2179,2179,13,4,-26,-21,-24
33.066406,9,2179,2179,13,4,-34,-21,-24
33.070312,9,2179,2179,14,4,-26,-21,-24
33.074219,9,2179,2179,13,4,-26,-22,-24
33.078125,9,2179,2179,13,4,-27,-21,-24
33.082031,9,2179,2179,14,4,-27,-21,-24
33.085938,9,2179,2179,14,4,-27,-21,-24
33.089844,9,2179,2179,13,4,-27,-21,-24
33.093750,9,2179,2179,13,4,-27,-21,-24
33.097656,9,2179,2179,13,4,-27,-22,-24
33.101562,9,2179,2179,14,4,-27,-22,-24
33.105469,9,2179,2179,13,4,-27,-22,-25
33.109375,9,2179,2179,13,4,-27,-22,-25
33.113281,9,2179,2179,13,4,-27,-22,-25
33.117188,8,2179,2179,13,4,-27,-22,-24
33.121094,8,2179,2179,14,4,-27,-22,-25
33.125000,9,2179,2179,13,4,-27,-22,-24
33.128906,8,2179,2179,14,4,-27,-22,-25
33.132812,8,2179,2179,14,5,-27,-22,-24
33.136719,8,2179,2179,15,5,-27,-22,-25
33.140625,8,2179,2179,15,5,-27,-22,-25
33.144531,8,2179,2179,15,4,-27,-22,-25
33.148438,8,2179,2179,15,5,-27,-22,-24
33.152344,8,2179,2179,16,5,-27,-22,-25
33.156250,8,2179,2179,16,5,-27,-22,-24
33.160156,8,2179,2179,15,5,-27,-22,-24
33.164062,7,2179,2179,15,5,-27,-22,-25
33.167969,7,2179,2179,14,5,-27,-22,-24
33.171875,7,2179,2179,14,5,-26,-22,-24
33.175781,7,2179,2179,13,5,-27,-21,-24
33.179688,7,2179,2179,13,5,-26,-21,-24
33.183594,7,2179,2179,14,5,-27,-21,-24
33.187500,7,2179,2179,14,5,-26,-21,-24
33.191406,7,2179,2179,14,5,-22,-21,-24
33.195312,7,2179,2179,14,4,-27,-21,-24
33.199219,7,2179,2179,14,4,-27,-22,-24
33.203125,7,2179,2179,15,5,-27,-22,-24
33.207031,7,2179,2179,14,5,-27,-22,-24
33.210938,7,2179,2179,15,4,-27,-22,-25
33.214844,7,2179,2179,15,4,-27,-22,-24
33.218750,7,2179,2179,15,5,-27,-22,-25
33.222656,7,2179,2179,15,5,-27,-22,-25
33.226562,7,2179,2179,14,4,-27,-22,-25
33.230469,7,2179,2179,14,4,-27,-22,-25
33.234375,7,2179,2179,14,5,-27,-22,-25
33.238281,7,2179,2179,14,4,-27,-22,-25
33.242188,7,2179,2179,14,4,-27,-22,-25
33.246094,7,2179,2179,14,4,-27,-22,-25
33.250000,6,2179,2179,14,4,-27,-22,-24
33.253906,6,2179,2179,14,4,-27,-21,-24
33.257812,6,2179,2179,13,4,-27,-22,-24
33.261719,6,2179,2179,13,4,-27,-22,-25
33.265625,6,2179,2179,13,4,-27,-22,-24
33.269531,6,2179,2179,13,4,-27,-22,-25
33.273438,6,2179,2179,13,4,-27,-21,-24
33.277344,6,2179,2179,13,4,-27,-22,-24
33.281250,6,2179,2179,13,4,-27,-22,-24
33.285156,6,2179,2179,14,4,-26,-22,-24
33.289062,6,2179,2179,14,4,-26,-21,-24
33.292969,7,2179,2179,13,4,-27,-21,-24
33.296875,7,2179,2179,13,4,-27,-22,-25
33.300781,7,2179,2179,14,4,-27,-22,-24
33.304688,7,2179,2179,14,4,-27,-22,-24
33.308594,7,2179,2179,14,4,-27,-21,-24
33.312500,7,2179,2179,14,4,-27,-22,-24
33.316406,7,2179,2179,15,4,-31,-22,-24
33.320312,7,2179,2179,15,5,-27,-22,-24
33.324219,7,2179,2179,14,4,-27,-22,-24
33.328125,7,2179,2179,14,4,-27,-22,-24
33.332031,6,2179,2179,14,4,-27,-22,-24
33.335938,6,2179,2179,14,4,-27,-22,-24
33.339844,6,2179,2179,13,5,-27,-22,-24
33.343750,6,2179,2179,13,4,-27,-22,-24
33.347656,6,2179,2179,13,4,-27,-22,-24
33.351562,6,2179,2179,14,5,-27,-22,-24
33.355469,6,2179,2179,14,5,-27,-22,-24
33.359375,6,2179,2179,14,4,-27,-22,-24
33.363281,6,2179,2179,14,5,-27,-22,-24
33.367188,6,2179,2179,15,5,-27,-22,-24
33.371094,6,2179,2179,15,5,-26,-22,-24
33.375000,6,2179,2179,15,4,-26,-22,-24
33.378906,6,2179,2179,15,4,-27,-21,-24
33.382812,6,2179,2179,15,5,-27,-22,-24
33.386719,6,2179,2179,15,5,-27,-22,-24
33.390625,6,2179,2179,14,5,-26,-22,-24
33.394531,6,2179,2179,14,4,-27,-22,-24
33.398438,6,2179,2179,14,4,-27,-22,-24
33.402344,6,2179,2179,14,5,-27,-22,-24
33.406250,7,2179,2179,14,4,-27,-22,-24
33.410156,7,2179,2179,14,4,-27,-22,-24
33.414062,7,2179,2179,14,4,-27,-22,-24
33.417969,7,2179,2179,14,4,-27,-22,-25
33.421875,7,2179,2179,14,4,-27,-22,-25
33.425781,7,2179,2179,13,4,-27,-22,-25
33.429688,7,2179,2179,13,4,-27,-22,-25
33.433594,6,2179,2179,13,4,-27,-22,-24
33.437500,6,2179,2179,13,4,-27,-22,-25
33.441406,6,2179,2179,13,4,-27,-22,-25
33.445312,6,2179,2179,13,4,-27,-22,-25
33.449219,6,2179,2179,14,4,-27,-22,-24
33.453125,6,2179,2179,15,4,-27,-22,-24
33.457031,6,2179,2179,15,4,-27,-22,-25
33.460938,6,2179,2179,15,4,-27,-22,-24
33.464844,6,2179,2179,15,4,-27,-22,-24
33.468750,6,2179,2179,15,5,-26,-22,-24
33.472656,6,2179,2179,15,5,-27,-22,-25
33.476562,6,2179,2179,15,4,-27,-22,-24
33.480469,6,2179,2179,15,4,-27,-22,-25
33.484375,6,2179,2179,16,4,-27,-22,-25
33.488281,6,2179,2179,16,4,-27,-22,-24
33.492188,6,2179,2179,15,4,-27,-22,-24
33.496094,6,2179,2179,15,4,-27,-22,-25
33.500000,6,2179,2179,15,4,-27,-22,-25
33.503906,6,2179,2179,15,4,-27,-22,-25
33.507812,7,2179,2179,14,4,-27,-22,-25
33.511719,7,2179,2179,14,4,-27,-22,-25
33.515625,7,2179,2179,14,4,-27,-22,-25
33.519531,7,2179,2179,14,4,-27,-22,-25
33.523438,8,2179,2179,14,4,-27,-22,-25
33.527344,7,2179,2179,14,4,-27,-22,-25
33.531250,7,2179,2179,14,4,-27,-22,-24
33.535156,7,2179,2179,14,5,-27,-22,-24
33.539062,7,2179,2179,14,5,-27,-22,-24
33.542969,7,2179,2179,14,4,-27,-22,-24
33.546875,6,2179,2179,13,4,-27,-21,-24
33.550781,7,2179,2179,13,5,-27,-22,-24
33.554688,6,2179,2179,14,5,-27,-22,-24
33.558594,7,2179,2179,13,5,-27,-21,-24
33.562500,7,2179,2179,14,5,-27,-22,-24
33.566406,7,2179,2179,14,5,-26,-22,-24
33.570312,7,2179,2179,14,5,-26,-22,-24
33.574219,7,2179,2179,14,5,-26,-21,-24
33.578125,8,2179,2179,14,4,-26,-22,-24
33.582031,7,2179,2179,15,5,-26,-22,-24
33.585938,7,2179,2179,15,5,-26,-22,-24
33.589844,8,2179,2179,15,5,-26,-22,-24
33.593750,8,2179,2179,14,4,-26,-22,-25
33.597656,8,2179,2179,14,4,-27,-22,-24
33.601562,7,2179,2179,14,4,-27,-22,-25
33.605469,8,2179,2179,14,4,-27,-22,-25
33.609375,8,2179,2179,13,4,-27,-22,-25
33.613281,8,2179,2179,13,4,-27,-22,-24
33.617188,7,2179,2179,13,4,-27,-22,-25
33.621094,8,2179,2179,14,5,-27,-22,-25
33.625000,8,2179,2179,13,4,-27,-22,-25
33.628906,8,2179,2179,13,4,-27,-22,-25
33.632812,7,2179,2179,14,5,-27,-22,-25
33.636719,8,2179,2179,14,5,-27,-22,-25
33.640625,8,2179,2179,14,5,-27,-22,-25
33.644531,8,2179,2179,13,5,-27,-22,-25
33.648438,8,2179,2179,13,4,-27,-22,-25
33.652344,8,2179,2179,14,5,-27,-22,-24
33.656250,9,2179,2179,14,5,-27,-22,-24
33.660156,9,2179,2179,13,4,-27,-22,-24
33.664062,9,2179,2179,13,4,-27,-22,-24
33.667969,10,2179,2179,14,4,-27,-22,-24
33.671875,10,2179,2179,14,4,-26,-22,-24
33.675781,11,2179,2179,14,4,-27,-22,-24
33.679688,11,2179,2179,14,4,-27,-22,-24
33.683594,11,2179,2179,15,4,-27,-21,-25
33.687500,12,2179,2179,15,4,-27,-22,-25
33.691406,12,2179,2179,14,4,-27,-22,-25
33.695312,13,2179,2179,14,4,-27,-22,-25
33.699219,13,2179,2179,14,4,-27,-22,-25
33.703125,14,2179,2179,13,4,-27,-22,-24
33.707031,15,2179,2179,13,4,-27,-22,-24
33.710938,15,2179,2179,14,4,-27,-22,-25
33.714844,15,2179,2179,14,4,-27,-22,-25
33.718750,16,2179,2179,15,4,-27,-22,-25
33.722656,16,2179,2179,15,4,-27,-22,-25
33.726562,16,2179,2179,14,4,-27,-22,-25
33.730469,16,2179,2179,14,4,-27,-22,-24
33.734375,17,2179,2179,14,5,-27,-22,-25
33.738281,17,2179,2179,14,4,-27,-22,-25
33.742188,17,2179,2179,13,4,-27,-22,-25
33.746094,18,2179,2179,13,4,-26,-22,-24
33.750000,18,2179,2179,14,5,-26,-22,-24
33.753906,18,2179,2179,14,5,-26,-22,-24
33.757812,19,2179,2179,14,5,-26,-22,-24
33.761719,19,2179,2179,14,5,-27,-22,-24
33.765625,20,2179,2179,15,5,-27,-21,-24
33.769531,20,2179,2179,15,5,-26,-22,-24
33.773438,21,2179,2179,15,5,-27,-22,-24
33.777344,21,2179,2179,15,5,-27,-21,-25
33.781250,21,2179,2179,15,5,-26,-22,-24
33.785156,22,2179,2179,15,5,-26,-22,-24
33.789062,22,2179,2179,14,5,-26,-22,-24
33.792969,23,2179,2179,14,4,-27,-22,-24
33.796875,23,2179,2179,14,4,-27,-22,-24
33.800781,23,2179,2179,14,5,-27,-22,-24
33.804688,24,2179,2179,14,4,-27,-22,-24
33.808594,25,2179,2179,14,4,-27,-21,-24
33.812500,26,2179,2179,14,4,-27,-22,-25
33.816406,26,2179,2179,15,4,-27,-22,-25
33.820312,27,2179,2179,15,4,-27,-22,-25
33.824219,27,2179,2179,14,4,-27,-22,-24
33.828125,28,2179,2179,13,4,-27,-22,-25
33.832031,28,2179,2179,13,4,-27,-22,-24
33.835938,28,2179,2179,13,4,-27,-22,-24
33.839844,28,2179,2179,14,4,-27,-22,-25
33.843750,29,2179,2179,14,4,-27,-22,-24
33.847656,29,2179,2179,14,4,-27,-22,-24
33.851562,29,2179,2179,15,4,-27,-22,-25
33.855469,30,2179,2179,15,4,-26,-22,-24
33.859375,30,2179,2179,15,4,-26,-21,-24
33.863281,31,2179,2179,15,4,-26,-22,-24
33.867188,31,2179,2179,15,4,-26,-22,-24
33.871094,31,2179,2179,15,4,-26,-22,-24
33.875000,31,2179,2179,14,4,-26,-22,-24
33.878906,32,2179,2179,14,4,-27,-22,-25
33.882812,31,2179,2179,14,4,-26,-22,-25
33.886719,32,2179,2179,14,4,-26,-22,-25
33.890625,32,2179,2179,14,4,-26,-22,-24
33.894531,33,2179,2179,14,4,-26,-22,-24
33.898438,33,2179,2179,14,4,-27,-22,-24
33.902344,33,2179,2179,14,4,-27,-22,-25
33.906250,34,2179,2179,15,4,-27,-22,-25
33.910156,35,2179,2179,14,4,-27,-22,-25
33.914062,35,2179,2179,14,4,-27,-22,-25
33.917969,34,2179,2179,15,5,-27,-22,-25
33.921875,35,2179,2179,15,5,-27,-22,-25
33.925781,35,2179,2179,15,4,-27,-22,-24
33.929688,35,2179,2179,15,5,-27,-22,-24
33.933594,35,2179,2179,15,5,-27,-22,-24
33.937500,35,2179,2179,16,5,-27,-22,-24
33.941406,35,2179,2179,16,5,-26,-22,-24
33.945312,35,2179,2179,16,4,-26,-22,-24
33.949219,35,2179,2179,16,5,-26,-22,-24
33.953125,35,2179,2179,16,5,-26,-21,-24
33.957031,36,2179,2179,16,5,-26,-22,-24
33.960938,36,2179,2179,16,4,-26,-21,-24
33.964844,36,2179,2179,15,4,-26,-21,-24
33.968750,36,2179,2179,16,5,-26,-21,-24
33.972656,37,2179,2179,16,5,-26,-21,-24
33.976562,37,2179,2179,15,4,-26,-21,-24
33.980469,36,2179,2179,15,4,-27,-22,-24
33.984375,37,2179,2179,15,4,-27,-22,-24
33.988281,37,2179,2179,15,4,-26,-22,-25
33.992188,38,2179,2179,15,4,-26,-22,-25
33.996094,38,2179,2179,15,4,-27,-22,-25
34.000000,38,2179,2179,15,4,-27,-22,-25
34.003906,38,2179,2179,15,4,-27,-22,-25
34.007812,39,2179,2179,15,4,-27,-22,-25
34.011719,39,2179,2179,15,4,-27,-22,-25
34.015625,39,2179,2179,16,4,-27,-22,-25
34.019531,39,2179,2179,16,5,-27,-22,-25
34.023438,39,2179,2179,15,5,-27,-22,-25
34.027344,39,2179,2179,15,4,-27,-22,-25
34.031250,39,2179,2179,15,4,-27,-22,-25
34.035156,39,2179,2179,15,5,-27,-22,-24
34.039062,40,2179,2179,15,5,-27,-22,-24
34.042969,39,2179,2179,14,4,-27,-22,-24
34.046875,39,2179,2179,14,4,-26,-22,-24
34.050781,39,2179,2179,14,4,-26,-22,-24
34.054688,39,2179,2179,13,4,-26,-22,-24
34.058594,39,2179,2179,13,4,-26,-22,-24
34.062500,39,2179,2179,13,4,-27,-21,-24
34.066406,39,2179,2179,14,4,-27,-21,-24
34.070312,39,2179,2179,15,4,-27,-21,-24
34.074219,40,2179,2179,15,4,-27,-22,-24
34.078125,40,2179,2179,15,4,-27,-22,-24
34.082031,40,2179,2179,16,4,-27,-21,-24
34.085938,40,2179,2179,16,4,-26,-21,-24
34.089844,40,2179,2179,16,4,-27,-21,-25
34.093750,41,2179,2179,15,4,-27,-22,-24
34.097656,40,2179,2179,15,4,-27,-22,-25
34.101562,40,2179,2179,15,4,-27,-22,-25
34.105469,41,2179,2179,15,4,-27,-22,-24
34.109375,41,2179,2179,15,4,-27,-22,-25
34.113281,41,2179,2179,15,4,-27,-22,-25
34.117188,41,2179,2179,15,4,-27,-22,-25
34.121094,40,2179,2179,16,4,-27,-22,-25
34.125000,41,2179,2179,15,4,-27,-22,-24
34.128906,41,2179,2179,15,4,-27,-22,-24
34.132812,40,2179,2179,15,4,-27,-22,-24
34.136719,40,2179,2179,15,4,-27,-22,-24
34.140625,41,2179,2179,15,5,-27,-22,-24
34.144531,40,2179,2179,15,4,-27,-22,-24
34.148438,40,2179,2179,15,4,-27,-22,-24
34.152344,40,2179,2179,15,5,-27,-22,-24
34.156250,40,2179,2179,15,4,-27,-22,-24
34.160156,40,2179,2179,15,4,-26,-22,-24
34.164062,39,2179,2179,15,4,-27,-22,-24
34.167969,39,2179,2179,15,4,-26,-22,-24
34.171875,40,2179,2179,16,5,-27,-22,-24
34.175781,40,2179,2179,15,4,-26,-22,-24
34.179688,40,2179,2179,15,4,-27,-22,-24
34.183594,39,2179,2179,16,5,-27,-23,-24
34.187500,39,2179,2179,16,4,-27,-21,-24
34.191406,40,2179,2179,16,4,-26,-21,-24
34.195312,40,2179,2179,17,4,-27,-22,-24
34.199219,39,2179,2179,17,4,-27,-22,-24
34.203125,39,2179,2179,18,4,-27,-22,-24
34.207031,39,2179,2179,18,5,-27,-22,-24
34.210938,39,2179,2179,18,4,-27,-22,-24
34.214844,38,2179,2179,18,4,-27,-22,-24
34.218750,38,2179,2179,18,5,-27,-22,-24
34.222656,38,2179,2179,18,4,-27,-22,-25
34.226562,39,2179,2179,17,4,-27,-22,-24
34.230469,38,2179,2179,17,4,-27,-22,-24
34.234375,38,2179,2179,17,4,-27,-22,-25
34.238281,38,2179,2179,17,4,-27,-22,-25
34.242188,38,2179,2179,17,4,-27,-22,-25
34.246094,38,2179,2179,17,4,-27,-22,-24
34.250000,38,2179,2179,18,4,-27,-22,-24
34.253906,38,2179,2179,19,4,-27,-22,-24
34.257812,38,2179,2179,19,4,-27,-22,-25
34.261719,38,2179,2179,19,4,-27,-22,-24
34.265625,38,2179,2179,19,4,-27,-22,-24
34.269531,38,2179,2179,20,4,-27,-22,-24
34.273438,38,2179,2179,19,4,-27,-22,-24
34.277344,38,2179,2179,19,4,-27,-22,-24
34.281250,37,2179,2179,19,4,-27,-22,-24
34.285156,37,2179,2179,19,4,-27,-22,-24
34.289062,38,2179,2179,19,4,-27,-22,-24
34.292969,38,2179,2179,19,4,-27,-22,-24
34.296875,38,2179,2179,19,4,-27,-22,-25
34.300781,38,2179,2179,19,4,-27,-22,-24
34.304688,38,2179,2179,19,4,-27,-22,-25
34.308594,38,2179,2179,19,4,-27,-21,-25
34.312500,38,2179,2179,19,4,-27,-22,-24
34.316406,38,2179,2179,19,4,-27,-21,-24
34.320312,38,2179,2179,20,5,-27,-22,-24
34.324219,38,2179,2179,20,4,-27,-22,-24
34.328125,38,2179,2179,20,4,-27,-22,-24
34.332031,38,2179,2179,21,4,-27,-22,-25
34.335938,38,2179,2179,21,5,-27,-22,-25
34.339844,38,2179,2179,21,5,-27,-22,-25
34.343750,38,2179,2179,21,5,-27,-22,-24
34.347656,38,2179,2179,21,4,-27,-21,-24
34.351562,38,2179,2179,22,5,-27,-22,-24
34.355469,38,2179,2179,22,5,-27,-21,-24
34.359375,39,2179,2179,22,4,-27,-22,-24
34.363281,39,2179,2179,22,4,-27,-22,-24
34.367188,39,2179,2179,23,5,-27,-22,-24
34.371094,39,2179,2179,24,5,-27,-22,-24
34.375000,39,2179,2179,24,4,-27,-22,-24
34.378906,39,2179,2179,25,4,-27,-22,-24
34.382812,39,2179,2179,26,5,-27,-22,-24
34.386719,40,2179,2179,27,5,-27,-22,-24
34.390625,40,2179,2179,27,5,-26,-22,-24
34.394531,40,2179,2179,28,4,-27,-22,-25
34.398438,39,2179,2179,28,4,-27,-22,-24
34.402344,39,2179,2179,29,4,-27,-22,-25
34.406250,39,2179,2179,30,4,-27,-22,-24
34.410156,39,2179,2179,30,4,-27,-22,-25
34.414062,39,2179,2179,30,4,-27,-22,-25
34.417969,39,2179,2179,31,4,-27,-22,-25
34.421875,39,2179,2179,32,4,-27,-22,-25
34.425781,39,2179,2179,33,4,-27,-22,-24
34.429688,39,2179,2179,34,4,-27,-22,-25
34.433594,38,2179,2179,35,4,-27,-22,-25
34.437500,38,2179,2179,36,4,-27,-22,-25
34.441406,38,2179,2179,37,4,-27,-22,-25
34.445312,38,2179,2179,38,4,-26,-22,-24
34.449219,37,2179,2179,39,4,-26,-22,-24
34.453125,37,2179,2179,40,4,-26,-22,-24
34.457031,37,2179,2179,41,4,-26,-22,-24
34.460938,38,2179,2179,42,4,-27,-21,-24
34.464844,38,2179,2179,43,4,-27,-22,-24
34.468750,38,2179,2179,44,4,-26,-21,-24
34.472656,38,2179,2179,45,5,-26,-22,-24
34.476562,38,2179,2179,45,4,-27,-22,-24
34.480469,38,2179,2179,46,4,-27,-22,-24
34.484375,38,2179,2179,47,5,-27,-22,-24
34.488281,38,2179,2179,48,4,-27,-22,-24
34.492188,38,2179,2179,49,4,-27,-22,-24
34.496094,38,2179,2179,50,4,-27,-22,-24
34.500000,38,2179,2179,52,4,-27,-22,-25
34.503906,38,2179,2179,53,4,-27,-22,-25
34.507812,38,2179,2179,54,4,-27,-22,-25
34.511719,38,2179,2179,55,4,-27,-22,-25
34.515625,38,2179,2179,57,4,-27,-22,-25
34.519531,38,2179,2179,58,5,-27,-22,-25
34.523438,39,2179,2179,58,5,-27,-22,-25
34.527344,39,2179,2179,59,4,-27,-22,-24
34.531250,39,2179,2179,60,4,-27,-22,-24
34.535156,39,2179,2179,62,4,-27,-22,-24
34.539062,39,2179,2179,63,5,-27,-22,-24
34.542969,39,2179,2179,65,4,-27,-22,-24
34.546875,39,2179,2179,67,4,-27,-22,-24
34.550781,40,2179,2179,69,5,-27,-22,-24
34.554688,40,2179,2179,71,5,-27,-22,-24
34.558594,40,2179,2179,73,5,-27,-22,-24
34.562500,41,2179,2179,75,5,-27,-22,-24
34.566406,40,2179,2179,77,5,-26,-21,-24
34.570312,40,2179,2179,79,5,-26,-21,-24
34.574219,41,2179,2179,80,4,-27,-21,-24
34.578125,41,2179,2179,81,4,-27,-21,-24
34.582031,41,2179,2179,83,4,-27,-22,-24
34.585938,41,2179,2179,85,5,-27,-22,-24
34.589844,41,2179,2179,86,5,-27,-22,-24
34.593750,41,2179,2179,87,4,-27,-22,-25
34.597656,41,2179,2179,89,4,-27,-22,-24
34.601562,41,2179,2179,91,4,-27,-22,-24
34.605469,41,2179,2179,93,4,-27,-22,-24
34.609375,41,2179,2179,94,4,-27,-22,-24
34.613281,41,2179,2179,96,4,-27,-22,-24
34.617188,41,2179,2179,98,4,-27,-22,-24
34.621094,41,2179,2179,99,5,-27,-22,-25
34.625000,41,2179,2179,100,4,-27,-22,-25
34.628906,41,2179,2179,101,4,-27,-22,-25
34.632812,41,2179,2179,102,5,-27,-22,-25
34.636719,41,2179,2179,103,5,-26,-22,-24
34.640625,41,2179,2179,104,5,-27,-22,-24
34.644531,41,2179,2179,106,4,-27,-22,-24
34.648438,41,2179,2179,107,4,-27,-22,-24
34.652344,41,2179,2179,110,5,-27,-22,-24
34.656250,41,2179,2179,111,4,-27,-22,-24
34.660156,41,2179,2179,113,4,-27,-22,-24
34.664062,41,2179,2179,115,4,-27,-22,-24
34.667969,41,2179,2179,117,4,-27,-22,-24
34.671875,41,2179,2179,118,5,-27,-22,-24
34.675781,41,2179,2179,119,4,-26,-22,-23
34.679688,41,2179,2179,120,4,-27,-22,-24
34.683594,41,2179,2179,121,4,-26,-22,-24
34.687500,41,2179,2179,121,4,-26,-22,-24
34.691406,42,2179,2179,121,4,-26,-22,-25
34.695312,42,2179,2179,121,4,-27,-22,-24
34.699219,42,2179,2179,122,4,-27,-22,-25
34.703125,42,2179,2179,124,4,-27,-22,-25
34.707031,42,2179,2179,126,4,-27,-22,-25
34.710938,42,2179,2179,128,4,-27,-22,-25
34.714844,41,2179,2179,130,4,-27,-22,-24
34.718750,41,2179,2179,133,5,-27,-22,-24
34.722656,42,2179,2179,134,5,-27,-22,-24
34.726562,42,2179,2179,135,4,-27,-22,-24
34.730469,42,2179,2179,136,4,-27,-22,-24
34.734375,42,2179,2179,136,5,-27,-22,-24
34.738281,42,2179,2179,136,5,-27,-22,-25
34.742188,43,2179,2179,137,4,-27,-22,-24
34.746094,43,2179,2179,138,4,-27,-22,-24
34.750000,43,2179,2179,140,5,-27,-22,-24
34.753906,43,2179,2179,141,5,-27,-22,-24
34.757812,43,2179,2179,142,4,-26,-22,-24
34.761719,43,2179,2179,143,4,-27,-22,-24
34.765625,43,2179,2179,144,4,-27,-22,-24
34.769531,42,2179,2179,145,5,-27,-22,-24
34.773438,43,2179,2179,145,5,-27,-22,-24
34.777344,43,2179,2179,146,4,-27,-22,-24
34.781250,42,2179,2179,148,4,-27,-21,-24
34.785156,43,2179,2179,149,4,-27,-22,-24
34.789062,43,2179,2179,150,4,-27,-22,-25
34.792969,43,2179,2179,151,4,-27,-22,-25
34.796875,43,2179,2179,152,4,-27,-22,-25
34.800781,43,2179,2179,153,4,-27,-22,-25
34.804688,43,2179,2179,154,4,-27,-22,-25
34.808594,43,2179,2179,154,4,-27,-22,-24
34.812500,43,2179,2179,154,4,-27,-22,-25
34.816406,42,2179,2179,155,4,-27,-22,-24
34.820312,42,2179,2179,155,4,-27,-22,-25
34.824219,42,2179,2179,155,4,-27,-22,-24
34.828125,42,2179,2179,155,4,-27,-22,-25
34.832031,42,2179,2179,156,4,-27,-22,-24
34.835938,42,2179,2179,156,4,-27,-22,-25
34.839844,42,2179,2179,157,4,-27,-22,-25
34.843750,42,2179,2179,157,4,-26,-21,-24
34.847656,42,2179,2179,158,4,-27,-22,-24
34.851562,42,2179,2179,159,4,-26,-22,-24
34.855469,42,2179,2179,160,4,-26,-22,-24
34.859375,43,2179,2179,161,4,-26,-22,-24
34.863281,43,2179,2179,162,4,-27,-22,-24
34.867188,42,2179,2179,162,4,-27,-22,-24
34.871094,42,2179,2179,162,4,-27,-22,-24
34.875000,43,2179,2179,162,4,-27,-22,-24
34.878906,42,2179,2179,161,4,-27,-22,-24
34.882812,42,2179,2179,161,4,-27,-22,-24
34.886719,41,2179,2179,161,4,-26,-22,-24
34.890625,42,2179,2179,161,4,-26,-22,-24
34.894531,41,2179,2179,162,4,-27,-22,-24
34.898438,41,2179,2179,162,4,-27,-22,-25
34.902344,41,2179,2179,164,4,-27,-22,-24
34.906250,42,2179,2179,165,5,-27,-22,-24
34.910156,42,2179,2179,165,4,-27,-22,-25
34.914062,42,2179,2179,166,4,-27,-22,-24
34.917969,42,2179,2179,167,5,-27,-22,-25
34.921875,42,2179,2179,167,5,-27,-22,-25
34.925781,42,2179,2179,167,5,-27,-22,-25
34.929688,42,2179,2179,167,5,-27,-22,-24
34.933594,41,2179,2179,167,5,-27,-22,-25
34.937500,41,2179,2179,167,5,-27,-22,-25
34.941406,41,2179,2179,167,5,-27,-22,-25
34.945312,40,2179,2179,168,5,-27,-22,-24
34.949219,40,2179,2179,168,5,-27,-22,-24
34.953125,40,2179,2179,169,5,-26,-22,-24
34.957031,40,2179,2179,169,5,-26,-22,-24
34.960938,40,2179,2179,169,5,-27,-22,-24
34.964844,40,2179,2179,170,5,-26,-21,-24
34.968750,40,2179,2179,170,5,-26,-22,-24
34.972656,40,2179,2179,170,5,-26,-22,-24
34.976562,41,2179,2179,170,4,-26,-22,-24
34.980469,40,2179,2179,170,4,-27,-22,-24
34.984375,41,2179,2179,170,4,-26,-22,-24
34.988281,41,2179,2179,170,4,-26,-22,-24
34.992188,41,2179,2179,170,4,-26,-22,-24
34.996094,40,2179,2179,170,4,-26,-22,-24
35.000000,40,2179,2179,171,4,-26,-22,-25
35.003906,40,2179,2179,172,4,-27,-22,-24
35.007812,40,2179,2179,172,4,-26,-22,-25
35.011719,40,2179,2179,172,4,-27,-22,-24
35.015625,40,2179,2179,172,4,-27,-22,-24
35.019531,39,2179,2179,172,5,-27,-22,-25
35.023438,39,2179,2179,173,4,-27,-22,-25
35.027344,39,2179,2179,172,4,-27,-22,-24
35.031250,38,2179,2179,172,4,-27,-22,-25
35.035156,38,2179,2179,173,4,-27,-22,-24
35.039062,38,2179,2179,173,4,-27,-22,-24
35.042969,39,2179,2179,174,4,-27,-22,-24
35.046875,38,2179,2179,174,4,-27,-22,-24
35.050781,39,2179,2179,174,4,-26,-21,-26
35.054688,38,2179,2179,174,4,-27,-21,-24
35.058594,39,2179,2179,173,4,-26,-21,-24
35.062500,39,2179,2179,173,4,-27,-22,-24
35.066406,38,2179,2179,173,4,-26,-22,-24
35.070312,38,2179,2179,173,4,-27,-22,-24
35.074219,38,2179,2179,172,4,-26,-22,-24
35.078125,38,2179,2179,172,4,-27,-22,-24
35.082031,38,2179,2179,173,4,-27,-22,-24
35.085938,38,2179,2179,173,4,-27,-22,-24
35.089844,39,2179,2179,174,4,-27,-22,-25
35.093750,39,2179,2179,174,4,-27,-22,-24
35.097656,38,2179,2179,174,4,-27,-22,-24
35.101562,38,2179,2179,175,4,-27,-22,-25
35.105469,38,2179,2179,175,4,-27,-22,-24
35.109375,38,2179,2179,175,4,-27,-22,-25
35.113281,38,2179,2179,175,4,-27,-22,-24
35.117188,37,2179,2179,175,5,-27,-22,-25
35.121094,37,2179,2179,176,5,-27,-22,-24
35.125000,38,2179,2179,176,4,-27,-22,-25
35.128906,38,2179,2179,176,4,-27,-22,-24
35.132812,37,2179,2179,177,5,-27,-22,-24
35.136719,37,2179,2179,177,5,-27,-22,-24
35.140625,37,2179,2179,177,4,-27,-22,-24
35.144531,37,2179,2179,177,4,-26,-21,-24
35.148438,37,2179,2179,178,4,-27,-21,-24
35.152344,37,2179,2179,177,5,-26,-21,-24
35.156250,37,2179,2179,177,4,-27,-21,-24
35.160156,37,2179,2179,177,4,-27,-22,-24
35.164062,37,2179,2179,177,4,-26,-22,-24
35.167969,37,2179,2179,177,5,-26,-22,-24
35.171875,37,2179,2179,177,5,-27,-22,-24
35.175781,37,2179,2179,177,4,-27,-22,-24
35.179688,37,2179,2179,178,4,-26,-22,-24
35.183594,36,2179,2179,178,5,-27,-22,-24
35.187500,37,2179,2179,179,4,-27,-22,-24
35.191406,37,2179,2179,179,4,-27,-22,-24
35.195312,36,2179,2179,179,4,-27,-22,-24
35.199219,36,2179,2179,179,4,-27,-22,-25
35.203125,36,2179,2179,179,5,-27,-22,-25
35.207031,37,2179,2179,179,5,-27,-22,-24
35.210938,37,2179,2179,179,5,-27,-22,-25
35.214844,37,2179,2179,179,5,-27,-22,-24
35.218750,37,2179,2179,179,5,-27,-22,-25
35.222656,37,2179,2179,179,5,-27,-22,-25
35.226562,37,2179,2179,180,5,-27,-22,-25
35.230469,36,2179,2179,180,5,-27,-22,-24
35.234375,36,2179,2179,181,5,-27,-22,-25
35.238281,36,2179,2179,181,5,-27,-22,-24
35.242188,35,2179,2179,181,4,-27,-22,-24
35.246094,35,2179,2179,181,4,-26,-22,-24
35.250000,35,2179,2179,181,4,-26,-22,-24
35.253906,35,2179,2179,180,4,-26,-22,-24
35.257812,35,2179,2179,180,4,-26,-21,-24
35.261719,35,2179,2179,180,4,-27,-21,-24
35.265625,35,2179,2179,180,3,-26,-22,-24
35.269531,35,2179,2179,180,4,-27,-21,-24
35.273438,35,2179,2179,180,4,-27,-22,-24
35.277344,35,2179,2179,180,3,-27,-22,-24
35.281250,35,2179,2179,180,4,-27,-22,-24
35.285156,35,2179,2179,181,4,-27,-22,-25
35.289062,35,2179,2179,181,4,-27,-22,-24
35.292969,35,2179,2179,181,4,-27,-22,-24
35.296875,35,2179,2179,181,4,-27,-22,-24
35.300781,34,2179,2179,182,4,-27,-22,-25
35.304688,34,2179,2179,182,4,-27,-22,-24
35.308594,34,2179,2179,181,4,-27,-22,-25
35.312500,35,2179,2179,181,4,-27,-22,-24
35.316406,34,2179,2179,181,4,-27,-22,-24
35.320312,34,2179,2179,181,5,-26,-22,-25
35.324219,34,2179,2179,181,4,-27,-22,-25
35.328125,34,2179,2179,181,4,-27,-22,-25
35.332031,33,2179,2179,182,5,-27,-22,-24
35.335938,32,2179,2179,182,5,-27,-22,-25
35.339844,32,2179,2179,182,5,-27,-22,-24
35.343750,32,2179,2179,182,5,-27,-22,-24
35.347656,32,2179,2179,182,4,-27,-22,-24
35.351562,32,2179,2179,182,5,-27,-22,-24
35.355469,32,2179,2179,182,5,-26,-22,-24
35.359375,32,2179,2179,182,5,-27,-22,-24
35.363281,32,2179,2179,182,4,-27,-22,-24
35.367188,31,2179,2179,183,5,-26,-22,-24
35.371094,31,2179,2179,183,5,-27,-22,-24
35.375000,31,2179,2179,183,5,-26,-22,-24
35.378906,31,2179,2179,182,4,-27,-22,-24
35.382812,30,2179,2179,182,5,-27,-22,-24
35.386719,31,2179,2179,182,4,-27,-22,-24
35.390625,31,2179,2179,181,3,-27,-22,-24
35.394531,31,2179,2179,181,4,-27,-22,-24
35.398438,31,2179,2179,182,4,-27,-22,-24
35.402344,31,2179,2179,182,4,-27,-22,-25
35.406250,31,2179,2179,182,4,-27,-22,-24
35.410156,31,2179,2179,182,4,-27,-22,-24
35.414062,31,2179,2179,182,4,-27,-22,-24
35.417969,31,2179,2179,182,4,-27,-22,-25
35.421875,31,2179,2179,182,4,-27,-22,-25
35.425781,31,2179,2179,181,4,-27,-22,-24
35.429688,31,2179,2179,181,4,-27,-22,-25
35.433594,31,2179,2179,181,4,-27,-22,-24
35.437500,31,2179,2179,181,4,-27,-22,-24
35.441406,32,2179,2179,181,4,-26,-22,-24
35.445312,32,2179,2179,181,4,-26,-22,-24
35.449219,31,2179,2179,181,4,-26,-22,-24
35.453125,32,2179,2179,182,4,-26,-22,-24
35.457031,32,2179,2179,182,4,-26,-22,-24
35.460938,32,2179,2179,182,4,-27,-22,-24
35.464844,32,2179,2179,182,4,-27,-22,-24
35.468750,31,2179,2179,183,4,-27,-22,-24
35.472656,31,2179,2179,183,4,-27,-22,-24
35.476562,31,2179,2179,183,4,-27,-22,-24
35.480469,31,2179,2179,183,4,-27,-22,-24
35.484375,31,2179,2179,183,5,-26,-22,-24
35.488281,32,2179,2179,183,5,-26,-22,-25
35.492188,31,2179,2179,183,4,-27,-22,-24
35.496094,31,2179,2179,182,4,-27,-22,-25
35.500000,31,2179,2179,183,5,-27,-22,-25
35.503906,31,2179,2179,183,5,-27,-22,-25
35.507812,31,2179,2179,182,4,-26,-22,-25
35.511719,31,2179,2179,182,4,-27,-22,-25
35.515625,31,2179,2179,183,3,-27,-22,-24
35.519531,30,2179,2179,183,5,-27,-22,-24
35.523438,30,2179,2179,183,5,-27,-22,-24
35.527344,30,2179,2179,183,4,-27,-22,-24
35.531250,30,2179,2179,183,4,-27,-22,-24
35.535156,30,2179,2179,184,5,-27,-22,-24
35.539062,30,2179,2179,184,5,-27,-22,-24
35.542969,30,2179,2179,184,4,-27,-22,-24
35.546875,30,2179,2179,184,4,-27,-22,-24
35.550781,30,2179,2179,184,5,-27,-22,-24
35.554688,30,2179,2179,184,5,-26,-22,-24
35.558594,30,2179,2179,184,4,-27,-21,-24
35.562500,30,2179,2179,184,4,-26,-22,-24
35.566406,30,2179,2179,184,5,-26,-21,-24
35.570312,30,2179,2179,185,5,-26,-21,-24
35.574219,30,2179,2179,185,4,-26,-21,-24
35.578125,30,2179,2179,185,4,-27,-21,-24
35.582031,30,2179,2179,185,4,-27,-21,-24
35.585938,30,2179,2179,185,5,-27,-22,-24
35.589844,31,2179,2179,184,5,-27,-22,-25
35.593750,31,2179,2179,183,4,-27,-22,-24
35.597656,30,2179,2179,183,4,-27,-22,-24
35.601562,30,2179,2179,183,5,-27,-22,-24
35.605469,31,2179,2179,183,5,-27,-22,-24
35.609375,31,2179,2179,182,4,-27,-22,-24
35.613281,31,2179,2179,183,4,-27,-22,-24
35.617188,31,2179,2179,183,4,-27,-22,-24
35.621094,30,2179,2179,184,5,-27,-22,-25
35.625000,31,2179,2179,184,4,-27,-22,-25
35.628906,30,2179,2179,184,4,-27,-22,-24
35.632812,30,2179,2179,184,5,-27,-22,-24
35.636719,29,2179,2179,184,4,-27,-22,-24
35.640625,29,2179,2179,184,3,-27,-22,-24
35.644531,29,2179,2179,184,4,-26,-22,-24
35.648438,29,2179,2179,184,4,-26,-21,-24
35.652344,28,2179,2179,184,5,-27,-22,-24
35.656250,29,2179,2179,185,5,-26,-22,-24
35.660156,29,2179,2179,185,4,-26,-21,-24
35.664062,28,2179,2179,185,4,-27,-21,-24
35.667969,28,2179,2179,185,5,-26,-22,-24
35.671875,28,2179,2179,185,5,-27,-22,-24
35.675781,28,2179,2179,184,4,-27,-22,-24
35.679688,27,2179,2179,184,4,-27,-22,-24
35.683594,27,2179,2179,184,4,-27,-22,-24
35.687500,27,2179,2179,184,4,-27,-22,-25
35.691406,27,2179,2179,184,4,-27,-22,-24
35.695312,27,2179,2179,184,4,-27,-22,-24
35.699219,26,2179,2179,184,4,-27,-22,-24
35.703125,26,2179,2179,184,4,-27,-22,-25
35.707031,26,2179,2179,183,4,-27,-22,-24
35.710938,26,2179,2179,183,4,-27,-22,-24
35.714844,25,2179,2179,183,4,-27,-22,-24
35.718750,24,2179,2179,183,4,-27,-22,-24
35.722656,24,2179,2179,184,5,-27,-22,-24
35.726562,24,2179,2179,184,4,-27,-22,-24
35.730469,23,2179,2179,184,4,-27,-22,-24
35.734375,23,2179,2179,184,5,-27,-22,-24
35.738281,23,2179,2179,181,5,-27,-21,-24
35.742188,22,2179,2179,175,5,-27,-21,-24
35.746094,22,2179,2179,165,5,-27,-22,-24
35.750000,21,2179,2179,150,5,-27,-22,-24
35.753906,20,2179,2179,132,5,-27,-22,-24
35.757812,20,2179,2179,113,5,-26,-22,-24
35.761719,20,2179,2179,95,5,-27,-22,-24
35.765625,19,2179,2179,82,4,-27,-22,-24
35.769531,18,2179,2179,74,5,-27,-22,-24
35.773438,18,2179,2179,69,5,-27,-22,-24
35.777344,18,2179,2179,67,5,-27,-22,-24
35.781250,17,2179,2179,66,5,-27,-22,-25
35.785156,17,2179,2179,63,5,-26,-22,-25
35.789062,17,2179,2179,57,5,-27,-22,-25
35.792969,17,2179,2179,48,4,-27,-22,-24
35.796875,16,2179,2179,38,4,-27,-22,-24
35.800781,16,2179,2179,29,5,-27,-22,-24
35.804688,15,2179,2179,21,4,-27,-22,-24
35.808594,15,2179,2179,16,4,-27,-22,-24
35.812500,15,2179,2179,13,4,-27,-22,-24
35.816406,15,2179,2179,14,4,-27,-22,-24
35.820312,15,2179,2179,15,5,-27,-22,-24
35.824219,15,2179,2179,16,4,-27,-22,-24
35.828125,15,2179,2179,17,4,-27,-22,-24
35.832031,14,2179,2179,17,4,-27,-22,-24
35.835938,13,2179,2179,17,4,-27,-22,-24
35.839844,13,2179,2179,16,4,-27,-22,-24
35.843750,13,2179,2179,15,4,-26,-22,-24
35.847656,12,2179,2179,14,4,-27,-22,-24
35.851562,12,2179,2179,15,4,-26,-21,-24
35.855469,12,2179,2179,15,5,-26,-22,-24
35.859375,12,2179,2179,15,4,-27,-22,-24
35.863281,13,2179,2179,16,4,-26,-22,-24
35.867188,12,2179,2179,16,4,-26,-22,-24
35.871094,12,2179,2179,16,4,-26,-22,-24
35.875000,12,2179,2179,15,4,-27,-22,-25
35.878906,12,2179,2179,15,4,-27,-22,-24
35.882812,11,2179,2179,15,4,-28,-22,-24
35.886719,11,2179,2179,15,4,-27,-22,-24
35.890625,11,2179,2179,15,5,-27,-22,-25
35.894531,11,2179,2179,15,4,-27,-22,-25
35.898438,10,2179,2179,15,4,-27,-22,-24
35.902344,10,2179,2179,15,4,-27,-22,-24
35.906250,10,2179,2179,16,4,-27,-22,-24
35.910156,10,2179,2179,15,4,-27,-22,-24
35.914062,10,2179,2179,15,4,-27,-22,-24
35.917969,10,2179,2179,16,5,-27,-22,-24
35.921875,10,2179,2179,16,5,-27,-22,-24
35.925781,10,2179,2179,15,4,-27,-22,-24
35.929688,10,2179,2179,15,5,-27,-22,-24
35.933594,9,2179,2179,16,5,-27,-22,-24
35.937500,9,2179,2179,16,5,-27,-22,-24
35.941406,9,2179,2179,16,5,-27,-22,-24
35.945312,9,2179,2179,15,5,-27,-21,-24
35.949219,9,2179,2179,16,5,-26,-21,-24
35.953125,9,2179,2179,16,5,-26,-21,-24
35.957031,9,2179,2179,16,5,-27,-21,-24
35.960938,9,2179,2179,16,4,-26,-21,-24
35.964844,9,2179,2179,15,4,-26,-21,-24
35.968750,9,2179,2179,16,5,-26,-22,-24
35.972656,9,2179,2179,16,5,-26,-22,-24
35.976562,9,2179,2179,15,4,-26,-22,-24
35.980469,8,2179,2179,15,4,-27,-22,-24
35.984375,9,2179,2179,15,4,-27,-22,-24
35.988281,8,2179,2179,16,5,-27,-22,-24
35.992188,8,2179,2179,15,4,-27,-22,-24
35.996094,8,2179,2179,15,4,-27,-22,-24
36.000000,8,2179,2179,16,5,-27,-22,-24
36.003906,8,2179,2179,16,5,-27,-22,-25
36.007812,8,2179,2179,15,4,-25,-22,-25
36.011719,8,2179,2179,15,4,-27,-22,-25
36.015625,8,2179,2179,15,6,-27,-22,-25
36.019531,7,2179,2179,15,5,-27,-22,-25
36.023438,8,2179,2179,14,5,-27,-22,-24
36.027344,8,2179,2179,14,4,-27,-22,-24
36.031250,7,2179,2179,14,4,-27,-22,-24
36.035156,7,2179,2179,15,5,-27,-22,-24
36.039062,7,2179,2179,16,5,-27,-22,-24
36.042969,7,2179,2179,15,4,-27,-22,-24
36.046875,7,2179,2179,15,4,-27,-22,-24
36.050781,7,2179,2179,16,4,-27,-22,-24
36.054688,7,2179,2179,15,4,-27,-22,-24
36.058594,7,2179,2179,15,4,-27,-21,-24
36.062500,7,2179,2179,14,4,-27,-22,-24
36.066406,6,2179,2179,14,4,-27,-21,-24
36.070312,7,2179,2179,14,4,-27,-22,-24
36.074219,7,2179,2179,14,4,-27,-22,-24
36.078125,7,2179,2179,14,4,-27,-22,-24
36.082031,7,2179,2179,14,4,-27,-22,-24
36.085938,7,2179,2179,14,4,-27,-22,-24
36.089844,7,2179,2179,14,4,-27,-22,-24
36.093750,7,2179,2179,14,4,-27,-22,-24
36.097656,7,2179,2179,14,4,-27,-22,-25
36.101562,7,2179,2179,14,4,-27,-22,-25
36.105469,7,2179,2179,14,5,-27,-22,-25
36.109375,7,2179,2179,14,4,-27,-22,-24
36.113281,6,2179,2179,14,4,-27,-22,-25
36.117188,6,2179,2179,15,5,-27,-22,-24
36.121094,6,2179,2179,15,5,-27,-22,-24
36.125000,7,2179,2179,14,4,-27,-22,-24
36.128906,6,2179,2179,14,4,-27,-22,-24
36.132812,6,2179,2179,14,4,-29,-22,-24
36.136719,6,2179,2179,14,5,-27,-22,-24
36.140625,6,2179,2179,14,4,-27,-22,-24
36.144531,6,2179,2179,13,4,-26,-21,-24
36.148438,5,2179,2179,13,4,-27,-22,-24
36.152344,5,2179,2179,13,4,-26,-22,-24
36.156250,5,2179,2179,13,4,-26,-22,-24
36.160156,5,2179,2179,13,4,-26,-22,-24
36.164062,5,2179,2179,13,4,-27,-22,-24
36.167969,5,2179,2179,14,5,-27,-22,-24
36.171875,5,2179,2179,14,5,-27,-22,-24
36.175781,5,2179,2179,13,4,-27,-22,-24
36.179688,5,2179,2179,14,4,-27,-22,-24
36.183594,5,2179,2179,14,5,-27,-22,-24
36.187500,4,2179,2179,14,5,-27,-22,-24
36.191406,4,2179,2179,13,4,-27,-22,-24
36.195312,4,2179,2179,13,4,-27,-22,-24
36.199219,4,2179,2179,14,4,-26,-22,-24
36.203125,4,2179,2179,14,5,-27,-22,-24
36.207031,5,2179,2179,14,4,-26,-22,-24
36.210938,5,2179,2179,14,4,-27,-22,-24
36.214844,4,2179,2179,15,4,-27,-22,-24
36.218750,4,2179,2179,16,5,-27,-22,-24
36.222656,4,2179,2179,16,5,-27,-22,-24
36.226562,4,2179,2179,15,5,-27,-22,-24
36.230469,3,2179,2179,15,5,-27,-22,-24
36.234375,3,2179,2179,15,5,-27,-22,-24
36.238281,3,2179,2179,15,5,-27,-22,-24
36.242188,3,2179,2179,14,4,-27,-22,-24
36.246094,3,2179,2179,14,4,-27,-22,-24
36.250000,2,2179,2179,14,4,-26,-21,-24
36.253906,2,2179,2179,14,4,-26,-22,-24
36.257812,3,2179,2179,14,4,-22,-22,-24
36.261719,2,2179,2179,14,4,-27,-22,-24
36.265625,2,2179,2179,14,4,-27,-22,-24
36.269531,2,2179,2179,14,4,-27,-22,-24
36.273438,3,2179,2179,13,4,-27,-22,-24
36.277344,3,2179,2179,13,4,-27,-22,-24
36.281250,3,2179,2179,13,4,-27,-22,-24
36.285156,3,2179,2179,13,4,-27,-22,-24
36.289062,4,2179,2179,13,4,-27,-22,-24
36.292969,3,2179,2179,13,4,-27,-22,-24
36.296875,3,2179,2179,13,4,-27,-22,-25
36.300781,3,2179,2179,13,4,-27,-22,-25
36.304688,3,2179,2179,14,4,-27,-22,-25
36.308594,3,2179,2179,13,4,-27,-22,-25
36.312500,3,2179,2179,13,4,-27,-22,-25
36.316406,3,2179,2179,14,4,-27,-22,-24
36.320312,3,2179,2179,14,5,-27,-22,-24
36.324219,4,2179,2179,14,4,-26,-22,-24
36.328125,4,2179,2179,14,5,-27,-22,-24
36.332031,4,2179,2179,14,5,-26,-22,-24
36.335938,4,2179,2179,15,5,-26,-22,-24
36.339844,4,2179,2179,15,5,-26,-22,-24
36.343750,4,2179,2179,15,5,-27,-21,-24
36.347656,4,2179,2179,15,4,-26,-22,-24
36.351562,4,2179,2179,15,5,-26,-22,-24
36.355469,4,2179,2179,15,5,-26,-21,-24
36.359375,4,2179,2179,14,5,-26,-22,-24
36.363281,3,2179,2179,14,5,-27,-22,-24
36.367188,3,2179,2179,14,5,-26,-22,-24
36.371094,3,2179,2179,14,5,-27,-22,-25
36.375000,4,2179,2179,14,5,-26,-21,-25
36.378906,4,2179,2179,14,5,-27,-21,-25
36.382812,4,2179,2179,14,5,-31,-22,-25
36.386719,4,2179,2179,15,5,-26,-22,-24
36.390625,4,2179,2179,15,4,-26,-22,-24
36.394531,4,2179,2179,15,4,-27,-22,-24
36.398438,4,2179,2179,15,4,-27,-22,-24
36.402344,4,2179,2179,15,4,-27,-22,-24
36.406250,4,2179,2179,14,4,-27,-22,-24
36.410156,4,2179,2179,14,4,-27,-22,-24
36.414062,4,2179,2179,14,4,-27,-22,-25
36.417969,4,2179,2179,14,4,-27,-22,-25
36.421875,4,2179,2179,14,4,-27,-22,-25
36.425781,4,2179,2179,14,4,-27,-22,-25
36.429688,4,2179,2179,14,4,-27,-22,-25
36.433594,3,2179,2179,14,4,-27,-22,-24
36.437500,3,2179,2179,14,4,-27,-22,-24
36.441406,4,2179,2179,14,4,-27,-22,-24
36.445312,4,2179,2179,14,4,-27,-21,-24
36.449219,4,2179,2179,14,4,-27,-22,-24
36.453125,4,2179,2179,14,4,-27,-22,-24
36.457031,4,2179,2179,14,4,-27,-22,-25
36.460938,4,2179,2179,14,4,-27,-22,-24
36.464844,4,2179,2179,14,4,-27,-22,-24
36.468750,4,2179,2179,15,5,-27,-22,-24
36.472656,4,2179,2179,15,5,-27,-21,-24
36.476562,5,2179,2179,15,4,-27,-22,-24
36.480469,4,2179,2179,15,4,-27,-22,-24
36.484375,5,2179,2179,16,4,-27,-22,-24
36.488281,5,2179,2179,16,4,-27,-22,-24
36.492188,5,2179,2179,15,4,-27,-22,-24
36.496094,5,2179,2179,14,4,-27,-22,-24
36.500000,5,2179,2179,14,5,-27,-22,-24
36.503906,5,2179,2179,14,5,-27,-22,-24
36.507812,5,2179,2179,13,4,-20,-22,-24
36.511719,6,2179,2179,13,4,-27,-22,-24
36.515625,6,2179,2179,13,5,-27,-22,-24
36.519531,6,2179,2179,14,4,-27,-22,-24
36.523438,6,2179,2179,13,4,-27,-22,-24
36.527344,6,2179,2179,13,4,-27,-22,-24
36.531250,6,2179,2179,14,4,-27,-22,-24
36.535156,6,2179,2179,14,5,-26,-22,-24
36.539062,6,2179,2179,14,5,-26,-22,-24
36.542969,6,2179,2179,14,4,-26,-21,-24
36.546875,6,2179,2179,13,4,-26,-21,-24
36.550781,6,2179,2179,14,5,-26,-21,-24
36.554688,6,2179,2179,14,5,-27,-22,-24
36.558594,7,2179,2179,13,4,-27,-22,-24
36.562500,7,2179,2179,13,4,-26,-22,-24
36.566406,7,2179,2179,14,5,-27,-22,-24
36.570312,7,2179,2179,14,5,-26,-22,-24
36.574219,8,2179,2179,14,4,-27,-22,-24
36.578125,8,2179,2179,14,4,-27,-22,-24
36.582031,8,2179,2179,14,4,-27,-22,-24
36.585938,8,2179,2179,14,4,-27,-22,-24
36.589844,8,2179,2179,14,5,-27,-22,-24
36.593750,9,2179,2179,14,4,-27,-22,-24
36.597656,9,2179,2179,14,4,-27,-22,-24
36.601562,9,2179,2179,15,4,-27,-22,-24
36.605469,10,2179,2179,15,5,-27,-22,-24
36.609375,10,2179,2179,15,4,-27,-22,-24
36.613281,9,2179,2179,14,4,-27,-22,-24
36.617188,9,2179,2179,15,4,-27,-22,-24
36.621094,9,2179,2179,14,5,-27,-22,-24
36.625000,9,2179,2179,14,4,-27,-21,-24
36.628906,9,2179,2179,13,4,-27,-22,-24
36.632812,8,2179,2179,13,5,-34,-22,-24
36.636719,8,2179,2179,13,5,-27,-22,-24
36.640625,8,2179,2179,13,4,-27,-22,-24
36.644531,8,2179,2179,13,4,-27,-22,-24
36.648438,8,2179,2179,14,4,-27,-22,-24
36.652344,8,2179,2179,14,5,-26,-22,-24
36.656250,9,2179,2179,14,5,-27,-22,-24
36.660156,9,2179,2179,13,4,-27,-21,-24
36.664062,9,2179,2179,13,4,-27,-22,-24
36.667969,9,2179,2179,14,4,-27,-22,-24
36.671875,9,2179,2179,13,4,-26,-22,-24
36.675781,9,2179,2179,13,4,-27,-22,-24
36.679688,9,2179,2179,13,4,-27,-22,-25
36.683594,9,2179,2179,13,4,-27,-22,-25
36.687500,9,2179,2179,13,4,-27,-22,-24
36.691406,8,2179,2179,13,4,-27,-22,-24
36.695312,9,2179,2179,13,4,-27,-22,-24
36.699219,9,2179,2179,13,4,-27,-22,-25
36.703125,9,2179,2179,13,4,-27,-22,-25
36.707031,9,2179,2179,13,4,-27,-22,-25
36.710938,9,2179,2179,13,4,-27,-22,-24
36.714844,9,2179,2179,13,4,-27,-22,-25
36.718750,9,2179,2179,14,4,-27,-22,-24
36.722656,9,2179,2179,14,4,-27,-22,-24
36.726562,9,2179,2179,14,4,-27,-22,-24
36.730469,8,2179,2179,14,4,-26,-22,-24
36.734375,8,2179,2179,14,5,-27,-22,-24
36.738281,8,2179,2179,15,5,-27,-22,-24
36.742188,8,2179,2179,15,5,-27,-22,-24
36.746094,8,2179,2179,15,4,-26,-22,-24
36.750000,8,2179,2179,15,5,-26,-21,-24
36.753906,9,2179,2179,15,5,-26,-22,-24
36.757812,9,2179,2179,14,5,-22,-22,-24
36.761719,9,2179,2179,14,4,-26,-22,-24
36.765625,9,2179,2179,14,5,-26,-22,-24
36.769531,9,2179,2179,14,5,-26,-22,-24
36.773438,10,2179,2179,14,5,-26,-22,-24
36.777344,10,2179,2179,14,4,-26,-21,-24
36.781250,10,2179,2179,14,4,-27,-22,-25
36.785156,10,2179,2179,15,5,-27,-22,-25
36.789062,11,2179,2179,15,5,-27,-22,-24
36.792969,11,2179,2179,15,4,-27,-22,-24
36.796875,11,2179,2179,15,5,-27,-22,-25
36.800781,11,2179,2179,15,5,-27,-22,-25
36.804688,11,2179,2179,15,5,-27,-22,-24
36.808594,11,2179,2179,15,5,-27,-22,-24
36.812500,11,2179,2179,15,5,-27,-22,-24
36.816406,11,2179,2179,15,5,-27,-22,-24
36.820312,11,2179,2179,15,5,-27,-22,-24
36.824219,12,2179,2179,14,4,-27,-22,-24
36.828125,12,2179,2179,14,4,-27,-22,-24
36.832031,12,2179,2179,13,4,-27,-22,-24
36.835938,12,2179,2179,13,4,-27,-22,-24
36.839844,12,2179,2179,13,4,-27,-22,-24
36.843750,12,2179,2179,13,4,-26,-21,-24
36.847656,12,2179,2179,13,4,-27,-22,-24
36.851562,13,2179,2179,14,4,-26,-22,-24
36.855469,13,2179,2179,15,4,-26,-22,-24
36.859375,13,2179,2179,15,4,-26,-22,-24
36.863281,13,2179,2179,15,4,-27,-22,-24
36.867188,13,2179,2179,15,4,-27,-22,-24
36.871094,14,2179,2179,14,4,-27,-21,-24
36.875000,14,2179,2179,14,4,-27,-21,-24
36.878906,14,2179,2179,14,4,-27,-21,-24
36.882812,14,2179,2179,14,4,-31,-22,-24
36.886719,14,2179,2179,14,4,-27,-22,-25
36.890625,15,2179,2179,14,4,-27,-22,-25
36.894531,15,2179,2179,14,4,-27,-22,-25
36.898438,15,2179,2179,15,4,-27,-22,-25
36.902344,15,2179,2179,15,4,-27,-22,-25
36.906250,15,2179,2179,15,4,-27,-22,-25
36.910156,15,2179,2179,14,4,-27,-22,-25
36.914062,15,2179,2179,13,4,-27,-22,-25
36.917969,16,2179,2179,14,5,-27,-22,-25
36.921875,16,2179,2179,14,5,-27,-22,-25
36.925781,16,2179,2179,13,5,-27,-22,-25
36.929688,17,2179,2179,14,5,-27,-22,-24
36.933594,17,2179,2179,14,5,-27,-22,-24
36.937500,17,2179,2179,14,5,-27,-22,-24
36.941406,17,2179,2179,14,5,-26,-22,-24
36.945312,18,2179,2179,14,4,-26,-22,-24
36.949219,18,2179,2179,15,5,-26,-22,-24
36.953125,18,2179,2179,15,5,-26,-22,-24
36.957031,18,2179,2179,14,5,-26,-22,-24
36.960938,18,2179,2179,14,4,-27,-22,-24
36.964844,19,2179,2179,15,4,-27,-21,-24
36.968750,19,2179,2179,15,5,-27,-21,-24
36.972656,20,2179,2179,14,4,-27,-22,-24
36.976562,20,2179,2179,14,4,-27,-21,-24
36.980469,20,2179,2179,13,4,-26,-22,-24
36.984375,20,2179,2179,13,4,-27,-22,-24
36.988281,20,2179,2179,13,4,-26,-22,-24
36.992188,21,2179,2179,13,4,-27,-21,-24
36.996094,21,2179,2179,13,4,-27,-22,-24
37.000000,20,2179,2179,13,4,-27,-21,-24
37.003906,20,2179,2179,14,4,-27,-22,-24
37.007812,20,2179,2179,13,4,-27,-22,-24
37.011719,20,2179,2179,13,4,-27,-22,-24
37.015625,20,2179,2179,14,5,-27,-22,-24
37.019531,20,2179,2179,14,5,-27,-22,-24
37.023438,20,2179,2179,14,5,-27,-22,-24
37.027344,20,2179,2179,13,4,-27,-22,-24
37.031250,20,2179,2179,13,4,-27,-22,-24
37.035156,20,2179,2179,13,4,-27,-22,-24
37.039062,20,2179,2179,14,5,-26,-21,-24
37.042969,20,2179,2179,13,4,-26,-21,-24
37.046875,20,2179,2179,13,4,-26,-21,-24
37.050781,20,2179,2179,14,4,-26,-22,-24
37.054688,20,2179,2179,14,4,-26,-21,-24
37.058594,21,2179,2179,13,4,-26,-21,-24
37.062500,21,2179,2179,13,4,-26,-21,-24
37.066406,20,2179,2179,14,4,-27,-22,-24
37.070312,20,2179,2179,14,4,-27,-22,-24
37.074219,21,2179,2179,14,4,-27,-22,-24
37.078125,21,2179,2179,15,4,-27,-22,-24
37.082031,21,2179,2179,15,4,-27,-22,-24
37.085938,21,2179,2179,15,4,-27,-22,-24
37.089844,21,2179,2179,15,4,-27,-22,-24
37.093750,22,2179,2179,15,4,-27,-22,-24
37.097656,22,2179,2179,15,4,-27,-22,-24
37.101562,22,2179,2179,15,5,-27,-22,-24
37.105469,23,2179,2179,14,5,-27,-22,-24
37.109375,23,2179,2179,14,4,-27,-22,-24
37.113281,23,2179,2179,14,5,-27,-22,-24
37.117188,23,2179,2179,15,5,-27,-22,-24
37.121094,23,2179,2179,15,5,-27,-22,-24
37.125000,24,2179,2179,14,5,-26,-21,-24
37.128906,24,2179,2179,15,5,-26,-22,-24
37.132812,24,2179,2179,15,5,-26,-22,-24
37.136719,24,2179,2179,15,5,-27,-22,-24
37.140625,25,2179,2179,14,4,-26,-21,-24
37.144531,26,2179,2179,14,4,-26,-21,-24
37.148438,26,2179,2179,14,4,-26,-21,-24
37.152344,27,2179,2179,14,5,-27,-21,-24
37.156250,28,2179,2179,14,5,-27,-21,-24
37.160156,29,2179,2179,13,4,-27,-22,-24
37.164062,29,2179,2179,14,4,-26,-21,-24
37.167969,29,2179,2179,14,5,-26,-21,-24
37.171875,30,2179,2179,14,5,-27,-21,-24
37.175781,30,2179,2179,14,4,-27,-21,-25
37.179688,31,2179,2179,15,4,-27,-22,-25
37.183594,30,2179,2179,15,5,-27,-22,-25
37.187500,31,2179,2179,15,5,-27,-22,-25
37.191406,31,2179,2179,15,4,-27,-22,-25
37.195312,32,2179,2179,15,4,-27,-22,-24
37.199219,31,2179,2179,15,5,-27,-22,-25
37.203125,31,2179,2179,15,5,-27,-22,-25
37.207031,32,2179,2179,15,5,-27,-22,-24
37.210938,32,2179,2179,15,5,-27,-22,-24
37.214844,32,2179,2179,15,5,-27,-22,-24
37.218750,32,2179,2179,15,5,-27,-22,-24
37.222656,32,2179,2179,15,5,-27,-22,-25
37.226562,32,2179,2179,15,5,-27,-22,-24
37.230469,32,2179,2179,15,5,-27,-22,-24
37.234375,32,2179,2179,15,5,-27,-22,-24
37.238281,32,2179,2179,15,5,-27,-22,-24
37.242188,32,2179,2179,15,4,-27,-21,-24
37.246094,32,2179,2179,15,4,-27,-21,-24
37.250000,32,2179,2179,15,5,-27,-21,-24
37.253906,33,2179,2179,15,4,-27,-22,-24
37.257812,33,2179,2179,15,4,-27,-22,-24
37.261719,33,2179,2179,16,4,-26,-22,-24
37.265625,33,2179,2179,16,4,-26,-22,-24
37.269531,33,2179,2179,16,4,-26,-22,-24
37.273438,34,2179,2179,15,4,-26,-22,-25
37.277344,34,2179,2179,15,3,-26,-22,-25
37.281250,34,2179,2179,14,4,-27,-22,-25
37.285156,34,2179,2179,14,4,-27,-22,-25
37.289062,35,2179,2179,14,4,-27,-22,-25
37.292969,35,2179,2179,13,4,-27,-22,-25
37.296875,35,2179,2179,13,4,-27,-22,-25
37.300781,35,2179,2179,13,4,-27,-22,-25
37.304688,35,2179,2179,14,4,-27,-22,-24
37.308594,35,2179,2179,14,4,-27,-22,-24
37.312500,35,2179,2179,14,4,-27,-22,-24
37.316406,35,2179,2179,15,5,-27,-22,-25
37.320312,35,2179,2179,16,5,-26,-22,-25
37.324219,36,2179,2179,16,5,-27,-22,-24
37.328125,36,2179,2179,16,5,-27,-22,-24
37.332031,36,2179,2179,16,5,-27,-22,-24
37.335938,36,2179,2179,16,5,-27,-22,-24
37.339844,37,2179,2179,16,5,-27,-21,-24
37.343750,37,2179,2179,15,4,-26,-21,-24
37.347656,37,2179,2179,15,5,-26,-22,-24
37.351562,37,2179,2179,15,5,-26,-22,-24
37.355469,37,2179,2179,15,5,-26,-22,-24
37.359375,38,2179,2179,15,5,-27,-22,-24
37.363281,38,2179,2179,15,5,-27,-22,-24
37.367188,38,2179,2179,16,5,-26,-21,-24
37.371094,38,2179,2179,16,5,-26,-22,-24
37.375000,39,2179,2179,16,4,-27,-21,-24
37.378906,39,2179,2179,16,4,-27,-22,-24
37.382812,38,2179,2179,16,5,-27,-22,-24
37.386719,38,2179,2179,16,5,-27,-22,-24
37.390625,38,2179,2179,16,4,-27,-22,-24
37.394531,38,2179,2179,15,4,-27,-22,-24
37.398438,38,2179,2179,16,4,-27,-22,-24
37.402344,38,2179,2179,16,5,-27,-22,-24
37.406250,38,2179,2179,16,5,-27,-22,-24
37.410156,38,2179,2179,16,4,-27,-22,-24
37.414062,38,2179,2179,15,4,-27,-22,-25
37.417969,38,2179,2179,16,5,-27,-22,-24
37.421875,39,2179,2179,16,4,-27,-22,-24
37.425781,39,2179,2179,15,4,-27,-22,-24
37.429688,39,2179,2179,15,4,-27,-22,-24
37.433594,39,2179,2179,15,4,-27,-22,-24
37.437500,39,2179,2179,15,4,-27,-22,-24
37.441406,39,2179,2179,15,4,-26,-21,-24
37.445312,39,2179,2179,15,4,-26,-21,-24
37.449219,39,2179,2179,15,4,-26,-22,-24
37.453125,39,2179,2179,15,4,-26,-22,-24
37.457031,40,2179,2179,15,4,-26,-22,-24
37.460938,40,2179,2179,15,4,-27,-21,-24
37.464844,40,2179,2179,15,4,-26,-21,-24
37.468750,40,2179,2179,16,5,-27,-21,-24
37.472656,40,2179,2179,16,4,-27,-22,-24
37.476562,40,2179,2179,15,4,-27,-21,-24
37.480469,40,2179,2179,16,4,-27,-22,-24
37.484375,40,2179,2179,16,4,-27,-22,-25
37.488281,40,2179,2179,17,4,-27,-22,-24
37.492188,40,2179,2179,17,4,-27,-22,-24
37.496094,40,2179,2179,17,4,-27,-22,-24
37.500000,40,2179,2179,18,5,-27,-22,-24
37.503906,40,2179,2179,18,5,-27,-22,-24
37.507812,40,2179,2179,17,4,-27,-22,-24
37.511719,40,2179,2179,17,4,-27,-22,-24
37.515625,40,2179,2179,17,5,-27,-22,-24
37.519531,40,2179,2179,17,5,-27,-22,-25
37.523438,40,2179,2179,17,5,-27,-22,-24
37.527344,39,2179,2179,17,4,-27,-22,-24
37.531250,39,2179,2179,17,5,-27,-21,-24
37.535156,39,2179,2179,18,5,-27,-21,-24
37.539062,39,2179,2179,18,5,-26,-21,-24
37.542969,39,2179,2179,18,5,-26,-21,-24
37.546875,39,2179,2179,18,5,-27,-21,-24
37.550781,39,2179,2179,19,5,-26,-22,-24
37.554688,40,2179,2179,19,5,-27,-22,-24
37.558594,40,2179,2179,19,5,-27,-22,-24
37.562500,40,2179,2179,19,5,-27,-22,-24
37.566406,40,2179,2179,20,5,-27,-22,-24
37.570312,40,2179,2179,20,5,-26,-22,-24
37.574219,40,2179,2179,20,4,-26,-22,-24
37.578125,41,2179,2179,20,4,-27,-22,-25
37.582031,40,2179,2179,20,4,-27,-22,-24
37.585938,40,2179,2179,20,4,-27,-22,-25
37.589844,40,2179,2179,19,5,-27,-22,-24
37.593750,40,2179,2179,19,4,-27,-22,-24
37.597656,40,2179,2179,20,4,-27,-22,-25
37.601562,40,2179,2179,21,5,-27,-22,-25
37.605469,40,2179,2179,21,5,-27,-22,-25
37.609375,40,2179,2179,21,4,-27,-22,-24
37.613281,40,2179,2179,21,4,-27,-22,-24
37.617188,40,2179,2179,22,5,-27,-22,-24
37.621094,40,2179,2179,22,5,-27,-22,-24
37.625000,40,2179,2179,22,4,-27,-22,-24
37.628906,40,2179,2179,23,4,-27,-22,-24
37.632812,39,2179,2179,23,5,-27,-22,-24
37.636719,39,2179,2179,24,5,-27,-22,-24
37.640625,40,2179,2179,24,5,-27,-22,-24
37.644531,40,2179,2179,24,4,-27,-21,-24
37.648438,40,2179,2179,25,4,-26,-22,-24
37.652344,40,2179,2179,25,5,-27,-22,-24
37.656250,40,2179,2179,25,5,-26,-22,-24
37.660156,40,2179,2179,26,4,-27,-22,-24
37.664062,40,2179,2179,26,4,-27,-22,-24
37.667969,40,2179,2179,27,5,-27,-22,-24
37.671875,41,2179,2179,27,5,-27,-22,-24
37.675781,41,2179,2179,28,4,-27,-22,-24
37.679688,41,2179,2179,29,4,-27,-22,-25
37.683594,40,2179,2179,30,4,-27,-22,-25
37.687500,40,2179,2179,31,4,-27,-22,-25
37.691406,41,2179,2179,32,4,-27,-22,-24
37.695312,41,2179,2179,33,4,-27,-22,-25
37.699219,41,2179,2179,34,4,-27,-22,-24
37.703125,41,2179,2179,34,4,-27,-22,-25
37.707031,42,2179,2179,35,4,-27,-22,-24
37.710938,42,2179,2179,35,4,-27,-22,-24
37.714844,41,2179,2179,35,4,-27,-22,-25
37.718750,41,2179,2179,37,4,-27,-22,-24
37.722656,41,2179,2179,38,4,-27,-22,-25
37.726562,41,2179,2179,39,4,-27,-22,-24
37.730469,41,2179,2179,41,4,-26,-22,-24
37.734375,41,2179,2179,43,5,-26,-22,-24
37.738281,41,2179,2179,45,5,-26,-22,-24
37.742188,41,2179,2179,46,4,-26,-21,-24
37.746094,42,2179,2179,48,4,-26,-21,-24
37.750000,42,2179,2179,50,5,-26,-23,-24
37.753906,42,2179,2179,51,5,-27,-21,-24
37.757812,42,2179,2179,52,4,-26,-22,-24
37.761719,42,2179,2179,53,4,-27,-21,-24
37.765625,42,2179,2179,54,5,-27,-22,-24
37.769531,41,2179,2179,55,5,-26,-22,-24
37.773438,42,2179,2179,56,5,-27,-22,-24
37.777344,42,2179,2179,58,5,-27,-22,-24
37.781250,42,2179,2179,60,5,-27,-22,-25
37.785156,42,2179,2179,63,5,-27,-22,-25
37.789062,42,2179,2179,65,5,-27,-22,-25
37.792969,43,2179,2179,66,5,-27,-22,-25
37.796875,43,2179,2179,68,4,-27,-22,-25
37.800781,43,2179,2179,70,5,-27,-22,-25
37.804688,43,2179,2179,72,5,-27,-22,-25
37.808594,43,2179,2179,73,4,-27,-22,-25
37.812500,42,2179,2179,75,4,-27,-22,-25
37.816406,42,2179,2179,78,5,-27,-22,-24
37.820312,42,2179,2179,80,4,-27,-22,-24
37.824219,42,2179,2179,82,4,-27,-22,-24
37.828125,42,2179,2179,84,4,-26,-22,-24
37.832031,42,2179,2179,86,4,-26,-22,-24
37.835938,42,2179,2179,88,4,-26,-22,-24
37.839844,42,2179,2179,90,4,-26,-21,-24
37.843750,42,2179,2179,92,4,-26,-21,-24
37.847656,42,2179,2179,94,4,-26,-21,-24
37.851562,42,2179,2179,96,4,-26,-21,-24
37.855469,42,2179,2179,97,4,-26,-22,-24
37.859375,42,2179,2179,99,4,-26,-22,-24
37.863281,42,2179,2179,100,4,-27,-21,-24
37.867188,42,2179,2179,102,4,-27,-22,-24
37.871094,42,2179,2179,104,4,-26,-22,-24
37.875000,43,2179,2179,105,3,-26,-22,-24
37.878906,43,2179,2179,107,4,-27,-22,-24
37.882812,42,2179,2179,110,4,-27,-22,-24
37.886719,42,2179,2179,112,4,-27,-22,-24
37.890625,43,2179,2179,113,4,-27,-22,-24
37.894531,42,2179,2179,115,4,-27,-22,-24
37.898438,42,2179,2179,117,4,-27,-22,-24
37.902344,42,2179,2179,119,4,-27,-22,-24
37.906250,42,2179,2179,121,5,-27,-22,-24
37.910156,42,2179,2179,122,4,-27,-22,-24
37.914062,41,2179,2179,123,4,-27,-22,-24
37.917969,41,2179,2179,125,5,-27,-22,-24
37.921875,41,2179,2179,125,5,-27,-22,-24
37.925781,41,2179,2179,126,4,-27,-22,-24
37.929688,41,2179,2179,126,4,-27,-22,-24
37.933594,40,2179,2179,127,5,-27,-22,-24
37.937500,40,2179,2179,128,5,-27,-22,-24
37.941406,41,2179,2179,129,5,-27,-21,-24
37.945312,41,2179,2179,131,5,-27,-22,-24
37.949219,40,2179,2179,133,5,-27,-21,-24
37.953125,41,2179,2179,134,5,-27,-22,-24
37.957031,41,2179,2179,135,5,-27,-22,-24
37.960938,41,2179,2179,136,5,-26,-22,-24
37.964844,41,2179,2179,136,4,-26,-22,-24
37.968750,41,2179,2179,138,5,-26,-22,-24
37.972656,41,2179,2179,138,5,-26,-22,-24
37.976562,42,2179,2179,139,4,-26,-22,-24
37.980469,42,2179,2179,140,4,-27,-22,-24
37.984375,42,2179,2179,142,4,-27,-22,-25
37.988281,42,2179,2179,143,5,-27,-22,-24
37.992188,42,2179,2179,143,4,-27,-22,-23
37.996094,42,2179,2179,144,4,-27,-22,-24
38.000000,42,2179,2179,145,5,-27,-22,-25
38.003906,42,2179,2179,145,5,-26,-22,-24
38.007812,43,2179,2179,144,4,-27,-22,-25
38.011719,43,2179,2179,144,4,-27,-22,-24
38.015625,42,2179,2179,145,5,-27,-22,-24
38.019531,42,2179,2179,146,5,-27,-22,-24
38.023438,42,2179,2179,147,4,-27,-22,-24
38.027344,42,2179,2179,149,5,-27,-22,-24
38.031250,41,2179,2179,150,5,-27,-22,-24
38.035156,41,2179,2179,152,5,-27,-22,-24
38.039062,42,2179,2179,153,5,-26,-21,-24
38.042969,42,2179,2179,154,4,-26,-21,-24
38.046875,42,2179,2179,155,4,-26,-21,-24
38.050781,42,2179,2179,155,4,-26,-21,-24
38.054688,42,2179,2179,155,4,-26,-21,-24
38.058594,42,2179,2179,155,4,-26,-21,-24
38.062500,42,2179,2179,154,4,-27,-21,-24
38.066406,41,2179,2179,155,4,-26,-22,-24
38.070312,41,2179,2179,155,4,-26,-21,-24
38.074219,41,2179,2179,156,4,-26,-21,-24
38.078125,41,2179,2179,157,4,-26,-22,-24
38.082031,41,2179,2179,158,4,-26,-22,-24
38.085938,41,2179,2179,159,4,-27,-22,-24
38.089844,41,2179,2179,159,4,-27,-22,-24
38.093750,41,2179,2179,160,4,-27,-22,-25
38.097656,41,2179,2179,160,4,-27,-22,-24
38.101562,41,2179,2179,161,5,-27,-22,-25
38.105469,41,2179,2179,161,5,-27,-22,-24
38.109375,41,2179,2179,162,4,-27,-22,-24
38.113281,40,2179,2179,162,4,-27,-22,-24
38.117188,40,2179,2179,163,5,-27,-22,-24
38.121094,40,2179,2179,164,4,-26,-22,-24
38.125000,40,2179,2179,164,4,-26,-22,-24
38.128906,40,2179,2179,164,4,-26,-22,-24
38.132812,40,2179,2179,165,5,-26,-21,-24
38.136719,40,2179,2179,165,5,-26,-21,-24
38.140625,40,2179,2179,165,4,-26,-21,-24
38.144531,40,2179,2179,165,4,-26,-22,-24
38.148438,40,2179,2179,166,4,-27,-22,-24
38.152344,40,2179,2179,167,5,-26,-22,-24
38.156250,40,2179,2179,167,5,-26,-22,-24
38.160156,40,2179,2179,167,4,-27,-22,-24
38.164062,39,2179,2179,168,4,-27,-22,-24
38.167969,39,2179,2179,168,5,-27,-22,-24
38.171875,40,2179,2179,168,5,-27,-22,-24
38.175781,40,2179,2179,168,4,-27,-22,-24
38.179688,40,2179,2179,169,5,-27,-22,-24
38.183594,40,2179,2179,169,5,-27,-22,-24
38.187500,40,2179,2179,169,5,-27,-22,-24
38.191406,41,2179,2179,169,5,-27,-22,-24
38.195312,41,2179,2179,169,5,-27,-22,-24
38.199219,40,2179,2179,170,5,-27,-22,-25
38.203125,40,2179,2179,170,5,-27,-22,-24
38.207031,40,2179,2179,170,5,-27,-22,-24
38.210938,40,2179,2179,170,5,-27,-22,-24
38.214844,40,2179,2179,170,5,-27,-22,-24
38.218750,39,2179,2179,171,5,-27,-22,-24
38.222656,39,2179,2179,172,5,-26,-22,-24
38.226562,39,2179,2179,172,5,-26,-22,-24
38.230469,39,2179,2179,172,5,-26,-22,-24
38.234375,39,2179,2179,172,5,-27,-22,-24
38.238281,39,2179,2179,172,5,-26,-22,-24
38.242188,39,2179,2179,172,4,-27,-22,-23
38.246094,39,2179,2179,172,4,-27,-22,-24
38.250000,39,2179,2179,172,5,-26,-22,-24
38.253906,39,2179,2179,172,4,-27,-22,-24
38.257812,39,2179,2179,172,4,-27,-22,-24
38.261719,39,2179,2179,172,4,-27,-22,-24
38.265625,39,2179,2179,172,4,-27,-22,-24
38.269531,39,2179,2179,172,4,-27,-22,-24
38.273438,39,2179,2179,172,4,-27,-22,-24
38.277344,39,2179,2179,173,4,-27,-22,-24
38.281250,39,2179,2179,173,4,-27,-22,-24
38.285156,39,2179,2179,174,4,-27,-22,-25
38.289062,39,2179,2179,175,4,-27,-22,-24
38.292969,39,2179,2179,175,4,-27,-22,-25
38.296875,39,2179,2179,176,4,-27,-22,-25
38.300781,39,2179,2179,177,4,-27,-22,-25
38.304688,39,2179,2179,177,4,-27,-22,-24
38.308594,39,2179,2179,176,4,-27,-22,-24
38.312500,39,2179,2179,176,4,-27,-22,-24
38.316406,38,2179,2179,176,5,-27,-22,-24
38.320312,38,2179,2179,176,5,-27,-22,-24
38.324219,38,2179,2179,176,4,-26,-22,-24
38.328125,38,2179,2179,176,4,-27,-22,-24
38.332031,38,2179,2179,177,4,-27,-22,-24
38.335938,38,2179,2179,177,5,-26,-22,-24
38.339844,38,2179,2179,177,5,-26,-22,-24
38.343750,38,2179,2179,177,4,-26,-21,-24
38.347656,38,2179,2179,177,5,-26,-22,-24
38.351562,38,2179,2179,177,5,-26,-22,-24
38.355469,38,2179,2179,177,5,-26,-22,-24
38.359375,38,2179,2179,177,5,-26,-22,-24
38.363281,37,2179,2179,177,5,-27,-22,-24
38.367188,37,2179,2179,178,5,-27,-22,-25
38.371094,37,2179,2179,178,5,-27,-22,-24
38.375000,38,2179,2179,178,4,-27,-22,-24
38.378906,38,2179,2179,178,5,-27,-22,-24
38.382812,37,2179,2179,178,5,-27,-22,-24
38.386719,37,2179,2179,178,5,-27,-22,-24
38.390625,38,2179,2179,177,4,-27,-22,-24
38.394531,37,2179,2179,177,4,-27,-22,-24
38.398438,37,2179,2179,177,5,-27,-22,-24
38.402344,37,2179,2179,178,5,-27,-22,-24
38.406250,37,2179,2179,178,5,-27,-22,-24
38.410156,37,2179,2179,178,4,-27,-22,-24
38.414062,36,2179,2179,179,4,-27,-22,-24
38.417969,36,2179,2179,179,4,-27,-22,-25
38.421875,36,2179,2179,180,4,-27,-22,-25
38.425781,36,2179,2179,179,4,-27,-22,-24
38.429688,36,2179,2179,179,4,-27,-22,-24
38.433594,36,2179,2179,179,4,-27,-22,-24
38.437500,36,2179,2179,179,4,-26,-22,-24
38.441406,36,2179,2179,178,4,-27,-22,-24
38.445312,36,2179,2179,178,4,-27,-22,-24
38.449219,36,2179,2179,179,4,-27,-22,-24
38.453125,36,2179,2179,179,4,-26,-21,-24
38.457031,36,2179,2179,180,4,-26,-22,-24
38.460938,36,2179,2179,180,4,-26,-21,-24
38.464844,35,2179,2179,181,4,-26,-21,-24
38.468750,35,2179,2179,182,5,-26,-22,-24
38.472656,35,2179,2179,181,4,-27,-22,-24
38.476562,35,2179,2179,181,4,-27,-22,-24
38.480469,35,2179,2179,180,4,-27,-22,-25
38.484375,35,2179,2179,180,4,-27,-22,-25
38.488281,35,2179,2179,180,4,-27,-22,-24
38.492188,35,2179,2179,179,4,-27,-22,-25
38.496094,35,2179,2179,179,4,-27,-22,-24
38.500000,34,2179,2179,179,5,-27,-22,-24
38.503906,34,2179,2179,179,5,-27,-22,-24
38.507812,34,2179,2179,179,4,-27,-22,-24
38.511719,34,2179,2179,179,4,-27,-22,-24
38.515625,34,2179,2179,180,4,-27,-22,-24
38.519531,34,2179,2179,180,4,-27,-22,-24
38.523438,34,2179,2179,180,4,-27,-22,-24
38.527344,34,2179,2179,181,4,-27,-21,-24
38.531250,34,2179,2179,181,4,-27,-22,-24
38.535156,34,2179,2179,182,5,-26,-22,-24
38.539062,34,2179,2179,182,5,-26,-21,-24
38.542969,34,2179,2179,182,4,-26,-22,-24
38.546875,34,2179,2179,182,4,-27,-21,-25
38.550781,34,2179,2179,182,5,-27,-22,-24
38.554688,34,2179,2179,182,5,-27,-21,-24
38.558594,34,2179,2179,181,5,-27,-22,-24
38.562500,34,2179,2179,181,4,-27,-22,-24
38.566406,34,2179,2179,181,5,-27,-22,-24
38.570312,34,2179,2179,180,5,-27,-22,-24
38.574219,34,2179,2179,180,4,-27,-22,-24
38.578125,34,2179,2179,180,4,-27,-22,-24
38.582031,34,2179,2179,181,4,-27,-22,-25
38.585938,34,2179,2179,182,4,-27,-22,-24
38.589844,34,2179,2179,182,5,-27,-22,-25
38.593750,34,2179,2179,182,4,-27,-22,-24
38.597656,33,2179,2179,182,4,-27,-22,-24
38.601562,33,2179,2179,182,5,-27,-22,-24
38.605469,33,2179,2179,181,5,-27,-22,-24
38.609375,33,2179,2179,181,5,-27,-22,-24
38.613281,33,2179,2179,181,4,-27,-22,-25
38.617188,32,2179,2179,181,5,-27,-22,-26
38.621094,32,2179,2179,182,5,-27,-22,-24
38.625000,32,2179,2179,182,5,-26,-22,-24
38.628906,32,2179,2179,183,5,-27,-22,-24
38.632812,32,2179,2179,183,5,-26,-22,-24
38.636719,32,2179,2179,184,5,-27,-21,-24
38.640625,32,2179,2179,183,5,-26,-22,-24
38.644531,33,2179,2179,183,4,-26,-22,-24
38.648438,32,2179,2179,183,5,-27,-21,-24
38.652344,33,2179,2179,182,5,-27,-22,-24
38.656250,33,2179,2179,182,5,-27,-21,-24
38.660156,33,2179,2179,181,4,-26,-21,-24
38.664062,33,2179,2179,181,4,-27,-22,-24
38.667969,33,2179,2179,182,4,-27,-22,-24
38.671875,34,2179,2179,182,4,-27,-22,-24
38.675781,34,2179,2179,182,4,-27,-22,-24
38.679688,34,2179,2179,182,4,-27,-22,-24
38.683594,33,2179,2179,183,4,-27,-22,-24
38.687500,33,2179,2179,184,4,-27,-22,-25
38.691406,33,2179,2179,183,4,-27,-22,-24
38.695312,33,2179,2179,183,4,-27,-22,-24
38.699219,33,2179,2179,184,4,-27,-22,-24
38.703125,32,2179,2179,184,5,-27,-22,-24
38.707031,32,2179,2179,184,4,-27,-22,-25
38.710938,32,2179,2179,184,4,-27,-22,-24
38.714844,32,2179,2179,185,4,-27,-22,-24
38.718750,31,2179,2179,184,5,-27,-22,-24
38.722656,31,2179,2179,184,4,-26,-22,-24
38.726562,31,2179,2179,183,4,-27,-22,-24
38.730469,31,2179,2179,182,4,-27,-22,-24
38.734375,31,2179,2179,182,4,-27,-22,-24
38.738281,31,2179,2179,181,5,-27,-21,-24
38.742188,31,2179,2179,181,4,-26,-21,-24
38.746094,30,2179,2179,181,4,-26,-21,-24
38.750000,30,2179,2179,182,5,-26,-21,-24
38.753906,29,2179,2179,182,5,-26,-22,-24
38.757812,29,2179,2179,183,5,-26,-22,-24
38.761719,29,2179,2179,183,5,-26,-22,-24
38.765625,28,2179,2179,184,5,-26,-22,-25
38.769531,27,2179,2179,183,5,-26,-22,-24
38.773438,27,2179,2179,183,5,-27,-22,-25
38.777344,27,2179,2179,183,5,-27,-22,-24
38.781250,26,2179,2179,182,5,-27,-22,-25
38.785156,25,2179,2179,182,5,-27,-22,-25
38.789062,25,2179,2179,181,5,-27,-22,-25
38.792969,24,2179,2179,179,5,-27,-22,-24
38.796875,24,2179,2179,175,5,-27,-22,-24
38.800781,23,2179,2179,168,5,-27,-22,-25
38.804688,23,2179,2179,157,5,-27,-22,-24
38.808594,22,2179,2179,142,5,-27,-22,-25
38.812500,21,2179,2179,124,4,-27,-22,-24
38.816406,20,2179,2179,105,5,-27,-22,-24
38.820312,19,2179,2179,87,5,-27,-22,-24
38.824219,19,2179,2179,72,4,-27,-22,-24
38.828125,19,2179,2179,62,4,-27,-22,-24
38.832031,18,2179,2179,56,3,-27,-22,-24
38.835938,18,2179,2179,53,4,-27,-22,-24
38.839844,18,2179,2179,51,4,-27,-22,-24
38.843750,17,2179,2179,49,4,-26,-22,-24
38.847656,17,2179,2179,45,4,-26,-22,-24
38.851562,17,2179,2179,40,4,-27,-21,-24
38.855469,17,2179,2179,35,4,-27,-22,-24
38.859375,17,2179,2179,29,4,-27,-22,-24
38.863281,16,2179,2179,24,4,-27,-22,-24
38.867188,17,2179,2179,22,4,-27,-22,-24
38.871094,17,2179,2179,20,4,-27,-22,-25
38.875000,17,2179,2179,20,4,-27,-22,-24
38.878906,17,2179,2179,20,3,-27,-22,-24
38.882812,17,2179,2179,21,4,-27,-22,-24
38.886719,17,2179,2179,21,4,-27,-22,-24
38.890625,17,2179,2179,20,4,-27,-22,-24
38.894531,17,2179,2179,19,4,-27,-22,-24
38.898438,17,2179,2179,19,4,-27,-22,-24
38.902344,16,2179,2179,18,5,-27,-22,-24
38.906250,16,2179,2179,18,5,-27,-22,-24
38.910156,16,2179,2179,18,5,-27,-22,-24
38.914062,15,2179,2179,17,4,-27,-22,-24
38.917969,15,2179,2179,18,5,-27,-22,-24
38.921875,15,2179,2179,18,5,-26,-22,-24
38.925781,15,2179,2179,17,5,-27,-22,-24
38.929688,15,2179,2179,17,5,-27,-22,-24
38.933594,15,2179,2179,17,5,-26,-22,-24
38.937500,15,2179,2179,16,5,-26,-22,-24
38.941406,16,2179,2179,16,5,-26,-22,-24
38.945312,16,2179,2179,16,5,-26,-22,-24
38.949219,15,2179,2179,16,5,-27,-22,-24
38.953125,15,2179,2179,16,5,-26,-22,-24
38.957031,15,2179,2179,16,4,-26,-22,-24
38.960938,15,2179,2179,15,4,-27,-21,-24
38.964844,14,2179,2179,16,4,-27,-22,-24
38.968750,14,2179,2179,16,5,-26,-21,-24
38.972656,14,2179,2179,16,5,-27,-22,-24
38.976562,14,2179,2179,15,4,-27,-22,-24
38.980469,14,2179,2179,15,4,-26,-22,-24
38.984375,14,2179,2179,16,5,-27,-22,-24
38.988281,15,2179,2179,16,5,-27,-22,-25
38.992188,14,2179,2179,15,4,-27,-22,-25
38.996094,14,2179,2179,15,5,-27,-22,-24
39.000000,14,2179,2179,16,5,-27,-22,-24
39.003906,14,2179,2179,16,5,-27,-22,-24
39.007812,13,2179,2179,16,5,-27,-22,-24
39.011719,13,2179,2179,15,5,-27,-22,-24
39.015625,13,2179,2179,16,5,-27,-22,-24
39.019531,12,2179,2179,16,5,-27,-22,-24
39.023438,13,2179,2179,15,5,-27,-22,-24
39.027344,13,2179,2179,16,4,-27,-22,-24
39.031250,12,2179,2179,15,4,-26,-21,-24
39.035156,12,2179,2179,16,5,-26,-21,-24
39.039062,13,2179,2179,16,5,-26,-21,-24
39.042969,13,2179,2179,15,4,-26,-22,-24
39.046875,12,2179,2179,15,4,-26,-22,-24
39.050781,12,2179,2179,15,5,-27,-22,-24
39.054688,13,2179,2179,15,4,-27,-22,-24
39.058594,12,2179,2179,14,4,-27,-22,-24
39.062500,13,2179,2179,14,4,-27,-22,-24
39.066406,12,2179,2179,14,4,-27,-22,-24
39.070312,13,2179,2179,14,4,-26,-22,-24
39.074219,13,2179,2179,14,4,-26,-22,-25
39.078125,13,2179,2179,15,4,-27,-21,-25
39.082031,13,2179,2179,15,3,-26,-22,-25
39.085938,13,2179,2179,16,4,-27,-22,-25
39.089844,13,2179,2179,16,4,-27,-22,-25
39.093750,12,2179,2179,16,4,-27,-22,-25
39.097656,12,2179,2179,16,4,-27,-22,-24
39.101562,12,2179,2179,16,5,-27,-22,-24
39.105469,12,2179,2179,16,5,-27,-22,-24
39.109375,11,2179,2179,15,4,-27,-22,-24
39.113281,11,2179,2179,15,4,-27,-22,-24
39.117188,11,2179,2179,15,4,-27,-22,-24
39.121094,11,2179,2179,16,4,-26,-22,-24
39.125000,11,2179,2179,15,4,-26,-22,-24
39.128906,11,2179,2179,15,4,-27,-22,-24
39.132812,11,2179,2179,15,4,-26,-22,-24
39.136719,11,2179,2179,16,4,-26,-22,-24
39.140625,11,2179,2179,15,4,-26,-22,-24
39.144531,11,2179,2179,15,4,-26,-22,-24
39.148438,11,2179,2179,16,4,-26,-22,-24
39.152344,11,2179,2179,16,4,-26,-22,-24
39.156250,11,2179,2179,16,5,-27,-22,-24
39.160156,11,2179,2179,15,4,-27,-22,-24
39.164062,11,2179,2179,15,4,-27,-22,-24
39.167969,11,2179,2179,16,5,-27,-21,-24
39.171875,11,2179,2179,16,5,-27,-22,-24
39.175781,11,2179,2179,16,5,-27,-22,-24
39.179688,11,2179,2179,16,4,-27,-22,-25
39.183594,11,2179,2179,16,5,-27,-22,-24
39.187500,11,2179,2179,16,5,-27,-22,-24
39.191406,11,2179,2179,15,4,-27,-22,-24
39.195312,11,2179,2179,15,4,-27,-22,-24
39.199219,11,2179,2179,16,5,-27,-22,-24
39.203125,11,2179,2179,16,5,-27,-22,-24
39.207031,11,2179,2179,16,4,-27,-22,-24
39.210938,10,2179,2179,16,4,-27,-22,-24
39.214844,10,2179,2179,16,5,-27,-22,-24
39.218750,10,2179,2179,16,5,-27,-22,-24
39.222656,10,2179,2179,15,5,-26,-22,-24
39.226562,9,2179,2179,15,4,-26,-22,-24
39.230469,9,2179,2179,15,4,-26,-21,-24
39.234375,9,2179,2179,15,4,-26,-22,-24
39.238281,9,2179,2179,15,4,-26,-22,-24
39.242188,10,2179,2179,15,4,-26,-21,-24
39.246094,9,2179,2179,15,4,-27,-21,-24
39.250000,9,2179,2179,15,4,-27,-22,-24
39.253906,9,2179,2179,15,4,-27,-22,-24
39.257812,9,2179,2179,15,4,-27,-22,-24
39.261719,9,2179,2179,15,4,-27,-22,-24
39.265625,9,2179,2179,15,4,-26,-22,-24
39.269531,9,2179,2179,15,4,-27,-22,-25
39.273438,9,2179,2179,14,4,-27,-22,-24
39.277344,9,2179,2179,14,3,-27,-22,-24
39.281250,9,2179,2179,14,3,-27,-22,-24
39.285156,9,2179,2179,14,4,-27,-22,-24
39.289062,9,2179,2179,14,4,-27,-22,-24
39.292969,9,2179,2179,14,4,-27,-22,-24
39.296875,9,2179,2179,14,4,-27,-22,-24
39.300781,9,2179,2179,15,4,-27,-22,-24
39.304688,9,2179,2179,15,4,-27,-22,-24
39.308594,9,2179,2179,15,4,-27,-22,-24
39.312500,9,2179,2179,15,4,-27,-22,-24
39.316406,9,2179,2179,15,4,-27,-22,-24
39.320312,8,2179,2179,15,5,-27,-22,-24
39.324219,9,2179,2179,15,4,-26,-22,-24
39.328125,9,2179,2179,15,5,-26,-22,-24
39.332031,8,2179,2179,16,4,-26,-21,-24
39.335938,8,2179,2179,16,5,-26,-22,-24
39.339844,9,2179,2179,15,5,-26,-21,-24
39.343750,9,2179,2179,15,4,-26,-21,-24
39.347656,8,2179,2179,15,5,-27,-21,-24
39.351562,9,2179,2179,15,5,-27,-22,-24
39.355469,9,2179,2179,15,5,-27,-21,-24
39.359375,9,2179,2179,15,5,-26,-22,-24
39.363281,9,2179,2179,15,5,-27,-22,-24
39.367188,9,2179,2179,15,5,-27,-22,-24
39.371094,9,2179,2179,15,5,-27,-22,-24
39.375000,9,2179,2179,15,4,-27,-22,-24
39.378906,9,2179,2179,15,4,-27,-22,-24
39.382812,9,2179,2179,15,5,-27,-22,-25
39.386719,9,2179,2179,14,5,-27,-22,-25
39.390625,9,2179,2179,13,4,-27,-22,-25
39.394531,9,2179,2179,13,4,-27,-22,-24
39.398438,9,2179,2179,14,5,-27,-22,-25
39.402344,9,2179,2179,14,5,-27,-22,-25
39.406250,9,2179,2179,14,5,-27,-22,-24
39.410156,9,2179,2179,13,4,-27,-22,-24
39.414062,9,2179,2179,13,4,-27,-22,-24
39.417969,9,2179,2179,14,5,-27,-22,-24
39.421875,9,2179,2179,14,4,-27,-21,-24
39.425781,9,2179,2179,13,4,-26,-21,-24
39.429688,9,2179,2179,13,4,-26,-21,-24
39.433594,9,2179,2179,13,4,-26,-21,-24
39.437500,9,2179,2179,14,4,-26,-21,-24
39.441406,9,2179,2179,13,4,-26,-21,-24
39.445312,9,2179,2179,14,4,-26,-21,-24
39.449219,9,2179,2179,15,4,-27,-21,-24
39.453125,9,2179,2179,15,4,-27,-22,-24
39.457031,9,2179,2179,14,5,-27,-22,-24
39.460938,9,2179,2179,14,4,-27,-22,-24
39.464844,9,2179,2179,14,4,-27,-22,-24
39.468750,9,2179,2179,14,4,-27,-22,-25
39.472656,10,2179,2179,14,5,-27,-22,-25
39.476562,9,2179,2179,13,4,-27,-22,-24
39.480469,9,2179,2179,13,4,-27,-22,-24
39.484375,9,2179,2179,13,4,-27,-22,-24
39.488281,9,2179,2179,14,5,-27,-22,-25
39.492188,9,2179,2179,14,4,-27,-22,-24
39.496094,9,2179,2179,14,4,-27,-22,-24
39.500000,9,2179,2179,14,5,-27,-22,-24
39.503906,9,2179,2179,15,5,-27,-22,-24
39.507812,10,2179,2179,15,4,-27,-22,-24
39.511719,10,2179,2179,14,4,-27,-22,-24
39.515625,9,2179,2179,15,4,-27,-22,-24
39.519531,9,2179,2179,15,5,-27,-22,-24
39.523438,9,2179,2179,14,4,-27,-22,-24
39.527344,9,2179,2179,14,4,-26,-22,-24
39.531250,9,2179,2179,14,4,-26,-22,-24
39.535156,9,2179,2179,15,5,-26,-22,-24
39.539062,10,2179,2179,14,5,-27,-22,-24
39.542969,10,2179,2179,14,4,-26,-22,-24
39.546875,10,2179,2179,14,4,-27,-22,-24
39.550781,10,2179,2179,14,5,-26,-22,-24
39.554688,10,2179,2179,14,5,-26,-22,-24
39.558594,10,2179,2179,13,4,-26,-22,-24
39.562500,10,2179,2179,14,4,-26,-22,-24
39.566406,10,2179,2179,14,5,-26,-22,-24
39.570312,10,2179,2179,14,5,-27,-22,-24
39.574219,10,2179,2179,14,4,-25,-22,-24
39.578125,10,2179,2179,15,4,-27,-22,-24
39.582031,10,2179,2179,15,6,-27,-21,-24
39.585938,10,2179,2179,15,5,-27,-22,-25
39.589844,10,2179,2179,14,5,-27,-22,-24
39.593750,10,2179,2179,14,4,-27,-22,-25
39.597656,9,2179,2179,14,5,-27,-22,-25
39.601562,9,2179,2179,13,5,-27,-22,-25
39.605469,9,2179,2179,13,5,-27,-22,-24
39.609375,9,2179,2179,13,5,-27,-22,-24
39.613281,9,2179,2179,13,4,-27,-22,-24
39.617188,9,2179,2179,14,5,-27,-22,-24
39.621094,9,2179,2179,14,5,-27,-22,-24
39.625000,9,2179,2179,14,5,-27,-22,-24
39.628906,9,2179,2179,14,4,-26,-22,-24
39.632812,9,2179,2179,14,5,-26,-22,-24
39.636719,9,2179,2179,14,5,-26,-22,-24
39.640625,9,2179,2179,14,4,-26,-22,-24
39.644531,9,2179,2179,14,4,-27,-22,-24
39.648438,9,2179,2179,15,4,-27,-22,-24
39.652344,9,2179,2179,16,5,-27,-22,-24
39.656250,9,2179,2179,16,5,-27,-22,-24
39.660156,9,2179,2179,16,4,-27,-22,-24
39.664062,9,2179,2179,15,4,-27,-22,-24
39.667969,9,2179,2179,15,4,-27,-22,-25
39.671875,9,2179,2179,15,4,-27,-22,-24
39.675781,9,2179,2179,14,4,-27,-22,-24
39.679688,8,2179,2179,14,4,-27,-22,-25
39.683594,9,2179,2179,14,4,-27,-22,-24
39.687500,9,2179,2179,14,4,-27,-22,-25
39.691406,9,2179,2179,14,4,-27,-22,-25
39.695312,9,2179,2179,14,4,-27,-22,-25
39.699219,9,2179,2179,14,4,-29,-22,-24
39.703125,9,2179,2179,14,4,-27,-22,-24
39.707031,9,2179,2179,14,4,-27,-22,-24
39.710938,9,2179,2179,13,4,-27,-22,-24
39.714844,8,2179,2179,13,4,-27,-22,-24
39.718750,8,2179,2179,13,4,-27,-22,-24
39.722656,9,2179,2179,13,4,-27,-22,-24
39.726562,9,2179,2179,13,4,-26,-21,-24
39.730469,9,2179,2179,13,4,-26,-21,-24
39.734375,9,2179,2179,13,5,-26,-21,-24
39.738281,10,2179,2179,14,5,-26,-21,-24
39.742188,11,2179,2179,13,4,-26,-21,-24
39.746094,11,2179,2179,14,4,-26,-22,-24
39.750000,10,2179,2179,14,5,-27,-22,-24
39.753906,10,2179,2179,14,5,-27,-22,-24
39.757812,11,2179,2179,14,4,-27,-22,-24
39.761719,11,2179,2179,13,4,-27,-21,-24
39.765625,11,2179,2179,14,5,-27,-22,-24
39.769531,11,2179,2179,14,5,-27,-22,-24
39.773438,11,2179,2179,14,5,-27,-22,-24
39.777344,11,2179,2179,14,4,-27,-22,-24
39.781250,11,2179,2179,14,4,-27,-22,-24
39.785156,11,2179,2179,15,5,-27,-22,-25
39.789062,11,2179,2179,15,5,-27,-22,-24
39.792969,11,2179,2179,15,4,-27,-22,-24
39.796875,11,2179,2179,15,5,-27,-22,-25
39.800781,11,2179,2179,15,5,-27,-22,-24
39.804688,11,2179,2179,15,5,-27,-22,-24
39.808594,11,2179,2179,15,5,-27,-22,-24
39.812500,11,2179,2179,15,4,-27,-22,-25
39.816406,10,2179,2179,15,5,-27,-22,-24
39.820312,10,2179,2179,16,5,-26,-22,-24
39.824219,10,2179,2179,16,4,-22,-22,-24
39.828125,10,2179,2179,16,4,-27,-21,-24
39.832031,10,2179,2179,16,5,-27,-21,-24
39.835938,10,2179,2179,16,5,-27,-22,-24
39.839844,10,2179,2179,15,5,-26,-22,-24
39.843750,10,2179,2179,15,4,-27,-22,-24
39.847656,10,2179,2179,14,4,-27,-22,-24
39.851562,10,2179,2179,14,5,-27,-22,-25
39.855469,11,2179,2179,14,4,-27,-22,-24
39.859375,11,2179,2179,13,4,-27,-22,-24
39.863281,10,2179,2179,13,4,-27,-22,-24
39.867188,11,2179,2179,13,4,-27,-22,-25
39.871094,11,2179,2179,13,4,-27,-22,-25
39.875000,11,2179,2179,13,4,-27,-22,-25
39.878906,11,2179,2179,13,4,-27,-22,-25
39.882812,11,2179,2179,13,4,-27,-22,-24
39.886719,11,2179,2179,13,4,-27,-22,-24
39.890625,12,2179,2179,13,4,-27,-22,-24
39.894531,12,2179,2179,13,4,-27,-22,-25
39.898438,11,2179,2179,14,4,-27,-22,-24
39.902344,12,2179,2179,14,4,-27,-22,-24
39.906250,12,2179,2179,15,4,-27,-22,-24
39.910156,12,2179,2179,14,4,-27,-22,-24
39.914062,12,2179,2179,15,4,-27,-22,-24
39.917969,12,2179,2179,15,5,-27,-22,-24
39.921875,12,2179,2179,15,5,-26,-22,-24
39.925781,12,2179,2179,15,5,-27,-22,-24
39.929688,11,2179,2179,15,5,-27,-22,-24
39.933594,11,2179,2179,15,5,-27,-22,-24
39.937500,12,2179,2179,15,5,-26,-22,-24
39.941406,12,2179,2179,14,5,-26,-22,-24
39.945312,13,2179,2179,14,5,-26,-22,-24
39.949219,13,2179,2179,14,5,-31,-22,-24
39.953125,14,2179,2179,14,5,-27,-22,-24
39.957031,14,2179,2179,14,5,-26,-22,-24
39.960938,15,2179,2179,14,4,-26,-22,-24
39.964844,15,2179,2179,14,4,-27,-22,-24
39.968750,15,2179,2179,15,5,-27,-22,-24
39.972656,15,2179,2179,14,4,-27,-22,-24
39.976562,15,2179,2179,14,4,-26,-22,-24
39.980469,15,2179,2179,14,4,-27,-22,-25
39.984375,15,2179,2179,14,4,-27,-22,-24
39.988281,15,2179,2179,13,4,-27,-22,-25
39.992188,15,2179,2179,13,4,-26,-22,-25
39.996094,15,2179,2179,13,4,-26,-22,-25
40.000000,15,2179,2179,13,5,-27,-22,-24
40.003906,15,2179,2179,13,5,-27,-22,-24
40.007812,15,2179,2179,13,5,-27,-22,-24
40.011719,15,2179,2179,13,4,-27,-22,-24
40.015625,15,2179,2179,14,5,-27,-22,-24
40.019531,15,2179,2179,14,5,-26,-22,-24
40.023438,16,2179,2179,14,5,-26,-22,-24
40.027344,16,2179,2179,13,4,-27,-21,-24
40.031250,16,2179,2179,14,4,-27,-21,-24
40.035156,17,2179,2179,14,5,-26,-21,-24
40.039062,17,2179,2179,14,5,-26,-21,-24
40.042969,18,2179,2179,14,4,-26,-21,-24
40.046875,18,2179,2179,14,4,-26,-21,-24
40.050781,18,2179,2179,15,5,-26,-22,-24
40.054688,18,2179,2179,15,4,-26,-21,-24
40.058594,19,2179,2179,14,4,-26,-22,-24
40.062500,19,2179,2179,14,4,-26,-22,-24
40.066406,19,2179,2179,14,4,-27,-22,-25
40.070312,19,2179,2179,14,4,-27,-22,-24
40.074219,19,2179,2179,13,4,-20,-22,-24
40.078125,19,2179,2179,14,4,-27,-22,-24
40.082031,20,2179,2179,15,4,-27,-22,-25
40.085938,20,2179,2179,15,4,-27,-22,-25
40.089844,20,2179,2179,15,4,-27,-22,-24
40.093750,20,2179,2179,15,4,-27,-22,-24
40.097656,20,2179,2179,15,5,-27,-22,-24
40.101562,20,2179,2179,15,5,-27,-22,-24
40.105469,20,2179,2179,14,5,-27,-22,-24
40.109375,20,2179,2179,13,4,-27,-22,-24
40.113281,20,2179,2179,13,4,-27,-22,-24
40.117188,20,2179,2179,13,5,-27,-22,-24
40.121094,20,2179,2179,13,5,-27,-21,-24
40.125000,21,2179,2179,13,4,-27,-21,-24
40.128906,21,2179,2179,13,4,-27,-21,-24
40.132812,21,2179,2179,14,4,-27,-21,-24
40.136719,21,2179,2179,14,5,-27,-22,-24
40.140625,22,2179,2179,13,4,-26,-22,-24
40.144531,23,2179,2179,13,4,-26,-22,-24
40.148438,22,2179,2179,14,4,-27,-21,-24
40.152344,23,2179,2179,14,5,-26,-22,-24
40.156250,23,2179,2179,14,5,-27,-22,-24
40.160156,23,2179,2179,13,4,-27,-21,-24
40.164062,23,2179,2179,13,4,-27,-21,-24
40.167969,24,2179,2179,14,5,-27,-22,-24
40.171875,24,2179,2179,14,5,-27,-22,-24
40.175781,24,2179,2179,14,4,-27,-22,-24
40.179688,24,2179,2179,15,4,-27,-22,-24
40.183594,24,2179,2179,15,5,-27,-22,-24
40.187500,24,2179,2179,15,5,-27,-22,-24
40.191406,24,2179,2179,15,4,-27,-22,-25
40.195312,24,2179,2179,14,4,-27,-22,-24
40.199219,24,2179,2179,15,5,-34,-22,-24
40.203125,24,2179,2179,15,5,-27,-22,-24
40.207031,24,2179,2179,15,4,-27,-22,-24
40.210938,24,2179,2179,15,4,-27,-22,-24
40.214844,24,2179,2179,15,4,-27,-22,-24
40.218750,24,2179,2179,15,5,-27,-22,-24
40.222656,24,2179,2179,14,5,-27,-22,-24
40.226562,25,2179,2179,13,4,-27,-22,-24
40.230469,25,2179,2179,13,4,-27,-22,-24
40.234375,25,2179,2179,13,5,-27,-22,-24
40.238281,25,2179,2179,13,5,-26,-22,-24
40.242188,25,2179,2179,13,4,-26,-21,-24
40.246094,25,2179,2179,13,4,-27,-22,-24
40.250000,25,2179,2179,14,4,-27,-22,-24
40.253906,25,2179,2179,14,4,-27,-22,-24
40.257812,26,2179,2179,14,4,-27,-22,-24
40.261719,26,2179,2179,14,4,-27,-22,-24
40.265625,26,2179,2179,14,4,-27,-22,-25
40.269531,26,2179,2179,14,4,-27,-22,-25
40.273438,26,2179,2179,14,4,-26,-22,-25
40.277344,26,2179,2179,14,4,-26,-22,-25
40.281250,26,2179,2179,13,4,-26,-22,-25
40.285156,26,2179,2179,14,4,-27,-22,-24
40.289062,26,2179,2179,13,4,-27,-22,-24
40.292969,26,2179,2179,13,4,-27,-22,-24
40.296875,26,2179,2179,13,4,-27,-22,-24
40.300781,27,2179,2179,13,4,-27,-22,-24
40.304688,27,2179,2179,14,4,-27,-22,-24
40.308594,27,2179,2179,13,4,-27,-22,-24
40.312500,27,2179,2179,13,4,-27,-22,-24
40.316406,27,2179,2179,14,5,-27,-21,-24
40.320312,28,2179,2179,14,5,-26,-22,-24
40.324219,28,2179,2179,14,4,-22,-22,-24
40.328125,28,2179,2179,14,4,-26,-22,-24
40.332031,28,2179,2179,14,5,-27,-22,-24
40.335938,29,2179,2179,14,5,-27,-22,-24
40.339844,29,2179,2179,14,5,-27,-22,-24
40.343750,29,2179,2179,14,5,-27,-21,-24
40.347656,29,2179,2179,14,5,-27,-22,-24
40.351562,29,2179,2179,14,5,-27,-22,-24
40.355469,30,2179,2179,14,5,-26,-22,-24
40.359375,30,2179,2179,14,4,-26,-22,-24
40.363281,31,2179,2179,14,4,-26,-22,-24
40.367188,31,2179,2179,15,5,-27,-22,-25
40.371094,31,2179,2179,15,5,-27,-22,-24
40.375000,31,2179,2179,15,4,-27,-22,-25
40.378906,31,2179,2179,14,5,-27,-22,-24
40.382812,31,2179,2179,14,5,-27,-22,-24
40.386719,31,2179,2179,14,5,-27,-22,-24
40.390625,32,2179,2179,13,5,-27,-22,-24
40.394531,32,2179,2179,13,5,-27,-22,-24
40.398438,32,2179,2179,14,5,-27,-22,-24
40.402344,33,2179,2179,14,5,-27,-22,-25
40.406250,33,2179,2179,14,5,-27,-22,-24
40.410156,33,2179,2179,14,4,-27,-22,-24
40.414062,33,2179,2179,15,4,-27,-22,-24
40.417969,33,2179,2179,15,5,-27,-22,-25
40.421875,33,2179,2179,16,5,-27,-22,-24
40.425781,33,2179,2179,15,4,-27,-22,-24
40.429688,33,2179,2179,15,4,-26,-22,-24
40.433594,32,2179,2179,15,5,-26,-22,-24
40.437500,32,2179,2179,14,5,-27,-21,-24
40.441406,33,2179,2179,14,4,-26,-21,-24
40.445312,33,2179,2179,14,4,-26,-21,-24
40.449219,33,2179,2179,14,4,-31,-22,-24
40.453125,33,2179,2179,15,4,-26,-21,-24
40.457031,33,2179,2179,15,4,-26,-21,-24
40.460938,33,2179,2179,15,4,-26,-21,-24
40.464844,33,2179,2179,16,4,-26,-22,-24
40.468750,33,2179,2179,16,4,-27,-21,-24
40.472656,33,2179,2179,16,4,-27,-22,-24
40.476562,32,2179,2179,15,4,-27,-21,-25
40.480469,32,2179,2179,15,4,-27,-22,-24
40.484375,32,2179,2179,15,4,-27,-22,-25
40.488281,32,2179,2179,15,4,-27,-22,-24
40.492188,32,2179,2179,14,4,-27,-21,-24
40.496094,32,2179,2179,14,4,-27,-22,-24
40.500000,31,2179,2179,14,5,-27,-22,-24
40.503906,31,2179,2179,15,5,-27,-22,-24
40.507812,31,2179,2179,15,5,-27,-22,-24
40.511719,31,2179,2179,15,4,-27,-22,-24
40.515625,31,2179,2179,16,5,-27,-22,-24
40.519531,31,2179,2179,16,5,-27,-21,-24
40.523438,32,2179,2179,15,5,-26,-21,-24
40.527344,32,2179,2179,15,4,-26,-21,-24
40.531250,32,2179,2179,15,4,-27,-21,-24
40.535156,32,2179,2179,16,5,-27,-21,-24
40.539062,32,2179,2179,15,5,-27,-21,-25
40.542969,32,2179,2179,15,4,-27,-21,-25
40.546875,32,2179,2179,15,4,-27,-22,-25
40.550781,32,2179,2179,15,5,-27,-22,-24
40.554688,32,2179,2179,16,5,-27,-22,-24
40.558594,33,2179,2179,15,4,-26,-22,-24
40.562500,33,2179,2179,15,4,-26,-21,-24
40.566406,33,2179,2179,16,5,-27,-21,-24
40.570312,33,2179,2179,15,4,-26,-22,-24
40.574219,34,2179,2179,15,4,-26,-22,-24
40.578125,34,2179,2179,15,5,-27,-22,-24
40.582031,34,2179,2179,15,5,-27,-22,-24
40.585938,34,2179,2179,16,5,-27,-22,-24
40.589844,35,2179,2179,15,5,-27,-22,-24
40.593750,35,2179,2179,15,4,-27,-22,-24
40.597656,35,2179,2179,16,4,-27,-22,-24
40.601562,35,2179,2179,16,5,-27,-22,-24
40.605469,35,2179,2179,16,5,-27,-22,-24
40.609375,35,2179,2179,15,4,-26,-22,-24
40.613281,35,2179,2179,15,4,-26,-22,-24
40.617188,35,2179,2179,15,5,-26,-22,-24
40.621094,35,2179,2179,15,4,-26,-22,-24
40.625000,35,2179,2179,15,4,-26,-22,-24
40.628906,35,2179,2179,15,4,-26,-22,-24
40.632812,35,2179,2179,15,4,-26,-22,-24
40.636719,35,2179,2179,15,5,-26,-22,-25
40.640625,35,2179,2179,14,4,-26,-22,-24
40.644531,35,2179,2179,15,4,-27,-22,-24
40.648438,35,2179,2179,15,4,-27,-22,-24
40.652344,35,2179,2179,15,4,-27,-22,-25
40.656250,36,2179,2179,15,4,-27,-22,-24
40.660156,36,2179,2179,14,4,-27,-22,-24
40.664062,36,2179,2179,14,4,-27,-22,-24
40.667969,36,2179,2179,14,4,-27,-22,-24
40.671875,36,2179,2179,13,4,-27,-22,-24
40.675781,36,2179,2179,13,4,-27,-22,-24
40.679688,35,2179,2179,13,4,-27,-22,-24
40.683594,35,2179,2179,14,4,-27,-22,-24
40.687500,35,2179,2179,14,4,-27,-22,-24
40.691406,35,2179,2179,15,4,-27,-21,-24
40.695312,35,2179,2179,15,4,-27,-22,-24
40.699219,35,2179,2179,16,5,-27,-22,-24
40.703125,35,2179,2179,16,4,-27,-22,-24
40.707031,36,2179,2179,16,4,-27,-22,-24
40.710938,35,2179,2179,15,4,-26,-22,-24
40.714844,35,2179,2179,15,4,-26,-22,-24
40.718750,35,2179,2179,16,5,-26,-22,-24
40.722656,35,2179,2179,15,5,-26,-22,-24
40.726562,35,2179,2179,15,5,-26,-21,-24
40.730469,35,2179,2179,15,4,-27,-21,-24
40.734375,36,2179,2179,16,5,-27,-21,-24
40.738281,36,2179,2179,16,5,-27,-21,-24
40.742188,36,2179,2179,16,4,-26,-22,-24
40.746094,36,2179,2179,16,4,-27,-22,-24
40.750000,36,2179,2179,16,5,-26,-22,-24
40.753906,36,2179,2179,16,5,-26,-22,-24
40.757812,37,2179,2179,15,4,-26,-22,-24
40.761719,37,2179,2179,15,4,-27,-22,-24
40.765625,37,2179,2179,16,5,-27,-22,-25
40.769531,37,2179,2179,16,5,-27,-22,-25
40.773438,37,2179,2179,15,5,-27,-22,-25
40.777344,38,2179,2179,16,5,-27,-22,-25
40.781250,37,2179,2179,16,5,-27,-22,-25
40.785156,37,2179,2179,16,5,-27,-22,-25
40.789062,38,2179,2179,17,5,-27,-22,-25
40.792969,38,2179,2179,17,4,-27,-22,-24
40.796875,38,2179,2179,17,5,-27,-22,-24
40.800781,38,2179,2179,18,5,-27,-22,-25
40.804688,38,2179,2179,18,5,-27,-22,-24
40.808594,38,2179,2179,17,4,-27,-22,-24
40.812500,38,2179,2179,17,4,-26,-22,-24
40.816406,37,2179,2179,17,4,-26,-21,-24
40.820312,37,2179,2179,17,4,-26,-21,-24
40.824219,37,2179,2179,17,4,-26,-21,-24
40.828125,37,2179,2179,17,4,-26,-21,-24
40.832031,37,2179,2179,17,4,-27,-22,-24
40.835938,37,2179,2179,17,4,-27,-22,-24
40.839844,38,2179,2179,17,4,-26,-22,-24
40.843750,38,2179,2179,17,4,-26,-22,-24
40.847656,38,2179,2179,17,4,-27,-22,-24
40.851562,38,2179,2179,17,4,-27,-22,-24
40.855469,38,2179,2179,17,4,-27,-22,-24
40.859375,38,2179,2179,17,4,-27,-22,-24
40.863281,38,2179,2179,17,4,-27,-22,-24
40.867188,38,2179,2179,18,4,-27,-22,-24
40.871094,38,2179,2179,18,4,-27,-22,-24
40.875000,38,2179,2179,19,4,-27,-22,-24
40.878906,39,2179,2179,19,4,-27,-22,-24
40.882812,39,2179,2179,19,4,-27,-22,-24
40.886719,39,2179,2179,20,4,-27,-22,-24
40.890625,39,2179,2179,19,4,-27,-22,-24
40.894531,39,2179,2179,19,4,-27,-22,-24
40.898438,39,2179,2179,19,4,-27,-22,-24
40.902344,39,2179,2179,19,4,-27,-22,-24
40.906250,39,2179,2179,19,4,-27,-22,-24
40.910156,38,2179,2179,19,4,-27,-22,-24
40.914062,38,2179,2179,19,4,-27,-22,-24
40.917969,38,2179,2179,20,5,-27,-22,-24
40.921875,38,2179,2179,20,5,-27,-22,-24
40.925781,38,2179,2179,20,5,-27,-22,-24
40.929688,38,2179,2179,21,5,-26,-22,-24
40.933594,39,2179,2179,21,5,-27,-22,-24
40.937500,39,2179,2179,22,5,-26,-21,-24
40.941406,39,2179,2179,21,5,-26,-21,-24
40.945312,39,2179,2179,22,5,-27,-22,-24
40.949219,39,2179,2179,22,5,-26,-21,-24
40.953125,39,2179,2179,22,5,-26,-22,-24
40.957031,39,2179,2179,21,5,-26,-22,-24
40.960938,39,2179,2179,21,4,-27,-22,-24
40.964844,39,2179,2179,22,5,-27,-22,-24
40.968750,39,2179,2179,22,5,-27,-22,-24
40.972656,39,2179,2179,22,5,-27,-22,-24
40.976562,39,2179,2179,22,5,-27,-22,-24
40.980469,38,2179,2179,22,5,-27,-22,-24
40.984375,38,2179,2179,23,5,-27,-22,-24
40.988281,39,2179,2179,23,5,-27,-22,-24
40.992188,39,2179,2179,23,4,-27,-22,-24
40.996094,38,2179,2179,23,4,-27,-22,-24
41.000000,38,2179,2179,24,5,-27,-22,-24
41.003906,38,2179,2179,24,5,-26,-22,-24
41.007812,38,2179,2179,23,4,-27,-22,-24
41.011719,38,2179,2179,23,4,-27,-22,-24
41.015625,38,2179,2179,23,5,-27,-22,-24
41.019531,38,2179,2179,23,5,-26,-22,-24
41.023438,38,2179,2179,23,4,-26,-21,-24
41.027344,39,2179,2179,23,4,-26,-21,-24
41.031250,39,2179,2179,24,4,-27,-21,-24
41.035156,39,2179,2179,25,4,-27,-21,-24
41.039062,39,2179,2179,25,4,-27,-22,-24
41.042969,40,2179,2179,25,4,-27,-21,-24
41.046875,40,2179,2179,26,4,-27,-22,-24
41.050781,40,2179,2179,26,4,-26,-22,-24
41.054688,40,2179,2179,26,4,-26,-22,-24
41.058594,40,2179,2179,26,4,-26,-21,-24
41.062500,40,2179,2179,26,4,-27,-22,-25
41.066406,40,2179,2179,27,4,-27,-22,-25
41.070312,40,2179,2179,28,4,-27,-22,-25
41.074219,40,2179,2179,28,4,-27,-22,-25
41.078125,40,2179,2179,28,4,-27,-22,-24
41.082031,40,2179,2179,29,4,-27,-22,-24
41.085938,39,2179,2179,30,5,-27,-22,-24
41.089844,40,2179,2179,31,4,-27,-22,-24
41.093750,40,2179,2179,31,4,-27,-22,-24
41.097656,39,2179,2179,32,4,-27,-22,-24
41.101562,39,2179,2179,33,5,-27,-22,-25
41.105469,39,2179,2179,34,5,-27,-22,-24
41.109375,39,2179,2179,35,4,-27,-22,-24
41.113281,39,2179,2179,36,4,-27,-22,-24
41.117188,39,2179,2179,37,5,-27,-22,-24
41.121094,39,2179,2179,38,5,-27,-22,-24
41.125000,39,2179,2179,39,4,-27,-21,-24
41.128906,40,2179,2179,40,4,-27,-21,-24
41.132812,39,2179,2179,41,5,-27,-21,-24
41.136719,40,2179,2179,42,5,-26,-21,-24
41.140625,40,2179,2179,43,4,-27,-21,-24
41.144531,40,2179,2179,44,4,-27,-21,-24
41.148438,40,2179,2179,45,4,-26,-21,-24
41.152344,40,2179,2179,46,4,-26,-22,-24
41.156250,40,2179,2179,46,5,-27,-21,-24
41.160156,41,2179,2179,47,4,-27,-22,-24
41.164062,40,2179,2179,47,4,-27,-22,-24
41.167969,40,2179,2179,48,5,-27,-22,-24
41.171875,41,2179,2179,49,4,-27,-22,-24
41.175781,41,2179,2179,50,4,-27,-22,-24
41.179688,41,2179,2179,52,4,-27,-22,-24
41.183594,41,2179,2179,54,5,-27,-22,-24
41.187500,41,2179,2179,56,5,-27,-22,-25
41.191406,41,2179,2179,57,5,-27,-22,-25
41.195312,41,2179,2179,59,5,-27,-22,-24
41.199219,41,2179,2179,60,5,-27,-22,-24
41.203125,41,2179,2179,61,5,-26,-22,-24
41.207031,42,2179,2179,61,5,-26,-22,-24
41.210938,41,2179,2179,62,5,-27,-22,-24
41.214844,41,2179,2179,64,5,-26,-22,-24
41.218750,41,2179,2179,65,5,-26,-22,-24
41.222656,41,2179,2179,66,5,-26,-22,-24
41.226562,41,2179,2179,68,4,-26,-21,-24
41.230469,41,2179,2179,69,4,-26,-22,-24
41.234375,42,2179,2179,71,4,-26,-22,-24
41.238281,42,2179,2179,73,4,-27,-22,-24
41.242188,42,2179,2179,73,4,-26,-22,-24
41.246094,43,2179,2179,75,4,-27,-22,-24
41.250000,42,2179,2179,76,4,-27,-22,-24
41.253906,43,2179,2179,78,4,-27,-22,-24
41.257812,43,2179,2179,79,4,-27,-22,-24
41.261719,43,2179,2179,81,3,-27,-22,-24
41.265625,43,2179,2179,84,4,-27,-22,-24
41.269531,43,2179,2179,86,4,-27,-22,-25
41.273438,43,2179,2179,88,4,-27,-22,-25
41.277344,43,2179,2179,90,4,-27,-22,-25
41.281250,42,2179,2179,92,4,-27,-22,-25
41.285156,42,2179,2179,94,5,-27,-22,-25
41.289062,42,2179,2179,95,5,-27,-22,-25
41.292969,42,2179,2179,96,4,-27,-22,-25
41.296875,42,2179,2179,97,4,-27,-22,-25
41.300781,42,2179,2179,97,4,-27,-22,-25
41.304688,42,2179,2179,98,4,-26,-22,-24
41.308594,42,2179,2179,99,4,-27,-22,-24
41.312500,42,2179,2179,100,4,-26,-22,-24
41.316406,41,2179,2179,102,5,-26,-23,-24
41.320312,41,2179,2179,105,5,-26,-22,-24
41.324219,42,2179,2179,107,4,-26,-22,-24
41.328125,42,2179,2179,110,4,-26,-21,-24
41.332031,42,2179,2179,113,4,-26,-21,-24
41.335938,42,2179,2179,114,5,-26,-21,-24
41.339844,42,2179,2179,115,5,-26,-21,-24
41.343750,42,2179,2179,116,4,-27,-21,-24
41.347656,42,2179,2179,117,4,-27,-22,-24
41.351562,41,2179,2179,117,5,-27,-22,-24
41.355469,42,2179,2179,118,5,-27,-22,-24
41.359375,42,2179,2179,119,4,-27,-22,-24
41.363281,41,2179,2179,120,4,-27,-22,-24
41.367188,42,2179,2179,122,5,-27,-22,-24
41.371094,42,2179,2179,123,5,-27,-22,-25
41.375000,42,2179,2179,124,5,-27,-22,-24
41.378906,42,2179,2179,125,5,-27,-22,-24
41.382812,42,2179,2179,126,5,-27,-22,-24
41.386719,42,2179,2179,127,5,-27,-22,-24
41.390625,42,2179,2179,128,5,-27,-22,-24
41.394531,42,2179,2179,129,5,-27,-22,-24
41.398438,42,2179,2179,130,4,-27,-22,-24
41.402344,42,2179,2179,131,5,-27,-22,-24
41.406250,42,2179,2179,131,5,-27,-22,-24
41.410156,42,2179,2179,132,4,-27,-22,-24
41.414062,42,2179,2179,134,4,-27,-21,-24
41.417969,42,2179,2179,135,5,-26,-22,-24
41.421875,42,2179,2179,136,4,-26,-21,-24
41.425781,42,2179,2179,138,4,-27,-22,-24
41.429688,42,2179,2179,139,4,-27,-22,-24
41.433594,42,2179,2179,140,5,-27,-22,-24
41.437500,42,2179,2179,141,5,-27,-21,-25
41.441406,43,2179,2179,142,4,-27,-21,-25
41.445312,43,2179,2179,142,4,-27,-21,-24
41.449219,43,2179,2179,143,4,-27,-22,-24
41.453125,43,2179,2179,143,4,-27,-22,-24
41.457031,43,2179,2179,143,4,-26,-22,-24
41.460938,43,2179,2179,144,4,-27,-22,-24
41.464844,43,2179,2179,145,4,-26,-22,-24
41.468750,43,2179,2179,146,4,-26,-22,-24
41.472656,43,2179,2179,148,4,-26,-22,-24
41.476562,43,2179,2179,149,4,-26,-22,-24
41.480469,43,2179,2179,151,4,-27,-22,-24
41.484375,43,2179,2179,153,5,-27,-22,-24
41.488281,43,2179,2179,154,5,-27,-22,-24
41.492188,43,2179,2179,155,4,-27,-22,-24
41.496094,42,2179,2179,156,4,-27,-22,-24
41.500000,42,2179,2179,157,4,-27,-22,-24
41.503906,41,2179,2179,158,5,-27,-22,-24
41.507812,41,2179,2179,158,4,-27,-22,-24
41.511719,41,2179,2179,158,4,-27,-22,-24
41.515625,41,2179,2179,159,5,-27,-22,-24
41.519531,41,2179,2179,160,5,-27,-21,-24
41.523438,41,2179,2179,160,5,-26,-21,-24
41.527344,41,2179,2179,161,5,-26,-21,-24
41.531250,41,2179,2179,162,4,-26,-22,-24
41.535156,42,2179,2179,164,5,-26,-22,-24
41.539062,42,2179,2179,165,5,-26,-22,-25
41.542969,42,2179,2179,165,4,-26,-22,-25
41.546875,42,2179,2179,165,5,-27,-22,-25
41.550781,42,2179,2179,165,5,-27,-22,-24
41.554688,42,2179,2179,165,5,-27,-22,-24
41.558594,42,2179,2179,165,4,-27,-22,-23
41.562500,42,2179,2179,165,4,-27,-22,-24
41.566406,41,2179,2179,165,5,-27,-22,-24
41.570312,41,2179,2179,166,5,-27,-22,-24
41.574219,42,2179,2179,167,4,-27,-22,-25
41.578125,42,2179,2179,168,4,-27,-22,-24
41.582031,42,2179,2179,170,5,-27,-22,-25
41.585938,42,2179,2179,171,5,-27,-22,-25
41.589844,42,2179,2179,171,5,-27,-22,-25
41.593750,42,2179,2179,172,5,-27,-22,-24
41.597656,42,2179,2179,172,5,-27,-22,-24
41.601562,42,2179,2179,173,5,-27,-22,-24
41.605469,42,2179,2179,173,5,-27,-22,-24
41.609375,42,2179,2179,173,4,-27,-22,-24
41.613281,42,2179,2179,174,4,-27,-22,-24
41.617188,42,2179,2179,175,5,-27,-22,-24
41.621094,42,2179,2179,175,5,-27,-21,-24
41.625000,43,2179,2179,175,4,-27,-22,-25
41.628906,43,2179,2179,176,4,-26,-22,-24
41.632812,43,2179,2179,176,5,-27,-22,-24
41.636719,42,2179,2179,177,5,-27,-22,-24
41.640625,43,2179,2179,176,4,-27,-22,-24
41.644531,43,2179,2179,176,4,-27,-22,-24
41.648438,42,2179,2179,176,4,-26,-22,-24
41.652344,42,2179,2179,176,5,-26,-22,-24
41.656250,42,2179,2179,175,5,-26,-22,-24
41.660156,42,2179,2179,176,4,-26,-22,-24
41.664062,42,2179,2179,177,4,-27,-22,-24
41.667969,42,2179,2179,178,4,-27,-22,-25
41.671875,42,2179,2179,178,5,-27,-22,-24
41.675781,42,2179,2179,178,4,-27,-22,-24
41.679688,42,2179,2179,178,4,-27,-22,-24
41.683594,42,2179,2179,179,4,-27,-22,-24
41.687500,42,2179,2179,179,4,-27,-22,-24
41.691406,42,2179,2179,179,4,-27,-22,-24
41.695312,42,2179,2179,179,4,-27,-22,-24
41.699219,41,2179,2179,180,4,-27,-22,-24
41.703125,41,2179,2179,180,4,-26,-22,-24
41.707031,41,2179,2179,180,4,-27,-22,-24
41.710938,41,2179,2179,180,4,-27,-22,-24
41.714844,40,2179,2179,180,4,-27,-22,-24
41.718750,40,2179,2179,180,4,-26,-22,-24
41.722656,41,2179,2179,180,5,-26,-21,-24
41.726562,41,2179,2179,180,4,-26,-21,-24
41.730469,41,2179,2179,180,4,-27,-22,-24
41.734375,41,2179,2179,181,5,-26,-22,-24
41.738281,41,2179,2179,181,5,-26,-22,-24
41.742188,42,2179,2179,181,5,-26,-22,-24
41.746094,42,2179,2179,181,5,-27,-22,-24
41.750000,41,2179,2179,181,5,-27,-22,-24
41.753906,41,2179,2179,181,5,-27,-21,-25
41.757812,42,2179,2179,181,5,-27,-21,-25
41.761719,42,2179,2179,181,5,-27,-22,-25
41.765625,41,2179,2179,181,5,-27,-21,-25
41.769531,41,2179,2179,181,5,-27,-22,-25
41.773438,42,2179,2179,181,5,-27,-22,-24
41.777344,42,2179,2179,181,5,-27,-22,-24
41.781250,41,2179,2179,180,5,-27,-22,-25
41.785156,41,2179,2179,182,5,-27,-22,-24
41.789062,41,2179,2179,182,5,-27,-22,-24
41.792969,41,2179,2179,182,5,-27,-22,-25
41.796875,40,2179,2179,183,5,-27,-22,-25
41.800781,40,2179,2179,183,5,-27,-22,-25
41.804688,40,2179,2179,184,5,-27,-22,-24
41.808594,40,2179,2179,184,4,-27,-21,-23
41.812500,39,2179,2179,184,4,-27,-22,-24
41.816406,39,2179,2179,185,5,-27,-21,-24
41.820312,39,2179,2179,185,5,-27,-22,-24
41.824219,39,2179,2179,185,4,-27,-21,-24
41.828125,39,2179,2179,185,4,-27,-22,-24
41.832031,39,2179,2179,185,5,-26,-22,-24
41.835938,39,2179,2179,185,5,-27,-22,-24
41.839844,40,2179,2179,184,4,-27,-22,-24
41.843750,40,2179,2179,184,4,-27,-22,-24
41.847656,40,2179,2179,184,4,-27,-22,-24
41.851562,39,2179,2179,184,4,-27,-22,-25
41.855469,40,2179,2179,184,4,-27,-22,-25
41.859375,40,2179,2179,184,4,-27,-22,-25
41.863281,39,2179,2179,184,4,-27,-22,-24
41.867188,39,2179,2179,184,4,-27,-22,-25
41.871094,39,2179,2179,184,4,-27,-22,-24
41.875000,39,2179,2179,184,4,-27,-22,-25
41.878906,39,2179,2179,184,4,-27,-22,-25
41.882812,39,2179,2179,184,4,-27,-22,-24
41.886719,39,2179,2179,184,4,-27,-22,-24
41.890625,39,2179,2179,184,4,-27,-22,-24
41.894531,38,2179,2179,184,4,-27,-22,-25
41.898438,38,2179,2179,185,4,-27,-22,-24
41.902344,38,2179,2179,185,5,-27,-21,-24
41.906250,37,2179,2179,184,5,-27,-21,-24
41.910156,37,2179,2179,184,4,-26,-21,-24
41.914062,36,2179,2179,184,4,-26,-21,-24
41.917969,36,2179,2179,185,5,-26,-21,-24
41.921875,37,2179,2179,185,5,-26,-22,-24
41.925781,37,2179,2179,185,5,-26,-22,-24
41.929688,37,2179,2179,185,5,-26,-22,-24
41.933594,37,2179,2179,185,5,-26,-22,-25
41.937500,37,2179,2179,185,5,-27,-22,-24
41.941406,37,2179,2179,185,5,-27,-21,-24
41.945312,37,2179,2179,185,5,-27,-22,-24
41.949219,37,2179,2179,185,5,-27,-22,-24
41.953125,37,2179,2179,185,5,-27,-22,-24
41.957031,37,2179,2179,185,5,-26,-22,-24
41.960938,37,2179,2179,185,5,-27,-22,-24
41.964844,37,2179,2179,185,5,-27,-22,-24
41.968750,37,2179,2179,186,5,-27,-22,-24
41.972656,37,2179,2179,186,4,-26,-22,-24
41.976562,37,2179,2179,186,4,-27,-22,-24
41.980469,37,2179,2179,186,4,-27,-22,-24
41.984375,36,2179,2179,187,5,-27,-22,-24
41.988281,37,2179,2179,187,5,-27,-22,-24
41.992188,37,2179,2179,186,4,-27,-22,-24
41.996094,36,2179,2179,186,4,-27,-22,-25
42.000000,36,2179,2179,186,5,-27,-22,-24
42.003906,36,2179,2179,186,5,-26,-22,-24
42.007812,35,2179,2179,185,4,-26,-22,-24
42.011719,35,2179,2179,186,4,-26,-22,-24
42.015625,35,2179,2179,187,5,-26,-22,-24
42.019531,35,2179,2179,187,5,-26,-21,-24
42.023438,35,2179,2179,187,4,-26,-22,-24
42.027344,35,2179,2179,188,4,-27,-21,-24
42.031250,35,2179,2179,188,4,-27,-21,-24
42.035156,35,2179,2179,188,5,-26,-22,-24
42.039062,35,2179,2179,188,5,-26,-22,-24
42.042969,35,2179,2179,187,4,-26,-21,-24
42.046875,34,2179,2179,187,4,-26,-22,-24
42.050781,34,2179,2179,187,5,-26,-22,-24
42.054688,35,2179,2179,186,5,-26,-22,-24
42.058594,34,2179,2179,186,4,-27,-22,-25
42.062500,34,2179,2179,186,4,-27,-22,-24
42.066406,33,2179,2179,187,5,-27,-22,-24
42.070312,33,2179,2179,187,5,-27,-22,-25
42.074219,33,2179,2179,187,4,-27,-22,-25
42.078125,33,2179,2179,187,4,-27,-22,-25
42.082031,32,2179,2179,188,5,-27,-22,-25
42.085938,32,2179,2179,188,5,-27,-22,-25
42.089844,32,2179,2179,187,5,-27,-22,-25
42.093750,31,2179,2179,187,4,-27,-22,-24
42.097656,31,2179,2179,186,4,-27,-22,-24
42.101562,30,2179,2179,186,5,-27,-22,-24
42.105469,30,2179,2179,186,5,-27,-22,-24
42.109375,30,2179,2179,186,4,-27,-21,-24
42.113281,29,2179,2179,186,4,-27,-21,-24
42.117188,29,2179,2179,186,5,-26,-22,-24
42.121094,28,2179,2179,187,5,-27,-21,-24
42.125000,28,2179,2179,186,4,-26,-22,-24
42.128906,28,2179,2179,187,4,-27,-22,-24
42.132812,27,2179,2179,187,5,-27,-22,-24
42.136719,27,2179,2179,187,5,-27,-22,-24
42.140625,27,2179,2179,186,5,-26,-22,-24
42.144531,26,2179,2179,186,5,-27,-22,-24
42.148438,25,2179,2179,185,4,-26,-22,-24
42.152344,25,2179,2179,182,5,-27,-22,-24
42.156250,25,2179,2179,177,5,-27,-22,-24
42.160156,24,2179,2179,168,4,-27,-22,-24
42.164062,23,2179,2179,155,4,-27,-22,-24
42.167969,23,2179,2179,140,5,-27,-22,-25
42.171875,23,2179,2179,124,5,-27,-22,-25
42.175781,22,2179,2179,108,5,-27,-22,-24
42.179688,22,2179,2179,95,5,-27,-22,-25
42.183594,21,2179,2179,85,5,-27,-22,-26
42.187500,21,2179,2179,78,5,-27,-22,-25
42.191406,20,2179,2179,71,5,-27,-22,-25
42.195312,20,2179,2179,66,5,-27,-22,-25
42.199219,19,2179,2179,59,5,-27,-22,-24
42.203125,19,2179,2179,51,5,-27,-22,-24
42.207031,18,2179,2179,42,5,-27,-22,-24
42.210938,18,2179,2179,34,5,-27,-22,-24
42.214844,17,2179,2179,26,5,-27,-22,-24
42.218750,17,2179,2179,21,5,-26,-22,-24
42.222656,17,2179,2179,17,5,-26,-22,-24
42.226562,17,2179,2179,15,5,-26,-21,-24
42.230469,17,2179,2179,15,4,-26,-21,-24
42.234375,17,2179,2179,15,5,-26,-22,-24
42.238281,17,2179,2179,16,5,-26,-21,-24
42.242188,17,2179,2179,15,4,-26,-22,-24
42.246094,16,2179,2179,15,4,-27,-22,-24
42.250000,15,2179,2179,14,4,-27,-22,-24
42.253906,15,2179,2179,14,4,-27,-22,-24
42.257812,15,2179,2179,13,4,-27,-22,-24
42.261719,15,2179,2179,12,4,-27,-22,-24
42.265625,14,2179,2179,13,4,-27,-22,-24
42.269531,14,2179,2179,14,4,-27,-22,-24
42.273438,15,2179,2179,14,4,-27,-22,-24
42.277344,15,2179,2179,15,4,-27,-22,-24
42.281250,15,2179,2179,17,4,-27,-22,-24
42.285156,15,2179,2179,16,4,-27,-22,-25
42.289062,15,2179,2179,16,4,-27,-22,-25
42.292969,15,2179,2179,15,4,-27,-22,-25
42.296875,14,2179,2179,15,4,-27,-22,-24
42.300781,14,2179,2179,15,5,-27,-22,-24
42.304688,14,2179,2179,14,5,-27,-22,-24
42.308594,14,2179,2179,14,4,-26,-22,-24
42.312500,14,2179,2179,13,4,-27,-22,-24
42.316406,13,2179,2179,14,5,-27,-21,-24
42.320312,13,2179,2179,14,5,-27,-21,-24
42.324219,14,2179,2179,14,5,-27,-22,-24
42.328125,14,2179,2179,14,5,-27,-21,-24
42.332031,14,2179,2179,14,5,-27,-22,-24
42.335938,14,2179,2179,14,5,-27,-22,-24
42.339844,14,2179,2179,14,5,-27,-22,-24
42.343750,14,2179,2179,14,5,-27,-22,-24
42.347656,14,2179,2179,14,5,-27,-22,-24
42.351562,14,2179,2179,14,5,-26,-22,-24
42.355469,14,2179,2179,14,5,-27,-22,-24
42.359375,14,2179,2179,14,5,-27,-22,-24
42.363281,13,2179,2179,14,4,-27,-22,-24
42.367188,13,2179,2179,15,5,-27,-22,-24
42.371094,14,2179,2179,15,5,-27,-22,-24
42.375000,13,2179,2179,14,5,-27,-22,-24
42.378906,13,2179,2179,14,5,-27,-22,-24
42.382812,13,2179,2179,14,5,-27,-22,-24
42.386719,13,2179,2179,14,5,-27,-22,-24
42.390625,13,2179,2179,14,5,-27,-22,-24
42.394531,13,2179,2179,14,5,-27,-22,-24
42.398438,12,2179,2179,15,4,-27,-22,-24
42.402344,12,2179,2179,15,5,-27,-22,-24
42.406250,12,2179,2179,14,5,-27,-22,-24
42.410156,12,2179,2179,14,4,-27,-22,-24
42.414062,11,2179,2179,15,5,-27,-22,-24
42.417969,12,2179,2179,15,5,-26,-22,-24
42.421875,12,2179,2179,14,4,-26,-21,-24
42.425781,12,2179,2179,14,4,-26,-21,-24
42.429688,12,2179,2179,14,4,-26,-22,-24
42.433594,12,2179,2179,14,4,-26,-22,-24
42.437500,11,2179,2179,14,4,-27,-21,-24
42.441406,12,2179,2179,13,4,-26,-22,-24
42.445312,12,2179,2179,13,4,-27,-22,-24
42.449219,11,2179,2179,14,4,-27,-22,-24
42.453125,11,2179,2179,14,4,-27,-22,-24
42.457031,11,2179,2179,14,4,-27,-22,-24
42.460938,11,2179,2179,14,4,-27,-22,-24
42.464844,10,2179,2179,15,4,-27,-22,-25
42.468750,11,2179,2179,15,4,-27,-22,-24
42.472656,11,2179,2179,14,5,-27,-22,-24
42.476562,11,2179,2179,14,4,-27,-22,-24
42.480469,11,2179,2179,14,4,-27,-22,-24
42.484375,11,2179,2179,14,5,-27,-22,-25
42.488281,11,2179,2179,14,5,-27,-22,-25
42.492188,11,2179,2179,14,4,-27,-22,-25
42.496094,11,2179,2179,14,4,-27,-22,-25
42.500000,11,2179,2179,15,5,-27,-22,-24
42.503906,10,2179,2179,14,5,-27,-22,-24
42.507812,10,2179,2179,14,4,-27,-22,-24
42.511719,10,2179,2179,14,4,-27,-22,-24
42.515625,9,2179,2179,14,5,-27,-21,-24
42.519531,9,2179,2179,14,5,-26,-21,-24
42.523438,10,2179,2179,14,4,-26,-21,-24
42.527344,10,2179,2179,14,5,-26,-21,-24
42.531250,10,2179,2179,15,5,-27,-21,-24
42.535156,10,2179,2179,15,5,-26,-22,-24
42.539062,10,2179,2179,15,5,-26,-21,-24
42.542969,10,2179,2179,15,4,-26,-21,-24
42.546875,10,2179,2179,15,4,-27,-22,-24
42.550781,9,2179,2179,15,5,-27,-22,-25
42.554688,10,2179,2179,15,4,-27,-22,-24
42.558594,10,2179,2179,15,4,-27,-22,-25
42.562500,10,2179,2179,14,4,-27,-22,-25
42.566406,10,2179,2179,15,5,-27,-22,-24
42.570312,10,2179,2179,15,5,-27,-22,-24
42.574219,10,2179,2179,14,5,-27,-22,-25
42.578125,10,2179,2179,14,5,-27,-22,-24
42.582031,10,2179,2179,14,5,-27,-22,-24
42.585938,10,2179,2179,14,5,-27,-22,-25
42.589844,9,2179,2179,14,5,-27,-22,-25
42.593750,9,2179,2179,14,4,-27,-22,-25
42.597656,9,2179,2179,15,4,-27,-22,-24
42.601562,9,2179,2179,15,5,-27,-22,-25
42.605469,9,2179,2179,15,5,-27,-21,-24
42.609375,9,2179,2179,14,4,-26,-21,-24
42.613281,9,2179,2179,14,4,-26,-21,-24
42.617188,9,2179,2179,14,5,-26,-21,-24
42.621094,10,2179,2179,14,5,-26,-21,-24
42.625000,9,2179,2179,13,4,-26,-21,-24
42.628906,9,2179,2179,13,4,-26,-21,-24
42.632812,9,2179,2179,14,5,-26,-21,-24
42.636719,8,2179,2179,15,5,-26,-22,-24
42.640625,9,2179,2179,15,4,-26,-21,-24
42.644531,8,2179,2179,15,4,-27,-21,-24
42.648438,8,2179,2179,15,3,-27,-22,-25
42.652344,8,2179,2179,15,4,-27,-22,-24
42.656250,9,2179,2179,14,4,-27,-22,-25
42.660156,9,2179,2179,14,4,-27,-22,-24
42.664062,8,2179,2179,14,4,-27,-22,-24
42.667969,8,2179,2179,14,4,-27,-22,-25
42.671875,8,2179,2179,14,5,-27,-22,-24
42.675781,8,2179,2179,14,4,-27,-22,-25
42.679688,8,2179,2179,14,4,-27,-22,-24
42.683594,8,2179,2179,14,4,-27,-22,-25
42.687500,8,2179,2179,14,5,-27,-22,-25
42.691406,8,2179,2179,14,4,-27,-22,-25
42.695312,8,2179,2179,14,4,-27,-22,-24
42.699219,7,2179,2179,15,5,-27,-22,-24
42.703125,7,2179,2179,15,5,-26,-22,-24
42.707031,7,2179,2179,14,4,-26,-22,-24
42.710938,6,2179,2179,14,4,-26,-22,-24
42.714844,6,2179,2179,14,4,-26,-22,-24
42.718750,6,2179,2179,14,5,-26,-21,-24
42.722656,6,2179,2179,14,5,-26,-22,-24
42.726562,7,2179,2179,14,4,-26,-22,-24
42.730469,6,2179,2179,14,4,-26,-21,-24
42.734375,6,2179,2179,15,5,-27,-21,-24
42.738281,7,2179,2179,15,5,-27,-21,-24
42.742188,7,2179,2179,15,5,-27,-22,-24
42.746094,7,2179,2179,15,5,-27,-22,-24
42.750000,6,2179,2179,15,5,-27,-22,-24
42.753906,6,2179,2179,15,5,-27,-22,-24
42.757812,5,2179,2179,15,5,-27,-22,-24
42.761719,5,2179,2179,15,4,-27,-22,-24
42.765625,5,2179,2179,16,5,-27,-22,-24
42.769531,5,2179,2179,16,5,-27,-22,-25
42.773438,5,2179,2179,16,4,-27,-22,-25
42.777344,6,2179,2179,16,5,-27,-22,-25
42.781250,5,2179,2179,16,5,-27,-22,-25
42.785156,5,2179,2179,16,5,-27,-22,-25
42.789062,5,2179,2179,16,5,-27,-22,-24
42.792969,5,2179,2179,16,5,-27,-22,-25
42.796875,5,2179,2179,16,5,-27,-22,-24
42.800781,5,2179,2179,16,5,-27,-22,-24
42.804688,5,2179,2179,16,5,-26,-22,-24
42.808594,5,2179,2179,15,4,-27,-22,-24
42.812500,5,2179,2179,15,5,-27,-22,-24
42.816406,5,2179,2179,15,5,-27,-22,-24
42.820312,5,2179,2179,15,5,-27,-21,-24
42.824219,6,2179,2179,14,4,-26,-21,-24
42.828125,6,2179,2179,14,4,-26,-21,-24
42.832031,6,2179,2179,14,4,-26,-22,-24
42.835938,6,2179,2179,14,5,-27,-21,-24
42.839844,6,2179,2179,14,4,-26,-22,-24
42.843750,6,2179,2179,14,4,-26,-22,-24
42.847656,6,2179,2179,14,4,-26,-22,-24
42.851562,6,2179,2179,14,4,-26,-22,-24
42.855469,6,2179,2179,13,4,-26,-22,-24
42.859375,6,2179,2179,13,4,-26,-22,-24
42.863281,6,2179,2179,13,4,-27,-22,-24
42.867188,6,2179,2179,13,4,-27,-22,-24
42.871094,7,2179,2179,13,4,-27,-22,-24
42.875000,6,2179,2179,13,4,-27,-22,-24
42.878906,7,2179,2179,13,4,-27,-22,-24
42.882812,6,2179,2179,14,5,-27,-22,-24
42.886719,7,2179,2179,14,5,-27,-22,-24
42.890625,7,2179,2179,14,4,-26,-22,-24
42.894531,7,2179,2179,14,4,-27,-22,-24
42.898438,7,2179,2179,15,4,-26,-22,-24
42.902344,6,2179,2179,15,5,-26,-22,-24
42.906250,7,2179,2179,15,5,-26,-22,-24
42.910156,7,2179,2179,15,4,-27,-22,-24
42.914062,6,2179,2179,15,5,-27,-22,-24
42.917969,6,2179,2179,15,5,-27,-22,-24
42.921875,7,2179,2179,14,5,-27,-22,-24
42.925781,7,2179,2179,14,5,-27,-22,-24
42.929688,7,2179,2179,14,5,-27,-22,-24
42.933594,8,2179,2179,14,5,-26,-22,-24
42.937500,8,2179,2179,14,5,-26,-22,-24
42.941406,9,2179,2179,14,5,-26,-22,-24
42.945312,8,2179,2179,14,4,-26,-22,-24
42.949219,8,2179,2179,14,5,-26,-22,-24
42.953125,8,2179,2179,15,5,-26,-22,-25
42.957031,8,2179,2179,15,4,-27,-22,-25
42.960938,8,2179,2179,15,4,-27,-22,-24
42.964844,8,2179,2179,15,4,-27,-22,-25
42.968750,8,2179,2179,15,5,-27,-22,-24
42.972656,9,2179,2179,15,5,-27,-22,-24
42.976562,9,2179,2179,15,4,-27,-22,-24
42.980469,9,2179,2179,15,4,-27,-22,-24
42.984375,9,2179,2179,15,5,-27,-22,-24
42.988281,9,2179,2179,15,5,-27,-22,-24
42.992188,9,2179,2179,14,4,-27,-22,-24
42.996094,9,2179,2179,14,5,-27,-22,-24
43.000000,9,2179,2179,14,5,-27,-22,-24
43.003906,9,2179,2179,15,5,-27,-22,-24
43.007812,9,2179,2179,14,4,-27,-22,-24
43.011719,9,2179,2179,14,5,-27,-22,-24
43.015625,9,2179,2179,14,5,-27,-22,-24
43.019531,9,2179,2179,14,5,-26,-22,-24
43.023438,9,2179,2179,13,5,-26,-22,-24
43.027344,9,2179,2179,13,4,-26,-21,-24
43.031250,9,2179,2179,13,4,-27,-22,-24
43.035156,9,2179,2179,14,4,-27,-22,-24
43.039062,9,2179,2179,14,4,-27,-22,-24
43.042969,9,2179,2179,14,4,-27,-22,-24
43.046875,9,2179,2179,14,4,-27,-22,-24
43.050781,9,2179,2179,14,4,-27,-22,-24
43.054688,10,2179,2179,15,5,-27,-22,-24
43.058594,10,2179,2179,14,4,-27,-22,-24
43.062500,10,2179,2179,14,4,-27,-22,-24
43.066406,10,2179,2179,14,4,-27,-22,-24
43.070312,10,2179,2179,14,4,-27,-22,-24
43.074219,10,2179,2179,13,4,-27,-22,-24
43.078125,10,2179,2179,13,4,-27,-22,-24
43.082031,10,2179,2179,14,4,-27,-22,-24
43.085938,9,2179,2179,14,5,-27,-22,-24
43.089844,9,2179,2179,14,5,-27,-22,-24
43.093750,9,2179,2179,14,4,-27,-22,-24
43.097656,9,2179,2179,14,4,-27,-22,-24
43.101562,9,2179,2179,14,5,-27,-22,-24
43.105469,9,2179,2179,14,5,-26,-22,-24
43.109375,9,2179,2179,14,4,-26,-22,-24
43.113281,9,2179,2179,13,4,-26,-22,-24
43.117188,9,2179,2179,14,5,-26,-22,-24
43.121094,9,2179,2179,14,5,-26,-21,-24
43.125000,9,2179,2179,14,4,-26,-21,-24
43.128906,9,2179,2179,14,4,-27,-21,-24
43.132812,9,2179,2179,15,5,-27,-21,-24
43.136719,10,2179,2179,15,5,-27,-22,-24
43.140625,10,2179,2179,15,4,-25,-21,-24
43.144531,10,2179,2179,15,4,-26,-22,-24
43.148438,11,2179,2179,15,6,-26,-22,-24
43.152344,11,2179,2179,15,5,-26,-22,-24
43.156250,12,2179,2179,15,5,-27,-22,-24
43.160156,12,2179,2179,15,4,-27,-22,-24
43.164062,12,2179,2179,15,4,-27,-22,-24
43.167969,12,2179,2179,16,5,-27,-22,-24
43.171875,12,2179,2179,16,5,-27,-22,-24
43.175781,13,2179,2179,15,5,-27,-22,-24
43.179688,13,2179,2179,15,5,-27,-22,-24
43.183594,13,2179,2179,15,5,-27,-22,-25
43.187500,13,2179,2179,15,5,-27,-22,-24
43.191406,13,2179,2179,15,5,-27,-22,-24
43.195312,13,2179,2179,15,5,-27,-22,-24
43.199219,13,2179,2179,15,5,-27,-22,-24
43.203125,13,2179,2179,15,5,-26,-22,-24
43.207031,13,2179,2179,15,5,-26,-22,-24
43.210938,14,2179,2179,15,5,-27,-22,-24
43.214844,13,2179,2179,15,5,-26,-22,-24
43.218750,13,2179,2179,16,5,-26,-22,-24
43.222656,13,2179,2179,16,5,-27,-22,-24
43.226562,13,2179,2179,16,5,-26,-22,-24
43.230469,13,2179,2179,16,4,-26,-22,-24
43.234375,13,2179,2179,16,5,-26,-22,-25
43.238281,14,2179,2179,16,4,-26,-22,-24
43.242188,14,2179,2179,15,4,-26,-22,-24
43.246094,13,2179,2179,15,4,-26,-22,-24
43.250000,14,2179,2179,15,4,-26,-22,-24
43.253906,15,2179,2179,15,4,-27,-22,-24
43.257812,15,2179,2179,15,4,-27,-22,-24
43.261719,15,2179,2179,15,4,-27,-22,-24
43.265625,15,2179,2179,15,4,-29,-22,-25
43.269531,15,2179,2179,15,4,-27,-22,-25
43.273438,15,2179,2179,15,4,-27,-22,-25
43.277344,15,2179,2179,15,4,-27,-22,-24
43.281250,15,2179,2179,16,4,-27,-22,-24
43.285156,16,2179,2179,16,4,-27,-22,-24
43.289062,16,2179,2179,15,4,-27,-22,-24
43.292969,16,2179,2179,15,4,-27,-22,-24
43.296875,16,2179,2179,15,4,-26,-22,-24
43.300781,16,2179,2179,15,5,-26,-22,-24
43.304688,16,2179,2179,14,5,-26,-22,-24
43.308594,16,2179,2179,14,4,-27,-22,-24
43.312500,16,2179,2179,13,4,-26,-22,-24
43.316406,16,2179,2179,14,5,-27,-22,-24
43.320312,16,2179,2179,14,5,-26,-22,-24
43.324219,17,2179,2179,14,5,-27,-22,-24
43.328125,17,2179,2179,14,5,-26,-22,-24
43.332031,17,2179,2179,14,5,-27,-22,-24
43.335938,17,2179,2179,15,5,-26,-22,-24
43.339844,17,2179,2179,14,5,-27,-22,-24
43.343750,18,2179,2179,14,5,-27,-22,-24
43.347656,18,2179,2179,15,4,-27,-22,-24
43.351562,19,2179,2179,15,5,-27,-22,-25
43.355469,19,2179,2179,15,5,-27,-22,-24
43.359375,19,2179,2179,15,4,-27,-21,-24
43.363281,19,2179,2179,15,4,-27,-22,-24
43.367188,20,2179,2179,16,5,-27,-21,-24
43.371094,20,2179,2179,16,5,-27,-22,-24
43.375000,20,2179,2179,15,5,-27,-22,-25
43.378906,21,2179,2179,15,5,-27,-22,-25
43.382812,20,2179,2179,15,5,-27,-22,-25
43.386719,21,2179,2179,14,5,-27,-22,-24
43.390625,21,2179,2179,13,5,-23,-22,-24
43.394531,21,2179,2179,13,5,-27,-22,-24
43.398438,21,2179,2179,13,5,-27,-22,-24
43.402344,21,2179,2179,13,5,-27,-22,-24
43.406250,21,2179,2179,13,5,-26,-22,-24
43.410156,21,2179,2179,13,4,-26,-22,-24
43.414062,21,2179,2179,13,4,-26,-21,-24
43.417969,21,2179,2179,14,4,-26,-22,-24
43.421875,21,2179,2179,14,4,-26,-22,-24
43.425781,21,2179,2179,14,4,-26,-22,-24
43.429688,21,2179,2179,14,4,-27,-22,-24
43.433594,21,2179,2179,15,4,-26,-22,-24
43.437500,22,2179,2179,14,4,-26,-22,-24
43.441406,23,2179,2179,14,4,-26,-22,-24
43.445312,23,2179,2179,14,4,-27,-22,-24
43.449219,23,2179,2179,14,4,-27,-22,-24
43.453125,24,2179,2179,13,4,-27,-22,-25
43.457031,25,2179,2179,13,4,-27,-22,-24
43.460938,25,2179,2179,13,4,-27,-22,-25
43.464844,25,2179,2179,14,4,-27,-22,-24
43.468750,26,2179,2179,14,5,-27,-22,-25
43.472656,26,2179,2179,15,5,-27,-22,-25
43.476562,26,2179,2179,15,4,-27,-22,-25
43.480469,27,2179,2179,15,4,-27,-22,-25
43.484375,27,2179,2179,15,5,-27,-22,-25
43.488281,28,2179,2179,15,5,-27,-22,-24
43.492188,28,2179,2179,14,4,-27,-22,-24
43.496094,28,2179,2179,14,4,-27,-22,-25
43.500000,28,2179,2179,14,5,-26,-22,-24
43.503906,28,2179,2179,14,5,-26,-22,-24
43.507812,28,2179,2179,14,4,-26,-21,-24
43.511719,28,2179,2179,14,4,-26,-21,-24
43.515625,28,2179,2179,15,5,-30,-21,-24
43.519531,28,2179,2179,15,5,-26,-21,-24
43.523438,29,2179,2179,15,4,-26,-21,-24
43.527344,29,2179,2179,14,4,-26,-22,-24
43.531250,29,2179,2179,14,4,-27,-22,-24
43.535156,30,2179,2179,14,5,-26,-22,-24
43.539062,30,2179,2179,14,4,-26,-22,-24
43.542969,31,2179,2179,14,4,-27,-22,-24
43.546875,31,2179,2179,14,4,-27,-22,-24
43.550781,31,2179,2179,15,4,-27,-22,-24
43.554688,32,2179,2179,15,5,-27,-22,-24
43.558594,32,2179,2179,15,4,-27,-22,-24
43.562500,32,2179,2179,15,4,-27,-22,-25
43.566406,32,2179,2179,15,5,-27,-22,-24
43.570312,32,2179,2179,15,5,-27,-22,-25
43.574219,33,2179,2179,15,5,-27,-22,-25
43.578125,33,2179,2179,15,4,-27,-22,-25
43.582031,33,2179,2179,16,5,-27,-22,-24
43.585938,34,2179,2179,16,5,-27,-22,-24
43.589844,34,2179,2179,16,5,-27,-22,-25
43.593750,34,2179,2179,16,4,-27,-22,-24
43.597656,34,2179,2179,15,4,-27,-22,-24
43.601562,33,2179,2179,15,4,-27,-22,-24
43.605469,33,2179,2179,15,5,-27,-22,-24
43.609375,34,2179,2179,15,4,-26,-22,-24
43.613281,33,2179,2179,15,4,-26,-21,-24
43.617188,33,2179,2179,15,5,-26,-22,-24
43.621094,34,2179,2179,16,5,-26,-22,-24
43.625000,34,2179,2179,16,5,-26,-21,-24
43.628906,35,2179,2179,16,5,-27,-21,-24
43.632812,35,2179,2179,16,5,-26,-22,-24
43.636719,35,2179,2179,16,5,-26,-22,-24
43.640625,35,2179,2179,16,5,-20,-22,-24
43.644531,35,2179,2179,16,5,-27,-22,-24
43.648438,35,2179,2179,16,4,-26,-22,-24
43.652344,35,2179,2179,16,5,-27,-22,-24
43.656250,36,2179,2179,15,5,-26,-22,-24
43.660156,36,2179,2179,15,4,-27,-22,-24
43.664062,36,2179,2179,15,4,-27,-22,-24
43.667969,36,2179,2179,15,4,-27,-22,-24
43.671875,37,2179,2179,15,4,-27,-22,-25
43.675781,37,2179,2179,15,4,-27,-22,-24
43.679688,37,2179,2179,15,4,-27,-22,-25
43.683594,37,2179,2179,15,4,-27,-22,-25
43.687500,37,2179,2179,15,4,-27,-22,-24
43.691406,37,2179,2179,15,4,-27,-22,-24
43.695312,38,2179,2179,15,4,-26,-22,-24
43.699219,37,2179,2179,16,4,-26,-22,-24
43.703125,37,2179,2179,16,4,-27,-22,-24
43.707031,38,2179,2179,15,4,-27,-22,-24
43.710938,38,2179,2179,15,4,-27,-21,-24
43.714844,38,2179,2179,16,4,-26,-21,-24
43.718750,38,2179,2179,15,5,-26,-21,-24
43.722656,38,2179,2179,15,5,-27,-21,-24
43.726562,39,2179,2179,14,4,-27,-21,-24
43.730469,39,2179,2179,14,4,-27,-21,-24
43.734375,39,2179,2179,15,5,-27,-22,-24
43.738281,39,2179,2179,15,5,-27,-21,-24
43.742188,39,2179,2179,15,4,-27,-22,-24
43.746094,40,2179,2179,15,4,-27,-21,-24
43.750000,40,2179,2179,15,4,-27,-22,-24
43.753906,41,2179,2179,16,5,-27,-22,-24
43.757812,41,2179,2179,15,4,-26,-22,-25
43.761719,41,2179,2179,15,4,-27,-22,-24
43.765625,41,2179,2179,15,5,-34,-22,-25
43.769531,41,2179,2179,15,5,-27,-22,-25
43.773438,42,2179,2179,14,5,-27,-22,-24
43.777344,42,2179,2179,15,4,-27,-22,-24
43.781250,42,2179,2179,15,5,-27,-22,-25
43.785156,42,2179,2179,16,5,-27,-22,-25
43.789062,42,2179,2179,16,5,-27,-22,-24
43.792969,42,2179,2179,16,5,-27,-22,-24
43.796875,42,2179,2179,16,5,-27,-22,-25
43.800781,42,2179,2179,16,5,-26,-22,-24
43.804688,42,2179,2179,16,5,-27,-22,-24
43.808594,43,2179,2179,15,5,-27,-22,-24
43.812500,43,2179,2179,15,4,-26,-21,-24
43.816406,43,2179,2179,16,4,-26,-22,-24
43.820312,43,2179,2179,15,4,-26,-22,-24
43.824219,44,2179,2179,15,4,-27,-22,-24
43.828125,44,2179,2179,15,4,-27,-21,-24
43.832031,44,2179,2179,16,4,-27,-22,-24
43.835938,44,2179,2179,16,4,-27,-22,-24
43.839844,45,2179,2179,15,4,-27,-22,-24
43.843750,45,2179,2179,15,4,-27,-22,-24
43.847656,45,2179,2179,15,4,-27,-22,-24
43.851562,45,2179,2179,15,4,-27,-22,-25
43.855469,45,2179,2179,15,4,-27,-22,-25
43.859375,45,2179,2179,15,4,-27,-22,-24
43.863281,44,2179,2179,16,4,-27,-22,-24
43.867188,44,2179,2179,16,4,-27,-22,-24
43.871094,45,2179,2179,17,4,-27,-22,-24
43.875000,45,2179,2179,16,4,-27,-22,-25
43.878906,45,2179,2179,16,4,-27,-22,-24
43.882812,45,2179,2179,16,4,-27,-21,-24
43.886719,45,2179,2179,16,4,-27,-22,-24
43.890625,45,2179,2179,16,4,-21,-22,-24
43.894531,45,2179,2179,17,4,-27,-22,-24
43.898438,44,2179,2179,17,4,-26,-22,-24
43.902344,44,2179,2179,18,5,-26,-22,-24
43.906250,45,2179,2179,18,5,-26,-22,-24
43.910156,45,2179,2179,18,4,-27,-22,-24
43.914062,44,2179,2179,18,4,-27,-22,-24
43.917969,44,2179,2179,18,4,-26,-22,-24
43.921875,44,2179,2179,18,5,-26,-22,-24
43.925781,44,2179,2179,18,4,-26,-22,-24
43.929688,44,2179,2179,17,4,-27,-22,-24
43.933594,44,2179,2179,18,5,-26,-22,-24
43.937500,44,2179,2179,18,5,-26,-22,-24
43.941406,44,2179,2179,18,4,-26,-22,-24
43.945312,44,2179,2179,19,4,-27,-22,-24
43.949219,44,2179,2179,19,5,-27,-22,-25
43.953125,44,2179,2179,20,5,-27,-22,-25
43.957031,44,2179,2179,20,4,-27,-22,-25
43.960938,44,2179,2179,20,4,-27,-22,-25
43.964844,44,2179,2179,20,4,-27,-22,-25
43.968750,44,2179,2179,20,5,-27,-22,-25
43.972656,44,2179,2179,19,5,-27,-22,-25
43.976562,44,2179,2179,19,4,-27,-22,-25
43.980469,44,2179,2179,19,4,-27,-22,-25
43.984375,44,2179,2179,20,5,-27,-22,-24
43.988281,44,2179,2179,20,5,-27,-22,-24
43.992188,45,2179,2179,21,4,-27,-22,-24
43.996094,44,2179,2179,21,4,-27,-22,-24
44.000000,44,2179,2179,22,4,-26,-22,-24
44.003906,45,2179,2179,23,5,-26,-22,-24
44.007812,45,2179,2179,24,4,-26,-21,-24
44.011719,45,2179,2179,24,4,-26,-22,-24
44.015625,45,2179,2179,25,5,-32,-21,-24
44.019531,45,2179,2179,26,5,-26,-21,-24
44.023438,45,2179,2179,26,4,-27,-22,-24
44.027344,45,2179,2179,27,4,-26,-22,-24
44.031250,45,2179,2179,28,4,-27,-22,-24
44.035156,45,2179,2179,30,5,-26,-22,-24
44.039062,45,2179,2179,31,4,-26,-22,-24
44.042969,45,2179,2179,33,4,-26,-22,-24
44.046875,45,2179,2179,34,4,-26,-22,-24
44.050781,45,2179,2179,37,4,-27,-22,-24
44.054688,46,2179,2179,38,5,-26,-22,-24
44.058594,45,2179,2179,40,4,-27,-22,-24
44.062500,45,2179,2179,41,4,-27,-22,-24
44.066406,45,2179,2179,43,4,-27,-22,-24
44.070312,45,2179,2179,45,4,-27,-22,-25
44.074219,45,2179,2179,46,4,-27,-22,-25
44.078125,45,2179,2179,48,4,-27,-22,-25
44.082031,44,2179,2179,50,4,-27,-22,-24
44.085938,44,2179,2179,51,5,-27,-22,-25
44.089844,44,2179,2179,53,5,-27,-22,-24
44.093750,45,2179,2179,55,4,-27,-22,-24
44.097656,44,2179,2179,57,4,-26,-22,-24
44.101562,44,2179,2179,59,4,-26,-22,-24
44.105469,44,2179,2179,61,5,-26,-22,-24
44.109375,44,2179,2179,63,4,-26,-22,-24
44.113281,44,2179,2179,66,4,-26,-22,-24
44.117188,44,2179,2179,68,5,-26,-22,-24
44.121094,45,2179,2179,70,5,-27,-21,-24
44.125000,45,2179,2179,71,4,-27,-21,-24
44.128906,45,2179,2179,73,4,-26,-22,-24
44.132812,45,2179,2179,75,5,-27,-21,-24
44.136719,45,2179,2179,78,5,-26,-22,-24
44.140625,45,2179,2179,80,4,-26,-22,-24
44.144531,45,2179,2179,83,4,-26,-22,-24
44.148438,45,2179,2179,86,4,-27,-22,-24
44.152344,45,2179,2179,89,5,-27,-22,-24
44.156250,45,2179,2179,92,5,-27,-22,-24
44.160156,45,2179,2179,94,4,-27,-22,-24
44.164062,45,2179,2179,97,5,-27,-22,-24
44.167969,45,2179,2179,100,5,-27,-22,-24
44.171875,45,2179,2179,102,5,-27,-22,-24
44.175781,45,2179,2179,104,5,-27,-22,-25
44.179688,45,2179,2179,106,5,-27,-22,-24
44.183594,45,2179,2179,108,5,-27,-22,-24
44.187500,45,2179,2179,110,5,-26,-22,-24
44.191406,45,2179,2179,112,5,-27,-22,-24
44.195312,45,2179,2179,114,5,-27,-22,-24
44.199219,44,2179,2179,116,5,-27,-22,-24
44.203125,45,2179,2179,118,5,-26,-22,-24
44.207031,45,2179,2179,119,5,-26,-22,-24
44.210938,45,2179,2179,120,4,-27,-22,-24
44.214844,45,2179,2179,122,4,-26,-22,-24
44.218750,46,2179,2179,123,5,-26,-22,-24
44.222656,46,2179,2179,124,5,-26,-22,-24
44.226562,46,2179,2179,125,4,-26,-22,-24
44.230469,46,2179,2179,127,4,-26,-22,-24
44.234375,46,2179,2179,129,5,-26,-22,-24
44.238281,46,2179,2179,132,5,-26,-22,-24
44.242188,46,2179,2179,134,4,-27,-21,-24
44.246094,46,2179,2179,136,4,-26,-21,-24
44.250000,46,2179,2179,138,4,-27,-21,-24
44.253906,46,2179,2179,140,5,-27,-22,-24
44.257812,46,2179,2179,141,4,-27,-21,-25
44.261719,46,2179,2179,142,4,-27,-22,-25
44.265625,46,2179,2179,143,4,-27,-22,-25
44.269531,46,2179,2179,143,4,-27,-22,-25
44.273438,46,2179,2179,144,4,-27,-22,-24
44.277344,46,2179,2179,145,4,-27,-22,-24
44.281250,46,2179,2179,146,4,-27,-22,-24
44.285156,46,2179,2179,148,4,-27,-22,-24
44.289062,46,2179,2179,149,4,-27,-22,-24
44.292969,46,2179,2179,150,4,-26,-22,-24
44.296875,46,2179,2179,151,4,-27,-22,-24
44.300781,46,2179,2179,152,4,-26,-22,-24
44.304688,46,2179,2179,153,5,-26,-21,-24
44.308594,45,2179,2179,154,4,-26,-21,-24
44.312500,45,2179,2179,155,4,-26,-21,-24
44.316406,45,2179,2179,157,5,-26,-22,-24
44.320312,45,2179,2179,158,5,-26,-21,-24
44.324219,46,2179,2179,159,4,-26,-22,-24
44.328125,46,2179,2179,160,4,-26,-21,-24
44.332031,46,2179,2179,161,5,-27,-22,-24
44.335938,46,2179,2179,161,5,-26,-21,-24
44.339844,46,2179,2179,161,5,-26,-22,-24
44.343750,46,2179,2179,161,5,-27,-22,-24
44.347656,46,2179,2179,161,4,-27,-22,-24
44.351562,46,2179,2179,161,5,-27,-22,-25
44.355469,46,2179,2179,162,5,-27,-22,-25
44.359375,46,2179,2179,163,4,-27,-22,-24
44.363281,45,2179,2179,164,5,-27,-22,-25
44.367188,45,2179,2179,166,5,-27,-22,-25
44.371094,45,2179,2179,167,5,-27,-22,-25
44.375000,46,2179,2179,167,5,-27,-22,-25
44.378906,45,2179,2179,168,5,-27,-22,-24
44.382812,45,2179,2179,169,5,-27,-22,-24
44.386719,45,2179,2179,170,5,-27,-22,-24
44.390625,45,2179,2179,170,5,-27,-22,-24
44.394531,44,2179,2179,170,4,-27,-22,-24
44.398438,44,2179,2179,170,4,-26,-22,-24
44.402344,44,2179,2179,170,5,-26,-21,-24
44.406250,44,2179,2179,169,5,-26,-21,-24
44.410156,44,2179,2179,169,4,-26,-21,-24
44.414062,44,2179,2179,169,4,-26,-21,-24
44.417969,44,2179,2179,169,4,-26,-22,-24
44.421875,44,2179,2179,169,4,-26,-21,-25
44.425781,44,2179,2179,169,4,-26,-22,-24
44.429688,44,2179,2179,169,4,-27,-22,-25
44.433594,44,2179,2179,170,4,-26,-22,-25
44.437500,44,2179,2179,170,4,-27,-22,-24
44.441406,44,2179,2179,170,4,-27,-22,-24
44.445312,44,2179,2179,170,4,-27,-22,-24
44.449219,44,2179,2179,171,4,-27,-22,-24
44.453125,44,2179,2179,172,4,-27,-22,-24
44.457031,44,2179,2179,173,4,-27,-22,-24
44.460938,44,2179,2179,174,4,-26,-22,-25
44.464844,44,2179,2179,175,4,-27,-22,-24
44.468750,43,2179,2179,175,5,-27,-22,-24
44.472656,44,2179,2179,176,5,-27,-22,-25
44.476562,43,2179,2179,175,5,-27,-22,-24
44.480469,43,2179,2179,175,4,-27,-22,-24
44.484375,42,2179,2179,175,5,-27,-22,-24
44.488281,42,2179,2179,175,5,-27,-22,-24
44.492188,42,2179,2179,174,4,-27,-22,-24
44.496094,42,2179,2179,174,4,-27,-22,-24
44.500000,42,2179,2179,175,5,-27,-22,-24
44.503906,42,2179,2179,175,5,-27,-22,-24
44.507812,42,2179,2179,175,4,-26,-21,-24
44.511719,42,2179,2179,175,4,-26,-22,-24
44.515625,42,2179,2179,176,5,-26,-21,-24
44.519531,41,2179,2179,176,4,-26,-21,-24
44.523438,42,2179,2179,176,4,-26,-21,-24
44.527344,41,2179,2179,177,4,-27,-22,-24
44.531250,41,2179,2179,177,4,-27,-22,-24
44.535156,41,2179,2179,177,4,-27,-22,-24
44.539062,41,2179,2179,177,4,-27,-22,-24
44.542969,42,2179,2179,177,4,-27,-22,-24
44.546875,42,2179,2179,176,4,-27,-22,-24
44.550781,41,2179,2179,177,5,-27,-22,-25
44.554688,42,2179,2179,177,5,-27,-22,-24
44.558594,42,2179,2179,176,4,-27,-22,-24
44.562500,41,2179,2179,177,4,-27,-22,-24
44.566406,41,2179,2179,177,5,-27,-22,-24
44.570312,41,2179,2179,178,5,-27,-22,-24
44.574219,41,2179,2179,178,5,-27,-22,-24
44.578125,40,2179,2179,178,5,-27,-22,-24
44.582031,40,2179,2179,178,5,-27,-22,-24
44.585938,40,2179,2179,178,5,-27,-22,-24
44.589844,40,2179,2179,178,5,-27,-22,-24
44.593750,40,2179,2179,178,5,-27,-22,-24
44.597656,40,2179,2179,178,4,-27,-22,-24
44.601562,39,2179,2179,179,5,-27,-22,-24
44.605469,40,2179,2179,179,5,-26,-22,-24
44.609375,40,2179,2179,179,4,-26,-22,-24
44.613281,39,2179,2179,180,4,-27,-22,-24
44.617188,40,2179,2179,180,5,-26,-22,-24
44.621094,40,2179,2179,180,5,-26,-22,-24
44.625000,40,2179,2179,180,4,-26,-22,-24
44.628906,40,2179,2179,180,4,-26,-21,-24
44.632812,40,2179,2179,180,5,-26,-22,-24
44.636719,40,2179,2179,180,5,-27,-22,-24
44.640625,40,2179,2179,180,4,-26,-22,-24
44.644531,40,2179,2179,180,4,-26,-22,-24
44.648438,39,2179,2179,181,4,-27,-22,-25
44.652344,39,2179,2179,181,4,-27,-22,-24
44.656250,39,2179,2179,182,4,-27,-22,-24
44.660156,40,2179,2179,182,4,-27,-22,-24
44.664062,39,2179,2179,182,4,-27,-22,-25
44.667969,39,2179,2179,182,4,-27,-22,-24
44.671875,39,2179,2179,182,5,-27,-22,-24
44.675781,39,2179,2179,181,4,-27,-22,-24
44.679688,38,2179,2179,181,4,-27,-22,-24
44.683594,38,2179,2179,182,5,-27,-22,-24
44.687500,38,2179,2179,182,5,-27,-22,-24
44.691406,38,2179,2179,181,4,-27,-22,-24
44.695312,37,2179,2179,182,4,-27,-22,-24
44.699219,37,2179,2179,182,4,-27,-22,-24
44.703125,37,2179,2179,182,5,-26,-22,-24
44.707031,37,2179,2179,182,4,-26,-21,-24
44.710938,37,2179,2179,182,4,-26,-21,-24
44.714844,37,2179,2179,183,4,-26,-21,-24
44.718750,37,2179,2179,183,4,-26,-21,-24
44.722656,38,2179,2179,183,5,-26,-21,-24
44.726562,38,2179,2179,183,4,-26,-21,-24
44.730469,38,2179,2179,183,4,-27,-21,-24
44.734375,38,2179,2179,183,5,-26,-21,-24
44.738281,38,2179,2179,183,5,-27,-21,-24
44.742188,38,2179,2179,182,4,-26,-21,-24
44.746094,38,2179,2179,182,4,-26,-22,-24
44.750000,38,2179,2179,183,5,-27,-22,-24
44.753906,38,2179,2179,183,5,-26,-22,-24
44.757812,38,2179,2179,183,5,-26,-22,-24
44.761719,38,2179,2179,183,5,-27,-22,-24
44.765625,37,2179,2179,184,5,-27,-22,-24
44.769531,37,2179,2179,184,5,-27,-22,-25
44.773438,37,2179,2179,184,5,-27,-22,-25
44.777344,37,2179,2179,184,5,-27,-22,-25
44.781250,36,2179,2179,185,5,-27,-22,-24
44.785156,36,2179,2179,185,5,-27,-22,-24
44.789062,36,2179,2179,185,5,-27,-22,-24
44.792969,36,2179,2179,185,5,-27,-22,-24
44.796875,35,2179,2179,185,4,-27,-22,-24
44.800781,35,2179,2179,185,5,-26,-22,-24
44.804688,35,2179,2179,185,5,-26,-22,-24
44.808594,34,2179,2179,184,5,-27,-22,-24
44.812500,34,2179,2179,184,5,-27,-22,-24
44.816406,34,2179,2179,185,5,-27,-22,-24
44.820312,34,2179,2179,185,5,-26,-22,-24
44.824219,34,2179,2179,185,4,-27,-22,-24
44.828125,34,2179,2179,185,4,-27,-22,-25
44.832031,33,2179,2179,185,5,-27,-22,-24
44.835938,33,2179,2179,185,5,-26,-22,-25
44.839844,33,2179,2179,185,4,-26,-22,-24
44.843750,33,2179,2179,185,4,-27,-22,-25
44.847656,33,2179,2179,185,4,-27,-22,-25
44.851562,33,2179,2179,185,4,-27,-22,-25
44.855469,33,2179,2179,186,4,-27,-22,-24
44.859375,33,2179,2179,185,4,-27,-22,-25
44.863281,33,2179,2179,185,4,-27,-22,-25
44.867188,33,2179,2179,186,4,-27,-22,-25
44.871094,33,2179,2179,186,4,-27,-22,-25
44.875000,33,2179,2179,185,4,-27,-22,-24
44.878906,33,2179,2179,185,4,-27,-22,-25
44.882812,33,2179,2179,186,5,-27,-23,-25
44.886719,33,2179,2179,185,5,-27,-22,-25
44.890625,33,2179,2179,185,4,-27,-22,-24
44.894531,33,2179,2179,185,5,-27,-22,-24
44.898438,33,2179,2179,185,5,-27,-21,-24
44.902344,33,2179,2179,186,5,-27,-21,-24
44.906250,33,2179,2179,185,5,-26,-21,-24
44.910156,33,2179,2179,186,4,-26,-22,-24
44.914062,33,2179,2179,186,5,-26,-22,-24
44.917969,33,2179,2179,187,5,-26,-21,-24
44.921875,33,2179,2179,187,5,-27,-22,-24
44.925781,33,2179,2179,187,5,-26,-21,-24
44.929688,32,2179,2179,186,5,-27,-22,-24
44.933594,32,2179,2179,186,5,-27,-22,-24
44.937500,32,2179,2179,185,5,-26,-22,-24
44.941406,32,2179,2179,185,5,-27,-22,-24
44.945312,33,2179,2179,184,4,-27,-22,-24
44.949219,32,2179,2179,185,5,-27,-22,-24
44.953125,32,2179,2179,185,5,-26,-22,-25
44.957031,32,2179,2179,185,5,-27,-22,-24
44.960938,32,2179,2179,185,4,-27,-22,-24
44.964844,32,2179,2179,186,4,-27,-22,-24
44.968750,32,2179,2179,186,5,-27,-22,-25
44.972656,32,2179,2179,186,5,-27,-22,-24
44.976562,32,2179,2179,187,4,-27,-22,-25
44.980469,31,2179,2179,187,4,-27,-22,-24
44.984375,31,2179,2179,187,5,-27,-22,-24
44.988281,32,2179,2179,187,5,-27,-22,-24
44.992188,31,2179,2179,186,4,-27,-22,-24
44.996094,31,2179,2179,186,4,-27,-22,-24
45.000000,31,2179,2179,186,4,-26,-22,-24
45.003906,31,2179,2179,186,5,-26,-21,-24
45.007812,31,2179,2179,185,4,-26,-21,-24
45.011719,31,2179,2179,185,4,-26,-21,-24
45.015625,30,2179,2179,186,4,-26,-21,-24
45.019531,30,2179,2179,186,4,-26,-22,-24
45.023438,31,2179,2179,186,4,-26,-21,-24
45.027344,30,2179,2179,187,4,-27,-22,-24
45.031250,30,2179,2179,187,4,-27,-22,-24
45.035156,30,2179,2179,187,5,-27,-22,-24
45.039062,30,2179,2179,187,5,-26,-22,-24
45.042969,30,2179,2179,186,4,-27,-22,-24
45.046875,29,2179,2179,186,4,-27,-22,-25
45.050781,29,2179,2179,186,4,-27,-22,-25
45.054688,29,2179,2179,186,4,-27,-22,-25
45.058594,29,2179,2179,186,4,-27,-22,-24
45.062500,29,2179,2179,186,4,-27,-22,-24
45.066406,28,2179,2179,187,5,-27,-22,-24
45.070312,28,2179,2179,187,4,-27,-22,-25
45.074219,28,2179,2179,186,4,-27,-22,-25
45.078125,28,2179,2179,186,4,-27,-22,-25
45.082031,27,2179,2179,187,5,-27,-22,-24
45.085938,27,2179,2179,187,5,-27,-22,-24
45.089844,26,2179,2179,186,5,-27,-22,-24
45.093750,26,2179,2179,186,4,-27,-22,-24
45.097656,25,2179,2179,186,4,-27,-22,-24
45.101562,24,2179,2179,187,5,-27,-22,-24
45.105469,25,2179,2179,186,5,-26,-22,-24
45.109375,24,2179,2179,185,4,-27,-22,-24
45.113281,24,2179,2179,182,4,-27,-22,-24
45.117188,23,2179,2179,176,4,-26,-22,-24
45.121094,24,2179,2179,166,4,-27,-22,-24
45.125000,23,2179,2179,154,4,-26,-22,-23
45.128906,23,2179,2179,139,4,-27,-22,-24
45.132812,22,2179,2179,126,5,-27,-22,-24
45.136719,21,2179,2179,114,5,-27,-22,-24
45.140625,21,2179,2179,105,4,-27,-22,-24
45.144531,21,2179,2179,100,4,-27,-22,-25
45.148438,20,2179,2179,98,5,-27,-22,-24
45.152344,20,2179,2179,98,4,-27,-22,-24
45.156250,20,2179,2179,97,4,-27,-22,-24
45.160156,20,2179,2179,95,4,-27,-22,-24
45.164062,19,2179,2179,90,5,-27,-22,-25
45.167969,19,2179,2179,81,5,-27,-22,-24
45.171875,19,2179,2179,69,5,-27,-22,-25
45.175781,19,2179,2179,55,5,-27,-22,-24
45.179688,19,2179,2179,42,5,-27,-22,-25
45.183594,19,2179,2179,31,5,-27,-22,-25
45.187500,18,2179,2179,24,5,-27,-22,-24
45.191406,18,2179,2179,20,5,-27,-22,-24
45.195312,18,2179,2179,19,5,-27,-22,-24
45.199219,18,2179,2179,21,5,-27,-22,-24
45.203125,18,2179,2179,23,5,-27,-22,-24
45.207031,18,2179,2179,24,4,-27,-22,-25
45.210938,18,2179,2179,24,4,-27,-22,-25
45.214844,17,2179,2179,24,4,-27,-22,-25
45.218750,17,2179,2179,22,5,-26,-22,-24
45.222656,17,2179,2179,20,5,-26,-22,-24
45.226562,17,2179,2179,19,4,-27,-22,-24
45.230469,16,2179,2179,18,4,-27,-22,-25
45.234375,16,2179,2179,18,4,-27,-22,-25
45.238281,16,2179,2179,18,4,-27,-22,-24
45.242188,16,2179,2179,17,4,-27,-22,-24
45.246094,16,2179,2179,17,4,-27,-22,-25
45.250000,15,2179,2179,17,4,-27,-22,-24
45.253906,15,2179,2179,16,4,-27,-22,-25
45.257812,15,2179,2179,15,4,-27,-22,-25
45.261719,15,2179,2179,14,4,-27,-22,-25
45.265625,15,2179,2179,14,4,-27,-22,-25
45.269531,15,2179,2179,14,4,-27,-22,-24
45.273438,15,2179,2179,14,4,-27,-22,-25
45.277344,14,2179,2179,15,4,-27,-22,-25
45.281250,14,2179,2179,15,4,-27,-22,-24
45.285156,13,2179,2179,15,4,-27,-22,-25
45.289062,13,2179,2179,15,4,-27,-22,-25
45.292969,12,2179,2179,15,4,-27,-22,-24
45.296875,12,2179,2179,14,4,-27,-22,-24
45.300781,12,2179,2179,14,5,-27,-22,-24
45.304688,12,2179,2179,14,5,-27,-21,-24
45.308594,12,2179,2179,13,4,-26,-21,-24
45.312500,12,2179,2179,13,4,-26,-21,-24
45.316406,12,2179,2179,13,5,-26,-21,-24
45.320312,13,2179,2179,14,5,-26,-21,-24
45.324219,13,2179,2179,14,4,-26,-21,-24
45.328125,13,2179,2179,14,4,-26,-21,-24
45.332031,12,2179,2179,15,5,-27,-22,-24
45.335938,12,2179,2179,15,5,-27,-22,-24
45.339844,12,2179,2179,15,5,-27,-22,-25
45.343750,12,2179,2179,15,5,-27,-22,-25
45.347656,12,2179,2179,14,5,-27,-22,-25
45.351562,12,2179,2179,15,5,-27,-22,-24
45.355469,12,2179,2179,15,5,-27,-22,-25
45.359375,12,2179,2179,15,5,-27,-22,-24
45.363281,12,2179,2179,15,5,-27,-22,-24
45.367188,12,2179,2179,16,5,-27,-22,-25
45.371094,12,2179,2179,16,5,-27,-22,-25
45.375000,11,2179,2179,16,5,-27,-22,-23
45.378906,11,2179,2179,16,5,-27,-22,-24
45.382812,11,2179,2179,16,5,-27,-22,-24
45.386719,10,2179,2179,15,5,-27,-22,-24
45.390625,10,2179,2179,14,5,-26,-22,-24
45.394531,10,2179,2179,14,5,-27,-21,-24
45.398438,10,2179,2179,14,5,-26,-21,-24
45.402344,10,2179,2179,14,5,-26,-22,-24
45.406250,10,2179,2179,14,5,-26,-22,-24
45.410156,10,2179,2179,14,4,-27,-21,-24
45.414062,10,2179,2179,14,5,-26,-21,-24
45.417969,10,2179,2179,15,5,-26,-21,-24
45.421875,10,2179,2179,15,4,-26,-21,-24
45.425781,10,2179,2179,14,4,-27,-21,-24
45.429688,10,2179,2179,14,4,-27,-21,-24
45.433594,10,2179,2179,15,4,-26,-21,-24
45.437500,10,2179,2179,15,4,-26,-21,-24
45.441406,11,2179,2179,14,4,-26,-21,-25
45.445312,11,2179,2179,15,4,-26,-22,-24
45.449219,10,2179,2179,15,4,-26,-22,-25
45.453125,10,2179,2179,16,4,-26,-22,-25
45.457031,10,2179,2179,15,4,-26,-22,-25
45.460938,10,2179,2179,15,4,-27,-22,-24
45.464844,9,2179,2179,16,4,-27,-22,-24
45.468750,9,2179,2179,16,5,-27,-22,-25
45.472656,9,2179,2179,14,5,-27,-22,-24
45.476562,9,2179,2179,15,4,-27,-22,-24
45.480469,8,2179,2179,14,4,-27,-22,-24
45.484375,8,2179,2179,14,5,-27,-22,-25
45.488281,8,2179,2179,14,5,-27,-22,-24
45.492188,8,2179,2179,13,4,-27,-22,-24
45.496094,8,2179,2179,13,4,-27,-22,-24
45.500000,8,2179,2179,13,5,-27,-22,-24
45.503906,8,2179,2179,14,5,-26,-22,-24
45.507812,8,2179,2179,14,4,-26,-22,-24
45.511719,8,2179,2179,14,4,-26,-22,-24
45.515625,8,2179,2179,15,5,-27,-22,-24
45.519531,8,2179,2179,15,5,-27,-22,-24
45.523438,8,2179,2179,15,4,-27,-22,-24
45.527344,8,2179,2179,15,4,-27,-22,-24
45.531250,8,2179,2179,15,4,-26,-21,-24
45.535156,8,2179,2179,15,4,-26,-21,-24
45.539062,8,2179,2179,15,5,-26,-21,-24
45.542969,8,2179,2179,14,4,-27,-21,-24
45.546875,8,2179,2179,14,4,-27,-22,-25
45.550781,7,2179,2179,14,4,-27,-22,-25
45.554688,8,2179,2179,15,5,-27,-22,-25
45.558594,8,2179,2179,15,4,-27,-22,-24
45.562500,8,2179,2179,15,5,-27,-22,-25
45.566406,8,2179,2179,15,5,-27,-22,-25
45.570312,8,2179,2179,15,5,-27,-22,-24
45.574219,8,2179,2179,15,5,-27,-22,-24
45.578125,8,2179,2179,15,5,-27,-22,-24
45.582031,7,2179,2179,15,5,-27,-22,-24
45.585938,7,2179,2179,15,5,-27,-22,-24
45.589844,7,2179,2179,14,5,-26,-22,-24
45.593750,7,2179,2179,13,5,-26,-22,-24
45.597656,7,2179,2179,13,4,-26,-22,-24
45.601562,7,2179,2179,14,5,-26,-21,-24
45.605469,7,2179,2179,14,5,-26,-21,-24
45.609375,7,2179,2179,14,4,-26,-21,-24
45.613281,6,2179,2179,15,4,-26,-21,-24
45.617188,6,2179,2179,16,5,-26,-21,-24
45.621094,6,2179,2179,16,5,-26,-21,-24
45.625000,6,2179,2179,16,4,-26,-21,-24
45.628906,6,2179,2179,16,4,-26,-22,-24
45.632812,6,2179,2179,16,5,-26,-22,-24
45.636719,6,2179,2179,16,5,-26,-22,-24
45.640625,6,2179,2179,15,4,-27,-22,-24
45.644531,6,2179,2179,15,4,-27,-22,-24
45.648438,5,2179,2179,15,4,-27,-22,-24
45.652344,5,2179,2179,15,4,-27,-22,-25
45.656250,6,2179,2179,14,4,-27,-22,-24
45.660156,6,2179,2179,14,4,-27,-22,-24
45.664062,5,2179,2179,14,4,-27,-22,-24
45.667969,5,2179,2179,15,4,-27,-22,-25
45.671875,5,2179,2179,15,5,-27,-22,-24
45.675781,4,2179,2179,15,4,-27,-22,-25
45.679688,4,2179,2179,15,4,-27,-22,-24
45.683594,4,2179,2179,15,5,-27,-22,-24
45.687500,4,2179,2179,15,5,-27,-22,-25
45.691406,4,2179,2179,14,4,-27,-22,-24
45.695312,4,2179,2179,14,4,-27,-21,-24
45.699219,4,2179,2179,13,5,-27,-21,-24
45.703125,4,2179,2179,13,5,-27,-22,-24
45.707031,4,2179,2179,13,4,-26,-22,-24
45.710938,4,2179,2179,13,4,-27,-21,-24
45.714844,4,2179,2179,14,4,-26,-21,-24
45.718750,4,2179,2179,14,4,-26,-21,-24
45.722656,4,2179,2179,15,5,-26,-21,-24
45.726562,4,2179,2179,14,4,-26,-21,-24
45.730469,4,2179,2179,14,4,-26,-21,-24
45.734375,4,2179,2179,15,5,-27,-21,-24
45.738281,5,2179,2179,14,5,-26,-21,-24
45.742188,5,2179,2179,14,4,-26,-21,-24
45.746094,5,2179,2179,14,4,-27,-22,-24
45.750000,4,2179,2179,14,5,-27,-22,-26
45.753906,4,2179,2179,14,5,-27,-22,-24
45.757812,5,2179,2179,14,4,-27,-22,-24
45.761719,5,2179,2179,15,4,-27,-22,-24
45.765625,5,2179,2179,16,5,-27,-22,-24
45.769531,5,2179,2179,16,5,-27,-22,-24
45.773438,5,2179,2179,16,5,-27,-22,-24
45.777344,5,2179,2179,16,5,-27,-22,-24
45.781250,4,2179,2179,16,5,-27,-22,-24
45.785156,4,2179,2179,16,5,-27,-22,-24
45.789062,5,2179,2179,16,5,-27,-22,-24
45.792969,4,2179,2179,15,5,-27,-22,-24
45.796875,4,2179,2179,15,5,-27,-22,-24
45.800781,5,2179,2179,15,5,-26,-22,-24
45.804688,5,2179,2179,15,5,-26,-21,-24
45.808594,5,2179,2179,14,4,-26,-21,-24
45.812500,5,2179,2179,14,4,-26,-21,-24
45.816406,5,2179,2179,15,4,-26,-22,-24
45.820312,5,2179,2179,15,4,-26,-22,-24
45.824219,5,2179,2179,14,4,-26,-22,-24
45.828125,5,2179,2179,14,4,-27,-22,-24
45.832031,4,2179,2179,15,4,-27,-22,-24
45.835938,4,2179,2179,15,4,-27,-22,-24
45.839844,4,2179,2179,14,4,-27,-22,-24
45.843750,4,2179,2179,15,4,-27,-22,-25
45.847656,4,2179,2179,16,4,-27,-22,-25
45.851562,4,2179,2179,15,4,-27,-22,-24
45.855469,4,2179,2179,15,4,-27,-22,-25
45.859375,4,2179,2179,14,4,-27,-22,-24
45.863281,4,2179,2179,14,4,-27,-22,-24
45.867188,4,2179,2179,14,4,-27,-22,-24
45.871094,5,2179,2179,14,4,-27,-22,-24
45.875000,5,2179,2179,14,4,-27,-22,-24
45.878906,5,2179,2179,14,4,-27,-22,-24
45.882812,4,2179,2179,14,4,-27,-22,-24
45.886719,4,2179,2179,14,4,-27,-22,-24
45.890625,4,2179,2179,14,4,-26,-22,-24
45.894531,4,2179,2179,14,4,-27,-22,-24
45.898438,3,2179,2179,15,4,-26,-21,-24
45.902344,3,2179,2179,15,5,-26,-21,-24
45.906250,3,2179,2179,15,5,-26,-21,-24
45.910156,3,2179,2179,15,4,-26,-21,-24
45.914062,3,2179,2179,16,4,-26,-21,-24
45.917969,3,2179,2179,16,5,-26,-21,-24
45.921875,4,2179,2179,16,5,-26,-21,-24
45.925781,4,2179,2179,16,5,-26,-21,-24
45.929688,4,2179,2179,15,4,-27,-22,-24
45.933594,5,2179,2179,16,5,-26,-22,-24
45.937500,5,2179,2179,16,5,-27,-21,-24
45.941406,5,2179,2179,15,4,-27,-21,-24
45.945312,5,2179,2179,15,4,-27,-21,-24
45.949219,5,2179,2179,16,5,-27,-22,-24
45.953125,5,2179,2179,16,5,-27,-22,-24
45.957031,5,2179,2179,15,5,-26,-22,-24
45.960938,5,2179,2179,15,4,-27,-22,-24
45.964844,5,2179,2179,16,4,-27,-22,-24
45.968750,5,2179,2179,16,5,-27,-22,-24
45.972656,6,2179,2179,16,5,-27,-22,-25
45.976562,6,2179,2179,15,5,-27,-22,-24
45.980469,5,2179,2179,15,5,-27,-22,-24
45.984375,5,2179,2179,16,5,-26,-22,-24
45.988281,5,2179,2179,16,5,-27,-22,-24
45.992188,5,2179,2179,15,5,-26,-21,-24
45.996094,5,2179,2179,15,5,-27,-21,-24
46.000000,5,2179,2179,15,5,-26,-22,-24
46.003906,5,2179,2179,15,5,-26,-21,-24
46.007812,5,2179,2179,15,4,-26,-21,-24
46.011719,6,2179,2179,14,5,-26,-21,-24
46.015625,6,2179,2179,14,5,-26,-21,-24
46.019531,6,2179,2179,14,5,-26,-21,-24
46.023438,6,2179,2179,13,5,-26,-21,-24
46.027344,6,2179,2179,13,4,-26,-21,-24
46.031250,6,2179,2179,14,4,-27,-21,-24
46.035156,7,2179,2179,14,5,-26,-21,-24
46.039062,7,2179,2179,13,4,-26,-21,-24
46.042969,7,2179,2179,13,4,-27,-22,-24
46.046875,7,2179,2179,13,4,-27,-22,-24
46.050781,7,2179,2179,14,4,-27,-22,-24
46.054688,8,2179,2179,14,4,-27,-22,-24
46.058594,8,2179,2179,13,4,-27,-22,-24
46.062500,8,2179,2179,14,4,-27,-22,-25
46.066406,7,2179,2179,14,5,-27,-22,-25
46.070312,7,2179,2179,14,4,-27,-22,-24
46.074219,8,2179,2179,14,4,-27,-22,-25
46.078125,8,2179,2179,14,4,-27,-22,-24
46.082031,7,2179,2179,15,5,-27,-22,-24
46.085938,7,2179,2179,15,5,-26,-22,-24
46.089844,7,2179,2179,14,4,-26,-22,-24
46.093750,7,2179,2179,15,4,-26,-22,-24
46.097656,6,2179,2179,15,4,-26,-22,-24
46.101562,6,2179,2179,16,5,-26,-22,-24
46.105469,6,2179,2179,16,5,-27,-21,-24
46.109375,6,2179,2179,16,5,-27,-22,-24
46.113281,6,2179,2179,16,5,-27,-22,-24
46.117188,6,2179,2179,16,5,-27,-22,-24
46.121094,6,2179,2179,16,5,-27,-22,-24
46.125000,6,2179,2179,15,4,-26,-21,-24
46.128906,6,2179,2179,15,4,-26,-22,-24
46.132812,6,2179,2179,16,4,-27,-21,-24
46.136719,7,2179,2179,15,4,-26,-22,-24
46.140625,7,2179,2179,15,4,-26,-22,-24
46.144531,7,2179,2179,15,4,-27,-22,-24
46.148438,7,2179,2179,15,4,-27,-22,-24
46.152344,7,2179,2179,16,5,-26,-22,-24
46.156250,7,2179,2179,15,5,-27,-22,-24
46.160156,8,2179,2179,15,4,-27,-22,-24
46.164062,7,2179,2179,15,4,-27,-22,-24
46.167969,7,2179,2179,16,5,-27,-22,-24
46.171875,8,2179,2179,15,5,-27,-22,-24
46.175781,8,2179,2179,15,5,-27,-22,-24
46.179688,8,2179,2179,15,5,-27,-22,-24
46.183594,8,2179,2179,15,5,-27,-22,-24
46.187500,8,2179,2179,15,5,-27,-22,-24
46.191406,8,2179,2179,15,5,-27,-22,-24
46.195312,8,2179,2179,15,5,-27,-22,-24
46.199219,7,2179,2179,15,5,-27,-21,-24
46.203125,7,2179,2179,16,5,-26,-21,-24
46.207031,8,2179,2179,16,5,-26,-21,-24
46.210938,8,2179,2179,15,5,-26,-21,-24
46.214844,8,2179,2179,16,4,-27,-22,-24
46.218750,8,2179,2179,15,5,-26,-21,-24
46.222656,9,2179,2179,15,5,-27,-21,-24
46.226562,9,2179,2179,14,5,-27,-22,-24
46.230469,9,2179,2179,15,4,-27,-22,-24
46.234375,9,2179,2179,15,5,-27,-22,-24
46.238281,9,2179,2179,15,5,-27,-22,-24
46.242188,10,2179,2179,15,4,-27,-22,-24
46.246094,10,2179,2179,15,4,-27,-22,-24
46.250000,10,2179,2179,15,4,-27,-22,-24
46.253906,10,2179,2179,15,4,-27,-22,-24
46.257812,10,2179,2179,14,3,-27,-22,-24
46.261719,10,2179,2179,14,4,-27,-22,-24
46.265625,10,2179,2179,14,4,-27,-22,-24
46.269531,10,2179,2179,14,4,-27,-22,-24
46.273438,10,2179,2179,14,4,-27,-22,-24
46.277344,11,2179,2179,14,4,-27,-22,-24
46.281250,10,2179,2179,15,4,-26,-22,-24
46.285156,10,2179,2179,15,4,-26,-22,-24
46.289062,10,2179,2179,16,4,-26,-22,-24
46.292969,10,2179,2179,16,4,-26,-21,-24
46.296875,10,2179,2179,16,4,-27,-22,-24
46.300781,10,2179,2179,16,5,-26,-22,-24
46.304688,10,2179,2179,16,5,-26,-22,-24
46.308594,10,2179,2179,15,5,-26,-21,-24
46.312500,11,2179,2179,15,5,-26,-22,-24
46.316406,10,2179,2179,15,5,-26,-21,-24
46.320312,10,2179,2179,15,5,-26,-21,-24
46.324219,11,2179,2179,14,4,-26,-21,-24
46.328125,11,2179,2179,14,4,-26,-21,-24
46.332031,11,2179,2179,15,5,-27,-22,-24
46.335938,11,2179,2179,15,5,-26,-22,-24
46.339844,12,2179,2179,15,4,-26,-22,-24
46.343750,12,2179,2179,16,5,-27,-22,-24
46.347656,11,2179,2179,16,4,-27,-22,-24
46.351562,12,2179,2179,16,5,-27,-22,-24
46.355469,12,2179,2179,16,5,-27,-22,-24
46.359375,12,2179,2179,15,4,-27,-22,-24
46.363281,12,2179,2179,15,5,-27,-22,-24
46.367188,12,2179,2179,15,5,-27,-22,-24
46.371094,13,2179,2179,15,5,-27,-22,-24
46.375000,13,2179,2179,14,5,-27,-22,-24
46.378906,13,2179,2179,14,5,-26,-22,-24
46.382812,13,2179,2179,15,5,-27,-22,-24
46.386719,13,2179,2179,15,5,-27,-22,-24
46.390625,13,2179,2179,15,5,-26,-22,-24
46.394531,14,2179,2179,15,5,-27,-22,-24
46.398438,14,2179,2179,15,5,-26,-22,-24
46.402344,14,2179,2179,15,5,-26,-21,-24
46.406250,15,2179,2179,15,5,-27,-21,-24
46.410156,16,2179,2179,15,4,-27,-22,-24
46.414062,16,2179,2179,15,4,-26,-22,-24
46.417969,16,2179,2179,16,4,-27,-21,-24
46.421875,17,2179,2179,16,4,-26,-21,-24
46.425781,17,2179,2179,15,4,-27,-22,-24
46.429688,17,2179,2179,15,4,-27,-22,-24
46.433594,18,2179,2179,15,4,-27,-22,-24
46.437500,19,2179,2179,15,4,-27,-22,-24
46.441406,19,2179,2179,15,4,-27,-22,-25
46.445312,19,2179,2179,15,4,-27,-22,-25
46.449219,19,2179,2179,15,4,-27,-22,-25
46.453125,19,2179,2179,15,4,-27,-22,-25
46.457031,19,2179,2179,15,4,-26,-22,-24
46.460938,19,2179,2179,15,4,-27,-22,-24
46.464844,20,2179,2179,15,3,-27,-22,-24
46.468750,20,2179,2179,14,5,-27,-22,-24
46.472656,21,2179,2179,14,5,-27,-22,-24
46.476562,21,2179,2179,13,4,-27,-22,-24
46.480469,21,2179,2179,13,5,-27,-22,-24
46.484375,21,2179,2179,13,5,-27,-22,-24
46.488281,22,2179,2179,13,5,-27,-22,-25
46.492188,22,2179,2179,13,4,-27,-22,-24
46.496094,21,2179,2179,14,4,-26,-22,-24
46.500000,22,2179,2179,14,5,-26,-22,-24
46.503906,22,2179,2179,15,5,-26,-22,-24
46.507812,22,2179,2179,15,4,-26,-22,-24
46.511719,22,2179,2179,15,4,-26,-22,-24
46.515625,22,2179,2179,15,5,-27,-22,-24
46.519531,23,2179,2179,15,5,-26,-21,-24
46.523438,23,2179,2179,14,4,-26,-21,-24
46.527344,24,2179,2179,14,4,-26,-22,-24
46.531250,24,2179,2179,14,4,-26,-22,-24
46.535156,24,2179,2179,14,5,-26,-22,-24
46.539062,25,2179,2179,14,4,-26,-22,-24
46.542969,26,2179,2179,14,5,-26,-22,-24
46.546875,26,2179,2179,14,4,-27,-22,-24
46.550781,26,2179,2179,14,5,-26,-22,-24
46.554688,27,2179,2179,14,5,-27,-22,-24
46.558594,27,2179,2179,13,5,-27,-22,-24
46.562500,28,2179,2179,14,5,-27,-22,-24
46.566406,27,2179,2179,14,5,-27,-22,-24
46.570312,27,2179,2179,15,5,-27,-22,-24
46.574219,28,2179,2179,15,5,-27,-22,-24
46.578125,28,2179,2179,15,5,-27,-22,-24
46.582031,28,2179,2179,15,5,-27,-22,-24
46.585938,28,2179,2179,15,5,-27,-22,-24
46.589844,29,2179,2179,15,5,-26,-22,-24
46.593750,29,2179,2179,15,5,-27,-22,-24
46.597656,29,2179,2179,15,5,-26,-22,-24
46.601562,29,2179,2179,15,5,-26,-22,-24
46.605469,30,2179,2179,15,5,-26,-22,-24
46.609375,31,2179,2179,15,4,-26,-22,-24
46.613281,31,2179,2179,15,4,-27,-22,-24
46.617188,31,2179,2179,15,5,-27,-22,-24
46.621094,32,2179,2179,15,5,-27,-22,-24
46.625000,33,2179,2179,14,4,-26,-22,-24
46.628906,33,2179,2179,15,4,-26,-22,-24
46.632812,32,2179,2179,15,5,-26,-22,-24
46.636719,33,2179,2179,15,5,-27,-22,-24
46.640625,33,2179,2179,15,4,-27,-22,-24
46.644531,33,2179,2179,15,4,-27,-22,-24
46.648438,33,2179,2179,16,5,-27,-22,-24
46.652344,33,2179,2179,16,5,-27,-22,-24
46.656250,33,2179,2179,16,5,-27,-22,-24
46.660156,33,2179,2179,15,4,-27,-22,-25
46.664062,32,2179,2179,15,4,-27,-22,-24
46.667969,32,2179,2179,15,5,-27,-22,-24
46.671875,32,2179,2179,15,5,-27,-22,-25
46.675781,32,2179,2179,15,4,-27,-22,-24
46.679688,31,2179,2179,15,4,-27,-22,-24
46.683594,31,2179,2179,16,5,-26,-22,-24
46.687500,31,2179,2179,16,5,-27,-22,-24
46.691406,31,2179,2179,15,4,-27,-22,-24
46.695312,31,2179,2179,15,4,-27,-22,-24
46.699219,31,2179,2179,15,5,-27,-21,-24
46.703125,31,2179,2179,15,4,-26,-22,-24
46.707031,31,2179,2179,15,4,-25,-22,-24
46.710938,31,2179,2179,15,4,-26,-21,-24
46.714844,31,2179,2179,15,5,-26,-21,-24
46.718750,31,2179,2179,15,4,-26,-21,-24
46.722656,31,2179,2179,15,5,-26,-21,-24
46.726562,31,2179,2179,15,4,-26,-22,-24
46.730469,31,2179,2179,15,4,-27,-21,-24
46.734375,31,2179,2179,15,5,-27,-22,-24
46.738281,32,2179,2179,15,5,-27,-21,-25
46.742188,32,2179,2179,15,4,-27,-22,-24
46.746094,32,2179,2179,15,4,-27,-22,-25
46.750000,32,2179,2179,16,5,-27,-22,-25
46.753906,32,2179,2179,16,5,-27,-22,-24
46.757812,33,2179,2179,15,5,-26,-22,-24
46.761719,33,2179,2179,15,5,-27,-22,-24
46.765625,32,2179,2179,16,5,-27,-22,-25
46.769531,32,2179,2179,16,5,-27,-22,-24
46.773438,32,2179,2179,16,5,-27,-22,-24
46.777344,32,2179,2179,15,5,-27,-22,-24
46.781250,32,2179,2179,16,5,-27,-22,-24
46.785156,32,2179,2179,16,5,-27,-22,-24
46.789062,32,2179,2179,16,5,-26,-22,-24
46.792969,32,2179,2179,15,5,-26,-21,-24
46.796875,32,2179,2179,15,5,-26,-21,-24
46.800781,32,2179,2179,16,5,-26,-21,-24
46.804688,33,2179,2179,16,5,-26,-21,-24
46.808594,34,2179,2179,16,4,-26,-21,-24
46.812500,33,2179,2179,16,5,-26,-21,-24
46.816406,34,2179,2179,16,5,-26,-22,-24
46.820312,34,2179,2179,16,5,-27,-22,-24
46.824219,35,2179,2179,15,5,-27,-22,-24
46.828125,35,2179,2179,15,4,-27,-22,-24
46.832031,35,2179,2179,16,5,-28,-22,-24
46.835938,35,2179,2179,16,5,-27,-22,-24
46.839844,35,2179,2179,15,5,-27,-22,-24
46.843750,35,2179,2179,15,4,-27,-22,-24
46.847656,35,2179,2179,15,4,-27,-22,-24
46.851562,36,2179,2179,16,4,-27,-22,-24
46.855469,36,2179,2179,15,4,-27,-22,-25
46.859375,36,2179,2179,15,4,-27,-22,-25
46.863281,36,2179,2179,15,4,-27,-22,-25
46.867188,36,2179,2179,15,4,-27,-22,-25
46.871094,37,2179,2179,15,4,-27,-22,-25
46.875000,37,2179,2179,15,4,-27,-22,-25
46.878906,37,2179,2179,15,4,-27,-22,-24
46.882812,37,2179,2179,16,4,-27,-22,-25
46.886719,37,2179,2179,16,4,-27,-22,-24
46.890625,37,2179,2179,15,4,-27,-22,-24
46.894531,37,2179,2179,15,4,-27,-22,-24
46.898438,38,2179,2179,15,5,-27,-22,-24
46.902344,38,2179,2179,16,5,-26,-22,-24
46.906250,38,2179,2179,15,5,-26,-22,-24
46.910156,38,2179,2179,15,5,-26,-22,-24
46.914062,38,2179,2179,15,5,-26,-22,-24
46.917969,38,2179,2179,16,5,-26,-22,-24
46.921875,39,2179,2179,16,5,-27,-21,-24
46.925781,39,2179,2179,15,5,-26,-21,-24
46.929688,39,2179,2179,15,5,-26,-22,-24
46.933594,39,2179,2179,16,5,-26,-21,-24
46.937500,40,2179,2179,16,5,-27,-22,-24
46.941406,40,2179,2179,16,5,-27,-22,-25
46.945312,40,2179,2179,15,4,-27,-22,-24
46.949219,40,2179,2179,16,5,-27,-22,-25
46.953125,40,2179,2179,16,5,-27,-22,-25
46.957031,41,2179,2179,15,5,-24,-22,-25
46.960938,41,2179,2179,15,5,-27,-22,-25
46.964844,41,2179,2179,16,5,-27,-22,-25
46.968750,41,2179,2179,16,5,-27,-22,-24
46.972656,41,2179,2179,15,5,-27,-22,-25
46.976562,41,2179,2179,16,4,-26,-22,-24
46.980469,41,2179,2179,16,4,-26,-22,-24
46.984375,41,2179,2179,17,5,-26,-22,-24
46.988281,41,2179,2179,17,5,-26,-22,-24
46.992188,41,2179,2179,17,4,-27,-22,-24
46.996094,41,2179,2179,17,4,-26,-22,-24
47.000000,41,2179,2179,18,5,-26,-21,-24
47.003906,41,2179,2179,18,5,-26,-21,-24
47.007812,41,2179,2179,17,5,-26,-21,-24
47.011719,41,2179,2179,18,5,-26,-21,-24
47.015625,41,2179,2179,18,5,-26,-21,-24
47.019531,41,2179,2179,18,5,-26,-22,-24
47.023438,41,2179,2179,17,5,-26,-22,-24
47.027344,41,2179,2179,17,4,-26,-21,-24
47.031250,41,2179,2179,18,4,-26,-21,-24
47.035156,41,2179,2179,18,5,-26,-21,-24
47.039062,42,2179,2179,18,5,-27,-21,-24
47.042969,42,2179,2179,18,4,-26,-21,-24
47.046875,42,2179,2179,19,4,-27,-22,-24
47.050781,42,2179,2179,19,5,-27,-21,-25
47.054688,43,2179,2179,20,5,-27,-22,-25
47.058594,43,2179,2179,19,4,-27,-22,-24
47.062500,42,2179,2179,19,4,-27,-22,-24
47.066406,42,2179,2179,20,4,-27,-22,-24
47.070312,42,2179,2179,19,4,-27,-22,-24
47.074219,42,2179,2179,19,4,-27,-22,-24
47.078125,42,2179,2179,19,4,-27,-22,-24
47.082031,42,2179,2179,20,5,-30,-22,-24
47.085938,42,2179,2179,20,4,-27,-22,-24
47.089844,42,2179,2179,20,4,-27,-22,-24
47.093750,42,2179,2179,21,4,-27,-22,-24
47.097656,42,2179,2179,22,4,-27,-22,-24
47.101562,42,2179,2179,22,5,-26,-22,-24
47.105469,43,2179,2179,22,5,-26,-22,-24
47.109375,43,2179,2179,22,4,-27,-22,-24
47.113281,43,2179,2179,23,4,-27,-22,-24
47.117188,42,2179,2179,24,5,-27,-22,-24
47.121094,43,2179,2179,25,5,-26,-22,-24
47.125000,43,2179,2179,25,4,-27,-22,-24
47.128906,43,2179,2179,26,4,-27,-21,-24
47.132812,43,2179,2179,27,4,-27,-22,-24
47.136719,43,2179,2179,27,4,-26,-22,-24
47.140625,43,2179,2179,28,4,-27,-22,-24
47.144531,44,2179,2179,29,4,-27,-22,-25
47.148438,44,2179,2179,30,4,-27,-22,-25
47.152344,44,2179,2179,32,5,-27,-22,-25
47.156250,44,2179,2179,32,5,-27,-22,-25
47.160156,44,2179,2179,34,4,-27,-22,-25
47.164062,43,2179,2179,36,4,-27,-22,-24
47.167969,43,2179,2179,37,5,-27,-22,-24
47.171875,43,2179,2179,39,5,-27,-22,-24
47.175781,43,2179,2179,40,5,-27,-22,-24
47.179688,43,2179,2179,41,5,-27,-21,-24
47.183594,42,2179,2179,43,5,-27,-22,-24
47.187500,43,2179,2179,45,5,-26,-22,-24
47.191406,43,2179,2179,46,5,-26,-21,-24
47.195312,43,2179,2179,47,5,-26,-22,-24
47.199219,43,2179,2179,49,5,-26,-21,-24
47.203125,43,2179,2179,51,5,-26,-21,-24
47.207031,43,2179,2179,52,5,-21,-21,-24
47.210938,43,2179,2179,53,5,-27,-21,-24
47.214844,43,2179,2179,55,5,-26,-21,-24
47.218750,43,2179,2179,57,5,-26,-21,-24
47.222656,43,2179,2179,58,5,-26,-21,-24
47.226562,43,2179,2179,60,4,-26,-22,-24
47.230469,43,2179,2179,63,5,-27,-22,-24
47.234375,43,2179,2179,65,5,-27,-22,-24
47.238281,43,2179,2179,68,5,-27,-22,-24
47.242188,43,2179,2179,70,4,-27,-22,-24
47.246094,43,2179,2179,72,4,-27,-22,-25
47.250000,43,2179,2179,74,4,-27,-22,-25
47.253906,43,2179,2179,76,4,-27,-22,-25
47.257812,43,2179,2179,78,4,-27,-22,-25
47.261719,43,2179,2179,80,4,-27,-22,-25
47.265625,43,2179,2179,81,4,-27,-22,-25
47.269531,43,2179,2179,83,4,-27,-22,-25
47.273438,43,2179,2179,84,4,-27,-22,-25
47.277344,43,2179,2179,86,4,-27,-22,-25
47.281250,43,2179,2179,88,4,-27,-22,-24
47.285156,43,2179,2179,90,4,-27,-22,-24
47.289062,43,2179,2179,92,4,-26,-22,-24
47.292969,43,2179,2179,94,4,-27,-22,-24
47.296875,43,2179,2179,97,4,-26,-22,-24
47.300781,43,2179,2179,99,5,-26,-22,-24
47.304688,43,2179,2179,102,5,-26,-21,-24
47.308594,43,2179,2179,103,4,-26,-21,-24
47.312500,43,2179,2179,105,4,-27,-21,-24
47.316406,43,2179,2179,107,5,-26,-21,-24
47.320312,43,2179,2179,109,5,-26,-21,-24
47.324219,43,2179,2179,110,5,-26,-21,-24
47.328125,43,2179,2179,112,5,-27,-21,-24
47.332031,43,2179,2179,115,5,-33,-21,-24
47.335938,43,2179,2179,117,5,-27,-21,-24
47.339844,43,2179,2179,119,5,-27,-21,-24
47.343750,42,2179,2179,122,5,-27,-21,-24
47.347656,42,2179,2179,124,5,-27,-21,-25
47.351562,42,2179,2179,126,5,-27,-22,-25
47.355469,42,2179,2179,127,5,-27,-22,-25
47.359375,42,2179,2179,128,5,-27,-22,-24
47.363281,41,2179,2179,129,5,-26,-22,-25
47.367188,41,2179,2179,131,5,-26,-22,-25
47.371094,41,2179,2179,132,5,-26,-22,-25
47.375000,42,2179,2179,132,5,-27,-22,-24
47.378906,41,2179,2179,133,5,-27,-22,-24
47.382812,41,2179,2179,135,5,-27,-22,-24
47.386719,41,2179,2179,136,5,-27,-22,-25
47.390625,41,2179,2179,137,5,-27,-22,-24
47.394531,41,2179,2179,138,5,-26,-22,-24
47.398438,41,2179,2179,139,5,-26,-22,-24
47.402344,41,2179,2179,141,5,-26,-22,-24
47.406250,42,2179,2179,142,5,-26,-21,-24
47.410156,41,2179,2179,144,4,-26,-21,-24
47.414062,41,2179,2179,145,4,-26,-21,-24
47.417969,41,2179,2179,146,5,-26,-22,-24
47.421875,42,2179,2179,147,5,-26,-21,-24
47.425781,42,2179,2179,146,4,-27,-21,-24
47.429688,42,2179,2179,147,4,-27,-22,-24
47.433594,42,2179,2179,147,4,-27,-22,-24
47.437500,43,2179,2179,148,4,-27,-22,-25
47.441406,43,2179,2179,149,4,-26,-22,-24
47.445312,43,2179,2179,150,4,-27,-22,-25
47.449219,43,2179,2179,151,4,-27,-21,-24
47.453125,43,2179,2179,153,4,-27,-22,-25
47.457031,43,2179,2179,153,4,-21,-22,-25
47.460938,43,2179,2179,154,4,-27,-22,-24
47.464844,43,2179,2179,154,5,-27,-22,-24
47.468750,43,2179,2179,155,5,-27,-22,-24
47.472656,43,2179,2179,155,5,-27,-22,-24
47.476562,43,2179,2179,155,4,-27,-22,-24
47.480469,43,2179,2179,156,4,-26,-22,-24
47.484375,43,2179,2179,158,5,-26,-22,-24
47.488281,43,2179,2179,159,5,-26,-22,-24
47.492188,43,2179,2179,160,5,-27,-22,-24
47.496094,43,2179,2179,161,4,-27,-22,-24
47.500000,42,2179,2179,162,5,-26,-22,-24
47.503906,43,2179,2179,163,5,-26,-22,-24
47.507812,43,2179,2179,163,4,-26,-22,-24
47.511719,43,2179,2179,164,5,-27,-22,-24
47.515625,43,2179,2179,164,5,-26,-22,-24
47.519531,43,2179,2179,165,5,-26,-22,-24
47.523438,43,2179,2179,165,4,-26,-22,-24
47.527344,43,2179,2179,166,4,-27,-22,-24
47.531250,42,2179,2179,167,4,-27,-22,-24
47.535156,43,2179,2179,167,4,-26,-22,-24
47.539062,43,2179,2179,168,5,-27,-22,-24
47.542969,42,2179,2179,167,4,-27,-22,-24
47.546875,42,2179,2179,167,4,-27,-22,-25
47.550781,42,2179,2179,168,5,-27,-22,-25
47.554688,42,2179,2179,168,5,-27,-22,-25
47.558594,42,2179,2179,168,5,-27,-22,-24
47.562500,42,2179,2179,168,5,-27,-22,-24
47.566406,42,2179,2179,169,5,-27,-22,-25
47.570312,41,2179,2179,170,5,-27,-22,-24
47.574219,41,2179,2179,170,5,-27,-21,-25
47.578125,41,2179,2179,170,5,-27,-22,-24
47.582031,40,2179,2179,171,5,-34,-22,-24
47.585938,40,2179,2179,172,5,-26,-22,-24
47.589844,40,2179,2179,172,5,-26,-22,-24
47.593750,40,2179,2179,172,5,-26,-22,-24
47.597656,40,2179,2179,173,5,-26,-22,-24
47.601562,40,2179,2179,173,5,-26,-21,-24
47.605469,41,2179,2179,172,5,-26,-21,-24
47.609375,41,2179,2179,172,5,-27,-21,-24
47.613281,41,2179,2179,171,5,-27,-21,-24
47.617188,41,2179,2179,172,5,-26,-21,-24
47.621094,41,2179,2179,172,5,-27,-21,-24
47.625000,41,2179,2179,172,5,-27,-21,-24
47.628906,41,2179,2179,172,5,-27,-22,-24
47.632812,41,2179,2179,173,5,-27,-22,-24
47.636719,41,2179,2179,174,5,-27,-22,-24
47.640625,42,2179,2179,174,4,-27,-22,-25
47.644531,41,2179,2179,174,4,-27,-22,-24
47.648438,41,2179,2179,175,5,-27,-22,-25
47.652344,41,2179,2179,174,5,-27,-22,-25
47.656250,41,2179,2179,174,5,-27,-22,-25
47.660156,41,2179,2179,174,5,-27,-22,-25
47.664062,41,2179,2179,174,5,-27,-22,-25
47.667969,41,2179,2179,174,5,-27,-22,-25
47.671875,41,2179,2179,175,5,-27,-22,-24
47.675781,41,2179,2179,175,4,-27,-22,-24
47.679688,41,2179,2179,175,5,-27,-22,-24
47.683594,40,2179,2179,176,5,-27,-22,-24
47.687500,41,2179,2179,176,5,-26,-21,-24
47.691406,41,2179,2179,176,4,-26,-22,-24
47.695312,41,2179,2179,176,4,-26,-21,-24
47.699219,40,2179,2179,176,4,-26,-21,-24
47.703125,40,2179,2179,176,4,-26,-22,-24
47.707031,41,2179,2179,176,4,-26,-22,-24
47.710938,41,2179,2179,176,4,-26,-22,-24
47.714844,41,2179,2179,176,4,-26,-22,-24
47.718750,41,2179,2179,177,4,-26,-22,-24
47.722656,41,2179,2179,177,4,-26,-21,-24
47.726562,41,2179,2179,177,4,-27,-21,-24
47.730469,41,2179,2179,177,4,-27,-22,-24
47.734375,41,2179,2179,178,4,-27,-22,-24
47.738281,41,2179,2179,178,4,-27,-22,-24
47.742188,41,2179,2179,177,4,-27,-22,-24
47.746094,41,2179,2179,178,4,-27,-22,-24
47.750000,41,2179,2179,178,5,-27,-22,-25
47.753906,41,2179,2179,178,5,-26,-22,-24
47.757812,42,2179,2179,177,5,-27,-22,-24
47.761719,42,2179,2179,177,5,-27,-22,-25
47.765625,42,2179,2179,177,5,-27,-22,-25
47.769531,41,2179,2179,177,6,-27,-22,-25
47.773438,41,2179,2179,177,5,-27,-22,-25
47.777344,41,2179,2179,177,5,-27,-22,-24
47.781250,40,2179,2179,178,5,-27,-22,-24
47.785156,40,2179,2179,178,5,-27,-22,-24
47.789062,40,2179,2179,179,5,-27,-22,-24
47.792969,40,2179,2179,179,5,-27,-21,-24
47.796875,40,2179,2179,180,5,-27,-21,-24
47.800781,40,2179,2179,180,5,-26,-21,-24
47.804688,40,2179,2179,181,5,-26,-21,-24
47.808594,41,2179,2179,180,4,-27,-21,-24
47.812500,40,2179,2179,180,4,-27,-21,-24
47.816406,40,2179,2179,180,4,-27,-21,-24
47.820312,40,2179,2179,180,4,-26,-21,-24
47.824219,40,2179,2179,179,4,-26,-21,-24
47.828125,40,2179,2179,179,4,-26,-22,-24
47.832031,40,2179,2179,179,4,-26,-22,-24
47.835938,40,2179,2179,179,4,-27,-22,-25
47.839844,40,2179,2179,179,4,-27,-22,-24
47.843750,40,2179,2179,179,4,-27,-22,-24
47.847656,40,2179,2179,179,4,-27,-22,-24
47.851562,40,2179,2179,179,5,-27,-22,-25
47.855469,40,2179,2179,179,5,-27,-22,-24
47.859375,39,2179,2179,179,4,-27,-22,-25
47.863281,39,2179,2179,179,4,-27,-22,-24
47.867188,39,2179,2179,180,4,-27,-22,-24
47.871094,39,2179,2179,181,4,-27,-22,-24
47.875000,39,2179,2179,181,4,-27,-22,-24
47.878906,39,2179,2179,181,4,-27,-22,-24
47.882812,38,2179,2179,182,4,-27,-22,-24
47.886719,38,2179,2179,182,4,-27,-22,-24
47.890625,38,2179,2179,182,4,-27,-22,-24
47.894531,38,2179,2179,181,4,-27,-22,-24
47.898438,38,2179,2179,181,4,-27,-22,-24
47.902344,38,2179,2179,180,5,-26,-22,-24
47.906250,38,2179,2179,180,4,-26,-22,-24
47.910156,38,2179,2179,179,4,-27,-22,-24
47.914062,38,2179,2179,179,4,-26,-21,-24
47.917969,38,2179,2179,179,5,-26,-21,-24
47.921875,38,2179,2179,179,5,-27,-21,-24
47.925781,38,2179,2179,179,4,-27,-21,-24
47.929688,38,2179,2179,179,4,-27,-22,-24
47.933594,38,2179,2179,180,5,-27,-21,-24
47.937500,38,2179,2179,181,5,-27,-21,-24
47.941406,38,2179,2179,182,4,-27,-21,-24
47.945312,38,2179,2179,182,4,-27,-22,-24
47.949219,38,2179,2179,183,5,-27,-21,-24
47.953125,37,2179,2179,184,5,-27,-22,-25
47.957031,38,2179,2179,183,5,-27,-22,-24
47.960938,37,2179,2179,183,5,-27,-22,-25
47.964844,37,2179,2179,183,5,-27,-22,-24
47.968750,37,2179,2179,182,5,-27,-22,-25
47.972656,37,2179,2179,181,5,-27,-22,-24
47.976562,37,2179,2179,181,4,-27,-22,-24
47.980469,37,2179,2179,181,5,-27,-22,-24
47.984375,36,2179,2179,182,5,-26,-22,-24
47.988281,37,2179,2179,182,5,-26,-21,-24
47.992188,37,2179,2179,182,5,-26,-21,-24
47.996094,37,2179,2179,183,5,-26,-21,-24
48.000000,37,2179,2179,183,5,-26,-21,-24
48.003906,37,2179,2179,183,5,-26,-22,-24
48.007812,37,2179,2179,183,4,-26,-21,-24
48.011719,37,2179,2179,183,5,-27,-22,-24
48.015625,37,2179,2179,182,5,-26,-21,-24
48.019531,37,2179,2179,182,5,-27,-22,-24
48.023438,37,2179,2179,182,4,-26,-22,-24
48.027344,37,2179,2179,181,4,-27,-22,-24
48.031250,36,2179,2179,182,4,-27,-22,-24
48.035156,36,2179,2179,182,5,-27,-22,-25
48.039062,36,2179,2179,182,4,-27,-22,-24
48.042969,36,2179,2179,182,4,-27,-22,-24
48.046875,36,2179,2179,182,4,-27,-22,-25
48.050781,36,2179,2179,182,4,-27,-22,-24
48.054688,36,2179,2179,183,4,-27,-22,-24
48.058594,36,2179,2179,182,4,-27,-22,-24
48.062500,35,2179,2179,183,4,-27,-22,-24
48.066406,35,2179,2179,183,5,-27,-22,-24
48.070312,35,2179,2179,183,5,-27,-22,-24
48.074219,36,2179,2179,183,4,-27,-21,-24
48.078125,35,2179,2179,183,4,-27,-22,-24
48.082031,35,2179,2179,184,5,-26,-22,-24
48.085938,35,2179,2179,184,5,-26,-22,-24
48.089844,35,2179,2179,183,5,-27,-22,-24
48.093750,35,2179,2179,183,4,-27,-21,-24
48.097656,35,2179,2179,183,4,-26,-21,-24
48.101562,35,2179,2179,183,5,-26,-21,-24
48.105469,35,2179,2179,183,5,-27,-21,-24
48.109375,35,2179,2179,183,5,-27,-22,-24
48.113281,35,2179,2179,183,4,-27,-21,-24
48.117188,34,2179,2179,184,5,-27,-22,-24
48.121094,35,2179,2179,184,5,-27,-22,-24
48.125000,35,2179,2179,184,4,-27,-22,-24
48.128906,35,2179,2179,184,4,-27,-21,-24
48.132812,35,2179,2179,184,4,-27,-22,-24
48.136719,35,2179,2179,184,4,-27,-22,-24
48.140625,35,2179,2179,184,4,-26,-22,-24
48.144531,35,2179,2179,184,4,-27,-22,-24
48.148438,34,2179,2179,184,5,-27,-22,-24
48.152344,34,2179,2179,185,5,-27,-22,-24
48.156250,34,2179,2179,185,5,-27,-22,-24
48.160156,34,2179,2179,185,5,-27,-22,-24
48.164062,34,2179,2179,185,5,-27,-22,-24
48.167969,33,2179,2179,186,5,-27,-22,-24
48.171875,33,2179,2179,186,5,-27,-22,-24
48.175781,33,2179,2179,186,4,-27,-22,-24
48.179688,32,2179,2179,186,5,-27,-22,-25
48.183594,32,2179,2179,186,5,-27,-22,-24
48.187500,33,2179,2179,186,5,-27,-22,-25
48.191406,32,2179,2179,185,5,-26,-22,-24
48.195312,32,2179,2179,185,5,-26,-21,-24
48.199219,32,2179,2179,185,5,-26,-21,-24
48.203125,32,2179,2179,185,5,-26,-21,-24
48.207031,32,2179,2179,184,5,-26,-22,-24
48.210938,32,2179,2179,185,5,-27,-22,-24
48.214844,32,2179,2179,185,5,-27,-22,-24
48.218750,31,2179,2179,185,5,-27,-22,-24
48.222656,32,2179,2179,185,5,-26,-22,-24
48.226562,32,2179,2179,185,5,-27,-22,-24
48.230469,31,2179,2179,185,5,-27,-22,-24
48.234375,31,2179,2179,185,5,-27,-22,-25
48.238281,31,2179,2179,185,5,-27,-22,-25
48.242188,31,2179,2179,184,4,-27,-22,-25
48.246094,31,2179,2179,184,4,-27,-22,-25
48.250000,30,2179,2179,184,5,-27,-22,-25
48.253906,30,2179,2179,184,4,-27,-22,-25
48.257812,30,2179,2179,184,4,-27,-22,-25
48.261719,30,2179,2179,184,4,-27,-22,-24
48.265625,29,2179,2179,184,4,-27,-22,-25
48.269531,29,2179,2179,184,5,-27,-22,-25
48.273438,29,2179,2179,183,4,-27,-22,-25
48.277344,29,2179,2179,184,4,-27,-22,-24
48.281250,28,2179,2179,185,4,-27,-22,-24
48.285156,28,2179,2179,185,4,-26,-22,-24
48.289062,28,2179,2179,186,4,-26,-22,-25
48.292969,28,2179,2179,186,4,-26,-21,-24
48.296875,28,2179,2179,186,4,-26,-21,-24
48.300781,28,2179,2179,186,5,-26,-22,-24
48.304688,29,2179,2179,186,5,-26,-22,-24
48.308594,29,2179,2179,186,5,-27,-22,-24
48.312500,30,2179,2179,185,5,-27,-22,-24
48.316406,30,2179,2179,185,5,-27,-22,-24
48.320312,30,2179,2179,185,5,-26,-22,-24
48.324219,31,2179,2179,185,4,-26,-21,-24
48.328125,31,2179,2179,185,4,-26,-21,-24
48.332031,31,2179,2179,185,5,-26,-22,-24
48.335938,30,2179,2179,186,5,-27,-22,-24
48.339844,31,2179,2179,186,5,-27,-22,-25
48.343750,31,2179,2179,186,5,-27,-22,-24
48.347656,31,2179,2179,187,5,-27,-22,-24
48.351562,31,2179,2179,187,5,-27,-22,-24
48.355469,31,2179,2179,187,5,-27,-22,-24
48.359375,31,2179,2179,186,5,-27,-22,-25
48.363281,30,2179,2179,185,5,-27,-22,-25
48.367188,30,2179,2179,185,5,-27,-22,-25
48.371094,30,2179,2179,184,5,-27,-22,-24
48.375000,30,2179,2179,184,5,-27,-22,-24
48.378906,30,2179,2179,184,5,-27,-22,-24
48.382812,29,2179,2179,184,5,-27,-22,-24
48.386719,29,2179,2179,185,5,-27,-21,-24
48.390625,29,2179,2179,186,5,-27,-22,-24
48.394531,29,2179,2179,186,5,-27,-22,-24
48.398438,29,2179,2179,187,5,-26,-22,-24
48.402344,28,2179,2179,187,5,-26,-22,-24
48.406250,28,2179,2179,187,5,-26,-22,-24
48.410156,28,2179,2179,187,5,-26,-22,-24
48.414062,28,2179,2179,186,5,-26,-21,-24
48.417969,28,2179,2179,187,5,-26,-21,-24
48.421875,28,2179,2179,186,5,-26,-22,-24
48.425781,28,2179,2179,185,4,-27,-22,-24
48.429688,28,2179,2179,185,4,-27,-22,-24
48.433594,27,2179,2179,186,4,-27,-22,-25
48.437500,27,2179,2179,186,4,-27,-22,-24
48.441406,27,2179,2179,186,4,-27,-22,-24
48.445312,27,2179,2179,186,4,-27,-22,-24
48.449219,26,2179,2179,186,4,-27,-23,-25
48.453125,25,2179,2179,186,5,-27,-22,-24
48.457031,25,2179,2179,185,4,-27,-22,-24
48.460938,25,2179,2179,185,4,-27,-22,-24
48.464844,24,2179,2179,184,5,-27,-22,-24
48.468750,24,2179,2179,183,5,-27,-22,-24
48.472656,24,2179,2179,181,5,-27,-22,-24
48.476562,23,2179,2179,176,4,-26,-22,-24
48.480469,22,2179,2179,169,4,-27,-22,-24
48.484375,22,2179,2179,158,5,-27,-22,-24
48.488281,22,2179,2179,145,5,-26,-22,-24
48.492188,21,2179,2179,131,5,-27,-21,-24
48.496094,21,2179,2179,118,4,-26,-22,-24
48.500000,21,2179,2179,108,5,-26,-22,-24
48.503906,21,2179,2179,101,5,-26,-22,-24
48.507812,21,2179,2179,96,4,-26,-22,-24
48.511719,21,2179,2179,94,4,-26,-22,-24
48.515625,21,2179,2179,93,5,-26,-22,-24
48.519531,20,2179,2179,89,5,-26,-22,-24
48.523438,21,2179,2179,83,4,-26,-22,-24
48.527344,20,2179,2179,74,4,-27,-22,-24
48.531250,20,2179,2179,64,4,-27,-22,-24
48.535156,19,2179,2179,52,4,-27,-22,-24
48.539062,19,2179,2179,41,5,-27,-22,-24
48.542969,18,2179,2179,33,4,-27,-22,-24
48.546875,17,2179,2179,28,4,-26,-22,-24
48.550781,17,2179,2179,26,5,-26,-22,-24
48.554688,17,2179,2179,25,5,-27,-22,-24
48.558594,17,2179,2179,25,5,-27,-22,-24
48.562500,16,2179,2179,25,5,-27,-22,-24
48.566406,16,2179,2179,25,5,-27,-22,-24
48.570312,16,2179,2179,24,5,-27,-22,-24
48.574219,16,2179,2179,22,5,-27,-22,-24
48.578125,16,2179,2179,20,4,-27,-22,-24
48.582031,16,2179,2179,19,5,-26,-21,-24
48.585938,15,2179,2179,18,5,-26,-21,-24
48.589844,16,2179,2179,18,5,-26,-21,-24
48.593750,16,2179,2179,18,5,-26,-22,-24
48.597656,15,2179,2179,18,4,-26,-21,-24
48.601562,15,2179,2179,19,5,-27,-21,-24
48.605469,16,2179,2179,19,5,-27,-21,-24
48.609375,16,2179,2179,18,4,-26,-21,-24
48.613281,16,2179,2179,17,4,-27,-21,-24
48.617188,16,2179,2179,16,5,-26,-22,-24
48.621094,16,2179,2179,16,5,-26,-22,-24
48.625000,16,2179,2179,15,4,-26,-22,-24
48.628906,16,2179,2179,15,4,-26,-22,-24
48.632812,15,2179,2179,15,5,-27,-22,-24
48.636719,15,2179,2179,15,5,-27,-22,-24
48.640625,15,2179,2179,15,4,-27,-22,-24
48.644531,15,2179,2179,15,4,-27,-22,-25
48.648438,15,2179,2179,15,4,-27,-22,-25
48.652344,15,2179,2179,14,5,-27,-22,-25
48.656250,15,2179,2179,14,5,-27,-22,-25
48.660156,14,2179,2179,13,4,-27,-22,-25
48.664062,14,2179,2179,13,4,-27,-22,-24
48.667969,13,2179,2179,13,4,-27,-22,-24
48.671875,13,2179,2179,14,5,-27,-22,-24
48.675781,13,2179,2179,14,4,-27,-22,-24
48.679688,13,2179,2179,14,4,-27,-22,-24
48.683594,12,2179,2179,15,4,-26,-22,-24
48.687500,12,2179,2179,16,5,-26,-22,-24
48.691406,12,2179,2179,15,4,-26,-21,-23
48.695312,12,2179,2179,16,4,-26,-21,-24
48.699219,12,2179,2179,16,5,-26,-21,-24
48.703125,12,2179,2179,16,5,-26,-21,-24
48.707031,13,2179,2179,15,4,-26,-21,-24
48.710938,12,2179,2179,15,4,-27,-21,-24
48.714844,12,2179,2179,15,5,-26,-21,-24
48.718750,12,2179,2179,15,5,-26,-21,-24
48.722656,12,2179,2179,15,5,-26,-21,-24
48.726562,12,2179,2179,15,4,-27,-21,-24
48.730469,12,2179,2179,15,5,-27,-21,-25
48.734375,12,2179,2179,15,5,-27,-21,-25
48.738281,12,2179,2179,15,5,-26,-21,-25
48.742188,12,2179,2179,14,5,-27,-21,-24
48.746094,11,2179,2179,14,5,-27,-22,-25
48.750000,11,2179,2179,14,5,-27,-22,-24
48.753906,11,2179,2179,14,5,-27,-22,-24
48.757812,11,2179,2179,13,5,-27,-22,-25
48.761719,11,2179,2179,13,5,-27,-22,-25
48.765625,11,2179,2179,14,5,-27,-22,-24
48.769531,11,2179,2179,14,5,-27,-22,-24
48.773438,11,2179,2179,14,5,-27,-22,-24
48.777344,11,2179,2179,14,5,-27,-22,-24
48.781250,10,2179,2179,15,5,-27,-22,-24
48.785156,10,2179,2179,15,5,-26,-21,-24
48.789062,10,2179,2179,15,5,-26,-21,-24
48.792969,10,2179,2179,15,5,-26,-21,-24
48.796875,9,2179,2179,16,5,-27,-21,-24
48.800781,9,2179,2179,16,5,-27,-21,-24
48.804688,10,2179,2179,16,5,-27,-21,-24
48.808594,9,2179,2179,16,4,-27,-22,-24
48.812500,9,2179,2179,16,4,-27,-21,-24
48.816406,9,2179,2179,16,5,-27,-22,-24
48.820312,9,2179,2179,15,5,-26,-22,-24
48.824219,9,2179,2179,15,4,-26,-22,-24
48.828125,9,2179,2179,14,4,-26,-22,-24
48.832031,9,2179,2179,14,4,-26,-22,-24
48.835938,9,2179,2179,14,4,-26,-22,-24
48.839844,9,2179,2179,13,4,-26,-22,-25
48.843750,9,2179,2179,13,4,-27,-22,-24
48.847656,9,2179,2179,13,4,-27,-22,-25
48.851562,8,2179,2179,13,5,-27,-22,-25
48.855469,9,2179,2179,13,5,-27,-22,-25
48.859375,8,2179,2179,13,4,-27,-22,-25
48.863281,8,2179,2179,13,4,-27,-22,-25
48.867188,8,2179,2179,14,4,-27,-22,-24
48.871094,8,2179,2179,14,5,-27,-22,-25
48.875000,8,2179,2179,13,4,-27,-22,-24
48.878906,8,2179,2179,14,4,-27,-22,-24
48.882812,7,2179,2179,14,5,-26,-22,-24
48.886719,7,2179,2179,14,5,-26,-21,-24
48.890625,7,2179,2179,13,4,-26,-21,-24
48.894531,7,2179,2179,13,4,-26,-21,-24
48.898438,7,2179,2179,14,4,-26,-21,-24
48.902344,7,2179,2179,14,5,-26,-21,-24
48.906250,7,2179,2179,14,4,-26,-21,-24
48.910156,7,2179,2179,14,4,-27,-21,-24
48.914062,7,2179,2179,14,4,-27,-21,-24
48.917969,7,2179,2179,15,5,-26,-22,-24
48.921875,7,2179,2179,15,5,-27,-22,-24
48.925781,7,2179,2179,14,4,-27,-21,-24
48.929688,8,2179,2179,14,4,-27,-21,-25
48.933594,7,2179,2179,14,5,-26,-22,-25
48.937500,8,2179,2179,13,5,-26,-21,-25
48.941406,8,2179,2179,13,5,-26,-22,-23
48.945312,7,2179,2179,13,4,-27,-22,-25
48.949219,7,2179,2179,14,5,-27,-22,-25
48.953125,6,2179,2179,14,5,-27,-22,-25
48.957031,6,2179,2179,15,5,-27,-22,-25
48.960938,6,2179,2179,15,5,-27,-22,-25
48.964844,5,2179,2179,16,5,-27,-22,-25
48.968750,5,2179,2179,16,5,-27,-22,-25
48.972656,5,2179,2179,16,5,-27,-22,-25
48.976562,5,2179,2179,15,5,-27,-22,-24
48.980469,5,2179,2179,15,5,-27,-22,-24
48.984375,5,2179,2179,14,5,-26,-22,-24
48.988281,6,2179,2179,14,5,-27,-21,-24
48.992188,6,2179,2179,13,4,-26,-21,-24
48.996094,6,2179,2179,13,4,-26,-22,-24
49.000000,7,2179,2179,13,5,-26,-22,-24
49.003906,7,2179,2179,13,5,-26,-22,-24
49.007812,7,2179,2179,13,4,-26,-21,-24
49.011719,7,2179,2179,14,4,-26,-22,-24
49.015625,7,2179,2179,14,5,-26,-21,-24
49.019531,7,2179,2179,14,5,-26,-22,-24
49.023438,7,2179,2179,14,4,-26,-22,-24
49.027344,7,2179,2179,14,4,-27,-22,-24
49.031250,6,2179,2179,14,4,-27,-22,-24
49.035156,6,2179,2179,14,5,-26,-22,-24
49.039062,6,2179,2179,14,5,-26,-22,-25
49.042969,6,2179,2179,14,4,-26,-22,-24
49.046875,6,2179,2179,14,4,-27,-22,-25
49.050781,6,2179,2179,15,5,-27,-22,-24
49.054688,7,2179,2179,15,5,-27,-22,-25
49.058594,7,2179,2179,14,5,-27,-22,-24
49.062500,6,2179,2179,14,5,-27,-22,-24
49.066406,6,2179,2179,14,5,-27,-22,-24
49.070312,6,2179,2179,14,5,-27,-22,-24
49.074219,6,2179,2179,13,4,-27,-22,-24
49.078125,6,2179,2179,13,4,-27,-22,-24
49.082031,6,2179,2179,14,5,-26,-21,-24
49.085938,6,2179,2179,14,5,-26,-21,-24
49.089844,6,2179,2179,14,5,-26,-21,-24
49.093750,6,2179,2179,14,4,-26,-21,-24
49.097656,5,2179,2179,14,5,-26,-21,-24
49.101562,5,2179,2179,14,5,-26,-21,-24
49.105469,6,2179,2179,14,5,-26,-22,-24
49.109375,6,2179,2179,14,5,-26,-21,-24
49.113281,6,2179,2179,14,5,-26,-22,-24
49.117188,6,2179,2179,15,5,-26,-21,-24
49.121094,6,2179,2179,15,5,-26,-21,-24
49.125000,6,2179,2179,15,4,-27,-21,-24
49.128906,6,2179,2179,14,4,-26,-22,-24
49.132812,6,2179,2179,14,5,-27,-22,-24
49.136719,6,2179,2179,14,4,-27,-21,-24
49.140625,6,2179,2179,14,4,-27,-22,-24
49.144531,6,2179,2179,13,4,-27,-22,-24
49.148438,6,2179,2179,13,5,-27,-22,-25
49.152344,6,2179,2179,14,5,-27,-22,-24
49.156250,6,2179,2179,14,4,-27,-22,-24
49.160156,6,2179,2179,14,5,-27,-22,-25
49.164062,6,2179,2179,14,4,-27,-22,-24
49.167969,6,2179,2179,15,5,-26,-22,-24
49.171875,6,2179,2179,15,5,-27,-22,-24
49.175781,6,2179,2179,15,5,-27,-21,-24
49.179688,6,2179,2179,15,5,-27,-21,-24
49.183594,6,2179,2179,15,5,-27,-21,-24
49.187500,7,2179,2179,14,5,-26,-22,-24
49.191406,7,2179,2179,13,5,-26,-21,-23
49.195312,7,2179,2179,13,5,-26,-22,-24
49.199219,7,2179,2179,14,5,-27,-22,-24
49.203125,7,2179,2179,14,5,-26,-22,-24
49.207031,7,2179,2179,14,5,-26,-22,-24
49.210938,8,2179,2179,14,5,-26,-21,-24
49.214844,7,2179,2179,15,5,-27,-22,-24
49.218750,7,2179,2179,15,5,-26,-22,-24
49.222656,8,2179,2179,15,5,-26,-21,-24
49.226562,8,2179,2179,14,4,-27,-21,-24
49.230469,8,2179,2179,14,4,-27,-22,-24
49.234375,8,2179,2179,14,5,-27,-21,-24
49.238281,8,2179,2179,14,4,-26,-22,-25
49.242188,8,2179,2179,13,4,-26,-22,-24
49.246094,7,2179,2179,13,4,-27,-22,-24
49.250000,7,2179,2179,13,4,-27,-22,-25
49.253906,7,2179,2179,13,4,-27,-22,-25
49.257812,8,2179,2179,13,4,-27,-22,-25
49.261719,7,2179,2179,13,4,-27,-22,-24
49.265625,7,2179,2179,14,4,-27,-22,-24
49.269531,7,2179,2179,14,4,-27,-22,-25
49.273438,7,2179,2179,14,4,-27,-22,-25
49.277344,7,2179,2179,14,4,-27,-22,-24
49.281250,6,2179,2179,15,4,-27,-21,-24
49.285156,6,2179,2179,15,4,-27,-22,-24
49.289062,6,2179,2179,14,4,-26,-21,-24
49.292969,6,2179,2179,14,4,-26,-21,-24
49.296875,6,2179,2179,14,4,-26,-21,-24
49.300781,6,2179,2179,14,5,-26,-22,-24
49.304688,6,2179,2179,14,5,-26,-22,-24
49.308594,6,2179,2179,13,4,-26,-21,-24
49.312500,6,2179,2179,13,4,-26,-21,-24
49.316406,6,2179,2179,14,5,-26,-22,-25
49.320312,6,2179,2179,14,5,-26,-21,-24
49.324219,7,2179,2179,14,4,-27,-21,-24
49.328125,7,2179,2179,14,4,-27,-22,-24
49.332031,7,2179,2179,14,5,-27,-22,-24
49.335938,6,2179,2179,14,5,-27,-22,-24
49.339844,6,2179,2179,14,5,-27,-22,-24
49.343750,6,2179,2179,14,5,-27,-22,-24
49.347656,6,2179,2179,14,5,-27,-22,-24
49.351562,6,2179,2179,14,5,-27,-22,-24
49.355469,6,2179,2179,14,5,-27,-22,-24
49.359375,6,2179,2179,14,5,-27,-22,-24
49.363281,6,2179,2179,14,5,-27,-22,-25
49.367188,6,2179,2179,14,5,-27,-22,-25
49.371094,6,2179,2179,14,5,-27,-22,-24
49.375000,7,2179,2179,14,5,-26,-21,-24
49.378906,7,2179,2179,15,5,-26,-21,-24
49.382812,6,2179,2179,15,5,-26,-21,-24
49.386719,6,2179,2179,16,5,-26,-21,-24
49.390625,7,2179,2179,16,5,-26,-21,-24
49.394531,7,2179,2179,16,5,-26,-21,-24
49.398438,7,2179,2179,16,5,-26,-22,-24
49.402344,7,2179,2179,15,5,-26,-21,-24
49.406250,7,2179,2179,14,4,-26,-22,-24
49.410156,7,2179,2179,14,4,-26,-21,-24
49.414062,7,2179,2179,14,5,-26,-21,-24
49.417969,7,2179,2179,13,5,-26,-21,-24
49.421875,7,2179,2179,13,4,-26,-21,-24
49.425781,7,2179,2179,13,4,-27,-21,-24
49.429688,7,2179,2179,13,4,-27,-22,-24
49.433594,6,2179,2179,14,4,-27,-22,-25
49.437500,6,2179,2179,14,4,-27,-21,-25
49.441406,7,2179,2179,14,4,-27,-22,-26
49.445312,7,2179,2179,14,4,-27,-22,-25
49.449219,7,2179,2179,15,4,-27,-22,-25
49.453125,7,2179,2179,15,5,-27,-22,-25
49.457031,8,2179,2179,14,4,-27,-22,-24
49.460938,8,2179,2179,14,5,-27,-22,-24
49.464844,8,2179,2179,14,5,-27,-22,-24
49.468750,8,2179,2179,14,5,-27,-22,-24
49.472656,8,2179,2179,13,5,-27,-22,-24
49.476562,8,2179,2179,13,5,-26,-21,-24
49.480469,7,2179,2179,14,5,-26,-21,-24
49.484375,7,2179,2179,14,5,-26,-21,-24
49.488281,8,2179,2179,14,5,-26,-21,-24
49.492188,8,2179,2179,14,4,-26,-21,-24
49.496094,8,2179,2179,15,4,-26,-21,-24
49.500000,8,2179,2179,15,5,-26,-22,-24
49.503906,9,2179,2179,15,5,-26,-22,-24
49.507812,9,2179,2179,14,4,-26,-21,-24
49.511719,9,2179,2179,14,4,-27,-21,-24
49.515625,9,2179,2179,14,5,-26,-22,-24
49.519531,9,2179,2179,14,5,-26,-22,-24
49.523438,9,2179,2179,13,4,-26,-22,-24
49.527344,9,2179,2179,13,4,-26,-22,-24
49.531250,9,2179,2179,13,4,-26,-22,-24
49.535156,9,2179,2179,13,4,-27,-22,-25
49.539062,9,2179,2179,14,4,-26,-22,-25
49.542969,9,2179,2179,13,4,-27,-22,-25
49.546875,8,2179,2179,14,4,-27,-22,-25
49.550781,8,2179,2179,14,5,-27,-22,-25
49.554688,8,2179,2179,14,5,-27,-22,-25
49.558594,8,2179,2179,14,5,-27,-22,-24
49.562500,8,2179,2179,15,5,-27,-22,-24
49.566406,8,2179,2179,15,5,-27,-22,-24
49.570312,8,2179,2179,16,5,-27,-22,-24
49.574219,8,2179,2179,15,5,-27,-22,-24
49.578125,8,2179,2179,15,5,-27,-21,-24
49.582031,7,2179,2179,16,5,-27,-21,-24
49.585938,7,2179,2179,15,5,-27,-21,-24
49.589844,8,2179,2179,15,5,-26,-21,-24
49.593750,8,2179,2179,14,5,-27,-21,-24
49.597656,8,2179,2179,15,5,-27,-21,-24
49.601562,7,2179,2179,15,5,-26,-21,-24
49.605469,8,2179,2179,14,5,-27,-22,-24
49.609375,8,2179,2179,14,5,-27,-22,-24
49.613281,7,2179,2179,14,5,-27,-21,-24
49.617188,7,2179,2179,14,5,-26,-22,-24
49.621094,7,2179,2179,14,5,-26,-22,-24
49.625000,7,2179,2179,14,4,-26,-22,-24
49.628906,7,2179,2179,14,4,-27,-22,-24
49.632812,7,2179,2179,14,5,-27,-22,-24
49.636719,7,2179,2179,14,5,-27,-22,-24
49.640625,7,2179,2179,13,5,-27,-22,-24
49.644531,7,2179,2179,13,5,-27,-22,-24
49.648438,7,2179,2179,14,5,-27,-22,-24
49.652344,7,2179,2179,14,5,-27,-22,-25
49.656250,7,2179,2179,13,4,-27,-22,-25
49.660156,8,2179,2179,14,4,-27,-22,-24
49.664062,7,2179,2179,14,4,-27,-22,-24
49.667969,7,2179,2179,13,4,-27,-22,-25
49.671875,8,2179,2179,13,5,-26,-22,-24
49.675781,8,2179,2179,13,4,-26,-22,-24
49.679688,8,2179,2179,13,4,-27,-21,-24
49.683594,8,2179,2179,14,5,-26,-22,-24
49.687500,8,2179,2179,14,5,-26,-21,-24
49.691406,8,2179,2179,13,4,-26,-21,-24
49.695312,8,2179,2179,13,4,-26,-21,-24
49.699219,8,2179,2179,14,5,-26,-21,-24
49.703125,8,2179,2179,14,5,-26,-21,-24
49.707031,9,2179,2179,13,4,-26,-21,-24
49.710938,9,2179,2179,14,4,-26,-21,-24
49.714844,9,2179,2179,14,5,-26,-21,-24
49.718750,9,2179,2179,14,5,-26,-22,-24
49.722656,10,2179,2179,14,4,-26,-21,-24
49.726562,10,2179,2179,14,4,-26,-21,-24
49.730469,10,2179,2179,15,4,-27,-22,-24
49.734375,10,2179,2179,15,5,-27,-22,-24
49.738281,11,2179,2179,16,5,-27,-22,-24
49.742188,11,2179,2179,15,5,-27,-22,-24
49.746094,11,2179,2179,15,5,-27,-22,-24
49.750000,11,2179,2179,15,5,-27,-22,-24
49.753906,12,2179,2179,15,5,-27,-22,-24
49.757812,12,2179,2179,15,5,-27,-22,-25
49.761719,12,2179,2179,15,5,-27,-22,-24
49.765625,13,2179,2179,15,5,-27,-22,-25
49.769531,13,2179,2179,16,5,-27,-22,-25
49.773438,13,2179,2179,16,5,-27,-22,-24
49.777344,13,2179,2179,15,5,-27,-22,-24
49.781250,13,2179,2179,16,4,-27,-22,-24
49.785156,13,2179,2179,15,5,-26,-22,-24
49.789062,14,2179,2179,14,5,-27,-22,-24
49.792969,14,2179,2179,14,5,-26,-22,-24
49.796875,14,2179,2179,14,5,-27,-22,-24
49.800781,15,2179,2179,14,5,-26,-22,-24
49.804688,15,2179,2179,14,5,-26,-22,-24
49.808594,15,2179,2179,15,5,-26,-22,-24
49.812500,15,2179,2179,15,4,-26,-22,-24
49.816406,15,2179,2179,16,4,-26,-22,-24
49.820312,15,2179,2179,16,4,-27,-22,-24
49.824219,16,2179,2179,15,4,-27,-22,-24
49.828125,16,2179,2179,15,4,-27,-22,-24
49.832031,16,2179,2179,14,4,-27,-22,-24
49.835938,16,2179,2179,14,4,-27,-22,-24
49.839844,16,2179,2179,13,4,-27,-22,-25
49.843750,16,2179,2179,13,4,-26,-22,-24
49.847656,16,2179,2179,13,4,-27,-22,-25
49.851562,16,2179,2179,13,4,-27,-22,-25
49.855469,16,2179,2179,14,4,-27,-22,-25
49.859375,16,2179,2179,14,4,-26,-22,-24
49.863281,16,2179,2179,14,4,-27,-22,-24
49.867188,16,2179,2179,15,4,-27,-22,-24
49.871094,16,2179,2179,15,4,-27,-22,-24
49.875000,15,2179,2179,14,4,-27,-22,-24
49.878906,16,2179,2179,14,4,-27,-22,-24
49.882812,15,2179,2179,14,4,-27,-22,-24
49.886719,14,2179,2179,14,4,-26,-22,-24
49.890625,15,2179,2179,14,4,-26,-21,-24
49.894531,15,2179,2179,14,4,-26,-22,-24
49.898438,14,2179,2179,15,4,-27,-21,-24
49.902344,14,2179,2179,15,4,-26,-21,-24
49.906250,15,2179,2179,14,3,-26,-21,-24
49.910156,15,2179,2179,15,4,-26,-21,-24
49.914062,15,2179,2179,15,4,-26,-22,-24
49.917969,15,2179,2179,15,5,-26,-21,-24
49.921875,15,2179,2179,15,5,-26,-22,-24
49.925781,15,2179,2179,14,4,-27,-22,-24
49.929688,15,2179,2179,15,5,-27,-22,-24
49.933594,15,2179,2179,15,5,-27,-22,-24
49.937500,15,2179,2179,15,5,-27,-22,-24
49.941406,15,2179,2179,15,5,-27,-22,-24
49.945312,15,2179,2179,14,5,-27,-22,-24
49.949219,14,2179,2179,15,5,-27,-22,-24
49.953125,14,2179,2179,15,5,-27,-22,-24
49.957031,14,2179,2179,14,5,-27,-22,-24
49.960938,15,2179,2179,14,5,-27,-22,-24
49.964844,14,2179,2179,15,5,-27,-22,-24
49.968750,14,2179,2179,15,5,-27,-22,-24
49.972656,15,2179,2179,15,5,-27,-22,-24
49.976562,15,2179,2179,15,5,-27,-22,-24
49.980469,14,2179,2179,16,5,-27,-22,-24
49.984375,15,2179,2179,16,5,-27,-22,-24
49.988281,15,2179,2179,15,5,-26,-22,-24
49.992188,15,2179,2179,15,5,-26,-22,-24
49.996094,16,2179,2179,14,4,-26,-22,-24
50.000000,16,2179,2179,15,5,-26,-22,-24
50.003906,17,2179,2179,15,5,-26,-22,-24
50.007812,17,2179,2179,14,5,-27,-22,-24
50.011719,18,2179,2179,14,5,-26,-22,-24
50.015625,18,2179,2179,15,5,-26,-22,-24
50.019531,18,2179,2179,15,5,-26,-22,-24
50.023438,19,2179,2179,14,4,-26,-22,-24
50.027344,20,2179,2179,14,4,-26,-22,-25
50.031250,20,2179,2179,14,3,-27,-22,-24
50.035156,21,2179,2179,13,4,-26,-22,-25
50.039062,21,2179,2179,13,5,-27,-22,-24
50.042969,21,2179,2179,13,4,-27,-22,-25
50.046875,21,2179,2179,13,4,-27,-22,-24
50.050781,21,2179,2179,14,5,-27,-22,-24
50.054688,22,2179,2179,14,4,-26,-22,-24
50.058594,22,2179,2179,13,4,-27,-22,-24
50.062500,21,2179,2179,13,4,-27,-22,-24
50.066406,21,2179,2179,14,4,-27,-22,-25
50.070312,21,2179,2179,14,4,-27,-22,-25
50.074219,21,2179,2179,14,4,-27,-22,-24
50.078125,21,2179,2179,14,4,-27,-22,-24
50.082031,21,2179,2179,15,4,-26,-22,-24
50.085938,21,2179,2179,15,4,-26,-21,-24
50.089844,21,2179,2179,15,4,-26,-22,-24
50.093750,21,2179,2179,15,4,-26,-21,-24
50.097656,20,2179,2179,16,4,-26,-21,-24
50.101562,20,2179,2179,15,5,-26,-21,-24
50.105469,20,2179,2179,15,5,-26,-22,-24
50.109375,20,2179,2179,14,5,-27,-21,-24
50.113281,20,2179,2179,14,5,-27,-22,-24
50.117188,20,2179,2179,13,5,-27,-21,-24
50.121094,20,2179,2179,13,4,-26,-21,-24
50.125000,20,2179,2179,13,4,-26,-21,-25
50.128906,21,2179,2179,13,4,-27,-22,-25
50.132812,20,2179,2179,14,4,-27,-22,-24
50.136719,20,2179,2179,14,4,-27,-22,-24
50.140625,21,2179,2179,14,4,-27,-22,-24
50.144531,21,2179,2179,14,4,-27,-22,-24
50.148438,21,2179,2179,15,4,-27,-22,-24
50.152344,21,2179,2179,14,5,-27,-22,-25
50.156250,21,2179,2179,14,4,-27,-22,-24
50.160156,21,2179,2179,14,4,-27,-22,-24
50.164062,21,2179,2179,14,4,-27,-22,-24
50.167969,21,2179,2179,14,5,-26,-22,-24
50.171875,21,2179,2179,14,5,-26,-22,-24
50.175781,21,2179,2179,14,5,-26,-22,-24
50.179688,21,2179,2179,15,5,-26,-22,-24
50.183594,21,2179,2179,15,5,-26,-21,-24
50.187500,22,2179,2179,15,5,-26,-21,-24
50.191406,22,2179,2179,15,5,-26,-21,-24
50.195312,22,2179,2179,15,5,-26,-21,-24
50.199219,22,2179,2179,15,5,-27,-22,-24
50.203125,22,2179,2179,15,5,-27,-21,-24
50.207031,23,2179,2179,14,5,-26,-22,-24
50.210938,24,2179,2179,14,5,-27,-22,-24
50.214844,24,2179,2179,15,5,-27,-21,-24
50.218750,24,2179,2179,15,5,-27,-22,-24
50.222656,25,2179,2179,15,5,-27,-22,-24
50.226562,26,2179,2179,15,4,-27,-22,-25
50.230469,26,2179,2179,15,4,-26,-22,-25
50.234375,27,2179,2179,15,4,-26,-22,-25
50.238281,28,2179,2179,16,5,-27,-22,-25
50.242188,28,2179,2179,15,4,-27,-22,-24
50.246094,28,2179,2179,15,4,-27,-22,-24
50.250000,29,2179,2179,15,4,-27,-22,-24
50.253906,30,2179,2179,14,4,-27,-22,-24
50.257812,30,2179,2179,13,4,-27,-22,-24
50.261719,31,2179,2179,13,4,-27,-22,-24
50.265625,31,2179,2179,13,4,-27,-22,-24
50.269531,31,2179,2179,13,4,-27,-22,-24
50.273438,32,2179,2179,13,4,-25,-22,-24
50.277344,32,2179,2179,14,4,-27,-22,-24
50.281250,33,2179,2179,15,4,-26,-22,-24
50.285156,33,2179,2179,15,4,-26,-22,-24
50.289062,34,2179,2179,14,5,-26,-22,-24
50.292969,34,2179,2179,14,4,-27,-22,-24
50.296875,34,2179,2179,14,4,-26,-22,-24
50.300781,35,2179,2179,14,4,-26,-22,-24
50.304688,36,2179,2179,13,4,-26,-22,-24
50.308594,36,2179,2179,13,4,-26,-22,-24
50.312500,37,2179,2179,13,4,-26,-22,-24
50.316406,37,2179,2179,13,4,-26,-22,-24
50.320312,38,2179,2179,14,5,-26,-22,-24
50.324219,39,2179,2179,13,4,-26,-22,-24
50.328125,39,2179,2179,14,4,-27,-22,-24
50.332031,39,2179,2179,15,5,-27,-22,-24
50.335938,39,2179,2179,15,5,-27,-22,-24
50.339844,40,2179,2179,15,5,-27,-22,-25
50.343750,40,2179,2179,15,5,-27,-22,-25
50.347656,40,2179,2179,16,5,-27,-22,-25
50.351562,40,2179,2179,16,5,-27,-22,-25
50.355469,41,2179,2179,16,5,-27,-22,-25
50.359375,41,2179,2179,16,5,-27,-22,-24
50.363281,41,2179,2179,16,5,-27,-22,-24
50.367188,41,2179,2179,16,5,-26,-22,-25
50.371094,41,2179,2179,16,5,-26,-22,-24
50.375000,41,2179,2179,15,5,-27,-21,-24
50.378906,41,2179,2179,15,5,-26,-22,-24
50.382812,41,2179,2179,16,5,-26,-22,-24
50.386719,41,2179,2179,15,5,-26,-22,-24
50.390625,42,2179,2179,15,5,-26,-22,-24
50.394531,42,2179,2179,14,4,-26,-21,-24
50.398438,42,2179,2179,15,5,-27,-22,-24
50.402344,42,2179,2179,15,5,-26,-22,-24
50.406250,42,2179,2179,15,5,-26,-22,-24
50.410156,42,2179,2179,15,4,-26,-22,-24
50.414062,42,2179,2179,15,4,-26,-22,-24
50.417969,42,2179,2179,16,4,-26,-22,-24
50.421875,42,2179,2179,15,4,-27,-22,-24
50.425781,43,2179,2179,15,4,-27,-22,-24
50.429688,42,2179,2179,15,4,-27,-22,-24
50.433594,42,2179,2179,15,4,-26,-22,-24
50.437500,42,2179,2179,15,4,-27,-22,-24
50.441406,42,2179,2179,15,4,-27,-22,-24
50.445312,42,2179,2179,15,4,-27,-22,-24
50.449219,42,2179,2179,15,4,-27,-22,-24
50.453125,42,2179,2179,15,5,-27,-22,-24
50.457031,42,2179,2179,15,4,-27,-22,-25
50.460938,42,2179,2179,15,4,-27,-22,-24
50.464844,41,2179,2179,16,5,-27,-22,-25
50.468750,41,2179,2179,16,5,-26,-22,-24
50.472656,41,2179,2179,15,5,-26,-21,-24
50.476562,41,2179,2179,15,4,-26,-22,-24
50.480469,41,2179,2179,15,4,-26,-21,-24
50.484375,41,2179,2179,16,5,-26,-22,-24
50.488281,41,2179,2179,16,5,-26,-22,-24
50.492188,41,2179,2179,15,4,-26,-22,-24
50.496094,41,2179,2179,15,4,-27,-22,-24
50.500000,41,2179,2179,16,5,-27,-22,-24
50.503906,41,2179,2179,16,5,-27,-22,-24
50.507812,42,2179,2179,16,4,-27,-22,-24
50.511719,42,2179,2179,15,4,-27,-22,-24
50.515625,41,2179,2179,16,4,-27,-21,-24
50.519531,41,2179,2179,16,5,-26,-22,-24
50.523438,42,2179,2179,15,4,-24,-22,-25
50.527344,42,2179,2179,15,4,-27,-22,-25
50.531250,42,2179,2179,16,6,-27,-22,-24
50.535156,42,2179,2179,16,4,-26,-22,-24
50.539062,43,2179,2179,15,4,-27,-22,-24
50.542969,43,2179,2179,15,4,-27,-22,-24
50.546875,42,2179,2179,15,4,-27,-22,-25
50.550781,43,2179,2179,16,5,-27,-22,-25
50.554688,43,2179,2179,16,5,-27,-22,-24
50.558594,43,2179,2179,15,5,-27,-21,-24
50.562500,43,2179,2179,15,4,-27,-22,-24
50.566406,43,2179,2179,16,5,-27,-22,-24
50.570312,43,2179,2179,16,5,-27,-22,-24
50.574219,43,2179,2179,16,5,-27,-22,-24
50.578125,43,2179,2179,16,5,-27,-22,-24
50.582031,43,2179,2179,16,5,-26,-21,-24
50.585938,43,2179,2179,16,5,-26,-22,-24
50.589844,44,2179,2179,16,5,-26,-22,-24
50.593750,44,2179,2179,16,5,-26,-22,-24
50.597656,44,2179,2179,17,5,-27,-21,-24
50.601562,44,2179,2179,17,5,-26,-21,-24
50.605469,44,2179,2179,18,5,-26,-21,-24
50.609375,45,2179,2179,18,5,-26,-21,-24
50.613281,44,2179,2179,18,4,-26,-21,-24
50.617188,45,2179,2179,18,5,-26,-22,-24
50.621094,45,2179,2179,18,5,-26,-22,-24
50.625000,45,2179,2179,17,4,-27,-22,-24
50.628906,45,2179,2179,17,4,-27,-22,-24
50.632812,45,2179,2179,17,5,-26,-22,-24
50.636719,46,2179,2179,17,5,-26,-22,-24
50.640625,46,2179,2179,17,4,-26,-22,-24
50.644531,46,2179,2179,17,4,-27,-22,-24
50.648438,46,2179,2179,18,5,-29,-22,-24
50.652344,46,2179,2179,18,5,-27,-22,-25
50.656250,46,2179,2179,18,5,-27,-22,-24
50.660156,46,2179,2179,18,4,-27,-22,-25
50.664062,46,2179,2179,18,4,-27,-22,-24
50.667969,46,2179,2179,19,5,-27,-22,-24
50.671875,46,2179,2179,20,5,-27,-22,-24
50.675781,46,2179,2179,20,4,-26,-21,-24
50.679688,46,2179,2179,21,4,-26,-22,-24
50.683594,46,2179,2179,22,4,-26,-21,-24
50.687500,47,2179,2179,23,4,-26,-21,-24
50.691406,47,2179,2179,23,4,-27,-21,-24
50.695312,47,2179,2179,24,4,-26,-21,-24
50.699219,47,2179,2179,25,4,-26,-21,-24
50.703125,47,2179,2179,26,4,-27,-21,-24
50.707031,47,2179,2179,26,4,-27,-22,-24
50.710938,47,2179,2179,27,4,-26,-22,-25
50.714844,46,2179,2179,29,4,-26,-22,-25
50.718750,46,2179,2179,30,5,-26,-21,-25
50.722656,47,2179,2179,30,4,-26,-22,-25
50.726562,47,2179,2179,31,4,-27,-22,-25
50.730469,46,2179,2179,32,4,-26,-22,-24
50.734375,46,2179,2179,34,5,-27,-22,-25
50.738281,47,2179,2179,35,5,-26,-22,-24
50.742188,47,2179,2179,37,5,-27,-22,-24
50.746094,47,2179,2179,38,5,-27,-22,-24
50.750000,47,2179,2179,41,5,-27,-22,-24
50.753906,47,2179,2179,42,5,-26,-22,-24
50.757812,47,2179,2179,43,5,-27,-22,-24
50.761719,47,2179,2179,45,5,-27,-22,-24
50.765625,47,2179,2179,46,5,-27,-21,-24
50.769531,47,2179,2179,48,5,-27,-21,-24
50.773438,48,2179,2179,49,5,-22,-22,-24
50.777344,48,2179,2179,51,5,-27,-21,-24
50.781250,47,2179,2179,53,5,-26,-22,-24
50.785156,47,2179,2179,56,5,-26,-21,-24
50.789062,47,2179,2179,58,5,-26,-21,-24
50.792969,48,2179,2179,61,5,-26,-21,-24
50.796875,47,2179,2179,64,5,-26,-21,-24
50.800781,47,2179,2179,68,5,-26,-21,-24
50.804688,48,2179,2179,70,5,-26,-21,-24
50.808594,48,2179,2179,72,5,-27,-21,-24
50.812500,48,2179,2179,74,4,-27,-21,-24
50.816406,48,2179,2179,77,5,-26,-22,-24
50.820312,48,2179,2179,79,4,-26,-21,-24
50.824219,48,2179,2179,81,4,-27,-22,-24
50.828125,48,2179,2179,83,4,-27,-22,-24
50.832031,48,2179,2179,86,4,-27,-22,-24
50.835938,48,2179,2179,88,4,-26,-22,-24
50.839844,49,2179,2179,91,4,-27,-22,-24
50.843750,49,2179,2179,93,4,-27,-22,-24
50.847656,49,2179,2179,95,4,-27,-22,-24
50.851562,49,2179,2179,97,5,-27,-22,-25
50.855469,49,2179,2179,98,5,-27,-22,-24
50.859375,49,2179,2179,99,4,-27,-22,-25
50.863281,49,2179,2179,100,4,-27,-22,-25
50.867188,49,2179,2179,102,5,-27,-22,-25
50.871094,49,2179,2179,103,5,-27,-22,-25
50.875000,49,2179,2179,104,4,-27,-22,-24
50.878906,49,2179,2179,107,4,-27,-22,-24
50.882812,49,2179,2179,110,5,-27,-22,-24
50.886719,49,2179,2179,113,5,-27,-22,-24
50.890625,50,2179,2179,116,4,-26,-21,-24
50.894531,50,2179,2179,119,4,-26,-21,-24
50.898438,50,2179,2179,122,5,-32,-22,-24
50.902344,50,2179,2179,124,5,-26,-22,-24
50.906250,51,2179,2179,126,4,-26,-22,-24
50.910156,51,2179,2179,127,4,-27,-22,-24
50.914062,51,2179,2179,127,4,-26,-22,-24
50.917969,50,2179,2179,127,5,-27,-22,-24
50.921875,51,2179,2179,128,5,-26,-22,-25
50.925781,51,2179,2179,128,4,-27,-22,-24
50.929688,50,2179,2179,129,4,-27,-22,-24
50.933594,50,2179,2179,131,5,-27,-22,-25
50.937500,51,2179,2179,133,5,-27,-22,-25
50.941406,51,2179,2179,134,4,-27,-22,-24
50.945312,51,2179,2179,135,4,-27,-22,-25
50.949219,51,2179,2179,137,5,-27,-22,-24
50.953125,51,2179,2179,138,5,-26,-22,-24
50.957031,51,2179,2179,139,4,-26,-22,-24
50.960938,51,2179,2179,140,5,-27,-22,-24
50.964844,50,2179,2179,141,5,-27,-22,-24
50.968750,50,2179,2179,142,5,-27,-22,-24
50.972656,50,2179,2179,142,5,-26,-22,-24
50.976562,50,2179,2179,143,4,-26,-21,-24
50.980469,50,2179,2179,144,5,-26,-21,-24
50.984375,50,2179,2179,145,5,-26,-21,-24
50.988281,51,2179,2179,147,5,-26,-21,-24
50.992188,51,2179,2179,148,5,-26,-21,-24
50.996094,51,2179,2179,149,5,-26,-21,-24
51.000000,51,2179,2179,150,5,-26,-22,-24
51.003906,51,2179,2179,151,5,-26,-22,-24
51.007812,51,2179,2179,151,5,-26,-21,-24
51.011719,51,2179,2179,151,5,-26,-22,-24
51.015625,51,2179,2179,152,5,-26,-21,-24
51.019531,51,2179,2179,153,5,-26,-21,-24
51.023438,51,2179,2179,153,4,-20,-22,-24
51.027344,51,2179,2179,154,4,-27,-21,-24
51.031250,51,2179,2179,155,4,-27,-22,-25
51.035156,51,2179,2179,156,4,-27,-22,-24
51.039062,51,2179,2179,157,5,-27,-22,-24
51.042969,51,2179,2179,157,4,-27,-22,-24
51.046875,51,2179,2179,158,4,-27,-22,-25
51.050781,51,2179,2179,158,5,-27,-22,-25
51.054688,51,2179,2179,158,5,-27,-22,-25
51.058594,51,2179,2179,158,4,-27,-22,-24
51.062500,50,2179,2179,159,4,-27,-22,-24
51.066406,50,2179,2179,159,4,-27,-22,-24
51.070312,50,2179,2179,159,5,-27,-22,-24
51.074219,50,2179,2179,159,4,-27,-22,-24
51.078125,50,2179,2179,160,4,-27,-21,-24
51.082031,50,2179,2179,160,5,-26,-21,-24
51.085938,50,2179,2179,161,4,-26,-21,-24
51.089844,50,2179,2179,162,4,-26,-22,-24
51.093750,50,2179,2179,162,4,-26,-21,-24
51.097656,50,2179,2179,163,4,-26,-21,-24
51.101562,50,2179,2179,164,5,-26,-22,-24
51.105469,50,2179,2179,164,5,-26,-21,-24
51.109375,51,2179,2179,164,4,-26,-22,-24
51.113281,51,2179,2179,164,4,-26,-21,-24
51.117188,51,2179,2179,165,4,-26,-21,-24
51.121094,52,2179,2179,165,4,-26,-22,-24
51.125000,52,2179,2179,165,4,-26,-22,-24
51.128906,51,2179,2179,165,4,-26,-22,-24
51.132812,51,2179,2179,166,4,-27,-22,-24
51.136719,51,2179,2179,166,5,-26,-22,-25
51.140625,51,2179,2179,166,4,-26,-21,-24
51.144531,50,2179,2179,166,4,-27,-22,-25
51.148438,50,2179,2179,167,5,-34,-22,-25
51.152344,50,2179,2179,167,5,-27,-22,-24
51.156250,50,2179,2179,167,4,-27,-22,-25
51.160156,50,2179,2179,167,4,-27,-22,-24
51.164062,50,2179,2179,168,5,-27,-22,-25
51.167969,50,2179,2179,169,5,-27,-22,-25
51.171875,50,2179,2179,170,5,-27,-22,-24
51.175781,50,2179,2179,170,5,-26,-21,-24
51.179688,49,2179,2179,171,5,-26,-22,-24
51.183594,49,2179,2179,171,5,-26,-21,-24
51.187500,49,2179,2179,171,5,-26,-21,-24
51.191406,49,2179,2179,171,5,-26,-21,-24
51.195312,49,2179,2179,171,5,-26,-22,-24
51.199219,49,2179,2179,172,5,-26,-21,-24
51.203125,49,2179,2179,172,5,-27,-22,-24
51.207031,50,2179,2179,172,5,-27,-21,-24
51.210938,50,2179,2179,173,5,-27,-22,-24
51.214844,50,2179,2179,173,5,-27,-22,-24
51.218750,49,2179,2179,173,5,-27,-22,-24
51.222656,49,2179,2179,173,5,-27,-22,-24
51.226562,49,2179,2179,173,5,-27,-22,-24
51.230469,48,2179,2179,173,4,-27,-22,-24
51.234375,48,2179,2179,173,5,-27,-22,-24
51.238281,48,2179,2179,173,5,-27,-22,-24
51.242188,48,2179,2179,173,4,-27,-22,-24
51.246094,48,2179,2179,173,4,-27,-22,-24
51.250000,48,2179,2179,174,4,-27,-22,-24
51.253906,48,2179,2179,174,4,-27,-22,-24
51.257812,48,2179,2179,174,4,-27,-22,-25
51.261719,48,2179,2179,174,4,-27,-22,-24
51.265625,47,2179,2179,174,4,-27,-21,-24
51.269531,47,2179,2179,174,4,-27,-22,-24
51.273438,47,2179,2179,174,4,-24,-22,-24
51.277344,47,2179,2179,174,4,-27,-22,-24
51.281250,46,2179,2179,174,4,-26,-22,-24
51.285156,46,2179,2179,175,4,-26,-22,-24
51.289062,46,2179,2179,175,4,-26,-22,-24
51.292969,46,2179,2179,175,4,-26,-22,-24
51.296875,46,2179,2179,176,4,-26,-21,-24
51.300781,46,2179,2179,176,5,-26,-21,-24
51.304688,46,2179,2179,176,5,-26,-21,-24
51.308594,46,2179,2179,176,4,-26,-21,-24
51.312500,45,2179,2179,176,4,-26,-21,-24
51.316406,45,2179,2179,176,5,-26,-22,-25
51.320312,46,2179,2179,176,5,-26,-22,-24
51.324219,46,2179,2179,175,5,-27,-22,-24
51.328125,46,2179,2179,175,5,-27,-22,-24
51.332031,45,2179,2179,176,5,-27,-22,-24
51.335938,45,2179,2179,176,5,-27,-22,-24
51.339844,45,2179,2179,176,5,-27,-22,-24
51.343750,45,2179,2179,176,5,-27,-22,-24
51.347656,45,2179,2179,177,5,-27,-22,-24
51.351562,45,2179,2179,177,5,-27,-22,-25
51.355469,45,2179,2179,177,5,-27,-22,-24
51.359375,45,2179,2179,177,5,-27,-22,-24
51.363281,44,2179,2179,177,5,-27,-22,-24
51.367188,44,2179,2179,177,5,-27,-22,-25
51.371094,44,2179,2179,177,5,-27,-22,-24
51.375000,44,2179,2179,177,5,-26,-22,-24
51.378906,43,2179,2179,178,5,-27,-22,-24
51.382812,43,2179,2179,178,5,-27,-22,-24
51.386719,43,2179,2179,179,5,-26,-22,-24
51.390625,44,2179,2179,179,5,-27,-21,-24
51.394531,44,2179,2179,180,5,-26,-21,-24
51.398438,43,2179,2179,180,5,-29,-21,-24
51.402344,43,2179,2179,180,5,-26,-22,-24
51.406250,43,2179,2179,180,5,-27,-21,-24
51.410156,43,2179,2179,179,4,-26,-21,-24
51.414062,43,2179,2179,179,4,-26,-22,-24
51.417969,43,2179,2179,178,4,-26,-22,-24
51.421875,43,2179,2179,178,4,-27,-22,-24
51.425781,43,2179,2179,178,4,-27,-22,-24
51.429688,42,2179,2179,178,4,-27,-22,-24
51.433594,43,2179,2179,179,4,-27,-22,-24
51.437500,43,2179,2179,180,4,-26,-22,-24
51.441406,43,2179,2179,180,4,-26,-22,-24
51.445312,42,2179,2179,180,4,-26,-22,-24
51.449219,42,2179,2179,180,4,-27,-22,-24
51.453125,42,2179,2179,179,4,-27,-22,-24
51.457031,42,2179,2179,179,4,-27,-22,-24
51.460938,41,2179,2179,179,4,-27,-22,-25
51.464844,41,2179,2179,179,5,-27,-22,-25
51.468750,41,2179,2179,180,5,-27,-22,-25
51.472656,41,2179,2179,180,5,-26,-22,-24
51.476562,41,2179,2179,180,5,-26,-21,-24
51.480469,41,2179,2179,181,5,-26,-21,-24
51.484375,41,2179,2179,181,5,-26,-21,-24
51.488281,41,2179,2179,180,5,-26,-22,-24
51.492188,41,2179,2179,179,5,-26,-21,-24
51.496094,41,2179,2179,179,4,-26,-22,-24
51.500000,41,2179,2179,179,5,-26,-21,-24
51.503906,41,2179,2179,179,5,-26,-22,-24
51.507812,41,2179,2179,179,5,-27,-21,-24
51.511719,41,2179,2179,180,4,-26,-22,-24
51.515625,40,2179,2179,181,5,-27,-21,-24
51.519531,41,2179,2179,181,5,-26,-22,-24
51.523438,41,2179,2179,181,4,-27,-22,-24
51.527344,41,2179,2179,182,4,-27,-22,-24
51.531250,40,2179,2179,182,4,-27,-22,-24
51.535156,40,2179,2179,182,5,-27,-22,-24
51.539062,41,2179,2179,182,5,-27,-22,-24
51.542969,40,2179,2179,181,5,-27,-22,-24
51.546875,40,2179,2179,182,5,-27,-22,-24
51.550781,40,2179,2179,182,5,-27,-22,-25
51.554688,40,2179,2179,182,5,-27,-22,-25
51.558594,40,2179,2179,182,5,-27,-22,-24
51.562500,40,2179,2179,181,5,-27,-22,-24
51.566406,39,2179,2179,181,5,-27,-22,-24
51.570312,39,2179,2179,181,5,-27,-22,-24
51.574219,40,2179,2179,181,5,-26,-22,-24
51.578125,39,2179,2179,181,5,-26,-21,-24
51.582031,39,2179,2179,181,5,-26,-21,-24
51.585938,38,2179,2179,181,5,-26,-21,-24
51.589844,38,2179,2179,181,5,-26,-21,-24
51.593750,38,2179,2179,181,4,-26,-21,-24
51.597656,38,2179,2179,181,5,-26,-21,-24
51.601562,38,2179,2179,181,5,-26,-21,-24
51.605469,38,2179,2179,181,5,-26,-21,-24
51.609375,38,2179,2179,181,4,-26,-21,-24
51.613281,37,2179,2179,180,4,-26,-21,-24
51.617188,37,2179,2179,181,5,-26,-22,-24
51.621094,37,2179,2179,181,5,-26,-22,-24
51.625000,36,2179,2179,181,4,-26,-22,-24
51.628906,35,2179,2179,181,4,-27,-21,-24
51.632812,35,2179,2179,181,5,-26,-22,-24
51.636719,35,2179,2179,181,5,-26,-22,-24
51.640625,35,2179,2179,181,5,-26,-21,-24
51.644531,36,2179,2179,181,5,-27,-22,-24
51.648438,35,2179,2179,181,5,-27,-22,-24
51.652344,35,2179,2179,181,5,-27,-22,-24
51.656250,36,2179,2179,181,4,-27,-22,-24
51.660156,36,2179,2179,181,4,-27,-22,-24
51.664062,36,2179,2179,182,4,-27,-22,-24
51.667969,36,2179,2179,182,4,-27,-22,-25
51.671875,36,2179,2179,182,4,-26,-22,-24
51.675781,36,2179,2179,182,4,-26,-22,-24
51.679688,36,2179,2179,182,4,-26,-21,-24
51.683594,36,2179,2179,182,4,-26,-22,-24
51.687500,36,2179,2179,182,4,-26,-21,-24
51.691406,36,2179,2179,181,4,-26,-21,-24
51.695312,36,2179,2179,181,4,-26,-22,-24
51.699219,36,2179,2179,181,5,-26,-22,-24
51.703125,36,2179,2179,181,4,-26,-22,-24
51.707031,36,2179,2179,181,4,-26,-22,-24
51.710938,36,2179,2179,181,4,-27,-22,-24
51.714844,35,2179,2179,182,4,-26,-22,-24
51.718750,36,2179,2179,182,4,-26,-22,-24
51.722656,36,2179,2179,182,4,-27,-22,-24
51.726562,36,2179,2179,182,4,-27,-22,-24
51.730469,36,2179,2179,182,4,-26,-22,-24
51.734375,36,2179,2179,183,5,-27,-22,-24
51.738281,36,2179,2179,183,5,-27,-22,-24
51.742188,36,2179,2179,182,5,-27,-22,-24
51.746094,36,2179,2179,182,5,-27,-21,-24
51.750000,35,2179,2179,182,5,-27,-22,-24
51.753906,35,2179,2179,182,5,-26,-22,-24
51.757812,35,2179,2179,182,5,-27,-21,-24
51.761719,35,2179,2179,182,5,-27,-22,-24
51.765625,34,2179,2179,182,5,-26,-21,-24
51.769531,34,2179,2179,182,5,-27,-22,-24
51.773438,34,2179,2179,182,5,-26,-22,-24
51.777344,34,2179,2179,183,5,-26,-22,-24
51.781250,34,2179,2179,184,5,-26,-22,-24
51.785156,34,2179,2179,184,5,-26,-22,-24
51.789062,34,2179,2179,184,5,-26,-22,-24
51.792969,34,2179,2179,184,5,-26,-22,-24
51.796875,34,2179,2179,184,5,-26,-22,-24
51.800781,34,2179,2179,184,5,-26,-22,-24
51.804688,34,2179,2179,183,5,-26,-21,-24
51.808594,34,2179,2179,183,5,-26,-21,-24
51.812500,33,2179,2179,182,4,-26,-21,-24
51.816406,34,2179,2179,182,5,-26,-21,-24
51.820312,34,2179,2179,183,4,-26,-22,-24
51.824219,34,2179,2179,182,4,-26,-22,-24
51.828125,34,2179,2179,182,4,-27,-22,-24
51.832031,34,2179,2179,183,4,-27,-22,-24
51.835938,34,2179,2179,183,4,-26,-22,-24
51.839844,35,2179,2179,182,4,-26,-22,-24
51.843750,34,2179,2179,182,4,-27,-22,-24
51.847656,34,2179,2179,182,4,-27,-22,-24
51.851562,34,2179,2179,182,4,-27,-22,-25
51.855469,34,2179,2179,182,5,-27,-22,-24
51.859375,34,2179,2179,182,4,-27,-22,-24
51.863281,34,2179,2179,182,4,-27,-22,-24
51.867188,33,2179,2179,183,5,-27,-22,-24
51.871094,33,2179,2179,183,5,-27,-22,-24
51.875000,33,2179,2179,182,4,-27,-22,-24
51.878906,33,2179,2179,182,4,-26,-22,-24
51.882812,33,2179,2179,182,4,-26,-22,-24
51.886719,33,2179,2179,183,4,-26,-22,-24
51.890625,33,2179,2179,182,4,-26,-21,-24
51.894531,33,2179,2179,182,4,-27,-22,-24
51.898438,33,2179,2179,183,4,-27,-22,-24
51.902344,33,2179,2179,183,4,-26,-22,-24
51.906250,33,2179,2179,183,4,-26,-22,-24
51.910156,32,2179,2179,182,4,-27,-22,-24
51.914062,32,2179,2179,183,4,-26,-22,-24
51.917969,31,2179,2179,183,5,-26,-22,-24
51.921875,31,2179,2179,183,5,-26,-22,-25
51.925781,31,2179,2179,182,5,-27,-21,-24
51.929688,30,2179,2179,183,5,-27,-22,-25
51.933594,30,2179,2179,183,5,-27,-22,-24
51.937500,30,2179,2179,183,5,-27,-22,-25
51.941406,29,2179,2179,183,5,-27,-22,-24
51.945312,29,2179,2179,183,5,-27,-22,-24
51.949219,28,2179,2179,183,5,-27,-22,-24
51.953125,28,2179,2179,183,5,-27,-22,-24
51.957031,27,2179,2179,183,5,-27,-22,-25
51.960938,27,2179,2179,183,5,-27,-22,-24
51.964844,26,2179,2179,183,5,-27,-21,-24
51.968750,25,2179,2179,181,5,-27,-21,-24
51.972656,25,2179,2179,176,5,-26,-21,-24
51.976562,24,2179,2179,168,5,-27,-22,-24
51.980469,24,2179,2179,154,5,-26,-21,-24
51.984375,23,2179,2179,138,5,-26,-22,-24
51.988281,23,2179,2179,121,5,-26,-21,-24
51.992188,23,2179,2179,105,5,-26,-21,-24
51.996094,22,2179,2179,93,5,-26,-22,-24
52.000000,22,2179,2179,86,5,-26,-22,-24
52.003906,22,2179,2179,83,5,-26,-21,-24
52.007812,21,2179,2179,80,4,-26,-21,-24
52.011719,21,2179,2179,76,4,-26,-22,-24
52.015625,20,2179,2179,70,4,-27,-22,-24
52.019531,20,2179,2179,59,4,-26,-22,-24
52.023438,19,2179,2179,47,4,-27,-22,-24
52.027344,19,2179,2179,35,4,-27,-22,-24
52.031250,18,2179,2179,26,4,-27,-22,-24
52.035156,18,2179,2179,20,4,-27,-22,-24
52.039062,17,2179,2179,18,5,-27,-22,-24
52.042969,17,2179,2179,18,4,-27,-22,-24
52.046875,16,2179,2179,20,4,-27,-22,-24
52.050781,16,2179,2179,22,5,-27,-22,-24
52.054688,16,2179,2179,23,5,-27,-22,-24
52.058594,16,2179,2179,22,4,-27,-22,-24
52.062500,15,2179,2179,21,4,-27,-22,-24
52.066406,15,2179,2179,19,5,-27,-22,-24
52.070312,14,2179,2179,17,5,-26,-22,-24
52.074219,14,2179,2179,15,4,-27,-22,-24
52.078125,14,2179,2179,15,5,-26,-22,-24
52.082031,13,2179,2179,16,5,-26,-22,-24
52.085938,13,2179,2179,17,5,-26,-22,-24
52.089844,13,2179,2179,18,5,-27,-22,-24
52.093750,13,2179,2179,18,5,-26,-22,-24
52.097656,13,2179,2179,19,5,-26,-21,-24
52.101562,13,2179,2179,19,5,-26,-22,-24
52.105469,13,2179,2179,18,5,-26,-22,-24
52.109375,13,2179,2179,17,4,-26,-22,-24
52.113281,13,2179,2179,17,4,-26,-22,-24
52.117188,13,2179,2179,17,5,-26,-22,-24
52.121094,13,2179,2179,17,5,-26,-22,-24
52.125000,13,2179,2179,17,4,-27,-22,-24
52.128906,13,2179,2179,17,4,-27,-22,-24
52.132812,13,2179,2179,17,4,-27,-22,-24
52.136719,13,2179,2179,17,5,-26,-22,-24
52.140625,13,2179,2179,16,4,-26,-22,-24
52.144531,12,2179,2179,16,5,-26,-22,-24
52.148438,12,2179,2179,16,5,-27,-22,-24
52.152344,12,2179,2179,16,5,-26,-22,-24
52.156250,12,2179,2179,15,5,-26,-22,-24
52.160156,12,2179,2179,15,5,-27,-22,-24
52.164062,11,2179,2179,16,5,-27,-22,-24
52.167969,11,2179,2179,16,5,-26,-22,-24
52.171875,12,2179,2179,16,5,-26,-22,-24
52.175781,11,2179,2179,16,5,-26,-21,-24
52.179688,11,2179,2179,16,5,-26,-21,-24
52.183594,11,2179,2179,16,5,-26,-22,-24
52.187500,11,2179,2179,16,5,-26,-22,-24
52.191406,11,2179,2179,15,5,-26,-21,-24
52.195312,11,2179,2179,15,5,-27,-22,-24
52.199219,11,2179,2179,16,5,-26,-22,-24
52.203125,11,2179,2179,16,5,-26,-22,-24
52.207031,11,2179,2179,16,5,-27,-22,-24
52.210938,12,2179,2179,16,5,-27,-22,-24
52.214844,11,2179,2179,16,5,-27,-22,-24
52.218750,12,2179,2179,16,5,-27,-22,-24
52.222656,12,2179,2179,16,5,-26,-22,-24
52.226562,12,2179,2179,15,4,-27,-22,-24
52.230469,12,2179,2179,15,4,-27,-22,-24
52.234375,12,2179,2179,15,5,-27,-22,-24
52.238281,12,2179,2179,16,5,-27,-22,-24
52.242188,12,2179,2179,15,4,-27,-22,-24
52.246094,11,2179,2179,15,4,-27,-22,-24
52.250000,12,2179,2179,15,4,-27,-22,-24
52.253906,12,2179,2179,15,4,-27,-22,-24
52.257812,12,2179,2179,15,4,-27,-22,-24
52.261719,12,2179,2179,15,4,-27,-22,-24
52.265625,12,2179,2179,15,4,-27,-23,-24
52.269531,12,2179,2179,15,4,-26,-22,-24
52.273438,12,2179,2179,15,4,-26,-22,-24
52.277344,12,2179,2179,15,4,-26,-21,-24
52.281250,12,2179,2179,15,4,-26,-21,-24
52.285156,11,2179,2179,15,4,-26,-22,-24
52.289062,12,2179,2179,15,4,-26,-22,-24
52.292969,12,2179,2179,15,4,-26,-22,-24
52.296875,11,2179,2179,15,4,-26,-22,-24
52.300781,11,2179,2179,16,5,-26,-22,-24
52.304688,12,2179,2179,16,5,-26,-22,-24
52.308594,12,2179,2179,16,5,-26,-22,-24
52.312500,12,2179,2179,15,4,-26,-21,-24
52.316406,12,2179,2179,16,5,-26,-22,-24
52.320312,12,2179,2179,16,5,-26,-21,-24
52.324219,12,2179,2179,15,4,-26,-21,-24
52.328125,11,2179,2179,16,5,-27,-22,-24
52.332031,11,2179,2179,16,5,-27,-22,-24
52.335938,11,2179,2179,16,5,-27,-22,-24
52.339844,11,2179,2179,16,5,-27,-22,-24
52.343750,12,2179,2179,16,5,-27,-22,-25
52.347656,12,2179,2179,16,5,-27,-22,-24
52.351562,12,2179,2179,16,5,-27,-22,-24
52.355469,12,2179,2179,15,5,-26,-22,-24
52.359375,12,2179,2179,15,5,-26,-22,-24
52.363281,11,2179,2179,15,5,-26,-22,-24
52.367188,11,2179,2179,16,5,-26,-22,-24
52.371094,11,2179,2179,16,5,-26,-22,-24
52.375000,11,2179,2179,16,5,-26,-22,-24
52.378906,11,2179,2179,16,5,-27,-22,-24
52.382812,11,2179,2179,16,5,-26,-22,-24
52.386719,10,2179,2179,16,5,-26,-22,-24
52.390625,11,2179,2179,16,5,-26,-21,-24
52.394531,11,2179,2179,16,5,-26,-21,-24
52.398438,11,2179,2179,16,5,-26,-21,-24
52.402344,10,2179,2179,16,5,-26,-22,-24
52.406250,11,2179,2179,15,4,-26,-22,-24
52.410156,11,2179,2179,15,4,-26,-22,-24
52.414062,10,2179,2179,15,4,-27,-22,-24
52.417969,10,2179,2179,15,4,-27,-22,-24
52.421875,10,2179,2179,15,4,-27,-22,-24
52.425781,10,2179,2179,15,4,-27,-22,-25
52.429688,9,2179,2179,15,4,-27,-22,-25
52.433594,9,2179,2179,15,4,-27,-22,-24
52.437500,9,2179,2179,15,4,-27,-22,-25
52.441406,9,2179,2179,15,4,-27,-22,-25
52.445312,9,2179,2179,15,4,-27,-22,-25
52.449219,8,2179,2179,16,5,-27,-22,-25
52.453125,8,2179,2179,15,5,-27,-22,-25
52.457031,8,2179,2179,15,5,-27,-22,-25
52.460938,8,2179,2179,15,5,-27,-22,-24
52.464844,7,2179,2179,16,5,-27,-22,-24
52.468750,7,2179,2179,16,5,-27,-21,-24
52.472656,7,2179,2179,15,5,-27,-22,-24
52.476562,7,2179,2179,15,5,-27,-21,-24
52.480469,7,2179,2179,14,5,-26,-21,-24
52.484375,7,2179,2179,15,5,-27,-22,-24
52.488281,7,2179,2179,15,5,-26,-22,-24
52.492188,7,2179,2179,15,5,-26,-21,-24
52.496094,7,2179,2179,15,4,-26,-22,-24
52.500000,7,2179,2179,16,5,-26,-21,-24
52.503906,7,2179,2179,16,5,-26,-21,-24
52.507812,7,2179,2179,16,4,-26,-22,-23
52.511719,8,2179,2179,16,4,-27,-22,-24
52.515625,8,2179,2179,16,5,-26,-22,-24
52.519531,8,2179,2179,16,5,-27,-22,-24
52.523438,8,2179,2179,15,4,-27,-22,-24
52.527344,8,2179,2179,15,4,-27,-22,-24
52.531250,8,2179,2179,15,5,-27,-22,-24
52.535156,8,2179,2179,15,5,-27,-22,-24
52.539062,9,2179,2179,15,5,-27,-22,-24
52.542969,9,2179,2179,15,5,-27,-22,-24
52.546875,8,2179,2179,15,5,-27,-22,-25
52.550781,9,2179,2179,15,5,-27,-22,-25
52.554688,9,2179,2179,15,5,-27,-22,-25
52.558594,9,2179,2179,14,5,-27,-22,-24
52.562500,8,2179,2179,14,5,-27,-22,-24
52.566406,8,2179,2179,15,5,-27,-22,-24
52.570312,8,2179,2179,15,5,-26,-22,-24
52.574219,8,2179,2179,15,5,-26,-21,-24
52.578125,7,2179,2179,15,5,-26,-21,-24
52.582031,7,2179,2179,15,5,-26,-21,-24
52.585938,7,2179,2179,15,5,-26,-22,-24
52.589844,7,2179,2179,15,5,-26,-22,-24
52.593750,8,2179,2179,15,4,-26,-22,-24
52.597656,7,2179,2179,15,5,-27,-22,-24
52.601562,7,2179,2179,15,5,-27,-22,-24
52.605469,8,2179,2179,14,5,-26,-22,-24
52.609375,7,2179,2179,15,4,-27,-22,-24
52.613281,7,2179,2179,15,4,-27,-22,-24
52.617188,7,2179,2179,15,5,-27,-22,-24
52.621094,7,2179,2179,15,5,-27,-22,-24
52.625000,7,2179,2179,15,4,-27,-22,-24
52.628906,7,2179,2179,14,4,-27,-22,-24
52.632812,7,2179,2179,14,5,-27,-22,-24
52.636719,7,2179,2179,14,5,-27,-22,-24
52.640625,7,2179,2179,13,5,-27,-22,-24
52.644531,7,2179,2179,13,5,-27,-22,-24
52.648438,6,2179,2179,13,5,-27,-22,-24
52.652344,6,2179,2179,14,5,-26,-22,-24
52.656250,6,2179,2179,13,4,-26,-22,-24
52.660156,6,2179,2179,14,4,-27,-22,-24
52.664062,5,2179,2179,14,4,-27,-22,-24
52.667969,5,2179,2179,14,5,-26,-22,-24
52.671875,5,2179,2179,14,5,-26,-22,-24
52.675781,5,2179,2179,13,4,-27,-22,-24
52.679688,5,2179,2179,13,4,-26,-22,-24
52.683594,5,2179,2179,14,5,-26,-22,-24
52.687500,5,2179,2179,14,5,-26,-22,-24
52.691406,6,2179,2179,14,4,-26,-21,-24
52.695312,6,2179,2179,14,4,-26,-21,-24
52.699219,5,2179,2179,15,5,-26,-22,-24
52.703125,6,2179,2179,15,5,-26,-22,-24
52.707031,6,2179,2179,15,4,-26,-22,-24
52.710938,6,2179,2179,15,4,-26,-22,-24
52.714844,6,2179,2179,16,4,-26,-22,-24
52.718750,6,2179,2179,16,5,-26,-22,-24
52.722656,6,2179,2179,15,4,-26,-22,-24
52.726562,6,2179,2179,15,4,-26,-22,-24
52.730469,6,2179,2179,14,4,-27,-21,-24
52.734375,6,2179,2179,15,5,-27,-22,-24
52.738281,6,2179,2179,15,5,-27,-22,-24
52.742188,7,2179,2179,15,5,-27,-22,-24
52.746094,6,2179,2179,15,5,-27,-22,-24
52.750000,6,2179,2179,15,5,-27,-22,-25
52.753906,7,2179,2179,15,5,-27,-22,-25
52.757812,7,2179,2179,15,5,-26,-22,-24
52.761719,6,2179,2179,15,5,-27,-22,-24
52.765625,6,2179,2179,15,5,-27,-22,-24
52.769531,6,2179,2179,15,5,-26,-22,-24
52.773438,7,2179,2179,15,5,-26,-22,-24
52.777344,7,2179,2179,15,5,-27,-21,-24
52.781250,7,2179,2179,15,5,-26,-21,-24
52.785156,7,2179,2179,15,5,-26,-21,-24
52.789062,8,2179,2179,15,5,-26,-21,-24
52.792969,8,2179,2179,15,5,-26,-21,-24
52.796875,8,2179,2179,15,5,-26,-21,-24
52.800781,8,2179,2179,15,5,-26,-21,-24
52.804688,8,2179,2179,15,5,-26,-21,-24
52.808594,8,2179,2179,15,4,-27,-21,-24
52.812500,8,2179,2179,14,4,-27,-21,-24
52.816406,9,2179,2179,15,5,-27,-21,-24
52.820312,9,2179,2179,15,5,-27,-22,-24
52.824219,9,2179,2179,14,4,-27,-22,-24
52.828125,9,2179,2179,14,4,-27,-22,-24
52.832031,9,2179,2179,15,5,-27,-22,-24
52.835938,9,2179,2179,14,5,-27,-22,-24
52.839844,9,2179,2179,14,4,-27,-22,-24
52.843750,9,2179,2179,14,4,-27,-22,-24
52.847656,9,2179,2179,14,4,-27,-22,-24
52.851562,9,2179,2179,13,5,-27,-22,-24
52.855469,9,2179,2179,12,5,-27,-22,-24
52.859375,9,2179,2179,13,4,-27,-22,-24
52.863281,9,2179,2179,14,4,-27,-22,-24
52.867188,9,2179,2179,14,5,-27,-22,-24
52.871094,9,2179,2179,15,5,-27,-22,-24
52.875000,9,2179,2179,15,4,-26,-22,-24
52.878906,9,2179,2179,15,4,-26,-22,-24
52.882812,9,2179,2179,15,5,-26,-22,-25
52.886719,9,2179,2179,15,5,-27,-21,-24
52.890625,10,2179,2179,15,4,-27,-21,-24
52.894531,10,2179,2179,14,4,-27,-22,-24
52.898438,9,2179,2179,14,5,-27,-21,-24
52.902344,9,2179,2179,14,5,-26,-21,-24
52.906250,10,2179,2179,13,4,-26,-21,-24
52.910156,10,2179,2179,13,4,-26,-21,-24
52.914062,10,2179,2179,13,4,-26,-22,-24
52.917969,9,2179,2179,14,5,-26,-22,-24
52.921875,9,2179,2179,14,5,-26,-22,-24
52.925781,9,2179,2179,14,5,-27,-22,-24
52.929688,9,2179,2179,14,5,-27,-22,-24
52.933594,9,2179,2179,14,5,-27,-22,-24
52.937500,10,2179,2179,14,5,-27,-22,-24
52.941406,10,2179,2179,14,5,-27,-22,-24
52.945312,10,2179,2179,14,5,-27,-22,-24
52.949219,9,2179,2179,14,5,-27,-22,-24
52.953125,9,2179,2179,14,5,-27,-22,-24
52.957031,9,2179,2179,14,5,-27,-22,-24
52.960938,9,2179,2179,15,5,-27,-22,-24
52.964844,8,2179,2179,15,5,-27,-22,-24
52.968750,8,2179,2179,16,5,-26,-22,-24
52.972656,8,2179,2179,16,5,-26,-22,-24
52.976562,8,2179,2179,16,5,-26,-21,-24
52.980469,8,2179,2179,15,5,-26,-21,-24
52.984375,8,2179,2179,15,5,-26,-22,-24
52.988281,8,2179,2179,15,5,-26,-22,-24
52.992188,8,2179,2179,14,5,-26,-21,-24
52.996094,8,2179,2179,14,5,-26,-22,-24
53.000000,8,2179,2179,14,5,-26,-21,-24
53.003906,8,2179,2179,14,5,-26,-21,-24
53.007812,8,2179,2179,14,5,-26,-21,-25
53.011719,8,2179,2179,14,4,-26,-21,-24
53.015625,8,2179,2179,14,4,-26,-21,-24
53.019531,8,2179,2179,14,5,-26,-21,-24
53.023438,8,2179,2179,13,4,-26,-22,-24
53.027344,8,2179,2179,13,4,-27,-22,-24
53.031250,8,2179,2179,14,5,-27,-22,-24
53.035156,8,2179,2179,14,5,-27,-22,-24
53.039062,8,2179,2179,13,5,-27,-22,-24
53.042969,8,2179,2179,13,5,-27,-22,-24
53.046875,8,2179,2179,14,4,-27,-22,-24
53.050781,8,2179,2179,14,5,-27,-22,-24
53.054688,8,2179,2179,14,5,-27,-22,-24
53.058594,8,2179,2179,14,5,-26,-22,-24
53.062500,7,2179,2179,14,5,-26,-22,-24
53.066406,7,2179,2179,15,5,-26,-22,-24
53.070312,7,2179,2179,15,5,-26,-22,-24
53.074219,8,2179,2179,14,5,-26,-21,-24
53.078125,8,2179,2179,14,5,-26,-21,-24
53.082031,8,2179,2179,14,5,-26,-21,-24
53.085938,8,2179,2179,14,5,-26,-21,-24
53.089844,8,2179,2179,14,5,-26,-21,-24
53.093750,8,2179,2179,14,5,-26,-21,-24
53.097656,8,2179,2179,15,4,-26,-21,-24
53.101562,8,2179,2179,15,5,-26,-21,-24
53.105469,8,2179,2179,15,5,-26,-22,-24
53.109375,9,2179,2179,15,5,-26,-21,-24
53.113281,8,2179,2179,14,4,-26,-22,-24
53.117188,8,2179,2179,15,5,-26,-22,-24
53.121094,9,2179,2179,14,5,-26,-22,-24
53.125000,9,2179,2179,13,4,-27,-22,-24
53.128906,8,2179,2179,13,4,-27,-21,-24
53.132812,8,2179,2179,13,5,-27,-21,-26
53.136719,8,2179,2179,13,5,-27,-21,-25
53.140625,9,2179,2179,13,5,-27,-22,-24
53.144531,9,2179,2179,13,5,-27,-22,-24
53.148438,9,2179,2179,14,5,-27,-22,-24
53.152344,9,2179,2179,14,5,-26,-22,-24
53.156250,9,2179,2179,14,5,-26,-22,-24
53.160156,9,2179,2179,14,5,-26,-22,-24
53.164062,9,2179,2179,14,5,-27,-22,-24
53.167969,9,2179,2179,14,5,-27,-22,-24
53.171875,9,2179,2179,14,5,-27,-21,-24
53.175781,10,2179,2179,14,5,-27,-21,-24
53.179688,10,2179,2179,14,5,-26,-21,-24
53.183594,10,2179,2179,14,5,-26,-21,-24
53.187500,11,2179,2179,14,5,-26,-21,-24
53.191406,11,2179,2179,14,5,-26,-21,-24
53.195312,11,2179,2179,14,5,-26,-21,-24
53.199219,11,2179,2179,14,5,-26,-21,-24
53.203125,11,2179,2179,14,5,-26,-22,-24
53.207031,12,2179,2179,14,5,-26,-22,-24
53.210938,12,2179,2179,13,5,-26,-22,-24
53.214844,12,2179,2179,14,5,-26,-22,-24
53.218750,13,2179,2179,14,5,-27,-22,-24
53.222656,13,2179,2179,13,4,-27,-22,-24
53.226562,13,2179,2179,14,4,-27,-22,-24
53.230469,13,2179,2179,15,4,-27,-22,-25
53.234375,13,2179,2179,14,5,-27,-22,-25
53.238281,13,2179,2179,15,4,-26,-21,-25
53.242188,13,2179,2179,14,4,-27,-22,-24
53.246094,13,2179,2179,14,4,-27,-22,-24
53.250000,13,2179,2179,14,4,-27,-22,-24
53.253906,14,2179,2179,14,4,-26,-22,-24
53.257812,14,2179,2179,14,4,-26,-22,-24
53.261719,13,2179,2179,14,4,-26,-22,-24
53.265625,13,2179,2179,14,4,-26,-22,-24
53.269531,13,2179,2179,14,4,-27,-22,-24
53.273438,14,2179,2179,14,4,-26,-21,-24
53.277344,14,2179,2179,14,4,-26,-21,-24
53.281250,14,2179,2179,14,4,-26,-21,-24
53.285156,14,2179,2179,14,4,-26,-21,-24
53.289062,15,2179,2179,13,4,-26,-21,-24
53.292969,15,2179,2179,13,4,-26,-21,-24
53.296875,15,2179,2179,14,4,-26,-22,-24
53.300781,14,2179,2179,14,5,-26,-22,-24
53.304688,15,2179,2179,15,5,-26,-22,-24
53.308594,15,2179,2179,15,4,-27,-22,-24
53.312500,15,2179,2179,15,4,-27,-22,-24
53.316406,16,2179,2179,16,5,-26,-22,-24
53.320312,17,2179,2179,15,5,-26,-22,-24
53.324219,17,2179,2179,15,4,-26,-22,-24
53.328125,17,2179,2179,14,4,-27,-22,-24
53.332031,18,2179,2179,14,5,-26,-21,-24
53.335938,18,2179,2179,14,5,-27,-22,-24
53.339844,18,2179,2179,13,5,-26,-22,-25
53.343750,18,2179,2179,13,4,-27,-22,-24
53.347656,18,2179,2179,14,4,-27,-22,-24
53.351562,19,2179,2179,14,5,-27,-22,-24
53.355469,19,2179,2179,13,5,-27,-22,-24
53.359375,20,2179,2179,14,5,-27,-22,-24
53.363281,19,2179,2179,14,5,-27,-22,-24
53.367188,20,2179,2179,14,5,-26,-22,-24
53.371094,21,2179,2179,14,5,-26,-22,-24
53.375000,21,2179,2179,14,5,-26,-21,-24
53.378906,21,2179,2179,14,5,-26,-21,-24
53.382812,21,2179,2179,14,5,-26,-21,-24
53.386719,22,2179,2179,14,5,-26,-21,-24
53.390625,22,2179,2179,14,5,-26,-21,-24
53.394531,23,2179,2179,15,5,-27,-22,-24
53.398438,23,2179,2179,15,5,-27,-21,-24
53.402344,24,2179,2179,15,5,-26,-22,-24
53.406250,25,2179,2179,15,5,-26,-22,-24
53.410156,26,2179,2179,14,4,-26,-22,-24
53.414062,26,2179,2179,14,4,-26,-22,-24
53.417969,27,2179,2179,14,4,-26,-22,-24
53.421875,27,2179,2179,13,4,-26,-22,-24
53.425781,27,2179,2179,13,4,-27,-22,-24
53.429688,27,2179,2179,13,4,-27,-22,-25
53.433594,27,2179,2179,13,4,-27,-22,-25
53.437500,27,2179,2179,13,4,-27,-22,-24
53.441406,27,2179,2179,13,4,-27,-22,-24
53.445312,28,2179,2179,13,4,-27,-22,-24
53.449219,27,2179,2179,14,4,-27,-22,-24
53.453125,27,2179,2179,14,4,-26,-22,-24
53.457031,28,2179,2179,14,4,-26,-22,-24
53.460938,28,2179,2179,15,4,-26,-22,-24
53.464844,27,2179,2179,15,5,-27,-21,-24
53.468750,27,2179,2179,15,5,-26,-22,-24
53.472656,28,2179,2179,15,4,-26,-21,-24
53.476562,28,2179,2179,14,4,-26,-22,-24
53.480469,27,2179,2179,15,4,-26,-22,-24
53.484375,28,2179,2179,15,5,-26,-22,-24
53.488281,28,2179,2179,15,5,-26,-22,-24
53.492188,28,2179,2179,14,4,-26,-21,-24
53.496094,28,2179,2179,14,4,-26,-22,-24
53.500000,28,2179,2179,15,5,-26,-22,-24
53.503906,29,2179,2179,15,5,-26,-21,-24
53.507812,29,2179,2179,14,4,-26,-21,-24
53.511719,29,2179,2179,14,4,-26,-22,-24
53.515625,29,2179,2179,15,5,-27,-22,-24
53.519531,29,2179,2179,15,5,-26,-22,-24
53.523438,30,2179,2179,14,4,-27,-22,-25
53.527344,30,2179,2179,15,4,-27,-22,-24
53.531250,30,2179,2179,15,5,-27,-22,-24
53.535156,29,2179,2179,15,5,-26,-22,-24
53.539062,29,2179,2179,15,5,-27,-22,-24
53.542969,30,2179,2179,15,5,-27,-22,-24
53.546875,29,2179,2179,15,5,-27,-22,-24
53.550781,29,2179,2179,15,5,-27,-22,-24
53.554688,29,2179,2179,15,5,-27,-22,-24
53.558594,29,2179,2179,15,5,-26,-22,-24
53.562500,29,2179,2179,15,5,-27,-22,-24
53.566406,29,2179,2179,15,5,-26,-22,-24
53.570312,30,2179,2179,15,5,-26,-21,-24
53.574219,30,2179,2179,14,5,-26,-21,-24
53.578125,30,2179,2179,14,5,-26,-21,-24
53.582031,30,2179,2179,14,5,-26,-21,-24
53.585938,30,2179,2179,14,5,-26,-21,-24
53.589844,30,2179,2179,13,5,-26,-22,-24
53.593750,31,2179,2179,13,5,-27,-21,-24
53.597656,30,2179,2179,14,4,-26,-22,-24
53.601562,30,2179,2179,14,5,-27,-22,-24
53.605469,31,2179,2179,14,5,-26,-21,-24
53.609375,31,2179,2179,14,4,-26,-21,-24
53.613281,31,2179,2179,14,4,-26,-21,-24
53.617188,31,2179,2179,15,5,-26,-22,-24
53.621094,31,2179,2179,15,4,-26,-22,-24
53.625000,31,2179,2179,15,4,-27,-22,-24
53.628906,31,2179,2179,15,4,-27,-22,-24
53.632812,31,2179,2179,16,5,-27,-22,-24
53.636719,31,2179,2179,16,5,-27,-22,-24
53.640625,31,2179,2179,15,4,-27,-22,-24
53.644531,31,2179,2179,16,4,-27,-22,-24
53.648438,31,2179,2179,16,5,-27,-22,-24
53.652344,31,2179,2179,16,5,-27,-22,-24
53.656250,31,2179,2179,15,4,-26,-22,-24
53.660156,31,2179,2179,15,4,-26,-22,-24
53.664062,30,2179,2179,16,4,-26,-22,-24
53.667969,31,2179,2179,16,5,-26,-21,-24
53.671875,31,2179,2179,16,5,-26,-21,-24
53.675781,31,2179,2179,15,4,-26,-22,-24
53.679688,32,2179,2179,15,4,-26,-22,-24
53.683594,32,2179,2179,15,4,-27,-22,-24
53.687500,33,2179,2179,16,4,-26,-22,-24
53.691406,33,2179,2179,15,4,-26,-21,-24
53.695312,33,2179,2179,15,4,-26,-22,-24
53.699219,33,2179,2179,15,5,-26,-22,-24
53.703125,33,2179,2179,15,5,-26,-22,-25
53.707031,33,2179,2179,15,4,-26,-22,-24
53.710938,33,2179,2179,15,4,-26,-22,-24
53.714844,33,2179,2179,15,4,-27,-22,-24
53.718750,33,2179,2179,15,4,-26,-21,-24
53.722656,33,2179,2179,15,3,-26,-22,-24
53.726562,33,2179,2179,16,4,-27,-22,-24
53.730469,33,2179,2179,16,4,-27,-22,-24
53.734375,33,2179,2179,16,5,-27,-22,-25
53.738281,34,2179,2179,16,5,-27,-22,-25
53.742188,34,2179,2179,15,4,-27,-22,-24
53.746094,34,2179,2179,15,5,-27,-22,-24
53.750000,33,2179,2179,16,5,-26,-22,-24
53.753906,34,2179,2179,16,5,-27,-22,-24
53.757812,34,2179,2179,16,5,-27,-22,-24
53.761719,33,2179,2179,16,5,-27,-22,-25
53.765625,33,2179,2179,16,5,-26,-22,-24
53.769531,33,2179,2179,16,5,-26,-22,-24
53.773438,33,2179,2179,15,5,-26,-22,-24
53.777344,33,2179,2179,16,5,-26,-22,-24
53.781250,33,2179,2179,16,5,-26,-22,-24
53.785156,33,2179,2179,16,5,-26,-21,-24
53.789062,33,2179,2179,16,5,-26,-21,-24
53.792969,33,2179,2179,16,5,-26,-21,-24
53.796875,33,2179,2179,16,5,-26,-21,-24
53.800781,33,2179,2179,16,5,-26,-21,-24
53.804688,34,2179,2179,16,5,-26,-21,-24
53.808594,34,2179,2179,16,5,-26,-22,-24
53.812500,34,2179,2179,15,4,-27,-22,-24
53.816406,33,2179,2179,16,5,-27,-22,-24
53.820312,34,2179,2179,15,5,-27,-22,-24
53.824219,34,2179,2179,15,4,-27,-22,-24
53.828125,34,2179,2179,15,4,-27,-22,-24
53.832031,34,2179,2179,15,5,-27,-22,-24
53.835938,34,2179,2179,14,5,-27,-22,-24
53.839844,34,2179,2179,14,4,-26,-22,-24
53.843750,34,2179,2179,14,4,-27,-22,-24
53.847656,33,2179,2179,15,4,-26,-22,-24
53.851562,33,2179,2179,15,5,-27,-22,-24
53.855469,34,2179,2179,15,5,-26,-22,-25
53.859375,34,2179,2179,15,4,-27,-22,-24
53.863281,33,2179,2179,15,4,-27,-22,-24
53.867188,33,2179,2179,16,5,-26,-22,-24
53.871094,34,2179,2179,16,5,-26,-21,-24
53.875000,34,2179,2179,15,4,-26,-21,-24
53.878906,33,2179,2179,15,4,-26,-21,-24
53.882812,34,2179,2179,15,4,-26,-21,-24
53.886719,34,2179,2179,15,5,-27,-21,-24
53.890625,34,2179,2179,15,4,-27,-21,-24
53.894531,34,2179,2179,15,4,-27,-21,-24
53.898438,34,2179,2179,15,5,-26,-21,-24
53.902344,34,2179,2179,15,5,-26,-22,-24
53.906250,35,2179,2179,15,5,-26,-22,-24
53.910156,35,2179,2179,15,5,-26,-21,-24
53.914062,35,2179,2179,15,4,-27,-22,-25
53.917969,35,2179,2179,15,5,-26,-21,-24
53.921875,36,2179,2179,15,5,-27,-22,-25
53.925781,36,2179,2179,15,5,-27,-21,-25
53.929688,36,2179,2179,16,5,-27,-22,-25
53.933594,36,2179,2179,16,5,-27,-22,-25
53.937500,37,2179,2179,16,5,-27,-22,-24
53.941406,37,2179,2179,16,5,-27,-22,-24
53.945312,37,2179,2179,16,5,-27,-22,-24
53.949219,36,2179,2179,16,5,-27,-22,-24
53.953125,36,2179,2179,16,5,-27,-22,-24
53.957031,36,2179,2179,16,5,-27,-22,-24
53.960938,36,2179,2179,16,5,-27,-21,-24
53.964844,35,2179,2179,16,5,-27,-22,-24
53.968750,35,2179,2179,16,5,-26,-22,-24
53.972656,36,2179,2179,16,5,-26,-21,-24
53.976562,36,2179,2179,16,5,-26,-21,-24
53.980469,36,2179,2179,16,5,-26,-21,-24
53.984375,36,2179,2179,16,5,-26,-22,-24
53.988281,36,2179,2179,16,5,-26,-22,-24
53.992188,37,2179,2179,15,5,-27,-21,-24
53.996094,36,2179,2179,15,5,-27,-22,-24
54.000000,37,2179,2179,16,5,-26,-22,-24
54.003906,37,2179,2179,16,5,-26,-21,-24
54.007812,37,2179,2179,15,4,-26,-21,-24
54.011719,37,2179,2179,15,4,-26,-22,-24
54.015625,37,2179,2179,15,4,-26,-22,-24
54.019531,37,2179,2179,15,4,-26,-21,-24
54.023438,38,2179,2179,15,4,-26,-22,-25
54.027344,38,2179,2179,15,4,-27,-22,-24
54.031250,38,2179,2179,16,5,-27,-22,-24
54.035156,38,2179,2179,16,5,-27,-22,-24
54.039062,38,2179,2179,15,5,-27,-22,-24
54.042969,38,2179,2179,15,4,-27,-22,-24
54.046875,38,2179,2179,15,5,-27,-22,-24
54.050781,38,2179,2179,16,5,-27,-22,-24
54.054688,38,2179,2179,16,5,-27,-22,-24
54.058594,38,2179,2179,16,4,-26,-22,-24
54.062500,38,2179,2179,16,4,-27,-22,-24
54.066406,38,2179,2179,17,5,-26,-22,-24
54.070312,38,2179,2179,17,5,-26,-22,-24
54.074219,38,2179,2179,17,4,-26,-21,-24
54.078125,38,2179,2179,17,4,-26,-21,-24
54.082031,37,2179,2179,18,5,-26,-22,-24
54.085938,37,2179,2179,18,5,-26,-21,-24
54.089844,38,2179,2179,18,4,-25,-21,-24
54.093750,38,2179,2179,17,4,-26,-21,-24
54.097656,37,2179,2179,18,6,-26,-21,-24
54.101562,37,2179,2179,18,5,-26,-21,-24
54.105469,38,2179,2179,17,5,-26,-21,-24
54.109375,38,2179,2179,17,4,-27,-22,-24
54.113281,38,2179,2179,17,4,-27,-22,-24
54.117188,38,2179,2179,18,5,-26,-22,-24
54.121094,38,2179,2179,18,5,-26,-22,-24
54.125000,38,2179,2179,18,4,-27,-22,-24
54.128906,37,2179,2179,17,5,-27,-22,-24
54.132812,38,2179,2179,18,5,-27,-22,-24
54.136719,37,2179,2179,18,5,-27,-22,-24
54.140625,38,2179,2179,17,5,-27,-22,-24
54.144531,38,2179,2179,17,5,-27,-22,-24
54.148438,37,2179,2179,18,5,-27,-22,-24
54.152344,37,2179,2179,18,5,-27,-22,-24
54.156250,37,2179,2179,18,5,-26,-22,-24
54.160156,37,2179,2179,18,5,-26,-22,-24
54.164062,37,2179,2179,19,5,-26,-22,-24
54.167969,37,2179,2179,19,5,-26,-21,-24
54.171875,37,2179,2179,20,5,-26,-21,-24
54.175781,37,2179,2179,20,5,-26,-21,-24
54.179688,37,2179,2179,20,5,-26,-22,-24
54.183594,37,2179,2179,20,5,-26,-22,-24
54.187500,38,2179,2179,20,5,-26,-22,-24
54.191406,38,2179,2179,20,5,-26,-21,-24
54.195312,37,2179,2179,20,5,-27,-22,-24
54.199219,38,2179,2179,20,5,-26,-21,-24
54.203125,38,2179,2179,20,5,-26,-21,-24
54.207031,38,2179,2179,20,5,-26,-21,-24
54.210938,39,2179,2179,20,5,-26,-22,-24
54.214844,39,2179,2179,21,5,-28,-22,-24
54.218750,39,2179,2179,22,5,-26,-22,-24
54.222656,40,2179,2179,22,5,-27,-22,-24
54.226562,40,2179,2179,22,5,-27,-22,-24
54.230469,40,2179,2179,23,5,-27,-22,-24
54.234375,40,2179,2179,23,5,-27,-22,-24
54.238281,40,2179,2179,23,5,-27,-22,-24
54.242188,40,2179,2179,23,5,-27,-22,-25
54.246094,40,2179,2179,23,4,-27,-22,-24
54.250000,40,2179,2179,24,5,-27,-22,-25
54.253906,40,2179,2179,24,4,-27,-22,-24
54.257812,40,2179,2179,24,4,-26,-22,-24
54.261719,40,2179,2179,25,4,-26,-22,-24
54.265625,40,2179,2179,26,4,-26,-22,-24
54.269531,40,2179,2179,27,4,-27,-22,-24
54.273438,40,2179,2179,27,4,-26,-22,-24
54.277344,40,2179,2179,28,4,-26,-22,-24
54.281250,39,2179,2179,30,4,-26,-22,-24
54.285156,40,2179,2179,31,5,-26,-22,-24
54.289062,40,2179,2179,32,5,-27,-22,-24
54.292969,40,2179,2179,33,4,-27,-22,-24
54.296875,40,2179,2179,34,4,-27,-21,-24
54.300781,40,2179,2179,35,5,-26,-21,-24
54.304688,41,2179,2179,35,5,-27,-21,-24
54.308594,41,2179,2179,35,4,-26,-21,-24
54.312500,41,2179,2179,36,4,-27,-21,-24
54.316406,41,2179,2179,37,5,-26,-21,-24
54.320312,41,2179,2179,38,5,-26,-22,-24
54.324219,41,2179,2179,39,5,-26,-21,-24
54.328125,41,2179,2179,40,5,-26,-22,-24
54.332031,41,2179,2179,42,5,-26,-21,-24
54.335938,41,2179,2179,43,5,-26,-22,-24
54.339844,41,2179,2179,43,5,-23,-22,-24
54.343750,41,2179,2179,44,5,-27,-22,-24
54.347656,41,2179,2179,44,5,-27,-22,-24
54.351562,41,2179,2179,45,5,-27,-22,-24
54.355469,41,2179,2179,45,5,-27,-22,-24
54.359375,41,2179,2179,46,5,-27,-22,-24
54.363281,40,2179,2179,47,5,-26,-21,-24
54.367188,40,2179,2179,48,5,-26,-21,-24
54.371094,41,2179,2179,49,5,-26,-21,-24
54.375000,41,2179,2179,50,5,-26,-21,-24
54.378906,40,2179,2179,51,5,-26,-21,-24
54.382812,41,2179,2179,53,5,-26,-22,-24
54.386719,41,2179,2179,54,5,-26,-22,-24
54.390625,41,2179,2179,54,5,-26,-22,-24
54.394531,41,2179,2179,55,5,-26,-21,-24
54.398438,41,2179,2179,57,5,-26,-22,-24
54.402344,41,2179,2179,59,5,-26,-22,-24
54.406250,42,2179,2179,61,5,-26,-22,-24
54.410156,42,2179,2179,63,4,-26,-22,-24
54.414062,43,2179,2179,66,4,-26,-22,-24
54.417969,43,2179,2179,69,5,-26,-22,-24
54.421875,43,2179,2179,71,5,-27,-22,-24
54.425781,44,2179,2179,72,4,-27,-22,-24
54.429688,43,2179,2179,73,4,-26,-22,-24
54.433594,43,2179,2179,74,4,-27,-22,-25
54.437500,43,2179,2179,76,5,-27,-22,-24
54.441406,43,2179,2179,77,4,-27,-22,-24
54.445312,43,2179,2179,79,4,-27,-22,-24
54.449219,43,2179,2179,81,5,-26,-22,-24
54.453125,43,2179,2179,83,5,-26,-22,-24
54.457031,43,2179,2179,84,5,-27,-22,-24
54.460938,43,2179,2179,85,4,-26,-22,-24
54.464844,43,2179,2179,87,5,-30,-22,-24
54.468750,43,2179,2179,88,5,-26,-21,-24
54.472656,43,2179,2179,89,5,-26,-21,-24
54.476562,43,2179,2179,91,4,-26,-21,-24
54.480469,43,2179,2179,94,4,-26,-21,-24
54.484375,43,2179,2179,96,5,-26,-21,-24
54.488281,44,2179,2179,98,5,-26,-21,-24
54.492188,44,2179,2179,100,4,-26,-21,-24
54.496094,44,2179,2179,101,5,-26,-22,-24
54.500000,44,2179,2179,102,5,-26,-22,-24
54.503906,44,2179,2179,103,5,-26,-22,-24
54.507812,44,2179,2179,104,5,-26,-22,-24
54.511719,44,2179,2179,105,4,-26,-22,-24
54.515625,44,2179,2179,107,5,-27,-22,-24
54.519531,44,2179,2179,109,5,-27,-22,-24
54.523438,44,2179,2179,111,4,-27,-22,-24
54.527344,44,2179,2179,113,4,-27,-22,-24
54.531250,44,2179,2179,116,5,-27,-22,-24
54.535156,44,2179,2179,118,5,-27,-22,-24
54.539062,45,2179,2179,119,5,-26,-22,-24
54.542969,45,2179,2179,120,5,-27,-22,-24
54.546875,44,2179,2179,121,5,-27,-22,-24
54.550781,44,2179,2179,122,5,-27,-22,-24
54.554688,44,2179,2179,123,5,-27,-22,-24
54.558594,44,2179,2179,124,5,-27,-22,-24
54.562500,43,2179,2179,126,5,-26,-22,-24
54.566406,43,2179,2179,128,5,-26,-21,-24
54.570312,44,2179,2179,129,5,-26,-21,-24
54.574219,43,2179,2179,131,5,-26,-21,-24
54.578125,44,2179,2179,132,5,-26,-21,-24
54.582031,43,2179,2179,134,5,-26,-22,-24
54.585938,43,2179,2179,135,5,-26,-22,-24
54.589844,44,2179,2179,135,5,-21,-21,-24
54.593750,44,2179,2179,135,5,-27,-21,-24
54.597656,44,2179,2179,136,5,-26,-21,-24
54.601562,44,2179,2179,136,5,-26,-21,-24
54.605469,44,2179,2179,136,5,-26,-22,-24
54.609375,44,2179,2179,137,4,-27,-21,-24
54.613281,44,2179,2179,138,4,-27,-22,-24
54.617188,44,2179,2179,139,5,-27,-22,-24
54.621094,44,2179,2179,141,5,-27,-22,-24
54.625000,44,2179,2179,142,5,-26,-22,-24
54.628906,44,2179,2179,143,5,-27,-22,-24
54.632812,43,2179,2179,144,5,-27,-22,-24
54.636719,43,2179,2179,145,5,-26,-22,-24
54.640625,43,2179,2179,145,5,-26,-22,-24
54.644531,43,2179,2179,146,5,-27,-22,-24
54.648438,43,2179,2179,147,5,-27,-22,-24
54.652344,43,2179,2179,147,5,-26,-22,-24
54.656250,43,2179,2179,148,5,-27,-22,-24
54.660156,43,2179,2179,148,4,-26,-22,-24
54.664062,43,2179,2179,150,4,-26,-22,-24
54.667969,43,2179,2179,151,5,-26,-22,-24
54.671875,43,2179,2179,151,5,-26,-21,-24
54.675781,43,2179,2179,152,4,-26,-21,-24
54.679688,43,2179,2179,153,4,-26,-21,-24
54.683594,43,2179,2179,153,5,-27,-21,-24
54.687500,43,2179,2179,154,5,-27,-21,-24
54.691406,43,2179,2179,153,4,-26,-21,-24
54.695312,43,2179,2179,154,4,-27,-21,-24
54.699219,43,2179,2179,154,4,-26,-22,-24
54.703125,43,2179,2179,155,4,-26,-22,-24
54.707031,43,2179,2179,155,4,-26,-21,-24
54.710938,44,2179,2179,156,4,-26,-22,-24
54.714844,43,2179,2179,157,4,-33,-21,-24
54.718750,43,2179,2179,158,4,-26,-21,-24
54.722656,44,2179,2179,158,4,-26,-21,-24
54.726562,44,2179,2179,158,4,-27,-21,-24
54.730469,43,2179,2179,159,4,-27,-22,-24
54.734375,43,2179,2179,158,5,-26,-22,-24
54.738281,43,2179,2179,158,5,-27,-22,-24
54.742188,43,2179,2179,158,5,-27,-22,-24
54.746094,43,2179,2179,158,5,-27,-22,-24
54.750000,43,2179,2179,160,5,-26,-22,-24
54.753906,43,2179,2179,161,5,-27,-22,-24
54.757812,43,2179,2179,162,5,-26,-22,-24
54.761719,43,2179,2179,163,5,-27,-22,-24
54.765625,42,2179,2179,165,6,-26,-22,-24
54.769531,42,2179,2179,165,6,-26,-22,-24
54.773438,42,2179,2179,165,5,-26,-22,-24
54.777344,42,2179,2179,165,5,-26,-22,-24
54.781250,42,2179,2179,165,5,-26,-22,-24
54.785156,42,2179,2179,165,5,-26,-22,-24
54.789062,42,2179,2179,165,5,-26,-22,-24
54.792969,42,2179,2179,165,5,-26,-22,-24
54.796875,42,2179,2179,165,5,-26,-21,-24
54.800781,43,2179,2179,166,5,-26,-22,-24
54.804688,43,2179,2179,166,5,-27,-22,-24
54.808594,43,2179,2179,166,4,-26,-22,-24
54.812500,43,2179,2179,166,4,-27,-22,-24
54.816406,43,2179,2179,167,5,-27,-22,-24
54.820312,43,2179,2179,167,4,-27,-22,-24
54.824219,43,2179,2179,167,4,-27,-22,-24
54.828125,43,2179,2179,167,4,-27,-22,-24
54.832031,43,2179,2179,168,5,-27,-22,-24
54.835938,43,2179,2179,169,5,-27,-22,-24
54.839844,43,2179,2179,169,4,-21,-22,-24
54.843750,43,2179,2179,169,4,-27,-22,-24
54.847656,42,2179,2179,170,5,-27,-22,-24
54.851562,42,2179,2179,169,5,-27,-22,-24
54.855469,43,2179,2179,169,5,-27,-22,-24
54.859375,42,2179,2179,169,4,-27,-22,-24
54.863281,42,2179,2179,168,4,-27,-22,-24
54.867188,42,2179,2179,169,5,-26,-22,-24
54.871094,43,2179,2179,169,5,-26,-21,-24
54.875000,42,2179,2179,169,4,-26,-22,-24
54.878906,42,2179,2179,170,4,-26,-22,-24
54.882812,42,2179,2179,171,4,-26,-22,-24
54.886719,42,2179,2179,171,5,-26,-21,-24
54.890625,42,2179,2179,171,4,-26,-21,-24
54.894531,42,2179,2179,172,4,-26,-22,-24
54.898438,42,2179,2179,172,5,-26,-21,-24
54.902344,42,2179,2179,172,4,-26,-22,-25
54.906250,42,2179,2179,173,4,-26,-22,-24
54.910156,42,2179,2179,173,4,-26,-22,-24
54.914062,41,2179,2179,173,4,-26,-22,-24
54.917969,41,2179,2179,173,5,-26,-22,-24
54.921875,42,2179,2179,174,5,-26,-22,-24
54.925781,42,2179,2179,174,5,-27,-22,-24
54.929688,41,2179,2179,174,5,-27,-22,-24
54.933594,42,2179,2179,175,5,-27,-22,-24
54.937500,42,2179,2179,176,5,-26,-22,-24
54.941406,42,2179,2179,176,5,-26,-22,-24
54.945312,41,2179,2179,176,5,-26,-22,-24
54.949219,41,2179,2179,177,5,-27,-22,-24
54.953125,41,2179,2179,177,5,-26,-22,-24
54.957031,41,2179,2179,176,5,-26,-21,-24
54.960938,41,2179,2179,176,5,-26,-22,-24
54.964844,40,2179,2179,176,5,-33,-21,-24
54.968750,40,2179,2179,176,5,-26,-22,-24
54.972656,41,2179,2179,175,5,-26,-21,-24
54.976562,40,2179,2179,175,5,-26,-22,-24
54.980469,40,2179,2179,175,5,-26,-22,-24
54.984375,40,2179,2179,176,5,-26,-22,-24
54.988281,40,2179,2179,176,5,-27,-22,-24
54.992188,40,2179,2179,176,4,-26,-22,-24
54.996094,40,2179,2179,176,5,-26,-22,-24
55.000000,40,2179,2179,177,5,-26,-22,-24
55.003906,40,2179,2179,177,5,-26,-22,-24
55.007812,40,2179,2179,177,4,-26,-21,-24
55.011719,40,2179,2179,177,4,-26,-22,-24
55.015625,40,2179,2179,177,5,-26,-22,-24
55.019531,40,2179,2179,177,5,-26,-22,-25
55.023438,40,2179,2179,177,4,-27,-22,-25
55.027344,40,2179,2179,177,5,-27,-22,-24
55.031250,39,2179,2179,177,5,-27,-22,-24
55.035156,39,2179,2179,178,5,-27,-22,-24
55.039062,39,2179,2179,178,5,-27,-22,-25
55.042969,39,2179,2179,178,4,-27,-22,-25
55.046875,39,2179,2179,179,5,-27,-22,-24
55.050781,39,2179,2179,179,5,-26,-22,-24
55.054688,39,2179,2179,179,5,-27,-22,-24
55.058594,39,2179,2179,179,4,-27,-22,-24
55.062500,39,2179,2179,179,4,-26,-22,-24
55.066406,39,2179,2179,180,5,-26,-22,-24
55.070312,39,2179,2179,180,5,-26,-22,-24
55.074219,39,2179,2179,180,4,-26,-21,-24
55.078125,39,2179,2179,180,4,-26,-21,-24
55.082031,39,2179,2179,180,5,-26,-21,-24
55.085938,39,2179,2179,180,5,-26,-22,-24
55.089844,40,2179,2179,180,4,-26,-22,-24
55.093750,40,2179,2179,180,4,-26,-22,-24
55.097656,39,2179,2179,180,5,-27,-21,-24
55.101562,39,2179,2179,180,5,-26,-22,-24
55.105469,39,2179,2179,179,5,-26,-22,-24
55.109375,40,2179,2179,179,4,-26,-21,-24
55.113281,39,2179,2179,179,4,-27,-22,-24
55.117188,39,2179,2179,180,5,-27,-22,-24
55.121094,39,2179,2179,180,4,-26,-22,-24
55.125000,39,2179,2179,180,4,-27,-22,-24
55.128906,39,2179,2179,180,4,-27,-22,-24
55.132812,39,2179,2179,181,5,-27,-22,-24
55.136719,39,2179,2179,180,5,-27,-22,-24
55.140625,39,2179,2179,180,4,-27,-22,-24
55.144531,39,2179,2179,180,5,-27,-22,-24
55.148438,38,2179,2179,180,5,-27,-22,-24
55.152344,38,2179,2179,180,5,-26,-22,-24
55.156250,38,2179,2179,179,5,-26,-22,-24
55.160156,37,2179,2179,179,5,-26,-22,-24
55.164062,37,2179,2179,180,5,-26,-22,-24
55.167969,37,2179,2179,180,5,-26,-22,-24
55.171875,37,2179,2179,180,5,-26,-21,-24
55.175781,37,2179,2179,180,5,-26,-21,-24
55.179688,37,2179,2179,181,5,-26,-22,-24
55.183594,37,2179,2179,181,5,-26,-21,-24
55.187500,38,2179,2179,182,5,-27,-22,-24
55.191406,38,2179,2179,181,5,-27,-21,-24
55.195312,37,2179,2179,182,5,-26,-21,-24
55.199219,37,2179,2179,182,5,-27,-21,-24
55.203125,37,2179,2179,182,5,-26,-22,-24
55.207031,37,2179,2179,182,5,-26,-21,-24
55.210938,37,2179,2179,182,5,-27,-22,-24
55.214844,36,2179,2179,182,5,-27,-22,-24
55.218750,36,2179,2179,182,5,-26,-22,-24
55.222656,36,2179,2179,182,4,-27,-22,-24
55.226562,36,2179,2179,182,5,-27,-22,-25
55.230469,36,2179,2179,182,4,-27,-22,-24
55.234375,36,2179,2179,183,5,-27,-22,-24
55.238281,36,2179,2179,182,5,-27,-22,-24
55.242188,36,2179,2179,182,4,-27,-22,-24
55.246094,35,2179,2179,182,4,-27,-22,-24
55.250000,35,2179,2179,182,4,-27,-22,-24
55.253906,35,2179,2179,182,4,-27,-22,-24
55.257812,35,2179,2179,181,4,-27,-22,-24
55.261719,35,2179,2179,181,4,-27,-21,-24
55.265625,35,2179,2179,182,4,-26,-22,-24
55.269531,35,2179,2179,183,4,-26,-21,-24
55.273438,35,2179,2179,182,4,-26,-22,-24
55.277344,35,2179,2179,183,4,-26,-22,-24
55.281250,35,2179,2179,183,4,-26,-22,-24
55.285156,35,2179,2179,183,5,-26,-22,-24
55.289062,35,2179,2179,182,5,-26,-22,-24
55.292969,35,2179,2179,182,4,-27,-21,-24
55.296875,35,2179,2179,182,4,-26,-21,-24
55.300781,35,2179,2179,183,5,-26,-21,-24
55.304688,35,2179,2179,183,5,-26,-21,-24
55.308594,35,2179,2179,183,4,-26,-21,-24
55.312500,35,2179,2179,183,4,-26,-21,-24
55.316406,34,2179,2179,184,5,-26,-22,-24
55.320312,35,2179,2179,184,5,-26,-21,-24
55.324219,35,2179,2179,183,5,-27,-22,-24
55.328125,35,2179,2179,183,5,-27,-22,-24
55.332031,34,2179,2179,183,5,-26,-21,-24
55.335938,34,2179,2179,183,5,-27,-22,-24
55.339844,34,2179,2179,183,5,-26,-22,-24
55.343750,34,2179,2179,183,5,-26,-22,-24
55.347656,34,2179,2179,184,5,-26,-22,-24
55.351562,33,2179,2179,184,5,-26,-22,-24
55.355469,34,2179,2179,183,5,-27,-22,-24
55.359375,34,2179,2179,183,5,-27,-21,-24
55.363281,33,2179,2179,183,5,-26,-22,-24
55.367188,33,2179,2179,183,5,-26,-21,-24
55.371094,33,2179,2179,183,5,-26,-21,-24
55.375000,33,2179,2179,183,5,-26,-21,-24
55.378906,33,2179,2179,183,5,-26,-21,-24
55.382812,33,2179,2179,183,5,-26,-22,-24
55.386719,33,2179,2179,184,5,-26,-22,-24
55.390625,34,2179,2179,184,5,-26,-21,-24
55.394531,33,2179,2179,184,5,-26,-22,-24
55.398438,33,2179,2179,185,5,-26,-21,-24
55.402344,33,2179,2179,184,5,-26,-22,-24
55.406250,33,2179,2179,184,5,-27,-22,-24
55.410156,33,2179,2179,184,5,-27,-22,-24
55.414062,32,2179,2179,184,4,-27,-22,-24
55.417969,32,2179,2179,184,5,-27,-22,-25
55.421875,32,2179,2179,183,4,-27,-22,-24
55.425781,32,2179,2179,183,4,-27,-22,-24
55.429688,31,2179,2179,183,4,-27,-22,-24
55.433594,30,2179,2179,183,4,-27,-22,-24
55.437500,30,2179,2179,183,4,-26,-22,-24
55.441406,29,2179,2179,182,4,-27,-22,-24
55.445312,28,2179,2179,182,4,-26,-22,-24
55.449219,27,2179,2179,182,5,-26,-22,-24
55.453125,26,2179,2179,182,5,-26,-22,-24
55.457031,26,2179,2179,182,4,-26,-21,-24
55.460938,25,2179,2179,182,4,-27,-22,-24
55.464844,24,2179,2179,183,5,-26,-22,-24
55.468750,24,2179,2179,183,5,-26,-22,-24
55.472656,24,2179,2179,182,4,-26,-22,-24
55.476562,23,2179,2179,180,4,-26,-22,-24
55.480469,23,2179,2179,176,4,-26,-21,-24
55.484375,23,2179,2179,170,5,-26,-22,-24
55.488281,22,2179,2179,160,5,-26,-22,-24
55.492188,22,2179,2179,147,4,-26,-22,-24
55.496094,21,2179,2179,132,4,-26,-22,-24
55.500000,21,2179,2179,116,5,-26,-22,-24
55.503906,21,2179,2179,102,5,-26,-22,-24
55.507812,20,2179,2179,89,4,-26,-22,-24
55.511719,20,2179,2179,81,5,-26,-22,-24
55.515625,19,2179,2179,76,5,-26,-22,-24
55.519531,18,2179,2179,72,5,-26,-22,-24
55.523438,18,2179,2179,68,5,-26,-22,-24
55.527344,18,2179,2179,63,4,-27,-22,-24
55.531250,17,2179,2179,56,5,-27,-22,-24
55.535156,17,2179,2179,46,5,-27,-22,-24
55.539062,17,2179,2179,36,5,-27,-22,-24
55.542969,17,2179,2179,27,5,-27,-22,-24
55.546875,17,2179,2179,20,5,-27,-22,-24
55.550781,16,2179,2179,17,5,-27,-22,-24
55.554688,16,2179,2179,17,5,-27,-22,-24
55.558594,16,2179,2179,17,5,-27,-22,-24
55.562500,15,2179,2179,19,5,-27,-22,-24
55.566406,15,2179,2179,21,5,-26,-22,-24
55.570312,15,2179,2179,22,5,-26,-22,-24
55.574219,15,2179,2179,21,5,-26,-22,-24
55.578125,15,2179,2179,19,4,-26,-22,-24
55.582031,15,2179,2179,18,5,-26,-22,-24
55.585938,15,2179,2179,16,5,-26,-22,-24
55.589844,15,2179,2179,14,4,-26,-22,-24
55.593750,15,2179,2179,14,4,-26,-22,-24
55.597656,14,2179,2179,14,5,-26,-22,-24
55.601562,14,2179,2179,15,5,-26,-22,-24
55.605469,14,2179,2179,15,5,-26,-22,-24
55.609375,14,2179,2179,16,4,-26,-22,-24
55.613281,13,2179,2179,16,4,-27,-22,-24
55.617188,13,2179,2179,16,5,-26,-22,-24
55.621094,13,2179,2179,16,5,-27,-22,-24
55.625000,13,2179,2179,15,4,-27,-22,-24
55.628906,12,2179,2179,15,4,-27,-22,-24
55.632812,12,2179,2179,15,5,-27,-22,-24
55.636719,12,2179,2179,15,5,-27,-22,-24
55.640625,12,2179,2179,15,5,-27,-22,-24
55.644531,12,2179,2179,15,5,-27,-22,-24
55.648438,12,2179,2179,16,5,-27,-22,-24
55.652344,12,2179,2179,16,5,-26,-22,-24
55.656250,12,2179,2179,15,4,-27,-22,-24
55.660156,12,2179,2179,15,4,-26,-21,-24
55.664062,11,2179,2179,16,4,-26,-21,-24
55.667969,11,2179,2179,15,5,-26,-22,-24
55.671875,12,2179,2179,15,5,-26,-21,-24
55.675781,12,2179,2179,15,4,-26,-21,-24
55.679688,11,2179,2179,15,4,-26,-21,-24
55.683594,11,2179,2179,16,4,-26,-21,-24
55.687500,11,2179,2179,15,4,-26,-21,-24
55.691406,11,2179,2179,15,4,-26,-21,-24
55.695312,10,2179,2179,15,4,-26,-21,-24
55.699219,10,2179,2179,15,4,-26,-22,-24
55.703125,10,2179,2179,14,4,-26,-22,-24
55.707031,11,2179,2179,14,4,-26,-21,-24
55.710938,11,2179,2179,14,4,-27,-22,-25
55.714844,10,2179,2179,14,5,-27,-21,-25
55.718750,10,2179,2179,14,5,-27,-22,-24
55.722656,11,2179,2179,14,4,-27,-22,-24
55.726562,11,2179,2179,14,4,-27,-22,-24
55.730469,10,2179,2179,15,5,-27,-21,-24
55.734375,10,2179,2179,15,5,-27,-22,-24
55.738281,10,2179,2179,15,5,-27,-22,-24
55.742188,10,2179,2179,14,5,-26,-22,-24
55.746094,10,2179,2179,14,5,-27,-22,-24
55.750000,10,2179,2179,15,5,-27,-22,-24
55.753906,10,2179,2179,14,5,-27,-22,-24
55.757812,9,2179,2179,14,5,-27,-22,-24
55.761719,9,2179,2179,14,5,-27,-22,-24
55.765625,9,2179,2179,14,5,-27,-21,-24
55.769531,9,2179,2179,14,5,-26,-21,-24
55.773438,9,2179,2179,14,5,-26,-21,-24
55.777344,9,2179,2179,14,5,-26,-22,-24
55.781250,9,2179,2179,14,5,-26,-21,-24
55.785156,9,2179,2179,14,5,-26,-22,-24
55.789062,10,2179,2179,14,5,-26,-22,-24
55.792969,10,2179,2179,14,5,-26,-22,-24
55.796875,9,2179,2179,14,5,-26,-21,-24
55.800781,9,2179,2179,14,5,-27,-22,-24
55.804688,9,2179,2179,14,5,-26,-22,-24
55.808594,10,2179,2179,14,5,-27,-22,-24
55.812500,9,2179,2179,14,5,-27,-22,-24
55.816406,9,2179,2179,14,5,-27,-22,-24
55.820312,9,2179,2179,14,5,-27,-22,-24
55.824219,9,2179,2179,14,5,-27,-22,-24
55.828125,9,2179,2179,14,4,-27,-22,-24
55.832031,8,2179,2179,15,5,-27,-23,-24
55.835938,8,2179,2179,15,5,-27,-22,-24
55.839844,8,2179,2179,14,4,-27,-22,-24
55.843750,8,2179,2179,14,4,-27,-22,-24
55.847656,7,2179,2179,14,5,-27,-22,-24
55.851562,7,2179,2179,14,5,-26,-22,-24
55.855469,7,2179,2179,13,5,-26,-22,-24
55.859375,7,2179,2179,13,4,-26,-22,-24
55.863281,7,2179,2179,13,4,-26,-22,-24
55.867188,6,2179,2179,14,5,-26,-21,-24
55.871094,6,2179,2179,14,5,-26,-21,-24
55.875000,6,2179,2179,14,4,-26,-21,-24
55.878906,6,2179,2179,14,4,-26,-21,-24
55.882812,6,2179,2179,15,5,-26,-21,-24
55.886719,6,2179,2179,15,5,-27,-22,-24
55.890625,6,2179,2179,15,4,-27,-22,-24
55.894531,6,2179,2179,15,5,-27,-22,-24
55.898438,6,2179,2179,15,5,-26,-22,-24
55.902344,6,2179,2179,14,5,-26,-22,-24
55.906250,6,2179,2179,14,4,-26,-22,-24
55.910156,6,2179,2179,13,4,-27,-22,-24
55.914062,6,2179,2179,13,4,-27,-22,-24
55.917969,6,2179,2179,14,5,-27,-22,-24
55.921875,6,2179,2179,13,5,-27,-22,-24
55.925781,6,2179,2179,14,5,-27,-22,-24
55.929688,6,2179,2179,14,5,-27,-22,-24
55.933594,6,2179,2179,15,5,-27,-22,-24
55.937500,6,2179,2179,15,5,-27,-22,-24
55.941406,6,2179,2179,15,5,-27,-22,-24
55.945312,6,2179,2179,15,5,-27,-22,-24
55.949219,6,2179,2179,15,5,-27,-22,-24
55.953125,6,2179,2179,15,5,-26,-22,-24
55.957031,6,2179,2179,15,5,-27,-23,-24
55.960938,6,2179,2179,15,5,-27,-22,-24
55.964844,6,2179,2179,16,5,-26,-22,-24
55.968750,6,2179,2179,16,5,-26,-21,-24
55.972656,6,2179,2179,15,5,-26,-21,-24
55.976562,6,2179,2179,16,5,-26,-21,-24
55.980469,6,2179,2179,16,4,-26,-21,-24
55.984375,6,2179,2179,15,5,-26,-21,-24
55.988281,7,2179,2179,15,5,-26,-22,-24
55.992188,6,2179,2179,14,4,-26,-22,-24
55.996094,6,2179,2179,14,4,-26,-22,-24
56.000000,6,2179,2179,13,5,-26,-22,-24
56.003906,7,2179,2179,13,5,-26,-22,-24
56.007812,7,2179,2179,13,4,-26,-22,-24
56.011719,7,2179,2179,13,4,-27,-22,-24
56.015625,6,2179,2179,14,5,-26,-22,-24
56.019531,6,2179,2179,14,5,-26,-22,-24
56.023438,7,2179,2179,14,4,-26,-22,-24
56.027344,6,2179,2179,14,5,-27,-22,-24
56.031250,6,2179,2179,14,5,-26,-22,-24
56.035156,6,2179,2179,14,5,-26,-22,-24
56.039062,6,2179,2179,14,5,-26,-22,-24
56.042969,5,2179,2179,13,5,-27,-22,-24
56.046875,5,2179,2179,13,5,-26,-22,-24
56.050781,5,2179,2179,14,5,-26,-22,-24
56.054688,5,2179,2179,14,5,-27,-22,-24
56.058594,5,2179,2179,13,4,-27,-22,-24
56.062500,4,2179,2179,14,4,-26,-22,-24
56.066406,4,2179,2179,14,5,-26,-21,-24
56.070312,5,2179,2179,14,4,-26,-21,-24
56.074219,5,2179,2179,13,4,-26,-21,-23
56.078125,5,2179,2179,13,4,-26,-21,-24
56.082031,5,2179,2179,14,5,-26,-21,-24
56.085938,5,2179,2179,14,5,-26,-21,-24
56.089844,5,2179,2179,14,4,-26,-21,-24
56.093750,5,2179,2179,14,4,-26,-21,-24
56.097656,5,2179,2179,15,5,-26,-21,-24
56.101562,5,2179,2179,15,5,-26,-22,-24
56.105469,5,2179,2179,15,5,-26,-22,-24
56.109375,5,2179,2179,14,5,-26,-22,-24
56.113281,4,2179,2179,14,5,-26,-22,-24
56.117188,4,2179,2179,14,5,-26,-22,-24
56.121094,4,2179,2179,13,5,-27,-22,-24
56.125000,4,2179,2179,13,5,-27,-22,-24
56.128906,4,2179,2179,13,5,-27,-22,-24
56.132812,4,2179,2179,14,5,-27,-22,-24
56.136719,5,2179,2179,14,5,-27,-21,-24
56.140625,5,2179,2179,14,5,-27,-22,-24
56.144531,5,2179,2179,14,5,-27,-22,-24
56.148438,5,2179,2179,14,5,-27,-22,-24
56.152344,4,2179,2179,14,5,-26,-22,-24
56.156250,5,2179,2179,14,5,-26,-22,-24
56.160156,5,2179,2179,15,5,-27,-21,-24
56.164062,4,2179,2179,15,5,-26,-21,-24
56.167969,4,2179,2179,16,5,-26,-21,-24
56.171875,5,2179,2179,15,5,-26,-21,-24
56.175781,5,2179,2179,16,5,-26,-21,-24
56.179688,4,2179,2179,15,5,-26,-21,-24
56.183594,4,2179,2179,15,5,-26,-21,-24
56.187500,5,2179,2179,15,5,-26,-21,-24
56.191406,5,2179,2179,14,5,-26,-21,-24
56.195312,5,2179,2179,14,5,-26,-21,-24
56.199219,5,2179,2179,14,5,-26,-22,-24
56.203125,5,2179,2179,14,5,-27,-22,-24
56.207031,6,2179,2179,14,4,-26,-22,-24
56.210938,6,2179,2179,14,4,-26,-22,-24
56.214844,5,2179,2179,14,5,-27,-22,-24
56.218750,5,2179,2179,14,5,-26,-22,-24
56.222656,6,2179,2179,13,5,-27,-22,-24
56.226562,6,2179,2179,13,5,-27,-22,-24
56.230469,5,2179,2179,14,4,-27,-22,-24
56.234375,5,2179,2179,14,5,-27,-22,-24
56.238281,6,2179,2179,14,5,-27,-22,-24
56.242188,6,2179,2179,13,4,-27,-22,-24
56.246094,5,2179,2179,14,4,-27,-22,-24
56.250000,5,2179,2179,14,4,-27,-22,-24
56.253906,5,2179,2179,14,5,-27,-22,-24
56.257812,5,2179,2179,14,4,-26,-21,-24
56.261719,5,2179,2179,14,4,-26,-22,-24
56.265625,5,2179,2179,15,4,-26,-22,-24
56.269531,5,2179,2179,15,4,-26,-22,-24
56.273438,5,2179,2179,14,4,-26,-22,-24
56.277344,5,2179,2179,14,4,-26,-22,-24
56.281250,4,2179,2179,14,4,-26,-21,-24
56.285156,4,2179,2179,14,5,-26,-22,-24
56.289062,4,2179,2179,14,4,-26,-21,-24
56.292969,4,2179,2179,14,4,-26,-22,-24
56.296875,4,2179,2179,13,4,-26,-22,-24
56.300781,4,2179,2179,14,5,-26,-22,-24
56.304688,4,2179,2179,14,4,-26,-22,-24
56.308594,4,2179,2179,13,4,-27,-22,-24
56.312500,3,2179,2179,13,4,-27,-22,-24
56.316406,3,2179,2179,14,5,-27,-22,-24
56.320312,3,2179,2179,14,5,-27,-22,-24
56.324219,3,2179,2179,13,4,-26,-22,-23
56.328125,3,2179,2179,13,4,-27,-22,-25
56.332031,3,2179,2179,14,5,-27,-22,-24
56.335938,3,2179,2179,14,5,-27,-22,-24
56.339844,3,2179,2179,13,5,-26,-22,-24
56.343750,3,2179,2179,13,5,-26,-22,-24
56.347656,3,2179,2179,14,5,-26,-22,-24
56.351562,3,2179,2179,14,5,-26,-22,-24
56.355469,3,2179,2179,14,5,-26,-22,-24
56.359375,3,2179,2179,14,5,-26,-22,-24
56.363281,2,2179,2179,14,5,-26,-22,-24
56.367188,2,2179,2179,14,5,-26,-22,-24
56.371094,2,2179,2179,14,5,-26,-21,-24
56.375000,2,2179,2179,14,5,-26,-21,-24
56.378906,2,2179,2179,14,5,-26,-21,-24
56.382812,2,2179,2179,14,5,-26,-22,-24
56.386719,2,2179,2179,14,5,-26,-22,-24
56.390625,2,2179,2179,14,5,-26,-21,-24
56.394531,2,2179,2179,14,5,-26,-21,-24
56.398438,2,2179,2179,14,5,-26,-21,-24
56.402344,2,2179,2179,14,5,-26,-22,-24
56.406250,3,2179,2179,14,4,-27,-22,-24
56.410156,3,2179,2179,14,4,-27,-22,-24
56.414062,2,2179,2179,14,4,-27,-22,-24
56.417969,2,2179,2179,15,5,-27,-22,-24
56.421875,3,2179,2179,14,5,-27,-22,-24
56.425781,3,2179,2179,14,4,-27,-22,-24
56.429688,2,2179,2179,14,4,-27,-22,-24
56.433594,2,2179,2179,14,5,-26,-22,-24
56.437500,3,2179,2179,13,4,-27,-22,-24
56.441406,3,2179,2179,13,4,-26,-22,-24
56.445312,2,2179,2179,13,4,-27,-22,-24
56.449219,3,2179,2179,13,5,-27,-22,-24
56.453125,3,2179,2179,14,5,-27,-22,-24
56.457031,3,2179,2179,13,4,-26,-21,-24
56.460938,3,2179,2179,14,4,-27,-22,-24
56.464844,3,2179,2179,14,5,-26,-21,-24
56.468750,3,2179,2179,15,5,-26,-22,-24
56.472656,3,2179,2179,15,4,-26,-21,-24
56.476562,3,2179,2179,15,5,-26,-21,-24
56.480469,3,2179,2179,15,4,-26,-21,-24
56.484375,4,2179,2179,15,5,-26,-21,-24
56.488281,4,2179,2179,14,5,-26,-21,-24
56.492188,5,2179,2179,14,4,-26,-22,-24
56.496094,5,2179,2179,13,4,-27,-22,-24
56.500000,5,2179,2179,13,5,-27,-22,-24
56.503906,6,2179,2179,13,4,-26,-22,-24
56.507812,6,2179,2179,13,4,-27,-22,-24
56.511719,6,2179,2179,13,4,-27,-22,-24
56.515625,6,2179,2179,14,4,-27,-22,-24
56.519531,6,2179,2179,14,4,-26,-22,-24
56.523438,6,2179,2179,14,4,-27,-22,-24
56.527344,7,2179,2179,14,4,-27,-22,-24
56.531250,7,2179,2179,14,5,-27,-22,-24
56.535156,7,2179,2179,14,5,-27,-22,-24
56.539062,8,2179,2179,14,5,-27,-22,-24
56.542969,8,2179,2179,14,5,-27,-22,-24
56.546875,8,2179,2179,14,5,-27,-22,-24
56.550781,8,2179,2179,15,5,-26,-22,-24
56.554688,8,2179,2179,15,5,-26,-22,-24
56.558594,8,2179,2179,15,5,-26,-21,-24
56.562500,8,2179,2179,15,5,-26,-21,-24
56.566406,8,2179,2179,15,5,-26,-21,-24
56.570312,8,2179,2179,15,6,-26,-21,-24
56.574219,9,2179,2179,14,5,-26,-21,-24
56.578125,9,2179,2179,14,5,-26,-21,-24
56.582031,10,2179,2179,14,5,-26,-22,-24
56.585938,10,2179,2179,14,5,-26,-21,-24
56.589844,11,2179,2179,13,5,-26,-21,-24
56.593750,11,2179,2179,14,4,-26,-21,-24
56.597656,11,2179,2179,14,5,-26,-22,-24
56.601562,12,2179,2179,14,4,-26,-22,-24
56.605469,12,2179,2179,13,4,-26,-22,-24
56.609375,13,2179,2179,13,4,-26,-21,-24
56.613281,13,2179,2179,13,4,-26,-22,-24
56.617188,13,2179,2179,14,5,-26,-22,-24
56.621094,14,2179,2179,14,5,-27,-22,-24
56.625000,15,2179,2179,14,4,-27,-22,-24
56.628906,15,2179,2179,14,4,-27,-22,-24
56.632812,15,2179,2179,15,5,-26,-22,-24
56.636719,16,2179,2179,15,5,-26,-22,-24
56.640625,16,2179,2179,15,5,-27,-22,-24
56.644531,17,2179,2179,15,5,-27,-22,-24
56.648438,17,2179,2179,14,5,-27,-22,-24
56.652344,18,2179,2179,14,5,-27,-22,-24
56.656250,18,2179,2179,13,4,-27,-22,-24
56.660156,19,2179,2179,13,4,-27,-22,-24
56.664062,19,2179,2179,13,5,-26,-21,-24
56.667969,19,2179,2179,13,5,-26,-22,-24
56.671875,20,2179,2179,13,5,-26,-22,-24
56.675781,20,2179,2179,13,4,-27,-22,-24
56.679688,21,2179,2179,13,4,-27,-22,-24
56.683594,21,2179,2179,14,5,-26,-22,-24
56.687500,22,2179,2179,14,5,-26,-22,-24
56.691406,22,2179,2179,14,4,-26,-21,-24
56.695312,23,2179,2179,14,4,-26,-22,-24
56.699219,23,2179,2179,14,4,-26,-22,-25
56.703125,24,2179,2179,14,4,-26,-22,-24
56.707031,25,2179,2179,13,4,-26,-22,-24
56.710938,25,2179,2179,13,4,-26,-22,-24
56.714844,25,2179,2179,14,4,-26,-22,-24
56.718750,26,2179,2179,14,4,-26,-22,-24
56.722656,27,2179,2179,14,4,-27,-22,-24
56.726562,27,2179,2179,14,4,-27,-22,-24
56.730469,27,2179,2179,14,5,-27,-22,-24
56.734375,27,2179,2179,15,5,-27,-22,-24
56.738281,28,2179,2179,15,5,-27,-22,-24
56.742188,28,2179,2179,15,5,-27,-22,-24
56.746094,28,2179,2179,15,5,-26,-22,-24
56.750000,29,2179,2179,15,5,-27,-22,-24
56.753906,29,2179,2179,15,5,-27,-22,-24
56.757812,29,2179,2179,15,5,-26,-22,-24
56.761719,30,2179,2179,15,5,-26,-22,-24
56.765625,30,2179,2179,16,5,-26,-22,-24
56.769531,30,2179,2179,16,5,-26,-22,-24
56.773438,31,2179,2179,16,5,-26,-21,-24
56.777344,32,2179,2179,16,5,-26,-21,-24
56.781250,32,2179,2179,16,5,-27,-21,-24
56.785156,32,2179,2179,16,5,-27,-21,-24
56.789062,33,2179,2179,16,5,-27,-21,-24
56.792969,33,2179,2179,16,5,-27,-22,-24
56.796875,33,2179,2179,16,5,-27,-21,-24
56.800781,34,2179,2179,16,5,-27,-22,-24
56.804688,34,2179,2179,16,5,-27,-22,-24
56.808594,35,2179,2179,15,5,-27,-22,-24
56.812500,35,2179,2179,15,4,-26,-22,-24
56.816406,35,2179,2179,15,5,-27,-22,-24
56.820312,36,2179,2179,15,5,-27,-22,-24
56.824219,37,2179,2179,15,5,-27,-22,-25
56.828125,37,2179,2179,14,4,-27,-22,-24
56.832031,37,2179,2179,14,5,-27,-22,-24
56.835938,37,2179,2179,15,5,-27,-22,-24
56.839844,37,2179,2179,14,4,-27,-22,-24
56.843750,37,2179,2179,15,4,-27,-22,-24
56.847656,37,2179,2179,15,5,-27,-22,-24
56.851562,37,2179,2179,16,4,-26,-22,-24
56.855469,37,2179,2179,16,5,-26,-22,-24
56.859375,37,2179,2179,15,4,-26,-22,-24
56.863281,36,2179,2179,15,4,-26,-22,-24
56.867188,36,2179,2179,15,4,-26,-22,-24
56.871094,37,2179,2179,15,4,-26,-22,-24
56.875000,36,2179,2179,15,4,-26,-22,-24
56.878906,36,2179,2179,15,4,-26,-22,-24
56.882812,36,2179,2179,15,5,-26,-22,-24
56.886719,36,2179,2179,15,5,-26,-22,-24
56.890625,36,2179,2179,15,4,-26,-21,-24
56.894531,36,2179,2179,15,4,-26,-21,-24
56.898438,35,2179,2179,15,5,-26,-21,-24
56.902344,35,2179,2179,15,5,-26,-21,-24
56.906250,35,2179,2179,14,5,-26,-22,-24
56.910156,35,2179,2179,14,4,-26,-22,-24
56.914062,35,2179,2179,14,4,-26,-22,-24
56.917969,35,2179,2179,14,5,-27,-22,-24
56.921875,35,2179,2179,14,5,-27,-22,-24
56.925781,34,2179,2179,13,5,-27,-22,-24
56.929688,34,2179,2179,13,5,-26,-22,-24
56.933594,33,2179,2179,14,5,-26,-22,-24
56.937500,33,2179,2179,14,5,-27,-22,-24
56.941406,33,2179,2179,14,5,-27,-22,-24
56.945312,33,2179,2179,14,5,-27,-22,-24
56.949219,32,2179,2179,15,5,-26,-22,-24
56.953125,32,2179,2179,15,5,-26,-22,-24
56.957031,32,2179,2179,15,5,-26,-22,-24
56.960938,32,2179,2179,16,5,-26,-22,-24
56.964844,31,2179,2179,16,5,-26,-22,-24
56.968750,31,2179,2179,16,5,-26,-21,-24
56.972656,31,2179,2179,16,5,-26,-21,-24
56.976562,31,2179,2179,16,5,-26,-21,-24
56.980469,31,2179,2179,16,5,-26,-21,-24
56.984375,31,2179,2179,16,5,-26,-21,-24
56.988281,31,2179,2179,16,5,-26,-21,-24
56.992188,31,2179,2179,15,5,-26,-21,-24
56.996094,31,2179,2179,15,5,-26,-21,-24
57.000000,31,2179,2179,16,5,-26,-22,-24
57.003906,32,2179,2179,16,5,-26,-22,-24
57.007812,32,2179,2179,16,5,-27,-22,-24
57.011719,32,2179,2179,15,5,-27,-22,-24
57.015625,32,2179,2179,16,5,-27,-22,-24
57.019531,32,2179,2179,16,5,-27,-22,-24
57.023438,32,2179,2179,16,5,-27,-22,-24
57.027344,32,2179,2179,16,5,-26,-22,-24
57.031250,31,2179,2179,16,5,-27,-22,-24
57.035156,31,2179,2179,16,5,-26,-22,-24
57.039062,31,2179,2179,16,4,-27,-22,-24
57.042969,31,2179,2179,15,5,-26,-22,-24
57.046875,31,2179,2179,16,5,-26,-22,-24
57.050781,31,2179,2179,16,5,-26,-22,-24
57.054688,31,2179,2179,16,5,-26,-22,-24
57.058594,31,2179,2179,15,5,-26,-22,-24
57.062500,31,2179,2179,15,5,-26,-22,-24
57.066406,31,2179,2179,16,5,-26,-21,-24
57.070312,31,2179,2179,15,5,-26,-21,-24
57.074219,31,2179,2179,15,4,-26,-21,-24
57.078125,32,2179,2179,15,4,-26,-21,-24
57.082031,32,2179,2179,16,5,-26,-21,-24
57.085938,32,2179,2179,16,5,-26,-21,-24
57.089844,32,2179,2179,15,4,-26,-21,-24
57.093750,32,2179,2179,16,5,-26,-22,-24
57.097656,32,2179,2179,16,5,-26,-22,-24
57.101562,33,2179,2179,16,5,-26,-22,-24
57.105469,33,2179,2179,16,5,-26,-22,-24
57.109375,33,2179,2179,15,4,-26,-22,-24
57.113281,33,2179,2179,15,4,-26,-22,-24
57.117188,33,2179,2179,16,5,-26,-22,-25
57.121094,34,2179,2179,16,5,-27,-22,-25
57.125000,34,2179,2179,15,4,-27,-22,-25
57.128906,33,2179,2179,15,4,-27,-22,-25
57.132812,33,2179,2179,16,5,-27,-22,-24
57.136719,34,2179,2179,16,5,-27,-22,-24
57.140625,34,2179,2179,16,5,-27,-22,-25
57.144531,34,2179,2179,16,5,-27,-22,-24
57.148438,34,2179,2179,16,5,-27,-22,-24
57.152344,33,2179,2179,16,5,-26,-22,-24
57.156250,34,2179,2179,16,5,-26,-21,-24
57.160156,34,2179,2179,16,5,-26,-21,-24
57.164062,33,2179,2179,16,4,-26,-21,-24
57.167969,34,2179,2179,16,5,-26,-21,-24
57.171875,34,2179,2179,16,5,-26,-21,-24
57.175781,34,2179,2179,16,5,-26,-21,-24
57.179688,34,2179,2179,15,5,-26,-21,-24
57.183594,34,2179,2179,16,5,-26,-21,-24
57.187500,35,2179,2179,16,5,-26,-21,-24
57.191406,35,2179,2179,15,5,-26,-21,-24
57.195312,34,2179,2179,15,5,-26,-21,-24
57.199219,34,2179,2179,16,5,-26,-21,-24
57.203125,34,2179,2179,16,5,-26,-22,-24
57.207031,34,2179,2179,15,5,-27,-22,-24
57.210938,34,2179,2179,15,5,-27,-22,-24
57.214844,34,2179,2179,16,5,-27,-22,-24
57.218750,34,2179,2179,16,5,-27,-22,-24
57.222656,35,2179,2179,16,5,-27,-22,-24
57.226562,35,2179,2179,16,5,-27,-22,-24
57.230469,34,2179,2179,16,5,-27,-22,-24
57.234375,34,2179,2179,16,5,-27,-22,-24
57.238281,35,2179,2179,16,5,-27,-22,-24
57.242188,35,2179,2179,16,4,-27,-22,-24
57.246094,34,2179,2179,16,4,-27,-22,-24
57.250000,35,2179,2179,16,5,-27,-22,-24
57.253906,35,2179,2179,16,5,-27,-22,-24
57.257812,35,2179,2179,16,4,-26,-21,-24
57.261719,36,2179,2179,16,4,-27,-21,-24
57.265625,35,2179,2179,17,5,-26,-21,-24
57.269531,35,2179,2179,17,4,-26,-21,-24
57.273438,35,2179,2179,16,4,-26,-21,-24
57.277344,35,2179,2179,16,4,-26,-21,-24
57.281250,35,2179,2179,17,4,-27,-21,-24
57.285156,35,2179,2179,17,4,-26,-21,-24
57.289062,35,2179,2179,17,3,-26,-21,-24
57.292969,35,2179,2179,17,4,-26,-21,-24
57.296875,34,2179,2179,18,4,-26,-21,-24
57.300781,34,2179,2179,18,4,-26,-21,-24
57.304688,35,2179,2179,18,5,-27,-22,-24
57.308594,35,2179,2179,17,4,-27,-21,-24
57.312500,34,2179,2179,17,4,-26,-22,-24
57.316406,34,2179,2179,18,5,-26,-22,-24
57.320312,35,2179,2179,18,5,-26,-22,-24
57.324219,35,2179,2179,17,5,-27,-22,-24
57.328125,35,2179,2179,17,5,-26,-22,-24
57.332031,34,2179,2179,18,5,-27,-22,-24
57.335938,34,2179,2179,18,5,-26,-22,-24
57.339844,34,2179,2179,18,5,-26,-22,-24
57.343750,34,2179,2179,18,5,-26,-22,-24
57.347656,34,2179,2179,18,5,-26,-22,-24
57.351562,34,2179,2179,18,5,-26,-22,-24
57.355469,34,2179,2179,18,5,-26,-22,-24
57.359375,35,2179,2179,18,5,-26,-21,-24
57.363281,34,2179,2179,18,5,-26,-22,-24
57.367188,35,2179,2179,18,5,-26,-21,-24
57.371094,35,2179,2179,18,5,-26,-22,-24
57.375000,35,2179,2179,18,5,-26,-21,-24
57.378906,35,2179,2179,18,5,-26,-22,-24
57.382812,35,2179,2179,18,5,-26,-22,-24
57.386719,36,2179,2179,18,5,-26,-22,-24
57.390625,35,2179,2179,18,5,-26,-22,-24
57.394531,36,2179,2179,18,5,-27,-21,-24
57.398438,35,2179,2179,18,5,-27,-22,-24
57.402344,36,2179,2179,18,5,-27,-22,-24
57.406250,36,2179,2179,18,4,-26,-22,-24
57.410156,36,2179,2179,18,4,-27,-22,-24
57.414062,36,2179,2179,19,3,-27,-22,-24
57.417969,36,2179,2179,19,5,-27,-22,-24
57.421875,37,2179,2179,19,5,-27,-22,-24
57.425781,37,2179,2179,19,4,-27,-22,-24
57.429688,36,2179,2179,19,4,-27,-22,-24
57.433594,36,2179,2179,20,5,-27,-22,-24
57.437500,36,2179,2179,20,5,-27,-22,-24
57.441406,36,2179,2179,20,4,-27,-22,-24
57.445312,36,2179,2179,20,4,-27,-22,-24
57.449219,36,2179,2179,21,4,-26,-22,-24
57.453125,36,2179,2179,21,5,-26,-22,-24
57.457031,37,2179,2179,21,4,-26,-22,-24
57.460938,37,2179,2179,22,4,-26,-22,-24
57.464844,37,2179,2179,22,4,-26,-21,-24
57.468750,37,2179,2179,23,4,-26,-21,-24
57.472656,37,2179,2179,23,4,-26,-21,-24
57.476562,37,2179,2179,23,5,-27,-21,-24
57.480469,37,2179,2179,24,4,-26,-21,-24
57.484375,37,2179,2179,24,5,-26,-21,-24
57.488281,37,2179,2179,25,5,-26,-22,-24
57.492188,37,2179,2179,25,5,-26,-21,-24
57.496094,37,2179,2179,25,4,-26,-21,-24
57.500000,37,2179,2179,26,5,-26,-21,-24
57.503906,38,2179,2179,27,5,-26,-21,-24
57.507812,38,2179,2179,27,4,-27,-21,-24
57.511719,38,2179,2179,28,4,-27,-22,-24
57.515625,37,2179,2179,29,5,-27,-22,-24
57.519531,38,2179,2179,30,5,-27,-22,-24
57.523438,38,2179,2179,30,5,-27,-22,-24
57.527344,38,2179,2179,31,5,-27,-22,-24
57.531250,37,2179,2179,32,5,-27,-22,-24
57.535156,37,2179,2179,33,5,-27,-22,-24
57.539062,37,2179,2179,34,4,-27,-22,-24
57.542969,37,2179,2179,35,5,-27,-22,-24
57.546875,37,2179,2179,36,5,-27,-22,-24
57.550781,36,2179,2179,37,5,-26,-22,-24
57.554688,37,2179,2179,38,5,-26,-22,-24
57.558594,37,2179,2179,38,5,-26,-21,-24
57.562500,37,2179,2179,39,5,-26,-22,-24
57.566406,37,2179,2179,40,5,-27,-22,-24
57.570312,38,2179,2179,41,5,-26,-21,-24
57.574219,38,2179,2179,41,5,-26,-21,-24
57.578125,38,2179,2179,42,5,-26,-21,-24
57.582031,38,2179,2179,43,5,-26,-22,-24
57.585938,38,2179,2179,44,5,-26,-21,-24
57.589844,38,2179,2179,45,5,-26,-22,-24
57.593750,38,2179,2179,46,5,-26,-22,-24
57.597656,38,2179,2179,48,5,-27,-22,-24
57.601562,38,2179,2179,48,5,-27,-22,-24
57.605469,39,2179,2179,49,5,-27,-22,-24
57.609375,39,2179,2179,50,4,-27,-21,-24
57.613281,39,2179,2179,52,4,-27,-22,-24
57.617188,39,2179,2179,53,5,-27,-22,-24
57.621094,40,2179,2179,55,5,-27,-22,-25
57.625000,40,2179,2179,56,5,-27,-22,-24
57.628906,40,2179,2179,58,5,-27,-22,-25
57.632812,40,2179,2179,60,5,-27,-22,-25
57.636719,41,2179,2179,61,5,-27,-22,-25
57.640625,41,2179,2179,63,5,-27,-22,-24
57.644531,41,2179,2179,64,5,-27,-22,-24
57.648438,41,2179,2179,66,5,-27,-21,-24
57.652344,41,2179,2179,68,5,-27,-21,-24
57.656250,42,2179,2179,69,5,-25,-21,-24
57.660156,42,2179,2179,72,5,-26,-21,-24
57.664062,42,2179,2179,74,5,-26,-22,-24
57.667969,42,2179,2179,77,5,-26,-22,-24
57.671875,43,2179,2179,79,5,-26,-21,-24
57.675781,43,2179,2179,81,4,-26,-21,-24
57.679688,43,2179,2179,82,4,-26,-22,-24
57.683594,43,2179,2179,85,5,-26,-22,-24
57.687500,43,2179,2179,87,5,-26,-22,-24
57.691406,43,2179,2179,88,4,-26,-21,-24
57.695312,43,2179,2179,91,4,-26,-22,-24
57.699219,43,2179,2179,94,5,-26,-22,-24
57.703125,43,2179,2179,96,5,-26,-22,-24
57.707031,44,2179,2179,98,4,-26,-22,-24
57.710938,44,2179,2179,100,4,-27,-22,-24
57.714844,44,2179,2179,103,5,-26,-22,-24
57.718750,44,2179,2179,104,5,-27,-22,-24
57.722656,44,2179,2179,106,4,-27,-22,-24
57.726562,44,2179,2179,107,4,-27,-22,-24
57.730469,44,2179,2179,109,4,-27,-22,-24
57.734375,44,2179,2179,110,5,-26,-22,-24
57.738281,44,2179,2179,111,5,-27,-22,-24
57.742188,44,2179,2179,112,5,-27,-22,-24
57.746094,44,2179,2179,113,5,-27,-22,-24
57.750000,43,2179,2179,114,5,-26,-22,-24
57.753906,44,2179,2179,116,5,-26,-22,-24
57.757812,43,2179,2179,117,5,-26,-22,-24
57.761719,43,2179,2179,120,5,-27,-21,-24
57.765625,43,2179,2179,123,5,-26,-22,-24
57.769531,43,2179,2179,126,5,-26,-21,-24
57.773438,44,2179,2179,128,5,-26,-21,-24
57.777344,44,2179,2179,130,5,-26,-21,-24
57.781250,44,2179,2179,131,5,-28,-21,-24
57.785156,44,2179,2179,132,5,-26,-22,-24
57.789062,45,2179,2179,132,6,-26,-22,-24
57.792969,45,2179,2179,131,5,-26,-22,-24
57.796875,45,2179,2179,132,5,-26,-22,-24
57.800781,45,2179,2179,132,5,-26,-22,-24
57.804688,45,2179,2179,132,5,-27,-22,-24
57.808594,45,2179,2179,133,5,-27,-22,-24
57.812500,44,2179,2179,134,4,-27,-22,-24
57.816406,44,2179,2179,136,5,-26,-22,-24
57.820312,45,2179,2179,137,5,-26,-22,-24
57.824219,45,2179,2179,139,5,-27,-22,-24
57.828125,45,2179,2179,140,4,-27,-21,-24
57.832031,45,2179,2179,141,5,-27,-22,-24
57.835938,45,2179,2179,142,5,-27,-22,-24
57.839844,45,2179,2179,143,5,-27,-22,-24
57.843750,45,2179,2179,143,5,-27,-22,-24
57.847656,45,2179,2179,145,5,-27,-22,-24
57.851562,45,2179,2179,145,5,-27,-22,-24
57.855469,45,2179,2179,146,5,-26,-22,-24
57.859375,45,2179,2179,147,4,-26,-22,-24
57.863281,45,2179,2179,148,4,-26,-22,-24
57.867188,45,2179,2179,150,5,-26,-22,-24
57.871094,45,2179,2179,151,5,-26,-22,-24
57.875000,45,2179,2179,151,4,-26,-21,-24
57.878906,45,2179,2179,152,4,-27,-22,-24
57.882812,45,2179,2179,154,5,-26,-21,-24
57.886719,45,2179,2179,154,5,-26,-22,-24
57.890625,45,2179,2179,155,4,-27,-22,-24
57.894531,45,2179,2179,156,4,-27,-22,-24
57.898438,45,2179,2179,157,5,-27,-22,-24
57.902344,45,2179,2179,157,5,-26,-22,-24
57.906250,45,2179,2179,157,4,-24,-22,-24
57.910156,46,2179,2179,158,4,-26,-22,-24
57.914062,45,2179,2179,159,6,-27,-22,-24
57.917969,46,2179,2179,159,5,-26,-22,-24
57.921875,46,2179,2179,160,5,-27,-22,-24
57.925781,46,2179,2179,161,5,-26,-22,-24
57.929688,45,2179,2179,162,5,-27,-22,-24
57.933594,45,2179,2179,162,5,-26,-22,-24
57.937500,45,2179,2179,162,5,-27,-22,-24
57.941406,45,2179,2179,162,5,-27,-22,-24
57.945312,45,2179,2179,162,5,-27,-22,-24
57.949219,45,2179,2179,163,5,-27,-22,-24
57.953125,44,2179,2179,163,5,-27,-21,-24
57.957031,45,2179,2179,163,5,-26,-21,-24
57.960938,45,2179,2179,163,5,-26,-21,-24
57.964844,44,2179,2179,164,5,-26,-21,-24
57.968750,44,2179,2179,165,5,-26,-21,-24
57.972656,45,2179,2179,166,5,-26,-21,-24
57.976562,45,2179,2179,166,5,-26,-21,-24
57.980469,45,2179,2179,167,5,-27,-21,-24
57.984375,45,2179,2179,168,5,-26,-21,-24
57.988281,45,2179,2179,168,5,-27,-21,-24
57.992188,45,2179,2179,168,4,-26,-22,-24
57.996094,45,2179,2179,168,5,-27,-22,-24
58.000000,45,2179,2179,168,5,-27,-21,-24
58.003906,45,2179,2179,169,5,-27,-22,-24
58.007812,45,2179,2179,168,4,-26,-22,-24
58.011719,44,2179,2179,168,4,-26,-22,-24
58.015625,44,2179,2179,168,5,-26,-22,-24
58.019531,44,2179,2179,168,5,-26,-22,-24
58.023438,44,2179,2179,169,5,-26,-22,-24
58.027344,44,2179,2179,169,5,-26,-22,-24
58.031250,44,2179,2179,170,5,-29,-22,-24
58.035156,44,2179,2179,171,5,-27,-22,-24
58.039062,44,2179,2179,171,5,-27,-22,-24
58.042969,44,2179,2179,172,5,-26,-22,-24
58.046875,43,2179,2179,172,5,-26,-22,-24
58.050781,43,2179,2179,172,5,-26,-22,-24
58.054688,43,2179,2179,172,5,-26,-21,-24
58.058594,43,2179,2179,172,5,-26,-21,-24
58.062500,43,2179,2179,172,5,-26,-22,-24
58.066406,43,2179,2179,172,5,-26,-22,-24
58.070312,43,2179,2179,172,5,-26,-21,-24
58.074219,43,2179,2179,172,4,-26,-21,-24
58.078125,43,2179,2179,172,4,-26,-22,-24
58.082031,43,2179,2179,172,5,-26,-22,-24
58.085938,42,2179,2179,173,5,-26,-21,-24
58.089844,42,2179,2179,173,4,-26,-21,-24
58.093750,42,2179,2179,173,4,-26,-21,-24
58.097656,42,2179,2179,173,5,-26,-21,-24
58.101562,42,2179,2179,174,5,-27,-22,-24
58.105469,42,2179,2179,174,5,-27,-22,-24
58.109375,42,2179,2179,174,4,-27,-22,-24
58.113281,42,2179,2179,175,4,-27,-22,-24
58.117188,42,2179,2179,176,5,-27,-22,-24
58.121094,42,2179,2179,176,5,-27,-22,-24
58.125000,42,2179,2179,176,5,-27,-22,-24
58.128906,41,2179,2179,176,4,-27,-22,-24
58.132812,41,2179,2179,176,5,-27,-22,-24
58.136719,41,2179,2179,176,5,-26,-22,-24
58.140625,41,2179,2179,176,5,-27,-22,-24
58.144531,41,2179,2179,176,5,-26,-22,-24
58.148438,40,2179,2179,176,5,-26,-21,-24
58.152344,40,2179,2179,176,5,-26,-21,-24
58.156250,40,2179,2179,176,5,-22,-21,-24
58.160156,40,2179,2179,176,5,-26,-21,-24
58.164062,40,2179,2179,177,5,-26,-21,-24
58.167969,40,2179,2179,177,5,-26,-21,-24
58.171875,40,2179,2179,177,5,-26,-21,-24
58.175781,40,2179,2179,177,5,-26,-21,-24
58.179688,40,2179,2179,178,5,-27,-21,-24
58.183594,40,2179,2179,178,5,-27,-22,-24
58.187500,40,2179,2179,178,5,-26,-22,-24
58.191406,40,2179,2179,178,5,-27,-22,-24
58.195312,40,2179,2179,178,5,-26,-22,-24
58.199219,40,2179,2179,178,5,-27,-22,-24
58.203125,40,2179,2179,178,5,-27,-22,-24
58.207031,41,2179,2179,178,5,-27,-21,-24
58.210938,41,2179,2179,178,5,-26,-21,-24
58.214844,40,2179,2179,178,5,-26,-22,-24
58.218750,40,2179,2179,179,5,-26,-22,-24
58.222656,40,2179,2179,179,5,-26,-22,-24
58.226562,40,2179,2179,179,5,-26,-22,-24
58.230469,39,2179,2179,180,5,-26,-22,-24
58.234375,39,2179,2179,180,5,-26,-22,-24
58.238281,40,2179,2179,180,5,-26,-22,-24
58.242188,39,2179,2179,180,5,-27,-22,-24
58.246094,39,2179,2179,180,4,-26,-22,-24
58.250000,39,2179,2179,180,5,-27,-22,-24
58.253906,39,2179,2179,180,5,-26,-22,-24
58.257812,39,2179,2179,180,4,-27,-21,-24
58.261719,38,2179,2179,180,4,-26,-21,-24
58.265625,38,2179,2179,180,4,-26,-22,-24
58.269531,38,2179,2179,181,4,-26,-21,-24
58.273438,39,2179,2179,181,4,-26,-21,-24
58.277344,39,2179,2179,182,4,-26,-21,-24
58.281250,39,2179,2179,182,4,-31,-21,-24
58.285156,39,2179,2179,182,5,-26,-21,-24
58.289062,39,2179,2179,181,4,-26,-21,-24
58.292969,39,2179,2179,181,4,-26,-21,-24
58.296875,38,2179,2179,181,4,-26,-21,-24
58.300781,38,2179,2179,180,4,-27,-21,-24
58.304688,38,2179,2179,180,5,-26,-21,-24
58.308594,38,2179,2179,180,4,-26,-22,-24
58.312500,38,2179,2179,181,4,-26,-22,-24
58.316406,38,2179,2179,181,5,-26,-22,-24
58.320312,38,2179,2179,182,5,-26,-22,-24
58.324219,38,2179,2179,182,5,-27,-22,-24
58.328125,38,2179,2179,182,5,-27,-22,-24
58.332031,38,2179,2179,183,5,-27,-22,-24
58.335938,37,2179,2179,183,5,-27,-22,-24
58.339844,37,2179,2179,183,5,-26,-22,-24
58.343750,37,2179,2179,183,5,-26,-22,-24
58.347656,37,2179,2179,183,5,-26,-22,-24
58.351562,36,2179,2179,183,5,-26,-21,-24
58.355469,37,2179,2179,183,5,-26,-21,-24
58.359375,36,2179,2179,183,5,-26,-21,-24
58.363281,36,2179,2179,183,5,-26,-21,-24
58.367188,36,2179,2179,183,5,-26,-21,-24
58.371094,37,2179,2179,183,5,-26,-21,-24
58.375000,37,2179,2179,182,5,-26,-21,-24
58.378906,36,2179,2179,183,5,-27,-21,-24
58.382812,36,2179,2179,183,5,-27,-21,-24
58.386719,36,2179,2179,183,5,-26,-21,-24
58.390625,36,2179,2179,183,5,-26,-21,-24
58.394531,36,2179,2179,183,5,-27,-21,-24
58.398438,35,2179,2179,183,5,-26,-21,-24
58.402344,35,2179,2179,183,5,-26,-22,-24
58.406250,35,2179,2179,183,5,-20,-22,-24
58.410156,35,2179,2179,183,5,-27,-22,-24
58.414062,35,2179,2179,184,5,-27,-22,-24
58.417969,35,2179,2179,184,5,-27,-22,-24
58.421875,35,2179,2179,184,5,-27,-22,-24
58.425781,35,2179,2179,184,4,-27,-22,-24
58.429688,34,2179,2179,184,4,-27,-22,-24
58.433594,34,2179,2179,185,5,-27,-22,-24
58.437500,34,2179,2179,184,5,-27,-22,-24
58.441406,33,2179,2179,184,4,-26,-22,-24
58.445312,33,2179,2179,183,4,-26,-22,-24
58.449219,32,2179,2179,183,4,-26,-22,-24
58.453125,32,2179,2179,183,5,-26,-21,-24
58.457031,32,2179,2179,183,5,-26,-22,-24
58.460938,32,2179,2179,183,5,-26,-21,-24
58.464844,31,2179,2179,184,5,-26,-21,-24
58.468750,31,2179,2179,184,5,-26,-21,-24
58.472656,31,2179,2179,184,5,-26,-21,-24
58.476562,31,2179,2179,184,5,-26,-22,-24
58.480469,31,2179,2179,185,5,-26,-21,-24
58.484375,32,2179,2179,185,5,-26,-22,-24
58.488281,32,2179,2179,185,5,-26,-21,-24
58.492188,32,2179,2179,184,4,-26,-22,-24
58.496094,32,2179,2179,184,4,-26,-22,-24
58.500000,33,2179,2179,184,5,-26,-22,-24
58.503906,33,2179,2179,184,5,-26,-22,-24
58.507812,33,2179,2179,184,4,-26,-22,-24
58.511719,33,2179,2179,184,4,-27,-22,-24
58.515625,33,2179,2179,184,5,-27,-22,-24
58.519531,33,2179,2179,184,5,-27,-22,-24
58.523438,34,2179,2179,185,5,-27,-22,-24
58.527344,34,2179,2179,185,5,-27,-22,-24
58.531250,34,2179,2179,185,5,-34,-22,-24
58.535156,34,2179,2179,185,5,-27,-22,-24
58.539062,34,2179,2179,185,5,-27,-22,-24
58.542969,34,2179,2179,185,5,-27,-22,-24
58.546875,33,2179,2179,185,5,-26,-22,-24
58.550781,32,2179,2179,185,5,-26,-22,-24
58.554688,32,2179,2179,185,5,-27,-22,-24
58.558594,32,2179,2179,185,5,-26,-22,-24
58.562500,32,2179,2179,185,5,-26,-22,-24
58.566406,31,2179,2179,186,5,-26,-22,-24
58.570312,32,2179,2179,186,5,-26,-22,-24
58.574219,32,2179,2179,186,5,-26,-21,-24
58.578125,32,2179,2179,186,5,-27,-22,-24
58.582031,32,2179,2179,186,5,-27,-22,-24
58.585938,32,2179,2179,186,5,-26,-22,-24
58.589844,32,2179,2179,185,5,-26,-21,-24
58.593750,32,2179,2179,185,5,-26,-21,-24
58.597656,32,2179,2179,185,5,-26,-21,-24
58.601562,32,2179,2179,185,5,-26,-21,-24
58.605469,32,2179,2179,184,5,-26,-22,-24
58.609375,32,2179,2179,185,4,-26,-21,-24
58.613281,32,2179,2179,185,4,-27,-21,-24
58.617188,32,2179,2179,186,5,-27,-22,-24
58.621094,32,2179,2179,186,5,-27,-22,-24
58.625000,32,2179,2179,186,5,-26,-22,-25
58.628906,31,2179,2179,186,5,-27,-22,-24
58.632812,31,2179,2179,186,5,-26,-22,-24
58.636719,31,2179,2179,186,5,-26,-22,-25
58.640625,31,2179,2179,186,5,-26,-21,-24
58.644531,30,2179,2179,186,5,-26,-21,-24
58.648438,30,2179,2179,187,5,-26,-21,-24
58.652344,30,2179,2179,187,5,-26,-22,-24
58.656250,30,2179,2179,186,5,-22,-21,-24
58.660156,31,2179,2179,186,5,-26,-21,-24
58.664062,30,2179,2179,187,5,-26,-21,-24
58.667969,31,2179,2179,187,5,-26,-21,-24
58.671875,31,2179,2179,186,5,-27,-21,-24
58.675781,31,2179,2179,187,5,-26,-21,-24
58.679688,30,2179,2179,187,4,-27,-21,-24
58.683594,31,2179,2179,188,5,-26,-22,-24
58.687500,31,2179,2179,187,4,-26,-22,-24
58.691406,31,2179,2179,187,4,-26,-22,-24
58.695312,31,2179,2179,187,4,-26,-22,-24
58.699219,32,2179,2179,187,4,-26,-22,-24
58.703125,32,2179,2179,186,5,-26,-22,-24
58.707031,32,2179,2179,186,4,-26,-22,-24
58.710938,32,2179,2179,186,4,-26,-22,-24
58.714844,31,2179,2179,186,5,-26,-22,-24
58.718750,31,2179,2179,187,5,-26,-22,-24
58.722656,31,2179,2179,187,4,-26,-22,-24
58.726562,31,2179,2179,187,4,-26,-22,-24
58.730469,30,2179,2179,187,5,-26,-22,-24
58.734375,30,2179,2179,187,5,-26,-22,-24
58.738281,30,2179,2179,187,5,-26,-22,-24
58.742188,30,2179,2179,187,5,-26,-22,-24
58.746094,30,2179,2179,187,5,-26,-22,-24
58.750000,30,2179,2179,187,5,-26,-22,-24
58.753906,30,2179,2179,187,5,-26,-22,-24
58.757812,30,2179,2179,187,5,-26,-22,-24
58.761719,29,2179,2179,187,5,-26,-21,-24
58.765625,29,2179,2179,187,5,-26,-21,-24
58.769531,29,2179,2179,187,5,-26,-21,-24
58.773438,30,2179,2179,187,5,-26,-21,-24
58.777344,30,2179,2179,187,5,-26,-21,-24
58.781250,30,2179,2179,188,5,-31,-21,-24
58.785156,30,2179,2179,188,5,-26,-21,-24
58.789062,31,2179,2179,188,5,-26,-21,-24
58.792969,31,2179,2179,188,5,-26,-21,-24
58.796875,31,2179,2179,188,4,-26,-21,-24
58.800781,31,2179,2179,188,5,-26,-21,-24
58.804688,31,2179,2179,188,5,-26,-22,-24
58.808594,31,2179,2179,187,4,-26,-22,-24
58.812500,31,2179,2179,187,5,-27,-22,-24
58.816406,30,2179,2179,188,5,-26,-22,-24
58.820312,31,2179,2179,187,5,-27,-22,-24
58.824219,31,2179,2179,187,5,-27,-22,-24
58.828125,31,2179,2179,187,5,-27,-22,-24
58.832031,30,2179,2179,188,5,-27,-22,-24
58.835938,30,2179,2179,187,5,-27,-22,-24
58.839844,30,2179,2179,187,4,-27,-22,-24
58.843750,30,2179,2179,187,4,-26,-22,-24
58.847656,29,2179,2179,186,5,-26,-22,-24
58.851562,28,2179,2179,186,5,-26,-22,-24
58.855469,28,2179,2179,185,5,-26,-21,-24
58.859375,28,2179,2179,185,4,-27,-21,-24
58.863281,27,2179,2179,186,4,-26,-21,-24
58.867188,27,2179,2179,186,4,-27,-21,-24
58.871094,27,2179,2179,187,4,-26,-21,-24
58.875000,26,2179,2179,187,4,-26,-21,-24
58.878906,26,2179,2179,187,4,-26,-21,-24
58.882812,25,2179,2179,187,5,-26,-22,-25
58.886719,25,2179,2179,185,5,-26,-22,-25
58.890625,24,2179,2179,181,4,-26,-21,-24
58.894531,24,2179,2179,173,4,-26,-21,-24
58.898438,23,2179,2179,163,4,-26,-21,-24
58.902344,23,2179,2179,148,5,-26,-21,-24
58.906250,22,2179,2179,131,4,-26,-21,-24
58.910156,22,2179,2179,113,4,-26,-21,-24
58.914062,21,2179,2179,98,5,-27,-22,-24
58.917969,20,2179,2179,85,5,-27,-22,-24
58.921875,20,2179,2179,75,5,-26,-22,-24
58.925781,20,2179,2179,69,5,-27,-21,-24
58.929688,19,2179,2179,64,5,-26,-22,-24
58.933594,19,2179,2179,60,5,-26,-22,-24
58.937500,19,2179,2179,54,5,-26,-22,-24
58.941406,18,2179,2179,47,5,-26,-22,-24
58.945312,17,2179,2179,39,5,-26,-22,-24
58.949219,17,2179,2179,33,5,-26,-22,-24
58.953125,17,2179,2179,27,5,-26,-22,-24
58.957031,16,2179,2179,23,5,-26,-21,-24
58.960938,16,2179,2179,21,5,-26,-21,-24
58.964844,16,2179,2179,21,5,-26,-21,-24
58.968750,15,2179,2179,21,5,-26,-21,-24
58.972656,16,2179,2179,21,5,-26,-21,-24
58.976562,15,2179,2179,21,5,-26,-21,-24
58.980469,15,2179,2179,20,5,-26,-21,-24
58.984375,15,2179,2179,19,5,-26,-21,-24
58.988281,15,2179,2179,18,5,-26,-21,-24
58.992188,15,2179,2179,17,5,-26,-21,-24
58.996094,14,2179,2179,16,5,-26,-21,-24
59.000000,14,2179,2179,16,5,-27,-22,-24
59.003906,14,2179,2179,16,5,-26,-22,-24
59.007812,14,2179,2179,16,5,-26,-22,-24
59.011719,14,2179,2179,16,5,-27,-22,-24
59.015625,14,2179,2179,16,5,-27,-22,-24
59.019531,13,2179,2179,16,5,-27,-22,-24
59.023438,14,2179,2179,16,5,-27,-21,-24
59.027344,14,2179,2179,15,5,-27,-22,-24
59.031250,13,2179,2179,15,5,-27,-22,-24
59.035156,13,2179,2179,16,5,-26,-22,-24
59.039062,13,2179,2179,15,5,-26,-22,-24
59.042969,13,2179,2179,15,5,-27,-22,-24
59.046875,12,2179,2179,16,5,-27,-21,-24
59.050781,12,2179,2179,16,5,-26,-21,-24
59.054688,12,2179,2179,16,5,-26,-21,-24
59.058594,12,2179,2179,15,4,-26,-21,-24
59.062500,12,2179,2179,15,4,-26,-21,-24
59.066406,12,2179,2179,16,5,-26,-21,-24
59.070312,12,2179,2179,15,4,-26,-21,-24
59.074219,12,2179,2179,15,4,-26,-21,-24
59.078125,12,2179,2179,15,4,-26,-21,-24
59.082031,12,2179,2179,15,4,-26,-21,-24
59.085938,12,2179,2179,15,4,-26,-21,-24
59.089844,12,2179,2179,15,4,-26,-21,-24
59.093750,12,2179,2179,15,4,-26,-21,-24
59.097656,12,2179,2179,15,4,-26,-21,-24
59.101562,12,2179,2179,16,5,-26,-21,-24
59.105469,12,2179,2179,15,5,-26,-21,-24
59.109375,12,2179,2179,16,4,-26,-21,-24
59.113281,12,2179,2179,16,5,-26,-21,-24
59.117188,11,2179,2179,16,5,-26,-22,-24
59.121094,11,2179,2179,16,5,-26,-22,-24
59.125000,11,2179,2179,16,5,-27,-22,-24
59.128906,11,2179,2179,16,5,-26,-22,-24
59.132812,10,2179,2179,16,5,-26,-22,-24
59.136719,11,2179,2179,16,5,-26,-22,-24
59.140625,11,2179,2179,16,5,-26,-22,-24
59.144531,10,2179,2179,15,5,-26,-21,-24
59.148438,10,2179,2179,16,5,-26,-21,-24
59.152344,10,2179,2179,16,5,-26,-21,-24
59.156250,10,2179,2179,16,5,-26,-21,-24
59.160156,10,2179,2179,16,5,-26,-21,-24
59.164062,10,2179,2179,16,5,-26,-21,-24
59.167969,10,2179,2179,16,5,-26,-21,-24
59.171875,10,2179,2179,16,5,-26,-21,-24
59.175781,11,2179,2179,16,5,-26,-21,-24
59.179688,10,2179,2179,16,5,-26,-21,-24
59.183594,10,2179,2179,16,5,-26,-21,-24
59.187500,11,2179,2179,16,5,-26,-21,-24
59.191406,11,2179,2179,16,5,-26,-21,-24
59.195312,11,2179,2179,16,5,-26,-21,-24
59.199219,11,2179,2179,16,5,-26,-22,-25
59.203125,11,2179,2179,16,5,-27,-22,-24
59.207031,11,2179,2179,15,4,-26,-22,-24
59.210938,11,2179,2179,15,4,-27,-21,-24
59.214844,11,2179,2179,16,5,-27,-21,-24
59.218750,11,2179,2179,16,5,-27,-22,-24
59.222656,11,2179,2179,15,5,-27,-22,-24
59.226562,10,2179,2179,15,5,-26,-22,-24
59.230469,10,2179,2179,15,5,-27,-22,-24
59.234375,10,2179,2179,15,5,-27,-22,-24
59.238281,10,2179,2179,15,5,-27,-22,-24
59.242188,10,2179,2179,14,4,-27,-22,-24
59.246094,9,2179,2179,14,4,-26,-22,-24
59.250000,9,2179,2179,15,5,-26,-22,-24
59.253906,9,2179,2179,15,5,-26,-21,-24
59.257812,9,2179,2179,15,4,-26,-21,-24
59.261719,8,2179,2179,15,4,-26,-21,-24
59.265625,8,2179,2179,16,4,-26,-21,-24
59.269531,8,2179,2179,16,4,-26,-22,-24
59.273438,8,2179,2179,16,4,-26,-21,-24
59.277344,8,2179,2179,15,4,-26,-21,-24
59.281250,8,2179,2179,16,5,-26,-21,-24
59.285156,8,2179,2179,15,5,-26,-22,-24
59.289062,8,2179,2179,15,4,-26,-21,-24
59.292969,8,2179,2179,15,4,-26,-21,-24
59.296875,8,2179,2179,15,4,-26,-21,-24
59.300781,8,2179,2179,16,5,-26,-21,-24
59.304688,8,2179,2179,16,5,-27,-21,-24
59.308594,7,2179,2179,16,4,-27,-21,-24
59.312500,7,2179,2179,16,5,-27,-22,-24
59.316406,7,2179,2179,16,5,-27,-22,-24
59.320312,7,2179,2179,16,5,-27,-22,-24
59.324219,7,2179,2179,16,5,-27,-22,-24
59.328125,7,2179,2179,16,5,-27,-22,-24
59.332031,6,2179,2179,16,5,-27,-22,-24
59.335938,6,2179,2179,16,5,-26,-22,-24
59.339844,7,2179,2179,16,5,-27,-22,-24
59.343750,6,2179,2179,16,5,-27,-22,-24
59.347656,6,2179,2179,16,5,-26,-22,-24
59.351562,6,2179,2179,16,5,-26,-22,-24
59.355469,6,2179,2179,15,5,-26,-21,-24
59.359375,7,2179,2179,15,5,-26,-22,-24
59.363281,7,2179,2179,14,5,-26,-22,-24
59.367188,7,2179,2179,14,5,-26,-22,-24
59.371094,7,2179,2179,14,5,-26,-22,-24
59.375000,7,2179,2179,14,5,-26,-21,-24
59.378906,7,2179,2179,14,5,-26,-21,-24
59.382812,7,2179,2179,15,5,-26,-21,-24
59.386719,7,2179,2179,15,5,-26,-21,-24
59.390625,7,2179,2179,15,5,-26,-21,-24
59.394531,7,2179,2179,16,5,-26,-21,-24
59.398438,7,2179,2179,16,5,-26,-22,-24
59.402344,7,2179,2179,17,5,-26,-21,-24
59.406250,7,2179,2179,16,5,-26,-22,-24
59.410156,8,2179,2179,16,4,-26,-22,-24
59.414062,7,2179,2179,16,5,-27,-21,-24
59.417969,7,2179,2179,16,5,-26,-22,-25
59.421875,7,2179,2179,15,5,-26,-22,-24
59.425781,8,2179,2179,15,5,-26,-22,-24
59.429688,7,2179,2179,15,5,-27,-22,-24
59.433594,7,2179,2179,16,5,-27,-22,-24
59.437500,7,2179,2179,15,5,-27,-22,-24
59.441406,7,2179,2179,15,5,-27,-22,-24
59.445312,6,2179,2179,14,4,-27,-22,-24
59.449219,6,2179,2179,14,4,-27,-22,-24
59.453125,6,2179,2179,15,5,-27,-21,-24
59.457031,6,2179,2179,15,4,-26,-21,-24
59.460938,6,2179,2179,15,4,-26,-21,-24
59.464844,6,2179,2179,16,5,-26,-21,-24
59.468750,6,2179,2179,16,5,-26,-21,-24
59.472656,6,2179,2179,16,5,-26,-22,-24
59.476562,6,2179,2179,16,5,-26,-21,-24
59.480469,6,2179,2179,16,5,-26,-21,-24
59.484375,6,2179,2179,16,5,-26,-22,-24
59.488281,6,2179,2179,16,5,-26,-21,-24
59.492188,6,2179,2179,15,4,-27,-21,-24
59.496094,6,2179,2179,15,4,-27,-21,-24
59.500000,6,2179,2179,16,4,-27,-21,-24
59.503906,6,2179,2179,16,5,-26,-22,-24
59.507812,6,2179,2179,15,4,-26,-21,-24
59.511719,6,2179,2179,15,4,-26,-22,-24
59.515625,6,2179,2179,16,5,-26,-22,-24
59.519531,5,2179,2179,16,5,-27,-22,-24
59.523438,5,2179,2179,16,5,-27,-22,-24
59.527344,5,2179,2179,16,5,-27,-22,-24
59.531250,5,2179,2179,16,5,-27,-22,-24
59.535156,4,2179,2179,16,5,-27,-22,-24
59.539062,5,2179,2179,16,5,-26,-22,-24
59.542969,5,2179,2179,16,5,-26,-22,-24
59.546875,4,2179,2179,16,5,-26,-22,-24
59.550781,5,2179,2179,16,5,-26,-22,-24
59.554688,5,2179,2179,16,5,-26,-22,-24
59.558594,5,2179,2179,16,5,-26,-21,-24
59.562500,5,2179,2179,16,5,-26,-21,-24
59.566406,5,2179,2179,16,5,-26,-21,-24
59.570312,5,2179,2179,16,5,-26,-21,-24
59.574219,5,2179,2179,15,5,-26,-21,-24
59.578125,5,2179,2179,15,5,-26,-21,-24
59.582031,5,2179,2179,15,5,-26,-21,-24
59.585938,5,2179,2179,15,5,-26,-21,-24
59.589844,6,2179,2179,15,5,-26,-22,-24
59.593750,6,2179,2179,15,5,-26,-22,-24
59.597656,6,2179,2179,15,5,-26,-22,-24
59.601562,6,2179,2179,15,5,-27,-22,-24
59.605469,6,2179,2179,15,5,-26,-22,-24
59.609375,6,2179,2179,15,4,-26,-22,-24
59.613281,6,2179,2179,15,5,-26,-22,-24
59.617188,6,2179,2179,15,5,-27,-22,-24
59.621094,6,2179,2179,15,5,-26,-22,-24
59.625000,6,2179,2179,15,5,-27,-22,-24
59.628906,6,2179,2179,15,5,-27,-22,-24
59.632812,6,2179,2179,16,5,-26,-22,-24
59.636719,7,2179,2179,16,5,-26,-22,-24
59.640625,7,2179,2179,16,5,-26,-22,-24
59.644531,7,2179,2179,16,5,-26,-22,-24
59.648438,7,2179,2179,16,5,-26,-23,-24
59.652344,7,2179,2179,16,5,-26,-21,-24
59.656250,7,2179,2179,15,5,-26,-21,-24
59.660156,7,2179,2179,15,4,-26,-21,-24
59.664062,7,2179,2179,16,5,-26,-21,-24
59.667969,8,2179,2179,15,5,-26,-21,-24
59.671875,8,2179,2179,15,5,-26,-21,-24
59.675781,8,2179,2179,15,4,-26,-21,-24
59.679688,8,2179,2179,16,4,-26,-21,-24
59.683594,8,2179,2179,16,5,-26,-21,-24
59.687500,9,2179,2179,16,5,-26,-21,-24
59.691406,9,2179,2179,15,4,-26,-21,-24
59.695312,8,2179,2179,15,4,-26,-21,-24
59.699219,8,2179,2179,16,5,-27,-22,-24
59.703125,8,2179,2179,16,5,-27,-22,-24
59.707031,8,2179,2179,15,4,-27,-22,-24
59.710938,8,2179,2179,15,4,-27,-22,-24
59.714844,8,2179,2179,16,5,-27,-22,-24
59.718750,7,2179,2179,16,5,-27,-22,-24
59.722656,8,2179,2179,16,4,-27,-22,-24
59.726562,8,2179,2179,16,4,-27,-22,-24
59.730469,8,2179,2179,16,4,-27,-22,-24
59.734375,8,2179,2179,16,5,-27,-21,-24
59.738281,8,2179,2179,16,5,-26,-22,-24
59.742188,8,2179,2179,16,5,-27,-22,-24
59.746094,7,2179,2179,16,5,-27,-21,-24
59.750000,7,2179,2179,16,5,-26,-21,-24
59.753906,7,2179,2179,16,5,-26,-21,-24
59.757812,7,2179,2179,16,5,-26,-21,-24
59.761719,7,2179,2179,16,5,-26,-21,-24
59.765625,7,2179,2179,16,5,-26,-21,-24
59.769531,7,2179,2179,16,5,-26,-21,-24
59.773438,8,2179,2179,16,5,-26,-21,-24
59.777344,8,2179,2179,16,5,-26,-21,-24
59.781250,7,2179,2179,16,5,-26,-22,-24
59.785156,7,2179,2179,16,5,-26,-21,-24
59.789062,8,2179,2179,16,5,-26,-22,-24
59.792969,8,2179,2179,16,5,-26,-21,-24
59.796875,8,2179,2179,16,4,-26,-21,-24
59.800781,8,2179,2179,16,5,-26,-22,-24
59.804688,8,2179,2179,16,5,-26,-22,-24
59.808594,8,2179,2179,15,4,-26,-22,-24
59.812500,7,2179,2179,16,5,-27,-22,-24
59.816406,7,2179,2179,16,5,-27,-22,-24
59.820312,7,2179,2179,16,5,-27,-22,-24
59.824219,7,2179,2179,16,5,-27,-22,-24
59.828125,7,2179,2179,16,5,-27,-22,-24
59.832031,7,2179,2179,16,5,-27,-22,-24
59.835938,7,2179,2179,16,5,-26,-22,-24
59.839844,7,2179,2179,15,5,-26,-22,-24
59.843750,7,2179,2179,15,4,-27,-22,-24
59.847656,6,2179,2179,16,5,-26,-22,-24
59.851562,6,2179,2179,16,5,-26,-22,-24
59.855469,6,2179,2179,15,4,-26,-22,-24
59.859375,6,2179,2179,15,4,-26,-21,-24
59.863281,6,2179,2179,15,4,-27,-21,-24
59.867188,6,2179,2179,15,4,-26,-21,-24
59.871094,6,2179,2179,15,4,-26,-21,-24
59.875000,6,2179,2179,15,4,-26,-21,-24
59.878906,6,2179,2179,15,4,-26,-21,-24
59.882812,6,2179,2179,15,5,-26,-21,-24
59.886719,7,2179,2179,15,4,-26,-21,-24
59.890625,7,2179,2179,15,4,-26,-21,-23
59.894531,7,2179,2179,15,4,-26,-21,-24
59.898438,6,2179,2179,15,4,-26,-21,-24
59.902344,6,2179,2179,15,4,-26,-21,-24
59.906250,6,2179,2179,15,4,-26,-21,-24
59.910156,6,2179,2179,15,4,-26,-21,-24
59.914062,6,2179,2179,16,5,-26,-21,-24
59.917969,6,2179,2179,16,5,-26,-21,-24
59.921875,6,2179,2179,16,5,-26,-21,-24
59.925781,6,2179,2179,16,5,-26,-21,-24
59.929688,5,2179,2179,16,5,-26,-21,-24
59.933594,5,2179,2179,16,6,-26,-22,-24
59.937500,6,2179,2179,16,5,-27,-21,-24
59.941406,6,2179,2179,16,5,-27,-21,-24
59.945312,5,2179,2179,16,5,-27,-21,-24
59.949219,5,2179,2179,16,5,-26,-21,-24
59.953125,5,2179,2179,16,5,-27,-22,-24
59.957031,6,2179,2179,15,5,-26,-21,-24
59.960938,6,2179,2179,15,5,-26,-21,-24
59.964844,6,2179,2179,15,5,-26,-21,-24
59.968750,6,2179,2179,15,5,-26,-22,-24
59.972656,6,2179,2179,15,5,-26,-21,-24
59.976562,7,2179,2179,15,5,-26,-22,-24
59.980469,7,2179,2179,16,5,-26,-21,-24
59.984375,7,2179,2179,16,5,-26,-22,-24
59.988281,7,2179,2179,16,5,-26,-21,-24
59.992188,8,2179,2179,16,5,-26,-21,-24
59.996094,8,2179,2179,16,5,-26,-21,-24
